algo,DE,ES,GWO,HC,PSO,SA,WOA
DE,0.000000,1.444281,0.955236,1.118566,1.119090,1.078573,0.506128
ES,1.444281,0.000000,1.083501,1.457491,0.966943,1.513308,0.991414
GWO,0.955236,1.083501,0.000000,1.728852,0.082015,1.707916,0.604279
HC,1.118566,1.457491,1.728852,0.000000,1.731205,0.051162,1.633226
PSO,1.119090,0.966943,0.082015,1.731205,0.000000,1.725127,0.708097
SA,1.078573,1.513308,1.707916,0.051162,1.725127,-0.000000,1.562801
WOA,0.506128,0.991414,0.604279,1.633226,0.708097,1.562801,0.000000
