instance_id,problem,domain,target,budget,algo,run_idx,best,success,evals
sphere_d20_i000,sphere,cont,0.001,2000,RS_CONT,0,67.26361691651555,0,2000
sphere_d20_i000,sphere,cont,0.001,2000,RS_CONT,1,68.81243677705449,0,2000
sphere_d20_i000,sphere,cont,0.001,2000,RS_CONT,2,66.66285170714238,0,2000
sphere_d20_i000,sphere,cont,0.001,2000,RS_CONT,3,71.90780955989992,0,2000
sphere_d20_i000,sphere,cont,0.001,2000,RS_CONT,4,66.28510505905581,0,2000
sphere_d20_i000,sphere,cont,0.001,2000,RS_CONT,5,62.004386669958286,0,2000
sphere_d20_i000,sphere,cont,0.001,2000,RS_CONT,6,71.82212509106937,0,2000
sphere_d20_i000,sphere,cont,0.001,2000,RS_CONT,7,58.69752688209945,0,2000
sphere_d20_i000,sphere,cont,0.001,2000,RS_CONT,8,67.9206825268869,0,2000
sphere_d20_i000,sphere,cont,0.001,2000,RS_CONT,9,74.26728330948917,0,2000
sphere_d20_i000,sphere,cont,0.001,2000,RS_CONT,10,59.43818833937143,0,2000
sphere_d20_i000,sphere,cont,0.001,2000,RS_CONT,11,67.40167590079825,0,2000
sphere_d20_i000,sphere,cont,0.001,2000,RS_CONT,12,70.63729726011906,0,2000
sphere_d20_i000,sphere,cont,0.001,2000,RS_CONT,13,61.9229225947932,0,2000
sphere_d20_i000,sphere,cont,0.001,2000,RS_CONT,14,68.32383398758762,0,2000
sphere_d20_i000,sphere,cont,0.001,2000,RS_CONT,15,65.21343319630849,0,2000
sphere_d20_i000,sphere,cont,0.001,2000,RS_CONT,16,52.57150736406692,0,2000
sphere_d20_i000,sphere,cont,0.001,2000,RS_CONT,17,55.17804451545906,0,2000
sphere_d20_i000,sphere,cont,0.001,2000,RS_CONT,18,72.13596376511731,0,2000
sphere_d20_i000,sphere,cont,0.001,2000,RS_CONT,19,61.2825170766944,0,2000
sphere_d20_i000,sphere,cont,0.001,2000,RS_CONT,20,62.36658153602823,0,2000
sphere_d20_i000,sphere,cont,0.001,2000,RS_CONT,21,51.269623586250724,0,2000
sphere_d20_i000,sphere,cont,0.001,2000,RS_CONT,22,63.62517973363,0,2000
sphere_d20_i000,sphere,cont,0.001,2000,RS_CONT,23,63.653341642844296,0,2000
sphere_d20_i000,sphere,cont,0.001,2000,RS_CONT,24,57.23822793979921,0,2000
sphere_d20_i000,sphere,cont,0.001,2000,RS_CONT,25,66.55811551553285,0,2000
sphere_d20_i000,sphere,cont,0.001,2000,RS_CONT,26,54.58721951351656,0,2000
sphere_d20_i000,sphere,cont,0.001,2000,RS_CONT,27,79.82229762260177,0,2000
sphere_d20_i000,sphere,cont,0.001,2000,RS_CONT,28,53.984093370989626,0,2000
sphere_d20_i000,sphere,cont,0.001,2000,RS_CONT,29,53.232536618603916,0,2000
sphere_d20_i000,sphere,cont,0.001,2000,PSO_STD,0,0.3999925261175319,0,2000
sphere_d20_i000,sphere,cont,0.001,2000,PSO_STD,1,0.29137554628640056,0,2000
sphere_d20_i000,sphere,cont,0.001,2000,PSO_STD,2,0.4780512856697785,0,2000
sphere_d20_i000,sphere,cont,0.001,2000,PSO_STD,3,0.27833887802403284,0,2000
sphere_d20_i000,sphere,cont,0.001,2000,PSO_STD,4,0.5603827037428348,0,2000
sphere_d20_i000,sphere,cont,0.001,2000,PSO_STD,5,0.26313230726582415,0,2000
sphere_d20_i000,sphere,cont,0.001,2000,PSO_STD,6,0.42772044062364606,0,2000
sphere_d20_i000,sphere,cont,0.001,2000,PSO_STD,7,0.2735756953028152,0,2000
sphere_d20_i000,sphere,cont,0.001,2000,PSO_STD,8,0.4705861499900231,0,2000
sphere_d20_i000,sphere,cont,0.001,2000,PSO_STD,9,0.4963955755604412,0,2000
sphere_d20_i000,sphere,cont,0.001,2000,PSO_STD,10,0.42554753820787516,0,2000
sphere_d20_i000,sphere,cont,0.001,2000,PSO_STD,11,0.8662328192728603,0,2000
sphere_d20_i000,sphere,cont,0.001,2000,PSO_STD,12,0.28441756957793535,0,2000
sphere_d20_i000,sphere,cont,0.001,2000,PSO_STD,13,0.3145327281823796,0,2000
sphere_d20_i000,sphere,cont,0.001,2000,PSO_STD,14,0.5817302427440814,0,2000
sphere_d20_i000,sphere,cont,0.001,2000,PSO_STD,15,0.7567204951578668,0,2000
sphere_d20_i000,sphere,cont,0.001,2000,PSO_STD,16,0.5263877952608058,0,2000
sphere_d20_i000,sphere,cont,0.001,2000,PSO_STD,17,0.5574216530081316,0,2000
sphere_d20_i000,sphere,cont,0.001,2000,PSO_STD,18,0.17306100242535938,0,2000
sphere_d20_i000,sphere,cont,0.001,2000,PSO_STD,19,1.6767040291956798,0,2000
sphere_d20_i000,sphere,cont,0.001,2000,PSO_STD,20,0.5607017317995252,0,2000
sphere_d20_i000,sphere,cont,0.001,2000,PSO_STD,21,1.6663791424330094,0,2000
sphere_d20_i000,sphere,cont,0.001,2000,PSO_STD,22,0.5244696402366931,0,2000
sphere_d20_i000,sphere,cont,0.001,2000,PSO_STD,23,0.531917200272606,0,2000
sphere_d20_i000,sphere,cont,0.001,2000,PSO_STD,24,0.6127610783735261,0,2000
sphere_d20_i000,sphere,cont,0.001,2000,PSO_STD,25,0.5850434893701328,0,2000
sphere_d20_i000,sphere,cont,0.001,2000,PSO_STD,26,0.4512496877235318,0,2000
sphere_d20_i000,sphere,cont,0.001,2000,PSO_STD,27,0.24538792021322658,0,2000
sphere_d20_i000,sphere,cont,0.001,2000,PSO_STD,28,0.3308693238549195,0,2000
sphere_d20_i000,sphere,cont,0.001,2000,PSO_STD,29,0.3334975132077828,0,2000
sphere_d20_i000,sphere,cont,0.001,2000,PSO_RING,0,3.311494039604801,0,2000
sphere_d20_i000,sphere,cont,0.001,2000,PSO_RING,1,5.776297535895048,0,2000
sphere_d20_i000,sphere,cont,0.001,2000,PSO_RING,2,3.1146042834293817,0,2000
sphere_d20_i000,sphere,cont,0.001,2000,PSO_RING,3,6.0119539659935235,0,2000
sphere_d20_i000,sphere,cont,0.001,2000,PSO_RING,4,3.98413303447052,0,2000
sphere_d20_i000,sphere,cont,0.001,2000,PSO_RING,5,5.165607038671588,0,2000
sphere_d20_i000,sphere,cont,0.001,2000,PSO_RING,6,1.9962631227526775,0,2000
sphere_d20_i000,sphere,cont,0.001,2000,PSO_RING,7,5.292972836880203,0,2000
sphere_d20_i000,sphere,cont,0.001,2000,PSO_RING,8,4.843176333190235,0,2000
sphere_d20_i000,sphere,cont,0.001,2000,PSO_RING,9,3.155451427805665,0,2000
sphere_d20_i000,sphere,cont,0.001,2000,PSO_RING,10,4.092230356482568,0,2000
sphere_d20_i000,sphere,cont,0.001,2000,PSO_RING,11,2.939352912887008,0,2000
sphere_d20_i000,sphere,cont,0.001,2000,PSO_RING,12,4.612238056129812,0,2000
sphere_d20_i000,sphere,cont,0.001,2000,PSO_RING,13,3.99376636558197,0,2000
sphere_d20_i000,sphere,cont,0.001,2000,PSO_RING,14,8.8007448653144,0,2000
sphere_d20_i000,sphere,cont,0.001,2000,PSO_RING,15,3.62928899621072,0,2000
sphere_d20_i000,sphere,cont,0.001,2000,PSO_RING,16,3.8420324478822847,0,2000
sphere_d20_i000,sphere,cont,0.001,2000,PSO_RING,17,3.232197345192338,0,2000
sphere_d20_i000,sphere,cont,0.001,2000,PSO_RING,18,3.7784063275308037,0,2000
sphere_d20_i000,sphere,cont,0.001,2000,PSO_RING,19,3.063741119737993,0,2000
sphere_d20_i000,sphere,cont,0.001,2000,PSO_RING,20,3.716099743367323,0,2000
sphere_d20_i000,sphere,cont,0.001,2000,PSO_RING,21,1.7640986424945297,0,2000
sphere_d20_i000,sphere,cont,0.001,2000,PSO_RING,22,3.4319194702908566,0,2000
sphere_d20_i000,sphere,cont,0.001,2000,PSO_RING,23,3.8599256399237203,0,2000
sphere_d20_i000,sphere,cont,0.001,2000,PSO_RING,24,6.213873142574728,0,2000
sphere_d20_i000,sphere,cont,0.001,2000,PSO_RING,25,4.041106468284096,0,2000
sphere_d20_i000,sphere,cont,0.001,2000,PSO_RING,26,3.3175586844065923,0,2000
sphere_d20_i000,sphere,cont,0.001,2000,PSO_RING,27,6.9291278850620435,0,2000
sphere_d20_i000,sphere,cont,0.001,2000,PSO_RING,28,3.3967219762149448,0,2000
sphere_d20_i000,sphere,cont,0.001,2000,PSO_RING,29,7.735273135219045,0,2000
sphere_d20_i000,sphere,cont,0.001,2000,DE,0,31.351597503263086,0,2000
sphere_d20_i000,sphere,cont,0.001,2000,DE,1,39.93472101294196,0,2000
sphere_d20_i000,sphere,cont,0.001,2000,DE,2,52.471280307299466,0,2000
sphere_d20_i000,sphere,cont,0.001,2000,DE,3,45.86124019354371,0,2000
sphere_d20_i000,sphere,cont,0.001,2000,DE,4,32.117899800829306,0,2000
sphere_d20_i000,sphere,cont,0.001,2000,DE,5,19.462558063929013,0,2000
sphere_d20_i000,sphere,cont,0.001,2000,DE,6,26.635859899211802,0,2000
sphere_d20_i000,sphere,cont,0.001,2000,DE,7,51.01079805785456,0,2000
sphere_d20_i000,sphere,cont,0.001,2000,DE,8,21.05227498493037,0,2000
sphere_d20_i000,sphere,cont,0.001,2000,DE,9,50.56941068373229,0,2000
sphere_d20_i000,sphere,cont,0.001,2000,DE,10,40.854488598630034,0,2000
sphere_d20_i000,sphere,cont,0.001,2000,DE,11,26.748525311994197,0,2000
sphere_d20_i000,sphere,cont,0.001,2000,DE,12,26.349429384821285,0,2000
sphere_d20_i000,sphere,cont,0.001,2000,DE,13,55.791138527793755,0,2000
sphere_d20_i000,sphere,cont,0.001,2000,DE,14,25.0062980215952,0,2000
sphere_d20_i000,sphere,cont,0.001,2000,DE,15,29.25860236740851,0,2000
sphere_d20_i000,sphere,cont,0.001,2000,DE,16,28.79957059558958,0,2000
sphere_d20_i000,sphere,cont,0.001,2000,DE,17,43.478973146390075,0,2000
sphere_d20_i000,sphere,cont,0.001,2000,DE,18,56.08384326577974,0,2000
sphere_d20_i000,sphere,cont,0.001,2000,DE,19,56.37260440146945,0,2000
sphere_d20_i000,sphere,cont,0.001,2000,DE,20,32.77231181494259,0,2000
sphere_d20_i000,sphere,cont,0.001,2000,DE,21,24.91360828928786,0,2000
sphere_d20_i000,sphere,cont,0.001,2000,DE,22,21.591901505738562,0,2000
sphere_d20_i000,sphere,cont,0.001,2000,DE,23,31.66325952841031,0,2000
sphere_d20_i000,sphere,cont,0.001,2000,DE,24,45.25464627254318,0,2000
sphere_d20_i000,sphere,cont,0.001,2000,DE,25,29.971586071944813,0,2000
sphere_d20_i000,sphere,cont,0.001,2000,DE,26,32.811603608693716,0,2000
sphere_d20_i000,sphere,cont,0.001,2000,DE,27,38.09565955851291,0,2000
sphere_d20_i000,sphere,cont,0.001,2000,DE,28,44.672685108565986,0,2000
sphere_d20_i000,sphere,cont,0.001,2000,DE,29,33.19056746422408,0,2000
rastrigin_d5_i001,rastrigin,cont,5.0,2000,RS_CONT,0,24.46153732355192,0,2000
rastrigin_d5_i001,rastrigin,cont,5.0,2000,RS_CONT,1,22.281277653972644,0,2000
rastrigin_d5_i001,rastrigin,cont,5.0,2000,RS_CONT,2,30.503542351181867,0,2000
rastrigin_d5_i001,rastrigin,cont,5.0,2000,RS_CONT,3,24.631631338572305,0,2000
rastrigin_d5_i001,rastrigin,cont,5.0,2000,RS_CONT,4,28.24929728721915,0,2000
rastrigin_d5_i001,rastrigin,cont,5.0,2000,RS_CONT,5,28.100093113038625,0,2000
rastrigin_d5_i001,rastrigin,cont,5.0,2000,RS_CONT,6,21.47456195043341,0,2000
rastrigin_d5_i001,rastrigin,cont,5.0,2000,RS_CONT,7,22.89129753229409,0,2000
rastrigin_d5_i001,rastrigin,cont,5.0,2000,RS_CONT,8,12.803586070441725,0,2000
rastrigin_d5_i001,rastrigin,cont,5.0,2000,RS_CONT,9,30.176083983795046,0,2000
rastrigin_d5_i001,rastrigin,cont,5.0,2000,RS_CONT,10,19.56280387047107,0,2000
rastrigin_d5_i001,rastrigin,cont,5.0,2000,RS_CONT,11,21.7799177483529,0,2000
rastrigin_d5_i001,rastrigin,cont,5.0,2000,RS_CONT,12,17.06298175637552,0,2000
rastrigin_d5_i001,rastrigin,cont,5.0,2000,RS_CONT,13,28.774888214299175,0,2000
rastrigin_d5_i001,rastrigin,cont,5.0,2000,RS_CONT,14,16.703973347447217,0,2000
rastrigin_d5_i001,rastrigin,cont,5.0,2000,RS_CONT,15,25.86565161358279,0,2000
rastrigin_d5_i001,rastrigin,cont,5.0,2000,RS_CONT,16,21.759070151398074,0,2000
rastrigin_d5_i001,rastrigin,cont,5.0,2000,RS_CONT,17,17.135604832129715,0,2000
rastrigin_d5_i001,rastrigin,cont,5.0,2000,RS_CONT,18,27.216830535002128,0,2000
rastrigin_d5_i001,rastrigin,cont,5.0,2000,RS_CONT,19,19.99795216919585,0,2000
rastrigin_d5_i001,rastrigin,cont,5.0,2000,RS_CONT,20,21.353975230600298,0,2000
rastrigin_d5_i001,rastrigin,cont,5.0,2000,RS_CONT,21,23.236232825059357,0,2000
rastrigin_d5_i001,rastrigin,cont,5.0,2000,RS_CONT,22,19.387591681597822,0,2000
rastrigin_d5_i001,rastrigin,cont,5.0,2000,RS_CONT,23,25.491199500201,0,2000
rastrigin_d5_i001,rastrigin,cont,5.0,2000,RS_CONT,24,17.665685290287612,0,2000
rastrigin_d5_i001,rastrigin,cont,5.0,2000,RS_CONT,25,25.946793975899116,0,2000
rastrigin_d5_i001,rastrigin,cont,5.0,2000,RS_CONT,26,16.13196105230039,0,2000
rastrigin_d5_i001,rastrigin,cont,5.0,2000,RS_CONT,27,24.444833265177458,0,2000
rastrigin_d5_i001,rastrigin,cont,5.0,2000,RS_CONT,28,22.322473045028485,0,2000
rastrigin_d5_i001,rastrigin,cont,5.0,2000,RS_CONT,29,18.450178055007843,0,2000
rastrigin_d5_i001,rastrigin,cont,5.0,2000,PSO_STD,0,4.9898863275884935,1,1680
rastrigin_d5_i001,rastrigin,cont,5.0,2000,PSO_STD,1,4.132447843074118,1,1470
rastrigin_d5_i001,rastrigin,cont,5.0,2000,PSO_STD,2,3.7782912413131555,1,1710
rastrigin_d5_i001,rastrigin,cont,5.0,2000,PSO_STD,3,3.886712298004916,1,990
rastrigin_d5_i001,rastrigin,cont,5.0,2000,PSO_STD,4,4.931087902938174,1,1200
rastrigin_d5_i001,rastrigin,cont,5.0,2000,PSO_STD,5,8.076134743270664,0,2000
rastrigin_d5_i001,rastrigin,cont,5.0,2000,PSO_STD,6,4.775387873927457,1,840
rastrigin_d5_i001,rastrigin,cont,5.0,2000,PSO_STD,7,4.814512056783791,1,1830
rastrigin_d5_i001,rastrigin,cont,5.0,2000,PSO_STD,8,4.4625989595306095,1,1470
rastrigin_d5_i001,rastrigin,cont,5.0,2000,PSO_STD,9,14.938034159495665,0,2000
rastrigin_d5_i001,rastrigin,cont,5.0,2000,PSO_STD,10,5.071349445682365,0,2000
rastrigin_d5_i001,rastrigin,cont,5.0,2000,PSO_STD,11,4.667725169098659,1,750
rastrigin_d5_i001,rastrigin,cont,5.0,2000,PSO_STD,12,3.3493989510583333,1,1920
rastrigin_d5_i001,rastrigin,cont,5.0,2000,PSO_STD,13,6.0522599811597,0,2000
rastrigin_d5_i001,rastrigin,cont,5.0,2000,PSO_STD,14,3.0516514409840525,1,990
rastrigin_d5_i001,rastrigin,cont,5.0,2000,PSO_STD,15,4.653037200927308,1,1110
rastrigin_d5_i001,rastrigin,cont,5.0,2000,PSO_STD,16,1.9351000103150326,1,840
rastrigin_d5_i001,rastrigin,cont,5.0,2000,PSO_STD,17,4.605918382188165,1,1740
rastrigin_d5_i001,rastrigin,cont,5.0,2000,PSO_STD,18,4.983348295534711,1,1650
rastrigin_d5_i001,rastrigin,cont,5.0,2000,PSO_STD,19,3.902034201265849,1,1260
rastrigin_d5_i001,rastrigin,cont,5.0,2000,PSO_STD,20,4.999336214561772,1,1230
rastrigin_d5_i001,rastrigin,cont,5.0,2000,PSO_STD,21,4.6651999462876645,1,1410
rastrigin_d5_i001,rastrigin,cont,5.0,2000,PSO_STD,22,3.595197647735212,1,660
rastrigin_d5_i001,rastrigin,cont,5.0,2000,PSO_STD,23,3.3364385094498274,1,1410
rastrigin_d5_i001,rastrigin,cont,5.0,2000,PSO_STD,24,3.855196991943899,1,630
rastrigin_d5_i001,rastrigin,cont,5.0,2000,PSO_STD,25,6.1553527285743,0,2000
rastrigin_d5_i001,rastrigin,cont,5.0,2000,PSO_STD,26,4.708312876679209,1,1290
rastrigin_d5_i001,rastrigin,cont,5.0,2000,PSO_STD,27,5.244755862970166,0,2000
rastrigin_d5_i001,rastrigin,cont,5.0,2000,PSO_STD,28,5.042637538363039,0,2000
rastrigin_d5_i001,rastrigin,cont,5.0,2000,PSO_STD,29,4.599132731608719,1,1530
rastrigin_d5_i001,rastrigin,cont,5.0,2000,PSO_RING,0,8.386171567764961,0,2000
rastrigin_d5_i001,rastrigin,cont,5.0,2000,PSO_RING,1,7.15747001479739,0,2000
rastrigin_d5_i001,rastrigin,cont,5.0,2000,PSO_RING,2,4.7177955278127754,1,1320
rastrigin_d5_i001,rastrigin,cont,5.0,2000,PSO_RING,3,4.941027616397406,1,1740
rastrigin_d5_i001,rastrigin,cont,5.0,2000,PSO_RING,4,4.28676658351182,1,1860
rastrigin_d5_i001,rastrigin,cont,5.0,2000,PSO_RING,5,7.545623773259145,0,2000
rastrigin_d5_i001,rastrigin,cont,5.0,2000,PSO_RING,6,6.3779292517168855,0,2000
rastrigin_d5_i001,rastrigin,cont,5.0,2000,PSO_RING,7,4.96750330081052,1,960
rastrigin_d5_i001,rastrigin,cont,5.0,2000,PSO_RING,8,4.098246355575277,1,1860
rastrigin_d5_i001,rastrigin,cont,5.0,2000,PSO_RING,9,10.17612488976846,0,2000
rastrigin_d5_i001,rastrigin,cont,5.0,2000,PSO_RING,10,5.561325348234774,0,2000
rastrigin_d5_i001,rastrigin,cont,5.0,2000,PSO_RING,11,5.268631563416278,0,2000
rastrigin_d5_i001,rastrigin,cont,5.0,2000,PSO_RING,12,7.048848910675346,0,2000
rastrigin_d5_i001,rastrigin,cont,5.0,2000,PSO_RING,13,5.663727261158797,0,2000
rastrigin_d5_i001,rastrigin,cont,5.0,2000,PSO_RING,14,5.232013770290322,0,2000
rastrigin_d5_i001,rastrigin,cont,5.0,2000,PSO_RING,15,9.013687768287738,0,2000
rastrigin_d5_i001,rastrigin,cont,5.0,2000,PSO_RING,16,4.9301763043154665,1,750
rastrigin_d5_i001,rastrigin,cont,5.0,2000,PSO_RING,17,8.08693059569913,0,2000
rastrigin_d5_i001,rastrigin,cont,5.0,2000,PSO_RING,18,4.919415167459434,1,1410
rastrigin_d5_i001,rastrigin,cont,5.0,2000,PSO_RING,19,9.017024467502928,0,2000
rastrigin_d5_i001,rastrigin,cont,5.0,2000,PSO_RING,20,7.4352212469961,0,2000
rastrigin_d5_i001,rastrigin,cont,5.0,2000,PSO_RING,21,8.10473636501375,0,2000
rastrigin_d5_i001,rastrigin,cont,5.0,2000,PSO_RING,22,4.367786002227653,1,1860
rastrigin_d5_i001,rastrigin,cont,5.0,2000,PSO_RING,23,7.258770286989716,0,2000
rastrigin_d5_i001,rastrigin,cont,5.0,2000,PSO_RING,24,5.2091799258054365,0,2000
rastrigin_d5_i001,rastrigin,cont,5.0,2000,PSO_RING,25,3.84313049627589,1,1380
rastrigin_d5_i001,rastrigin,cont,5.0,2000,PSO_RING,26,5.20547080744133,0,2000
rastrigin_d5_i001,rastrigin,cont,5.0,2000,PSO_RING,27,2.8186620026286207,1,1320
rastrigin_d5_i001,rastrigin,cont,5.0,2000,PSO_RING,28,2.7129255671415535,1,870
rastrigin_d5_i001,rastrigin,cont,5.0,2000,PSO_RING,29,4.770344282271083,1,870
rastrigin_d5_i001,rastrigin,cont,5.0,2000,DE,0,21.87707114081834,0,2000
rastrigin_d5_i001,rastrigin,cont,5.0,2000,DE,1,13.323734513851605,0,2000
rastrigin_d5_i001,rastrigin,cont,5.0,2000,DE,2,10.739627838137281,0,2000
rastrigin_d5_i001,rastrigin,cont,5.0,2000,DE,3,12.127847381909547,0,2000
rastrigin_d5_i001,rastrigin,cont,5.0,2000,DE,4,16.530885654601413,0,2000
rastrigin_d5_i001,rastrigin,cont,5.0,2000,DE,5,13.912714994685459,0,2000
rastrigin_d5_i001,rastrigin,cont,5.0,2000,DE,6,9.245657154211557,0,2000
rastrigin_d5_i001,rastrigin,cont,5.0,2000,DE,7,14.075341936890311,0,2000
rastrigin_d5_i001,rastrigin,cont,5.0,2000,DE,8,7.465919803344853,0,2000
rastrigin_d5_i001,rastrigin,cont,5.0,2000,DE,9,10.20544757334072,0,2000
rastrigin_d5_i001,rastrigin,cont,5.0,2000,DE,10,8.628058009340279,0,2000
rastrigin_d5_i001,rastrigin,cont,5.0,2000,DE,11,11.367979386887548,0,2000
rastrigin_d5_i001,rastrigin,cont,5.0,2000,DE,12,6.786845329314012,0,2000
rastrigin_d5_i001,rastrigin,cont,5.0,2000,DE,13,13.035898732366789,0,2000
rastrigin_d5_i001,rastrigin,cont,5.0,2000,DE,14,14.369127434655624,0,2000
rastrigin_d5_i001,rastrigin,cont,5.0,2000,DE,15,19.816625118999347,0,2000
rastrigin_d5_i001,rastrigin,cont,5.0,2000,DE,16,15.593169465374231,0,2000
rastrigin_d5_i001,rastrigin,cont,5.0,2000,DE,17,14.051993954067342,0,2000
rastrigin_d5_i001,rastrigin,cont,5.0,2000,DE,18,11.220012983242754,0,2000
rastrigin_d5_i001,rastrigin,cont,5.0,2000,DE,19,13.746887709175809,0,2000
rastrigin_d5_i001,rastrigin,cont,5.0,2000,DE,20,12.775187537025722,0,2000
rastrigin_d5_i001,rastrigin,cont,5.0,2000,DE,21,4.908696171102093,1,1800
rastrigin_d5_i001,rastrigin,cont,5.0,2000,DE,22,11.667256819371183,0,2000
rastrigin_d5_i001,rastrigin,cont,5.0,2000,DE,23,16.375310820008202,0,2000
rastrigin_d5_i001,rastrigin,cont,5.0,2000,DE,24,8.591542055154157,0,2000
rastrigin_d5_i001,rastrigin,cont,5.0,2000,DE,25,14.182348428481582,0,2000
rastrigin_d5_i001,rastrigin,cont,5.0,2000,DE,26,8.26228745117912,0,2000
rastrigin_d5_i001,rastrigin,cont,5.0,2000,DE,27,9.784469911336778,0,2000
rastrigin_d5_i001,rastrigin,cont,5.0,2000,DE,28,19.574265496667763,0,2000
rastrigin_d5_i001,rastrigin,cont,5.0,2000,DE,29,15.581681825861331,0,2000
sphere_d5_i002,sphere,cont,0.001,2000,RS_CONT,0,1.705970850663276,0,2000
sphere_d5_i002,sphere,cont,0.001,2000,RS_CONT,1,2.180738506267886,0,2000
sphere_d5_i002,sphere,cont,0.001,2000,RS_CONT,2,0.8251039368019297,0,2000
sphere_d5_i002,sphere,cont,0.001,2000,RS_CONT,3,0.6136064828491885,0,2000
sphere_d5_i002,sphere,cont,0.001,2000,RS_CONT,4,1.3952245136908656,0,2000
sphere_d5_i002,sphere,cont,0.001,2000,RS_CONT,5,1.5541257337791012,0,2000
sphere_d5_i002,sphere,cont,0.001,2000,RS_CONT,6,1.1546936259170588,0,2000
sphere_d5_i002,sphere,cont,0.001,2000,RS_CONT,7,1.0145802878188765,0,2000
sphere_d5_i002,sphere,cont,0.001,2000,RS_CONT,8,2.5320002868152116,0,2000
sphere_d5_i002,sphere,cont,0.001,2000,RS_CONT,9,3.6536912775191133,0,2000
sphere_d5_i002,sphere,cont,0.001,2000,RS_CONT,10,2.448383247798,0,2000
sphere_d5_i002,sphere,cont,0.001,2000,RS_CONT,11,2.783592806367628,0,2000
sphere_d5_i002,sphere,cont,0.001,2000,RS_CONT,12,1.466757736904983,0,2000
sphere_d5_i002,sphere,cont,0.001,2000,RS_CONT,13,2.153803734702554,0,2000
sphere_d5_i002,sphere,cont,0.001,2000,RS_CONT,14,1.0765906581916196,0,2000
sphere_d5_i002,sphere,cont,0.001,2000,RS_CONT,15,1.2399105228826697,0,2000
sphere_d5_i002,sphere,cont,0.001,2000,RS_CONT,16,1.60114595562519,0,2000
sphere_d5_i002,sphere,cont,0.001,2000,RS_CONT,17,0.9918632205097518,0,2000
sphere_d5_i002,sphere,cont,0.001,2000,RS_CONT,18,2.1700562387056945,0,2000
sphere_d5_i002,sphere,cont,0.001,2000,RS_CONT,19,1.5090022315840703,0,2000
sphere_d5_i002,sphere,cont,0.001,2000,RS_CONT,20,1.4531966626830621,0,2000
sphere_d5_i002,sphere,cont,0.001,2000,RS_CONT,21,2.2817063230836188,0,2000
sphere_d5_i002,sphere,cont,0.001,2000,RS_CONT,22,2.2528036867884462,0,2000
sphere_d5_i002,sphere,cont,0.001,2000,RS_CONT,23,2.676810204410101,0,2000
sphere_d5_i002,sphere,cont,0.001,2000,RS_CONT,24,1.9718065254998631,0,2000
sphere_d5_i002,sphere,cont,0.001,2000,RS_CONT,25,2.5292950450564073,0,2000
sphere_d5_i002,sphere,cont,0.001,2000,RS_CONT,26,3.0218106611339763,0,2000
sphere_d5_i002,sphere,cont,0.001,2000,RS_CONT,27,1.8952087310364343,0,2000
sphere_d5_i002,sphere,cont,0.001,2000,RS_CONT,28,1.0681716830376922,0,2000
sphere_d5_i002,sphere,cont,0.001,2000,RS_CONT,29,1.334559399079269,0,2000
sphere_d5_i002,sphere,cont,0.001,2000,PSO_STD,0,0.00046016573958957855,1,1170
sphere_d5_i002,sphere,cont,0.001,2000,PSO_STD,1,0.0006846793866427719,1,1260
sphere_d5_i002,sphere,cont,0.001,2000,PSO_STD,2,0.0005227578393989665,1,1260
sphere_d5_i002,sphere,cont,0.001,2000,PSO_STD,3,0.0007860150814034143,1,930
sphere_d5_i002,sphere,cont,0.001,2000,PSO_STD,4,0.0008251200356308709,1,1110
sphere_d5_i002,sphere,cont,0.001,2000,PSO_STD,5,0.0007313236932734227,1,1020
sphere_d5_i002,sphere,cont,0.001,2000,PSO_STD,6,0.0009220812317632634,1,1230
sphere_d5_i002,sphere,cont,0.001,2000,PSO_STD,7,0.0009633244442171607,1,1230
sphere_d5_i002,sphere,cont,0.001,2000,PSO_STD,8,0.0007171789541154074,1,1230
sphere_d5_i002,sphere,cont,0.001,2000,PSO_STD,9,0.0009337917976648311,1,1290
sphere_d5_i002,sphere,cont,0.001,2000,PSO_STD,10,0.0005302982481229506,1,1020
sphere_d5_i002,sphere,cont,0.001,2000,PSO_STD,11,0.0005761780595990893,1,1260
sphere_d5_i002,sphere,cont,0.001,2000,PSO_STD,12,0.0004546149892833607,1,1200
sphere_d5_i002,sphere,cont,0.001,2000,PSO_STD,13,0.0008447519829616322,1,1230
sphere_d5_i002,sphere,cont,0.001,2000,PSO_STD,14,0.0009118574751347786,1,1230
sphere_d5_i002,sphere,cont,0.001,2000,PSO_STD,15,0.0006620882615138337,1,1410
sphere_d5_i002,sphere,cont,0.001,2000,PSO_STD,16,0.000567797422235831,1,1320
sphere_d5_i002,sphere,cont,0.001,2000,PSO_STD,17,0.0006798534575107267,1,1350
sphere_d5_i002,sphere,cont,0.001,2000,PSO_STD,18,0.00086768785752157,1,1530
sphere_d5_i002,sphere,cont,0.001,2000,PSO_STD,19,0.0006438853522915916,1,1380
sphere_d5_i002,sphere,cont,0.001,2000,PSO_STD,20,0.0007242822424444543,1,1080
sphere_d5_i002,sphere,cont,0.001,2000,PSO_STD,21,0.0008210297774939582,1,1200
sphere_d5_i002,sphere,cont,0.001,2000,PSO_STD,22,0.0009718243799199719,1,1440
sphere_d5_i002,sphere,cont,0.001,2000,PSO_STD,23,0.0008652880498173925,1,1260
sphere_d5_i002,sphere,cont,0.001,2000,PSO_STD,24,0.0007787369543594412,1,1080
sphere_d5_i002,sphere,cont,0.001,2000,PSO_STD,25,0.0007983006795912176,1,1260
sphere_d5_i002,sphere,cont,0.001,2000,PSO_STD,26,0.0006854122764600962,1,1380
sphere_d5_i002,sphere,cont,0.001,2000,PSO_STD,27,0.0008490554973244817,1,1230
sphere_d5_i002,sphere,cont,0.001,2000,PSO_STD,28,0.0007697290350585313,1,1320
sphere_d5_i002,sphere,cont,0.001,2000,PSO_STD,29,0.0007943419130243449,1,1200
sphere_d5_i002,sphere,cont,0.001,2000,PSO_RING,0,0.0004441266433560303,1,1410
sphere_d5_i002,sphere,cont,0.001,2000,PSO_RING,1,0.0009560170098737956,1,2000
sphere_d5_i002,sphere,cont,0.001,2000,PSO_RING,2,0.0006962441172893641,1,1710
sphere_d5_i002,sphere,cont,0.001,2000,PSO_RING,3,0.0001907165548448516,1,1650
sphere_d5_i002,sphere,cont,0.001,2000,PSO_RING,4,0.0003928214132206312,1,1830
sphere_d5_i002,sphere,cont,0.001,2000,PSO_RING,5,0.0006006502450414887,1,1710
sphere_d5_i002,sphere,cont,0.001,2000,PSO_RING,6,0.000895834533976025,1,1710
sphere_d5_i002,sphere,cont,0.001,2000,PSO_RING,7,0.0009033924553344765,1,1590
sphere_d5_i002,sphere,cont,0.001,2000,PSO_RING,8,0.0016709402860716465,0,2000
sphere_d5_i002,sphere,cont,0.001,2000,PSO_RING,9,0.0006678793494564458,1,1590
sphere_d5_i002,sphere,cont,0.001,2000,PSO_RING,10,0.0007741398732566298,1,1800
sphere_d5_i002,sphere,cont,0.001,2000,PSO_RING,11,0.0006521175096996807,1,1890
sphere_d5_i002,sphere,cont,0.001,2000,PSO_RING,12,0.0008364985666716838,1,1680
sphere_d5_i002,sphere,cont,0.001,2000,PSO_RING,13,0.0009549277728374166,1,1800
sphere_d5_i002,sphere,cont,0.001,2000,PSO_RING,14,0.000702837261443184,1,1560
sphere_d5_i002,sphere,cont,0.001,2000,PSO_RING,15,0.0009876773403924126,1,1680
sphere_d5_i002,sphere,cont,0.001,2000,PSO_RING,16,0.0006885767576044579,1,1830
sphere_d5_i002,sphere,cont,0.001,2000,PSO_RING,17,0.0007520391144248504,1,1890
sphere_d5_i002,sphere,cont,0.001,2000,PSO_RING,18,0.00045526034230651893,1,1530
sphere_d5_i002,sphere,cont,0.001,2000,PSO_RING,19,0.00040297968931778176,1,1890
sphere_d5_i002,sphere,cont,0.001,2000,PSO_RING,20,0.0003787371328402067,1,1920
sphere_d5_i002,sphere,cont,0.001,2000,PSO_RING,21,0.0004419824092583251,1,1710
sphere_d5_i002,sphere,cont,0.001,2000,PSO_RING,22,0.0006376253165792933,1,1740
sphere_d5_i002,sphere,cont,0.001,2000,PSO_RING,23,0.0005279400093238385,1,1590
sphere_d5_i002,sphere,cont,0.001,2000,PSO_RING,24,0.0005348761080917876,1,1860
sphere_d5_i002,sphere,cont,0.001,2000,PSO_RING,25,0.0007921433035584469,1,1530
sphere_d5_i002,sphere,cont,0.001,2000,PSO_RING,26,0.001999164152351959,0,2000
sphere_d5_i002,sphere,cont,0.001,2000,PSO_RING,27,0.0008724894489795626,1,1710
sphere_d5_i002,sphere,cont,0.001,2000,PSO_RING,28,0.0003328267694015195,1,1710
sphere_d5_i002,sphere,cont,0.001,2000,PSO_RING,29,0.0009678254890387064,1,1920
sphere_d5_i002,sphere,cont,0.001,2000,DE,0,0.0060808269137330685,0,2000
sphere_d5_i002,sphere,cont,0.001,2000,DE,1,0.010062390460795032,0,2000
sphere_d5_i002,sphere,cont,0.001,2000,DE,2,0.0027903997518966745,0,2000
sphere_d5_i002,sphere,cont,0.001,2000,DE,3,0.0028908481008025812,0,2000
sphere_d5_i002,sphere,cont,0.001,2000,DE,4,0.00243851396350958,0,2000
sphere_d5_i002,sphere,cont,0.001,2000,DE,5,0.0011763214756150098,0,2000
sphere_d5_i002,sphere,cont,0.001,2000,DE,6,0.00429327962616079,0,2000
sphere_d5_i002,sphere,cont,0.001,2000,DE,7,0.002040963035398998,0,2000
sphere_d5_i002,sphere,cont,0.001,2000,DE,8,0.002318138151911606,0,2000
sphere_d5_i002,sphere,cont,0.001,2000,DE,9,0.011324771557440343,0,2000
sphere_d5_i002,sphere,cont,0.001,2000,DE,10,0.006636936890198026,0,2000
sphere_d5_i002,sphere,cont,0.001,2000,DE,11,0.004073932329979652,0,2000
sphere_d5_i002,sphere,cont,0.001,2000,DE,12,0.006674781551361566,0,2000
sphere_d5_i002,sphere,cont,0.001,2000,DE,13,0.0013720201869445003,0,2000
sphere_d5_i002,sphere,cont,0.001,2000,DE,14,0.005984974423701406,0,2000
sphere_d5_i002,sphere,cont,0.001,2000,DE,15,0.0006716947523093883,1,1920
sphere_d5_i002,sphere,cont,0.001,2000,DE,16,0.005982605269601076,0,2000
sphere_d5_i002,sphere,cont,0.001,2000,DE,17,0.0010464710818821783,0,2000
sphere_d5_i002,sphere,cont,0.001,2000,DE,18,0.0018647780875861138,0,2000
sphere_d5_i002,sphere,cont,0.001,2000,DE,19,0.003281337889128367,0,2000
sphere_d5_i002,sphere,cont,0.001,2000,DE,20,0.005497334771045503,0,2000
sphere_d5_i002,sphere,cont,0.001,2000,DE,21,0.0008603729366629545,1,1920
sphere_d5_i002,sphere,cont,0.001,2000,DE,22,0.0036163044977127693,0,2000
sphere_d5_i002,sphere,cont,0.001,2000,DE,23,0.0022932859290482745,0,2000
sphere_d5_i002,sphere,cont,0.001,2000,DE,24,0.0033919341452882863,0,2000
sphere_d5_i002,sphere,cont,0.001,2000,DE,25,0.013277006684780657,0,2000
sphere_d5_i002,sphere,cont,0.001,2000,DE,26,0.001443661363973767,0,2000
sphere_d5_i002,sphere,cont,0.001,2000,DE,27,0.0017129918719906113,0,2000
sphere_d5_i002,sphere,cont,0.001,2000,DE,28,0.012175535336251132,0,2000
sphere_d5_i002,sphere,cont,0.001,2000,DE,29,0.003054136672086096,0,2000
rastrigin_d10_i003,rastrigin,cont,5.0,2000,RS_CONT,0,79.74830519062849,0,2000
rastrigin_d10_i003,rastrigin,cont,5.0,2000,RS_CONT,1,93.79658615189749,0,2000
rastrigin_d10_i003,rastrigin,cont,5.0,2000,RS_CONT,2,85.58603354198601,0,2000
rastrigin_d10_i003,rastrigin,cont,5.0,2000,RS_CONT,3,77.71663680523197,0,2000
rastrigin_d10_i003,rastrigin,cont,5.0,2000,RS_CONT,4,79.55762700991583,0,2000
rastrigin_d10_i003,rastrigin,cont,5.0,2000,RS_CONT,5,86.66001875075928,0,2000
rastrigin_d10_i003,rastrigin,cont,5.0,2000,RS_CONT,6,75.33948595482036,0,2000
rastrigin_d10_i003,rastrigin,cont,5.0,2000,RS_CONT,7,85.04298431211036,0,2000
rastrigin_d10_i003,rastrigin,cont,5.0,2000,RS_CONT,8,71.48579814120866,0,2000
rastrigin_d10_i003,rastrigin,cont,5.0,2000,RS_CONT,9,80.17365768002549,0,2000
rastrigin_d10_i003,rastrigin,cont,5.0,2000,RS_CONT,10,96.02597286386558,0,2000
rastrigin_d10_i003,rastrigin,cont,5.0,2000,RS_CONT,11,75.57403240473103,0,2000
rastrigin_d10_i003,rastrigin,cont,5.0,2000,RS_CONT,12,87.61338041936685,0,2000
rastrigin_d10_i003,rastrigin,cont,5.0,2000,RS_CONT,13,72.71648288735412,0,2000
rastrigin_d10_i003,rastrigin,cont,5.0,2000,RS_CONT,14,81.2240144256346,0,2000
rastrigin_d10_i003,rastrigin,cont,5.0,2000,RS_CONT,15,76.2085841281729,0,2000
rastrigin_d10_i003,rastrigin,cont,5.0,2000,RS_CONT,16,72.53300503799571,0,2000
rastrigin_d10_i003,rastrigin,cont,5.0,2000,RS_CONT,17,75.00531022347282,0,2000
rastrigin_d10_i003,rastrigin,cont,5.0,2000,RS_CONT,18,76.39382636443281,0,2000
rastrigin_d10_i003,rastrigin,cont,5.0,2000,RS_CONT,19,65.2569790184257,0,2000
rastrigin_d10_i003,rastrigin,cont,5.0,2000,RS_CONT,20,68.17891164671451,0,2000
rastrigin_d10_i003,rastrigin,cont,5.0,2000,RS_CONT,21,82.13673094662661,0,2000
rastrigin_d10_i003,rastrigin,cont,5.0,2000,RS_CONT,22,79.6188561794325,0,2000
rastrigin_d10_i003,rastrigin,cont,5.0,2000,RS_CONT,23,85.62365036863768,0,2000
rastrigin_d10_i003,rastrigin,cont,5.0,2000,RS_CONT,24,74.9671203419358,0,2000
rastrigin_d10_i003,rastrigin,cont,5.0,2000,RS_CONT,25,85.17329443145957,0,2000
rastrigin_d10_i003,rastrigin,cont,5.0,2000,RS_CONT,26,90.1239633016568,0,2000
rastrigin_d10_i003,rastrigin,cont,5.0,2000,RS_CONT,27,99.1051449115879,0,2000
rastrigin_d10_i003,rastrigin,cont,5.0,2000,RS_CONT,28,87.04613566127286,0,2000
rastrigin_d10_i003,rastrigin,cont,5.0,2000,RS_CONT,29,79.59992899831244,0,2000
rastrigin_d10_i003,rastrigin,cont,5.0,2000,PSO_STD,0,21.713070911416295,0,2000
rastrigin_d10_i003,rastrigin,cont,5.0,2000,PSO_STD,1,12.834410178521622,0,2000
rastrigin_d10_i003,rastrigin,cont,5.0,2000,PSO_STD,2,23.1930955794507,0,2000
rastrigin_d10_i003,rastrigin,cont,5.0,2000,PSO_STD,3,17.101761321203227,0,2000
rastrigin_d10_i003,rastrigin,cont,5.0,2000,PSO_STD,4,36.6277939607818,0,2000
rastrigin_d10_i003,rastrigin,cont,5.0,2000,PSO_STD,5,42.84841550535721,0,2000
rastrigin_d10_i003,rastrigin,cont,5.0,2000,PSO_STD,6,35.98846777738537,0,2000
rastrigin_d10_i003,rastrigin,cont,5.0,2000,PSO_STD,7,24.49835794300526,0,2000
rastrigin_d10_i003,rastrigin,cont,5.0,2000,PSO_STD,8,28.56834857746125,0,2000
rastrigin_d10_i003,rastrigin,cont,5.0,2000,PSO_STD,9,34.438630204494814,0,2000
rastrigin_d10_i003,rastrigin,cont,5.0,2000,PSO_STD,10,20.751333853609083,0,2000
rastrigin_d10_i003,rastrigin,cont,5.0,2000,PSO_STD,11,23.04779344887615,0,2000
rastrigin_d10_i003,rastrigin,cont,5.0,2000,PSO_STD,12,33.47382126823237,0,2000
rastrigin_d10_i003,rastrigin,cont,5.0,2000,PSO_STD,13,41.198201216776226,0,2000
rastrigin_d10_i003,rastrigin,cont,5.0,2000,PSO_STD,14,29.060409573826803,0,2000
rastrigin_d10_i003,rastrigin,cont,5.0,2000,PSO_STD,15,29.671587205612212,0,2000
rastrigin_d10_i003,rastrigin,cont,5.0,2000,PSO_STD,16,18.034897599285515,0,2000
rastrigin_d10_i003,rastrigin,cont,5.0,2000,PSO_STD,17,13.384346224072786,0,2000
rastrigin_d10_i003,rastrigin,cont,5.0,2000,PSO_STD,18,29.13017458109465,0,2000
rastrigin_d10_i003,rastrigin,cont,5.0,2000,PSO_STD,19,8.020422144148341,0,2000
rastrigin_d10_i003,rastrigin,cont,5.0,2000,PSO_STD,20,22.931421613060493,0,2000
rastrigin_d10_i003,rastrigin,cont,5.0,2000,PSO_STD,21,34.37479992351962,0,2000
rastrigin_d10_i003,rastrigin,cont,5.0,2000,PSO_STD,22,36.17826654658264,0,2000
rastrigin_d10_i003,rastrigin,cont,5.0,2000,PSO_STD,23,18.393157241504014,0,2000
rastrigin_d10_i003,rastrigin,cont,5.0,2000,PSO_STD,24,16.22053696800235,0,2000
rastrigin_d10_i003,rastrigin,cont,5.0,2000,PSO_STD,25,25.5081286051699,0,2000
rastrigin_d10_i003,rastrigin,cont,5.0,2000,PSO_STD,26,37.54911379134388,0,2000
rastrigin_d10_i003,rastrigin,cont,5.0,2000,PSO_STD,27,46.087670785392305,0,2000
rastrigin_d10_i003,rastrigin,cont,5.0,2000,PSO_STD,28,8.262931997242646,0,2000
rastrigin_d10_i003,rastrigin,cont,5.0,2000,PSO_STD,29,35.99597492486609,0,2000
rastrigin_d10_i003,rastrigin,cont,5.0,2000,PSO_RING,0,24.737616298157363,0,2000
rastrigin_d10_i003,rastrigin,cont,5.0,2000,PSO_RING,1,39.04962824078302,0,2000
rastrigin_d10_i003,rastrigin,cont,5.0,2000,PSO_RING,2,30.53061041255485,0,2000
rastrigin_d10_i003,rastrigin,cont,5.0,2000,PSO_RING,3,34.85937390321175,0,2000
rastrigin_d10_i003,rastrigin,cont,5.0,2000,PSO_RING,4,33.171174464701835,0,2000
rastrigin_d10_i003,rastrigin,cont,5.0,2000,PSO_RING,5,25.22517748074904,0,2000
rastrigin_d10_i003,rastrigin,cont,5.0,2000,PSO_RING,6,44.190424105225546,0,2000
rastrigin_d10_i003,rastrigin,cont,5.0,2000,PSO_RING,7,45.68658352510478,0,2000
rastrigin_d10_i003,rastrigin,cont,5.0,2000,PSO_RING,8,29.644267701075293,0,2000
rastrigin_d10_i003,rastrigin,cont,5.0,2000,PSO_RING,9,26.55192385861784,0,2000
rastrigin_d10_i003,rastrigin,cont,5.0,2000,PSO_RING,10,25.378943875988952,0,2000
rastrigin_d10_i003,rastrigin,cont,5.0,2000,PSO_RING,11,32.736960767342225,0,2000
rastrigin_d10_i003,rastrigin,cont,5.0,2000,PSO_RING,12,43.35905369724481,0,2000
rastrigin_d10_i003,rastrigin,cont,5.0,2000,PSO_RING,13,24.479953839563393,0,2000
rastrigin_d10_i003,rastrigin,cont,5.0,2000,PSO_RING,14,43.75052228203922,0,2000
rastrigin_d10_i003,rastrigin,cont,5.0,2000,PSO_RING,15,30.965097157135148,0,2000
rastrigin_d10_i003,rastrigin,cont,5.0,2000,PSO_RING,16,22.05464441042301,0,2000
rastrigin_d10_i003,rastrigin,cont,5.0,2000,PSO_RING,17,22.19460153593991,0,2000
rastrigin_d10_i003,rastrigin,cont,5.0,2000,PSO_RING,18,31.082207054638687,0,2000
rastrigin_d10_i003,rastrigin,cont,5.0,2000,PSO_RING,19,23.347023402837934,0,2000
rastrigin_d10_i003,rastrigin,cont,5.0,2000,PSO_RING,20,38.070311067776736,0,2000
rastrigin_d10_i003,rastrigin,cont,5.0,2000,PSO_RING,21,46.26319479119081,0,2000
rastrigin_d10_i003,rastrigin,cont,5.0,2000,PSO_RING,22,33.139934543970725,0,2000
rastrigin_d10_i003,rastrigin,cont,5.0,2000,PSO_RING,23,38.49007260231638,0,2000
rastrigin_d10_i003,rastrigin,cont,5.0,2000,PSO_RING,24,30.17754380397625,0,2000
rastrigin_d10_i003,rastrigin,cont,5.0,2000,PSO_RING,25,29.025578836013693,0,2000
rastrigin_d10_i003,rastrigin,cont,5.0,2000,PSO_RING,26,22.005331995694462,0,2000
rastrigin_d10_i003,rastrigin,cont,5.0,2000,PSO_RING,27,26.041347729918456,0,2000
rastrigin_d10_i003,rastrigin,cont,5.0,2000,PSO_RING,28,52.03861533942115,0,2000
rastrigin_d10_i003,rastrigin,cont,5.0,2000,PSO_RING,29,43.19325368033938,0,2000
rastrigin_d10_i003,rastrigin,cont,5.0,2000,DE,0,69.31623754248298,0,2000
rastrigin_d10_i003,rastrigin,cont,5.0,2000,DE,1,58.39866273799889,0,2000
rastrigin_d10_i003,rastrigin,cont,5.0,2000,DE,2,59.814940714046706,0,2000
rastrigin_d10_i003,rastrigin,cont,5.0,2000,DE,3,59.670527353345676,0,2000
rastrigin_d10_i003,rastrigin,cont,5.0,2000,DE,4,75.27895009948121,0,2000
rastrigin_d10_i003,rastrigin,cont,5.0,2000,DE,5,64.48015337389597,0,2000
rastrigin_d10_i003,rastrigin,cont,5.0,2000,DE,6,66.75877900207962,0,2000
rastrigin_d10_i003,rastrigin,cont,5.0,2000,DE,7,67.12198466406385,0,2000
rastrigin_d10_i003,rastrigin,cont,5.0,2000,DE,8,67.28115876842946,0,2000
rastrigin_d10_i003,rastrigin,cont,5.0,2000,DE,9,83.67647243679451,0,2000
rastrigin_d10_i003,rastrigin,cont,5.0,2000,DE,10,75.95714794823186,0,2000
rastrigin_d10_i003,rastrigin,cont,5.0,2000,DE,11,82.14808157721387,0,2000
rastrigin_d10_i003,rastrigin,cont,5.0,2000,DE,12,70.2421303184166,0,2000
rastrigin_d10_i003,rastrigin,cont,5.0,2000,DE,13,71.92319711266505,0,2000
rastrigin_d10_i003,rastrigin,cont,5.0,2000,DE,14,84.73964226438947,0,2000
rastrigin_d10_i003,rastrigin,cont,5.0,2000,DE,15,82.78364861852603,0,2000
rastrigin_d10_i003,rastrigin,cont,5.0,2000,DE,16,77.02587463089938,0,2000
rastrigin_d10_i003,rastrigin,cont,5.0,2000,DE,17,76.71854935029278,0,2000
rastrigin_d10_i003,rastrigin,cont,5.0,2000,DE,18,79.2079353997603,0,2000
rastrigin_d10_i003,rastrigin,cont,5.0,2000,DE,19,70.44704781045576,0,2000
rastrigin_d10_i003,rastrigin,cont,5.0,2000,DE,20,80.88032607701719,0,2000
rastrigin_d10_i003,rastrigin,cont,5.0,2000,DE,21,79.56712309457112,0,2000
rastrigin_d10_i003,rastrigin,cont,5.0,2000,DE,22,65.89914029848426,0,2000
rastrigin_d10_i003,rastrigin,cont,5.0,2000,DE,23,80.36955346459106,0,2000
rastrigin_d10_i003,rastrigin,cont,5.0,2000,DE,24,77.05192511559765,0,2000
rastrigin_d10_i003,rastrigin,cont,5.0,2000,DE,25,55.88760992272006,0,2000
rastrigin_d10_i003,rastrigin,cont,5.0,2000,DE,26,61.002699857587125,0,2000
rastrigin_d10_i003,rastrigin,cont,5.0,2000,DE,27,84.70012887442122,0,2000
rastrigin_d10_i003,rastrigin,cont,5.0,2000,DE,28,43.34078549159248,0,2000
rastrigin_d10_i003,rastrigin,cont,5.0,2000,DE,29,70.243361568036,0,2000
sphere_d10_i004,sphere,cont,0.001,2000,RS_CONT,0,21.99837436033687,0,2000
sphere_d10_i004,sphere,cont,0.001,2000,RS_CONT,1,10.422130958694478,0,2000
sphere_d10_i004,sphere,cont,0.001,2000,RS_CONT,2,18.292354855917882,0,2000
sphere_d10_i004,sphere,cont,0.001,2000,RS_CONT,3,15.267838998757238,0,2000
sphere_d10_i004,sphere,cont,0.001,2000,RS_CONT,4,15.008372254984154,0,2000
sphere_d10_i004,sphere,cont,0.001,2000,RS_CONT,5,23.438429114134465,0,2000
sphere_d10_i004,sphere,cont,0.001,2000,RS_CONT,6,12.13320182350903,0,2000
sphere_d10_i004,sphere,cont,0.001,2000,RS_CONT,7,19.32669389054345,0,2000
sphere_d10_i004,sphere,cont,0.001,2000,RS_CONT,8,17.971742727609694,0,2000
sphere_d10_i004,sphere,cont,0.001,2000,RS_CONT,9,18.06928704489605,0,2000
sphere_d10_i004,sphere,cont,0.001,2000,RS_CONT,10,18.371867100975003,0,2000
sphere_d10_i004,sphere,cont,0.001,2000,RS_CONT,11,16.952871410593875,0,2000
sphere_d10_i004,sphere,cont,0.001,2000,RS_CONT,12,18.55094738659046,0,2000
sphere_d10_i004,sphere,cont,0.001,2000,RS_CONT,13,12.718107633577226,0,2000
sphere_d10_i004,sphere,cont,0.001,2000,RS_CONT,14,14.318520242213397,0,2000
sphere_d10_i004,sphere,cont,0.001,2000,RS_CONT,15,18.763964317387874,0,2000
sphere_d10_i004,sphere,cont,0.001,2000,RS_CONT,16,21.152782336801117,0,2000
sphere_d10_i004,sphere,cont,0.001,2000,RS_CONT,17,14.185907713063303,0,2000
sphere_d10_i004,sphere,cont,0.001,2000,RS_CONT,18,17.60885705081785,0,2000
sphere_d10_i004,sphere,cont,0.001,2000,RS_CONT,19,15.050125130034298,0,2000
sphere_d10_i004,sphere,cont,0.001,2000,RS_CONT,20,24.62189723221798,0,2000
sphere_d10_i004,sphere,cont,0.001,2000,RS_CONT,21,15.251376592842163,0,2000
sphere_d10_i004,sphere,cont,0.001,2000,RS_CONT,22,17.324776112390023,0,2000
sphere_d10_i004,sphere,cont,0.001,2000,RS_CONT,23,18.273491798078428,0,2000
sphere_d10_i004,sphere,cont,0.001,2000,RS_CONT,24,16.728304237688324,0,2000
sphere_d10_i004,sphere,cont,0.001,2000,RS_CONT,25,20.59010643893463,0,2000
sphere_d10_i004,sphere,cont,0.001,2000,RS_CONT,26,24.00604825258751,0,2000
sphere_d10_i004,sphere,cont,0.001,2000,RS_CONT,27,14.28294515633451,0,2000
sphere_d10_i004,sphere,cont,0.001,2000,RS_CONT,28,21.92490328517862,0,2000
sphere_d10_i004,sphere,cont,0.001,2000,RS_CONT,29,17.310645571516762,0,2000
sphere_d10_i004,sphere,cont,0.001,2000,PSO_STD,0,0.004754343223654152,0,2000
sphere_d10_i004,sphere,cont,0.001,2000,PSO_STD,1,0.0008863514064582855,1,1860
sphere_d10_i004,sphere,cont,0.001,2000,PSO_STD,2,0.001039091262951208,0,2000
sphere_d10_i004,sphere,cont,0.001,2000,PSO_STD,3,0.006429343322299762,0,2000
sphere_d10_i004,sphere,cont,0.001,2000,PSO_STD,4,0.005477652165737698,0,2000
sphere_d10_i004,sphere,cont,0.001,2000,PSO_STD,5,0.002461398695742077,0,2000
sphere_d10_i004,sphere,cont,0.001,2000,PSO_STD,6,0.005790288977877945,0,2000
sphere_d10_i004,sphere,cont,0.001,2000,PSO_STD,7,0.0015011812598176896,0,2000
sphere_d10_i004,sphere,cont,0.001,2000,PSO_STD,8,0.0033508923847001713,0,2000
sphere_d10_i004,sphere,cont,0.001,2000,PSO_STD,9,0.004749011286706085,0,2000
sphere_d10_i004,sphere,cont,0.001,2000,PSO_STD,10,0.002343430433814689,0,2000
sphere_d10_i004,sphere,cont,0.001,2000,PSO_STD,11,0.0011140774791328926,0,2000
sphere_d10_i004,sphere,cont,0.001,2000,PSO_STD,12,0.0008575141611146944,1,1950
sphere_d10_i004,sphere,cont,0.001,2000,PSO_STD,13,0.0013566067915294188,0,2000
sphere_d10_i004,sphere,cont,0.001,2000,PSO_STD,14,0.00521525502549134,0,2000
sphere_d10_i004,sphere,cont,0.001,2000,PSO_STD,15,0.003921604956139394,0,2000
sphere_d10_i004,sphere,cont,0.001,2000,PSO_STD,16,0.0006642268634556356,1,1830
sphere_d10_i004,sphere,cont,0.001,2000,PSO_STD,17,0.0064750623204896645,0,2000
sphere_d10_i004,sphere,cont,0.001,2000,PSO_STD,18,0.004354533532050442,0,2000
sphere_d10_i004,sphere,cont,0.001,2000,PSO_STD,19,0.0016448143886603622,0,2000
sphere_d10_i004,sphere,cont,0.001,2000,PSO_STD,20,0.004658730563295534,0,2000
sphere_d10_i004,sphere,cont,0.001,2000,PSO_STD,21,0.005159152510710412,0,2000
sphere_d10_i004,sphere,cont,0.001,2000,PSO_STD,22,0.0025505288173693014,0,2000
sphere_d10_i004,sphere,cont,0.001,2000,PSO_STD,23,0.003361884743735625,0,2000
sphere_d10_i004,sphere,cont,0.001,2000,PSO_STD,24,0.002501989539520193,0,2000
sphere_d10_i004,sphere,cont,0.001,2000,PSO_STD,25,0.006429299103239554,0,2000
sphere_d10_i004,sphere,cont,0.001,2000,PSO_STD,26,0.0013026796712383017,0,2000
sphere_d10_i004,sphere,cont,0.001,2000,PSO_STD,27,0.0063348948691298425,0,2000
sphere_d10_i004,sphere,cont,0.001,2000,PSO_STD,28,0.002948358649818533,0,2000
sphere_d10_i004,sphere,cont,0.001,2000,PSO_STD,29,0.001152471395442143,0,2000
sphere_d10_i004,sphere,cont,0.001,2000,PSO_RING,0,0.10745583512608739,0,2000
sphere_d10_i004,sphere,cont,0.001,2000,PSO_RING,1,0.13215061690586785,0,2000
sphere_d10_i004,sphere,cont,0.001,2000,PSO_RING,2,0.07150494459238275,0,2000
sphere_d10_i004,sphere,cont,0.001,2000,PSO_RING,3,0.08502082410239047,0,2000
sphere_d10_i004,sphere,cont,0.001,2000,PSO_RING,4,0.10399781142103601,0,2000
sphere_d10_i004,sphere,cont,0.001,2000,PSO_RING,5,0.16448715811808312,0,2000
sphere_d10_i004,sphere,cont,0.001,2000,PSO_RING,6,0.151475539318759,0,2000
sphere_d10_i004,sphere,cont,0.001,2000,PSO_RING,7,0.06124969977738276,0,2000
sphere_d10_i004,sphere,cont,0.001,2000,PSO_RING,8,0.09539261845500348,0,2000
sphere_d10_i004,sphere,cont,0.001,2000,PSO_RING,9,0.13311228265143965,0,2000
sphere_d10_i004,sphere,cont,0.001,2000,PSO_RING,10,0.06007068685465377,0,2000
sphere_d10_i004,sphere,cont,0.001,2000,PSO_RING,11,0.07851419077170041,0,2000
sphere_d10_i004,sphere,cont,0.001,2000,PSO_RING,12,0.07309523431703321,0,2000
sphere_d10_i004,sphere,cont,0.001,2000,PSO_RING,13,0.04148115766574078,0,2000
sphere_d10_i004,sphere,cont,0.001,2000,PSO_RING,14,0.13691265682394252,0,2000
sphere_d10_i004,sphere,cont,0.001,2000,PSO_RING,15,0.14473795207527237,0,2000
sphere_d10_i004,sphere,cont,0.001,2000,PSO_RING,16,0.09687274897317709,0,2000
sphere_d10_i004,sphere,cont,0.001,2000,PSO_RING,17,0.14342766598605713,0,2000
sphere_d10_i004,sphere,cont,0.001,2000,PSO_RING,18,0.09367509527918397,0,2000
sphere_d10_i004,sphere,cont,0.001,2000,PSO_RING,19,0.11454080769291482,0,2000
sphere_d10_i004,sphere,cont,0.001,2000,PSO_RING,20,0.07035085389020701,0,2000
sphere_d10_i004,sphere,cont,0.001,2000,PSO_RING,21,0.1040582615449285,0,2000
sphere_d10_i004,sphere,cont,0.001,2000,PSO_RING,22,0.07349709077991484,0,2000
sphere_d10_i004,sphere,cont,0.001,2000,PSO_RING,23,0.1981132717504921,0,2000
sphere_d10_i004,sphere,cont,0.001,2000,PSO_RING,24,0.12750547672742116,0,2000
sphere_d10_i004,sphere,cont,0.001,2000,PSO_RING,25,0.12097579585611186,0,2000
sphere_d10_i004,sphere,cont,0.001,2000,PSO_RING,26,0.10371844972232222,0,2000
sphere_d10_i004,sphere,cont,0.001,2000,PSO_RING,27,0.09187612837842651,0,2000
sphere_d10_i004,sphere,cont,0.001,2000,PSO_RING,28,0.1000950708937463,0,2000
sphere_d10_i004,sphere,cont,0.001,2000,PSO_RING,29,0.14640371302088823,0,2000
sphere_d10_i004,sphere,cont,0.001,2000,DE,0,2.629880938829975,0,2000
sphere_d10_i004,sphere,cont,0.001,2000,DE,1,4.804172225745189,0,2000
sphere_d10_i004,sphere,cont,0.001,2000,DE,2,2.6938084201834287,0,2000
sphere_d10_i004,sphere,cont,0.001,2000,DE,3,2.7499195499538343,0,2000
sphere_d10_i004,sphere,cont,0.001,2000,DE,4,3.0105171515632514,0,2000
sphere_d10_i004,sphere,cont,0.001,2000,DE,5,1.8452391251600098,0,2000
sphere_d10_i004,sphere,cont,0.001,2000,DE,6,5.036338664317778,0,2000
sphere_d10_i004,sphere,cont,0.001,2000,DE,7,3.5401391312766775,0,2000
sphere_d10_i004,sphere,cont,0.001,2000,DE,8,6.559243728860827,0,2000
sphere_d10_i004,sphere,cont,0.001,2000,DE,9,3.493758170311462,0,2000
sphere_d10_i004,sphere,cont,0.001,2000,DE,10,3.9094958127058157,0,2000
sphere_d10_i004,sphere,cont,0.001,2000,DE,11,2.521099401484334,0,2000
sphere_d10_i004,sphere,cont,0.001,2000,DE,12,3.7494230459684794,0,2000
sphere_d10_i004,sphere,cont,0.001,2000,DE,13,5.778730812238782,0,2000
sphere_d10_i004,sphere,cont,0.001,2000,DE,14,3.373337118148868,0,2000
sphere_d10_i004,sphere,cont,0.001,2000,DE,15,3.904020245052706,0,2000
sphere_d10_i004,sphere,cont,0.001,2000,DE,16,5.929225190371971,0,2000
sphere_d10_i004,sphere,cont,0.001,2000,DE,17,3.107429690675061,0,2000
sphere_d10_i004,sphere,cont,0.001,2000,DE,18,4.093939567627604,0,2000
sphere_d10_i004,sphere,cont,0.001,2000,DE,19,2.820896070068321,0,2000
sphere_d10_i004,sphere,cont,0.001,2000,DE,20,3.276935222267931,0,2000
sphere_d10_i004,sphere,cont,0.001,2000,DE,21,3.058298088175766,0,2000
sphere_d10_i004,sphere,cont,0.001,2000,DE,22,2.5141318159400954,0,2000
sphere_d10_i004,sphere,cont,0.001,2000,DE,23,2.3549045740223025,0,2000
sphere_d10_i004,sphere,cont,0.001,2000,DE,24,1.3615507229603743,0,2000
sphere_d10_i004,sphere,cont,0.001,2000,DE,25,1.9275831862834318,0,2000
sphere_d10_i004,sphere,cont,0.001,2000,DE,26,2.307092482207977,0,2000
sphere_d10_i004,sphere,cont,0.001,2000,DE,27,3.19295354195799,0,2000
sphere_d10_i004,sphere,cont,0.001,2000,DE,28,3.181463168885969,0,2000
sphere_d10_i004,sphere,cont,0.001,2000,DE,29,2.9986222772567506,0,2000
rastrigin_d10_i005,rastrigin,cont,5.0,2000,RS_CONT,0,91.25301721817539,0,2000
rastrigin_d10_i005,rastrigin,cont,5.0,2000,RS_CONT,1,81.69137533313608,0,2000
rastrigin_d10_i005,rastrigin,cont,5.0,2000,RS_CONT,2,90.21193509510758,0,2000
rastrigin_d10_i005,rastrigin,cont,5.0,2000,RS_CONT,3,71.18735462892556,0,2000
rastrigin_d10_i005,rastrigin,cont,5.0,2000,RS_CONT,4,78.53099718592834,0,2000
rastrigin_d10_i005,rastrigin,cont,5.0,2000,RS_CONT,5,85.82728084706544,0,2000
rastrigin_d10_i005,rastrigin,cont,5.0,2000,RS_CONT,6,85.10599259276746,0,2000
rastrigin_d10_i005,rastrigin,cont,5.0,2000,RS_CONT,7,72.04446142718272,0,2000
rastrigin_d10_i005,rastrigin,cont,5.0,2000,RS_CONT,8,90.40101069606106,0,2000
rastrigin_d10_i005,rastrigin,cont,5.0,2000,RS_CONT,9,85.2318759063372,0,2000
rastrigin_d10_i005,rastrigin,cont,5.0,2000,RS_CONT,10,70.51669441126515,0,2000
rastrigin_d10_i005,rastrigin,cont,5.0,2000,RS_CONT,11,94.9241310811492,0,2000
rastrigin_d10_i005,rastrigin,cont,5.0,2000,RS_CONT,12,82.78245771721777,0,2000
rastrigin_d10_i005,rastrigin,cont,5.0,2000,RS_CONT,13,79.57493634806049,0,2000
rastrigin_d10_i005,rastrigin,cont,5.0,2000,RS_CONT,14,79.31472351329182,0,2000
rastrigin_d10_i005,rastrigin,cont,5.0,2000,RS_CONT,15,90.6174607927751,0,2000
rastrigin_d10_i005,rastrigin,cont,5.0,2000,RS_CONT,16,78.92988879153717,0,2000
rastrigin_d10_i005,rastrigin,cont,5.0,2000,RS_CONT,17,93.26478950983469,0,2000
rastrigin_d10_i005,rastrigin,cont,5.0,2000,RS_CONT,18,77.86135994209737,0,2000
rastrigin_d10_i005,rastrigin,cont,5.0,2000,RS_CONT,19,85.65161210951582,0,2000
rastrigin_d10_i005,rastrigin,cont,5.0,2000,RS_CONT,20,63.896724313714074,0,2000
rastrigin_d10_i005,rastrigin,cont,5.0,2000,RS_CONT,21,71.95769376359728,0,2000
rastrigin_d10_i005,rastrigin,cont,5.0,2000,RS_CONT,22,84.27656331256033,0,2000
rastrigin_d10_i005,rastrigin,cont,5.0,2000,RS_CONT,23,84.32782495131585,0,2000
rastrigin_d10_i005,rastrigin,cont,5.0,2000,RS_CONT,24,80.02542625343176,0,2000
rastrigin_d10_i005,rastrigin,cont,5.0,2000,RS_CONT,25,70.80429815454751,0,2000
rastrigin_d10_i005,rastrigin,cont,5.0,2000,RS_CONT,26,88.24162816646648,0,2000
rastrigin_d10_i005,rastrigin,cont,5.0,2000,RS_CONT,27,89.07868344951149,0,2000
rastrigin_d10_i005,rastrigin,cont,5.0,2000,RS_CONT,28,82.17095509724851,0,2000
rastrigin_d10_i005,rastrigin,cont,5.0,2000,RS_CONT,29,60.11867322849598,0,2000
rastrigin_d10_i005,rastrigin,cont,5.0,2000,PSO_STD,0,37.50887117072122,0,2000
rastrigin_d10_i005,rastrigin,cont,5.0,2000,PSO_STD,1,17.068329387350914,0,2000
rastrigin_d10_i005,rastrigin,cont,5.0,2000,PSO_STD,2,19.644857767511184,0,2000
rastrigin_d10_i005,rastrigin,cont,5.0,2000,PSO_STD,3,27.65573314159691,0,2000
rastrigin_d10_i005,rastrigin,cont,5.0,2000,PSO_STD,4,34.13624930373879,0,2000
rastrigin_d10_i005,rastrigin,cont,5.0,2000,PSO_STD,5,22.995809907608134,0,2000
rastrigin_d10_i005,rastrigin,cont,5.0,2000,PSO_STD,6,31.643837169974944,0,2000
rastrigin_d10_i005,rastrigin,cont,5.0,2000,PSO_STD,7,31.47010676437894,0,2000
rastrigin_d10_i005,rastrigin,cont,5.0,2000,PSO_STD,8,6.190573199209524,0,2000
rastrigin_d10_i005,rastrigin,cont,5.0,2000,PSO_STD,9,32.53096240011075,0,2000
rastrigin_d10_i005,rastrigin,cont,5.0,2000,PSO_STD,10,23.236281337756452,0,2000
rastrigin_d10_i005,rastrigin,cont,5.0,2000,PSO_STD,11,22.160634028517194,0,2000
rastrigin_d10_i005,rastrigin,cont,5.0,2000,PSO_STD,12,40.50294130086719,0,2000
rastrigin_d10_i005,rastrigin,cont,5.0,2000,PSO_STD,13,34.67130049764606,0,2000
rastrigin_d10_i005,rastrigin,cont,5.0,2000,PSO_STD,14,17.372108296993957,0,2000
rastrigin_d10_i005,rastrigin,cont,5.0,2000,PSO_STD,15,12.197761203454988,0,2000
rastrigin_d10_i005,rastrigin,cont,5.0,2000,PSO_STD,16,9.850554905777486,0,2000
rastrigin_d10_i005,rastrigin,cont,5.0,2000,PSO_STD,17,57.97891215732952,0,2000
rastrigin_d10_i005,rastrigin,cont,5.0,2000,PSO_STD,18,41.41597454006603,0,2000
rastrigin_d10_i005,rastrigin,cont,5.0,2000,PSO_STD,19,24.09232725362355,0,2000
rastrigin_d10_i005,rastrigin,cont,5.0,2000,PSO_STD,20,34.64716060945669,0,2000
rastrigin_d10_i005,rastrigin,cont,5.0,2000,PSO_STD,21,13.062285841960815,0,2000
rastrigin_d10_i005,rastrigin,cont,5.0,2000,PSO_STD,22,35.1687026607282,0,2000
rastrigin_d10_i005,rastrigin,cont,5.0,2000,PSO_STD,23,19.40680301104622,0,2000
rastrigin_d10_i005,rastrigin,cont,5.0,2000,PSO_STD,24,17.71683575999637,0,2000
rastrigin_d10_i005,rastrigin,cont,5.0,2000,PSO_STD,25,29.00712574887862,0,2000
rastrigin_d10_i005,rastrigin,cont,5.0,2000,PSO_STD,26,25.748646533769417,0,2000
rastrigin_d10_i005,rastrigin,cont,5.0,2000,PSO_STD,27,50.56010484122799,0,2000
rastrigin_d10_i005,rastrigin,cont,5.0,2000,PSO_STD,28,28.98113844420915,0,2000
rastrigin_d10_i005,rastrigin,cont,5.0,2000,PSO_STD,29,24.76800229012629,0,2000
rastrigin_d10_i005,rastrigin,cont,5.0,2000,PSO_RING,0,21.51191083631413,0,2000
rastrigin_d10_i005,rastrigin,cont,5.0,2000,PSO_RING,1,23.089417166283965,0,2000
rastrigin_d10_i005,rastrigin,cont,5.0,2000,PSO_RING,2,30.041765016973102,0,2000
rastrigin_d10_i005,rastrigin,cont,5.0,2000,PSO_RING,3,21.545593157087538,0,2000
rastrigin_d10_i005,rastrigin,cont,5.0,2000,PSO_RING,4,15.418505555976324,0,2000
rastrigin_d10_i005,rastrigin,cont,5.0,2000,PSO_RING,5,31.411235100330188,0,2000
rastrigin_d10_i005,rastrigin,cont,5.0,2000,PSO_RING,6,33.067786185679125,0,2000
rastrigin_d10_i005,rastrigin,cont,5.0,2000,PSO_RING,7,48.47025243017732,0,2000
rastrigin_d10_i005,rastrigin,cont,5.0,2000,PSO_RING,8,28.310780637915997,0,2000
rastrigin_d10_i005,rastrigin,cont,5.0,2000,PSO_RING,9,38.75091201899681,0,2000
rastrigin_d10_i005,rastrigin,cont,5.0,2000,PSO_RING,10,40.986293273611835,0,2000
rastrigin_d10_i005,rastrigin,cont,5.0,2000,PSO_RING,11,41.76624397609007,0,2000
rastrigin_d10_i005,rastrigin,cont,5.0,2000,PSO_RING,12,29.375306234849774,0,2000
rastrigin_d10_i005,rastrigin,cont,5.0,2000,PSO_RING,13,24.80114151148493,0,2000
rastrigin_d10_i005,rastrigin,cont,5.0,2000,PSO_RING,14,22.02194893817358,0,2000
rastrigin_d10_i005,rastrigin,cont,5.0,2000,PSO_RING,15,25.30991987339803,0,2000
rastrigin_d10_i005,rastrigin,cont,5.0,2000,PSO_RING,16,33.526240931292804,0,2000
rastrigin_d10_i005,rastrigin,cont,5.0,2000,PSO_RING,17,38.95032781124391,0,2000
rastrigin_d10_i005,rastrigin,cont,5.0,2000,PSO_RING,18,34.88900472923906,0,2000
rastrigin_d10_i005,rastrigin,cont,5.0,2000,PSO_RING,19,30.051621782468146,0,2000
rastrigin_d10_i005,rastrigin,cont,5.0,2000,PSO_RING,20,21.770388087526754,0,2000
rastrigin_d10_i005,rastrigin,cont,5.0,2000,PSO_RING,21,32.33327952033545,0,2000
rastrigin_d10_i005,rastrigin,cont,5.0,2000,PSO_RING,22,43.19423804921931,0,2000
rastrigin_d10_i005,rastrigin,cont,5.0,2000,PSO_RING,23,37.559544275709044,0,2000
rastrigin_d10_i005,rastrigin,cont,5.0,2000,PSO_RING,24,36.96026489327731,0,2000
rastrigin_d10_i005,rastrigin,cont,5.0,2000,PSO_RING,25,34.58804068975455,0,2000
rastrigin_d10_i005,rastrigin,cont,5.0,2000,PSO_RING,26,31.372474189281405,0,2000
rastrigin_d10_i005,rastrigin,cont,5.0,2000,PSO_RING,27,32.30283243738606,0,2000
rastrigin_d10_i005,rastrigin,cont,5.0,2000,PSO_RING,28,12.778736306855933,0,2000
rastrigin_d10_i005,rastrigin,cont,5.0,2000,PSO_RING,29,29.620220445000882,0,2000
rastrigin_d10_i005,rastrigin,cont,5.0,2000,DE,0,72.5044545174331,0,2000
rastrigin_d10_i005,rastrigin,cont,5.0,2000,DE,1,60.65524069543996,0,2000
rastrigin_d10_i005,rastrigin,cont,5.0,2000,DE,2,65.57647284598555,0,2000
rastrigin_d10_i005,rastrigin,cont,5.0,2000,DE,3,61.93009948375517,0,2000
rastrigin_d10_i005,rastrigin,cont,5.0,2000,DE,4,66.53293904597143,0,2000
rastrigin_d10_i005,rastrigin,cont,5.0,2000,DE,5,84.68067731542517,0,2000
rastrigin_d10_i005,rastrigin,cont,5.0,2000,DE,6,87.3733647552266,0,2000
rastrigin_d10_i005,rastrigin,cont,5.0,2000,DE,7,66.56217028453347,0,2000
rastrigin_d10_i005,rastrigin,cont,5.0,2000,DE,8,64.03105730120416,0,2000
rastrigin_d10_i005,rastrigin,cont,5.0,2000,DE,9,80.75806221245762,0,2000
rastrigin_d10_i005,rastrigin,cont,5.0,2000,DE,10,61.43798876712393,0,2000
rastrigin_d10_i005,rastrigin,cont,5.0,2000,DE,11,57.569559843776354,0,2000
rastrigin_d10_i005,rastrigin,cont,5.0,2000,DE,12,77.5128131040969,0,2000
rastrigin_d10_i005,rastrigin,cont,5.0,2000,DE,13,85.02778223991544,0,2000
rastrigin_d10_i005,rastrigin,cont,5.0,2000,DE,14,74.37888611471367,0,2000
rastrigin_d10_i005,rastrigin,cont,5.0,2000,DE,15,67.24594688628072,0,2000
rastrigin_d10_i005,rastrigin,cont,5.0,2000,DE,16,66.77821258029448,0,2000
rastrigin_d10_i005,rastrigin,cont,5.0,2000,DE,17,68.35114682027452,0,2000
rastrigin_d10_i005,rastrigin,cont,5.0,2000,DE,18,66.36913977941603,0,2000
rastrigin_d10_i005,rastrigin,cont,5.0,2000,DE,19,78.15757989611845,0,2000
rastrigin_d10_i005,rastrigin,cont,5.0,2000,DE,20,69.74260953146526,0,2000
rastrigin_d10_i005,rastrigin,cont,5.0,2000,DE,21,74.33548476039182,0,2000
rastrigin_d10_i005,rastrigin,cont,5.0,2000,DE,22,52.48960699395114,0,2000
rastrigin_d10_i005,rastrigin,cont,5.0,2000,DE,23,65.0787243645982,0,2000
rastrigin_d10_i005,rastrigin,cont,5.0,2000,DE,24,55.629929270140906,0,2000
rastrigin_d10_i005,rastrigin,cont,5.0,2000,DE,25,69.0740521582811,0,2000
rastrigin_d10_i005,rastrigin,cont,5.0,2000,DE,26,66.97267455009572,0,2000
rastrigin_d10_i005,rastrigin,cont,5.0,2000,DE,27,80.92356661846256,0,2000
rastrigin_d10_i005,rastrigin,cont,5.0,2000,DE,28,80.25195034813396,0,2000
rastrigin_d10_i005,rastrigin,cont,5.0,2000,DE,29,72.14393334408422,0,2000
sphere_d5_i006,sphere,cont,0.001,2000,RS_CONT,0,2.1683841289754557,0,2000
sphere_d5_i006,sphere,cont,0.001,2000,RS_CONT,1,2.2893750292254973,0,2000
sphere_d5_i006,sphere,cont,0.001,2000,RS_CONT,2,2.052391530343727,0,2000
sphere_d5_i006,sphere,cont,0.001,2000,RS_CONT,3,0.821503223777806,0,2000
sphere_d5_i006,sphere,cont,0.001,2000,RS_CONT,4,1.9033084561704592,0,2000
sphere_d5_i006,sphere,cont,0.001,2000,RS_CONT,5,0.7284603686300348,0,2000
sphere_d5_i006,sphere,cont,0.001,2000,RS_CONT,6,1.1853360242273658,0,2000
sphere_d5_i006,sphere,cont,0.001,2000,RS_CONT,7,0.6825139146716819,0,2000
sphere_d5_i006,sphere,cont,0.001,2000,RS_CONT,8,1.360398536422705,0,2000
sphere_d5_i006,sphere,cont,0.001,2000,RS_CONT,9,1.1327432844663465,0,2000
sphere_d5_i006,sphere,cont,0.001,2000,RS_CONT,10,2.529021977223059,0,2000
sphere_d5_i006,sphere,cont,0.001,2000,RS_CONT,11,1.4251777866688173,0,2000
sphere_d5_i006,sphere,cont,0.001,2000,RS_CONT,12,1.0215983326234197,0,2000
sphere_d5_i006,sphere,cont,0.001,2000,RS_CONT,13,2.2035743608854785,0,2000
sphere_d5_i006,sphere,cont,0.001,2000,RS_CONT,14,1.1330800909883503,0,2000
sphere_d5_i006,sphere,cont,0.001,2000,RS_CONT,15,1.5229707292373513,0,2000
sphere_d5_i006,sphere,cont,0.001,2000,RS_CONT,16,1.280500359155888,0,2000
sphere_d5_i006,sphere,cont,0.001,2000,RS_CONT,17,1.9951366408287436,0,2000
sphere_d5_i006,sphere,cont,0.001,2000,RS_CONT,18,2.5898809104786205,0,2000
sphere_d5_i006,sphere,cont,0.001,2000,RS_CONT,19,1.3631245003562564,0,2000
sphere_d5_i006,sphere,cont,0.001,2000,RS_CONT,20,1.4278192846539275,0,2000
sphere_d5_i006,sphere,cont,0.001,2000,RS_CONT,21,3.8969075125268864,0,2000
sphere_d5_i006,sphere,cont,0.001,2000,RS_CONT,22,0.9095483978243764,0,2000
sphere_d5_i006,sphere,cont,0.001,2000,RS_CONT,23,2.4932266527629405,0,2000
sphere_d5_i006,sphere,cont,0.001,2000,RS_CONT,24,1.668570338616217,0,2000
sphere_d5_i006,sphere,cont,0.001,2000,RS_CONT,25,2.850544444827129,0,2000
sphere_d5_i006,sphere,cont,0.001,2000,RS_CONT,26,1.2341102069038017,0,2000
sphere_d5_i006,sphere,cont,0.001,2000,RS_CONT,27,2.8570491568433445,0,2000
sphere_d5_i006,sphere,cont,0.001,2000,RS_CONT,28,3.883269817131133,0,2000
sphere_d5_i006,sphere,cont,0.001,2000,RS_CONT,29,2.8079065386173228,0,2000
sphere_d5_i006,sphere,cont,0.001,2000,PSO_STD,0,0.0006134604085791596,1,1140
sphere_d5_i006,sphere,cont,0.001,2000,PSO_STD,1,0.0006776926439605105,1,1080
sphere_d5_i006,sphere,cont,0.001,2000,PSO_STD,2,0.0007085114667412698,1,1110
sphere_d5_i006,sphere,cont,0.001,2000,PSO_STD,3,0.0004518453485927024,1,1260
sphere_d5_i006,sphere,cont,0.001,2000,PSO_STD,4,0.000568728889074424,1,1320
sphere_d5_i006,sphere,cont,0.001,2000,PSO_STD,5,0.00029155840647646287,1,1230
sphere_d5_i006,sphere,cont,0.001,2000,PSO_STD,6,0.0007439186473691782,1,1320
sphere_d5_i006,sphere,cont,0.001,2000,PSO_STD,7,0.0006651764480469823,1,1290
sphere_d5_i006,sphere,cont,0.001,2000,PSO_STD,8,0.0007521184283980065,1,1200
sphere_d5_i006,sphere,cont,0.001,2000,PSO_STD,9,0.0006910008643857537,1,1170
sphere_d5_i006,sphere,cont,0.001,2000,PSO_STD,10,0.0009275963475103487,1,1110
sphere_d5_i006,sphere,cont,0.001,2000,PSO_STD,11,0.0009094016179490864,1,1320
sphere_d5_i006,sphere,cont,0.001,2000,PSO_STD,12,0.000867351016433715,1,1290
sphere_d5_i006,sphere,cont,0.001,2000,PSO_STD,13,0.000578405500119111,1,1230
sphere_d5_i006,sphere,cont,0.001,2000,PSO_STD,14,0.0005971716190754368,1,1170
sphere_d5_i006,sphere,cont,0.001,2000,PSO_STD,15,0.0008609694611515177,1,930
sphere_d5_i006,sphere,cont,0.001,2000,PSO_STD,16,0.0007605541957447926,1,1260
sphere_d5_i006,sphere,cont,0.001,2000,PSO_STD,17,0.0005557637062645789,1,1560
sphere_d5_i006,sphere,cont,0.001,2000,PSO_STD,18,0.0004964542227686441,1,1200
sphere_d5_i006,sphere,cont,0.001,2000,PSO_STD,19,0.00043094931783699964,1,1020
sphere_d5_i006,sphere,cont,0.001,2000,PSO_STD,20,0.0004944564460637788,1,1260
sphere_d5_i006,sphere,cont,0.001,2000,PSO_STD,21,0.0003070228128093719,1,1350
sphere_d5_i006,sphere,cont,0.001,2000,PSO_STD,22,0.000688237237547531,1,1230
sphere_d5_i006,sphere,cont,0.001,2000,PSO_STD,23,0.0007087925004745689,1,1590
sphere_d5_i006,sphere,cont,0.001,2000,PSO_STD,24,0.000989034867158132,1,1440
sphere_d5_i006,sphere,cont,0.001,2000,PSO_STD,25,0.000831899301102512,1,1230
sphere_d5_i006,sphere,cont,0.001,2000,PSO_STD,26,0.0009903529074194398,1,1260
sphere_d5_i006,sphere,cont,0.001,2000,PSO_STD,27,0.0006456756893681554,1,1260
sphere_d5_i006,sphere,cont,0.001,2000,PSO_STD,28,0.0007187934278756732,1,1140
sphere_d5_i006,sphere,cont,0.001,2000,PSO_STD,29,0.00047801812982318565,1,1320
sphere_d5_i006,sphere,cont,0.001,2000,PSO_RING,0,0.0006609953246020724,1,1980
sphere_d5_i006,sphere,cont,0.001,2000,PSO_RING,1,0.0009747607860080313,1,1620
sphere_d5_i006,sphere,cont,0.001,2000,PSO_RING,2,0.0021959349743472275,0,2000
sphere_d5_i006,sphere,cont,0.001,2000,PSO_RING,3,0.0006804144866802298,1,1590
sphere_d5_i006,sphere,cont,0.001,2000,PSO_RING,4,0.0009493465599509459,1,1650
sphere_d5_i006,sphere,cont,0.001,2000,PSO_RING,5,0.0004530558262973957,1,1590
sphere_d5_i006,sphere,cont,0.001,2000,PSO_RING,6,0.0008219578044126346,1,1710
sphere_d5_i006,sphere,cont,0.001,2000,PSO_RING,7,0.004398645189501723,0,2000
sphere_d5_i006,sphere,cont,0.001,2000,PSO_RING,8,0.0006782692433199018,1,1710
sphere_d5_i006,sphere,cont,0.001,2000,PSO_RING,9,0.0007162067219970812,1,1680
sphere_d5_i006,sphere,cont,0.001,2000,PSO_RING,10,0.0007615678008374411,1,1980
sphere_d5_i006,sphere,cont,0.001,2000,PSO_RING,11,0.0005205321081683476,1,1350
sphere_d5_i006,sphere,cont,0.001,2000,PSO_RING,12,0.000887797466114377,1,1890
sphere_d5_i006,sphere,cont,0.001,2000,PSO_RING,13,0.0006712217007166944,1,1830
sphere_d5_i006,sphere,cont,0.001,2000,PSO_RING,14,0.0021841053837880603,0,2000
sphere_d5_i006,sphere,cont,0.001,2000,PSO_RING,15,0.0006787842258452984,1,1950
sphere_d5_i006,sphere,cont,0.001,2000,PSO_RING,16,0.002080913257231194,0,2000
sphere_d5_i006,sphere,cont,0.001,2000,PSO_RING,17,0.000890933008482358,1,1860
sphere_d5_i006,sphere,cont,0.001,2000,PSO_RING,18,0.000506364734018316,1,1890
sphere_d5_i006,sphere,cont,0.001,2000,PSO_RING,19,0.0007603034855122262,1,1890
sphere_d5_i006,sphere,cont,0.001,2000,PSO_RING,20,0.0009103864156983602,1,2000
sphere_d5_i006,sphere,cont,0.001,2000,PSO_RING,21,0.0012305242339726082,0,2000
sphere_d5_i006,sphere,cont,0.001,2000,PSO_RING,22,0.0017721339130430248,0,2000
sphere_d5_i006,sphere,cont,0.001,2000,PSO_RING,23,0.0003367513160088204,1,1740
sphere_d5_i006,sphere,cont,0.001,2000,PSO_RING,24,0.00044073528742083235,1,1680
sphere_d5_i006,sphere,cont,0.001,2000,PSO_RING,25,0.0012788863538376763,0,2000
sphere_d5_i006,sphere,cont,0.001,2000,PSO_RING,26,0.000640607062555802,1,1290
sphere_d5_i006,sphere,cont,0.001,2000,PSO_RING,27,0.0008210175891119835,1,1650
sphere_d5_i006,sphere,cont,0.001,2000,PSO_RING,28,0.000598526879378107,1,1500
sphere_d5_i006,sphere,cont,0.001,2000,PSO_RING,29,0.001979470781731597,0,2000
sphere_d5_i006,sphere,cont,0.001,2000,DE,0,0.0065303532593481844,0,2000
sphere_d5_i006,sphere,cont,0.001,2000,DE,1,0.001261490779192529,0,2000
sphere_d5_i006,sphere,cont,0.001,2000,DE,2,0.00238141966700078,0,2000
sphere_d5_i006,sphere,cont,0.001,2000,DE,3,0.0019397751688706834,0,2000
sphere_d5_i006,sphere,cont,0.001,2000,DE,4,0.0022113590496320263,0,2000
sphere_d5_i006,sphere,cont,0.001,2000,DE,5,0.0013477940750244125,0,2000
sphere_d5_i006,sphere,cont,0.001,2000,DE,6,0.001813029017095554,0,2000
sphere_d5_i006,sphere,cont,0.001,2000,DE,7,0.0015583284163236705,0,2000
sphere_d5_i006,sphere,cont,0.001,2000,DE,8,0.004157988756076847,0,2000
sphere_d5_i006,sphere,cont,0.001,2000,DE,9,0.00202700856224338,0,2000
sphere_d5_i006,sphere,cont,0.001,2000,DE,10,0.020110899089685517,0,2000
sphere_d5_i006,sphere,cont,0.001,2000,DE,11,0.0025002841505199613,0,2000
sphere_d5_i006,sphere,cont,0.001,2000,DE,12,0.007738891188874686,0,2000
sphere_d5_i006,sphere,cont,0.001,2000,DE,13,0.002395987957269693,0,2000
sphere_d5_i006,sphere,cont,0.001,2000,DE,14,0.005652516384419553,0,2000
sphere_d5_i006,sphere,cont,0.001,2000,DE,15,0.0038664182382047107,0,2000
sphere_d5_i006,sphere,cont,0.001,2000,DE,16,0.001871380599367164,0,2000
sphere_d5_i006,sphere,cont,0.001,2000,DE,17,0.0017280147799871304,0,2000
sphere_d5_i006,sphere,cont,0.001,2000,DE,18,0.0029538751624770287,0,2000
sphere_d5_i006,sphere,cont,0.001,2000,DE,19,0.003984216339341357,0,2000
sphere_d5_i006,sphere,cont,0.001,2000,DE,20,0.006407991652924341,0,2000
sphere_d5_i006,sphere,cont,0.001,2000,DE,21,0.001578669398504929,0,2000
sphere_d5_i006,sphere,cont,0.001,2000,DE,22,0.0061520971894502815,0,2000
sphere_d5_i006,sphere,cont,0.001,2000,DE,23,0.00023832571091505383,1,1980
sphere_d5_i006,sphere,cont,0.001,2000,DE,24,0.005999044558710641,0,2000
sphere_d5_i006,sphere,cont,0.001,2000,DE,25,0.0013780049851422635,0,2000
sphere_d5_i006,sphere,cont,0.001,2000,DE,26,0.001291872597690481,0,2000
sphere_d5_i006,sphere,cont,0.001,2000,DE,27,0.0017603015992134932,0,2000
sphere_d5_i006,sphere,cont,0.001,2000,DE,28,0.0014334623433339849,0,2000
sphere_d5_i006,sphere,cont,0.001,2000,DE,29,0.008046538971384062,0,2000
rastrigin_d10_i007,rastrigin,cont,5.0,2000,RS_CONT,0,71.50036507131693,0,2000
rastrigin_d10_i007,rastrigin,cont,5.0,2000,RS_CONT,1,87.83623413148722,0,2000
rastrigin_d10_i007,rastrigin,cont,5.0,2000,RS_CONT,2,78.3295835898031,0,2000
rastrigin_d10_i007,rastrigin,cont,5.0,2000,RS_CONT,3,88.29733051801107,0,2000
rastrigin_d10_i007,rastrigin,cont,5.0,2000,RS_CONT,4,76.4538434177139,0,2000
rastrigin_d10_i007,rastrigin,cont,5.0,2000,RS_CONT,5,88.87852110187711,0,2000
rastrigin_d10_i007,rastrigin,cont,5.0,2000,RS_CONT,6,82.71121843286375,0,2000
rastrigin_d10_i007,rastrigin,cont,5.0,2000,RS_CONT,7,75.63058840373913,0,2000
rastrigin_d10_i007,rastrigin,cont,5.0,2000,RS_CONT,8,75.69759228098005,0,2000
rastrigin_d10_i007,rastrigin,cont,5.0,2000,RS_CONT,9,88.45666617893073,0,2000
rastrigin_d10_i007,rastrigin,cont,5.0,2000,RS_CONT,10,85.61835095480632,0,2000
rastrigin_d10_i007,rastrigin,cont,5.0,2000,RS_CONT,11,80.97955805255651,0,2000
rastrigin_d10_i007,rastrigin,cont,5.0,2000,RS_CONT,12,75.67522285171545,0,2000
rastrigin_d10_i007,rastrigin,cont,5.0,2000,RS_CONT,13,73.48651553701704,0,2000
rastrigin_d10_i007,rastrigin,cont,5.0,2000,RS_CONT,14,85.50595910706585,0,2000
rastrigin_d10_i007,rastrigin,cont,5.0,2000,RS_CONT,15,88.55906345378752,0,2000
rastrigin_d10_i007,rastrigin,cont,5.0,2000,RS_CONT,16,89.69581110409686,0,2000
rastrigin_d10_i007,rastrigin,cont,5.0,2000,RS_CONT,17,72.5620410238275,0,2000
rastrigin_d10_i007,rastrigin,cont,5.0,2000,RS_CONT,18,92.18701812599286,0,2000
rastrigin_d10_i007,rastrigin,cont,5.0,2000,RS_CONT,19,87.90077456201747,0,2000
rastrigin_d10_i007,rastrigin,cont,5.0,2000,RS_CONT,20,71.91731716676509,0,2000
rastrigin_d10_i007,rastrigin,cont,5.0,2000,RS_CONT,21,85.49505159913178,0,2000
rastrigin_d10_i007,rastrigin,cont,5.0,2000,RS_CONT,22,67.69708629784085,0,2000
rastrigin_d10_i007,rastrigin,cont,5.0,2000,RS_CONT,23,70.75533550719015,0,2000
rastrigin_d10_i007,rastrigin,cont,5.0,2000,RS_CONT,24,87.97100207860181,0,2000
rastrigin_d10_i007,rastrigin,cont,5.0,2000,RS_CONT,25,77.39632699225172,0,2000
rastrigin_d10_i007,rastrigin,cont,5.0,2000,RS_CONT,26,78.08316369564402,0,2000
rastrigin_d10_i007,rastrigin,cont,5.0,2000,RS_CONT,27,89.3870698888301,0,2000
rastrigin_d10_i007,rastrigin,cont,5.0,2000,RS_CONT,28,77.2190971815388,0,2000
rastrigin_d10_i007,rastrigin,cont,5.0,2000,RS_CONT,29,93.20038536296906,0,2000
rastrigin_d10_i007,rastrigin,cont,5.0,2000,PSO_STD,0,19.621175777602204,0,2000
rastrigin_d10_i007,rastrigin,cont,5.0,2000,PSO_STD,1,26.31624918012453,0,2000
rastrigin_d10_i007,rastrigin,cont,5.0,2000,PSO_STD,2,13.81194819741738,0,2000
rastrigin_d10_i007,rastrigin,cont,5.0,2000,PSO_STD,3,28.3856726983158,0,2000
rastrigin_d10_i007,rastrigin,cont,5.0,2000,PSO_STD,4,24.135231364563907,0,2000
rastrigin_d10_i007,rastrigin,cont,5.0,2000,PSO_STD,5,26.059389165327843,0,2000
rastrigin_d10_i007,rastrigin,cont,5.0,2000,PSO_STD,6,25.506908969895207,0,2000
rastrigin_d10_i007,rastrigin,cont,5.0,2000,PSO_STD,7,19.09682243754986,0,2000
rastrigin_d10_i007,rastrigin,cont,5.0,2000,PSO_STD,8,17.674410032822635,0,2000
rastrigin_d10_i007,rastrigin,cont,5.0,2000,PSO_STD,9,15.938756766821513,0,2000
rastrigin_d10_i007,rastrigin,cont,5.0,2000,PSO_STD,10,22.805253910150697,0,2000
rastrigin_d10_i007,rastrigin,cont,5.0,2000,PSO_STD,11,27.71599597914816,0,2000
rastrigin_d10_i007,rastrigin,cont,5.0,2000,PSO_STD,12,27.881972478671514,0,2000
rastrigin_d10_i007,rastrigin,cont,5.0,2000,PSO_STD,13,7.756192349053691,0,2000
rastrigin_d10_i007,rastrigin,cont,5.0,2000,PSO_STD,14,11.54129307780751,0,2000
rastrigin_d10_i007,rastrigin,cont,5.0,2000,PSO_STD,15,14.831793115242817,0,2000
rastrigin_d10_i007,rastrigin,cont,5.0,2000,PSO_STD,16,28.449928603374104,0,2000
rastrigin_d10_i007,rastrigin,cont,5.0,2000,PSO_STD,17,27.706300599031493,0,2000
rastrigin_d10_i007,rastrigin,cont,5.0,2000,PSO_STD,18,30.47197384897723,0,2000
rastrigin_d10_i007,rastrigin,cont,5.0,2000,PSO_STD,19,39.346935152657345,0,2000
rastrigin_d10_i007,rastrigin,cont,5.0,2000,PSO_STD,20,12.830061881720468,0,2000
rastrigin_d10_i007,rastrigin,cont,5.0,2000,PSO_STD,21,22.382248267577666,0,2000
rastrigin_d10_i007,rastrigin,cont,5.0,2000,PSO_STD,22,19.24244216943751,0,2000
rastrigin_d10_i007,rastrigin,cont,5.0,2000,PSO_STD,23,24.289784095027613,0,2000
rastrigin_d10_i007,rastrigin,cont,5.0,2000,PSO_STD,24,28.87586408189061,0,2000
rastrigin_d10_i007,rastrigin,cont,5.0,2000,PSO_STD,25,34.11772390506897,0,2000
rastrigin_d10_i007,rastrigin,cont,5.0,2000,PSO_STD,26,44.441723661485625,0,2000
rastrigin_d10_i007,rastrigin,cont,5.0,2000,PSO_STD,27,8.677659700543217,0,2000
rastrigin_d10_i007,rastrigin,cont,5.0,2000,PSO_STD,28,24.343448661023643,0,2000
rastrigin_d10_i007,rastrigin,cont,5.0,2000,PSO_STD,29,28.40954198431905,0,2000
rastrigin_d10_i007,rastrigin,cont,5.0,2000,PSO_RING,0,37.78807856265619,0,2000
rastrigin_d10_i007,rastrigin,cont,5.0,2000,PSO_RING,1,39.84591517810112,0,2000
rastrigin_d10_i007,rastrigin,cont,5.0,2000,PSO_RING,2,31.480483234797674,0,2000
rastrigin_d10_i007,rastrigin,cont,5.0,2000,PSO_RING,3,33.352619666128874,0,2000
rastrigin_d10_i007,rastrigin,cont,5.0,2000,PSO_RING,4,32.15150411318518,0,2000
rastrigin_d10_i007,rastrigin,cont,5.0,2000,PSO_RING,5,31.671501492107566,0,2000
rastrigin_d10_i007,rastrigin,cont,5.0,2000,PSO_RING,6,21.78241758511662,0,2000
rastrigin_d10_i007,rastrigin,cont,5.0,2000,PSO_RING,7,25.72203526453073,0,2000
rastrigin_d10_i007,rastrigin,cont,5.0,2000,PSO_RING,8,37.61245652160679,0,2000
rastrigin_d10_i007,rastrigin,cont,5.0,2000,PSO_RING,9,34.44481821793667,0,2000
rastrigin_d10_i007,rastrigin,cont,5.0,2000,PSO_RING,10,45.52697027423493,0,2000
rastrigin_d10_i007,rastrigin,cont,5.0,2000,PSO_RING,11,20.885158088709005,0,2000
rastrigin_d10_i007,rastrigin,cont,5.0,2000,PSO_RING,12,54.129562774521354,0,2000
rastrigin_d10_i007,rastrigin,cont,5.0,2000,PSO_RING,13,27.834008038042725,0,2000
rastrigin_d10_i007,rastrigin,cont,5.0,2000,PSO_RING,14,22.343480913791822,0,2000
rastrigin_d10_i007,rastrigin,cont,5.0,2000,PSO_RING,15,23.03496646682798,0,2000
rastrigin_d10_i007,rastrigin,cont,5.0,2000,PSO_RING,16,34.707040182797314,0,2000
rastrigin_d10_i007,rastrigin,cont,5.0,2000,PSO_RING,17,48.37610531450879,0,2000
rastrigin_d10_i007,rastrigin,cont,5.0,2000,PSO_RING,18,28.357284226745264,0,2000
rastrigin_d10_i007,rastrigin,cont,5.0,2000,PSO_RING,19,26.08614060021749,0,2000
rastrigin_d10_i007,rastrigin,cont,5.0,2000,PSO_RING,20,21.633073342281747,0,2000
rastrigin_d10_i007,rastrigin,cont,5.0,2000,PSO_RING,21,30.80991072015236,0,2000
rastrigin_d10_i007,rastrigin,cont,5.0,2000,PSO_RING,22,28.03181537496468,0,2000
rastrigin_d10_i007,rastrigin,cont,5.0,2000,PSO_RING,23,39.90817297232376,0,2000
rastrigin_d10_i007,rastrigin,cont,5.0,2000,PSO_RING,24,30.42074971852267,0,2000
rastrigin_d10_i007,rastrigin,cont,5.0,2000,PSO_RING,25,15.3239956552394,0,2000
rastrigin_d10_i007,rastrigin,cont,5.0,2000,PSO_RING,26,28.83919486015715,0,2000
rastrigin_d10_i007,rastrigin,cont,5.0,2000,PSO_RING,27,36.85113070371166,0,2000
rastrigin_d10_i007,rastrigin,cont,5.0,2000,PSO_RING,28,51.686262959066866,0,2000
rastrigin_d10_i007,rastrigin,cont,5.0,2000,PSO_RING,29,38.45282302375836,0,2000
rastrigin_d10_i007,rastrigin,cont,5.0,2000,DE,0,65.59913928437582,0,2000
rastrigin_d10_i007,rastrigin,cont,5.0,2000,DE,1,66.94873478671741,0,2000
rastrigin_d10_i007,rastrigin,cont,5.0,2000,DE,2,74.99219426637643,0,2000
rastrigin_d10_i007,rastrigin,cont,5.0,2000,DE,3,83.85488460938801,0,2000
rastrigin_d10_i007,rastrigin,cont,5.0,2000,DE,4,75.59489265173075,0,2000
rastrigin_d10_i007,rastrigin,cont,5.0,2000,DE,5,72.55044285639102,0,2000
rastrigin_d10_i007,rastrigin,cont,5.0,2000,DE,6,89.64629841522637,0,2000
rastrigin_d10_i007,rastrigin,cont,5.0,2000,DE,7,74.55297471000766,0,2000
rastrigin_d10_i007,rastrigin,cont,5.0,2000,DE,8,55.909973545488015,0,2000
rastrigin_d10_i007,rastrigin,cont,5.0,2000,DE,9,58.307587614000894,0,2000
rastrigin_d10_i007,rastrigin,cont,5.0,2000,DE,10,73.95688807826023,0,2000
rastrigin_d10_i007,rastrigin,cont,5.0,2000,DE,11,72.38101534192211,0,2000
rastrigin_d10_i007,rastrigin,cont,5.0,2000,DE,12,72.0611733347364,0,2000
rastrigin_d10_i007,rastrigin,cont,5.0,2000,DE,13,69.94712540593179,0,2000
rastrigin_d10_i007,rastrigin,cont,5.0,2000,DE,14,68.8728470661016,0,2000
rastrigin_d10_i007,rastrigin,cont,5.0,2000,DE,15,79.69769346576615,0,2000
rastrigin_d10_i007,rastrigin,cont,5.0,2000,DE,16,45.12489430292405,0,2000
rastrigin_d10_i007,rastrigin,cont,5.0,2000,DE,17,70.4219134566979,0,2000
rastrigin_d10_i007,rastrigin,cont,5.0,2000,DE,18,62.65871112283468,0,2000
rastrigin_d10_i007,rastrigin,cont,5.0,2000,DE,19,42.716157734441005,0,2000
rastrigin_d10_i007,rastrigin,cont,5.0,2000,DE,20,83.7761741617972,0,2000
rastrigin_d10_i007,rastrigin,cont,5.0,2000,DE,21,53.123615903549506,0,2000
rastrigin_d10_i007,rastrigin,cont,5.0,2000,DE,22,73.13482644475043,0,2000
rastrigin_d10_i007,rastrigin,cont,5.0,2000,DE,23,58.96193754377607,0,2000
rastrigin_d10_i007,rastrigin,cont,5.0,2000,DE,24,79.56261564151018,0,2000
rastrigin_d10_i007,rastrigin,cont,5.0,2000,DE,25,81.83499192006389,0,2000
rastrigin_d10_i007,rastrigin,cont,5.0,2000,DE,26,86.70148910966971,0,2000
rastrigin_d10_i007,rastrigin,cont,5.0,2000,DE,27,66.0316340047606,0,2000
rastrigin_d10_i007,rastrigin,cont,5.0,2000,DE,28,56.36461463740168,0,2000
rastrigin_d10_i007,rastrigin,cont,5.0,2000,DE,29,55.639776664594265,0,2000
sphere_d10_i008,sphere,cont,0.001,2000,RS_CONT,0,14.073083279084537,0,2000
sphere_d10_i008,sphere,cont,0.001,2000,RS_CONT,1,19.857038265790344,0,2000
sphere_d10_i008,sphere,cont,0.001,2000,RS_CONT,2,14.070682521000254,0,2000
sphere_d10_i008,sphere,cont,0.001,2000,RS_CONT,3,21.366454980533476,0,2000
sphere_d10_i008,sphere,cont,0.001,2000,RS_CONT,4,16.89155928319011,0,2000
sphere_d10_i008,sphere,cont,0.001,2000,RS_CONT,5,17.638359787728486,0,2000
sphere_d10_i008,sphere,cont,0.001,2000,RS_CONT,6,16.478592673613658,0,2000
sphere_d10_i008,sphere,cont,0.001,2000,RS_CONT,7,15.333154628926144,0,2000
sphere_d10_i008,sphere,cont,0.001,2000,RS_CONT,8,16.38098250891842,0,2000
sphere_d10_i008,sphere,cont,0.001,2000,RS_CONT,9,13.531918911934458,0,2000
sphere_d10_i008,sphere,cont,0.001,2000,RS_CONT,10,15.718462419512436,0,2000
sphere_d10_i008,sphere,cont,0.001,2000,RS_CONT,11,13.49348344304462,0,2000
sphere_d10_i008,sphere,cont,0.001,2000,RS_CONT,12,19.807073482989622,0,2000
sphere_d10_i008,sphere,cont,0.001,2000,RS_CONT,13,17.274096499940963,0,2000
sphere_d10_i008,sphere,cont,0.001,2000,RS_CONT,14,11.752318574828754,0,2000
sphere_d10_i008,sphere,cont,0.001,2000,RS_CONT,15,14.81533236130817,0,2000
sphere_d10_i008,sphere,cont,0.001,2000,RS_CONT,16,22.38024873854905,0,2000
sphere_d10_i008,sphere,cont,0.001,2000,RS_CONT,17,20.285779896594597,0,2000
sphere_d10_i008,sphere,cont,0.001,2000,RS_CONT,18,17.63098768432369,0,2000
sphere_d10_i008,sphere,cont,0.001,2000,RS_CONT,19,11.60144977478358,0,2000
sphere_d10_i008,sphere,cont,0.001,2000,RS_CONT,20,17.060351514237624,0,2000
sphere_d10_i008,sphere,cont,0.001,2000,RS_CONT,21,17.668475394159348,0,2000
sphere_d10_i008,sphere,cont,0.001,2000,RS_CONT,22,21.106066930333217,0,2000
sphere_d10_i008,sphere,cont,0.001,2000,RS_CONT,23,22.90491170892841,0,2000
sphere_d10_i008,sphere,cont,0.001,2000,RS_CONT,24,22.738525292429134,0,2000
sphere_d10_i008,sphere,cont,0.001,2000,RS_CONT,25,20.968185734222125,0,2000
sphere_d10_i008,sphere,cont,0.001,2000,RS_CONT,26,10.900678214370123,0,2000
sphere_d10_i008,sphere,cont,0.001,2000,RS_CONT,27,3.8641642577876896,0,2000
sphere_d10_i008,sphere,cont,0.001,2000,RS_CONT,28,15.364935505785564,0,2000
sphere_d10_i008,sphere,cont,0.001,2000,RS_CONT,29,19.019572956485586,0,2000
sphere_d10_i008,sphere,cont,0.001,2000,PSO_STD,0,0.00907135015184126,0,2000
sphere_d10_i008,sphere,cont,0.001,2000,PSO_STD,1,0.005809005554863719,0,2000
sphere_d10_i008,sphere,cont,0.001,2000,PSO_STD,2,0.004420243902170283,0,2000
sphere_d10_i008,sphere,cont,0.001,2000,PSO_STD,3,0.0015895883756169846,0,2000
sphere_d10_i008,sphere,cont,0.001,2000,PSO_STD,4,0.0018074418331574897,0,2000
sphere_d10_i008,sphere,cont,0.001,2000,PSO_STD,5,0.006317648576619787,0,2000
sphere_d10_i008,sphere,cont,0.001,2000,PSO_STD,6,0.0006977418841484677,1,1920
sphere_d10_i008,sphere,cont,0.001,2000,PSO_STD,7,0.0013361401035763235,0,2000
sphere_d10_i008,sphere,cont,0.001,2000,PSO_STD,8,0.007446887248954996,0,2000
sphere_d10_i008,sphere,cont,0.001,2000,PSO_STD,9,0.0010117881888618639,0,2000
sphere_d10_i008,sphere,cont,0.001,2000,PSO_STD,10,0.0038811435112522654,0,2000
sphere_d10_i008,sphere,cont,0.001,2000,PSO_STD,11,0.004116957656362332,0,2000
sphere_d10_i008,sphere,cont,0.001,2000,PSO_STD,12,0.0011487882662092174,0,2000
sphere_d10_i008,sphere,cont,0.001,2000,PSO_STD,13,0.003639101401565232,0,2000
sphere_d10_i008,sphere,cont,0.001,2000,PSO_STD,14,0.0011840380418910175,0,2000
sphere_d10_i008,sphere,cont,0.001,2000,PSO_STD,15,0.005547898841002717,0,2000
sphere_d10_i008,sphere,cont,0.001,2000,PSO_STD,16,0.005504791735647915,0,2000
sphere_d10_i008,sphere,cont,0.001,2000,PSO_STD,17,0.0036916288293775165,0,2000
sphere_d10_i008,sphere,cont,0.001,2000,PSO_STD,18,0.005233038306365955,0,2000
sphere_d10_i008,sphere,cont,0.001,2000,PSO_STD,19,0.004442344502962574,0,2000
sphere_d10_i008,sphere,cont,0.001,2000,PSO_STD,20,0.004170864693598671,0,2000
sphere_d10_i008,sphere,cont,0.001,2000,PSO_STD,21,0.0033050954453078063,0,2000
sphere_d10_i008,sphere,cont,0.001,2000,PSO_STD,22,0.004720913217882358,0,2000
sphere_d10_i008,sphere,cont,0.001,2000,PSO_STD,23,0.002746868377437879,0,2000
sphere_d10_i008,sphere,cont,0.001,2000,PSO_STD,24,0.002533521390622862,0,2000
sphere_d10_i008,sphere,cont,0.001,2000,PSO_STD,25,0.010072546571602956,0,2000
sphere_d10_i008,sphere,cont,0.001,2000,PSO_STD,26,0.0034741068593820857,0,2000
sphere_d10_i008,sphere,cont,0.001,2000,PSO_STD,27,0.0039034593933159165,0,2000
sphere_d10_i008,sphere,cont,0.001,2000,PSO_STD,28,0.0036880694294304964,0,2000
sphere_d10_i008,sphere,cont,0.001,2000,PSO_STD,29,0.004155057771059741,0,2000
sphere_d10_i008,sphere,cont,0.001,2000,PSO_RING,0,0.18451602978132414,0,2000
sphere_d10_i008,sphere,cont,0.001,2000,PSO_RING,1,0.1279342567208788,0,2000
sphere_d10_i008,sphere,cont,0.001,2000,PSO_RING,2,0.05228732049546708,0,2000
sphere_d10_i008,sphere,cont,0.001,2000,PSO_RING,3,0.08258820580466189,0,2000
sphere_d10_i008,sphere,cont,0.001,2000,PSO_RING,4,0.020162428802853873,0,2000
sphere_d10_i008,sphere,cont,0.001,2000,PSO_RING,5,0.0987293230720501,0,2000
sphere_d10_i008,sphere,cont,0.001,2000,PSO_RING,6,0.12234265937330238,0,2000
sphere_d10_i008,sphere,cont,0.001,2000,PSO_RING,7,0.09554872460830235,0,2000
sphere_d10_i008,sphere,cont,0.001,2000,PSO_RING,8,0.14964369376923237,0,2000
sphere_d10_i008,sphere,cont,0.001,2000,PSO_RING,9,0.12113462098975684,0,2000
sphere_d10_i008,sphere,cont,0.001,2000,PSO_RING,10,0.02920532015479572,0,2000
sphere_d10_i008,sphere,cont,0.001,2000,PSO_RING,11,0.16193553392329038,0,2000
sphere_d10_i008,sphere,cont,0.001,2000,PSO_RING,12,0.02814703472699028,0,2000
sphere_d10_i008,sphere,cont,0.001,2000,PSO_RING,13,0.21832737255475873,0,2000
sphere_d10_i008,sphere,cont,0.001,2000,PSO_RING,14,0.15888929571599203,0,2000
sphere_d10_i008,sphere,cont,0.001,2000,PSO_RING,15,0.14431321703728084,0,2000
sphere_d10_i008,sphere,cont,0.001,2000,PSO_RING,16,0.13476637193222002,0,2000
sphere_d10_i008,sphere,cont,0.001,2000,PSO_RING,17,0.2457978245112771,0,2000
sphere_d10_i008,sphere,cont,0.001,2000,PSO_RING,18,0.03565016310879769,0,2000
sphere_d10_i008,sphere,cont,0.001,2000,PSO_RING,19,0.06559017162492722,0,2000
sphere_d10_i008,sphere,cont,0.001,2000,PSO_RING,20,0.24830830762576367,0,2000
sphere_d10_i008,sphere,cont,0.001,2000,PSO_RING,21,0.08537421386991059,0,2000
sphere_d10_i008,sphere,cont,0.001,2000,PSO_RING,22,0.16060839437803393,0,2000
sphere_d10_i008,sphere,cont,0.001,2000,PSO_RING,23,0.13657346552711455,0,2000
sphere_d10_i008,sphere,cont,0.001,2000,PSO_RING,24,0.16878942684701817,0,2000
sphere_d10_i008,sphere,cont,0.001,2000,PSO_RING,25,0.08021108804271893,0,2000
sphere_d10_i008,sphere,cont,0.001,2000,PSO_RING,26,0.22898982590611275,0,2000
sphere_d10_i008,sphere,cont,0.001,2000,PSO_RING,27,0.1680405914267422,0,2000
sphere_d10_i008,sphere,cont,0.001,2000,PSO_RING,28,0.12971837951747411,0,2000
sphere_d10_i008,sphere,cont,0.001,2000,PSO_RING,29,0.07510889096949232,0,2000
sphere_d10_i008,sphere,cont,0.001,2000,DE,0,1.226490967353851,0,2000
sphere_d10_i008,sphere,cont,0.001,2000,DE,1,2.9193942974151863,0,2000
sphere_d10_i008,sphere,cont,0.001,2000,DE,2,2.21140422536126,0,2000
sphere_d10_i008,sphere,cont,0.001,2000,DE,3,2.88627701663248,0,2000
sphere_d10_i008,sphere,cont,0.001,2000,DE,4,3.0466340231699087,0,2000
sphere_d10_i008,sphere,cont,0.001,2000,DE,5,2.459830499565432,0,2000
sphere_d10_i008,sphere,cont,0.001,2000,DE,6,5.063956482894249,0,2000
sphere_d10_i008,sphere,cont,0.001,2000,DE,7,1.8203635975120567,0,2000
sphere_d10_i008,sphere,cont,0.001,2000,DE,8,3.2905340239116203,0,2000
sphere_d10_i008,sphere,cont,0.001,2000,DE,9,1.8419577547639645,0,2000
sphere_d10_i008,sphere,cont,0.001,2000,DE,10,1.6118455694008458,0,2000
sphere_d10_i008,sphere,cont,0.001,2000,DE,11,1.7086961653979844,0,2000
sphere_d10_i008,sphere,cont,0.001,2000,DE,12,1.5193783658755267,0,2000
sphere_d10_i008,sphere,cont,0.001,2000,DE,13,3.1200631072206235,0,2000
sphere_d10_i008,sphere,cont,0.001,2000,DE,14,1.6123913463547586,0,2000
sphere_d10_i008,sphere,cont,0.001,2000,DE,15,2.3566043597586157,0,2000
sphere_d10_i008,sphere,cont,0.001,2000,DE,16,2.006029119182453,0,2000
sphere_d10_i008,sphere,cont,0.001,2000,DE,17,4.455748376371048,0,2000
sphere_d10_i008,sphere,cont,0.001,2000,DE,18,2.315317134994392,0,2000
sphere_d10_i008,sphere,cont,0.001,2000,DE,19,3.9247086489831915,0,2000
sphere_d10_i008,sphere,cont,0.001,2000,DE,20,1.8235025606617628,0,2000
sphere_d10_i008,sphere,cont,0.001,2000,DE,21,2.310984308361144,0,2000
sphere_d10_i008,sphere,cont,0.001,2000,DE,22,2.736783068250126,0,2000
sphere_d10_i008,sphere,cont,0.001,2000,DE,23,5.623249060313723,0,2000
sphere_d10_i008,sphere,cont,0.001,2000,DE,24,2.8041532245976883,0,2000
sphere_d10_i008,sphere,cont,0.001,2000,DE,25,3.1740485262121947,0,2000
sphere_d10_i008,sphere,cont,0.001,2000,DE,26,2.3712037360811515,0,2000
sphere_d10_i008,sphere,cont,0.001,2000,DE,27,5.739289897209317,0,2000
sphere_d10_i008,sphere,cont,0.001,2000,DE,28,4.782538704894058,0,2000
sphere_d10_i008,sphere,cont,0.001,2000,DE,29,1.6105864270395571,0,2000
rastrigin_d10_i009,rastrigin,cont,5.0,2000,RS_CONT,0,60.318507784232146,0,2000
rastrigin_d10_i009,rastrigin,cont,5.0,2000,RS_CONT,1,74.27567519439515,0,2000
rastrigin_d10_i009,rastrigin,cont,5.0,2000,RS_CONT,2,76.8305647543577,0,2000
rastrigin_d10_i009,rastrigin,cont,5.0,2000,RS_CONT,3,75.32231332411007,0,2000
rastrigin_d10_i009,rastrigin,cont,5.0,2000,RS_CONT,4,75.70880251782837,0,2000
rastrigin_d10_i009,rastrigin,cont,5.0,2000,RS_CONT,5,85.59265911965356,0,2000
rastrigin_d10_i009,rastrigin,cont,5.0,2000,RS_CONT,6,77.99088588078241,0,2000
rastrigin_d10_i009,rastrigin,cont,5.0,2000,RS_CONT,7,79.70327830831633,0,2000
rastrigin_d10_i009,rastrigin,cont,5.0,2000,RS_CONT,8,86.27164788668647,0,2000
rastrigin_d10_i009,rastrigin,cont,5.0,2000,RS_CONT,9,85.53474324669803,0,2000
rastrigin_d10_i009,rastrigin,cont,5.0,2000,RS_CONT,10,76.15470811334264,0,2000
rastrigin_d10_i009,rastrigin,cont,5.0,2000,RS_CONT,11,71.49843290184056,0,2000
rastrigin_d10_i009,rastrigin,cont,5.0,2000,RS_CONT,12,87.36968803178158,0,2000
rastrigin_d10_i009,rastrigin,cont,5.0,2000,RS_CONT,13,92.6449858742897,0,2000
rastrigin_d10_i009,rastrigin,cont,5.0,2000,RS_CONT,14,82.52252500765684,0,2000
rastrigin_d10_i009,rastrigin,cont,5.0,2000,RS_CONT,15,65.7817278069214,0,2000
rastrigin_d10_i009,rastrigin,cont,5.0,2000,RS_CONT,16,80.04070721535246,0,2000
rastrigin_d10_i009,rastrigin,cont,5.0,2000,RS_CONT,17,87.26027582233053,0,2000
rastrigin_d10_i009,rastrigin,cont,5.0,2000,RS_CONT,18,82.19913489801567,0,2000
rastrigin_d10_i009,rastrigin,cont,5.0,2000,RS_CONT,19,67.89310777016516,0,2000
rastrigin_d10_i009,rastrigin,cont,5.0,2000,RS_CONT,20,84.60346488630158,0,2000
rastrigin_d10_i009,rastrigin,cont,5.0,2000,RS_CONT,21,78.51285959693057,0,2000
rastrigin_d10_i009,rastrigin,cont,5.0,2000,RS_CONT,22,73.47191826944675,0,2000
rastrigin_d10_i009,rastrigin,cont,5.0,2000,RS_CONT,23,74.59795127662662,0,2000
rastrigin_d10_i009,rastrigin,cont,5.0,2000,RS_CONT,24,87.38131014128632,0,2000
rastrigin_d10_i009,rastrigin,cont,5.0,2000,RS_CONT,25,76.96445326960861,0,2000
rastrigin_d10_i009,rastrigin,cont,5.0,2000,RS_CONT,26,75.34161548022587,0,2000
rastrigin_d10_i009,rastrigin,cont,5.0,2000,RS_CONT,27,80.6904219567067,0,2000
rastrigin_d10_i009,rastrigin,cont,5.0,2000,RS_CONT,28,74.9910804671214,0,2000
rastrigin_d10_i009,rastrigin,cont,5.0,2000,RS_CONT,29,87.15872882545392,0,2000
rastrigin_d10_i009,rastrigin,cont,5.0,2000,PSO_STD,0,12.237625537428187,0,2000
rastrigin_d10_i009,rastrigin,cont,5.0,2000,PSO_STD,1,58.36752697844513,0,2000
rastrigin_d10_i009,rastrigin,cont,5.0,2000,PSO_STD,2,10.899013455913106,0,2000
rastrigin_d10_i009,rastrigin,cont,5.0,2000,PSO_STD,3,25.513129435537138,0,2000
rastrigin_d10_i009,rastrigin,cont,5.0,2000,PSO_STD,4,18.019917542415442,0,2000
rastrigin_d10_i009,rastrigin,cont,5.0,2000,PSO_STD,5,27.875996705958784,0,2000
rastrigin_d10_i009,rastrigin,cont,5.0,2000,PSO_STD,6,14.70743774467303,0,2000
rastrigin_d10_i009,rastrigin,cont,5.0,2000,PSO_STD,7,20.44279123701793,0,2000
rastrigin_d10_i009,rastrigin,cont,5.0,2000,PSO_STD,8,12.428844210646645,0,2000
rastrigin_d10_i009,rastrigin,cont,5.0,2000,PSO_STD,9,21.609284503461865,0,2000
rastrigin_d10_i009,rastrigin,cont,5.0,2000,PSO_STD,10,36.64576957251127,0,2000
rastrigin_d10_i009,rastrigin,cont,5.0,2000,PSO_STD,11,15.035345246175297,0,2000
rastrigin_d10_i009,rastrigin,cont,5.0,2000,PSO_STD,12,24.33230562054149,0,2000
rastrigin_d10_i009,rastrigin,cont,5.0,2000,PSO_STD,13,31.330804319254412,0,2000
rastrigin_d10_i009,rastrigin,cont,5.0,2000,PSO_STD,14,21.588797635040237,0,2000
rastrigin_d10_i009,rastrigin,cont,5.0,2000,PSO_STD,15,22.446303056377673,0,2000
rastrigin_d10_i009,rastrigin,cont,5.0,2000,PSO_STD,16,35.788539118339116,0,2000
rastrigin_d10_i009,rastrigin,cont,5.0,2000,PSO_STD,17,16.280108792457355,0,2000
rastrigin_d10_i009,rastrigin,cont,5.0,2000,PSO_STD,18,16.216199737861032,0,2000
rastrigin_d10_i009,rastrigin,cont,5.0,2000,PSO_STD,19,43.063574505910225,0,2000
rastrigin_d10_i009,rastrigin,cont,5.0,2000,PSO_STD,20,22.591823557321447,0,2000
rastrigin_d10_i009,rastrigin,cont,5.0,2000,PSO_STD,21,21.628002079923846,0,2000
rastrigin_d10_i009,rastrigin,cont,5.0,2000,PSO_STD,22,26.1805922555738,0,2000
rastrigin_d10_i009,rastrigin,cont,5.0,2000,PSO_STD,23,47.635499288573186,0,2000
rastrigin_d10_i009,rastrigin,cont,5.0,2000,PSO_STD,24,16.619751684712412,0,2000
rastrigin_d10_i009,rastrigin,cont,5.0,2000,PSO_STD,25,28.124810673223877,0,2000
rastrigin_d10_i009,rastrigin,cont,5.0,2000,PSO_STD,26,38.145321631119046,0,2000
rastrigin_d10_i009,rastrigin,cont,5.0,2000,PSO_STD,27,23.189695041270937,0,2000
rastrigin_d10_i009,rastrigin,cont,5.0,2000,PSO_STD,28,24.116310861462395,0,2000
rastrigin_d10_i009,rastrigin,cont,5.0,2000,PSO_STD,29,14.257741794709872,0,2000
rastrigin_d10_i009,rastrigin,cont,5.0,2000,PSO_RING,0,39.267941319583656,0,2000
rastrigin_d10_i009,rastrigin,cont,5.0,2000,PSO_RING,1,36.26885744825835,0,2000
rastrigin_d10_i009,rastrigin,cont,5.0,2000,PSO_RING,2,18.227881824488378,0,2000
rastrigin_d10_i009,rastrigin,cont,5.0,2000,PSO_RING,3,30.11974604953322,0,2000
rastrigin_d10_i009,rastrigin,cont,5.0,2000,PSO_RING,4,35.99397891082161,0,2000
rastrigin_d10_i009,rastrigin,cont,5.0,2000,PSO_RING,5,18.245638618626046,0,2000
rastrigin_d10_i009,rastrigin,cont,5.0,2000,PSO_RING,6,32.264860795531234,0,2000
rastrigin_d10_i009,rastrigin,cont,5.0,2000,PSO_RING,7,20.29062943954783,0,2000
rastrigin_d10_i009,rastrigin,cont,5.0,2000,PSO_RING,8,31.298543755465232,0,2000
rastrigin_d10_i009,rastrigin,cont,5.0,2000,PSO_RING,9,30.265796860157238,0,2000
rastrigin_d10_i009,rastrigin,cont,5.0,2000,PSO_RING,10,47.50413185495955,0,2000
rastrigin_d10_i009,rastrigin,cont,5.0,2000,PSO_RING,11,25.86812763103036,0,2000
rastrigin_d10_i009,rastrigin,cont,5.0,2000,PSO_RING,12,30.184540727132145,0,2000
rastrigin_d10_i009,rastrigin,cont,5.0,2000,PSO_RING,13,25.00229255317467,0,2000
rastrigin_d10_i009,rastrigin,cont,5.0,2000,PSO_RING,14,40.14845120205145,0,2000
rastrigin_d10_i009,rastrigin,cont,5.0,2000,PSO_RING,15,35.40468681918786,0,2000
rastrigin_d10_i009,rastrigin,cont,5.0,2000,PSO_RING,16,28.995346141609758,0,2000
rastrigin_d10_i009,rastrigin,cont,5.0,2000,PSO_RING,17,33.445785487573545,0,2000
rastrigin_d10_i009,rastrigin,cont,5.0,2000,PSO_RING,18,38.720421677683504,0,2000
rastrigin_d10_i009,rastrigin,cont,5.0,2000,PSO_RING,19,48.87275213737211,0,2000
rastrigin_d10_i009,rastrigin,cont,5.0,2000,PSO_RING,20,42.84788716300801,0,2000
rastrigin_d10_i009,rastrigin,cont,5.0,2000,PSO_RING,21,22.54151884512001,0,2000
rastrigin_d10_i009,rastrigin,cont,5.0,2000,PSO_RING,22,15.341646513629613,0,2000
rastrigin_d10_i009,rastrigin,cont,5.0,2000,PSO_RING,23,35.696927868621444,0,2000
rastrigin_d10_i009,rastrigin,cont,5.0,2000,PSO_RING,24,34.833307715298034,0,2000
rastrigin_d10_i009,rastrigin,cont,5.0,2000,PSO_RING,25,35.46976866472953,0,2000
rastrigin_d10_i009,rastrigin,cont,5.0,2000,PSO_RING,26,42.14097347777586,0,2000
rastrigin_d10_i009,rastrigin,cont,5.0,2000,PSO_RING,27,39.65655445253713,0,2000
rastrigin_d10_i009,rastrigin,cont,5.0,2000,PSO_RING,28,35.565436757938116,0,2000
rastrigin_d10_i009,rastrigin,cont,5.0,2000,PSO_RING,29,31.82045279408503,0,2000
rastrigin_d10_i009,rastrigin,cont,5.0,2000,DE,0,67.91144142256567,0,2000
rastrigin_d10_i009,rastrigin,cont,5.0,2000,DE,1,72.95405322351357,0,2000
rastrigin_d10_i009,rastrigin,cont,5.0,2000,DE,2,75.08401229915137,0,2000
rastrigin_d10_i009,rastrigin,cont,5.0,2000,DE,3,81.23121360687708,0,2000
rastrigin_d10_i009,rastrigin,cont,5.0,2000,DE,4,73.78002700048101,0,2000
rastrigin_d10_i009,rastrigin,cont,5.0,2000,DE,5,76.72615772461508,0,2000
rastrigin_d10_i009,rastrigin,cont,5.0,2000,DE,6,81.40348039836363,0,2000
rastrigin_d10_i009,rastrigin,cont,5.0,2000,DE,7,82.90663005654966,0,2000
rastrigin_d10_i009,rastrigin,cont,5.0,2000,DE,8,58.958152954343994,0,2000
rastrigin_d10_i009,rastrigin,cont,5.0,2000,DE,9,75.60411257879261,0,2000
rastrigin_d10_i009,rastrigin,cont,5.0,2000,DE,10,79.27902682684368,0,2000
rastrigin_d10_i009,rastrigin,cont,5.0,2000,DE,11,55.024385892207675,0,2000
rastrigin_d10_i009,rastrigin,cont,5.0,2000,DE,12,65.52931506654255,0,2000
rastrigin_d10_i009,rastrigin,cont,5.0,2000,DE,13,74.68189992413676,0,2000
rastrigin_d10_i009,rastrigin,cont,5.0,2000,DE,14,71.69643690738393,0,2000
rastrigin_d10_i009,rastrigin,cont,5.0,2000,DE,15,63.115778417468455,0,2000
rastrigin_d10_i009,rastrigin,cont,5.0,2000,DE,16,79.06343135167182,0,2000
rastrigin_d10_i009,rastrigin,cont,5.0,2000,DE,17,78.4289617564294,0,2000
rastrigin_d10_i009,rastrigin,cont,5.0,2000,DE,18,61.537381639335266,0,2000
rastrigin_d10_i009,rastrigin,cont,5.0,2000,DE,19,64.24507291539535,0,2000
rastrigin_d10_i009,rastrigin,cont,5.0,2000,DE,20,66.39863391201837,0,2000
rastrigin_d10_i009,rastrigin,cont,5.0,2000,DE,21,66.80658641251975,0,2000
rastrigin_d10_i009,rastrigin,cont,5.0,2000,DE,22,78.61715468841818,0,2000
rastrigin_d10_i009,rastrigin,cont,5.0,2000,DE,23,64.27430724048502,0,2000
rastrigin_d10_i009,rastrigin,cont,5.0,2000,DE,24,60.703809040560394,0,2000
rastrigin_d10_i009,rastrigin,cont,5.0,2000,DE,25,52.13260188789006,0,2000
rastrigin_d10_i009,rastrigin,cont,5.0,2000,DE,26,85.77054703446692,0,2000
rastrigin_d10_i009,rastrigin,cont,5.0,2000,DE,27,60.76754042875192,0,2000
rastrigin_d10_i009,rastrigin,cont,5.0,2000,DE,28,56.99548286334441,0,2000
rastrigin_d10_i009,rastrigin,cont,5.0,2000,DE,29,81.31419276106527,0,2000
sphere_d20_i010,sphere,cont,0.001,2000,RS_CONT,0,65.33379587190339,0,2000
sphere_d20_i010,sphere,cont,0.001,2000,RS_CONT,1,76.34686375222589,0,2000
sphere_d20_i010,sphere,cont,0.001,2000,RS_CONT,2,70.49900872226242,0,2000
sphere_d20_i010,sphere,cont,0.001,2000,RS_CONT,3,53.00992601808712,0,2000
sphere_d20_i010,sphere,cont,0.001,2000,RS_CONT,4,59.337899914057445,0,2000
sphere_d20_i010,sphere,cont,0.001,2000,RS_CONT,5,58.085552205877306,0,2000
sphere_d20_i010,sphere,cont,0.001,2000,RS_CONT,6,71.11980465152655,0,2000
sphere_d20_i010,sphere,cont,0.001,2000,RS_CONT,7,74.54245652761601,0,2000
sphere_d20_i010,sphere,cont,0.001,2000,RS_CONT,8,64.96206821211375,0,2000
sphere_d20_i010,sphere,cont,0.001,2000,RS_CONT,9,61.76012087612245,0,2000
sphere_d20_i010,sphere,cont,0.001,2000,RS_CONT,10,62.37399084604686,0,2000
sphere_d20_i010,sphere,cont,0.001,2000,RS_CONT,11,66.8651850349753,0,2000
sphere_d20_i010,sphere,cont,0.001,2000,RS_CONT,12,71.16750566700418,0,2000
sphere_d20_i010,sphere,cont,0.001,2000,RS_CONT,13,58.721180946915325,0,2000
sphere_d20_i010,sphere,cont,0.001,2000,RS_CONT,14,63.08984059671135,0,2000
sphere_d20_i010,sphere,cont,0.001,2000,RS_CONT,15,72.74004194750862,0,2000
sphere_d20_i010,sphere,cont,0.001,2000,RS_CONT,16,57.846678675388894,0,2000
sphere_d20_i010,sphere,cont,0.001,2000,RS_CONT,17,74.16442178879701,0,2000
sphere_d20_i010,sphere,cont,0.001,2000,RS_CONT,18,66.36780678614718,0,2000
sphere_d20_i010,sphere,cont,0.001,2000,RS_CONT,19,55.13322300333412,0,2000
sphere_d20_i010,sphere,cont,0.001,2000,RS_CONT,20,63.13925928768189,0,2000
sphere_d20_i010,sphere,cont,0.001,2000,RS_CONT,21,61.443563649966514,0,2000
sphere_d20_i010,sphere,cont,0.001,2000,RS_CONT,22,59.03742655502319,0,2000
sphere_d20_i010,sphere,cont,0.001,2000,RS_CONT,23,60.41794666156626,0,2000
sphere_d20_i010,sphere,cont,0.001,2000,RS_CONT,24,67.07458983817817,0,2000
sphere_d20_i010,sphere,cont,0.001,2000,RS_CONT,25,70.2271664811863,0,2000
sphere_d20_i010,sphere,cont,0.001,2000,RS_CONT,26,66.34094260099589,0,2000
sphere_d20_i010,sphere,cont,0.001,2000,RS_CONT,27,73.5426329613482,0,2000
sphere_d20_i010,sphere,cont,0.001,2000,RS_CONT,28,69.83385772458651,0,2000
sphere_d20_i010,sphere,cont,0.001,2000,RS_CONT,29,69.03170752270088,0,2000
sphere_d20_i010,sphere,cont,0.001,2000,PSO_STD,0,0.2887785083307236,0,2000
sphere_d20_i010,sphere,cont,0.001,2000,PSO_STD,1,0.6097317551352418,0,2000
sphere_d20_i010,sphere,cont,0.001,2000,PSO_STD,2,0.34092829737575076,0,2000
sphere_d20_i010,sphere,cont,0.001,2000,PSO_STD,3,0.45394943263306936,0,2000
sphere_d20_i010,sphere,cont,0.001,2000,PSO_STD,4,0.3654736148990009,0,2000
sphere_d20_i010,sphere,cont,0.001,2000,PSO_STD,5,0.3808103696531324,0,2000
sphere_d20_i010,sphere,cont,0.001,2000,PSO_STD,6,0.45482814437306013,0,2000
sphere_d20_i010,sphere,cont,0.001,2000,PSO_STD,7,0.3899187596171803,0,2000
sphere_d20_i010,sphere,cont,0.001,2000,PSO_STD,8,0.19353353422497838,0,2000
sphere_d20_i010,sphere,cont,0.001,2000,PSO_STD,9,0.25812871724883035,0,2000
sphere_d20_i010,sphere,cont,0.001,2000,PSO_STD,10,0.6329693696902857,0,2000
sphere_d20_i010,sphere,cont,0.001,2000,PSO_STD,11,0.5352841302705754,0,2000
sphere_d20_i010,sphere,cont,0.001,2000,PSO_STD,12,0.5950819828462124,0,2000
sphere_d20_i010,sphere,cont,0.001,2000,PSO_STD,13,0.9683520833654451,0,2000
sphere_d20_i010,sphere,cont,0.001,2000,PSO_STD,14,0.25853774736005625,0,2000
sphere_d20_i010,sphere,cont,0.001,2000,PSO_STD,15,0.4254766317873759,0,2000
sphere_d20_i010,sphere,cont,0.001,2000,PSO_STD,16,0.4983717630714743,0,2000
sphere_d20_i010,sphere,cont,0.001,2000,PSO_STD,17,0.5674440635841653,0,2000
sphere_d20_i010,sphere,cont,0.001,2000,PSO_STD,18,0.8070546230882788,0,2000
sphere_d20_i010,sphere,cont,0.001,2000,PSO_STD,19,0.5227080746460468,0,2000
sphere_d20_i010,sphere,cont,0.001,2000,PSO_STD,20,0.16477807703557176,0,2000
sphere_d20_i010,sphere,cont,0.001,2000,PSO_STD,21,0.3483987021040034,0,2000
sphere_d20_i010,sphere,cont,0.001,2000,PSO_STD,22,0.44381758874113186,0,2000
sphere_d20_i010,sphere,cont,0.001,2000,PSO_STD,23,0.7396419711798231,0,2000
sphere_d20_i010,sphere,cont,0.001,2000,PSO_STD,24,0.15128341316297553,0,2000
sphere_d20_i010,sphere,cont,0.001,2000,PSO_STD,25,0.12092208819463665,0,2000
sphere_d20_i010,sphere,cont,0.001,2000,PSO_STD,26,0.6561069692943292,0,2000
sphere_d20_i010,sphere,cont,0.001,2000,PSO_STD,27,0.2407407080167181,0,2000
sphere_d20_i010,sphere,cont,0.001,2000,PSO_STD,28,0.4386601573586251,0,2000
sphere_d20_i010,sphere,cont,0.001,2000,PSO_STD,29,0.14230474731308726,0,2000
sphere_d20_i010,sphere,cont,0.001,2000,PSO_RING,0,5.692439122532442,0,2000
sphere_d20_i010,sphere,cont,0.001,2000,PSO_RING,1,4.941313100424798,0,2000
sphere_d20_i010,sphere,cont,0.001,2000,PSO_RING,2,7.411492564075239,0,2000
sphere_d20_i010,sphere,cont,0.001,2000,PSO_RING,3,5.040073864812758,0,2000
sphere_d20_i010,sphere,cont,0.001,2000,PSO_RING,4,4.264484913066337,0,2000
sphere_d20_i010,sphere,cont,0.001,2000,PSO_RING,5,3.6702167075221177,0,2000
sphere_d20_i010,sphere,cont,0.001,2000,PSO_RING,6,4.622808107774462,0,2000
sphere_d20_i010,sphere,cont,0.001,2000,PSO_RING,7,2.904272104290619,0,2000
sphere_d20_i010,sphere,cont,0.001,2000,PSO_RING,8,4.6312390968736645,0,2000
sphere_d20_i010,sphere,cont,0.001,2000,PSO_RING,9,3.169162804788816,0,2000
sphere_d20_i010,sphere,cont,0.001,2000,PSO_RING,10,5.429002625477906,0,2000
sphere_d20_i010,sphere,cont,0.001,2000,PSO_RING,11,3.500066670950474,0,2000
sphere_d20_i010,sphere,cont,0.001,2000,PSO_RING,12,3.288999073251191,0,2000
sphere_d20_i010,sphere,cont,0.001,2000,PSO_RING,13,3.376557133098924,0,2000
sphere_d20_i010,sphere,cont,0.001,2000,PSO_RING,14,3.382320031233254,0,2000
sphere_d20_i010,sphere,cont,0.001,2000,PSO_RING,15,7.312681412835086,0,2000
sphere_d20_i010,sphere,cont,0.001,2000,PSO_RING,16,3.5371403798048067,0,2000
sphere_d20_i010,sphere,cont,0.001,2000,PSO_RING,17,2.662987930815127,0,2000
sphere_d20_i010,sphere,cont,0.001,2000,PSO_RING,18,2.94034373097071,0,2000
sphere_d20_i010,sphere,cont,0.001,2000,PSO_RING,19,1.719456113327701,0,2000
sphere_d20_i010,sphere,cont,0.001,2000,PSO_RING,20,7.092788365506669,0,2000
sphere_d20_i010,sphere,cont,0.001,2000,PSO_RING,21,5.642015117171124,0,2000
sphere_d20_i010,sphere,cont,0.001,2000,PSO_RING,22,3.7024547849902243,0,2000
sphere_d20_i010,sphere,cont,0.001,2000,PSO_RING,23,2.1666724684380987,0,2000
sphere_d20_i010,sphere,cont,0.001,2000,PSO_RING,24,6.960619498990471,0,2000
sphere_d20_i010,sphere,cont,0.001,2000,PSO_RING,25,7.070826495806975,0,2000
sphere_d20_i010,sphere,cont,0.001,2000,PSO_RING,26,4.967479223597589,0,2000
sphere_d20_i010,sphere,cont,0.001,2000,PSO_RING,27,6.966754531106992,0,2000
sphere_d20_i010,sphere,cont,0.001,2000,PSO_RING,28,5.415852907939748,0,2000
sphere_d20_i010,sphere,cont,0.001,2000,PSO_RING,29,7.873839121626132,0,2000
sphere_d20_i010,sphere,cont,0.001,2000,DE,0,35.21222637266412,0,2000
sphere_d20_i010,sphere,cont,0.001,2000,DE,1,21.52088660454624,0,2000
sphere_d20_i010,sphere,cont,0.001,2000,DE,2,26.943187490565045,0,2000
sphere_d20_i010,sphere,cont,0.001,2000,DE,3,40.88924946228784,0,2000
sphere_d20_i010,sphere,cont,0.001,2000,DE,4,37.55991151332513,0,2000
sphere_d20_i010,sphere,cont,0.001,2000,DE,5,41.791505603402356,0,2000
sphere_d20_i010,sphere,cont,0.001,2000,DE,6,50.30395978415704,0,2000
sphere_d20_i010,sphere,cont,0.001,2000,DE,7,29.589641057920026,0,2000
sphere_d20_i010,sphere,cont,0.001,2000,DE,8,34.568054019655115,0,2000
sphere_d20_i010,sphere,cont,0.001,2000,DE,9,34.70651796388916,0,2000
sphere_d20_i010,sphere,cont,0.001,2000,DE,10,38.98268295627911,0,2000
sphere_d20_i010,sphere,cont,0.001,2000,DE,11,37.969086045449515,0,2000
sphere_d20_i010,sphere,cont,0.001,2000,DE,12,36.86618567598993,0,2000
sphere_d20_i010,sphere,cont,0.001,2000,DE,13,43.08736386403541,0,2000
sphere_d20_i010,sphere,cont,0.001,2000,DE,14,33.06437338683706,0,2000
sphere_d20_i010,sphere,cont,0.001,2000,DE,15,21.494844766496506,0,2000
sphere_d20_i010,sphere,cont,0.001,2000,DE,16,30.779214887571776,0,2000
sphere_d20_i010,sphere,cont,0.001,2000,DE,17,45.99877297795525,0,2000
sphere_d20_i010,sphere,cont,0.001,2000,DE,18,53.824858523870994,0,2000
sphere_d20_i010,sphere,cont,0.001,2000,DE,19,46.826776280708586,0,2000
sphere_d20_i010,sphere,cont,0.001,2000,DE,20,29.450414250482126,0,2000
sphere_d20_i010,sphere,cont,0.001,2000,DE,21,19.760649941197343,0,2000
sphere_d20_i010,sphere,cont,0.001,2000,DE,22,31.531117670965358,0,2000
sphere_d20_i010,sphere,cont,0.001,2000,DE,23,43.42826997813075,0,2000
sphere_d20_i010,sphere,cont,0.001,2000,DE,24,42.74933240213291,0,2000
sphere_d20_i010,sphere,cont,0.001,2000,DE,25,31.355255284766265,0,2000
sphere_d20_i010,sphere,cont,0.001,2000,DE,26,21.267849978558345,0,2000
sphere_d20_i010,sphere,cont,0.001,2000,DE,27,48.10598982423324,0,2000
sphere_d20_i010,sphere,cont,0.001,2000,DE,28,32.47278292132367,0,2000
sphere_d20_i010,sphere,cont,0.001,2000,DE,29,40.7625134120141,0,2000
rastrigin_d20_i011,rastrigin,cont,5.0,2000,RS_CONT,0,237.5885374700154,0,2000
rastrigin_d20_i011,rastrigin,cont,5.0,2000,RS_CONT,1,228.65573246774912,0,2000
rastrigin_d20_i011,rastrigin,cont,5.0,2000,RS_CONT,2,233.414512114179,0,2000
rastrigin_d20_i011,rastrigin,cont,5.0,2000,RS_CONT,3,202.1399228196035,0,2000
rastrigin_d20_i011,rastrigin,cont,5.0,2000,RS_CONT,4,212.66440555835314,0,2000
rastrigin_d20_i011,rastrigin,cont,5.0,2000,RS_CONT,5,226.20791924265424,0,2000
rastrigin_d20_i011,rastrigin,cont,5.0,2000,RS_CONT,6,224.4498497988547,0,2000
rastrigin_d20_i011,rastrigin,cont,5.0,2000,RS_CONT,7,191.84436079513497,0,2000
rastrigin_d20_i011,rastrigin,cont,5.0,2000,RS_CONT,8,218.7999941979173,0,2000
rastrigin_d20_i011,rastrigin,cont,5.0,2000,RS_CONT,9,225.27286103848468,0,2000
rastrigin_d20_i011,rastrigin,cont,5.0,2000,RS_CONT,10,222.911027018429,0,2000
rastrigin_d20_i011,rastrigin,cont,5.0,2000,RS_CONT,11,214.4423669334375,0,2000
rastrigin_d20_i011,rastrigin,cont,5.0,2000,RS_CONT,12,200.26768817080034,0,2000
rastrigin_d20_i011,rastrigin,cont,5.0,2000,RS_CONT,13,236.17620344831752,0,2000
rastrigin_d20_i011,rastrigin,cont,5.0,2000,RS_CONT,14,213.21461513225904,0,2000
rastrigin_d20_i011,rastrigin,cont,5.0,2000,RS_CONT,15,208.19065728861793,0,2000
rastrigin_d20_i011,rastrigin,cont,5.0,2000,RS_CONT,16,224.13123652996234,0,2000
rastrigin_d20_i011,rastrigin,cont,5.0,2000,RS_CONT,17,222.99289038622857,0,2000
rastrigin_d20_i011,rastrigin,cont,5.0,2000,RS_CONT,18,228.8388960633269,0,2000
rastrigin_d20_i011,rastrigin,cont,5.0,2000,RS_CONT,19,191.5306622317039,0,2000
rastrigin_d20_i011,rastrigin,cont,5.0,2000,RS_CONT,20,226.08105912734158,0,2000
rastrigin_d20_i011,rastrigin,cont,5.0,2000,RS_CONT,21,236.34910139152865,0,2000
rastrigin_d20_i011,rastrigin,cont,5.0,2000,RS_CONT,22,211.82654141117322,0,2000
rastrigin_d20_i011,rastrigin,cont,5.0,2000,RS_CONT,23,213.72919440555603,0,2000
rastrigin_d20_i011,rastrigin,cont,5.0,2000,RS_CONT,24,156.45477331989062,0,2000
rastrigin_d20_i011,rastrigin,cont,5.0,2000,RS_CONT,25,217.62277480293005,0,2000
rastrigin_d20_i011,rastrigin,cont,5.0,2000,RS_CONT,26,205.31620637738462,0,2000
rastrigin_d20_i011,rastrigin,cont,5.0,2000,RS_CONT,27,224.21449320442,0,2000
rastrigin_d20_i011,rastrigin,cont,5.0,2000,RS_CONT,28,235.92291940914754,0,2000
rastrigin_d20_i011,rastrigin,cont,5.0,2000,RS_CONT,29,225.25402779509753,0,2000
rastrigin_d20_i011,rastrigin,cont,5.0,2000,PSO_STD,0,104.47405152673205,0,2000
rastrigin_d20_i011,rastrigin,cont,5.0,2000,PSO_STD,1,145.12893952808315,0,2000
rastrigin_d20_i011,rastrigin,cont,5.0,2000,PSO_STD,2,113.34323122114807,0,2000
rastrigin_d20_i011,rastrigin,cont,5.0,2000,PSO_STD,3,98.67907281945263,0,2000
rastrigin_d20_i011,rastrigin,cont,5.0,2000,PSO_STD,4,100.20387375233094,0,2000
rastrigin_d20_i011,rastrigin,cont,5.0,2000,PSO_STD,5,99.8182847311765,0,2000
rastrigin_d20_i011,rastrigin,cont,5.0,2000,PSO_STD,6,121.06948707569433,0,2000
rastrigin_d20_i011,rastrigin,cont,5.0,2000,PSO_STD,7,118.9756024223634,0,2000
rastrigin_d20_i011,rastrigin,cont,5.0,2000,PSO_STD,8,112.6772712225981,0,2000
rastrigin_d20_i011,rastrigin,cont,5.0,2000,PSO_STD,9,92.22766563502259,0,2000
rastrigin_d20_i011,rastrigin,cont,5.0,2000,PSO_STD,10,73.22108385121213,0,2000
rastrigin_d20_i011,rastrigin,cont,5.0,2000,PSO_STD,11,79.95258635028905,0,2000
rastrigin_d20_i011,rastrigin,cont,5.0,2000,PSO_STD,12,76.49549549806494,0,2000
rastrigin_d20_i011,rastrigin,cont,5.0,2000,PSO_STD,13,81.1555025034577,0,2000
rastrigin_d20_i011,rastrigin,cont,5.0,2000,PSO_STD,14,128.06034362028169,0,2000
rastrigin_d20_i011,rastrigin,cont,5.0,2000,PSO_STD,15,144.87606333080612,0,2000
rastrigin_d20_i011,rastrigin,cont,5.0,2000,PSO_STD,16,112.4167187265906,0,2000
rastrigin_d20_i011,rastrigin,cont,5.0,2000,PSO_STD,17,134.59155187017532,0,2000
rastrigin_d20_i011,rastrigin,cont,5.0,2000,PSO_STD,18,112.19851312990018,0,2000
rastrigin_d20_i011,rastrigin,cont,5.0,2000,PSO_STD,19,89.31281460597143,0,2000
rastrigin_d20_i011,rastrigin,cont,5.0,2000,PSO_STD,20,74.97421582991015,0,2000
rastrigin_d20_i011,rastrigin,cont,5.0,2000,PSO_STD,21,143.16615100299074,0,2000
rastrigin_d20_i011,rastrigin,cont,5.0,2000,PSO_STD,22,58.418764608189065,0,2000
rastrigin_d20_i011,rastrigin,cont,5.0,2000,PSO_STD,23,114.0327259312744,0,2000
rastrigin_d20_i011,rastrigin,cont,5.0,2000,PSO_STD,24,120.6237748357338,0,2000
rastrigin_d20_i011,rastrigin,cont,5.0,2000,PSO_STD,25,121.50123301507769,0,2000
rastrigin_d20_i011,rastrigin,cont,5.0,2000,PSO_STD,26,107.08926647282169,0,2000
rastrigin_d20_i011,rastrigin,cont,5.0,2000,PSO_STD,27,112.48806107524273,0,2000
rastrigin_d20_i011,rastrigin,cont,5.0,2000,PSO_STD,28,95.179209147248,0,2000
rastrigin_d20_i011,rastrigin,cont,5.0,2000,PSO_STD,29,82.84410906101633,0,2000
rastrigin_d20_i011,rastrigin,cont,5.0,2000,PSO_RING,0,119.5822592207385,0,2000
rastrigin_d20_i011,rastrigin,cont,5.0,2000,PSO_RING,1,141.7283918861749,0,2000
rastrigin_d20_i011,rastrigin,cont,5.0,2000,PSO_RING,2,120.18880844635618,0,2000
rastrigin_d20_i011,rastrigin,cont,5.0,2000,PSO_RING,3,144.59128085921938,0,2000
rastrigin_d20_i011,rastrigin,cont,5.0,2000,PSO_RING,4,149.8560479050841,0,2000
rastrigin_d20_i011,rastrigin,cont,5.0,2000,PSO_RING,5,119.77868789568639,0,2000
rastrigin_d20_i011,rastrigin,cont,5.0,2000,PSO_RING,6,150.57178531934193,0,2000
rastrigin_d20_i011,rastrigin,cont,5.0,2000,PSO_RING,7,136.6517189665571,0,2000
rastrigin_d20_i011,rastrigin,cont,5.0,2000,PSO_RING,8,122.083159338386,0,2000
rastrigin_d20_i011,rastrigin,cont,5.0,2000,PSO_RING,9,144.60917256528322,0,2000
rastrigin_d20_i011,rastrigin,cont,5.0,2000,PSO_RING,10,85.92136232016892,0,2000
rastrigin_d20_i011,rastrigin,cont,5.0,2000,PSO_RING,11,134.55328939669272,0,2000
rastrigin_d20_i011,rastrigin,cont,5.0,2000,PSO_RING,12,130.45218125886635,0,2000
rastrigin_d20_i011,rastrigin,cont,5.0,2000,PSO_RING,13,138.21068828387314,0,2000
rastrigin_d20_i011,rastrigin,cont,5.0,2000,PSO_RING,14,115.9757221207768,0,2000
rastrigin_d20_i011,rastrigin,cont,5.0,2000,PSO_RING,15,138.5862454305283,0,2000
rastrigin_d20_i011,rastrigin,cont,5.0,2000,PSO_RING,16,113.39122611272643,0,2000
rastrigin_d20_i011,rastrigin,cont,5.0,2000,PSO_RING,17,123.93388048552674,0,2000
rastrigin_d20_i011,rastrigin,cont,5.0,2000,PSO_RING,18,151.48978011563096,0,2000
rastrigin_d20_i011,rastrigin,cont,5.0,2000,PSO_RING,19,108.02126007894887,0,2000
rastrigin_d20_i011,rastrigin,cont,5.0,2000,PSO_RING,20,130.42285918702947,0,2000
rastrigin_d20_i011,rastrigin,cont,5.0,2000,PSO_RING,21,128.04132591687875,0,2000
rastrigin_d20_i011,rastrigin,cont,5.0,2000,PSO_RING,22,129.96706346879586,0,2000
rastrigin_d20_i011,rastrigin,cont,5.0,2000,PSO_RING,23,128.71316520677124,0,2000
rastrigin_d20_i011,rastrigin,cont,5.0,2000,PSO_RING,24,146.28977944591242,0,2000
rastrigin_d20_i011,rastrigin,cont,5.0,2000,PSO_RING,25,130.66144024434382,0,2000
rastrigin_d20_i011,rastrigin,cont,5.0,2000,PSO_RING,26,120.97672362734157,0,2000
rastrigin_d20_i011,rastrigin,cont,5.0,2000,PSO_RING,27,119.09758512107784,0,2000
rastrigin_d20_i011,rastrigin,cont,5.0,2000,PSO_RING,28,153.8142294875371,0,2000
rastrigin_d20_i011,rastrigin,cont,5.0,2000,PSO_RING,29,126.60539038012384,0,2000
rastrigin_d20_i011,rastrigin,cont,5.0,2000,DE,0,231.56881621778518,0,2000
rastrigin_d20_i011,rastrigin,cont,5.0,2000,DE,1,209.15766021617705,0,2000
rastrigin_d20_i011,rastrigin,cont,5.0,2000,DE,2,228.06893376817456,0,2000
rastrigin_d20_i011,rastrigin,cont,5.0,2000,DE,3,209.81564616854808,0,2000
rastrigin_d20_i011,rastrigin,cont,5.0,2000,DE,4,239.12052988565537,0,2000
rastrigin_d20_i011,rastrigin,cont,5.0,2000,DE,5,196.21313544562074,0,2000
rastrigin_d20_i011,rastrigin,cont,5.0,2000,DE,6,217.58135385237495,0,2000
rastrigin_d20_i011,rastrigin,cont,5.0,2000,DE,7,194.57104598918644,0,2000
rastrigin_d20_i011,rastrigin,cont,5.0,2000,DE,8,217.58678432017282,0,2000
rastrigin_d20_i011,rastrigin,cont,5.0,2000,DE,9,207.0140420266417,0,2000
rastrigin_d20_i011,rastrigin,cont,5.0,2000,DE,10,189.0503334350367,0,2000
rastrigin_d20_i011,rastrigin,cont,5.0,2000,DE,11,219.21938889947117,0,2000
rastrigin_d20_i011,rastrigin,cont,5.0,2000,DE,12,230.874137452932,0,2000
rastrigin_d20_i011,rastrigin,cont,5.0,2000,DE,13,222.25963998504778,0,2000
rastrigin_d20_i011,rastrigin,cont,5.0,2000,DE,14,217.62447054025688,0,2000
rastrigin_d20_i011,rastrigin,cont,5.0,2000,DE,15,211.21486736142072,0,2000
rastrigin_d20_i011,rastrigin,cont,5.0,2000,DE,16,204.29866416967565,0,2000
rastrigin_d20_i011,rastrigin,cont,5.0,2000,DE,17,228.64669404038165,0,2000
rastrigin_d20_i011,rastrigin,cont,5.0,2000,DE,18,208.44589101506784,0,2000
rastrigin_d20_i011,rastrigin,cont,5.0,2000,DE,19,181.2787073131901,0,2000
rastrigin_d20_i011,rastrigin,cont,5.0,2000,DE,20,229.83417422717542,0,2000
rastrigin_d20_i011,rastrigin,cont,5.0,2000,DE,21,211.81260043920912,0,2000
rastrigin_d20_i011,rastrigin,cont,5.0,2000,DE,22,216.47705418802758,0,2000
rastrigin_d20_i011,rastrigin,cont,5.0,2000,DE,23,217.50544168809304,0,2000
rastrigin_d20_i011,rastrigin,cont,5.0,2000,DE,24,201.27899795426706,0,2000
rastrigin_d20_i011,rastrigin,cont,5.0,2000,DE,25,196.4469466379973,0,2000
rastrigin_d20_i011,rastrigin,cont,5.0,2000,DE,26,219.5350759705728,0,2000
rastrigin_d20_i011,rastrigin,cont,5.0,2000,DE,27,208.7100484268983,0,2000
rastrigin_d20_i011,rastrigin,cont,5.0,2000,DE,28,223.17691759724337,0,2000
rastrigin_d20_i011,rastrigin,cont,5.0,2000,DE,29,212.94088218307965,0,2000
sphere_d20_i012,sphere,cont,0.001,2000,RS_CONT,0,55.40810815022654,0,2000
sphere_d20_i012,sphere,cont,0.001,2000,RS_CONT,1,69.84438892173897,0,2000
sphere_d20_i012,sphere,cont,0.001,2000,RS_CONT,2,66.63610616138281,0,2000
sphere_d20_i012,sphere,cont,0.001,2000,RS_CONT,3,73.79290128600158,0,2000
sphere_d20_i012,sphere,cont,0.001,2000,RS_CONT,4,65.32369755046426,0,2000
sphere_d20_i012,sphere,cont,0.001,2000,RS_CONT,5,68.19696448230947,0,2000
sphere_d20_i012,sphere,cont,0.001,2000,RS_CONT,6,62.40331528511772,0,2000
sphere_d20_i012,sphere,cont,0.001,2000,RS_CONT,7,65.96304994446871,0,2000
sphere_d20_i012,sphere,cont,0.001,2000,RS_CONT,8,60.61573489894648,0,2000
sphere_d20_i012,sphere,cont,0.001,2000,RS_CONT,9,80.18096805585519,0,2000
sphere_d20_i012,sphere,cont,0.001,2000,RS_CONT,10,69.10279623433513,0,2000
sphere_d20_i012,sphere,cont,0.001,2000,RS_CONT,11,61.70881153065489,0,2000
sphere_d20_i012,sphere,cont,0.001,2000,RS_CONT,12,69.02053659180665,0,2000
sphere_d20_i012,sphere,cont,0.001,2000,RS_CONT,13,73.20911144421285,0,2000
sphere_d20_i012,sphere,cont,0.001,2000,RS_CONT,14,68.21854388528457,0,2000
sphere_d20_i012,sphere,cont,0.001,2000,RS_CONT,15,72.82746093424136,0,2000
sphere_d20_i012,sphere,cont,0.001,2000,RS_CONT,16,66.8139667727479,0,2000
sphere_d20_i012,sphere,cont,0.001,2000,RS_CONT,17,67.46217809235456,0,2000
sphere_d20_i012,sphere,cont,0.001,2000,RS_CONT,18,43.939906339210985,0,2000
sphere_d20_i012,sphere,cont,0.001,2000,RS_CONT,19,73.28415736176859,0,2000
sphere_d20_i012,sphere,cont,0.001,2000,RS_CONT,20,64.47803227255336,0,2000
sphere_d20_i012,sphere,cont,0.001,2000,RS_CONT,21,72.1035543994419,0,2000
sphere_d20_i012,sphere,cont,0.001,2000,RS_CONT,22,71.27507632834899,0,2000
sphere_d20_i012,sphere,cont,0.001,2000,RS_CONT,23,65.28572188748407,0,2000
sphere_d20_i012,sphere,cont,0.001,2000,RS_CONT,24,59.06496529990175,0,2000
sphere_d20_i012,sphere,cont,0.001,2000,RS_CONT,25,59.53361638525263,0,2000
sphere_d20_i012,sphere,cont,0.001,2000,RS_CONT,26,67.19433525974745,0,2000
sphere_d20_i012,sphere,cont,0.001,2000,RS_CONT,27,49.7080465415735,0,2000
sphere_d20_i012,sphere,cont,0.001,2000,RS_CONT,28,55.12053356276816,0,2000
sphere_d20_i012,sphere,cont,0.001,2000,RS_CONT,29,64.32746099620451,0,2000
sphere_d20_i012,sphere,cont,0.001,2000,PSO_STD,0,0.8450643856769431,0,2000
sphere_d20_i012,sphere,cont,0.001,2000,PSO_STD,1,0.5786674919408793,0,2000
sphere_d20_i012,sphere,cont,0.001,2000,PSO_STD,2,0.7417916311697698,0,2000
sphere_d20_i012,sphere,cont,0.001,2000,PSO_STD,3,0.5979465014274586,0,2000
sphere_d20_i012,sphere,cont,0.001,2000,PSO_STD,4,0.1378567086255219,0,2000
sphere_d20_i012,sphere,cont,0.001,2000,PSO_STD,5,1.69329143529216,0,2000
sphere_d20_i012,sphere,cont,0.001,2000,PSO_STD,6,0.48017454675171534,0,2000
sphere_d20_i012,sphere,cont,0.001,2000,PSO_STD,7,0.6869872364836178,0,2000
sphere_d20_i012,sphere,cont,0.001,2000,PSO_STD,8,1.4183909624132598,0,2000
sphere_d20_i012,sphere,cont,0.001,2000,PSO_STD,9,0.6836297898660946,0,2000
sphere_d20_i012,sphere,cont,0.001,2000,PSO_STD,10,25.991646837235542,0,2000
sphere_d20_i012,sphere,cont,0.001,2000,PSO_STD,11,2.345241228638643,0,2000
sphere_d20_i012,sphere,cont,0.001,2000,PSO_STD,12,1.058392914576396,0,2000
sphere_d20_i012,sphere,cont,0.001,2000,PSO_STD,13,0.4319549485050568,0,2000
sphere_d20_i012,sphere,cont,0.001,2000,PSO_STD,14,1.055368376892128,0,2000
sphere_d20_i012,sphere,cont,0.001,2000,PSO_STD,15,0.21657377994469829,0,2000
sphere_d20_i012,sphere,cont,0.001,2000,PSO_STD,16,0.4412590512162088,0,2000
sphere_d20_i012,sphere,cont,0.001,2000,PSO_STD,17,0.27308154691776837,0,2000
sphere_d20_i012,sphere,cont,0.001,2000,PSO_STD,18,0.3393549741250208,0,2000
sphere_d20_i012,sphere,cont,0.001,2000,PSO_STD,19,0.4177065050286588,0,2000
sphere_d20_i012,sphere,cont,0.001,2000,PSO_STD,20,0.4520837178867523,0,2000
sphere_d20_i012,sphere,cont,0.001,2000,PSO_STD,21,0.30118320269987753,0,2000
sphere_d20_i012,sphere,cont,0.001,2000,PSO_STD,22,0.2544161235394957,0,2000
sphere_d20_i012,sphere,cont,0.001,2000,PSO_STD,23,0.3054466888078648,0,2000
sphere_d20_i012,sphere,cont,0.001,2000,PSO_STD,24,0.3474510988091736,0,2000
sphere_d20_i012,sphere,cont,0.001,2000,PSO_STD,25,0.17386233156886205,0,2000
sphere_d20_i012,sphere,cont,0.001,2000,PSO_STD,26,0.15247639930586393,0,2000
sphere_d20_i012,sphere,cont,0.001,2000,PSO_STD,27,0.37014642744934634,0,2000
sphere_d20_i012,sphere,cont,0.001,2000,PSO_STD,28,0.22931819072829518,0,2000
sphere_d20_i012,sphere,cont,0.001,2000,PSO_STD,29,0.2936121499652568,0,2000
sphere_d20_i012,sphere,cont,0.001,2000,PSO_RING,0,3.8036293861880406,0,2000
sphere_d20_i012,sphere,cont,0.001,2000,PSO_RING,1,5.045637910763736,0,2000
sphere_d20_i012,sphere,cont,0.001,2000,PSO_RING,2,4.601174774853,0,2000
sphere_d20_i012,sphere,cont,0.001,2000,PSO_RING,3,6.053660862307124,0,2000
sphere_d20_i012,sphere,cont,0.001,2000,PSO_RING,4,3.6806305785359035,0,2000
sphere_d20_i012,sphere,cont,0.001,2000,PSO_RING,5,5.332459788112579,0,2000
sphere_d20_i012,sphere,cont,0.001,2000,PSO_RING,6,4.518721407594202,0,2000
sphere_d20_i012,sphere,cont,0.001,2000,PSO_RING,7,3.5655748185594742,0,2000
sphere_d20_i012,sphere,cont,0.001,2000,PSO_RING,8,5.720574355881505,0,2000
sphere_d20_i012,sphere,cont,0.001,2000,PSO_RING,9,3.195804912608202,0,2000
sphere_d20_i012,sphere,cont,0.001,2000,PSO_RING,10,2.461405260562173,0,2000
sphere_d20_i012,sphere,cont,0.001,2000,PSO_RING,11,6.912280067390791,0,2000
sphere_d20_i012,sphere,cont,0.001,2000,PSO_RING,12,3.4679318404369717,0,2000
sphere_d20_i012,sphere,cont,0.001,2000,PSO_RING,13,9.87866812942582,0,2000
sphere_d20_i012,sphere,cont,0.001,2000,PSO_RING,14,2.896459481430425,0,2000
sphere_d20_i012,sphere,cont,0.001,2000,PSO_RING,15,2.750675583639205,0,2000
sphere_d20_i012,sphere,cont,0.001,2000,PSO_RING,16,7.796148471082316,0,2000
sphere_d20_i012,sphere,cont,0.001,2000,PSO_RING,17,3.213931998386769,0,2000
sphere_d20_i012,sphere,cont,0.001,2000,PSO_RING,18,3.7390452929868427,0,2000
sphere_d20_i012,sphere,cont,0.001,2000,PSO_RING,19,4.0818415561943455,0,2000
sphere_d20_i012,sphere,cont,0.001,2000,PSO_RING,20,3.3639240319538906,0,2000
sphere_d20_i012,sphere,cont,0.001,2000,PSO_RING,21,3.2878555585543436,0,2000
sphere_d20_i012,sphere,cont,0.001,2000,PSO_RING,22,4.912711843835254,0,2000
sphere_d20_i012,sphere,cont,0.001,2000,PSO_RING,23,4.323105269087619,0,2000
sphere_d20_i012,sphere,cont,0.001,2000,PSO_RING,24,4.447903804128728,0,2000
sphere_d20_i012,sphere,cont,0.001,2000,PSO_RING,25,2.9815179960764677,0,2000
sphere_d20_i012,sphere,cont,0.001,2000,PSO_RING,26,1.9938366000835135,0,2000
sphere_d20_i012,sphere,cont,0.001,2000,PSO_RING,27,4.126921536927784,0,2000
sphere_d20_i012,sphere,cont,0.001,2000,PSO_RING,28,5.939571485650362,0,2000
sphere_d20_i012,sphere,cont,0.001,2000,PSO_RING,29,5.977892084655019,0,2000
sphere_d20_i012,sphere,cont,0.001,2000,DE,0,34.078574533883824,0,2000
sphere_d20_i012,sphere,cont,0.001,2000,DE,1,30.557354648250424,0,2000
sphere_d20_i012,sphere,cont,0.001,2000,DE,2,30.87533331168249,0,2000
sphere_d20_i012,sphere,cont,0.001,2000,DE,3,31.591816903364688,0,2000
sphere_d20_i012,sphere,cont,0.001,2000,DE,4,42.80573051710939,0,2000
sphere_d20_i012,sphere,cont,0.001,2000,DE,5,49.82968356573811,0,2000
sphere_d20_i012,sphere,cont,0.001,2000,DE,6,29.502219518169436,0,2000
sphere_d20_i012,sphere,cont,0.001,2000,DE,7,39.46606190223926,0,2000
sphere_d20_i012,sphere,cont,0.001,2000,DE,8,42.798873078463195,0,2000
sphere_d20_i012,sphere,cont,0.001,2000,DE,9,23.690375035299898,0,2000
sphere_d20_i012,sphere,cont,0.001,2000,DE,10,24.50045010416193,0,2000
sphere_d20_i012,sphere,cont,0.001,2000,DE,11,49.40930428408445,0,2000
sphere_d20_i012,sphere,cont,0.001,2000,DE,12,34.40883561111976,0,2000
sphere_d20_i012,sphere,cont,0.001,2000,DE,13,14.988227870136297,0,2000
sphere_d20_i012,sphere,cont,0.001,2000,DE,14,30.575417117567955,0,2000
sphere_d20_i012,sphere,cont,0.001,2000,DE,15,32.1783251935547,0,2000
sphere_d20_i012,sphere,cont,0.001,2000,DE,16,44.195511619055345,0,2000
sphere_d20_i012,sphere,cont,0.001,2000,DE,17,36.69988897385362,0,2000
sphere_d20_i012,sphere,cont,0.001,2000,DE,18,31.26677019824069,0,2000
sphere_d20_i012,sphere,cont,0.001,2000,DE,19,33.79464364896228,0,2000
sphere_d20_i012,sphere,cont,0.001,2000,DE,20,40.253012266499056,0,2000
sphere_d20_i012,sphere,cont,0.001,2000,DE,21,31.792590147744544,0,2000
sphere_d20_i012,sphere,cont,0.001,2000,DE,22,36.49238188607561,0,2000
sphere_d20_i012,sphere,cont,0.001,2000,DE,23,32.01054725331306,0,2000
sphere_d20_i012,sphere,cont,0.001,2000,DE,24,29.842588707370833,0,2000
sphere_d20_i012,sphere,cont,0.001,2000,DE,25,33.63970407680567,0,2000
sphere_d20_i012,sphere,cont,0.001,2000,DE,26,49.99392708289593,0,2000
sphere_d20_i012,sphere,cont,0.001,2000,DE,27,26.22428279741388,0,2000
sphere_d20_i012,sphere,cont,0.001,2000,DE,28,40.08189498262116,0,2000
sphere_d20_i012,sphere,cont,0.001,2000,DE,29,24.043344237193168,0,2000
rastrigin_d20_i013,rastrigin,cont,5.0,2000,RS_CONT,0,222.43569018458126,0,2000
rastrigin_d20_i013,rastrigin,cont,5.0,2000,RS_CONT,1,221.62932657721876,0,2000
rastrigin_d20_i013,rastrigin,cont,5.0,2000,RS_CONT,2,226.314965223905,0,2000
rastrigin_d20_i013,rastrigin,cont,5.0,2000,RS_CONT,3,216.31012049459332,0,2000
rastrigin_d20_i013,rastrigin,cont,5.0,2000,RS_CONT,4,233.21608803058695,0,2000
rastrigin_d20_i013,rastrigin,cont,5.0,2000,RS_CONT,5,210.76091427240826,0,2000
rastrigin_d20_i013,rastrigin,cont,5.0,2000,RS_CONT,6,228.80172465213573,0,2000
rastrigin_d20_i013,rastrigin,cont,5.0,2000,RS_CONT,7,220.8076147591167,0,2000
rastrigin_d20_i013,rastrigin,cont,5.0,2000,RS_CONT,8,206.29894732229465,0,2000
rastrigin_d20_i013,rastrigin,cont,5.0,2000,RS_CONT,9,219.59992231135763,0,2000
rastrigin_d20_i013,rastrigin,cont,5.0,2000,RS_CONT,10,245.37598311822276,0,2000
rastrigin_d20_i013,rastrigin,cont,5.0,2000,RS_CONT,11,178.02116888535727,0,2000
rastrigin_d20_i013,rastrigin,cont,5.0,2000,RS_CONT,12,205.43623140624877,0,2000
rastrigin_d20_i013,rastrigin,cont,5.0,2000,RS_CONT,13,205.50338034685666,0,2000
rastrigin_d20_i013,rastrigin,cont,5.0,2000,RS_CONT,14,217.99748651804973,0,2000
rastrigin_d20_i013,rastrigin,cont,5.0,2000,RS_CONT,15,212.2841509870308,0,2000
rastrigin_d20_i013,rastrigin,cont,5.0,2000,RS_CONT,16,210.1914711593467,0,2000
rastrigin_d20_i013,rastrigin,cont,5.0,2000,RS_CONT,17,227.41247431301622,0,2000
rastrigin_d20_i013,rastrigin,cont,5.0,2000,RS_CONT,18,200.01841621273596,0,2000
rastrigin_d20_i013,rastrigin,cont,5.0,2000,RS_CONT,19,230.5303257712469,0,2000
rastrigin_d20_i013,rastrigin,cont,5.0,2000,RS_CONT,20,233.52625452672476,0,2000
rastrigin_d20_i013,rastrigin,cont,5.0,2000,RS_CONT,21,239.05031795243713,0,2000
rastrigin_d20_i013,rastrigin,cont,5.0,2000,RS_CONT,22,202.028539194978,0,2000
rastrigin_d20_i013,rastrigin,cont,5.0,2000,RS_CONT,23,189.96238268569,0,2000
rastrigin_d20_i013,rastrigin,cont,5.0,2000,RS_CONT,24,226.07203754035902,0,2000
rastrigin_d20_i013,rastrigin,cont,5.0,2000,RS_CONT,25,227.7426375402465,0,2000
rastrigin_d20_i013,rastrigin,cont,5.0,2000,RS_CONT,26,211.68269507803265,0,2000
rastrigin_d20_i013,rastrigin,cont,5.0,2000,RS_CONT,27,206.99928927725475,0,2000
rastrigin_d20_i013,rastrigin,cont,5.0,2000,RS_CONT,28,227.15262829489632,0,2000
rastrigin_d20_i013,rastrigin,cont,5.0,2000,RS_CONT,29,185.37573859686765,0,2000
rastrigin_d20_i013,rastrigin,cont,5.0,2000,PSO_STD,0,135.45588839610105,0,2000
rastrigin_d20_i013,rastrigin,cont,5.0,2000,PSO_STD,1,104.10055434673178,0,2000
rastrigin_d20_i013,rastrigin,cont,5.0,2000,PSO_STD,2,153.21346752096943,0,2000
rastrigin_d20_i013,rastrigin,cont,5.0,2000,PSO_STD,3,99.93071271739147,0,2000
rastrigin_d20_i013,rastrigin,cont,5.0,2000,PSO_STD,4,134.2199880271143,0,2000
rastrigin_d20_i013,rastrigin,cont,5.0,2000,PSO_STD,5,96.65610453047557,0,2000
rastrigin_d20_i013,rastrigin,cont,5.0,2000,PSO_STD,6,143.11064546459778,0,2000
rastrigin_d20_i013,rastrigin,cont,5.0,2000,PSO_STD,7,145.1724628157687,0,2000
rastrigin_d20_i013,rastrigin,cont,5.0,2000,PSO_STD,8,110.10255590307654,0,2000
rastrigin_d20_i013,rastrigin,cont,5.0,2000,PSO_STD,9,146.6031980455765,0,2000
rastrigin_d20_i013,rastrigin,cont,5.0,2000,PSO_STD,10,93.04653771072716,0,2000
rastrigin_d20_i013,rastrigin,cont,5.0,2000,PSO_STD,11,121.59595084714564,0,2000
rastrigin_d20_i013,rastrigin,cont,5.0,2000,PSO_STD,12,98.29505759288986,0,2000
rastrigin_d20_i013,rastrigin,cont,5.0,2000,PSO_STD,13,86.11859921630608,0,2000
rastrigin_d20_i013,rastrigin,cont,5.0,2000,PSO_STD,14,140.8824865815592,0,2000
rastrigin_d20_i013,rastrigin,cont,5.0,2000,PSO_STD,15,128.50381152114448,0,2000
rastrigin_d20_i013,rastrigin,cont,5.0,2000,PSO_STD,16,141.63381335695226,0,2000
rastrigin_d20_i013,rastrigin,cont,5.0,2000,PSO_STD,17,117.89920442899025,0,2000
rastrigin_d20_i013,rastrigin,cont,5.0,2000,PSO_STD,18,96.8902485744975,0,2000
rastrigin_d20_i013,rastrigin,cont,5.0,2000,PSO_STD,19,124.1422403601754,0,2000
rastrigin_d20_i013,rastrigin,cont,5.0,2000,PSO_STD,20,92.77639613862294,0,2000
rastrigin_d20_i013,rastrigin,cont,5.0,2000,PSO_STD,21,130.331743634441,0,2000
rastrigin_d20_i013,rastrigin,cont,5.0,2000,PSO_STD,22,134.20016099906456,0,2000
rastrigin_d20_i013,rastrigin,cont,5.0,2000,PSO_STD,23,142.24277903135078,0,2000
rastrigin_d20_i013,rastrigin,cont,5.0,2000,PSO_STD,24,126.6848555279413,0,2000
rastrigin_d20_i013,rastrigin,cont,5.0,2000,PSO_STD,25,148.36429592583468,0,2000
rastrigin_d20_i013,rastrigin,cont,5.0,2000,PSO_STD,26,135.00071078522197,0,2000
rastrigin_d20_i013,rastrigin,cont,5.0,2000,PSO_STD,27,103.84545827135898,0,2000
rastrigin_d20_i013,rastrigin,cont,5.0,2000,PSO_STD,28,149.60160618326154,0,2000
rastrigin_d20_i013,rastrigin,cont,5.0,2000,PSO_STD,29,85.19829438338533,0,2000
rastrigin_d20_i013,rastrigin,cont,5.0,2000,PSO_RING,0,131.15848335952802,0,2000
rastrigin_d20_i013,rastrigin,cont,5.0,2000,PSO_RING,1,143.64926851855643,0,2000
rastrigin_d20_i013,rastrigin,cont,5.0,2000,PSO_RING,2,130.20027923036247,0,2000
rastrigin_d20_i013,rastrigin,cont,5.0,2000,PSO_RING,3,88.56204933781657,0,2000
rastrigin_d20_i013,rastrigin,cont,5.0,2000,PSO_RING,4,131.45865215981635,0,2000
rastrigin_d20_i013,rastrigin,cont,5.0,2000,PSO_RING,5,102.71774303830107,0,2000
rastrigin_d20_i013,rastrigin,cont,5.0,2000,PSO_RING,6,120.02353257092614,0,2000
rastrigin_d20_i013,rastrigin,cont,5.0,2000,PSO_RING,7,128.1216629030444,0,2000
rastrigin_d20_i013,rastrigin,cont,5.0,2000,PSO_RING,8,127.25322301536985,0,2000
rastrigin_d20_i013,rastrigin,cont,5.0,2000,PSO_RING,9,133.51426690324308,0,2000
rastrigin_d20_i013,rastrigin,cont,5.0,2000,PSO_RING,10,131.51078787753215,0,2000
rastrigin_d20_i013,rastrigin,cont,5.0,2000,PSO_RING,11,135.43865955245644,0,2000
rastrigin_d20_i013,rastrigin,cont,5.0,2000,PSO_RING,12,133.31578975187537,0,2000
rastrigin_d20_i013,rastrigin,cont,5.0,2000,PSO_RING,13,92.80194447052462,0,2000
rastrigin_d20_i013,rastrigin,cont,5.0,2000,PSO_RING,14,148.86167690144384,0,2000
rastrigin_d20_i013,rastrigin,cont,5.0,2000,PSO_RING,15,149.55065680561611,0,2000
rastrigin_d20_i013,rastrigin,cont,5.0,2000,PSO_RING,16,141.92995147520006,0,2000
rastrigin_d20_i013,rastrigin,cont,5.0,2000,PSO_RING,17,118.36115111416758,0,2000
rastrigin_d20_i013,rastrigin,cont,5.0,2000,PSO_RING,18,137.17964350284592,0,2000
rastrigin_d20_i013,rastrigin,cont,5.0,2000,PSO_RING,19,133.6358454921567,0,2000
rastrigin_d20_i013,rastrigin,cont,5.0,2000,PSO_RING,20,138.9907573376999,0,2000
rastrigin_d20_i013,rastrigin,cont,5.0,2000,PSO_RING,21,106.61878038832062,0,2000
rastrigin_d20_i013,rastrigin,cont,5.0,2000,PSO_RING,22,139.8836889200829,0,2000
rastrigin_d20_i013,rastrigin,cont,5.0,2000,PSO_RING,23,126.65342290992288,0,2000
rastrigin_d20_i013,rastrigin,cont,5.0,2000,PSO_RING,24,132.5394562663061,0,2000
rastrigin_d20_i013,rastrigin,cont,5.0,2000,PSO_RING,25,119.34897451500177,0,2000
rastrigin_d20_i013,rastrigin,cont,5.0,2000,PSO_RING,26,139.663317895781,0,2000
rastrigin_d20_i013,rastrigin,cont,5.0,2000,PSO_RING,27,146.381453515702,0,2000
rastrigin_d20_i013,rastrigin,cont,5.0,2000,PSO_RING,28,127.43892439233784,0,2000
rastrigin_d20_i013,rastrigin,cont,5.0,2000,PSO_RING,29,137.78251017318976,0,2000
rastrigin_d20_i013,rastrigin,cont,5.0,2000,DE,0,199.98280590181244,0,2000
rastrigin_d20_i013,rastrigin,cont,5.0,2000,DE,1,213.8121995472689,0,2000
rastrigin_d20_i013,rastrigin,cont,5.0,2000,DE,2,191.57750650006577,0,2000
rastrigin_d20_i013,rastrigin,cont,5.0,2000,DE,3,200.94255027298777,0,2000
rastrigin_d20_i013,rastrigin,cont,5.0,2000,DE,4,210.94621702869816,0,2000
rastrigin_d20_i013,rastrigin,cont,5.0,2000,DE,5,207.83533990328087,0,2000
rastrigin_d20_i013,rastrigin,cont,5.0,2000,DE,6,215.28796039851935,0,2000
rastrigin_d20_i013,rastrigin,cont,5.0,2000,DE,7,189.25077413394902,0,2000
rastrigin_d20_i013,rastrigin,cont,5.0,2000,DE,8,212.2428515391786,0,2000
rastrigin_d20_i013,rastrigin,cont,5.0,2000,DE,9,186.5716677113845,0,2000
rastrigin_d20_i013,rastrigin,cont,5.0,2000,DE,10,207.84699824204398,0,2000
rastrigin_d20_i013,rastrigin,cont,5.0,2000,DE,11,229.14750727324193,0,2000
rastrigin_d20_i013,rastrigin,cont,5.0,2000,DE,12,220.74177033993936,0,2000
rastrigin_d20_i013,rastrigin,cont,5.0,2000,DE,13,234.5056274107019,0,2000
rastrigin_d20_i013,rastrigin,cont,5.0,2000,DE,14,208.9650460005384,0,2000
rastrigin_d20_i013,rastrigin,cont,5.0,2000,DE,15,248.264254231927,0,2000
rastrigin_d20_i013,rastrigin,cont,5.0,2000,DE,16,204.6780797978563,0,2000
rastrigin_d20_i013,rastrigin,cont,5.0,2000,DE,17,208.7301702444718,0,2000
rastrigin_d20_i013,rastrigin,cont,5.0,2000,DE,18,193.96786405341874,0,2000
rastrigin_d20_i013,rastrigin,cont,5.0,2000,DE,19,202.72627606291474,0,2000
rastrigin_d20_i013,rastrigin,cont,5.0,2000,DE,20,177.01345335554475,0,2000
rastrigin_d20_i013,rastrigin,cont,5.0,2000,DE,21,197.3058369964491,0,2000
rastrigin_d20_i013,rastrigin,cont,5.0,2000,DE,22,198.93047600554647,0,2000
rastrigin_d20_i013,rastrigin,cont,5.0,2000,DE,23,213.96127092240275,0,2000
rastrigin_d20_i013,rastrigin,cont,5.0,2000,DE,24,174.07733161828577,0,2000
rastrigin_d20_i013,rastrigin,cont,5.0,2000,DE,25,222.81663397237847,0,2000
rastrigin_d20_i013,rastrigin,cont,5.0,2000,DE,26,174.19559683871466,0,2000
rastrigin_d20_i013,rastrigin,cont,5.0,2000,DE,27,214.78701516012555,0,2000
rastrigin_d20_i013,rastrigin,cont,5.0,2000,DE,28,230.73375148131456,0,2000
rastrigin_d20_i013,rastrigin,cont,5.0,2000,DE,29,207.344293641742,0,2000
sphere_d20_i014,sphere,cont,0.001,2000,RS_CONT,0,51.44275831551509,0,2000
sphere_d20_i014,sphere,cont,0.001,2000,RS_CONT,1,68.51477830538595,0,2000
sphere_d20_i014,sphere,cont,0.001,2000,RS_CONT,2,40.66417367253522,0,2000
sphere_d20_i014,sphere,cont,0.001,2000,RS_CONT,3,61.61082544014012,0,2000
sphere_d20_i014,sphere,cont,0.001,2000,RS_CONT,4,73.15504086185709,0,2000
sphere_d20_i014,sphere,cont,0.001,2000,RS_CONT,5,74.7579523815252,0,2000
sphere_d20_i014,sphere,cont,0.001,2000,RS_CONT,6,66.68972247092836,0,2000
sphere_d20_i014,sphere,cont,0.001,2000,RS_CONT,7,64.1823506874577,0,2000
sphere_d20_i014,sphere,cont,0.001,2000,RS_CONT,8,51.69154554577856,0,2000
sphere_d20_i014,sphere,cont,0.001,2000,RS_CONT,9,65.98665291561356,0,2000
sphere_d20_i014,sphere,cont,0.001,2000,RS_CONT,10,61.86187971327168,0,2000
sphere_d20_i014,sphere,cont,0.001,2000,RS_CONT,11,74.25953086199536,0,2000
sphere_d20_i014,sphere,cont,0.001,2000,RS_CONT,12,67.61401340117195,0,2000
sphere_d20_i014,sphere,cont,0.001,2000,RS_CONT,13,62.19139493921871,0,2000
sphere_d20_i014,sphere,cont,0.001,2000,RS_CONT,14,59.01853928931289,0,2000
sphere_d20_i014,sphere,cont,0.001,2000,RS_CONT,15,63.114045003463005,0,2000
sphere_d20_i014,sphere,cont,0.001,2000,RS_CONT,16,66.32437638827655,0,2000
sphere_d20_i014,sphere,cont,0.001,2000,RS_CONT,17,42.40886859315248,0,2000
sphere_d20_i014,sphere,cont,0.001,2000,RS_CONT,18,64.17360899035698,0,2000
sphere_d20_i014,sphere,cont,0.001,2000,RS_CONT,19,77.29728414192542,0,2000
sphere_d20_i014,sphere,cont,0.001,2000,RS_CONT,20,56.48507615200414,0,2000
sphere_d20_i014,sphere,cont,0.001,2000,RS_CONT,21,75.50921429624917,0,2000
sphere_d20_i014,sphere,cont,0.001,2000,RS_CONT,22,59.621965402035634,0,2000
sphere_d20_i014,sphere,cont,0.001,2000,RS_CONT,23,72.42156612859299,0,2000
sphere_d20_i014,sphere,cont,0.001,2000,RS_CONT,24,69.75257856305484,0,2000
sphere_d20_i014,sphere,cont,0.001,2000,RS_CONT,25,69.21844502248409,0,2000
sphere_d20_i014,sphere,cont,0.001,2000,RS_CONT,26,66.63137277381327,0,2000
sphere_d20_i014,sphere,cont,0.001,2000,RS_CONT,27,71.17066578624694,0,2000
sphere_d20_i014,sphere,cont,0.001,2000,RS_CONT,28,70.0760238410858,0,2000
sphere_d20_i014,sphere,cont,0.001,2000,RS_CONT,29,61.514387315334275,0,2000
sphere_d20_i014,sphere,cont,0.001,2000,PSO_STD,0,25.182737911684804,0,2000
sphere_d20_i014,sphere,cont,0.001,2000,PSO_STD,1,1.0633544395065166,0,2000
sphere_d20_i014,sphere,cont,0.001,2000,PSO_STD,2,0.8943065780728893,0,2000
sphere_d20_i014,sphere,cont,0.001,2000,PSO_STD,3,0.47215039969271577,0,2000
sphere_d20_i014,sphere,cont,0.001,2000,PSO_STD,4,0.33802452508519437,0,2000
sphere_d20_i014,sphere,cont,0.001,2000,PSO_STD,5,0.33933955305473273,0,2000
sphere_d20_i014,sphere,cont,0.001,2000,PSO_STD,6,1.5816764799328877,0,2000
sphere_d20_i014,sphere,cont,0.001,2000,PSO_STD,7,0.11831163726768243,0,2000
sphere_d20_i014,sphere,cont,0.001,2000,PSO_STD,8,0.4209855987242754,0,2000
sphere_d20_i014,sphere,cont,0.001,2000,PSO_STD,9,0.587270796990834,0,2000
sphere_d20_i014,sphere,cont,0.001,2000,PSO_STD,10,0.33937443522044347,0,2000
sphere_d20_i014,sphere,cont,0.001,2000,PSO_STD,11,0.3771747330284141,0,2000
sphere_d20_i014,sphere,cont,0.001,2000,PSO_STD,12,0.2835139278792958,0,2000
sphere_d20_i014,sphere,cont,0.001,2000,PSO_STD,13,0.38764416941207547,0,2000
sphere_d20_i014,sphere,cont,0.001,2000,PSO_STD,14,0.8678749472998492,0,2000
sphere_d20_i014,sphere,cont,0.001,2000,PSO_STD,15,0.22721695521899887,0,2000
sphere_d20_i014,sphere,cont,0.001,2000,PSO_STD,16,0.9265987417428214,0,2000
sphere_d20_i014,sphere,cont,0.001,2000,PSO_STD,17,0.6528938518026074,0,2000
sphere_d20_i014,sphere,cont,0.001,2000,PSO_STD,18,0.31941702340060374,0,2000
sphere_d20_i014,sphere,cont,0.001,2000,PSO_STD,19,0.3813644669944348,0,2000
sphere_d20_i014,sphere,cont,0.001,2000,PSO_STD,20,0.476210754613259,0,2000
sphere_d20_i014,sphere,cont,0.001,2000,PSO_STD,21,0.533446835244386,0,2000
sphere_d20_i014,sphere,cont,0.001,2000,PSO_STD,22,0.6762456004676108,0,2000
sphere_d20_i014,sphere,cont,0.001,2000,PSO_STD,23,0.11547401057172943,0,2000
sphere_d20_i014,sphere,cont,0.001,2000,PSO_STD,24,0.4556818226750113,0,2000
sphere_d20_i014,sphere,cont,0.001,2000,PSO_STD,25,0.32218433594908924,0,2000
sphere_d20_i014,sphere,cont,0.001,2000,PSO_STD,26,0.9956320829830951,0,2000
sphere_d20_i014,sphere,cont,0.001,2000,PSO_STD,27,1.7446349859315369,0,2000
sphere_d20_i014,sphere,cont,0.001,2000,PSO_STD,28,0.30801285918006255,0,2000
sphere_d20_i014,sphere,cont,0.001,2000,PSO_STD,29,0.5297752491027266,0,2000
sphere_d20_i014,sphere,cont,0.001,2000,PSO_RING,0,4.592544755784885,0,2000
sphere_d20_i014,sphere,cont,0.001,2000,PSO_RING,1,8.987520935071966,0,2000
sphere_d20_i014,sphere,cont,0.001,2000,PSO_RING,2,6.2273553358908105,0,2000
sphere_d20_i014,sphere,cont,0.001,2000,PSO_RING,3,3.2329271846325107,0,2000
sphere_d20_i014,sphere,cont,0.001,2000,PSO_RING,4,3.1636060321811876,0,2000
sphere_d20_i014,sphere,cont,0.001,2000,PSO_RING,5,2.825482164728969,0,2000
sphere_d20_i014,sphere,cont,0.001,2000,PSO_RING,6,5.29817040040724,0,2000
sphere_d20_i014,sphere,cont,0.001,2000,PSO_RING,7,2.8199997393814256,0,2000
sphere_d20_i014,sphere,cont,0.001,2000,PSO_RING,8,5.952443806626394,0,2000
sphere_d20_i014,sphere,cont,0.001,2000,PSO_RING,9,5.7342986257236035,0,2000
sphere_d20_i014,sphere,cont,0.001,2000,PSO_RING,10,3.6742982347560456,0,2000
sphere_d20_i014,sphere,cont,0.001,2000,PSO_RING,11,4.031621855708384,0,2000
sphere_d20_i014,sphere,cont,0.001,2000,PSO_RING,12,4.102158384799248,0,2000
sphere_d20_i014,sphere,cont,0.001,2000,PSO_RING,13,4.5016974678996995,0,2000
sphere_d20_i014,sphere,cont,0.001,2000,PSO_RING,14,2.955116219369298,0,2000
sphere_d20_i014,sphere,cont,0.001,2000,PSO_RING,15,4.214220849081953,0,2000
sphere_d20_i014,sphere,cont,0.001,2000,PSO_RING,16,6.288035480192652,0,2000
sphere_d20_i014,sphere,cont,0.001,2000,PSO_RING,17,2.852725599680189,0,2000
sphere_d20_i014,sphere,cont,0.001,2000,PSO_RING,18,4.185140420384251,0,2000
sphere_d20_i014,sphere,cont,0.001,2000,PSO_RING,19,3.8978389651466965,0,2000
sphere_d20_i014,sphere,cont,0.001,2000,PSO_RING,20,6.614150497053852,0,2000
sphere_d20_i014,sphere,cont,0.001,2000,PSO_RING,21,2.8244767477625516,0,2000
sphere_d20_i014,sphere,cont,0.001,2000,PSO_RING,22,3.1078497824486293,0,2000
sphere_d20_i014,sphere,cont,0.001,2000,PSO_RING,23,4.4464881949949016,0,2000
sphere_d20_i014,sphere,cont,0.001,2000,PSO_RING,24,4.746851731840645,0,2000
sphere_d20_i014,sphere,cont,0.001,2000,PSO_RING,25,2.704499214135296,0,2000
sphere_d20_i014,sphere,cont,0.001,2000,PSO_RING,26,3.5482299790550482,0,2000
sphere_d20_i014,sphere,cont,0.001,2000,PSO_RING,27,7.800652047905151,0,2000
sphere_d20_i014,sphere,cont,0.001,2000,PSO_RING,28,6.031126872573265,0,2000
sphere_d20_i014,sphere,cont,0.001,2000,PSO_RING,29,5.760444964251164,0,2000
sphere_d20_i014,sphere,cont,0.001,2000,DE,0,43.21220204962737,0,2000
sphere_d20_i014,sphere,cont,0.001,2000,DE,1,39.95453757622102,0,2000
sphere_d20_i014,sphere,cont,0.001,2000,DE,2,25.111499930731178,0,2000
sphere_d20_i014,sphere,cont,0.001,2000,DE,3,45.79091335288953,0,2000
sphere_d20_i014,sphere,cont,0.001,2000,DE,4,29.59133829560955,0,2000
sphere_d20_i014,sphere,cont,0.001,2000,DE,5,44.42196765097727,0,2000
sphere_d20_i014,sphere,cont,0.001,2000,DE,6,25.262316543342266,0,2000
sphere_d20_i014,sphere,cont,0.001,2000,DE,7,39.52126693445286,0,2000
sphere_d20_i014,sphere,cont,0.001,2000,DE,8,34.91802550636861,0,2000
sphere_d20_i014,sphere,cont,0.001,2000,DE,9,50.48765511784328,0,2000
sphere_d20_i014,sphere,cont,0.001,2000,DE,10,28.354729942667525,0,2000
sphere_d20_i014,sphere,cont,0.001,2000,DE,11,45.97303930122717,0,2000
sphere_d20_i014,sphere,cont,0.001,2000,DE,12,40.936409636494226,0,2000
sphere_d20_i014,sphere,cont,0.001,2000,DE,13,30.526157296322666,0,2000
sphere_d20_i014,sphere,cont,0.001,2000,DE,14,53.34970057361689,0,2000
sphere_d20_i014,sphere,cont,0.001,2000,DE,15,42.38318644878182,0,2000
sphere_d20_i014,sphere,cont,0.001,2000,DE,16,35.45825314099684,0,2000
sphere_d20_i014,sphere,cont,0.001,2000,DE,17,33.55132860496115,0,2000
sphere_d20_i014,sphere,cont,0.001,2000,DE,18,45.274184176702704,0,2000
sphere_d20_i014,sphere,cont,0.001,2000,DE,19,36.923963690942266,0,2000
sphere_d20_i014,sphere,cont,0.001,2000,DE,20,44.75833285588011,0,2000
sphere_d20_i014,sphere,cont,0.001,2000,DE,21,27.381843379605797,0,2000
sphere_d20_i014,sphere,cont,0.001,2000,DE,22,41.28549171741871,0,2000
sphere_d20_i014,sphere,cont,0.001,2000,DE,23,26.01268776855029,0,2000
sphere_d20_i014,sphere,cont,0.001,2000,DE,24,29.8358611904278,0,2000
sphere_d20_i014,sphere,cont,0.001,2000,DE,25,51.207401857121944,0,2000
sphere_d20_i014,sphere,cont,0.001,2000,DE,26,48.049236828925366,0,2000
sphere_d20_i014,sphere,cont,0.001,2000,DE,27,52.69821820737799,0,2000
sphere_d20_i014,sphere,cont,0.001,2000,DE,28,45.15260835952912,0,2000
sphere_d20_i014,sphere,cont,0.001,2000,DE,29,29.538331076845683,0,2000
rastrigin_d5_i015,rastrigin,cont,5.0,2000,RS_CONT,0,21.411793736216037,0,2000
rastrigin_d5_i015,rastrigin,cont,5.0,2000,RS_CONT,1,19.72561027792488,0,2000
rastrigin_d5_i015,rastrigin,cont,5.0,2000,RS_CONT,2,28.71833297695533,0,2000
rastrigin_d5_i015,rastrigin,cont,5.0,2000,RS_CONT,3,19.13202338783757,0,2000
rastrigin_d5_i015,rastrigin,cont,5.0,2000,RS_CONT,4,18.301652860929387,0,2000
rastrigin_d5_i015,rastrigin,cont,5.0,2000,RS_CONT,5,21.5441952548957,0,2000
rastrigin_d5_i015,rastrigin,cont,5.0,2000,RS_CONT,6,18.44077478583234,0,2000
rastrigin_d5_i015,rastrigin,cont,5.0,2000,RS_CONT,7,13.412342320774883,0,2000
rastrigin_d5_i015,rastrigin,cont,5.0,2000,RS_CONT,8,19.14232770491784,0,2000
rastrigin_d5_i015,rastrigin,cont,5.0,2000,RS_CONT,9,21.61435232210304,0,2000
rastrigin_d5_i015,rastrigin,cont,5.0,2000,RS_CONT,10,20.33654404729821,0,2000
rastrigin_d5_i015,rastrigin,cont,5.0,2000,RS_CONT,11,17.853977063461755,0,2000
rastrigin_d5_i015,rastrigin,cont,5.0,2000,RS_CONT,12,27.328319924991952,0,2000
rastrigin_d5_i015,rastrigin,cont,5.0,2000,RS_CONT,13,19.351194310703193,0,2000
rastrigin_d5_i015,rastrigin,cont,5.0,2000,RS_CONT,14,27.72906916237808,0,2000
rastrigin_d5_i015,rastrigin,cont,5.0,2000,RS_CONT,15,25.850337093784965,0,2000
rastrigin_d5_i015,rastrigin,cont,5.0,2000,RS_CONT,16,25.869077275371637,0,2000
rastrigin_d5_i015,rastrigin,cont,5.0,2000,RS_CONT,17,18.55891984975967,0,2000
rastrigin_d5_i015,rastrigin,cont,5.0,2000,RS_CONT,18,25.701650937567102,0,2000
rastrigin_d5_i015,rastrigin,cont,5.0,2000,RS_CONT,19,21.158498403969148,0,2000
rastrigin_d5_i015,rastrigin,cont,5.0,2000,RS_CONT,20,25.544665127872086,0,2000
rastrigin_d5_i015,rastrigin,cont,5.0,2000,RS_CONT,21,22.605422603975846,0,2000
rastrigin_d5_i015,rastrigin,cont,5.0,2000,RS_CONT,22,19.13204327972018,0,2000
rastrigin_d5_i015,rastrigin,cont,5.0,2000,RS_CONT,23,14.456960086168266,0,2000
rastrigin_d5_i015,rastrigin,cont,5.0,2000,RS_CONT,24,28.413335237465745,0,2000
rastrigin_d5_i015,rastrigin,cont,5.0,2000,RS_CONT,25,21.709379537223228,0,2000
rastrigin_d5_i015,rastrigin,cont,5.0,2000,RS_CONT,26,23.832193897728814,0,2000
rastrigin_d5_i015,rastrigin,cont,5.0,2000,RS_CONT,27,23.04988650132307,0,2000
rastrigin_d5_i015,rastrigin,cont,5.0,2000,RS_CONT,28,24.93693390050398,0,2000
rastrigin_d5_i015,rastrigin,cont,5.0,2000,RS_CONT,29,25.967790731755226,0,2000
rastrigin_d5_i015,rastrigin,cont,5.0,2000,PSO_STD,0,4.99914428557382,1,1680
rastrigin_d5_i015,rastrigin,cont,5.0,2000,PSO_STD,1,3.6506279532398764,1,1200
rastrigin_d5_i015,rastrigin,cont,5.0,2000,PSO_STD,2,6.573123233500468,0,2000
rastrigin_d5_i015,rastrigin,cont,5.0,2000,PSO_STD,3,3.7072070728512614,1,1380
rastrigin_d5_i015,rastrigin,cont,5.0,2000,PSO_STD,4,7.313479287301348,0,2000
rastrigin_d5_i015,rastrigin,cont,5.0,2000,PSO_STD,5,7.000361166771718,0,2000
rastrigin_d5_i015,rastrigin,cont,5.0,2000,PSO_STD,6,3.538171614725883,1,1680
rastrigin_d5_i015,rastrigin,cont,5.0,2000,PSO_STD,7,7.678751041947535,0,2000
rastrigin_d5_i015,rastrigin,cont,5.0,2000,PSO_STD,8,3.710948240399169,1,1260
rastrigin_d5_i015,rastrigin,cont,5.0,2000,PSO_STD,9,4.280623903688479,1,1020
rastrigin_d5_i015,rastrigin,cont,5.0,2000,PSO_STD,10,4.622362597096362,1,810
rastrigin_d5_i015,rastrigin,cont,5.0,2000,PSO_STD,11,3.8717821308135,1,1290
rastrigin_d5_i015,rastrigin,cont,5.0,2000,PSO_STD,12,4.996459175172092,1,1950
rastrigin_d5_i015,rastrigin,cont,5.0,2000,PSO_STD,13,4.6643541172656455,1,1740
rastrigin_d5_i015,rastrigin,cont,5.0,2000,PSO_STD,14,4.265281040136607,1,1260
rastrigin_d5_i015,rastrigin,cont,5.0,2000,PSO_STD,15,4.8938576441182065,1,1890
rastrigin_d5_i015,rastrigin,cont,5.0,2000,PSO_STD,16,4.9760399638592645,1,1170
rastrigin_d5_i015,rastrigin,cont,5.0,2000,PSO_STD,17,4.7655824347138065,1,1770
rastrigin_d5_i015,rastrigin,cont,5.0,2000,PSO_STD,18,2.582380946301484,1,1290
rastrigin_d5_i015,rastrigin,cont,5.0,2000,PSO_STD,19,4.586818933042991,1,1470
rastrigin_d5_i015,rastrigin,cont,5.0,2000,PSO_STD,20,4.982333221804879,1,1680
rastrigin_d5_i015,rastrigin,cont,5.0,2000,PSO_STD,21,4.271379404516971,1,900
rastrigin_d5_i015,rastrigin,cont,5.0,2000,PSO_STD,22,4.452820483219483,1,1620
rastrigin_d5_i015,rastrigin,cont,5.0,2000,PSO_STD,23,4.966721178832884,1,1320
rastrigin_d5_i015,rastrigin,cont,5.0,2000,PSO_STD,24,4.229614245154806,1,1980
rastrigin_d5_i015,rastrigin,cont,5.0,2000,PSO_STD,25,1.9893156636605696,1,720
rastrigin_d5_i015,rastrigin,cont,5.0,2000,PSO_STD,26,6.8929697988817935,0,2000
rastrigin_d5_i015,rastrigin,cont,5.0,2000,PSO_STD,27,4.552640667964738,1,1890
rastrigin_d5_i015,rastrigin,cont,5.0,2000,PSO_STD,28,6.392613597651263,0,2000
rastrigin_d5_i015,rastrigin,cont,5.0,2000,PSO_STD,29,5.2597533047586325,0,2000
rastrigin_d5_i015,rastrigin,cont,5.0,2000,PSO_RING,0,7.059658535638555,0,2000
rastrigin_d5_i015,rastrigin,cont,5.0,2000,PSO_RING,1,4.566968686641204,1,1380
rastrigin_d5_i015,rastrigin,cont,5.0,2000,PSO_RING,2,6.657279031213747,0,2000
rastrigin_d5_i015,rastrigin,cont,5.0,2000,PSO_RING,3,4.108247405287813,1,1710
rastrigin_d5_i015,rastrigin,cont,5.0,2000,PSO_RING,4,3.909551344621839,1,1200
rastrigin_d5_i015,rastrigin,cont,5.0,2000,PSO_RING,5,13.113311169151224,0,2000
rastrigin_d5_i015,rastrigin,cont,5.0,2000,PSO_RING,6,5.643023913494908,0,2000
rastrigin_d5_i015,rastrigin,cont,5.0,2000,PSO_RING,7,4.782418133235375,1,750
rastrigin_d5_i015,rastrigin,cont,5.0,2000,PSO_RING,8,4.302239591409432,1,960
rastrigin_d5_i015,rastrigin,cont,5.0,2000,PSO_RING,9,4.641596386728814,1,1890
rastrigin_d5_i015,rastrigin,cont,5.0,2000,PSO_RING,10,4.6182378989459,1,780
rastrigin_d5_i015,rastrigin,cont,5.0,2000,PSO_RING,11,5.350759694824063,0,2000
rastrigin_d5_i015,rastrigin,cont,5.0,2000,PSO_RING,12,4.848007621505147,1,780
rastrigin_d5_i015,rastrigin,cont,5.0,2000,PSO_RING,13,4.6702117731957316,1,1110
rastrigin_d5_i015,rastrigin,cont,5.0,2000,PSO_RING,14,6.405193171235112,0,2000
rastrigin_d5_i015,rastrigin,cont,5.0,2000,PSO_RING,15,5.016903198431834,0,2000
rastrigin_d5_i015,rastrigin,cont,5.0,2000,PSO_RING,16,8.753815342821945,0,2000
rastrigin_d5_i015,rastrigin,cont,5.0,2000,PSO_RING,17,11.23219960170573,0,2000
rastrigin_d5_i015,rastrigin,cont,5.0,2000,PSO_RING,18,7.289935074884497,0,2000
rastrigin_d5_i015,rastrigin,cont,5.0,2000,PSO_RING,19,4.507636620552951,1,1200
rastrigin_d5_i015,rastrigin,cont,5.0,2000,PSO_RING,20,8.696635688595293,0,2000
rastrigin_d5_i015,rastrigin,cont,5.0,2000,PSO_RING,21,3.9466381663768146,1,1950
rastrigin_d5_i015,rastrigin,cont,5.0,2000,PSO_RING,22,4.543331929327465,1,1440
rastrigin_d5_i015,rastrigin,cont,5.0,2000,PSO_RING,23,3.6391735921055925,1,630
rastrigin_d5_i015,rastrigin,cont,5.0,2000,PSO_RING,24,5.1441965806111085,0,2000
rastrigin_d5_i015,rastrigin,cont,5.0,2000,PSO_RING,25,4.645488110967257,1,1470
rastrigin_d5_i015,rastrigin,cont,5.0,2000,PSO_RING,26,4.104425590630001,1,870
rastrigin_d5_i015,rastrigin,cont,5.0,2000,PSO_RING,27,4.037620693021729,1,1320
rastrigin_d5_i015,rastrigin,cont,5.0,2000,PSO_RING,28,6.806738031179677,0,2000
rastrigin_d5_i015,rastrigin,cont,5.0,2000,PSO_RING,29,4.750429350541779,1,1650
rastrigin_d5_i015,rastrigin,cont,5.0,2000,DE,0,14.959807281729582,0,2000
rastrigin_d5_i015,rastrigin,cont,5.0,2000,DE,1,14.048224726101886,0,2000
rastrigin_d5_i015,rastrigin,cont,5.0,2000,DE,2,16.6835971180194,0,2000
rastrigin_d5_i015,rastrigin,cont,5.0,2000,DE,3,15.94080718209409,0,2000
rastrigin_d5_i015,rastrigin,cont,5.0,2000,DE,4,16.178131748365907,0,2000
rastrigin_d5_i015,rastrigin,cont,5.0,2000,DE,5,3.823756261349047,1,1350
rastrigin_d5_i015,rastrigin,cont,5.0,2000,DE,6,17.583810187255644,0,2000
rastrigin_d5_i015,rastrigin,cont,5.0,2000,DE,7,12.437306741554622,0,2000
rastrigin_d5_i015,rastrigin,cont,5.0,2000,DE,8,15.43920073261328,0,2000
rastrigin_d5_i015,rastrigin,cont,5.0,2000,DE,9,7.0884974467085655,0,2000
rastrigin_d5_i015,rastrigin,cont,5.0,2000,DE,10,14.748686288152726,0,2000
rastrigin_d5_i015,rastrigin,cont,5.0,2000,DE,11,20.158378147627857,0,2000
rastrigin_d5_i015,rastrigin,cont,5.0,2000,DE,12,19.099091851266866,0,2000
rastrigin_d5_i015,rastrigin,cont,5.0,2000,DE,13,19.135949581777147,0,2000
rastrigin_d5_i015,rastrigin,cont,5.0,2000,DE,14,8.717492662569583,0,2000
rastrigin_d5_i015,rastrigin,cont,5.0,2000,DE,15,12.754253275133287,0,2000
rastrigin_d5_i015,rastrigin,cont,5.0,2000,DE,16,12.117108455195591,0,2000
rastrigin_d5_i015,rastrigin,cont,5.0,2000,DE,17,7.473307785871157,0,2000
rastrigin_d5_i015,rastrigin,cont,5.0,2000,DE,18,16.627183369245742,0,2000
rastrigin_d5_i015,rastrigin,cont,5.0,2000,DE,19,8.924909263831296,0,2000
rastrigin_d5_i015,rastrigin,cont,5.0,2000,DE,20,11.395847810119449,0,2000
rastrigin_d5_i015,rastrigin,cont,5.0,2000,DE,21,16.26422285343213,0,2000
rastrigin_d5_i015,rastrigin,cont,5.0,2000,DE,22,19.534257309148522,0,2000
rastrigin_d5_i015,rastrigin,cont,5.0,2000,DE,23,13.46915865763443,0,2000
rastrigin_d5_i015,rastrigin,cont,5.0,2000,DE,24,20.180264263807583,0,2000
rastrigin_d5_i015,rastrigin,cont,5.0,2000,DE,25,16.425877367035717,0,2000
rastrigin_d5_i015,rastrigin,cont,5.0,2000,DE,26,11.982914317808458,0,2000
rastrigin_d5_i015,rastrigin,cont,5.0,2000,DE,27,16.845373364109207,0,2000
rastrigin_d5_i015,rastrigin,cont,5.0,2000,DE,28,18.026543160934278,0,2000
rastrigin_d5_i015,rastrigin,cont,5.0,2000,DE,29,18.850111791880902,0,2000
sphere_d20_i016,sphere,cont,0.001,2000,RS_CONT,0,66.71774837202308,0,2000
sphere_d20_i016,sphere,cont,0.001,2000,RS_CONT,1,65.55610425473559,0,2000
sphere_d20_i016,sphere,cont,0.001,2000,RS_CONT,2,61.81386463470425,0,2000
sphere_d20_i016,sphere,cont,0.001,2000,RS_CONT,3,57.55615880131814,0,2000
sphere_d20_i016,sphere,cont,0.001,2000,RS_CONT,4,72.37084613461363,0,2000
sphere_d20_i016,sphere,cont,0.001,2000,RS_CONT,5,66.13535681067363,0,2000
sphere_d20_i016,sphere,cont,0.001,2000,RS_CONT,6,73.22083162134307,0,2000
sphere_d20_i016,sphere,cont,0.001,2000,RS_CONT,7,68.38083707613187,0,2000
sphere_d20_i016,sphere,cont,0.001,2000,RS_CONT,8,70.46413155308144,0,2000
sphere_d20_i016,sphere,cont,0.001,2000,RS_CONT,9,61.40205798500916,0,2000
sphere_d20_i016,sphere,cont,0.001,2000,RS_CONT,10,57.8156043458869,0,2000
sphere_d20_i016,sphere,cont,0.001,2000,RS_CONT,11,67.67625774847322,0,2000
sphere_d20_i016,sphere,cont,0.001,2000,RS_CONT,12,72.02444468493677,0,2000
sphere_d20_i016,sphere,cont,0.001,2000,RS_CONT,13,35.61497920874712,0,2000
sphere_d20_i016,sphere,cont,0.001,2000,RS_CONT,14,64.42591892726747,0,2000
sphere_d20_i016,sphere,cont,0.001,2000,RS_CONT,15,56.242808539114186,0,2000
sphere_d20_i016,sphere,cont,0.001,2000,RS_CONT,16,77.66202895110987,0,2000
sphere_d20_i016,sphere,cont,0.001,2000,RS_CONT,17,52.03510041291976,0,2000
sphere_d20_i016,sphere,cont,0.001,2000,RS_CONT,18,68.17128757458832,0,2000
sphere_d20_i016,sphere,cont,0.001,2000,RS_CONT,19,60.40210936153915,0,2000
sphere_d20_i016,sphere,cont,0.001,2000,RS_CONT,20,66.10644093183286,0,2000
sphere_d20_i016,sphere,cont,0.001,2000,RS_CONT,21,71.73863739550195,0,2000
sphere_d20_i016,sphere,cont,0.001,2000,RS_CONT,22,55.43314157764534,0,2000
sphere_d20_i016,sphere,cont,0.001,2000,RS_CONT,23,57.29850556696403,0,2000
sphere_d20_i016,sphere,cont,0.001,2000,RS_CONT,24,50.67706062243549,0,2000
sphere_d20_i016,sphere,cont,0.001,2000,RS_CONT,25,71.65442779031642,0,2000
sphere_d20_i016,sphere,cont,0.001,2000,RS_CONT,26,66.52159059532295,0,2000
sphere_d20_i016,sphere,cont,0.001,2000,RS_CONT,27,62.7508936646176,0,2000
sphere_d20_i016,sphere,cont,0.001,2000,RS_CONT,28,72.7259116181144,0,2000
sphere_d20_i016,sphere,cont,0.001,2000,RS_CONT,29,69.01866882840204,0,2000
sphere_d20_i016,sphere,cont,0.001,2000,PSO_STD,0,0.3316231062563556,0,2000
sphere_d20_i016,sphere,cont,0.001,2000,PSO_STD,1,0.6255910535237706,0,2000
sphere_d20_i016,sphere,cont,0.001,2000,PSO_STD,2,0.0788101821812016,0,2000
sphere_d20_i016,sphere,cont,0.001,2000,PSO_STD,3,0.39638104463031487,0,2000
sphere_d20_i016,sphere,cont,0.001,2000,PSO_STD,4,0.6913352449468584,0,2000
sphere_d20_i016,sphere,cont,0.001,2000,PSO_STD,5,0.5505514632067426,0,2000
sphere_d20_i016,sphere,cont,0.001,2000,PSO_STD,6,0.7165922260805956,0,2000
sphere_d20_i016,sphere,cont,0.001,2000,PSO_STD,7,0.5318393516401383,0,2000
sphere_d20_i016,sphere,cont,0.001,2000,PSO_STD,8,0.34159667042044156,0,2000
sphere_d20_i016,sphere,cont,0.001,2000,PSO_STD,9,0.8229438164050809,0,2000
sphere_d20_i016,sphere,cont,0.001,2000,PSO_STD,10,0.7768272140652298,0,2000
sphere_d20_i016,sphere,cont,0.001,2000,PSO_STD,11,0.11346949030073757,0,2000
sphere_d20_i016,sphere,cont,0.001,2000,PSO_STD,12,0.16076359994507333,0,2000
sphere_d20_i016,sphere,cont,0.001,2000,PSO_STD,13,0.7521709155570133,0,2000
sphere_d20_i016,sphere,cont,0.001,2000,PSO_STD,14,1.7346926356496044,0,2000
sphere_d20_i016,sphere,cont,0.001,2000,PSO_STD,15,0.4547340524085993,0,2000
sphere_d20_i016,sphere,cont,0.001,2000,PSO_STD,16,0.5041291805385203,0,2000
sphere_d20_i016,sphere,cont,0.001,2000,PSO_STD,17,0.2344485189383895,0,2000
sphere_d20_i016,sphere,cont,0.001,2000,PSO_STD,18,0.7739014722417172,0,2000
sphere_d20_i016,sphere,cont,0.001,2000,PSO_STD,19,0.13721374543390977,0,2000
sphere_d20_i016,sphere,cont,0.001,2000,PSO_STD,20,0.20729756323673582,0,2000
sphere_d20_i016,sphere,cont,0.001,2000,PSO_STD,21,0.4987160810603614,0,2000
sphere_d20_i016,sphere,cont,0.001,2000,PSO_STD,22,0.45781061656522476,0,2000
sphere_d20_i016,sphere,cont,0.001,2000,PSO_STD,23,0.49118034411133743,0,2000
sphere_d20_i016,sphere,cont,0.001,2000,PSO_STD,24,1.0271494036945552,0,2000
sphere_d20_i016,sphere,cont,0.001,2000,PSO_STD,25,0.6177237404739095,0,2000
sphere_d20_i016,sphere,cont,0.001,2000,PSO_STD,26,0.41987443282434206,0,2000
sphere_d20_i016,sphere,cont,0.001,2000,PSO_STD,27,0.649117307397125,0,2000
sphere_d20_i016,sphere,cont,0.001,2000,PSO_STD,28,0.41355828170742026,0,2000
sphere_d20_i016,sphere,cont,0.001,2000,PSO_STD,29,0.7547636489749275,0,2000
sphere_d20_i016,sphere,cont,0.001,2000,PSO_RING,0,7.421895557093615,0,2000
sphere_d20_i016,sphere,cont,0.001,2000,PSO_RING,1,4.852621048099669,0,2000
sphere_d20_i016,sphere,cont,0.001,2000,PSO_RING,2,4.439616426879368,0,2000
sphere_d20_i016,sphere,cont,0.001,2000,PSO_RING,3,4.335495300712116,0,2000
sphere_d20_i016,sphere,cont,0.001,2000,PSO_RING,4,4.426847690800069,0,2000
sphere_d20_i016,sphere,cont,0.001,2000,PSO_RING,5,5.579745432074363,0,2000
sphere_d20_i016,sphere,cont,0.001,2000,PSO_RING,6,4.8789060428883655,0,2000
sphere_d20_i016,sphere,cont,0.001,2000,PSO_RING,7,4.795698397887183,0,2000
sphere_d20_i016,sphere,cont,0.001,2000,PSO_RING,8,4.638342817684006,0,2000
sphere_d20_i016,sphere,cont,0.001,2000,PSO_RING,9,9.04180147795686,0,2000
sphere_d20_i016,sphere,cont,0.001,2000,PSO_RING,10,4.661794693147586,0,2000
sphere_d20_i016,sphere,cont,0.001,2000,PSO_RING,11,2.6077538646343665,0,2000
sphere_d20_i016,sphere,cont,0.001,2000,PSO_RING,12,4.952227008578929,0,2000
sphere_d20_i016,sphere,cont,0.001,2000,PSO_RING,13,3.353095123298935,0,2000
sphere_d20_i016,sphere,cont,0.001,2000,PSO_RING,14,4.3673934257106275,0,2000
sphere_d20_i016,sphere,cont,0.001,2000,PSO_RING,15,4.27560866562909,0,2000
sphere_d20_i016,sphere,cont,0.001,2000,PSO_RING,16,7.5064863037527765,0,2000
sphere_d20_i016,sphere,cont,0.001,2000,PSO_RING,17,3.8916614897128197,0,2000
sphere_d20_i016,sphere,cont,0.001,2000,PSO_RING,18,5.61264411907542,0,2000
sphere_d20_i016,sphere,cont,0.001,2000,PSO_RING,19,6.03236306010876,0,2000
sphere_d20_i016,sphere,cont,0.001,2000,PSO_RING,20,5.643707179879485,0,2000
sphere_d20_i016,sphere,cont,0.001,2000,PSO_RING,21,3.0717351499277323,0,2000
sphere_d20_i016,sphere,cont,0.001,2000,PSO_RING,22,6.801791262182062,0,2000
sphere_d20_i016,sphere,cont,0.001,2000,PSO_RING,23,5.1056187908607535,0,2000
sphere_d20_i016,sphere,cont,0.001,2000,PSO_RING,24,3.892096446803057,0,2000
sphere_d20_i016,sphere,cont,0.001,2000,PSO_RING,25,4.239196006333037,0,2000
sphere_d20_i016,sphere,cont,0.001,2000,PSO_RING,26,3.32626332358897,0,2000
sphere_d20_i016,sphere,cont,0.001,2000,PSO_RING,27,3.8085759677208397,0,2000
sphere_d20_i016,sphere,cont,0.001,2000,PSO_RING,28,4.8716635861445114,0,2000
sphere_d20_i016,sphere,cont,0.001,2000,PSO_RING,29,3.7875852529578764,0,2000
sphere_d20_i016,sphere,cont,0.001,2000,DE,0,42.64236856025603,0,2000
sphere_d20_i016,sphere,cont,0.001,2000,DE,1,31.523261056365342,0,2000
sphere_d20_i016,sphere,cont,0.001,2000,DE,2,48.27873664214808,0,2000
sphere_d20_i016,sphere,cont,0.001,2000,DE,3,44.51603900356047,0,2000
sphere_d20_i016,sphere,cont,0.001,2000,DE,4,36.428691308323955,0,2000
sphere_d20_i016,sphere,cont,0.001,2000,DE,5,33.762462631365175,0,2000
sphere_d20_i016,sphere,cont,0.001,2000,DE,6,33.49727861868706,0,2000
sphere_d20_i016,sphere,cont,0.001,2000,DE,7,31.80564103624249,0,2000
sphere_d20_i016,sphere,cont,0.001,2000,DE,8,36.34564382762959,0,2000
sphere_d20_i016,sphere,cont,0.001,2000,DE,9,24.974555879921038,0,2000
sphere_d20_i016,sphere,cont,0.001,2000,DE,10,36.12378622565285,0,2000
sphere_d20_i016,sphere,cont,0.001,2000,DE,11,29.884573159193394,0,2000
sphere_d20_i016,sphere,cont,0.001,2000,DE,12,40.523477763319235,0,2000
sphere_d20_i016,sphere,cont,0.001,2000,DE,13,49.919458097504744,0,2000
sphere_d20_i016,sphere,cont,0.001,2000,DE,14,38.77467111905422,0,2000
sphere_d20_i016,sphere,cont,0.001,2000,DE,15,35.32348108362134,0,2000
sphere_d20_i016,sphere,cont,0.001,2000,DE,16,52.06129761101551,0,2000
sphere_d20_i016,sphere,cont,0.001,2000,DE,17,41.60675856356218,0,2000
sphere_d20_i016,sphere,cont,0.001,2000,DE,18,65.89431517038754,0,2000
sphere_d20_i016,sphere,cont,0.001,2000,DE,19,40.506056739030825,0,2000
sphere_d20_i016,sphere,cont,0.001,2000,DE,20,45.81215502525487,0,2000
sphere_d20_i016,sphere,cont,0.001,2000,DE,21,42.473126183271,0,2000
sphere_d20_i016,sphere,cont,0.001,2000,DE,22,35.962299213439145,0,2000
sphere_d20_i016,sphere,cont,0.001,2000,DE,23,22.762236808372286,0,2000
sphere_d20_i016,sphere,cont,0.001,2000,DE,24,48.845059790951815,0,2000
sphere_d20_i016,sphere,cont,0.001,2000,DE,25,32.69757071926387,0,2000
sphere_d20_i016,sphere,cont,0.001,2000,DE,26,47.31129671413754,0,2000
sphere_d20_i016,sphere,cont,0.001,2000,DE,27,29.219456195132295,0,2000
sphere_d20_i016,sphere,cont,0.001,2000,DE,28,40.26818959824861,0,2000
sphere_d20_i016,sphere,cont,0.001,2000,DE,29,20.564321487203834,0,2000
rastrigin_d10_i017,rastrigin,cont,5.0,2000,RS_CONT,0,59.69934973177115,0,2000
rastrigin_d10_i017,rastrigin,cont,5.0,2000,RS_CONT,1,84.24220047343479,0,2000
rastrigin_d10_i017,rastrigin,cont,5.0,2000,RS_CONT,2,90.86387194655495,0,2000
rastrigin_d10_i017,rastrigin,cont,5.0,2000,RS_CONT,3,86.33476992182833,0,2000
rastrigin_d10_i017,rastrigin,cont,5.0,2000,RS_CONT,4,78.31410351031609,0,2000
rastrigin_d10_i017,rastrigin,cont,5.0,2000,RS_CONT,5,80.51959116400258,0,2000
rastrigin_d10_i017,rastrigin,cont,5.0,2000,RS_CONT,6,84.81106886760188,0,2000
rastrigin_d10_i017,rastrigin,cont,5.0,2000,RS_CONT,7,64.3852870973837,0,2000
rastrigin_d10_i017,rastrigin,cont,5.0,2000,RS_CONT,8,87.47070134207722,0,2000
rastrigin_d10_i017,rastrigin,cont,5.0,2000,RS_CONT,9,85.97525221190287,0,2000
rastrigin_d10_i017,rastrigin,cont,5.0,2000,RS_CONT,10,86.63661909193874,0,2000
rastrigin_d10_i017,rastrigin,cont,5.0,2000,RS_CONT,11,59.18384943378336,0,2000
rastrigin_d10_i017,rastrigin,cont,5.0,2000,RS_CONT,12,75.87099053906763,0,2000
rastrigin_d10_i017,rastrigin,cont,5.0,2000,RS_CONT,13,90.84128133436288,0,2000
rastrigin_d10_i017,rastrigin,cont,5.0,2000,RS_CONT,14,90.59902952585435,0,2000
rastrigin_d10_i017,rastrigin,cont,5.0,2000,RS_CONT,15,67.86229189489902,0,2000
rastrigin_d10_i017,rastrigin,cont,5.0,2000,RS_CONT,16,83.28231993189098,0,2000
rastrigin_d10_i017,rastrigin,cont,5.0,2000,RS_CONT,17,77.35049482625618,0,2000
rastrigin_d10_i017,rastrigin,cont,5.0,2000,RS_CONT,18,81.58752640232092,0,2000
rastrigin_d10_i017,rastrigin,cont,5.0,2000,RS_CONT,19,78.90423893559019,0,2000
rastrigin_d10_i017,rastrigin,cont,5.0,2000,RS_CONT,20,81.72673680829928,0,2000
rastrigin_d10_i017,rastrigin,cont,5.0,2000,RS_CONT,21,68.62284958951099,0,2000
rastrigin_d10_i017,rastrigin,cont,5.0,2000,RS_CONT,22,85.53643752206179,0,2000
rastrigin_d10_i017,rastrigin,cont,5.0,2000,RS_CONT,23,83.61346375098752,0,2000
rastrigin_d10_i017,rastrigin,cont,5.0,2000,RS_CONT,24,96.54821184921865,0,2000
rastrigin_d10_i017,rastrigin,cont,5.0,2000,RS_CONT,25,77.1450218371626,0,2000
rastrigin_d10_i017,rastrigin,cont,5.0,2000,RS_CONT,26,79.3389746823753,0,2000
rastrigin_d10_i017,rastrigin,cont,5.0,2000,RS_CONT,27,86.44718401015196,0,2000
rastrigin_d10_i017,rastrigin,cont,5.0,2000,RS_CONT,28,88.50777571988891,0,2000
rastrigin_d10_i017,rastrigin,cont,5.0,2000,RS_CONT,29,70.94112145494663,0,2000
rastrigin_d10_i017,rastrigin,cont,5.0,2000,PSO_STD,0,34.354380865943554,0,2000
rastrigin_d10_i017,rastrigin,cont,5.0,2000,PSO_STD,1,19.916627741052025,0,2000
rastrigin_d10_i017,rastrigin,cont,5.0,2000,PSO_STD,2,24.10747291902048,0,2000
rastrigin_d10_i017,rastrigin,cont,5.0,2000,PSO_STD,3,12.743878469810213,0,2000
rastrigin_d10_i017,rastrigin,cont,5.0,2000,PSO_STD,4,14.014641005545329,0,2000
rastrigin_d10_i017,rastrigin,cont,5.0,2000,PSO_STD,5,31.978899118313933,0,2000
rastrigin_d10_i017,rastrigin,cont,5.0,2000,PSO_STD,6,38.81795163567059,0,2000
rastrigin_d10_i017,rastrigin,cont,5.0,2000,PSO_STD,7,24.416251047008743,0,2000
rastrigin_d10_i017,rastrigin,cont,5.0,2000,PSO_STD,8,16.21058138890011,0,2000
rastrigin_d10_i017,rastrigin,cont,5.0,2000,PSO_STD,9,27.714878952270666,0,2000
rastrigin_d10_i017,rastrigin,cont,5.0,2000,PSO_STD,10,42.26497267658733,0,2000
rastrigin_d10_i017,rastrigin,cont,5.0,2000,PSO_STD,11,39.45254843453038,0,2000
rastrigin_d10_i017,rastrigin,cont,5.0,2000,PSO_STD,12,23.751766000576353,0,2000
rastrigin_d10_i017,rastrigin,cont,5.0,2000,PSO_STD,13,28.67235468719194,0,2000
rastrigin_d10_i017,rastrigin,cont,5.0,2000,PSO_STD,14,20.604626312698926,0,2000
rastrigin_d10_i017,rastrigin,cont,5.0,2000,PSO_STD,15,11.937900179556081,0,2000
rastrigin_d10_i017,rastrigin,cont,5.0,2000,PSO_STD,16,20.582912455018814,0,2000
rastrigin_d10_i017,rastrigin,cont,5.0,2000,PSO_STD,17,30.63315105672376,0,2000
rastrigin_d10_i017,rastrigin,cont,5.0,2000,PSO_STD,18,12.771221906964115,0,2000
rastrigin_d10_i017,rastrigin,cont,5.0,2000,PSO_STD,19,26.58652178038959,0,2000
rastrigin_d10_i017,rastrigin,cont,5.0,2000,PSO_STD,20,38.457260706339675,0,2000
rastrigin_d10_i017,rastrigin,cont,5.0,2000,PSO_STD,21,26.808544219460913,0,2000
rastrigin_d10_i017,rastrigin,cont,5.0,2000,PSO_STD,22,21.892300248417968,0,2000
rastrigin_d10_i017,rastrigin,cont,5.0,2000,PSO_STD,23,46.6256296312593,0,2000
rastrigin_d10_i017,rastrigin,cont,5.0,2000,PSO_STD,24,35.96112204397154,0,2000
rastrigin_d10_i017,rastrigin,cont,5.0,2000,PSO_STD,25,15.80751991887061,0,2000
rastrigin_d10_i017,rastrigin,cont,5.0,2000,PSO_STD,26,13.704191903253772,0,2000
rastrigin_d10_i017,rastrigin,cont,5.0,2000,PSO_STD,27,11.412380603667359,0,2000
rastrigin_d10_i017,rastrigin,cont,5.0,2000,PSO_STD,28,23.092025614279677,0,2000
rastrigin_d10_i017,rastrigin,cont,5.0,2000,PSO_STD,29,34.15350119019354,0,2000
rastrigin_d10_i017,rastrigin,cont,5.0,2000,PSO_RING,0,35.468259448257925,0,2000
rastrigin_d10_i017,rastrigin,cont,5.0,2000,PSO_RING,1,19.8029684867858,0,2000
rastrigin_d10_i017,rastrigin,cont,5.0,2000,PSO_RING,2,27.17288289069188,0,2000
rastrigin_d10_i017,rastrigin,cont,5.0,2000,PSO_RING,3,21.527599526518998,0,2000
rastrigin_d10_i017,rastrigin,cont,5.0,2000,PSO_RING,4,47.006185587495935,0,2000
rastrigin_d10_i017,rastrigin,cont,5.0,2000,PSO_RING,5,29.57249009972776,0,2000
rastrigin_d10_i017,rastrigin,cont,5.0,2000,PSO_RING,6,35.638286248809365,0,2000
rastrigin_d10_i017,rastrigin,cont,5.0,2000,PSO_RING,7,29.343270835528642,0,2000
rastrigin_d10_i017,rastrigin,cont,5.0,2000,PSO_RING,8,25.12332131119001,0,2000
rastrigin_d10_i017,rastrigin,cont,5.0,2000,PSO_RING,9,35.3484732269072,0,2000
rastrigin_d10_i017,rastrigin,cont,5.0,2000,PSO_RING,10,14.58497843293182,0,2000
rastrigin_d10_i017,rastrigin,cont,5.0,2000,PSO_RING,11,45.780811480169184,0,2000
rastrigin_d10_i017,rastrigin,cont,5.0,2000,PSO_RING,12,32.04206063308878,0,2000
rastrigin_d10_i017,rastrigin,cont,5.0,2000,PSO_RING,13,39.00003687636692,0,2000
rastrigin_d10_i017,rastrigin,cont,5.0,2000,PSO_RING,14,20.948403950686014,0,2000
rastrigin_d10_i017,rastrigin,cont,5.0,2000,PSO_RING,15,28.6127005230785,0,2000
rastrigin_d10_i017,rastrigin,cont,5.0,2000,PSO_RING,16,28.20262864880162,0,2000
rastrigin_d10_i017,rastrigin,cont,5.0,2000,PSO_RING,17,22.617463927455276,0,2000
rastrigin_d10_i017,rastrigin,cont,5.0,2000,PSO_RING,18,38.52604959899502,0,2000
rastrigin_d10_i017,rastrigin,cont,5.0,2000,PSO_RING,19,46.39531595039172,0,2000
rastrigin_d10_i017,rastrigin,cont,5.0,2000,PSO_RING,20,30.326161250094515,0,2000
rastrigin_d10_i017,rastrigin,cont,5.0,2000,PSO_RING,21,36.30747830957095,0,2000
rastrigin_d10_i017,rastrigin,cont,5.0,2000,PSO_RING,22,28.993947170567893,0,2000
rastrigin_d10_i017,rastrigin,cont,5.0,2000,PSO_RING,23,19.44215904601178,0,2000
rastrigin_d10_i017,rastrigin,cont,5.0,2000,PSO_RING,24,35.39679733826655,0,2000
rastrigin_d10_i017,rastrigin,cont,5.0,2000,PSO_RING,25,48.629748290923125,0,2000
rastrigin_d10_i017,rastrigin,cont,5.0,2000,PSO_RING,26,29.63282721113748,0,2000
rastrigin_d10_i017,rastrigin,cont,5.0,2000,PSO_RING,27,31.838077813921487,0,2000
rastrigin_d10_i017,rastrigin,cont,5.0,2000,PSO_RING,28,24.46006989389153,0,2000
rastrigin_d10_i017,rastrigin,cont,5.0,2000,PSO_RING,29,37.62507270930906,0,2000
rastrigin_d10_i017,rastrigin,cont,5.0,2000,DE,0,76.79004410180941,0,2000
rastrigin_d10_i017,rastrigin,cont,5.0,2000,DE,1,54.991940360393755,0,2000
rastrigin_d10_i017,rastrigin,cont,5.0,2000,DE,2,60.10595565028449,0,2000
rastrigin_d10_i017,rastrigin,cont,5.0,2000,DE,3,76.74828311912552,0,2000
rastrigin_d10_i017,rastrigin,cont,5.0,2000,DE,4,73.5293327749236,0,2000
rastrigin_d10_i017,rastrigin,cont,5.0,2000,DE,5,71.44970631748978,0,2000
rastrigin_d10_i017,rastrigin,cont,5.0,2000,DE,6,51.73008463807848,0,2000
rastrigin_d10_i017,rastrigin,cont,5.0,2000,DE,7,74.38737991616802,0,2000
rastrigin_d10_i017,rastrigin,cont,5.0,2000,DE,8,59.66752568117275,0,2000
rastrigin_d10_i017,rastrigin,cont,5.0,2000,DE,9,79.36456967730274,0,2000
rastrigin_d10_i017,rastrigin,cont,5.0,2000,DE,10,76.8958801628925,0,2000
rastrigin_d10_i017,rastrigin,cont,5.0,2000,DE,11,73.93208630601748,0,2000
rastrigin_d10_i017,rastrigin,cont,5.0,2000,DE,12,78.34440471083727,0,2000
rastrigin_d10_i017,rastrigin,cont,5.0,2000,DE,13,74.27563558730047,0,2000
rastrigin_d10_i017,rastrigin,cont,5.0,2000,DE,14,67.57617072700704,0,2000
rastrigin_d10_i017,rastrigin,cont,5.0,2000,DE,15,70.19364368057265,0,2000
rastrigin_d10_i017,rastrigin,cont,5.0,2000,DE,16,81.27008278240794,0,2000
rastrigin_d10_i017,rastrigin,cont,5.0,2000,DE,17,80.91494263771564,0,2000
rastrigin_d10_i017,rastrigin,cont,5.0,2000,DE,18,75.04600083688197,0,2000
rastrigin_d10_i017,rastrigin,cont,5.0,2000,DE,19,70.90619948208334,0,2000
rastrigin_d10_i017,rastrigin,cont,5.0,2000,DE,20,84.89464663429547,0,2000
rastrigin_d10_i017,rastrigin,cont,5.0,2000,DE,21,66.71374108299787,0,2000
rastrigin_d10_i017,rastrigin,cont,5.0,2000,DE,22,48.8499329535147,0,2000
rastrigin_d10_i017,rastrigin,cont,5.0,2000,DE,23,44.45508729733162,0,2000
rastrigin_d10_i017,rastrigin,cont,5.0,2000,DE,24,52.4239971432398,0,2000
rastrigin_d10_i017,rastrigin,cont,5.0,2000,DE,25,83.47687121312434,0,2000
rastrigin_d10_i017,rastrigin,cont,5.0,2000,DE,26,58.44922196019881,0,2000
rastrigin_d10_i017,rastrigin,cont,5.0,2000,DE,27,79.01110183555207,0,2000
rastrigin_d10_i017,rastrigin,cont,5.0,2000,DE,28,53.71188331332259,0,2000
rastrigin_d10_i017,rastrigin,cont,5.0,2000,DE,29,68.71694261339655,0,2000
sphere_d5_i018,sphere,cont,0.001,2000,RS_CONT,0,0.8804228432345025,0,2000
sphere_d5_i018,sphere,cont,0.001,2000,RS_CONT,1,2.982236830833914,0,2000
sphere_d5_i018,sphere,cont,0.001,2000,RS_CONT,2,3.52143634547007,0,2000
sphere_d5_i018,sphere,cont,0.001,2000,RS_CONT,3,1.7698171431500942,0,2000
sphere_d5_i018,sphere,cont,0.001,2000,RS_CONT,4,2.2671029337681827,0,2000
sphere_d5_i018,sphere,cont,0.001,2000,RS_CONT,5,2.3083810890171366,0,2000
sphere_d5_i018,sphere,cont,0.001,2000,RS_CONT,6,0.6877653308430532,0,2000
sphere_d5_i018,sphere,cont,0.001,2000,RS_CONT,7,1.2056608010999095,0,2000
sphere_d5_i018,sphere,cont,0.001,2000,RS_CONT,8,2.841918537771425,0,2000
sphere_d5_i018,sphere,cont,0.001,2000,RS_CONT,9,1.9349389149467968,0,2000
sphere_d5_i018,sphere,cont,0.001,2000,RS_CONT,10,2.7592678968659174,0,2000
sphere_d5_i018,sphere,cont,0.001,2000,RS_CONT,11,1.0767181010203286,0,2000
sphere_d5_i018,sphere,cont,0.001,2000,RS_CONT,12,1.3539063772534474,0,2000
sphere_d5_i018,sphere,cont,0.001,2000,RS_CONT,13,3.3958051629257078,0,2000
sphere_d5_i018,sphere,cont,0.001,2000,RS_CONT,14,1.5329268378459366,0,2000
sphere_d5_i018,sphere,cont,0.001,2000,RS_CONT,15,1.5940197480573237,0,2000
sphere_d5_i018,sphere,cont,0.001,2000,RS_CONT,16,1.0982318969785143,0,2000
sphere_d5_i018,sphere,cont,0.001,2000,RS_CONT,17,1.917491724415421,0,2000
sphere_d5_i018,sphere,cont,0.001,2000,RS_CONT,18,2.783386908562154,0,2000
sphere_d5_i018,sphere,cont,0.001,2000,RS_CONT,19,0.7535998814187753,0,2000
sphere_d5_i018,sphere,cont,0.001,2000,RS_CONT,20,2.0422090342153716,0,2000
sphere_d5_i018,sphere,cont,0.001,2000,RS_CONT,21,2.345086733694795,0,2000
sphere_d5_i018,sphere,cont,0.001,2000,RS_CONT,22,4.127329186494324,0,2000
sphere_d5_i018,sphere,cont,0.001,2000,RS_CONT,23,1.4360734329620435,0,2000
sphere_d5_i018,sphere,cont,0.001,2000,RS_CONT,24,1.4332001519681667,0,2000
sphere_d5_i018,sphere,cont,0.001,2000,RS_CONT,25,1.8254307172706057,0,2000
sphere_d5_i018,sphere,cont,0.001,2000,RS_CONT,26,1.0185961414180627,0,2000
sphere_d5_i018,sphere,cont,0.001,2000,RS_CONT,27,3.140893478560798,0,2000
sphere_d5_i018,sphere,cont,0.001,2000,RS_CONT,28,2.3282829676551184,0,2000
sphere_d5_i018,sphere,cont,0.001,2000,RS_CONT,29,2.8678034687273612,0,2000
sphere_d5_i018,sphere,cont,0.001,2000,PSO_STD,0,0.0005202823666193149,1,990
sphere_d5_i018,sphere,cont,0.001,2000,PSO_STD,1,0.00029107302025126414,1,1290
sphere_d5_i018,sphere,cont,0.001,2000,PSO_STD,2,0.0005265322472666837,1,1320
sphere_d5_i018,sphere,cont,0.001,2000,PSO_STD,3,0.000882190903938909,1,1200
sphere_d5_i018,sphere,cont,0.001,2000,PSO_STD,4,0.0008840008109239516,1,1260
sphere_d5_i018,sphere,cont,0.001,2000,PSO_STD,5,0.0006502642393619036,1,1170
sphere_d5_i018,sphere,cont,0.001,2000,PSO_STD,6,0.00030629078583239885,1,1290
sphere_d5_i018,sphere,cont,0.001,2000,PSO_STD,7,0.0005056297375026292,1,1110
sphere_d5_i018,sphere,cont,0.001,2000,PSO_STD,8,0.0009136097234913251,1,1380
sphere_d5_i018,sphere,cont,0.001,2000,PSO_STD,9,0.0007625808281392235,1,1170
sphere_d5_i018,sphere,cont,0.001,2000,PSO_STD,10,0.0008694357440942732,1,1170
sphere_d5_i018,sphere,cont,0.001,2000,PSO_STD,11,0.00099067037119164,1,1410
sphere_d5_i018,sphere,cont,0.001,2000,PSO_STD,12,0.0001963387807088816,1,1320
sphere_d5_i018,sphere,cont,0.001,2000,PSO_STD,13,0.0006397354700215098,1,1140
sphere_d5_i018,sphere,cont,0.001,2000,PSO_STD,14,0.0008226149743392593,1,1290
sphere_d5_i018,sphere,cont,0.001,2000,PSO_STD,15,0.00023305125003726185,1,1260
sphere_d5_i018,sphere,cont,0.001,2000,PSO_STD,16,0.0005317843972664902,1,1320
sphere_d5_i018,sphere,cont,0.001,2000,PSO_STD,17,0.0008169504605109966,1,1050
sphere_d5_i018,sphere,cont,0.001,2000,PSO_STD,18,0.0006819766410894387,1,1410
sphere_d5_i018,sphere,cont,0.001,2000,PSO_STD,19,0.0004413430968564123,1,1050
sphere_d5_i018,sphere,cont,0.001,2000,PSO_STD,20,0.0006811726844254533,1,1260
sphere_d5_i018,sphere,cont,0.001,2000,PSO_STD,21,0.0009754054803963747,1,1380
sphere_d5_i018,sphere,cont,0.001,2000,PSO_STD,22,0.0007007933675909927,1,1200
sphere_d5_i018,sphere,cont,0.001,2000,PSO_STD,23,0.0006084141640954058,1,1230
sphere_d5_i018,sphere,cont,0.001,2000,PSO_STD,24,0.0006922868352123073,1,1410
sphere_d5_i018,sphere,cont,0.001,2000,PSO_STD,25,0.00038629045081988795,1,1380
sphere_d5_i018,sphere,cont,0.001,2000,PSO_STD,26,0.0006403448727867034,1,1170
sphere_d5_i018,sphere,cont,0.001,2000,PSO_STD,27,0.0006412515846537031,1,1080
sphere_d5_i018,sphere,cont,0.001,2000,PSO_STD,28,0.0005952578138375154,1,1170
sphere_d5_i018,sphere,cont,0.001,2000,PSO_STD,29,0.0005804028103996076,1,1470
sphere_d5_i018,sphere,cont,0.001,2000,PSO_RING,0,0.0004902737558456689,1,1560
sphere_d5_i018,sphere,cont,0.001,2000,PSO_RING,1,0.00047899122129263223,1,1950
sphere_d5_i018,sphere,cont,0.001,2000,PSO_RING,2,0.0009701338347914026,1,1920
sphere_d5_i018,sphere,cont,0.001,2000,PSO_RING,3,0.000482130539355929,1,1500
sphere_d5_i018,sphere,cont,0.001,2000,PSO_RING,4,0.0008357982825766024,1,1410
sphere_d5_i018,sphere,cont,0.001,2000,PSO_RING,5,0.0008675149323119569,1,1530
sphere_d5_i018,sphere,cont,0.001,2000,PSO_RING,6,0.00050886605983272,1,1770
sphere_d5_i018,sphere,cont,0.001,2000,PSO_RING,7,0.0011128930296307148,0,2000
sphere_d5_i018,sphere,cont,0.001,2000,PSO_RING,8,0.000614346322500952,1,1830
sphere_d5_i018,sphere,cont,0.001,2000,PSO_RING,9,0.0004275027061941414,1,1260
sphere_d5_i018,sphere,cont,0.001,2000,PSO_RING,10,0.0006251560451721052,1,1890
sphere_d5_i018,sphere,cont,0.001,2000,PSO_RING,11,0.0009451026321475227,1,1920
sphere_d5_i018,sphere,cont,0.001,2000,PSO_RING,12,0.0006299400480282269,1,1860
sphere_d5_i018,sphere,cont,0.001,2000,PSO_RING,13,0.0003510203299530567,1,1110
sphere_d5_i018,sphere,cont,0.001,2000,PSO_RING,14,0.0007744606113881995,1,1500
sphere_d5_i018,sphere,cont,0.001,2000,PSO_RING,15,0.0007515767386359187,1,1830
sphere_d5_i018,sphere,cont,0.001,2000,PSO_RING,16,0.000868237061708704,1,1920
sphere_d5_i018,sphere,cont,0.001,2000,PSO_RING,17,0.001174433579224781,0,2000
sphere_d5_i018,sphere,cont,0.001,2000,PSO_RING,18,0.00029942002068627155,1,1710
sphere_d5_i018,sphere,cont,0.001,2000,PSO_RING,19,0.00028941043603351326,1,1710
sphere_d5_i018,sphere,cont,0.001,2000,PSO_RING,20,0.0009588101264772916,1,1830
sphere_d5_i018,sphere,cont,0.001,2000,PSO_RING,21,0.0005233602269370517,1,1830
sphere_d5_i018,sphere,cont,0.001,2000,PSO_RING,22,0.0010378812376631837,0,2000
sphere_d5_i018,sphere,cont,0.001,2000,PSO_RING,23,0.0005783274222172567,1,1770
sphere_d5_i018,sphere,cont,0.001,2000,PSO_RING,24,0.0009480625904634806,1,1950
sphere_d5_i018,sphere,cont,0.001,2000,PSO_RING,25,0.0008893253739431584,1,1620
sphere_d5_i018,sphere,cont,0.001,2000,PSO_RING,26,0.0009157758264156651,1,1440
sphere_d5_i018,sphere,cont,0.001,2000,PSO_RING,27,0.0004134578488204329,1,1860
sphere_d5_i018,sphere,cont,0.001,2000,PSO_RING,28,0.0006977030055107072,1,1770
sphere_d5_i018,sphere,cont,0.001,2000,PSO_RING,29,0.0006400479386331405,1,1650
sphere_d5_i018,sphere,cont,0.001,2000,DE,0,0.0014476238828686106,0,2000
sphere_d5_i018,sphere,cont,0.001,2000,DE,1,0.004984567139248196,0,2000
sphere_d5_i018,sphere,cont,0.001,2000,DE,2,0.0029475046120388585,0,2000
sphere_d5_i018,sphere,cont,0.001,2000,DE,3,0.00099672200319689,1,1920
sphere_d5_i018,sphere,cont,0.001,2000,DE,4,0.0014984245482221829,0,2000
sphere_d5_i018,sphere,cont,0.001,2000,DE,5,0.006270428577383247,0,2000
sphere_d5_i018,sphere,cont,0.001,2000,DE,6,0.007452877537333397,0,2000
sphere_d5_i018,sphere,cont,0.001,2000,DE,7,0.003952788292841584,0,2000
sphere_d5_i018,sphere,cont,0.001,2000,DE,8,0.0018272496628521824,0,2000
sphere_d5_i018,sphere,cont,0.001,2000,DE,9,0.010316232118650483,0,2000
sphere_d5_i018,sphere,cont,0.001,2000,DE,10,0.0031526302778231378,0,2000
sphere_d5_i018,sphere,cont,0.001,2000,DE,11,0.001010825799879971,0,2000
sphere_d5_i018,sphere,cont,0.001,2000,DE,12,0.0018694060973644588,0,2000
sphere_d5_i018,sphere,cont,0.001,2000,DE,13,0.01477845328731907,0,2000
sphere_d5_i018,sphere,cont,0.001,2000,DE,14,0.0007576295140121815,1,1860
sphere_d5_i018,sphere,cont,0.001,2000,DE,15,0.00830972591735678,0,2000
sphere_d5_i018,sphere,cont,0.001,2000,DE,16,0.0023913597488159663,0,2000
sphere_d5_i018,sphere,cont,0.001,2000,DE,17,0.003925108556553208,0,2000
sphere_d5_i018,sphere,cont,0.001,2000,DE,18,0.004195428833615986,0,2000
sphere_d5_i018,sphere,cont,0.001,2000,DE,19,0.003950645221735599,0,2000
sphere_d5_i018,sphere,cont,0.001,2000,DE,20,0.002541030979387925,0,2000
sphere_d5_i018,sphere,cont,0.001,2000,DE,21,0.0009574577534942723,1,1860
sphere_d5_i018,sphere,cont,0.001,2000,DE,22,0.0023275064751248314,0,2000
sphere_d5_i018,sphere,cont,0.001,2000,DE,23,0.010031203789993825,0,2000
sphere_d5_i018,sphere,cont,0.001,2000,DE,24,0.009764081886043701,0,2000
sphere_d5_i018,sphere,cont,0.001,2000,DE,25,0.0014898148264436935,0,2000
sphere_d5_i018,sphere,cont,0.001,2000,DE,26,0.005047519072519137,0,2000
sphere_d5_i018,sphere,cont,0.001,2000,DE,27,0.0029554044617534957,0,2000
sphere_d5_i018,sphere,cont,0.001,2000,DE,28,0.0021119144608919838,0,2000
sphere_d5_i018,sphere,cont,0.001,2000,DE,29,0.002002993531115637,0,2000
rastrigin_d5_i019,rastrigin,cont,5.0,2000,RS_CONT,0,25.905084555181723,0,2000
rastrigin_d5_i019,rastrigin,cont,5.0,2000,RS_CONT,1,32.450410926441506,0,2000
rastrigin_d5_i019,rastrigin,cont,5.0,2000,RS_CONT,2,26.615883102893914,0,2000
rastrigin_d5_i019,rastrigin,cont,5.0,2000,RS_CONT,3,8.760948150551052,0,2000
rastrigin_d5_i019,rastrigin,cont,5.0,2000,RS_CONT,4,22.964883811136744,0,2000
rastrigin_d5_i019,rastrigin,cont,5.0,2000,RS_CONT,5,30.34050623890039,0,2000
rastrigin_d5_i019,rastrigin,cont,5.0,2000,RS_CONT,6,27.05998949919357,0,2000
rastrigin_d5_i019,rastrigin,cont,5.0,2000,RS_CONT,7,18.617416652057674,0,2000
rastrigin_d5_i019,rastrigin,cont,5.0,2000,RS_CONT,8,15.791442011440978,0,2000
rastrigin_d5_i019,rastrigin,cont,5.0,2000,RS_CONT,9,25.93994611982614,0,2000
rastrigin_d5_i019,rastrigin,cont,5.0,2000,RS_CONT,10,28.49651191331977,0,2000
rastrigin_d5_i019,rastrigin,cont,5.0,2000,RS_CONT,11,27.292837884930595,0,2000
rastrigin_d5_i019,rastrigin,cont,5.0,2000,RS_CONT,12,28.11912628066803,0,2000
rastrigin_d5_i019,rastrigin,cont,5.0,2000,RS_CONT,13,24.286872928112032,0,2000
rastrigin_d5_i019,rastrigin,cont,5.0,2000,RS_CONT,14,22.771245086381427,0,2000
rastrigin_d5_i019,rastrigin,cont,5.0,2000,RS_CONT,15,26.5641743135586,0,2000
rastrigin_d5_i019,rastrigin,cont,5.0,2000,RS_CONT,16,8.491060666549359,0,2000
rastrigin_d5_i019,rastrigin,cont,5.0,2000,RS_CONT,17,25.66961805505934,0,2000
rastrigin_d5_i019,rastrigin,cont,5.0,2000,RS_CONT,18,30.372634956672673,0,2000
rastrigin_d5_i019,rastrigin,cont,5.0,2000,RS_CONT,19,26.37949604966212,0,2000
rastrigin_d5_i019,rastrigin,cont,5.0,2000,RS_CONT,20,23.978501264123764,0,2000
rastrigin_d5_i019,rastrigin,cont,5.0,2000,RS_CONT,21,19.025983861297547,0,2000
rastrigin_d5_i019,rastrigin,cont,5.0,2000,RS_CONT,22,20.959985057109655,0,2000
rastrigin_d5_i019,rastrigin,cont,5.0,2000,RS_CONT,23,25.208620498749127,0,2000
rastrigin_d5_i019,rastrigin,cont,5.0,2000,RS_CONT,24,19.01123555903432,0,2000
rastrigin_d5_i019,rastrigin,cont,5.0,2000,RS_CONT,25,27.504182976941188,0,2000
rastrigin_d5_i019,rastrigin,cont,5.0,2000,RS_CONT,26,23.371510803358667,0,2000
rastrigin_d5_i019,rastrigin,cont,5.0,2000,RS_CONT,27,20.696876725051236,0,2000
rastrigin_d5_i019,rastrigin,cont,5.0,2000,RS_CONT,28,26.101650947897078,0,2000
rastrigin_d5_i019,rastrigin,cont,5.0,2000,RS_CONT,29,18.656609923496518,0,2000
rastrigin_d5_i019,rastrigin,cont,5.0,2000,PSO_STD,0,4.870485846597859,1,1530
rastrigin_d5_i019,rastrigin,cont,5.0,2000,PSO_STD,1,4.361022997252782,1,870
rastrigin_d5_i019,rastrigin,cont,5.0,2000,PSO_STD,2,5.029467788810109,0,2000
rastrigin_d5_i019,rastrigin,cont,5.0,2000,PSO_STD,3,5.313951995356113,0,2000
rastrigin_d5_i019,rastrigin,cont,5.0,2000,PSO_STD,4,4.982468213834487,1,1590
rastrigin_d5_i019,rastrigin,cont,5.0,2000,PSO_STD,5,3.7202817555150887,1,1860
rastrigin_d5_i019,rastrigin,cont,5.0,2000,PSO_STD,6,4.676832407685609,1,990
rastrigin_d5_i019,rastrigin,cont,5.0,2000,PSO_STD,7,3.3250036218659176,1,1560
rastrigin_d5_i019,rastrigin,cont,5.0,2000,PSO_STD,8,3.600398523897411,1,390
rastrigin_d5_i019,rastrigin,cont,5.0,2000,PSO_STD,9,4.854671427882131,1,1140
rastrigin_d5_i019,rastrigin,cont,5.0,2000,PSO_STD,10,6.410840248292395,0,2000
rastrigin_d5_i019,rastrigin,cont,5.0,2000,PSO_STD,11,4.21413694062791,1,1710
rastrigin_d5_i019,rastrigin,cont,5.0,2000,PSO_STD,12,4.207361249716499,1,1200
rastrigin_d5_i019,rastrigin,cont,5.0,2000,PSO_STD,13,7.285265857406564,0,2000
rastrigin_d5_i019,rastrigin,cont,5.0,2000,PSO_STD,14,4.180581293653468,1,1620
rastrigin_d5_i019,rastrigin,cont,5.0,2000,PSO_STD,15,3.5167263434352023,1,1560
rastrigin_d5_i019,rastrigin,cont,5.0,2000,PSO_STD,16,4.142853467323022,1,1140
rastrigin_d5_i019,rastrigin,cont,5.0,2000,PSO_STD,17,6.980786673402534,0,2000
rastrigin_d5_i019,rastrigin,cont,5.0,2000,PSO_STD,18,4.996290631553279,1,1980
rastrigin_d5_i019,rastrigin,cont,5.0,2000,PSO_STD,19,4.795118101723155,1,840
rastrigin_d5_i019,rastrigin,cont,5.0,2000,PSO_STD,20,10.049070835567314,0,2000
rastrigin_d5_i019,rastrigin,cont,5.0,2000,PSO_STD,21,7.091471318621672,0,2000
rastrigin_d5_i019,rastrigin,cont,5.0,2000,PSO_STD,22,6.975221723023338,0,2000
rastrigin_d5_i019,rastrigin,cont,5.0,2000,PSO_STD,23,3.6247491122398614,1,1230
rastrigin_d5_i019,rastrigin,cont,5.0,2000,PSO_STD,24,4.613011911189972,1,1410
rastrigin_d5_i019,rastrigin,cont,5.0,2000,PSO_STD,25,3.4011620785874115,1,810
rastrigin_d5_i019,rastrigin,cont,5.0,2000,PSO_STD,26,4.826637151216481,1,1410
rastrigin_d5_i019,rastrigin,cont,5.0,2000,PSO_STD,27,4.597711673099909,1,1140
rastrigin_d5_i019,rastrigin,cont,5.0,2000,PSO_STD,28,5.041827321269345,0,2000
rastrigin_d5_i019,rastrigin,cont,5.0,2000,PSO_STD,29,5.023574238423016,0,2000
rastrigin_d5_i019,rastrigin,cont,5.0,2000,PSO_RING,0,4.390911983140668,1,1800
rastrigin_d5_i019,rastrigin,cont,5.0,2000,PSO_RING,1,4.9768716803895,1,1110
rastrigin_d5_i019,rastrigin,cont,5.0,2000,PSO_RING,2,6.912760698011873,0,2000
rastrigin_d5_i019,rastrigin,cont,5.0,2000,PSO_RING,3,4.913735567833669,1,1500
rastrigin_d5_i019,rastrigin,cont,5.0,2000,PSO_RING,4,3.322734958328411,1,1440
rastrigin_d5_i019,rastrigin,cont,5.0,2000,PSO_RING,5,4.941421853709819,1,1350
rastrigin_d5_i019,rastrigin,cont,5.0,2000,PSO_RING,6,4.601690921210491,1,1350
rastrigin_d5_i019,rastrigin,cont,5.0,2000,PSO_RING,7,4.496140011803561,1,900
rastrigin_d5_i019,rastrigin,cont,5.0,2000,PSO_RING,8,6.184600044718223,0,2000
rastrigin_d5_i019,rastrigin,cont,5.0,2000,PSO_RING,9,4.86263225095491,1,990
rastrigin_d5_i019,rastrigin,cont,5.0,2000,PSO_RING,10,2.9284411519061706,1,1500
rastrigin_d5_i019,rastrigin,cont,5.0,2000,PSO_RING,11,4.154619831461723,1,690
rastrigin_d5_i019,rastrigin,cont,5.0,2000,PSO_RING,12,4.209784276153904,1,1230
rastrigin_d5_i019,rastrigin,cont,5.0,2000,PSO_RING,13,5.684787862085116,0,2000
rastrigin_d5_i019,rastrigin,cont,5.0,2000,PSO_RING,14,3.5593801361465154,1,1380
rastrigin_d5_i019,rastrigin,cont,5.0,2000,PSO_RING,15,4.866612099136731,1,960
rastrigin_d5_i019,rastrigin,cont,5.0,2000,PSO_RING,16,6.186578253069598,0,2000
rastrigin_d5_i019,rastrigin,cont,5.0,2000,PSO_RING,17,8.764830877043273,0,2000
rastrigin_d5_i019,rastrigin,cont,5.0,2000,PSO_RING,18,9.468503654327328,0,2000
rastrigin_d5_i019,rastrigin,cont,5.0,2000,PSO_RING,19,4.819148927337686,1,2000
rastrigin_d5_i019,rastrigin,cont,5.0,2000,PSO_RING,20,5.281225083041868,0,2000
rastrigin_d5_i019,rastrigin,cont,5.0,2000,PSO_RING,21,14.014279423317703,0,2000
rastrigin_d5_i019,rastrigin,cont,5.0,2000,PSO_RING,22,7.024228222056294,0,2000
rastrigin_d5_i019,rastrigin,cont,5.0,2000,PSO_RING,23,2.6053213002320916,1,1170
rastrigin_d5_i019,rastrigin,cont,5.0,2000,PSO_RING,24,1.9241027317871229,1,900
rastrigin_d5_i019,rastrigin,cont,5.0,2000,PSO_RING,25,6.958126358487995,0,2000
rastrigin_d5_i019,rastrigin,cont,5.0,2000,PSO_RING,26,4.969664435145241,1,1980
rastrigin_d5_i019,rastrigin,cont,5.0,2000,PSO_RING,27,5.04519215929529,0,2000
rastrigin_d5_i019,rastrigin,cont,5.0,2000,PSO_RING,28,8.828336800300768,0,2000
rastrigin_d5_i019,rastrigin,cont,5.0,2000,PSO_RING,29,5.124977060231032,0,2000
rastrigin_d5_i019,rastrigin,cont,5.0,2000,DE,0,10.750224015854059,0,2000
rastrigin_d5_i019,rastrigin,cont,5.0,2000,DE,1,19.481247120148794,0,2000
rastrigin_d5_i019,rastrigin,cont,5.0,2000,DE,2,11.179983503046344,0,2000
rastrigin_d5_i019,rastrigin,cont,5.0,2000,DE,3,9.093440130876012,0,2000
rastrigin_d5_i019,rastrigin,cont,5.0,2000,DE,4,15.379958770962439,0,2000
rastrigin_d5_i019,rastrigin,cont,5.0,2000,DE,5,13.4500957921029,0,2000
rastrigin_d5_i019,rastrigin,cont,5.0,2000,DE,6,15.849559981856302,0,2000
rastrigin_d5_i019,rastrigin,cont,5.0,2000,DE,7,8.615673118956153,0,2000
rastrigin_d5_i019,rastrigin,cont,5.0,2000,DE,8,18.42660695924741,0,2000
rastrigin_d5_i019,rastrigin,cont,5.0,2000,DE,9,13.197064652030086,0,2000
rastrigin_d5_i019,rastrigin,cont,5.0,2000,DE,10,17.02387690196818,0,2000
rastrigin_d5_i019,rastrigin,cont,5.0,2000,DE,11,22.52161056867584,0,2000
rastrigin_d5_i019,rastrigin,cont,5.0,2000,DE,12,18.17163348526134,0,2000
rastrigin_d5_i019,rastrigin,cont,5.0,2000,DE,13,16.85123218143113,0,2000
rastrigin_d5_i019,rastrigin,cont,5.0,2000,DE,14,14.340509176065808,0,2000
rastrigin_d5_i019,rastrigin,cont,5.0,2000,DE,15,8.10382560555393,0,2000
rastrigin_d5_i019,rastrigin,cont,5.0,2000,DE,16,22.92286650611976,0,2000
rastrigin_d5_i019,rastrigin,cont,5.0,2000,DE,17,17.54202529070517,0,2000
rastrigin_d5_i019,rastrigin,cont,5.0,2000,DE,18,14.485432982109998,0,2000
rastrigin_d5_i019,rastrigin,cont,5.0,2000,DE,19,17.350410227573256,0,2000
rastrigin_d5_i019,rastrigin,cont,5.0,2000,DE,20,15.296878330336554,0,2000
rastrigin_d5_i019,rastrigin,cont,5.0,2000,DE,21,15.89774800706158,0,2000
rastrigin_d5_i019,rastrigin,cont,5.0,2000,DE,22,9.311533878356357,0,2000
rastrigin_d5_i019,rastrigin,cont,5.0,2000,DE,23,5.937030600587548,0,2000
rastrigin_d5_i019,rastrigin,cont,5.0,2000,DE,24,10.15103615468636,0,2000
rastrigin_d5_i019,rastrigin,cont,5.0,2000,DE,25,16.88557301990535,0,2000
rastrigin_d5_i019,rastrigin,cont,5.0,2000,DE,26,20.111944246465132,0,2000
rastrigin_d5_i019,rastrigin,cont,5.0,2000,DE,27,9.25144108627007,0,2000
rastrigin_d5_i019,rastrigin,cont,5.0,2000,DE,28,9.146698406073682,0,2000
rastrigin_d5_i019,rastrigin,cont,5.0,2000,DE,29,22.122340673696872,0,2000
onemax_n30_i000,onemax,bin,0.0,2000,RS_BIN,0,4.0,0,2000
onemax_n30_i000,onemax,bin,0.0,2000,RS_BIN,1,6.0,0,2000
onemax_n30_i000,onemax,bin,0.0,2000,RS_BIN,2,7.0,0,2000
onemax_n30_i000,onemax,bin,0.0,2000,RS_BIN,3,8.0,0,2000
onemax_n30_i000,onemax,bin,0.0,2000,RS_BIN,4,7.0,0,2000
onemax_n30_i000,onemax,bin,0.0,2000,RS_BIN,5,6.0,0,2000
onemax_n30_i000,onemax,bin,0.0,2000,RS_BIN,6,6.0,0,2000
onemax_n30_i000,onemax,bin,0.0,2000,RS_BIN,7,6.0,0,2000
onemax_n30_i000,onemax,bin,0.0,2000,RS_BIN,8,6.0,0,2000
onemax_n30_i000,onemax,bin,0.0,2000,RS_BIN,9,5.0,0,2000
onemax_n30_i000,onemax,bin,0.0,2000,RS_BIN,10,6.0,0,2000
onemax_n30_i000,onemax,bin,0.0,2000,RS_BIN,11,7.0,0,2000
onemax_n30_i000,onemax,bin,0.0,2000,RS_BIN,12,6.0,0,2000
onemax_n30_i000,onemax,bin,0.0,2000,RS_BIN,13,6.0,0,2000
onemax_n30_i000,onemax,bin,0.0,2000,RS_BIN,14,7.0,0,2000
onemax_n30_i000,onemax,bin,0.0,2000,RS_BIN,15,5.0,0,2000
onemax_n30_i000,onemax,bin,0.0,2000,RS_BIN,16,6.0,0,2000
onemax_n30_i000,onemax,bin,0.0,2000,RS_BIN,17,7.0,0,2000
onemax_n30_i000,onemax,bin,0.0,2000,RS_BIN,18,5.0,0,2000
onemax_n30_i000,onemax,bin,0.0,2000,RS_BIN,19,6.0,0,2000
onemax_n30_i000,onemax,bin,0.0,2000,RS_BIN,20,6.0,0,2000
onemax_n30_i000,onemax,bin,0.0,2000,RS_BIN,21,6.0,0,2000
onemax_n30_i000,onemax,bin,0.0,2000,RS_BIN,22,6.0,0,2000
onemax_n30_i000,onemax,bin,0.0,2000,RS_BIN,23,6.0,0,2000
onemax_n30_i000,onemax,bin,0.0,2000,RS_BIN,24,5.0,0,2000
onemax_n30_i000,onemax,bin,0.0,2000,RS_BIN,25,6.0,0,2000
onemax_n30_i000,onemax,bin,0.0,2000,RS_BIN,26,6.0,0,2000
onemax_n30_i000,onemax,bin,0.0,2000,RS_BIN,27,7.0,0,2000
onemax_n30_i000,onemax,bin,0.0,2000,RS_BIN,28,7.0,0,2000
onemax_n30_i000,onemax,bin,0.0,2000,RS_BIN,29,5.0,0,2000
onemax_n30_i000,onemax,bin,0.0,2000,GA,0,0.0,1,1050
onemax_n30_i000,onemax,bin,0.0,2000,GA,1,0.0,1,700
onemax_n30_i000,onemax,bin,0.0,2000,GA,2,0.0,1,700
onemax_n30_i000,onemax,bin,0.0,2000,GA,3,0.0,1,550
onemax_n30_i000,onemax,bin,0.0,2000,GA,4,0.0,1,650
onemax_n30_i000,onemax,bin,0.0,2000,GA,5,0.0,1,450
onemax_n30_i000,onemax,bin,0.0,2000,GA,6,0.0,1,550
onemax_n30_i000,onemax,bin,0.0,2000,GA,7,0.0,1,900
onemax_n30_i000,onemax,bin,0.0,2000,GA,8,0.0,1,550
onemax_n30_i000,onemax,bin,0.0,2000,GA,9,0.0,1,550
onemax_n30_i000,onemax,bin,0.0,2000,GA,10,0.0,1,550
onemax_n30_i000,onemax,bin,0.0,2000,GA,11,0.0,1,650
onemax_n30_i000,onemax,bin,0.0,2000,GA,12,0.0,1,800
onemax_n30_i000,onemax,bin,0.0,2000,GA,13,0.0,1,650
onemax_n30_i000,onemax,bin,0.0,2000,GA,14,0.0,1,700
onemax_n30_i000,onemax,bin,0.0,2000,GA,15,0.0,1,750
onemax_n30_i000,onemax,bin,0.0,2000,GA,16,0.0,1,800
onemax_n30_i000,onemax,bin,0.0,2000,GA,17,0.0,1,650
onemax_n30_i000,onemax,bin,0.0,2000,GA,18,0.0,1,700
onemax_n30_i000,onemax,bin,0.0,2000,GA,19,0.0,1,1000
onemax_n30_i000,onemax,bin,0.0,2000,GA,20,0.0,1,650
onemax_n30_i000,onemax,bin,0.0,2000,GA,21,0.0,1,550
onemax_n30_i000,onemax,bin,0.0,2000,GA,22,0.0,1,750
onemax_n30_i000,onemax,bin,0.0,2000,GA,23,0.0,1,800
onemax_n30_i000,onemax,bin,0.0,2000,GA,24,0.0,1,450
onemax_n30_i000,onemax,bin,0.0,2000,GA,25,0.0,1,850
onemax_n30_i000,onemax,bin,0.0,2000,GA,26,0.0,1,700
onemax_n30_i000,onemax,bin,0.0,2000,GA,27,0.0,1,600
onemax_n30_i000,onemax,bin,0.0,2000,GA,28,0.0,1,800
onemax_n30_i000,onemax,bin,0.0,2000,GA,29,0.0,1,550
onemax_n30_i000,onemax,bin,0.0,2000,SA,0,0.0,1,244
onemax_n30_i000,onemax,bin,0.0,2000,SA,1,0.0,1,305
onemax_n30_i000,onemax,bin,0.0,2000,SA,2,0.0,1,315
onemax_n30_i000,onemax,bin,0.0,2000,SA,3,0.0,1,229
onemax_n30_i000,onemax,bin,0.0,2000,SA,4,0.0,1,266
onemax_n30_i000,onemax,bin,0.0,2000,SA,5,0.0,1,144
onemax_n30_i000,onemax,bin,0.0,2000,SA,6,0.0,1,274
onemax_n30_i000,onemax,bin,0.0,2000,SA,7,0.0,1,286
onemax_n30_i000,onemax,bin,0.0,2000,SA,8,0.0,1,196
onemax_n30_i000,onemax,bin,0.0,2000,SA,9,0.0,1,211
onemax_n30_i000,onemax,bin,0.0,2000,SA,10,0.0,1,249
onemax_n30_i000,onemax,bin,0.0,2000,SA,11,0.0,1,270
onemax_n30_i000,onemax,bin,0.0,2000,SA,12,0.0,1,259
onemax_n30_i000,onemax,bin,0.0,2000,SA,13,0.0,1,283
onemax_n30_i000,onemax,bin,0.0,2000,SA,14,0.0,1,313
onemax_n30_i000,onemax,bin,0.0,2000,SA,15,0.0,1,202
onemax_n30_i000,onemax,bin,0.0,2000,SA,16,0.0,1,275
onemax_n30_i000,onemax,bin,0.0,2000,SA,17,0.0,1,310
onemax_n30_i000,onemax,bin,0.0,2000,SA,18,0.0,1,261
onemax_n30_i000,onemax,bin,0.0,2000,SA,19,0.0,1,234
onemax_n30_i000,onemax,bin,0.0,2000,SA,20,0.0,1,273
onemax_n30_i000,onemax,bin,0.0,2000,SA,21,0.0,1,212
onemax_n30_i000,onemax,bin,0.0,2000,SA,22,0.0,1,317
onemax_n30_i000,onemax,bin,0.0,2000,SA,23,0.0,1,263
onemax_n30_i000,onemax,bin,0.0,2000,SA,24,0.0,1,296
onemax_n30_i000,onemax,bin,0.0,2000,SA,25,0.0,1,320
onemax_n30_i000,onemax,bin,0.0,2000,SA,26,0.0,1,287
onemax_n30_i000,onemax,bin,0.0,2000,SA,27,0.0,1,140
onemax_n30_i000,onemax,bin,0.0,2000,SA,28,0.0,1,276
onemax_n30_i000,onemax,bin,0.0,2000,SA,29,0.0,1,215
knapsack01_n40_cap199_i001,knapsack01,bin,0.0,2000,RS_BIN,0,116.0,0,2000
knapsack01_n40_cap199_i001,knapsack01,bin,0.0,2000,RS_BIN,1,137.0,0,2000
knapsack01_n40_cap199_i001,knapsack01,bin,0.0,2000,RS_BIN,2,101.0,0,2000
knapsack01_n40_cap199_i001,knapsack01,bin,0.0,2000,RS_BIN,3,147.0,0,2000
knapsack01_n40_cap199_i001,knapsack01,bin,0.0,2000,RS_BIN,4,141.0,0,2000
knapsack01_n40_cap199_i001,knapsack01,bin,0.0,2000,RS_BIN,5,135.0,0,2000
knapsack01_n40_cap199_i001,knapsack01,bin,0.0,2000,RS_BIN,6,125.0,0,2000
knapsack01_n40_cap199_i001,knapsack01,bin,0.0,2000,RS_BIN,7,124.0,0,2000
knapsack01_n40_cap199_i001,knapsack01,bin,0.0,2000,RS_BIN,8,98.0,0,2000
knapsack01_n40_cap199_i001,knapsack01,bin,0.0,2000,RS_BIN,9,126.0,0,2000
knapsack01_n40_cap199_i001,knapsack01,bin,0.0,2000,RS_BIN,10,157.0,0,2000
knapsack01_n40_cap199_i001,knapsack01,bin,0.0,2000,RS_BIN,11,110.0,0,2000
knapsack01_n40_cap199_i001,knapsack01,bin,0.0,2000,RS_BIN,12,138.0,0,2000
knapsack01_n40_cap199_i001,knapsack01,bin,0.0,2000,RS_BIN,13,106.0,0,2000
knapsack01_n40_cap199_i001,knapsack01,bin,0.0,2000,RS_BIN,14,125.0,0,2000
knapsack01_n40_cap199_i001,knapsack01,bin,0.0,2000,RS_BIN,15,117.0,0,2000
knapsack01_n40_cap199_i001,knapsack01,bin,0.0,2000,RS_BIN,16,126.0,0,2000
knapsack01_n40_cap199_i001,knapsack01,bin,0.0,2000,RS_BIN,17,145.0,0,2000
knapsack01_n40_cap199_i001,knapsack01,bin,0.0,2000,RS_BIN,18,91.0,0,2000
knapsack01_n40_cap199_i001,knapsack01,bin,0.0,2000,RS_BIN,19,157.0,0,2000
knapsack01_n40_cap199_i001,knapsack01,bin,0.0,2000,RS_BIN,20,138.0,0,2000
knapsack01_n40_cap199_i001,knapsack01,bin,0.0,2000,RS_BIN,21,117.0,0,2000
knapsack01_n40_cap199_i001,knapsack01,bin,0.0,2000,RS_BIN,22,134.0,0,2000
knapsack01_n40_cap199_i001,knapsack01,bin,0.0,2000,RS_BIN,23,141.0,0,2000
knapsack01_n40_cap199_i001,knapsack01,bin,0.0,2000,RS_BIN,24,122.0,0,2000
knapsack01_n40_cap199_i001,knapsack01,bin,0.0,2000,RS_BIN,25,160.0,0,2000
knapsack01_n40_cap199_i001,knapsack01,bin,0.0,2000,RS_BIN,26,131.0,0,2000
knapsack01_n40_cap199_i001,knapsack01,bin,0.0,2000,RS_BIN,27,144.0,0,2000
knapsack01_n40_cap199_i001,knapsack01,bin,0.0,2000,RS_BIN,28,136.0,0,2000
knapsack01_n40_cap199_i001,knapsack01,bin,0.0,2000,RS_BIN,29,82.0,0,2000
knapsack01_n40_cap199_i001,knapsack01,bin,0.0,2000,GA,0,8.0,0,2000
knapsack01_n40_cap199_i001,knapsack01,bin,0.0,2000,GA,1,22.0,0,2000
knapsack01_n40_cap199_i001,knapsack01,bin,0.0,2000,GA,2,16.0,0,2000
knapsack01_n40_cap199_i001,knapsack01,bin,0.0,2000,GA,3,13.0,0,2000
knapsack01_n40_cap199_i001,knapsack01,bin,0.0,2000,GA,4,28.0,0,2000
knapsack01_n40_cap199_i001,knapsack01,bin,0.0,2000,GA,5,29.0,0,2000
knapsack01_n40_cap199_i001,knapsack01,bin,0.0,2000,GA,6,42.0,0,2000
knapsack01_n40_cap199_i001,knapsack01,bin,0.0,2000,GA,7,24.0,0,2000
knapsack01_n40_cap199_i001,knapsack01,bin,0.0,2000,GA,8,49.0,0,2000
knapsack01_n40_cap199_i001,knapsack01,bin,0.0,2000,GA,9,28.0,0,2000
knapsack01_n40_cap199_i001,knapsack01,bin,0.0,2000,GA,10,38.0,0,2000
knapsack01_n40_cap199_i001,knapsack01,bin,0.0,2000,GA,11,9.0,0,2000
knapsack01_n40_cap199_i001,knapsack01,bin,0.0,2000,GA,12,34.0,0,2000
knapsack01_n40_cap199_i001,knapsack01,bin,0.0,2000,GA,13,17.0,0,2000
knapsack01_n40_cap199_i001,knapsack01,bin,0.0,2000,GA,14,16.0,0,2000
knapsack01_n40_cap199_i001,knapsack01,bin,0.0,2000,GA,15,5.0,0,2000
knapsack01_n40_cap199_i001,knapsack01,bin,0.0,2000,GA,16,39.0,0,2000
knapsack01_n40_cap199_i001,knapsack01,bin,0.0,2000,GA,17,17.0,0,2000
knapsack01_n40_cap199_i001,knapsack01,bin,0.0,2000,GA,18,18.0,0,2000
knapsack01_n40_cap199_i001,knapsack01,bin,0.0,2000,GA,19,21.0,0,2000
knapsack01_n40_cap199_i001,knapsack01,bin,0.0,2000,GA,20,17.0,0,2000
knapsack01_n40_cap199_i001,knapsack01,bin,0.0,2000,GA,21,9.0,0,2000
knapsack01_n40_cap199_i001,knapsack01,bin,0.0,2000,GA,22,19.0,0,2000
knapsack01_n40_cap199_i001,knapsack01,bin,0.0,2000,GA,23,26.0,0,2000
knapsack01_n40_cap199_i001,knapsack01,bin,0.0,2000,GA,24,25.0,0,2000
knapsack01_n40_cap199_i001,knapsack01,bin,0.0,2000,GA,25,19.0,0,2000
knapsack01_n40_cap199_i001,knapsack01,bin,0.0,2000,GA,26,11.0,0,2000
knapsack01_n40_cap199_i001,knapsack01,bin,0.0,2000,GA,27,9.0,0,2000
knapsack01_n40_cap199_i001,knapsack01,bin,0.0,2000,GA,28,30.0,0,2000
knapsack01_n40_cap199_i001,knapsack01,bin,0.0,2000,GA,29,18.0,0,2000
knapsack01_n40_cap199_i001,knapsack01,bin,0.0,2000,SA,0,207.0,0,2000
knapsack01_n40_cap199_i001,knapsack01,bin,0.0,2000,SA,1,263.0,0,2000
knapsack01_n40_cap199_i001,knapsack01,bin,0.0,2000,SA,2,247.0,0,2000
knapsack01_n40_cap199_i001,knapsack01,bin,0.0,2000,SA,3,138.0,0,2000
knapsack01_n40_cap199_i001,knapsack01,bin,0.0,2000,SA,4,238.0,0,2000
knapsack01_n40_cap199_i001,knapsack01,bin,0.0,2000,SA,5,148.0,0,2000
knapsack01_n40_cap199_i001,knapsack01,bin,0.0,2000,SA,6,145.0,0,2000
knapsack01_n40_cap199_i001,knapsack01,bin,0.0,2000,SA,7,316.0,0,2000
knapsack01_n40_cap199_i001,knapsack01,bin,0.0,2000,SA,8,291.0,0,2000
knapsack01_n40_cap199_i001,knapsack01,bin,0.0,2000,SA,9,267.0,0,2000
knapsack01_n40_cap199_i001,knapsack01,bin,0.0,2000,SA,10,183.0,0,2000
knapsack01_n40_cap199_i001,knapsack01,bin,0.0,2000,SA,11,203.0,0,2000
knapsack01_n40_cap199_i001,knapsack01,bin,0.0,2000,SA,12,242.0,0,2000
knapsack01_n40_cap199_i001,knapsack01,bin,0.0,2000,SA,13,243.0,0,2000
knapsack01_n40_cap199_i001,knapsack01,bin,0.0,2000,SA,14,249.0,0,2000
knapsack01_n40_cap199_i001,knapsack01,bin,0.0,2000,SA,15,218.0,0,2000
knapsack01_n40_cap199_i001,knapsack01,bin,0.0,2000,SA,16,172.0,0,2000
knapsack01_n40_cap199_i001,knapsack01,bin,0.0,2000,SA,17,227.0,0,2000
knapsack01_n40_cap199_i001,knapsack01,bin,0.0,2000,SA,18,220.0,0,2000
knapsack01_n40_cap199_i001,knapsack01,bin,0.0,2000,SA,19,279.0,0,2000
knapsack01_n40_cap199_i001,knapsack01,bin,0.0,2000,SA,20,272.0,0,2000
knapsack01_n40_cap199_i001,knapsack01,bin,0.0,2000,SA,21,248.0,0,2000
knapsack01_n40_cap199_i001,knapsack01,bin,0.0,2000,SA,22,203.0,0,2000
knapsack01_n40_cap199_i001,knapsack01,bin,0.0,2000,SA,23,219.0,0,2000
knapsack01_n40_cap199_i001,knapsack01,bin,0.0,2000,SA,24,132.0,0,2000
knapsack01_n40_cap199_i001,knapsack01,bin,0.0,2000,SA,25,124.0,0,2000
knapsack01_n40_cap199_i001,knapsack01,bin,0.0,2000,SA,26,269.0,0,2000
knapsack01_n40_cap199_i001,knapsack01,bin,0.0,2000,SA,27,253.0,0,2000
knapsack01_n40_cap199_i001,knapsack01,bin,0.0,2000,SA,28,292.0,0,2000
knapsack01_n40_cap199_i001,knapsack01,bin,0.0,2000,SA,29,154.0,0,2000
onemax_n30_i002,onemax,bin,0.0,2000,RS_BIN,0,6.0,0,2000
onemax_n30_i002,onemax,bin,0.0,2000,RS_BIN,1,6.0,0,2000
onemax_n30_i002,onemax,bin,0.0,2000,RS_BIN,2,6.0,0,2000
onemax_n30_i002,onemax,bin,0.0,2000,RS_BIN,3,7.0,0,2000
onemax_n30_i002,onemax,bin,0.0,2000,RS_BIN,4,5.0,0,2000
onemax_n30_i002,onemax,bin,0.0,2000,RS_BIN,5,5.0,0,2000
onemax_n30_i002,onemax,bin,0.0,2000,RS_BIN,6,6.0,0,2000
onemax_n30_i002,onemax,bin,0.0,2000,RS_BIN,7,5.0,0,2000
onemax_n30_i002,onemax,bin,0.0,2000,RS_BIN,8,6.0,0,2000
onemax_n30_i002,onemax,bin,0.0,2000,RS_BIN,9,6.0,0,2000
onemax_n30_i002,onemax,bin,0.0,2000,RS_BIN,10,6.0,0,2000
onemax_n30_i002,onemax,bin,0.0,2000,RS_BIN,11,6.0,0,2000
onemax_n30_i002,onemax,bin,0.0,2000,RS_BIN,12,5.0,0,2000
onemax_n30_i002,onemax,bin,0.0,2000,RS_BIN,13,6.0,0,2000
onemax_n30_i002,onemax,bin,0.0,2000,RS_BIN,14,5.0,0,2000
onemax_n30_i002,onemax,bin,0.0,2000,RS_BIN,15,5.0,0,2000
onemax_n30_i002,onemax,bin,0.0,2000,RS_BIN,16,7.0,0,2000
onemax_n30_i002,onemax,bin,0.0,2000,RS_BIN,17,7.0,0,2000
onemax_n30_i002,onemax,bin,0.0,2000,RS_BIN,18,6.0,0,2000
onemax_n30_i002,onemax,bin,0.0,2000,RS_BIN,19,7.0,0,2000
onemax_n30_i002,onemax,bin,0.0,2000,RS_BIN,20,3.0,0,2000
onemax_n30_i002,onemax,bin,0.0,2000,RS_BIN,21,6.0,0,2000
onemax_n30_i002,onemax,bin,0.0,2000,RS_BIN,22,6.0,0,2000
onemax_n30_i002,onemax,bin,0.0,2000,RS_BIN,23,6.0,0,2000
onemax_n30_i002,onemax,bin,0.0,2000,RS_BIN,24,7.0,0,2000
onemax_n30_i002,onemax,bin,0.0,2000,RS_BIN,25,6.0,0,2000
onemax_n30_i002,onemax,bin,0.0,2000,RS_BIN,26,7.0,0,2000
onemax_n30_i002,onemax,bin,0.0,2000,RS_BIN,27,5.0,0,2000
onemax_n30_i002,onemax,bin,0.0,2000,RS_BIN,28,6.0,0,2000
onemax_n30_i002,onemax,bin,0.0,2000,RS_BIN,29,6.0,0,2000
onemax_n30_i002,onemax,bin,0.0,2000,GA,0,0.0,1,600
onemax_n30_i002,onemax,bin,0.0,2000,GA,1,0.0,1,750
onemax_n30_i002,onemax,bin,0.0,2000,GA,2,0.0,1,550
onemax_n30_i002,onemax,bin,0.0,2000,GA,3,0.0,1,800
onemax_n30_i002,onemax,bin,0.0,2000,GA,4,0.0,1,650
onemax_n30_i002,onemax,bin,0.0,2000,GA,5,0.0,1,600
onemax_n30_i002,onemax,bin,0.0,2000,GA,6,0.0,1,600
onemax_n30_i002,onemax,bin,0.0,2000,GA,7,0.0,1,650
onemax_n30_i002,onemax,bin,0.0,2000,GA,8,0.0,1,650
onemax_n30_i002,onemax,bin,0.0,2000,GA,9,0.0,1,750
onemax_n30_i002,onemax,bin,0.0,2000,GA,10,0.0,1,550
onemax_n30_i002,onemax,bin,0.0,2000,GA,11,0.0,1,800
onemax_n30_i002,onemax,bin,0.0,2000,GA,12,0.0,1,850
onemax_n30_i002,onemax,bin,0.0,2000,GA,13,0.0,1,700
onemax_n30_i002,onemax,bin,0.0,2000,GA,14,0.0,1,750
onemax_n30_i002,onemax,bin,0.0,2000,GA,15,0.0,1,700
onemax_n30_i002,onemax,bin,0.0,2000,GA,16,0.0,1,750
onemax_n30_i002,onemax,bin,0.0,2000,GA,17,0.0,1,750
onemax_n30_i002,onemax,bin,0.0,2000,GA,18,0.0,1,650
onemax_n30_i002,onemax,bin,0.0,2000,GA,19,0.0,1,550
onemax_n30_i002,onemax,bin,0.0,2000,GA,20,0.0,1,650
onemax_n30_i002,onemax,bin,0.0,2000,GA,21,0.0,1,750
onemax_n30_i002,onemax,bin,0.0,2000,GA,22,0.0,1,750
onemax_n30_i002,onemax,bin,0.0,2000,GA,23,0.0,1,650
onemax_n30_i002,onemax,bin,0.0,2000,GA,24,0.0,1,700
onemax_n30_i002,onemax,bin,0.0,2000,GA,25,0.0,1,350
onemax_n30_i002,onemax,bin,0.0,2000,GA,26,0.0,1,850
onemax_n30_i002,onemax,bin,0.0,2000,GA,27,0.0,1,950
onemax_n30_i002,onemax,bin,0.0,2000,GA,28,0.0,1,600
onemax_n30_i002,onemax,bin,0.0,2000,GA,29,0.0,1,550
onemax_n30_i002,onemax,bin,0.0,2000,SA,0,0.0,1,326
onemax_n30_i002,onemax,bin,0.0,2000,SA,1,0.0,1,302
onemax_n30_i002,onemax,bin,0.0,2000,SA,2,0.0,1,222
onemax_n30_i002,onemax,bin,0.0,2000,SA,3,0.0,1,252
onemax_n30_i002,onemax,bin,0.0,2000,SA,4,0.0,1,278
onemax_n30_i002,onemax,bin,0.0,2000,SA,5,0.0,1,149
onemax_n30_i002,onemax,bin,0.0,2000,SA,6,0.0,1,300
onemax_n30_i002,onemax,bin,0.0,2000,SA,7,0.0,1,210
onemax_n30_i002,onemax,bin,0.0,2000,SA,8,0.0,1,239
onemax_n30_i002,onemax,bin,0.0,2000,SA,9,0.0,1,294
onemax_n30_i002,onemax,bin,0.0,2000,SA,10,0.0,1,307
onemax_n30_i002,onemax,bin,0.0,2000,SA,11,0.0,1,191
onemax_n30_i002,onemax,bin,0.0,2000,SA,12,0.0,1,293
onemax_n30_i002,onemax,bin,0.0,2000,SA,13,0.0,1,217
onemax_n30_i002,onemax,bin,0.0,2000,SA,14,0.0,1,237
onemax_n30_i002,onemax,bin,0.0,2000,SA,15,0.0,1,240
onemax_n30_i002,onemax,bin,0.0,2000,SA,16,0.0,1,270
onemax_n30_i002,onemax,bin,0.0,2000,SA,17,0.0,1,152
onemax_n30_i002,onemax,bin,0.0,2000,SA,18,0.0,1,286
onemax_n30_i002,onemax,bin,0.0,2000,SA,19,0.0,1,248
onemax_n30_i002,onemax,bin,0.0,2000,SA,20,0.0,1,296
onemax_n30_i002,onemax,bin,0.0,2000,SA,21,0.0,1,279
onemax_n30_i002,onemax,bin,0.0,2000,SA,22,0.0,1,231
onemax_n30_i002,onemax,bin,0.0,2000,SA,23,0.0,1,247
onemax_n30_i002,onemax,bin,0.0,2000,SA,24,0.0,1,254
onemax_n30_i002,onemax,bin,0.0,2000,SA,25,0.0,1,299
onemax_n30_i002,onemax,bin,0.0,2000,SA,26,0.0,1,185
onemax_n30_i002,onemax,bin,0.0,2000,SA,27,0.0,1,170
onemax_n30_i002,onemax,bin,0.0,2000,SA,28,0.0,1,140
onemax_n30_i002,onemax,bin,0.0,2000,SA,29,0.0,1,216
knapsack01_n30_cap162_i003,knapsack01,bin,0.0,2000,RS_BIN,0,112.0,0,2000
knapsack01_n30_cap162_i003,knapsack01,bin,0.0,2000,RS_BIN,1,49.0,0,2000
knapsack01_n30_cap162_i003,knapsack01,bin,0.0,2000,RS_BIN,2,97.0,0,2000
knapsack01_n30_cap162_i003,knapsack01,bin,0.0,2000,RS_BIN,3,101.0,0,2000
knapsack01_n30_cap162_i003,knapsack01,bin,0.0,2000,RS_BIN,4,74.0,0,2000
knapsack01_n30_cap162_i003,knapsack01,bin,0.0,2000,RS_BIN,5,103.0,0,2000
knapsack01_n30_cap162_i003,knapsack01,bin,0.0,2000,RS_BIN,6,82.0,0,2000
knapsack01_n30_cap162_i003,knapsack01,bin,0.0,2000,RS_BIN,7,92.0,0,2000
knapsack01_n30_cap162_i003,knapsack01,bin,0.0,2000,RS_BIN,8,81.0,0,2000
knapsack01_n30_cap162_i003,knapsack01,bin,0.0,2000,RS_BIN,9,109.0,0,2000
knapsack01_n30_cap162_i003,knapsack01,bin,0.0,2000,RS_BIN,10,71.0,0,2000
knapsack01_n30_cap162_i003,knapsack01,bin,0.0,2000,RS_BIN,11,110.0,0,2000
knapsack01_n30_cap162_i003,knapsack01,bin,0.0,2000,RS_BIN,12,54.0,0,2000
knapsack01_n30_cap162_i003,knapsack01,bin,0.0,2000,RS_BIN,13,70.0,0,2000
knapsack01_n30_cap162_i003,knapsack01,bin,0.0,2000,RS_BIN,14,92.0,0,2000
knapsack01_n30_cap162_i003,knapsack01,bin,0.0,2000,RS_BIN,15,117.0,0,2000
knapsack01_n30_cap162_i003,knapsack01,bin,0.0,2000,RS_BIN,16,78.0,0,2000
knapsack01_n30_cap162_i003,knapsack01,bin,0.0,2000,RS_BIN,17,62.0,0,2000
knapsack01_n30_cap162_i003,knapsack01,bin,0.0,2000,RS_BIN,18,90.0,0,2000
knapsack01_n30_cap162_i003,knapsack01,bin,0.0,2000,RS_BIN,19,67.0,0,2000
knapsack01_n30_cap162_i003,knapsack01,bin,0.0,2000,RS_BIN,20,107.0,0,2000
knapsack01_n30_cap162_i003,knapsack01,bin,0.0,2000,RS_BIN,21,96.0,0,2000
knapsack01_n30_cap162_i003,knapsack01,bin,0.0,2000,RS_BIN,22,63.0,0,2000
knapsack01_n30_cap162_i003,knapsack01,bin,0.0,2000,RS_BIN,23,67.0,0,2000
knapsack01_n30_cap162_i003,knapsack01,bin,0.0,2000,RS_BIN,24,112.0,0,2000
knapsack01_n30_cap162_i003,knapsack01,bin,0.0,2000,RS_BIN,25,55.0,0,2000
knapsack01_n30_cap162_i003,knapsack01,bin,0.0,2000,RS_BIN,26,85.0,0,2000
knapsack01_n30_cap162_i003,knapsack01,bin,0.0,2000,RS_BIN,27,111.0,0,2000
knapsack01_n30_cap162_i003,knapsack01,bin,0.0,2000,RS_BIN,28,67.0,0,2000
knapsack01_n30_cap162_i003,knapsack01,bin,0.0,2000,RS_BIN,29,100.0,0,2000
knapsack01_n30_cap162_i003,knapsack01,bin,0.0,2000,GA,0,22.0,0,2000
knapsack01_n30_cap162_i003,knapsack01,bin,0.0,2000,GA,1,11.0,0,2000
knapsack01_n30_cap162_i003,knapsack01,bin,0.0,2000,GA,2,21.0,0,2000
knapsack01_n30_cap162_i003,knapsack01,bin,0.0,2000,GA,3,13.0,0,2000
knapsack01_n30_cap162_i003,knapsack01,bin,0.0,2000,GA,4,17.0,0,2000
knapsack01_n30_cap162_i003,knapsack01,bin,0.0,2000,GA,5,0.0,1,1350
knapsack01_n30_cap162_i003,knapsack01,bin,0.0,2000,GA,6,17.0,0,2000
knapsack01_n30_cap162_i003,knapsack01,bin,0.0,2000,GA,7,11.0,0,2000
knapsack01_n30_cap162_i003,knapsack01,bin,0.0,2000,GA,8,7.0,0,2000
knapsack01_n30_cap162_i003,knapsack01,bin,0.0,2000,GA,9,11.0,0,2000
knapsack01_n30_cap162_i003,knapsack01,bin,0.0,2000,GA,10,16.0,0,2000
knapsack01_n30_cap162_i003,knapsack01,bin,0.0,2000,GA,11,14.0,0,2000
knapsack01_n30_cap162_i003,knapsack01,bin,0.0,2000,GA,12,12.0,0,2000
knapsack01_n30_cap162_i003,knapsack01,bin,0.0,2000,GA,13,10.0,0,2000
knapsack01_n30_cap162_i003,knapsack01,bin,0.0,2000,GA,14,24.0,0,2000
knapsack01_n30_cap162_i003,knapsack01,bin,0.0,2000,GA,15,0.0,1,1350
knapsack01_n30_cap162_i003,knapsack01,bin,0.0,2000,GA,16,2.0,0,2000
knapsack01_n30_cap162_i003,knapsack01,bin,0.0,2000,GA,17,14.0,0,2000
knapsack01_n30_cap162_i003,knapsack01,bin,0.0,2000,GA,18,24.0,0,2000
knapsack01_n30_cap162_i003,knapsack01,bin,0.0,2000,GA,19,6.0,0,2000
knapsack01_n30_cap162_i003,knapsack01,bin,0.0,2000,GA,20,13.0,0,2000
knapsack01_n30_cap162_i003,knapsack01,bin,0.0,2000,GA,21,6.0,0,2000
knapsack01_n30_cap162_i003,knapsack01,bin,0.0,2000,GA,22,30.0,0,2000
knapsack01_n30_cap162_i003,knapsack01,bin,0.0,2000,GA,23,36.0,0,2000
knapsack01_n30_cap162_i003,knapsack01,bin,0.0,2000,GA,24,0.0,1,1450
knapsack01_n30_cap162_i003,knapsack01,bin,0.0,2000,GA,25,11.0,0,2000
knapsack01_n30_cap162_i003,knapsack01,bin,0.0,2000,GA,26,13.0,0,2000
knapsack01_n30_cap162_i003,knapsack01,bin,0.0,2000,GA,27,6.0,0,2000
knapsack01_n30_cap162_i003,knapsack01,bin,0.0,2000,GA,28,12.0,0,2000
knapsack01_n30_cap162_i003,knapsack01,bin,0.0,2000,GA,29,0.0,1,1000
knapsack01_n30_cap162_i003,knapsack01,bin,0.0,2000,SA,0,271.0,0,2000
knapsack01_n30_cap162_i003,knapsack01,bin,0.0,2000,SA,1,132.0,0,2000
knapsack01_n30_cap162_i003,knapsack01,bin,0.0,2000,SA,2,130.0,0,2000
knapsack01_n30_cap162_i003,knapsack01,bin,0.0,2000,SA,3,136.0,0,2000
knapsack01_n30_cap162_i003,knapsack01,bin,0.0,2000,SA,4,142.0,0,2000
knapsack01_n30_cap162_i003,knapsack01,bin,0.0,2000,SA,5,209.0,0,2000
knapsack01_n30_cap162_i003,knapsack01,bin,0.0,2000,SA,6,179.0,0,2000
knapsack01_n30_cap162_i003,knapsack01,bin,0.0,2000,SA,7,184.0,0,2000
knapsack01_n30_cap162_i003,knapsack01,bin,0.0,2000,SA,8,86.0,0,2000
knapsack01_n30_cap162_i003,knapsack01,bin,0.0,2000,SA,9,125.0,0,2000
knapsack01_n30_cap162_i003,knapsack01,bin,0.0,2000,SA,10,266.0,0,2000
knapsack01_n30_cap162_i003,knapsack01,bin,0.0,2000,SA,11,104.0,0,2000
knapsack01_n30_cap162_i003,knapsack01,bin,0.0,2000,SA,12,248.0,0,2000
knapsack01_n30_cap162_i003,knapsack01,bin,0.0,2000,SA,13,80.0,0,2000
knapsack01_n30_cap162_i003,knapsack01,bin,0.0,2000,SA,14,122.0,0,2000
knapsack01_n30_cap162_i003,knapsack01,bin,0.0,2000,SA,15,165.0,0,2000
knapsack01_n30_cap162_i003,knapsack01,bin,0.0,2000,SA,16,238.0,0,2000
knapsack01_n30_cap162_i003,knapsack01,bin,0.0,2000,SA,17,202.0,0,2000
knapsack01_n30_cap162_i003,knapsack01,bin,0.0,2000,SA,18,164.0,0,2000
knapsack01_n30_cap162_i003,knapsack01,bin,0.0,2000,SA,19,148.0,0,2000
knapsack01_n30_cap162_i003,knapsack01,bin,0.0,2000,SA,20,133.0,0,2000
knapsack01_n30_cap162_i003,knapsack01,bin,0.0,2000,SA,21,132.0,0,2000
knapsack01_n30_cap162_i003,knapsack01,bin,0.0,2000,SA,22,108.0,0,2000
knapsack01_n30_cap162_i003,knapsack01,bin,0.0,2000,SA,23,187.0,0,2000
knapsack01_n30_cap162_i003,knapsack01,bin,0.0,2000,SA,24,85.0,0,2000
knapsack01_n30_cap162_i003,knapsack01,bin,0.0,2000,SA,25,136.0,0,2000
knapsack01_n30_cap162_i003,knapsack01,bin,0.0,2000,SA,26,248.0,0,2000
knapsack01_n30_cap162_i003,knapsack01,bin,0.0,2000,SA,27,260.0,0,2000
knapsack01_n30_cap162_i003,knapsack01,bin,0.0,2000,SA,28,232.0,0,2000
knapsack01_n30_cap162_i003,knapsack01,bin,0.0,2000,SA,29,257.0,0,2000
onemax_n30_i004,onemax,bin,0.0,2000,RS_BIN,0,6.0,0,2000
onemax_n30_i004,onemax,bin,0.0,2000,RS_BIN,1,6.0,0,2000
onemax_n30_i004,onemax,bin,0.0,2000,RS_BIN,2,6.0,0,2000
onemax_n30_i004,onemax,bin,0.0,2000,RS_BIN,3,6.0,0,2000
onemax_n30_i004,onemax,bin,0.0,2000,RS_BIN,4,7.0,0,2000
onemax_n30_i004,onemax,bin,0.0,2000,RS_BIN,5,6.0,0,2000
onemax_n30_i004,onemax,bin,0.0,2000,RS_BIN,6,6.0,0,2000
onemax_n30_i004,onemax,bin,0.0,2000,RS_BIN,7,6.0,0,2000
onemax_n30_i004,onemax,bin,0.0,2000,RS_BIN,8,5.0,0,2000
onemax_n30_i004,onemax,bin,0.0,2000,RS_BIN,9,6.0,0,2000
onemax_n30_i004,onemax,bin,0.0,2000,RS_BIN,10,6.0,0,2000
onemax_n30_i004,onemax,bin,0.0,2000,RS_BIN,11,7.0,0,2000
onemax_n30_i004,onemax,bin,0.0,2000,RS_BIN,12,5.0,0,2000
onemax_n30_i004,onemax,bin,0.0,2000,RS_BIN,13,4.0,0,2000
onemax_n30_i004,onemax,bin,0.0,2000,RS_BIN,14,5.0,0,2000
onemax_n30_i004,onemax,bin,0.0,2000,RS_BIN,15,7.0,0,2000
onemax_n30_i004,onemax,bin,0.0,2000,RS_BIN,16,3.0,0,2000
onemax_n30_i004,onemax,bin,0.0,2000,RS_BIN,17,4.0,0,2000
onemax_n30_i004,onemax,bin,0.0,2000,RS_BIN,18,7.0,0,2000
onemax_n30_i004,onemax,bin,0.0,2000,RS_BIN,19,6.0,0,2000
onemax_n30_i004,onemax,bin,0.0,2000,RS_BIN,20,6.0,0,2000
onemax_n30_i004,onemax,bin,0.0,2000,RS_BIN,21,4.0,0,2000
onemax_n30_i004,onemax,bin,0.0,2000,RS_BIN,22,7.0,0,2000
onemax_n30_i004,onemax,bin,0.0,2000,RS_BIN,23,6.0,0,2000
onemax_n30_i004,onemax,bin,0.0,2000,RS_BIN,24,6.0,0,2000
onemax_n30_i004,onemax,bin,0.0,2000,RS_BIN,25,5.0,0,2000
onemax_n30_i004,onemax,bin,0.0,2000,RS_BIN,26,6.0,0,2000
onemax_n30_i004,onemax,bin,0.0,2000,RS_BIN,27,6.0,0,2000
onemax_n30_i004,onemax,bin,0.0,2000,RS_BIN,28,3.0,0,2000
onemax_n30_i004,onemax,bin,0.0,2000,RS_BIN,29,7.0,0,2000
onemax_n30_i004,onemax,bin,0.0,2000,GA,0,0.0,1,700
onemax_n30_i004,onemax,bin,0.0,2000,GA,1,0.0,1,700
onemax_n30_i004,onemax,bin,0.0,2000,GA,2,0.0,1,800
onemax_n30_i004,onemax,bin,0.0,2000,GA,3,0.0,1,750
onemax_n30_i004,onemax,bin,0.0,2000,GA,4,0.0,1,600
onemax_n30_i004,onemax,bin,0.0,2000,GA,5,0.0,1,850
onemax_n30_i004,onemax,bin,0.0,2000,GA,6,0.0,1,750
onemax_n30_i004,onemax,bin,0.0,2000,GA,7,0.0,1,650
onemax_n30_i004,onemax,bin,0.0,2000,GA,8,0.0,1,700
onemax_n30_i004,onemax,bin,0.0,2000,GA,9,0.0,1,800
onemax_n30_i004,onemax,bin,0.0,2000,GA,10,0.0,1,600
onemax_n30_i004,onemax,bin,0.0,2000,GA,11,0.0,1,700
onemax_n30_i004,onemax,bin,0.0,2000,GA,12,0.0,1,350
onemax_n30_i004,onemax,bin,0.0,2000,GA,13,0.0,1,500
onemax_n30_i004,onemax,bin,0.0,2000,GA,14,0.0,1,550
onemax_n30_i004,onemax,bin,0.0,2000,GA,15,0.0,1,800
onemax_n30_i004,onemax,bin,0.0,2000,GA,16,0.0,1,550
onemax_n30_i004,onemax,bin,0.0,2000,GA,17,0.0,1,450
onemax_n30_i004,onemax,bin,0.0,2000,GA,18,0.0,1,650
onemax_n30_i004,onemax,bin,0.0,2000,GA,19,0.0,1,600
onemax_n30_i004,onemax,bin,0.0,2000,GA,20,0.0,1,700
onemax_n30_i004,onemax,bin,0.0,2000,GA,21,0.0,1,750
onemax_n30_i004,onemax,bin,0.0,2000,GA,22,0.0,1,650
onemax_n30_i004,onemax,bin,0.0,2000,GA,23,0.0,1,700
onemax_n30_i004,onemax,bin,0.0,2000,GA,24,0.0,1,550
onemax_n30_i004,onemax,bin,0.0,2000,GA,25,0.0,1,700
onemax_n30_i004,onemax,bin,0.0,2000,GA,26,0.0,1,550
onemax_n30_i004,onemax,bin,0.0,2000,GA,27,0.0,1,950
onemax_n30_i004,onemax,bin,0.0,2000,GA,28,0.0,1,800
onemax_n30_i004,onemax,bin,0.0,2000,GA,29,0.0,1,650
onemax_n30_i004,onemax,bin,0.0,2000,SA,0,0.0,1,237
onemax_n30_i004,onemax,bin,0.0,2000,SA,1,0.0,1,200
onemax_n30_i004,onemax,bin,0.0,2000,SA,2,0.0,1,284
onemax_n30_i004,onemax,bin,0.0,2000,SA,3,0.0,1,312
onemax_n30_i004,onemax,bin,0.0,2000,SA,4,0.0,1,199
onemax_n30_i004,onemax,bin,0.0,2000,SA,5,0.0,1,239
onemax_n30_i004,onemax,bin,0.0,2000,SA,6,0.0,1,323
onemax_n30_i004,onemax,bin,0.0,2000,SA,7,0.0,1,295
onemax_n30_i004,onemax,bin,0.0,2000,SA,8,0.0,1,297
onemax_n30_i004,onemax,bin,0.0,2000,SA,9,0.0,1,212
onemax_n30_i004,onemax,bin,0.0,2000,SA,10,0.0,1,289
onemax_n30_i004,onemax,bin,0.0,2000,SA,11,0.0,1,208
onemax_n30_i004,onemax,bin,0.0,2000,SA,12,0.0,1,307
onemax_n30_i004,onemax,bin,0.0,2000,SA,13,0.0,1,252
onemax_n30_i004,onemax,bin,0.0,2000,SA,14,0.0,1,168
onemax_n30_i004,onemax,bin,0.0,2000,SA,15,0.0,1,235
onemax_n30_i004,onemax,bin,0.0,2000,SA,16,0.0,1,226
onemax_n30_i004,onemax,bin,0.0,2000,SA,17,0.0,1,206
onemax_n30_i004,onemax,bin,0.0,2000,SA,18,0.0,1,342
onemax_n30_i004,onemax,bin,0.0,2000,SA,19,0.0,1,183
onemax_n30_i004,onemax,bin,0.0,2000,SA,20,0.0,1,335
onemax_n30_i004,onemax,bin,0.0,2000,SA,21,0.0,1,226
onemax_n30_i004,onemax,bin,0.0,2000,SA,22,0.0,1,233
onemax_n30_i004,onemax,bin,0.0,2000,SA,23,0.0,1,224
onemax_n30_i004,onemax,bin,0.0,2000,SA,24,0.0,1,314
onemax_n30_i004,onemax,bin,0.0,2000,SA,25,0.0,1,180
onemax_n30_i004,onemax,bin,0.0,2000,SA,26,0.0,1,307
onemax_n30_i004,onemax,bin,0.0,2000,SA,27,0.0,1,290
onemax_n30_i004,onemax,bin,0.0,2000,SA,28,0.0,1,330
onemax_n30_i004,onemax,bin,0.0,2000,SA,29,0.0,1,250
knapsack01_n30_cap159_i005,knapsack01,bin,0.0,2000,RS_BIN,0,77.0,0,2000
knapsack01_n30_cap159_i005,knapsack01,bin,0.0,2000,RS_BIN,1,50.0,0,2000
knapsack01_n30_cap159_i005,knapsack01,bin,0.0,2000,RS_BIN,2,45.0,0,2000
knapsack01_n30_cap159_i005,knapsack01,bin,0.0,2000,RS_BIN,3,75.0,0,2000
knapsack01_n30_cap159_i005,knapsack01,bin,0.0,2000,RS_BIN,4,68.0,0,2000
knapsack01_n30_cap159_i005,knapsack01,bin,0.0,2000,RS_BIN,5,81.0,0,2000
knapsack01_n30_cap159_i005,knapsack01,bin,0.0,2000,RS_BIN,6,65.0,0,2000
knapsack01_n30_cap159_i005,knapsack01,bin,0.0,2000,RS_BIN,7,83.0,0,2000
knapsack01_n30_cap159_i005,knapsack01,bin,0.0,2000,RS_BIN,8,91.0,0,2000
knapsack01_n30_cap159_i005,knapsack01,bin,0.0,2000,RS_BIN,9,80.0,0,2000
knapsack01_n30_cap159_i005,knapsack01,bin,0.0,2000,RS_BIN,10,86.0,0,2000
knapsack01_n30_cap159_i005,knapsack01,bin,0.0,2000,RS_BIN,11,94.0,0,2000
knapsack01_n30_cap159_i005,knapsack01,bin,0.0,2000,RS_BIN,12,43.0,0,2000
knapsack01_n30_cap159_i005,knapsack01,bin,0.0,2000,RS_BIN,13,66.0,0,2000
knapsack01_n30_cap159_i005,knapsack01,bin,0.0,2000,RS_BIN,14,113.0,0,2000
knapsack01_n30_cap159_i005,knapsack01,bin,0.0,2000,RS_BIN,15,80.0,0,2000
knapsack01_n30_cap159_i005,knapsack01,bin,0.0,2000,RS_BIN,16,76.0,0,2000
knapsack01_n30_cap159_i005,knapsack01,bin,0.0,2000,RS_BIN,17,97.0,0,2000
knapsack01_n30_cap159_i005,knapsack01,bin,0.0,2000,RS_BIN,18,75.0,0,2000
knapsack01_n30_cap159_i005,knapsack01,bin,0.0,2000,RS_BIN,19,108.0,0,2000
knapsack01_n30_cap159_i005,knapsack01,bin,0.0,2000,RS_BIN,20,95.0,0,2000
knapsack01_n30_cap159_i005,knapsack01,bin,0.0,2000,RS_BIN,21,47.0,0,2000
knapsack01_n30_cap159_i005,knapsack01,bin,0.0,2000,RS_BIN,22,67.0,0,2000
knapsack01_n30_cap159_i005,knapsack01,bin,0.0,2000,RS_BIN,23,54.0,0,2000
knapsack01_n30_cap159_i005,knapsack01,bin,0.0,2000,RS_BIN,24,99.0,0,2000
knapsack01_n30_cap159_i005,knapsack01,bin,0.0,2000,RS_BIN,25,78.0,0,2000
knapsack01_n30_cap159_i005,knapsack01,bin,0.0,2000,RS_BIN,26,48.0,0,2000
knapsack01_n30_cap159_i005,knapsack01,bin,0.0,2000,RS_BIN,27,83.0,0,2000
knapsack01_n30_cap159_i005,knapsack01,bin,0.0,2000,RS_BIN,28,95.0,0,2000
knapsack01_n30_cap159_i005,knapsack01,bin,0.0,2000,RS_BIN,29,72.0,0,2000
knapsack01_n30_cap159_i005,knapsack01,bin,0.0,2000,GA,0,9.0,0,2000
knapsack01_n30_cap159_i005,knapsack01,bin,0.0,2000,GA,1,11.0,0,2000
knapsack01_n30_cap159_i005,knapsack01,bin,0.0,2000,GA,2,12.0,0,2000
knapsack01_n30_cap159_i005,knapsack01,bin,0.0,2000,GA,3,6.0,0,2000
knapsack01_n30_cap159_i005,knapsack01,bin,0.0,2000,GA,4,9.0,0,2000
knapsack01_n30_cap159_i005,knapsack01,bin,0.0,2000,GA,5,4.0,0,2000
knapsack01_n30_cap159_i005,knapsack01,bin,0.0,2000,GA,6,0.0,1,1700
knapsack01_n30_cap159_i005,knapsack01,bin,0.0,2000,GA,7,23.0,0,2000
knapsack01_n30_cap159_i005,knapsack01,bin,0.0,2000,GA,8,10.0,0,2000
knapsack01_n30_cap159_i005,knapsack01,bin,0.0,2000,GA,9,10.0,0,2000
knapsack01_n30_cap159_i005,knapsack01,bin,0.0,2000,GA,10,26.0,0,2000
knapsack01_n30_cap159_i005,knapsack01,bin,0.0,2000,GA,11,4.0,0,2000
knapsack01_n30_cap159_i005,knapsack01,bin,0.0,2000,GA,12,7.0,0,2000
knapsack01_n30_cap159_i005,knapsack01,bin,0.0,2000,GA,13,0.0,1,1300
knapsack01_n30_cap159_i005,knapsack01,bin,0.0,2000,GA,14,32.0,0,2000
knapsack01_n30_cap159_i005,knapsack01,bin,0.0,2000,GA,15,20.0,0,2000
knapsack01_n30_cap159_i005,knapsack01,bin,0.0,2000,GA,16,4.0,0,2000
knapsack01_n30_cap159_i005,knapsack01,bin,0.0,2000,GA,17,2.0,0,2000
knapsack01_n30_cap159_i005,knapsack01,bin,0.0,2000,GA,18,2.0,0,2000
knapsack01_n30_cap159_i005,knapsack01,bin,0.0,2000,GA,19,0.0,1,1300
knapsack01_n30_cap159_i005,knapsack01,bin,0.0,2000,GA,20,10.0,0,2000
knapsack01_n30_cap159_i005,knapsack01,bin,0.0,2000,GA,21,9.0,0,2000
knapsack01_n30_cap159_i005,knapsack01,bin,0.0,2000,GA,22,2.0,0,2000
knapsack01_n30_cap159_i005,knapsack01,bin,0.0,2000,GA,23,0.0,1,1950
knapsack01_n30_cap159_i005,knapsack01,bin,0.0,2000,GA,24,11.0,0,2000
knapsack01_n30_cap159_i005,knapsack01,bin,0.0,2000,GA,25,0.0,1,1150
knapsack01_n30_cap159_i005,knapsack01,bin,0.0,2000,GA,26,4.0,0,2000
knapsack01_n30_cap159_i005,knapsack01,bin,0.0,2000,GA,27,8.0,0,2000
knapsack01_n30_cap159_i005,knapsack01,bin,0.0,2000,GA,28,2.0,0,2000
knapsack01_n30_cap159_i005,knapsack01,bin,0.0,2000,GA,29,8.0,0,2000
knapsack01_n30_cap159_i005,knapsack01,bin,0.0,2000,SA,0,189.0,0,2000
knapsack01_n30_cap159_i005,knapsack01,bin,0.0,2000,SA,1,181.0,0,2000
knapsack01_n30_cap159_i005,knapsack01,bin,0.0,2000,SA,2,183.0,0,2000
knapsack01_n30_cap159_i005,knapsack01,bin,0.0,2000,SA,3,208.0,0,2000
knapsack01_n30_cap159_i005,knapsack01,bin,0.0,2000,SA,4,147.0,0,2000
knapsack01_n30_cap159_i005,knapsack01,bin,0.0,2000,SA,5,205.0,0,2000
knapsack01_n30_cap159_i005,knapsack01,bin,0.0,2000,SA,6,247.0,0,2000
knapsack01_n30_cap159_i005,knapsack01,bin,0.0,2000,SA,7,202.0,0,2000
knapsack01_n30_cap159_i005,knapsack01,bin,0.0,2000,SA,8,173.0,0,2000
knapsack01_n30_cap159_i005,knapsack01,bin,0.0,2000,SA,9,200.0,0,2000
knapsack01_n30_cap159_i005,knapsack01,bin,0.0,2000,SA,10,211.0,0,2000
knapsack01_n30_cap159_i005,knapsack01,bin,0.0,2000,SA,11,136.0,0,2000
knapsack01_n30_cap159_i005,knapsack01,bin,0.0,2000,SA,12,211.0,0,2000
knapsack01_n30_cap159_i005,knapsack01,bin,0.0,2000,SA,13,149.0,0,2000
knapsack01_n30_cap159_i005,knapsack01,bin,0.0,2000,SA,14,191.0,0,2000
knapsack01_n30_cap159_i005,knapsack01,bin,0.0,2000,SA,15,148.0,0,2000
knapsack01_n30_cap159_i005,knapsack01,bin,0.0,2000,SA,16,160.0,0,2000
knapsack01_n30_cap159_i005,knapsack01,bin,0.0,2000,SA,17,144.0,0,2000
knapsack01_n30_cap159_i005,knapsack01,bin,0.0,2000,SA,18,134.0,0,2000
knapsack01_n30_cap159_i005,knapsack01,bin,0.0,2000,SA,19,143.0,0,2000
knapsack01_n30_cap159_i005,knapsack01,bin,0.0,2000,SA,20,139.0,0,2000
knapsack01_n30_cap159_i005,knapsack01,bin,0.0,2000,SA,21,205.0,0,2000
knapsack01_n30_cap159_i005,knapsack01,bin,0.0,2000,SA,22,245.0,0,2000
knapsack01_n30_cap159_i005,knapsack01,bin,0.0,2000,SA,23,93.0,0,2000
knapsack01_n30_cap159_i005,knapsack01,bin,0.0,2000,SA,24,151.0,0,2000
knapsack01_n30_cap159_i005,knapsack01,bin,0.0,2000,SA,25,191.0,0,2000
knapsack01_n30_cap159_i005,knapsack01,bin,0.0,2000,SA,26,129.0,0,2000
knapsack01_n30_cap159_i005,knapsack01,bin,0.0,2000,SA,27,94.0,0,2000
knapsack01_n30_cap159_i005,knapsack01,bin,0.0,2000,SA,28,142.0,0,2000
knapsack01_n30_cap159_i005,knapsack01,bin,0.0,2000,SA,29,208.0,0,2000
onemax_n100_i006,onemax,bin,0.0,2000,RS_BIN,0,33.0,0,2000
onemax_n100_i006,onemax,bin,0.0,2000,RS_BIN,1,31.0,0,2000
onemax_n100_i006,onemax,bin,0.0,2000,RS_BIN,2,33.0,0,2000
onemax_n100_i006,onemax,bin,0.0,2000,RS_BIN,3,32.0,0,2000
onemax_n100_i006,onemax,bin,0.0,2000,RS_BIN,4,34.0,0,2000
onemax_n100_i006,onemax,bin,0.0,2000,RS_BIN,5,31.0,0,2000
onemax_n100_i006,onemax,bin,0.0,2000,RS_BIN,6,32.0,0,2000
onemax_n100_i006,onemax,bin,0.0,2000,RS_BIN,7,34.0,0,2000
onemax_n100_i006,onemax,bin,0.0,2000,RS_BIN,8,34.0,0,2000
onemax_n100_i006,onemax,bin,0.0,2000,RS_BIN,9,33.0,0,2000
onemax_n100_i006,onemax,bin,0.0,2000,RS_BIN,10,35.0,0,2000
onemax_n100_i006,onemax,bin,0.0,2000,RS_BIN,11,33.0,0,2000
onemax_n100_i006,onemax,bin,0.0,2000,RS_BIN,12,33.0,0,2000
onemax_n100_i006,onemax,bin,0.0,2000,RS_BIN,13,29.0,0,2000
onemax_n100_i006,onemax,bin,0.0,2000,RS_BIN,14,33.0,0,2000
onemax_n100_i006,onemax,bin,0.0,2000,RS_BIN,15,35.0,0,2000
onemax_n100_i006,onemax,bin,0.0,2000,RS_BIN,16,33.0,0,2000
onemax_n100_i006,onemax,bin,0.0,2000,RS_BIN,17,34.0,0,2000
onemax_n100_i006,onemax,bin,0.0,2000,RS_BIN,18,34.0,0,2000
onemax_n100_i006,onemax,bin,0.0,2000,RS_BIN,19,34.0,0,2000
onemax_n100_i006,onemax,bin,0.0,2000,RS_BIN,20,35.0,0,2000
onemax_n100_i006,onemax,bin,0.0,2000,RS_BIN,21,34.0,0,2000
onemax_n100_i006,onemax,bin,0.0,2000,RS_BIN,22,33.0,0,2000
onemax_n100_i006,onemax,bin,0.0,2000,RS_BIN,23,33.0,0,2000
onemax_n100_i006,onemax,bin,0.0,2000,RS_BIN,24,32.0,0,2000
onemax_n100_i006,onemax,bin,0.0,2000,RS_BIN,25,34.0,0,2000
onemax_n100_i006,onemax,bin,0.0,2000,RS_BIN,26,30.0,0,2000
onemax_n100_i006,onemax,bin,0.0,2000,RS_BIN,27,34.0,0,2000
onemax_n100_i006,onemax,bin,0.0,2000,RS_BIN,28,36.0,0,2000
onemax_n100_i006,onemax,bin,0.0,2000,RS_BIN,29,34.0,0,2000
onemax_n100_i006,onemax,bin,0.0,2000,GA,0,4.0,0,2000
onemax_n100_i006,onemax,bin,0.0,2000,GA,1,6.0,0,2000
onemax_n100_i006,onemax,bin,0.0,2000,GA,2,4.0,0,2000
onemax_n100_i006,onemax,bin,0.0,2000,GA,3,3.0,0,2000
onemax_n100_i006,onemax,bin,0.0,2000,GA,4,6.0,0,2000
onemax_n100_i006,onemax,bin,0.0,2000,GA,5,7.0,0,2000
onemax_n100_i006,onemax,bin,0.0,2000,GA,6,8.0,0,2000
onemax_n100_i006,onemax,bin,0.0,2000,GA,7,2.0,0,2000
onemax_n100_i006,onemax,bin,0.0,2000,GA,8,5.0,0,2000
onemax_n100_i006,onemax,bin,0.0,2000,GA,9,5.0,0,2000
onemax_n100_i006,onemax,bin,0.0,2000,GA,10,5.0,0,2000
onemax_n100_i006,onemax,bin,0.0,2000,GA,11,5.0,0,2000
onemax_n100_i006,onemax,bin,0.0,2000,GA,12,6.0,0,2000
onemax_n100_i006,onemax,bin,0.0,2000,GA,13,7.0,0,2000
onemax_n100_i006,onemax,bin,0.0,2000,GA,14,4.0,0,2000
onemax_n100_i006,onemax,bin,0.0,2000,GA,15,7.0,0,2000
onemax_n100_i006,onemax,bin,0.0,2000,GA,16,6.0,0,2000
onemax_n100_i006,onemax,bin,0.0,2000,GA,17,7.0,0,2000
onemax_n100_i006,onemax,bin,0.0,2000,GA,18,6.0,0,2000
onemax_n100_i006,onemax,bin,0.0,2000,GA,19,2.0,0,2000
onemax_n100_i006,onemax,bin,0.0,2000,GA,20,6.0,0,2000
onemax_n100_i006,onemax,bin,0.0,2000,GA,21,4.0,0,2000
onemax_n100_i006,onemax,bin,0.0,2000,GA,22,4.0,0,2000
onemax_n100_i006,onemax,bin,0.0,2000,GA,23,4.0,0,2000
onemax_n100_i006,onemax,bin,0.0,2000,GA,24,4.0,0,2000
onemax_n100_i006,onemax,bin,0.0,2000,GA,25,4.0,0,2000
onemax_n100_i006,onemax,bin,0.0,2000,GA,26,7.0,0,2000
onemax_n100_i006,onemax,bin,0.0,2000,GA,27,5.0,0,2000
onemax_n100_i006,onemax,bin,0.0,2000,GA,28,4.0,0,2000
onemax_n100_i006,onemax,bin,0.0,2000,GA,29,6.0,0,2000
onemax_n100_i006,onemax,bin,0.0,2000,SA,0,0.0,1,469
onemax_n100_i006,onemax,bin,0.0,2000,SA,1,0.0,1,776
onemax_n100_i006,onemax,bin,0.0,2000,SA,2,0.0,1,513
onemax_n100_i006,onemax,bin,0.0,2000,SA,3,0.0,1,661
onemax_n100_i006,onemax,bin,0.0,2000,SA,4,0.0,1,704
onemax_n100_i006,onemax,bin,0.0,2000,SA,5,0.0,1,457
onemax_n100_i006,onemax,bin,0.0,2000,SA,6,0.0,1,611
onemax_n100_i006,onemax,bin,0.0,2000,SA,7,0.0,1,628
onemax_n100_i006,onemax,bin,0.0,2000,SA,8,0.0,1,673
onemax_n100_i006,onemax,bin,0.0,2000,SA,9,0.0,1,613
onemax_n100_i006,onemax,bin,0.0,2000,SA,10,0.0,1,484
onemax_n100_i006,onemax,bin,0.0,2000,SA,11,0.0,1,640
onemax_n100_i006,onemax,bin,0.0,2000,SA,12,0.0,1,519
onemax_n100_i006,onemax,bin,0.0,2000,SA,13,0.0,1,547
onemax_n100_i006,onemax,bin,0.0,2000,SA,14,0.0,1,695
onemax_n100_i006,onemax,bin,0.0,2000,SA,15,0.0,1,522
onemax_n100_i006,onemax,bin,0.0,2000,SA,16,0.0,1,705
onemax_n100_i006,onemax,bin,0.0,2000,SA,17,0.0,1,636
onemax_n100_i006,onemax,bin,0.0,2000,SA,18,0.0,1,537
onemax_n100_i006,onemax,bin,0.0,2000,SA,19,0.0,1,544
onemax_n100_i006,onemax,bin,0.0,2000,SA,20,0.0,1,544
onemax_n100_i006,onemax,bin,0.0,2000,SA,21,0.0,1,418
onemax_n100_i006,onemax,bin,0.0,2000,SA,22,0.0,1,785
onemax_n100_i006,onemax,bin,0.0,2000,SA,23,0.0,1,634
onemax_n100_i006,onemax,bin,0.0,2000,SA,24,0.0,1,487
onemax_n100_i006,onemax,bin,0.0,2000,SA,25,0.0,1,530
onemax_n100_i006,onemax,bin,0.0,2000,SA,26,0.0,1,427
onemax_n100_i006,onemax,bin,0.0,2000,SA,27,0.0,1,466
onemax_n100_i006,onemax,bin,0.0,2000,SA,28,0.0,1,555
onemax_n100_i006,onemax,bin,0.0,2000,SA,29,0.0,1,467
knapsack01_n20_cap114_i007,knapsack01,bin,0.0,2000,RS_BIN,0,44.0,0,2000
knapsack01_n20_cap114_i007,knapsack01,bin,0.0,2000,RS_BIN,1,40.0,0,2000
knapsack01_n20_cap114_i007,knapsack01,bin,0.0,2000,RS_BIN,2,50.0,0,2000
knapsack01_n20_cap114_i007,knapsack01,bin,0.0,2000,RS_BIN,3,54.0,0,2000
knapsack01_n20_cap114_i007,knapsack01,bin,0.0,2000,RS_BIN,4,38.0,0,2000
knapsack01_n20_cap114_i007,knapsack01,bin,0.0,2000,RS_BIN,5,49.0,0,2000
knapsack01_n20_cap114_i007,knapsack01,bin,0.0,2000,RS_BIN,6,44.0,0,2000
knapsack01_n20_cap114_i007,knapsack01,bin,0.0,2000,RS_BIN,7,20.0,0,2000
knapsack01_n20_cap114_i007,knapsack01,bin,0.0,2000,RS_BIN,8,45.0,0,2000
knapsack01_n20_cap114_i007,knapsack01,bin,0.0,2000,RS_BIN,9,34.0,0,2000
knapsack01_n20_cap114_i007,knapsack01,bin,0.0,2000,RS_BIN,10,20.0,0,2000
knapsack01_n20_cap114_i007,knapsack01,bin,0.0,2000,RS_BIN,11,63.0,0,2000
knapsack01_n20_cap114_i007,knapsack01,bin,0.0,2000,RS_BIN,12,55.0,0,2000
knapsack01_n20_cap114_i007,knapsack01,bin,0.0,2000,RS_BIN,13,24.0,0,2000
knapsack01_n20_cap114_i007,knapsack01,bin,0.0,2000,RS_BIN,14,37.0,0,2000
knapsack01_n20_cap114_i007,knapsack01,bin,0.0,2000,RS_BIN,15,19.0,0,2000
knapsack01_n20_cap114_i007,knapsack01,bin,0.0,2000,RS_BIN,16,56.0,0,2000
knapsack01_n20_cap114_i007,knapsack01,bin,0.0,2000,RS_BIN,17,53.0,0,2000
knapsack01_n20_cap114_i007,knapsack01,bin,0.0,2000,RS_BIN,18,28.0,0,2000
knapsack01_n20_cap114_i007,knapsack01,bin,0.0,2000,RS_BIN,19,33.0,0,2000
knapsack01_n20_cap114_i007,knapsack01,bin,0.0,2000,RS_BIN,20,26.0,0,2000
knapsack01_n20_cap114_i007,knapsack01,bin,0.0,2000,RS_BIN,21,30.0,0,2000
knapsack01_n20_cap114_i007,knapsack01,bin,0.0,2000,RS_BIN,22,38.0,0,2000
knapsack01_n20_cap114_i007,knapsack01,bin,0.0,2000,RS_BIN,23,30.0,0,2000
knapsack01_n20_cap114_i007,knapsack01,bin,0.0,2000,RS_BIN,24,56.0,0,2000
knapsack01_n20_cap114_i007,knapsack01,bin,0.0,2000,RS_BIN,25,36.0,0,2000
knapsack01_n20_cap114_i007,knapsack01,bin,0.0,2000,RS_BIN,26,54.0,0,2000
knapsack01_n20_cap114_i007,knapsack01,bin,0.0,2000,RS_BIN,27,58.0,0,2000
knapsack01_n20_cap114_i007,knapsack01,bin,0.0,2000,RS_BIN,28,25.0,0,2000
knapsack01_n20_cap114_i007,knapsack01,bin,0.0,2000,RS_BIN,29,63.0,0,2000
knapsack01_n20_cap114_i007,knapsack01,bin,0.0,2000,GA,0,19.0,0,2000
knapsack01_n20_cap114_i007,knapsack01,bin,0.0,2000,GA,1,7.0,0,2000
knapsack01_n20_cap114_i007,knapsack01,bin,0.0,2000,GA,2,0.0,1,1550
knapsack01_n20_cap114_i007,knapsack01,bin,0.0,2000,GA,3,0.0,1,1050
knapsack01_n20_cap114_i007,knapsack01,bin,0.0,2000,GA,4,5.0,0,2000
knapsack01_n20_cap114_i007,knapsack01,bin,0.0,2000,GA,5,0.0,1,1500
knapsack01_n20_cap114_i007,knapsack01,bin,0.0,2000,GA,6,5.0,0,2000
knapsack01_n20_cap114_i007,knapsack01,bin,0.0,2000,GA,7,0.0,1,1000
knapsack01_n20_cap114_i007,knapsack01,bin,0.0,2000,GA,8,7.0,0,2000
knapsack01_n20_cap114_i007,knapsack01,bin,0.0,2000,GA,9,10.0,0,2000
knapsack01_n20_cap114_i007,knapsack01,bin,0.0,2000,GA,10,5.0,0,2000
knapsack01_n20_cap114_i007,knapsack01,bin,0.0,2000,GA,11,8.0,0,2000
knapsack01_n20_cap114_i007,knapsack01,bin,0.0,2000,GA,12,8.0,0,2000
knapsack01_n20_cap114_i007,knapsack01,bin,0.0,2000,GA,13,8.0,0,2000
knapsack01_n20_cap114_i007,knapsack01,bin,0.0,2000,GA,14,0.0,1,1000
knapsack01_n20_cap114_i007,knapsack01,bin,0.0,2000,GA,15,20.0,0,2000
knapsack01_n20_cap114_i007,knapsack01,bin,0.0,2000,GA,16,0.0,1,700
knapsack01_n20_cap114_i007,knapsack01,bin,0.0,2000,GA,17,0.0,1,1100
knapsack01_n20_cap114_i007,knapsack01,bin,0.0,2000,GA,18,5.0,0,2000
knapsack01_n20_cap114_i007,knapsack01,bin,0.0,2000,GA,19,5.0,0,2000
knapsack01_n20_cap114_i007,knapsack01,bin,0.0,2000,GA,20,8.0,0,2000
knapsack01_n20_cap114_i007,knapsack01,bin,0.0,2000,GA,21,0.0,1,700
knapsack01_n20_cap114_i007,knapsack01,bin,0.0,2000,GA,22,18.0,0,2000
knapsack01_n20_cap114_i007,knapsack01,bin,0.0,2000,GA,23,0.0,1,950
knapsack01_n20_cap114_i007,knapsack01,bin,0.0,2000,GA,24,18.0,0,2000
knapsack01_n20_cap114_i007,knapsack01,bin,0.0,2000,GA,25,0.0,1,700
knapsack01_n20_cap114_i007,knapsack01,bin,0.0,2000,GA,26,0.0,1,1250
knapsack01_n20_cap114_i007,knapsack01,bin,0.0,2000,GA,27,10.0,0,2000
knapsack01_n20_cap114_i007,knapsack01,bin,0.0,2000,GA,28,8.0,0,2000
knapsack01_n20_cap114_i007,knapsack01,bin,0.0,2000,GA,29,0.0,1,1800
knapsack01_n20_cap114_i007,knapsack01,bin,0.0,2000,SA,0,73.0,0,2000
knapsack01_n20_cap114_i007,knapsack01,bin,0.0,2000,SA,1,60.0,0,2000
knapsack01_n20_cap114_i007,knapsack01,bin,0.0,2000,SA,2,113.0,0,2000
knapsack01_n20_cap114_i007,knapsack01,bin,0.0,2000,SA,3,139.0,0,2000
knapsack01_n20_cap114_i007,knapsack01,bin,0.0,2000,SA,4,119.0,0,2000
knapsack01_n20_cap114_i007,knapsack01,bin,0.0,2000,SA,5,133.0,0,2000
knapsack01_n20_cap114_i007,knapsack01,bin,0.0,2000,SA,6,97.0,0,2000
knapsack01_n20_cap114_i007,knapsack01,bin,0.0,2000,SA,7,108.0,0,2000
knapsack01_n20_cap114_i007,knapsack01,bin,0.0,2000,SA,8,46.0,0,2000
knapsack01_n20_cap114_i007,knapsack01,bin,0.0,2000,SA,9,172.0,0,2000
knapsack01_n20_cap114_i007,knapsack01,bin,0.0,2000,SA,10,126.0,0,2000
knapsack01_n20_cap114_i007,knapsack01,bin,0.0,2000,SA,11,82.0,0,2000
knapsack01_n20_cap114_i007,knapsack01,bin,0.0,2000,SA,12,149.0,0,2000
knapsack01_n20_cap114_i007,knapsack01,bin,0.0,2000,SA,13,76.0,0,2000
knapsack01_n20_cap114_i007,knapsack01,bin,0.0,2000,SA,14,129.0,0,2000
knapsack01_n20_cap114_i007,knapsack01,bin,0.0,2000,SA,15,102.0,0,2000
knapsack01_n20_cap114_i007,knapsack01,bin,0.0,2000,SA,16,77.0,0,2000
knapsack01_n20_cap114_i007,knapsack01,bin,0.0,2000,SA,17,83.0,0,2000
knapsack01_n20_cap114_i007,knapsack01,bin,0.0,2000,SA,18,127.0,0,2000
knapsack01_n20_cap114_i007,knapsack01,bin,0.0,2000,SA,19,78.0,0,2000
knapsack01_n20_cap114_i007,knapsack01,bin,0.0,2000,SA,20,142.0,0,2000
knapsack01_n20_cap114_i007,knapsack01,bin,0.0,2000,SA,21,169.0,0,2000
knapsack01_n20_cap114_i007,knapsack01,bin,0.0,2000,SA,22,98.0,0,2000
knapsack01_n20_cap114_i007,knapsack01,bin,0.0,2000,SA,23,88.0,0,2000
knapsack01_n20_cap114_i007,knapsack01,bin,0.0,2000,SA,24,81.0,0,2000
knapsack01_n20_cap114_i007,knapsack01,bin,0.0,2000,SA,25,45.0,0,2000
knapsack01_n20_cap114_i007,knapsack01,bin,0.0,2000,SA,26,120.0,0,2000
knapsack01_n20_cap114_i007,knapsack01,bin,0.0,2000,SA,27,128.0,0,2000
knapsack01_n20_cap114_i007,knapsack01,bin,0.0,2000,SA,28,75.0,0,2000
knapsack01_n20_cap114_i007,knapsack01,bin,0.0,2000,SA,29,134.0,0,2000
onemax_n30_i008,onemax,bin,0.0,2000,RS_BIN,0,6.0,0,2000
onemax_n30_i008,onemax,bin,0.0,2000,RS_BIN,1,7.0,0,2000
onemax_n30_i008,onemax,bin,0.0,2000,RS_BIN,2,6.0,0,2000
onemax_n30_i008,onemax,bin,0.0,2000,RS_BIN,3,8.0,0,2000
onemax_n30_i008,onemax,bin,0.0,2000,RS_BIN,4,5.0,0,2000
onemax_n30_i008,onemax,bin,0.0,2000,RS_BIN,5,7.0,0,2000
onemax_n30_i008,onemax,bin,0.0,2000,RS_BIN,6,6.0,0,2000
onemax_n30_i008,onemax,bin,0.0,2000,RS_BIN,7,6.0,0,2000
onemax_n30_i008,onemax,bin,0.0,2000,RS_BIN,8,6.0,0,2000
onemax_n30_i008,onemax,bin,0.0,2000,RS_BIN,9,6.0,0,2000
onemax_n30_i008,onemax,bin,0.0,2000,RS_BIN,10,6.0,0,2000
onemax_n30_i008,onemax,bin,0.0,2000,RS_BIN,11,6.0,0,2000
onemax_n30_i008,onemax,bin,0.0,2000,RS_BIN,12,6.0,0,2000
onemax_n30_i008,onemax,bin,0.0,2000,RS_BIN,13,6.0,0,2000
onemax_n30_i008,onemax,bin,0.0,2000,RS_BIN,14,6.0,0,2000
onemax_n30_i008,onemax,bin,0.0,2000,RS_BIN,15,6.0,0,2000
onemax_n30_i008,onemax,bin,0.0,2000,RS_BIN,16,6.0,0,2000
onemax_n30_i008,onemax,bin,0.0,2000,RS_BIN,17,4.0,0,2000
onemax_n30_i008,onemax,bin,0.0,2000,RS_BIN,18,6.0,0,2000
onemax_n30_i008,onemax,bin,0.0,2000,RS_BIN,19,6.0,0,2000
onemax_n30_i008,onemax,bin,0.0,2000,RS_BIN,20,6.0,0,2000
onemax_n30_i008,onemax,bin,0.0,2000,RS_BIN,21,6.0,0,2000
onemax_n30_i008,onemax,bin,0.0,2000,RS_BIN,22,7.0,0,2000
onemax_n30_i008,onemax,bin,0.0,2000,RS_BIN,23,6.0,0,2000
onemax_n30_i008,onemax,bin,0.0,2000,RS_BIN,24,7.0,0,2000
onemax_n30_i008,onemax,bin,0.0,2000,RS_BIN,25,6.0,0,2000
onemax_n30_i008,onemax,bin,0.0,2000,RS_BIN,26,6.0,0,2000
onemax_n30_i008,onemax,bin,0.0,2000,RS_BIN,27,6.0,0,2000
onemax_n30_i008,onemax,bin,0.0,2000,RS_BIN,28,5.0,0,2000
onemax_n30_i008,onemax,bin,0.0,2000,RS_BIN,29,6.0,0,2000
onemax_n30_i008,onemax,bin,0.0,2000,GA,0,0.0,1,650
onemax_n30_i008,onemax,bin,0.0,2000,GA,1,0.0,1,600
onemax_n30_i008,onemax,bin,0.0,2000,GA,2,0.0,1,750
onemax_n30_i008,onemax,bin,0.0,2000,GA,3,0.0,1,850
onemax_n30_i008,onemax,bin,0.0,2000,GA,4,0.0,1,600
onemax_n30_i008,onemax,bin,0.0,2000,GA,5,0.0,1,550
onemax_n30_i008,onemax,bin,0.0,2000,GA,6,0.0,1,750
onemax_n30_i008,onemax,bin,0.0,2000,GA,7,0.0,1,650
onemax_n30_i008,onemax,bin,0.0,2000,GA,8,0.0,1,900
onemax_n30_i008,onemax,bin,0.0,2000,GA,9,0.0,1,700
onemax_n30_i008,onemax,bin,0.0,2000,GA,10,0.0,1,700
onemax_n30_i008,onemax,bin,0.0,2000,GA,11,0.0,1,600
onemax_n30_i008,onemax,bin,0.0,2000,GA,12,0.0,1,600
onemax_n30_i008,onemax,bin,0.0,2000,GA,13,0.0,1,600
onemax_n30_i008,onemax,bin,0.0,2000,GA,14,0.0,1,900
onemax_n30_i008,onemax,bin,0.0,2000,GA,15,0.0,1,600
onemax_n30_i008,onemax,bin,0.0,2000,GA,16,0.0,1,500
onemax_n30_i008,onemax,bin,0.0,2000,GA,17,0.0,1,800
onemax_n30_i008,onemax,bin,0.0,2000,GA,18,0.0,1,550
onemax_n30_i008,onemax,bin,0.0,2000,GA,19,0.0,1,650
onemax_n30_i008,onemax,bin,0.0,2000,GA,20,0.0,1,800
onemax_n30_i008,onemax,bin,0.0,2000,GA,21,0.0,1,650
onemax_n30_i008,onemax,bin,0.0,2000,GA,22,0.0,1,700
onemax_n30_i008,onemax,bin,0.0,2000,GA,23,0.0,1,650
onemax_n30_i008,onemax,bin,0.0,2000,GA,24,0.0,1,800
onemax_n30_i008,onemax,bin,0.0,2000,GA,25,0.0,1,700
onemax_n30_i008,onemax,bin,0.0,2000,GA,26,0.0,1,700
onemax_n30_i008,onemax,bin,0.0,2000,GA,27,0.0,1,600
onemax_n30_i008,onemax,bin,0.0,2000,GA,28,0.0,1,800
onemax_n30_i008,onemax,bin,0.0,2000,GA,29,0.0,1,600
onemax_n30_i008,onemax,bin,0.0,2000,SA,0,0.0,1,200
onemax_n30_i008,onemax,bin,0.0,2000,SA,1,0.0,1,383
onemax_n30_i008,onemax,bin,0.0,2000,SA,2,0.0,1,287
onemax_n30_i008,onemax,bin,0.0,2000,SA,3,0.0,1,372
onemax_n30_i008,onemax,bin,0.0,2000,SA,4,0.0,1,207
onemax_n30_i008,onemax,bin,0.0,2000,SA,5,0.0,1,193
onemax_n30_i008,onemax,bin,0.0,2000,SA,6,0.0,1,230
onemax_n30_i008,onemax,bin,0.0,2000,SA,7,0.0,1,124
onemax_n30_i008,onemax,bin,0.0,2000,SA,8,0.0,1,359
onemax_n30_i008,onemax,bin,0.0,2000,SA,9,0.0,1,237
onemax_n30_i008,onemax,bin,0.0,2000,SA,10,0.0,1,312
onemax_n30_i008,onemax,bin,0.0,2000,SA,11,0.0,1,296
onemax_n30_i008,onemax,bin,0.0,2000,SA,12,0.0,1,178
onemax_n30_i008,onemax,bin,0.0,2000,SA,13,0.0,1,191
onemax_n30_i008,onemax,bin,0.0,2000,SA,14,0.0,1,211
onemax_n30_i008,onemax,bin,0.0,2000,SA,15,0.0,1,362
onemax_n30_i008,onemax,bin,0.0,2000,SA,16,0.0,1,222
onemax_n30_i008,onemax,bin,0.0,2000,SA,17,0.0,1,252
onemax_n30_i008,onemax,bin,0.0,2000,SA,18,0.0,1,399
onemax_n30_i008,onemax,bin,0.0,2000,SA,19,0.0,1,310
onemax_n30_i008,onemax,bin,0.0,2000,SA,20,0.0,1,273
onemax_n30_i008,onemax,bin,0.0,2000,SA,21,0.0,1,273
onemax_n30_i008,onemax,bin,0.0,2000,SA,22,0.0,1,145
onemax_n30_i008,onemax,bin,0.0,2000,SA,23,0.0,1,314
onemax_n30_i008,onemax,bin,0.0,2000,SA,24,0.0,1,366
onemax_n30_i008,onemax,bin,0.0,2000,SA,25,0.0,1,166
onemax_n30_i008,onemax,bin,0.0,2000,SA,26,0.0,1,335
onemax_n30_i008,onemax,bin,0.0,2000,SA,27,0.0,1,207
onemax_n30_i008,onemax,bin,0.0,2000,SA,28,0.0,1,235
onemax_n30_i008,onemax,bin,0.0,2000,SA,29,0.0,1,218
knapsack01_n20_cap114_i009,knapsack01,bin,0.0,2000,RS_BIN,0,23.0,0,2000
knapsack01_n20_cap114_i009,knapsack01,bin,0.0,2000,RS_BIN,1,24.0,0,2000
knapsack01_n20_cap114_i009,knapsack01,bin,0.0,2000,RS_BIN,2,20.0,0,2000
knapsack01_n20_cap114_i009,knapsack01,bin,0.0,2000,RS_BIN,3,35.0,0,2000
knapsack01_n20_cap114_i009,knapsack01,bin,0.0,2000,RS_BIN,4,2.0,0,2000
knapsack01_n20_cap114_i009,knapsack01,bin,0.0,2000,RS_BIN,5,27.0,0,2000
knapsack01_n20_cap114_i009,knapsack01,bin,0.0,2000,RS_BIN,6,43.0,0,2000
knapsack01_n20_cap114_i009,knapsack01,bin,0.0,2000,RS_BIN,7,32.0,0,2000
knapsack01_n20_cap114_i009,knapsack01,bin,0.0,2000,RS_BIN,8,31.0,0,2000
knapsack01_n20_cap114_i009,knapsack01,bin,0.0,2000,RS_BIN,9,29.0,0,2000
knapsack01_n20_cap114_i009,knapsack01,bin,0.0,2000,RS_BIN,10,32.0,0,2000
knapsack01_n20_cap114_i009,knapsack01,bin,0.0,2000,RS_BIN,11,25.0,0,2000
knapsack01_n20_cap114_i009,knapsack01,bin,0.0,2000,RS_BIN,12,11.0,0,2000
knapsack01_n20_cap114_i009,knapsack01,bin,0.0,2000,RS_BIN,13,6.0,0,2000
knapsack01_n20_cap114_i009,knapsack01,bin,0.0,2000,RS_BIN,14,41.0,0,2000
knapsack01_n20_cap114_i009,knapsack01,bin,0.0,2000,RS_BIN,15,24.0,0,2000
knapsack01_n20_cap114_i009,knapsack01,bin,0.0,2000,RS_BIN,16,14.0,0,2000
knapsack01_n20_cap114_i009,knapsack01,bin,0.0,2000,RS_BIN,17,27.0,0,2000
knapsack01_n20_cap114_i009,knapsack01,bin,0.0,2000,RS_BIN,18,27.0,0,2000
knapsack01_n20_cap114_i009,knapsack01,bin,0.0,2000,RS_BIN,19,35.0,0,2000
knapsack01_n20_cap114_i009,knapsack01,bin,0.0,2000,RS_BIN,20,38.0,0,2000
knapsack01_n20_cap114_i009,knapsack01,bin,0.0,2000,RS_BIN,21,40.0,0,2000
knapsack01_n20_cap114_i009,knapsack01,bin,0.0,2000,RS_BIN,22,40.0,0,2000
knapsack01_n20_cap114_i009,knapsack01,bin,0.0,2000,RS_BIN,23,25.0,0,2000
knapsack01_n20_cap114_i009,knapsack01,bin,0.0,2000,RS_BIN,24,35.0,0,2000
knapsack01_n20_cap114_i009,knapsack01,bin,0.0,2000,RS_BIN,25,22.0,0,2000
knapsack01_n20_cap114_i009,knapsack01,bin,0.0,2000,RS_BIN,26,16.0,0,2000
knapsack01_n20_cap114_i009,knapsack01,bin,0.0,2000,RS_BIN,27,39.0,0,2000
knapsack01_n20_cap114_i009,knapsack01,bin,0.0,2000,RS_BIN,28,18.0,0,2000
knapsack01_n20_cap114_i009,knapsack01,bin,0.0,2000,RS_BIN,29,26.0,0,2000
knapsack01_n20_cap114_i009,knapsack01,bin,0.0,2000,GA,0,0.0,1,700
knapsack01_n20_cap114_i009,knapsack01,bin,0.0,2000,GA,1,0.0,1,450
knapsack01_n20_cap114_i009,knapsack01,bin,0.0,2000,GA,2,0.0,1,1050
knapsack01_n20_cap114_i009,knapsack01,bin,0.0,2000,GA,3,0.0,1,1050
knapsack01_n20_cap114_i009,knapsack01,bin,0.0,2000,GA,4,0.0,1,900
knapsack01_n20_cap114_i009,knapsack01,bin,0.0,2000,GA,5,1.0,0,2000
knapsack01_n20_cap114_i009,knapsack01,bin,0.0,2000,GA,6,14.0,0,2000
knapsack01_n20_cap114_i009,knapsack01,bin,0.0,2000,GA,7,0.0,1,650
knapsack01_n20_cap114_i009,knapsack01,bin,0.0,2000,GA,8,6.0,0,2000
knapsack01_n20_cap114_i009,knapsack01,bin,0.0,2000,GA,9,9.0,0,2000
knapsack01_n20_cap114_i009,knapsack01,bin,0.0,2000,GA,10,9.0,0,2000
knapsack01_n20_cap114_i009,knapsack01,bin,0.0,2000,GA,11,9.0,0,2000
knapsack01_n20_cap114_i009,knapsack01,bin,0.0,2000,GA,12,20.0,0,2000
knapsack01_n20_cap114_i009,knapsack01,bin,0.0,2000,GA,13,2.0,0,2000
knapsack01_n20_cap114_i009,knapsack01,bin,0.0,2000,GA,14,7.0,0,2000
knapsack01_n20_cap114_i009,knapsack01,bin,0.0,2000,GA,15,0.0,1,400
knapsack01_n20_cap114_i009,knapsack01,bin,0.0,2000,GA,16,2.0,0,2000
knapsack01_n20_cap114_i009,knapsack01,bin,0.0,2000,GA,17,0.0,1,700
knapsack01_n20_cap114_i009,knapsack01,bin,0.0,2000,GA,18,0.0,1,1000
knapsack01_n20_cap114_i009,knapsack01,bin,0.0,2000,GA,19,0.0,1,1850
knapsack01_n20_cap114_i009,knapsack01,bin,0.0,2000,GA,20,0.0,1,500
knapsack01_n20_cap114_i009,knapsack01,bin,0.0,2000,GA,21,1.0,0,2000
knapsack01_n20_cap114_i009,knapsack01,bin,0.0,2000,GA,22,1.0,0,2000
knapsack01_n20_cap114_i009,knapsack01,bin,0.0,2000,GA,23,0.0,1,800
knapsack01_n20_cap114_i009,knapsack01,bin,0.0,2000,GA,24,0.0,1,700
knapsack01_n20_cap114_i009,knapsack01,bin,0.0,2000,GA,25,0.0,1,550
knapsack01_n20_cap114_i009,knapsack01,bin,0.0,2000,GA,26,0.0,1,650
knapsack01_n20_cap114_i009,knapsack01,bin,0.0,2000,GA,27,8.0,0,2000
knapsack01_n20_cap114_i009,knapsack01,bin,0.0,2000,GA,28,1.0,0,2000
knapsack01_n20_cap114_i009,knapsack01,bin,0.0,2000,GA,29,0.0,1,650
knapsack01_n20_cap114_i009,knapsack01,bin,0.0,2000,SA,0,69.0,0,2000
knapsack01_n20_cap114_i009,knapsack01,bin,0.0,2000,SA,1,41.0,0,2000
knapsack01_n20_cap114_i009,knapsack01,bin,0.0,2000,SA,2,80.0,0,2000
knapsack01_n20_cap114_i009,knapsack01,bin,0.0,2000,SA,3,82.0,0,2000
knapsack01_n20_cap114_i009,knapsack01,bin,0.0,2000,SA,4,110.0,0,2000
knapsack01_n20_cap114_i009,knapsack01,bin,0.0,2000,SA,5,85.0,0,2000
knapsack01_n20_cap114_i009,knapsack01,bin,0.0,2000,SA,6,94.0,0,2000
knapsack01_n20_cap114_i009,knapsack01,bin,0.0,2000,SA,7,47.0,0,2000
knapsack01_n20_cap114_i009,knapsack01,bin,0.0,2000,SA,8,136.0,0,2000
knapsack01_n20_cap114_i009,knapsack01,bin,0.0,2000,SA,9,73.0,0,2000
knapsack01_n20_cap114_i009,knapsack01,bin,0.0,2000,SA,10,74.0,0,2000
knapsack01_n20_cap114_i009,knapsack01,bin,0.0,2000,SA,11,46.0,0,2000
knapsack01_n20_cap114_i009,knapsack01,bin,0.0,2000,SA,12,29.0,0,2000
knapsack01_n20_cap114_i009,knapsack01,bin,0.0,2000,SA,13,87.0,0,2000
knapsack01_n20_cap114_i009,knapsack01,bin,0.0,2000,SA,14,99.0,0,2000
knapsack01_n20_cap114_i009,knapsack01,bin,0.0,2000,SA,15,90.0,0,2000
knapsack01_n20_cap114_i009,knapsack01,bin,0.0,2000,SA,16,128.0,0,2000
knapsack01_n20_cap114_i009,knapsack01,bin,0.0,2000,SA,17,81.0,0,2000
knapsack01_n20_cap114_i009,knapsack01,bin,0.0,2000,SA,18,71.0,0,2000
knapsack01_n20_cap114_i009,knapsack01,bin,0.0,2000,SA,19,72.0,0,2000
knapsack01_n20_cap114_i009,knapsack01,bin,0.0,2000,SA,20,122.0,0,2000
knapsack01_n20_cap114_i009,knapsack01,bin,0.0,2000,SA,21,77.0,0,2000
knapsack01_n20_cap114_i009,knapsack01,bin,0.0,2000,SA,22,125.0,0,2000
knapsack01_n20_cap114_i009,knapsack01,bin,0.0,2000,SA,23,80.0,0,2000
knapsack01_n20_cap114_i009,knapsack01,bin,0.0,2000,SA,24,53.0,0,2000
knapsack01_n20_cap114_i009,knapsack01,bin,0.0,2000,SA,25,84.0,0,2000
knapsack01_n20_cap114_i009,knapsack01,bin,0.0,2000,SA,26,84.0,0,2000
knapsack01_n20_cap114_i009,knapsack01,bin,0.0,2000,SA,27,139.0,0,2000
knapsack01_n20_cap114_i009,knapsack01,bin,0.0,2000,SA,28,50.0,0,2000
knapsack01_n20_cap114_i009,knapsack01,bin,0.0,2000,SA,29,87.0,0,2000
onemax_n30_i010,onemax,bin,0.0,2000,RS_BIN,0,5.0,0,2000
onemax_n30_i010,onemax,bin,0.0,2000,RS_BIN,1,6.0,0,2000
onemax_n30_i010,onemax,bin,0.0,2000,RS_BIN,2,5.0,0,2000
onemax_n30_i010,onemax,bin,0.0,2000,RS_BIN,3,7.0,0,2000
onemax_n30_i010,onemax,bin,0.0,2000,RS_BIN,4,6.0,0,2000
onemax_n30_i010,onemax,bin,0.0,2000,RS_BIN,5,6.0,0,2000
onemax_n30_i010,onemax,bin,0.0,2000,RS_BIN,6,6.0,0,2000
onemax_n30_i010,onemax,bin,0.0,2000,RS_BIN,7,7.0,0,2000
onemax_n30_i010,onemax,bin,0.0,2000,RS_BIN,8,5.0,0,2000
onemax_n30_i010,onemax,bin,0.0,2000,RS_BIN,9,6.0,0,2000
onemax_n30_i010,onemax,bin,0.0,2000,RS_BIN,10,4.0,0,2000
onemax_n30_i010,onemax,bin,0.0,2000,RS_BIN,11,7.0,0,2000
onemax_n30_i010,onemax,bin,0.0,2000,RS_BIN,12,5.0,0,2000
onemax_n30_i010,onemax,bin,0.0,2000,RS_BIN,13,7.0,0,2000
onemax_n30_i010,onemax,bin,0.0,2000,RS_BIN,14,5.0,0,2000
onemax_n30_i010,onemax,bin,0.0,2000,RS_BIN,15,4.0,0,2000
onemax_n30_i010,onemax,bin,0.0,2000,RS_BIN,16,6.0,0,2000
onemax_n30_i010,onemax,bin,0.0,2000,RS_BIN,17,7.0,0,2000
onemax_n30_i010,onemax,bin,0.0,2000,RS_BIN,18,7.0,0,2000
onemax_n30_i010,onemax,bin,0.0,2000,RS_BIN,19,5.0,0,2000
onemax_n30_i010,onemax,bin,0.0,2000,RS_BIN,20,6.0,0,2000
onemax_n30_i010,onemax,bin,0.0,2000,RS_BIN,21,7.0,0,2000
onemax_n30_i010,onemax,bin,0.0,2000,RS_BIN,22,6.0,0,2000
onemax_n30_i010,onemax,bin,0.0,2000,RS_BIN,23,7.0,0,2000
onemax_n30_i010,onemax,bin,0.0,2000,RS_BIN,24,5.0,0,2000
onemax_n30_i010,onemax,bin,0.0,2000,RS_BIN,25,6.0,0,2000
onemax_n30_i010,onemax,bin,0.0,2000,RS_BIN,26,4.0,0,2000
onemax_n30_i010,onemax,bin,0.0,2000,RS_BIN,27,5.0,0,2000
onemax_n30_i010,onemax,bin,0.0,2000,RS_BIN,28,5.0,0,2000
onemax_n30_i010,onemax,bin,0.0,2000,RS_BIN,29,6.0,0,2000
onemax_n30_i010,onemax,bin,0.0,2000,GA,0,0.0,1,700
onemax_n30_i010,onemax,bin,0.0,2000,GA,1,0.0,1,700
onemax_n30_i010,onemax,bin,0.0,2000,GA,2,0.0,1,550
onemax_n30_i010,onemax,bin,0.0,2000,GA,3,0.0,1,550
onemax_n30_i010,onemax,bin,0.0,2000,GA,4,0.0,1,700
onemax_n30_i010,onemax,bin,0.0,2000,GA,5,0.0,1,850
onemax_n30_i010,onemax,bin,0.0,2000,GA,6,0.0,1,650
onemax_n30_i010,onemax,bin,0.0,2000,GA,7,0.0,1,750
onemax_n30_i010,onemax,bin,0.0,2000,GA,8,0.0,1,700
onemax_n30_i010,onemax,bin,0.0,2000,GA,9,0.0,1,700
onemax_n30_i010,onemax,bin,0.0,2000,GA,10,0.0,1,550
onemax_n30_i010,onemax,bin,0.0,2000,GA,11,0.0,1,650
onemax_n30_i010,onemax,bin,0.0,2000,GA,12,0.0,1,750
onemax_n30_i010,onemax,bin,0.0,2000,GA,13,0.0,1,800
onemax_n30_i010,onemax,bin,0.0,2000,GA,14,0.0,1,750
onemax_n30_i010,onemax,bin,0.0,2000,GA,15,0.0,1,700
onemax_n30_i010,onemax,bin,0.0,2000,GA,16,0.0,1,900
onemax_n30_i010,onemax,bin,0.0,2000,GA,17,0.0,1,600
onemax_n30_i010,onemax,bin,0.0,2000,GA,18,0.0,1,550
onemax_n30_i010,onemax,bin,0.0,2000,GA,19,0.0,1,750
onemax_n30_i010,onemax,bin,0.0,2000,GA,20,0.0,1,600
onemax_n30_i010,onemax,bin,0.0,2000,GA,21,0.0,1,600
onemax_n30_i010,onemax,bin,0.0,2000,GA,22,0.0,1,500
onemax_n30_i010,onemax,bin,0.0,2000,GA,23,0.0,1,600
onemax_n30_i010,onemax,bin,0.0,2000,GA,24,0.0,1,650
onemax_n30_i010,onemax,bin,0.0,2000,GA,25,0.0,1,800
onemax_n30_i010,onemax,bin,0.0,2000,GA,26,0.0,1,850
onemax_n30_i010,onemax,bin,0.0,2000,GA,27,0.0,1,700
onemax_n30_i010,onemax,bin,0.0,2000,GA,28,0.0,1,750
onemax_n30_i010,onemax,bin,0.0,2000,GA,29,0.0,1,500
onemax_n30_i010,onemax,bin,0.0,2000,SA,0,0.0,1,174
onemax_n30_i010,onemax,bin,0.0,2000,SA,1,0.0,1,230
onemax_n30_i010,onemax,bin,0.0,2000,SA,2,0.0,1,292
onemax_n30_i010,onemax,bin,0.0,2000,SA,3,0.0,1,178
onemax_n30_i010,onemax,bin,0.0,2000,SA,4,0.0,1,189
onemax_n30_i010,onemax,bin,0.0,2000,SA,5,0.0,1,219
onemax_n30_i010,onemax,bin,0.0,2000,SA,6,0.0,1,327
onemax_n30_i010,onemax,bin,0.0,2000,SA,7,0.0,1,151
onemax_n30_i010,onemax,bin,0.0,2000,SA,8,0.0,1,160
onemax_n30_i010,onemax,bin,0.0,2000,SA,9,0.0,1,208
onemax_n30_i010,onemax,bin,0.0,2000,SA,10,0.0,1,250
onemax_n30_i010,onemax,bin,0.0,2000,SA,11,0.0,1,234
onemax_n30_i010,onemax,bin,0.0,2000,SA,12,0.0,1,298
onemax_n30_i010,onemax,bin,0.0,2000,SA,13,0.0,1,197
onemax_n30_i010,onemax,bin,0.0,2000,SA,14,0.0,1,222
onemax_n30_i010,onemax,bin,0.0,2000,SA,15,0.0,1,200
onemax_n30_i010,onemax,bin,0.0,2000,SA,16,0.0,1,235
onemax_n30_i010,onemax,bin,0.0,2000,SA,17,0.0,1,137
onemax_n30_i010,onemax,bin,0.0,2000,SA,18,0.0,1,194
onemax_n30_i010,onemax,bin,0.0,2000,SA,19,0.0,1,347
onemax_n30_i010,onemax,bin,0.0,2000,SA,20,0.0,1,272
onemax_n30_i010,onemax,bin,0.0,2000,SA,21,0.0,1,125
onemax_n30_i010,onemax,bin,0.0,2000,SA,22,0.0,1,246
onemax_n30_i010,onemax,bin,0.0,2000,SA,23,0.0,1,228
onemax_n30_i010,onemax,bin,0.0,2000,SA,24,0.0,1,307
onemax_n30_i010,onemax,bin,0.0,2000,SA,25,0.0,1,241
onemax_n30_i010,onemax,bin,0.0,2000,SA,26,0.0,1,257
onemax_n30_i010,onemax,bin,0.0,2000,SA,27,0.0,1,203
onemax_n30_i010,onemax,bin,0.0,2000,SA,28,0.0,1,187
onemax_n30_i010,onemax,bin,0.0,2000,SA,29,0.0,1,175
knapsack01_n20_cap84_i011,knapsack01,bin,0.0,2000,RS_BIN,0,34.0,0,2000
knapsack01_n20_cap84_i011,knapsack01,bin,0.0,2000,RS_BIN,1,52.0,0,2000
knapsack01_n20_cap84_i011,knapsack01,bin,0.0,2000,RS_BIN,2,28.0,0,2000
knapsack01_n20_cap84_i011,knapsack01,bin,0.0,2000,RS_BIN,3,31.0,0,2000
knapsack01_n20_cap84_i011,knapsack01,bin,0.0,2000,RS_BIN,4,24.0,0,2000
knapsack01_n20_cap84_i011,knapsack01,bin,0.0,2000,RS_BIN,5,33.0,0,2000
knapsack01_n20_cap84_i011,knapsack01,bin,0.0,2000,RS_BIN,6,50.0,0,2000
knapsack01_n20_cap84_i011,knapsack01,bin,0.0,2000,RS_BIN,7,48.0,0,2000
knapsack01_n20_cap84_i011,knapsack01,bin,0.0,2000,RS_BIN,8,54.0,0,2000
knapsack01_n20_cap84_i011,knapsack01,bin,0.0,2000,RS_BIN,9,46.0,0,2000
knapsack01_n20_cap84_i011,knapsack01,bin,0.0,2000,RS_BIN,10,58.0,0,2000
knapsack01_n20_cap84_i011,knapsack01,bin,0.0,2000,RS_BIN,11,5.0,0,2000
knapsack01_n20_cap84_i011,knapsack01,bin,0.0,2000,RS_BIN,12,49.0,0,2000
knapsack01_n20_cap84_i011,knapsack01,bin,0.0,2000,RS_BIN,13,45.0,0,2000
knapsack01_n20_cap84_i011,knapsack01,bin,0.0,2000,RS_BIN,14,28.0,0,2000
knapsack01_n20_cap84_i011,knapsack01,bin,0.0,2000,RS_BIN,15,54.0,0,2000
knapsack01_n20_cap84_i011,knapsack01,bin,0.0,2000,RS_BIN,16,44.0,0,2000
knapsack01_n20_cap84_i011,knapsack01,bin,0.0,2000,RS_BIN,17,47.0,0,2000
knapsack01_n20_cap84_i011,knapsack01,bin,0.0,2000,RS_BIN,18,24.0,0,2000
knapsack01_n20_cap84_i011,knapsack01,bin,0.0,2000,RS_BIN,19,22.0,0,2000
knapsack01_n20_cap84_i011,knapsack01,bin,0.0,2000,RS_BIN,20,54.0,0,2000
knapsack01_n20_cap84_i011,knapsack01,bin,0.0,2000,RS_BIN,21,37.0,0,2000
knapsack01_n20_cap84_i011,knapsack01,bin,0.0,2000,RS_BIN,22,47.0,0,2000
knapsack01_n20_cap84_i011,knapsack01,bin,0.0,2000,RS_BIN,23,34.0,0,2000
knapsack01_n20_cap84_i011,knapsack01,bin,0.0,2000,RS_BIN,24,28.0,0,2000
knapsack01_n20_cap84_i011,knapsack01,bin,0.0,2000,RS_BIN,25,33.0,0,2000
knapsack01_n20_cap84_i011,knapsack01,bin,0.0,2000,RS_BIN,26,36.0,0,2000
knapsack01_n20_cap84_i011,knapsack01,bin,0.0,2000,RS_BIN,27,37.0,0,2000
knapsack01_n20_cap84_i011,knapsack01,bin,0.0,2000,RS_BIN,28,59.0,0,2000
knapsack01_n20_cap84_i011,knapsack01,bin,0.0,2000,RS_BIN,29,71.0,0,2000
knapsack01_n20_cap84_i011,knapsack01,bin,0.0,2000,GA,0,25.0,0,2000
knapsack01_n20_cap84_i011,knapsack01,bin,0.0,2000,GA,1,32.0,0,2000
knapsack01_n20_cap84_i011,knapsack01,bin,0.0,2000,GA,2,0.0,1,1750
knapsack01_n20_cap84_i011,knapsack01,bin,0.0,2000,GA,3,14.0,0,2000
knapsack01_n20_cap84_i011,knapsack01,bin,0.0,2000,GA,4,0.0,1,1800
knapsack01_n20_cap84_i011,knapsack01,bin,0.0,2000,GA,5,1.0,0,2000
knapsack01_n20_cap84_i011,knapsack01,bin,0.0,2000,GA,6,0.0,1,750
knapsack01_n20_cap84_i011,knapsack01,bin,0.0,2000,GA,7,18.0,0,2000
knapsack01_n20_cap84_i011,knapsack01,bin,0.0,2000,GA,8,18.0,0,2000
knapsack01_n20_cap84_i011,knapsack01,bin,0.0,2000,GA,9,22.0,0,2000
knapsack01_n20_cap84_i011,knapsack01,bin,0.0,2000,GA,10,27.0,0,2000
knapsack01_n20_cap84_i011,knapsack01,bin,0.0,2000,GA,11,1.0,0,2000
knapsack01_n20_cap84_i011,knapsack01,bin,0.0,2000,GA,12,0.0,1,850
knapsack01_n20_cap84_i011,knapsack01,bin,0.0,2000,GA,13,1.0,0,2000
knapsack01_n20_cap84_i011,knapsack01,bin,0.0,2000,GA,14,22.0,0,2000
knapsack01_n20_cap84_i011,knapsack01,bin,0.0,2000,GA,15,17.0,0,2000
knapsack01_n20_cap84_i011,knapsack01,bin,0.0,2000,GA,16,0.0,1,450
knapsack01_n20_cap84_i011,knapsack01,bin,0.0,2000,GA,17,21.0,0,2000
knapsack01_n20_cap84_i011,knapsack01,bin,0.0,2000,GA,18,31.0,0,2000
knapsack01_n20_cap84_i011,knapsack01,bin,0.0,2000,GA,19,0.0,1,1700
knapsack01_n20_cap84_i011,knapsack01,bin,0.0,2000,GA,20,0.0,1,1950
knapsack01_n20_cap84_i011,knapsack01,bin,0.0,2000,GA,21,14.0,0,2000
knapsack01_n20_cap84_i011,knapsack01,bin,0.0,2000,GA,22,18.0,0,2000
knapsack01_n20_cap84_i011,knapsack01,bin,0.0,2000,GA,23,18.0,0,2000
knapsack01_n20_cap84_i011,knapsack01,bin,0.0,2000,GA,24,14.0,0,2000
knapsack01_n20_cap84_i011,knapsack01,bin,0.0,2000,GA,25,1.0,0,2000
knapsack01_n20_cap84_i011,knapsack01,bin,0.0,2000,GA,26,0.0,1,1800
knapsack01_n20_cap84_i011,knapsack01,bin,0.0,2000,GA,27,0.0,1,900
knapsack01_n20_cap84_i011,knapsack01,bin,0.0,2000,GA,28,0.0,1,450
knapsack01_n20_cap84_i011,knapsack01,bin,0.0,2000,GA,29,38.0,0,2000
knapsack01_n20_cap84_i011,knapsack01,bin,0.0,2000,SA,0,99.0,0,2000
knapsack01_n20_cap84_i011,knapsack01,bin,0.0,2000,SA,1,133.0,0,2000
knapsack01_n20_cap84_i011,knapsack01,bin,0.0,2000,SA,2,92.0,0,2000
knapsack01_n20_cap84_i011,knapsack01,bin,0.0,2000,SA,3,109.0,0,2000
knapsack01_n20_cap84_i011,knapsack01,bin,0.0,2000,SA,4,99.0,0,2000
knapsack01_n20_cap84_i011,knapsack01,bin,0.0,2000,SA,5,58.0,0,2000
knapsack01_n20_cap84_i011,knapsack01,bin,0.0,2000,SA,6,121.0,0,2000
knapsack01_n20_cap84_i011,knapsack01,bin,0.0,2000,SA,7,108.0,0,2000
knapsack01_n20_cap84_i011,knapsack01,bin,0.0,2000,SA,8,88.0,0,2000
knapsack01_n20_cap84_i011,knapsack01,bin,0.0,2000,SA,9,114.0,0,2000
knapsack01_n20_cap84_i011,knapsack01,bin,0.0,2000,SA,10,124.0,0,2000
knapsack01_n20_cap84_i011,knapsack01,bin,0.0,2000,SA,11,134.0,0,2000
knapsack01_n20_cap84_i011,knapsack01,bin,0.0,2000,SA,12,144.0,0,2000
knapsack01_n20_cap84_i011,knapsack01,bin,0.0,2000,SA,13,40.0,0,2000
knapsack01_n20_cap84_i011,knapsack01,bin,0.0,2000,SA,14,44.0,0,2000
knapsack01_n20_cap84_i011,knapsack01,bin,0.0,2000,SA,15,129.0,0,2000
knapsack01_n20_cap84_i011,knapsack01,bin,0.0,2000,SA,16,98.0,0,2000
knapsack01_n20_cap84_i011,knapsack01,bin,0.0,2000,SA,17,98.0,0,2000
knapsack01_n20_cap84_i011,knapsack01,bin,0.0,2000,SA,18,122.0,0,2000
knapsack01_n20_cap84_i011,knapsack01,bin,0.0,2000,SA,19,98.0,0,2000
knapsack01_n20_cap84_i011,knapsack01,bin,0.0,2000,SA,20,34.0,0,2000
knapsack01_n20_cap84_i011,knapsack01,bin,0.0,2000,SA,21,129.0,0,2000
knapsack01_n20_cap84_i011,knapsack01,bin,0.0,2000,SA,22,109.0,0,2000
knapsack01_n20_cap84_i011,knapsack01,bin,0.0,2000,SA,23,102.0,0,2000
knapsack01_n20_cap84_i011,knapsack01,bin,0.0,2000,SA,24,95.0,0,2000
knapsack01_n20_cap84_i011,knapsack01,bin,0.0,2000,SA,25,171.0,0,2000
knapsack01_n20_cap84_i011,knapsack01,bin,0.0,2000,SA,26,119.0,0,2000
knapsack01_n20_cap84_i011,knapsack01,bin,0.0,2000,SA,27,156.0,0,2000
knapsack01_n20_cap84_i011,knapsack01,bin,0.0,2000,SA,28,66.0,0,2000
knapsack01_n20_cap84_i011,knapsack01,bin,0.0,2000,SA,29,91.0,0,2000
onemax_n100_i012,onemax,bin,0.0,2000,RS_BIN,0,31.0,0,2000
onemax_n100_i012,onemax,bin,0.0,2000,RS_BIN,1,33.0,0,2000
onemax_n100_i012,onemax,bin,0.0,2000,RS_BIN,2,33.0,0,2000
onemax_n100_i012,onemax,bin,0.0,2000,RS_BIN,3,35.0,0,2000
onemax_n100_i012,onemax,bin,0.0,2000,RS_BIN,4,33.0,0,2000
onemax_n100_i012,onemax,bin,0.0,2000,RS_BIN,5,33.0,0,2000
onemax_n100_i012,onemax,bin,0.0,2000,RS_BIN,6,35.0,0,2000
onemax_n100_i012,onemax,bin,0.0,2000,RS_BIN,7,32.0,0,2000
onemax_n100_i012,onemax,bin,0.0,2000,RS_BIN,8,32.0,0,2000
onemax_n100_i012,onemax,bin,0.0,2000,RS_BIN,9,33.0,0,2000
onemax_n100_i012,onemax,bin,0.0,2000,RS_BIN,10,35.0,0,2000
onemax_n100_i012,onemax,bin,0.0,2000,RS_BIN,11,34.0,0,2000
onemax_n100_i012,onemax,bin,0.0,2000,RS_BIN,12,32.0,0,2000
onemax_n100_i012,onemax,bin,0.0,2000,RS_BIN,13,32.0,0,2000
onemax_n100_i012,onemax,bin,0.0,2000,RS_BIN,14,33.0,0,2000
onemax_n100_i012,onemax,bin,0.0,2000,RS_BIN,15,31.0,0,2000
onemax_n100_i012,onemax,bin,0.0,2000,RS_BIN,16,35.0,0,2000
onemax_n100_i012,onemax,bin,0.0,2000,RS_BIN,17,34.0,0,2000
onemax_n100_i012,onemax,bin,0.0,2000,RS_BIN,18,34.0,0,2000
onemax_n100_i012,onemax,bin,0.0,2000,RS_BIN,19,36.0,0,2000
onemax_n100_i012,onemax,bin,0.0,2000,RS_BIN,20,31.0,0,2000
onemax_n100_i012,onemax,bin,0.0,2000,RS_BIN,21,33.0,0,2000
onemax_n100_i012,onemax,bin,0.0,2000,RS_BIN,22,30.0,0,2000
onemax_n100_i012,onemax,bin,0.0,2000,RS_BIN,23,34.0,0,2000
onemax_n100_i012,onemax,bin,0.0,2000,RS_BIN,24,33.0,0,2000
onemax_n100_i012,onemax,bin,0.0,2000,RS_BIN,25,32.0,0,2000
onemax_n100_i012,onemax,bin,0.0,2000,RS_BIN,26,32.0,0,2000
onemax_n100_i012,onemax,bin,0.0,2000,RS_BIN,27,33.0,0,2000
onemax_n100_i012,onemax,bin,0.0,2000,RS_BIN,28,35.0,0,2000
onemax_n100_i012,onemax,bin,0.0,2000,RS_BIN,29,32.0,0,2000
onemax_n100_i012,onemax,bin,0.0,2000,GA,0,7.0,0,2000
onemax_n100_i012,onemax,bin,0.0,2000,GA,1,7.0,0,2000
onemax_n100_i012,onemax,bin,0.0,2000,GA,2,6.0,0,2000
onemax_n100_i012,onemax,bin,0.0,2000,GA,3,3.0,0,2000
onemax_n100_i012,onemax,bin,0.0,2000,GA,4,9.0,0,2000
onemax_n100_i012,onemax,bin,0.0,2000,GA,5,5.0,0,2000
onemax_n100_i012,onemax,bin,0.0,2000,GA,6,6.0,0,2000
onemax_n100_i012,onemax,bin,0.0,2000,GA,7,4.0,0,2000
onemax_n100_i012,onemax,bin,0.0,2000,GA,8,5.0,0,2000
onemax_n100_i012,onemax,bin,0.0,2000,GA,9,6.0,0,2000
onemax_n100_i012,onemax,bin,0.0,2000,GA,10,5.0,0,2000
onemax_n100_i012,onemax,bin,0.0,2000,GA,11,4.0,0,2000
onemax_n100_i012,onemax,bin,0.0,2000,GA,12,5.0,0,2000
onemax_n100_i012,onemax,bin,0.0,2000,GA,13,7.0,0,2000
onemax_n100_i012,onemax,bin,0.0,2000,GA,14,5.0,0,2000
onemax_n100_i012,onemax,bin,0.0,2000,GA,15,6.0,0,2000
onemax_n100_i012,onemax,bin,0.0,2000,GA,16,5.0,0,2000
onemax_n100_i012,onemax,bin,0.0,2000,GA,17,6.0,0,2000
onemax_n100_i012,onemax,bin,0.0,2000,GA,18,5.0,0,2000
onemax_n100_i012,onemax,bin,0.0,2000,GA,19,5.0,0,2000
onemax_n100_i012,onemax,bin,0.0,2000,GA,20,6.0,0,2000
onemax_n100_i012,onemax,bin,0.0,2000,GA,21,4.0,0,2000
onemax_n100_i012,onemax,bin,0.0,2000,GA,22,4.0,0,2000
onemax_n100_i012,onemax,bin,0.0,2000,GA,23,4.0,0,2000
onemax_n100_i012,onemax,bin,0.0,2000,GA,24,6.0,0,2000
onemax_n100_i012,onemax,bin,0.0,2000,GA,25,3.0,0,2000
onemax_n100_i012,onemax,bin,0.0,2000,GA,26,4.0,0,2000
onemax_n100_i012,onemax,bin,0.0,2000,GA,27,4.0,0,2000
onemax_n100_i012,onemax,bin,0.0,2000,GA,28,5.0,0,2000
onemax_n100_i012,onemax,bin,0.0,2000,GA,29,5.0,0,2000
onemax_n100_i012,onemax,bin,0.0,2000,SA,0,0.0,1,657
onemax_n100_i012,onemax,bin,0.0,2000,SA,1,0.0,1,600
onemax_n100_i012,onemax,bin,0.0,2000,SA,2,0.0,1,375
onemax_n100_i012,onemax,bin,0.0,2000,SA,3,0.0,1,539
onemax_n100_i012,onemax,bin,0.0,2000,SA,4,0.0,1,488
onemax_n100_i012,onemax,bin,0.0,2000,SA,5,0.0,1,486
onemax_n100_i012,onemax,bin,0.0,2000,SA,6,0.0,1,889
onemax_n100_i012,onemax,bin,0.0,2000,SA,7,0.0,1,543
onemax_n100_i012,onemax,bin,0.0,2000,SA,8,0.0,1,760
onemax_n100_i012,onemax,bin,0.0,2000,SA,9,0.0,1,724
onemax_n100_i012,onemax,bin,0.0,2000,SA,10,0.0,1,868
onemax_n100_i012,onemax,bin,0.0,2000,SA,11,0.0,1,627
onemax_n100_i012,onemax,bin,0.0,2000,SA,12,0.0,1,803
onemax_n100_i012,onemax,bin,0.0,2000,SA,13,0.0,1,550
onemax_n100_i012,onemax,bin,0.0,2000,SA,14,0.0,1,608
onemax_n100_i012,onemax,bin,0.0,2000,SA,15,0.0,1,587
onemax_n100_i012,onemax,bin,0.0,2000,SA,16,0.0,1,614
onemax_n100_i012,onemax,bin,0.0,2000,SA,17,0.0,1,562
onemax_n100_i012,onemax,bin,0.0,2000,SA,18,0.0,1,548
onemax_n100_i012,onemax,bin,0.0,2000,SA,19,0.0,1,534
onemax_n100_i012,onemax,bin,0.0,2000,SA,20,0.0,1,658
onemax_n100_i012,onemax,bin,0.0,2000,SA,21,0.0,1,502
onemax_n100_i012,onemax,bin,0.0,2000,SA,22,0.0,1,553
onemax_n100_i012,onemax,bin,0.0,2000,SA,23,0.0,1,613
onemax_n100_i012,onemax,bin,0.0,2000,SA,24,0.0,1,483
onemax_n100_i012,onemax,bin,0.0,2000,SA,25,0.0,1,597
onemax_n100_i012,onemax,bin,0.0,2000,SA,26,0.0,1,605
onemax_n100_i012,onemax,bin,0.0,2000,SA,27,0.0,1,714
onemax_n100_i012,onemax,bin,0.0,2000,SA,28,0.0,1,391
onemax_n100_i012,onemax,bin,0.0,2000,SA,29,0.0,1,399
knapsack01_n40_cap209_i013,knapsack01,bin,0.0,2000,RS_BIN,0,127.0,0,2000
knapsack01_n40_cap209_i013,knapsack01,bin,0.0,2000,RS_BIN,1,143.0,0,2000
knapsack01_n40_cap209_i013,knapsack01,bin,0.0,2000,RS_BIN,2,99.0,0,2000
knapsack01_n40_cap209_i013,knapsack01,bin,0.0,2000,RS_BIN,3,99.0,0,2000
knapsack01_n40_cap209_i013,knapsack01,bin,0.0,2000,RS_BIN,4,149.0,0,2000
knapsack01_n40_cap209_i013,knapsack01,bin,0.0,2000,RS_BIN,5,140.0,0,2000
knapsack01_n40_cap209_i013,knapsack01,bin,0.0,2000,RS_BIN,6,118.0,0,2000
knapsack01_n40_cap209_i013,knapsack01,bin,0.0,2000,RS_BIN,7,179.0,0,2000
knapsack01_n40_cap209_i013,knapsack01,bin,0.0,2000,RS_BIN,8,149.0,0,2000
knapsack01_n40_cap209_i013,knapsack01,bin,0.0,2000,RS_BIN,9,136.0,0,2000
knapsack01_n40_cap209_i013,knapsack01,bin,0.0,2000,RS_BIN,10,104.0,0,2000
knapsack01_n40_cap209_i013,knapsack01,bin,0.0,2000,RS_BIN,11,117.0,0,2000
knapsack01_n40_cap209_i013,knapsack01,bin,0.0,2000,RS_BIN,12,116.0,0,2000
knapsack01_n40_cap209_i013,knapsack01,bin,0.0,2000,RS_BIN,13,103.0,0,2000
knapsack01_n40_cap209_i013,knapsack01,bin,0.0,2000,RS_BIN,14,153.0,0,2000
knapsack01_n40_cap209_i013,knapsack01,bin,0.0,2000,RS_BIN,15,190.0,0,2000
knapsack01_n40_cap209_i013,knapsack01,bin,0.0,2000,RS_BIN,16,125.0,0,2000
knapsack01_n40_cap209_i013,knapsack01,bin,0.0,2000,RS_BIN,17,154.0,0,2000
knapsack01_n40_cap209_i013,knapsack01,bin,0.0,2000,RS_BIN,18,134.0,0,2000
knapsack01_n40_cap209_i013,knapsack01,bin,0.0,2000,RS_BIN,19,96.0,0,2000
knapsack01_n40_cap209_i013,knapsack01,bin,0.0,2000,RS_BIN,20,142.0,0,2000
knapsack01_n40_cap209_i013,knapsack01,bin,0.0,2000,RS_BIN,21,145.0,0,2000
knapsack01_n40_cap209_i013,knapsack01,bin,0.0,2000,RS_BIN,22,128.0,0,2000
knapsack01_n40_cap209_i013,knapsack01,bin,0.0,2000,RS_BIN,23,137.0,0,2000
knapsack01_n40_cap209_i013,knapsack01,bin,0.0,2000,RS_BIN,24,125.0,0,2000
knapsack01_n40_cap209_i013,knapsack01,bin,0.0,2000,RS_BIN,25,146.0,0,2000
knapsack01_n40_cap209_i013,knapsack01,bin,0.0,2000,RS_BIN,26,127.0,0,2000
knapsack01_n40_cap209_i013,knapsack01,bin,0.0,2000,RS_BIN,27,117.0,0,2000
knapsack01_n40_cap209_i013,knapsack01,bin,0.0,2000,RS_BIN,28,154.0,0,2000
knapsack01_n40_cap209_i013,knapsack01,bin,0.0,2000,RS_BIN,29,160.0,0,2000
knapsack01_n40_cap209_i013,knapsack01,bin,0.0,2000,GA,0,4.0,0,2000
knapsack01_n40_cap209_i013,knapsack01,bin,0.0,2000,GA,1,18.0,0,2000
knapsack01_n40_cap209_i013,knapsack01,bin,0.0,2000,GA,2,9.0,0,2000
knapsack01_n40_cap209_i013,knapsack01,bin,0.0,2000,GA,3,34.0,0,2000
knapsack01_n40_cap209_i013,knapsack01,bin,0.0,2000,GA,4,34.0,0,2000
knapsack01_n40_cap209_i013,knapsack01,bin,0.0,2000,GA,5,16.0,0,2000
knapsack01_n40_cap209_i013,knapsack01,bin,0.0,2000,GA,6,40.0,0,2000
knapsack01_n40_cap209_i013,knapsack01,bin,0.0,2000,GA,7,9.0,0,2000
knapsack01_n40_cap209_i013,knapsack01,bin,0.0,2000,GA,8,18.0,0,2000
knapsack01_n40_cap209_i013,knapsack01,bin,0.0,2000,GA,9,24.0,0,2000
knapsack01_n40_cap209_i013,knapsack01,bin,0.0,2000,GA,10,14.0,0,2000
knapsack01_n40_cap209_i013,knapsack01,bin,0.0,2000,GA,11,11.0,0,2000
knapsack01_n40_cap209_i013,knapsack01,bin,0.0,2000,GA,12,4.0,0,2000
knapsack01_n40_cap209_i013,knapsack01,bin,0.0,2000,GA,13,20.0,0,2000
knapsack01_n40_cap209_i013,knapsack01,bin,0.0,2000,GA,14,2.0,0,2000
knapsack01_n40_cap209_i013,knapsack01,bin,0.0,2000,GA,15,31.0,0,2000
knapsack01_n40_cap209_i013,knapsack01,bin,0.0,2000,GA,16,15.0,0,2000
knapsack01_n40_cap209_i013,knapsack01,bin,0.0,2000,GA,17,17.0,0,2000
knapsack01_n40_cap209_i013,knapsack01,bin,0.0,2000,GA,18,20.0,0,2000
knapsack01_n40_cap209_i013,knapsack01,bin,0.0,2000,GA,19,23.0,0,2000
knapsack01_n40_cap209_i013,knapsack01,bin,0.0,2000,GA,20,30.0,0,2000
knapsack01_n40_cap209_i013,knapsack01,bin,0.0,2000,GA,21,27.0,0,2000
knapsack01_n40_cap209_i013,knapsack01,bin,0.0,2000,GA,22,13.0,0,2000
knapsack01_n40_cap209_i013,knapsack01,bin,0.0,2000,GA,23,22.0,0,2000
knapsack01_n40_cap209_i013,knapsack01,bin,0.0,2000,GA,24,34.0,0,2000
knapsack01_n40_cap209_i013,knapsack01,bin,0.0,2000,GA,25,31.0,0,2000
knapsack01_n40_cap209_i013,knapsack01,bin,0.0,2000,GA,26,28.0,0,2000
knapsack01_n40_cap209_i013,knapsack01,bin,0.0,2000,GA,27,31.0,0,2000
knapsack01_n40_cap209_i013,knapsack01,bin,0.0,2000,GA,28,34.0,0,2000
knapsack01_n40_cap209_i013,knapsack01,bin,0.0,2000,GA,29,34.0,0,2000
knapsack01_n40_cap209_i013,knapsack01,bin,0.0,2000,SA,0,267.0,0,2000
knapsack01_n40_cap209_i013,knapsack01,bin,0.0,2000,SA,1,259.0,0,2000
knapsack01_n40_cap209_i013,knapsack01,bin,0.0,2000,SA,2,306.0,0,2000
knapsack01_n40_cap209_i013,knapsack01,bin,0.0,2000,SA,3,233.0,0,2000
knapsack01_n40_cap209_i013,knapsack01,bin,0.0,2000,SA,4,211.0,0,2000
knapsack01_n40_cap209_i013,knapsack01,bin,0.0,2000,SA,5,217.0,0,2000
knapsack01_n40_cap209_i013,knapsack01,bin,0.0,2000,SA,6,189.0,0,2000
knapsack01_n40_cap209_i013,knapsack01,bin,0.0,2000,SA,7,318.0,0,2000
knapsack01_n40_cap209_i013,knapsack01,bin,0.0,2000,SA,8,325.0,0,2000
knapsack01_n40_cap209_i013,knapsack01,bin,0.0,2000,SA,9,224.0,0,2000
knapsack01_n40_cap209_i013,knapsack01,bin,0.0,2000,SA,10,253.0,0,2000
knapsack01_n40_cap209_i013,knapsack01,bin,0.0,2000,SA,11,236.0,0,2000
knapsack01_n40_cap209_i013,knapsack01,bin,0.0,2000,SA,12,206.0,0,2000
knapsack01_n40_cap209_i013,knapsack01,bin,0.0,2000,SA,13,311.0,0,2000
knapsack01_n40_cap209_i013,knapsack01,bin,0.0,2000,SA,14,242.0,0,2000
knapsack01_n40_cap209_i013,knapsack01,bin,0.0,2000,SA,15,265.0,0,2000
knapsack01_n40_cap209_i013,knapsack01,bin,0.0,2000,SA,16,246.0,0,2000
knapsack01_n40_cap209_i013,knapsack01,bin,0.0,2000,SA,17,247.0,0,2000
knapsack01_n40_cap209_i013,knapsack01,bin,0.0,2000,SA,18,181.0,0,2000
knapsack01_n40_cap209_i013,knapsack01,bin,0.0,2000,SA,19,226.0,0,2000
knapsack01_n40_cap209_i013,knapsack01,bin,0.0,2000,SA,20,285.0,0,2000
knapsack01_n40_cap209_i013,knapsack01,bin,0.0,2000,SA,21,203.0,0,2000
knapsack01_n40_cap209_i013,knapsack01,bin,0.0,2000,SA,22,275.0,0,2000
knapsack01_n40_cap209_i013,knapsack01,bin,0.0,2000,SA,23,294.0,0,2000
knapsack01_n40_cap209_i013,knapsack01,bin,0.0,2000,SA,24,251.0,0,2000
knapsack01_n40_cap209_i013,knapsack01,bin,0.0,2000,SA,25,223.0,0,2000
knapsack01_n40_cap209_i013,knapsack01,bin,0.0,2000,SA,26,193.0,0,2000
knapsack01_n40_cap209_i013,knapsack01,bin,0.0,2000,SA,27,279.0,0,2000
knapsack01_n40_cap209_i013,knapsack01,bin,0.0,2000,SA,28,286.0,0,2000
knapsack01_n40_cap209_i013,knapsack01,bin,0.0,2000,SA,29,220.0,0,2000
onemax_n60_i014,onemax,bin,0.0,2000,RS_BIN,0,18.0,0,2000
onemax_n60_i014,onemax,bin,0.0,2000,RS_BIN,1,16.0,0,2000
onemax_n60_i014,onemax,bin,0.0,2000,RS_BIN,2,16.0,0,2000
onemax_n60_i014,onemax,bin,0.0,2000,RS_BIN,3,17.0,0,2000
onemax_n60_i014,onemax,bin,0.0,2000,RS_BIN,4,16.0,0,2000
onemax_n60_i014,onemax,bin,0.0,2000,RS_BIN,5,17.0,0,2000
onemax_n60_i014,onemax,bin,0.0,2000,RS_BIN,6,18.0,0,2000
onemax_n60_i014,onemax,bin,0.0,2000,RS_BIN,7,15.0,0,2000
onemax_n60_i014,onemax,bin,0.0,2000,RS_BIN,8,16.0,0,2000
onemax_n60_i014,onemax,bin,0.0,2000,RS_BIN,9,17.0,0,2000
onemax_n60_i014,onemax,bin,0.0,2000,RS_BIN,10,16.0,0,2000
onemax_n60_i014,onemax,bin,0.0,2000,RS_BIN,11,18.0,0,2000
onemax_n60_i014,onemax,bin,0.0,2000,RS_BIN,12,16.0,0,2000
onemax_n60_i014,onemax,bin,0.0,2000,RS_BIN,13,18.0,0,2000
onemax_n60_i014,onemax,bin,0.0,2000,RS_BIN,14,19.0,0,2000
onemax_n60_i014,onemax,bin,0.0,2000,RS_BIN,15,18.0,0,2000
onemax_n60_i014,onemax,bin,0.0,2000,RS_BIN,16,18.0,0,2000
onemax_n60_i014,onemax,bin,0.0,2000,RS_BIN,17,17.0,0,2000
onemax_n60_i014,onemax,bin,0.0,2000,RS_BIN,18,18.0,0,2000
onemax_n60_i014,onemax,bin,0.0,2000,RS_BIN,19,16.0,0,2000
onemax_n60_i014,onemax,bin,0.0,2000,RS_BIN,20,18.0,0,2000
onemax_n60_i014,onemax,bin,0.0,2000,RS_BIN,21,18.0,0,2000
onemax_n60_i014,onemax,bin,0.0,2000,RS_BIN,22,17.0,0,2000
onemax_n60_i014,onemax,bin,0.0,2000,RS_BIN,23,15.0,0,2000
onemax_n60_i014,onemax,bin,0.0,2000,RS_BIN,24,17.0,0,2000
onemax_n60_i014,onemax,bin,0.0,2000,RS_BIN,25,18.0,0,2000
onemax_n60_i014,onemax,bin,0.0,2000,RS_BIN,26,16.0,0,2000
onemax_n60_i014,onemax,bin,0.0,2000,RS_BIN,27,17.0,0,2000
onemax_n60_i014,onemax,bin,0.0,2000,RS_BIN,28,16.0,0,2000
onemax_n60_i014,onemax,bin,0.0,2000,RS_BIN,29,17.0,0,2000
onemax_n60_i014,onemax,bin,0.0,2000,GA,0,0.0,1,1300
onemax_n60_i014,onemax,bin,0.0,2000,GA,1,0.0,1,1750
onemax_n60_i014,onemax,bin,0.0,2000,GA,2,0.0,1,1700
onemax_n60_i014,onemax,bin,0.0,2000,GA,3,0.0,1,1600
onemax_n60_i014,onemax,bin,0.0,2000,GA,4,0.0,1,1450
onemax_n60_i014,onemax,bin,0.0,2000,GA,5,1.0,0,2000
onemax_n60_i014,onemax,bin,0.0,2000,GA,6,0.0,1,1350
onemax_n60_i014,onemax,bin,0.0,2000,GA,7,0.0,1,1600
onemax_n60_i014,onemax,bin,0.0,2000,GA,8,0.0,1,1500
onemax_n60_i014,onemax,bin,0.0,2000,GA,9,0.0,1,1350
onemax_n60_i014,onemax,bin,0.0,2000,GA,10,1.0,0,2000
onemax_n60_i014,onemax,bin,0.0,2000,GA,11,0.0,1,1500
onemax_n60_i014,onemax,bin,0.0,2000,GA,12,0.0,1,1700
onemax_n60_i014,onemax,bin,0.0,2000,GA,13,1.0,0,2000
onemax_n60_i014,onemax,bin,0.0,2000,GA,14,0.0,1,1850
onemax_n60_i014,onemax,bin,0.0,2000,GA,15,0.0,1,1200
onemax_n60_i014,onemax,bin,0.0,2000,GA,16,0.0,1,1850
onemax_n60_i014,onemax,bin,0.0,2000,GA,17,0.0,1,1850
onemax_n60_i014,onemax,bin,0.0,2000,GA,18,0.0,1,1800
onemax_n60_i014,onemax,bin,0.0,2000,GA,19,0.0,1,1650
onemax_n60_i014,onemax,bin,0.0,2000,GA,20,0.0,1,1700
onemax_n60_i014,onemax,bin,0.0,2000,GA,21,0.0,1,1900
onemax_n60_i014,onemax,bin,0.0,2000,GA,22,0.0,1,1650
onemax_n60_i014,onemax,bin,0.0,2000,GA,23,0.0,1,1750
onemax_n60_i014,onemax,bin,0.0,2000,GA,24,0.0,1,1600
onemax_n60_i014,onemax,bin,0.0,2000,GA,25,0.0,1,1800
onemax_n60_i014,onemax,bin,0.0,2000,GA,26,0.0,1,1500
onemax_n60_i014,onemax,bin,0.0,2000,GA,27,0.0,1,1500
onemax_n60_i014,onemax,bin,0.0,2000,GA,28,0.0,1,1400
onemax_n60_i014,onemax,bin,0.0,2000,GA,29,0.0,1,1850
onemax_n60_i014,onemax,bin,0.0,2000,SA,0,0.0,1,305
onemax_n60_i014,onemax,bin,0.0,2000,SA,1,0.0,1,316
onemax_n60_i014,onemax,bin,0.0,2000,SA,2,0.0,1,439
onemax_n60_i014,onemax,bin,0.0,2000,SA,3,0.0,1,327
onemax_n60_i014,onemax,bin,0.0,2000,SA,4,0.0,1,447
onemax_n60_i014,onemax,bin,0.0,2000,SA,5,0.0,1,349
onemax_n60_i014,onemax,bin,0.0,2000,SA,6,0.0,1,532
onemax_n60_i014,onemax,bin,0.0,2000,SA,7,0.0,1,296
onemax_n60_i014,onemax,bin,0.0,2000,SA,8,0.0,1,503
onemax_n60_i014,onemax,bin,0.0,2000,SA,9,0.0,1,423
onemax_n60_i014,onemax,bin,0.0,2000,SA,10,0.0,1,465
onemax_n60_i014,onemax,bin,0.0,2000,SA,11,0.0,1,369
onemax_n60_i014,onemax,bin,0.0,2000,SA,12,0.0,1,277
onemax_n60_i014,onemax,bin,0.0,2000,SA,13,0.0,1,384
onemax_n60_i014,onemax,bin,0.0,2000,SA,14,0.0,1,299
onemax_n60_i014,onemax,bin,0.0,2000,SA,15,0.0,1,444
onemax_n60_i014,onemax,bin,0.0,2000,SA,16,0.0,1,464
onemax_n60_i014,onemax,bin,0.0,2000,SA,17,0.0,1,398
onemax_n60_i014,onemax,bin,0.0,2000,SA,18,0.0,1,413
onemax_n60_i014,onemax,bin,0.0,2000,SA,19,0.0,1,353
onemax_n60_i014,onemax,bin,0.0,2000,SA,20,0.0,1,373
onemax_n60_i014,onemax,bin,0.0,2000,SA,21,0.0,1,376
onemax_n60_i014,onemax,bin,0.0,2000,SA,22,0.0,1,403
onemax_n60_i014,onemax,bin,0.0,2000,SA,23,0.0,1,388
onemax_n60_i014,onemax,bin,0.0,2000,SA,24,0.0,1,515
onemax_n60_i014,onemax,bin,0.0,2000,SA,25,0.0,1,444
onemax_n60_i014,onemax,bin,0.0,2000,SA,26,0.0,1,518
onemax_n60_i014,onemax,bin,0.0,2000,SA,27,0.0,1,450
onemax_n60_i014,onemax,bin,0.0,2000,SA,28,0.0,1,511
onemax_n60_i014,onemax,bin,0.0,2000,SA,29,0.0,1,440
knapsack01_n40_cap210_i015,knapsack01,bin,0.0,2000,RS_BIN,0,181.0,0,2000
knapsack01_n40_cap210_i015,knapsack01,bin,0.0,2000,RS_BIN,1,227.0,0,2000
knapsack01_n40_cap210_i015,knapsack01,bin,0.0,2000,RS_BIN,2,192.0,0,2000
knapsack01_n40_cap210_i015,knapsack01,bin,0.0,2000,RS_BIN,3,126.0,0,2000
knapsack01_n40_cap210_i015,knapsack01,bin,0.0,2000,RS_BIN,4,126.0,0,2000
knapsack01_n40_cap210_i015,knapsack01,bin,0.0,2000,RS_BIN,5,181.0,0,2000
knapsack01_n40_cap210_i015,knapsack01,bin,0.0,2000,RS_BIN,6,167.0,0,2000
knapsack01_n40_cap210_i015,knapsack01,bin,0.0,2000,RS_BIN,7,172.0,0,2000
knapsack01_n40_cap210_i015,knapsack01,bin,0.0,2000,RS_BIN,8,188.0,0,2000
knapsack01_n40_cap210_i015,knapsack01,bin,0.0,2000,RS_BIN,9,181.0,0,2000
knapsack01_n40_cap210_i015,knapsack01,bin,0.0,2000,RS_BIN,10,98.0,0,2000
knapsack01_n40_cap210_i015,knapsack01,bin,0.0,2000,RS_BIN,11,174.0,0,2000
knapsack01_n40_cap210_i015,knapsack01,bin,0.0,2000,RS_BIN,12,189.0,0,2000
knapsack01_n40_cap210_i015,knapsack01,bin,0.0,2000,RS_BIN,13,183.0,0,2000
knapsack01_n40_cap210_i015,knapsack01,bin,0.0,2000,RS_BIN,14,160.0,0,2000
knapsack01_n40_cap210_i015,knapsack01,bin,0.0,2000,RS_BIN,15,145.0,0,2000
knapsack01_n40_cap210_i015,knapsack01,bin,0.0,2000,RS_BIN,16,167.0,0,2000
knapsack01_n40_cap210_i015,knapsack01,bin,0.0,2000,RS_BIN,17,196.0,0,2000
knapsack01_n40_cap210_i015,knapsack01,bin,0.0,2000,RS_BIN,18,177.0,0,2000
knapsack01_n40_cap210_i015,knapsack01,bin,0.0,2000,RS_BIN,19,218.0,0,2000
knapsack01_n40_cap210_i015,knapsack01,bin,0.0,2000,RS_BIN,20,150.0,0,2000
knapsack01_n40_cap210_i015,knapsack01,bin,0.0,2000,RS_BIN,21,178.0,0,2000
knapsack01_n40_cap210_i015,knapsack01,bin,0.0,2000,RS_BIN,22,161.0,0,2000
knapsack01_n40_cap210_i015,knapsack01,bin,0.0,2000,RS_BIN,23,152.0,0,2000
knapsack01_n40_cap210_i015,knapsack01,bin,0.0,2000,RS_BIN,24,124.0,0,2000
knapsack01_n40_cap210_i015,knapsack01,bin,0.0,2000,RS_BIN,25,205.0,0,2000
knapsack01_n40_cap210_i015,knapsack01,bin,0.0,2000,RS_BIN,26,185.0,0,2000
knapsack01_n40_cap210_i015,knapsack01,bin,0.0,2000,RS_BIN,27,180.0,0,2000
knapsack01_n40_cap210_i015,knapsack01,bin,0.0,2000,RS_BIN,28,190.0,0,2000
knapsack01_n40_cap210_i015,knapsack01,bin,0.0,2000,RS_BIN,29,170.0,0,2000
knapsack01_n40_cap210_i015,knapsack01,bin,0.0,2000,GA,0,13.0,0,2000
knapsack01_n40_cap210_i015,knapsack01,bin,0.0,2000,GA,1,18.0,0,2000
knapsack01_n40_cap210_i015,knapsack01,bin,0.0,2000,GA,2,9.0,0,2000
knapsack01_n40_cap210_i015,knapsack01,bin,0.0,2000,GA,3,36.0,0,2000
knapsack01_n40_cap210_i015,knapsack01,bin,0.0,2000,GA,4,0.0,1,1800
knapsack01_n40_cap210_i015,knapsack01,bin,0.0,2000,GA,5,2.0,0,2000
knapsack01_n40_cap210_i015,knapsack01,bin,0.0,2000,GA,6,0.0,1,1450
knapsack01_n40_cap210_i015,knapsack01,bin,0.0,2000,GA,7,32.0,0,2000
knapsack01_n40_cap210_i015,knapsack01,bin,0.0,2000,GA,8,18.0,0,2000
knapsack01_n40_cap210_i015,knapsack01,bin,0.0,2000,GA,9,1.0,0,2000
knapsack01_n40_cap210_i015,knapsack01,bin,0.0,2000,GA,10,18.0,0,2000
knapsack01_n40_cap210_i015,knapsack01,bin,0.0,2000,GA,11,44.0,0,2000
knapsack01_n40_cap210_i015,knapsack01,bin,0.0,2000,GA,12,8.0,0,2000
knapsack01_n40_cap210_i015,knapsack01,bin,0.0,2000,GA,13,2.0,0,2000
knapsack01_n40_cap210_i015,knapsack01,bin,0.0,2000,GA,14,19.0,0,2000
knapsack01_n40_cap210_i015,knapsack01,bin,0.0,2000,GA,15,2.0,0,2000
knapsack01_n40_cap210_i015,knapsack01,bin,0.0,2000,GA,16,7.0,0,2000
knapsack01_n40_cap210_i015,knapsack01,bin,0.0,2000,GA,17,7.0,0,2000
knapsack01_n40_cap210_i015,knapsack01,bin,0.0,2000,GA,18,6.0,0,2000
knapsack01_n40_cap210_i015,knapsack01,bin,0.0,2000,GA,19,1.0,0,2000
knapsack01_n40_cap210_i015,knapsack01,bin,0.0,2000,GA,20,7.0,0,2000
knapsack01_n40_cap210_i015,knapsack01,bin,0.0,2000,GA,21,0.0,1,1700
knapsack01_n40_cap210_i015,knapsack01,bin,0.0,2000,GA,22,2.0,0,2000
knapsack01_n40_cap210_i015,knapsack01,bin,0.0,2000,GA,23,25.0,0,2000
knapsack01_n40_cap210_i015,knapsack01,bin,0.0,2000,GA,24,7.0,0,2000
knapsack01_n40_cap210_i015,knapsack01,bin,0.0,2000,GA,25,1.0,0,2000
knapsack01_n40_cap210_i015,knapsack01,bin,0.0,2000,GA,26,1.0,0,2000
knapsack01_n40_cap210_i015,knapsack01,bin,0.0,2000,GA,27,14.0,0,2000
knapsack01_n40_cap210_i015,knapsack01,bin,0.0,2000,GA,28,7.0,0,2000
knapsack01_n40_cap210_i015,knapsack01,bin,0.0,2000,GA,29,22.0,0,2000
knapsack01_n40_cap210_i015,knapsack01,bin,0.0,2000,SA,0,328.0,0,2000
knapsack01_n40_cap210_i015,knapsack01,bin,0.0,2000,SA,1,326.0,0,2000
knapsack01_n40_cap210_i015,knapsack01,bin,0.0,2000,SA,2,298.0,0,2000
knapsack01_n40_cap210_i015,knapsack01,bin,0.0,2000,SA,3,253.0,0,2000
knapsack01_n40_cap210_i015,knapsack01,bin,0.0,2000,SA,4,169.0,0,2000
knapsack01_n40_cap210_i015,knapsack01,bin,0.0,2000,SA,5,321.0,0,2000
knapsack01_n40_cap210_i015,knapsack01,bin,0.0,2000,SA,6,183.0,0,2000
knapsack01_n40_cap210_i015,knapsack01,bin,0.0,2000,SA,7,413.0,0,2000
knapsack01_n40_cap210_i015,knapsack01,bin,0.0,2000,SA,8,261.0,0,2000
knapsack01_n40_cap210_i015,knapsack01,bin,0.0,2000,SA,9,305.0,0,2000
knapsack01_n40_cap210_i015,knapsack01,bin,0.0,2000,SA,10,212.0,0,2000
knapsack01_n40_cap210_i015,knapsack01,bin,0.0,2000,SA,11,347.0,0,2000
knapsack01_n40_cap210_i015,knapsack01,bin,0.0,2000,SA,12,280.0,0,2000
knapsack01_n40_cap210_i015,knapsack01,bin,0.0,2000,SA,13,315.0,0,2000
knapsack01_n40_cap210_i015,knapsack01,bin,0.0,2000,SA,14,305.0,0,2000
knapsack01_n40_cap210_i015,knapsack01,bin,0.0,2000,SA,15,304.0,0,2000
knapsack01_n40_cap210_i015,knapsack01,bin,0.0,2000,SA,16,248.0,0,2000
knapsack01_n40_cap210_i015,knapsack01,bin,0.0,2000,SA,17,181.0,0,2000
knapsack01_n40_cap210_i015,knapsack01,bin,0.0,2000,SA,18,237.0,0,2000
knapsack01_n40_cap210_i015,knapsack01,bin,0.0,2000,SA,19,372.0,0,2000
knapsack01_n40_cap210_i015,knapsack01,bin,0.0,2000,SA,20,296.0,0,2000
knapsack01_n40_cap210_i015,knapsack01,bin,0.0,2000,SA,21,267.0,0,2000
knapsack01_n40_cap210_i015,knapsack01,bin,0.0,2000,SA,22,241.0,0,2000
knapsack01_n40_cap210_i015,knapsack01,bin,0.0,2000,SA,23,352.0,0,2000
knapsack01_n40_cap210_i015,knapsack01,bin,0.0,2000,SA,24,262.0,0,2000
knapsack01_n40_cap210_i015,knapsack01,bin,0.0,2000,SA,25,261.0,0,2000
knapsack01_n40_cap210_i015,knapsack01,bin,0.0,2000,SA,26,224.0,0,2000
knapsack01_n40_cap210_i015,knapsack01,bin,0.0,2000,SA,27,347.0,0,2000
knapsack01_n40_cap210_i015,knapsack01,bin,0.0,2000,SA,28,316.0,0,2000
knapsack01_n40_cap210_i015,knapsack01,bin,0.0,2000,SA,29,270.0,0,2000
onemax_n60_i016,onemax,bin,0.0,2000,RS_BIN,0,19.0,0,2000
onemax_n60_i016,onemax,bin,0.0,2000,RS_BIN,1,19.0,0,2000
onemax_n60_i016,onemax,bin,0.0,2000,RS_BIN,2,16.0,0,2000
onemax_n60_i016,onemax,bin,0.0,2000,RS_BIN,3,14.0,0,2000
onemax_n60_i016,onemax,bin,0.0,2000,RS_BIN,4,16.0,0,2000
onemax_n60_i016,onemax,bin,0.0,2000,RS_BIN,5,17.0,0,2000
onemax_n60_i016,onemax,bin,0.0,2000,RS_BIN,6,17.0,0,2000
onemax_n60_i016,onemax,bin,0.0,2000,RS_BIN,7,18.0,0,2000
onemax_n60_i016,onemax,bin,0.0,2000,RS_BIN,8,16.0,0,2000
onemax_n60_i016,onemax,bin,0.0,2000,RS_BIN,9,17.0,0,2000
onemax_n60_i016,onemax,bin,0.0,2000,RS_BIN,10,18.0,0,2000
onemax_n60_i016,onemax,bin,0.0,2000,RS_BIN,11,16.0,0,2000
onemax_n60_i016,onemax,bin,0.0,2000,RS_BIN,12,18.0,0,2000
onemax_n60_i016,onemax,bin,0.0,2000,RS_BIN,13,18.0,0,2000
onemax_n60_i016,onemax,bin,0.0,2000,RS_BIN,14,18.0,0,2000
onemax_n60_i016,onemax,bin,0.0,2000,RS_BIN,15,18.0,0,2000
onemax_n60_i016,onemax,bin,0.0,2000,RS_BIN,16,16.0,0,2000
onemax_n60_i016,onemax,bin,0.0,2000,RS_BIN,17,16.0,0,2000
onemax_n60_i016,onemax,bin,0.0,2000,RS_BIN,18,13.0,0,2000
onemax_n60_i016,onemax,bin,0.0,2000,RS_BIN,19,17.0,0,2000
onemax_n60_i016,onemax,bin,0.0,2000,RS_BIN,20,18.0,0,2000
onemax_n60_i016,onemax,bin,0.0,2000,RS_BIN,21,18.0,0,2000
onemax_n60_i016,onemax,bin,0.0,2000,RS_BIN,22,18.0,0,2000
onemax_n60_i016,onemax,bin,0.0,2000,RS_BIN,23,17.0,0,2000
onemax_n60_i016,onemax,bin,0.0,2000,RS_BIN,24,17.0,0,2000
onemax_n60_i016,onemax,bin,0.0,2000,RS_BIN,25,18.0,0,2000
onemax_n60_i016,onemax,bin,0.0,2000,RS_BIN,26,17.0,0,2000
onemax_n60_i016,onemax,bin,0.0,2000,RS_BIN,27,18.0,0,2000
onemax_n60_i016,onemax,bin,0.0,2000,RS_BIN,28,17.0,0,2000
onemax_n60_i016,onemax,bin,0.0,2000,RS_BIN,29,16.0,0,2000
onemax_n60_i016,onemax,bin,0.0,2000,GA,0,0.0,1,1250
onemax_n60_i016,onemax,bin,0.0,2000,GA,1,0.0,1,1250
onemax_n60_i016,onemax,bin,0.0,2000,GA,2,0.0,1,2000
onemax_n60_i016,onemax,bin,0.0,2000,GA,3,0.0,1,1450
onemax_n60_i016,onemax,bin,0.0,2000,GA,4,0.0,1,1850
onemax_n60_i016,onemax,bin,0.0,2000,GA,5,0.0,1,1750
onemax_n60_i016,onemax,bin,0.0,2000,GA,6,0.0,1,1400
onemax_n60_i016,onemax,bin,0.0,2000,GA,7,0.0,1,1500
onemax_n60_i016,onemax,bin,0.0,2000,GA,8,0.0,1,1750
onemax_n60_i016,onemax,bin,0.0,2000,GA,9,0.0,1,1450
onemax_n60_i016,onemax,bin,0.0,2000,GA,10,0.0,1,1400
onemax_n60_i016,onemax,bin,0.0,2000,GA,11,0.0,1,1400
onemax_n60_i016,onemax,bin,0.0,2000,GA,12,1.0,0,2000
onemax_n60_i016,onemax,bin,0.0,2000,GA,13,0.0,1,1500
onemax_n60_i016,onemax,bin,0.0,2000,GA,14,0.0,1,1300
onemax_n60_i016,onemax,bin,0.0,2000,GA,15,0.0,1,1500
onemax_n60_i016,onemax,bin,0.0,2000,GA,16,0.0,1,1750
onemax_n60_i016,onemax,bin,0.0,2000,GA,17,0.0,1,1650
onemax_n60_i016,onemax,bin,0.0,2000,GA,18,0.0,1,1850
onemax_n60_i016,onemax,bin,0.0,2000,GA,19,0.0,1,1700
onemax_n60_i016,onemax,bin,0.0,2000,GA,20,0.0,1,1550
onemax_n60_i016,onemax,bin,0.0,2000,GA,21,0.0,1,1550
onemax_n60_i016,onemax,bin,0.0,2000,GA,22,0.0,1,1750
onemax_n60_i016,onemax,bin,0.0,2000,GA,23,0.0,1,1400
onemax_n60_i016,onemax,bin,0.0,2000,GA,24,0.0,1,1350
onemax_n60_i016,onemax,bin,0.0,2000,GA,25,0.0,1,1950
onemax_n60_i016,onemax,bin,0.0,2000,GA,26,0.0,1,1600
onemax_n60_i016,onemax,bin,0.0,2000,GA,27,0.0,1,1650
onemax_n60_i016,onemax,bin,0.0,2000,GA,28,0.0,1,1850
onemax_n60_i016,onemax,bin,0.0,2000,GA,29,0.0,1,1400
onemax_n60_i016,onemax,bin,0.0,2000,SA,0,0.0,1,383
onemax_n60_i016,onemax,bin,0.0,2000,SA,1,0.0,1,361
onemax_n60_i016,onemax,bin,0.0,2000,SA,2,0.0,1,343
onemax_n60_i016,onemax,bin,0.0,2000,SA,3,0.0,1,338
onemax_n60_i016,onemax,bin,0.0,2000,SA,4,0.0,1,381
onemax_n60_i016,onemax,bin,0.0,2000,SA,5,0.0,1,415
onemax_n60_i016,onemax,bin,0.0,2000,SA,6,0.0,1,377
onemax_n60_i016,onemax,bin,0.0,2000,SA,7,0.0,1,330
onemax_n60_i016,onemax,bin,0.0,2000,SA,8,0.0,1,510
onemax_n60_i016,onemax,bin,0.0,2000,SA,9,0.0,1,359
onemax_n60_i016,onemax,bin,0.0,2000,SA,10,0.0,1,364
onemax_n60_i016,onemax,bin,0.0,2000,SA,11,0.0,1,474
onemax_n60_i016,onemax,bin,0.0,2000,SA,12,0.0,1,312
onemax_n60_i016,onemax,bin,0.0,2000,SA,13,0.0,1,379
onemax_n60_i016,onemax,bin,0.0,2000,SA,14,0.0,1,461
onemax_n60_i016,onemax,bin,0.0,2000,SA,15,0.0,1,453
onemax_n60_i016,onemax,bin,0.0,2000,SA,16,0.0,1,363
onemax_n60_i016,onemax,bin,0.0,2000,SA,17,0.0,1,277
onemax_n60_i016,onemax,bin,0.0,2000,SA,18,0.0,1,429
onemax_n60_i016,onemax,bin,0.0,2000,SA,19,0.0,1,331
onemax_n60_i016,onemax,bin,0.0,2000,SA,20,0.0,1,415
onemax_n60_i016,onemax,bin,0.0,2000,SA,21,0.0,1,230
onemax_n60_i016,onemax,bin,0.0,2000,SA,22,0.0,1,329
onemax_n60_i016,onemax,bin,0.0,2000,SA,23,0.0,1,401
onemax_n60_i016,onemax,bin,0.0,2000,SA,24,0.0,1,457
onemax_n60_i016,onemax,bin,0.0,2000,SA,25,0.0,1,367
onemax_n60_i016,onemax,bin,0.0,2000,SA,26,0.0,1,432
onemax_n60_i016,onemax,bin,0.0,2000,SA,27,0.0,1,344
onemax_n60_i016,onemax,bin,0.0,2000,SA,28,0.0,1,373
onemax_n60_i016,onemax,bin,0.0,2000,SA,29,0.0,1,302
knapsack01_n40_cap199_i017,knapsack01,bin,0.0,2000,RS_BIN,0,127.0,0,2000
knapsack01_n40_cap199_i017,knapsack01,bin,0.0,2000,RS_BIN,1,183.0,0,2000
knapsack01_n40_cap199_i017,knapsack01,bin,0.0,2000,RS_BIN,2,167.0,0,2000
knapsack01_n40_cap199_i017,knapsack01,bin,0.0,2000,RS_BIN,3,94.0,0,2000
knapsack01_n40_cap199_i017,knapsack01,bin,0.0,2000,RS_BIN,4,138.0,0,2000
knapsack01_n40_cap199_i017,knapsack01,bin,0.0,2000,RS_BIN,5,157.0,0,2000
knapsack01_n40_cap199_i017,knapsack01,bin,0.0,2000,RS_BIN,6,162.0,0,2000
knapsack01_n40_cap199_i017,knapsack01,bin,0.0,2000,RS_BIN,7,131.0,0,2000
knapsack01_n40_cap199_i017,knapsack01,bin,0.0,2000,RS_BIN,8,147.0,0,2000
knapsack01_n40_cap199_i017,knapsack01,bin,0.0,2000,RS_BIN,9,144.0,0,2000
knapsack01_n40_cap199_i017,knapsack01,bin,0.0,2000,RS_BIN,10,151.0,0,2000
knapsack01_n40_cap199_i017,knapsack01,bin,0.0,2000,RS_BIN,11,124.0,0,2000
knapsack01_n40_cap199_i017,knapsack01,bin,0.0,2000,RS_BIN,12,137.0,0,2000
knapsack01_n40_cap199_i017,knapsack01,bin,0.0,2000,RS_BIN,13,116.0,0,2000
knapsack01_n40_cap199_i017,knapsack01,bin,0.0,2000,RS_BIN,14,142.0,0,2000
knapsack01_n40_cap199_i017,knapsack01,bin,0.0,2000,RS_BIN,15,164.0,0,2000
knapsack01_n40_cap199_i017,knapsack01,bin,0.0,2000,RS_BIN,16,132.0,0,2000
knapsack01_n40_cap199_i017,knapsack01,bin,0.0,2000,RS_BIN,17,135.0,0,2000
knapsack01_n40_cap199_i017,knapsack01,bin,0.0,2000,RS_BIN,18,161.0,0,2000
knapsack01_n40_cap199_i017,knapsack01,bin,0.0,2000,RS_BIN,19,120.0,0,2000
knapsack01_n40_cap199_i017,knapsack01,bin,0.0,2000,RS_BIN,20,117.0,0,2000
knapsack01_n40_cap199_i017,knapsack01,bin,0.0,2000,RS_BIN,21,165.0,0,2000
knapsack01_n40_cap199_i017,knapsack01,bin,0.0,2000,RS_BIN,22,143.0,0,2000
knapsack01_n40_cap199_i017,knapsack01,bin,0.0,2000,RS_BIN,23,129.0,0,2000
knapsack01_n40_cap199_i017,knapsack01,bin,0.0,2000,RS_BIN,24,127.0,0,2000
knapsack01_n40_cap199_i017,knapsack01,bin,0.0,2000,RS_BIN,25,161.0,0,2000
knapsack01_n40_cap199_i017,knapsack01,bin,0.0,2000,RS_BIN,26,154.0,0,2000
knapsack01_n40_cap199_i017,knapsack01,bin,0.0,2000,RS_BIN,27,133.0,0,2000
knapsack01_n40_cap199_i017,knapsack01,bin,0.0,2000,RS_BIN,28,126.0,0,2000
knapsack01_n40_cap199_i017,knapsack01,bin,0.0,2000,RS_BIN,29,76.0,0,2000
knapsack01_n40_cap199_i017,knapsack01,bin,0.0,2000,GA,0,24.0,0,2000
knapsack01_n40_cap199_i017,knapsack01,bin,0.0,2000,GA,1,32.0,0,2000
knapsack01_n40_cap199_i017,knapsack01,bin,0.0,2000,GA,2,38.0,0,2000
knapsack01_n40_cap199_i017,knapsack01,bin,0.0,2000,GA,3,33.0,0,2000
knapsack01_n40_cap199_i017,knapsack01,bin,0.0,2000,GA,4,27.0,0,2000
knapsack01_n40_cap199_i017,knapsack01,bin,0.0,2000,GA,5,28.0,0,2000
knapsack01_n40_cap199_i017,knapsack01,bin,0.0,2000,GA,6,29.0,0,2000
knapsack01_n40_cap199_i017,knapsack01,bin,0.0,2000,GA,7,23.0,0,2000
knapsack01_n40_cap199_i017,knapsack01,bin,0.0,2000,GA,8,16.0,0,2000
knapsack01_n40_cap199_i017,knapsack01,bin,0.0,2000,GA,9,31.0,0,2000
knapsack01_n40_cap199_i017,knapsack01,bin,0.0,2000,GA,10,15.0,0,2000
knapsack01_n40_cap199_i017,knapsack01,bin,0.0,2000,GA,11,33.0,0,2000
knapsack01_n40_cap199_i017,knapsack01,bin,0.0,2000,GA,12,21.0,0,2000
knapsack01_n40_cap199_i017,knapsack01,bin,0.0,2000,GA,13,48.0,0,2000
knapsack01_n40_cap199_i017,knapsack01,bin,0.0,2000,GA,14,33.0,0,2000
knapsack01_n40_cap199_i017,knapsack01,bin,0.0,2000,GA,15,23.0,0,2000
knapsack01_n40_cap199_i017,knapsack01,bin,0.0,2000,GA,16,19.0,0,2000
knapsack01_n40_cap199_i017,knapsack01,bin,0.0,2000,GA,17,25.0,0,2000
knapsack01_n40_cap199_i017,knapsack01,bin,0.0,2000,GA,18,23.0,0,2000
knapsack01_n40_cap199_i017,knapsack01,bin,0.0,2000,GA,19,14.0,0,2000
knapsack01_n40_cap199_i017,knapsack01,bin,0.0,2000,GA,20,46.0,0,2000
knapsack01_n40_cap199_i017,knapsack01,bin,0.0,2000,GA,21,17.0,0,2000
knapsack01_n40_cap199_i017,knapsack01,bin,0.0,2000,GA,22,16.0,0,2000
knapsack01_n40_cap199_i017,knapsack01,bin,0.0,2000,GA,23,29.0,0,2000
knapsack01_n40_cap199_i017,knapsack01,bin,0.0,2000,GA,24,19.0,0,2000
knapsack01_n40_cap199_i017,knapsack01,bin,0.0,2000,GA,25,27.0,0,2000
knapsack01_n40_cap199_i017,knapsack01,bin,0.0,2000,GA,26,9.0,0,2000
knapsack01_n40_cap199_i017,knapsack01,bin,0.0,2000,GA,27,25.0,0,2000
knapsack01_n40_cap199_i017,knapsack01,bin,0.0,2000,GA,28,13.0,0,2000
knapsack01_n40_cap199_i017,knapsack01,bin,0.0,2000,GA,29,11.0,0,2000
knapsack01_n40_cap199_i017,knapsack01,bin,0.0,2000,SA,0,249.0,0,2000
knapsack01_n40_cap199_i017,knapsack01,bin,0.0,2000,SA,1,290.0,0,2000
knapsack01_n40_cap199_i017,knapsack01,bin,0.0,2000,SA,2,281.0,0,2000
knapsack01_n40_cap199_i017,knapsack01,bin,0.0,2000,SA,3,267.0,0,2000
knapsack01_n40_cap199_i017,knapsack01,bin,0.0,2000,SA,4,256.0,0,2000
knapsack01_n40_cap199_i017,knapsack01,bin,0.0,2000,SA,5,268.0,0,2000
knapsack01_n40_cap199_i017,knapsack01,bin,0.0,2000,SA,6,209.0,0,2000
knapsack01_n40_cap199_i017,knapsack01,bin,0.0,2000,SA,7,295.0,0,2000
knapsack01_n40_cap199_i017,knapsack01,bin,0.0,2000,SA,8,274.0,0,2000
knapsack01_n40_cap199_i017,knapsack01,bin,0.0,2000,SA,9,239.0,0,2000
knapsack01_n40_cap199_i017,knapsack01,bin,0.0,2000,SA,10,143.0,0,2000
knapsack01_n40_cap199_i017,knapsack01,bin,0.0,2000,SA,11,310.0,0,2000
knapsack01_n40_cap199_i017,knapsack01,bin,0.0,2000,SA,12,290.0,0,2000
knapsack01_n40_cap199_i017,knapsack01,bin,0.0,2000,SA,13,357.0,0,2000
knapsack01_n40_cap199_i017,knapsack01,bin,0.0,2000,SA,14,315.0,0,2000
knapsack01_n40_cap199_i017,knapsack01,bin,0.0,2000,SA,15,113.0,0,2000
knapsack01_n40_cap199_i017,knapsack01,bin,0.0,2000,SA,16,312.0,0,2000
knapsack01_n40_cap199_i017,knapsack01,bin,0.0,2000,SA,17,294.0,0,2000
knapsack01_n40_cap199_i017,knapsack01,bin,0.0,2000,SA,18,206.0,0,2000
knapsack01_n40_cap199_i017,knapsack01,bin,0.0,2000,SA,19,230.0,0,2000
knapsack01_n40_cap199_i017,knapsack01,bin,0.0,2000,SA,20,191.0,0,2000
knapsack01_n40_cap199_i017,knapsack01,bin,0.0,2000,SA,21,186.0,0,2000
knapsack01_n40_cap199_i017,knapsack01,bin,0.0,2000,SA,22,275.0,0,2000
knapsack01_n40_cap199_i017,knapsack01,bin,0.0,2000,SA,23,198.0,0,2000
knapsack01_n40_cap199_i017,knapsack01,bin,0.0,2000,SA,24,188.0,0,2000
knapsack01_n40_cap199_i017,knapsack01,bin,0.0,2000,SA,25,303.0,0,2000
knapsack01_n40_cap199_i017,knapsack01,bin,0.0,2000,SA,26,165.0,0,2000
knapsack01_n40_cap199_i017,knapsack01,bin,0.0,2000,SA,27,324.0,0,2000
knapsack01_n40_cap199_i017,knapsack01,bin,0.0,2000,SA,28,268.0,0,2000
knapsack01_n40_cap199_i017,knapsack01,bin,0.0,2000,SA,29,255.0,0,2000
onemax_n60_i018,onemax,bin,0.0,2000,RS_BIN,0,14.0,0,2000
onemax_n60_i018,onemax,bin,0.0,2000,RS_BIN,1,16.0,0,2000
onemax_n60_i018,onemax,bin,0.0,2000,RS_BIN,2,16.0,0,2000
onemax_n60_i018,onemax,bin,0.0,2000,RS_BIN,3,16.0,0,2000
onemax_n60_i018,onemax,bin,0.0,2000,RS_BIN,4,15.0,0,2000
onemax_n60_i018,onemax,bin,0.0,2000,RS_BIN,5,16.0,0,2000
onemax_n60_i018,onemax,bin,0.0,2000,RS_BIN,6,19.0,0,2000
onemax_n60_i018,onemax,bin,0.0,2000,RS_BIN,7,17.0,0,2000
onemax_n60_i018,onemax,bin,0.0,2000,RS_BIN,8,16.0,0,2000
onemax_n60_i018,onemax,bin,0.0,2000,RS_BIN,9,18.0,0,2000
onemax_n60_i018,onemax,bin,0.0,2000,RS_BIN,10,16.0,0,2000
onemax_n60_i018,onemax,bin,0.0,2000,RS_BIN,11,17.0,0,2000
onemax_n60_i018,onemax,bin,0.0,2000,RS_BIN,12,16.0,0,2000
onemax_n60_i018,onemax,bin,0.0,2000,RS_BIN,13,17.0,0,2000
onemax_n60_i018,onemax,bin,0.0,2000,RS_BIN,14,17.0,0,2000
onemax_n60_i018,onemax,bin,0.0,2000,RS_BIN,15,17.0,0,2000
onemax_n60_i018,onemax,bin,0.0,2000,RS_BIN,16,18.0,0,2000
onemax_n60_i018,onemax,bin,0.0,2000,RS_BIN,17,16.0,0,2000
onemax_n60_i018,onemax,bin,0.0,2000,RS_BIN,18,17.0,0,2000
onemax_n60_i018,onemax,bin,0.0,2000,RS_BIN,19,18.0,0,2000
onemax_n60_i018,onemax,bin,0.0,2000,RS_BIN,20,17.0,0,2000
onemax_n60_i018,onemax,bin,0.0,2000,RS_BIN,21,18.0,0,2000
onemax_n60_i018,onemax,bin,0.0,2000,RS_BIN,22,18.0,0,2000
onemax_n60_i018,onemax,bin,0.0,2000,RS_BIN,23,17.0,0,2000
onemax_n60_i018,onemax,bin,0.0,2000,RS_BIN,24,15.0,0,2000
onemax_n60_i018,onemax,bin,0.0,2000,RS_BIN,25,17.0,0,2000
onemax_n60_i018,onemax,bin,0.0,2000,RS_BIN,26,18.0,0,2000
onemax_n60_i018,onemax,bin,0.0,2000,RS_BIN,27,18.0,0,2000
onemax_n60_i018,onemax,bin,0.0,2000,RS_BIN,28,16.0,0,2000
onemax_n60_i018,onemax,bin,0.0,2000,RS_BIN,29,16.0,0,2000
onemax_n60_i018,onemax,bin,0.0,2000,GA,0,0.0,1,1650
onemax_n60_i018,onemax,bin,0.0,2000,GA,1,0.0,1,1950
onemax_n60_i018,onemax,bin,0.0,2000,GA,2,0.0,1,1700
onemax_n60_i018,onemax,bin,0.0,2000,GA,3,1.0,0,2000
onemax_n60_i018,onemax,bin,0.0,2000,GA,4,1.0,0,2000
onemax_n60_i018,onemax,bin,0.0,2000,GA,5,1.0,0,2000
onemax_n60_i018,onemax,bin,0.0,2000,GA,6,0.0,1,1500
onemax_n60_i018,onemax,bin,0.0,2000,GA,7,0.0,1,1750
onemax_n60_i018,onemax,bin,0.0,2000,GA,8,0.0,1,1300
onemax_n60_i018,onemax,bin,0.0,2000,GA,9,0.0,1,1500
onemax_n60_i018,onemax,bin,0.0,2000,GA,10,0.0,1,1800
onemax_n60_i018,onemax,bin,0.0,2000,GA,11,0.0,1,1300
onemax_n60_i018,onemax,bin,0.0,2000,GA,12,1.0,0,2000
onemax_n60_i018,onemax,bin,0.0,2000,GA,13,0.0,1,1300
onemax_n60_i018,onemax,bin,0.0,2000,GA,14,1.0,0,2000
onemax_n60_i018,onemax,bin,0.0,2000,GA,15,0.0,1,1800
onemax_n60_i018,onemax,bin,0.0,2000,GA,16,1.0,0,2000
onemax_n60_i018,onemax,bin,0.0,2000,GA,17,0.0,1,1700
onemax_n60_i018,onemax,bin,0.0,2000,GA,18,0.0,1,1100
onemax_n60_i018,onemax,bin,0.0,2000,GA,19,0.0,1,1100
onemax_n60_i018,onemax,bin,0.0,2000,GA,20,0.0,1,1550
onemax_n60_i018,onemax,bin,0.0,2000,GA,21,0.0,1,1650
onemax_n60_i018,onemax,bin,0.0,2000,GA,22,0.0,1,1700
onemax_n60_i018,onemax,bin,0.0,2000,GA,23,0.0,1,1400
onemax_n60_i018,onemax,bin,0.0,2000,GA,24,0.0,1,1750
onemax_n60_i018,onemax,bin,0.0,2000,GA,25,0.0,1,1600
onemax_n60_i018,onemax,bin,0.0,2000,GA,26,0.0,1,1400
onemax_n60_i018,onemax,bin,0.0,2000,GA,27,0.0,1,1500
onemax_n60_i018,onemax,bin,0.0,2000,GA,28,0.0,1,1300
onemax_n60_i018,onemax,bin,0.0,2000,GA,29,0.0,1,1650
onemax_n60_i018,onemax,bin,0.0,2000,SA,0,0.0,1,303
onemax_n60_i018,onemax,bin,0.0,2000,SA,1,0.0,1,528
onemax_n60_i018,onemax,bin,0.0,2000,SA,2,0.0,1,404
onemax_n60_i018,onemax,bin,0.0,2000,SA,3,0.0,1,433
onemax_n60_i018,onemax,bin,0.0,2000,SA,4,0.0,1,261
onemax_n60_i018,onemax,bin,0.0,2000,SA,5,0.0,1,405
onemax_n60_i018,onemax,bin,0.0,2000,SA,6,0.0,1,519
onemax_n60_i018,onemax,bin,0.0,2000,SA,7,0.0,1,614
onemax_n60_i018,onemax,bin,0.0,2000,SA,8,0.0,1,336
onemax_n60_i018,onemax,bin,0.0,2000,SA,9,0.0,1,448
onemax_n60_i018,onemax,bin,0.0,2000,SA,10,0.0,1,365
onemax_n60_i018,onemax,bin,0.0,2000,SA,11,0.0,1,525
onemax_n60_i018,onemax,bin,0.0,2000,SA,12,0.0,1,326
onemax_n60_i018,onemax,bin,0.0,2000,SA,13,0.0,1,317
onemax_n60_i018,onemax,bin,0.0,2000,SA,14,0.0,1,366
onemax_n60_i018,onemax,bin,0.0,2000,SA,15,0.0,1,309
onemax_n60_i018,onemax,bin,0.0,2000,SA,16,0.0,1,271
onemax_n60_i018,onemax,bin,0.0,2000,SA,17,0.0,1,427
onemax_n60_i018,onemax,bin,0.0,2000,SA,18,0.0,1,330
onemax_n60_i018,onemax,bin,0.0,2000,SA,19,0.0,1,466
onemax_n60_i018,onemax,bin,0.0,2000,SA,20,0.0,1,394
onemax_n60_i018,onemax,bin,0.0,2000,SA,21,0.0,1,274
onemax_n60_i018,onemax,bin,0.0,2000,SA,22,0.0,1,451
onemax_n60_i018,onemax,bin,0.0,2000,SA,23,0.0,1,540
onemax_n60_i018,onemax,bin,0.0,2000,SA,24,0.0,1,342
onemax_n60_i018,onemax,bin,0.0,2000,SA,25,0.0,1,318
onemax_n60_i018,onemax,bin,0.0,2000,SA,26,0.0,1,241
onemax_n60_i018,onemax,bin,0.0,2000,SA,27,0.0,1,355
onemax_n60_i018,onemax,bin,0.0,2000,SA,28,0.0,1,283
onemax_n60_i018,onemax,bin,0.0,2000,SA,29,0.0,1,504
knapsack01_n40_cap195_i019,knapsack01,bin,0.0,2000,RS_BIN,0,157.0,0,2000
knapsack01_n40_cap195_i019,knapsack01,bin,0.0,2000,RS_BIN,1,167.0,0,2000
knapsack01_n40_cap195_i019,knapsack01,bin,0.0,2000,RS_BIN,2,174.0,0,2000
knapsack01_n40_cap195_i019,knapsack01,bin,0.0,2000,RS_BIN,3,164.0,0,2000
knapsack01_n40_cap195_i019,knapsack01,bin,0.0,2000,RS_BIN,4,170.0,0,2000
knapsack01_n40_cap195_i019,knapsack01,bin,0.0,2000,RS_BIN,5,192.0,0,2000
knapsack01_n40_cap195_i019,knapsack01,bin,0.0,2000,RS_BIN,6,121.0,0,2000
knapsack01_n40_cap195_i019,knapsack01,bin,0.0,2000,RS_BIN,7,148.0,0,2000
knapsack01_n40_cap195_i019,knapsack01,bin,0.0,2000,RS_BIN,8,137.0,0,2000
knapsack01_n40_cap195_i019,knapsack01,bin,0.0,2000,RS_BIN,9,159.0,0,2000
knapsack01_n40_cap195_i019,knapsack01,bin,0.0,2000,RS_BIN,10,139.0,0,2000
knapsack01_n40_cap195_i019,knapsack01,bin,0.0,2000,RS_BIN,11,117.0,0,2000
knapsack01_n40_cap195_i019,knapsack01,bin,0.0,2000,RS_BIN,12,144.0,0,2000
knapsack01_n40_cap195_i019,knapsack01,bin,0.0,2000,RS_BIN,13,215.0,0,2000
knapsack01_n40_cap195_i019,knapsack01,bin,0.0,2000,RS_BIN,14,175.0,0,2000
knapsack01_n40_cap195_i019,knapsack01,bin,0.0,2000,RS_BIN,15,116.0,0,2000
knapsack01_n40_cap195_i019,knapsack01,bin,0.0,2000,RS_BIN,16,165.0,0,2000
knapsack01_n40_cap195_i019,knapsack01,bin,0.0,2000,RS_BIN,17,181.0,0,2000
knapsack01_n40_cap195_i019,knapsack01,bin,0.0,2000,RS_BIN,18,116.0,0,2000
knapsack01_n40_cap195_i019,knapsack01,bin,0.0,2000,RS_BIN,19,130.0,0,2000
knapsack01_n40_cap195_i019,knapsack01,bin,0.0,2000,RS_BIN,20,178.0,0,2000
knapsack01_n40_cap195_i019,knapsack01,bin,0.0,2000,RS_BIN,21,186.0,0,2000
knapsack01_n40_cap195_i019,knapsack01,bin,0.0,2000,RS_BIN,22,135.0,0,2000
knapsack01_n40_cap195_i019,knapsack01,bin,0.0,2000,RS_BIN,23,163.0,0,2000
knapsack01_n40_cap195_i019,knapsack01,bin,0.0,2000,RS_BIN,24,188.0,0,2000
knapsack01_n40_cap195_i019,knapsack01,bin,0.0,2000,RS_BIN,25,191.0,0,2000
knapsack01_n40_cap195_i019,knapsack01,bin,0.0,2000,RS_BIN,26,167.0,0,2000
knapsack01_n40_cap195_i019,knapsack01,bin,0.0,2000,RS_BIN,27,112.0,0,2000
knapsack01_n40_cap195_i019,knapsack01,bin,0.0,2000,RS_BIN,28,182.0,0,2000
knapsack01_n40_cap195_i019,knapsack01,bin,0.0,2000,RS_BIN,29,150.0,0,2000
knapsack01_n40_cap195_i019,knapsack01,bin,0.0,2000,GA,0,33.0,0,2000
knapsack01_n40_cap195_i019,knapsack01,bin,0.0,2000,GA,1,5.0,0,2000
knapsack01_n40_cap195_i019,knapsack01,bin,0.0,2000,GA,2,9.0,0,2000
knapsack01_n40_cap195_i019,knapsack01,bin,0.0,2000,GA,3,20.0,0,2000
knapsack01_n40_cap195_i019,knapsack01,bin,0.0,2000,GA,4,12.0,0,2000
knapsack01_n40_cap195_i019,knapsack01,bin,0.0,2000,GA,5,17.0,0,2000
knapsack01_n40_cap195_i019,knapsack01,bin,0.0,2000,GA,6,31.0,0,2000
knapsack01_n40_cap195_i019,knapsack01,bin,0.0,2000,GA,7,39.0,0,2000
knapsack01_n40_cap195_i019,knapsack01,bin,0.0,2000,GA,8,13.0,0,2000
knapsack01_n40_cap195_i019,knapsack01,bin,0.0,2000,GA,9,19.0,0,2000
knapsack01_n40_cap195_i019,knapsack01,bin,0.0,2000,GA,10,37.0,0,2000
knapsack01_n40_cap195_i019,knapsack01,bin,0.0,2000,GA,11,26.0,0,2000
knapsack01_n40_cap195_i019,knapsack01,bin,0.0,2000,GA,12,34.0,0,2000
knapsack01_n40_cap195_i019,knapsack01,bin,0.0,2000,GA,13,39.0,0,2000
knapsack01_n40_cap195_i019,knapsack01,bin,0.0,2000,GA,14,27.0,0,2000
knapsack01_n40_cap195_i019,knapsack01,bin,0.0,2000,GA,15,5.0,0,2000
knapsack01_n40_cap195_i019,knapsack01,bin,0.0,2000,GA,16,23.0,0,2000
knapsack01_n40_cap195_i019,knapsack01,bin,0.0,2000,GA,17,21.0,0,2000
knapsack01_n40_cap195_i019,knapsack01,bin,0.0,2000,GA,18,7.0,0,2000
knapsack01_n40_cap195_i019,knapsack01,bin,0.0,2000,GA,19,1.0,0,2000
knapsack01_n40_cap195_i019,knapsack01,bin,0.0,2000,GA,20,16.0,0,2000
knapsack01_n40_cap195_i019,knapsack01,bin,0.0,2000,GA,21,22.0,0,2000
knapsack01_n40_cap195_i019,knapsack01,bin,0.0,2000,GA,22,11.0,0,2000
knapsack01_n40_cap195_i019,knapsack01,bin,0.0,2000,GA,23,22.0,0,2000
knapsack01_n40_cap195_i019,knapsack01,bin,0.0,2000,GA,24,29.0,0,2000
knapsack01_n40_cap195_i019,knapsack01,bin,0.0,2000,GA,25,12.0,0,2000
knapsack01_n40_cap195_i019,knapsack01,bin,0.0,2000,GA,26,19.0,0,2000
knapsack01_n40_cap195_i019,knapsack01,bin,0.0,2000,GA,27,8.0,0,2000
knapsack01_n40_cap195_i019,knapsack01,bin,0.0,2000,GA,28,21.0,0,2000
knapsack01_n40_cap195_i019,knapsack01,bin,0.0,2000,GA,29,14.0,0,2000
knapsack01_n40_cap195_i019,knapsack01,bin,0.0,2000,SA,0,397.0,0,2000
knapsack01_n40_cap195_i019,knapsack01,bin,0.0,2000,SA,1,321.0,0,2000
knapsack01_n40_cap195_i019,knapsack01,bin,0.0,2000,SA,2,299.0,0,2000
knapsack01_n40_cap195_i019,knapsack01,bin,0.0,2000,SA,3,359.0,0,2000
knapsack01_n40_cap195_i019,knapsack01,bin,0.0,2000,SA,4,283.0,0,2000
knapsack01_n40_cap195_i019,knapsack01,bin,0.0,2000,SA,5,277.0,0,2000
knapsack01_n40_cap195_i019,knapsack01,bin,0.0,2000,SA,6,244.0,0,2000
knapsack01_n40_cap195_i019,knapsack01,bin,0.0,2000,SA,7,329.0,0,2000
knapsack01_n40_cap195_i019,knapsack01,bin,0.0,2000,SA,8,159.0,0,2000
knapsack01_n40_cap195_i019,knapsack01,bin,0.0,2000,SA,9,213.0,0,2000
knapsack01_n40_cap195_i019,knapsack01,bin,0.0,2000,SA,10,263.0,0,2000
knapsack01_n40_cap195_i019,knapsack01,bin,0.0,2000,SA,11,361.0,0,2000
knapsack01_n40_cap195_i019,knapsack01,bin,0.0,2000,SA,12,237.0,0,2000
knapsack01_n40_cap195_i019,knapsack01,bin,0.0,2000,SA,13,312.0,0,2000
knapsack01_n40_cap195_i019,knapsack01,bin,0.0,2000,SA,14,261.0,0,2000
knapsack01_n40_cap195_i019,knapsack01,bin,0.0,2000,SA,15,317.0,0,2000
knapsack01_n40_cap195_i019,knapsack01,bin,0.0,2000,SA,16,398.0,0,2000
knapsack01_n40_cap195_i019,knapsack01,bin,0.0,2000,SA,17,227.0,0,2000
knapsack01_n40_cap195_i019,knapsack01,bin,0.0,2000,SA,18,139.0,0,2000
knapsack01_n40_cap195_i019,knapsack01,bin,0.0,2000,SA,19,374.0,0,2000
knapsack01_n40_cap195_i019,knapsack01,bin,0.0,2000,SA,20,366.0,0,2000
knapsack01_n40_cap195_i019,knapsack01,bin,0.0,2000,SA,21,415.0,0,2000
knapsack01_n40_cap195_i019,knapsack01,bin,0.0,2000,SA,22,349.0,0,2000
knapsack01_n40_cap195_i019,knapsack01,bin,0.0,2000,SA,23,348.0,0,2000
knapsack01_n40_cap195_i019,knapsack01,bin,0.0,2000,SA,24,274.0,0,2000
knapsack01_n40_cap195_i019,knapsack01,bin,0.0,2000,SA,25,404.0,0,2000
knapsack01_n40_cap195_i019,knapsack01,bin,0.0,2000,SA,26,293.0,0,2000
knapsack01_n40_cap195_i019,knapsack01,bin,0.0,2000,SA,27,385.0,0,2000
knapsack01_n40_cap195_i019,knapsack01,bin,0.0,2000,SA,28,254.0,0,2000
knapsack01_n40_cap195_i019,knapsack01,bin,0.0,2000,SA,29,349.0,0,2000
