cont,Ackley,3,ALO,12000,easy,0,30,0.03125,0.0016532542666409576,0.09211405994732372,6.14389703258561,6.259444668928047,4.720557865113779,7.620077727800318
cont,Ackley,3,ALO,12000,med,0,30,0.03125,0.0016532542666409576,0.09211405994732372,6.14389703258561,6.259444668928047,4.720557865113779,7.620077727800318
cont,Ackley,3,ALO,12000,hard,0,30,0.03125,0.0016532542666409576,0.09211405994732372,6.14389703258561,6.259444668928047,4.720557865113779,7.620077727800318
cont,Ackley,3,ALO,15000,easy,0,30,0.03125,0.0016532542666409576,0.09211405994732372,5.803973220184555,5.938484457816088,4.19836932504068,7.241100891228827
cont,Ackley,3,ALO,15000,med,0,30,0.03125,0.0016532542666409576,0.09211405994732372,5.803973220184555,5.938484457816088,4.19836932504068,7.241100891228827
cont,Ackley,3,ALO,15000,hard,0,30,0.03125,0.0016532542666409576,0.09211405994732372,5.803973220184555,5.938484457816088,4.19836932504068,7.241100891228827
cont,Ackley,3,BA,12000,easy,0,30,0.03125,0.0016532542666409576,0.09211405994732372,5.811072846217189,5.817602793470138,4.167038790991519,8.008718365535334
cont,Ackley,3,BA,12000,med,0,30,0.03125,0.0016532542666409576,0.09211405994732372,5.811072846217189,5.817602793470138,4.167038790991519,8.008718365535334
cont,Ackley,3,BA,12000,hard,0,30,0.03125,0.0016532542666409576,0.09211405994732372,5.811072846217189,5.817602793470138,4.167038790991519,8.008718365535334
cont,Ackley,3,BA,15000,easy,0,30,0.03125,0.0016532542666409576,0.09211405994732372,5.69530335631969,5.606010185019862,2.5799323095601747,7.961660507379504
cont,Ackley,3,BA,15000,med,0,30,0.03125,0.0016532542666409576,0.09211405994732372,5.69530335631969,5.606010185019862,2.5799323095601747,7.961660507379504
cont,Ackley,3,BA,15000,hard,0,30,0.03125,0.0016532542666409576,0.09211405994732372,5.69530335631969,5.606010185019862,2.5799323095601747,7.961660507379504
cont,Ackley,3,ES_1P1,12000,easy,11,30,0.375,0.24077485846609245,0.5182492532388523,1.296714172708266,1.155148502709832,9.525713551283843e-13,3.222381916260027
cont,Ackley,3,ES_1P1,12000,med,11,30,0.375,0.24077485846609245,0.5182492532388523,1.296714172708266,1.155148502709832,9.525713551283843e-13,3.222381916260027
cont,Ackley,3,ES_1P1,12000,hard,11,30,0.375,0.24077485846609245,0.5182492532388523,1.296714172708266,1.155148502709832,9.525713551283843e-13,3.222381916260027
cont,Ackley,3,ES_1P1,15000,easy,11,30,0.375,0.24077485846609245,0.5182492532388523,1.285584999172428,1.6462236331031126,9.987566329527908e-13,3.4041583493622807
cont,Ackley,3,ES_1P1,15000,med,11,30,0.375,0.24077485846609245,0.5182492532388523,1.285584999172428,1.6462236331031126,9.987566329527908e-13,3.4041583493622807
cont,Ackley,3,ES_1P1,15000,hard,11,30,0.375,0.24077485846609245,0.5182492532388523,1.285584999172428,1.6462236331031126,9.987566329527908e-13,3.4041583493622807
cont,Ackley,3,FA,12000,easy,0,30,0.03125,0.0016532542666409576,0.09211405994732372,5.334956814389576,5.3324705596602815,4.322180172451034,5.852645402871534
cont,Ackley,3,FA,12000,med,0,30,0.03125,0.0016532542666409576,0.09211405994732372,5.334956814389576,5.3324705596602815,4.322180172451034,5.852645402871534
cont,Ackley,3,FA,12000,hard,0,30,0.03125,0.0016532542666409576,0.09211405994732372,5.334956814389576,5.3324705596602815,4.322180172451034,5.852645402871534
cont,Ackley,3,FA,15000,easy,0,30,0.03125,0.0016532542666409576,0.09211405994732372,5.156020571879018,5.1620189425284195,4.303298145209649,5.808907762496567
cont,Ackley,3,FA,15000,med,0,30,0.03125,0.0016532542666409576,0.09211405994732372,5.156020571879018,5.1620189425284195,4.303298145209649,5.808907762496567
cont,Ackley,3,FA,15000,hard,0,30,0.03125,0.0016532542666409576,0.09211405994732372,5.156020571879018,5.1620189425284195,4.303298145209649,5.808907762496567
cont,Ackley,3,GWO,12000,easy,13,30,0.4375,0.29748724009093563,0.582026568673327,0.7951470954918134,1.1705963067686835,0.026338896985393934,1.986218143212295
cont,Ackley,3,GWO,12000,med,0,30,0.03125,0.0016532542666409576,0.09211405994732372,0.7951470954918134,1.1705963067686835,0.026338896985393934,1.986218143212295
cont,Ackley,3,GWO,12000,hard,0,30,0.03125,0.0016532542666409576,0.09211405994732372,0.7951470954918134,1.1705963067686835,0.026338896985393934,1.986218143212295
cont,Ackley,3,GWO,15000,easy,6,30,0.21875,0.11108877125926007,0.3466525437888071,1.044398993141844,1.1821110784062498,0.03801782262608855,2.0207582141511655
cont,Ackley,3,GWO,15000,med,0,30,0.03125,0.0016532542666409576,0.09211405994732372,1.044398993141844,1.1821110784062498,0.03801782262608855,2.0207582141511655
cont,Ackley,3,GWO,15000,hard,0,30,0.03125,0.0016532542666409576,0.09211405994732372,1.044398993141844,1.1821110784062498,0.03801782262608855,2.0207582141511655
cont,Ackley,3,MFO,12000,easy,0,30,0.03125,0.0016532542666409576,0.09211405994732372,3.8420460357579733,3.8834427622862173,2.095360118155409,5.295963398858898
cont,Ackley,3,MFO,12000,med,0,30,0.03125,0.0016532542666409576,0.09211405994732372,3.8420460357579733,3.8834427622862173,2.095360118155409,5.295963398858898
cont,Ackley,3,MFO,12000,hard,0,30,0.03125,0.0016532542666409576,0.09211405994732372,3.8420460357579733,3.8834427622862173,2.095360118155409,5.295963398858898
cont,Ackley,3,MFO,15000,easy,0,30,0.03125,0.0016532542666409576,0.09211405994732372,3.705045616869013,3.7726751837485453,1.9882823011533444,5.762962845668678
cont,Ackley,3,MFO,15000,med,0,30,0.03125,0.0016532542666409576,0.09211405994732372,3.705045616869013,3.7726751837485453,1.9882823011533444,5.762962845668678
cont,Ackley,3,MFO,15000,hard,0,30,0.03125,0.0016532542666409576,0.09211405994732372,3.705045616869013,3.7726751837485453,1.9882823011533444,5.762962845668678
cont,Ackley,3,PSO_GBEST,12000,easy,23,30,0.75,0.6173897690830179,0.8645994152416211,0.6769885026665126,1.9094992254053977e-10,1.7891910175649173e-11,3.92760695583025
cont,Ackley,3,PSO_GBEST,12000,med,23,30,0.75,0.6173897690830179,0.8645994152416211,0.6769885026665126,1.9094992254053977e-10,1.7891910175649173e-11,3.92760695583025
cont,Ackley,3,PSO_GBEST,12000,hard,23,30,0.75,0.6173897690830179,0.8645994152416211,0.6769885026665126,1.9094992254053977e-10,1.7891910175649173e-11,3.92760695583025
cont,Ackley,3,PSO_GBEST,15000,easy,24,30,0.78125,0.6533474562111927,0.8889112287407399,0.6031860280957345,2.384759056894836e-13,3.241851231905457e-14,4.713549524910313
cont,Ackley,3,PSO_GBEST,15000,med,24,30,0.78125,0.6533474562111927,0.8889112287407399,0.6031860280957345,2.384759056894836e-13,3.241851231905457e-14,4.713549524910313
cont,Ackley,3,PSO_GBEST,15000,hard,24,30,0.78125,0.6533474562111927,0.8889112287407399,0.6031860280957345,2.384759056894836e-13,3.241851231905457e-14,4.713549524910313
cont,Ackley,3,WOA,12000,easy,3,30,0.125,0.04530017302264189,0.23150297514336832,2.1199577452609,2.0183675572024833,0.011099799899842555,4.547878584748819
cont,Ackley,3,WOA,12000,med,0,30,0.03125,0.0016532542666409576,0.09211405994732372,2.1199577452609,2.0183675572024833,0.011099799899842555,4.547878584748819
cont,Ackley,3,WOA,12000,hard,0,30,0.03125,0.0016532542666409576,0.09211405994732372,2.1199577452609,2.0183675572024833,0.011099799899842555,4.547878584748819
cont,Ackley,3,WOA,15000,easy,2,30,0.09375,0.02690011969114915,0.18946446742553866,2.3605531331192355,2.0342231921300287,0.021416373435425573,4.900046229542436
cont,Ackley,3,WOA,15000,med,0,30,0.03125,0.0016532542666409576,0.09211405994732372,2.3605531331192355,2.0342231921300287,0.021416373435425573,4.900046229542436
cont,Ackley,3,WOA,15000,hard,0,30,0.03125,0.0016532542666409576,0.09211405994732372,2.3605531331192355,2.0342231921300287,0.021416373435425573,4.900046229542436
cont,Ackley,4,ALO,12000,easy,0,30,0.03125,0.0016532542666409576,0.09211405994732372,6.0710963865184375,5.898685123963329,4.424487475061099,8.093922823138508
cont,Ackley,4,ALO,12000,med,0,30,0.03125,0.0016532542666409576,0.09211405994732372,6.0710963865184375,5.898685123963329,4.424487475061099,8.093922823138508
cont,Ackley,4,ALO,12000,hard,0,30,0.03125,0.0016532542666409576,0.09211405994732372,6.0710963865184375,5.898685123963329,4.424487475061099,8.093922823138508
cont,Ackley,4,ALO,15000,easy,0,30,0.03125,0.0016532542666409576,0.09211405994732372,6.088651204494374,6.102740839506437,4.029776386659538,7.717832165650323
cont,Ackley,4,ALO,15000,med,0,30,0.03125,0.0016532542666409576,0.09211405994732372,6.088651204494374,6.102740839506437,4.029776386659538,7.717832165650323
cont,Ackley,4,ALO,15000,hard,0,30,0.03125,0.0016532542666409576,0.09211405994732372,6.088651204494374,6.102740839506437,4.029776386659538,7.717832165650323
cont,Ackley,4,BA,12000,easy,0,30,0.03125,0.0016532542666409576,0.09211405994732372,5.988905688921132,5.898833914226406,4.029785591840188,8.323740443381768
cont,Ackley,4,BA,12000,med,0,30,0.03125,0.0016532542666409576,0.09211405994732372,5.988905688921132,5.898833914226406,4.029785591840188,8.323740443381768
cont,Ackley,4,BA,12000,hard,0,30,0.03125,0.0016532542666409576,0.09211405994732372,5.988905688921132,5.898833914226406,4.029785591840188,8.323740443381768
cont,Ackley,4,BA,15000,easy,0,30,0.03125,0.0016532542666409576,0.09211405994732372,5.748071846183247,5.564899867646917,3.574245588761738,7.817116878222629
cont,Ackley,4,BA,15000,med,0,30,0.03125,0.0016532542666409576,0.09211405994732372,5.748071846183247,5.564899867646917,3.574245588761738,7.817116878222629
cont,Ackley,4,BA,15000,hard,0,30,0.03125,0.0016532542666409576,0.09211405994732372,5.748071846183247,5.564899867646917,3.574245588761738,7.817116878222629
cont,Ackley,4,ES_1P1,12000,easy,9,30,0.3125,0.18662163557046532,0.4519044172193684,1.4084070500800412,1.6462236331031126,9.063860773039778e-13,3.574239615680192
cont,Ackley,4,ES_1P1,12000,med,9,30,0.3125,0.18662163557046532,0.4519044172193684,1.4084070500800412,1.6462236331031126,9.063860773039778e-13,3.574239615680192
cont,Ackley,4,ES_1P1,12000,hard,9,30,0.3125,0.18662163557046532,0.4519044172193684,1.4084070500800412,1.6462236331031126,9.063860773039778e-13,3.574239615680192
cont,Ackley,4,ES_1P1,15000,easy,14,30,0.46875,0.3267393648975071,0.6130177450552665,1.0259457200323658,1.1551485027098267,1.0023093466315913e-12,3.734200266336313
cont,Ackley,4,ES_1P1,15000,med,14,30,0.46875,0.3267393648975071,0.6130177450552665,1.0259457200323658,1.1551485027098267,1.0023093466315913e-12,3.734200266336313
cont,Ackley,4,ES_1P1,15000,hard,14,30,0.46875,0.3267393648975071,0.6130177450552665,1.0259457200323658,1.1551485027098267,1.0023093466315913e-12,3.734200266336313
cont,Ackley,4,FA,12000,easy,0,30,0.03125,0.0016532542666409576,0.09211405994732372,5.266734268532119,5.391140341547793,3.858552400377477,5.833121698123701
cont,Ackley,4,FA,12000,med,0,30,0.03125,0.0016532542666409576,0.09211405994732372,5.266734268532119,5.391140341547793,3.858552400377477,5.833121698123701
cont,Ackley,4,FA,12000,hard,0,30,0.03125,0.0016532542666409576,0.09211405994732372,5.266734268532119,5.391140341547793,3.858552400377477,5.833121698123701
cont,Ackley,4,FA,15000,easy,0,30,0.03125,0.0016532542666409576,0.09211405994732372,5.195160249480619,5.273136789486713,4.2999059529758625,5.950870936578383
cont,Ackley,4,FA,15000,med,0,30,0.03125,0.0016532542666409576,0.09211405994732372,5.195160249480619,5.273136789486713,4.2999059529758625,5.950870936578383
cont,Ackley,4,FA,15000,hard,0,30,0.03125,0.0016532542666409576,0.09211405994732372,5.195160249480619,5.273136789486713,4.2999059529758625,5.950870936578383
cont,Ackley,4,GWO,12000,easy,3,30,0.125,0.04530017302264189,0.23150297514336832,0.5258534534290088,0.2660638844597991,0.07945483268858,2.0579285335024697
cont,Ackley,4,GWO,12000,med,0,30,0.03125,0.0016532542666409576,0.09211405994732372,0.5258534534290088,0.2660638844597991,0.07945483268858,2.0579285335024697
cont,Ackley,4,GWO,12000,hard,0,30,0.03125,0.0016532542666409576,0.09211405994732372,0.5258534534290088,0.2660638844597991,0.07945483268858,2.0579285335024697
cont,Ackley,4,GWO,15000,easy,0,30,0.03125,0.0016532542666409576,0.09211405994732372,0.9171732163525625,1.1877150552647824,0.19978994652418836,2.0723676712299626
cont,Ackley,4,GWO,15000,med,0,30,0.03125,0.0016532542666409576,0.09211405994732372,0.9171732163525625,1.1877150552647824,0.19978994652418836,2.0723676712299626
cont,Ackley,4,GWO,15000,hard,0,30,0.03125,0.0016532542666409576,0.09211405994732372,0.9171732163525625,1.1877150552647824,0.19978994652418836,2.0723676712299626
cont,Ackley,4,MFO,12000,easy,0,30,0.03125,0.0016532542666409576,0.09211405994732372,3.6220882514998847,3.617341712678139,2.356573837969496,5.472408556142113
cont,Ackley,4,MFO,12000,med,0,30,0.03125,0.0016532542666409576,0.09211405994732372,3.6220882514998847,3.617341712678139,2.356573837969496,5.472408556142113
cont,Ackley,4,MFO,12000,hard,0,30,0.03125,0.0016532542666409576,0.09211405994732372,3.6220882514998847,3.617341712678139,2.356573837969496,5.472408556142113
cont,Ackley,4,MFO,15000,easy,0,30,0.03125,0.0016532542666409576,0.09211405994732372,3.6280691035350086,3.550377656775567,1.4917146909919201,5.519255894816936
cont,Ackley,4,MFO,15000,med,0,30,0.03125,0.0016532542666409576,0.09211405994732372,3.6280691035350086,3.550377656775567,1.4917146909919201,5.519255894816936
cont,Ackley,4,MFO,15000,hard,0,30,0.03125,0.0016532542666409576,0.09211405994732372,3.6280691035350086,3.550377656775567,1.4917146909919201,5.519255894816936
cont,Ackley,4,PSO_GBEST,12000,easy,26,30,0.84375,0.7286288184424853,0.9342195294539822,0.2583490032737975,2.0218537954974636e-10,1.5909495942878493e-11,2.861430615994671
cont,Ackley,4,PSO_GBEST,12000,med,26,30,0.84375,0.7286288184424853,0.9342195294539822,0.2583490032737975,2.0218537954974636e-10,1.5909495942878493e-11,2.861430615994671
cont,Ackley,4,PSO_GBEST,12000,hard,26,30,0.84375,0.7286288184424853,0.9342195294539822,0.2583490032737975,2.0218537954974636e-10,1.5909495942878493e-11,2.861430615994671
cont,Ackley,4,PSO_GBEST,15000,easy,27,30,0.875,0.7684970248566316,0.9546998269773581,0.18894471204920169,1.7630341631047486e-13,5.3734794391857577e-14,3.3580443560468187
cont,Ackley,4,PSO_GBEST,15000,med,27,30,0.875,0.7684970248566316,0.9546998269773581,0.18894471204920169,1.7630341631047486e-13,5.3734794391857577e-14,3.3580443560468187
cont,Ackley,4,PSO_GBEST,15000,hard,27,30,0.875,0.7684970248566316,0.9546998269773581,0.18894471204920169,1.7630341631047486e-13,5.3734794391857577e-14,3.3580443560468187
cont,Ackley,4,WOA,12000,easy,5,30,0.1875,0.08781446714324878,0.30964351535764695,1.9857120202245442,2.220870634531702,0.035293183996917055,3.886849570501092
cont,Ackley,4,WOA,12000,med,0,30,0.03125,0.0016532542666409576,0.09211405994732372,1.9857120202245442,2.220870634531702,0.035293183996917055,3.886849570501092
cont,Ackley,4,WOA,12000,hard,0,30,0.03125,0.0016532542666409576,0.09211405994732372,1.9857120202245442,2.220870634531702,0.035293183996917055,3.886849570501092
cont,Ackley,4,WOA,15000,easy,5,30,0.1875,0.08781446714324878,0.30964351535764695,1.8728984567020335,2.018989325018284,0.007442375778872634,3.8860864194699407
cont,Ackley,4,WOA,15000,med,1,30,0.0625,0.011585315861443594,0.14409039131834475,1.8728984567020335,2.018989325018284,0.007442375778872634,3.8860864194699407
cont,Ackley,4,WOA,15000,hard,0,30,0.03125,0.0016532542666409576,0.09211405994732372,1.8728984567020335,2.018989325018284,0.007442375778872634,3.8860864194699407
cont,Ackley,5,ALO,12000,easy,0,30,0.03125,0.0016532542666409576,0.09211405994732372,5.805147858820114,5.7477298214500205,4.424487671367537,7.720286073822939
cont,Ackley,5,ALO,12000,med,0,30,0.03125,0.0016532542666409576,0.09211405994732372,5.805147858820114,5.7477298214500205,4.424487671367537,7.720286073822939
cont,Ackley,5,ALO,12000,hard,0,30,0.03125,0.0016532542666409576,0.09211405994732372,5.805147858820114,5.7477298214500205,4.424487671367537,7.720286073822939
cont,Ackley,5,ALO,15000,easy,0,30,0.03125,0.0016532542666409576,0.09211405994732372,5.910684538485723,5.8988215326940345,4.424487469925701,8.008693983549065
cont,Ackley,5,ALO,15000,med,0,30,0.03125,0.0016532542666409576,0.09211405994732372,5.910684538485723,5.8988215326940345,4.424487469925701,8.008693983549065
cont,Ackley,5,ALO,15000,hard,0,30,0.03125,0.0016532542666409576,0.09211405994732372,5.910684538485723,5.8988215326940345,4.424487469925701,8.008693983549065
cont,Ackley,5,BA,12000,easy,0,30,0.03125,0.0016532542666409576,0.09211405994732372,5.6122556256195715,5.562486213843425,3.8857630902883042,7.564135269972958
cont,Ackley,5,BA,12000,med,0,30,0.03125,0.0016532542666409576,0.09211405994732372,5.6122556256195715,5.562486213843425,3.8857630902883042,7.564135269972958
cont,Ackley,5,BA,12000,hard,0,30,0.03125,0.0016532542666409576,0.09211405994732372,5.6122556256195715,5.562486213843425,3.8857630902883042,7.564135269972958
cont,Ackley,5,BA,15000,easy,0,30,0.03125,0.0016532542666409576,0.09211405994732372,5.74270875094108,5.938472372825343,3.8857648189723375,7.458344811086658
cont,Ackley,5,BA,15000,med,0,30,0.03125,0.0016532542666409576,0.09211405994732372,5.74270875094108,5.938472372825343,3.8857648189723375,7.458344811086658
cont,Ackley,5,BA,15000,hard,0,30,0.03125,0.0016532542666409576,0.09211405994732372,5.74270875094108,5.938472372825343,3.8857648189723375,7.458344811086658
cont,Ackley,5,ES_1P1,12000,easy,12,30,0.40625,0.2688262762232274,0.5504433740305475,1.1045339532867866,1.1551485027098303,9.809930645587883e-13,3.2223819162600305
cont,Ackley,5,ES_1P1,12000,med,12,30,0.40625,0.2688262762232274,0.5504433740305475,1.1045339532867866,1.1551485027098303,9.809930645587883e-13,3.2223819162600305
cont,Ackley,5,ES_1P1,12000,hard,12,30,0.40625,0.2688262762232274,0.5504433740305475,1.1045339532867866,1.1551485027098303,9.809930645587883e-13,3.2223819162600305
cont,Ackley,5,ES_1P1,15000,easy,13,30,0.4375,0.29748724009093563,0.582026568673327,1.3291917830513893,1.1551485027098285,8.815170815523743e-13,4.662443954576325
cont,Ackley,5,ES_1P1,15000,med,13,30,0.4375,0.29748724009093563,0.582026568673327,1.3291917830513893,1.1551485027098285,8.815170815523743e-13,4.662443954576325
cont,Ackley,5,ES_1P1,15000,hard,13,30,0.4375,0.29748724009093563,0.582026568673327,1.3291917830513893,1.1551485027098285,8.815170815523743e-13,4.662443954576325
cont,Ackley,5,FA,12000,easy,0,30,0.03125,0.0016532542666409576,0.09211405994732372,5.186810275482723,5.24244525770829,4.078519544061351,5.847580586859163
cont,Ackley,5,FA,12000,med,0,30,0.03125,0.0016532542666409576,0.09211405994732372,5.186810275482723,5.24244525770829,4.078519544061351,5.847580586859163
cont,Ackley,5,FA,12000,hard,0,30,0.03125,0.0016532542666409576,0.09211405994732372,5.186810275482723,5.24244525770829,4.078519544061351,5.847580586859163
cont,Ackley,5,FA,15000,easy,0,30,0.03125,0.0016532542666409576,0.09211405994732372,5.146935968160306,5.191973583819488,4.107775519859999,5.965263016461009
cont,Ackley,5,FA,15000,med,0,30,0.03125,0.0016532542666409576,0.09211405994732372,5.146935968160306,5.191973583819488,4.107775519859999,5.965263016461009
cont,Ackley,5,FA,15000,hard,0,30,0.03125,0.0016532542666409576,0.09211405994732372,5.146935968160306,5.191973583819488,4.107775519859999,5.965263016461009
cont,Ackley,5,GWO,12000,easy,7,30,0.25,0.1354005847583789,0.3826102309169821,0.8557449989256928,0.8162735648027017,0.013874420798128728,1.6112013156650247
cont,Ackley,5,GWO,12000,med,0,30,0.03125,0.0016532542666409576,0.09211405994732372,0.8557449989256928,0.8162735648027017,0.013874420798128728,1.6112013156650247
cont,Ackley,5,GWO,12000,hard,0,30,0.03125,0.0016532542666409576,0.09211405994732372,0.8557449989256928,0.8162735648027017,0.013874420798128728,1.6112013156650247
cont,Ackley,5,GWO,15000,easy,4,30,0.15625,0.06578047054601774,0.2713711815575147,0.9947202157817298,0.817796589745829,0.012296163329079679,1.8886410097281154
cont,Ackley,5,GWO,15000,med,0,30,0.03125,0.0016532542666409576,0.09211405994732372,0.9947202157817298,0.817796589745829,0.012296163329079679,1.8886410097281154
cont,Ackley,5,GWO,15000,hard,0,30,0.03125,0.0016532542666409576,0.09211405994732372,0.9947202157817298,0.817796589745829,0.012296163329079679,1.8886410097281154
cont,Ackley,5,MFO,12000,easy,0,30,0.03125,0.0016532542666409576,0.09211405994732372,3.645177158954081,3.5134457813738913,1.2934134061223586,6.036302731692917
cont,Ackley,5,MFO,12000,med,0,30,0.03125,0.0016532542666409576,0.09211405994732372,3.645177158954081,3.5134457813738913,1.2934134061223586,6.036302731692917
cont,Ackley,5,MFO,12000,hard,0,30,0.03125,0.0016532542666409576,0.09211405994732372,3.645177158954081,3.5134457813738913,1.2934134061223586,6.036302731692917
cont,Ackley,5,MFO,15000,easy,0,30,0.03125,0.0016532542666409576,0.09211405994732372,3.9857129638402187,4.04849152850697,0.42051586867714663,6.574009279751554
cont,Ackley,5,MFO,15000,med,0,30,0.03125,0.0016532542666409576,0.09211405994732372,3.9857129638402187,4.04849152850697,0.42051586867714663,6.574009279751554
cont,Ackley,5,MFO,15000,hard,0,30,0.03125,0.0016532542666409576,0.09211405994732372,3.9857129638402187,4.04849152850697,0.42051586867714663,6.574009279751554
cont,Ackley,5,PSO_GBEST,12000,easy,21,30,0.6875,0.5480955827806314,0.8133783644295347,0.7399758110006669,2.0787149779266656e-10,1.8968382420325725e-11,4.921460349166324
cont,Ackley,5,PSO_GBEST,12000,med,21,30,0.6875,0.5480955827806314,0.8133783644295347,0.7399758110006669,2.0787149779266656e-10,1.8968382420325725e-11,4.921460349166324
cont,Ackley,5,PSO_GBEST,12000,hard,21,30,0.6875,0.5480955827806314,0.8133783644295347,0.7399758110006669,2.0787149779266656e-10,1.8968382420325725e-11,4.921460349166324
cont,Ackley,5,PSO_GBEST,15000,easy,22,30,0.71875,0.5823396662557391,0.8393889087436222,0.7516376907619295,3.574918139293004e-13,3.597122599785507e-14,5.660419328351548
cont,Ackley,5,PSO_GBEST,15000,med,22,30,0.71875,0.5823396662557391,0.8393889087436222,0.7516376907619295,3.574918139293004e-13,3.597122599785507e-14,5.660419328351548
cont,Ackley,5,PSO_GBEST,15000,hard,22,30,0.71875,0.5823396662557391,0.8393889087436222,0.7516376907619295,3.574918139293004e-13,3.597122599785507e-14,5.660419328351548
cont,Ackley,5,WOA,12000,easy,4,30,0.15625,0.06578047054601774,0.2713711815575147,1.8392010541041452,1.8356762223948793,0.045940373625289244,4.301914739045802
cont,Ackley,5,WOA,12000,med,0,30,0.03125,0.0016532542666409576,0.09211405994732372,1.8392010541041452,1.8356762223948793,0.045940373625289244,4.301914739045802
cont,Ackley,5,WOA,12000,hard,0,30,0.03125,0.0016532542666409576,0.09211405994732372,1.8392010541041452,1.8356762223948793,0.045940373625289244,4.301914739045802
cont,Ackley,5,WOA,15000,easy,3,30,0.125,0.04530017302264189,0.23150297514336832,1.9839967429999357,2.016496404324219,0.008367054411430264,3.885927856602262
cont,Ackley,5,WOA,15000,med,1,30,0.0625,0.011585315861443594,0.14409039131834475,1.9839967429999357,2.016496404324219,0.008367054411430264,3.885927856602262
cont,Ackley,5,WOA,15000,hard,0,30,0.03125,0.0016532542666409576,0.09211405994732372,1.9839967429999357,2.016496404324219,0.008367054411430264,3.885927856602262
cont,Ackley,8,ALO,12000,easy,0,30,0.03125,0.0016532542666409576,0.09211405994732372,5.942701820000088,5.857512039513596,4.119162350673189,8.315992688938245
cont,Ackley,8,ALO,12000,med,0,30,0.03125,0.0016532542666409576,0.09211405994732372,5.942701820000088,5.857512039513596,4.119162350673189,8.315992688938245
cont,Ackley,8,ALO,12000,hard,0,30,0.03125,0.0016532542666409576,0.09211405994732372,5.942701820000088,5.857512039513596,4.119162350673189,8.315992688938245
cont,Ackley,8,ALO,15000,easy,0,30,0.03125,0.0016532542666409576,0.09211405994732372,6.104049888730637,6.101933009541018,4.167124236511992,7.862226857513605
cont,Ackley,8,ALO,15000,med,0,30,0.03125,0.0016532542666409576,0.09211405994732372,6.104049888730637,6.101933009541018,4.167124236511992,7.862226857513605
cont,Ackley,8,ALO,15000,hard,0,30,0.03125,0.0016532542666409576,0.09211405994732372,6.104049888730637,6.101933009541018,4.167124236511992,7.862226857513605
cont,Ackley,8,BA,12000,easy,0,30,0.03125,0.0016532542666409576,0.09211405994732372,5.197971822250627,5.090268033668869,3.5740332785017803,7.404406321801176
cont,Ackley,8,BA,12000,med,0,30,0.03125,0.0016532542666409576,0.09211405994732372,5.197971822250627,5.090268033668869,3.5740332785017803,7.404406321801176
cont,Ackley,8,BA,12000,hard,0,30,0.03125,0.0016532542666409576,0.09211405994732372,5.197971822250627,5.090268033668869,3.5740332785017803,7.404406321801176
cont,Ackley,8,BA,15000,easy,0,30,0.03125,0.0016532542666409576,0.09211405994732372,5.34140555628174,5.239417132553919,3.734372484542551,7.064266301216286
cont,Ackley,8,BA,15000,med,0,30,0.03125,0.0016532542666409576,0.09211405994732372,5.34140555628174,5.239417132553919,3.734372484542551,7.064266301216286
cont,Ackley,8,BA,15000,hard,0,30,0.03125,0.0016532542666409576,0.09211405994732372,5.34140555628174,5.239417132553919,3.734372484542551,7.064266301216286
cont,Ackley,8,ES_1P1,12000,easy,14,30,0.46875,0.3267393648975071,0.6130177450552665,0.9049536599732909,1.1551485027098267,1.1408651801048109e-12,3.5742396156801957
cont,Ackley,8,ES_1P1,12000,med,14,30,0.46875,0.3267393648975071,0.6130177450552665,0.9049536599732909,1.1551485027098267,1.1408651801048109e-12,3.5742396156801957
cont,Ackley,8,ES_1P1,12000,hard,14,30,0.46875,0.3267393648975071,0.6130177450552665,0.9049536599732909,1.1551485027098267,1.1408651801048109e-12,3.5742396156801957
cont,Ackley,8,ES_1P1,15000,easy,16,30,0.53125,0.3869822549447333,0.6732606351024929,0.8131833781734159,1.4002132786572474e-12,9.277023593767808e-13,2.5799275570298765
cont,Ackley,8,ES_1P1,15000,med,16,30,0.53125,0.3869822549447333,0.6732606351024929,0.8131833781734159,1.4002132786572474e-12,9.277023593767808e-13,2.5799275570298765
cont,Ackley,8,ES_1P1,15000,hard,16,30,0.53125,0.3869822549447333,0.6732606351024929,0.8131833781734159,1.4002132786572474e-12,9.277023593767808e-13,2.5799275570298765
cont,Ackley,8,FA,12000,easy,0,30,0.03125,0.0016532542666409576,0.09211405994732372,5.4881145651274235,5.565774111380033,4.360262949248781,6.344039334479074
cont,Ackley,8,FA,12000,med,0,30,0.03125,0.0016532542666409576,0.09211405994732372,5.4881145651274235,5.565774111380033,4.360262949248781,6.344039334479074
cont,Ackley,8,FA,12000,hard,0,30,0.03125,0.0016532542666409576,0.09211405994732372,5.4881145651274235,5.565774111380033,4.360262949248781,6.344039334479074
cont,Ackley,8,FA,15000,easy,0,30,0.03125,0.0016532542666409576,0.09211405994732372,5.357221541657782,5.36629272659774,4.368793087353744,5.959378996934404
cont,Ackley,8,FA,15000,med,0,30,0.03125,0.0016532542666409576,0.09211405994732372,5.357221541657782,5.36629272659774,4.368793087353744,5.959378996934404
cont,Ackley,8,FA,15000,hard,0,30,0.03125,0.0016532542666409576,0.09211405994732372,5.357221541657782,5.36629272659774,4.368793087353744,5.959378996934404
cont,Ackley,8,GWO,12000,easy,5,30,0.1875,0.08781446714324878,0.30964351535764695,0.6577079744756886,0.47104232268938917,0.011799917704792495,1.4152639561009868
cont,Ackley,8,GWO,12000,med,0,30,0.03125,0.0016532542666409576,0.09211405994732372,0.6577079744756886,0.47104232268938917,0.011799917704792495,1.4152639561009868
cont,Ackley,8,GWO,12000,hard,0,30,0.03125,0.0016532542666409576,0.09211405994732372,0.6577079744756886,0.47104232268938917,0.011799917704792495,1.4152639561009868
cont,Ackley,8,GWO,15000,easy,4,30,0.15625,0.06578047054601774,0.2713711815575147,0.8000392616574719,0.4717585207749164,0.006102175725690717,2.79213931834725
cont,Ackley,8,GWO,15000,med,3,30,0.125,0.04530017302264189,0.23150297514336832,0.8000392616574719,0.4717585207749164,0.006102175725690717,2.79213931834725
cont,Ackley,8,GWO,15000,hard,0,30,0.03125,0.0016532542666409576,0.09211405994732372,0.8000392616574719,0.4717585207749164,0.006102175725690717,2.79213931834725
cont,Ackley,8,MFO,12000,easy,0,30,0.03125,0.0016532542666409576,0.09211405994732372,3.514555523443173,3.715447168489988,1.7214847972238556,5.673684105919762
cont,Ackley,8,MFO,12000,med,0,30,0.03125,0.0016532542666409576,0.09211405994732372,3.514555523443173,3.715447168489988,1.7214847972238556,5.673684105919762
cont,Ackley,8,MFO,12000,hard,0,30,0.03125,0.0016532542666409576,0.09211405994732372,3.514555523443173,3.715447168489988,1.7214847972238556,5.673684105919762
cont,Ackley,8,MFO,15000,easy,0,30,0.03125,0.0016532542666409576,0.09211405994732372,3.408941811362169,3.2902375566981665,1.8868557937754002,5.583446103287088
cont,Ackley,8,MFO,15000,med,0,30,0.03125,0.0016532542666409576,0.09211405994732372,3.408941811362169,3.2902375566981665,1.8868557937754002,5.583446103287088
cont,Ackley,8,MFO,15000,hard,0,30,0.03125,0.0016532542666409576,0.09211405994732372,3.408941811362169,3.2902375566981665,1.8868557937754002,5.583446103287088
cont,Ackley,8,PSO_GBEST,12000,easy,30,30,0.96875,0.9078859400526763,0.998346745733359,2.1181808899465675e-10,1.2669021387523571e-10,1.488986711706275e-11,1.1071894512326708e-09
cont,Ackley,8,PSO_GBEST,12000,med,30,30,0.96875,0.9078859400526763,0.998346745733359,2.1181808899465675e-10,1.2669021387523571e-10,1.488986711706275e-11,1.1071894512326708e-09
cont,Ackley,8,PSO_GBEST,12000,hard,30,30,0.96875,0.9078859400526763,0.998346745733359,2.1181808899465675e-10,1.2669021387523571e-10,1.488986711706275e-11,1.1071894512326708e-09
cont,Ackley,8,PSO_GBEST,15000,easy,27,30,0.875,0.7684970248566316,0.9546998269773581,0.23904766869128338,3.0242475190789264e-13,3.597122599785507e-14,3.4375390867749656
cont,Ackley,8,PSO_GBEST,15000,med,27,30,0.875,0.7684970248566316,0.9546998269773581,0.23904766869128338,3.0242475190789264e-13,3.597122599785507e-14,3.4375390867749656
cont,Ackley,8,PSO_GBEST,15000,hard,27,30,0.875,0.7684970248566316,0.9546998269773581,0.23904766869128338,3.0242475190789264e-13,3.597122599785507e-14,3.4375390867749656
cont,Ackley,8,WOA,12000,easy,3,30,0.125,0.04530017302264189,0.23150297514336832,2.065605913309651,2.028513037091147,0.006334730646689213,3.422303408677682
cont,Ackley,8,WOA,12000,med,1,30,0.0625,0.011585315861443594,0.14409039131834475,2.065605913309651,2.028513037091147,0.006334730646689213,3.422303408677682
cont,Ackley,8,WOA,12000,hard,0,30,0.03125,0.0016532542666409576,0.09211405994732372,2.065605913309651,2.028513037091147,0.006334730646689213,3.422303408677682
cont,Ackley,8,WOA,15000,easy,3,30,0.125,0.04530017302264189,0.23150297514336832,1.9581968778027286,2.187277733961722,0.02056237570173325,3.7537655788213127
cont,Ackley,8,WOA,15000,med,0,30,0.03125,0.0016532542666409576,0.09211405994732372,1.9581968778027286,2.187277733961722,0.02056237570173325,3.7537655788213127
cont,Ackley,8,WOA,15000,hard,0,30,0.03125,0.0016532542666409576,0.09211405994732372,1.9581968778027286,2.187277733961722,0.02056237570173325,3.7537655788213127
cont,Ackley,9,ALO,12000,easy,0,30,0.03125,0.0016532542666409576,0.09211405994732372,5.960685000012569,6.220319655669682,3.795748677415436,7.079076507233296
cont,Ackley,9,ALO,12000,med,0,30,0.03125,0.0016532542666409576,0.09211405994732372,5.960685000012569,6.220319655669682,3.795748677415436,7.079076507233296
cont,Ackley,9,ALO,12000,hard,0,30,0.03125,0.0016532542666409576,0.09211405994732372,5.960685000012569,6.220319655669682,3.795748677415436,7.079076507233296
cont,Ackley,9,ALO,15000,easy,0,30,0.03125,0.0016532542666409576,0.09211405994732372,5.584514002166883,5.710905603280072,3.574239831765159,8.191683879308513
cont,Ackley,9,ALO,15000,med,0,30,0.03125,0.0016532542666409576,0.09211405994732372,5.584514002166883,5.710905603280072,3.574239831765159,8.191683879308513
cont,Ackley,9,ALO,15000,hard,0,30,0.03125,0.0016532542666409576,0.09211405994732372,5.584514002166883,5.710905603280072,3.574239831765159,8.191683879308513
cont,Ackley,9,BA,12000,easy,0,30,0.03125,0.0016532542666409576,0.09211405994732372,5.486899505022772,5.606019476009433,3.5742446185856527,7.004677470948954
cont,Ackley,9,BA,12000,med,0,30,0.03125,0.0016532542666409576,0.09211405994732372,5.486899505022772,5.606019476009433,3.5742446185856527,7.004677470948954
cont,Ackley,9,BA,12000,hard,0,30,0.03125,0.0016532542666409576,0.09211405994732372,5.486899505022772,5.606019476009433,3.5742446185856527,7.004677470948954
cont,Ackley,9,BA,15000,easy,0,30,0.03125,0.0016532542666409576,0.09211405994732372,5.628307914262752,5.734570504716009,2.813604244382614,7.667299373201168
cont,Ackley,9,BA,15000,med,0,30,0.03125,0.0016532542666409576,0.09211405994732372,5.628307914262752,5.734570504716009,2.813604244382614,7.667299373201168
cont,Ackley,9,BA,15000,hard,0,30,0.03125,0.0016532542666409576,0.09211405994732372,5.628307914262752,5.734570504716009,2.813604244382614,7.667299373201168
cont,Ackley,9,ES_1P1,12000,easy,15,30,0.5,0.3565721369616578,0.6434278630383421,1.055331687349022,0.5775742513556499,9.987566329527908e-13,3.734367822918714
cont,Ackley,9,ES_1P1,12000,med,15,30,0.5,0.3565721369616578,0.6434278630383421,1.055331687349022,0.5775742513556499,9.987566329527908e-13,3.734367822918714
cont,Ackley,9,ES_1P1,12000,hard,15,30,0.5,0.3565721369616578,0.6434278630383421,1.055331687349022,0.5775742513556499,9.987566329527908e-13,3.734367822918714
cont,Ackley,9,ES_1P1,15000,easy,14,30,0.46875,0.3267393648975071,0.6130177450552665,0.7603237205207125,1.155148502709825,7.713829575095588e-13,3.0271084229910987
cont,Ackley,9,ES_1P1,15000,med,14,30,0.46875,0.3267393648975071,0.6130177450552665,0.7603237205207125,1.155148502709825,7.713829575095588e-13,3.0271084229910987
cont,Ackley,9,ES_1P1,15000,hard,14,30,0.46875,0.3267393648975071,0.6130177450552665,0.7603237205207125,1.155148502709825,7.713829575095588e-13,3.0271084229910987
cont,Ackley,9,FA,12000,easy,0,30,0.03125,0.0016532542666409576,0.09211405994732372,5.339191331190021,5.414569887088154,4.1236342135142365,6.255983526636822
cont,Ackley,9,FA,12000,med,0,30,0.03125,0.0016532542666409576,0.09211405994732372,5.339191331190021,5.414569887088154,4.1236342135142365,6.255983526636822
cont,Ackley,9,FA,12000,hard,0,30,0.03125,0.0016532542666409576,0.09211405994732372,5.339191331190021,5.414569887088154,4.1236342135142365,6.255983526636822
cont,Ackley,9,FA,15000,easy,0,30,0.03125,0.0016532542666409576,0.09211405994732372,5.180848026920546,5.27725893114442,3.956300417540366,5.89140853715719
cont,Ackley,9,FA,15000,med,0,30,0.03125,0.0016532542666409576,0.09211405994732372,5.180848026920546,5.27725893114442,3.956300417540366,5.89140853715719
cont,Ackley,9,FA,15000,hard,0,30,0.03125,0.0016532542666409576,0.09211405994732372,5.180848026920546,5.27725893114442,3.956300417540366,5.89140853715719
cont,Ackley,9,GWO,12000,easy,9,30,0.3125,0.18662163557046532,0.4519044172193684,0.5952380504158749,0.6671914244092165,0.013731436622596238,1.1986881058654473
cont,Ackley,9,GWO,12000,med,0,30,0.03125,0.0016532542666409576,0.09211405994732372,0.5952380504158749,0.6671914244092165,0.013731436622596238,1.1986881058654473
cont,Ackley,9,GWO,12000,hard,0,30,0.03125,0.0016532542666409576,0.09211405994732372,0.5952380504158749,0.6671914244092165,0.013731436622596238,1.1986881058654473
cont,Ackley,9,GWO,15000,easy,2,30,0.09375,0.02690011969114915,0.18946446742553866,0.9246246784874629,0.7767824389003146,0.014344853130886737,2.1000658327589083
cont,Ackley,9,GWO,15000,med,0,30,0.03125,0.0016532542666409576,0.09211405994732372,0.9246246784874629,0.7767824389003146,0.014344853130886737,2.1000658327589083
cont,Ackley,9,GWO,15000,hard,0,30,0.03125,0.0016532542666409576,0.09211405994732372,0.9246246784874629,0.7767824389003146,0.014344853130886737,2.1000658327589083
cont,Ackley,9,MFO,12000,easy,0,30,0.03125,0.0016532542666409576,0.09211405994732372,3.871818993154523,3.8608722003568787,2.41799697879058,5.883206099947429
cont,Ackley,9,MFO,12000,med,0,30,0.03125,0.0016532542666409576,0.09211405994732372,3.871818993154523,3.8608722003568787,2.41799697879058,5.883206099947429
cont,Ackley,9,MFO,12000,hard,0,30,0.03125,0.0016532542666409576,0.09211405994732372,3.871818993154523,3.8608722003568787,2.41799697879058,5.883206099947429
cont,Ackley,9,MFO,15000,easy,0,30,0.03125,0.0016532542666409576,0.09211405994732372,3.76838737192185,3.7251272320506925,1.3081062055321167,5.76781125662664
cont,Ackley,9,MFO,15000,med,0,30,0.03125,0.0016532542666409576,0.09211405994732372,3.76838737192185,3.7251272320506925,1.3081062055321167,5.76781125662664
cont,Ackley,9,MFO,15000,hard,0,30,0.03125,0.0016532542666409576,0.09211405994732372,3.76838737192185,3.7251272320506925,1.3081062055321167,5.76781125662664
cont,Ackley,9,PSO_GBEST,12000,easy,28,30,0.90625,0.8105355325744613,0.9730998803088509,0.09337907135262376,9.801626177363687e-11,1.942312977121219e-11,1.646223633103109
cont,Ackley,9,PSO_GBEST,12000,med,28,30,0.90625,0.8105355325744613,0.9730998803088509,0.09337907135262376,9.801626177363687e-11,1.942312977121219e-11,1.646223633103109
cont,Ackley,9,PSO_GBEST,12000,hard,28,30,0.90625,0.8105355325744613,0.9730998803088509,0.09337907135262376,9.801626177363687e-11,1.942312977121219e-11,1.646223633103109
cont,Ackley,9,PSO_GBEST,15000,easy,25,30,0.8125,0.690356484642353,0.9121855328567512,0.3915617357255616,4.374278717023117e-13,3.597122599785507e-14,3.6681532359961193
cont,Ackley,9,PSO_GBEST,15000,med,25,30,0.8125,0.690356484642353,0.9121855328567512,0.3915617357255616,4.374278717023117e-13,3.597122599785507e-14,3.6681532359961193
cont,Ackley,9,PSO_GBEST,15000,hard,25,30,0.8125,0.690356484642353,0.9121855328567512,0.3915617357255616,4.374278717023117e-13,3.597122599785507e-14,3.6681532359961193
cont,Ackley,9,WOA,12000,easy,4,30,0.15625,0.06578047054601774,0.2713711815575147,2.177931848140237,2.381707544233239,0.01835805473858132,3.734410462127482
cont,Ackley,9,WOA,12000,med,0,30,0.03125,0.0016532542666409576,0.09211405994732372,2.177931848140237,2.381707544233239,0.01835805473858132,3.734410462127482
cont,Ackley,9,WOA,12000,hard,0,30,0.03125,0.0016532542666409576,0.09211405994732372,2.177931848140237,2.381707544233239,0.01835805473858132,3.734410462127482
cont,Ackley,9,WOA,15000,easy,4,30,0.15625,0.06578047054601774,0.2713711815575147,2.054125720310694,2.1665419431438466,0.020100263649798666,4.029856816206419
cont,Ackley,9,WOA,15000,med,0,30,0.03125,0.0016532542666409576,0.09211405994732372,2.054125720310694,2.1665419431438466,0.020100263649798666,4.029856816206419
cont,Ackley,9,WOA,15000,hard,0,30,0.03125,0.0016532542666409576,0.09211405994732372,2.054125720310694,2.1665419431438466,0.020100263649798666,4.029856816206419
cont,Ackley,12,ALO,12000,easy,0,30,0.03125,0.0016532542666409576,0.09211405994732372,5.733127302678395,5.632812691316966,4.181081219641371,7.562172900392104
cont,Ackley,12,ALO,12000,med,0,30,0.03125,0.0016532542666409576,0.09211405994732372,5.733127302678395,5.632812691316966,4.181081219641371,7.562172900392104
cont,Ackley,12,ALO,12000,hard,0,30,0.03125,0.0016532542666409576,0.09211405994732372,5.733127302678395,5.632812691316966,4.181081219641371,7.562172900392104
cont,Ackley,12,ALO,15000,easy,0,30,0.03125,0.0016532542666409576,0.09211405994732372,6.099612220877545,6.206121524860736,4.298517203183618,7.616083814574292
cont,Ackley,12,ALO,15000,med,0,30,0.03125,0.0016532542666409576,0.09211405994732372,6.099612220877545,6.206121524860736,4.298517203183618,7.616083814574292
cont,Ackley,12,ALO,15000,hard,0,30,0.03125,0.0016532542666409576,0.09211405994732372,6.099612220877545,6.206121524860736,4.298517203183618,7.616083814574292
cont,Ackley,12,BA,12000,easy,0,30,0.03125,0.0016532542666409576,0.09211405994732372,6.077260457357011,6.314641327241111,3.5742493404643167,8.236133329633875
cont,Ackley,12,BA,12000,med,0,30,0.03125,0.0016532542666409576,0.09211405994732372,6.077260457357011,6.314641327241111,3.5742493404643167,8.236133329633875
cont,Ackley,12,BA,12000,hard,0,30,0.03125,0.0016532542666409576,0.09211405994732372,6.077260457357011,6.314641327241111,3.5742493404643167,8.236133329633875
cont,Ackley,12,BA,15000,easy,0,30,0.03125,0.0016532542666409576,0.09211405994732372,6.1962579366241455,6.280058452715979,3.885765117561427,7.616066626264143
cont,Ackley,12,BA,15000,med,0,30,0.03125,0.0016532542666409576,0.09211405994732372,6.1962579366241455,6.280058452715979,3.885765117561427,7.616066626264143
cont,Ackley,12,BA,15000,hard,0,30,0.03125,0.0016532542666409576,0.09211405994732372,6.1962579366241455,6.280058452715979,3.885765117561427,7.616066626264143
cont,Ackley,12,ES_1P1,12000,easy,13,30,0.4375,0.29748724009093563,0.582026568673327,1.0559470349384847,1.1551485027098285,8.317790900491673e-13,3.222381916260027
cont,Ackley,12,ES_1P1,12000,med,13,30,0.4375,0.29748724009093563,0.582026568673327,1.0559470349384847,1.1551485027098285,8.317790900491673e-13,3.222381916260027
cont,Ackley,12,ES_1P1,12000,hard,13,30,0.4375,0.29748724009093563,0.582026568673327,1.0559470349384847,1.1551485027098285,8.317790900491673e-13,3.222381916260027
cont,Ackley,12,ES_1P1,15000,easy,15,30,0.5,0.3565721369616578,0.6434278630383421,1.003603210486964,0.5775742513556232,1.0591527654923993e-12,3.7343678229187103
cont,Ackley,12,ES_1P1,15000,med,15,30,0.5,0.3565721369616578,0.6434278630383421,1.003603210486964,0.5775742513556232,1.0591527654923993e-12,3.7343678229187103
cont,Ackley,12,ES_1P1,15000,hard,15,30,0.5,0.3565721369616578,0.6434278630383421,1.003603210486964,0.5775742513556232,1.0591527654923993e-12,3.7343678229187103
cont,Ackley,12,FA,12000,easy,0,30,0.03125,0.0016532542666409576,0.09211405994732372,5.382122527307249,5.362844796685442,4.278126610188561,5.964390114538428
cont,Ackley,12,FA,12000,med,0,30,0.03125,0.0016532542666409576,0.09211405994732372,5.382122527307249,5.362844796685442,4.278126610188561,5.964390114538428
cont,Ackley,12,FA,12000,hard,0,30,0.03125,0.0016532542666409576,0.09211405994732372,5.382122527307249,5.362844796685442,4.278126610188561,5.964390114538428
cont,Ackley,12,FA,15000,easy,0,30,0.03125,0.0016532542666409576,0.09211405994732372,5.202649618017443,5.293027197714499,4.440163258448482,5.939744179331932
cont,Ackley,12,FA,15000,med,0,30,0.03125,0.0016532542666409576,0.09211405994732372,5.202649618017443,5.293027197714499,4.440163258448482,5.939744179331932
cont,Ackley,12,FA,15000,hard,0,30,0.03125,0.0016532542666409576,0.09211405994732372,5.202649618017443,5.293027197714499,4.440163258448482,5.939744179331932
cont,Ackley,12,GWO,12000,easy,3,30,0.125,0.04530017302264189,0.23150297514336832,0.5856523096250484,0.43334263437611087,0.010264556049226048,1.864624667870086
cont,Ackley,12,GWO,12000,med,0,30,0.03125,0.0016532542666409576,0.09211405994732372,0.5856523096250484,0.43334263437611087,0.010264556049226048,1.864624667870086
cont,Ackley,12,GWO,12000,hard,0,30,0.03125,0.0016532542666409576,0.09211405994732372,0.5856523096250484,0.43334263437611087,0.010264556049226048,1.864624667870086
cont,Ackley,12,GWO,15000,easy,3,30,0.125,0.04530017302264189,0.23150297514336832,0.769241515822733,0.4332389562539771,0.031657883455935565,1.8653010991752663
cont,Ackley,12,GWO,15000,med,0,30,0.03125,0.0016532542666409576,0.09211405994732372,0.769241515822733,0.4332389562539771,0.031657883455935565,1.8653010991752663
cont,Ackley,12,GWO,15000,hard,0,30,0.03125,0.0016532542666409576,0.09211405994732372,0.769241515822733,0.4332389562539771,0.031657883455935565,1.8653010991752663
cont,Ackley,12,MFO,12000,easy,0,30,0.03125,0.0016532542666409576,0.09211405994732372,3.861823773653076,3.981908172576029,1.9310810117018495,5.3015524861412295
cont,Ackley,12,MFO,12000,med,0,30,0.03125,0.0016532542666409576,0.09211405994732372,3.861823773653076,3.981908172576029,1.9310810117018495,5.3015524861412295
cont,Ackley,12,MFO,12000,hard,0,30,0.03125,0.0016532542666409576,0.09211405994732372,3.861823773653076,3.981908172576029,1.9310810117018495,5.3015524861412295
cont,Ackley,12,MFO,15000,easy,0,30,0.03125,0.0016532542666409576,0.09211405994732372,4.106494153843627,4.042510038845148,2.34989973868661,6.727047440142709
cont,Ackley,12,MFO,15000,med,0,30,0.03125,0.0016532542666409576,0.09211405994732372,4.106494153843627,4.042510038845148,2.34989973868661,6.727047440142709
cont,Ackley,12,MFO,15000,hard,0,30,0.03125,0.0016532542666409576,0.09211405994732372,4.106494153843627,4.042510038845148,2.34989973868661,6.727047440142709
cont,Ackley,12,PSO_GBEST,12000,easy,23,30,0.75,0.6173897690830179,0.8645994152416211,0.6007617552398492,2.2611823524698593e-10,2.3949286998004027e-11,3.62849267490935
cont,Ackley,12,PSO_GBEST,12000,med,23,30,0.75,0.6173897690830179,0.8645994152416211,0.6007617552398492,2.2611823524698593e-10,2.3949286998004027e-11,3.62849267490935
cont,Ackley,12,PSO_GBEST,12000,hard,23,30,0.75,0.6173897690830179,0.8645994152416211,0.6007617552398492,2.2611823524698593e-10,2.3949286998004027e-11,3.62849267490935
cont,Ackley,12,PSO_GBEST,15000,easy,21,30,0.6875,0.5480955827806314,0.8133783644295347,0.9261608622189749,4.978240042419202e-13,3.241851231905457e-14,4.469945741706674
cont,Ackley,12,PSO_GBEST,15000,med,21,30,0.6875,0.5480955827806314,0.8133783644295347,0.9261608622189749,4.978240042419202e-13,3.241851231905457e-14,4.469945741706674
cont,Ackley,12,PSO_GBEST,15000,hard,21,30,0.6875,0.5480955827806314,0.8133783644295347,0.9261608622189749,4.978240042419202e-13,3.241851231905457e-14,4.469945741706674
cont,Ackley,12,WOA,12000,easy,1,30,0.0625,0.011585315861443594,0.14409039131834475,2.3516486984243428,2.4611001795986174,0.03851738046230624,4.66805937099268
cont,Ackley,12,WOA,12000,med,0,30,0.03125,0.0016532542666409576,0.09211405994732372,2.3516486984243428,2.4611001795986174,0.03851738046230624,4.66805937099268
cont,Ackley,12,WOA,12000,hard,0,30,0.03125,0.0016532542666409576,0.09211405994732372,2.3516486984243428,2.4611001795986174,0.03851738046230624,4.66805937099268
cont,Ackley,12,WOA,15000,easy,2,30,0.09375,0.02690011969114915,0.18946446742553866,2.08905605157621,2.1910554165894074,0.005720439927796139,4.424698874585484
cont,Ackley,12,WOA,15000,med,1,30,0.0625,0.011585315861443594,0.14409039131834475,2.08905605157621,2.1910554165894074,0.005720439927796139,4.424698874585484
cont,Ackley,12,WOA,15000,hard,0,30,0.03125,0.0016532542666409576,0.09211405994732372,2.08905605157621,2.1910554165894074,0.005720439927796139,4.424698874585484
cont,Ackley,13,ALO,12000,easy,0,30,0.03125,0.0016532542666409576,0.09211405994732372,6.177041205538329,6.193311250437809,4.880957089397427,7.676003420653604
cont,Ackley,13,ALO,12000,med,0,30,0.03125,0.0016532542666409576,0.09211405994732372,6.177041205538329,6.193311250437809,4.880957089397427,7.676003420653604
cont,Ackley,13,ALO,12000,hard,0,30,0.03125,0.0016532542666409576,0.09211405994732372,6.177041205538329,6.193311250437809,4.880957089397427,7.676003420653604
cont,Ackley,13,ALO,15000,easy,0,30,0.03125,0.0016532542666409576,0.09211405994732372,5.947276194493284,5.969613750713272,4.167124338964538,8.696102185918688
cont,Ackley,13,ALO,15000,med,0,30,0.03125,0.0016532542666409576,0.09211405994732372,5.947276194493284,5.969613750713272,4.167124338964538,8.696102185918688
cont,Ackley,13,ALO,15000,hard,0,30,0.03125,0.0016532542666409576,0.09211405994732372,5.947276194493284,5.969613750713272,4.167124338964538,8.696102185918688
cont,Ackley,13,BA,12000,easy,0,30,0.03125,0.0016532542666409576,0.09211405994732372,5.437316224369706,5.603938860971406,2.3168588974577458,7.18524685103028
cont,Ackley,13,BA,12000,med,0,30,0.03125,0.0016532542666409576,0.09211405994732372,5.437316224369706,5.603938860971406,2.3168588974577458,7.18524685103028
cont,Ackley,13,BA,12000,hard,0,30,0.03125,0.0016532542666409576,0.09211405994732372,5.437316224369706,5.603938860971406,2.3168588974577458,7.18524685103028
cont,Ackley,13,BA,15000,easy,0,30,0.03125,0.0016532542666409576,0.09211405994732372,5.510514633536746,5.334795665915294,4.029782595731373,7.961588909639529
cont,Ackley,13,BA,15000,med,0,30,0.03125,0.0016532542666409576,0.09211405994732372,5.510514633536746,5.334795665915294,4.029782595731373,7.961588909639529
cont,Ackley,13,BA,15000,hard,0,30,0.03125,0.0016532542666409576,0.09211405994732372,5.510514633536746,5.334795665915294,4.029782595731373,7.961588909639529
cont,Ackley,13,ES_1P1,12000,easy,8,30,0.28125,0.16061109125637793,0.4176603337442609,1.4285513226962552,1.6462236331031126,8.459899447643693e-13,3.7343678229187103
cont,Ackley,13,ES_1P1,12000,med,8,30,0.28125,0.16061109125637793,0.4176603337442609,1.4285513226962552,1.6462236331031126,8.459899447643693e-13,3.7343678229187103
cont,Ackley,13,ES_1P1,12000,hard,8,30,0.28125,0.16061109125637793,0.4176603337442609,1.4285513226962552,1.6462236331031126,8.459899447643693e-13,3.7343678229187103
cont,Ackley,13,ES_1P1,15000,easy,9,30,0.3125,0.18662163557046532,0.4519044172193684,1.2949877467579047,1.1551485027098285,7.536193891155563e-13,4.029776266582179
cont,Ackley,13,ES_1P1,15000,med,9,30,0.3125,0.18662163557046532,0.4519044172193684,1.2949877467579047,1.1551485027098285,7.536193891155563e-13,4.029776266582179
cont,Ackley,13,ES_1P1,15000,hard,9,30,0.3125,0.18662163557046532,0.4519044172193684,1.2949877467579047,1.1551485027098285,7.536193891155563e-13,4.029776266582179
cont,Ackley,13,FA,12000,easy,0,30,0.03125,0.0016532542666409576,0.09211405994732372,5.143949885010369,5.273558222247258,3.502325433012001,6.004038835647709
cont,Ackley,13,FA,12000,med,0,30,0.03125,0.0016532542666409576,0.09211405994732372,5.143949885010369,5.273558222247258,3.502325433012001,6.004038835647709
cont,Ackley,13,FA,12000,hard,0,30,0.03125,0.0016532542666409576,0.09211405994732372,5.143949885010369,5.273558222247258,3.502325433012001,6.004038835647709
cont,Ackley,13,FA,15000,easy,0,30,0.03125,0.0016532542666409576,0.09211405994732372,5.3318303376889595,5.476658235914703,4.139319216740606,5.992243881190312
cont,Ackley,13,FA,15000,med,0,30,0.03125,0.0016532542666409576,0.09211405994732372,5.3318303376889595,5.476658235914703,4.139319216740606,5.992243881190312
cont,Ackley,13,FA,15000,hard,0,30,0.03125,0.0016532542666409576,0.09211405994732372,5.3318303376889595,5.476658235914703,4.139319216740606,5.992243881190312
cont,Ackley,13,GWO,12000,easy,0,30,0.03125,0.0016532542666409576,0.09211405994732372,0.8980986444357533,0.5794782504235241,0.19971647891941702,2.0504376153740904
cont,Ackley,13,GWO,12000,med,0,30,0.03125,0.0016532542666409576,0.09211405994732372,0.8980986444357533,0.5794782504235241,0.19971647891941702,2.0504376153740904
cont,Ackley,13,GWO,12000,hard,0,30,0.03125,0.0016532542666409576,0.09211405994732372,0.8980986444357533,0.5794782504235241,0.19971647891941702,2.0504376153740904
cont,Ackley,13,GWO,15000,easy,0,30,0.03125,0.0016532542666409576,0.09211405994732372,1.0193000945200157,0.5803378511063184,0.33040800001778736,2.0943493739704455
cont,Ackley,13,GWO,15000,med,0,30,0.03125,0.0016532542666409576,0.09211405994732372,1.0193000945200157,0.5803378511063184,0.33040800001778736,2.0943493739704455
cont,Ackley,13,GWO,15000,hard,0,30,0.03125,0.0016532542666409576,0.09211405994732372,1.0193000945200157,0.5803378511063184,0.33040800001778736,2.0943493739704455
cont,Ackley,13,MFO,12000,easy,0,30,0.03125,0.0016532542666409576,0.09211405994732372,3.534909521420787,3.320548867495566,1.3481395034259696,6.289911264249671
cont,Ackley,13,MFO,12000,med,0,30,0.03125,0.0016532542666409576,0.09211405994732372,3.534909521420787,3.320548867495566,1.3481395034259696,6.289911264249671
cont,Ackley,13,MFO,12000,hard,0,30,0.03125,0.0016532542666409576,0.09211405994732372,3.534909521420787,3.320548867495566,1.3481395034259696,6.289911264249671
cont,Ackley,13,MFO,15000,easy,0,30,0.03125,0.0016532542666409576,0.09211405994732372,3.544385110480496,3.4886548466586853,1.9813193177728725,5.710842217805727
cont,Ackley,13,MFO,15000,med,0,30,0.03125,0.0016532542666409576,0.09211405994732372,3.544385110480496,3.4886548466586853,1.9813193177728725,5.710842217805727
cont,Ackley,13,MFO,15000,hard,0,30,0.03125,0.0016532542666409576,0.09211405994732372,3.544385110480496,3.4886548466586853,1.9813193177728725,5.710842217805727
cont,Ackley,13,PSO_GBEST,12000,easy,29,30,0.9375,0.8559096086816552,0.9884146841385564,0.03850495028543219,1.1181500170209802e-10,1.0154099783221682e-11,1.155148502709825
cont,Ackley,13,PSO_GBEST,12000,med,29,30,0.9375,0.8559096086816552,0.9884146841385564,0.03850495028543219,1.1181500170209802e-10,1.0154099783221682e-11,1.155148502709825
cont,Ackley,13,PSO_GBEST,12000,hard,29,30,0.9375,0.8559096086816552,0.9884146841385564,0.03850495028543219,1.1181500170209802e-10,1.0154099783221682e-11,1.155148502709825
cont,Ackley,13,PSO_GBEST,15000,easy,29,30,0.9375,0.8559096086816552,0.9884146841385564,0.0385049500909403,3.006483950684924e-13,5.0182080713057076e-14,1.155148502709825
cont,Ackley,13,PSO_GBEST,15000,med,29,30,0.9375,0.8559096086816552,0.9884146841385564,0.0385049500909403,3.006483950684924e-13,5.0182080713057076e-14,1.155148502709825
cont,Ackley,13,PSO_GBEST,15000,hard,29,30,0.9375,0.8559096086816552,0.9884146841385564,0.0385049500909403,3.006483950684924e-13,5.0182080713057076e-14,1.155148502709825
cont,Ackley,13,WOA,12000,easy,1,30,0.0625,0.011585315861443594,0.14409039131834475,1.949526367061965,2.0207819862829752,0.08312255633488208,4.300155595324693
cont,Ackley,13,WOA,12000,med,0,30,0.03125,0.0016532542666409576,0.09211405994732372,1.949526367061965,2.0207819862829752,0.08312255633488208,4.300155595324693
cont,Ackley,13,WOA,12000,hard,0,30,0.03125,0.0016532542666409576,0.09211405994732372,1.949526367061965,2.0207819862829752,0.08312255633488208,4.300155595324693
cont,Ackley,13,WOA,15000,easy,3,30,0.125,0.04530017302264189,0.23150297514336832,1.8639626594194019,2.014430996633904,0.03920140232005709,3.734703914086904
cont,Ackley,13,WOA,15000,med,0,30,0.03125,0.0016532542666409576,0.09211405994732372,1.8639626594194019,2.014430996633904,0.03920140232005709,3.734703914086904
cont,Ackley,13,WOA,15000,hard,0,30,0.03125,0.0016532542666409576,0.09211405994732372,1.8639626594194019,2.014430996633904,0.03920140232005709,3.734703914086904
cont,Ackley,14,ALO,12000,easy,0,30,0.03125,0.0016532542666409576,0.09211405994732372,5.7452576516900695,5.989989655248518,3.799968317165988,7.564456493529866
cont,Ackley,14,ALO,12000,med,0,30,0.03125,0.0016532542666409576,0.09211405994732372,5.7452576516900695,5.989989655248518,3.799968317165988,7.564456493529866
cont,Ackley,14,ALO,12000,hard,0,30,0.03125,0.0016532542666409576,0.09211405994732372,5.7452576516900695,5.989989655248518,3.799968317165988,7.564456493529866
cont,Ackley,14,ALO,15000,easy,0,30,0.03125,0.0016532542666409576,0.09211405994732372,5.760404346842151,5.897951595596549,3.7582925095210666,7.717844823401791
cont,Ackley,14,ALO,15000,med,0,30,0.03125,0.0016532542666409576,0.09211405994732372,5.760404346842151,5.897951595596549,3.7582925095210666,7.717844823401791
cont,Ackley,14,ALO,15000,hard,0,30,0.03125,0.0016532542666409576,0.09211405994732372,5.760404346842151,5.897951595596549,3.7582925095210666,7.717844823401791
cont,Ackley,14,BA,12000,easy,0,30,0.03125,0.0016532542666409576,0.09211405994732372,5.375467260597374,5.4275501521327225,3.0266021352531536,7.064264592516755
cont,Ackley,14,BA,12000,med,0,30,0.03125,0.0016532542666409576,0.09211405994732372,5.375467260597374,5.4275501521327225,3.0266021352531536,7.064264592516755
cont,Ackley,14,BA,12000,hard,0,30,0.03125,0.0016532542666409576,0.09211405994732372,5.375467260597374,5.4275501521327225,3.0266021352531536,7.064264592516755
cont,Ackley,14,BA,15000,easy,0,30,0.03125,0.0016532542666409576,0.09211405994732372,5.762114884783417,5.776032788849578,3.5742461835828476,7.564067918311288
cont,Ackley,14,BA,15000,med,0,30,0.03125,0.0016532542666409576,0.09211405994732372,5.762114884783417,5.776032788849578,3.5742461835828476,7.564067918311288
cont,Ackley,14,BA,15000,hard,0,30,0.03125,0.0016532542666409576,0.09211405994732372,5.762114884783417,5.776032788849578,3.5742461835828476,7.564067918311288
cont,Ackley,14,ES_1P1,12000,easy,11,30,0.375,0.24077485846609245,0.5182492532388523,1.1497906817474919,1.155148502709832,9.880984919163893e-13,3.0271084229910987
cont,Ackley,14,ES_1P1,12000,med,11,30,0.375,0.24077485846609245,0.5182492532388523,1.1497906817474919,1.155148502709832,9.880984919163893e-13,3.0271084229910987
cont,Ackley,14,ES_1P1,12000,hard,11,30,0.375,0.24077485846609245,0.5182492532388523,1.1497906817474919,1.155148502709832,9.880984919163893e-13,3.0271084229910987
cont,Ackley,14,ES_1P1,15000,easy,11,30,0.375,0.24077485846609245,0.5182492532388523,1.1977912476578925,1.4006860679064723,8.673062268371723e-13,2.814349980772065
cont,Ackley,14,ES_1P1,15000,med,11,30,0.375,0.24077485846609245,0.5182492532388523,1.1977912476578925,1.4006860679064723,8.673062268371723e-13,2.814349980772065
cont,Ackley,14,ES_1P1,15000,hard,11,30,0.375,0.24077485846609245,0.5182492532388523,1.1977912476578925,1.4006860679064723,8.673062268371723e-13,2.814349980772065
cont,Ackley,14,FA,12000,easy,0,30,0.03125,0.0016532542666409576,0.09211405994732372,5.318602825917558,5.2978550683664185,4.280292917386216,6.380686283972185
cont,Ackley,14,FA,12000,med,0,30,0.03125,0.0016532542666409576,0.09211405994732372,5.318602825917558,5.2978550683664185,4.280292917386216,6.380686283972185
cont,Ackley,14,FA,12000,hard,0,30,0.03125,0.0016532542666409576,0.09211405994732372,5.318602825917558,5.2978550683664185,4.280292917386216,6.380686283972185
cont,Ackley,14,FA,15000,easy,0,30,0.03125,0.0016532542666409576,0.09211405994732372,5.244219079198639,5.4015317522638995,3.7233405617280906,5.95700270941035
cont,Ackley,14,FA,15000,med,0,30,0.03125,0.0016532542666409576,0.09211405994732372,5.244219079198639,5.4015317522638995,3.7233405617280906,5.95700270941035
cont,Ackley,14,FA,15000,hard,0,30,0.03125,0.0016532542666409576,0.09211405994732372,5.244219079198639,5.4015317522638995,3.7233405617280906,5.95700270941035
cont,Ackley,14,GWO,12000,easy,27,30,0.875,0.7684970248566316,0.9546998269773581,0.15179738973701665,0.019500627330448328,0.009604734513804392,1.438852478408276
cont,Ackley,14,GWO,12000,med,1,30,0.0625,0.011585315861443594,0.14409039131834475,0.15179738973701665,0.019500627330448328,0.009604734513804392,1.438852478408276
cont,Ackley,14,GWO,12000,hard,0,30,0.03125,0.0016532542666409576,0.09211405994732372,0.15179738973701665,0.019500627330448328,0.009604734513804392,1.438852478408276
cont,Ackley,14,GWO,15000,easy,26,30,0.84375,0.7286288184424853,0.9342195294539822,0.19390456981862716,0.018886970488763755,0.008051434012071201,1.5012598166536582
cont,Ackley,14,GWO,15000,med,1,30,0.0625,0.011585315861443594,0.14409039131834475,0.19390456981862716,0.018886970488763755,0.008051434012071201,1.5012598166536582
cont,Ackley,14,GWO,15000,hard,0,30,0.03125,0.0016532542666409576,0.09211405994732372,0.19390456981862716,0.018886970488763755,0.008051434012071201,1.5012598166536582
cont,Ackley,14,MFO,12000,easy,0,30,0.03125,0.0016532542666409576,0.09211405994732372,3.5629799261417934,3.6355162044024625,1.2683690399654748,5.363390904215763
cont,Ackley,14,MFO,12000,med,0,30,0.03125,0.0016532542666409576,0.09211405994732372,3.5629799261417934,3.6355162044024625,1.2683690399654748,5.363390904215763
cont,Ackley,14,MFO,12000,hard,0,30,0.03125,0.0016532542666409576,0.09211405994732372,3.5629799261417934,3.6355162044024625,1.2683690399654748,5.363390904215763
cont,Ackley,14,MFO,15000,easy,0,30,0.03125,0.0016532542666409576,0.09211405994732372,3.6927286965624715,3.762645501637348,1.4819325514288058,5.605047779064872
cont,Ackley,14,MFO,15000,med,0,30,0.03125,0.0016532542666409576,0.09211405994732372,3.6927286965624715,3.762645501637348,1.4819325514288058,5.605047779064872
cont,Ackley,14,MFO,15000,hard,0,30,0.03125,0.0016532542666409576,0.09211405994732372,3.6927286965624715,3.762645501637348,1.4819325514288058,5.605047779064872
cont,Ackley,14,PSO_GBEST,12000,easy,28,30,0.90625,0.8105355325744613,0.9730998803088509,0.20022227006928575,1.1236389596547269e-10,2.1881607636942135e-11,3.114519393637711
cont,Ackley,14,PSO_GBEST,12000,med,28,30,0.90625,0.8105355325744613,0.9730998803088509,0.20022227006928575,1.1236389596547269e-10,2.1881607636942135e-11,3.114519393637711
cont,Ackley,14,PSO_GBEST,12000,hard,28,30,0.90625,0.8105355325744613,0.9730998803088509,0.20022227006928575,1.1236389596547269e-10,2.1881607636942135e-11,3.114519393637711
cont,Ackley,14,PSO_GBEST,15000,easy,24,30,0.78125,0.6533474562111927,0.8889112287407399,0.5240175151741326,4.782840790085174e-13,3.952393967665557e-14,4.565066156503143
cont,Ackley,14,PSO_GBEST,15000,med,24,30,0.78125,0.6533474562111927,0.8889112287407399,0.5240175151741326,4.782840790085174e-13,3.952393967665557e-14,4.565066156503143
cont,Ackley,14,PSO_GBEST,15000,hard,24,30,0.78125,0.6533474562111927,0.8889112287407399,0.5240175151741326,4.782840790085174e-13,3.952393967665557e-14,4.565066156503143
cont,Ackley,14,WOA,12000,easy,0,30,0.03125,0.0016532542666409576,0.09211405994732372,2.9598649300721536,2.814794651576341,1.6525154967088516,4.991733963134035
cont,Ackley,14,WOA,12000,med,0,30,0.03125,0.0016532542666409576,0.09211405994732372,2.9598649300721536,2.814794651576341,1.6525154967088516,4.991733963134035
cont,Ackley,14,WOA,12000,hard,0,30,0.03125,0.0016532542666409576,0.09211405994732372,2.9598649300721536,2.814794651576341,1.6525154967088516,4.991733963134035
cont,Ackley,14,WOA,15000,easy,1,30,0.0625,0.011585315861443594,0.14409039131834475,2.3640191616991726,2.3189442782566734,0.01290116718728429,4.049852498717851
cont,Ackley,14,WOA,15000,med,0,30,0.03125,0.0016532542666409576,0.09211405994732372,2.3640191616991726,2.3189442782566734,0.01290116718728429,4.049852498717851
cont,Ackley,14,WOA,15000,hard,0,30,0.03125,0.0016532542666409576,0.09211405994732372,2.3640191616991726,2.3189442782566734,0.01290116718728429,4.049852498717851
cont,Ackley,16,ALO,12000,easy,0,30,0.03125,0.0016532542666409576,0.09211405994732372,6.070860285192036,6.021373681284841,4.325223918679587,7.528164897077675
cont,Ackley,16,ALO,12000,med,0,30,0.03125,0.0016532542666409576,0.09211405994732372,6.070860285192036,6.021373681284841,4.325223918679587,7.528164897077675
cont,Ackley,16,ALO,12000,hard,0,30,0.03125,0.0016532542666409576,0.09211405994732372,6.070860285192036,6.021373681284841,4.325223918679587,7.528164897077675
cont,Ackley,16,ALO,15000,easy,0,30,0.03125,0.0016532542666409576,0.09211405994732372,5.973920733329182,6.169493639733853,4.094273789443783,7.458367373607405
cont,Ackley,16,ALO,15000,med,0,30,0.03125,0.0016532542666409576,0.09211405994732372,5.973920733329182,6.169493639733853,4.094273789443783,7.458367373607405
cont,Ackley,16,ALO,15000,hard,0,30,0.03125,0.0016532542666409576,0.09211405994732372,5.973920733329182,6.169493639733853,4.094273789443783,7.458367373607405
cont,Ackley,16,BA,12000,easy,0,30,0.03125,0.0016532542666409576,0.09211405994732372,5.583558323864603,5.978284635540012,3.4041645593392684,7.51161191725417
cont,Ackley,16,BA,12000,med,0,30,0.03125,0.0016532542666409576,0.09211405994732372,5.583558323864603,5.978284635540012,3.4041645593392684,7.51161191725417
cont,Ackley,16,BA,12000,hard,0,30,0.03125,0.0016532542666409576,0.09211405994732372,5.583558323864603,5.978284635540012,3.4041645593392684,7.51161191725417
cont,Ackley,16,BA,15000,easy,0,30,0.03125,0.0016532542666409576,0.09211405994732372,5.67792836335818,5.7345772442338685,4.167038445856644,7.564136429556392
cont,Ackley,16,BA,15000,med,0,30,0.03125,0.0016532542666409576,0.09211405994732372,5.67792836335818,5.7345772442338685,4.167038445856644,7.564136429556392
cont,Ackley,16,BA,15000,hard,0,30,0.03125,0.0016532542666409576,0.09211405994732372,5.67792836335818,5.7345772442338685,4.167038445856644,7.564136429556392
cont,Ackley,16,ES_1P1,12000,easy,8,30,0.28125,0.16061109125637793,0.4176603337442609,1.4826763528223712,1.6462236331031161,9.241496456979803e-13,3.574239615680192
cont,Ackley,16,ES_1P1,12000,med,8,30,0.28125,0.16061109125637793,0.4176603337442609,1.4826763528223712,1.6462236331031161,9.241496456979803e-13,3.574239615680192
cont,Ackley,16,ES_1P1,12000,hard,8,30,0.28125,0.16061109125637793,0.4176603337442609,1.4826763528223712,1.6462236331031161,9.241496456979803e-13,3.574239615680192
cont,Ackley,16,ES_1P1,15000,easy,6,30,0.21875,0.11108877125926007,0.3466525437888071,1.5639366711145237,1.6462236331031144,7.607248164731573e-13,3.4041583493622807
cont,Ackley,16,ES_1P1,15000,med,6,30,0.21875,0.11108877125926007,0.3466525437888071,1.5639366711145237,1.6462236331031144,7.607248164731573e-13,3.4041583493622807
cont,Ackley,16,ES_1P1,15000,hard,6,30,0.21875,0.11108877125926007,0.3466525437888071,1.5639366711145237,1.6462236331031144,7.607248164731573e-13,3.4041583493622807
cont,Ackley,16,FA,12000,easy,0,30,0.03125,0.0016532542666409576,0.09211405994732372,5.300189429381377,5.243102019726583,4.163523622738687,6.258676100614974
cont,Ackley,16,FA,12000,med,0,30,0.03125,0.0016532542666409576,0.09211405994732372,5.300189429381377,5.243102019726583,4.163523622738687,6.258676100614974
cont,Ackley,16,FA,12000,hard,0,30,0.03125,0.0016532542666409576,0.09211405994732372,5.300189429381377,5.243102019726583,4.163523622738687,6.258676100614974
cont,Ackley,16,FA,15000,easy,0,30,0.03125,0.0016532542666409576,0.09211405994732372,5.107813595784872,5.109194146484903,4.266789939737475,5.880099727423506
cont,Ackley,16,FA,15000,med,0,30,0.03125,0.0016532542666409576,0.09211405994732372,5.107813595784872,5.109194146484903,4.266789939737475,5.880099727423506
cont,Ackley,16,FA,15000,hard,0,30,0.03125,0.0016532542666409576,0.09211405994732372,5.107813595784872,5.109194146484903,4.266789939737475,5.880099727423506
cont,Ackley,16,GWO,12000,easy,2,30,0.09375,0.02690011969114915,0.18946446742553866,1.626919619658397,1.704519599196996,0.010894740951130633,2.725151120185665
cont,Ackley,16,GWO,12000,med,0,30,0.03125,0.0016532542666409576,0.09211405994732372,1.626919619658397,1.704519599196996,0.010894740951130633,2.725151120185665
cont,Ackley,16,GWO,12000,hard,0,30,0.03125,0.0016532542666409576,0.09211405994732372,1.626919619658397,1.704519599196996,0.010894740951130633,2.725151120185665
cont,Ackley,16,GWO,15000,easy,3,30,0.125,0.04530017302264189,0.23150297514336832,1.672786593605797,1.8267941850709257,0.009901042806117477,3.0168597541955866
cont,Ackley,16,GWO,15000,med,1,30,0.0625,0.011585315861443594,0.14409039131834475,1.672786593605797,1.8267941850709257,0.009901042806117477,3.0168597541955866
cont,Ackley,16,GWO,15000,hard,0,30,0.03125,0.0016532542666409576,0.09211405994732372,1.672786593605797,1.8267941850709257,0.009901042806117477,3.0168597541955866
cont,Ackley,16,MFO,12000,easy,0,30,0.03125,0.0016532542666409576,0.09211405994732372,3.7169257116127437,3.7360831172054376,1.7863427226739792,5.349838542375931
cont,Ackley,16,MFO,12000,med,0,30,0.03125,0.0016532542666409576,0.09211405994732372,3.7169257116127437,3.7360831172054376,1.7863427226739792,5.349838542375931
cont,Ackley,16,MFO,12000,hard,0,30,0.03125,0.0016532542666409576,0.09211405994732372,3.7169257116127437,3.7360831172054376,1.7863427226739792,5.349838542375931
cont,Ackley,16,MFO,15000,easy,0,30,0.03125,0.0016532542666409576,0.09211405994732372,3.367078708764576,3.288194828344331,0.6775620524563526,4.975205933441536
cont,Ackley,16,MFO,15000,med,0,30,0.03125,0.0016532542666409576,0.09211405994732372,3.367078708764576,3.288194828344331,0.6775620524563526,4.975205933441536
cont,Ackley,16,MFO,15000,hard,0,30,0.03125,0.0016532542666409576,0.09211405994732372,3.367078708764576,3.288194828344331,0.6775620524563526,4.975205933441536
cont,Ackley,16,PSO_GBEST,12000,easy,23,30,0.75,0.6173897690830179,0.8645994152416211,0.6699617675544521,1.7858114986779583e-10,9.347633778133968e-12,4.619256352265797
cont,Ackley,16,PSO_GBEST,12000,med,23,30,0.75,0.6173897690830179,0.8645994152416211,0.6699617675544521,1.7858114986779583e-10,9.347633778133968e-12,4.619256352265797
cont,Ackley,16,PSO_GBEST,12000,hard,23,30,0.75,0.6173897690830179,0.8645994152416211,0.6699617675544521,1.7858114986779583e-10,9.347633778133968e-12,4.619256352265797
cont,Ackley,16,PSO_GBEST,15000,easy,24,30,0.78125,0.6533474562111927,0.8889112287407399,0.6213885753541183,5.155875726359227e-13,3.241851231905457e-14,4.156517903461587
cont,Ackley,16,PSO_GBEST,15000,med,24,30,0.78125,0.6533474562111927,0.8889112287407399,0.6213885753541183,5.155875726359227e-13,3.241851231905457e-14,4.156517903461587
cont,Ackley,16,PSO_GBEST,15000,hard,24,30,0.78125,0.6533474562111927,0.8889112287407399,0.6213885753541183,5.155875726359227e-13,3.241851231905457e-14,4.156517903461587
cont,Ackley,16,WOA,12000,easy,8,30,0.28125,0.16061109125637793,0.4176603337442609,1.6886488468561742,1.6593715405881668,0.003190251269586941,4.667904432464919
cont,Ackley,16,WOA,12000,med,2,30,0.09375,0.02690011969114915,0.18946446742553866,1.6886488468561742,1.6593715405881668,0.003190251269586941,4.667904432464919
cont,Ackley,16,WOA,12000,hard,0,30,0.03125,0.0016532542666409576,0.09211405994732372,1.6886488468561742,1.6593715405881668,0.003190251269586941,4.667904432464919
cont,Ackley,16,WOA,15000,easy,2,30,0.09375,0.02690011969114915,0.18946446742553866,1.8832125800595316,1.8447824466543445,0.008750270778353997,3.411873867519628
cont,Ackley,16,WOA,15000,med,1,30,0.0625,0.011585315861443594,0.14409039131834475,1.8832125800595316,1.8447824466543445,0.008750270778353997,3.411873867519628
cont,Ackley,16,WOA,15000,hard,0,30,0.03125,0.0016532542666409576,0.09211405994732372,1.8832125800595316,1.8447824466543445,0.008750270778353997,3.411873867519628
cont,Ackley,17,ALO,12000,easy,0,30,0.03125,0.0016532542666409576,0.09211405994732372,5.917811999884034,6.082543423653997,4.485862652350104,7.178765627777141
cont,Ackley,17,ALO,12000,med,0,30,0.03125,0.0016532542666409576,0.09211405994732372,5.917811999884034,6.082543423653997,4.485862652350104,7.178765627777141
cont,Ackley,17,ALO,12000,hard,0,30,0.03125,0.0016532542666409576,0.09211405994732372,5.917811999884034,6.082543423653997,4.485862652350104,7.178765627777141
cont,Ackley,17,ALO,15000,easy,0,30,0.03125,0.0016532542666409576,0.09211405994732372,5.905321123881419,5.817571464953376,3.235467118234546,7.237996177457973
cont,Ackley,17,ALO,15000,med,0,30,0.03125,0.0016532542666409576,0.09211405994732372,5.905321123881419,5.817571464953376,3.235467118234546,7.237996177457973
cont,Ackley,17,ALO,15000,hard,0,30,0.03125,0.0016532542666409576,0.09211405994732372,5.905321123881419,5.817571464953376,3.235467118234546,7.237996177457973
cont,Ackley,17,BA,12000,easy,0,30,0.03125,0.0016532542666409576,0.09211405994732372,5.642881074748133,5.60594605929553,3.574250449104945,6.944087335407881
cont,Ackley,17,BA,12000,med,0,30,0.03125,0.0016532542666409576,0.09211405994732372,5.642881074748133,5.60594605929553,3.574250449104945,6.944087335407881
cont,Ackley,17,BA,12000,hard,0,30,0.03125,0.0016532542666409576,0.09211405994732372,5.642881074748133,5.60594605929553,3.574250449104945,6.944087335407881
cont,Ackley,17,BA,15000,easy,0,30,0.03125,0.0016532542666409576,0.09211405994732372,5.426147910065672,5.3348418284802275,3.8857649566559016,7.2941908804269815
cont,Ackley,17,BA,15000,med,0,30,0.03125,0.0016532542666409576,0.09211405994732372,5.426147910065672,5.3348418284802275,3.8857649566559016,7.2941908804269815
cont,Ackley,17,BA,15000,hard,0,30,0.03125,0.0016532542666409576,0.09211405994732372,5.426147910065672,5.3348418284802275,3.8857649566559016,7.2941908804269815
cont,Ackley,17,ES_1P1,12000,easy,10,30,0.34375,0.21336046293527158,0.485416074399548,1.2552690900965826,1.1551485027098303,1.0023093466315913e-12,3.222751386384513
cont,Ackley,17,ES_1P1,12000,med,10,30,0.34375,0.21336046293527158,0.485416074399548,1.2552690900965826,1.1551485027098303,1.0023093466315913e-12,3.222751386384513
cont,Ackley,17,ES_1P1,12000,hard,10,30,0.34375,0.21336046293527158,0.485416074399548,1.2552690900965826,1.1551485027098303,1.0023093466315913e-12,3.222751386384513
cont,Ackley,17,ES_1P1,15000,easy,10,30,0.34375,0.21336046293527158,0.485416074399548,1.4224597429300665,1.8297694346794544,9.703349235223868e-13,3.574239615680192
cont,Ackley,17,ES_1P1,15000,med,10,30,0.34375,0.21336046293527158,0.485416074399548,1.4224597429300665,1.8297694346794544,9.703349235223868e-13,3.574239615680192
cont,Ackley,17,ES_1P1,15000,hard,10,30,0.34375,0.21336046293527158,0.485416074399548,1.4224597429300665,1.8297694346794544,9.703349235223868e-13,3.574239615680192
cont,Ackley,17,FA,12000,easy,0,30,0.03125,0.0016532542666409576,0.09211405994732372,5.217741256520234,5.216711750581313,4.13387118078813,6.00178439668727
cont,Ackley,17,FA,12000,med,0,30,0.03125,0.0016532542666409576,0.09211405994732372,5.217741256520234,5.216711750581313,4.13387118078813,6.00178439668727
cont,Ackley,17,FA,12000,hard,0,30,0.03125,0.0016532542666409576,0.09211405994732372,5.217741256520234,5.216711750581313,4.13387118078813,6.00178439668727
cont,Ackley,17,FA,15000,easy,0,30,0.03125,0.0016532542666409576,0.09211405994732372,5.190846774426692,5.214622506106837,4.276389954279544,6.1196769264653135
cont,Ackley,17,FA,15000,med,0,30,0.03125,0.0016532542666409576,0.09211405994732372,5.190846774426692,5.214622506106837,4.276389954279544,6.1196769264653135
cont,Ackley,17,FA,15000,hard,0,30,0.03125,0.0016532542666409576,0.09211405994732372,5.190846774426692,5.214622506106837,4.276389954279544,6.1196769264653135
cont,Ackley,17,GWO,12000,easy,6,30,0.21875,0.11108877125926007,0.3466525437888071,0.7997251514449748,0.853518207562479,0.012619559209277487,1.5246227098129954
cont,Ackley,17,GWO,12000,med,0,30,0.03125,0.0016532542666409576,0.09211405994732372,0.7997251514449748,0.853518207562479,0.012619559209277487,1.5246227098129954
cont,Ackley,17,GWO,12000,hard,0,30,0.03125,0.0016532542666409576,0.09211405994732372,0.7997251514449748,0.853518207562479,0.012619559209277487,1.5246227098129954
cont,Ackley,17,GWO,15000,easy,4,30,0.15625,0.06578047054601774,0.2713711815575147,1.0235421279401915,1.1851523230954784,0.008218610663437875,1.872769932330503
cont,Ackley,17,GWO,15000,med,1,30,0.0625,0.011585315861443594,0.14409039131834475,1.0235421279401915,1.1851523230954784,0.008218610663437875,1.872769932330503
cont,Ackley,17,GWO,15000,hard,0,30,0.03125,0.0016532542666409576,0.09211405994732372,1.0235421279401915,1.1851523230954784,0.008218610663437875,1.872769932330503
cont,Ackley,17,MFO,12000,easy,0,30,0.03125,0.0016532542666409576,0.09211405994732372,3.6511873862107573,3.7401774743761593,1.784984848665808,5.233001920545291
cont,Ackley,17,MFO,12000,med,0,30,0.03125,0.0016532542666409576,0.09211405994732372,3.6511873862107573,3.7401774743761593,1.784984848665808,5.233001920545291
cont,Ackley,17,MFO,12000,hard,0,30,0.03125,0.0016532542666409576,0.09211405994732372,3.6511873862107573,3.7401774743761593,1.784984848665808,5.233001920545291
cont,Ackley,17,MFO,15000,easy,0,30,0.03125,0.0016532542666409576,0.09211405994732372,3.5930515008032273,3.382187159457527,2.1490361970988947,5.349753845923416
cont,Ackley,17,MFO,15000,med,0,30,0.03125,0.0016532542666409576,0.09211405994732372,3.5930515008032273,3.382187159457527,2.1490361970988947,5.349753845923416
cont,Ackley,17,MFO,15000,hard,0,30,0.03125,0.0016532542666409576,0.09211405994732372,3.5930515008032273,3.382187159457527,2.1490361970988947,5.349753845923416
cont,Ackley,17,PSO_GBEST,12000,easy,26,30,0.84375,0.7286288184424853,0.9342195294539822,0.41218514587199334,1.6357981635906071e-10,3.5840219680949303e-11,3.5730921837209633
cont,Ackley,17,PSO_GBEST,12000,med,26,30,0.84375,0.7286288184424853,0.9342195294539822,0.41218514587199334,1.6357981635906071e-10,3.5840219680949303e-11,3.5730921837209633
cont,Ackley,17,PSO_GBEST,12000,hard,26,30,0.84375,0.7286288184424853,0.9342195294539822,0.41218514587199334,1.6357981635906071e-10,3.5840219680949303e-11,3.5730921837209633
cont,Ackley,17,PSO_GBEST,15000,easy,25,30,0.8125,0.690356484642353,0.9121855328567512,0.3931592566648496,4.907185768843192e-13,2.886579864025407e-14,3.0728838413946886
cont,Ackley,17,PSO_GBEST,15000,med,25,30,0.8125,0.690356484642353,0.9121855328567512,0.3931592566648496,4.907185768843192e-13,2.886579864025407e-14,3.0728838413946886
cont,Ackley,17,PSO_GBEST,15000,hard,25,30,0.8125,0.690356484642353,0.9121855328567512,0.3931592566648496,4.907185768843192e-13,2.886579864025407e-14,3.0728838413946886
cont,Ackley,17,WOA,12000,easy,4,30,0.15625,0.06578047054601774,0.2713711815575147,2.072411992218753,2.319498654366488,0.010371354921823173,4.168019942360498
cont,Ackley,17,WOA,12000,med,0,30,0.03125,0.0016532542666409576,0.09211405994732372,2.072411992218753,2.319498654366488,0.010371354921823173,4.168019942360498
cont,Ackley,17,WOA,12000,hard,0,30,0.03125,0.0016532542666409576,0.09211405994732372,2.072411992218753,2.319498654366488,0.010371354921823173,4.168019942360498
cont,Ackley,17,WOA,15000,easy,4,30,0.15625,0.06578047054601774,0.2713711815575147,1.9698030486587477,2.0142642599298957,0.004048127458240902,4.545771390485708
cont,Ackley,17,WOA,15000,med,2,30,0.09375,0.02690011969114915,0.18946446742553866,1.9698030486587477,2.0142642599298957,0.004048127458240902,4.545771390485708
cont,Ackley,17,WOA,15000,hard,0,30,0.03125,0.0016532542666409576,0.09211405994732372,1.9698030486587477,2.0142642599298957,0.004048127458240902,4.545771390485708
cont,Ackley,18,ALO,12000,easy,0,30,0.03125,0.0016532542666409576,0.09211405994732372,5.970773727103838,5.928954584806407,4.424213878946588,7.8171308349388
cont,Ackley,18,ALO,12000,med,0,30,0.03125,0.0016532542666409576,0.09211405994732372,5.970773727103838,5.928954584806407,4.424213878946588,7.8171308349388
cont,Ackley,18,ALO,12000,hard,0,30,0.03125,0.0016532542666409576,0.09211405994732372,5.970773727103838,5.928954584806407,4.424213878946588,7.8171308349388
cont,Ackley,18,ALO,15000,easy,0,30,0.03125,0.0016532542666409576,0.09211405994732372,6.078659962579276,6.166377178929187,4.424487382435196,7.767798965271561
cont,Ackley,18,ALO,15000,med,0,30,0.03125,0.0016532542666409576,0.09211405994732372,6.078659962579276,6.166377178929187,4.424487382435196,7.767798965271561
cont,Ackley,18,ALO,15000,hard,0,30,0.03125,0.0016532542666409576,0.09211405994732372,6.078659962579276,6.166377178929187,4.424487382435196,7.767798965271561
cont,Ackley,18,BA,12000,easy,0,30,0.03125,0.0016532542666409576,0.09211405994732372,5.262507794586576,5.28655194166339,2.3168572827288405,7.064303681716154
cont,Ackley,18,BA,12000,med,0,30,0.03125,0.0016532542666409576,0.09211405994732372,5.262507794586576,5.28655194166339,2.3168572827288405,7.064303681716154
cont,Ackley,18,BA,12000,hard,0,30,0.03125,0.0016532542666409576,0.09211405994732372,5.262507794586576,5.28655194166339,2.3168572827288405,7.064303681716154
cont,Ackley,18,BA,15000,easy,0,30,0.03125,0.0016532542666409576,0.09211405994732372,5.265629601360614,5.473322369925226,3.0266000033689626,6.692052803463316
cont,Ackley,18,BA,15000,med,0,30,0.03125,0.0016532542666409576,0.09211405994732372,5.265629601360614,5.473322369925226,3.0266000033689626,6.692052803463316
cont,Ackley,18,BA,15000,hard,0,30,0.03125,0.0016532542666409576,0.09211405994732372,5.265629601360614,5.473322369925226,3.0266000033689626,6.692052803463316
cont,Ackley,18,ES_1P1,12000,easy,10,30,0.34375,0.21336046293527158,0.485416074399548,1.264104303027647,1.6462236331031108,9.490186414495838e-13,3.0271084229910987
cont,Ackley,18,ES_1P1,12000,med,10,30,0.34375,0.21336046293527158,0.485416074399548,1.264104303027647,1.6462236331031108,9.490186414495838e-13,3.0271084229910987
cont,Ackley,18,ES_1P1,12000,hard,10,30,0.34375,0.21336046293527158,0.485416074399548,1.264104303027647,1.6462236331031108,9.490186414495838e-13,3.0271084229910987
cont,Ackley,18,ES_1P1,15000,easy,11,30,0.375,0.24077485846609245,0.5182492532388523,1.2406893106151002,1.4006860679064723,8.815170815523743e-13,3.734200266336313
cont,Ackley,18,ES_1P1,15000,med,11,30,0.375,0.24077485846609245,0.5182492532388523,1.2406893106151002,1.4006860679064723,8.815170815523743e-13,3.734200266336313
cont,Ackley,18,ES_1P1,15000,hard,11,30,0.375,0.24077485846609245,0.5182492532388523,1.2406893106151002,1.4006860679064723,8.815170815523743e-13,3.734200266336313
cont,Ackley,18,FA,12000,easy,0,30,0.03125,0.0016532542666409576,0.09211405994732372,5.501736572285918,5.487371472858705,4.508284699336738,6.196658055303953
cont,Ackley,18,FA,12000,med,0,30,0.03125,0.0016532542666409576,0.09211405994732372,5.501736572285918,5.487371472858705,4.508284699336738,6.196658055303953
cont,Ackley,18,FA,12000,hard,0,30,0.03125,0.0016532542666409576,0.09211405994732372,5.501736572285918,5.487371472858705,4.508284699336738,6.196658055303953
cont,Ackley,18,FA,15000,easy,0,30,0.03125,0.0016532542666409576,0.09211405994732372,5.361786364602851,5.368903633769701,4.4256208097066825,5.987551202560709
cont,Ackley,18,FA,15000,med,0,30,0.03125,0.0016532542666409576,0.09211405994732372,5.361786364602851,5.368903633769701,4.4256208097066825,5.987551202560709
cont,Ackley,18,FA,15000,hard,0,30,0.03125,0.0016532542666409576,0.09211405994732372,5.361786364602851,5.368903633769701,4.4256208097066825,5.987551202560709
cont,Ackley,18,GWO,12000,easy,0,30,0.03125,0.0016532542666409576,0.09211405994732372,0.6072881060143273,0.6333955406165033,0.18589070448003442,1.5941610424238815
cont,Ackley,18,GWO,12000,med,0,30,0.03125,0.0016532542666409576,0.09211405994732372,0.6072881060143273,0.6333955406165033,0.18589070448003442,1.5941610424238815
cont,Ackley,18,GWO,12000,hard,0,30,0.03125,0.0016532542666409576,0.09211405994732372,0.6072881060143273,0.6333955406165033,0.18589070448003442,1.5941610424238815
cont,Ackley,18,GWO,15000,easy,0,30,0.03125,0.0016532542666409576,0.09211405994732372,0.6123390358982225,0.5260262568774619,0.14413218357392,1.5786833223079566
cont,Ackley,18,GWO,15000,med,0,30,0.03125,0.0016532542666409576,0.09211405994732372,0.6123390358982225,0.5260262568774619,0.14413218357392,1.5786833223079566
cont,Ackley,18,GWO,15000,hard,0,30,0.03125,0.0016532542666409576,0.09211405994732372,0.6123390358982225,0.5260262568774619,0.14413218357392,1.5786833223079566
cont,Ackley,18,MFO,12000,easy,0,30,0.03125,0.0016532542666409576,0.09211405994732372,3.0381713823886423,3.050698225698103,0.20244199121713224,4.782612864093785
cont,Ackley,18,MFO,12000,med,0,30,0.03125,0.0016532542666409576,0.09211405994732372,3.0381713823886423,3.050698225698103,0.20244199121713224,4.782612864093785
cont,Ackley,18,MFO,12000,hard,0,30,0.03125,0.0016532542666409576,0.09211405994732372,3.0381713823886423,3.050698225698103,0.20244199121713224,4.782612864093785
cont,Ackley,18,MFO,15000,easy,0,30,0.03125,0.0016532542666409576,0.09211405994732372,3.0841797657519767,3.2793846637411677,1.2927583440974435,4.210645918612077
cont,Ackley,18,MFO,15000,med,0,30,0.03125,0.0016532542666409576,0.09211405994732372,3.0841797657519767,3.2793846637411677,1.2927583440974435,4.210645918612077
cont,Ackley,18,MFO,15000,hard,0,30,0.03125,0.0016532542666409576,0.09211405994732372,3.0841797657519767,3.2793846637411677,1.2927583440974435,4.210645918612077
cont,Ackley,18,PSO_GBEST,12000,easy,25,30,0.8125,0.690356484642353,0.9121855328567512,0.3901826623161418,1.3879430937890902e-10,3.6916691925625855e-11,3.634016986952503
cont,Ackley,18,PSO_GBEST,12000,med,25,30,0.8125,0.690356484642353,0.9121855328567512,0.3901826623161418,1.3879430937890902e-10,3.6916691925625855e-11,3.634016986952503
cont,Ackley,18,PSO_GBEST,12000,hard,25,30,0.8125,0.690356484642353,0.9121855328567512,0.3901826623161418,1.3879430937890902e-10,3.6916691925625855e-11,3.634016986952503
cont,Ackley,18,PSO_GBEST,15000,easy,26,30,0.84375,0.7286288184424853,0.9342195294539822,0.3237698847398241,3.432809592140984e-13,5.728750807065808e-14,3.766787963549032
cont,Ackley,18,PSO_GBEST,15000,med,26,30,0.84375,0.7286288184424853,0.9342195294539822,0.3237698847398241,3.432809592140984e-13,5.728750807065808e-14,3.766787963549032
cont,Ackley,18,PSO_GBEST,15000,hard,26,30,0.84375,0.7286288184424853,0.9342195294539822,0.3237698847398241,3.432809592140984e-13,5.728750807065808e-14,3.766787963549032
cont,Ackley,18,WOA,12000,easy,3,30,0.125,0.04530017302264189,0.23150297514336832,1.8455490975554096,2.18348323156776,0.03624450026323389,3.585335485702672
cont,Ackley,18,WOA,12000,med,0,30,0.03125,0.0016532542666409576,0.09211405994732372,1.8455490975554096,2.18348323156776,0.03624450026323389,3.585335485702672
cont,Ackley,18,WOA,12000,hard,0,30,0.03125,0.0016532542666409576,0.09211405994732372,1.8455490975554096,2.18348323156776,0.03624450026323389,3.585335485702672
cont,Ackley,18,WOA,15000,easy,6,30,0.21875,0.11108877125926007,0.3466525437888071,1.6018255530500203,1.6521597820267293,0.03398841816664033,4.030225802681915
cont,Ackley,18,WOA,15000,med,0,30,0.03125,0.0016532542666409576,0.09211405994732372,1.6018255530500203,1.6521597820267293,0.03398841816664033,4.030225802681915
cont,Ackley,18,WOA,15000,hard,0,30,0.03125,0.0016532542666409576,0.09211405994732372,1.6018255530500203,1.6521597820267293,0.03398841816664033,4.030225802681915
cont,Griewank,2,ALO,12000,easy,0,30,0.03125,0.0016532542666409576,0.09211405994732372,0.7344240057441029,0.7649744050812084,0.39725609276038754,0.9159898195238872
cont,Griewank,2,ALO,12000,med,0,30,0.03125,0.0016532542666409576,0.09211405994732372,0.7344240057441029,0.7649744050812084,0.39725609276038754,0.9159898195238872
cont,Griewank,2,ALO,12000,hard,0,30,0.03125,0.0016532542666409576,0.09211405994732372,0.7344240057441029,0.7649744050812084,0.39725609276038754,0.9159898195238872
cont,Griewank,2,ALO,15000,easy,0,30,0.03125,0.0016532542666409576,0.09211405994732372,0.6515946969258779,0.6986632550089285,0.31468847120051013,0.9437160336956464
cont,Griewank,2,ALO,15000,med,0,30,0.03125,0.0016532542666409576,0.09211405994732372,0.6515946969258779,0.6986632550089285,0.31468847120051013,0.9437160336956464
cont,Griewank,2,ALO,15000,hard,0,30,0.03125,0.0016532542666409576,0.09211405994732372,0.6515946969258779,0.6986632550089285,0.31468847120051013,0.9437160336956464
cont,Griewank,2,BA,12000,easy,0,30,0.03125,0.0016532542666409576,0.09211405994732372,0.48791909002718536,0.43943335048934296,0.1664822150799392,0.8539349289129816
cont,Griewank,2,BA,12000,med,0,30,0.03125,0.0016532542666409576,0.09211405994732372,0.48791909002718536,0.43943335048934296,0.1664822150799392,0.8539349289129816
cont,Griewank,2,BA,12000,hard,0,30,0.03125,0.0016532542666409576,0.09211405994732372,0.48791909002718536,0.43943335048934296,0.1664822150799392,0.8539349289129816
cont,Griewank,2,BA,15000,easy,5,30,0.1875,0.08781446714324878,0.30964351535764695,0.3465814254891561,0.3687291521277421,0.052364936961983855,0.7798156755057657
cont,Griewank,2,BA,15000,med,0,30,0.03125,0.0016532542666409576,0.09211405994732372,0.3465814254891561,0.3687291521277421,0.052364936961983855,0.7798156755057657
cont,Griewank,2,BA,15000,hard,0,30,0.03125,0.0016532542666409576,0.09211405994732372,0.3465814254891561,0.3687291521277421,0.052364936961983855,0.7798156755057657
cont,Griewank,2,ES_1P1,12000,easy,23,30,0.75,0.6173897690830179,0.8645994152416211,0.09674513101534596,0.040959489717278474,0.0,0.3906962012601758
cont,Griewank,2,ES_1P1,12000,med,3,30,0.125,0.04530017302264189,0.23150297514336832,0.09674513101534596,0.040959489717278474,0.0,0.3906962012601758
cont,Griewank,2,ES_1P1,12000,hard,1,30,0.0625,0.011585315861443594,0.14409039131834475,0.09674513101534596,0.040959489717278474,0.0,0.3906962012601758
cont,Griewank,2,ES_1P1,15000,easy,19,30,0.625,0.4817507467611476,0.7592251415339075,0.1268215883252857,0.05728126815804224,0.007396040334114895,0.5838964246775589
cont,Griewank,2,ES_1P1,15000,med,5,30,0.1875,0.08781446714324878,0.30964351535764695,0.1268215883252857,0.05728126815804224,0.007396040334114895,0.5838964246775589
cont,Griewank,2,ES_1P1,15000,hard,0,30,0.03125,0.0016532542666409576,0.09211405994732372,0.1268215883252857,0.05728126815804224,0.007396040334114895,0.5838964246775589
cont,Griewank,2,FA,12000,easy,0,30,0.03125,0.0016532542666409576,0.09211405994732372,0.6004143571583592,0.6339833191462794,0.34260279598733057,0.7556698321979205
cont,Griewank,2,FA,12000,med,0,30,0.03125,0.0016532542666409576,0.09211405994732372,0.6004143571583592,0.6339833191462794,0.34260279598733057,0.7556698321979205
cont,Griewank,2,FA,12000,hard,0,30,0.03125,0.0016532542666409576,0.09211405994732372,0.6004143571583592,0.6339833191462794,0.34260279598733057,0.7556698321979205
cont,Griewank,2,FA,15000,easy,0,30,0.03125,0.0016532542666409576,0.09211405994732372,0.6215232494699107,0.6446226685379524,0.3920058659111816,0.7202637177728721
cont,Griewank,2,FA,15000,med,0,30,0.03125,0.0016532542666409576,0.09211405994732372,0.6215232494699107,0.6446226685379524,0.3920058659111816,0.7202637177728721
cont,Griewank,2,FA,15000,hard,0,30,0.03125,0.0016532542666409576,0.09211405994732372,0.6215232494699107,0.6446226685379524,0.3920058659111816,0.7202637177728721
cont,Griewank,2,GWO,12000,easy,25,30,0.8125,0.690356484642353,0.9121855328567512,0.07417634428722103,0.04706428227141646,0.010766825273196945,0.2654532479642908
cont,Griewank,2,GWO,12000,med,0,30,0.03125,0.0016532542666409576,0.09211405994732372,0.07417634428722103,0.04706428227141646,0.010766825273196945,0.2654532479642908
cont,Griewank,2,GWO,12000,hard,0,30,0.03125,0.0016532542666409576,0.09211405994732372,0.07417634428722103,0.04706428227141646,0.010766825273196945,0.2654532479642908
cont,Griewank,2,GWO,15000,easy,23,30,0.75,0.6173897690830179,0.8645994152416211,0.09180296099268781,0.04395960976202684,0.010252767896135051,0.3874548111789643
cont,Griewank,2,GWO,15000,med,0,30,0.03125,0.0016532542666409576,0.09211405994732372,0.09180296099268781,0.04395960976202684,0.010252767896135051,0.3874548111789643
cont,Griewank,2,GWO,15000,hard,0,30,0.03125,0.0016532542666409576,0.09211405994732372,0.09180296099268781,0.04395960976202684,0.010252767896135051,0.3874548111789643
cont,Griewank,2,MFO,12000,easy,2,30,0.09375,0.02690011969114915,0.18946446742553866,0.2733729336942195,0.25942406659026285,0.05057561839250624,0.6132936895168355
cont,Griewank,2,MFO,12000,med,0,30,0.03125,0.0016532542666409576,0.09211405994732372,0.2733729336942195,0.25942406659026285,0.05057561839250624,0.6132936895168355
cont,Griewank,2,MFO,12000,hard,0,30,0.03125,0.0016532542666409576,0.09211405994732372,0.2733729336942195,0.25942406659026285,0.05057561839250624,0.6132936895168355
cont,Griewank,2,MFO,15000,easy,5,30,0.1875,0.08781446714324878,0.30964351535764695,0.2647425116699289,0.24604612664185743,0.036455986825236764,0.631778012113745
cont,Griewank,2,MFO,15000,med,0,30,0.03125,0.0016532542666409576,0.09211405994732372,0.2647425116699289,0.24604612664185743,0.036455986825236764,0.631778012113745
cont,Griewank,2,MFO,15000,hard,0,30,0.03125,0.0016532542666409576,0.09211405994732372,0.2647425116699289,0.24604612664185743,0.036455986825236764,0.631778012113745
cont,Griewank,2,PSO_GBEST,12000,easy,14,30,0.46875,0.3267393648975071,0.6130177450552665,0.1649870840387364,0.116564883496667,0.007396040334114895,0.48079590485905976
cont,Griewank,2,PSO_GBEST,12000,med,2,30,0.09375,0.02690011969114915,0.18946446742553866,0.1649870840387364,0.116564883496667,0.007396040334114895,0.48079590485905976
cont,Griewank,2,PSO_GBEST,12000,hard,0,30,0.03125,0.0016532542666409576,0.09211405994732372,0.1649870840387364,0.116564883496667,0.007396040334114895,0.48079590485905976
cont,Griewank,2,PSO_GBEST,15000,easy,18,30,0.59375,0.4495566259694524,0.7311737237767726,0.08069217633920456,0.049914017071513384,0.009864672061006052,0.26548882874948265
cont,Griewank,2,PSO_GBEST,15000,med,1,30,0.0625,0.011585315861443594,0.14409039131834475,0.08069217633920456,0.049914017071513384,0.009864672061006052,0.26548882874948265
cont,Griewank,2,PSO_GBEST,15000,hard,0,30,0.03125,0.0016532542666409576,0.09211405994732372,0.08069217633920456,0.049914017071513384,0.009864672061006052,0.26548882874948265
cont,Griewank,2,WOA,12000,easy,20,30,0.65625,0.5145839256004521,0.7866395370647284,0.11471801102545096,0.05510494388473902,0.007606527892639381,0.5602801646137701
cont,Griewank,2,WOA,12000,med,1,30,0.0625,0.011585315861443594,0.14409039131834475,0.11471801102545096,0.05510494388473902,0.007606527892639381,0.5602801646137701
cont,Griewank,2,WOA,12000,hard,0,30,0.03125,0.0016532542666409576,0.09211405994732372,0.11471801102545096,0.05510494388473902,0.007606527892639381,0.5602801646137701
cont,Griewank,2,WOA,15000,easy,18,30,0.59375,0.4495566259694524,0.7311737237767726,0.10308925028264491,0.06462958589632772,0.007675975588059436,0.40087717073540086
cont,Griewank,2,WOA,15000,med,2,30,0.09375,0.02690011969114915,0.18946446742553866,0.10308925028264491,0.06462958589632772,0.007675975588059436,0.40087717073540086
cont,Griewank,2,WOA,15000,hard,0,30,0.03125,0.0016532542666409576,0.09211405994732372,0.10308925028264491,0.06462958589632772,0.007675975588059436,0.40087717073540086
cont,Griewank,3,ALO,12000,easy,0,30,0.03125,0.0016532542666409576,0.09211405994732372,0.7699147728624262,0.8018702155869792,0.395194446940655,0.9653786978129784
cont,Griewank,3,ALO,12000,med,0,30,0.03125,0.0016532542666409576,0.09211405994732372,0.7699147728624262,0.8018702155869792,0.395194446940655,0.9653786978129784
cont,Griewank,3,ALO,12000,hard,0,30,0.03125,0.0016532542666409576,0.09211405994732372,0.7699147728624262,0.8018702155869792,0.395194446940655,0.9653786978129784
cont,Griewank,3,ALO,15000,easy,0,30,0.03125,0.0016532542666409576,0.09211405994732372,0.7820809554375104,0.784020197865946,0.5327462063943966,0.9755213264295977
cont,Griewank,3,ALO,15000,med,0,30,0.03125,0.0016532542666409576,0.09211405994732372,0.7820809554375104,0.784020197865946,0.5327462063943966,0.9755213264295977
cont,Griewank,3,ALO,15000,hard,0,30,0.03125,0.0016532542666409576,0.09211405994732372,0.7820809554375104,0.784020197865946,0.5327462063943966,0.9755213264295977
cont,Griewank,3,BA,12000,easy,0,30,0.03125,0.0016532542666409576,0.09211405994732372,0.617624458374465,0.6477245967718845,0.21426208790711787,0.9339711242064317
cont,Griewank,3,BA,12000,med,0,30,0.03125,0.0016532542666409576,0.09211405994732372,0.617624458374465,0.6477245967718845,0.21426208790711787,0.9339711242064317
cont,Griewank,3,BA,12000,hard,0,30,0.03125,0.0016532542666409576,0.09211405994732372,0.617624458374465,0.6477245967718845,0.21426208790711787,0.9339711242064317
cont,Griewank,3,BA,15000,easy,1,30,0.0625,0.011585315861443594,0.14409039131834475,0.46627928986221,0.4718406991164274,0.045825528791988424,0.8424538805932784
cont,Griewank,3,BA,15000,med,0,30,0.03125,0.0016532542666409576,0.09211405994732372,0.46627928986221,0.4718406991164274,0.045825528791988424,0.8424538805932784
cont,Griewank,3,BA,15000,hard,0,30,0.03125,0.0016532542666409576,0.09211405994732372,0.46627928986221,0.4718406991164274,0.045825528791988424,0.8424538805932784
cont,Griewank,3,ES_1P1,12000,easy,8,30,0.28125,0.16061109125637793,0.4176603337442609,0.3056846451862555,0.2589417846396798,0.009864672061006385,0.8582486393185611
cont,Griewank,3,ES_1P1,12000,med,1,30,0.0625,0.011585315861443594,0.14409039131834475,0.3056846451862555,0.2589417846396798,0.009864672061006385,0.8582486393185611
cont,Griewank,3,ES_1P1,12000,hard,0,30,0.03125,0.0016532542666409576,0.09211405994732372,0.3056846451862555,0.2589417846396798,0.009864672061006385,0.8582486393185611
cont,Griewank,3,ES_1P1,15000,easy,11,30,0.375,0.24077485846609245,0.5182492532388523,0.20638533726880556,0.19618084091888482,0.0,0.7323587462599844
cont,Griewank,3,ES_1P1,15000,med,2,30,0.09375,0.02690011969114915,0.18946446742553866,0.20638533726880556,0.19618084091888482,0.0,0.7323587462599844
cont,Griewank,3,ES_1P1,15000,hard,1,30,0.0625,0.011585315861443594,0.14409039131834475,0.20638533726880556,0.19618084091888482,0.0,0.7323587462599844
cont,Griewank,3,FA,12000,easy,0,30,0.03125,0.0016532542666409576,0.09211405994732372,0.642194940535843,0.6429790205846043,0.469746394973128,0.758896857131627
cont,Griewank,3,FA,12000,med,0,30,0.03125,0.0016532542666409576,0.09211405994732372,0.642194940535843,0.6429790205846043,0.469746394973128,0.758896857131627
cont,Griewank,3,FA,12000,hard,0,30,0.03125,0.0016532542666409576,0.09211405994732372,0.642194940535843,0.6429790205846043,0.469746394973128,0.758896857131627
cont,Griewank,3,FA,15000,easy,0,30,0.03125,0.0016532542666409576,0.09211405994732372,0.6447983345435608,0.6584801958314968,0.4263504795427444,0.7667326223716919
cont,Griewank,3,FA,15000,med,0,30,0.03125,0.0016532542666409576,0.09211405994732372,0.6447983345435608,0.6584801958314968,0.4263504795427444,0.7667326223716919
cont,Griewank,3,FA,15000,hard,0,30,0.03125,0.0016532542666409576,0.09211405994732372,0.6447983345435608,0.6584801958314968,0.4263504795427444,0.7667326223716919
cont,Griewank,3,GWO,12000,easy,14,30,0.46875,0.3267393648975071,0.6130177450552665,0.13291734311467346,0.11815503339280908,0.010890382946792232,0.3163800685935002
cont,Griewank,3,GWO,12000,med,0,30,0.03125,0.0016532542666409576,0.09211405994732372,0.13291734311467346,0.11815503339280908,0.010890382946792232,0.3163800685935002
cont,Griewank,3,GWO,12000,hard,0,30,0.03125,0.0016532542666409576,0.09211405994732372,0.13291734311467346,0.11815503339280908,0.010890382946792232,0.3163800685935002
cont,Griewank,3,GWO,15000,easy,17,30,0.5625,0.417973431326673,0.7025127599090644,0.1106116739167266,0.08457286525029695,0.0010166349305086309,0.2761783049900305
cont,Griewank,3,GWO,15000,med,1,30,0.0625,0.011585315861443594,0.14409039131834475,0.1106116739167266,0.08457286525029695,0.0010166349305086309,0.2761783049900305
cont,Griewank,3,GWO,15000,hard,0,30,0.03125,0.0016532542666409576,0.09211405994732372,0.1106116739167266,0.08457286525029695,0.0010166349305086309,0.2761783049900305
cont,Griewank,3,MFO,12000,easy,3,30,0.125,0.04530017302264189,0.23150297514336832,0.35586690342692806,0.33862138072493975,0.04978283703463182,0.732519159612315
cont,Griewank,3,MFO,12000,med,0,30,0.03125,0.0016532542666409576,0.09211405994732372,0.35586690342692806,0.33862138072493975,0.04978283703463182,0.732519159612315
cont,Griewank,3,MFO,12000,hard,0,30,0.03125,0.0016532542666409576,0.09211405994732372,0.35586690342692806,0.33862138072493975,0.04978283703463182,0.732519159612315
cont,Griewank,3,MFO,15000,easy,5,30,0.1875,0.08781446714324878,0.30964351535764695,0.2716783705729902,0.21063196076926044,0.05009419723120956,0.8215298962596052
cont,Griewank,3,MFO,15000,med,0,30,0.03125,0.0016532542666409576,0.09211405994732372,0.2716783705729902,0.21063196076926044,0.05009419723120956,0.8215298962596052
cont,Griewank,3,MFO,15000,hard,0,30,0.03125,0.0016532542666409576,0.09211405994732372,0.2716783705729902,0.21063196076926044,0.05009419723120956,0.8215298962596052
cont,Griewank,3,PSO_GBEST,12000,easy,17,30,0.5625,0.417973431326673,0.7025127599090644,0.11528964929214487,0.048926783567769416,0.0,0.5412480086677587
cont,Griewank,3,PSO_GBEST,12000,med,3,30,0.125,0.04530017302264189,0.23150297514336832,0.11528964929214487,0.048926783567769416,0.0,0.5412480086677587
cont,Griewank,3,PSO_GBEST,12000,hard,1,30,0.0625,0.011585315861443594,0.14409039131834475,0.11528964929214487,0.048926783567769416,0.0,0.5412480086677587
cont,Griewank,3,PSO_GBEST,15000,easy,21,30,0.6875,0.5480955827806314,0.8133783644295347,0.0902435652027607,0.041042425273882355,0.0,0.4808802905163775
cont,Griewank,3,PSO_GBEST,15000,med,4,30,0.15625,0.06578047054601774,0.2713711815575147,0.0902435652027607,0.041042425273882355,0.0,0.4808802905163775
cont,Griewank,3,PSO_GBEST,15000,hard,3,30,0.125,0.04530017302264189,0.23150297514336832,0.0902435652027607,0.041042425273882355,0.0,0.4808802905163775
cont,Griewank,3,WOA,12000,easy,17,30,0.5625,0.417973431326673,0.7025127599090644,0.1176268088649659,0.043226635440693384,0.001510759026086883,0.34909678200615335
cont,Griewank,3,WOA,12000,med,2,30,0.09375,0.02690011969114915,0.18946446742553866,0.1176268088649659,0.043226635440693384,0.001510759026086883,0.34909678200615335
cont,Griewank,3,WOA,12000,hard,0,30,0.03125,0.0016532542666409576,0.09211405994732372,0.1176268088649659,0.043226635440693384,0.001510759026086883,0.34909678200615335
cont,Griewank,3,WOA,15000,easy,16,30,0.53125,0.3869822549447333,0.6732606351024929,0.11544925493126941,0.0544908714556786,0.00812202821559227,0.4253743663538443
cont,Griewank,3,WOA,15000,med,2,30,0.09375,0.02690011969114915,0.18946446742553866,0.11544925493126941,0.0544908714556786,0.00812202821559227,0.4253743663538443
cont,Griewank,3,WOA,15000,hard,0,30,0.03125,0.0016532542666409576,0.09211405994732372,0.11544925493126941,0.0544908714556786,0.00812202821559227,0.4253743663538443
cont,Griewank,6,ALO,12000,easy,0,30,0.03125,0.0016532542666409576,0.09211405994732372,0.6924640287402243,0.7169334459945006,0.21100388957559857,0.9619096062121368
cont,Griewank,6,ALO,12000,med,0,30,0.03125,0.0016532542666409576,0.09211405994732372,0.6924640287402243,0.7169334459945006,0.21100388957559857,0.9619096062121368
cont,Griewank,6,ALO,12000,hard,0,30,0.03125,0.0016532542666409576,0.09211405994732372,0.6924640287402243,0.7169334459945006,0.21100388957559857,0.9619096062121368
cont,Griewank,6,ALO,15000,easy,0,30,0.03125,0.0016532542666409576,0.09211405994732372,0.6829793716185305,0.7181285851721817,0.3566450112723658,0.8688605466364259
cont,Griewank,6,ALO,15000,med,0,30,0.03125,0.0016532542666409576,0.09211405994732372,0.6829793716185305,0.7181285851721817,0.3566450112723658,0.8688605466364259
cont,Griewank,6,ALO,15000,hard,0,30,0.03125,0.0016532542666409576,0.09211405994732372,0.6829793716185305,0.7181285851721817,0.3566450112723658,0.8688605466364259
cont,Griewank,6,BA,12000,easy,2,30,0.09375,0.02690011969114915,0.18946446742553866,0.4532458546824462,0.4748834742986791,0.04311395940277074,0.8061128564937704
cont,Griewank,6,BA,12000,med,0,30,0.03125,0.0016532542666409576,0.09211405994732372,0.4532458546824462,0.4748834742986791,0.04311395940277074,0.8061128564937704
cont,Griewank,6,BA,12000,hard,0,30,0.03125,0.0016532542666409576,0.09211405994732372,0.4532458546824462,0.4748834742986791,0.04311395940277074,0.8061128564937704
cont,Griewank,6,BA,15000,easy,2,30,0.09375,0.02690011969114915,0.18946446742553866,0.32867448016924855,0.27659516602989187,0.03460170047542244,0.7154705652610618
cont,Griewank,6,BA,15000,med,0,30,0.03125,0.0016532542666409576,0.09211405994732372,0.32867448016924855,0.27659516602989187,0.03460170047542244,0.7154705652610618
cont,Griewank,6,BA,15000,hard,0,30,0.03125,0.0016532542666409576,0.09211405994732372,0.32867448016924855,0.27659516602989187,0.03460170047542244,0.7154705652610618
cont,Griewank,6,ES_1P1,12000,easy,13,30,0.4375,0.29748724009093563,0.582026568673327,0.21270887771729355,0.16133955707270137,0.007396040334115006,0.6586330180123774
cont,Griewank,6,ES_1P1,12000,med,3,30,0.125,0.04530017302264189,0.23150297514336832,0.21270887771729355,0.16133955707270137,0.007396040334115006,0.6586330180123774
cont,Griewank,6,ES_1P1,12000,hard,0,30,0.03125,0.0016532542666409576,0.09211405994732372,0.21270887771729355,0.16133955707270137,0.007396040334115006,0.6586330180123774
cont,Griewank,6,ES_1P1,15000,easy,15,30,0.5,0.3565721369616578,0.6434278630383421,0.15126893212841133,0.0706012363177127,0.007396040334114895,0.5474897596138698
cont,Griewank,6,ES_1P1,15000,med,4,30,0.15625,0.06578047054601774,0.2713711815575147,0.15126893212841133,0.0706012363177127,0.007396040334114895,0.5474897596138698
cont,Griewank,6,ES_1P1,15000,hard,0,30,0.03125,0.0016532542666409576,0.09211405994732372,0.15126893212841133,0.0706012363177127,0.007396040334114895,0.5474897596138698
cont,Griewank,6,FA,12000,easy,0,30,0.03125,0.0016532542666409576,0.09211405994732372,0.6625159577052812,0.6807005804342021,0.43569985858096394,0.7747351330548945
cont,Griewank,6,FA,12000,med,0,30,0.03125,0.0016532542666409576,0.09211405994732372,0.6625159577052812,0.6807005804342021,0.43569985858096394,0.7747351330548945
cont,Griewank,6,FA,12000,hard,0,30,0.03125,0.0016532542666409576,0.09211405994732372,0.6625159577052812,0.6807005804342021,0.43569985858096394,0.7747351330548945
cont,Griewank,6,FA,15000,easy,0,30,0.03125,0.0016532542666409576,0.09211405994732372,0.6235487062919126,0.6285554925801247,0.42591078589316156,0.7340807081521827
cont,Griewank,6,FA,15000,med,0,30,0.03125,0.0016532542666409576,0.09211405994732372,0.6235487062919126,0.6285554925801247,0.42591078589316156,0.7340807081521827
cont,Griewank,6,FA,15000,hard,0,30,0.03125,0.0016532542666409576,0.09211405994732372,0.6235487062919126,0.6285554925801247,0.42591078589316156,0.7340807081521827
cont,Griewank,6,GWO,12000,easy,13,30,0.4375,0.29748724009093563,0.582026568673327,0.11039096728958732,0.10690800416756036,1.72177165100873e-05,0.3166327137765713
cont,Griewank,6,GWO,12000,med,1,30,0.0625,0.011585315861443594,0.14409039131834475,0.11039096728958732,0.10690800416756036,1.72177165100873e-05,0.3166327137765713
cont,Griewank,6,GWO,12000,hard,1,30,0.0625,0.011585315861443594,0.14409039131834475,0.11039096728958732,0.10690800416756036,1.72177165100873e-05,0.3166327137765713
cont,Griewank,6,GWO,15000,easy,10,30,0.34375,0.21336046293527158,0.485416074399548,0.12316185067623293,0.11876412697675409,1.5571969338989966e-05,0.3610738097963101
cont,Griewank,6,GWO,15000,med,2,30,0.09375,0.02690011969114915,0.18946446742553866,0.12316185067623293,0.11876412697675409,1.5571969338989966e-05,0.3610738097963101
cont,Griewank,6,GWO,15000,hard,2,30,0.09375,0.02690011969114915,0.18946446742553866,0.12316185067623293,0.11876412697675409,1.5571969338989966e-05,0.3610738097963101
cont,Griewank,6,MFO,12000,easy,2,30,0.09375,0.02690011969114915,0.18946446742553866,0.26567718904204024,0.23865440524729176,0.08105220137942204,0.5737475933355254
cont,Griewank,6,MFO,12000,med,0,30,0.03125,0.0016532542666409576,0.09211405994732372,0.26567718904204024,0.23865440524729176,0.08105220137942204,0.5737475933355254
cont,Griewank,6,MFO,12000,hard,0,30,0.03125,0.0016532542666409576,0.09211405994732372,0.26567718904204024,0.23865440524729176,0.08105220137942204,0.5737475933355254
cont,Griewank,6,MFO,15000,easy,4,30,0.15625,0.06578047054601774,0.2713711815575147,0.2642210782380424,0.22739236146656178,0.03449921390550692,0.7776353103575725
cont,Griewank,6,MFO,15000,med,0,30,0.03125,0.0016532542666409576,0.09211405994732372,0.2642210782380424,0.22739236146656178,0.03449921390550692,0.7776353103575725
cont,Griewank,6,MFO,15000,hard,0,30,0.03125,0.0016532542666409576,0.09211405994732372,0.2642210782380424,0.22739236146656178,0.03449921390550692,0.7776353103575725
cont,Griewank,6,PSO_GBEST,12000,easy,20,30,0.65625,0.5145839256004521,0.7866395370647284,0.12510835667114234,0.03920919916542254,0.00985728460782076,0.5403212142406107
cont,Griewank,6,PSO_GBEST,12000,med,2,30,0.09375,0.02690011969114915,0.18946446742553866,0.12510835667114234,0.03920919916542254,0.00985728460782076,0.5403212142406107
cont,Griewank,6,PSO_GBEST,12000,hard,0,30,0.03125,0.0016532542666409576,0.09211405994732372,0.12510835667114234,0.03920919916542254,0.00985728460782076,0.5403212142406107
cont,Griewank,6,PSO_GBEST,15000,easy,19,30,0.625,0.4817507467611476,0.7592251415339075,0.09060698987915164,0.036751649489048244,0.007396040334114895,0.4085423495998389
cont,Griewank,6,PSO_GBEST,15000,med,6,30,0.21875,0.11108877125926007,0.3466525437888071,0.09060698987915164,0.036751649489048244,0.007396040334114895,0.4085423495998389
cont,Griewank,6,PSO_GBEST,15000,hard,0,30,0.03125,0.0016532542666409576,0.09211405994732372,0.09060698987915164,0.036751649489048244,0.007396040334114895,0.4085423495998389
cont,Griewank,6,WOA,12000,easy,18,30,0.59375,0.4495566259694524,0.7311737237767726,0.11309242181803571,0.047683371336583846,6.594554316508017e-06,0.4468574375790816
cont,Griewank,6,WOA,12000,med,3,30,0.125,0.04530017302264189,0.23150297514336832,0.11309242181803571,0.047683371336583846,6.594554316508017e-06,0.4468574375790816
cont,Griewank,6,WOA,12000,hard,1,30,0.0625,0.011585315861443594,0.14409039131834475,0.11309242181803571,0.047683371336583846,6.594554316508017e-06,0.4468574375790816
cont,Griewank,6,WOA,15000,easy,18,30,0.59375,0.4495566259694524,0.7311737237767726,0.09628999180237141,0.04118073154954899,0.007573118460995065,0.3918490023472695
cont,Griewank,6,WOA,15000,med,5,30,0.1875,0.08781446714324878,0.30964351535764695,0.09628999180237141,0.04118073154954899,0.007573118460995065,0.3918490023472695
cont,Griewank,6,WOA,15000,hard,0,30,0.03125,0.0016532542666409576,0.09211405994732372,0.09628999180237141,0.04118073154954899,0.007573118460995065,0.3918490023472695
cont,Griewank,8,ALO,12000,easy,0,30,0.03125,0.0016532542666409576,0.09211405994732372,0.7037056513784335,0.7360480092217994,0.292130195646763,0.9206911357530635
cont,Griewank,8,ALO,12000,med,0,30,0.03125,0.0016532542666409576,0.09211405994732372,0.7037056513784335,0.7360480092217994,0.292130195646763,0.9206911357530635
cont,Griewank,8,ALO,12000,hard,0,30,0.03125,0.0016532542666409576,0.09211405994732372,0.7037056513784335,0.7360480092217994,0.292130195646763,0.9206911357530635
cont,Griewank,8,ALO,15000,easy,0,30,0.03125,0.0016532542666409576,0.09211405994732372,0.6348443167567128,0.6773190239734144,0.2348800604257113,0.9486451988520531
cont,Griewank,8,ALO,15000,med,0,30,0.03125,0.0016532542666409576,0.09211405994732372,0.6348443167567128,0.6773190239734144,0.2348800604257113,0.9486451988520531
cont,Griewank,8,ALO,15000,hard,0,30,0.03125,0.0016532542666409576,0.09211405994732372,0.6348443167567128,0.6773190239734144,0.2348800604257113,0.9486451988520531
cont,Griewank,8,BA,12000,easy,1,30,0.0625,0.011585315861443594,0.14409039131834475,0.44973745917583613,0.44924887730149193,0.09380556302921927,0.7504974356004785
cont,Griewank,8,BA,12000,med,0,30,0.03125,0.0016532542666409576,0.09211405994732372,0.44973745917583613,0.44924887730149193,0.09380556302921927,0.7504974356004785
cont,Griewank,8,BA,12000,hard,0,30,0.03125,0.0016532542666409576,0.09211405994732372,0.44973745917583613,0.44924887730149193,0.09380556302921927,0.7504974356004785
cont,Griewank,8,BA,15000,easy,2,30,0.09375,0.02690011969114915,0.18946446742553866,0.33596307090616745,0.30622693552790237,0.04249931043000421,0.5867563389157912
cont,Griewank,8,BA,15000,med,0,30,0.03125,0.0016532542666409576,0.09211405994732372,0.33596307090616745,0.30622693552790237,0.04249931043000421,0.5867563389157912
cont,Griewank,8,BA,15000,hard,0,30,0.03125,0.0016532542666409576,0.09211405994732372,0.33596307090616745,0.30622693552790237,0.04249931043000421,0.5867563389157912
cont,Griewank,8,ES_1P1,12000,easy,20,30,0.65625,0.5145839256004521,0.7866395370647284,0.0986796946597944,0.06644480296008803,0.014772407722823067,0.2846780894797061
cont,Griewank,8,ES_1P1,12000,med,0,30,0.03125,0.0016532542666409576,0.09211405994732372,0.0986796946597944,0.06644480296008803,0.014772407722823067,0.2846780894797061
cont,Griewank,8,ES_1P1,12000,hard,0,30,0.03125,0.0016532542666409576,0.09211405994732372,0.0986796946597944,0.06644480296008803,0.014772407722823067,0.2846780894797061
cont,Griewank,8,ES_1P1,15000,easy,15,30,0.5,0.3565721369616578,0.6434278630383421,0.16460846810239774,0.1322523849016728,0.0,0.46870875461162764
cont,Griewank,8,ES_1P1,15000,med,4,30,0.15625,0.06578047054601774,0.2713711815575147,0.16460846810239774,0.1322523849016728,0.0,0.46870875461162764
cont,Griewank,8,ES_1P1,15000,hard,1,30,0.0625,0.011585315861443594,0.14409039131834475,0.16460846810239774,0.1322523849016728,0.0,0.46870875461162764
cont,Griewank,8,FA,12000,easy,0,30,0.03125,0.0016532542666409576,0.09211405994732372,0.609473177067222,0.6193499945326275,0.4249631308610803,0.7233693373255542
cont,Griewank,8,FA,12000,med,0,30,0.03125,0.0016532542666409576,0.09211405994732372,0.609473177067222,0.6193499945326275,0.4249631308610803,0.7233693373255542
cont,Griewank,8,FA,12000,hard,0,30,0.03125,0.0016532542666409576,0.09211405994732372,0.609473177067222,0.6193499945326275,0.4249631308610803,0.7233693373255542
cont,Griewank,8,FA,15000,easy,0,30,0.03125,0.0016532542666409576,0.09211405994732372,0.6087557200093467,0.6160929255520666,0.45519897490601546,0.7188236991120832
cont,Griewank,8,FA,15000,med,0,30,0.03125,0.0016532542666409576,0.09211405994732372,0.6087557200093467,0.6160929255520666,0.45519897490601546,0.7188236991120832
cont,Griewank,8,FA,15000,hard,0,30,0.03125,0.0016532542666409576,0.09211405994732372,0.6087557200093467,0.6160929255520666,0.45519897490601546,0.7188236991120832
cont,Griewank,8,GWO,12000,easy,11,30,0.375,0.24077485846609245,0.5182492532388523,0.11449578928479479,0.1110077626397416,0.0035808213169791214,0.3068868720899518
cont,Griewank,8,GWO,12000,med,2,30,0.09375,0.02690011969114915,0.18946446742553866,0.11449578928479479,0.1110077626397416,0.0035808213169791214,0.3068868720899518
cont,Griewank,8,GWO,12000,hard,0,30,0.03125,0.0016532542666409576,0.09211405994732372,0.11449578928479479,0.1110077626397416,0.0035808213169791214,0.3068868720899518
cont,Griewank,8,GWO,15000,easy,13,30,0.4375,0.29748724009093563,0.582026568673327,0.0975222977017708,0.109182023972283,0.0017697705714331269,0.2619984272206467
cont,Griewank,8,GWO,15000,med,5,30,0.1875,0.08781446714324878,0.30964351535764695,0.0975222977017708,0.109182023972283,0.0017697705714331269,0.2619984272206467
cont,Griewank,8,GWO,15000,hard,0,30,0.03125,0.0016532542666409576,0.09211405994732372,0.0975222977017708,0.109182023972283,0.0017697705714331269,0.2619984272206467
cont,Griewank,8,MFO,12000,easy,4,30,0.15625,0.06578047054601774,0.2713711815575147,0.23565210418563598,0.17871716985619535,0.03941109799940934,0.7374170194101495
cont,Griewank,8,MFO,12000,med,0,30,0.03125,0.0016532542666409576,0.09211405994732372,0.23565210418563598,0.17871716985619535,0.03941109799940934,0.7374170194101495
cont,Griewank,8,MFO,12000,hard,0,30,0.03125,0.0016532542666409576,0.09211405994732372,0.23565210418563598,0.17871716985619535,0.03941109799940934,0.7374170194101495
cont,Griewank,8,MFO,15000,easy,6,30,0.21875,0.11108877125926007,0.3466525437888071,0.2610606876479728,0.23681053612571568,0.041527703346266764,0.6834418549480379
cont,Griewank,8,MFO,15000,med,0,30,0.03125,0.0016532542666409576,0.09211405994732372,0.2610606876479728,0.23681053612571568,0.041527703346266764,0.6834418549480379
cont,Griewank,8,MFO,15000,hard,0,30,0.03125,0.0016532542666409576,0.09211405994732372,0.2610606876479728,0.23681053612571568,0.041527703346266764,0.6834418549480379
cont,Griewank,8,PSO_GBEST,12000,easy,21,30,0.6875,0.5480955827806314,0.8133783644295347,0.0924284639443198,0.04682925983931052,0.0,0.29687293985850094
cont,Griewank,8,PSO_GBEST,12000,med,2,30,0.09375,0.02690011969114915,0.18946446742553866,0.0924284639443198,0.04682925983931052,0.0,0.29687293985850094
cont,Griewank,8,PSO_GBEST,12000,hard,1,30,0.0625,0.011585315861443594,0.14409039131834475,0.0924284639443198,0.04682925983931052,0.0,0.29687293985850094
cont,Griewank,8,PSO_GBEST,15000,easy,24,30,0.78125,0.6533474562111927,0.8889112287407399,0.07108519000854167,0.029558348844686444,0.0,0.29687293985850094
cont,Griewank,8,PSO_GBEST,15000,med,3,30,0.125,0.04530017302264189,0.23150297514336832,0.07108519000854167,0.029558348844686444,0.0,0.29687293985850094
cont,Griewank,8,PSO_GBEST,15000,hard,1,30,0.0625,0.011585315861443594,0.14409039131834475,0.07108519000854167,0.029558348844686444,0.0,0.29687293985850094
cont,Griewank,8,WOA,12000,easy,16,30,0.53125,0.3869822549447333,0.6732606351024929,0.14190172134156095,0.07354811780174114,1.260176883399744e-05,0.43239174390169544
cont,Griewank,8,WOA,12000,med,3,30,0.125,0.04530017302264189,0.23150297514336832,0.14190172134156095,0.07354811780174114,1.260176883399744e-05,0.43239174390169544
cont,Griewank,8,WOA,12000,hard,1,30,0.0625,0.011585315861443594,0.14409039131834475,0.14190172134156095,0.07354811780174114,1.260176883399744e-05,0.43239174390169544
cont,Griewank,8,WOA,15000,easy,16,30,0.53125,0.3869822549447333,0.6732606351024929,0.14873684346922184,0.08105365157827837,0.012369025465294947,0.41667838029468784
cont,Griewank,8,WOA,15000,med,0,30,0.03125,0.0016532542666409576,0.09211405994732372,0.14873684346922184,0.08105365157827837,0.012369025465294947,0.41667838029468784
cont,Griewank,8,WOA,15000,hard,0,30,0.03125,0.0016532542666409576,0.09211405994732372,0.14873684346922184,0.08105365157827837,0.012369025465294947,0.41667838029468784
cont,Griewank,9,ALO,12000,easy,0,30,0.03125,0.0016532542666409576,0.09211405994732372,0.7567172397753664,0.7935557897092667,0.2889230580745332,0.9716533019496149
cont,Griewank,9,ALO,12000,med,0,30,0.03125,0.0016532542666409576,0.09211405994732372,0.7567172397753664,0.7935557897092667,0.2889230580745332,0.9716533019496149
cont,Griewank,9,ALO,12000,hard,0,30,0.03125,0.0016532542666409576,0.09211405994732372,0.7567172397753664,0.7935557897092667,0.2889230580745332,0.9716533019496149
cont,Griewank,9,ALO,15000,easy,0,30,0.03125,0.0016532542666409576,0.09211405994732372,0.6899936736314888,0.7245525031604659,0.3427075492368423,0.945302720600341
cont,Griewank,9,ALO,15000,med,0,30,0.03125,0.0016532542666409576,0.09211405994732372,0.6899936736314888,0.7245525031604659,0.3427075492368423,0.945302720600341
cont,Griewank,9,ALO,15000,hard,0,30,0.03125,0.0016532542666409576,0.09211405994732372,0.6899936736314888,0.7245525031604659,0.3427075492368423,0.945302720600341
cont,Griewank,9,BA,12000,easy,0,30,0.03125,0.0016532542666409576,0.09211405994732372,0.48073324602808537,0.49301569927850586,0.191406011576146,0.8948016118958699
cont,Griewank,9,BA,12000,med,0,30,0.03125,0.0016532542666409576,0.09211405994732372,0.48073324602808537,0.49301569927850586,0.191406011576146,0.8948016118958699
cont,Griewank,9,BA,12000,hard,0,30,0.03125,0.0016532542666409576,0.09211405994732372,0.48073324602808537,0.49301569927850586,0.191406011576146,0.8948016118958699
cont,Griewank,9,BA,15000,easy,1,30,0.0625,0.011585315861443594,0.14409039131834475,0.35949425805949226,0.3253583547475527,0.014780086552558802,0.8831403958511401
cont,Griewank,9,BA,15000,med,0,30,0.03125,0.0016532542666409576,0.09211405994732372,0.35949425805949226,0.3253583547475527,0.014780086552558802,0.8831403958511401
cont,Griewank,9,BA,15000,hard,0,30,0.03125,0.0016532542666409576,0.09211405994732372,0.35949425805949226,0.3253583547475527,0.014780086552558802,0.8831403958511401
cont,Griewank,9,ES_1P1,12000,easy,15,30,0.5,0.3565721369616578,0.6434278630383421,0.18535781454025776,0.1021665634338847,0.0,0.6831811611347676
cont,Griewank,9,ES_1P1,12000,med,3,30,0.125,0.04530017302264189,0.23150297514336832,0.18535781454025776,0.1021665634338847,0.0,0.6831811611347676
cont,Griewank,9,ES_1P1,12000,hard,1,30,0.0625,0.011585315861443594,0.14409039131834475,0.18535781454025776,0.1021665634338847,0.0,0.6831811611347676
cont,Griewank,9,ES_1P1,15000,easy,17,30,0.5625,0.417973431326673,0.7025127599090644,0.19027686442963182,0.07647958330066057,0.007396040334115006,0.7504387312848421
cont,Griewank,9,ES_1P1,15000,med,1,30,0.0625,0.011585315861443594,0.14409039131834475,0.19027686442963182,0.07647958330066057,0.007396040334115006,0.7504387312848421
cont,Griewank,9,ES_1P1,15000,hard,0,30,0.03125,0.0016532542666409576,0.09211405994732372,0.19027686442963182,0.07647958330066057,0.007396040334115006,0.7504387312848421
cont,Griewank,9,FA,12000,easy,0,30,0.03125,0.0016532542666409576,0.09211405994732372,0.6567536834687568,0.6467982619427028,0.4866240750622721,0.7921673886032998
cont,Griewank,9,FA,12000,med,0,30,0.03125,0.0016532542666409576,0.09211405994732372,0.6567536834687568,0.6467982619427028,0.4866240750622721,0.7921673886032998
cont,Griewank,9,FA,12000,hard,0,30,0.03125,0.0016532542666409576,0.09211405994732372,0.6567536834687568,0.6467982619427028,0.4866240750622721,0.7921673886032998
cont,Griewank,9,FA,15000,easy,0,30,0.03125,0.0016532542666409576,0.09211405994732372,0.6067867269953708,0.6122595508302063,0.35730867828004,0.780044955187905
cont,Griewank,9,FA,15000,med,0,30,0.03125,0.0016532542666409576,0.09211405994732372,0.6067867269953708,0.6122595508302063,0.35730867828004,0.780044955187905
cont,Griewank,9,FA,15000,hard,0,30,0.03125,0.0016532542666409576,0.09211405994732372,0.6067867269953708,0.6122595508302063,0.35730867828004,0.780044955187905
cont,Griewank,9,GWO,12000,easy,19,30,0.625,0.4817507467611476,0.7592251415339075,0.09199992320446827,0.07763784629507275,0.00036221772147193576,0.2805675902504381
cont,Griewank,9,GWO,12000,med,1,30,0.0625,0.011585315861443594,0.14409039131834475,0.09199992320446827,0.07763784629507275,0.00036221772147193576,0.2805675902504381
cont,Griewank,9,GWO,12000,hard,1,30,0.0625,0.011585315861443594,0.14409039131834475,0.09199992320446827,0.07763784629507275,0.00036221772147193576,0.2805675902504381
cont,Griewank,9,GWO,15000,easy,13,30,0.4375,0.29748724009093563,0.582026568673327,0.12468772744985658,0.13040966100440854,0.01451598534561771,0.2646630699044574
cont,Griewank,9,GWO,15000,med,0,30,0.03125,0.0016532542666409576,0.09211405994732372,0.12468772744985658,0.13040966100440854,0.01451598534561771,0.2646630699044574
cont,Griewank,9,GWO,15000,hard,0,30,0.03125,0.0016532542666409576,0.09211405994732372,0.12468772744985658,0.13040966100440854,0.01451598534561771,0.2646630699044574
cont,Griewank,9,MFO,12000,easy,3,30,0.125,0.04530017302264189,0.23150297514336832,0.3068022001237018,0.286198799842707,0.043311870391542495,0.6581932334827667
cont,Griewank,9,MFO,12000,med,0,30,0.03125,0.0016532542666409576,0.09211405994732372,0.3068022001237018,0.286198799842707,0.043311870391542495,0.6581932334827667
cont,Griewank,9,MFO,12000,hard,0,30,0.03125,0.0016532542666409576,0.09211405994732372,0.3068022001237018,0.286198799842707,0.043311870391542495,0.6581932334827667
cont,Griewank,9,MFO,15000,easy,9,30,0.3125,0.18662163557046532,0.4519044172193684,0.2518176091323311,0.23169678529339421,0.009568565246195537,0.8423573465241501
cont,Griewank,9,MFO,15000,med,1,30,0.0625,0.011585315861443594,0.14409039131834475,0.2518176091323311,0.23169678529339421,0.009568565246195537,0.8423573465241501
cont,Griewank,9,MFO,15000,hard,0,30,0.03125,0.0016532542666409576,0.09211405994732372,0.2518176091323311,0.23169678529339421,0.009568565246195537,0.8423573465241501
cont,Griewank,9,PSO_GBEST,12000,easy,18,30,0.59375,0.4495566259694524,0.7311737237767726,0.11230925278172024,0.03957066530590764,0.007396040334114895,0.6684689024176969
cont,Griewank,9,PSO_GBEST,12000,med,5,30,0.1875,0.08781446714324878,0.30964351535764695,0.11230925278172024,0.03957066530590764,0.007396040334114895,0.6684689024176969
cont,Griewank,9,PSO_GBEST,12000,hard,0,30,0.03125,0.0016532542666409576,0.09211405994732372,0.11230925278172024,0.03957066530590764,0.007396040334114895,0.6684689024176969
cont,Griewank,9,PSO_GBEST,15000,easy,18,30,0.59375,0.4495566259694524,0.7311737237767726,0.09767590602116116,0.07155063013100715,0.007396040334114895,0.26066353091247096
cont,Griewank,9,PSO_GBEST,15000,med,3,30,0.125,0.04530017302264189,0.23150297514336832,0.09767590602116116,0.07155063013100715,0.007396040334114895,0.26066353091247096
cont,Griewank,9,PSO_GBEST,15000,hard,0,30,0.03125,0.0016532542666409576,0.09211405994732372,0.09767590602116116,0.07155063013100715,0.007396040334114895,0.26066353091247096
cont,Griewank,9,WOA,12000,easy,19,30,0.625,0.4817507467611476,0.7592251415339075,0.13476698985344224,0.07920532591266966,0.0004659569980849376,0.6314840315153925
cont,Griewank,9,WOA,12000,med,2,30,0.09375,0.02690011969114915,0.18946446742553866,0.13476698985344224,0.07920532591266966,0.0004659569980849376,0.6314840315153925
cont,Griewank,9,WOA,12000,hard,1,30,0.0625,0.011585315861443594,0.14409039131834475,0.13476698985344224,0.07920532591266966,0.0004659569980849376,0.6314840315153925
cont,Griewank,9,WOA,15000,easy,14,30,0.46875,0.3267393648975071,0.6130177450552665,0.14160415412696412,0.12410419746009593,0.0035052647453057695,0.5078046964044027
cont,Griewank,9,WOA,15000,med,3,30,0.125,0.04530017302264189,0.23150297514336832,0.14160415412696412,0.12410419746009593,0.0035052647453057695,0.5078046964044027
cont,Griewank,9,WOA,15000,hard,0,30,0.03125,0.0016532542666409576,0.09211405994732372,0.14160415412696412,0.12410419746009593,0.0035052647453057695,0.5078046964044027
cont,Griewank,10,ALO,12000,easy,0,30,0.03125,0.0016532542666409576,0.09211405994732372,0.7036123562502473,0.7837161481313549,0.2545647544490287,0.9412277262047696
cont,Griewank,10,ALO,12000,med,0,30,0.03125,0.0016532542666409576,0.09211405994732372,0.7036123562502473,0.7837161481313549,0.2545647544490287,0.9412277262047696
cont,Griewank,10,ALO,12000,hard,0,30,0.03125,0.0016532542666409576,0.09211405994732372,0.7036123562502473,0.7837161481313549,0.2545647544490287,0.9412277262047696
cont,Griewank,10,ALO,15000,easy,0,30,0.03125,0.0016532542666409576,0.09211405994732372,0.6329493695147339,0.6250879010412221,0.15999868754127078,0.93549960485429
cont,Griewank,10,ALO,15000,med,0,30,0.03125,0.0016532542666409576,0.09211405994732372,0.6329493695147339,0.6250879010412221,0.15999868754127078,0.93549960485429
cont,Griewank,10,ALO,15000,hard,0,30,0.03125,0.0016532542666409576,0.09211405994732372,0.6329493695147339,0.6250879010412221,0.15999868754127078,0.93549960485429
cont,Griewank,10,BA,12000,easy,1,30,0.0625,0.011585315861443594,0.14409039131834475,0.49210484553753486,0.49125143326128523,0.07344833663760009,0.8829059976815838
cont,Griewank,10,BA,12000,med,0,30,0.03125,0.0016532542666409576,0.09211405994732372,0.49210484553753486,0.49125143326128523,0.07344833663760009,0.8829059976815838
cont,Griewank,10,BA,12000,hard,0,30,0.03125,0.0016532542666409576,0.09211405994732372,0.49210484553753486,0.49125143326128523,0.07344833663760009,0.8829059976815838
cont,Griewank,10,BA,15000,easy,2,30,0.09375,0.02690011969114915,0.18946446742553866,0.3218407614575879,0.26379470248360465,0.044411717160397934,0.6812240674572525
cont,Griewank,10,BA,15000,med,0,30,0.03125,0.0016532542666409576,0.09211405994732372,0.3218407614575879,0.26379470248360465,0.044411717160397934,0.6812240674572525
cont,Griewank,10,BA,15000,hard,0,30,0.03125,0.0016532542666409576,0.09211405994732372,0.3218407614575879,0.26379470248360465,0.044411717160397934,0.6812240674572525
cont,Griewank,10,ES_1P1,12000,easy,15,30,0.5,0.3565721369616578,0.6434278630383421,0.19395537912856095,0.11130881960228722,1.1102230246251565e-16,0.6754519046440752
cont,Griewank,10,ES_1P1,12000,med,3,30,0.125,0.04530017302264189,0.23150297514336832,0.19395537912856095,0.11130881960228722,1.1102230246251565e-16,0.6754519046440752
cont,Griewank,10,ES_1P1,12000,hard,1,30,0.0625,0.011585315861443594,0.14409039131834475,0.19395537912856095,0.11130881960228722,1.1102230246251565e-16,0.6754519046440752
cont,Griewank,10,ES_1P1,15000,easy,15,30,0.5,0.3565721369616578,0.6434278630383421,0.239293434731185,0.11003960851107952,0.007396040334115006,0.730153637616217
cont,Griewank,10,ES_1P1,15000,med,3,30,0.125,0.04530017302264189,0.23150297514336832,0.239293434731185,0.11003960851107952,0.007396040334115006,0.730153637616217
cont,Griewank,10,ES_1P1,15000,hard,0,30,0.03125,0.0016532542666409576,0.09211405994732372,0.239293434731185,0.11003960851107952,0.007396040334115006,0.730153637616217
cont,Griewank,10,FA,12000,easy,0,30,0.03125,0.0016532542666409576,0.09211405994732372,0.5991767294535956,0.6144395229482518,0.3229835909041068,0.732605275053053
cont,Griewank,10,FA,12000,med,0,30,0.03125,0.0016532542666409576,0.09211405994732372,0.5991767294535956,0.6144395229482518,0.3229835909041068,0.732605275053053
cont,Griewank,10,FA,12000,hard,0,30,0.03125,0.0016532542666409576,0.09211405994732372,0.5991767294535956,0.6144395229482518,0.3229835909041068,0.732605275053053
cont,Griewank,10,FA,15000,easy,0,30,0.03125,0.0016532542666409576,0.09211405994732372,0.5841124328240436,0.5893913620782159,0.4330212755325753,0.7099423802570526
cont,Griewank,10,FA,15000,med,0,30,0.03125,0.0016532542666409576,0.09211405994732372,0.5841124328240436,0.5893913620782159,0.4330212755325753,0.7099423802570526
cont,Griewank,10,FA,15000,hard,0,30,0.03125,0.0016532542666409576,0.09211405994732372,0.5841124328240436,0.5893913620782159,0.4330212755325753,0.7099423802570526
cont,Griewank,10,GWO,12000,easy,21,30,0.6875,0.5480955827806314,0.8133783644295347,0.07300963050834818,0.04929805424691641,0.004772688146678861,0.2503837969732077
cont,Griewank,10,GWO,12000,med,1,30,0.0625,0.011585315861443594,0.14409039131834475,0.07300963050834818,0.04929805424691641,0.004772688146678861,0.2503837969732077
cont,Griewank,10,GWO,12000,hard,0,30,0.03125,0.0016532542666409576,0.09211405994732372,0.07300963050834818,0.04929805424691641,0.004772688146678861,0.2503837969732077
cont,Griewank,10,GWO,15000,easy,21,30,0.6875,0.5480955827806314,0.8133783644295347,0.0717268835555404,0.04179428934204571,0.01574866718841561,0.2189224809286614
cont,Griewank,10,GWO,15000,med,0,30,0.03125,0.0016532542666409576,0.09211405994732372,0.0717268835555404,0.04179428934204571,0.01574866718841561,0.2189224809286614
cont,Griewank,10,GWO,15000,hard,0,30,0.03125,0.0016532542666409576,0.09211405994732372,0.0717268835555404,0.04179428934204571,0.01574866718841561,0.2189224809286614
cont,Griewank,10,MFO,12000,easy,2,30,0.09375,0.02690011969114915,0.18946446742553866,0.24970160912100436,0.20454173296319372,0.07583607175794305,0.5965576500472615
cont,Griewank,10,MFO,12000,med,0,30,0.03125,0.0016532542666409576,0.09211405994732372,0.24970160912100436,0.20454173296319372,0.07583607175794305,0.5965576500472615
cont,Griewank,10,MFO,12000,hard,0,30,0.03125,0.0016532542666409576,0.09211405994732372,0.24970160912100436,0.20454173296319372,0.07583607175794305,0.5965576500472615
cont,Griewank,10,MFO,15000,easy,8,30,0.28125,0.16061109125637793,0.4176603337442609,0.24126193829981377,0.19706966114592195,0.004191032452258936,0.6516907833970124
cont,Griewank,10,MFO,15000,med,1,30,0.0625,0.011585315861443594,0.14409039131834475,0.24126193829981377,0.19706966114592195,0.004191032452258936,0.6516907833970124
cont,Griewank,10,MFO,15000,hard,0,30,0.03125,0.0016532542666409576,0.09211405994732372,0.24126193829981377,0.19706966114592195,0.004191032452258936,0.6516907833970124
cont,Griewank,10,PSO_GBEST,12000,easy,20,30,0.65625,0.5145839256004521,0.7866395370647284,0.10078076724919338,0.03940047953408271,0.007396040334114895,0.5528400330991368
cont,Griewank,10,PSO_GBEST,12000,med,3,30,0.125,0.04530017302264189,0.23150297514336832,0.10078076724919338,0.03940047953408271,0.007396040334114895,0.5528400330991368
cont,Griewank,10,PSO_GBEST,12000,hard,0,30,0.03125,0.0016532542666409576,0.09211405994732372,0.10078076724919338,0.03940047953408271,0.007396040334114895,0.5528400330991368
cont,Griewank,10,PSO_GBEST,15000,easy,21,30,0.6875,0.5480955827806314,0.8133783644295347,0.07644591726421109,0.03207400209359218,0.0,0.3491897504389996
cont,Griewank,10,PSO_GBEST,15000,med,2,30,0.09375,0.02690011969114915,0.18946446742553866,0.07644591726421109,0.03207400209359218,0.0,0.3491897504389996
cont,Griewank,10,PSO_GBEST,15000,hard,1,30,0.0625,0.011585315861443594,0.14409039131834475,0.07644591726421109,0.03207400209359218,0.0,0.3491897504389996
cont,Griewank,10,WOA,12000,easy,26,30,0.84375,0.7286288184424853,0.9342195294539822,0.05359807011379252,0.027459417280688847,0.0016554414732812273,0.3803880899449391
cont,Griewank,10,WOA,12000,med,5,30,0.1875,0.08781446714324878,0.30964351535764695,0.05359807011379252,0.027459417280688847,0.0016554414732812273,0.3803880899449391
cont,Griewank,10,WOA,12000,hard,0,30,0.03125,0.0016532542666409576,0.09211405994732372,0.05359807011379252,0.027459417280688847,0.0016554414732812273,0.3803880899449391
cont,Griewank,10,WOA,15000,easy,24,30,0.78125,0.6533474562111927,0.8889112287407399,0.06649893788678111,0.03337964543193095,0.00013680747971123175,0.3528143610112787
cont,Griewank,10,WOA,15000,med,2,30,0.09375,0.02690011969114915,0.18946446742553866,0.06649893788678111,0.03337964543193095,0.00013680747971123175,0.3528143610112787
cont,Griewank,10,WOA,15000,hard,1,30,0.0625,0.011585315861443594,0.14409039131834475,0.06649893788678111,0.03337964543193095,0.00013680747971123175,0.3528143610112787
cont,Griewank,11,ALO,12000,easy,0,30,0.03125,0.0016532542666409576,0.09211405994732372,0.7016702652065532,0.7081405805460355,0.38799769243276494,0.9398208398276954
cont,Griewank,11,ALO,12000,med,0,30,0.03125,0.0016532542666409576,0.09211405994732372,0.7016702652065532,0.7081405805460355,0.38799769243276494,0.9398208398276954
cont,Griewank,11,ALO,12000,hard,0,30,0.03125,0.0016532542666409576,0.09211405994732372,0.7016702652065532,0.7081405805460355,0.38799769243276494,0.9398208398276954
cont,Griewank,11,ALO,15000,easy,0,30,0.03125,0.0016532542666409576,0.09211405994732372,0.6694401120915042,0.7026597037319199,0.25907979462706665,0.9067237277132868
cont,Griewank,11,ALO,15000,med,0,30,0.03125,0.0016532542666409576,0.09211405994732372,0.6694401120915042,0.7026597037319199,0.25907979462706665,0.9067237277132868
cont,Griewank,11,ALO,15000,hard,0,30,0.03125,0.0016532542666409576,0.09211405994732372,0.6694401120915042,0.7026597037319199,0.25907979462706665,0.9067237277132868
cont,Griewank,11,BA,12000,easy,0,30,0.03125,0.0016532542666409576,0.09211405994732372,0.4836934394574044,0.5032927777322115,0.1144019003281268,0.738865445000463
cont,Griewank,11,BA,12000,med,0,30,0.03125,0.0016532542666409576,0.09211405994732372,0.4836934394574044,0.5032927777322115,0.1144019003281268,0.738865445000463
cont,Griewank,11,BA,12000,hard,0,30,0.03125,0.0016532542666409576,0.09211405994732372,0.4836934394574044,0.5032927777322115,0.1144019003281268,0.738865445000463
cont,Griewank,11,BA,15000,easy,3,30,0.125,0.04530017302264189,0.23150297514336832,0.3961054940838868,0.3859905581581411,0.03664734748125864,0.9348280562239456
cont,Griewank,11,BA,15000,med,0,30,0.03125,0.0016532542666409576,0.09211405994732372,0.3961054940838868,0.3859905581581411,0.03664734748125864,0.9348280562239456
cont,Griewank,11,BA,15000,hard,0,30,0.03125,0.0016532542666409576,0.09211405994732372,0.3961054940838868,0.3859905581581411,0.03664734748125864,0.9348280562239456
cont,Griewank,11,ES_1P1,12000,easy,13,30,0.4375,0.29748724009093563,0.582026568673327,0.20344121830863357,0.12617558993010147,0.007396040334115228,0.7139956768788828
cont,Griewank,11,ES_1P1,12000,med,1,30,0.0625,0.011585315861443594,0.14409039131834475,0.20344121830863357,0.12617558993010147,0.007396040334115228,0.7139956768788828
cont,Griewank,11,ES_1P1,12000,hard,0,30,0.03125,0.0016532542666409576,0.09211405994732372,0.20344121830863357,0.12617558993010147,0.007396040334115228,0.7139956768788828
cont,Griewank,11,ES_1P1,15000,easy,18,30,0.59375,0.4495566259694524,0.7311737237767726,0.15434314876798982,0.05044825670634551,0.0,0.7285607561115632
cont,Griewank,11,ES_1P1,15000,med,4,30,0.15625,0.06578047054601774,0.2713711815575147,0.15434314876798982,0.05044825670634551,0.0,0.7285607561115632
cont,Griewank,11,ES_1P1,15000,hard,1,30,0.0625,0.011585315861443594,0.14409039131834475,0.15434314876798982,0.05044825670634551,0.0,0.7285607561115632
cont,Griewank,11,FA,12000,easy,0,30,0.03125,0.0016532542666409576,0.09211405994732372,0.5794736068525803,0.594021080287615,0.3793206771613794,0.7326102986312495
cont,Griewank,11,FA,12000,med,0,30,0.03125,0.0016532542666409576,0.09211405994732372,0.5794736068525803,0.594021080287615,0.3793206771613794,0.7326102986312495
cont,Griewank,11,FA,12000,hard,0,30,0.03125,0.0016532542666409576,0.09211405994732372,0.5794736068525803,0.594021080287615,0.3793206771613794,0.7326102986312495
cont,Griewank,11,FA,15000,easy,0,30,0.03125,0.0016532542666409576,0.09211405994732372,0.5463998660892272,0.5641259541661592,0.2728321159980732,0.7700078882792499
cont,Griewank,11,FA,15000,med,0,30,0.03125,0.0016532542666409576,0.09211405994732372,0.5463998660892272,0.5641259541661592,0.2728321159980732,0.7700078882792499
cont,Griewank,11,FA,15000,hard,0,30,0.03125,0.0016532542666409576,0.09211405994732372,0.5463998660892272,0.5641259541661592,0.2728321159980732,0.7700078882792499
cont,Griewank,11,GWO,12000,easy,21,30,0.6875,0.5480955827806314,0.8133783644295347,0.08126815097166543,0.06853917045083247,1.209051325878896e-05,0.3254647885851054
cont,Griewank,11,GWO,12000,med,2,30,0.09375,0.02690011969114915,0.18946446742553866,0.08126815097166543,0.06853917045083247,1.209051325878896e-05,0.3254647885851054
cont,Griewank,11,GWO,12000,hard,1,30,0.0625,0.011585315861443594,0.14409039131834475,0.08126815097166543,0.06853917045083247,1.209051325878896e-05,0.3254647885851054
cont,Griewank,11,GWO,15000,easy,22,30,0.71875,0.5823396662557391,0.8393889087436222,0.07587579147843954,0.07686889224624699,1.189130158163465e-05,0.16803430302638656
cont,Griewank,11,GWO,15000,med,1,30,0.0625,0.011585315861443594,0.14409039131834475,0.07587579147843954,0.07686889224624699,1.189130158163465e-05,0.16803430302638656
cont,Griewank,11,GWO,15000,hard,1,30,0.0625,0.011585315861443594,0.14409039131834475,0.07587579147843954,0.07686889224624699,1.189130158163465e-05,0.16803430302638656
cont,Griewank,11,MFO,12000,easy,1,30,0.0625,0.011585315861443594,0.14409039131834475,0.3244978526157487,0.30068153242822837,0.07988420893443171,0.7068300738621343
cont,Griewank,11,MFO,12000,med,0,30,0.03125,0.0016532542666409576,0.09211405994732372,0.3244978526157487,0.30068153242822837,0.07988420893443171,0.7068300738621343
cont,Griewank,11,MFO,12000,hard,0,30,0.03125,0.0016532542666409576,0.09211405994732372,0.3244978526157487,0.30068153242822837,0.07988420893443171,0.7068300738621343
cont,Griewank,11,MFO,15000,easy,9,30,0.3125,0.18662163557046532,0.4519044172193684,0.2558101053129275,0.2577385595459473,0.03074003056922825,0.6978472599608064
cont,Griewank,11,MFO,15000,med,0,30,0.03125,0.0016532542666409576,0.09211405994732372,0.2558101053129275,0.2577385595459473,0.03074003056922825,0.6978472599608064
cont,Griewank,11,MFO,15000,hard,0,30,0.03125,0.0016532542666409576,0.09211405994732372,0.2558101053129275,0.2577385595459473,0.03074003056922825,0.6978472599608064
cont,Griewank,11,PSO_GBEST,12000,easy,20,30,0.65625,0.5145839256004521,0.7866395370647284,0.12088691361561453,0.06760491482816045,0.007396040334114895,0.5318636374165531
cont,Griewank,11,PSO_GBEST,12000,med,5,30,0.1875,0.08781446714324878,0.30964351535764695,0.12088691361561453,0.06760491482816045,0.007396040334114895,0.5318636374165531
cont,Griewank,11,PSO_GBEST,12000,hard,0,30,0.03125,0.0016532542666409576,0.09211405994732372,0.12088691361561453,0.06760491482816045,0.007396040334114895,0.5318636374165531
cont,Griewank,11,PSO_GBEST,15000,easy,20,30,0.65625,0.5145839256004521,0.7866395370647284,0.12223333096255097,0.0452569782836208,0.007396040334114895,0.5482439733121948
cont,Griewank,11,PSO_GBEST,15000,med,5,30,0.1875,0.08781446714324878,0.30964351535764695,0.12223333096255097,0.0452569782836208,0.007396040334114895,0.5482439733121948
cont,Griewank,11,PSO_GBEST,15000,hard,0,30,0.03125,0.0016532542666409576,0.09211405994732372,0.12223333096255097,0.0452569782836208,0.007396040334114895,0.5482439733121948
cont,Griewank,11,WOA,12000,easy,20,30,0.65625,0.5145839256004521,0.7866395370647284,0.09552121128144275,0.04827593235697886,3.9082455806305205e-05,0.37955635422454015
cont,Griewank,11,WOA,12000,med,1,30,0.0625,0.011585315861443594,0.14409039131834475,0.09552121128144275,0.04827593235697886,3.9082455806305205e-05,0.37955635422454015
cont,Griewank,11,WOA,12000,hard,1,30,0.0625,0.011585315861443594,0.14409039131834475,0.09552121128144275,0.04827593235697886,3.9082455806305205e-05,0.37955635422454015
cont,Griewank,11,WOA,15000,easy,16,30,0.53125,0.3869822549447333,0.6732606351024929,0.12717652332031515,0.0765744489314798,0.009913459145157955,0.38677548014225294
cont,Griewank,11,WOA,15000,med,3,30,0.125,0.04530017302264189,0.23150297514336832,0.12717652332031515,0.0765744489314798,0.009913459145157955,0.38677548014225294
cont,Griewank,11,WOA,15000,hard,0,30,0.03125,0.0016532542666409576,0.09211405994732372,0.12717652332031515,0.0765744489314798,0.009913459145157955,0.38677548014225294
cont,Griewank,12,ALO,12000,easy,0,30,0.03125,0.0016532542666409576,0.09211405994732372,0.7285085483648914,0.7261327351385509,0.3465999361897263,0.9699894823899388
cont,Griewank,12,ALO,12000,med,0,30,0.03125,0.0016532542666409576,0.09211405994732372,0.7285085483648914,0.7261327351385509,0.3465999361897263,0.9699894823899388
cont,Griewank,12,ALO,12000,hard,0,30,0.03125,0.0016532542666409576,0.09211405994732372,0.7285085483648914,0.7261327351385509,0.3465999361897263,0.9699894823899388
cont,Griewank,12,ALO,15000,easy,0,30,0.03125,0.0016532542666409576,0.09211405994732372,0.664084599681575,0.6693138077433275,0.17445360577623092,0.9202144171997184
cont,Griewank,12,ALO,15000,med,0,30,0.03125,0.0016532542666409576,0.09211405994732372,0.664084599681575,0.6693138077433275,0.17445360577623092,0.9202144171997184
cont,Griewank,12,ALO,15000,hard,0,30,0.03125,0.0016532542666409576,0.09211405994732372,0.664084599681575,0.6693138077433275,0.17445360577623092,0.9202144171997184
cont,Griewank,12,BA,12000,easy,1,30,0.0625,0.011585315861443594,0.14409039131834475,0.4312301019525137,0.43209829489119744,0.03435202955123062,0.8450002013341618
cont,Griewank,12,BA,12000,med,0,30,0.03125,0.0016532542666409576,0.09211405994732372,0.4312301019525137,0.43209829489119744,0.03435202955123062,0.8450002013341618
cont,Griewank,12,BA,12000,hard,0,30,0.03125,0.0016532542666409576,0.09211405994732372,0.4312301019525137,0.43209829489119744,0.03435202955123062,0.8450002013341618
cont,Griewank,12,BA,15000,easy,4,30,0.15625,0.06578047054601774,0.2713711815575147,0.30258230638673705,0.2812568179888349,0.07734290746976191,0.792652148374595
cont,Griewank,12,BA,15000,med,0,30,0.03125,0.0016532542666409576,0.09211405994732372,0.30258230638673705,0.2812568179888349,0.07734290746976191,0.792652148374595
cont,Griewank,12,BA,15000,hard,0,30,0.03125,0.0016532542666409576,0.09211405994732372,0.30258230638673705,0.2812568179888349,0.07734290746976191,0.792652148374595
cont,Griewank,12,ES_1P1,12000,easy,24,30,0.78125,0.6533474562111927,0.8889112287407399,0.08458324783929268,0.03645708695235106,0.0,0.5867588935648489
cont,Griewank,12,ES_1P1,12000,med,4,30,0.15625,0.06578047054601774,0.2713711815575147,0.08458324783929268,0.03645708695235106,0.0,0.5867588935648489
cont,Griewank,12,ES_1P1,12000,hard,1,30,0.0625,0.011585315861443594,0.14409039131834475,0.08458324783929268,0.03645708695235106,0.0,0.5867588935648489
cont,Griewank,12,ES_1P1,15000,easy,25,30,0.8125,0.690356484642353,0.9121855328567512,0.10498799430645933,0.038929411662658675,0.007396040334114895,0.783671149632635
cont,Griewank,12,ES_1P1,15000,med,3,30,0.125,0.04530017302264189,0.23150297514336832,0.10498799430645933,0.038929411662658675,0.007396040334114895,0.783671149632635
cont,Griewank,12,ES_1P1,15000,hard,0,30,0.03125,0.0016532542666409576,0.09211405994732372,0.10498799430645933,0.038929411662658675,0.007396040334114895,0.783671149632635
cont,Griewank,12,FA,12000,easy,0,30,0.03125,0.0016532542666409576,0.09211405994732372,0.616378797285023,0.6499842635723329,0.32102114722751685,0.7775650730942993
cont,Griewank,12,FA,12000,med,0,30,0.03125,0.0016532542666409576,0.09211405994732372,0.616378797285023,0.6499842635723329,0.32102114722751685,0.7775650730942993
cont,Griewank,12,FA,12000,hard,0,30,0.03125,0.0016532542666409576,0.09211405994732372,0.616378797285023,0.6499842635723329,0.32102114722751685,0.7775650730942993
cont,Griewank,12,FA,15000,easy,0,30,0.03125,0.0016532542666409576,0.09211405994732372,0.6382528368179866,0.6467545098595691,0.41976371793200185,0.7463840402964048
cont,Griewank,12,FA,15000,med,0,30,0.03125,0.0016532542666409576,0.09211405994732372,0.6382528368179866,0.6467545098595691,0.41976371793200185,0.7463840402964048
cont,Griewank,12,FA,15000,hard,0,30,0.03125,0.0016532542666409576,0.09211405994732372,0.6382528368179866,0.6467545098595691,0.41976371793200185,0.7463840402964048
cont,Griewank,12,GWO,12000,easy,15,30,0.5,0.3565721369616578,0.6434278630383421,0.09356425441888482,0.07777809550966774,6.938265207701022e-06,0.28852202570386876
cont,Griewank,12,GWO,12000,med,6,30,0.21875,0.11108877125926007,0.3466525437888071,0.09356425441888482,0.07777809550966774,6.938265207701022e-06,0.28852202570386876
cont,Griewank,12,GWO,12000,hard,4,30,0.15625,0.06578047054601774,0.2713711815575147,0.09356425441888482,0.07777809550966774,6.938265207701022e-06,0.28852202570386876
cont,Griewank,12,GWO,15000,easy,21,30,0.6875,0.5480955827806314,0.8133783644295347,0.06140087037237705,0.014795014873042578,1.5023448394213545e-06,0.2927617621319769
cont,Griewank,12,GWO,15000,med,13,30,0.4375,0.29748724009093563,0.582026568673327,0.06140087037237705,0.014795014873042578,1.5023448394213545e-06,0.2927617621319769
cont,Griewank,12,GWO,15000,hard,10,30,0.34375,0.21336046293527158,0.485416074399548,0.06140087037237705,0.014795014873042578,1.5023448394213545e-06,0.2927617621319769
cont,Griewank,12,MFO,12000,easy,4,30,0.15625,0.06578047054601774,0.2713711815575147,0.29010714674944854,0.2508156432024557,0.04869290425926409,0.5749029099287797
cont,Griewank,12,MFO,12000,med,0,30,0.03125,0.0016532542666409576,0.09211405994732372,0.29010714674944854,0.2508156432024557,0.04869290425926409,0.5749029099287797
cont,Griewank,12,MFO,12000,hard,0,30,0.03125,0.0016532542666409576,0.09211405994732372,0.29010714674944854,0.2508156432024557,0.04869290425926409,0.5749029099287797
cont,Griewank,12,MFO,15000,easy,6,30,0.21875,0.11108877125926007,0.3466525437888071,0.23416057976141766,0.16555490008308127,0.043718702820599864,0.5717244832682524
cont,Griewank,12,MFO,15000,med,0,30,0.03125,0.0016532542666409576,0.09211405994732372,0.23416057976141766,0.16555490008308127,0.043718702820599864,0.5717244832682524
cont,Griewank,12,MFO,15000,hard,0,30,0.03125,0.0016532542666409576,0.09211405994732372,0.23416057976141766,0.16555490008308127,0.043718702820599864,0.5717244832682524
cont,Griewank,12,PSO_GBEST,12000,easy,27,30,0.875,0.7684970248566316,0.9546998269773581,0.05386996781964768,0.028800239787270587,0.007396040334114895,0.26214009481592215
cont,Griewank,12,PSO_GBEST,12000,med,2,30,0.09375,0.02690011969114915,0.18946446742553866,0.05386996781964768,0.028800239787270587,0.007396040334114895,0.26214009481592215
cont,Griewank,12,PSO_GBEST,12000,hard,0,30,0.03125,0.0016532542666409576,0.09211405994732372,0.05386996781964768,0.028800239787270587,0.007396040334114895,0.26214009481592215
cont,Griewank,12,PSO_GBEST,15000,easy,25,30,0.8125,0.690356484642353,0.9121855328567512,0.08256340787490044,0.05694984126191627,0.0,0.3246281208230777
cont,Griewank,12,PSO_GBEST,15000,med,4,30,0.15625,0.06578047054601774,0.2713711815575147,0.08256340787490044,0.05694984126191627,0.0,0.3246281208230777
cont,Griewank,12,PSO_GBEST,15000,hard,1,30,0.0625,0.011585315861443594,0.14409039131834475,0.08256340787490044,0.05694984126191627,0.0,0.3246281208230777
cont,Griewank,12,WOA,12000,easy,24,30,0.78125,0.6533474562111927,0.8889112287407399,0.10720158490469132,0.0606136173533427,4.282596298588182e-06,0.5446192478747165
cont,Griewank,12,WOA,12000,med,3,30,0.125,0.04530017302264189,0.23150297514336832,0.10720158490469132,0.0606136173533427,4.282596298588182e-06,0.5446192478747165
cont,Griewank,12,WOA,12000,hard,1,30,0.0625,0.011585315861443594,0.14409039131834475,0.10720158490469132,0.0606136173533427,4.282596298588182e-06,0.5446192478747165
cont,Griewank,12,WOA,15000,easy,22,30,0.71875,0.5823396662557391,0.8393889087436222,0.08170163020318055,0.05934385132386816,0.0074307387434473515,0.33498775410111714
cont,Griewank,12,WOA,15000,med,2,30,0.09375,0.02690011969114915,0.18946446742553866,0.08170163020318055,0.05934385132386816,0.0074307387434473515,0.33498775410111714
cont,Griewank,12,WOA,15000,hard,0,30,0.03125,0.0016532542666409576,0.09211405994732372,0.08170163020318055,0.05934385132386816,0.0074307387434473515,0.33498775410111714
cont,Griewank,13,ALO,12000,easy,0,30,0.03125,0.0016532542666409576,0.09211405994732372,0.6850187599821521,0.7118902514071987,0.3415119761030758,0.9124260398902799
cont,Griewank,13,ALO,12000,med,0,30,0.03125,0.0016532542666409576,0.09211405994732372,0.6850187599821521,0.7118902514071987,0.3415119761030758,0.9124260398902799
cont,Griewank,13,ALO,12000,hard,0,30,0.03125,0.0016532542666409576,0.09211405994732372,0.6850187599821521,0.7118902514071987,0.3415119761030758,0.9124260398902799
cont,Griewank,13,ALO,15000,easy,0,30,0.03125,0.0016532542666409576,0.09211405994732372,0.5603663999026591,0.610741673881916,0.18207123215716448,0.9232579776391405
cont,Griewank,13,ALO,15000,med,0,30,0.03125,0.0016532542666409576,0.09211405994732372,0.5603663999026591,0.610741673881916,0.18207123215716448,0.9232579776391405
cont,Griewank,13,ALO,15000,hard,0,30,0.03125,0.0016532542666409576,0.09211405994732372,0.5603663999026591,0.610741673881916,0.18207123215716448,0.9232579776391405
cont,Griewank,13,BA,12000,easy,1,30,0.0625,0.011585315861443594,0.14409039131834475,0.5127384407935398,0.49176414467536583,0.06141988662935183,0.9258721124547468
cont,Griewank,13,BA,12000,med,0,30,0.03125,0.0016532542666409576,0.09211405994732372,0.5127384407935398,0.49176414467536583,0.06141988662935183,0.9258721124547468
cont,Griewank,13,BA,12000,hard,0,30,0.03125,0.0016532542666409576,0.09211405994732372,0.5127384407935398,0.49176414467536583,0.06141988662935183,0.9258721124547468
cont,Griewank,13,BA,15000,easy,1,30,0.0625,0.011585315861443594,0.14409039131834475,0.42090134350373914,0.43480612110060735,0.09900370253286295,0.7778848730611749
cont,Griewank,13,BA,15000,med,0,30,0.03125,0.0016532542666409576,0.09211405994732372,0.42090134350373914,0.43480612110060735,0.09900370253286295,0.7778848730611749
cont,Griewank,13,BA,15000,hard,0,30,0.03125,0.0016532542666409576,0.09211405994732372,0.42090134350373914,0.43480612110060735,0.09900370253286295,0.7778848730611749
cont,Griewank,13,ES_1P1,12000,easy,14,30,0.46875,0.3267393648975071,0.6130177450552665,0.17655331214878137,0.10804165748279726,0.0,0.49666843424420903
cont,Griewank,13,ES_1P1,12000,med,4,30,0.15625,0.06578047054601774,0.2713711815575147,0.17655331214878137,0.10804165748279726,0.0,0.49666843424420903
cont,Griewank,13,ES_1P1,12000,hard,2,30,0.09375,0.02690011969114915,0.18946446742553866,0.17655331214878137,0.10804165748279726,0.0,0.49666843424420903
cont,Griewank,13,ES_1P1,15000,easy,16,30,0.53125,0.3869822549447333,0.6732606351024929,0.1935499082457625,0.09345104310400354,0.014772407722822956,0.6953572710565129
cont,Griewank,13,ES_1P1,15000,med,0,30,0.03125,0.0016532542666409576,0.09211405994732372,0.1935499082457625,0.09345104310400354,0.014772407722822956,0.6953572710565129
cont,Griewank,13,ES_1P1,15000,hard,0,30,0.03125,0.0016532542666409576,0.09211405994732372,0.1935499082457625,0.09345104310400354,0.014772407722822956,0.6953572710565129
cont,Griewank,13,FA,12000,easy,0,30,0.03125,0.0016532542666409576,0.09211405994732372,0.5760987413641913,0.5857682620610348,0.39023152501710345,0.7025320648563276
cont,Griewank,13,FA,12000,med,0,30,0.03125,0.0016532542666409576,0.09211405994732372,0.5760987413641913,0.5857682620610348,0.39023152501710345,0.7025320648563276
cont,Griewank,13,FA,12000,hard,0,30,0.03125,0.0016532542666409576,0.09211405994732372,0.5760987413641913,0.5857682620610348,0.39023152501710345,0.7025320648563276
cont,Griewank,13,FA,15000,easy,0,30,0.03125,0.0016532542666409576,0.09211405994732372,0.5552179801236546,0.5820446013710122,0.2109799386307697,0.6865424011731458
cont,Griewank,13,FA,15000,med,0,30,0.03125,0.0016532542666409576,0.09211405994732372,0.5552179801236546,0.5820446013710122,0.2109799386307697,0.6865424011731458
cont,Griewank,13,FA,15000,hard,0,30,0.03125,0.0016532542666409576,0.09211405994732372,0.5552179801236546,0.5820446013710122,0.2109799386307697,0.6865424011731458
cont,Griewank,13,GWO,12000,easy,20,30,0.65625,0.5145839256004521,0.7866395370647284,0.09226147608988403,0.05171486171456535,5.017629129666634e-05,0.3227325303276306
cont,Griewank,13,GWO,12000,med,2,30,0.09375,0.02690011969114915,0.18946446742553866,0.09226147608988403,0.05171486171456535,5.017629129666634e-05,0.3227325303276306
cont,Griewank,13,GWO,12000,hard,2,30,0.09375,0.02690011969114915,0.18946446742553866,0.09226147608988403,0.05171486171456535,5.017629129666634e-05,0.3227325303276306
cont,Griewank,13,GWO,15000,easy,24,30,0.78125,0.6533474562111927,0.8889112287407399,0.07984334351090806,0.04817834115034242,9.025741359081074e-06,0.36505268771216937
cont,Griewank,13,GWO,15000,med,2,30,0.09375,0.02690011969114915,0.18946446742553866,0.07984334351090806,0.04817834115034242,9.025741359081074e-06,0.36505268771216937
cont,Griewank,13,GWO,15000,hard,2,30,0.09375,0.02690011969114915,0.18946446742553866,0.07984334351090806,0.04817834115034242,9.025741359081074e-06,0.36505268771216937
cont,Griewank,13,MFO,12000,easy,3,30,0.125,0.04530017302264189,0.23150297514336832,0.2788700621440446,0.22753330584535147,0.06072572376926688,0.6854844887060515
cont,Griewank,13,MFO,12000,med,0,30,0.03125,0.0016532542666409576,0.09211405994732372,0.2788700621440446,0.22753330584535147,0.06072572376926688,0.6854844887060515
cont,Griewank,13,MFO,12000,hard,0,30,0.03125,0.0016532542666409576,0.09211405994732372,0.2788700621440446,0.22753330584535147,0.06072572376926688,0.6854844887060515
cont,Griewank,13,MFO,15000,easy,4,30,0.15625,0.06578047054601774,0.2713711815575147,0.1970590646754049,0.16427852045449115,0.05951359695788916,0.478006426947297
cont,Griewank,13,MFO,15000,med,0,30,0.03125,0.0016532542666409576,0.09211405994732372,0.1970590646754049,0.16427852045449115,0.05951359695788916,0.478006426947297
cont,Griewank,13,MFO,15000,hard,0,30,0.03125,0.0016532542666409576,0.09211405994732372,0.1970590646754049,0.16427852045449115,0.05951359695788916,0.478006426947297
cont,Griewank,13,PSO_GBEST,12000,easy,19,30,0.625,0.4817507467611476,0.7592251415339075,0.0795755203605364,0.07449680893517507,0.0,0.37253652850993835
cont,Griewank,13,PSO_GBEST,12000,med,5,30,0.1875,0.08781446714324878,0.30964351535764695,0.0795755203605364,0.07449680893517507,0.0,0.37253652850993835
cont,Griewank,13,PSO_GBEST,12000,hard,1,30,0.0625,0.011585315861443594,0.14409039131834475,0.0795755203605364,0.07449680893517507,0.0,0.37253652850993835
cont,Griewank,13,PSO_GBEST,15000,easy,18,30,0.59375,0.4495566259694524,0.7311737237767726,0.11288887618495558,0.07062421158356436,0.01007685057887564,0.4432666931122574
cont,Griewank,13,PSO_GBEST,15000,med,0,30,0.03125,0.0016532542666409576,0.09211405994732372,0.11288887618495558,0.07062421158356436,0.01007685057887564,0.4432666931122574
cont,Griewank,13,PSO_GBEST,15000,hard,0,30,0.03125,0.0016532542666409576,0.09211405994732372,0.11288887618495558,0.07062421158356436,0.01007685057887564,0.4432666931122574
cont,Griewank,13,WOA,12000,easy,17,30,0.5625,0.417973431326673,0.7025127599090644,0.1222416574961833,0.08421346057040513,0.007467686348618163,0.5242648660361935
cont,Griewank,13,WOA,12000,med,2,30,0.09375,0.02690011969114915,0.18946446742553866,0.1222416574961833,0.08421346057040513,0.007467686348618163,0.5242648660361935
cont,Griewank,13,WOA,12000,hard,0,30,0.03125,0.0016532542666409576,0.09211405994732372,0.1222416574961833,0.08421346057040513,0.007467686348618163,0.5242648660361935
cont,Griewank,13,WOA,15000,easy,13,30,0.4375,0.29748724009093563,0.582026568673327,0.15638629597132897,0.1173761364428833,1.179739089196552e-06,0.4520511734910627
cont,Griewank,13,WOA,15000,med,2,30,0.09375,0.02690011969114915,0.18946446742553866,0.15638629597132897,0.1173761364428833,1.179739089196552e-06,0.4520511734910627
cont,Griewank,13,WOA,15000,hard,2,30,0.09375,0.02690011969114915,0.18946446742553866,0.15638629597132897,0.1173761364428833,1.179739089196552e-06,0.4520511734910627
cont,Griewank,15,ALO,12000,easy,0,30,0.03125,0.0016532542666409576,0.09211405994732372,0.666678843700528,0.6747056613821163,0.3072650951378595,0.8944329991836902
cont,Griewank,15,ALO,12000,med,0,30,0.03125,0.0016532542666409576,0.09211405994732372,0.666678843700528,0.6747056613821163,0.3072650951378595,0.8944329991836902
cont,Griewank,15,ALO,12000,hard,0,30,0.03125,0.0016532542666409576,0.09211405994732372,0.666678843700528,0.6747056613821163,0.3072650951378595,0.8944329991836902
cont,Griewank,15,ALO,15000,easy,0,30,0.03125,0.0016532542666409576,0.09211405994732372,0.6057000690307637,0.639245078270879,0.19816396258309432,0.9027751328830608
cont,Griewank,15,ALO,15000,med,0,30,0.03125,0.0016532542666409576,0.09211405994732372,0.6057000690307637,0.639245078270879,0.19816396258309432,0.9027751328830608
cont,Griewank,15,ALO,15000,hard,0,30,0.03125,0.0016532542666409576,0.09211405994732372,0.6057000690307637,0.639245078270879,0.19816396258309432,0.9027751328830608
cont,Griewank,15,BA,12000,easy,0,30,0.03125,0.0016532542666409576,0.09211405994732372,0.5557490061215254,0.5868621757611766,0.20015015944018533,0.8856662719884199
cont,Griewank,15,BA,12000,med,0,30,0.03125,0.0016532542666409576,0.09211405994732372,0.5557490061215254,0.5868621757611766,0.20015015944018533,0.8856662719884199
cont,Griewank,15,BA,12000,hard,0,30,0.03125,0.0016532542666409576,0.09211405994732372,0.5557490061215254,0.5868621757611766,0.20015015944018533,0.8856662719884199
cont,Griewank,15,BA,15000,easy,5,30,0.1875,0.08781446714324878,0.30964351535764695,0.33225342987516887,0.32862598977335,0.014772608539924237,0.7961584430434423
cont,Griewank,15,BA,15000,med,0,30,0.03125,0.0016532542666409576,0.09211405994732372,0.33225342987516887,0.32862598977335,0.014772608539924237,0.7961584430434423
cont,Griewank,15,BA,15000,hard,0,30,0.03125,0.0016532542666409576,0.09211405994732372,0.33225342987516887,0.32862598977335,0.014772608539924237,0.7961584430434423
cont,Griewank,15,ES_1P1,12000,easy,17,30,0.5625,0.417973431326673,0.7025127599090644,0.18832301185482292,0.06384868068294619,0.0,0.5722374805724539
cont,Griewank,15,ES_1P1,12000,med,4,30,0.15625,0.06578047054601774,0.2713711815575147,0.18832301185482292,0.06384868068294619,0.0,0.5722374805724539
cont,Griewank,15,ES_1P1,12000,hard,2,30,0.09375,0.02690011969114915,0.18946446742553866,0.18832301185482292,0.06384868068294619,0.0,0.5722374805724539
cont,Griewank,15,ES_1P1,15000,easy,22,30,0.71875,0.5823396662557391,0.8393889087436222,0.11777668650816434,0.049516725532491646,0.009857284607820982,0.6318578424192929
cont,Griewank,15,ES_1P1,15000,med,1,30,0.0625,0.011585315861443594,0.14409039131834475,0.11777668650816434,0.049516725532491646,0.009857284607820982,0.6318578424192929
cont,Griewank,15,ES_1P1,15000,hard,0,30,0.03125,0.0016532542666409576,0.09211405994732372,0.11777668650816434,0.049516725532491646,0.009857284607820982,0.6318578424192929
cont,Griewank,15,FA,12000,easy,0,30,0.03125,0.0016532542666409576,0.09211405994732372,0.680016618058756,0.7047166804506694,0.49303500725319904,0.804660160872337
cont,Griewank,15,FA,12000,med,0,30,0.03125,0.0016532542666409576,0.09211405994732372,0.680016618058756,0.7047166804506694,0.49303500725319904,0.804660160872337
cont,Griewank,15,FA,12000,hard,0,30,0.03125,0.0016532542666409576,0.09211405994732372,0.680016618058756,0.7047166804506694,0.49303500725319904,0.804660160872337
cont,Griewank,15,FA,15000,easy,0,30,0.03125,0.0016532542666409576,0.09211405994732372,0.6197807588793747,0.6410824599817411,0.420883898268792,0.7507099065962806
cont,Griewank,15,FA,15000,med,0,30,0.03125,0.0016532542666409576,0.09211405994732372,0.6197807588793747,0.6410824599817411,0.420883898268792,0.7507099065962806
cont,Griewank,15,FA,15000,hard,0,30,0.03125,0.0016532542666409576,0.09211405994732372,0.6197807588793747,0.6410824599817411,0.420883898268792,0.7507099065962806
cont,Griewank,15,GWO,12000,easy,27,30,0.875,0.7684970248566316,0.9546998269773581,0.043004639967129395,0.019192506825583988,0.001812047145627993,0.27711345534438103
cont,Griewank,15,GWO,12000,med,8,30,0.28125,0.16061109125637793,0.4176603337442609,0.043004639967129395,0.019192506825583988,0.001812047145627993,0.27711345534438103
cont,Griewank,15,GWO,12000,hard,0,30,0.03125,0.0016532542666409576,0.09211405994732372,0.043004639967129395,0.019192506825583988,0.001812047145627993,0.27711345534438103
cont,Griewank,15,GWO,15000,easy,26,30,0.84375,0.7286288184424853,0.9342195294539822,0.05141944679049081,0.01930073163053675,0.003546248527244278,0.2922091135081041
cont,Griewank,15,GWO,15000,med,9,30,0.3125,0.18662163557046532,0.4519044172193684,0.05141944679049081,0.01930073163053675,0.003546248527244278,0.2922091135081041
cont,Griewank,15,GWO,15000,hard,0,30,0.03125,0.0016532542666409576,0.09211405994732372,0.05141944679049081,0.01930073163053675,0.003546248527244278,0.2922091135081041
cont,Griewank,15,MFO,12000,easy,3,30,0.125,0.04530017302264189,0.23150297514336832,0.2783891704798814,0.22986654050574834,0.05476555008809891,0.5745616759557691
cont,Griewank,15,MFO,12000,med,0,30,0.03125,0.0016532542666409576,0.09211405994732372,0.2783891704798814,0.22986654050574834,0.05476555008809891,0.5745616759557691
cont,Griewank,15,MFO,12000,hard,0,30,0.03125,0.0016532542666409576,0.09211405994732372,0.2783891704798814,0.22986654050574834,0.05476555008809891,0.5745616759557691
cont,Griewank,15,MFO,15000,easy,6,30,0.21875,0.11108877125926007,0.3466525437888071,0.26805338997143097,0.24210417553708619,0.057579042955672066,0.6457677596001816
cont,Griewank,15,MFO,15000,med,0,30,0.03125,0.0016532542666409576,0.09211405994732372,0.26805338997143097,0.24210417553708619,0.057579042955672066,0.6457677596001816
cont,Griewank,15,MFO,15000,hard,0,30,0.03125,0.0016532542666409576,0.09211405994732372,0.26805338997143097,0.24210417553708619,0.057579042955672066,0.6457677596001816
cont,Griewank,15,PSO_GBEST,12000,easy,26,30,0.84375,0.7286288184424853,0.9342195294539822,0.06118205977395448,0.029553426758341772,0.007396040334114895,0.3297223655712864
cont,Griewank,15,PSO_GBEST,12000,med,5,30,0.1875,0.08781446714324878,0.30964351535764695,0.06118205977395448,0.029553426758341772,0.007396040334114895,0.3297223655712864
cont,Griewank,15,PSO_GBEST,12000,hard,0,30,0.03125,0.0016532542666409576,0.09211405994732372,0.06118205977395448,0.029553426758341772,0.007396040334114895,0.3297223655712864
cont,Griewank,15,PSO_GBEST,15000,easy,24,30,0.78125,0.6533474562111927,0.8889112287407399,0.09176063846500236,0.043876117382021795,0.012320988875106575,0.49990842071802455
cont,Griewank,15,PSO_GBEST,15000,med,0,30,0.03125,0.0016532542666409576,0.09211405994732372,0.09176063846500236,0.043876117382021795,0.012320988875106575,0.49990842071802455
cont,Griewank,15,PSO_GBEST,15000,hard,0,30,0.03125,0.0016532542666409576,0.09211405994732372,0.09176063846500236,0.043876117382021795,0.012320988875106575,0.49990842071802455
cont,Griewank,15,WOA,12000,easy,24,30,0.78125,0.6533474562111927,0.8889112287407399,0.0809522232938764,0.03427904115881436,0.0006450633119000626,0.387034557639243
cont,Griewank,15,WOA,12000,med,3,30,0.125,0.04530017302264189,0.23150297514336832,0.0809522232938764,0.03427904115881436,0.0006450633119000626,0.387034557639243
cont,Griewank,15,WOA,12000,hard,1,30,0.0625,0.011585315861443594,0.14409039131834475,0.0809522232938764,0.03427904115881436,0.0006450633119000626,0.387034557639243
cont,Griewank,15,WOA,15000,easy,17,30,0.5625,0.417973431326673,0.7025127599090644,0.16421763107438456,0.05448988750157424,0.0008306953145936768,0.49724091342742116
cont,Griewank,15,WOA,15000,med,1,30,0.0625,0.011585315861443594,0.14409039131834475,0.16421763107438456,0.05448988750157424,0.0008306953145936768,0.49724091342742116
cont,Griewank,15,WOA,15000,hard,1,30,0.0625,0.011585315861443594,0.14409039131834475,0.16421763107438456,0.05448988750157424,0.0008306953145936768,0.49724091342742116
cont,Griewank,16,ALO,12000,easy,0,30,0.03125,0.0016532542666409576,0.09211405994732372,0.7620883864944304,0.7618463212607628,0.37589564161460454,0.9789005580306304
cont,Griewank,16,ALO,12000,med,0,30,0.03125,0.0016532542666409576,0.09211405994732372,0.7620883864944304,0.7618463212607628,0.37589564161460454,0.9789005580306304
cont,Griewank,16,ALO,12000,hard,0,30,0.03125,0.0016532542666409576,0.09211405994732372,0.7620883864944304,0.7618463212607628,0.37589564161460454,0.9789005580306304
cont,Griewank,16,ALO,15000,easy,0,30,0.03125,0.0016532542666409576,0.09211405994732372,0.7202516597296892,0.7352928772502019,0.23046046271076992,1.0140340219672235
cont,Griewank,16,ALO,15000,med,0,30,0.03125,0.0016532542666409576,0.09211405994732372,0.7202516597296892,0.7352928772502019,0.23046046271076992,1.0140340219672235
cont,Griewank,16,ALO,15000,hard,0,30,0.03125,0.0016532542666409576,0.09211405994732372,0.7202516597296892,0.7352928772502019,0.23046046271076992,1.0140340219672235
cont,Griewank,16,BA,12000,easy,1,30,0.0625,0.011585315861443594,0.14409039131834475,0.5375123934628404,0.6152967591101909,0.07612557079698068,0.8578805112588427
cont,Griewank,16,BA,12000,med,0,30,0.03125,0.0016532542666409576,0.09211405994732372,0.5375123934628404,0.6152967591101909,0.07612557079698068,0.8578805112588427
cont,Griewank,16,BA,12000,hard,0,30,0.03125,0.0016532542666409576,0.09211405994732372,0.5375123934628404,0.6152967591101909,0.07612557079698068,0.8578805112588427
cont,Griewank,16,BA,15000,easy,2,30,0.09375,0.02690011969114915,0.18946446742553866,0.45850607844646224,0.47064456684859995,0.02707557106148817,0.7656042857998897
cont,Griewank,16,BA,15000,med,0,30,0.03125,0.0016532542666409576,0.09211405994732372,0.45850607844646224,0.47064456684859995,0.02707557106148817,0.7656042857998897
cont,Griewank,16,BA,15000,hard,0,30,0.03125,0.0016532542666409576,0.09211405994732372,0.45850607844646224,0.47064456684859995,0.02707557106148817,0.7656042857998897
cont,Griewank,16,ES_1P1,12000,easy,9,30,0.3125,0.18662163557046532,0.4519044172193684,0.2711573118170473,0.23734660769913762,0.007396040334114895,0.7665921878900639
cont,Griewank,16,ES_1P1,12000,med,1,30,0.0625,0.011585315861443594,0.14409039131834475,0.2711573118170473,0.23734660769913762,0.007396040334114895,0.7665921878900639
cont,Griewank,16,ES_1P1,12000,hard,0,30,0.03125,0.0016532542666409576,0.09211405994732372,0.2711573118170473,0.23734660769913762,0.007396040334114895,0.7665921878900639
cont,Griewank,16,ES_1P1,15000,easy,13,30,0.4375,0.29748724009093563,0.582026568673327,0.2403324329431997,0.15614831934437912,0.0,0.8301270672968137
cont,Griewank,16,ES_1P1,15000,med,4,30,0.15625,0.06578047054601774,0.2713711815575147,0.2403324329431997,0.15614831934437912,0.0,0.8301270672968137
cont,Griewank,16,ES_1P1,15000,hard,2,30,0.09375,0.02690011969114915,0.18946446742553866,0.2403324329431997,0.15614831934437912,0.0,0.8301270672968137
cont,Griewank,16,FA,12000,easy,0,30,0.03125,0.0016532542666409576,0.09211405994732372,0.7157940058377087,0.7097740778900645,0.5126925526577535,0.8433002454387973
cont,Griewank,16,FA,12000,med,0,30,0.03125,0.0016532542666409576,0.09211405994732372,0.7157940058377087,0.7097740778900645,0.5126925526577535,0.8433002454387973
cont,Griewank,16,FA,12000,hard,0,30,0.03125,0.0016532542666409576,0.09211405994732372,0.7157940058377087,0.7097740778900645,0.5126925526577535,0.8433002454387973
cont,Griewank,16,FA,15000,easy,0,30,0.03125,0.0016532542666409576,0.09211405994732372,0.6778435843303063,0.7015955922098986,0.4908874294036364,0.8098631904239229
cont,Griewank,16,FA,15000,med,0,30,0.03125,0.0016532542666409576,0.09211405994732372,0.6778435843303063,0.7015955922098986,0.4908874294036364,0.8098631904239229
cont,Griewank,16,FA,15000,hard,0,30,0.03125,0.0016532542666409576,0.09211405994732372,0.6778435843303063,0.7015955922098986,0.4908874294036364,0.8098631904239229
cont,Griewank,16,GWO,12000,easy,10,30,0.34375,0.21336046293527158,0.485416074399548,0.12388103696950986,0.13337774703311278,0.03057463461886445,0.20932596929640346
cont,Griewank,16,GWO,12000,med,0,30,0.03125,0.0016532542666409576,0.09211405994732372,0.12388103696950986,0.13337774703311278,0.03057463461886445,0.20932596929640346
cont,Griewank,16,GWO,12000,hard,0,30,0.03125,0.0016532542666409576,0.09211405994732372,0.12388103696950986,0.13337774703311278,0.03057463461886445,0.20932596929640346
cont,Griewank,16,GWO,15000,easy,11,30,0.375,0.24077485846609245,0.5182492532388523,0.12360415592780745,0.12549753459049923,0.009588436327205296,0.20674147078213168
cont,Griewank,16,GWO,15000,med,1,30,0.0625,0.011585315861443594,0.14409039131834475,0.12360415592780745,0.12549753459049923,0.009588436327205296,0.20674147078213168
cont,Griewank,16,GWO,15000,hard,0,30,0.03125,0.0016532542666409576,0.09211405994732372,0.12360415592780745,0.12549753459049923,0.009588436327205296,0.20674147078213168
cont,Griewank,16,MFO,12000,easy,3,30,0.125,0.04530017302264189,0.23150297514336832,0.261953962993126,0.23560030336198712,0.050003389674105,0.4879946093727989
cont,Griewank,16,MFO,12000,med,0,30,0.03125,0.0016532542666409576,0.09211405994732372,0.261953962993126,0.23560030336198712,0.050003389674105,0.4879946093727989
cont,Griewank,16,MFO,12000,hard,0,30,0.03125,0.0016532542666409576,0.09211405994732372,0.261953962993126,0.23560030336198712,0.050003389674105,0.4879946093727989
cont,Griewank,16,MFO,15000,easy,8,30,0.28125,0.16061109125637793,0.4176603337442609,0.2870555869497295,0.31748662096383246,0.022155851995332654,0.7002067722103796
cont,Griewank,16,MFO,15000,med,0,30,0.03125,0.0016532542666409576,0.09211405994732372,0.2870555869497295,0.31748662096383246,0.022155851995332654,0.7002067722103796
cont,Griewank,16,MFO,15000,hard,0,30,0.03125,0.0016532542666409576,0.09211405994732372,0.2870555869497295,0.31748662096383246,0.022155851995332654,0.7002067722103796
cont,Griewank,16,PSO_GBEST,12000,easy,20,30,0.65625,0.5145839256004521,0.7866395370647284,0.09866333859314196,0.05458904542813048,0.0,0.5007635617112819
cont,Griewank,16,PSO_GBEST,12000,med,8,30,0.28125,0.16061109125637793,0.4176603337442609,0.09866333859314196,0.05458904542813048,0.0,0.5007635617112819
cont,Griewank,16,PSO_GBEST,12000,hard,2,30,0.09375,0.02690011969114915,0.18946446742553866,0.09866333859314196,0.05458904542813048,0.0,0.5007635617112819
cont,Griewank,16,PSO_GBEST,15000,easy,19,30,0.625,0.4817507467611476,0.7592251415339075,0.12459405361144073,0.04226853932236663,0.0,0.6011592770605291
cont,Griewank,16,PSO_GBEST,15000,med,8,30,0.28125,0.16061109125637793,0.4176603337442609,0.12459405361144073,0.04226853932236663,0.0,0.6011592770605291
cont,Griewank,16,PSO_GBEST,15000,hard,1,30,0.0625,0.011585315861443594,0.14409039131834475,0.12459405361144073,0.04226853932236663,0.0,0.6011592770605291
cont,Griewank,16,WOA,12000,easy,20,30,0.65625,0.5145839256004521,0.7866395370647284,0.0991654909618072,0.014398127817143225,6.579602036194121e-05,0.46953767444837935
cont,Griewank,16,WOA,12000,med,11,30,0.375,0.24077485846609245,0.5182492532388523,0.0991654909618072,0.014398127817143225,6.579602036194121e-05,0.46953767444837935
cont,Griewank,16,WOA,12000,hard,5,30,0.1875,0.08781446714324878,0.30964351535764695,0.0991654909618072,0.014398127817143225,6.579602036194121e-05,0.46953767444837935
cont,Griewank,16,WOA,15000,easy,21,30,0.6875,0.5480955827806314,0.8133783644295347,0.09383301460385071,0.023866869912552158,0.000326028517592003,0.45931176545509256
cont,Griewank,16,WOA,15000,med,6,30,0.21875,0.11108877125926007,0.3466525437888071,0.09383301460385071,0.023866869912552158,0.000326028517592003,0.45931176545509256
cont,Griewank,16,WOA,15000,hard,1,30,0.0625,0.011585315861443594,0.14409039131834475,0.09383301460385071,0.023866869912552158,0.000326028517592003,0.45931176545509256
cont,Griewank,17,ALO,12000,easy,0,30,0.03125,0.0016532542666409576,0.09211405994732372,0.6841879028374701,0.7020117260647165,0.36262338325470334,0.9382707415582827
cont,Griewank,17,ALO,12000,med,0,30,0.03125,0.0016532542666409576,0.09211405994732372,0.6841879028374701,0.7020117260647165,0.36262338325470334,0.9382707415582827
cont,Griewank,17,ALO,12000,hard,0,30,0.03125,0.0016532542666409576,0.09211405994732372,0.6841879028374701,0.7020117260647165,0.36262338325470334,0.9382707415582827
cont,Griewank,17,ALO,15000,easy,0,30,0.03125,0.0016532542666409576,0.09211405994732372,0.6340348473799473,0.6644132878877659,0.23408154919964075,0.8876266371702031
cont,Griewank,17,ALO,15000,med,0,30,0.03125,0.0016532542666409576,0.09211405994732372,0.6340348473799473,0.6644132878877659,0.23408154919964075,0.8876266371702031
cont,Griewank,17,ALO,15000,hard,0,30,0.03125,0.0016532542666409576,0.09211405994732372,0.6340348473799473,0.6644132878877659,0.23408154919964075,0.8876266371702031
cont,Griewank,17,BA,12000,easy,1,30,0.0625,0.011585315861443594,0.14409039131834475,0.5310638570132691,0.5643868257020448,0.041778829582554966,0.784613755796262
cont,Griewank,17,BA,12000,med,0,30,0.03125,0.0016532542666409576,0.09211405994732372,0.5310638570132691,0.5643868257020448,0.041778829582554966,0.784613755796262
cont,Griewank,17,BA,12000,hard,0,30,0.03125,0.0016532542666409576,0.09211405994732372,0.5310638570132691,0.5643868257020448,0.041778829582554966,0.784613755796262
cont,Griewank,17,BA,15000,easy,3,30,0.125,0.04530017302264189,0.23150297514336832,0.4090182017374992,0.3459080704314544,0.036427194470038615,0.8373208438472177
cont,Griewank,17,BA,15000,med,0,30,0.03125,0.0016532542666409576,0.09211405994732372,0.4090182017374992,0.3459080704314544,0.036427194470038615,0.8373208438472177
cont,Griewank,17,BA,15000,hard,0,30,0.03125,0.0016532542666409576,0.09211405994732372,0.4090182017374992,0.3459080704314544,0.036427194470038615,0.8373208438472177
cont,Griewank,17,ES_1P1,12000,easy,15,30,0.5,0.3565721369616578,0.6434278630383421,0.18807585478609345,0.10943720951826436,0.0,0.8442590279617644
cont,Griewank,17,ES_1P1,12000,med,4,30,0.15625,0.06578047054601774,0.2713711815575147,0.18807585478609345,0.10943720951826436,0.0,0.8442590279617644
cont,Griewank,17,ES_1P1,12000,hard,1,30,0.0625,0.011585315861443594,0.14409039131834475,0.18807585478609345,0.10943720951826436,0.0,0.8442590279617644
cont,Griewank,17,ES_1P1,15000,easy,9,30,0.3125,0.18662163557046532,0.4519044172193684,0.20322249209928317,0.15636158460843158,0.0,0.9023695028472095
cont,Griewank,17,ES_1P1,15000,med,2,30,0.09375,0.02690011969114915,0.18946446742553866,0.20322249209928317,0.15636158460843158,0.0,0.9023695028472095
cont,Griewank,17,ES_1P1,15000,hard,1,30,0.0625,0.011585315861443594,0.14409039131834475,0.20322249209928317,0.15636158460843158,0.0,0.9023695028472095
cont,Griewank,17,FA,12000,easy,0,30,0.03125,0.0016532542666409576,0.09211405994732372,0.613688252543596,0.6179128995688851,0.4618720312823006,0.7393012828864705
cont,Griewank,17,FA,12000,med,0,30,0.03125,0.0016532542666409576,0.09211405994732372,0.613688252543596,0.6179128995688851,0.4618720312823006,0.7393012828864705
cont,Griewank,17,FA,12000,hard,0,30,0.03125,0.0016532542666409576,0.09211405994732372,0.613688252543596,0.6179128995688851,0.4618720312823006,0.7393012828864705
cont,Griewank,17,FA,15000,easy,0,30,0.03125,0.0016532542666409576,0.09211405994732372,0.6013431837137287,0.6179693364243484,0.3242532440317283,0.7556333769880388
cont,Griewank,17,FA,15000,med,0,30,0.03125,0.0016532542666409576,0.09211405994732372,0.6013431837137287,0.6179693364243484,0.3242532440317283,0.7556333769880388
cont,Griewank,17,FA,15000,hard,0,30,0.03125,0.0016532542666409576,0.09211405994732372,0.6013431837137287,0.6179693364243484,0.3242532440317283,0.7556333769880388
cont,Griewank,17,GWO,12000,easy,21,30,0.6875,0.5480955827806314,0.8133783644295347,0.10804886230952294,0.07725999799953281,0.012584151738707083,0.35407410264718686
cont,Griewank,17,GWO,12000,med,0,30,0.03125,0.0016532542666409576,0.09211405994732372,0.10804886230952294,0.07725999799953281,0.012584151738707083,0.35407410264718686
cont,Griewank,17,GWO,12000,hard,0,30,0.03125,0.0016532542666409576,0.09211405994732372,0.10804886230952294,0.07725999799953281,0.012584151738707083,0.35407410264718686
cont,Griewank,17,GWO,15000,easy,18,30,0.59375,0.4495566259694524,0.7311737237767726,0.11593517926154963,0.09124448862562784,0.027497032354399598,0.3305692272793864
cont,Griewank,17,GWO,15000,med,0,30,0.03125,0.0016532542666409576,0.09211405994732372,0.11593517926154963,0.09124448862562784,0.027497032354399598,0.3305692272793864
cont,Griewank,17,GWO,15000,hard,0,30,0.03125,0.0016532542666409576,0.09211405994732372,0.11593517926154963,0.09124448862562784,0.027497032354399598,0.3305692272793864
cont,Griewank,17,MFO,12000,easy,5,30,0.1875,0.08781446714324878,0.30964351535764695,0.27600206488049217,0.25476507914811936,0.05105171631759731,0.6670136856295853
cont,Griewank,17,MFO,12000,med,0,30,0.03125,0.0016532542666409576,0.09211405994732372,0.27600206488049217,0.25476507914811936,0.05105171631759731,0.6670136856295853
cont,Griewank,17,MFO,12000,hard,0,30,0.03125,0.0016532542666409576,0.09211405994732372,0.27600206488049217,0.25476507914811936,0.05105171631759731,0.6670136856295853
cont,Griewank,17,MFO,15000,easy,7,30,0.25,0.1354005847583789,0.3826102309169821,0.2694008407244518,0.22126283064244723,0.04391133793176705,0.7186578469088596
cont,Griewank,17,MFO,15000,med,0,30,0.03125,0.0016532542666409576,0.09211405994732372,0.2694008407244518,0.22126283064244723,0.04391133793176705,0.7186578469088596
cont,Griewank,17,MFO,15000,hard,0,30,0.03125,0.0016532542666409576,0.09211405994732372,0.2694008407244518,0.22126283064244723,0.04391133793176705,0.7186578469088596
cont,Griewank,17,PSO_GBEST,12000,easy,22,30,0.71875,0.5823396662557391,0.8393889087436222,0.08350931374215463,0.03790531938433428,0.007396040334114895,0.32616649070445336
cont,Griewank,17,PSO_GBEST,12000,med,5,30,0.1875,0.08781446714324878,0.30964351535764695,0.08350931374215463,0.03790531938433428,0.007396040334114895,0.32616649070445336
cont,Griewank,17,PSO_GBEST,12000,hard,0,30,0.03125,0.0016532542666409576,0.09211405994732372,0.08350931374215463,0.03790531938433428,0.007396040334114895,0.32616649070445336
cont,Griewank,17,PSO_GBEST,15000,easy,15,30,0.5,0.3565721369616578,0.6434278630383421,0.13417662834801156,0.09973482579535753,0.0,0.6965507919769367
cont,Griewank,17,PSO_GBEST,15000,med,7,30,0.25,0.1354005847583789,0.3826102309169821,0.13417662834801156,0.09973482579535753,0.0,0.6965507919769367
cont,Griewank,17,PSO_GBEST,15000,hard,2,30,0.09375,0.02690011969114915,0.18946446742553866,0.13417662834801156,0.09973482579535753,0.0,0.6965507919769367
cont,Griewank,17,WOA,12000,easy,10,30,0.34375,0.21336046293527158,0.485416074399548,0.17289492172510854,0.2132704235211335,1.0276438471290561e-05,0.3154309846508
cont,Griewank,17,WOA,12000,med,2,30,0.09375,0.02690011969114915,0.18946446742553866,0.17289492172510854,0.2132704235211335,1.0276438471290561e-05,0.3154309846508
cont,Griewank,17,WOA,12000,hard,1,30,0.0625,0.011585315861443594,0.14409039131834475,0.17289492172510854,0.2132704235211335,1.0276438471290561e-05,0.3154309846508
cont,Griewank,17,WOA,15000,easy,15,30,0.5,0.3565721369616578,0.6434278630383421,0.12011986261090093,0.09468028062877631,0.0074193700097633375,0.45658172759531923
cont,Griewank,17,WOA,15000,med,4,30,0.15625,0.06578047054601774,0.2713711815575147,0.12011986261090093,0.09468028062877631,0.0074193700097633375,0.45658172759531923
cont,Griewank,17,WOA,15000,hard,0,30,0.03125,0.0016532542666409576,0.09211405994732372,0.12011986261090093,0.09468028062877631,0.0074193700097633375,0.45658172759531923
cont,Griewank,18,ALO,12000,easy,0,30,0.03125,0.0016532542666409576,0.09211405994732372,0.6900774663239498,0.7206982585913891,0.36506230875538703,0.9356345684416512
cont,Griewank,18,ALO,12000,med,0,30,0.03125,0.0016532542666409576,0.09211405994732372,0.6900774663239498,0.7206982585913891,0.36506230875538703,0.9356345684416512
cont,Griewank,18,ALO,12000,hard,0,30,0.03125,0.0016532542666409576,0.09211405994732372,0.6900774663239498,0.7206982585913891,0.36506230875538703,0.9356345684416512
cont,Griewank,18,ALO,15000,easy,0,30,0.03125,0.0016532542666409576,0.09211405994732372,0.6198488334374574,0.6558966961582522,0.14682561063327415,0.8942834287484631
cont,Griewank,18,ALO,15000,med,0,30,0.03125,0.0016532542666409576,0.09211405994732372,0.6198488334374574,0.6558966961582522,0.14682561063327415,0.8942834287484631
cont,Griewank,18,ALO,15000,hard,0,30,0.03125,0.0016532542666409576,0.09211405994732372,0.6198488334374574,0.6558966961582522,0.14682561063327415,0.8942834287484631
cont,Griewank,18,BA,12000,easy,0,30,0.03125,0.0016532542666409576,0.09211405994732372,0.4257456502001603,0.40004895580174243,0.21525116690896418,0.8282025329189351
cont,Griewank,18,BA,12000,med,0,30,0.03125,0.0016532542666409576,0.09211405994732372,0.4257456502001603,0.40004895580174243,0.21525116690896418,0.8282025329189351
cont,Griewank,18,BA,12000,hard,0,30,0.03125,0.0016532542666409576,0.09211405994732372,0.4257456502001603,0.40004895580174243,0.21525116690896418,0.8282025329189351
cont,Griewank,18,BA,15000,easy,1,30,0.0625,0.011585315861443594,0.14409039131834475,0.33382755039067447,0.32709574840371886,0.0901697766676175,0.8862361606473078
cont,Griewank,18,BA,15000,med,0,30,0.03125,0.0016532542666409576,0.09211405994732372,0.33382755039067447,0.32709574840371886,0.0901697766676175,0.8862361606473078
cont,Griewank,18,BA,15000,hard,0,30,0.03125,0.0016532542666409576,0.09211405994732372,0.33382755039067447,0.32709574840371886,0.0901697766676175,0.8862361606473078
cont,Griewank,18,ES_1P1,12000,easy,16,30,0.53125,0.3869822549447333,0.6732606351024929,0.12591817522860815,0.08232235024458684,0.009864672061006163,0.6677865407788781
cont,Griewank,18,ES_1P1,12000,med,1,30,0.0625,0.011585315861443594,0.14409039131834475,0.12591817522860815,0.08232235024458684,0.009864672061006163,0.6677865407788781
cont,Griewank,18,ES_1P1,12000,hard,0,30,0.03125,0.0016532542666409576,0.09211405994732372,0.12591817522860815,0.08232235024458684,0.009864672061006163,0.6677865407788781
cont,Griewank,18,ES_1P1,15000,easy,18,30,0.59375,0.4495566259694524,0.7311737237767726,0.11117367903375738,0.08024938386781194,0.0,0.35693770347501963
cont,Griewank,18,ES_1P1,15000,med,3,30,0.125,0.04530017302264189,0.23150297514336832,0.11117367903375738,0.08024938386781194,0.0,0.35693770347501963
cont,Griewank,18,ES_1P1,15000,hard,2,30,0.09375,0.02690011969114915,0.18946446742553866,0.11117367903375738,0.08024938386781194,0.0,0.35693770347501963
cont,Griewank,18,FA,12000,easy,0,30,0.03125,0.0016532542666409576,0.09211405994732372,0.535067435997971,0.5531325930552378,0.23088399692051975,0.6722467456402751
cont,Griewank,18,FA,12000,med,0,30,0.03125,0.0016532542666409576,0.09211405994732372,0.535067435997971,0.5531325930552378,0.23088399692051975,0.6722467456402751
cont,Griewank,18,FA,12000,hard,0,30,0.03125,0.0016532542666409576,0.09211405994732372,0.535067435997971,0.5531325930552378,0.23088399692051975,0.6722467456402751
cont,Griewank,18,FA,15000,easy,0,30,0.03125,0.0016532542666409576,0.09211405994732372,0.5070331959837459,0.5032004268191905,0.32441781876488673,0.6470975120176685
cont,Griewank,18,FA,15000,med,0,30,0.03125,0.0016532542666409576,0.09211405994732372,0.5070331959837459,0.5032004268191905,0.32441781876488673,0.6470975120176685
cont,Griewank,18,FA,15000,hard,0,30,0.03125,0.0016532542666409576,0.09211405994732372,0.5070331959837459,0.5032004268191905,0.32441781876488673,0.6470975120176685
cont,Griewank,18,GWO,12000,easy,26,30,0.84375,0.7286288184424853,0.9342195294539822,0.07434323867204307,0.05613272670520225,0.010415191724502004,0.26139431461213314
cont,Griewank,18,GWO,12000,med,0,30,0.03125,0.0016532542666409576,0.09211405994732372,0.07434323867204307,0.05613272670520225,0.010415191724502004,0.26139431461213314
cont,Griewank,18,GWO,12000,hard,0,30,0.03125,0.0016532542666409576,0.09211405994732372,0.07434323867204307,0.05613272670520225,0.010415191724502004,0.26139431461213314
cont,Griewank,18,GWO,15000,easy,24,30,0.78125,0.6533474562111927,0.8889112287407399,0.07659370619991801,0.053954996324450055,0.019467314847381734,0.23924650193874597
cont,Griewank,18,GWO,15000,med,0,30,0.03125,0.0016532542666409576,0.09211405994732372,0.07659370619991801,0.053954996324450055,0.019467314847381734,0.23924650193874597
cont,Griewank,18,GWO,15000,hard,0,30,0.03125,0.0016532542666409576,0.09211405994732372,0.07659370619991801,0.053954996324450055,0.019467314847381734,0.23924650193874597
cont,Griewank,18,MFO,12000,easy,3,30,0.125,0.04530017302264189,0.23150297514336832,0.2321946459421106,0.20698414116682484,0.046011419727688296,0.5634067763228594
cont,Griewank,18,MFO,12000,med,0,30,0.03125,0.0016532542666409576,0.09211405994732372,0.2321946459421106,0.20698414116682484,0.046011419727688296,0.5634067763228594
cont,Griewank,18,MFO,12000,hard,0,30,0.03125,0.0016532542666409576,0.09211405994732372,0.2321946459421106,0.20698414116682484,0.046011419727688296,0.5634067763228594
cont,Griewank,18,MFO,15000,easy,6,30,0.21875,0.11108877125926007,0.3466525437888071,0.24643619150832877,0.2287232708954859,0.05679526728271456,0.6302781933745858
cont,Griewank,18,MFO,15000,med,0,30,0.03125,0.0016532542666409576,0.09211405994732372,0.24643619150832877,0.2287232708954859,0.05679526728271456,0.6302781933745858
cont,Griewank,18,MFO,15000,hard,0,30,0.03125,0.0016532542666409576,0.09211405994732372,0.24643619150832877,0.2287232708954859,0.05679526728271456,0.6302781933745858
cont,Griewank,18,PSO_GBEST,12000,easy,15,30,0.5,0.3565721369616578,0.6434278630383421,0.11047575692253843,0.10389894855334475,0.012320988875106686,0.33852083273919276
cont,Griewank,18,PSO_GBEST,12000,med,0,30,0.03125,0.0016532542666409576,0.09211405994732372,0.11047575692253843,0.10389894855334475,0.012320988875106686,0.33852083273919276
cont,Griewank,18,PSO_GBEST,12000,hard,0,30,0.03125,0.0016532542666409576,0.09211405994732372,0.11047575692253843,0.10389894855334475,0.012320988875106686,0.33852083273919276
cont,Griewank,18,PSO_GBEST,15000,easy,16,30,0.53125,0.3869822549447333,0.6732606351024929,0.10620721522859974,0.07956585064323352,0.00985728460782076,0.36065597447952047
cont,Griewank,18,PSO_GBEST,15000,med,2,30,0.09375,0.02690011969114915,0.18946446742553866,0.10620721522859974,0.07956585064323352,0.00985728460782076,0.36065597447952047
cont,Griewank,18,PSO_GBEST,15000,hard,0,30,0.03125,0.0016532542666409576,0.09211405994732372,0.10620721522859974,0.07956585064323352,0.00985728460782076,0.36065597447952047
cont,Griewank,18,WOA,12000,easy,14,30,0.46875,0.3267393648975071,0.6130177450552665,0.12481358888653628,0.12114067286596275,0.00808525545442662,0.4409600761842063
cont,Griewank,18,WOA,12000,med,1,30,0.0625,0.011585315861443594,0.14409039131834475,0.12481358888653628,0.12114067286596275,0.00808525545442662,0.4409600761842063
cont,Griewank,18,WOA,12000,hard,0,30,0.03125,0.0016532542666409576,0.09211405994732372,0.12481358888653628,0.12114067286596275,0.00808525545442662,0.4409600761842063
cont,Griewank,18,WOA,15000,easy,5,30,0.1875,0.08781446714324878,0.30964351535764695,0.1901742357908112,0.19428972186029447,0.027041987687165703,0.36218642223964925
cont,Griewank,18,WOA,15000,med,0,30,0.03125,0.0016532542666409576,0.09211405994732372,0.1901742357908112,0.19428972186029447,0.027041987687165703,0.36218642223964925
cont,Griewank,18,WOA,15000,hard,0,30,0.03125,0.0016532542666409576,0.09211405994732372,0.1901742357908112,0.19428972186029447,0.027041987687165703,0.36218642223964925
cont,Rastrigin,0,ALO,12000,easy,0,30,0.03125,0.0016532542666409576,0.09211405994732372,46.5957367327222,46.52838105367084,19.899145372960405,88.5506093002982
cont,Rastrigin,0,ALO,12000,med,0,30,0.03125,0.0016532542666409576,0.09211405994732372,46.5957367327222,46.52838105367084,19.899145372960405,88.5506093002982
cont,Rastrigin,0,ALO,12000,hard,0,30,0.03125,0.0016532542666409576,0.09211405994732372,46.5957367327222,46.52838105367084,19.899145372960405,88.5506093002982
cont,Rastrigin,0,ALO,15000,easy,0,30,0.03125,0.0016532542666409576,0.09211405994732372,51.27423067626902,45.56061295486974,19.89915291030755,117.4038128079693
cont,Rastrigin,0,ALO,15000,med,0,30,0.03125,0.0016532542666409576,0.09211405994732372,51.27423067626902,45.56061295486974,19.89915291030755,117.4038128079693
cont,Rastrigin,0,ALO,15000,hard,0,30,0.03125,0.0016532542666409576,0.09211405994732372,51.27423067626902,45.56061295486974,19.89915291030755,117.4038128079693
cont,Rastrigin,0,BA,12000,easy,0,30,0.03125,0.0016532542666409576,0.09211405994732372,50.699102814293475,48.75294147478881,15.919553431686182,94.5205937811329
cont,Rastrigin,0,BA,12000,med,0,30,0.03125,0.0016532542666409576,0.09211405994732372,50.699102814293475,48.75294147478881,15.919553431686182,94.5205937811329
cont,Rastrigin,0,BA,12000,hard,0,30,0.03125,0.0016532542666409576,0.09211405994732372,50.699102814293475,48.75294147478881,15.919553431686182,94.5205937811329
cont,Rastrigin,0,BA,15000,easy,0,30,0.03125,0.0016532542666409576,0.09211405994732372,47.51204086464828,49.25054761504636,12.934679348735997,87.55595475658026
cont,Rastrigin,0,BA,15000,med,0,30,0.03125,0.0016532542666409576,0.09211405994732372,47.51204086464828,49.25054761504636,12.934679348735997,87.55595475658026
cont,Rastrigin,0,BA,15000,hard,0,30,0.03125,0.0016532542666409576,0.09211405994732372,47.51204086464828,49.25054761504636,12.934679348735997,87.55595475658026
cont,Rastrigin,0,ES_1P1,12000,easy,0,30,0.03125,0.0016532542666409576,0.09211405994732372,37.21299167700465,32.278682602652545,5.969754342559753,71.22183674237851
cont,Rastrigin,0,ES_1P1,12000,med,0,30,0.03125,0.0016532542666409576,0.09211405994732372,37.21299167700465,32.278682602652545,5.969754342559753,71.22183674237851
cont,Rastrigin,0,ES_1P1,12000,hard,0,30,0.03125,0.0016532542666409576,0.09211405994732372,37.21299167700465,32.278682602652545,5.969754342559753,71.22183674237851
cont,Rastrigin,0,ES_1P1,15000,easy,0,30,0.03125,0.0016532542666409576,0.09211405994732372,41.91177817462885,41.55904838303952,15.919329800035442,93.06732237377932
cont,Rastrigin,0,ES_1P1,15000,med,0,30,0.03125,0.0016532542666409576,0.09211405994732372,41.91177817462885,41.55904838303952,15.919329800035442,93.06732237377932
cont,Rastrigin,0,ES_1P1,15000,hard,0,30,0.03125,0.0016532542666409576,0.09211405994732372,41.91177817462885,41.55904838303952,15.919329800035442,93.06732237377932
cont,Rastrigin,0,FA,12000,easy,0,30,0.03125,0.0016532542666409576,0.09211405994732372,74.0675294920175,74.61312824629559,53.63725674212847,87.56667949163261
cont,Rastrigin,0,FA,12000,med,0,30,0.03125,0.0016532542666409576,0.09211405994732372,74.0675294920175,74.61312824629559,53.63725674212847,87.56667949163261
cont,Rastrigin,0,FA,12000,hard,0,30,0.03125,0.0016532542666409576,0.09211405994732372,74.0675294920175,74.61312824629559,53.63725674212847,87.56667949163261
cont,Rastrigin,0,FA,15000,easy,0,30,0.03125,0.0016532542666409576,0.09211405994732372,71.08083130103253,73.85045804740135,43.009250720368115,86.01059547063284
cont,Rastrigin,0,FA,15000,med,0,30,0.03125,0.0016532542666409576,0.09211405994732372,71.08083130103253,73.85045804740135,43.009250720368115,86.01059547063284
cont,Rastrigin,0,FA,15000,hard,0,30,0.03125,0.0016532542666409576,0.09211405994732372,71.08083130103253,73.85045804740135,43.009250720368115,86.01059547063284
cont,Rastrigin,0,GWO,12000,easy,0,30,0.03125,0.0016532542666409576,0.09211405994732372,18.17418794227408,17.358892186639615,12.33977461875898,26.40232378589532
cont,Rastrigin,0,GWO,12000,med,0,30,0.03125,0.0016532542666409576,0.09211405994732372,18.17418794227408,17.358892186639615,12.33977461875898,26.40232378589532
cont,Rastrigin,0,GWO,12000,hard,0,30,0.03125,0.0016532542666409576,0.09211405994732372,18.17418794227408,17.358892186639615,12.33977461875898,26.40232378589532
cont,Rastrigin,0,GWO,15000,easy,0,30,0.03125,0.0016532542666409576,0.09211405994732372,21.306674083246108,21.782381039550685,12.83467912285127,31.30216823090923
cont,Rastrigin,0,GWO,15000,med,0,30,0.03125,0.0016532542666409576,0.09211405994732372,21.306674083246108,21.782381039550685,12.83467912285127,31.30216823090923
cont,Rastrigin,0,GWO,15000,hard,0,30,0.03125,0.0016532542666409576,0.09211405994732372,21.306674083246108,21.782381039550685,12.83467912285127,31.30216823090923
cont,Rastrigin,0,MFO,12000,easy,0,30,0.03125,0.0016532542666409576,0.09211405994732372,31.111492160953947,30.551124451129596,9.408383803826752,62.589281358007
cont,Rastrigin,0,MFO,12000,med,0,30,0.03125,0.0016532542666409576,0.09211405994732372,31.111492160953947,30.551124451129596,9.408383803826752,62.589281358007
cont,Rastrigin,0,MFO,12000,hard,0,30,0.03125,0.0016532542666409576,0.09211405994732372,31.111492160953947,30.551124451129596,9.408383803826752,62.589281358007
cont,Rastrigin,0,MFO,15000,easy,0,30,0.03125,0.0016532542666409576,0.09211405994732372,34.263333742385825,32.942726854167084,12.692384663700594,61.55101355916879
cont,Rastrigin,0,MFO,15000,med,0,30,0.03125,0.0016532542666409576,0.09211405994732372,34.263333742385825,32.942726854167084,12.692384663700594,61.55101355916879
cont,Rastrigin,0,MFO,15000,hard,0,30,0.03125,0.0016532542666409576,0.09211405994732372,34.263333742385825,32.942726854167084,12.692384663700594,61.55101355916879
cont,Rastrigin,0,PSO_GBEST,12000,easy,0,30,0.03125,0.0016532542666409576,0.09211405994732372,12.769135126985713,11.442021599844239,3.979836232412012,34.919545636127424
cont,Rastrigin,0,PSO_GBEST,12000,med,0,30,0.03125,0.0016532542666409576,0.09211405994732372,12.769135126985713,11.442021599844239,3.979836232412012,34.919545636127424
cont,Rastrigin,0,PSO_GBEST,12000,hard,0,30,0.03125,0.0016532542666409576,0.09211405994732372,12.769135126985713,11.442021599844239,3.979836232412012,34.919545636127424
cont,Rastrigin,0,PSO_GBEST,15000,easy,0,30,0.03125,0.0016532542666409576,0.09211405994732372,11.92689860008358,11.44201908093617,1.9899181141866222,30.135133750579826
cont,Rastrigin,0,PSO_GBEST,15000,med,0,30,0.03125,0.0016532542666409576,0.09211405994732372,11.92689860008358,11.44201908093617,1.9899181141866222,30.135133750579826
cont,Rastrigin,0,PSO_GBEST,15000,hard,0,30,0.03125,0.0016532542666409576,0.09211405994732372,11.92689860008358,11.44201908093617,1.9899181141866222,30.135133750579826
cont,Rastrigin,0,WOA,12000,easy,0,30,0.03125,0.0016532542666409576,0.09211405994732372,32.983557933612765,30.93443214113475,9.00084815894374,69.66038897866979
cont,Rastrigin,0,WOA,12000,med,0,30,0.03125,0.0016532542666409576,0.09211405994732372,32.983557933612765,30.93443214113475,9.00084815894374,69.66038897866979
cont,Rastrigin,0,WOA,12000,hard,0,30,0.03125,0.0016532542666409576,0.09211405994732372,32.983557933612765,30.93443214113475,9.00084815894374,69.66038897866979
cont,Rastrigin,0,WOA,15000,easy,0,30,0.03125,0.0016532542666409576,0.09211405994732372,35.276089290294976,33.18271130054046,14.003983603703134,67.66707687467596
cont,Rastrigin,0,WOA,15000,med,0,30,0.03125,0.0016532542666409576,0.09211405994732372,35.276089290294976,33.18271130054046,14.003983603703134,67.66707687467596
cont,Rastrigin,0,WOA,15000,hard,0,30,0.03125,0.0016532542666409576,0.09211405994732372,35.276089290294976,33.18271130054046,14.003983603703134,67.66707687467596
cont,Rastrigin,1,ALO,12000,easy,0,30,0.03125,0.0016532542666409576,0.09211405994732372,48.553253172727565,44.77302454137384,13.929422719998428,99.49469121885375
cont,Rastrigin,1,ALO,12000,med,0,30,0.03125,0.0016532542666409576,0.09211405994732372,48.553253172727565,44.77302454137384,13.929422719998428,99.49469121885375
cont,Rastrigin,1,ALO,12000,hard,0,30,0.03125,0.0016532542666409576,0.09211405994732372,48.553253172727565,44.77302454137384,13.929422719998428,99.49469121885375
cont,Rastrigin,1,ALO,15000,easy,0,30,0.03125,0.0016532542666409576,0.09211405994732372,54.173948690755545,57.18367531550875,23.13599155211979,88.5509339426198
cont,Rastrigin,1,ALO,15000,med,0,30,0.03125,0.0016532542666409576,0.09211405994732372,54.173948690755545,57.18367531550875,23.13599155211979,88.5509339426198
cont,Rastrigin,1,ALO,15000,hard,0,30,0.03125,0.0016532542666409576,0.09211405994732372,54.173948690755545,57.18367531550875,23.13599155211979,88.5509339426198
cont,Rastrigin,1,BA,12000,easy,0,30,0.03125,0.0016532542666409576,0.09211405994732372,50.7725030120631,48.75296076611742,18.90442314512282,115.41421514986881
cont,Rastrigin,1,BA,12000,med,0,30,0.03125,0.0016532542666409576,0.09211405994732372,50.7725030120631,48.75296076611742,18.90442314512282,115.41421514986881
cont,Rastrigin,1,BA,12000,hard,0,30,0.03125,0.0016532542666409576,0.09211405994732372,50.7725030120631,48.75296076611742,18.90442314512282,115.41421514986881
cont,Rastrigin,1,BA,15000,easy,0,30,0.03125,0.0016532542666409576,0.09211405994732372,50.51057679017687,53.727782480396044,17.909513207631093,97.50546091460748
cont,Rastrigin,1,BA,15000,med,0,30,0.03125,0.0016532542666409576,0.09211405994732372,50.51057679017687,53.727782480396044,17.909513207631093,97.50546091460748
cont,Rastrigin,1,BA,15000,hard,0,30,0.03125,0.0016532542666409576,0.09211405994732372,50.51057679017687,53.727782480396044,17.909513207631093,97.50546091460748
cont,Rastrigin,1,ES_1P1,12000,easy,0,30,0.03125,0.0016532542666409576,0.09211405994732372,37.97750805579768,33.82850189648927,7.959672456746347,73.15436674156118
cont,Rastrigin,1,ES_1P1,12000,med,0,30,0.03125,0.0016532542666409576,0.09211405994732372,37.97750805579768,33.82850189648927,7.959672456746347,73.15436674156118
cont,Rastrigin,1,ES_1P1,12000,hard,0,30,0.03125,0.0016532542666409576,0.09211405994732372,37.97750805579768,33.82850189648927,7.959672456746347,73.15436674156118
cont,Rastrigin,1,ES_1P1,15000,easy,0,30,0.03125,0.0016532542666409576,0.09211405994732372,40.60454105358239,39.27447901200695,7.959667418927253,87.55524950123736
cont,Rastrigin,1,ES_1P1,15000,med,0,30,0.03125,0.0016532542666409576,0.09211405994732372,40.60454105358239,39.27447901200695,7.959667418927253,87.55524950123736
cont,Rastrigin,1,ES_1P1,15000,hard,0,30,0.03125,0.0016532542666409576,0.09211405994732372,40.60454105358239,39.27447901200695,7.959667418927253,87.55524950123736
cont,Rastrigin,1,FA,12000,easy,0,30,0.03125,0.0016532542666409576,0.09211405994732372,75.43737124261115,75.04425454551365,59.27267547283974,87.14266537183516
cont,Rastrigin,1,FA,12000,med,0,30,0.03125,0.0016532542666409576,0.09211405994732372,75.43737124261115,75.04425454551365,59.27267547283974,87.14266537183516
cont,Rastrigin,1,FA,12000,hard,0,30,0.03125,0.0016532542666409576,0.09211405994732372,75.43737124261115,75.04425454551365,59.27267547283974,87.14266537183516
cont,Rastrigin,1,FA,15000,easy,0,30,0.03125,0.0016532542666409576,0.09211405994732372,69.03293425540164,69.18225462018756,53.95123867389805,83.5598279550126
cont,Rastrigin,1,FA,15000,med,0,30,0.03125,0.0016532542666409576,0.09211405994732372,69.03293425540164,69.18225462018756,53.95123867389805,83.5598279550126
cont,Rastrigin,1,FA,15000,hard,0,30,0.03125,0.0016532542666409576,0.09211405994732372,69.03293425540164,69.18225462018756,53.95123867389805,83.5598279550126
cont,Rastrigin,1,GWO,12000,easy,0,30,0.03125,0.0016532542666409576,0.09211405994732372,32.7555490057314,32.16566457591771,16.079737567466964,52.96377288745813
cont,Rastrigin,1,GWO,12000,med,0,30,0.03125,0.0016532542666409576,0.09211405994732372,32.7555490057314,32.16566457591771,16.079737567466964,52.96377288745813
cont,Rastrigin,1,GWO,12000,hard,0,30,0.03125,0.0016532542666409576,0.09211405994732372,32.7555490057314,32.16566457591771,16.079737567466964,52.96377288745813
cont,Rastrigin,1,GWO,15000,easy,0,30,0.03125,0.0016532542666409576,0.09211405994732372,32.01980468134034,32.51454143341895,20.30167186739189,41.16137833821944
cont,Rastrigin,1,GWO,15000,med,0,30,0.03125,0.0016532542666409576,0.09211405994732372,32.01980468134034,32.51454143341895,20.30167186739189,41.16137833821944
cont,Rastrigin,1,GWO,15000,hard,0,30,0.03125,0.0016532542666409576,0.09211405994732372,32.01980468134034,32.51454143341895,20.30167186739189,41.16137833821944
cont,Rastrigin,1,MFO,12000,easy,0,30,0.03125,0.0016532542666409576,0.09211405994732372,36.45170402472634,32.249521724962705,6.5542983941208774,71.4768145857571
cont,Rastrigin,1,MFO,12000,med,0,30,0.03125,0.0016532542666409576,0.09211405994732372,36.45170402472634,32.249521724962705,6.5542983941208774,71.4768145857571
cont,Rastrigin,1,MFO,12000,hard,0,30,0.03125,0.0016532542666409576,0.09211405994732372,36.45170402472634,32.249521724962705,6.5542983941208774,71.4768145857571
cont,Rastrigin,1,MFO,15000,easy,0,30,0.03125,0.0016532542666409576,0.09211405994732372,28.765096791015296,28.23264053961656,12.138170732310527,54.49459019952366
cont,Rastrigin,1,MFO,15000,med,0,30,0.03125,0.0016532542666409576,0.09211405994732372,28.765096791015296,28.23264053961656,12.138170732310527,54.49459019952366
cont,Rastrigin,1,MFO,15000,hard,0,30,0.03125,0.0016532542666409576,0.09211405994732372,28.765096791015296,28.23264053961656,12.138170732310527,54.49459019952366
cont,Rastrigin,1,PSO_GBEST,12000,easy,0,30,0.03125,0.0016532542666409576,0.09211405994732372,15.436673943655643,15.421840173131557,2.9848774782272756,45.11824611706432
cont,Rastrigin,1,PSO_GBEST,12000,med,0,30,0.03125,0.0016532542666409576,0.09211405994732372,15.436673943655643,15.421840173131557,2.9848774782272756,45.11824611706432
cont,Rastrigin,1,PSO_GBEST,12000,hard,0,30,0.03125,0.0016532542666409576,0.09211405994732372,15.436673943655643,15.421840173131557,2.9848774782272756,45.11824611706432
cont,Rastrigin,1,PSO_GBEST,15000,easy,0,30,0.03125,0.0016532542666409576,0.09211405994732372,14.347010929084464,11.939496090571794,1.9899181142811813,29.10570792714978
cont,Rastrigin,1,PSO_GBEST,15000,med,0,30,0.03125,0.0016532542666409576,0.09211405994732372,14.347010929084464,11.939496090571794,1.9899181142811813,29.10570792714978
cont,Rastrigin,1,PSO_GBEST,15000,hard,0,30,0.03125,0.0016532542666409576,0.09211405994732372,14.347010929084464,11.939496090571794,1.9899181142811813,29.10570792714978
cont,Rastrigin,1,WOA,12000,easy,0,30,0.03125,0.0016532542666409576,0.09211405994732372,35.71291509467745,33.61480157748907,15.087741945971246,84.58223439158931
cont,Rastrigin,1,WOA,12000,med,0,30,0.03125,0.0016532542666409576,0.09211405994732372,35.71291509467745,33.61480157748907,15.087741945971246,84.58223439158931
cont,Rastrigin,1,WOA,12000,hard,0,30,0.03125,0.0016532542666409576,0.09211405994732372,35.71291509467745,33.61480157748907,15.087741945971246,84.58223439158931
cont,Rastrigin,1,WOA,15000,easy,0,30,0.03125,0.0016532542666409576,0.09211405994732372,38.72934660477345,36.40367134129591,14.97832814200865,67.66853719835758
cont,Rastrigin,1,WOA,15000,med,0,30,0.03125,0.0016532542666409576,0.09211405994732372,38.72934660477345,36.40367134129591,14.97832814200865,67.66853719835758
cont,Rastrigin,1,WOA,15000,hard,0,30,0.03125,0.0016532542666409576,0.09211405994732372,38.72934660477345,36.40367134129591,14.97832814200865,67.66853719835758
cont,Rastrigin,2,ALO,12000,easy,0,30,0.03125,0.0016532542666409576,0.09211405994732372,49.70254636959514,50.24522106240643,19.899145576441285,88.5570826844048
cont,Rastrigin,2,ALO,12000,med,0,30,0.03125,0.0016532542666409576,0.09211405994732372,49.70254636959514,50.24522106240643,19.899145576441285,88.5570826844048
cont,Rastrigin,2,ALO,12000,hard,0,30,0.03125,0.0016532542666409576,0.09211405994732372,49.70254636959514,50.24522106240643,19.899145576441285,88.5570826844048
cont,Rastrigin,2,ALO,15000,easy,0,30,0.03125,0.0016532542666409576,0.09211405994732372,51.59967617691109,52.732622389280635,18.74609585368688,92.53054254973918
cont,Rastrigin,2,ALO,15000,med,0,30,0.03125,0.0016532542666409576,0.09211405994732372,51.59967617691109,52.732622389280635,18.74609585368688,92.53054254973918
cont,Rastrigin,2,ALO,15000,hard,0,30,0.03125,0.0016532542666409576,0.09211405994732372,51.59967617691109,52.732622389280635,18.74609585368688,92.53054254973918
cont,Rastrigin,2,BA,12000,easy,0,30,0.03125,0.0016532542666409576,0.09211405994732372,48.707049802437815,47.39213167067053,12.934790760243445,100.48969737291785
cont,Rastrigin,2,BA,12000,med,0,30,0.03125,0.0016532542666409576,0.09211405994732372,48.707049802437815,47.39213167067053,12.934790760243445,100.48969737291785
cont,Rastrigin,2,BA,12000,hard,0,30,0.03125,0.0016532542666409576,0.09211405994732372,48.707049802437815,47.39213167067053,12.934790760243445,100.48969737291785
cont,Rastrigin,2,BA,15000,easy,0,30,0.03125,0.0016532542666409576,0.09211405994732372,45.17112136527918,43.778193944743975,11.939792376195484,81.58634349408756
cont,Rastrigin,2,BA,15000,med,0,30,0.03125,0.0016532542666409576,0.09211405994732372,45.17112136527918,43.778193944743975,11.939792376195484,81.58634349408756
cont,Rastrigin,2,BA,15000,hard,0,30,0.03125,0.0016532542666409576,0.09211405994732372,45.17112136527918,43.778193944743975,11.939792376195484,81.58634349408756
cont,Rastrigin,2,ES_1P1,12000,easy,0,30,0.03125,0.0016532542666409576,0.09211405994732372,43.39173253558166,41.78813137216773,17.909222679688497,74.62135671389245
cont,Rastrigin,2,ES_1P1,12000,med,0,30,0.03125,0.0016532542666409576,0.09211405994732372,43.39173253558166,41.78813137216773,17.909222679688497,74.62135671389245
cont,Rastrigin,2,ES_1P1,12000,hard,0,30,0.03125,0.0016532542666409576,0.09211405994732372,43.39173253558166,41.78813137216773,17.909222679688497,74.62135671389245
cont,Rastrigin,2,ES_1P1,15000,easy,0,30,0.03125,0.0016532542666409576,0.09211405994732372,40.117137772624346,39.79820567853346,15.919314641140076,87.17430109766654
cont,Rastrigin,2,ES_1P1,15000,med,0,30,0.03125,0.0016532542666409576,0.09211405994732372,40.117137772624346,39.79820567853346,15.919314641140076,87.17430109766654
cont,Rastrigin,2,ES_1P1,15000,hard,0,30,0.03125,0.0016532542666409576,0.09211405994732372,40.117137772624346,39.79820567853346,15.919314641140076,87.17430109766654
cont,Rastrigin,2,FA,12000,easy,0,30,0.03125,0.0016532542666409576,0.09211405994732372,75.96975542236696,75.60056216412713,60.47949488253805,91.4662511530024
cont,Rastrigin,2,FA,12000,med,0,30,0.03125,0.0016532542666409576,0.09211405994732372,75.96975542236696,75.60056216412713,60.47949488253805,91.4662511530024
cont,Rastrigin,2,FA,12000,hard,0,30,0.03125,0.0016532542666409576,0.09211405994732372,75.96975542236696,75.60056216412713,60.47949488253805,91.4662511530024
cont,Rastrigin,2,FA,15000,easy,0,30,0.03125,0.0016532542666409576,0.09211405994732372,71.53421971723668,73.54305549768047,53.58909158319091,85.46457988917871
cont,Rastrigin,2,FA,15000,med,0,30,0.03125,0.0016532542666409576,0.09211405994732372,71.53421971723668,73.54305549768047,53.58909158319091,85.46457988917871
cont,Rastrigin,2,FA,15000,hard,0,30,0.03125,0.0016532542666409576,0.09211405994732372,71.53421971723668,73.54305549768047,53.58909158319091,85.46457988917871
cont,Rastrigin,2,GWO,12000,easy,0,30,0.03125,0.0016532542666409576,0.09211405994732372,22.141531315514012,21.481120079277353,10.102596975366524,35.68421532981252
cont,Rastrigin,2,GWO,12000,med,0,30,0.03125,0.0016532542666409576,0.09211405994732372,22.141531315514012,21.481120079277353,10.102596975366524,35.68421532981252
cont,Rastrigin,2,GWO,12000,hard,0,30,0.03125,0.0016532542666409576,0.09211405994732372,22.141531315514012,21.481120079277353,10.102596975366524,35.68421532981252
cont,Rastrigin,2,GWO,15000,easy,0,30,0.03125,0.0016532542666409576,0.09211405994732372,21.47817814381603,21.405203739506597,15.033605128306775,41.32695979733725
cont,Rastrigin,2,GWO,15000,med,0,30,0.03125,0.0016532542666409576,0.09211405994732372,21.47817814381603,21.405203739506597,15.033605128306775,41.32695979733725
cont,Rastrigin,2,GWO,15000,hard,0,30,0.03125,0.0016532542666409576,0.09211405994732372,21.47817814381603,21.405203739506597,15.033605128306775,41.32695979733725
cont,Rastrigin,2,MFO,12000,easy,0,30,0.03125,0.0016532542666409576,0.09211405994732372,32.750516487544544,29.26800925559875,13.727808742259924,63.01486914806587
cont,Rastrigin,2,MFO,12000,med,0,30,0.03125,0.0016532542666409576,0.09211405994732372,32.750516487544544,29.26800925559875,13.727808742259924,63.01486914806587
cont,Rastrigin,2,MFO,12000,hard,0,30,0.03125,0.0016532542666409576,0.09211405994732372,32.750516487544544,29.26800925559875,13.727808742259924,63.01486914806587
cont,Rastrigin,2,MFO,15000,easy,0,30,0.03125,0.0016532542666409576,0.09211405994732372,27.265293824628355,25.7490822678827,12.264834914615633,56.5983683904981
cont,Rastrigin,2,MFO,15000,med,0,30,0.03125,0.0016532542666409576,0.09211405994732372,27.265293824628355,25.7490822678827,12.264834914615633,56.5983683904981
cont,Rastrigin,2,MFO,15000,hard,0,30,0.03125,0.0016532542666409576,0.09211405994732372,27.265293824628355,25.7490822678827,12.264834914615633,56.5983683904981
cont,Rastrigin,2,PSO_GBEST,12000,easy,0,30,0.03125,0.0016532542666409576,0.09211405994732372,14.174930219525672,15.919309604156894,1.9899181141871054,28.85374203538514
cont,Rastrigin,2,PSO_GBEST,12000,med,0,30,0.03125,0.0016532542666409576,0.09211405994732372,14.174930219525672,15.919309604156894,1.9899181141871054,28.85374203538514
cont,Rastrigin,2,PSO_GBEST,12000,hard,0,30,0.03125,0.0016532542666409576,0.09211405994732372,14.174930219525672,15.919309604156894,1.9899181141871054,28.85374203538514
cont,Rastrigin,2,PSO_GBEST,15000,easy,0,30,0.03125,0.0016532542666409576,0.09211405994732372,14.277082997807288,12.436970558580299,1.9899181534250516,30.395033112784233
cont,Rastrigin,2,PSO_GBEST,15000,med,0,30,0.03125,0.0016532542666409576,0.09211405994732372,14.277082997807288,12.436970558580299,1.9899181534250516,30.395033112784233
cont,Rastrigin,2,PSO_GBEST,15000,hard,0,30,0.03125,0.0016532542666409576,0.09211405994732372,14.277082997807288,12.436970558580299,1.9899181534250516,30.395033112784233
cont,Rastrigin,2,WOA,12000,easy,0,30,0.03125,0.0016532542666409576,0.09211405994732372,30.558389020566718,28.92398542602264,17.048464078943752,66.82825788091444
cont,Rastrigin,2,WOA,12000,med,0,30,0.03125,0.0016532542666409576,0.09211405994732372,30.558389020566718,28.92398542602264,17.048464078943752,66.82825788091444
cont,Rastrigin,2,WOA,12000,hard,0,30,0.03125,0.0016532542666409576,0.09211405994732372,30.558389020566718,28.92398542602264,17.048464078943752,66.82825788091444
cont,Rastrigin,2,WOA,15000,easy,0,30,0.03125,0.0016532542666409576,0.09211405994732372,34.21702794514091,35.35820700785946,15.01264037316858,56.7221799131911
cont,Rastrigin,2,WOA,15000,med,0,30,0.03125,0.0016532542666409576,0.09211405994732372,34.21702794514091,35.35820700785946,15.01264037316858,56.7221799131911
cont,Rastrigin,2,WOA,15000,hard,0,30,0.03125,0.0016532542666409576,0.09211405994732372,34.21702794514091,35.35820700785946,15.01264037316858,56.7221799131911
cont,Rastrigin,6,ALO,12000,easy,0,30,0.03125,0.0016532542666409576,0.09211405994732372,55.54028549679742,54.56985464003941,27.85880889644298,88.64608831607
cont,Rastrigin,6,ALO,12000,med,0,30,0.03125,0.0016532542666409576,0.09211405994732372,55.54028549679742,54.56985464003941,27.85880889644298,88.64608831607
cont,Rastrigin,6,ALO,12000,hard,0,30,0.03125,0.0016532542666409576,0.09211405994732372,55.54028549679742,54.56985464003941,27.85880889644298,88.64608831607
cont,Rastrigin,6,ALO,15000,easy,0,30,0.03125,0.0016532542666409576,0.09211405994732372,53.04384102023296,50.09257715933377,17.90925692013478,101.48450314015957
cont,Rastrigin,6,ALO,15000,med,0,30,0.03125,0.0016532542666409576,0.09211405994732372,53.04384102023296,50.09257715933377,17.90925692013478,101.48450314015957
cont,Rastrigin,6,ALO,15000,hard,0,30,0.03125,0.0016532542666409576,0.09211405994732372,53.04384102023296,50.09257715933377,17.90925692013478,101.48450314015957
cont,Rastrigin,6,BA,12000,easy,0,30,0.03125,0.0016532542666409576,0.09211405994732372,45.553067222553246,44.77327057119476,16.914546555665453,86.56111357389379
cont,Rastrigin,6,BA,12000,med,0,30,0.03125,0.0016532542666409576,0.09211405994732372,45.553067222553246,44.77327057119476,16.914546555665453,86.56111357389379
cont,Rastrigin,6,BA,12000,hard,0,30,0.03125,0.0016532542666409576,0.09211405994732372,45.553067222553246,44.77327057119476,16.914546555665453,86.56111357389379
cont,Rastrigin,6,BA,15000,easy,0,30,0.03125,0.0016532542666409576,0.09211405994732372,43.181208352943976,44.77306856871168,12.934686947731933,70.64177245359012
cont,Rastrigin,6,BA,15000,med,0,30,0.03125,0.0016532542666409576,0.09211405994732372,43.181208352943976,44.77306856871168,12.934686947731933,70.64177245359012
cont,Rastrigin,6,BA,15000,hard,0,30,0.03125,0.0016532542666409576,0.09211405994732372,43.181208352943976,44.77306856871168,12.934686947731933,70.64177245359012
cont,Rastrigin,6,ES_1P1,12000,easy,0,30,0.03125,0.0016532542666409576,0.09211405994732372,40.37482363236841,39.30073624834404,15.919329800035428,83.27080599830008
cont,Rastrigin,6,ES_1P1,12000,med,0,30,0.03125,0.0016532542666409576,0.09211405994732372,40.37482363236841,39.30073624834404,15.919329800035428,83.27080599830008
cont,Rastrigin,6,ES_1P1,12000,hard,0,30,0.03125,0.0016532542666409576,0.09211405994732372,40.37482363236841,39.30073624834404,15.919329800035428,83.27080599830008
cont,Rastrigin,6,ES_1P1,15000,easy,0,30,0.03125,0.0016532542666409576,0.09211405994732372,48.30550615881696,50.24523540730318,9.949580495294754,103.47474200465008
cont,Rastrigin,6,ES_1P1,15000,med,0,30,0.03125,0.0016532542666409576,0.09211405994732372,48.30550615881696,50.24523540730318,9.949580495294754,103.47474200465008
cont,Rastrigin,6,ES_1P1,15000,hard,0,30,0.03125,0.0016532542666409576,0.09211405994732372,48.30550615881696,50.24523540730318,9.949580495294754,103.47474200465008
cont,Rastrigin,6,FA,12000,easy,0,30,0.03125,0.0016532542666409576,0.09211405994732372,71.3714281270845,71.33292600130363,53.90125725548859,85.61381352389903
cont,Rastrigin,6,FA,12000,med,0,30,0.03125,0.0016532542666409576,0.09211405994732372,71.3714281270845,71.33292600130363,53.90125725548859,85.61381352389903
cont,Rastrigin,6,FA,12000,hard,0,30,0.03125,0.0016532542666409576,0.09211405994732372,71.3714281270845,71.33292600130363,53.90125725548859,85.61381352389903
cont,Rastrigin,6,FA,15000,easy,0,30,0.03125,0.0016532542666409576,0.09211405994732372,67.40032153062083,68.03200231324783,54.45767339050484,77.37489443863504
cont,Rastrigin,6,FA,15000,med,0,30,0.03125,0.0016532542666409576,0.09211405994732372,67.40032153062083,68.03200231324783,54.45767339050484,77.37489443863504
cont,Rastrigin,6,FA,15000,hard,0,30,0.03125,0.0016532542666409576,0.09211405994732372,67.40032153062083,68.03200231324783,54.45767339050484,77.37489443863504
cont,Rastrigin,6,GWO,12000,easy,0,30,0.03125,0.0016532542666409576,0.09211405994732372,14.827967822697254,14.048303169751769,7.253261318829146,24.15912183160397
cont,Rastrigin,6,GWO,12000,med,0,30,0.03125,0.0016532542666409576,0.09211405994732372,14.827967822697254,14.048303169751769,7.253261318829146,24.15912183160397
cont,Rastrigin,6,GWO,12000,hard,0,30,0.03125,0.0016532542666409576,0.09211405994732372,14.827967822697254,14.048303169751769,7.253261318829146,24.15912183160397
cont,Rastrigin,6,GWO,15000,easy,0,30,0.03125,0.0016532542666409576,0.09211405994732372,15.330141076357043,14.644318322035538,9.175976013657518,23.685847642328483
cont,Rastrigin,6,GWO,15000,med,0,30,0.03125,0.0016532542666409576,0.09211405994732372,15.330141076357043,14.644318322035538,9.175976013657518,23.685847642328483
cont,Rastrigin,6,GWO,15000,hard,0,30,0.03125,0.0016532542666409576,0.09211405994732372,15.330141076357043,14.644318322035538,9.175976013657518,23.685847642328483
cont,Rastrigin,6,MFO,12000,easy,0,30,0.03125,0.0016532542666409576,0.09211405994732372,30.983874624161718,28.700984840949467,13.288939937714915,49.75823465234227
cont,Rastrigin,6,MFO,12000,med,0,30,0.03125,0.0016532542666409576,0.09211405994732372,30.983874624161718,28.700984840949467,13.288939937714915,49.75823465234227
cont,Rastrigin,6,MFO,12000,hard,0,30,0.03125,0.0016532542666409576,0.09211405994732372,30.983874624161718,28.700984840949467,13.288939937714915,49.75823465234227
cont,Rastrigin,6,MFO,15000,easy,0,30,0.03125,0.0016532542666409576,0.09211405994732372,28.071187901295403,27.655923086366798,11.365203618652345,46.72760131156167
cont,Rastrigin,6,MFO,15000,med,0,30,0.03125,0.0016532542666409576,0.09211405994732372,28.071187901295403,27.655923086366798,11.365203618652345,46.72760131156167
cont,Rastrigin,6,MFO,15000,hard,0,30,0.03125,0.0016532542666409576,0.09211405994732372,28.071187901295403,27.655923086366798,11.365203618652345,46.72760131156167
cont,Rastrigin,6,PSO_GBEST,12000,easy,0,30,0.03125,0.0016532542666409576,0.09211405994732372,13.142120989150422,11.442204757105252,4.9747952854664845,27.864703344248483
cont,Rastrigin,6,PSO_GBEST,12000,med,0,30,0.03125,0.0016532542666409576,0.09211405994732372,13.142120989150422,11.442204757105252,4.9747952854664845,27.864703344248483
cont,Rastrigin,6,PSO_GBEST,12000,hard,0,30,0.03125,0.0016532542666409576,0.09211405994732372,13.142120989150422,11.442204757105252,4.9747952854664845,27.864703344248483
cont,Rastrigin,6,PSO_GBEST,15000,easy,0,30,0.03125,0.0016532542666409576,0.09211405994732372,13.090873282944518,12.500475986119596,1.9899181142082654,31.67394103128953
cont,Rastrigin,6,PSO_GBEST,15000,med,0,30,0.03125,0.0016532542666409576,0.09211405994732372,13.090873282944518,12.500475986119596,1.9899181142082654,31.67394103128953
cont,Rastrigin,6,PSO_GBEST,15000,hard,0,30,0.03125,0.0016532542666409576,0.09211405994732372,13.090873282944518,12.500475986119596,1.9899181142082654,31.67394103128953
cont,Rastrigin,6,WOA,12000,easy,0,30,0.03125,0.0016532542666409576,0.09211405994732372,35.63787702302107,32.34021150041436,12.957157678804222,71.67394351054887
cont,Rastrigin,6,WOA,12000,med,0,30,0.03125,0.0016532542666409576,0.09211405994732372,35.63787702302107,32.34021150041436,12.957157678804222,71.67394351054887
cont,Rastrigin,6,WOA,12000,hard,0,30,0.03125,0.0016532542666409576,0.09211405994732372,35.63787702302107,32.34021150041436,12.957157678804222,71.67394351054887
cont,Rastrigin,6,WOA,15000,easy,0,30,0.03125,0.0016532542666409576,0.09211405994732372,30.850826011579937,31.37350006760264,6.370494364886667,57.71104997361449
cont,Rastrigin,6,WOA,15000,med,0,30,0.03125,0.0016532542666409576,0.09211405994732372,30.850826011579937,31.37350006760264,6.370494364886667,57.71104997361449
cont,Rastrigin,6,WOA,15000,hard,0,30,0.03125,0.0016532542666409576,0.09211405994732372,30.850826011579937,31.37350006760264,6.370494364886667,57.71104997361449
cont,Rastrigin,9,ALO,12000,easy,0,30,0.03125,0.0016532542666409576,0.09211405994732372,57.18492573670476,60.004812183119,19.380949684225044,112.68714081417545
cont,Rastrigin,9,ALO,12000,med,0,30,0.03125,0.0016532542666409576,0.09211405994732372,57.18492573670476,60.004812183119,19.380949684225044,112.68714081417545
cont,Rastrigin,9,ALO,12000,hard,0,30,0.03125,0.0016532542666409576,0.09211405994732372,57.18492573670476,60.004812183119,19.380949684225044,112.68714081417545
cont,Rastrigin,9,ALO,15000,easy,0,30,0.03125,0.0016532542666409576,0.09211405994732372,51.82715229431941,48.605267583054626,22.884020564946496,94.52024913653783
cont,Rastrigin,9,ALO,15000,med,0,30,0.03125,0.0016532542666409576,0.09211405994732372,51.82715229431941,48.605267583054626,22.884020564946496,94.52024913653783
cont,Rastrigin,9,ALO,15000,hard,0,30,0.03125,0.0016532542666409576,0.09211405994732372,51.82715229431941,48.605267583054626,22.884020564946496,94.52024913653783
cont,Rastrigin,9,BA,12000,easy,0,30,0.03125,0.0016532542666409576,0.09211405994732372,45.142576252910075,37.311059544684255,19.89934349209406,102.50414798068894
cont,Rastrigin,9,BA,12000,med,0,30,0.03125,0.0016532542666409576,0.09211405994732372,45.142576252910075,37.311059544684255,19.89934349209406,102.50414798068894
cont,Rastrigin,9,BA,12000,hard,0,30,0.03125,0.0016532542666409576,0.09211405994732372,45.142576252910075,37.311059544684255,19.89934349209406,102.50414798068894
cont,Rastrigin,9,BA,15000,easy,0,30,0.03125,0.0016532542666409576,0.09211405994732372,41.24777638918291,38.30599695848718,16.91446020591883,104.46936353216451
cont,Rastrigin,9,BA,15000,med,0,30,0.03125,0.0016532542666409576,0.09211405994732372,41.24777638918291,38.30599695848718,16.91446020591883,104.46936353216451
cont,Rastrigin,9,BA,15000,hard,0,30,0.03125,0.0016532542666409576,0.09211405994732372,41.24777638918291,38.30599695848718,16.91446020591883,104.46936353216451
cont,Rastrigin,9,ES_1P1,12000,easy,0,30,0.03125,0.0016532542666409576,0.09211405994732372,40.12522607711954,38.30581009668046,13.929416723667941,84.23553502037727
cont,Rastrigin,9,ES_1P1,12000,med,0,30,0.03125,0.0016532542666409576,0.09211405994732372,40.12522607711954,38.30581009668046,13.929416723667941,84.23553502037727
cont,Rastrigin,9,ES_1P1,12000,hard,0,30,0.03125,0.0016532542666409576,0.09211405994732372,40.12522607711954,38.30581009668046,13.929416723667941,84.23553502037727
cont,Rastrigin,9,ES_1P1,15000,easy,0,30,0.03125,0.0016532542666409576,0.09211405994732372,40.58418057796043,36.759004516395606,15.919309603320983,79.62028001732398
cont,Rastrigin,9,ES_1P1,15000,med,0,30,0.03125,0.0016532542666409576,0.09211405994732372,40.58418057796043,36.759004516395606,15.919309603320983,79.62028001732398
cont,Rastrigin,9,ES_1P1,15000,hard,0,30,0.03125,0.0016532542666409576,0.09211405994732372,40.58418057796043,36.759004516395606,15.919309603320983,79.62028001732398
cont,Rastrigin,9,FA,12000,easy,0,30,0.03125,0.0016532542666409576,0.09211405994732372,75.14051071481768,76.1884138960176,61.31382135972198,87.33605642641118
cont,Rastrigin,9,FA,12000,med,0,30,0.03125,0.0016532542666409576,0.09211405994732372,75.14051071481768,76.1884138960176,61.31382135972198,87.33605642641118
cont,Rastrigin,9,FA,12000,hard,0,30,0.03125,0.0016532542666409576,0.09211405994732372,75.14051071481768,76.1884138960176,61.31382135972198,87.33605642641118
cont,Rastrigin,9,FA,15000,easy,0,30,0.03125,0.0016532542666409576,0.09211405994732372,74.50333281422584,75.83446559913293,55.78607695096176,89.67776459796723
cont,Rastrigin,9,FA,15000,med,0,30,0.03125,0.0016532542666409576,0.09211405994732372,74.50333281422584,75.83446559913293,55.78607695096176,89.67776459796723
cont,Rastrigin,9,FA,15000,hard,0,30,0.03125,0.0016532542666409576,0.09211405994732372,74.50333281422584,75.83446559913293,55.78607695096176,89.67776459796723
cont,Rastrigin,9,GWO,12000,easy,0,30,0.03125,0.0016532542666409576,0.09211405994732372,18.288381575919193,17.725479026758094,11.957867408858931,24.92750690508076
cont,Rastrigin,9,GWO,12000,med,0,30,0.03125,0.0016532542666409576,0.09211405994732372,18.288381575919193,17.725479026758094,11.957867408858931,24.92750690508076
cont,Rastrigin,9,GWO,12000,hard,0,30,0.03125,0.0016532542666409576,0.09211405994732372,18.288381575919193,17.725479026758094,11.957867408858931,24.92750690508076
cont,Rastrigin,9,GWO,15000,easy,0,30,0.03125,0.0016532542666409576,0.09211405994732372,18.837958623967886,19.367270903011175,9.786931198814727,26.89739337169692
cont,Rastrigin,9,GWO,15000,med,0,30,0.03125,0.0016532542666409576,0.09211405994732372,18.837958623967886,19.367270903011175,9.786931198814727,26.89739337169692
cont,Rastrigin,9,GWO,15000,hard,0,30,0.03125,0.0016532542666409576,0.09211405994732372,18.837958623967886,19.367270903011175,9.786931198814727,26.89739337169692
cont,Rastrigin,9,MFO,12000,easy,0,30,0.03125,0.0016532542666409576,0.09211405994732372,30.179552491521893,27.927700000205647,10.906881816698004,63.03994005352767
cont,Rastrigin,9,MFO,12000,med,0,30,0.03125,0.0016532542666409576,0.09211405994732372,30.179552491521893,27.927700000205647,10.906881816698004,63.03994005352767
cont,Rastrigin,9,MFO,12000,hard,0,30,0.03125,0.0016532542666409576,0.09211405994732372,30.179552491521893,27.927700000205647,10.906881816698004,63.03994005352767
cont,Rastrigin,9,MFO,15000,easy,0,30,0.03125,0.0016532542666409576,0.09211405994732372,25.908201837228724,28.425110594738314,9.71398504940376,45.012122911999924
cont,Rastrigin,9,MFO,15000,med,0,30,0.03125,0.0016532542666409576,0.09211405994732372,25.908201837228724,28.425110594738314,9.71398504940376,45.012122911999924
cont,Rastrigin,9,MFO,15000,hard,0,30,0.03125,0.0016532542666409576,0.09211405994732372,25.908201837228724,28.425110594738314,9.71398504940376,45.012122911999924
cont,Rastrigin,9,PSO_GBEST,12000,easy,0,30,0.03125,0.0016532542666409576,0.09211405994732372,13.072039218287973,11.939503837395542,1.989918116769445,30.868422781250217
cont,Rastrigin,9,PSO_GBEST,12000,med,0,30,0.03125,0.0016532542666409576,0.09211405994732372,13.072039218287973,11.939503837395542,1.989918116769445,30.868422781250217
cont,Rastrigin,9,PSO_GBEST,12000,hard,0,30,0.03125,0.0016532542666409576,0.09211405994732372,13.072039218287973,11.939503837395542,1.989918116769445,30.868422781250217
cont,Rastrigin,9,PSO_GBEST,15000,easy,1,30,0.0625,0.011585315861443594,0.14409039131834475,11.144740155663445,9.464037220990491,0.0,40.80567395465524
cont,Rastrigin,9,PSO_GBEST,15000,med,1,30,0.0625,0.011585315861443594,0.14409039131834475,11.144740155663445,9.464037220990491,0.0,40.80567395465524
cont,Rastrigin,9,PSO_GBEST,15000,hard,1,30,0.0625,0.011585315861443594,0.14409039131834475,11.144740155663445,9.464037220990491,0.0,40.80567395465524
cont,Rastrigin,9,WOA,12000,easy,0,30,0.03125,0.0016532542666409576,0.09211405994732372,36.73934874245003,35.413115289378084,15.100945810248561,55.755710177186856
cont,Rastrigin,9,WOA,12000,med,0,30,0.03125,0.0016532542666409576,0.09211405994732372,36.73934874245003,35.413115289378084,15.100945810248561,55.755710177186856
cont,Rastrigin,9,WOA,12000,hard,0,30,0.03125,0.0016532542666409576,0.09211405994732372,36.73934874245003,35.413115289378084,15.100945810248561,55.755710177186856
cont,Rastrigin,9,WOA,15000,easy,0,30,0.03125,0.0016532542666409576,0.09211405994732372,33.331181903567874,33.94960690364835,11.97615481726821,59.698013576430725
cont,Rastrigin,9,WOA,15000,med,0,30,0.03125,0.0016532542666409576,0.09211405994732372,33.331181903567874,33.94960690364835,11.97615481726821,59.698013576430725
cont,Rastrigin,9,WOA,15000,hard,0,30,0.03125,0.0016532542666409576,0.09211405994732372,33.331181903567874,33.94960690364835,11.97615481726821,59.698013576430725
cont,Rastrigin,10,ALO,12000,easy,0,30,0.03125,0.0016532542666409576,0.09211405994732372,55.49632250079703,52.73252106452274,12.508163845909152,88.55021928260923
cont,Rastrigin,10,ALO,12000,med,0,30,0.03125,0.0016532542666409576,0.09211405994732372,55.49632250079703,52.73252106452274,12.508163845909152,88.55021928260923
cont,Rastrigin,10,ALO,12000,hard,0,30,0.03125,0.0016532542666409576,0.09211405994732372,55.49632250079703,52.73252106452274,12.508163845909152,88.55021928260923
cont,Rastrigin,10,ALO,15000,easy,0,30,0.03125,0.0016532542666409576,0.09211405994732372,56.54484524241384,54.72225512545879,23.878980922933806,100.48973220452208
cont,Rastrigin,10,ALO,15000,med,0,30,0.03125,0.0016532542666409576,0.09211405994732372,56.54484524241384,54.72225512545879,23.878980922933806,100.48973220452208
cont,Rastrigin,10,ALO,15000,hard,0,30,0.03125,0.0016532542666409576,0.09211405994732372,56.54484524241384,54.72225512545879,23.878980922933806,100.48973220452208
cont,Rastrigin,10,BA,12000,easy,0,30,0.03125,0.0016532542666409576,0.09211405994732372,52.23526571023983,51.24030021792389,17.90950145949307,106.45949974089238
cont,Rastrigin,10,BA,12000,med,0,30,0.03125,0.0016532542666409576,0.09211405994732372,52.23526571023983,51.24030021792389,17.90950145949307,106.45949974089238
cont,Rastrigin,10,BA,12000,hard,0,30,0.03125,0.0016532542666409576,0.09211405994732372,52.23526571023983,51.24030021792389,17.90950145949307,106.45949974089238
cont,Rastrigin,10,BA,15000,easy,0,30,0.03125,0.0016532542666409576,0.09211405994732372,46.46455372759469,45.76813163111629,12.934745048394092,98.50005816609564
cont,Rastrigin,10,BA,15000,med,0,30,0.03125,0.0016532542666409576,0.09211405994732372,46.46455372759469,45.76813163111629,12.934745048394092,98.50005816609564
cont,Rastrigin,10,BA,15000,hard,0,30,0.03125,0.0016532542666409576,0.09211405994732372,46.46455372759469,45.76813163111629,12.934745048394092,98.50005816609564
cont,Rastrigin,10,ES_1P1,12000,easy,0,30,0.03125,0.0016532542666409576,0.09211405994732372,36.879634948203915,35.81843777992926,9.949580495294782,85.56533642486988
cont,Rastrigin,10,ES_1P1,12000,med,0,30,0.03125,0.0016532542666409576,0.09211405994732372,36.879634948203915,35.81843777992926,9.949580495294782,85.56533642486988
cont,Rastrigin,10,ES_1P1,12000,hard,0,30,0.03125,0.0016532542666409576,0.09211405994732372,36.879634948203915,35.81843777992926,9.949580495294782,85.56533642486988
cont,Rastrigin,10,ES_1P1,15000,easy,0,30,0.03125,0.0016532542666409576,0.09211405994732372,37.310800019558506,32.83352003232349,19.899160990589507,75.61639225624708
cont,Rastrigin,10,ES_1P1,15000,med,0,30,0.03125,0.0016532542666409576,0.09211405994732372,37.310800019558506,32.83352003232349,19.899160990589507,75.61639225624708
cont,Rastrigin,10,ES_1P1,15000,hard,0,30,0.03125,0.0016532542666409576,0.09211405994732372,37.310800019558506,32.83352003232349,19.899160990589507,75.61639225624708
cont,Rastrigin,10,FA,12000,easy,0,30,0.03125,0.0016532542666409576,0.09211405994732372,73.22044735737275,72.21261947689516,57.508744851284725,86.51653473087373
cont,Rastrigin,10,FA,12000,med,0,30,0.03125,0.0016532542666409576,0.09211405994732372,73.22044735737275,72.21261947689516,57.508744851284725,86.51653473087373
cont,Rastrigin,10,FA,12000,hard,0,30,0.03125,0.0016532542666409576,0.09211405994732372,73.22044735737275,72.21261947689516,57.508744851284725,86.51653473087373
cont,Rastrigin,10,FA,15000,easy,0,30,0.03125,0.0016532542666409576,0.09211405994732372,68.55906609908699,68.37019684226667,50.973210551793805,87.71307349632629
cont,Rastrigin,10,FA,15000,med,0,30,0.03125,0.0016532542666409576,0.09211405994732372,68.55906609908699,68.37019684226667,50.973210551793805,87.71307349632629
cont,Rastrigin,10,FA,15000,hard,0,30,0.03125,0.0016532542666409576,0.09211405994732372,68.55906609908699,68.37019684226667,50.973210551793805,87.71307349632629
cont,Rastrigin,10,GWO,12000,easy,0,30,0.03125,0.0016532542666409576,0.09211405994732372,27.393172434714817,26.362384819286277,14.083495054877517,42.53659143222337
cont,Rastrigin,10,GWO,12000,med,0,30,0.03125,0.0016532542666409576,0.09211405994732372,27.393172434714817,26.362384819286277,14.083495054877517,42.53659143222337
cont,Rastrigin,10,GWO,12000,hard,0,30,0.03125,0.0016532542666409576,0.09211405994732372,27.393172434714817,26.362384819286277,14.083495054877517,42.53659143222337
cont,Rastrigin,10,GWO,15000,easy,0,30,0.03125,0.0016532542666409576,0.09211405994732372,30.231257818003996,27.984027479375705,18.535768264716793,46.93471850327495
cont,Rastrigin,10,GWO,15000,med,0,30,0.03125,0.0016532542666409576,0.09211405994732372,30.231257818003996,27.984027479375705,18.535768264716793,46.93471850327495
cont,Rastrigin,10,GWO,15000,hard,0,30,0.03125,0.0016532542666409576,0.09211405994732372,30.231257818003996,27.984027479375705,18.535768264716793,46.93471850327495
cont,Rastrigin,10,MFO,12000,easy,0,30,0.03125,0.0016532542666409576,0.09211405994732372,30.91324994830854,28.967349955458957,12.937100265316502,48.95747645874843
cont,Rastrigin,10,MFO,12000,med,0,30,0.03125,0.0016532542666409576,0.09211405994732372,30.91324994830854,28.967349955458957,12.937100265316502,48.95747645874843
cont,Rastrigin,10,MFO,12000,hard,0,30,0.03125,0.0016532542666409576,0.09211405994732372,30.91324994830854,28.967349955458957,12.937100265316502,48.95747645874843
cont,Rastrigin,10,MFO,15000,easy,0,30,0.03125,0.0016532542666409576,0.09211405994732372,33.88968902135873,34.53372430736307,13.494056779428604,61.872400165417666
cont,Rastrigin,10,MFO,15000,med,0,30,0.03125,0.0016532542666409576,0.09211405994732372,33.88968902135873,34.53372430736307,13.494056779428604,61.872400165417666
cont,Rastrigin,10,MFO,15000,hard,0,30,0.03125,0.0016532542666409576,0.09211405994732372,33.88968902135873,34.53372430736307,13.494056779428604,61.872400165417666
cont,Rastrigin,10,PSO_GBEST,12000,easy,0,30,0.03125,0.0016532542666409576,0.09211405994732372,12.195764029437047,10.944529694623526,0.9957515423355687,35.171514187262304
cont,Rastrigin,10,PSO_GBEST,12000,med,0,30,0.03125,0.0016532542666409576,0.09211405994732372,12.195764029437047,10.944529694623526,0.9957515423355687,35.171514187262304
cont,Rastrigin,10,PSO_GBEST,12000,hard,0,30,0.03125,0.0016532542666409576,0.09211405994732372,12.195764029437047,10.944529694623526,0.9957515423355687,35.171514187262304
cont,Rastrigin,10,PSO_GBEST,15000,easy,0,30,0.03125,0.0016532542666409576,0.09211405994732372,14.94052315373619,13.93468103517231,5.969754342559753,31.217375375337724
cont,Rastrigin,10,PSO_GBEST,15000,med,0,30,0.03125,0.0016532542666409576,0.09211405994732372,14.94052315373619,13.93468103517231,5.969754342559753,31.217375375337724
cont,Rastrigin,10,PSO_GBEST,15000,hard,0,30,0.03125,0.0016532542666409576,0.09211405994732372,14.94052315373619,13.93468103517231,5.969754342559753,31.217375375337724
cont,Rastrigin,10,WOA,12000,easy,0,30,0.03125,0.0016532542666409576,0.09211405994732372,32.93441470216173,31.058999035221852,12.098437589436912,63.7408270183813
cont,Rastrigin,10,WOA,12000,med,0,30,0.03125,0.0016532542666409576,0.09211405994732372,32.93441470216173,31.058999035221852,12.098437589436912,63.7408270183813
cont,Rastrigin,10,WOA,12000,hard,0,30,0.03125,0.0016532542666409576,0.09211405994732372,32.93441470216173,31.058999035221852,12.098437589436912,63.7408270183813
cont,Rastrigin,10,WOA,15000,easy,0,30,0.03125,0.0016532542666409576,0.09211405994732372,41.49437418940993,38.83840663057167,15.926752966282024,70.80603469788181
cont,Rastrigin,10,WOA,15000,med,0,30,0.03125,0.0016532542666409576,0.09211405994732372,41.49437418940993,38.83840663057167,15.926752966282024,70.80603469788181
cont,Rastrigin,10,WOA,15000,hard,0,30,0.03125,0.0016532542666409576,0.09211405994732372,41.49437418940993,38.83840663057167,15.926752966282024,70.80603469788181
cont,Rastrigin,11,ALO,12000,easy,0,30,0.03125,0.0016532542666409576,0.09211405994732372,52.265504767666634,51.7376364324159,20.894127001808528,92.53048386030187
cont,Rastrigin,11,ALO,12000,med,0,30,0.03125,0.0016532542666409576,0.09211405994732372,52.265504767666634,51.7376364324159,20.894127001808528,92.53048386030187
cont,Rastrigin,11,ALO,12000,hard,0,30,0.03125,0.0016532542666409576,0.09211405994732372,52.265504767666634,51.7376364324159,20.894127001808528,92.53048386030187
cont,Rastrigin,11,ALO,15000,easy,0,30,0.03125,0.0016532542666409576,0.09211405994732372,54.2912777318436,54.22500261448496,16.914278446226206,107.45364772613142
cont,Rastrigin,11,ALO,15000,med,0,30,0.03125,0.0016532542666409576,0.09211405994732372,54.2912777318436,54.22500261448496,16.914278446226206,107.45364772613142
cont,Rastrigin,11,ALO,15000,hard,0,30,0.03125,0.0016532542666409576,0.09211405994732372,54.2912777318436,54.22500261448496,16.914278446226206,107.45364772613142
cont,Rastrigin,11,BA,12000,easy,0,30,0.03125,0.0016532542666409576,0.09211405994732372,40.89285048218942,39.301115080488586,9.949770730981044,93.52556647901059
cont,Rastrigin,11,BA,12000,med,0,30,0.03125,0.0016532542666409576,0.09211405994732372,40.89285048218942,39.301115080488586,9.949770730981044,93.52556647901059
cont,Rastrigin,11,BA,12000,hard,0,30,0.03125,0.0016532542666409576,0.09211405994732372,40.89285048218942,39.301115080488586,9.949770730981044,93.52556647901059
cont,Rastrigin,11,BA,15000,easy,0,30,0.03125,0.0016532542666409576,0.09211405994732372,47.12787651730015,41.29076994184027,14.924651274375236,97.50557386205243
cont,Rastrigin,11,BA,15000,med,0,30,0.03125,0.0016532542666409576,0.09211405994732372,47.12787651730015,41.29076994184027,14.924651274375236,97.50557386205243
cont,Rastrigin,11,BA,15000,hard,0,30,0.03125,0.0016532542666409576,0.09211405994732372,47.12787651730015,41.29076994184027,14.924651274375236,97.50557386205243
cont,Rastrigin,11,ES_1P1,12000,easy,0,30,0.03125,0.0016532542666409576,0.09211405994732372,36.514843092162785,31.83857620285501,17.909242876402942,83.5760344406408
cont,Rastrigin,11,ES_1P1,12000,med,0,30,0.03125,0.0016532542666409576,0.09211405994732372,36.514843092162785,31.83857620285501,17.909242876402942,83.5760344406408
cont,Rastrigin,11,ES_1P1,12000,hard,0,30,0.03125,0.0016532542666409576,0.09211405994732372,36.514843092162785,31.83857620285501,17.909242876402942,83.5760344406408
cont,Rastrigin,11,ES_1P1,15000,easy,0,30,0.03125,0.0016532542666409576,0.09211405994732372,40.09666193614142,36.813363931592846,18.904186774600845,73.62664185561181
cont,Rastrigin,11,ES_1P1,15000,med,0,30,0.03125,0.0016532542666409576,0.09211405994732372,40.09666193614142,36.813363931592846,18.904186774600845,73.62664185561181
cont,Rastrigin,11,ES_1P1,15000,hard,0,30,0.03125,0.0016532542666409576,0.09211405994732372,40.09666193614142,36.813363931592846,18.904186774600845,73.62664185561181
cont,Rastrigin,11,FA,12000,easy,0,30,0.03125,0.0016532542666409576,0.09211405994732372,65.75041775611174,65.39199060762076,40.17825128066087,79.45417772205914
cont,Rastrigin,11,FA,12000,med,0,30,0.03125,0.0016532542666409576,0.09211405994732372,65.75041775611174,65.39199060762076,40.17825128066087,79.45417772205914
cont,Rastrigin,11,FA,12000,hard,0,30,0.03125,0.0016532542666409576,0.09211405994732372,65.75041775611174,65.39199060762076,40.17825128066087,79.45417772205914
cont,Rastrigin,11,FA,15000,easy,0,30,0.03125,0.0016532542666409576,0.09211405994732372,62.79794338283035,64.1308920846808,43.01702309608227,81.70864483981248
cont,Rastrigin,11,FA,15000,med,0,30,0.03125,0.0016532542666409576,0.09211405994732372,62.79794338283035,64.1308920846808,43.01702309608227,81.70864483981248
cont,Rastrigin,11,FA,15000,hard,0,30,0.03125,0.0016532542666409576,0.09211405994732372,62.79794338283035,64.1308920846808,43.01702309608227,81.70864483981248
cont,Rastrigin,11,GWO,12000,easy,0,30,0.03125,0.0016532542666409576,0.09211405994732372,23.57835659249121,23.700296298945915,12.178397332411976,32.22588499934612
cont,Rastrigin,11,GWO,12000,med,0,30,0.03125,0.0016532542666409576,0.09211405994732372,23.57835659249121,23.700296298945915,12.178397332411976,32.22588499934612
cont,Rastrigin,11,GWO,12000,hard,0,30,0.03125,0.0016532542666409576,0.09211405994732372,23.57835659249121,23.700296298945915,12.178397332411976,32.22588499934612
cont,Rastrigin,11,GWO,15000,easy,0,30,0.03125,0.0016532542666409576,0.09211405994732372,24.46607367369842,24.641768940787436,17.04103552204326,32.9517735616583
cont,Rastrigin,11,GWO,15000,med,0,30,0.03125,0.0016532542666409576,0.09211405994732372,24.46607367369842,24.641768940787436,17.04103552204326,32.9517735616583
cont,Rastrigin,11,GWO,15000,hard,0,30,0.03125,0.0016532542666409576,0.09211405994732372,24.46607367369842,24.641768940787436,17.04103552204326,32.9517735616583
cont,Rastrigin,11,MFO,12000,easy,0,30,0.03125,0.0016532542666409576,0.09211405994732372,33.91129876373397,36.6403066880483,4.344814148949482,60.6642035648396
cont,Rastrigin,11,MFO,12000,med,0,30,0.03125,0.0016532542666409576,0.09211405994732372,33.91129876373397,36.6403066880483,4.344814148949482,60.6642035648396
cont,Rastrigin,11,MFO,12000,hard,0,30,0.03125,0.0016532542666409576,0.09211405994732372,33.91129876373397,36.6403066880483,4.344814148949482,60.6642035648396
cont,Rastrigin,11,MFO,15000,easy,0,30,0.03125,0.0016532542666409576,0.09211405994732372,34.26956131358506,32.19277939864192,14.437076686333484,68.93197403027906
cont,Rastrigin,11,MFO,15000,med,0,30,0.03125,0.0016532542666409576,0.09211405994732372,34.26956131358506,32.19277939864192,14.437076686333484,68.93197403027906
cont,Rastrigin,11,MFO,15000,hard,0,30,0.03125,0.0016532542666409576,0.09211405994732372,34.26956131358506,32.19277939864192,14.437076686333484,68.93197403027906
cont,Rastrigin,11,PSO_GBEST,12000,easy,0,30,0.03125,0.0016532542666409576,0.09211405994732372,13.190085904613927,12.56493187838533,1.9899181141866222,29.854562673549452
cont,Rastrigin,11,PSO_GBEST,12000,med,0,30,0.03125,0.0016532542666409576,0.09211405994732372,13.190085904613927,12.56493187838533,1.9899181141866222,29.854562673549452
cont,Rastrigin,11,PSO_GBEST,12000,hard,0,30,0.03125,0.0016532542666409576,0.09211405994732372,13.190085904613927,12.56493187838533,1.9899181141866222,29.854562673549452
cont,Rastrigin,11,PSO_GBEST,15000,easy,0,30,0.03125,0.0016532542666409576,0.09211405994732372,14.789074377071382,14.581534635740148,2.9848771712798765,29.848513182189606
cont,Rastrigin,11,PSO_GBEST,15000,med,0,30,0.03125,0.0016532542666409576,0.09211405994732372,14.789074377071382,14.581534635740148,2.9848771712798765,29.848513182189606
cont,Rastrigin,11,PSO_GBEST,15000,hard,0,30,0.03125,0.0016532542666409576,0.09211405994732372,14.789074377071382,14.581534635740148,2.9848771712798765,29.848513182189606
cont,Rastrigin,11,WOA,12000,easy,0,30,0.03125,0.0016532542666409576,0.09211405994732372,35.52292077215504,35.391746369756724,7.786062020425092,60.69529296105522
cont,Rastrigin,11,WOA,12000,med,0,30,0.03125,0.0016532542666409576,0.09211405994732372,35.52292077215504,35.391746369756724,7.786062020425092,60.69529296105522
cont,Rastrigin,11,WOA,12000,hard,0,30,0.03125,0.0016532542666409576,0.09211405994732372,35.52292077215504,35.391746369756724,7.786062020425092,60.69529296105522
cont,Rastrigin,11,WOA,15000,easy,0,30,0.03125,0.0016532542666409576,0.09211405994732372,34.57560653030526,33.239976474624264,19.05247321050919,59.83289917268784
cont,Rastrigin,11,WOA,15000,med,0,30,0.03125,0.0016532542666409576,0.09211405994732372,34.57560653030526,33.239976474624264,19.05247321050919,59.83289917268784
cont,Rastrigin,11,WOA,15000,hard,0,30,0.03125,0.0016532542666409576,0.09211405994732372,34.57560653030526,33.239976474624264,19.05247321050919,59.83289917268784
cont,Rastrigin,12,ALO,12000,easy,0,30,0.03125,0.0016532542666409576,0.09211405994732372,53.07174795470519,54.72233758648967,15.9193401949384,92.53053978460355
cont,Rastrigin,12,ALO,12000,med,0,30,0.03125,0.0016532542666409576,0.09211405994732372,53.07174795470519,54.72233758648967,15.9193401949384,92.53053978460355
cont,Rastrigin,12,ALO,12000,hard,0,30,0.03125,0.0016532542666409576,0.09211405994732372,53.07174795470519,54.72233758648967,15.9193401949384,92.53053978460355
cont,Rastrigin,12,ALO,15000,easy,0,30,0.03125,0.0016532542666409576,0.09211405994732372,49.99802213658898,46.265429381960985,15.919316758921113,100.49024842688179
cont,Rastrigin,12,ALO,15000,med,0,30,0.03125,0.0016532542666409576,0.09211405994732372,49.99802213658898,46.265429381960985,15.919316758921113,100.49024842688179
cont,Rastrigin,12,ALO,15000,hard,0,30,0.03125,0.0016532542666409576,0.09211405994732372,49.99802213658898,46.265429381960985,15.919316758921113,100.49024842688179
cont,Rastrigin,12,BA,12000,easy,0,30,0.03125,0.0016532542666409576,0.09211405994732372,52.765892600471595,54.72258599942326,18.9044339905181,95.51517222921679
cont,Rastrigin,12,BA,12000,med,0,30,0.03125,0.0016532542666409576,0.09211405994732372,52.765892600471595,54.72258599942326,18.9044339905181,95.51517222921679
cont,Rastrigin,12,BA,12000,hard,0,30,0.03125,0.0016532542666409576,0.09211405994732372,52.765892600471595,54.72258599942326,18.9044339905181,95.51517222921679
cont,Rastrigin,12,BA,15000,easy,0,30,0.03125,0.0016532542666409576,0.09211405994732372,48.56906313163514,45.76828314277183,24.87412370060838,87.55588596268235
cont,Rastrigin,12,BA,15000,med,0,30,0.03125,0.0016532542666409576,0.09211405994732372,48.56906313163514,45.76828314277183,24.87412370060838,87.55588596268235
cont,Rastrigin,12,BA,15000,hard,0,30,0.03125,0.0016532542666409576,0.09211405994732372,48.56906313163514,45.76828314277183,24.87412370060838,87.55588596268235
cont,Rastrigin,12,ES_1P1,12000,easy,0,30,0.03125,0.0016532542666409576,0.09211405994732372,41.32375189683806,39.300789441936715,11.939498609481376,98.49939640008554
cont,Rastrigin,12,ES_1P1,12000,med,0,30,0.03125,0.0016532542666409576,0.09211405994732372,41.32375189683806,39.300789441936715,11.939498609481376,98.49939640008554
cont,Rastrigin,12,ES_1P1,12000,hard,0,30,0.03125,0.0016532542666409576,0.09211405994732372,41.32375189683806,39.300789441936715,11.939498609481376,98.49939640008554
cont,Rastrigin,12,ES_1P1,15000,easy,0,30,0.03125,0.0016532542666409576,0.09211405994732372,34.80491575766697,31.56076888722766,11.939503647300427,73.62655511181532
cont,Rastrigin,12,ES_1P1,15000,med,0,30,0.03125,0.0016532542666409576,0.09211405994732372,34.80491575766697,31.56076888722766,11.939503647300427,73.62655511181532
cont,Rastrigin,12,ES_1P1,15000,hard,0,30,0.03125,0.0016532542666409576,0.09211405994732372,34.80491575766697,31.56076888722766,11.939503647300427,73.62655511181532
cont,Rastrigin,12,FA,12000,easy,0,30,0.03125,0.0016532542666409576,0.09211405994732372,68.78221160520116,69.99424039345146,53.04259368793748,83.72311263074116
cont,Rastrigin,12,FA,12000,med,0,30,0.03125,0.0016532542666409576,0.09211405994732372,68.78221160520116,69.99424039345146,53.04259368793748,83.72311263074116
cont,Rastrigin,12,FA,12000,hard,0,30,0.03125,0.0016532542666409576,0.09211405994732372,68.78221160520116,69.99424039345146,53.04259368793748,83.72311263074116
cont,Rastrigin,12,FA,15000,easy,0,30,0.03125,0.0016532542666409576,0.09211405994732372,70.36795828511049,71.7132650381339,52.38651815311365,83.83181696917705
cont,Rastrigin,12,FA,15000,med,0,30,0.03125,0.0016532542666409576,0.09211405994732372,70.36795828511049,71.7132650381339,52.38651815311365,83.83181696917705
cont,Rastrigin,12,FA,15000,hard,0,30,0.03125,0.0016532542666409576,0.09211405994732372,70.36795828511049,71.7132650381339,52.38651815311365,83.83181696917705
cont,Rastrigin,12,GWO,12000,easy,0,30,0.03125,0.0016532542666409576,0.09211405994732372,22.135668755914857,21.75513926855494,12.313203442491954,34.45761962545754
cont,Rastrigin,12,GWO,12000,med,0,30,0.03125,0.0016532542666409576,0.09211405994732372,22.135668755914857,21.75513926855494,12.313203442491954,34.45761962545754
cont,Rastrigin,12,GWO,12000,hard,0,30,0.03125,0.0016532542666409576,0.09211405994732372,22.135668755914857,21.75513926855494,12.313203442491954,34.45761962545754
cont,Rastrigin,12,GWO,15000,easy,0,30,0.03125,0.0016532542666409576,0.09211405994732372,24.231956561106795,23.715516640558725,15.232330554717933,42.763912335855224
cont,Rastrigin,12,GWO,15000,med,0,30,0.03125,0.0016532542666409576,0.09211405994732372,24.231956561106795,23.715516640558725,15.232330554717933,42.763912335855224
cont,Rastrigin,12,GWO,15000,hard,0,30,0.03125,0.0016532542666409576,0.09211405994732372,24.231956561106795,23.715516640558725,15.232330554717933,42.763912335855224
cont,Rastrigin,12,MFO,12000,easy,0,30,0.03125,0.0016532542666409576,0.09211405994732372,38.242045282768025,36.51850729382531,15.995864633152493,64.62714357193735
cont,Rastrigin,12,MFO,12000,med,0,30,0.03125,0.0016532542666409576,0.09211405994732372,38.242045282768025,36.51850729382531,15.995864633152493,64.62714357193735
cont,Rastrigin,12,MFO,12000,hard,0,30,0.03125,0.0016532542666409576,0.09211405994732372,38.242045282768025,36.51850729382531,15.995864633152493,64.62714357193735
cont,Rastrigin,12,MFO,15000,easy,0,30,0.03125,0.0016532542666409576,0.09211405994732372,35.387985032265654,34.99981693282887,11.663683472065642,62.49437559270118
cont,Rastrigin,12,MFO,15000,med,0,30,0.03125,0.0016532542666409576,0.09211405994732372,35.387985032265654,34.99981693282887,11.663683472065642,62.49437559270118
cont,Rastrigin,12,MFO,15000,hard,0,30,0.03125,0.0016532542666409576,0.09211405994732372,35.387985032265654,34.99981693282887,11.663683472065642,62.49437559270118
cont,Rastrigin,12,PSO_GBEST,12000,easy,0,30,0.03125,0.0016532542666409576,0.09211405994732372,12.71740882634052,11.44201911581343,2.9848771712955653,32.45125098310649
cont,Rastrigin,12,PSO_GBEST,12000,med,0,30,0.03125,0.0016532542666409576,0.09211405994732372,12.71740882634052,11.44201911581343,2.9848771712955653,32.45125098310649
cont,Rastrigin,12,PSO_GBEST,12000,hard,0,30,0.03125,0.0016532542666409576,0.09211405994732372,12.71740882634052,11.44201911581343,2.9848771712955653,32.45125098310649
cont,Rastrigin,12,PSO_GBEST,15000,easy,0,30,0.03125,0.0016532542666409576,0.09211405994732372,14.80510519768433,14.924363163494448,1.9899181141865938,27.858818333878617
cont,Rastrigin,12,PSO_GBEST,15000,med,0,30,0.03125,0.0016532542666409576,0.09211405994732372,14.80510519768433,14.924363163494448,1.9899181141865938,27.858818333878617
cont,Rastrigin,12,PSO_GBEST,15000,hard,0,30,0.03125,0.0016532542666409576,0.09211405994732372,14.80510519768433,14.924363163494448,1.9899181141865938,27.858818333878617
cont,Rastrigin,12,WOA,12000,easy,0,30,0.03125,0.0016532542666409576,0.09211405994732372,34.20771115203889,32.38140873742046,20.013882890663155,56.844121325478085
cont,Rastrigin,12,WOA,12000,med,0,30,0.03125,0.0016532542666409576,0.09211405994732372,34.20771115203889,32.38140873742046,20.013882890663155,56.844121325478085
cont,Rastrigin,12,WOA,12000,hard,0,30,0.03125,0.0016532542666409576,0.09211405994732372,34.20771115203889,32.38140873742046,20.013882890663155,56.844121325478085
cont,Rastrigin,12,WOA,15000,easy,0,30,0.03125,0.0016532542666409576,0.09211405994732372,32.72936565641138,29.09884791095857,8.689950371331989,74.62265360339626
cont,Rastrigin,12,WOA,15000,med,0,30,0.03125,0.0016532542666409576,0.09211405994732372,32.72936565641138,29.09884791095857,8.689950371331989,74.62265360339626
cont,Rastrigin,12,WOA,15000,hard,0,30,0.03125,0.0016532542666409576,0.09211405994732372,32.72936565641138,29.09884791095857,8.689950371331989,74.62265360339626
cont,Rastrigin,13,ALO,12000,easy,0,30,0.03125,0.0016532542666409576,0.09211405994732372,52.18044358777708,54.7224724113195,21.8890498068331,84.1353680390603
cont,Rastrigin,13,ALO,12000,med,0,30,0.03125,0.0016532542666409576,0.09211405994732372,52.18044358777708,54.7224724113195,21.8890498068331,84.1353680390603
cont,Rastrigin,13,ALO,12000,hard,0,30,0.03125,0.0016532542666409576,0.09211405994732372,52.18044358777708,54.7224724113195,21.8890498068331,84.1353680390603
cont,Rastrigin,13,ALO,15000,easy,0,30,0.03125,0.0016532542666409576,0.09211405994732372,55.42638046921564,53.23005689233277,17.909250852603975,111.8641908769124
cont,Rastrigin,13,ALO,15000,med,0,30,0.03125,0.0016532542666409576,0.09211405994732372,55.42638046921564,53.23005689233277,17.909250852603975,111.8641908769124
cont,Rastrigin,13,ALO,15000,hard,0,30,0.03125,0.0016532542666409576,0.09211405994732372,55.42638046921564,53.23005689233277,17.909250852603975,111.8641908769124
cont,Rastrigin,13,BA,12000,easy,0,30,0.03125,0.0016532542666409576,0.09211405994732372,55.02125679895425,52.23521372734443,27.859005924838755,92.53042150467887
cont,Rastrigin,13,BA,12000,med,0,30,0.03125,0.0016532542666409576,0.09211405994732372,55.02125679895425,52.23521372734443,27.859005924838755,92.53042150467887
cont,Rastrigin,13,BA,12000,hard,0,30,0.03125,0.0016532542666409576,0.09211405994732372,55.02125679895425,52.23521372734443,27.859005924838755,92.53042150467887
cont,Rastrigin,13,BA,15000,easy,0,30,0.03125,0.0016532542666409576,0.09211405994732372,53.42839084249079,50.742918401025015,19.89938321635904,115.4146962514867
cont,Rastrigin,13,BA,15000,med,0,30,0.03125,0.0016532542666409576,0.09211405994732372,53.42839084249079,50.742918401025015,19.89938321635904,115.4146962514867
cont,Rastrigin,13,BA,15000,hard,0,30,0.03125,0.0016532542666409576,0.09211405994732372,53.42839084249079,50.742918401025015,19.89938321635904,115.4146962514867
cont,Rastrigin,13,ES_1P1,12000,easy,0,30,0.03125,0.0016532542666409576,0.09211405994732372,39.56603606723614,36.31587421324048,7.959667418927268,91.53575814811492
cont,Rastrigin,13,ES_1P1,12000,med,0,30,0.03125,0.0016532542666409576,0.09211405994732372,39.56603606723614,36.31587421324048,7.959667418927268,91.53575814811492
cont,Rastrigin,13,ES_1P1,12000,hard,0,30,0.03125,0.0016532542666409576,0.09211405994732372,39.56603606723614,36.31587421324048,7.959667418927268,91.53575814811492
cont,Rastrigin,13,ES_1P1,15000,easy,0,30,0.03125,0.0016532542666409576,0.09211405994732372,48.39239199994741,46.265421894553995,11.939498609481348,108.61251287602877
cont,Rastrigin,13,ES_1P1,15000,med,0,30,0.03125,0.0016532542666409576,0.09211405994732372,48.39239199994741,46.265421894553995,11.939498609481348,108.61251287602877
cont,Rastrigin,13,ES_1P1,15000,hard,0,30,0.03125,0.0016532542666409576,0.09211405994732372,48.39239199994741,46.265421894553995,11.939498609481348,108.61251287602877
cont,Rastrigin,13,FA,12000,easy,0,30,0.03125,0.0016532542666409576,0.09211405994732372,69.1878093877344,69.63510982101084,54.142159832532826,84.0328623351338
cont,Rastrigin,13,FA,12000,med,0,30,0.03125,0.0016532542666409576,0.09211405994732372,69.1878093877344,69.63510982101084,54.142159832532826,84.0328623351338
cont,Rastrigin,13,FA,12000,hard,0,30,0.03125,0.0016532542666409576,0.09211405994732372,69.1878093877344,69.63510982101084,54.142159832532826,84.0328623351338
cont,Rastrigin,13,FA,15000,easy,0,30,0.03125,0.0016532542666409576,0.09211405994732372,67.79517578942382,68.64266400540492,41.984589702853114,82.86887718787195
cont,Rastrigin,13,FA,15000,med,0,30,0.03125,0.0016532542666409576,0.09211405994732372,67.79517578942382,68.64266400540492,41.984589702853114,82.86887718787195
cont,Rastrigin,13,FA,15000,hard,0,30,0.03125,0.0016532542666409576,0.09211405994732372,67.79517578942382,68.64266400540492,41.984589702853114,82.86887718787195
cont,Rastrigin,13,GWO,12000,easy,0,30,0.03125,0.0016532542666409576,0.09211405994732372,22.71586505543138,22.685187002110567,11.938303776751923,33.88023699361928
cont,Rastrigin,13,GWO,12000,med,0,30,0.03125,0.0016532542666409576,0.09211405994732372,22.71586505543138,22.685187002110567,11.938303776751923,33.88023699361928
cont,Rastrigin,13,GWO,12000,hard,0,30,0.03125,0.0016532542666409576,0.09211405994732372,22.71586505543138,22.685187002110567,11.938303776751923,33.88023699361928
cont,Rastrigin,13,GWO,15000,easy,0,30,0.03125,0.0016532542666409576,0.09211405994732372,27.764279793089123,27.122811976577957,13.757663095028633,48.13982435924672
cont,Rastrigin,13,GWO,15000,med,0,30,0.03125,0.0016532542666409576,0.09211405994732372,27.764279793089123,27.122811976577957,13.757663095028633,48.13982435924672
cont,Rastrigin,13,GWO,15000,hard,0,30,0.03125,0.0016532542666409576,0.09211405994732372,27.764279793089123,27.122811976577957,13.757663095028633,48.13982435924672
cont,Rastrigin,13,MFO,12000,easy,0,30,0.03125,0.0016532542666409576,0.09211405994732372,36.91910062446508,33.96275644774808,17.475136902930117,74.37834858492045
cont,Rastrigin,13,MFO,12000,med,0,30,0.03125,0.0016532542666409576,0.09211405994732372,36.91910062446508,33.96275644774808,17.475136902930117,74.37834858492045
cont,Rastrigin,13,MFO,12000,hard,0,30,0.03125,0.0016532542666409576,0.09211405994732372,36.91910062446508,33.96275644774808,17.475136902930117,74.37834858492045
cont,Rastrigin,13,MFO,15000,easy,0,30,0.03125,0.0016532542666409576,0.09211405994732372,39.91444341629872,36.26063382625632,19.38537606137595,69.95437178709321
cont,Rastrigin,13,MFO,15000,med,0,30,0.03125,0.0016532542666409576,0.09211405994732372,39.91444341629872,36.26063382625632,19.38537606137595,69.95437178709321
cont,Rastrigin,13,MFO,15000,hard,0,30,0.03125,0.0016532542666409576,0.09211405994732372,39.91444341629872,36.26063382625632,19.38537606137595,69.95437178709321
cont,Rastrigin,13,PSO_GBEST,12000,easy,0,30,0.03125,0.0016532542666409576,0.09211405994732372,15.835549223366948,13.642787542900692,4.974795285466456,43.766689992780364
cont,Rastrigin,13,PSO_GBEST,12000,med,0,30,0.03125,0.0016532542666409576,0.09211405994732372,15.835549223366948,13.642787542900692,4.974795285466456,43.766689992780364
cont,Rastrigin,13,PSO_GBEST,12000,hard,0,30,0.03125,0.0016532542666409576,0.09211405994732372,15.835549223366948,13.642787542900692,4.974795285466456,43.766689992780364
cont,Rastrigin,13,PSO_GBEST,15000,easy,0,30,0.03125,0.0016532542666409576,0.09211405994732372,11.387755256344336,11.268271903455656,2.9848771713329683,22.658253512824203
cont,Rastrigin,13,PSO_GBEST,15000,med,0,30,0.03125,0.0016532542666409576,0.09211405994732372,11.387755256344336,11.268271903455656,2.9848771713329683,22.658253512824203
cont,Rastrigin,13,PSO_GBEST,15000,hard,0,30,0.03125,0.0016532542666409576,0.09211405994732372,11.387755256344336,11.268271903455656,2.9848771713329683,22.658253512824203
cont,Rastrigin,13,WOA,12000,easy,0,30,0.03125,0.0016532542666409576,0.09211405994732372,33.346032639238835,32.86843187368726,10.965390982707433,55.776325567511144
cont,Rastrigin,13,WOA,12000,med,0,30,0.03125,0.0016532542666409576,0.09211405994732372,33.346032639238835,32.86843187368726,10.965390982707433,55.776325567511144
cont,Rastrigin,13,WOA,12000,hard,0,30,0.03125,0.0016532542666409576,0.09211405994732372,33.346032639238835,32.86843187368726,10.965390982707433,55.776325567511144
cont,Rastrigin,13,WOA,15000,easy,0,30,0.03125,0.0016532542666409576,0.09211405994732372,34.0025573446187,32.64631114192449,13.93841372234509,62.220272886956096
cont,Rastrigin,13,WOA,15000,med,0,30,0.03125,0.0016532542666409576,0.09211405994732372,34.0025573446187,32.64631114192449,13.93841372234509,62.220272886956096
cont,Rastrigin,13,WOA,15000,hard,0,30,0.03125,0.0016532542666409576,0.09211405994732372,34.0025573446187,32.64631114192449,13.93841372234509,62.220272886956096
cont,Rastrigin,17,ALO,12000,easy,0,30,0.03125,0.0016532542666409576,0.09211405994732372,48.47573947978658,44.16598583179193,16.914300177777406,101.78581719384826
cont,Rastrigin,17,ALO,12000,med,0,30,0.03125,0.0016532542666409576,0.09211405994732372,48.47573947978658,44.16598583179193,16.914300177777406,101.78581719384826
cont,Rastrigin,17,ALO,12000,hard,0,30,0.03125,0.0016532542666409576,0.09211405994732372,48.47573947978658,44.16598583179193,16.914300177777406,101.78581719384826
cont,Rastrigin,17,ALO,15000,easy,0,30,0.03125,0.0016532542666409576,0.09211405994732372,50.16885761752176,48.75275255628723,10.944555115675698,101.25774510920371
cont,Rastrigin,17,ALO,15000,med,0,30,0.03125,0.0016532542666409576,0.09211405994732372,50.16885761752176,48.75275255628723,10.944555115675698,101.25774510920371
cont,Rastrigin,17,ALO,15000,hard,0,30,0.03125,0.0016532542666409576,0.09211405994732372,50.16885761752176,48.75275255628723,10.944555115675698,101.25774510920371
cont,Rastrigin,17,BA,12000,easy,0,30,0.03125,0.0016532542666409576,0.09211405994732372,50.33357599139527,46.2656362733562,18.904603116696492,103.47477756753226
cont,Rastrigin,17,BA,12000,med,0,30,0.03125,0.0016532542666409576,0.09211405994732372,50.33357599139527,46.2656362733562,18.904603116696492,103.47477756753226
cont,Rastrigin,17,BA,12000,hard,0,30,0.03125,0.0016532542666409576,0.09211405994732372,50.33357599139527,46.2656362733562,18.904603116696492,103.47477756753226
cont,Rastrigin,17,BA,15000,easy,0,30,0.03125,0.0016532542666409576,0.09211405994732372,44.70682114325511,44.77320169410335,15.919554953442216,90.54040119752254
cont,Rastrigin,17,BA,15000,med,0,30,0.03125,0.0016532542666409576,0.09211405994732372,44.70682114325511,44.77320169410335,15.919554953442216,90.54040119752254
cont,Rastrigin,17,BA,15000,hard,0,30,0.03125,0.0016532542666409576,0.09211405994732372,44.70682114325511,44.77320169410335,15.919554953442216,90.54040119752254
cont,Rastrigin,17,ES_1P1,12000,easy,0,30,0.03125,0.0016532542666409576,0.09211405994732372,41.89525027873482,39.79822848560595,12.934457666574644,86.56095218824656
cont,Rastrigin,17,ES_1P1,12000,med,0,30,0.03125,0.0016532542666409576,0.09211405994732372,41.89525027873482,39.79822848560595,12.934457666574644,86.56095218824656
cont,Rastrigin,17,ES_1P1,12000,hard,0,30,0.03125,0.0016532542666409576,0.09211405994732372,41.89525027873482,39.79822848560595,12.934457666574644,86.56095218824656
cont,Rastrigin,17,ES_1P1,15000,easy,0,30,0.03125,0.0016532542666409576,0.09211405994732372,38.46909547714187,37.80833308704335,11.939478412766903,64.67193871143292
cont,Rastrigin,17,ES_1P1,15000,med,0,30,0.03125,0.0016532542666409576,0.09211405994732372,38.46909547714187,37.80833308704335,11.939478412766903,64.67193871143292
cont,Rastrigin,17,ES_1P1,15000,hard,0,30,0.03125,0.0016532542666409576,0.09211405994732372,38.46909547714187,37.80833308704335,11.939478412766903,64.67193871143292
cont,Rastrigin,17,FA,12000,easy,0,30,0.03125,0.0016532542666409576,0.09211405994732372,76.33143207707086,76.53353327106737,52.58716452995603,89.57835946954842
cont,Rastrigin,17,FA,12000,med,0,30,0.03125,0.0016532542666409576,0.09211405994732372,76.33143207707086,76.53353327106737,52.58716452995603,89.57835946954842
cont,Rastrigin,17,FA,12000,hard,0,30,0.03125,0.0016532542666409576,0.09211405994732372,76.33143207707086,76.53353327106737,52.58716452995603,89.57835946954842
cont,Rastrigin,17,FA,15000,easy,0,30,0.03125,0.0016532542666409576,0.09211405994732372,75.2868534314159,74.9605858960094,65.15744080051283,88.78217644198267
cont,Rastrigin,17,FA,15000,med,0,30,0.03125,0.0016532542666409576,0.09211405994732372,75.2868534314159,74.9605858960094,65.15744080051283,88.78217644198267
cont,Rastrigin,17,FA,15000,hard,0,30,0.03125,0.0016532542666409576,0.09211405994732372,75.2868534314159,74.9605858960094,65.15744080051283,88.78217644198267
cont,Rastrigin,17,GWO,12000,easy,0,30,0.03125,0.0016532542666409576,0.09211405994732372,21.948348989511935,21.38931595910259,12.833009180371263,33.247179453829204
cont,Rastrigin,17,GWO,12000,med,0,30,0.03125,0.0016532542666409576,0.09211405994732372,21.948348989511935,21.38931595910259,12.833009180371263,33.247179453829204
cont,Rastrigin,17,GWO,12000,hard,0,30,0.03125,0.0016532542666409576,0.09211405994732372,21.948348989511935,21.38931595910259,12.833009180371263,33.247179453829204
cont,Rastrigin,17,GWO,15000,easy,0,30,0.03125,0.0016532542666409576,0.09211405994732372,20.89947079508899,19.67122128290285,15.571873419926206,31.00670589854873
cont,Rastrigin,17,GWO,15000,med,0,30,0.03125,0.0016532542666409576,0.09211405994732372,20.89947079508899,19.67122128290285,15.571873419926206,31.00670589854873
cont,Rastrigin,17,GWO,15000,hard,0,30,0.03125,0.0016532542666409576,0.09211405994732372,20.89947079508899,19.67122128290285,15.571873419926206,31.00670589854873
cont,Rastrigin,17,MFO,12000,easy,0,30,0.03125,0.0016532542666409576,0.09211405994732372,30.040495283672573,27.77675860387557,9.161529283935764,63.683038533539715
cont,Rastrigin,17,MFO,12000,med,0,30,0.03125,0.0016532542666409576,0.09211405994732372,30.040495283672573,27.77675860387557,9.161529283935764,63.683038533539715
cont,Rastrigin,17,MFO,12000,hard,0,30,0.03125,0.0016532542666409576,0.09211405994732372,30.040495283672573,27.77675860387557,9.161529283935764,63.683038533539715
cont,Rastrigin,17,MFO,15000,easy,0,30,0.03125,0.0016532542666409576,0.09211405994732372,29.014888378720567,27.17472118762373,15.109856354127302,54.07877023473864
cont,Rastrigin,17,MFO,15000,med,0,30,0.03125,0.0016532542666409576,0.09211405994732372,29.014888378720567,27.17472118762373,15.109856354127302,54.07877023473864
cont,Rastrigin,17,MFO,15000,hard,0,30,0.03125,0.0016532542666409576,0.09211405994732372,29.014888378720567,27.17472118762373,15.109856354127302,54.07877023473864
cont,Rastrigin,17,PSO_GBEST,12000,easy,0,30,0.03125,0.0016532542666409576,0.09211405994732372,12.980022538142324,12.934445049307932,0.9949590585391945,31.838553781515316
cont,Rastrigin,17,PSO_GBEST,12000,med,0,30,0.03125,0.0016532542666409576,0.09211405994732372,12.980022538142324,12.934445049307932,0.9949590585391945,31.838553781515316
cont,Rastrigin,17,PSO_GBEST,12000,hard,0,30,0.03125,0.0016532542666409576,0.09211405994732372,12.980022538142324,12.934445049307932,0.9949590585391945,31.838553781515316
cont,Rastrigin,17,PSO_GBEST,15000,easy,0,30,0.03125,0.0016532542666409576,0.09211405994732372,10.51812787871179,8.457146947474477,2.9848771712798907,29.720238625832593
cont,Rastrigin,17,PSO_GBEST,15000,med,0,30,0.03125,0.0016532542666409576,0.09211405994732372,10.51812787871179,8.457146947474477,2.9848771712798907,29.720238625832593
cont,Rastrigin,17,PSO_GBEST,15000,hard,0,30,0.03125,0.0016532542666409576,0.09211405994732372,10.51812787871179,8.457146947474477,2.9848771712798907,29.720238625832593
cont,Rastrigin,17,WOA,12000,easy,0,30,0.03125,0.0016532542666409576,0.09211405994732372,30.506520007398947,29.93683594032386,9.048252093857343,61.24912214748811
cont,Rastrigin,17,WOA,12000,med,0,30,0.03125,0.0016532542666409576,0.09211405994732372,30.506520007398947,29.93683594032386,9.048252093857343,61.24912214748811
cont,Rastrigin,17,WOA,12000,hard,0,30,0.03125,0.0016532542666409576,0.09211405994732372,30.506520007398947,29.93683594032386,9.048252093857343,61.24912214748811
cont,Rastrigin,17,WOA,15000,easy,0,30,0.03125,0.0016532542666409576,0.09211405994732372,32.83122507865762,32.84099432955834,8.975421511128829,70.65373527144774
cont,Rastrigin,17,WOA,15000,med,0,30,0.03125,0.0016532542666409576,0.09211405994732372,32.83122507865762,32.84099432955834,8.975421511128829,70.65373527144774
cont,Rastrigin,17,WOA,15000,hard,0,30,0.03125,0.0016532542666409576,0.09211405994732372,32.83122507865762,32.84099432955834,8.975421511128829,70.65373527144774
cont,Rastrigin,18,ALO,12000,easy,0,30,0.03125,0.0016532542666409576,0.09211405994732372,47.33657805346352,47.757840727737886,20.89412589045655,86.56061003030925
cont,Rastrigin,18,ALO,12000,med,0,30,0.03125,0.0016532542666409576,0.09211405994732372,47.33657805346352,47.757840727737886,20.89412589045655,86.56061003030925
cont,Rastrigin,18,ALO,12000,hard,0,30,0.03125,0.0016532542666409576,0.09211405994732372,47.33657805346352,47.757840727737886,20.89412589045655,86.56061003030925
cont,Rastrigin,18,ALO,15000,easy,0,30,0.03125,0.0016532542666409576,0.09211405994732372,49.2454295433524,48.25534360212701,17.909234058363594,93.422643737066
cont,Rastrigin,18,ALO,15000,med,0,30,0.03125,0.0016532542666409576,0.09211405994732372,49.2454295433524,48.25534360212701,17.909234058363594,93.422643737066
cont,Rastrigin,18,ALO,15000,hard,0,30,0.03125,0.0016532542666409576,0.09211405994732372,49.2454295433524,48.25534360212701,17.909234058363594,93.422643737066
cont,Rastrigin,18,BA,12000,easy,0,30,0.03125,0.0016532542666409576,0.09211405994732372,40.1242111125254,39.79836359606024,10.94470952894892,69.64695272438448
cont,Rastrigin,18,BA,12000,med,0,30,0.03125,0.0016532542666409576,0.09211405994732372,40.1242111125254,39.79836359606024,10.94470952894892,69.64695272438448
cont,Rastrigin,18,BA,12000,hard,0,30,0.03125,0.0016532542666409576,0.09211405994732372,40.1242111125254,39.79836359606024,10.94470952894892,69.64695272438448
cont,Rastrigin,18,BA,15000,easy,0,30,0.03125,0.0016532542666409576,0.09211405994732372,41.82018679006982,37.80847055147138,16.914446454504755,74.62153466454907
cont,Rastrigin,18,BA,15000,med,0,30,0.03125,0.0016532542666409576,0.09211405994732372,41.82018679006982,37.80847055147138,16.914446454504755,74.62153466454907
cont,Rastrigin,18,BA,15000,hard,0,30,0.03125,0.0016532542666409576,0.09211405994732372,41.82018679006982,37.80847055147138,16.914446454504755,74.62153466454907
cont,Rastrigin,18,ES_1P1,12000,easy,0,30,0.03125,0.0016532542666409576,0.09211405994732372,38.60169371096912,40.29571559360029,8.954626476020564,67.65683626232425
cont,Rastrigin,18,ES_1P1,12000,med,0,30,0.03125,0.0016532542666409576,0.09211405994732372,38.60169371096912,40.29571559360029,8.954626476020564,67.65683626232425
cont,Rastrigin,18,ES_1P1,12000,hard,0,30,0.03125,0.0016532542666409576,0.09211405994732372,38.60169371096912,40.29571559360029,8.954626476020564,67.65683626232425
cont,Rastrigin,18,ES_1P1,15000,easy,0,30,0.03125,0.0016532542666409576,0.09211405994732372,40.88879170601042,40.793164735626746,8.954626476020564,68.65170912894664
cont,Rastrigin,18,ES_1P1,15000,med,0,30,0.03125,0.0016532542666409576,0.09211405994732372,40.88879170601042,40.793164735626746,8.954626476020564,68.65170912894664
cont,Rastrigin,18,ES_1P1,15000,hard,0,30,0.03125,0.0016532542666409576,0.09211405994732372,40.88879170601042,40.793164735626746,8.954626476020564,68.65170912894664
cont,Rastrigin,18,FA,12000,easy,0,30,0.03125,0.0016532542666409576,0.09211405994732372,74.96961597900393,75.91013078631102,54.224738799368545,90.47430613537331
cont,Rastrigin,18,FA,12000,med,0,30,0.03125,0.0016532542666409576,0.09211405994732372,74.96961597900393,75.91013078631102,54.224738799368545,90.47430613537331
cont,Rastrigin,18,FA,12000,hard,0,30,0.03125,0.0016532542666409576,0.09211405994732372,74.96961597900393,75.91013078631102,54.224738799368545,90.47430613537331
cont,Rastrigin,18,FA,15000,easy,0,30,0.03125,0.0016532542666409576,0.09211405994732372,75.66127167967186,76.40209751128161,61.82900945375261,85.32374500618208
cont,Rastrigin,18,FA,15000,med,0,30,0.03125,0.0016532542666409576,0.09211405994732372,75.66127167967186,76.40209751128161,61.82900945375261,85.32374500618208
cont,Rastrigin,18,FA,15000,hard,0,30,0.03125,0.0016532542666409576,0.09211405994732372,75.66127167967186,76.40209751128161,61.82900945375261,85.32374500618208
cont,Rastrigin,18,GWO,12000,easy,0,30,0.03125,0.0016532542666409576,0.09211405994732372,16.69878025224353,16.40867130244964,10.946324752028374,28.6626005415102
cont,Rastrigin,18,GWO,12000,med,0,30,0.03125,0.0016532542666409576,0.09211405994732372,16.69878025224353,16.40867130244964,10.946324752028374,28.6626005415102
cont,Rastrigin,18,GWO,12000,hard,0,30,0.03125,0.0016532542666409576,0.09211405994732372,16.69878025224353,16.40867130244964,10.946324752028374,28.6626005415102
cont,Rastrigin,18,GWO,15000,easy,0,30,0.03125,0.0016532542666409576,0.09211405994732372,18.33986937657329,18.059413408562534,12.934993385868324,30.242148926474144
cont,Rastrigin,18,GWO,15000,med,0,30,0.03125,0.0016532542666409576,0.09211405994732372,18.33986937657329,18.059413408562534,12.934993385868324,30.242148926474144
cont,Rastrigin,18,GWO,15000,hard,0,30,0.03125,0.0016532542666409576,0.09211405994732372,18.33986937657329,18.059413408562534,12.934993385868324,30.242148926474144
cont,Rastrigin,18,MFO,12000,easy,0,30,0.03125,0.0016532542666409576,0.09211405994732372,33.06138299191502,34.46094696528459,15.731961313227842,49.04814726460565
cont,Rastrigin,18,MFO,12000,med,0,30,0.03125,0.0016532542666409576,0.09211405994732372,33.06138299191502,34.46094696528459,15.731961313227842,49.04814726460565
cont,Rastrigin,18,MFO,12000,hard,0,30,0.03125,0.0016532542666409576,0.09211405994732372,33.06138299191502,34.46094696528459,15.731961313227842,49.04814726460565
cont,Rastrigin,18,MFO,15000,easy,0,30,0.03125,0.0016532542666409576,0.09211405994732372,27.51571686155193,25.95926951689809,13.349808982306257,51.31553978828817
cont,Rastrigin,18,MFO,15000,med,0,30,0.03125,0.0016532542666409576,0.09211405994732372,27.51571686155193,25.95926951689809,13.349808982306257,51.31553978828817
cont,Rastrigin,18,MFO,15000,hard,0,30,0.03125,0.0016532542666409576,0.09211405994732372,27.51571686155193,25.95926951689809,13.349808982306257,51.31553978828817
cont,Rastrigin,18,PSO_GBEST,12000,easy,0,30,0.03125,0.0016532542666409576,0.09211405994732372,10.116763666147403,9.969626195224002,2.9848771713048308,16.914288857128724
cont,Rastrigin,18,PSO_GBEST,12000,med,0,30,0.03125,0.0016532542666409576,0.09211405994732372,10.116763666147403,9.969626195224002,2.9848771713048308,16.914288857128724
cont,Rastrigin,18,PSO_GBEST,12000,hard,0,30,0.03125,0.0016532542666409576,0.09211405994732372,10.116763666147403,9.969626195224002,2.9848771713048308,16.914288857128724
cont,Rastrigin,18,PSO_GBEST,15000,easy,0,30,0.03125,0.0016532542666409576,0.09211405994732372,12.271174573749706,11.93948851116317,3.979836228373159,23.87892166638028
cont,Rastrigin,18,PSO_GBEST,15000,med,0,30,0.03125,0.0016532542666409576,0.09211405994732372,12.271174573749706,11.93948851116317,3.979836228373159,23.87892166638028
cont,Rastrigin,18,PSO_GBEST,15000,hard,0,30,0.03125,0.0016532542666409576,0.09211405994732372,12.271174573749706,11.93948851116317,3.979836228373159,23.87892166638028
cont,Rastrigin,18,WOA,12000,easy,0,30,0.03125,0.0016532542666409576,0.09211405994732372,28.46091745595758,27.067619388025562,7.1430353844165495,59.784572594738044
cont,Rastrigin,18,WOA,12000,med,0,30,0.03125,0.0016532542666409576,0.09211405994732372,28.46091745595758,27.067619388025562,7.1430353844165495,59.784572594738044
cont,Rastrigin,18,WOA,12000,hard,0,30,0.03125,0.0016532542666409576,0.09211405994732372,28.46091745595758,27.067619388025562,7.1430353844165495,59.784572594738044
cont,Rastrigin,18,WOA,15000,easy,0,30,0.03125,0.0016532542666409576,0.09211405994732372,32.444126959876094,32.337840268611906,10.483775328447578,61.70618262161328
cont,Rastrigin,18,WOA,15000,med,0,30,0.03125,0.0016532542666409576,0.09211405994732372,32.444126959876094,32.337840268611906,10.483775328447578,61.70618262161328
cont,Rastrigin,18,WOA,15000,hard,0,30,0.03125,0.0016532542666409576,0.09211405994732372,32.444126959876094,32.337840268611906,10.483775328447578,61.70618262161328
cont,Rastrigin,19,ALO,12000,easy,0,30,0.03125,0.0016532542666409576,0.09211405994732372,56.077677315543816,51.24019696346366,17.90923622975491,98.49975870221608
cont,Rastrigin,19,ALO,12000,med,0,30,0.03125,0.0016532542666409576,0.09211405994732372,56.077677315543816,51.24019696346366,17.90923622975491,98.49975870221608
cont,Rastrigin,19,ALO,12000,hard,0,30,0.03125,0.0016532542666409576,0.09211405994732372,56.077677315543816,51.24019696346366,17.90923622975491,98.49975870221608
cont,Rastrigin,19,ALO,15000,easy,0,30,0.03125,0.0016532542666409576,0.09211405994732372,55.988359837613366,52.94504465502813,14.924384178191616,119.39339468724305
cont,Rastrigin,19,ALO,15000,med,0,30,0.03125,0.0016532542666409576,0.09211405994732372,55.988359837613366,52.94504465502813,14.924384178191616,119.39339468724305
cont,Rastrigin,19,ALO,15000,hard,0,30,0.03125,0.0016532542666409576,0.09211405994732372,55.988359837613366,52.94504465502813,14.924384178191616,119.39339468724305
cont,Rastrigin,19,BA,12000,easy,0,30,0.03125,0.0016532542666409576,0.09211405994732372,48.98566658934041,48.752902510685715,16.914507190739897,89.54529601077294
cont,Rastrigin,19,BA,12000,med,0,30,0.03125,0.0016532542666409576,0.09211405994732372,48.98566658934041,48.752902510685715,16.914507190739897,89.54529601077294
cont,Rastrigin,19,BA,12000,hard,0,30,0.03125,0.0016532542666409576,0.09211405994732372,48.98566658934041,48.752902510685715,16.914507190739897,89.54529601077294
cont,Rastrigin,19,BA,15000,easy,0,30,0.03125,0.0016532542666409576,0.09211405994732372,47.6158764636853,45.768077229756535,16.914443085472158,121.3829773299853
cont,Rastrigin,19,BA,15000,med,0,30,0.03125,0.0016532542666409576,0.09211405994732372,47.6158764636853,45.768077229756535,16.914443085472158,121.3829773299853
cont,Rastrigin,19,BA,15000,hard,0,30,0.03125,0.0016532542666409576,0.09211405994732372,47.6158764636853,45.768077229756535,16.914443085472158,121.3829773299853
cont,Rastrigin,19,ES_1P1,12000,easy,0,30,0.03125,0.0016532542666409576,0.09211405994732372,37.66864759943525,30.061199872218495,10.944539552388065,91.23498268218131
cont,Rastrigin,19,ES_1P1,12000,med,0,30,0.03125,0.0016532542666409576,0.09211405994732372,37.66864759943525,30.061199872218495,10.944539552388065,91.23498268218131
cont,Rastrigin,19,ES_1P1,12000,hard,0,30,0.03125,0.0016532542666409576,0.09211405994732372,37.66864759943525,30.061199872218495,10.944539552388065,91.23498268218131
cont,Rastrigin,19,ES_1P1,15000,easy,0,30,0.03125,0.0016532542666409576,0.09211405994732372,40.27114966216507,35.827441273938845,15.919309603320983,100.49017596382966
cont,Rastrigin,19,ES_1P1,15000,med,0,30,0.03125,0.0016532542666409576,0.09211405994732372,40.27114966216507,35.827441273938845,15.919309603320983,100.49017596382966
cont,Rastrigin,19,ES_1P1,15000,hard,0,30,0.03125,0.0016532542666409576,0.09211405994732372,40.27114966216507,35.827441273938845,15.919309603320983,100.49017596382966
cont,Rastrigin,19,FA,12000,easy,0,30,0.03125,0.0016532542666409576,0.09211405994732372,72.41455105024103,72.08778172858544,60.92654733658819,83.72559698901138
cont,Rastrigin,19,FA,12000,med,0,30,0.03125,0.0016532542666409576,0.09211405994732372,72.41455105024103,72.08778172858544,60.92654733658819,83.72559698901138
cont,Rastrigin,19,FA,12000,hard,0,30,0.03125,0.0016532542666409576,0.09211405994732372,72.41455105024103,72.08778172858544,60.92654733658819,83.72559698901138
cont,Rastrigin,19,FA,15000,easy,0,30,0.03125,0.0016532542666409576,0.09211405994732372,69.03838187592241,70.55608083376211,43.0059076079074,89.3870709987686
cont,Rastrigin,19,FA,15000,med,0,30,0.03125,0.0016532542666409576,0.09211405994732372,69.03838187592241,70.55608083376211,43.0059076079074,89.3870709987686
cont,Rastrigin,19,FA,15000,hard,0,30,0.03125,0.0016532542666409576,0.09211405994732372,69.03838187592241,70.55608083376211,43.0059076079074,89.3870709987686
cont,Rastrigin,19,GWO,12000,easy,0,30,0.03125,0.0016532542666409576,0.09211405994732372,26.790078494607524,27.73407731548832,18.853241727152664,34.819558295277744
cont,Rastrigin,19,GWO,12000,med,0,30,0.03125,0.0016532542666409576,0.09211405994732372,26.790078494607524,27.73407731548832,18.853241727152664,34.819558295277744
cont,Rastrigin,19,GWO,12000,hard,0,30,0.03125,0.0016532542666409576,0.09211405994732372,26.790078494607524,27.73407731548832,18.853241727152664,34.819558295277744
cont,Rastrigin,19,GWO,15000,easy,0,30,0.03125,0.0016532542666409576,0.09211405994732372,28.174695228075446,28.28400133667781,19.73849371674123,38.760948297916826
cont,Rastrigin,19,GWO,15000,med,0,30,0.03125,0.0016532542666409576,0.09211405994732372,28.174695228075446,28.28400133667781,19.73849371674123,38.760948297916826
cont,Rastrigin,19,GWO,15000,hard,0,30,0.03125,0.0016532542666409576,0.09211405994732372,28.174695228075446,28.28400133667781,19.73849371674123,38.760948297916826
cont,Rastrigin,19,MFO,12000,easy,0,30,0.03125,0.0016532542666409576,0.09211405994732372,34.97744879865492,35.1603608799059,16.331191351435876,61.870701165553726
cont,Rastrigin,19,MFO,12000,med,0,30,0.03125,0.0016532542666409576,0.09211405994732372,34.97744879865492,35.1603608799059,16.331191351435876,61.870701165553726
cont,Rastrigin,19,MFO,12000,hard,0,30,0.03125,0.0016532542666409576,0.09211405994732372,34.97744879865492,35.1603608799059,16.331191351435876,61.870701165553726
cont,Rastrigin,19,MFO,15000,easy,0,30,0.03125,0.0016532542666409576,0.09211405994732372,35.249599827123916,32.86475560219478,16.0356367651478,75.43023958574827
cont,Rastrigin,19,MFO,15000,med,0,30,0.03125,0.0016532542666409576,0.09211405994732372,35.249599827123916,32.86475560219478,16.0356367651478,75.43023958574827
cont,Rastrigin,19,MFO,15000,hard,0,30,0.03125,0.0016532542666409576,0.09211405994732372,35.249599827123916,32.86475560219478,16.0356367651478,75.43023958574827
cont,Rastrigin,19,PSO_GBEST,12000,easy,0,30,0.03125,0.0016532542666409576,0.09211405994732372,14.421746650041412,13.92940662531084,3.97983978411321,32.51497064541792
cont,Rastrigin,19,PSO_GBEST,12000,med,0,30,0.03125,0.0016532542666409576,0.09211405994732372,14.421746650041412,13.92940662531084,3.97983978411321,32.51497064541792
cont,Rastrigin,19,PSO_GBEST,12000,hard,0,30,0.03125,0.0016532542666409576,0.09211405994732372,14.421746650041412,13.92940662531084,3.97983978411321,32.51497064541792
cont,Rastrigin,19,PSO_GBEST,15000,easy,0,30,0.03125,0.0016532542666409576,0.09211405994732372,13.745457910980717,11.93949103003365,4.974795285628488,39.79819558017623
cont,Rastrigin,19,PSO_GBEST,15000,med,0,30,0.03125,0.0016532542666409576,0.09211405994732372,13.745457910980717,11.93949103003365,4.974795285628488,39.79819558017623
cont,Rastrigin,19,PSO_GBEST,15000,hard,0,30,0.03125,0.0016532542666409576,0.09211405994732372,13.745457910980717,11.93949103003365,4.974795285628488,39.79819558017623
cont,Rastrigin,19,WOA,12000,easy,0,30,0.03125,0.0016532542666409576,0.09211405994732372,33.9223362249088,31.057331830797416,14.989978668700417,76.62760802887546
cont,Rastrigin,19,WOA,12000,med,0,30,0.03125,0.0016532542666409576,0.09211405994732372,33.9223362249088,31.057331830797416,14.989978668700417,76.62760802887546
cont,Rastrigin,19,WOA,12000,hard,0,30,0.03125,0.0016532542666409576,0.09211405994732372,33.9223362249088,31.057331830797416,14.989978668700417,76.62760802887546
cont,Rastrigin,19,WOA,15000,easy,0,30,0.03125,0.0016532542666409576,0.09211405994732372,33.43932605702268,32.964536904947124,9.981939384154657,61.124081675865305
cont,Rastrigin,19,WOA,15000,med,0,30,0.03125,0.0016532542666409576,0.09211405994732372,33.43932605702268,32.964536904947124,9.981939384154657,61.124081675865305
cont,Rastrigin,19,WOA,15000,hard,0,30,0.03125,0.0016532542666409576,0.09211405994732372,33.43932605702268,32.964536904947124,9.981939384154657,61.124081675865305
cont,Rosenbrock,1,ALO,12000,easy,0,30,0.03125,0.0016532542666409576,0.09211405994732372,14474.116907762025,11254.30672825588,2002.4684405641224,37524.200771703756
cont,Rosenbrock,1,ALO,12000,med,0,30,0.03125,0.0016532542666409576,0.09211405994732372,14474.116907762025,11254.30672825588,2002.4684405641224,37524.200771703756
cont,Rosenbrock,1,ALO,12000,hard,0,30,0.03125,0.0016532542666409576,0.09211405994732372,14474.116907762025,11254.30672825588,2002.4684405641224,37524.200771703756
cont,Rosenbrock,1,ALO,15000,easy,0,30,0.03125,0.0016532542666409576,0.09211405994732372,8915.572837092257,7458.074616883199,84.97427764368237,26081.38210860427
cont,Rosenbrock,1,ALO,15000,med,0,30,0.03125,0.0016532542666409576,0.09211405994732372,8915.572837092257,7458.074616883199,84.97427764368237,26081.38210860427
cont,Rosenbrock,1,ALO,15000,hard,0,30,0.03125,0.0016532542666409576,0.09211405994732372,8915.572837092257,7458.074616883199,84.97427764368237,26081.38210860427
cont,Rosenbrock,1,BA,12000,easy,0,30,0.03125,0.0016532542666409576,0.09211405994732372,3546.4099760951603,2604.0630864678637,96.08026470779346,10721.425123120634
cont,Rosenbrock,1,BA,12000,med,0,30,0.03125,0.0016532542666409576,0.09211405994732372,3546.4099760951603,2604.0630864678637,96.08026470779346,10721.425123120634
cont,Rosenbrock,1,BA,12000,hard,0,30,0.03125,0.0016532542666409576,0.09211405994732372,3546.4099760951603,2604.0630864678637,96.08026470779346,10721.425123120634
cont,Rosenbrock,1,BA,15000,easy,0,30,0.03125,0.0016532542666409576,0.09211405994732372,3558.576501752011,3091.593636025347,0.7581786302892868,10339.187034600853
cont,Rosenbrock,1,BA,15000,med,0,30,0.03125,0.0016532542666409576,0.09211405994732372,3558.576501752011,3091.593636025347,0.7581786302892868,10339.187034600853
cont,Rosenbrock,1,BA,15000,hard,0,30,0.03125,0.0016532542666409576,0.09211405994732372,3558.576501752011,3091.593636025347,0.7581786302892868,10339.187034600853
cont,Rosenbrock,1,ES_1P1,12000,easy,1,30,0.0625,0.011585315861443594,0.14409039131834475,1.3835952903865874,0.8412335046066721,0.04067887560645937,4.5556339061298985
cont,Rosenbrock,1,ES_1P1,12000,med,0,30,0.03125,0.0016532542666409576,0.09211405994732372,1.3835952903865874,0.8412335046066721,0.04067887560645937,4.5556339061298985
cont,Rosenbrock,1,ES_1P1,12000,hard,0,30,0.03125,0.0016532542666409576,0.09211405994732372,1.3835952903865874,0.8412335046066721,0.04067887560645937,4.5556339061298985
cont,Rosenbrock,1,ES_1P1,15000,easy,0,30,0.03125,0.0016532542666409576,0.09211405994732372,1.489516450779975,0.4832901855736085,0.1338793283381708,4.561776092764887
cont,Rosenbrock,1,ES_1P1,15000,med,0,30,0.03125,0.0016532542666409576,0.09211405994732372,1.489516450779975,0.4832901855736085,0.1338793283381708,4.561776092764887
cont,Rosenbrock,1,ES_1P1,15000,hard,0,30,0.03125,0.0016532542666409576,0.09211405994732372,1.489516450779975,0.4832901855736085,0.1338793283381708,4.561776092764887
cont,Rosenbrock,1,FA,12000,easy,0,30,0.03125,0.0016532542666409576,0.09211405994732372,2330.473040301671,2347.217952933216,444.8243844665333,4219.313643877955
cont,Rosenbrock,1,FA,12000,med,0,30,0.03125,0.0016532542666409576,0.09211405994732372,2330.473040301671,2347.217952933216,444.8243844665333,4219.313643877955
cont,Rosenbrock,1,FA,12000,hard,0,30,0.03125,0.0016532542666409576,0.09211405994732372,2330.473040301671,2347.217952933216,444.8243844665333,4219.313643877955
cont,Rosenbrock,1,FA,15000,easy,0,30,0.03125,0.0016532542666409576,0.09211405994732372,2306.7818130248443,2110.2208664461627,703.109840000895,5131.294200373147
cont,Rosenbrock,1,FA,15000,med,0,30,0.03125,0.0016532542666409576,0.09211405994732372,2306.7818130248443,2110.2208664461627,703.109840000895,5131.294200373147
cont,Rosenbrock,1,FA,15000,hard,0,30,0.03125,0.0016532542666409576,0.09211405994732372,2306.7818130248443,2110.2208664461627,703.109840000895,5131.294200373147
cont,Rosenbrock,1,GWO,12000,easy,0,30,0.03125,0.0016532542666409576,0.09211405994732372,28.608608425311036,6.917048806193344,6.724149473300252,317.00002075423896
cont,Rosenbrock,1,GWO,12000,med,0,30,0.03125,0.0016532542666409576,0.09211405994732372,28.608608425311036,6.917048806193344,6.724149473300252,317.00002075423896
cont,Rosenbrock,1,GWO,12000,hard,0,30,0.03125,0.0016532542666409576,0.09211405994732372,28.608608425311036,6.917048806193344,6.724149473300252,317.00002075423896
cont,Rosenbrock,1,GWO,15000,easy,0,30,0.03125,0.0016532542666409576,0.09211405994732372,21.876381610725236,6.9095113634896475,6.869206867072293,231.43546533216207
cont,Rosenbrock,1,GWO,15000,med,0,30,0.03125,0.0016532542666409576,0.09211405994732372,21.876381610725236,6.9095113634896475,6.869206867072293,231.43546533216207
cont,Rosenbrock,1,GWO,15000,hard,0,30,0.03125,0.0016532542666409576,0.09211405994732372,21.876381610725236,6.9095113634896475,6.869206867072293,231.43546533216207
cont,Rosenbrock,1,MFO,12000,easy,0,30,0.03125,0.0016532542666409576,0.09211405994732372,1018.0753273689156,630.6620165952431,16.237271881880424,4968.845714876406
cont,Rosenbrock,1,MFO,12000,med,0,30,0.03125,0.0016532542666409576,0.09211405994732372,1018.0753273689156,630.6620165952431,16.237271881880424,4968.845714876406
cont,Rosenbrock,1,MFO,12000,hard,0,30,0.03125,0.0016532542666409576,0.09211405994732372,1018.0753273689156,630.6620165952431,16.237271881880424,4968.845714876406
cont,Rosenbrock,1,MFO,15000,easy,0,30,0.03125,0.0016532542666409576,0.09211405994732372,524.3801792400201,215.33349198128923,6.418963930083919,4465.116069899451
cont,Rosenbrock,1,MFO,15000,med,0,30,0.03125,0.0016532542666409576,0.09211405994732372,524.3801792400201,215.33349198128923,6.418963930083919,4465.116069899451
cont,Rosenbrock,1,MFO,15000,hard,0,30,0.03125,0.0016532542666409576,0.09211405994732372,524.3801792400201,215.33349198128923,6.418963930083919,4465.116069899451
cont,Rosenbrock,1,PSO_GBEST,12000,easy,2,30,0.09375,0.02690011969114915,0.18946446742553866,253.96503002289137,3.803201118143738,0.0022410467577758273,1804.5339542855631
cont,Rosenbrock,1,PSO_GBEST,12000,med,1,30,0.0625,0.011585315861443594,0.14409039131834475,253.96503002289137,3.803201118143738,0.0022410467577758273,1804.5339542855631
cont,Rosenbrock,1,PSO_GBEST,12000,hard,0,30,0.03125,0.0016532542666409576,0.09211405994732372,253.96503002289137,3.803201118143738,0.0022410467577758273,1804.5339542855631
cont,Rosenbrock,1,PSO_GBEST,15000,easy,2,30,0.09375,0.02690011969114915,0.18946446742553866,190.69901092838256,2.200038547340217,0.030216457223251114,1860.401225455339
cont,Rosenbrock,1,PSO_GBEST,15000,med,0,30,0.03125,0.0016532542666409576,0.09211405994732372,190.69901092838256,2.200038547340217,0.030216457223251114,1860.401225455339
cont,Rosenbrock,1,PSO_GBEST,15000,hard,0,30,0.03125,0.0016532542666409576,0.09211405994732372,190.69901092838256,2.200038547340217,0.030216457223251114,1860.401225455339
cont,Rosenbrock,1,WOA,12000,easy,0,30,0.03125,0.0016532542666409576,0.09211405994732372,10.559739640660212,7.101981912434015,0.2275730191595995,76.33960017507977
cont,Rosenbrock,1,WOA,12000,med,0,30,0.03125,0.0016532542666409576,0.09211405994732372,10.559739640660212,7.101981912434015,0.2275730191595995,76.33960017507977
cont,Rosenbrock,1,WOA,12000,hard,0,30,0.03125,0.0016532542666409576,0.09211405994732372,10.559739640660212,7.101981912434015,0.2275730191595995,76.33960017507977
cont,Rosenbrock,1,WOA,15000,easy,0,30,0.03125,0.0016532542666409576,0.09211405994732372,13.24874623367355,8.361205015215162,0.2648855011086789,73.812971968525
cont,Rosenbrock,1,WOA,15000,med,0,30,0.03125,0.0016532542666409576,0.09211405994732372,13.24874623367355,8.361205015215162,0.2648855011086789,73.812971968525
cont,Rosenbrock,1,WOA,15000,hard,0,30,0.03125,0.0016532542666409576,0.09211405994732372,13.24874623367355,8.361205015215162,0.2648855011086789,73.812971968525
cont,Rosenbrock,2,ALO,12000,easy,0,30,0.03125,0.0016532542666409576,0.09211405994732372,6901.0457617365755,5684.407391488501,829.521993452401,16580.125429986565
cont,Rosenbrock,2,ALO,12000,med,0,30,0.03125,0.0016532542666409576,0.09211405994732372,6901.0457617365755,5684.407391488501,829.521993452401,16580.125429986565
cont,Rosenbrock,2,ALO,12000,hard,0,30,0.03125,0.0016532542666409576,0.09211405994732372,6901.0457617365755,5684.407391488501,829.521993452401,16580.125429986565
cont,Rosenbrock,2,ALO,15000,easy,0,30,0.03125,0.0016532542666409576,0.09211405994732372,4899.170369527693,3885.88131051315,588.4716603350223,18930.03457162291
cont,Rosenbrock,2,ALO,15000,med,0,30,0.03125,0.0016532542666409576,0.09211405994732372,4899.170369527693,3885.88131051315,588.4716603350223,18930.03457162291
cont,Rosenbrock,2,ALO,15000,hard,0,30,0.03125,0.0016532542666409576,0.09211405994732372,4899.170369527693,3885.88131051315,588.4716603350223,18930.03457162291
cont,Rosenbrock,2,BA,12000,easy,0,30,0.03125,0.0016532542666409576,0.09211405994732372,1249.3527809614277,744.9000569697048,7.555335339062375,4307.8849783804635
cont,Rosenbrock,2,BA,12000,med,0,30,0.03125,0.0016532542666409576,0.09211405994732372,1249.3527809614277,744.9000569697048,7.555335339062375,4307.8849783804635
cont,Rosenbrock,2,BA,12000,hard,0,30,0.03125,0.0016532542666409576,0.09211405994732372,1249.3527809614277,744.9000569697048,7.555335339062375,4307.8849783804635
cont,Rosenbrock,2,BA,15000,easy,0,30,0.03125,0.0016532542666409576,0.09211405994732372,995.7655894351789,512.3807549429673,71.56965809322814,7064.803643681271
cont,Rosenbrock,2,BA,15000,med,0,30,0.03125,0.0016532542666409576,0.09211405994732372,995.7655894351789,512.3807549429673,71.56965809322814,7064.803643681271
cont,Rosenbrock,2,BA,15000,hard,0,30,0.03125,0.0016532542666409576,0.09211405994732372,995.7655894351789,512.3807549429673,71.56965809322814,7064.803643681271
cont,Rosenbrock,2,ES_1P1,12000,easy,0,30,0.03125,0.0016532542666409576,0.09211405994732372,2.3319315570512487,1.2844609173258215,0.3349873626197445,7.093354170666442
cont,Rosenbrock,2,ES_1P1,12000,med,0,30,0.03125,0.0016532542666409576,0.09211405994732372,2.3319315570512487,1.2844609173258215,0.3349873626197445,7.093354170666442
cont,Rosenbrock,2,ES_1P1,12000,hard,0,30,0.03125,0.0016532542666409576,0.09211405994732372,2.3319315570512487,1.2844609173258215,0.3349873626197445,7.093354170666442
cont,Rosenbrock,2,ES_1P1,15000,easy,1,30,0.0625,0.011585315861443594,0.14409039131834475,9.49880064989628,0.6232311923261878,0.0492989950380847,89.04316227860753
cont,Rosenbrock,2,ES_1P1,15000,med,0,30,0.03125,0.0016532542666409576,0.09211405994732372,9.49880064989628,0.6232311923261878,0.0492989950380847,89.04316227860753
cont,Rosenbrock,2,ES_1P1,15000,hard,0,30,0.03125,0.0016532542666409576,0.09211405994732372,9.49880064989628,0.6232311923261878,0.0492989950380847,89.04316227860753
cont,Rosenbrock,2,FA,12000,easy,0,30,0.03125,0.0016532542666409576,0.09211405994732372,2835.84764617129,3032.4137579876606,783.6518759861536,4739.136080064694
cont,Rosenbrock,2,FA,12000,med,0,30,0.03125,0.0016532542666409576,0.09211405994732372,2835.84764617129,3032.4137579876606,783.6518759861536,4739.136080064694
cont,Rosenbrock,2,FA,12000,hard,0,30,0.03125,0.0016532542666409576,0.09211405994732372,2835.84764617129,3032.4137579876606,783.6518759861536,4739.136080064694
cont,Rosenbrock,2,FA,15000,easy,0,30,0.03125,0.0016532542666409576,0.09211405994732372,2484.7895923830883,2503.0570685739754,476.9522518119246,5104.323646646207
cont,Rosenbrock,2,FA,15000,med,0,30,0.03125,0.0016532542666409576,0.09211405994732372,2484.7895923830883,2503.0570685739754,476.9522518119246,5104.323646646207
cont,Rosenbrock,2,FA,15000,hard,0,30,0.03125,0.0016532542666409576,0.09211405994732372,2484.7895923830883,2503.0570685739754,476.9522518119246,5104.323646646207
cont,Rosenbrock,2,GWO,12000,easy,0,30,0.03125,0.0016532542666409576,0.09211405994732372,46.45335739863807,29.316869024111654,0.8545476157233496,125.58469277522859
cont,Rosenbrock,2,GWO,12000,med,0,30,0.03125,0.0016532542666409576,0.09211405994732372,46.45335739863807,29.316869024111654,0.8545476157233496,125.58469277522859
cont,Rosenbrock,2,GWO,12000,hard,0,30,0.03125,0.0016532542666409576,0.09211405994732372,46.45335739863807,29.316869024111654,0.8545476157233496,125.58469277522859
cont,Rosenbrock,2,GWO,15000,easy,0,30,0.03125,0.0016532542666409576,0.09211405994732372,51.15035268716803,29.32280239408582,4.041216426823751,186.3547470222391
cont,Rosenbrock,2,GWO,15000,med,0,30,0.03125,0.0016532542666409576,0.09211405994732372,51.15035268716803,29.32280239408582,4.041216426823751,186.3547470222391
cont,Rosenbrock,2,GWO,15000,hard,0,30,0.03125,0.0016532542666409576,0.09211405994732372,51.15035268716803,29.32280239408582,4.041216426823751,186.3547470222391
cont,Rosenbrock,2,MFO,12000,easy,0,30,0.03125,0.0016532542666409576,0.09211405994732372,362.09095658082305,202.55803364257008,2.188450249673549,2110.4502607344607
cont,Rosenbrock,2,MFO,12000,med,0,30,0.03125,0.0016532542666409576,0.09211405994732372,362.09095658082305,202.55803364257008,2.188450249673549,2110.4502607344607
cont,Rosenbrock,2,MFO,12000,hard,0,30,0.03125,0.0016532542666409576,0.09211405994732372,362.09095658082305,202.55803364257008,2.188450249673549,2110.4502607344607
cont,Rosenbrock,2,MFO,15000,easy,0,30,0.03125,0.0016532542666409576,0.09211405994732372,365.9910086034872,164.26186659752597,4.353222719712319,2493.9524947461873
cont,Rosenbrock,2,MFO,15000,med,0,30,0.03125,0.0016532542666409576,0.09211405994732372,365.9910086034872,164.26186659752597,4.353222719712319,2493.9524947461873
cont,Rosenbrock,2,MFO,15000,hard,0,30,0.03125,0.0016532542666409576,0.09211405994732372,365.9910086034872,164.26186659752597,4.353222719712319,2493.9524947461873
cont,Rosenbrock,2,PSO_GBEST,12000,easy,2,30,0.09375,0.02690011969114915,0.18946446742553866,16.50500700039604,3.5516623573283748,0.01701893266573041,249.95424617503377
cont,Rosenbrock,2,PSO_GBEST,12000,med,0,30,0.03125,0.0016532542666409576,0.09211405994732372,16.50500700039604,3.5516623573283748,0.01701893266573041,249.95424617503377
cont,Rosenbrock,2,PSO_GBEST,12000,hard,0,30,0.03125,0.0016532542666409576,0.09211405994732372,16.50500700039604,3.5516623573283748,0.01701893266573041,249.95424617503377
cont,Rosenbrock,2,PSO_GBEST,15000,easy,1,30,0.0625,0.011585315861443594,0.14409039131834475,29.870252589821824,2.694129343280241,0.018079371168562376,672.7340103544685
cont,Rosenbrock,2,PSO_GBEST,15000,med,0,30,0.03125,0.0016532542666409576,0.09211405994732372,29.870252589821824,2.694129343280241,0.018079371168562376,672.7340103544685
cont,Rosenbrock,2,PSO_GBEST,15000,hard,0,30,0.03125,0.0016532542666409576,0.09211405994732372,29.870252589821824,2.694129343280241,0.018079371168562376,672.7340103544685
cont,Rosenbrock,2,WOA,12000,easy,0,30,0.03125,0.0016532542666409576,0.09211405994732372,42.28837551980848,7.858997926949643,0.18245775377238482,182.06663646086523
cont,Rosenbrock,2,WOA,12000,med,0,30,0.03125,0.0016532542666409576,0.09211405994732372,42.28837551980848,7.858997926949643,0.18245775377238482,182.06663646086523
cont,Rosenbrock,2,WOA,12000,hard,0,30,0.03125,0.0016532542666409576,0.09211405994732372,42.28837551980848,7.858997926949643,0.18245775377238482,182.06663646086523
cont,Rosenbrock,2,WOA,15000,easy,0,30,0.03125,0.0016532542666409576,0.09211405994732372,39.47467907122471,8.049954770500774,1.5271340391501178,120.8432559438335
cont,Rosenbrock,2,WOA,15000,med,0,30,0.03125,0.0016532542666409576,0.09211405994732372,39.47467907122471,8.049954770500774,1.5271340391501178,120.8432559438335
cont,Rosenbrock,2,WOA,15000,hard,0,30,0.03125,0.0016532542666409576,0.09211405994732372,39.47467907122471,8.049954770500774,1.5271340391501178,120.8432559438335
cont,Rosenbrock,4,ALO,12000,easy,0,30,0.03125,0.0016532542666409576,0.09211405994732372,9694.768592403534,8355.31429893347,677.5094022814269,43383.00153725573
cont,Rosenbrock,4,ALO,12000,med,0,30,0.03125,0.0016532542666409576,0.09211405994732372,9694.768592403534,8355.31429893347,677.5094022814269,43383.00153725573
cont,Rosenbrock,4,ALO,12000,hard,0,30,0.03125,0.0016532542666409576,0.09211405994732372,9694.768592403534,8355.31429893347,677.5094022814269,43383.00153725573
cont,Rosenbrock,4,ALO,15000,easy,0,30,0.03125,0.0016532542666409576,0.09211405994732372,7397.073990194921,5148.042135053562,749.8685491481559,34644.49450315935
cont,Rosenbrock,4,ALO,15000,med,0,30,0.03125,0.0016532542666409576,0.09211405994732372,7397.073990194921,5148.042135053562,749.8685491481559,34644.49450315935
cont,Rosenbrock,4,ALO,15000,hard,0,30,0.03125,0.0016532542666409576,0.09211405994732372,7397.073990194921,5148.042135053562,749.8685491481559,34644.49450315935
cont,Rosenbrock,4,BA,12000,easy,0,30,0.03125,0.0016532542666409576,0.09211405994732372,2311.553105577981,1113.327915269681,32.463653563540305,18256.108023932997
cont,Rosenbrock,4,BA,12000,med,0,30,0.03125,0.0016532542666409576,0.09211405994732372,2311.553105577981,1113.327915269681,32.463653563540305,18256.108023932997
cont,Rosenbrock,4,BA,12000,hard,0,30,0.03125,0.0016532542666409576,0.09211405994732372,2311.553105577981,1113.327915269681,32.463653563540305,18256.108023932997
cont,Rosenbrock,4,BA,15000,easy,0,30,0.03125,0.0016532542666409576,0.09211405994732372,1604.0639583112668,483.6767816270551,73.3784906528892,6136.352173797051
cont,Rosenbrock,4,BA,15000,med,0,30,0.03125,0.0016532542666409576,0.09211405994732372,1604.0639583112668,483.6767816270551,73.3784906528892,6136.352173797051
cont,Rosenbrock,4,BA,15000,hard,0,30,0.03125,0.0016532542666409576,0.09211405994732372,1604.0639583112668,483.6767816270551,73.3784906528892,6136.352173797051
cont,Rosenbrock,4,ES_1P1,12000,easy,1,30,0.0625,0.011585315861443594,0.14409039131834475,20.823724564594162,2.6533659736069675,0.09729094008463805,93.24152938110247
cont,Rosenbrock,4,ES_1P1,12000,med,0,30,0.03125,0.0016532542666409576,0.09211405994732372,20.823724564594162,2.6533659736069675,0.09729094008463805,93.24152938110247
cont,Rosenbrock,4,ES_1P1,12000,hard,0,30,0.03125,0.0016532542666409576,0.09211405994732372,20.823724564594162,2.6533659736069675,0.09729094008463805,93.24152938110247
cont,Rosenbrock,4,ES_1P1,15000,easy,2,30,0.09375,0.02690011969114915,0.18946446742553866,1.9856199477224061,0.5862359980777981,2.2359610749827882e-05,7.405915686344153
cont,Rosenbrock,4,ES_1P1,15000,med,2,30,0.09375,0.02690011969114915,0.18946446742553866,1.9856199477224061,0.5862359980777981,2.2359610749827882e-05,7.405915686344153
cont,Rosenbrock,4,ES_1P1,15000,hard,2,30,0.09375,0.02690011969114915,0.18946446742553866,1.9856199477224061,0.5862359980777981,2.2359610749827882e-05,7.405915686344153
cont,Rosenbrock,4,FA,12000,easy,0,30,0.03125,0.0016532542666409576,0.09211405994732372,2705.1635685882193,2511.7251190849947,1321.5699679742115,6277.159942775844
cont,Rosenbrock,4,FA,12000,med,0,30,0.03125,0.0016532542666409576,0.09211405994732372,2705.1635685882193,2511.7251190849947,1321.5699679742115,6277.159942775844
cont,Rosenbrock,4,FA,12000,hard,0,30,0.03125,0.0016532542666409576,0.09211405994732372,2705.1635685882193,2511.7251190849947,1321.5699679742115,6277.159942775844
cont,Rosenbrock,4,FA,15000,easy,0,30,0.03125,0.0016532542666409576,0.09211405994732372,2365.2350405397547,2495.9425778670607,537.0615482439664,4576.9193307336745
cont,Rosenbrock,4,FA,15000,med,0,30,0.03125,0.0016532542666409576,0.09211405994732372,2365.2350405397547,2495.9425778670607,537.0615482439664,4576.9193307336745
cont,Rosenbrock,4,FA,15000,hard,0,30,0.03125,0.0016532542666409576,0.09211405994732372,2365.2350405397547,2495.9425778670607,537.0615482439664,4576.9193307336745
cont,Rosenbrock,4,GWO,12000,easy,0,30,0.03125,0.0016532542666409576,0.09211405994732372,29.414868083930887,8.152155352564758,2.3422911996397384,275.7938811328806
cont,Rosenbrock,4,GWO,12000,med,0,30,0.03125,0.0016532542666409576,0.09211405994732372,29.414868083930887,8.152155352564758,2.3422911996397384,275.7938811328806
cont,Rosenbrock,4,GWO,12000,hard,0,30,0.03125,0.0016532542666409576,0.09211405994732372,29.414868083930887,8.152155352564758,2.3422911996397384,275.7938811328806
cont,Rosenbrock,4,GWO,15000,easy,0,30,0.03125,0.0016532542666409576,0.09211405994732372,33.11274901555715,8.560645018960845,1.2600716922972621,190.6318972365122
cont,Rosenbrock,4,GWO,15000,med,0,30,0.03125,0.0016532542666409576,0.09211405994732372,33.11274901555715,8.560645018960845,1.2600716922972621,190.6318972365122
cont,Rosenbrock,4,GWO,15000,hard,0,30,0.03125,0.0016532542666409576,0.09211405994732372,33.11274901555715,8.560645018960845,1.2600716922972621,190.6318972365122
cont,Rosenbrock,4,MFO,12000,easy,0,30,0.03125,0.0016532542666409576,0.09211405994732372,476.21648641854614,351.6986371776992,25.673451699942074,1937.5730534400861
cont,Rosenbrock,4,MFO,12000,med,0,30,0.03125,0.0016532542666409576,0.09211405994732372,476.21648641854614,351.6986371776992,25.673451699942074,1937.5730534400861
cont,Rosenbrock,4,MFO,12000,hard,0,30,0.03125,0.0016532542666409576,0.09211405994732372,476.21648641854614,351.6986371776992,25.673451699942074,1937.5730534400861
cont,Rosenbrock,4,MFO,15000,easy,0,30,0.03125,0.0016532542666409576,0.09211405994732372,359.78241990662485,295.7739190062642,5.59485611882595,1651.8413600017068
cont,Rosenbrock,4,MFO,15000,med,0,30,0.03125,0.0016532542666409576,0.09211405994732372,359.78241990662485,295.7739190062642,5.59485611882595,1651.8413600017068
cont,Rosenbrock,4,MFO,15000,hard,0,30,0.03125,0.0016532542666409576,0.09211405994732372,359.78241990662485,295.7739190062642,5.59485611882595,1651.8413600017068
cont,Rosenbrock,4,PSO_GBEST,12000,easy,0,30,0.03125,0.0016532542666409576,0.09211405994732372,233.24982414917565,3.4725386514810364,0.1811278213074397,1798.1870015477841
cont,Rosenbrock,4,PSO_GBEST,12000,med,0,30,0.03125,0.0016532542666409576,0.09211405994732372,233.24982414917565,3.4725386514810364,0.1811278213074397,1798.1870015477841
cont,Rosenbrock,4,PSO_GBEST,12000,hard,0,30,0.03125,0.0016532542666409576,0.09211405994732372,233.24982414917565,3.4725386514810364,0.1811278213074397,1798.1870015477841
cont,Rosenbrock,4,PSO_GBEST,15000,easy,0,30,0.03125,0.0016532542666409576,0.09211405994732372,278.8344687521772,3.5430879531139183,0.16123684082362022,7075.163428967851
cont,Rosenbrock,4,PSO_GBEST,15000,med,0,30,0.03125,0.0016532542666409576,0.09211405994732372,278.8344687521772,3.5430879531139183,0.16123684082362022,7075.163428967851
cont,Rosenbrock,4,PSO_GBEST,15000,hard,0,30,0.03125,0.0016532542666409576,0.09211405994732372,278.8344687521772,3.5430879531139183,0.16123684082362022,7075.163428967851
cont,Rosenbrock,4,WOA,12000,easy,0,30,0.03125,0.0016532542666409576,0.09211405994732372,61.82343556541264,9.327558910684452,4.905038224787618,297.66671166449817
cont,Rosenbrock,4,WOA,12000,med,0,30,0.03125,0.0016532542666409576,0.09211405994732372,61.82343556541264,9.327558910684452,4.905038224787618,297.66671166449817
cont,Rosenbrock,4,WOA,12000,hard,0,30,0.03125,0.0016532542666409576,0.09211405994732372,61.82343556541264,9.327558910684452,4.905038224787618,297.66671166449817
cont,Rosenbrock,4,WOA,15000,easy,0,30,0.03125,0.0016532542666409576,0.09211405994732372,83.33163141669745,69.10782934855295,0.29367761256746694,322.84867898715925
cont,Rosenbrock,4,WOA,15000,med,0,30,0.03125,0.0016532542666409576,0.09211405994732372,83.33163141669745,69.10782934855295,0.29367761256746694,322.84867898715925
cont,Rosenbrock,4,WOA,15000,hard,0,30,0.03125,0.0016532542666409576,0.09211405994732372,83.33163141669745,69.10782934855295,0.29367761256746694,322.84867898715925
cont,Rosenbrock,5,ALO,12000,easy,0,30,0.03125,0.0016532542666409576,0.09211405994732372,7587.981745765558,7797.098642947016,702.3701172791073,20198.532268018804
cont,Rosenbrock,5,ALO,12000,med,0,30,0.03125,0.0016532542666409576,0.09211405994732372,7587.981745765558,7797.098642947016,702.3701172791073,20198.532268018804
cont,Rosenbrock,5,ALO,12000,hard,0,30,0.03125,0.0016532542666409576,0.09211405994732372,7587.981745765558,7797.098642947016,702.3701172791073,20198.532268018804
cont,Rosenbrock,5,ALO,15000,easy,0,30,0.03125,0.0016532542666409576,0.09211405994732372,6720.804378589685,5330.825833472562,1189.6990218791611,17684.32569904404
cont,Rosenbrock,5,ALO,15000,med,0,30,0.03125,0.0016532542666409576,0.09211405994732372,6720.804378589685,5330.825833472562,1189.6990218791611,17684.32569904404
cont,Rosenbrock,5,ALO,15000,hard,0,30,0.03125,0.0016532542666409576,0.09211405994732372,6720.804378589685,5330.825833472562,1189.6990218791611,17684.32569904404
cont,Rosenbrock,5,BA,12000,easy,0,30,0.03125,0.0016532542666409576,0.09211405994732372,2396.8226825585925,1571.4264184670487,29.845160631554695,8148.5577974767575
cont,Rosenbrock,5,BA,12000,med,0,30,0.03125,0.0016532542666409576,0.09211405994732372,2396.8226825585925,1571.4264184670487,29.845160631554695,8148.5577974767575
cont,Rosenbrock,5,BA,12000,hard,0,30,0.03125,0.0016532542666409576,0.09211405994732372,2396.8226825585925,1571.4264184670487,29.845160631554695,8148.5577974767575
cont,Rosenbrock,5,BA,15000,easy,0,30,0.03125,0.0016532542666409576,0.09211405994732372,1055.0845802618037,584.304544381502,20.648965977955633,4510.440238547667
cont,Rosenbrock,5,BA,15000,med,0,30,0.03125,0.0016532542666409576,0.09211405994732372,1055.0845802618037,584.304544381502,20.648965977955633,4510.440238547667
cont,Rosenbrock,5,BA,15000,hard,0,30,0.03125,0.0016532542666409576,0.09211405994732372,1055.0845802618037,584.304544381502,20.648965977955633,4510.440238547667
cont,Rosenbrock,5,ES_1P1,12000,easy,0,30,0.03125,0.0016532542666409576,0.09211405994732372,9.526769803226465,0.8853538471413366,0.20838809108571998,78.42535317299063
cont,Rosenbrock,5,ES_1P1,12000,med,0,30,0.03125,0.0016532542666409576,0.09211405994732372,9.526769803226465,0.8853538471413366,0.20838809108571998,78.42535317299063
cont,Rosenbrock,5,ES_1P1,12000,hard,0,30,0.03125,0.0016532542666409576,0.09211405994732372,9.526769803226465,0.8853538471413366,0.20838809108571998,78.42535317299063
cont,Rosenbrock,5,ES_1P1,15000,easy,0,30,0.03125,0.0016532542666409576,0.09211405994732372,1.9376755578700877,0.6388607937487187,0.17772550982261898,4.984823529746956
cont,Rosenbrock,5,ES_1P1,15000,med,0,30,0.03125,0.0016532542666409576,0.09211405994732372,1.9376755578700877,0.6388607937487187,0.17772550982261898,4.984823529746956
cont,Rosenbrock,5,ES_1P1,15000,hard,0,30,0.03125,0.0016532542666409576,0.09211405994732372,1.9376755578700877,0.6388607937487187,0.17772550982261898,4.984823529746956
cont,Rosenbrock,5,FA,12000,easy,0,30,0.03125,0.0016532542666409576,0.09211405994732372,2587.9304617746934,2520.923403153516,562.2538511140195,5262.406512539856
cont,Rosenbrock,5,FA,12000,med,0,30,0.03125,0.0016532542666409576,0.09211405994732372,2587.9304617746934,2520.923403153516,562.2538511140195,5262.406512539856
cont,Rosenbrock,5,FA,12000,hard,0,30,0.03125,0.0016532542666409576,0.09211405994732372,2587.9304617746934,2520.923403153516,562.2538511140195,5262.406512539856
cont,Rosenbrock,5,FA,15000,easy,0,30,0.03125,0.0016532542666409576,0.09211405994732372,2036.1228841928917,1968.756253273287,815.0327974219678,4114.615780360715
cont,Rosenbrock,5,FA,15000,med,0,30,0.03125,0.0016532542666409576,0.09211405994732372,2036.1228841928917,1968.756253273287,815.0327974219678,4114.615780360715
cont,Rosenbrock,5,FA,15000,hard,0,30,0.03125,0.0016532542666409576,0.09211405994732372,2036.1228841928917,1968.756253273287,815.0327974219678,4114.615780360715
cont,Rosenbrock,5,GWO,12000,easy,0,30,0.03125,0.0016532542666409576,0.09211405994732372,74.16693526670785,76.33981422662384,3.758433717265824,190.64853077346552
cont,Rosenbrock,5,GWO,12000,med,0,30,0.03125,0.0016532542666409576,0.09211405994732372,74.16693526670785,76.33981422662384,3.758433717265824,190.64853077346552
cont,Rosenbrock,5,GWO,12000,hard,0,30,0.03125,0.0016532542666409576,0.09211405994732372,74.16693526670785,76.33981422662384,3.758433717265824,190.64853077346552
cont,Rosenbrock,5,GWO,15000,easy,0,30,0.03125,0.0016532542666409576,0.09211405994732372,97.82520916907932,83.25296388830157,6.141099627166594,186.65589532815218
cont,Rosenbrock,5,GWO,15000,med,0,30,0.03125,0.0016532542666409576,0.09211405994732372,97.82520916907932,83.25296388830157,6.141099627166594,186.65589532815218
cont,Rosenbrock,5,GWO,15000,hard,0,30,0.03125,0.0016532542666409576,0.09211405994732372,97.82520916907932,83.25296388830157,6.141099627166594,186.65589532815218
cont,Rosenbrock,5,MFO,12000,easy,0,30,0.03125,0.0016532542666409576,0.09211405994732372,384.9047051141712,189.71956878195328,4.647171917085671,2227.4734666330323
cont,Rosenbrock,5,MFO,12000,med,0,30,0.03125,0.0016532542666409576,0.09211405994732372,384.9047051141712,189.71956878195328,4.647171917085671,2227.4734666330323
cont,Rosenbrock,5,MFO,12000,hard,0,30,0.03125,0.0016532542666409576,0.09211405994732372,384.9047051141712,189.71956878195328,4.647171917085671,2227.4734666330323
cont,Rosenbrock,5,MFO,15000,easy,0,30,0.03125,0.0016532542666409576,0.09211405994732372,485.31631799992357,195.71633422137924,3.969396456909148,5115.849991229128
cont,Rosenbrock,5,MFO,15000,med,0,30,0.03125,0.0016532542666409576,0.09211405994732372,485.31631799992357,195.71633422137924,3.969396456909148,5115.849991229128
cont,Rosenbrock,5,MFO,15000,hard,0,30,0.03125,0.0016532542666409576,0.09211405994732372,485.31631799992357,195.71633422137924,3.969396456909148,5115.849991229128
cont,Rosenbrock,5,PSO_GBEST,12000,easy,1,30,0.0625,0.011585315861443594,0.14409039131834475,295.51274240778093,3.597741251000288,0.0032271274553914465,1511.8524506842377
cont,Rosenbrock,5,PSO_GBEST,12000,med,1,30,0.0625,0.011585315861443594,0.14409039131834475,295.51274240778093,3.597741251000288,0.0032271274553914465,1511.8524506842377
cont,Rosenbrock,5,PSO_GBEST,12000,hard,0,30,0.03125,0.0016532542666409576,0.09211405994732372,295.51274240778093,3.597741251000288,0.0032271274553914465,1511.8524506842377
cont,Rosenbrock,5,PSO_GBEST,15000,easy,0,30,0.03125,0.0016532542666409576,0.09211405994732372,197.82053593656607,3.087695543980492,0.10935608723848284,1915.4855644247627
cont,Rosenbrock,5,PSO_GBEST,15000,med,0,30,0.03125,0.0016532542666409576,0.09211405994732372,197.82053593656607,3.087695543980492,0.10935608723848284,1915.4855644247627
cont,Rosenbrock,5,PSO_GBEST,15000,hard,0,30,0.03125,0.0016532542666409576,0.09211405994732372,197.82053593656607,3.087695543980492,0.10935608723848284,1915.4855644247627
cont,Rosenbrock,5,WOA,12000,easy,0,30,0.03125,0.0016532542666409576,0.09211405994732372,65.40062190061725,66.8896815492981,3.9947290260141513,207.498630738225
cont,Rosenbrock,5,WOA,12000,med,0,30,0.03125,0.0016532542666409576,0.09211405994732372,65.40062190061725,66.8896815492981,3.9947290260141513,207.498630738225
cont,Rosenbrock,5,WOA,12000,hard,0,30,0.03125,0.0016532542666409576,0.09211405994732372,65.40062190061725,66.8896815492981,3.9947290260141513,207.498630738225
cont,Rosenbrock,5,WOA,15000,easy,0,30,0.03125,0.0016532542666409576,0.09211405994732372,38.35710243496381,9.37226246207272,0.4408356204841603,139.30534045471146
cont,Rosenbrock,5,WOA,15000,med,0,30,0.03125,0.0016532542666409576,0.09211405994732372,38.35710243496381,9.37226246207272,0.4408356204841603,139.30534045471146
cont,Rosenbrock,5,WOA,15000,hard,0,30,0.03125,0.0016532542666409576,0.09211405994732372,38.35710243496381,9.37226246207272,0.4408356204841603,139.30534045471146
cont,Rosenbrock,6,ALO,12000,easy,0,30,0.03125,0.0016532542666409576,0.09211405994732372,10121.343449179538,7798.180778917314,589.5007571560441,25219.46923092031
cont,Rosenbrock,6,ALO,12000,med,0,30,0.03125,0.0016532542666409576,0.09211405994732372,10121.343449179538,7798.180778917314,589.5007571560441,25219.46923092031
cont,Rosenbrock,6,ALO,12000,hard,0,30,0.03125,0.0016532542666409576,0.09211405994732372,10121.343449179538,7798.180778917314,589.5007571560441,25219.46923092031
cont,Rosenbrock,6,ALO,15000,easy,0,30,0.03125,0.0016532542666409576,0.09211405994732372,7522.634351325168,4274.301179255001,508.6879126821136,26382.359979491615
cont,Rosenbrock,6,ALO,15000,med,0,30,0.03125,0.0016532542666409576,0.09211405994732372,7522.634351325168,4274.301179255001,508.6879126821136,26382.359979491615
cont,Rosenbrock,6,ALO,15000,hard,0,30,0.03125,0.0016532542666409576,0.09211405994732372,7522.634351325168,4274.301179255001,508.6879126821136,26382.359979491615
cont,Rosenbrock,6,BA,12000,easy,0,30,0.03125,0.0016532542666409576,0.09211405994732372,1895.546628104405,1479.2187127047648,4.632935041116892,7652.2218026058
cont,Rosenbrock,6,BA,12000,med,0,30,0.03125,0.0016532542666409576,0.09211405994732372,1895.546628104405,1479.2187127047648,4.632935041116892,7652.2218026058
cont,Rosenbrock,6,BA,12000,hard,0,30,0.03125,0.0016532542666409576,0.09211405994732372,1895.546628104405,1479.2187127047648,4.632935041116892,7652.2218026058
cont,Rosenbrock,6,BA,15000,easy,0,30,0.03125,0.0016532542666409576,0.09211405994732372,685.337382033573,390.057537910954,9.272762249819818,6244.320950759163
cont,Rosenbrock,6,BA,15000,med,0,30,0.03125,0.0016532542666409576,0.09211405994732372,685.337382033573,390.057537910954,9.272762249819818,6244.320950759163
cont,Rosenbrock,6,BA,15000,hard,0,30,0.03125,0.0016532542666409576,0.09211405994732372,685.337382033573,390.057537910954,9.272762249819818,6244.320950759163
cont,Rosenbrock,6,ES_1P1,12000,easy,0,30,0.03125,0.0016532542666409576,0.09211405994732372,1.37533480825136,0.9053154737685833,0.4503969261743359,5.089607413177909
cont,Rosenbrock,6,ES_1P1,12000,med,0,30,0.03125,0.0016532542666409576,0.09211405994732372,1.37533480825136,0.9053154737685833,0.4503969261743359,5.089607413177909
cont,Rosenbrock,6,ES_1P1,12000,hard,0,30,0.03125,0.0016532542666409576,0.09211405994732372,1.37533480825136,0.9053154737685833,0.4503969261743359,5.089607413177909
cont,Rosenbrock,6,ES_1P1,15000,easy,0,30,0.03125,0.0016532542666409576,0.09211405994732372,1.6328579479953982,0.4621244418543284,0.2252862397892606,5.108953419824272
cont,Rosenbrock,6,ES_1P1,15000,med,0,30,0.03125,0.0016532542666409576,0.09211405994732372,1.6328579479953982,0.4621244418543284,0.2252862397892606,5.108953419824272
cont,Rosenbrock,6,ES_1P1,15000,hard,0,30,0.03125,0.0016532542666409576,0.09211405994732372,1.6328579479953982,0.4621244418543284,0.2252862397892606,5.108953419824272
cont,Rosenbrock,6,FA,12000,easy,0,30,0.03125,0.0016532542666409576,0.09211405994732372,2259.7476805961855,2001.761751272537,518.5037319284432,4597.925722633893
cont,Rosenbrock,6,FA,12000,med,0,30,0.03125,0.0016532542666409576,0.09211405994732372,2259.7476805961855,2001.761751272537,518.5037319284432,4597.925722633893
cont,Rosenbrock,6,FA,12000,hard,0,30,0.03125,0.0016532542666409576,0.09211405994732372,2259.7476805961855,2001.761751272537,518.5037319284432,4597.925722633893
cont,Rosenbrock,6,FA,15000,easy,0,30,0.03125,0.0016532542666409576,0.09211405994732372,2206.9201896527734,2058.298482567634,812.9477382770851,4330.2427513409675
cont,Rosenbrock,6,FA,15000,med,0,30,0.03125,0.0016532542666409576,0.09211405994732372,2206.9201896527734,2058.298482567634,812.9477382770851,4330.2427513409675
cont,Rosenbrock,6,FA,15000,hard,0,30,0.03125,0.0016532542666409576,0.09211405994732372,2206.9201896527734,2058.298482567634,812.9477382770851,4330.2427513409675
cont,Rosenbrock,6,GWO,12000,easy,0,30,0.03125,0.0016532542666409576,0.09211405994732372,38.50730715859675,39.1674100700244,8.199652941674433,82.77827304853467
cont,Rosenbrock,6,GWO,12000,med,0,30,0.03125,0.0016532542666409576,0.09211405994732372,38.50730715859675,39.1674100700244,8.199652941674433,82.77827304853467
cont,Rosenbrock,6,GWO,12000,hard,0,30,0.03125,0.0016532542666409576,0.09211405994732372,38.50730715859675,39.1674100700244,8.199652941674433,82.77827304853467
cont,Rosenbrock,6,GWO,15000,easy,0,30,0.03125,0.0016532542666409576,0.09211405994732372,33.43179198546991,14.046325789884264,5.907983693579267,123.89335077061392
cont,Rosenbrock,6,GWO,15000,med,0,30,0.03125,0.0016532542666409576,0.09211405994732372,33.43179198546991,14.046325789884264,5.907983693579267,123.89335077061392
cont,Rosenbrock,6,GWO,15000,hard,0,30,0.03125,0.0016532542666409576,0.09211405994732372,33.43179198546991,14.046325789884264,5.907983693579267,123.89335077061392
cont,Rosenbrock,6,MFO,12000,easy,0,30,0.03125,0.0016532542666409576,0.09211405994732372,284.1926073979031,213.0412447161863,20.456337716031125,1430.041419089203
cont,Rosenbrock,6,MFO,12000,med,0,30,0.03125,0.0016532542666409576,0.09211405994732372,284.1926073979031,213.0412447161863,20.456337716031125,1430.041419089203
cont,Rosenbrock,6,MFO,12000,hard,0,30,0.03125,0.0016532542666409576,0.09211405994732372,284.1926073979031,213.0412447161863,20.456337716031125,1430.041419089203
cont,Rosenbrock,6,MFO,15000,easy,0,30,0.03125,0.0016532542666409576,0.09211405994732372,210.32751489306648,123.05355301543021,4.340955922216188,1144.3357338036858
cont,Rosenbrock,6,MFO,15000,med,0,30,0.03125,0.0016532542666409576,0.09211405994732372,210.32751489306648,123.05355301543021,4.340955922216188,1144.3357338036858
cont,Rosenbrock,6,MFO,15000,hard,0,30,0.03125,0.0016532542666409576,0.09211405994732372,210.32751489306648,123.05355301543021,4.340955922216188,1144.3357338036858
cont,Rosenbrock,6,PSO_GBEST,12000,easy,1,30,0.0625,0.011585315861443594,0.14409039131834475,32.00757240804765,3.3197250748459766,0.057177985165795225,355.3511581211415
cont,Rosenbrock,6,PSO_GBEST,12000,med,0,30,0.03125,0.0016532542666409576,0.09211405994732372,32.00757240804765,3.3197250748459766,0.057177985165795225,355.3511581211415
cont,Rosenbrock,6,PSO_GBEST,12000,hard,0,30,0.03125,0.0016532542666409576,0.09211405994732372,32.00757240804765,3.3197250748459766,0.057177985165795225,355.3511581211415
cont,Rosenbrock,6,PSO_GBEST,15000,easy,1,30,0.0625,0.011585315861443594,0.14409039131834475,18.99738780150708,2.723645638187447,0.08767000797552704,354.8090426174469
cont,Rosenbrock,6,PSO_GBEST,15000,med,0,30,0.03125,0.0016532542666409576,0.09211405994732372,18.99738780150708,2.723645638187447,0.08767000797552704,354.8090426174469
cont,Rosenbrock,6,PSO_GBEST,15000,hard,0,30,0.03125,0.0016532542666409576,0.09211405994732372,18.99738780150708,2.723645638187447,0.08767000797552704,354.8090426174469
cont,Rosenbrock,6,WOA,12000,easy,0,30,0.03125,0.0016532542666409576,0.09211405994732372,23.951081741912667,9.260103653578325,0.9731564205409887,109.03874263516414
cont,Rosenbrock,6,WOA,12000,med,0,30,0.03125,0.0016532542666409576,0.09211405994732372,23.951081741912667,9.260103653578325,0.9731564205409887,109.03874263516414
cont,Rosenbrock,6,WOA,12000,hard,0,30,0.03125,0.0016532542666409576,0.09211405994732372,23.951081741912667,9.260103653578325,0.9731564205409887,109.03874263516414
cont,Rosenbrock,6,WOA,15000,easy,0,30,0.03125,0.0016532542666409576,0.09211405994732372,13.56249281723307,8.064244115006295,0.2660401762112795,92.04937768828063
cont,Rosenbrock,6,WOA,15000,med,0,30,0.03125,0.0016532542666409576,0.09211405994732372,13.56249281723307,8.064244115006295,0.2660401762112795,92.04937768828063
cont,Rosenbrock,6,WOA,15000,hard,0,30,0.03125,0.0016532542666409576,0.09211405994732372,13.56249281723307,8.064244115006295,0.2660401762112795,92.04937768828063
cont,Rosenbrock,7,ALO,12000,easy,0,30,0.03125,0.0016532542666409576,0.09211405994732372,6673.187554887297,4421.811703626981,267.74555322186956,28918.209684146022
cont,Rosenbrock,7,ALO,12000,med,0,30,0.03125,0.0016532542666409576,0.09211405994732372,6673.187554887297,4421.811703626981,267.74555322186956,28918.209684146022
cont,Rosenbrock,7,ALO,12000,hard,0,30,0.03125,0.0016532542666409576,0.09211405994732372,6673.187554887297,4421.811703626981,267.74555322186956,28918.209684146022
cont,Rosenbrock,7,ALO,15000,easy,0,30,0.03125,0.0016532542666409576,0.09211405994732372,4616.884119997939,3736.604167548258,164.35476246923815,18531.55497489245
cont,Rosenbrock,7,ALO,15000,med,0,30,0.03125,0.0016532542666409576,0.09211405994732372,4616.884119997939,3736.604167548258,164.35476246923815,18531.55497489245
cont,Rosenbrock,7,ALO,15000,hard,0,30,0.03125,0.0016532542666409576,0.09211405994732372,4616.884119997939,3736.604167548258,164.35476246923815,18531.55497489245
cont,Rosenbrock,7,BA,12000,easy,0,30,0.03125,0.0016532542666409576,0.09211405994732372,1242.9809077941857,708.0778941839924,10.737772518373085,6463.92030844832
cont,Rosenbrock,7,BA,12000,med,0,30,0.03125,0.0016532542666409576,0.09211405994732372,1242.9809077941857,708.0778941839924,10.737772518373085,6463.92030844832
cont,Rosenbrock,7,BA,12000,hard,0,30,0.03125,0.0016532542666409576,0.09211405994732372,1242.9809077941857,708.0778941839924,10.737772518373085,6463.92030844832
cont,Rosenbrock,7,BA,15000,easy,0,30,0.03125,0.0016532542666409576,0.09211405994732372,674.5206070506449,330.14130475074364,31.750905873880193,7107.615072463902
cont,Rosenbrock,7,BA,15000,med,0,30,0.03125,0.0016532542666409576,0.09211405994732372,674.5206070506449,330.14130475074364,31.750905873880193,7107.615072463902
cont,Rosenbrock,7,BA,15000,hard,0,30,0.03125,0.0016532542666409576,0.09211405994732372,674.5206070506449,330.14130475074364,31.750905873880193,7107.615072463902
cont,Rosenbrock,7,ES_1P1,12000,easy,0,30,0.03125,0.0016532542666409576,0.09211405994732372,4.020499388983425,0.9541758043500328,0.21061365244042957,71.21246811491005
cont,Rosenbrock,7,ES_1P1,12000,med,0,30,0.03125,0.0016532542666409576,0.09211405994732372,4.020499388983425,0.9541758043500328,0.21061365244042957,71.21246811491005
cont,Rosenbrock,7,ES_1P1,12000,hard,0,30,0.03125,0.0016532542666409576,0.09211405994732372,4.020499388983425,0.9541758043500328,0.21061365244042957,71.21246811491005
cont,Rosenbrock,7,ES_1P1,15000,easy,0,30,0.03125,0.0016532542666409576,0.09211405994732372,4.656538143999554,0.5507483966689901,0.10014493741297953,102.39436674591812
cont,Rosenbrock,7,ES_1P1,15000,med,0,30,0.03125,0.0016532542666409576,0.09211405994732372,4.656538143999554,0.5507483966689901,0.10014493741297953,102.39436674591812
cont,Rosenbrock,7,ES_1P1,15000,hard,0,30,0.03125,0.0016532542666409576,0.09211405994732372,4.656538143999554,0.5507483966689901,0.10014493741297953,102.39436674591812
cont,Rosenbrock,7,FA,12000,easy,0,30,0.03125,0.0016532542666409576,0.09211405994732372,2402.0551803874428,2337.5132007013335,786.5993085841098,4367.5951302228805
cont,Rosenbrock,7,FA,12000,med,0,30,0.03125,0.0016532542666409576,0.09211405994732372,2402.0551803874428,2337.5132007013335,786.5993085841098,4367.5951302228805
cont,Rosenbrock,7,FA,12000,hard,0,30,0.03125,0.0016532542666409576,0.09211405994732372,2402.0551803874428,2337.5132007013335,786.5993085841098,4367.5951302228805
cont,Rosenbrock,7,FA,15000,easy,0,30,0.03125,0.0016532542666409576,0.09211405994732372,2342.707970476944,2135.542000125478,762.8145494854969,4799.942273272103
cont,Rosenbrock,7,FA,15000,med,0,30,0.03125,0.0016532542666409576,0.09211405994732372,2342.707970476944,2135.542000125478,762.8145494854969,4799.942273272103
cont,Rosenbrock,7,FA,15000,hard,0,30,0.03125,0.0016532542666409576,0.09211405994732372,2342.707970476944,2135.542000125478,762.8145494854969,4799.942273272103
cont,Rosenbrock,7,GWO,12000,easy,0,30,0.03125,0.0016532542666409576,0.09211405994732372,36.17807387139079,18.037767670926073,8.298977714986561,122.24354994685226
cont,Rosenbrock,7,GWO,12000,med,0,30,0.03125,0.0016532542666409576,0.09211405994732372,36.17807387139079,18.037767670926073,8.298977714986561,122.24354994685226
cont,Rosenbrock,7,GWO,12000,hard,0,30,0.03125,0.0016532542666409576,0.09211405994732372,36.17807387139079,18.037767670926073,8.298977714986561,122.24354994685226
cont,Rosenbrock,7,GWO,15000,easy,0,30,0.03125,0.0016532542666409576,0.09211405994732372,42.9674739207924,57.077980648200054,7.69756418400993,59.57486837093386
cont,Rosenbrock,7,GWO,15000,med,0,30,0.03125,0.0016532542666409576,0.09211405994732372,42.9674739207924,57.077980648200054,7.69756418400993,59.57486837093386
cont,Rosenbrock,7,GWO,15000,hard,0,30,0.03125,0.0016532542666409576,0.09211405994732372,42.9674739207924,57.077980648200054,7.69756418400993,59.57486837093386
cont,Rosenbrock,7,MFO,12000,easy,0,30,0.03125,0.0016532542666409576,0.09211405994732372,391.5499383509644,284.0891873097538,33.160549512270634,1307.9544301508038
cont,Rosenbrock,7,MFO,12000,med,0,30,0.03125,0.0016532542666409576,0.09211405994732372,391.5499383509644,284.0891873097538,33.160549512270634,1307.9544301508038
cont,Rosenbrock,7,MFO,12000,hard,0,30,0.03125,0.0016532542666409576,0.09211405994732372,391.5499383509644,284.0891873097538,33.160549512270634,1307.9544301508038
cont,Rosenbrock,7,MFO,15000,easy,0,30,0.03125,0.0016532542666409576,0.09211405994732372,330.47314265021544,196.61130917503078,9.041981554864172,1094.9425084005309
cont,Rosenbrock,7,MFO,15000,med,0,30,0.03125,0.0016532542666409576,0.09211405994732372,330.47314265021544,196.61130917503078,9.041981554864172,1094.9425084005309
cont,Rosenbrock,7,MFO,15000,hard,0,30,0.03125,0.0016532542666409576,0.09211405994732372,330.47314265021544,196.61130917503078,9.041981554864172,1094.9425084005309
cont,Rosenbrock,7,PSO_GBEST,12000,easy,2,30,0.09375,0.02690011969114915,0.18946446742553866,22.4301906304437,3.3360551995049805,0.02363657317657284,436.77675936865296
cont,Rosenbrock,7,PSO_GBEST,12000,med,0,30,0.03125,0.0016532542666409576,0.09211405994732372,22.4301906304437,3.3360551995049805,0.02363657317657284,436.77675936865296
cont,Rosenbrock,7,PSO_GBEST,12000,hard,0,30,0.03125,0.0016532542666409576,0.09211405994732372,22.4301906304437,3.3360551995049805,0.02363657317657284,436.77675936865296
cont,Rosenbrock,7,PSO_GBEST,15000,easy,0,30,0.03125,0.0016532542666409576,0.09211405994732372,71.29384504690081,2.8484099627305115,0.34904009859629037,786.4951816454272
cont,Rosenbrock,7,PSO_GBEST,15000,med,0,30,0.03125,0.0016532542666409576,0.09211405994732372,71.29384504690081,2.8484099627305115,0.34904009859629037,786.4951816454272
cont,Rosenbrock,7,PSO_GBEST,15000,hard,0,30,0.03125,0.0016532542666409576,0.09211405994732372,71.29384504690081,2.8484099627305115,0.34904009859629037,786.4951816454272
cont,Rosenbrock,7,WOA,12000,easy,0,30,0.03125,0.0016532542666409576,0.09211405994732372,53.185795725295904,10.504560544547196,0.7730311745131553,288.70016379705083
cont,Rosenbrock,7,WOA,12000,med,0,30,0.03125,0.0016532542666409576,0.09211405994732372,53.185795725295904,10.504560544547196,0.7730311745131553,288.70016379705083
cont,Rosenbrock,7,WOA,12000,hard,0,30,0.03125,0.0016532542666409576,0.09211405994732372,53.185795725295904,10.504560544547196,0.7730311745131553,288.70016379705083
cont,Rosenbrock,7,WOA,15000,easy,0,30,0.03125,0.0016532542666409576,0.09211405994732372,53.940495365753364,32.0477014221048,4.033789762956692,167.04890103417077
cont,Rosenbrock,7,WOA,15000,med,0,30,0.03125,0.0016532542666409576,0.09211405994732372,53.940495365753364,32.0477014221048,4.033789762956692,167.04890103417077
cont,Rosenbrock,7,WOA,15000,hard,0,30,0.03125,0.0016532542666409576,0.09211405994732372,53.940495365753364,32.0477014221048,4.033789762956692,167.04890103417077
cont,Rosenbrock,11,ALO,12000,easy,0,30,0.03125,0.0016532542666409576,0.09211405994732372,8211.403996133238,6818.073898777888,305.0513306382764,24660.420469573066
cont,Rosenbrock,11,ALO,12000,med,0,30,0.03125,0.0016532542666409576,0.09211405994732372,8211.403996133238,6818.073898777888,305.0513306382764,24660.420469573066
cont,Rosenbrock,11,ALO,12000,hard,0,30,0.03125,0.0016532542666409576,0.09211405994732372,8211.403996133238,6818.073898777888,305.0513306382764,24660.420469573066
cont,Rosenbrock,11,ALO,15000,easy,0,30,0.03125,0.0016532542666409576,0.09211405994732372,6615.9281188046925,5124.953978650955,1295.2766183915733,17884.710078397016
cont,Rosenbrock,11,ALO,15000,med,0,30,0.03125,0.0016532542666409576,0.09211405994732372,6615.9281188046925,5124.953978650955,1295.2766183915733,17884.710078397016
cont,Rosenbrock,11,ALO,15000,hard,0,30,0.03125,0.0016532542666409576,0.09211405994732372,6615.9281188046925,5124.953978650955,1295.2766183915733,17884.710078397016
cont,Rosenbrock,11,BA,12000,easy,0,30,0.03125,0.0016532542666409576,0.09211405994732372,1291.1012646918387,979.5340664648561,92.57099950405913,4928.406003936966
cont,Rosenbrock,11,BA,12000,med,0,30,0.03125,0.0016532542666409576,0.09211405994732372,1291.1012646918387,979.5340664648561,92.57099950405913,4928.406003936966
cont,Rosenbrock,11,BA,12000,hard,0,30,0.03125,0.0016532542666409576,0.09211405994732372,1291.1012646918387,979.5340664648561,92.57099950405913,4928.406003936966
cont,Rosenbrock,11,BA,15000,easy,0,30,0.03125,0.0016532542666409576,0.09211405994732372,1354.5266534134491,539.2035075662325,35.70122066756278,5958.464996736019
cont,Rosenbrock,11,BA,15000,med,0,30,0.03125,0.0016532542666409576,0.09211405994732372,1354.5266534134491,539.2035075662325,35.70122066756278,5958.464996736019
cont,Rosenbrock,11,BA,15000,hard,0,30,0.03125,0.0016532542666409576,0.09211405994732372,1354.5266534134491,539.2035075662325,35.70122066756278,5958.464996736019
cont,Rosenbrock,11,ES_1P1,12000,easy,0,30,0.03125,0.0016532542666409576,0.09211405994732372,1.4367762492915512,0.887319549748891,0.5260761526087729,6.038695977266016
cont,Rosenbrock,11,ES_1P1,12000,med,0,30,0.03125,0.0016532542666409576,0.09211405994732372,1.4367762492915512,0.887319549748891,0.5260761526087729,6.038695977266016
cont,Rosenbrock,11,ES_1P1,12000,hard,0,30,0.03125,0.0016532542666409576,0.09211405994732372,1.4367762492915512,0.887319549748891,0.5260761526087729,6.038695977266016
cont,Rosenbrock,11,ES_1P1,15000,easy,0,30,0.03125,0.0016532542666409576,0.09211405994732372,0.9904703200013523,0.4617225247992465,0.31661096771859454,4.408757732681282
cont,Rosenbrock,11,ES_1P1,15000,med,0,30,0.03125,0.0016532542666409576,0.09211405994732372,0.9904703200013523,0.4617225247992465,0.31661096771859454,4.408757732681282
cont,Rosenbrock,11,ES_1P1,15000,hard,0,30,0.03125,0.0016532542666409576,0.09211405994732372,0.9904703200013523,0.4617225247992465,0.31661096771859454,4.408757732681282
cont,Rosenbrock,11,FA,12000,easy,0,30,0.03125,0.0016532542666409576,0.09211405994732372,2485.3241544481016,2196.7416010592533,1089.4528511214592,4781.549837637815
cont,Rosenbrock,11,FA,12000,med,0,30,0.03125,0.0016532542666409576,0.09211405994732372,2485.3241544481016,2196.7416010592533,1089.4528511214592,4781.549837637815
cont,Rosenbrock,11,FA,12000,hard,0,30,0.03125,0.0016532542666409576,0.09211405994732372,2485.3241544481016,2196.7416010592533,1089.4528511214592,4781.549837637815
cont,Rosenbrock,11,FA,15000,easy,0,30,0.03125,0.0016532542666409576,0.09211405994732372,2350.1745018796923,2211.9759848802296,476.5757630636108,3935.30794433184
cont,Rosenbrock,11,FA,15000,med,0,30,0.03125,0.0016532542666409576,0.09211405994732372,2350.1745018796923,2211.9759848802296,476.5757630636108,3935.30794433184
cont,Rosenbrock,11,FA,15000,hard,0,30,0.03125,0.0016532542666409576,0.09211405994732372,2350.1745018796923,2211.9759848802296,476.5757630636108,3935.30794433184
cont,Rosenbrock,11,GWO,12000,easy,0,30,0.03125,0.0016532542666409576,0.09211405994732372,26.58946233300181,24.067547182783805,7.5603044286766465,143.8219589614846
cont,Rosenbrock,11,GWO,12000,med,0,30,0.03125,0.0016532542666409576,0.09211405994732372,26.58946233300181,24.067547182783805,7.5603044286766465,143.8219589614846
cont,Rosenbrock,11,GWO,12000,hard,0,30,0.03125,0.0016532542666409576,0.09211405994732372,26.58946233300181,24.067547182783805,7.5603044286766465,143.8219589614846
cont,Rosenbrock,11,GWO,15000,easy,0,30,0.03125,0.0016532542666409576,0.09211405994732372,30.378929642413404,29.41252538976294,7.451706175939322,107.72099878650901
cont,Rosenbrock,11,GWO,15000,med,0,30,0.03125,0.0016532542666409576,0.09211405994732372,30.378929642413404,29.41252538976294,7.451706175939322,107.72099878650901
cont,Rosenbrock,11,GWO,15000,hard,0,30,0.03125,0.0016532542666409576,0.09211405994732372,30.378929642413404,29.41252538976294,7.451706175939322,107.72099878650901
cont,Rosenbrock,11,MFO,12000,easy,0,30,0.03125,0.0016532542666409576,0.09211405994732372,396.7079056092256,247.05700133139285,2.4236343408203247,2246.5920874666117
cont,Rosenbrock,11,MFO,12000,med,0,30,0.03125,0.0016532542666409576,0.09211405994732372,396.7079056092256,247.05700133139285,2.4236343408203247,2246.5920874666117
cont,Rosenbrock,11,MFO,12000,hard,0,30,0.03125,0.0016532542666409576,0.09211405994732372,396.7079056092256,247.05700133139285,2.4236343408203247,2246.5920874666117
cont,Rosenbrock,11,MFO,15000,easy,0,30,0.03125,0.0016532542666409576,0.09211405994732372,221.35791762902716,134.4288413295853,2.121649178601043,1286.8447614917857
cont,Rosenbrock,11,MFO,15000,med,0,30,0.03125,0.0016532542666409576,0.09211405994732372,221.35791762902716,134.4288413295853,2.121649178601043,1286.8447614917857
cont,Rosenbrock,11,MFO,15000,hard,0,30,0.03125,0.0016532542666409576,0.09211405994732372,221.35791762902716,134.4288413295853,2.121649178601043,1286.8447614917857
cont,Rosenbrock,11,PSO_GBEST,12000,easy,0,30,0.03125,0.0016532542666409576,0.09211405994732372,9.16448630414985,3.199973715520828,0.15256287617613004,182.26976701346933
cont,Rosenbrock,11,PSO_GBEST,12000,med,0,30,0.03125,0.0016532542666409576,0.09211405994732372,9.16448630414985,3.199973715520828,0.15256287617613004,182.26976701346933
cont,Rosenbrock,11,PSO_GBEST,12000,hard,0,30,0.03125,0.0016532542666409576,0.09211405994732372,9.16448630414985,3.199973715520828,0.15256287617613004,182.26976701346933
cont,Rosenbrock,11,PSO_GBEST,15000,easy,1,30,0.0625,0.011585315861443594,0.14409039131834475,129.59422984014392,2.804057287985342,0.018114908293671957,1798.9674509416907
cont,Rosenbrock,11,PSO_GBEST,15000,med,0,30,0.03125,0.0016532542666409576,0.09211405994732372,129.59422984014392,2.804057287985342,0.018114908293671957,1798.9674509416907
cont,Rosenbrock,11,PSO_GBEST,15000,hard,0,30,0.03125,0.0016532542666409576,0.09211405994732372,129.59422984014392,2.804057287985342,0.018114908293671957,1798.9674509416907
cont,Rosenbrock,11,WOA,12000,easy,1,30,0.0625,0.011585315861443594,0.14409039131834475,9.931993021885136,7.599870946839694,0.010810947941315669,66.97498035964615
cont,Rosenbrock,11,WOA,12000,med,0,30,0.03125,0.0016532542666409576,0.09211405994732372,9.931993021885136,7.599870946839694,0.010810947941315669,66.97498035964615
cont,Rosenbrock,11,WOA,12000,hard,0,30,0.03125,0.0016532542666409576,0.09211405994732372,9.931993021885136,7.599870946839694,0.010810947941315669,66.97498035964615
cont,Rosenbrock,11,WOA,15000,easy,0,30,0.03125,0.0016532542666409576,0.09211405994732372,9.27427378348018,8.189400022271442,0.6111490232854999,22.86709495370196
cont,Rosenbrock,11,WOA,15000,med,0,30,0.03125,0.0016532542666409576,0.09211405994732372,9.27427378348018,8.189400022271442,0.6111490232854999,22.86709495370196
cont,Rosenbrock,11,WOA,15000,hard,0,30,0.03125,0.0016532542666409576,0.09211405994732372,9.27427378348018,8.189400022271442,0.6111490232854999,22.86709495370196
cont,Rosenbrock,12,ALO,12000,easy,0,30,0.03125,0.0016532542666409576,0.09211405994732372,8795.029951765777,6703.0646527312565,1187.9212188307647,31623.36857150594
cont,Rosenbrock,12,ALO,12000,med,0,30,0.03125,0.0016532542666409576,0.09211405994732372,8795.029951765777,6703.0646527312565,1187.9212188307647,31623.36857150594
cont,Rosenbrock,12,ALO,12000,hard,0,30,0.03125,0.0016532542666409576,0.09211405994732372,8795.029951765777,6703.0646527312565,1187.9212188307647,31623.36857150594
cont,Rosenbrock,12,ALO,15000,easy,0,30,0.03125,0.0016532542666409576,0.09211405994732372,8993.099384836893,7916.750303866502,898.729098945142,25077.197634914926
cont,Rosenbrock,12,ALO,15000,med,0,30,0.03125,0.0016532542666409576,0.09211405994732372,8993.099384836893,7916.750303866502,898.729098945142,25077.197634914926
cont,Rosenbrock,12,ALO,15000,hard,0,30,0.03125,0.0016532542666409576,0.09211405994732372,8993.099384836893,7916.750303866502,898.729098945142,25077.197634914926
cont,Rosenbrock,12,BA,12000,easy,0,30,0.03125,0.0016532542666409576,0.09211405994732372,6279.184125148355,4861.037635267769,229.19243112287919,18840.332239903255
cont,Rosenbrock,12,BA,12000,med,0,30,0.03125,0.0016532542666409576,0.09211405994732372,6279.184125148355,4861.037635267769,229.19243112287919,18840.332239903255
cont,Rosenbrock,12,BA,12000,hard,0,30,0.03125,0.0016532542666409576,0.09211405994732372,6279.184125148355,4861.037635267769,229.19243112287919,18840.332239903255
cont,Rosenbrock,12,BA,15000,easy,0,30,0.03125,0.0016532542666409576,0.09211405994732372,4116.90560179308,1896.80152573541,164.17017465974192,17703.726091721255
cont,Rosenbrock,12,BA,15000,med,0,30,0.03125,0.0016532542666409576,0.09211405994732372,4116.90560179308,1896.80152573541,164.17017465974192,17703.726091721255
cont,Rosenbrock,12,BA,15000,hard,0,30,0.03125,0.0016532542666409576,0.09211405994732372,4116.90560179308,1896.80152573541,164.17017465974192,17703.726091721255
cont,Rosenbrock,12,ES_1P1,12000,easy,1,30,0.0625,0.011585315861443594,0.14409039131834475,1.5073676236662525,0.7940683460255316,0.008118555500114297,5.050966089216182
cont,Rosenbrock,12,ES_1P1,12000,med,1,30,0.0625,0.011585315861443594,0.14409039131834475,1.5073676236662525,0.7940683460255316,0.008118555500114297,5.050966089216182
cont,Rosenbrock,12,ES_1P1,12000,hard,0,30,0.03125,0.0016532542666409576,0.09211405994732372,1.5073676236662525,0.7940683460255316,0.008118555500114297,5.050966089216182
cont,Rosenbrock,12,ES_1P1,15000,easy,0,30,0.03125,0.0016532542666409576,0.09211405994732372,1.4995694224261407,0.48513453745129415,0.24514150847272165,4.9434404675819845
cont,Rosenbrock,12,ES_1P1,15000,med,0,30,0.03125,0.0016532542666409576,0.09211405994732372,1.4995694224261407,0.48513453745129415,0.24514150847272165,4.9434404675819845
cont,Rosenbrock,12,ES_1P1,15000,hard,0,30,0.03125,0.0016532542666409576,0.09211405994732372,1.4995694224261407,0.48513453745129415,0.24514150847272165,4.9434404675819845
cont,Rosenbrock,12,FA,12000,easy,0,30,0.03125,0.0016532542666409576,0.09211405994732372,2310.1471085413264,2220.2311735689746,323.5317374695253,4279.447243224739
cont,Rosenbrock,12,FA,12000,med,0,30,0.03125,0.0016532542666409576,0.09211405994732372,2310.1471085413264,2220.2311735689746,323.5317374695253,4279.447243224739
cont,Rosenbrock,12,FA,12000,hard,0,30,0.03125,0.0016532542666409576,0.09211405994732372,2310.1471085413264,2220.2311735689746,323.5317374695253,4279.447243224739
cont,Rosenbrock,12,FA,15000,easy,0,30,0.03125,0.0016532542666409576,0.09211405994732372,2092.114681664029,2091.43711283586,203.59967915934854,3831.230912965373
cont,Rosenbrock,12,FA,15000,med,0,30,0.03125,0.0016532542666409576,0.09211405994732372,2092.114681664029,2091.43711283586,203.59967915934854,3831.230912965373
cont,Rosenbrock,12,FA,15000,hard,0,30,0.03125,0.0016532542666409576,0.09211405994732372,2092.114681664029,2091.43711283586,203.59967915934854,3831.230912965373
cont,Rosenbrock,12,GWO,12000,easy,0,30,0.03125,0.0016532542666409576,0.09211405994732372,37.93984439096396,8.082830717361865,1.9341373072525423,271.27975755544793
cont,Rosenbrock,12,GWO,12000,med,0,30,0.03125,0.0016532542666409576,0.09211405994732372,37.93984439096396,8.082830717361865,1.9341373072525423,271.27975755544793
cont,Rosenbrock,12,GWO,12000,hard,0,30,0.03125,0.0016532542666409576,0.09211405994732372,37.93984439096396,8.082830717361865,1.9341373072525423,271.27975755544793
cont,Rosenbrock,12,GWO,15000,easy,0,30,0.03125,0.0016532542666409576,0.09211405994732372,45.071138956669536,8.133328324330957,3.756511494123308,252.62954210966336
cont,Rosenbrock,12,GWO,15000,med,0,30,0.03125,0.0016532542666409576,0.09211405994732372,45.071138956669536,8.133328324330957,3.756511494123308,252.62954210966336
cont,Rosenbrock,12,GWO,15000,hard,0,30,0.03125,0.0016532542666409576,0.09211405994732372,45.071138956669536,8.133328324330957,3.756511494123308,252.62954210966336
cont,Rosenbrock,12,MFO,12000,easy,0,30,0.03125,0.0016532542666409576,0.09211405994732372,653.6754344096902,372.4339040097751,3.7397601016649777,2962.6466295286964
cont,Rosenbrock,12,MFO,12000,med,0,30,0.03125,0.0016532542666409576,0.09211405994732372,653.6754344096902,372.4339040097751,3.7397601016649777,2962.6466295286964
cont,Rosenbrock,12,MFO,12000,hard,0,30,0.03125,0.0016532542666409576,0.09211405994732372,653.6754344096902,372.4339040097751,3.7397601016649777,2962.6466295286964
cont,Rosenbrock,12,MFO,15000,easy,0,30,0.03125,0.0016532542666409576,0.09211405994732372,712.1595613144069,387.70907137367897,3.0757994160813267,4965.075725658208
cont,Rosenbrock,12,MFO,15000,med,0,30,0.03125,0.0016532542666409576,0.09211405994732372,712.1595613144069,387.70907137367897,3.0757994160813267,4965.075725658208
cont,Rosenbrock,12,MFO,15000,hard,0,30,0.03125,0.0016532542666409576,0.09211405994732372,712.1595613144069,387.70907137367897,3.0757994160813267,4965.075725658208
cont,Rosenbrock,12,PSO_GBEST,12000,easy,1,30,0.0625,0.011585315861443594,0.14409039131834475,266.69585247977545,4.063931794705672,0.012834854713557425,2559.8839422504507
cont,Rosenbrock,12,PSO_GBEST,12000,med,0,30,0.03125,0.0016532542666409576,0.09211405994732372,266.69585247977545,4.063931794705672,0.012834854713557425,2559.8839422504507
cont,Rosenbrock,12,PSO_GBEST,12000,hard,0,30,0.03125,0.0016532542666409576,0.09211405994732372,266.69585247977545,4.063931794705672,0.012834854713557425,2559.8839422504507
cont,Rosenbrock,12,PSO_GBEST,15000,easy,1,30,0.0625,0.011585315861443594,0.14409039131834475,284.6010351599037,2.739252377375581,0.025405226844223756,3115.2185445078185
cont,Rosenbrock,12,PSO_GBEST,15000,med,0,30,0.03125,0.0016532542666409576,0.09211405994732372,284.6010351599037,2.739252377375581,0.025405226844223756,3115.2185445078185
cont,Rosenbrock,12,PSO_GBEST,15000,hard,0,30,0.03125,0.0016532542666409576,0.09211405994732372,284.6010351599037,2.739252377375581,0.025405226844223756,3115.2185445078185
cont,Rosenbrock,12,WOA,12000,easy,0,30,0.03125,0.0016532542666409576,0.09211405994732372,10.72457427906384,7.754037398644467,0.15949168240370215,76.51546984030762
cont,Rosenbrock,12,WOA,12000,med,0,30,0.03125,0.0016532542666409576,0.09211405994732372,10.72457427906384,7.754037398644467,0.15949168240370215,76.51546984030762
cont,Rosenbrock,12,WOA,12000,hard,0,30,0.03125,0.0016532542666409576,0.09211405994732372,10.72457427906384,7.754037398644467,0.15949168240370215,76.51546984030762
cont,Rosenbrock,12,WOA,15000,easy,1,30,0.0625,0.011585315861443594,0.14409039131834475,8.66860469984841,8.35097685353136,0.02581333443348681,66.63565615640654
cont,Rosenbrock,12,WOA,15000,med,0,30,0.03125,0.0016532542666409576,0.09211405994732372,8.66860469984841,8.35097685353136,0.02581333443348681,66.63565615640654
cont,Rosenbrock,12,WOA,15000,hard,0,30,0.03125,0.0016532542666409576,0.09211405994732372,8.66860469984841,8.35097685353136,0.02581333443348681,66.63565615640654
cont,Rosenbrock,13,ALO,12000,easy,0,30,0.03125,0.0016532542666409576,0.09211405994732372,8880.6350078911,7859.559618638693,607.8599139681354,26855.80007958442
cont,Rosenbrock,13,ALO,12000,med,0,30,0.03125,0.0016532542666409576,0.09211405994732372,8880.6350078911,7859.559618638693,607.8599139681354,26855.80007958442
cont,Rosenbrock,13,ALO,12000,hard,0,30,0.03125,0.0016532542666409576,0.09211405994732372,8880.6350078911,7859.559618638693,607.8599139681354,26855.80007958442
cont,Rosenbrock,13,ALO,15000,easy,0,30,0.03125,0.0016532542666409576,0.09211405994732372,7628.049754184715,6278.967500724823,659.0815020788956,27045.83961188759
cont,Rosenbrock,13,ALO,15000,med,0,30,0.03125,0.0016532542666409576,0.09211405994732372,7628.049754184715,6278.967500724823,659.0815020788956,27045.83961188759
cont,Rosenbrock,13,ALO,15000,hard,0,30,0.03125,0.0016532542666409576,0.09211405994732372,7628.049754184715,6278.967500724823,659.0815020788956,27045.83961188759
cont,Rosenbrock,13,BA,12000,easy,0,30,0.03125,0.0016532542666409576,0.09211405994732372,2366.6208546908065,1174.4638430902125,62.73116727638672,11637.48608785298
cont,Rosenbrock,13,BA,12000,med,0,30,0.03125,0.0016532542666409576,0.09211405994732372,2366.6208546908065,1174.4638430902125,62.73116727638672,11637.48608785298
cont,Rosenbrock,13,BA,12000,hard,0,30,0.03125,0.0016532542666409576,0.09211405994732372,2366.6208546908065,1174.4638430902125,62.73116727638672,11637.48608785298
cont,Rosenbrock,13,BA,15000,easy,0,30,0.03125,0.0016532542666409576,0.09211405994732372,2042.6753474464217,1357.9772751542564,9.717551288754196,12817.482615295676
cont,Rosenbrock,13,BA,15000,med,0,30,0.03125,0.0016532542666409576,0.09211405994732372,2042.6753474464217,1357.9772751542564,9.717551288754196,12817.482615295676
cont,Rosenbrock,13,BA,15000,hard,0,30,0.03125,0.0016532542666409576,0.09211405994732372,2042.6753474464217,1357.9772751542564,9.717551288754196,12817.482615295676
cont,Rosenbrock,13,ES_1P1,12000,easy,0,30,0.03125,0.0016532542666409576,0.09211405994732372,1.848877061565316,0.8242763436553859,0.4416424088774883,7.018393774882145
cont,Rosenbrock,13,ES_1P1,12000,med,0,30,0.03125,0.0016532542666409576,0.09211405994732372,1.848877061565316,0.8242763436553859,0.4416424088774883,7.018393774882145
cont,Rosenbrock,13,ES_1P1,12000,hard,0,30,0.03125,0.0016532542666409576,0.09211405994732372,1.848877061565316,0.8242763436553859,0.4416424088774883,7.018393774882145
cont,Rosenbrock,13,ES_1P1,15000,easy,0,30,0.03125,0.0016532542666409576,0.09211405994732372,10.047099875594245,0.6001026385007493,0.17323956190708067,94.58261204286539
cont,Rosenbrock,13,ES_1P1,15000,med,0,30,0.03125,0.0016532542666409576,0.09211405994732372,10.047099875594245,0.6001026385007493,0.17323956190708067,94.58261204286539
cont,Rosenbrock,13,ES_1P1,15000,hard,0,30,0.03125,0.0016532542666409576,0.09211405994732372,10.047099875594245,0.6001026385007493,0.17323956190708067,94.58261204286539
cont,Rosenbrock,13,FA,12000,easy,0,30,0.03125,0.0016532542666409576,0.09211405994732372,2237.120961998448,2012.6818749147124,792.1617455716303,4481.5178797997105
cont,Rosenbrock,13,FA,12000,med,0,30,0.03125,0.0016532542666409576,0.09211405994732372,2237.120961998448,2012.6818749147124,792.1617455716303,4481.5178797997105
cont,Rosenbrock,13,FA,12000,hard,0,30,0.03125,0.0016532542666409576,0.09211405994732372,2237.120961998448,2012.6818749147124,792.1617455716303,4481.5178797997105
cont,Rosenbrock,13,FA,15000,easy,0,30,0.03125,0.0016532542666409576,0.09211405994732372,2157.178965128662,1942.45583443949,781.7343937125676,3816.204614634831
cont,Rosenbrock,13,FA,15000,med,0,30,0.03125,0.0016532542666409576,0.09211405994732372,2157.178965128662,1942.45583443949,781.7343937125676,3816.204614634831
cont,Rosenbrock,13,FA,15000,hard,0,30,0.03125,0.0016532542666409576,0.09211405994732372,2157.178965128662,1942.45583443949,781.7343937125676,3816.204614634831
cont,Rosenbrock,13,GWO,12000,easy,0,30,0.03125,0.0016532542666409576,0.09211405994732372,80.01246511895933,83.81746787866476,54.05948741799325,98.33389976058994
cont,Rosenbrock,13,GWO,12000,med,0,30,0.03125,0.0016532542666409576,0.09211405994732372,80.01246511895933,83.81746787866476,54.05948741799325,98.33389976058994
cont,Rosenbrock,13,GWO,12000,hard,0,30,0.03125,0.0016532542666409576,0.09211405994732372,80.01246511895933,83.81746787866476,54.05948741799325,98.33389976058994
cont,Rosenbrock,13,GWO,15000,easy,0,30,0.03125,0.0016532542666409576,0.09211405994732372,81.83492167341494,86.01430962364819,43.39536585628492,102.06359655336875
cont,Rosenbrock,13,GWO,15000,med,0,30,0.03125,0.0016532542666409576,0.09211405994732372,81.83492167341494,86.01430962364819,43.39536585628492,102.06359655336875
cont,Rosenbrock,13,GWO,15000,hard,0,30,0.03125,0.0016532542666409576,0.09211405994732372,81.83492167341494,86.01430962364819,43.39536585628492,102.06359655336875
cont,Rosenbrock,13,MFO,12000,easy,0,30,0.03125,0.0016532542666409576,0.09211405994732372,242.6714427715343,152.93797992971415,4.197825340969541,894.1707694312481
cont,Rosenbrock,13,MFO,12000,med,0,30,0.03125,0.0016532542666409576,0.09211405994732372,242.6714427715343,152.93797992971415,4.197825340969541,894.1707694312481
cont,Rosenbrock,13,MFO,12000,hard,0,30,0.03125,0.0016532542666409576,0.09211405994732372,242.6714427715343,152.93797992971415,4.197825340969541,894.1707694312481
cont,Rosenbrock,13,MFO,15000,easy,0,30,0.03125,0.0016532542666409576,0.09211405994732372,381.66242016668406,230.0355297017776,16.60350659129187,1412.84231761154
cont,Rosenbrock,13,MFO,15000,med,0,30,0.03125,0.0016532542666409576,0.09211405994732372,381.66242016668406,230.0355297017776,16.60350659129187,1412.84231761154
cont,Rosenbrock,13,MFO,15000,hard,0,30,0.03125,0.0016532542666409576,0.09211405994732372,381.66242016668406,230.0355297017776,16.60350659129187,1412.84231761154
cont,Rosenbrock,13,PSO_GBEST,12000,easy,4,30,0.15625,0.06578047054601774,0.2713711815575147,364.43130151152695,3.4995876167994258,0.00028984536175527065,4071.251722840118
cont,Rosenbrock,13,PSO_GBEST,12000,med,2,30,0.09375,0.02690011969114915,0.18946446742553866,364.43130151152695,3.4995876167994258,0.00028984536175527065,4071.251722840118
cont,Rosenbrock,13,PSO_GBEST,12000,hard,1,30,0.0625,0.011585315861443594,0.14409039131834475,364.43130151152695,3.4995876167994258,0.00028984536175527065,4071.251722840118
cont,Rosenbrock,13,PSO_GBEST,15000,easy,1,30,0.0625,0.011585315861443594,0.14409039131834475,122.59368689974154,3.196434461916607,0.026556859243858665,862.1620909024124
cont,Rosenbrock,13,PSO_GBEST,15000,med,0,30,0.03125,0.0016532542666409576,0.09211405994732372,122.59368689974154,3.196434461916607,0.026556859243858665,862.1620909024124
cont,Rosenbrock,13,PSO_GBEST,15000,hard,0,30,0.03125,0.0016532542666409576,0.09211405994732372,122.59368689974154,3.196434461916607,0.026556859243858665,862.1620909024124
cont,Rosenbrock,13,WOA,12000,easy,0,30,0.03125,0.0016532542666409576,0.09211405994732372,64.71384815729259,34.373089078680096,1.1742253020437423,253.52760580846817
cont,Rosenbrock,13,WOA,12000,med,0,30,0.03125,0.0016532542666409576,0.09211405994732372,64.71384815729259,34.373089078680096,1.1742253020437423,253.52760580846817
cont,Rosenbrock,13,WOA,12000,hard,0,30,0.03125,0.0016532542666409576,0.09211405994732372,64.71384815729259,34.373089078680096,1.1742253020437423,253.52760580846817
cont,Rosenbrock,13,WOA,15000,easy,0,30,0.03125,0.0016532542666409576,0.09211405994732372,52.196507575760144,35.937973311987044,0.15447989506334975,171.6542888159082
cont,Rosenbrock,13,WOA,15000,med,0,30,0.03125,0.0016532542666409576,0.09211405994732372,52.196507575760144,35.937973311987044,0.15447989506334975,171.6542888159082
cont,Rosenbrock,13,WOA,15000,hard,0,30,0.03125,0.0016532542666409576,0.09211405994732372,52.196507575760144,35.937973311987044,0.15447989506334975,171.6542888159082
cont,Rosenbrock,15,ALO,12000,easy,0,30,0.03125,0.0016532542666409576,0.09211405994732372,8638.232582037901,6595.80559456411,1289.883504671602,24741.64521483328
cont,Rosenbrock,15,ALO,12000,med,0,30,0.03125,0.0016532542666409576,0.09211405994732372,8638.232582037901,6595.80559456411,1289.883504671602,24741.64521483328
cont,Rosenbrock,15,ALO,12000,hard,0,30,0.03125,0.0016532542666409576,0.09211405994732372,8638.232582037901,6595.80559456411,1289.883504671602,24741.64521483328
cont,Rosenbrock,15,ALO,15000,easy,0,30,0.03125,0.0016532542666409576,0.09211405994732372,5270.107590353419,3594.8693117063553,226.16723271075261,20039.906821545832
cont,Rosenbrock,15,ALO,15000,med,0,30,0.03125,0.0016532542666409576,0.09211405994732372,5270.107590353419,3594.8693117063553,226.16723271075261,20039.906821545832
cont,Rosenbrock,15,ALO,15000,hard,0,30,0.03125,0.0016532542666409576,0.09211405994732372,5270.107590353419,3594.8693117063553,226.16723271075261,20039.906821545832
cont,Rosenbrock,15,BA,12000,easy,0,30,0.03125,0.0016532542666409576,0.09211405994732372,1471.064778768726,695.085336974596,133.9859233160773,9977.968449439395
cont,Rosenbrock,15,BA,12000,med,0,30,0.03125,0.0016532542666409576,0.09211405994732372,1471.064778768726,695.085336974596,133.9859233160773,9977.968449439395
cont,Rosenbrock,15,BA,12000,hard,0,30,0.03125,0.0016532542666409576,0.09211405994732372,1471.064778768726,695.085336974596,133.9859233160773,9977.968449439395
cont,Rosenbrock,15,BA,15000,easy,0,30,0.03125,0.0016532542666409576,0.09211405994732372,812.9848774350804,525.9823475555042,9.513655279614955,3472.5320126591632
cont,Rosenbrock,15,BA,15000,med,0,30,0.03125,0.0016532542666409576,0.09211405994732372,812.9848774350804,525.9823475555042,9.513655279614955,3472.5320126591632
cont,Rosenbrock,15,BA,15000,hard,0,30,0.03125,0.0016532542666409576,0.09211405994732372,812.9848774350804,525.9823475555042,9.513655279614955,3472.5320126591632
cont,Rosenbrock,15,ES_1P1,12000,easy,0,30,0.03125,0.0016532542666409576,0.09211405994732372,9.44433726170818,1.0359830706037056,0.39270772835676737,88.8577856084982
cont,Rosenbrock,15,ES_1P1,12000,med,0,30,0.03125,0.0016532542666409576,0.09211405994732372,9.44433726170818,1.0359830706037056,0.39270772835676737,88.8577856084982
cont,Rosenbrock,15,ES_1P1,12000,hard,0,30,0.03125,0.0016532542666409576,0.09211405994732372,9.44433726170818,1.0359830706037056,0.39270772835676737,88.8577856084982
cont,Rosenbrock,15,ES_1P1,15000,easy,0,30,0.03125,0.0016532542666409576,0.09211405994732372,13.36166784406195,0.5991898493532504,0.2734180565325323,99.45744349333822
cont,Rosenbrock,15,ES_1P1,15000,med,0,30,0.03125,0.0016532542666409576,0.09211405994732372,13.36166784406195,0.5991898493532504,0.2734180565325323,99.45744349333822
cont,Rosenbrock,15,ES_1P1,15000,hard,0,30,0.03125,0.0016532542666409576,0.09211405994732372,13.36166784406195,0.5991898493532504,0.2734180565325323,99.45744349333822
cont,Rosenbrock,15,FA,12000,easy,0,30,0.03125,0.0016532542666409576,0.09211405994732372,2562.7495514817283,2302.84150007059,960.8708153208161,5393.905829472059
cont,Rosenbrock,15,FA,12000,med,0,30,0.03125,0.0016532542666409576,0.09211405994732372,2562.7495514817283,2302.84150007059,960.8708153208161,5393.905829472059
cont,Rosenbrock,15,FA,12000,hard,0,30,0.03125,0.0016532542666409576,0.09211405994732372,2562.7495514817283,2302.84150007059,960.8708153208161,5393.905829472059
cont,Rosenbrock,15,FA,15000,easy,0,30,0.03125,0.0016532542666409576,0.09211405994732372,2192.1620583416184,2154.531051157962,517.8284169980635,4520.437188933977
cont,Rosenbrock,15,FA,15000,med,0,30,0.03125,0.0016532542666409576,0.09211405994732372,2192.1620583416184,2154.531051157962,517.8284169980635,4520.437188933977
cont,Rosenbrock,15,FA,15000,hard,0,30,0.03125,0.0016532542666409576,0.09211405994732372,2192.1620583416184,2154.531051157962,517.8284169980635,4520.437188933977
cont,Rosenbrock,15,GWO,12000,easy,0,30,0.03125,0.0016532542666409576,0.09211405994732372,47.86663693153303,22.53801163038758,7.795117343930844,289.12530249892075
cont,Rosenbrock,15,GWO,12000,med,0,30,0.03125,0.0016532542666409576,0.09211405994732372,47.86663693153303,22.53801163038758,7.795117343930844,289.12530249892075
cont,Rosenbrock,15,GWO,12000,hard,0,30,0.03125,0.0016532542666409576,0.09211405994732372,47.86663693153303,22.53801163038758,7.795117343930844,289.12530249892075
cont,Rosenbrock,15,GWO,15000,easy,0,30,0.03125,0.0016532542666409576,0.09211405994732372,73.0256182258228,36.95803079164048,12.057919854195802,334.2678895060789
cont,Rosenbrock,15,GWO,15000,med,0,30,0.03125,0.0016532542666409576,0.09211405994732372,73.0256182258228,36.95803079164048,12.057919854195802,334.2678895060789
cont,Rosenbrock,15,GWO,15000,hard,0,30,0.03125,0.0016532542666409576,0.09211405994732372,73.0256182258228,36.95803079164048,12.057919854195802,334.2678895060789
cont,Rosenbrock,15,MFO,12000,easy,0,30,0.03125,0.0016532542666409576,0.09211405994732372,404.45993593238114,313.9798116457226,12.49846255774738,1538.641751649754
cont,Rosenbrock,15,MFO,12000,med,0,30,0.03125,0.0016532542666409576,0.09211405994732372,404.45993593238114,313.9798116457226,12.49846255774738,1538.641751649754
cont,Rosenbrock,15,MFO,12000,hard,0,30,0.03125,0.0016532542666409576,0.09211405994732372,404.45993593238114,313.9798116457226,12.49846255774738,1538.641751649754
cont,Rosenbrock,15,MFO,15000,easy,0,30,0.03125,0.0016532542666409576,0.09211405994732372,305.7551340626126,235.10164796995534,10.987080287018781,1098.3988211975498
cont,Rosenbrock,15,MFO,15000,med,0,30,0.03125,0.0016532542666409576,0.09211405994732372,305.7551340626126,235.10164796995534,10.987080287018781,1098.3988211975498
cont,Rosenbrock,15,MFO,15000,hard,0,30,0.03125,0.0016532542666409576,0.09211405994732372,305.7551340626126,235.10164796995534,10.987080287018781,1098.3988211975498
cont,Rosenbrock,15,PSO_GBEST,12000,easy,0,30,0.03125,0.0016532542666409576,0.09211405994732372,22.08862168589749,3.0963990519787448,0.22771723241929304,425.3137892930035
cont,Rosenbrock,15,PSO_GBEST,12000,med,0,30,0.03125,0.0016532542666409576,0.09211405994732372,22.08862168589749,3.0963990519787448,0.22771723241929304,425.3137892930035
cont,Rosenbrock,15,PSO_GBEST,12000,hard,0,30,0.03125,0.0016532542666409576,0.09211405994732372,22.08862168589749,3.0963990519787448,0.22771723241929304,425.3137892930035
cont,Rosenbrock,15,PSO_GBEST,15000,easy,1,30,0.0625,0.011585315861443594,0.14409039131834475,19.286736165517986,2.5232738514198525,0.01227416202531411,431.15747282857666
cont,Rosenbrock,15,PSO_GBEST,15000,med,0,30,0.03125,0.0016532542666409576,0.09211405994732372,19.286736165517986,2.5232738514198525,0.01227416202531411,431.15747282857666
cont,Rosenbrock,15,PSO_GBEST,15000,hard,0,30,0.03125,0.0016532542666409576,0.09211405994732372,19.286736165517986,2.5232738514198525,0.01227416202531411,431.15747282857666
cont,Rosenbrock,15,WOA,12000,easy,0,30,0.03125,0.0016532542666409576,0.09211405994732372,64.09057860599798,45.46749855730188,4.229643490459209,284.61775162702514
cont,Rosenbrock,15,WOA,12000,med,0,30,0.03125,0.0016532542666409576,0.09211405994732372,64.09057860599798,45.46749855730188,4.229643490459209,284.61775162702514
cont,Rosenbrock,15,WOA,12000,hard,0,30,0.03125,0.0016532542666409576,0.09211405994732372,64.09057860599798,45.46749855730188,4.229643490459209,284.61775162702514
cont,Rosenbrock,15,WOA,15000,easy,0,30,0.03125,0.0016532542666409576,0.09211405994732372,30.766664367722363,8.857001078015516,0.3890628054851354,183.02484994767408
cont,Rosenbrock,15,WOA,15000,med,0,30,0.03125,0.0016532542666409576,0.09211405994732372,30.766664367722363,8.857001078015516,0.3890628054851354,183.02484994767408
cont,Rosenbrock,15,WOA,15000,hard,0,30,0.03125,0.0016532542666409576,0.09211405994732372,30.766664367722363,8.857001078015516,0.3890628054851354,183.02484994767408
cont,Rosenbrock,16,ALO,12000,easy,0,30,0.03125,0.0016532542666409576,0.09211405994732372,7491.500276249895,7114.942733304271,500.68542668153566,19484.0684916855
cont,Rosenbrock,16,ALO,12000,med,0,30,0.03125,0.0016532542666409576,0.09211405994732372,7491.500276249895,7114.942733304271,500.68542668153566,19484.0684916855
cont,Rosenbrock,16,ALO,12000,hard,0,30,0.03125,0.0016532542666409576,0.09211405994732372,7491.500276249895,7114.942733304271,500.68542668153566,19484.0684916855
cont,Rosenbrock,16,ALO,15000,easy,0,30,0.03125,0.0016532542666409576,0.09211405994732372,4861.646917099166,4007.355027973494,900.0396516769589,12868.80381807369
cont,Rosenbrock,16,ALO,15000,med,0,30,0.03125,0.0016532542666409576,0.09211405994732372,4861.646917099166,4007.355027973494,900.0396516769589,12868.80381807369
cont,Rosenbrock,16,ALO,15000,hard,0,30,0.03125,0.0016532542666409576,0.09211405994732372,4861.646917099166,4007.355027973494,900.0396516769589,12868.80381807369
cont,Rosenbrock,16,BA,12000,easy,0,30,0.03125,0.0016532542666409576,0.09211405994732372,1603.1291738577302,997.821974838691,77.26784668664467,11030.284240888193
cont,Rosenbrock,16,BA,12000,med,0,30,0.03125,0.0016532542666409576,0.09211405994732372,1603.1291738577302,997.821974838691,77.26784668664467,11030.284240888193
cont,Rosenbrock,16,BA,12000,hard,0,30,0.03125,0.0016532542666409576,0.09211405994732372,1603.1291738577302,997.821974838691,77.26784668664467,11030.284240888193
cont,Rosenbrock,16,BA,15000,easy,0,30,0.03125,0.0016532542666409576,0.09211405994732372,575.8507897074153,411.70597420336463,3.988707295562497,2054.8066045094647
cont,Rosenbrock,16,BA,15000,med,0,30,0.03125,0.0016532542666409576,0.09211405994732372,575.8507897074153,411.70597420336463,3.988707295562497,2054.8066045094647
cont,Rosenbrock,16,BA,15000,hard,0,30,0.03125,0.0016532542666409576,0.09211405994732372,575.8507897074153,411.70597420336463,3.988707295562497,2054.8066045094647
cont,Rosenbrock,16,ES_1P1,12000,easy,2,30,0.09375,0.02690011969114915,0.18946446742553866,15.345487752648976,0.9517046190889192,0.029709056060583616,100.87500990659964
cont,Rosenbrock,16,ES_1P1,12000,med,0,30,0.03125,0.0016532542666409576,0.09211405994732372,15.345487752648976,0.9517046190889192,0.029709056060583616,100.87500990659964
cont,Rosenbrock,16,ES_1P1,12000,hard,0,30,0.03125,0.0016532542666409576,0.09211405994732372,15.345487752648976,0.9517046190889192,0.029709056060583616,100.87500990659964
cont,Rosenbrock,16,ES_1P1,15000,easy,0,30,0.03125,0.0016532542666409576,0.09211405994732372,4.3463778989962725,0.48270443497675586,0.21286663453875798,78.9590610756182
cont,Rosenbrock,16,ES_1P1,15000,med,0,30,0.03125,0.0016532542666409576,0.09211405994732372,4.3463778989962725,0.48270443497675586,0.21286663453875798,78.9590610756182
cont,Rosenbrock,16,ES_1P1,15000,hard,0,30,0.03125,0.0016532542666409576,0.09211405994732372,4.3463778989962725,0.48270443497675586,0.21286663453875798,78.9590610756182
cont,Rosenbrock,16,FA,12000,easy,0,30,0.03125,0.0016532542666409576,0.09211405994732372,2442.4364302264808,2546.2533450628944,453.16078983244734,6107.2269959670675
cont,Rosenbrock,16,FA,12000,med,0,30,0.03125,0.0016532542666409576,0.09211405994732372,2442.4364302264808,2546.2533450628944,453.16078983244734,6107.2269959670675
cont,Rosenbrock,16,FA,12000,hard,0,30,0.03125,0.0016532542666409576,0.09211405994732372,2442.4364302264808,2546.2533450628944,453.16078983244734,6107.2269959670675
cont,Rosenbrock,16,FA,15000,easy,0,30,0.03125,0.0016532542666409576,0.09211405994732372,2695.136271740023,2641.820411707492,786.3292954382947,4671.3466860998205
cont,Rosenbrock,16,FA,15000,med,0,30,0.03125,0.0016532542666409576,0.09211405994732372,2695.136271740023,2641.820411707492,786.3292954382947,4671.3466860998205
cont,Rosenbrock,16,FA,15000,hard,0,30,0.03125,0.0016532542666409576,0.09211405994732372,2695.136271740023,2641.820411707492,786.3292954382947,4671.3466860998205
cont,Rosenbrock,16,GWO,12000,easy,2,30,0.09375,0.02690011969114915,0.18946446742553866,52.84099454210312,70.62555408498878,0.06597611491780292,136.78097689884137
cont,Rosenbrock,16,GWO,12000,med,0,30,0.03125,0.0016532542666409576,0.09211405994732372,52.84099454210312,70.62555408498878,0.06597611491780292,136.78097689884137
cont,Rosenbrock,16,GWO,12000,hard,0,30,0.03125,0.0016532542666409576,0.09211405994732372,52.84099454210312,70.62555408498878,0.06597611491780292,136.78097689884137
cont,Rosenbrock,16,GWO,15000,easy,1,30,0.0625,0.011585315861443594,0.14409039131834475,34.04404674769831,7.940717041862848,0.025043715356983444,129.21368843768568
cont,Rosenbrock,16,GWO,15000,med,0,30,0.03125,0.0016532542666409576,0.09211405994732372,34.04404674769831,7.940717041862848,0.025043715356983444,129.21368843768568
cont,Rosenbrock,16,GWO,15000,hard,0,30,0.03125,0.0016532542666409576,0.09211405994732372,34.04404674769831,7.940717041862848,0.025043715356983444,129.21368843768568
cont,Rosenbrock,16,MFO,12000,easy,0,30,0.03125,0.0016532542666409576,0.09211405994732372,620.1085281214392,306.36999770744535,74.11383469538995,4405.879312035822
cont,Rosenbrock,16,MFO,12000,med,0,30,0.03125,0.0016532542666409576,0.09211405994732372,620.1085281214392,306.36999770744535,74.11383469538995,4405.879312035822
cont,Rosenbrock,16,MFO,12000,hard,0,30,0.03125,0.0016532542666409576,0.09211405994732372,620.1085281214392,306.36999770744535,74.11383469538995,4405.879312035822
cont,Rosenbrock,16,MFO,15000,easy,0,30,0.03125,0.0016532542666409576,0.09211405994732372,236.00109693745773,141.236295302543,24.28065439660786,1246.6515653159338
cont,Rosenbrock,16,MFO,15000,med,0,30,0.03125,0.0016532542666409576,0.09211405994732372,236.00109693745773,141.236295302543,24.28065439660786,1246.6515653159338
cont,Rosenbrock,16,MFO,15000,hard,0,30,0.03125,0.0016532542666409576,0.09211405994732372,236.00109693745773,141.236295302543,24.28065439660786,1246.6515653159338
cont,Rosenbrock,16,PSO_GBEST,12000,easy,1,30,0.0625,0.011585315861443594,0.14409039131834475,32.81633284309398,3.2455774911023654,0.0012034872938903223,753.1721099927539
cont,Rosenbrock,16,PSO_GBEST,12000,med,1,30,0.0625,0.011585315861443594,0.14409039131834475,32.81633284309398,3.2455774911023654,0.0012034872938903223,753.1721099927539
cont,Rosenbrock,16,PSO_GBEST,12000,hard,0,30,0.03125,0.0016532542666409576,0.09211405994732372,32.81633284309398,3.2455774911023654,0.0012034872938903223,753.1721099927539
cont,Rosenbrock,16,PSO_GBEST,15000,easy,1,30,0.0625,0.011585315861443594,0.14409039131834475,156.1762083626651,2.9540642062097366,0.05594538279497307,2799.0716984575615
cont,Rosenbrock,16,PSO_GBEST,15000,med,0,30,0.03125,0.0016532542666409576,0.09211405994732372,156.1762083626651,2.9540642062097366,0.05594538279497307,2799.0716984575615
cont,Rosenbrock,16,PSO_GBEST,15000,hard,0,30,0.03125,0.0016532542666409576,0.09211405994732372,156.1762083626651,2.9540642062097366,0.05594538279497307,2799.0716984575615
cont,Rosenbrock,16,WOA,12000,easy,0,30,0.03125,0.0016532542666409576,0.09211405994732372,17.88274543136907,7.973235984526243,1.5893797191284302,98.49598783952418
cont,Rosenbrock,16,WOA,12000,med,0,30,0.03125,0.0016532542666409576,0.09211405994732372,17.88274543136907,7.973235984526243,1.5893797191284302,98.49598783952418
cont,Rosenbrock,16,WOA,12000,hard,0,30,0.03125,0.0016532542666409576,0.09211405994732372,17.88274543136907,7.973235984526243,1.5893797191284302,98.49598783952418
cont,Rosenbrock,16,WOA,15000,easy,0,30,0.03125,0.0016532542666409576,0.09211405994732372,56.439840207405716,36.67991202192274,1.419108648347387,246.50554020600367
cont,Rosenbrock,16,WOA,15000,med,0,30,0.03125,0.0016532542666409576,0.09211405994732372,56.439840207405716,36.67991202192274,1.419108648347387,246.50554020600367
cont,Rosenbrock,16,WOA,15000,hard,0,30,0.03125,0.0016532542666409576,0.09211405994732372,56.439840207405716,36.67991202192274,1.419108648347387,246.50554020600367
cont,Rosenbrock,17,ALO,12000,easy,0,30,0.03125,0.0016532542666409576,0.09211405994732372,10399.515771721932,8193.650117826968,350.1074333637856,22763.544135487708
cont,Rosenbrock,17,ALO,12000,med,0,30,0.03125,0.0016532542666409576,0.09211405994732372,10399.515771721932,8193.650117826968,350.1074333637856,22763.544135487708
cont,Rosenbrock,17,ALO,12000,hard,0,30,0.03125,0.0016532542666409576,0.09211405994732372,10399.515771721932,8193.650117826968,350.1074333637856,22763.544135487708
cont,Rosenbrock,17,ALO,15000,easy,0,30,0.03125,0.0016532542666409576,0.09211405994732372,8449.49704703535,6544.980017911181,1165.8372688163502,21990.247923510564
cont,Rosenbrock,17,ALO,15000,med,0,30,0.03125,0.0016532542666409576,0.09211405994732372,8449.49704703535,6544.980017911181,1165.8372688163502,21990.247923510564
cont,Rosenbrock,17,ALO,15000,hard,0,30,0.03125,0.0016532542666409576,0.09211405994732372,8449.49704703535,6544.980017911181,1165.8372688163502,21990.247923510564
cont,Rosenbrock,17,BA,12000,easy,0,30,0.03125,0.0016532542666409576,0.09211405994732372,2835.3862118716165,2154.5541457219038,85.45332725425793,10183.493197178417
cont,Rosenbrock,17,BA,12000,med,0,30,0.03125,0.0016532542666409576,0.09211405994732372,2835.3862118716165,2154.5541457219038,85.45332725425793,10183.493197178417
cont,Rosenbrock,17,BA,12000,hard,0,30,0.03125,0.0016532542666409576,0.09211405994732372,2835.3862118716165,2154.5541457219038,85.45332725425793,10183.493197178417
cont,Rosenbrock,17,BA,15000,easy,0,30,0.03125,0.0016532542666409576,0.09211405994732372,1712.6312852920444,1073.3237528032519,47.77629677553681,7325.4646377707595
cont,Rosenbrock,17,BA,15000,med,0,30,0.03125,0.0016532542666409576,0.09211405994732372,1712.6312852920444,1073.3237528032519,47.77629677553681,7325.4646377707595
cont,Rosenbrock,17,BA,15000,hard,0,30,0.03125,0.0016532542666409576,0.09211405994732372,1712.6312852920444,1073.3237528032519,47.77629677553681,7325.4646377707595
cont,Rosenbrock,17,ES_1P1,12000,easy,0,30,0.03125,0.0016532542666409576,0.09211405994732372,3.856880228422876,0.9009168350685354,0.30270887195308804,67.49841372098854
cont,Rosenbrock,17,ES_1P1,12000,med,0,30,0.03125,0.0016532542666409576,0.09211405994732372,3.856880228422876,0.9009168350685354,0.30270887195308804,67.49841372098854
cont,Rosenbrock,17,ES_1P1,12000,hard,0,30,0.03125,0.0016532542666409576,0.09211405994732372,3.856880228422876,0.9009168350685354,0.30270887195308804,67.49841372098854
cont,Rosenbrock,17,ES_1P1,15000,easy,1,30,0.0625,0.011585315861443594,0.14409039131834475,1.517683018288163,0.44100385378013995,0.03700038960856333,5.24012526041165
cont,Rosenbrock,17,ES_1P1,15000,med,0,30,0.03125,0.0016532542666409576,0.09211405994732372,1.517683018288163,0.44100385378013995,0.03700038960856333,5.24012526041165
cont,Rosenbrock,17,ES_1P1,15000,hard,0,30,0.03125,0.0016532542666409576,0.09211405994732372,1.517683018288163,0.44100385378013995,0.03700038960856333,5.24012526041165
cont,Rosenbrock,17,FA,12000,easy,0,30,0.03125,0.0016532542666409576,0.09211405994732372,2717.177082298211,2637.4214557606165,871.7658377439489,4178.662061753434
cont,Rosenbrock,17,FA,12000,med,0,30,0.03125,0.0016532542666409576,0.09211405994732372,2717.177082298211,2637.4214557606165,871.7658377439489,4178.662061753434
cont,Rosenbrock,17,FA,12000,hard,0,30,0.03125,0.0016532542666409576,0.09211405994732372,2717.177082298211,2637.4214557606165,871.7658377439489,4178.662061753434
cont,Rosenbrock,17,FA,15000,easy,0,30,0.03125,0.0016532542666409576,0.09211405994732372,2411.278700189561,2287.3016050085294,656.5141515242055,4503.367376840275
cont,Rosenbrock,17,FA,15000,med,0,30,0.03125,0.0016532542666409576,0.09211405994732372,2411.278700189561,2287.3016050085294,656.5141515242055,4503.367376840275
cont,Rosenbrock,17,FA,15000,hard,0,30,0.03125,0.0016532542666409576,0.09211405994732372,2411.278700189561,2287.3016050085294,656.5141515242055,4503.367376840275
cont,Rosenbrock,17,GWO,12000,easy,0,30,0.03125,0.0016532542666409576,0.09211405994732372,33.40109640271882,31.157629572125842,7.601333917510671,120.15260154181087
cont,Rosenbrock,17,GWO,12000,med,0,30,0.03125,0.0016532542666409576,0.09211405994732372,33.40109640271882,31.157629572125842,7.601333917510671,120.15260154181087
cont,Rosenbrock,17,GWO,12000,hard,0,30,0.03125,0.0016532542666409576,0.09211405994732372,33.40109640271882,31.157629572125842,7.601333917510671,120.15260154181087
cont,Rosenbrock,17,GWO,15000,easy,0,30,0.03125,0.0016532542666409576,0.09211405994732372,35.25295495633796,31.446734808639334,21.136772924253716,121.35832129054475
cont,Rosenbrock,17,GWO,15000,med,0,30,0.03125,0.0016532542666409576,0.09211405994732372,35.25295495633796,31.446734808639334,21.136772924253716,121.35832129054475
cont,Rosenbrock,17,GWO,15000,hard,0,30,0.03125,0.0016532542666409576,0.09211405994732372,35.25295495633796,31.446734808639334,21.136772924253716,121.35832129054475
cont,Rosenbrock,17,MFO,12000,easy,0,30,0.03125,0.0016532542666409576,0.09211405994732372,558.5318634806044,247.20419745049563,8.036241379022746,2343.877519504444
cont,Rosenbrock,17,MFO,12000,med,0,30,0.03125,0.0016532542666409576,0.09211405994732372,558.5318634806044,247.20419745049563,8.036241379022746,2343.877519504444
cont,Rosenbrock,17,MFO,12000,hard,0,30,0.03125,0.0016532542666409576,0.09211405994732372,558.5318634806044,247.20419745049563,8.036241379022746,2343.877519504444
cont,Rosenbrock,17,MFO,15000,easy,0,30,0.03125,0.0016532542666409576,0.09211405994732372,635.8429484385402,348.9838148702563,31.300067014576467,3730.2242802096616
cont,Rosenbrock,17,MFO,15000,med,0,30,0.03125,0.0016532542666409576,0.09211405994732372,635.8429484385402,348.9838148702563,31.300067014576467,3730.2242802096616
cont,Rosenbrock,17,MFO,15000,hard,0,30,0.03125,0.0016532542666409576,0.09211405994732372,635.8429484385402,348.9838148702563,31.300067014576467,3730.2242802096616
cont,Rosenbrock,17,PSO_GBEST,12000,easy,0,30,0.03125,0.0016532542666409576,0.09211405994732372,225.33228094639287,3.6462051177016503,0.631735054363408,4990.302573184476
cont,Rosenbrock,17,PSO_GBEST,12000,med,0,30,0.03125,0.0016532542666409576,0.09211405994732372,225.33228094639287,3.6462051177016503,0.631735054363408,4990.302573184476
cont,Rosenbrock,17,PSO_GBEST,12000,hard,0,30,0.03125,0.0016532542666409576,0.09211405994732372,225.33228094639287,3.6462051177016503,0.631735054363408,4990.302573184476
cont,Rosenbrock,17,PSO_GBEST,15000,easy,0,30,0.03125,0.0016532542666409576,0.09211405994732372,107.2811831135578,2.443813821724353,0.6317350543634056,1670.4664569531737
cont,Rosenbrock,17,PSO_GBEST,15000,med,0,30,0.03125,0.0016532542666409576,0.09211405994732372,107.2811831135578,2.443813821724353,0.6317350543634056,1670.4664569531737
cont,Rosenbrock,17,PSO_GBEST,15000,hard,0,30,0.03125,0.0016532542666409576,0.09211405994732372,107.2811831135578,2.443813821724353,0.6317350543634056,1670.4664569531737
cont,Rosenbrock,17,WOA,12000,easy,1,30,0.0625,0.011585315861443594,0.14409039131834475,17.830039680638556,7.800464396381779,0.009466079374800467,74.09195637579477
cont,Rosenbrock,17,WOA,12000,med,1,30,0.0625,0.011585315861443594,0.14409039131834475,17.830039680638556,7.800464396381779,0.009466079374800467,74.09195637579477
cont,Rosenbrock,17,WOA,12000,hard,0,30,0.03125,0.0016532542666409576,0.09211405994732372,17.830039680638556,7.800464396381779,0.009466079374800467,74.09195637579477
cont,Rosenbrock,17,WOA,15000,easy,1,30,0.0625,0.011585315861443594,0.14409039131834475,12.638633931376896,7.494308694606532,0.09346613898759618,75.34719550708277
cont,Rosenbrock,17,WOA,15000,med,0,30,0.03125,0.0016532542666409576,0.09211405994732372,12.638633931376896,7.494308694606532,0.09346613898759618,75.34719550708277
cont,Rosenbrock,17,WOA,15000,hard,0,30,0.03125,0.0016532542666409576,0.09211405994732372,12.638633931376896,7.494308694606532,0.09346613898759618,75.34719550708277
cont,Sphere,0,ALO,12000,easy,0,30,0.03125,0.0016532542666409576,0.09211405994732372,19.859423803842972,19.350902094294373,4.010904061963561,47.313775053712334
cont,Sphere,0,ALO,12000,med,0,30,0.03125,0.0016532542666409576,0.09211405994732372,19.859423803842972,19.350902094294373,4.010904061963561,47.313775053712334
cont,Sphere,0,ALO,12000,hard,0,30,0.03125,0.0016532542666409576,0.09211405994732372,19.859423803842972,19.350902094294373,4.010904061963561,47.313775053712334
cont,Sphere,0,ALO,15000,easy,0,30,0.03125,0.0016532542666409576,0.09211405994732372,21.741749908286447,21.385866225889274,6.551382223919527,41.51027489810973
cont,Sphere,0,ALO,15000,med,0,30,0.03125,0.0016532542666409576,0.09211405994732372,21.741749908286447,21.385866225889274,6.551382223919527,41.51027489810973
cont,Sphere,0,ALO,15000,hard,0,30,0.03125,0.0016532542666409576,0.09211405994732372,21.741749908286447,21.385866225889274,6.551382223919527,41.51027489810973
cont,Sphere,0,BA,12000,easy,0,30,0.03125,0.0016532542666409576,0.09211405994732372,9.059382906604926,8.462342418553497,0.9863838583547839,27.517981419666736
cont,Sphere,0,BA,12000,med,0,30,0.03125,0.0016532542666409576,0.09211405994732372,9.059382906604926,8.462342418553497,0.9863838583547839,27.517981419666736
cont,Sphere,0,BA,12000,hard,0,30,0.03125,0.0016532542666409576,0.09211405994732372,9.059382906604926,8.462342418553497,0.9863838583547839,27.517981419666736
cont,Sphere,0,BA,15000,easy,0,30,0.03125,0.0016532542666409576,0.09211405994732372,7.491033587879505,7.085174451847433,0.4154647564154583,17.890065140758182
cont,Sphere,0,BA,15000,med,0,30,0.03125,0.0016532542666409576,0.09211405994732372,7.491033587879505,7.085174451847433,0.4154647564154583,17.890065140758182
cont,Sphere,0,BA,15000,hard,0,30,0.03125,0.0016532542666409576,0.09211405994732372,7.491033587879505,7.085174451847433,0.4154647564154583,17.890065140758182
cont,Sphere,0,ES_1P1,12000,easy,30,30,0.96875,0.9078859400526763,0.998346745733359,9.82265048658868e-25,9.048755847380033e-25,5.483466630610605e-25,1.5640141843298903e-24
cont,Sphere,0,ES_1P1,12000,med,30,30,0.96875,0.9078859400526763,0.998346745733359,9.82265048658868e-25,9.048755847380033e-25,5.483466630610605e-25,1.5640141843298903e-24
cont,Sphere,0,ES_1P1,12000,hard,30,30,0.96875,0.9078859400526763,0.998346745733359,9.82265048658868e-25,9.048755847380033e-25,5.483466630610605e-25,1.5640141843298903e-24
cont,Sphere,0,ES_1P1,15000,easy,30,30,0.96875,0.9078859400526763,0.998346745733359,9.243258238553338e-25,9.490741285140151e-25,5.023493423170778e-25,1.4982583538559863e-24
cont,Sphere,0,ES_1P1,15000,med,30,30,0.96875,0.9078859400526763,0.998346745733359,9.243258238553338e-25,9.490741285140151e-25,5.023493423170778e-25,1.4982583538559863e-24
cont,Sphere,0,ES_1P1,15000,hard,30,30,0.96875,0.9078859400526763,0.998346745733359,9.243258238553338e-25,9.490741285140151e-25,5.023493423170778e-25,1.4982583538559863e-24
cont,Sphere,0,FA,12000,easy,0,30,0.03125,0.0016532542666409576,0.09211405994732372,10.461232764704015,10.559463713316603,5.768188379522451,16.006250428360357
cont,Sphere,0,FA,12000,med,0,30,0.03125,0.0016532542666409576,0.09211405994732372,10.461232764704015,10.559463713316603,5.768188379522451,16.006250428360357
cont,Sphere,0,FA,12000,hard,0,30,0.03125,0.0016532542666409576,0.09211405994732372,10.461232764704015,10.559463713316603,5.768188379522451,16.006250428360357
cont,Sphere,0,FA,15000,easy,0,30,0.03125,0.0016532542666409576,0.09211405994732372,10.474929664305785,10.88199917185785,5.125018366509852,15.75902151304867
cont,Sphere,0,FA,15000,med,0,30,0.03125,0.0016532542666409576,0.09211405994732372,10.474929664305785,10.88199917185785,5.125018366509852,15.75902151304867
cont,Sphere,0,FA,15000,hard,0,30,0.03125,0.0016532542666409576,0.09211405994732372,10.474929664305785,10.88199917185785,5.125018366509852,15.75902151304867
cont,Sphere,0,GWO,12000,easy,0,30,0.03125,0.0016532542666409576,0.09211405994732372,0.3935729997365104,0.28420377399517494,0.12652827039842027,0.8152280349448545
cont,Sphere,0,GWO,12000,med,0,30,0.03125,0.0016532542666409576,0.09211405994732372,0.3935729997365104,0.28420377399517494,0.12652827039842027,0.8152280349448545
cont,Sphere,0,GWO,12000,hard,0,30,0.03125,0.0016532542666409576,0.09211405994732372,0.3935729997365104,0.28420377399517494,0.12652827039842027,0.8152280349448545
cont,Sphere,0,GWO,15000,easy,0,30,0.03125,0.0016532542666409576,0.09211405994732372,0.48047512625848776,0.2912775938969321,0.10413988964296224,0.8124108644367286
cont,Sphere,0,GWO,15000,med,0,30,0.03125,0.0016532542666409576,0.09211405994732372,0.48047512625848776,0.2912775938969321,0.10413988964296224,0.8124108644367286
cont,Sphere,0,GWO,15000,hard,0,30,0.03125,0.0016532542666409576,0.09211405994732372,0.48047512625848776,0.2912775938969321,0.10413988964296224,0.8124108644367286
cont,Sphere,0,MFO,12000,easy,0,30,0.03125,0.0016532542666409576,0.09211405994732372,2.492515705753975,1.6253688878038735,0.2301260571627244,10.791104712244955
cont,Sphere,0,MFO,12000,med,0,30,0.03125,0.0016532542666409576,0.09211405994732372,2.492515705753975,1.6253688878038735,0.2301260571627244,10.791104712244955
cont,Sphere,0,MFO,12000,hard,0,30,0.03125,0.0016532542666409576,0.09211405994732372,2.492515705753975,1.6253688878038735,0.2301260571627244,10.791104712244955
cont,Sphere,0,MFO,15000,easy,0,30,0.03125,0.0016532542666409576,0.09211405994732372,2.166147528838216,1.6169967430080867,0.11724370478861276,10.095053864523114
cont,Sphere,0,MFO,15000,med,0,30,0.03125,0.0016532542666409576,0.09211405994732372,2.166147528838216,1.6169967430080867,0.11724370478861276,10.095053864523114
cont,Sphere,0,MFO,15000,hard,0,30,0.03125,0.0016532542666409576,0.09211405994732372,2.166147528838216,1.6169967430080867,0.11724370478861276,10.095053864523114
cont,Sphere,0,PSO_GBEST,12000,easy,28,30,0.90625,0.8105355325744613,0.9730998803088509,0.49305103731889965,8.893500639418855e-21,4.723021589154677e-22,8.408941960528479
cont,Sphere,0,PSO_GBEST,12000,med,28,30,0.90625,0.8105355325744613,0.9730998803088509,0.49305103731889965,8.893500639418855e-21,4.723021589154677e-22,8.408941960528479
cont,Sphere,0,PSO_GBEST,12000,hard,28,30,0.90625,0.8105355325744613,0.9730998803088509,0.49305103731889965,8.893500639418855e-21,4.723021589154677e-22,8.408941960528479
cont,Sphere,0,PSO_GBEST,15000,easy,27,30,0.875,0.7684970248566316,0.9546998269773581,0.5315926952265921,4.2320592598399114e-26,1.0893367914245308e-27,6.3825891590385115
cont,Sphere,0,PSO_GBEST,15000,med,27,30,0.875,0.7684970248566316,0.9546998269773581,0.5315926952265921,4.2320592598399114e-26,1.0893367914245308e-27,6.3825891590385115
cont,Sphere,0,PSO_GBEST,15000,hard,27,30,0.875,0.7684970248566316,0.9546998269773581,0.5315926952265921,4.2320592598399114e-26,1.0893367914245308e-27,6.3825891590385115
cont,Sphere,0,WOA,12000,easy,30,30,0.96875,0.9078859400526763,0.998346745733359,0.00084672095608406,0.0004944647895415641,1.2336246572094819e-05,0.004431833230853519
cont,Sphere,0,WOA,12000,med,30,30,0.96875,0.9078859400526763,0.998346745733359,0.00084672095608406,0.0004944647895415641,1.2336246572094819e-05,0.004431833230853519
cont,Sphere,0,WOA,12000,hard,23,30,0.75,0.6173897690830179,0.8645994152416211,0.00084672095608406,0.0004944647895415641,1.2336246572094819e-05,0.004431833230853519
cont,Sphere,0,WOA,15000,easy,30,30,0.96875,0.9078859400526763,0.998346745733359,0.00046356098611191024,0.00030138598149486774,1.3280716969870909e-05,0.002326209778625852
cont,Sphere,0,WOA,15000,med,30,30,0.96875,0.9078859400526763,0.998346745733359,0.00046356098611191024,0.00030138598149486774,1.3280716969870909e-05,0.002326209778625852
cont,Sphere,0,WOA,15000,hard,28,30,0.90625,0.8105355325744613,0.9730998803088509,0.00046356098611191024,0.00030138598149486774,1.3280716969870909e-05,0.002326209778625852
cont,Sphere,1,ALO,12000,easy,0,30,0.03125,0.0016532542666409576,0.09211405994732372,20.763208216562667,20.65361805984383,8.453657347129798,34.7755167211755
cont,Sphere,1,ALO,12000,med,0,30,0.03125,0.0016532542666409576,0.09211405994732372,20.763208216562667,20.65361805984383,8.453657347129798,34.7755167211755
cont,Sphere,1,ALO,12000,hard,0,30,0.03125,0.0016532542666409576,0.09211405994732372,20.763208216562667,20.65361805984383,8.453657347129798,34.7755167211755
cont,Sphere,1,ALO,15000,easy,0,30,0.03125,0.0016532542666409576,0.09211405994732372,18.134805354785687,16.962733551289876,10.04208359089813,35.754165176972975
cont,Sphere,1,ALO,15000,med,0,30,0.03125,0.0016532542666409576,0.09211405994732372,18.134805354785687,16.962733551289876,10.04208359089813,35.754165176972975
cont,Sphere,1,ALO,15000,hard,0,30,0.03125,0.0016532542666409576,0.09211405994732372,18.134805354785687,16.962733551289876,10.04208359089813,35.754165176972975
cont,Sphere,1,BA,12000,easy,0,30,0.03125,0.0016532542666409576,0.09211405994732372,9.250756779077713,7.568008329561949,2.8636517739233907,25.83840044014418
cont,Sphere,1,BA,12000,med,0,30,0.03125,0.0016532542666409576,0.09211405994732372,9.250756779077713,7.568008329561949,2.8636517739233907,25.83840044014418
cont,Sphere,1,BA,12000,hard,0,30,0.03125,0.0016532542666409576,0.09211405994732372,9.250756779077713,7.568008329561949,2.8636517739233907,25.83840044014418
cont,Sphere,1,BA,15000,easy,1,30,0.0625,0.011585315861443594,0.14409039131834475,5.586245103037427,5.416134235691432,0.0041945628721169565,12.833170001696699
cont,Sphere,1,BA,15000,med,1,30,0.0625,0.011585315861443594,0.14409039131834475,5.586245103037427,5.416134235691432,0.0041945628721169565,12.833170001696699
cont,Sphere,1,BA,15000,hard,0,30,0.03125,0.0016532542666409576,0.09211405994732372,5.586245103037427,5.416134235691432,0.0041945628721169565,12.833170001696699
cont,Sphere,1,ES_1P1,12000,easy,30,30,0.96875,0.9078859400526763,0.998346745733359,9.50047350014893e-25,9.655750934211288e-25,4.899351561185274e-25,1.4035435905443267e-24
cont,Sphere,1,ES_1P1,12000,med,30,30,0.96875,0.9078859400526763,0.998346745733359,9.50047350014893e-25,9.655750934211288e-25,4.899351561185274e-25,1.4035435905443267e-24
cont,Sphere,1,ES_1P1,12000,hard,30,30,0.96875,0.9078859400526763,0.998346745733359,9.50047350014893e-25,9.655750934211288e-25,4.899351561185274e-25,1.4035435905443267e-24
cont,Sphere,1,ES_1P1,15000,easy,30,30,0.96875,0.9078859400526763,0.998346745733359,9.629764742677405e-25,9.809138570107118e-25,4.680448093034816e-25,1.514282413442109e-24
cont,Sphere,1,ES_1P1,15000,med,30,30,0.96875,0.9078859400526763,0.998346745733359,9.629764742677405e-25,9.809138570107118e-25,4.680448093034816e-25,1.514282413442109e-24
cont,Sphere,1,ES_1P1,15000,hard,30,30,0.96875,0.9078859400526763,0.998346745733359,9.629764742677405e-25,9.809138570107118e-25,4.680448093034816e-25,1.514282413442109e-24
cont,Sphere,1,FA,12000,easy,0,30,0.03125,0.0016532542666409576,0.09211405994732372,10.57380692875524,10.943103475382486,5.010036239502472,14.538842780677946
cont,Sphere,1,FA,12000,med,0,30,0.03125,0.0016532542666409576,0.09211405994732372,10.57380692875524,10.943103475382486,5.010036239502472,14.538842780677946
cont,Sphere,1,FA,12000,hard,0,30,0.03125,0.0016532542666409576,0.09211405994732372,10.57380692875524,10.943103475382486,5.010036239502472,14.538842780677946
cont,Sphere,1,FA,15000,easy,0,30,0.03125,0.0016532542666409576,0.09211405994732372,10.406703297502949,10.424546323944373,4.084581178455813,14.892964384693515
cont,Sphere,1,FA,15000,med,0,30,0.03125,0.0016532542666409576,0.09211405994732372,10.406703297502949,10.424546323944373,4.084581178455813,14.892964384693515
cont,Sphere,1,FA,15000,hard,0,30,0.03125,0.0016532542666409576,0.09211405994732372,10.406703297502949,10.424546323944373,4.084581178455813,14.892964384693515
cont,Sphere,1,GWO,12000,easy,21,30,0.6875,0.5480955827806314,0.8133783644295347,0.19794953969233506,0.0021212285878446924,2.649540996927416e-05,0.8762394022489279
cont,Sphere,1,GWO,12000,med,21,30,0.6875,0.5480955827806314,0.8133783644295347,0.19794953969233506,0.0021212285878446924,2.649540996927416e-05,0.8762394022489279
cont,Sphere,1,GWO,12000,hard,4,30,0.15625,0.06578047054601774,0.2713711815575147,0.19794953969233506,0.0021212285878446924,2.649540996927416e-05,0.8762394022489279
cont,Sphere,1,GWO,15000,easy,21,30,0.6875,0.5480955827806314,0.8133783644295347,0.22355035200565743,0.0019553487222056156,0.001425700084740322,1.4371460184166014
cont,Sphere,1,GWO,15000,med,21,30,0.6875,0.5480955827806314,0.8133783644295347,0.22355035200565743,0.0019553487222056156,0.001425700084740322,1.4371460184166014
cont,Sphere,1,GWO,15000,hard,0,30,0.03125,0.0016532542666409576,0.09211405994732372,0.22355035200565743,0.0019553487222056156,0.001425700084740322,1.4371460184166014
cont,Sphere,1,MFO,12000,easy,1,30,0.0625,0.011585315861443594,0.14409039131834475,2.022128997256807,1.1095721144542932,0.08547747386122162,16.079441486593645
cont,Sphere,1,MFO,12000,med,0,30,0.03125,0.0016532542666409576,0.09211405994732372,2.022128997256807,1.1095721144542932,0.08547747386122162,16.079441486593645
cont,Sphere,1,MFO,12000,hard,0,30,0.03125,0.0016532542666409576,0.09211405994732372,2.022128997256807,1.1095721144542932,0.08547747386122162,16.079441486593645
cont,Sphere,1,MFO,15000,easy,0,30,0.03125,0.0016532542666409576,0.09211405994732372,1.7113874015988784,1.0972429630645826,0.16516214262918194,9.564114574487363
cont,Sphere,1,MFO,15000,med,0,30,0.03125,0.0016532542666409576,0.09211405994732372,1.7113874015988784,1.0972429630645826,0.16516214262918194,9.564114574487363
cont,Sphere,1,MFO,15000,hard,0,30,0.03125,0.0016532542666409576,0.09211405994732372,1.7113874015988784,1.0972429630645826,0.16516214262918194,9.564114574487363
cont,Sphere,1,PSO_GBEST,12000,easy,29,30,0.9375,0.8559096086816552,0.9884146841385564,0.17151400935336997,1.2860896448153665e-20,7.301980172420488e-22,5.145420280601099
cont,Sphere,1,PSO_GBEST,12000,med,29,30,0.9375,0.8559096086816552,0.9884146841385564,0.17151400935336997,1.2860896448153665e-20,7.301980172420488e-22,5.145420280601099
cont,Sphere,1,PSO_GBEST,12000,hard,29,30,0.9375,0.8559096086816552,0.9884146841385564,0.17151400935336997,1.2860896448153665e-20,7.301980172420488e-22,5.145420280601099
cont,Sphere,1,PSO_GBEST,15000,easy,27,30,0.875,0.7684970248566316,0.9546998269773581,0.6700593722152282,5.393560937577536e-26,3.4855326059124643e-28,11.711901070863147
cont,Sphere,1,PSO_GBEST,15000,med,27,30,0.875,0.7684970248566316,0.9546998269773581,0.6700593722152282,5.393560937577536e-26,3.4855326059124643e-28,11.711901070863147
cont,Sphere,1,PSO_GBEST,15000,hard,27,30,0.875,0.7684970248566316,0.9546998269773581,0.6700593722152282,5.393560937577536e-26,3.4855326059124643e-28,11.711901070863147
cont,Sphere,1,WOA,12000,easy,30,30,0.96875,0.9078859400526763,0.998346745733359,0.0006733463059416139,0.00032022193570150107,1.4912551361303397e-05,0.0032382488716751995
cont,Sphere,1,WOA,12000,med,30,30,0.96875,0.9078859400526763,0.998346745733359,0.0006733463059416139,0.00032022193570150107,1.4912551361303397e-05,0.0032382488716751995
cont,Sphere,1,WOA,12000,hard,24,30,0.78125,0.6533474562111927,0.8889112287407399,0.0006733463059416139,0.00032022193570150107,1.4912551361303397e-05,0.0032382488716751995
cont,Sphere,1,WOA,15000,easy,30,30,0.96875,0.9078859400526763,0.998346745733359,0.0005075690924582059,0.00021746956206576456,3.706982377066796e-06,0.003923474580224717
cont,Sphere,1,WOA,15000,med,30,30,0.96875,0.9078859400526763,0.998346745733359,0.0005075690924582059,0.00021746956206576456,3.706982377066796e-06,0.003923474580224717
cont,Sphere,1,WOA,15000,hard,26,30,0.84375,0.7286288184424853,0.9342195294539822,0.0005075690924582059,0.00021746956206576456,3.706982377066796e-06,0.003923474580224717
cont,Sphere,2,ALO,12000,easy,0,30,0.03125,0.0016532542666409576,0.09211405994732372,23.500549544556968,21.59303734038251,8.453397253555627,42.37262217849347
cont,Sphere,2,ALO,12000,med,0,30,0.03125,0.0016532542666409576,0.09211405994732372,23.500549544556968,21.59303734038251,8.453397253555627,42.37262217849347
cont,Sphere,2,ALO,12000,hard,0,30,0.03125,0.0016532542666409576,0.09211405994732372,23.500549544556968,21.59303734038251,8.453397253555627,42.37262217849347
cont,Sphere,2,ALO,15000,easy,0,30,0.03125,0.0016532542666409576,0.09211405994732372,19.653970561625407,16.419536943667566,7.41368466730387,37.977495416825725
cont,Sphere,2,ALO,15000,med,0,30,0.03125,0.0016532542666409576,0.09211405994732372,19.653970561625407,16.419536943667566,7.41368466730387,37.977495416825725
cont,Sphere,2,ALO,15000,hard,0,30,0.03125,0.0016532542666409576,0.09211405994732372,19.653970561625407,16.419536943667566,7.41368466730387,37.977495416825725
cont,Sphere,2,BA,12000,easy,1,30,0.0625,0.011585315861443594,0.14409039131834475,9.35563151903822,9.399605348650592,0.0017963653433014735,17.69030203449416
cont,Sphere,2,BA,12000,med,1,30,0.0625,0.011585315861443594,0.14409039131834475,9.35563151903822,9.399605348650592,0.0017963653433014735,17.69030203449416
cont,Sphere,2,BA,12000,hard,0,30,0.03125,0.0016532542666409576,0.09211405994732372,9.35563151903822,9.399605348650592,0.0017963653433014735,17.69030203449416
cont,Sphere,2,BA,15000,easy,1,30,0.0625,0.011585315861443594,0.14409039131834475,5.68240286244072,4.494214293453672,0.015562756289035494,20.79680077945486
cont,Sphere,2,BA,15000,med,0,30,0.03125,0.0016532542666409576,0.09211405994732372,5.68240286244072,4.494214293453672,0.015562756289035494,20.79680077945486
cont,Sphere,2,BA,15000,hard,0,30,0.03125,0.0016532542666409576,0.09211405994732372,5.68240286244072,4.494214293453672,0.015562756289035494,20.79680077945486
cont,Sphere,2,ES_1P1,12000,easy,30,30,0.96875,0.9078859400526763,0.998346745733359,8.440110071897202e-25,8.890040461404867e-25,3.5427702885984006e-25,1.4732610227063522e-24
cont,Sphere,2,ES_1P1,12000,med,30,30,0.96875,0.9078859400526763,0.998346745733359,8.440110071897202e-25,8.890040461404867e-25,3.5427702885984006e-25,1.4732610227063522e-24
cont,Sphere,2,ES_1P1,12000,hard,30,30,0.96875,0.9078859400526763,0.998346745733359,8.440110071897202e-25,8.890040461404867e-25,3.5427702885984006e-25,1.4732610227063522e-24
cont,Sphere,2,ES_1P1,15000,easy,30,30,0.96875,0.9078859400526763,0.998346745733359,9.531611440381342e-25,8.7679446958367e-25,6.024204465232848e-25,1.385171969930378e-24
cont,Sphere,2,ES_1P1,15000,med,30,30,0.96875,0.9078859400526763,0.998346745733359,9.531611440381342e-25,8.7679446958367e-25,6.024204465232848e-25,1.385171969930378e-24
cont,Sphere,2,ES_1P1,15000,hard,30,30,0.96875,0.9078859400526763,0.998346745733359,9.531611440381342e-25,8.7679446958367e-25,6.024204465232848e-25,1.385171969930378e-24
cont,Sphere,2,FA,12000,easy,0,30,0.03125,0.0016532542666409576,0.09211405994732372,11.167076981140582,11.424073107261194,4.026598746475387,15.893526273041699
cont,Sphere,2,FA,12000,med,0,30,0.03125,0.0016532542666409576,0.09211405994732372,11.167076981140582,11.424073107261194,4.026598746475387,15.893526273041699
cont,Sphere,2,FA,12000,hard,0,30,0.03125,0.0016532542666409576,0.09211405994732372,11.167076981140582,11.424073107261194,4.026598746475387,15.893526273041699
cont,Sphere,2,FA,15000,easy,0,30,0.03125,0.0016532542666409576,0.09211405994732372,10.557035652053116,10.381789829731165,7.373339290544631,15.123945123823086
cont,Sphere,2,FA,15000,med,0,30,0.03125,0.0016532542666409576,0.09211405994732372,10.557035652053116,10.381789829731165,7.373339290544631,15.123945123823086
cont,Sphere,2,FA,15000,hard,0,30,0.03125,0.0016532542666409576,0.09211405994732372,10.557035652053116,10.381789829731165,7.373339290544631,15.123945123823086
cont,Sphere,2,GWO,12000,easy,25,30,0.8125,0.690356484642353,0.9121855328567512,0.17688142988443875,0.025150583809565127,0.00013402016582124678,1.290725811243679
cont,Sphere,2,GWO,12000,med,3,30,0.125,0.04530017302264189,0.23150297514336832,0.17688142988443875,0.025150583809565127,0.00013402016582124678,1.290725811243679
cont,Sphere,2,GWO,12000,hard,2,30,0.09375,0.02690011969114915,0.18946446742553866,0.17688142988443875,0.025150583809565127,0.00013402016582124678,1.290725811243679
cont,Sphere,2,GWO,15000,easy,28,30,0.90625,0.8105355325744613,0.9730998803088509,0.1394401362184069,0.025128565148276986,0.009914971476126657,2.6189424860200368
cont,Sphere,2,GWO,15000,med,1,30,0.0625,0.011585315861443594,0.14409039131834475,0.1394401362184069,0.025128565148276986,0.009914971476126657,2.6189424860200368
cont,Sphere,2,GWO,15000,hard,0,30,0.03125,0.0016532542666409576,0.09211405994732372,0.1394401362184069,0.025128565148276986,0.009914971476126657,2.6189424860200368
cont,Sphere,2,MFO,12000,easy,0,30,0.03125,0.0016532542666409576,0.09211405994732372,1.6312517671719098,1.2293387871171202,0.22869273487835048,10.190777200240863
cont,Sphere,2,MFO,12000,med,0,30,0.03125,0.0016532542666409576,0.09211405994732372,1.6312517671719098,1.2293387871171202,0.22869273487835048,10.190777200240863
cont,Sphere,2,MFO,12000,hard,0,30,0.03125,0.0016532542666409576,0.09211405994732372,1.6312517671719098,1.2293387871171202,0.22869273487835048,10.190777200240863
cont,Sphere,2,MFO,15000,easy,0,30,0.03125,0.0016532542666409576,0.09211405994732372,1.608452042393526,1.27089130873781,0.37045283773042753,4.427851652153359
cont,Sphere,2,MFO,15000,med,0,30,0.03125,0.0016532542666409576,0.09211405994732372,1.608452042393526,1.27089130873781,0.37045283773042753,4.427851652153359
cont,Sphere,2,MFO,15000,hard,0,30,0.03125,0.0016532542666409576,0.09211405994732372,1.608452042393526,1.27089130873781,0.37045283773042753,4.427851652153359
cont,Sphere,2,PSO_GBEST,12000,easy,29,30,0.9375,0.8559096086816552,0.9884146841385564,0.16583022192229294,7.58392528524183e-21,4.0419426907116676e-22,4.974906657668788
cont,Sphere,2,PSO_GBEST,12000,med,29,30,0.9375,0.8559096086816552,0.9884146841385564,0.16583022192229294,7.58392528524183e-21,4.0419426907116676e-22,4.974906657668788
cont,Sphere,2,PSO_GBEST,12000,hard,29,30,0.9375,0.8559096086816552,0.9884146841385564,0.16583022192229294,7.58392528524183e-21,4.0419426907116676e-22,4.974906657668788
cont,Sphere,2,PSO_GBEST,15000,easy,30,30,0.96875,0.9078859400526763,0.998346745733359,1.5184719238539114e-25,2.1996458814226697e-26,2.985136717389795e-27,1.3742002605785988e-24
cont,Sphere,2,PSO_GBEST,15000,med,30,30,0.96875,0.9078859400526763,0.998346745733359,1.5184719238539114e-25,2.1996458814226697e-26,2.985136717389795e-27,1.3742002605785988e-24
cont,Sphere,2,PSO_GBEST,15000,hard,30,30,0.96875,0.9078859400526763,0.998346745733359,1.5184719238539114e-25,2.1996458814226697e-26,2.985136717389795e-27,1.3742002605785988e-24
cont,Sphere,2,WOA,12000,easy,30,30,0.96875,0.9078859400526763,0.998346745733359,0.0013777406724034358,0.0007484827172851152,8.38981893434539e-06,0.00781295591210188
cont,Sphere,2,WOA,12000,med,30,30,0.96875,0.9078859400526763,0.998346745733359,0.0013777406724034358,0.0007484827172851152,8.38981893434539e-06,0.00781295591210188
cont,Sphere,2,WOA,12000,hard,16,30,0.53125,0.3869822549447333,0.6732606351024929,0.0013777406724034358,0.0007484827172851152,8.38981893434539e-06,0.00781295591210188
cont,Sphere,2,WOA,15000,easy,30,30,0.96875,0.9078859400526763,0.998346745733359,0.0004274936078846868,0.00012944259525065566,6.930331951125171e-06,0.0033003997432146243
cont,Sphere,2,WOA,15000,med,30,30,0.96875,0.9078859400526763,0.998346745733359,0.0004274936078846868,0.00012944259525065566,6.930331951125171e-06,0.0033003997432146243
cont,Sphere,2,WOA,15000,hard,26,30,0.84375,0.7286288184424853,0.9342195294539822,0.0004274936078846868,0.00012944259525065566,6.930331951125171e-06,0.0033003997432146243
cont,Sphere,3,ALO,12000,easy,0,30,0.03125,0.0016532542666409576,0.09211405994732372,21.496400647703283,21.237323789336195,5.6413087484475515,48.32734320980296
cont,Sphere,3,ALO,12000,med,0,30,0.03125,0.0016532542666409576,0.09211405994732372,21.496400647703283,21.237323789336195,5.6413087484475515,48.32734320980296
cont,Sphere,3,ALO,12000,hard,0,30,0.03125,0.0016532542666409576,0.09211405994732372,21.496400647703283,21.237323789336195,5.6413087484475515,48.32734320980296
cont,Sphere,3,ALO,15000,easy,0,30,0.03125,0.0016532542666409576,0.09211405994732372,21.064514199657953,21.224349869300973,5.4203744824823445,36.652963267876814
cont,Sphere,3,ALO,15000,med,0,30,0.03125,0.0016532542666409576,0.09211405994732372,21.064514199657953,21.224349869300973,5.4203744824823445,36.652963267876814
cont,Sphere,3,ALO,15000,hard,0,30,0.03125,0.0016532542666409576,0.09211405994732372,21.064514199657953,21.224349869300973,5.4203744824823445,36.652963267876814
cont,Sphere,3,BA,12000,easy,0,30,0.03125,0.0016532542666409576,0.09211405994732372,7.244439802787465,6.057895856760144,0.9042169474202197,17.943520894257464
cont,Sphere,3,BA,12000,med,0,30,0.03125,0.0016532542666409576,0.09211405994732372,7.244439802787465,6.057895856760144,0.9042169474202197,17.943520894257464
cont,Sphere,3,BA,12000,hard,0,30,0.03125,0.0016532542666409576,0.09211405994732372,7.244439802787465,6.057895856760144,0.9042169474202197,17.943520894257464
cont,Sphere,3,BA,15000,easy,1,30,0.0625,0.011585315861443594,0.14409039131834475,5.185624651205605,3.6467990256346363,1.8892781091232765e-06,19.081670017535103
cont,Sphere,3,BA,15000,med,1,30,0.0625,0.011585315861443594,0.14409039131834475,5.185624651205605,3.6467990256346363,1.8892781091232765e-06,19.081670017535103
cont,Sphere,3,BA,15000,hard,1,30,0.0625,0.011585315861443594,0.14409039131834475,5.185624651205605,3.6467990256346363,1.8892781091232765e-06,19.081670017535103
cont,Sphere,3,ES_1P1,12000,easy,30,30,0.96875,0.9078859400526763,0.998346745733359,1.0419321557293645e-24,1.0339570439188882e-24,4.835538570705855e-25,1.5399509717663357e-24
cont,Sphere,3,ES_1P1,12000,med,30,30,0.96875,0.9078859400526763,0.998346745733359,1.0419321557293645e-24,1.0339570439188882e-24,4.835538570705855e-25,1.5399509717663357e-24
cont,Sphere,3,ES_1P1,12000,hard,30,30,0.96875,0.9078859400526763,0.998346745733359,1.0419321557293645e-24,1.0339570439188882e-24,4.835538570705855e-25,1.5399509717663357e-24
cont,Sphere,3,ES_1P1,15000,easy,30,30,0.96875,0.9078859400526763,0.998346745733359,9.826439959571975e-25,1.0144376209618966e-24,4.8342957045570535e-25,1.4267605537273634e-24
cont,Sphere,3,ES_1P1,15000,med,30,30,0.96875,0.9078859400526763,0.998346745733359,9.826439959571975e-25,1.0144376209618966e-24,4.8342957045570535e-25,1.4267605537273634e-24
cont,Sphere,3,ES_1P1,15000,hard,30,30,0.96875,0.9078859400526763,0.998346745733359,9.826439959571975e-25,1.0144376209618966e-24,4.8342957045570535e-25,1.4267605537273634e-24
cont,Sphere,3,FA,12000,easy,0,30,0.03125,0.0016532542666409576,0.09211405994732372,10.545526909236708,10.552221408348146,4.392109551076699,14.986409395774674
cont,Sphere,3,FA,12000,med,0,30,0.03125,0.0016532542666409576,0.09211405994732372,10.545526909236708,10.552221408348146,4.392109551076699,14.986409395774674
cont,Sphere,3,FA,12000,hard,0,30,0.03125,0.0016532542666409576,0.09211405994732372,10.545526909236708,10.552221408348146,4.392109551076699,14.986409395774674
cont,Sphere,3,FA,15000,easy,0,30,0.03125,0.0016532542666409576,0.09211405994732372,9.957548352765759,10.176463912185731,5.058100389359675,13.655847456410918
cont,Sphere,3,FA,15000,med,0,30,0.03125,0.0016532542666409576,0.09211405994732372,9.957548352765759,10.176463912185731,5.058100389359675,13.655847456410918
cont,Sphere,3,FA,15000,hard,0,30,0.03125,0.0016532542666409576,0.09211405994732372,9.957548352765759,10.176463912185731,5.058100389359675,13.655847456410918
cont,Sphere,3,GWO,12000,easy,27,30,0.875,0.7684970248566316,0.9546998269773581,0.11871238354696875,0.039121553427299005,0.0047062239721511225,0.8927195456114466
cont,Sphere,3,GWO,12000,med,2,30,0.09375,0.02690011969114915,0.18946446742553866,0.11871238354696875,0.039121553427299005,0.0047062239721511225,0.8927195456114466
cont,Sphere,3,GWO,12000,hard,0,30,0.03125,0.0016532542666409576,0.09211405994732372,0.11871238354696875,0.039121553427299005,0.0047062239721511225,0.8927195456114466
cont,Sphere,3,GWO,15000,easy,29,30,0.9375,0.8559096086816552,0.9884146841385564,0.06470554649871041,0.0390800586003231,0.006849136505748004,0.8838719774674355
cont,Sphere,3,GWO,15000,med,1,30,0.0625,0.011585315861443594,0.14409039131834475,0.06470554649871041,0.0390800586003231,0.006849136505748004,0.8838719774674355
cont,Sphere,3,GWO,15000,hard,0,30,0.03125,0.0016532542666409576,0.09211405994732372,0.06470554649871041,0.0390800586003231,0.006849136505748004,0.8838719774674355
cont,Sphere,3,MFO,12000,easy,1,30,0.0625,0.011585315861443594,0.14409039131834475,2.1713460533667743,1.950673104308213,0.09937867886565528,6.190537971713861
cont,Sphere,3,MFO,12000,med,0,30,0.03125,0.0016532542666409576,0.09211405994732372,2.1713460533667743,1.950673104308213,0.09937867886565528,6.190537971713861
cont,Sphere,3,MFO,12000,hard,0,30,0.03125,0.0016532542666409576,0.09211405994732372,2.1713460533667743,1.950673104308213,0.09937867886565528,6.190537971713861
cont,Sphere,3,MFO,15000,easy,1,30,0.0625,0.011585315861443594,0.14409039131834475,1.3705103848606555,1.1567912579944213,0.09643491988457153,3.691609160967086
cont,Sphere,3,MFO,15000,med,0,30,0.03125,0.0016532542666409576,0.09211405994732372,1.3705103848606555,1.1567912579944213,0.09643491988457153,3.691609160967086
cont,Sphere,3,MFO,15000,hard,0,30,0.03125,0.0016532542666409576,0.09211405994732372,1.3705103848606555,1.1567912579944213,0.09643491988457153,3.691609160967086
cont,Sphere,3,PSO_GBEST,12000,easy,28,30,0.90625,0.8105355325744613,0.9730998803088509,0.2892279595592182,5.773881661542698e-21,1.7544538097809333e-22,4.338419393388273
cont,Sphere,3,PSO_GBEST,12000,med,28,30,0.90625,0.8105355325744613,0.9730998803088509,0.2892279595592182,5.773881661542698e-21,1.7544538097809333e-22,4.338419393388273
cont,Sphere,3,PSO_GBEST,12000,hard,28,30,0.90625,0.8105355325744613,0.9730998803088509,0.2892279595592182,5.773881661542698e-21,1.7544538097809333e-22,4.338419393388273
cont,Sphere,3,PSO_GBEST,15000,easy,30,30,0.96875,0.9078859400526763,0.998346745733359,4.170855684301344e-25,3.6484453347194793e-26,1.09707132608119e-28,4.983339867686504e-24
cont,Sphere,3,PSO_GBEST,15000,med,30,30,0.96875,0.9078859400526763,0.998346745733359,4.170855684301344e-25,3.6484453347194793e-26,1.09707132608119e-28,4.983339867686504e-24
cont,Sphere,3,PSO_GBEST,15000,hard,30,30,0.96875,0.9078859400526763,0.998346745733359,4.170855684301344e-25,3.6484453347194793e-26,1.09707132608119e-28,4.983339867686504e-24
cont,Sphere,3,WOA,12000,easy,30,30,0.96875,0.9078859400526763,0.998346745733359,0.0015390108546957282,0.0009657596903677925,3.8760268736743614e-05,0.006904593557489059
cont,Sphere,3,WOA,12000,med,30,30,0.96875,0.9078859400526763,0.998346745733359,0.0015390108546957282,0.0009657596903677925,3.8760268736743614e-05,0.006904593557489059
cont,Sphere,3,WOA,12000,hard,16,30,0.53125,0.3869822549447333,0.6732606351024929,0.0015390108546957282,0.0009657596903677925,3.8760268736743614e-05,0.006904593557489059
cont,Sphere,3,WOA,15000,easy,30,30,0.96875,0.9078859400526763,0.998346745733359,0.0012730614591168648,0.0007694779202187928,2.4195103692891514e-05,0.007337407258317473
cont,Sphere,3,WOA,15000,med,30,30,0.96875,0.9078859400526763,0.998346745733359,0.0012730614591168648,0.0007694779202187928,2.4195103692891514e-05,0.007337407258317473
cont,Sphere,3,WOA,15000,hard,21,30,0.6875,0.5480955827806314,0.8133783644295347,0.0012730614591168648,0.0007694779202187928,2.4195103692891514e-05,0.007337407258317473
cont,Sphere,4,ALO,12000,easy,0,30,0.03125,0.0016532542666409576,0.09211405994732372,21.173308338302135,19.7538690204384,4.753068412627308,40.532436514227804
cont,Sphere,4,ALO,12000,med,0,30,0.03125,0.0016532542666409576,0.09211405994732372,21.173308338302135,19.7538690204384,4.753068412627308,40.532436514227804
cont,Sphere,4,ALO,12000,hard,0,30,0.03125,0.0016532542666409576,0.09211405994732372,21.173308338302135,19.7538690204384,4.753068412627308,40.532436514227804
cont,Sphere,4,ALO,15000,easy,0,30,0.03125,0.0016532542666409576,0.09211405994732372,17.249002548938428,16.461663767139306,4.8134286352208875,40.82447753480282
cont,Sphere,4,ALO,15000,med,0,30,0.03125,0.0016532542666409576,0.09211405994732372,17.249002548938428,16.461663767139306,4.8134286352208875,40.82447753480282
cont,Sphere,4,ALO,15000,hard,0,30,0.03125,0.0016532542666409576,0.09211405994732372,17.249002548938428,16.461663767139306,4.8134286352208875,40.82447753480282
cont,Sphere,4,BA,12000,easy,0,30,0.03125,0.0016532542666409576,0.09211405994732372,13.40152787267252,11.962421953145776,3.7190658976576394,32.84198149314148
cont,Sphere,4,BA,12000,med,0,30,0.03125,0.0016532542666409576,0.09211405994732372,13.40152787267252,11.962421953145776,3.7190658976576394,32.84198149314148
cont,Sphere,4,BA,12000,hard,0,30,0.03125,0.0016532542666409576,0.09211405994732372,13.40152787267252,11.962421953145776,3.7190658976576394,32.84198149314148
cont,Sphere,4,BA,15000,easy,0,30,0.03125,0.0016532542666409576,0.09211405994732372,6.632349015757299,6.8138919458880105,0.340600005345898,17.548899050558465
cont,Sphere,4,BA,15000,med,0,30,0.03125,0.0016532542666409576,0.09211405994732372,6.632349015757299,6.8138919458880105,0.340600005345898,17.548899050558465
cont,Sphere,4,BA,15000,hard,0,30,0.03125,0.0016532542666409576,0.09211405994732372,6.632349015757299,6.8138919458880105,0.340600005345898,17.548899050558465
cont,Sphere,4,ES_1P1,12000,easy,30,30,0.96875,0.9078859400526763,0.998346745733359,1.016220049718473e-24,9.974475341268204e-25,5.690703541233554e-25,1.787816701724458e-24
cont,Sphere,4,ES_1P1,12000,med,30,30,0.96875,0.9078859400526763,0.998346745733359,1.016220049718473e-24,9.974475341268204e-25,5.690703541233554e-25,1.787816701724458e-24
cont,Sphere,4,ES_1P1,12000,hard,30,30,0.96875,0.9078859400526763,0.998346745733359,1.016220049718473e-24,9.974475341268204e-25,5.690703541233554e-25,1.787816701724458e-24
cont,Sphere,4,ES_1P1,15000,easy,30,30,0.96875,0.9078859400526763,0.998346745733359,8.293767489278685e-25,7.593994171420798e-25,4.645508879245104e-25,1.2890987326731453e-24
cont,Sphere,4,ES_1P1,15000,med,30,30,0.96875,0.9078859400526763,0.998346745733359,8.293767489278685e-25,7.593994171420798e-25,4.645508879245104e-25,1.2890987326731453e-24
cont,Sphere,4,ES_1P1,15000,hard,30,30,0.96875,0.9078859400526763,0.998346745733359,8.293767489278685e-25,7.593994171420798e-25,4.645508879245104e-25,1.2890987326731453e-24
cont,Sphere,4,FA,12000,easy,0,30,0.03125,0.0016532542666409576,0.09211405994732372,9.666473558054168,9.999007612408334,5.258731151873908,14.35903778209814
cont,Sphere,4,FA,12000,med,0,30,0.03125,0.0016532542666409576,0.09211405994732372,9.666473558054168,9.999007612408334,5.258731151873908,14.35903778209814
cont,Sphere,4,FA,12000,hard,0,30,0.03125,0.0016532542666409576,0.09211405994732372,9.666473558054168,9.999007612408334,5.258731151873908,14.35903778209814
cont,Sphere,4,FA,15000,easy,0,30,0.03125,0.0016532542666409576,0.09211405994732372,9.54359909734668,10.106605695062965,4.1247442414325635,13.258257115014652
cont,Sphere,4,FA,15000,med,0,30,0.03125,0.0016532542666409576,0.09211405994732372,9.54359909734668,10.106605695062965,4.1247442414325635,13.258257115014652
cont,Sphere,4,FA,15000,hard,0,30,0.03125,0.0016532542666409576,0.09211405994732372,9.54359909734668,10.106605695062965,4.1247442414325635,13.258257115014652
cont,Sphere,4,GWO,12000,easy,17,30,0.5625,0.417973431326673,0.7025127599090644,0.3485537208351005,0.050412422774907664,0.000900573749155964,1.4381202337918246
cont,Sphere,4,GWO,12000,med,2,30,0.09375,0.02690011969114915,0.18946446742553866,0.3485537208351005,0.050412422774907664,0.000900573749155964,1.4381202337918246
cont,Sphere,4,GWO,12000,hard,1,30,0.0625,0.011585315861443594,0.14409039131834475,0.3485537208351005,0.050412422774907664,0.000900573749155964,1.4381202337918246
cont,Sphere,4,GWO,15000,easy,13,30,0.4375,0.29748724009093563,0.582026568673327,0.4084927951215093,0.4933918842084317,0.004038867224244149,1.6348306869385547
cont,Sphere,4,GWO,15000,med,1,30,0.0625,0.011585315861443594,0.14409039131834475,0.4084927951215093,0.4933918842084317,0.004038867224244149,1.6348306869385547
cont,Sphere,4,GWO,15000,hard,0,30,0.03125,0.0016532542666409576,0.09211405994732372,0.4084927951215093,0.4933918842084317,0.004038867224244149,1.6348306869385547
cont,Sphere,4,MFO,12000,easy,0,30,0.03125,0.0016532542666409576,0.09211405994732372,2.8776813122292517,2.004850363612999,0.2584557440728317,10.411291008971899
cont,Sphere,4,MFO,12000,med,0,30,0.03125,0.0016532542666409576,0.09211405994732372,2.8776813122292517,2.004850363612999,0.2584557440728317,10.411291008971899
cont,Sphere,4,MFO,12000,hard,0,30,0.03125,0.0016532542666409576,0.09211405994732372,2.8776813122292517,2.004850363612999,0.2584557440728317,10.411291008971899
cont,Sphere,4,MFO,15000,easy,0,30,0.03125,0.0016532542666409576,0.09211405994732372,1.9051414414681023,1.400689580657624,0.29690673997734135,9.53026970992618
cont,Sphere,4,MFO,15000,med,0,30,0.03125,0.0016532542666409576,0.09211405994732372,1.9051414414681023,1.400689580657624,0.29690673997734135,9.53026970992618
cont,Sphere,4,MFO,15000,hard,0,30,0.03125,0.0016532542666409576,0.09211405994732372,1.9051414414681023,1.400689580657624,0.29690673997734135,9.53026970992618
cont,Sphere,4,PSO_GBEST,12000,easy,25,30,0.8125,0.690356484642353,0.9121855328567512,0.7968348921441658,8.025167615979155e-21,3.513175901061136e-22,5.147064373751486
cont,Sphere,4,PSO_GBEST,12000,med,25,30,0.8125,0.690356484642353,0.9121855328567512,0.7968348921441658,8.025167615979155e-21,3.513175901061136e-22,5.147064373751486
cont,Sphere,4,PSO_GBEST,12000,hard,25,30,0.8125,0.690356484642353,0.9121855328567512,0.7968348921441658,8.025167615979155e-21,3.513175901061136e-22,5.147064373751486
cont,Sphere,4,PSO_GBEST,15000,easy,25,30,0.8125,0.690356484642353,0.9121855328567512,0.855147157715334,3.3691992342934833e-26,4.786660061461371e-28,5.981294788670303
cont,Sphere,4,PSO_GBEST,15000,med,25,30,0.8125,0.690356484642353,0.9121855328567512,0.855147157715334,3.3691992342934833e-26,4.786660061461371e-28,5.981294788670303
cont,Sphere,4,PSO_GBEST,15000,hard,25,30,0.8125,0.690356484642353,0.9121855328567512,0.855147157715334,3.3691992342934833e-26,4.786660061461371e-28,5.981294788670303
cont,Sphere,4,WOA,12000,easy,30,30,0.96875,0.9078859400526763,0.998346745733359,0.0019040552309006263,0.0005530830792346651,3.5575294650084613e-06,0.013678203928297827
cont,Sphere,4,WOA,12000,med,28,30,0.90625,0.8105355325744613,0.9730998803088509,0.0019040552309006263,0.0005530830792346651,3.5575294650084613e-06,0.013678203928297827
cont,Sphere,4,WOA,12000,hard,18,30,0.59375,0.4495566259694524,0.7311737237767726,0.0019040552309006263,0.0005530830792346651,3.5575294650084613e-06,0.013678203928297827
cont,Sphere,4,WOA,15000,easy,30,30,0.96875,0.9078859400526763,0.998346745733359,0.0002970904393488996,0.00020646225918535049,6.152989096632353e-06,0.001303891199646631
cont,Sphere,4,WOA,15000,med,30,30,0.96875,0.9078859400526763,0.998346745733359,0.0002970904393488996,0.00020646225918535049,6.152989096632353e-06,0.001303891199646631
cont,Sphere,4,WOA,15000,hard,29,30,0.9375,0.8559096086816552,0.9884146841385564,0.0002970904393488996,0.00020646225918535049,6.152989096632353e-06,0.001303891199646631
cont,Sphere,7,ALO,12000,easy,0,30,0.03125,0.0016532542666409576,0.09211405994732372,19.486744337491547,17.32079445200131,5.980792375655398,38.43346896777743
cont,Sphere,7,ALO,12000,med,0,30,0.03125,0.0016532542666409576,0.09211405994732372,19.486744337491547,17.32079445200131,5.980792375655398,38.43346896777743
cont,Sphere,7,ALO,12000,hard,0,30,0.03125,0.0016532542666409576,0.09211405994732372,19.486744337491547,17.32079445200131,5.980792375655398,38.43346896777743
cont,Sphere,7,ALO,15000,easy,0,30,0.03125,0.0016532542666409576,0.09211405994732372,19.241178962707718,19.396379979793203,5.829679662823455,39.153768799348605
cont,Sphere,7,ALO,15000,med,0,30,0.03125,0.0016532542666409576,0.09211405994732372,19.241178962707718,19.396379979793203,5.829679662823455,39.153768799348605
cont,Sphere,7,ALO,15000,hard,0,30,0.03125,0.0016532542666409576,0.09211405994732372,19.241178962707718,19.396379979793203,5.829679662823455,39.153768799348605
cont,Sphere,7,BA,12000,easy,0,30,0.03125,0.0016532542666409576,0.09211405994732372,10.894713724111574,10.314833302381022,1.1069895466070903,31.81175070409778
cont,Sphere,7,BA,12000,med,0,30,0.03125,0.0016532542666409576,0.09211405994732372,10.894713724111574,10.314833302381022,1.1069895466070903,31.81175070409778
cont,Sphere,7,BA,12000,hard,0,30,0.03125,0.0016532542666409576,0.09211405994732372,10.894713724111574,10.314833302381022,1.1069895466070903,31.81175070409778
cont,Sphere,7,BA,15000,easy,1,30,0.0625,0.011585315861443594,0.14409039131834475,5.393368740258873,4.2341586101325985,1.0990692011271797e-05,21.152334293529247
cont,Sphere,7,BA,15000,med,1,30,0.0625,0.011585315861443594,0.14409039131834475,5.393368740258873,4.2341586101325985,1.0990692011271797e-05,21.152334293529247
cont,Sphere,7,BA,15000,hard,1,30,0.0625,0.011585315861443594,0.14409039131834475,5.393368740258873,4.2341586101325985,1.0990692011271797e-05,21.152334293529247
cont,Sphere,7,ES_1P1,12000,easy,30,30,0.96875,0.9078859400526763,0.998346745733359,9.19103770762954e-25,8.712783485335184e-25,4.986464538798737e-25,1.6642279275300104e-24
cont,Sphere,7,ES_1P1,12000,med,30,30,0.96875,0.9078859400526763,0.998346745733359,9.19103770762954e-25,8.712783485335184e-25,4.986464538798737e-25,1.6642279275300104e-24
cont,Sphere,7,ES_1P1,12000,hard,30,30,0.96875,0.9078859400526763,0.998346745733359,9.19103770762954e-25,8.712783485335184e-25,4.986464538798737e-25,1.6642279275300104e-24
cont,Sphere,7,ES_1P1,15000,easy,30,30,0.96875,0.9078859400526763,0.998346745733359,8.716981895774197e-25,8.736557707680944e-25,5.305644386398524e-25,1.601360378756593e-24
cont,Sphere,7,ES_1P1,15000,med,30,30,0.96875,0.9078859400526763,0.998346745733359,8.716981895774197e-25,8.736557707680944e-25,5.305644386398524e-25,1.601360378756593e-24
cont,Sphere,7,ES_1P1,15000,hard,30,30,0.96875,0.9078859400526763,0.998346745733359,8.716981895774197e-25,8.736557707680944e-25,5.305644386398524e-25,1.601360378756593e-24
cont,Sphere,7,FA,12000,easy,0,30,0.03125,0.0016532542666409576,0.09211405994732372,11.09519183071543,10.979535955832546,6.307865814973827,17.163834377642182
cont,Sphere,7,FA,12000,med,0,30,0.03125,0.0016532542666409576,0.09211405994732372,11.09519183071543,10.979535955832546,6.307865814973827,17.163834377642182
cont,Sphere,7,FA,12000,hard,0,30,0.03125,0.0016532542666409576,0.09211405994732372,11.09519183071543,10.979535955832546,6.307865814973827,17.163834377642182
cont,Sphere,7,FA,15000,easy,0,30,0.03125,0.0016532542666409576,0.09211405994732372,10.255596791586765,10.457157922860464,6.229920936977618,15.050868229881662
cont,Sphere,7,FA,15000,med,0,30,0.03125,0.0016532542666409576,0.09211405994732372,10.255596791586765,10.457157922860464,6.229920936977618,15.050868229881662
cont,Sphere,7,FA,15000,hard,0,30,0.03125,0.0016532542666409576,0.09211405994732372,10.255596791586765,10.457157922860464,6.229920936977618,15.050868229881662
cont,Sphere,7,GWO,12000,easy,1,30,0.0625,0.011585315861443594,0.14409039131834475,0.5173453820672431,0.5312315616155329,0.019191737016200607,1.0565102803952278
cont,Sphere,7,GWO,12000,med,0,30,0.03125,0.0016532542666409576,0.09211405994732372,0.5173453820672431,0.5312315616155329,0.019191737016200607,1.0565102803952278
cont,Sphere,7,GWO,12000,hard,0,30,0.03125,0.0016532542666409576,0.09211405994732372,0.5173453820672431,0.5312315616155329,0.019191737016200607,1.0565102803952278
cont,Sphere,7,GWO,15000,easy,1,30,0.0625,0.011585315861443594,0.14409039131834475,0.4885890915124627,0.5621449851212199,0.012028818297035473,1.0479774233938077
cont,Sphere,7,GWO,15000,med,0,30,0.03125,0.0016532542666409576,0.09211405994732372,0.4885890915124627,0.5621449851212199,0.012028818297035473,1.0479774233938077
cont,Sphere,7,GWO,15000,hard,0,30,0.03125,0.0016532542666409576,0.09211405994732372,0.4885890915124627,0.5621449851212199,0.012028818297035473,1.0479774233938077
cont,Sphere,7,MFO,12000,easy,0,30,0.03125,0.0016532542666409576,0.09211405994732372,2.319923734755946,1.3038266579883047,0.12446038476913397,10.566439408402392
cont,Sphere,7,MFO,12000,med,0,30,0.03125,0.0016532542666409576,0.09211405994732372,2.319923734755946,1.3038266579883047,0.12446038476913397,10.566439408402392
cont,Sphere,7,MFO,12000,hard,0,30,0.03125,0.0016532542666409576,0.09211405994732372,2.319923734755946,1.3038266579883047,0.12446038476913397,10.566439408402392
cont,Sphere,7,MFO,15000,easy,0,30,0.03125,0.0016532542666409576,0.09211405994732372,2.7714348402886726,1.8645203746544996,0.1899144583764442,9.445852952395818
cont,Sphere,7,MFO,15000,med,0,30,0.03125,0.0016532542666409576,0.09211405994732372,2.7714348402886726,1.8645203746544996,0.1899144583764442,9.445852952395818
cont,Sphere,7,MFO,15000,hard,0,30,0.03125,0.0016532542666409576,0.09211405994732372,2.7714348402886726,1.8645203746544996,0.1899144583764442,9.445852952395818
cont,Sphere,7,PSO_GBEST,12000,easy,29,30,0.9375,0.8559096086816552,0.9884146841385564,0.4006782403330843,7.008454245004511e-21,1.0617023764846097e-22,12.02034720999253
cont,Sphere,7,PSO_GBEST,12000,med,29,30,0.9375,0.8559096086816552,0.9884146841385564,0.4006782403330843,7.008454245004511e-21,1.0617023764846097e-22,12.02034720999253
cont,Sphere,7,PSO_GBEST,12000,hard,29,30,0.9375,0.8559096086816552,0.9884146841385564,0.4006782403330843,7.008454245004511e-21,1.0617023764846097e-22,12.02034720999253
cont,Sphere,7,PSO_GBEST,15000,easy,29,30,0.9375,0.8559096086816552,0.9884146841385564,0.23691420941361674,2.7516644732118923e-26,7.3590245398222935e-28,7.107426282408502
cont,Sphere,7,PSO_GBEST,15000,med,29,30,0.9375,0.8559096086816552,0.9884146841385564,0.23691420941361674,2.7516644732118923e-26,7.3590245398222935e-28,7.107426282408502
cont,Sphere,7,PSO_GBEST,15000,hard,29,30,0.9375,0.8559096086816552,0.9884146841385564,0.23691420941361674,2.7516644732118923e-26,7.3590245398222935e-28,7.107426282408502
cont,Sphere,7,WOA,12000,easy,30,30,0.96875,0.9078859400526763,0.998346745733359,0.0014786587167675712,0.0006981684445950827,5.893221084523506e-05,0.007844995244792466
cont,Sphere,7,WOA,12000,med,30,30,0.96875,0.9078859400526763,0.998346745733359,0.0014786587167675712,0.0006981684445950827,5.893221084523506e-05,0.007844995244792466
cont,Sphere,7,WOA,12000,hard,17,30,0.5625,0.417973431326673,0.7025127599090644,0.0014786587167675712,0.0006981684445950827,5.893221084523506e-05,0.007844995244792466
cont,Sphere,7,WOA,15000,easy,30,30,0.96875,0.9078859400526763,0.998346745733359,0.0007035969146624523,0.0003214332865521947,1.8261877883353634e-05,0.0045874605436797685
cont,Sphere,7,WOA,15000,med,30,30,0.96875,0.9078859400526763,0.998346745733359,0.0007035969146624523,0.0003214332865521947,1.8261877883353634e-05,0.0045874605436797685
cont,Sphere,7,WOA,15000,hard,25,30,0.8125,0.690356484642353,0.9121855328567512,0.0007035969146624523,0.0003214332865521947,1.8261877883353634e-05,0.0045874605436797685
cont,Sphere,9,ALO,12000,easy,0,30,0.03125,0.0016532542666409576,0.09211405994732372,19.447058725472242,21.094560457623096,9.866435557283662,32.06251986117485
cont,Sphere,9,ALO,12000,med,0,30,0.03125,0.0016532542666409576,0.09211405994732372,19.447058725472242,21.094560457623096,9.866435557283662,32.06251986117485
cont,Sphere,9,ALO,12000,hard,0,30,0.03125,0.0016532542666409576,0.09211405994732372,19.447058725472242,21.094560457623096,9.866435557283662,32.06251986117485
cont,Sphere,9,ALO,15000,easy,0,30,0.03125,0.0016532542666409576,0.09211405994732372,18.897823511191103,17.624678350130377,7.277170101384666,36.155488904612696
cont,Sphere,9,ALO,15000,med,0,30,0.03125,0.0016532542666409576,0.09211405994732372,18.897823511191103,17.624678350130377,7.277170101384666,36.155488904612696
cont,Sphere,9,ALO,15000,hard,0,30,0.03125,0.0016532542666409576,0.09211405994732372,18.897823511191103,17.624678350130377,7.277170101384666,36.155488904612696
cont,Sphere,9,BA,12000,easy,0,30,0.03125,0.0016532542666409576,0.09211405994732372,7.028758502114211,6.079566965109028,1.0669380190825535,20.01634320719338
cont,Sphere,9,BA,12000,med,0,30,0.03125,0.0016532542666409576,0.09211405994732372,7.028758502114211,6.079566965109028,1.0669380190825535,20.01634320719338
cont,Sphere,9,BA,12000,hard,0,30,0.03125,0.0016532542666409576,0.09211405994732372,7.028758502114211,6.079566965109028,1.0669380190825535,20.01634320719338
cont,Sphere,9,BA,15000,easy,1,30,0.0625,0.011585315861443594,0.14409039131834475,7.061948077065969,6.159017816269418,0.08815221782814944,27.096879788515473
cont,Sphere,9,BA,15000,med,0,30,0.03125,0.0016532542666409576,0.09211405994732372,7.061948077065969,6.159017816269418,0.08815221782814944,27.096879788515473
cont,Sphere,9,BA,15000,hard,0,30,0.03125,0.0016532542666409576,0.09211405994732372,7.061948077065969,6.159017816269418,0.08815221782814944,27.096879788515473
cont,Sphere,9,ES_1P1,12000,easy,30,30,0.96875,0.9078859400526763,0.998346745733359,9.171087342921534e-25,9.463787525789903e-25,3.8127819382011187e-25,1.6215871359820333e-24
cont,Sphere,9,ES_1P1,12000,med,30,30,0.96875,0.9078859400526763,0.998346745733359,9.171087342921534e-25,9.463787525789903e-25,3.8127819382011187e-25,1.6215871359820333e-24
cont,Sphere,9,ES_1P1,12000,hard,30,30,0.96875,0.9078859400526763,0.998346745733359,9.171087342921534e-25,9.463787525789903e-25,3.8127819382011187e-25,1.6215871359820333e-24
cont,Sphere,9,ES_1P1,15000,easy,30,30,0.96875,0.9078859400526763,0.998346745733359,9.08555843549719e-25,9.584011715008573e-25,1.459621197802353e-25,1.2930793486824219e-24
cont,Sphere,9,ES_1P1,15000,med,30,30,0.96875,0.9078859400526763,0.998346745733359,9.08555843549719e-25,9.584011715008573e-25,1.459621197802353e-25,1.2930793486824219e-24
cont,Sphere,9,ES_1P1,15000,hard,30,30,0.96875,0.9078859400526763,0.998346745733359,9.08555843549719e-25,9.584011715008573e-25,1.459621197802353e-25,1.2930793486824219e-24
cont,Sphere,9,FA,12000,easy,0,30,0.03125,0.0016532542666409576,0.09211405994732372,10.428639893043826,10.99046403124355,4.729940271872534,15.140706987926341
cont,Sphere,9,FA,12000,med,0,30,0.03125,0.0016532542666409576,0.09211405994732372,10.428639893043826,10.99046403124355,4.729940271872534,15.140706987926341
cont,Sphere,9,FA,12000,hard,0,30,0.03125,0.0016532542666409576,0.09211405994732372,10.428639893043826,10.99046403124355,4.729940271872534,15.140706987926341
cont,Sphere,9,FA,15000,easy,0,30,0.03125,0.0016532542666409576,0.09211405994732372,10.060728730587067,10.075921780081128,4.303473468681002,15.104596404478231
cont,Sphere,9,FA,15000,med,0,30,0.03125,0.0016532542666409576,0.09211405994732372,10.060728730587067,10.075921780081128,4.303473468681002,15.104596404478231
cont,Sphere,9,FA,15000,hard,0,30,0.03125,0.0016532542666409576,0.09211405994732372,10.060728730587067,10.075921780081128,4.303473468681002,15.104596404478231
cont,Sphere,9,GWO,12000,easy,6,30,0.21875,0.11108877125926007,0.3466525437888071,0.4170852255540847,0.3736420412932089,6.577924006040914e-05,1.105842916627983
cont,Sphere,9,GWO,12000,med,5,30,0.1875,0.08781446714324878,0.30964351535764695,0.4170852255540847,0.3736420412932089,6.577924006040914e-05,1.105842916627983
cont,Sphere,9,GWO,12000,hard,5,30,0.1875,0.08781446714324878,0.30964351535764695,0.4170852255540847,0.3736420412932089,6.577924006040914e-05,1.105842916627983
cont,Sphere,9,GWO,15000,easy,4,30,0.15625,0.06578047054601774,0.2713711815575147,0.5252942879978891,0.6309332105244447,1.1217154552203407e-05,1.1054836841095927
cont,Sphere,9,GWO,15000,med,4,30,0.15625,0.06578047054601774,0.2713711815575147,0.5252942879978891,0.6309332105244447,1.1217154552203407e-05,1.1054836841095927
cont,Sphere,9,GWO,15000,hard,3,30,0.125,0.04530017302264189,0.23150297514336832,0.5252942879978891,0.6309332105244447,1.1217154552203407e-05,1.1054836841095927
cont,Sphere,9,MFO,12000,easy,0,30,0.03125,0.0016532542666409576,0.09211405994732372,2.0961204197049765,1.461941553743858,0.31783242131141826,11.653141102158253
cont,Sphere,9,MFO,12000,med,0,30,0.03125,0.0016532542666409576,0.09211405994732372,2.0961204197049765,1.461941553743858,0.31783242131141826,11.653141102158253
cont,Sphere,9,MFO,12000,hard,0,30,0.03125,0.0016532542666409576,0.09211405994732372,2.0961204197049765,1.461941553743858,0.31783242131141826,11.653141102158253
cont,Sphere,9,MFO,15000,easy,1,30,0.0625,0.011585315861443594,0.14409039131834475,1.8235260189131615,1.7570619432186119,0.05620294113749999,8.497236838750128
cont,Sphere,9,MFO,15000,med,0,30,0.03125,0.0016532542666409576,0.09211405994732372,1.8235260189131615,1.7570619432186119,0.05620294113749999,8.497236838750128
cont,Sphere,9,MFO,15000,hard,0,30,0.03125,0.0016532542666409576,0.09211405994732372,1.8235260189131615,1.7570619432186119,0.05620294113749999,8.497236838750128
cont,Sphere,9,PSO_GBEST,12000,easy,29,30,0.9375,0.8559096086816552,0.9884146841385564,0.15693927873353436,3.105897418632315e-21,2.944613264010172e-22,4.708178362006031
cont,Sphere,9,PSO_GBEST,12000,med,29,30,0.9375,0.8559096086816552,0.9884146841385564,0.15693927873353436,3.105897418632315e-21,2.944613264010172e-22,4.708178362006031
cont,Sphere,9,PSO_GBEST,12000,hard,29,30,0.9375,0.8559096086816552,0.9884146841385564,0.15693927873353436,3.105897418632315e-21,2.944613264010172e-22,4.708178362006031
cont,Sphere,9,PSO_GBEST,15000,easy,28,30,0.90625,0.8105355325744613,0.9730998803088509,0.48049606982869136,3.439006452539144e-26,1.8455770656194894e-27,9.70670373285471
cont,Sphere,9,PSO_GBEST,15000,med,28,30,0.90625,0.8105355325744613,0.9730998803088509,0.48049606982869136,3.439006452539144e-26,1.8455770656194894e-27,9.70670373285471
cont,Sphere,9,PSO_GBEST,15000,hard,28,30,0.90625,0.8105355325744613,0.9730998803088509,0.48049606982869136,3.439006452539144e-26,1.8455770656194894e-27,9.70670373285471
cont,Sphere,9,WOA,12000,easy,30,30,0.96875,0.9078859400526763,0.998346745733359,0.00018567791349126064,8.490792706251525e-05,1.9298400641645477e-05,0.0006918347703043073
cont,Sphere,9,WOA,12000,med,30,30,0.96875,0.9078859400526763,0.998346745733359,0.00018567791349126064,8.490792706251525e-05,1.9298400641645477e-05,0.0006918347703043073
cont,Sphere,9,WOA,12000,hard,30,30,0.96875,0.9078859400526763,0.998346745733359,0.00018567791349126064,8.490792706251525e-05,1.9298400641645477e-05,0.0006918347703043073
cont,Sphere,9,WOA,15000,easy,30,30,0.96875,0.9078859400526763,0.998346745733359,5.1865184582764884e-05,3.5181652442647205e-05,2.8786124842071396e-06,0.00022915829132880475
cont,Sphere,9,WOA,15000,med,30,30,0.96875,0.9078859400526763,0.998346745733359,5.1865184582764884e-05,3.5181652442647205e-05,2.8786124842071396e-06,0.00022915829132880475
cont,Sphere,9,WOA,15000,hard,30,30,0.96875,0.9078859400526763,0.998346745733359,5.1865184582764884e-05,3.5181652442647205e-05,2.8786124842071396e-06,0.00022915829132880475
cont,Sphere,10,ALO,12000,easy,0,30,0.03125,0.0016532542666409576,0.09211405994732372,18.48412004272194,18.098862161930672,4.181222427065406,34.664168921861005
cont,Sphere,10,ALO,12000,med,0,30,0.03125,0.0016532542666409576,0.09211405994732372,18.48412004272194,18.098862161930672,4.181222427065406,34.664168921861005
cont,Sphere,10,ALO,12000,hard,0,30,0.03125,0.0016532542666409576,0.09211405994732372,18.48412004272194,18.098862161930672,4.181222427065406,34.664168921861005
cont,Sphere,10,ALO,15000,easy,0,30,0.03125,0.0016532542666409576,0.09211405994732372,19.20606205098979,20.222148261455875,4.5504689832575576,32.84233459197505
cont,Sphere,10,ALO,15000,med,0,30,0.03125,0.0016532542666409576,0.09211405994732372,19.20606205098979,20.222148261455875,4.5504689832575576,32.84233459197505
cont,Sphere,10,ALO,15000,hard,0,30,0.03125,0.0016532542666409576,0.09211405994732372,19.20606205098979,20.222148261455875,4.5504689832575576,32.84233459197505
cont,Sphere,10,BA,12000,easy,0,30,0.03125,0.0016532542666409576,0.09211405994732372,8.47358963344016,8.673909390049186,0.673351348999077,22.798152721831062
cont,Sphere,10,BA,12000,med,0,30,0.03125,0.0016532542666409576,0.09211405994732372,8.47358963344016,8.673909390049186,0.673351348999077,22.798152721831062
cont,Sphere,10,BA,12000,hard,0,30,0.03125,0.0016532542666409576,0.09211405994732372,8.47358963344016,8.673909390049186,0.673351348999077,22.798152721831062
cont,Sphere,10,BA,15000,easy,0,30,0.03125,0.0016532542666409576,0.09211405994732372,7.183294038307789,5.931782713919846,0.4940888682882017,18.218721054698168
cont,Sphere,10,BA,15000,med,0,30,0.03125,0.0016532542666409576,0.09211405994732372,7.183294038307789,5.931782713919846,0.4940888682882017,18.218721054698168
cont,Sphere,10,BA,15000,hard,0,30,0.03125,0.0016532542666409576,0.09211405994732372,7.183294038307789,5.931782713919846,0.4940888682882017,18.218721054698168
cont,Sphere,10,ES_1P1,12000,easy,30,30,0.96875,0.9078859400526763,0.998346745733359,9.339810256858934e-25,9.387542023888512e-25,3.7090983749019444e-25,1.3412375843944224e-24
cont,Sphere,10,ES_1P1,12000,med,30,30,0.96875,0.9078859400526763,0.998346745733359,9.339810256858934e-25,9.387542023888512e-25,3.7090983749019444e-25,1.3412375843944224e-24
cont,Sphere,10,ES_1P1,12000,hard,30,30,0.96875,0.9078859400526763,0.998346745733359,9.339810256858934e-25,9.387542023888512e-25,3.7090983749019444e-25,1.3412375843944224e-24
cont,Sphere,10,ES_1P1,15000,easy,30,30,0.96875,0.9078859400526763,0.998346745733359,9.168736007408055e-25,9.832161193958739e-25,2.5024513108571613e-25,1.427342023370232e-24
cont,Sphere,10,ES_1P1,15000,med,30,30,0.96875,0.9078859400526763,0.998346745733359,9.168736007408055e-25,9.832161193958739e-25,2.5024513108571613e-25,1.427342023370232e-24
cont,Sphere,10,ES_1P1,15000,hard,30,30,0.96875,0.9078859400526763,0.998346745733359,9.168736007408055e-25,9.832161193958739e-25,2.5024513108571613e-25,1.427342023370232e-24
cont,Sphere,10,FA,12000,easy,0,30,0.03125,0.0016532542666409576,0.09211405994732372,11.70363327870061,11.69985978092457,6.104637796900706,15.970829366051756
cont,Sphere,10,FA,12000,med,0,30,0.03125,0.0016532542666409576,0.09211405994732372,11.70363327870061,11.69985978092457,6.104637796900706,15.970829366051756
cont,Sphere,10,FA,12000,hard,0,30,0.03125,0.0016532542666409576,0.09211405994732372,11.70363327870061,11.69985978092457,6.104637796900706,15.970829366051756
cont,Sphere,10,FA,15000,easy,0,30,0.03125,0.0016532542666409576,0.09211405994732372,11.037204064696741,11.639487020439171,7.167814437967673,15.279591140582555
cont,Sphere,10,FA,15000,med,0,30,0.03125,0.0016532542666409576,0.09211405994732372,11.037204064696741,11.639487020439171,7.167814437967673,15.279591140582555
cont,Sphere,10,FA,15000,hard,0,30,0.03125,0.0016532542666409576,0.09211405994732372,11.037204064696741,11.639487020439171,7.167814437967673,15.279591140582555
cont,Sphere,10,GWO,12000,easy,5,30,0.1875,0.08781446714324878,0.30964351535764695,0.27774554649457206,0.1570231629864142,4.068042038207251e-05,0.8905249819125929
cont,Sphere,10,GWO,12000,med,5,30,0.1875,0.08781446714324878,0.30964351535764695,0.27774554649457206,0.1570231629864142,4.068042038207251e-05,0.8905249819125929
cont,Sphere,10,GWO,12000,hard,5,30,0.1875,0.08781446714324878,0.30964351535764695,0.27774554649457206,0.1570231629864142,4.068042038207251e-05,0.8905249819125929
cont,Sphere,10,GWO,15000,easy,5,30,0.1875,0.08781446714324878,0.30964351535764695,0.3043687842043024,0.1578658329683786,7.780265672661536e-05,0.8991182922957954
cont,Sphere,10,GWO,15000,med,5,30,0.1875,0.08781446714324878,0.30964351535764695,0.3043687842043024,0.1578658329683786,7.780265672661536e-05,0.8991182922957954
cont,Sphere,10,GWO,15000,hard,5,30,0.1875,0.08781446714324878,0.30964351535764695,0.3043687842043024,0.1578658329683786,7.780265672661536e-05,0.8991182922957954
cont,Sphere,10,MFO,12000,easy,0,30,0.03125,0.0016532542666409576,0.09211405994732372,1.6091373367421444,1.368707270335972,0.21110776943618223,4.551895714065464
cont,Sphere,10,MFO,12000,med,0,30,0.03125,0.0016532542666409576,0.09211405994732372,1.6091373367421444,1.368707270335972,0.21110776943618223,4.551895714065464
cont,Sphere,10,MFO,12000,hard,0,30,0.03125,0.0016532542666409576,0.09211405994732372,1.6091373367421444,1.368707270335972,0.21110776943618223,4.551895714065464
cont,Sphere,10,MFO,15000,easy,0,30,0.03125,0.0016532542666409576,0.09211405994732372,1.7654357165886823,1.1687573622167515,0.2481745013889238,6.7506705841265715
cont,Sphere,10,MFO,15000,med,0,30,0.03125,0.0016532542666409576,0.09211405994732372,1.7654357165886823,1.1687573622167515,0.2481745013889238,6.7506705841265715
cont,Sphere,10,MFO,15000,hard,0,30,0.03125,0.0016532542666409576,0.09211405994732372,1.7654357165886823,1.1687573622167515,0.2481745013889238,6.7506705841265715
cont,Sphere,10,PSO_GBEST,12000,easy,30,30,0.96875,0.9078859400526763,0.998346745733359,2.9753292923873407e-20,1.1295807861133407e-20,4.006075879003111e-23,1.9655163648826312e-19
cont,Sphere,10,PSO_GBEST,12000,med,30,30,0.96875,0.9078859400526763,0.998346745733359,2.9753292923873407e-20,1.1295807861133407e-20,4.006075879003111e-23,1.9655163648826312e-19
cont,Sphere,10,PSO_GBEST,12000,hard,30,30,0.96875,0.9078859400526763,0.998346745733359,2.9753292923873407e-20,1.1295807861133407e-20,4.006075879003111e-23,1.9655163648826312e-19
cont,Sphere,10,PSO_GBEST,15000,easy,29,30,0.9375,0.8559096086816552,0.9884146841385564,0.23063755805407654,1.7717891427717745e-26,1.6113593324787133e-27,6.919126741622296
cont,Sphere,10,PSO_GBEST,15000,med,29,30,0.9375,0.8559096086816552,0.9884146841385564,0.23063755805407654,1.7717891427717745e-26,1.6113593324787133e-27,6.919126741622296
cont,Sphere,10,PSO_GBEST,15000,hard,29,30,0.9375,0.8559096086816552,0.9884146841385564,0.23063755805407654,1.7717891427717745e-26,1.6113593324787133e-27,6.919126741622296
cont,Sphere,10,WOA,12000,easy,30,30,0.96875,0.9078859400526763,0.998346745733359,0.000288970390126404,0.00012812472104546695,9.962652982706039e-06,0.0019144817860294798
cont,Sphere,10,WOA,12000,med,30,30,0.96875,0.9078859400526763,0.998346745733359,0.000288970390126404,0.00012812472104546695,9.962652982706039e-06,0.0019144817860294798
cont,Sphere,10,WOA,12000,hard,28,30,0.90625,0.8105355325744613,0.9730998803088509,0.000288970390126404,0.00012812472104546695,9.962652982706039e-06,0.0019144817860294798
cont,Sphere,10,WOA,15000,easy,30,30,0.96875,0.9078859400526763,0.998346745733359,7.896421454807346e-05,5.815647273443246e-05,4.630618856350693e-06,0.0002800158279307993
cont,Sphere,10,WOA,15000,med,30,30,0.96875,0.9078859400526763,0.998346745733359,7.896421454807346e-05,5.815647273443246e-05,4.630618856350693e-06,0.0002800158279307993
cont,Sphere,10,WOA,15000,hard,30,30,0.96875,0.9078859400526763,0.998346745733359,7.896421454807346e-05,5.815647273443246e-05,4.630618856350693e-06,0.0002800158279307993
cont,Sphere,11,ALO,12000,easy,0,30,0.03125,0.0016532542666409576,0.09211405994732372,19.72897288526549,21.336407198963002,2.4738293237636846,32.528265629226105
cont,Sphere,11,ALO,12000,med,0,30,0.03125,0.0016532542666409576,0.09211405994732372,19.72897288526549,21.336407198963002,2.4738293237636846,32.528265629226105
cont,Sphere,11,ALO,12000,hard,0,30,0.03125,0.0016532542666409576,0.09211405994732372,19.72897288526549,21.336407198963002,2.4738293237636846,32.528265629226105
cont,Sphere,11,ALO,15000,easy,0,30,0.03125,0.0016532542666409576,0.09211405994732372,16.91721468200287,16.565763828981396,4.065977467853552,31.384520635275365
cont,Sphere,11,ALO,15000,med,0,30,0.03125,0.0016532542666409576,0.09211405994732372,16.91721468200287,16.565763828981396,4.065977467853552,31.384520635275365
cont,Sphere,11,ALO,15000,hard,0,30,0.03125,0.0016532542666409576,0.09211405994732372,16.91721468200287,16.565763828981396,4.065977467853552,31.384520635275365
cont,Sphere,11,BA,12000,easy,0,30,0.03125,0.0016532542666409576,0.09211405994732372,6.658419747280242,6.1665562811018315,0.12370548217961279,13.190533762415523
cont,Sphere,11,BA,12000,med,0,30,0.03125,0.0016532542666409576,0.09211405994732372,6.658419747280242,6.1665562811018315,0.12370548217961279,13.190533762415523
cont,Sphere,11,BA,12000,hard,0,30,0.03125,0.0016532542666409576,0.09211405994732372,6.658419747280242,6.1665562811018315,0.12370548217961279,13.190533762415523
cont,Sphere,11,BA,15000,easy,0,30,0.03125,0.0016532542666409576,0.09211405994732372,3.918476037686667,3.8477528983610436,0.3233650730167704,9.37418618635137
cont,Sphere,11,BA,15000,med,0,30,0.03125,0.0016532542666409576,0.09211405994732372,3.918476037686667,3.8477528983610436,0.3233650730167704,9.37418618635137
cont,Sphere,11,BA,15000,hard,0,30,0.03125,0.0016532542666409576,0.09211405994732372,3.918476037686667,3.8477528983610436,0.3233650730167704,9.37418618635137
cont,Sphere,11,ES_1P1,12000,easy,30,30,0.96875,0.9078859400526763,0.998346745733359,1.021895827947182e-24,1.0116903888816366e-24,4.376209677351133e-25,1.4887907287684116e-24
cont,Sphere,11,ES_1P1,12000,med,30,30,0.96875,0.9078859400526763,0.998346745733359,1.021895827947182e-24,1.0116903888816366e-24,4.376209677351133e-25,1.4887907287684116e-24
cont,Sphere,11,ES_1P1,12000,hard,30,30,0.96875,0.9078859400526763,0.998346745733359,1.021895827947182e-24,1.0116903888816366e-24,4.376209677351133e-25,1.4887907287684116e-24
cont,Sphere,11,ES_1P1,15000,easy,30,30,0.96875,0.9078859400526763,0.998346745733359,9.117698703644422e-25,9.098917544042634e-25,2.6620755354693644e-25,1.3291484458666779e-24
cont,Sphere,11,ES_1P1,15000,med,30,30,0.96875,0.9078859400526763,0.998346745733359,9.117698703644422e-25,9.098917544042634e-25,2.6620755354693644e-25,1.3291484458666779e-24
cont,Sphere,11,ES_1P1,15000,hard,30,30,0.96875,0.9078859400526763,0.998346745733359,9.117698703644422e-25,9.098917544042634e-25,2.6620755354693644e-25,1.3291484458666779e-24
cont,Sphere,11,FA,12000,easy,0,30,0.03125,0.0016532542666409576,0.09211405994732372,9.865729867725483,9.832487969065042,4.92202556706557,17.71867092251702
cont,Sphere,11,FA,12000,med,0,30,0.03125,0.0016532542666409576,0.09211405994732372,9.865729867725483,9.832487969065042,4.92202556706557,17.71867092251702
cont,Sphere,11,FA,12000,hard,0,30,0.03125,0.0016532542666409576,0.09211405994732372,9.865729867725483,9.832487969065042,4.92202556706557,17.71867092251702
cont,Sphere,11,FA,15000,easy,0,30,0.03125,0.0016532542666409576,0.09211405994732372,10.571402620234311,11.140139979639962,4.03292454221011,16.493211131308836
cont,Sphere,11,FA,15000,med,0,30,0.03125,0.0016532542666409576,0.09211405994732372,10.571402620234311,11.140139979639962,4.03292454221011,16.493211131308836
cont,Sphere,11,FA,15000,hard,0,30,0.03125,0.0016532542666409576,0.09211405994732372,10.571402620234311,11.140139979639962,4.03292454221011,16.493211131308836
cont,Sphere,11,GWO,12000,easy,8,30,0.28125,0.16061109125637793,0.4176603337442609,0.15768366848791399,0.103083330698162,0.039485054698562706,0.554521204217354
cont,Sphere,11,GWO,12000,med,0,30,0.03125,0.0016532542666409576,0.09211405994732372,0.15768366848791399,0.103083330698162,0.039485054698562706,0.554521204217354
cont,Sphere,11,GWO,12000,hard,0,30,0.03125,0.0016532542666409576,0.09211405994732372,0.15768366848791399,0.103083330698162,0.039485054698562706,0.554521204217354
cont,Sphere,11,GWO,15000,easy,5,30,0.1875,0.08781446714324878,0.30964351535764695,0.18720110055900127,0.17174685956867314,0.0432890989609668,0.31336210625087907
cont,Sphere,11,GWO,15000,med,0,30,0.03125,0.0016532542666409576,0.09211405994732372,0.18720110055900127,0.17174685956867314,0.0432890989609668,0.31336210625087907
cont,Sphere,11,GWO,15000,hard,0,30,0.03125,0.0016532542666409576,0.09211405994732372,0.18720110055900127,0.17174685956867314,0.0432890989609668,0.31336210625087907
cont,Sphere,11,MFO,12000,easy,0,30,0.03125,0.0016532542666409576,0.09211405994732372,1.6972572224891154,1.16614022077286,0.1979259076668578,7.29289423592266
cont,Sphere,11,MFO,12000,med,0,30,0.03125,0.0016532542666409576,0.09211405994732372,1.6972572224891154,1.16614022077286,0.1979259076668578,7.29289423592266
cont,Sphere,11,MFO,12000,hard,0,30,0.03125,0.0016532542666409576,0.09211405994732372,1.6972572224891154,1.16614022077286,0.1979259076668578,7.29289423592266
cont,Sphere,11,MFO,15000,easy,2,30,0.09375,0.02690011969114915,0.18946446742553866,1.811121979872989,1.4996163364796649,0.08849376930097802,8.116266451791951
cont,Sphere,11,MFO,15000,med,0,30,0.03125,0.0016532542666409576,0.09211405994732372,1.811121979872989,1.4996163364796649,0.08849376930097802,8.116266451791951
cont,Sphere,11,MFO,15000,hard,0,30,0.03125,0.0016532542666409576,0.09211405994732372,1.811121979872989,1.4996163364796649,0.08849376930097802,8.116266451791951
cont,Sphere,11,PSO_GBEST,12000,easy,30,30,0.96875,0.9078859400526763,0.998346745733359,3.996741560237326e-20,7.169501944568816e-21,2.2680528916297533e-22,4.530153505414584e-19
cont,Sphere,11,PSO_GBEST,12000,med,30,30,0.96875,0.9078859400526763,0.998346745733359,3.996741560237326e-20,7.169501944568816e-21,2.2680528916297533e-22,4.530153505414584e-19
cont,Sphere,11,PSO_GBEST,12000,hard,30,30,0.96875,0.9078859400526763,0.998346745733359,3.996741560237326e-20,7.169501944568816e-21,2.2680528916297533e-22,4.530153505414584e-19
cont,Sphere,11,PSO_GBEST,15000,easy,30,30,0.96875,0.9078859400526763,0.998346745733359,8.0083281573132e-26,3.811074624416579e-26,1.437450939988457e-27,6.3301275746538745e-25
cont,Sphere,11,PSO_GBEST,15000,med,30,30,0.96875,0.9078859400526763,0.998346745733359,8.0083281573132e-26,3.811074624416579e-26,1.437450939988457e-27,6.3301275746538745e-25
cont,Sphere,11,PSO_GBEST,15000,hard,30,30,0.96875,0.9078859400526763,0.998346745733359,8.0083281573132e-26,3.811074624416579e-26,1.437450939988457e-27,6.3301275746538745e-25
cont,Sphere,11,WOA,12000,easy,30,30,0.96875,0.9078859400526763,0.998346745733359,0.0002828170080517867,0.00014631979827657042,1.2754183172997205e-05,0.0015894732919654719
cont,Sphere,11,WOA,12000,med,30,30,0.96875,0.9078859400526763,0.998346745733359,0.0002828170080517867,0.00014631979827657042,1.2754183172997205e-05,0.0015894732919654719
cont,Sphere,11,WOA,12000,hard,28,30,0.90625,0.8105355325744613,0.9730998803088509,0.0002828170080517867,0.00014631979827657042,1.2754183172997205e-05,0.0015894732919654719
cont,Sphere,11,WOA,15000,easy,30,30,0.96875,0.9078859400526763,0.998346745733359,0.0002614985611835708,0.0001225475178430775,7.986676518585414e-06,0.0018521965366580734
cont,Sphere,11,WOA,15000,med,30,30,0.96875,0.9078859400526763,0.998346745733359,0.0002614985611835708,0.0001225475178430775,7.986676518585414e-06,0.0018521965366580734
cont,Sphere,11,WOA,15000,hard,28,30,0.90625,0.8105355325744613,0.9730998803088509,0.0002614985611835708,0.0001225475178430775,7.986676518585414e-06,0.0018521965366580734
cont,Sphere,12,ALO,12000,easy,0,30,0.03125,0.0016532542666409576,0.09211405994732372,24.265504064398304,23.939589882374804,2.3806536804991048,42.38129510086857
cont,Sphere,12,ALO,12000,med,0,30,0.03125,0.0016532542666409576,0.09211405994732372,24.265504064398304,23.939589882374804,2.3806536804991048,42.38129510086857
cont,Sphere,12,ALO,12000,hard,0,30,0.03125,0.0016532542666409576,0.09211405994732372,24.265504064398304,23.939589882374804,2.3806536804991048,42.38129510086857
cont,Sphere,12,ALO,15000,easy,0,30,0.03125,0.0016532542666409576,0.09211405994732372,19.494546520436042,18.290342272792685,6.947064729375714,45.17396229005749
cont,Sphere,12,ALO,15000,med,0,30,0.03125,0.0016532542666409576,0.09211405994732372,19.494546520436042,18.290342272792685,6.947064729375714,45.17396229005749
cont,Sphere,12,ALO,15000,hard,0,30,0.03125,0.0016532542666409576,0.09211405994732372,19.494546520436042,18.290342272792685,6.947064729375714,45.17396229005749
cont,Sphere,12,BA,12000,easy,0,30,0.03125,0.0016532542666409576,0.09211405994732372,13.102493004217488,13.817194424133515,1.1708810619445957,24.51964131213562
cont,Sphere,12,BA,12000,med,0,30,0.03125,0.0016532542666409576,0.09211405994732372,13.102493004217488,13.817194424133515,1.1708810619445957,24.51964131213562
cont,Sphere,12,BA,12000,hard,0,30,0.03125,0.0016532542666409576,0.09211405994732372,13.102493004217488,13.817194424133515,1.1708810619445957,24.51964131213562
cont,Sphere,12,BA,15000,easy,1,30,0.0625,0.011585315861443594,0.14409039131834475,8.740574474281306,8.012626207920462,2.195276488294348e-06,29.06649396579694
cont,Sphere,12,BA,15000,med,1,30,0.0625,0.011585315861443594,0.14409039131834475,8.740574474281306,8.012626207920462,2.195276488294348e-06,29.06649396579694
cont,Sphere,12,BA,15000,hard,1,30,0.0625,0.011585315861443594,0.14409039131834475,8.740574474281306,8.012626207920462,2.195276488294348e-06,29.06649396579694
cont,Sphere,12,ES_1P1,12000,easy,30,30,0.96875,0.9078859400526763,0.998346745733359,9.530031498872441e-25,9.131863483895594e-25,6.183219872574752e-25,1.3862971005150049e-24
cont,Sphere,12,ES_1P1,12000,med,30,30,0.96875,0.9078859400526763,0.998346745733359,9.530031498872441e-25,9.131863483895594e-25,6.183219872574752e-25,1.3862971005150049e-24
cont,Sphere,12,ES_1P1,12000,hard,30,30,0.96875,0.9078859400526763,0.998346745733359,9.530031498872441e-25,9.131863483895594e-25,6.183219872574752e-25,1.3862971005150049e-24
cont,Sphere,12,ES_1P1,15000,easy,30,30,0.96875,0.9078859400526763,0.998346745733359,9.886580142072014e-25,1.0273808361383424e-24,4.902475350221592e-25,1.5974033476854155e-24
cont,Sphere,12,ES_1P1,15000,med,30,30,0.96875,0.9078859400526763,0.998346745733359,9.886580142072014e-25,1.0273808361383424e-24,4.902475350221592e-25,1.5974033476854155e-24
cont,Sphere,12,ES_1P1,15000,hard,30,30,0.96875,0.9078859400526763,0.998346745733359,9.886580142072014e-25,1.0273808361383424e-24,4.902475350221592e-25,1.5974033476854155e-24
cont,Sphere,12,FA,12000,easy,0,30,0.03125,0.0016532542666409576,0.09211405994732372,9.949489820782011,9.521379545014675,4.849128094730751,15.208014667992318
cont,Sphere,12,FA,12000,med,0,30,0.03125,0.0016532542666409576,0.09211405994732372,9.949489820782011,9.521379545014675,4.849128094730751,15.208014667992318
cont,Sphere,12,FA,12000,hard,0,30,0.03125,0.0016532542666409576,0.09211405994732372,9.949489820782011,9.521379545014675,4.849128094730751,15.208014667992318
cont,Sphere,12,FA,15000,easy,0,30,0.03125,0.0016532542666409576,0.09211405994732372,9.58723140688303,9.722533962119396,5.1159939424931045,14.231203371568931
cont,Sphere,12,FA,15000,med,0,30,0.03125,0.0016532542666409576,0.09211405994732372,9.58723140688303,9.722533962119396,5.1159939424931045,14.231203371568931
cont,Sphere,12,FA,15000,hard,0,30,0.03125,0.0016532542666409576,0.09211405994732372,9.58723140688303,9.722533962119396,5.1159939424931045,14.231203371568931
cont,Sphere,12,GWO,12000,easy,0,30,0.03125,0.0016532542666409576,0.09211405994732372,0.24896976278572686,0.2679423064386713,0.11113235673809357,0.28156745416467666
cont,Sphere,12,GWO,12000,med,0,30,0.03125,0.0016532542666409576,0.09211405994732372,0.24896976278572686,0.2679423064386713,0.11113235673809357,0.28156745416467666
cont,Sphere,12,GWO,12000,hard,0,30,0.03125,0.0016532542666409576,0.09211405994732372,0.24896976278572686,0.2679423064386713,0.11113235673809357,0.28156745416467666
cont,Sphere,12,GWO,15000,easy,2,30,0.09375,0.02690011969114915,0.18946446742553866,0.22862353246400416,0.2679799747136493,0.003950939448231174,0.26994534460961855
cont,Sphere,12,GWO,15000,med,1,30,0.0625,0.011585315861443594,0.14409039131834475,0.22862353246400416,0.2679799747136493,0.003950939448231174,0.26994534460961855
cont,Sphere,12,GWO,15000,hard,0,30,0.03125,0.0016532542666409576,0.09211405994732372,0.22862353246400416,0.2679799747136493,0.003950939448231174,0.26994534460961855
cont,Sphere,12,MFO,12000,easy,0,30,0.03125,0.0016532542666409576,0.09211405994732372,2.5234032283917665,2.1011834279446524,0.16856984314645662,9.93564803138393
cont,Sphere,12,MFO,12000,med,0,30,0.03125,0.0016532542666409576,0.09211405994732372,2.5234032283917665,2.1011834279446524,0.16856984314645662,9.93564803138393
cont,Sphere,12,MFO,12000,hard,0,30,0.03125,0.0016532542666409576,0.09211405994732372,2.5234032283917665,2.1011834279446524,0.16856984314645662,9.93564803138393
cont,Sphere,12,MFO,15000,easy,0,30,0.03125,0.0016532542666409576,0.09211405994732372,2.228798545994416,1.727166314842417,0.16557350750010158,8.604010786920982
cont,Sphere,12,MFO,15000,med,0,30,0.03125,0.0016532542666409576,0.09211405994732372,2.228798545994416,1.727166314842417,0.16557350750010158,8.604010786920982
cont,Sphere,12,MFO,15000,hard,0,30,0.03125,0.0016532542666409576,0.09211405994732372,2.228798545994416,1.727166314842417,0.16557350750010158,8.604010786920982
cont,Sphere,12,PSO_GBEST,12000,easy,25,30,0.8125,0.690356484642353,0.9121855328567512,1.0244617172835644,7.486844482624886e-21,5.698080497875977e-22,9.801296018685715
cont,Sphere,12,PSO_GBEST,12000,med,25,30,0.8125,0.690356484642353,0.9121855328567512,1.0244617172835644,7.486844482624886e-21,5.698080497875977e-22,9.801296018685715
cont,Sphere,12,PSO_GBEST,12000,hard,25,30,0.8125,0.690356484642353,0.9121855328567512,1.0244617172835644,7.486844482624886e-21,5.698080497875977e-22,9.801296018685715
cont,Sphere,12,PSO_GBEST,15000,easy,27,30,0.875,0.7684970248566316,0.9546998269773581,0.6305029791359087,8.938135022791418e-26,9.27863743399194e-28,9.801296018685715
cont,Sphere,12,PSO_GBEST,15000,med,27,30,0.875,0.7684970248566316,0.9546998269773581,0.6305029791359087,8.938135022791418e-26,9.27863743399194e-28,9.801296018685715
cont,Sphere,12,PSO_GBEST,15000,hard,27,30,0.875,0.7684970248566316,0.9546998269773581,0.6305029791359087,8.938135022791418e-26,9.27863743399194e-28,9.801296018685715
cont,Sphere,12,WOA,12000,easy,30,30,0.96875,0.9078859400526763,0.998346745733359,0.0011326803792815305,0.0009513962815644202,4.210918811561934e-06,0.003367619776380484
cont,Sphere,12,WOA,12000,med,30,30,0.96875,0.9078859400526763,0.998346745733359,0.0011326803792815305,0.0009513962815644202,4.210918811561934e-06,0.003367619776380484
cont,Sphere,12,WOA,12000,hard,17,30,0.5625,0.417973431326673,0.7025127599090644,0.0011326803792815305,0.0009513962815644202,4.210918811561934e-06,0.003367619776380484
cont,Sphere,12,WOA,15000,easy,30,30,0.96875,0.9078859400526763,0.998346745733359,0.0005213969656310899,0.00025049068274485964,3.596522723799102e-06,0.0033120056574491813
cont,Sphere,12,WOA,15000,med,30,30,0.96875,0.9078859400526763,0.998346745733359,0.0005213969656310899,0.00025049068274485964,3.596522723799102e-06,0.0033120056574491813
cont,Sphere,12,WOA,15000,hard,27,30,0.875,0.7684970248566316,0.9546998269773581,0.0005213969656310899,0.00025049068274485964,3.596522723799102e-06,0.0033120056574491813
cont,Sphere,13,ALO,12000,easy,0,30,0.03125,0.0016532542666409576,0.09211405994732372,21.586625003077803,20.850782888701914,9.825143285145673,54.06488280840968
cont,Sphere,13,ALO,12000,med,0,30,0.03125,0.0016532542666409576,0.09211405994732372,21.586625003077803,20.850782888701914,9.825143285145673,54.06488280840968
cont,Sphere,13,ALO,12000,hard,0,30,0.03125,0.0016532542666409576,0.09211405994732372,21.586625003077803,20.850782888701914,9.825143285145673,54.06488280840968
cont,Sphere,13,ALO,15000,easy,0,30,0.03125,0.0016532542666409576,0.09211405994732372,18.889199720404257,19.553413434252683,6.882449957383245,33.41665521772515
cont,Sphere,13,ALO,15000,med,0,30,0.03125,0.0016532542666409576,0.09211405994732372,18.889199720404257,19.553413434252683,6.882449957383245,33.41665521772515
cont,Sphere,13,ALO,15000,hard,0,30,0.03125,0.0016532542666409576,0.09211405994732372,18.889199720404257,19.553413434252683,6.882449957383245,33.41665521772515
cont,Sphere,13,BA,12000,easy,0,30,0.03125,0.0016532542666409576,0.09211405994732372,8.685911751813538,8.285884495445057,1.321742119920198,20.33729086290159
cont,Sphere,13,BA,12000,med,0,30,0.03125,0.0016532542666409576,0.09211405994732372,8.685911751813538,8.285884495445057,1.321742119920198,20.33729086290159
cont,Sphere,13,BA,12000,hard,0,30,0.03125,0.0016532542666409576,0.09211405994732372,8.685911751813538,8.285884495445057,1.321742119920198,20.33729086290159
cont,Sphere,13,BA,15000,easy,1,30,0.0625,0.011585315861443594,0.14409039131834475,5.443303548042718,4.447714794957474,2.963929357887771e-06,22.04024688151773
cont,Sphere,13,BA,15000,med,1,30,0.0625,0.011585315861443594,0.14409039131834475,5.443303548042718,4.447714794957474,2.963929357887771e-06,22.04024688151773
cont,Sphere,13,BA,15000,hard,1,30,0.0625,0.011585315861443594,0.14409039131834475,5.443303548042718,4.447714794957474,2.963929357887771e-06,22.04024688151773
cont,Sphere,13,ES_1P1,12000,easy,30,30,0.96875,0.9078859400526763,0.998346745733359,9.737910688610816e-25,9.851516591769788e-25,4.414867777604022e-25,1.3265762154811893e-24
cont,Sphere,13,ES_1P1,12000,med,30,30,0.96875,0.9078859400526763,0.998346745733359,9.737910688610816e-25,9.851516591769788e-25,4.414867777604022e-25,1.3265762154811893e-24
cont,Sphere,13,ES_1P1,12000,hard,30,30,0.96875,0.9078859400526763,0.998346745733359,9.737910688610816e-25,9.851516591769788e-25,4.414867777604022e-25,1.3265762154811893e-24
cont,Sphere,13,ES_1P1,15000,easy,30,30,0.96875,0.9078859400526763,0.998346745733359,9.047013708448757e-25,8.498535434268645e-25,4.465682127146905e-25,1.3759013630464751e-24
cont,Sphere,13,ES_1P1,15000,med,30,30,0.96875,0.9078859400526763,0.998346745733359,9.047013708448757e-25,8.498535434268645e-25,4.465682127146905e-25,1.3759013630464751e-24
cont,Sphere,13,ES_1P1,15000,hard,30,30,0.96875,0.9078859400526763,0.998346745733359,9.047013708448757e-25,8.498535434268645e-25,4.465682127146905e-25,1.3759013630464751e-24
cont,Sphere,13,FA,12000,easy,0,30,0.03125,0.0016532542666409576,0.09211405994732372,10.497324090811071,10.593703578115448,7.487472174321328,14.827425195576613
cont,Sphere,13,FA,12000,med,0,30,0.03125,0.0016532542666409576,0.09211405994732372,10.497324090811071,10.593703578115448,7.487472174321328,14.827425195576613
cont,Sphere,13,FA,12000,hard,0,30,0.03125,0.0016532542666409576,0.09211405994732372,10.497324090811071,10.593703578115448,7.487472174321328,14.827425195576613
cont,Sphere,13,FA,15000,easy,0,30,0.03125,0.0016532542666409576,0.09211405994732372,10.152589791967966,10.640028387958898,3.5880777298983375,15.316730800135927
cont,Sphere,13,FA,15000,med,0,30,0.03125,0.0016532542666409576,0.09211405994732372,10.152589791967966,10.640028387958898,3.5880777298983375,15.316730800135927
cont,Sphere,13,FA,15000,hard,0,30,0.03125,0.0016532542666409576,0.09211405994732372,10.152589791967966,10.640028387958898,3.5880777298983375,15.316730800135927
cont,Sphere,13,GWO,12000,easy,8,30,0.28125,0.16061109125637793,0.4176603337442609,0.16345924275145904,0.16025813733433716,0.013955202118344253,0.48196009659132644
cont,Sphere,13,GWO,12000,med,0,30,0.03125,0.0016532542666409576,0.09211405994732372,0.16345924275145904,0.16025813733433716,0.013955202118344253,0.48196009659132644
cont,Sphere,13,GWO,12000,hard,0,30,0.03125,0.0016532542666409576,0.09211405994732372,0.16345924275145904,0.16025813733433716,0.013955202118344253,0.48196009659132644
cont,Sphere,13,GWO,15000,easy,11,30,0.375,0.24077485846609245,0.5182492532388523,0.1474222413865239,0.16070160203915568,0.015142179747620846,0.48013503918190226
cont,Sphere,13,GWO,15000,med,0,30,0.03125,0.0016532542666409576,0.09211405994732372,0.1474222413865239,0.16070160203915568,0.015142179747620846,0.48013503918190226
cont,Sphere,13,GWO,15000,hard,0,30,0.03125,0.0016532542666409576,0.09211405994732372,0.1474222413865239,0.16070160203915568,0.015142179747620846,0.48013503918190226
cont,Sphere,13,MFO,12000,easy,1,30,0.0625,0.011585315861443594,0.14409039131834475,2.291433780409847,1.7271284369368403,0.06342067612887985,8.582566862137753
cont,Sphere,13,MFO,12000,med,0,30,0.03125,0.0016532542666409576,0.09211405994732372,2.291433780409847,1.7271284369368403,0.06342067612887985,8.582566862137753
cont,Sphere,13,MFO,12000,hard,0,30,0.03125,0.0016532542666409576,0.09211405994732372,2.291433780409847,1.7271284369368403,0.06342067612887985,8.582566862137753
cont,Sphere,13,MFO,15000,easy,1,30,0.0625,0.011585315861443594,0.14409039131834475,1.2532332868016816,0.784309176518908,0.04498888373620957,4.9934094829087305
cont,Sphere,13,MFO,15000,med,0,30,0.03125,0.0016532542666409576,0.09211405994732372,1.2532332868016816,0.784309176518908,0.04498888373620957,4.9934094829087305
cont,Sphere,13,MFO,15000,hard,0,30,0.03125,0.0016532542666409576,0.09211405994732372,1.2532332868016816,0.784309176518908,0.04498888373620957,4.9934094829087305
cont,Sphere,13,PSO_GBEST,12000,easy,26,30,0.84375,0.7286288184424853,0.9342195294539822,0.7184241588480507,5.2581175781112164e-21,3.614336289806844e-22,5.38818119136038
cont,Sphere,13,PSO_GBEST,12000,med,26,30,0.84375,0.7286288184424853,0.9342195294539822,0.7184241588480507,5.2581175781112164e-21,3.614336289806844e-22,5.38818119136038
cont,Sphere,13,PSO_GBEST,12000,hard,26,30,0.84375,0.7286288184424853,0.9342195294539822,0.7184241588480507,5.2581175781112164e-21,3.614336289806844e-22,5.38818119136038
cont,Sphere,13,PSO_GBEST,15000,easy,29,30,0.9375,0.8559096086816552,0.9884146841385564,0.17960603971201267,6.53899304826742e-26,1.2593644350768469e-27,5.38818119136038
cont,Sphere,13,PSO_GBEST,15000,med,29,30,0.9375,0.8559096086816552,0.9884146841385564,0.17960603971201267,6.53899304826742e-26,1.2593644350768469e-27,5.38818119136038
cont,Sphere,13,PSO_GBEST,15000,hard,29,30,0.9375,0.8559096086816552,0.9884146841385564,0.17960603971201267,6.53899304826742e-26,1.2593644350768469e-27,5.38818119136038
cont,Sphere,13,WOA,12000,easy,30,30,0.96875,0.9078859400526763,0.998346745733359,0.0022129772990118206,0.0017446823649984976,5.0207420338760525e-05,0.009513172914404327
cont,Sphere,13,WOA,12000,med,30,30,0.96875,0.9078859400526763,0.998346745733359,0.0022129772990118206,0.0017446823649984976,5.0207420338760525e-05,0.009513172914404327
cont,Sphere,13,WOA,12000,hard,9,30,0.3125,0.18662163557046532,0.4519044172193684,0.0022129772990118206,0.0017446823649984976,5.0207420338760525e-05,0.009513172914404327
cont,Sphere,13,WOA,15000,easy,30,30,0.96875,0.9078859400526763,0.998346745733359,0.0008229014289848365,0.0005103467574568905,1.4069898446954258e-05,0.003817311332085181
cont,Sphere,13,WOA,15000,med,30,30,0.96875,0.9078859400526763,0.998346745733359,0.0008229014289848365,0.0005103467574568905,1.4069898446954258e-05,0.003817311332085181
cont,Sphere,13,WOA,15000,hard,23,30,0.75,0.6173897690830179,0.8645994152416211,0.0008229014289848365,0.0005103467574568905,1.4069898446954258e-05,0.003817311332085181
cont,Sphere,18,ALO,12000,easy,0,30,0.03125,0.0016532542666409576,0.09211405994732372,23.323737131642613,22.61925284838385,6.143685125361803,41.19877530484324
cont,Sphere,18,ALO,12000,med,0,30,0.03125,0.0016532542666409576,0.09211405994732372,23.323737131642613,22.61925284838385,6.143685125361803,41.19877530484324
cont,Sphere,18,ALO,12000,hard,0,30,0.03125,0.0016532542666409576,0.09211405994732372,23.323737131642613,22.61925284838385,6.143685125361803,41.19877530484324
cont,Sphere,18,ALO,15000,easy,0,30,0.03125,0.0016532542666409576,0.09211405994732372,20.273070830737545,18.73507035682171,8.74463355200365,37.06919402907965
cont,Sphere,18,ALO,15000,med,0,30,0.03125,0.0016532542666409576,0.09211405994732372,20.273070830737545,18.73507035682171,8.74463355200365,37.06919402907965
cont,Sphere,18,ALO,15000,hard,0,30,0.03125,0.0016532542666409576,0.09211405994732372,20.273070830737545,18.73507035682171,8.74463355200365,37.06919402907965
cont,Sphere,18,BA,12000,easy,1,30,0.0625,0.011585315861443594,0.14409039131834475,8.874975011236575,8.914641452403798,1.3807001506105222e-06,19.743559012735417
cont,Sphere,18,BA,12000,med,1,30,0.0625,0.011585315861443594,0.14409039131834475,8.874975011236575,8.914641452403798,1.3807001506105222e-06,19.743559012735417
cont,Sphere,18,BA,12000,hard,1,30,0.0625,0.011585315861443594,0.14409039131834475,8.874975011236575,8.914641452403798,1.3807001506105222e-06,19.743559012735417
cont,Sphere,18,BA,15000,easy,1,30,0.0625,0.011585315861443594,0.14409039131834475,6.692162980821867,5.83167554305263,0.014216333753694917,20.63576335500169
cont,Sphere,18,BA,15000,med,0,30,0.03125,0.0016532542666409576,0.09211405994732372,6.692162980821867,5.83167554305263,0.014216333753694917,20.63576335500169
cont,Sphere,18,BA,15000,hard,0,30,0.03125,0.0016532542666409576,0.09211405994732372,6.692162980821867,5.83167554305263,0.014216333753694917,20.63576335500169
cont,Sphere,18,ES_1P1,12000,easy,30,30,0.96875,0.9078859400526763,0.998346745733359,9.567088185102491e-25,9.79790529529847e-25,5.374989817199182e-25,1.3034782741427886e-24
cont,Sphere,18,ES_1P1,12000,med,30,30,0.96875,0.9078859400526763,0.998346745733359,9.567088185102491e-25,9.79790529529847e-25,5.374989817199182e-25,1.3034782741427886e-24
cont,Sphere,18,ES_1P1,12000,hard,30,30,0.96875,0.9078859400526763,0.998346745733359,9.567088185102491e-25,9.79790529529847e-25,5.374989817199182e-25,1.3034782741427886e-24
cont,Sphere,18,ES_1P1,15000,easy,30,30,0.96875,0.9078859400526763,0.998346745733359,8.948474294048304e-25,9.098504120309654e-25,4.426650622781573e-25,1.5203134075961753e-24
cont,Sphere,18,ES_1P1,15000,med,30,30,0.96875,0.9078859400526763,0.998346745733359,8.948474294048304e-25,9.098504120309654e-25,4.426650622781573e-25,1.5203134075961753e-24
cont,Sphere,18,ES_1P1,15000,hard,30,30,0.96875,0.9078859400526763,0.998346745733359,8.948474294048304e-25,9.098504120309654e-25,4.426650622781573e-25,1.5203134075961753e-24
cont,Sphere,18,FA,12000,easy,0,30,0.03125,0.0016532542666409576,0.09211405994732372,11.304641517127198,11.782390348352022,3.5333934710835875,15.64124087716141
cont,Sphere,18,FA,12000,med,0,30,0.03125,0.0016532542666409576,0.09211405994732372,11.304641517127198,11.782390348352022,3.5333934710835875,15.64124087716141
cont,Sphere,18,FA,12000,hard,0,30,0.03125,0.0016532542666409576,0.09211405994732372,11.304641517127198,11.782390348352022,3.5333934710835875,15.64124087716141
cont,Sphere,18,FA,15000,easy,0,30,0.03125,0.0016532542666409576,0.09211405994732372,10.237854448003963,10.300810899872445,5.756935953720376,15.718171116818132
cont,Sphere,18,FA,15000,med,0,30,0.03125,0.0016532542666409576,0.09211405994732372,10.237854448003963,10.300810899872445,5.756935953720376,15.718171116818132
cont,Sphere,18,FA,15000,hard,0,30,0.03125,0.0016532542666409576,0.09211405994732372,10.237854448003963,10.300810899872445,5.756935953720376,15.718171116818132
cont,Sphere,18,GWO,12000,easy,17,30,0.5625,0.417973431326673,0.7025127599090644,0.23053595082072206,0.0019404163893120558,4.490320545899795e-05,1.0948902420864406
cont,Sphere,18,GWO,12000,med,17,30,0.5625,0.417973431326673,0.7025127599090644,0.23053595082072206,0.0019404163893120558,4.490320545899795e-05,1.0948902420864406
cont,Sphere,18,GWO,12000,hard,1,30,0.0625,0.011585315861443594,0.14409039131834475,0.23053595082072206,0.0019404163893120558,4.490320545899795e-05,1.0948902420864406
cont,Sphere,18,GWO,15000,easy,18,30,0.59375,0.4495566259694524,0.7311737237767726,0.2674654685187392,0.00186372026296902,0.0011289180869219872,1.249837101230033
cont,Sphere,18,GWO,15000,med,18,30,0.59375,0.4495566259694524,0.7311737237767726,0.2674654685187392,0.00186372026296902,0.0011289180869219872,1.249837101230033
cont,Sphere,18,GWO,15000,hard,0,30,0.03125,0.0016532542666409576,0.09211405994732372,0.2674654685187392,0.00186372026296902,0.0011289180869219872,1.249837101230033
cont,Sphere,18,MFO,12000,easy,0,30,0.03125,0.0016532542666409576,0.09211405994732372,3.121663426338087,2.0737301966237807,0.24928595751263924,12.03118878603976
cont,Sphere,18,MFO,12000,med,0,30,0.03125,0.0016532542666409576,0.09211405994732372,3.121663426338087,2.0737301966237807,0.24928595751263924,12.03118878603976
cont,Sphere,18,MFO,12000,hard,0,30,0.03125,0.0016532542666409576,0.09211405994732372,3.121663426338087,2.0737301966237807,0.24928595751263924,12.03118878603976
cont,Sphere,18,MFO,15000,easy,1,30,0.0625,0.011585315861443594,0.14409039131834475,1.9727445545952922,1.1752431204608653,0.043752459015577505,7.716450680901142
cont,Sphere,18,MFO,15000,med,0,30,0.03125,0.0016532542666409576,0.09211405994732372,1.9727445545952922,1.1752431204608653,0.043752459015577505,7.716450680901142
cont,Sphere,18,MFO,15000,hard,0,30,0.03125,0.0016532542666409576,0.09211405994732372,1.9727445545952922,1.1752431204608653,0.043752459015577505,7.716450680901142
cont,Sphere,18,PSO_GBEST,12000,easy,28,30,0.90625,0.8105355325744613,0.9730998803088509,0.27514984933024145,9.872357068461765e-21,2.4842197931730564e-22,4.127247739953622
cont,Sphere,18,PSO_GBEST,12000,med,28,30,0.90625,0.8105355325744613,0.9730998803088509,0.27514984933024145,9.872357068461765e-21,2.4842197931730564e-22,4.127247739953622
cont,Sphere,18,PSO_GBEST,12000,hard,28,30,0.90625,0.8105355325744613,0.9730998803088509,0.27514984933024145,9.872357068461765e-21,2.4842197931730564e-22,4.127247739953622
cont,Sphere,18,PSO_GBEST,15000,easy,28,30,0.90625,0.8105355325744613,0.9730998803088509,0.3177547832168856,4.660618560882632e-26,3.0255516831972806e-28,5.405395756552946
cont,Sphere,18,PSO_GBEST,15000,med,28,30,0.90625,0.8105355325744613,0.9730998803088509,0.3177547832168856,4.660618560882632e-26,3.0255516831972806e-28,5.405395756552946
cont,Sphere,18,PSO_GBEST,15000,hard,28,30,0.90625,0.8105355325744613,0.9730998803088509,0.3177547832168856,4.660618560882632e-26,3.0255516831972806e-28,5.405395756552946
cont,Sphere,18,WOA,12000,easy,30,30,0.96875,0.9078859400526763,0.998346745733359,0.001344261511809423,0.0006485021991467804,3.3864450992635306e-05,0.008933008333495425
cont,Sphere,18,WOA,12000,med,30,30,0.96875,0.9078859400526763,0.998346745733359,0.001344261511809423,0.0006485021991467804,3.3864450992635306e-05,0.008933008333495425
cont,Sphere,18,WOA,12000,hard,18,30,0.59375,0.4495566259694524,0.7311737237767726,0.001344261511809423,0.0006485021991467804,3.3864450992635306e-05,0.008933008333495425
cont,Sphere,18,WOA,15000,easy,30,30,0.96875,0.9078859400526763,0.998346745733359,0.0013370447689793354,0.0005175959795943852,1.7486837763652228e-05,0.009829884508491572
cont,Sphere,18,WOA,15000,med,30,30,0.96875,0.9078859400526763,0.998346745733359,0.0013370447689793354,0.0005175959795943852,1.7486837763652228e-05,0.009829884508491572
cont,Sphere,18,WOA,15000,hard,21,30,0.6875,0.5480955827806314,0.8133783644295347,0.0013370447689793354,0.0005175959795943852,1.7486837763652228e-05,0.009829884508491572
