algo,BPSO,DE,ES,GA_BIN,GWO,HC,PSO,SA,WOA
BPSO,0.000000,1.000000,1.000000,0.339463,1.000000,1.750619,1.000000,1.706236,1.000000
DE,1.000000,0.000000,1.596931,1.000000,1.273090,1.000000,0.410780,1.000000,0.658711
ES,1.000000,1.596931,0.000000,1.000000,1.532886,1.000000,1.848850,1.000000,0.923818
GA_BIN,0.339463,1.000000,1.000000,-0.000000,1.000000,1.740035,1.000000,1.578927,1.000000
GWO,1.000000,1.273090,1.532886,1.000000,0.000000,1.000000,0.677901,1.000000,1.552777
HC,1.750619,1.000000,1.000000,1.740035,1.000000,-0.000000,1.000000,0.819130,1.000000
PSO,1.000000,0.410780,1.848850,1.000000,0.677901,1.000000,0.000000,1.000000,1.360590
SA,1.706236,1.000000,1.000000,1.578927,1.000000,0.819130,1.000000,0.000000,1.000000
WOA,1.000000,0.658711,0.923818,1.000000,1.552777,1.000000,1.360590,1.000000,-0.000000
