instance_id,problem,domain,budget,target,algo_variant,algo_base,successes,trials,succ_rate,beta_mean,beta_p05,beta_p95,mean_best,median_best,min_best,max_best
BIN::onemax::n=50::seed=499277862,onemax,bin,500,0.0,RS_BIN,RS_BIN,0,30,0.0,0.03125,0.0014449749604190543,0.09188490255170564,14.666666666666666,15.0,12.0,17.0
BIN::onemax::n=50::seed=499277862,onemax,bin,500,0.0,HC(flips=1),HC,29,30,0.9666666666666667,0.9375,0.8564550930514708,0.9886045307973874,0.03333333333333333,0.0,0.0,1.0
BIN::onemax::n=50::seed=499277862,onemax,bin,500,0.0,HC(flips=2),HC,0,30,0.0,0.03125,0.0016737248550425636,0.10005561979588709,2.533333333333333,2.0,1.0,5.0
BIN::onemax::n=50::seed=499277862,onemax,bin,500,0.0,"SA(T0=1.0,alpha=0.995,flips=1)",SA,30,30,1.0,0.96875,0.9084857386588471,0.9983436753990876,0.0,0.0,0.0,0.0
BIN::onemax::n=50::seed=499277862,onemax,bin,500,0.0,"SA(T0=2.0,alpha=0.99,flips=1)",SA,30,30,1.0,0.96875,0.9068948387517513,0.9985588584323113,0.0,0.0,0.0,0.0
BIN::onemax::n=50::seed=499277862,onemax,bin,500,0.0,"SA(T0=2.0,alpha=0.995,flips=2)",SA,0,30,0.0,0.03125,0.0014754435601619907,0.08648468527527522,3.2333333333333334,3.0,1.0,5.0
BIN::onemax::n=50::seed=499277862,onemax,bin,500,0.0,"GA(pop=50,pc=0.9,pm=0.02)",GA,0,30,0.0,0.03125,0.0016910672609447874,0.09203927725290796,9.333333333333334,9.5,6.0,12.0
BIN::onemax::n=50::seed=499277862,onemax,bin,500,0.0,"GA(pop=50,pc=0.9,pm=0.05)",GA,0,30,0.0,0.03125,0.001624764065225114,0.08901831961487261,9.866666666666667,10.0,7.0,13.0
BIN::onemax::n=50::seed=499277862,onemax,bin,500,0.0,"GA(pop=100,pc=0.9,pm=0.02)",GA,0,30,0.0,0.03125,0.001487852491719165,0.09369241240554073,11.8,12.0,9.0,14.0
BIN::onemax::n=50::seed=499277862,onemax,bin,500,0.0,TABU(tenure=7),TABU,6,30,0.2,0.21875,0.10892659664286197,0.34481287879185674,1.9333333333333333,2.0,0.0,4.0
BIN::onemax::n=50::seed=499277862,onemax,bin,500,0.0,"UMDA(pop=50,elite=0.2)",UMDA,28,30,0.9333333333333333,0.90625,0.813395455968505,0.9730290062682363,0.06666666666666667,0.0,0.0,1.0
BIN::onemax::n=50::seed=499277862,onemax,bin,500,0.0,"UMDA(pop=100,elite=0.2)",UMDA,0,30,0.0,0.03125,0.0019635099450632312,0.08939610876154623,2.433333333333333,2.0,1.0,4.0
BIN::onemax::n=50::seed=499277862,onemax,bin,500,0.0,TABU(tenure=12),TABU,2,30,0.06666666666666667,0.09375,0.02492375640777532,0.19398322406026447,2.7666666666666666,3.0,0.0,6.0
BIN::trap5::n=100::seed=712172259,trap5,bin,500,0.0,RS_BIN,RS_BIN,0,30,0.0,0.03125,0.0014355966024535045,0.08887599719122177,49.166666666666664,49.5,46.0,52.0
BIN::trap5::n=100::seed=712172259,trap5,bin,500,0.0,HC(flips=1),HC,0,30,0.0,0.03125,0.0013089707102546526,0.09720431926313769,19.2,19.0,17.0,22.0
BIN::trap5::n=100::seed=712172259,trap5,bin,500,0.0,HC(flips=2),HC,0,30,0.0,0.03125,0.0017157889551856192,0.09325557304792492,25.9,26.5,16.0,33.0
BIN::trap5::n=100::seed=712172259,trap5,bin,500,0.0,"SA(T0=1.0,alpha=0.995,flips=1)",SA,0,30,0.0,0.03125,0.001781441954132079,0.08747804108338215,19.1,19.0,14.0,24.0
BIN::trap5::n=100::seed=712172259,trap5,bin,500,0.0,"SA(T0=2.0,alpha=0.99,flips=1)",SA,0,30,0.0,0.03125,0.0015650167889486575,0.09006577150873021,18.8,19.0,16.0,21.0
BIN::trap5::n=100::seed=712172259,trap5,bin,500,0.0,"SA(T0=2.0,alpha=0.995,flips=2)",SA,0,30,0.0,0.03125,0.0017439015125479153,0.09168537978184653,26.466666666666665,27.0,21.0,33.0
BIN::trap5::n=100::seed=712172259,trap5,bin,500,0.0,"GA(pop=50,pc=0.9,pm=0.02)",GA,0,30,0.0,0.03125,0.00214006569581968,0.09474159716026002,41.3,41.5,31.0,46.0
BIN::trap5::n=100::seed=712172259,trap5,bin,500,0.0,"GA(pop=50,pc=0.9,pm=0.05)",GA,0,30,0.0,0.03125,0.001611764886846998,0.08898339356752136,43.733333333333334,43.5,38.0,49.0
BIN::trap5::n=100::seed=712172259,trap5,bin,500,0.0,"GA(pop=100,pc=0.9,pm=0.02)",GA,0,30,0.0,0.03125,0.0016340434261327115,0.09595367908961393,45.7,46.0,41.0,49.0
BIN::trap5::n=100::seed=712172259,trap5,bin,500,0.0,TABU(tenure=7),TABU,0,30,0.0,0.03125,0.0013258721521142178,0.08751585761176287,25.133333333333333,25.0,19.0,31.0
BIN::trap5::n=100::seed=712172259,trap5,bin,500,0.0,"UMDA(pop=50,elite=0.2)",UMDA,0,30,0.0,0.03125,0.0016844113389679958,0.09183521847878195,28.066666666666666,27.5,25.0,32.0
BIN::trap5::n=100::seed=712172259,trap5,bin,500,0.0,"UMDA(pop=100,elite=0.2)",UMDA,0,30,0.0,0.03125,0.0018273762938043015,0.0893653117498859,39.9,40.0,35.0,44.0
BIN::trap5::n=100::seed=712172259,trap5,bin,500,0.0,TABU(tenure=12),TABU,0,30,0.0,0.03125,0.0015222049857987225,0.08989291663711836,25.8,26.0,19.0,33.0
BIN::leadingones::n=50::seed=147926084,leadingones,bin,500,0.0,RS_BIN,RS_BIN,0,30,0.0,0.03125,0.0018999953794629825,0.09346267396940057,40.56666666666667,40.0,37.0,44.0
BIN::leadingones::n=50::seed=147926084,leadingones,bin,500,0.0,HC(flips=1),HC,0,30,0.0,0.03125,0.0014999021524559498,0.09218963412058907,29.833333333333332,30.0,14.0,41.0
BIN::leadingones::n=50::seed=147926084,leadingones,bin,500,0.0,HC(flips=2),HC,0,30,0.0,0.03125,0.0017776086506817164,0.09089572890271956,22.3,22.0,15.0,34.0
BIN::leadingones::n=50::seed=147926084,leadingones,bin,500,0.0,"SA(T0=1.0,alpha=0.995,flips=1)",SA,0,30,0.0,0.03125,0.0014880320071783675,0.08616796439494512,28.566666666666666,30.0,5.0,41.0
BIN::leadingones::n=50::seed=147926084,leadingones,bin,500,0.0,"SA(T0=2.0,alpha=0.99,flips=1)",SA,0,30,0.0,0.03125,0.0016511686595185287,0.08679875286591796,29.366666666666667,29.5,17.0,42.0
BIN::leadingones::n=50::seed=147926084,leadingones,bin,500,0.0,"SA(T0=2.0,alpha=0.995,flips=2)",SA,0,30,0.0,0.03125,0.0020514744555794845,0.09667214594214209,25.6,24.5,10.0,36.0
BIN::leadingones::n=50::seed=147926084,leadingones,bin,500,0.0,"GA(pop=50,pc=0.9,pm=0.02)",GA,0,30,0.0,0.03125,0.001667118550893769,0.09324949591512809,40.266666666666666,41.0,33.0,45.0
BIN::leadingones::n=50::seed=147926084,leadingones,bin,500,0.0,"GA(pop=50,pc=0.9,pm=0.05)",GA,0,30,0.0,0.03125,0.0016865450769668214,0.08757175676297954,39.166666666666664,39.0,37.0,44.0
BIN::leadingones::n=50::seed=147926084,leadingones,bin,500,0.0,"GA(pop=100,pc=0.9,pm=0.02)",GA,0,30,0.0,0.03125,0.0015466500543023095,0.09033832249282737,41.46666666666667,41.5,38.0,44.0
BIN::leadingones::n=50::seed=147926084,leadingones,bin,500,0.0,TABU(tenure=7),TABU,0,30,0.0,0.03125,0.0014910662896473815,0.09026547586524097,28.366666666666667,28.5,13.0,43.0
BIN::leadingones::n=50::seed=147926084,leadingones,bin,500,0.0,"UMDA(pop=50,elite=0.2)",UMDA,0,30,0.0,0.03125,0.001489038408239328,0.08999179069914563,33.03333333333333,33.0,25.0,41.0
BIN::leadingones::n=50::seed=147926084,leadingones,bin,500,0.0,"UMDA(pop=100,elite=0.2)",UMDA,0,30,0.0,0.03125,0.0016303084140186909,0.08692200455915707,35.96666666666667,36.0,31.0,40.0
BIN::leadingones::n=50::seed=147926084,leadingones,bin,500,0.0,TABU(tenure=12),TABU,0,30,0.0,0.03125,0.0016971756368181026,0.090637260808038,26.233333333333334,27.0,9.0,40.0
BIN::knapsack01::n=100::seed=547752988,knapsack01,bin,500,0.0,RS_BIN,RS_BIN,0,30,0.0,0.03125,0.0015256399547127224,0.08948008734332902,1208.5333333333333,1202.5,993.0,1453.0
BIN::knapsack01::n=100::seed=547752988,knapsack01,bin,500,0.0,HC(flips=1),HC,0,30,0.0,0.03125,0.0016285433134570909,0.09310232697711626,866.0666666666667,891.5,513.0,1093.0
BIN::knapsack01::n=100::seed=547752988,knapsack01,bin,500,0.0,HC(flips=2),HC,0,30,0.0,0.03125,0.0017407420505593984,0.09762713476983476,351.4,341.0,214.0,529.0
BIN::knapsack01::n=100::seed=547752988,knapsack01,bin,500,0.0,"SA(T0=1.0,alpha=0.995,flips=1)",SA,0,30,0.0,0.03125,0.0017149138946692829,0.09076775263790661,908.2666666666667,934.5,550.0,1294.0
BIN::knapsack01::n=100::seed=547752988,knapsack01,bin,500,0.0,"SA(T0=2.0,alpha=0.99,flips=1)",SA,0,30,0.0,0.03125,0.0017414436667822946,0.09063728606076825,805.6,799.5,529.0,1058.0
BIN::knapsack01::n=100::seed=547752988,knapsack01,bin,500,0.0,"SA(T0=2.0,alpha=0.995,flips=2)",SA,0,30,0.0,0.03125,0.0014692352083215592,0.09101526458837525,287.1,281.0,170.0,415.0
BIN::knapsack01::n=100::seed=547752988,knapsack01,bin,500,0.0,"GA(pop=50,pc=0.9,pm=0.02)",GA,0,30,0.0,0.03125,0.0015010729589121272,0.0978997945962731,1013.5,1001.5,789.0,1221.0
BIN::knapsack01::n=100::seed=547752988,knapsack01,bin,500,0.0,"GA(pop=50,pc=0.9,pm=0.05)",GA,0,30,0.0,0.03125,0.0019477295280894,0.09345512665137061,1017.2333333333333,1037.5,738.0,1178.0
BIN::knapsack01::n=100::seed=547752988,knapsack01,bin,500,0.0,"GA(pop=100,pc=0.9,pm=0.02)",GA,0,30,0.0,0.03125,0.0015847808128915222,0.09035465766933454,1096.4,1102.5,782.0,1284.0
BIN::knapsack01::n=100::seed=547752988,knapsack01,bin,500,0.0,TABU(tenure=7),TABU,0,30,0.0,0.03125,0.0013204038932080097,0.09000758517163678,437.6666666666667,430.0,283.0,632.0
BIN::knapsack01::n=100::seed=547752988,knapsack01,bin,500,0.0,"UMDA(pop=50,elite=0.2)",UMDA,0,30,0.0,0.03125,0.001816209702257667,0.08846090797655483,420.0,408.5,239.0,639.0
BIN::knapsack01::n=100::seed=547752988,knapsack01,bin,500,0.0,"UMDA(pop=100,elite=0.2)",UMDA,0,30,0.0,0.03125,0.0016567943965630017,0.09101028311902286,735.7333333333333,740.5,588.0,871.0
BIN::knapsack01::n=100::seed=547752988,knapsack01,bin,500,0.0,TABU(tenure=12),TABU,0,30,0.0,0.03125,0.0017884838898501218,0.08979469200278363,465.23333333333335,462.5,273.0,699.0
BIN::trap5::n=50::seed=129773949,trap5,bin,500,0.0,RS_BIN,RS_BIN,0,30,0.0,0.03125,0.0015757024965914618,0.09633991361086802,20.833333333333332,21.0,18.0,24.0
BIN::trap5::n=50::seed=129773949,trap5,bin,500,0.0,HC(flips=1),HC,0,30,0.0,0.03125,0.0016390724003825113,0.09506826310013256,9.633333333333333,10.0,8.0,10.0
BIN::trap5::n=50::seed=129773949,trap5,bin,500,0.0,HC(flips=2),HC,0,30,0.0,0.03125,0.0020973417398713425,0.09490092724476655,11.033333333333333,11.0,8.0,14.0
BIN::trap5::n=50::seed=129773949,trap5,bin,500,0.0,"SA(T0=1.0,alpha=0.995,flips=1)",SA,0,30,0.0,0.03125,0.0017082640653671916,0.08972228987835149,8.833333333333334,9.0,6.0,10.0
BIN::trap5::n=50::seed=129773949,trap5,bin,500,0.0,"SA(T0=2.0,alpha=0.99,flips=1)",SA,0,30,0.0,0.03125,0.0021065604398979774,0.09223169864385095,8.9,9.0,7.0,10.0
BIN::trap5::n=50::seed=129773949,trap5,bin,500,0.0,"SA(T0=2.0,alpha=0.995,flips=2)",SA,0,30,0.0,0.03125,0.0013919862002576128,0.0851102261052014,10.4,10.0,6.0,15.0
BIN::trap5::n=50::seed=129773949,trap5,bin,500,0.0,"GA(pop=50,pc=0.9,pm=0.02)",GA,0,30,0.0,0.03125,0.0014036825004913928,0.08876092455231482,15.7,16.0,13.0,19.0
BIN::trap5::n=50::seed=129773949,trap5,bin,500,0.0,"GA(pop=50,pc=0.9,pm=0.05)",GA,0,30,0.0,0.03125,0.001583085454342552,0.08817893500854086,17.733333333333334,18.0,14.0,20.0
BIN::trap5::n=50::seed=129773949,trap5,bin,500,0.0,"GA(pop=100,pc=0.9,pm=0.02)",GA,0,30,0.0,0.03125,0.001909215380852801,0.08813815728118768,17.966666666666665,18.0,14.0,20.0
BIN::trap5::n=50::seed=129773949,trap5,bin,500,0.0,TABU(tenure=7),TABU,0,30,0.0,0.03125,0.0019459331349090151,0.09130124353905074,10.566666666666666,11.0,8.0,13.0
BIN::trap5::n=50::seed=129773949,trap5,bin,500,0.0,"UMDA(pop=50,elite=0.2)",UMDA,0,30,0.0,0.03125,0.0017957613166026903,0.09412309808704519,10.2,10.0,8.0,13.0
BIN::trap5::n=50::seed=129773949,trap5,bin,500,0.0,"UMDA(pop=100,elite=0.2)",UMDA,0,30,0.0,0.03125,0.0017758924756024464,0.0927958014236876,15.966666666666667,16.0,13.0,20.0
BIN::trap5::n=50::seed=129773949,trap5,bin,500,0.0,TABU(tenure=12),TABU,0,30,0.0,0.03125,0.00169001739821666,0.09560893655147766,11.066666666666666,11.0,8.0,15.0
BIN::knapsack01::n=150::seed=979445677,knapsack01,bin,500,0.0,RS_BIN,RS_BIN,0,30,0.0,0.03125,0.0017306129486591424,0.09205531413935963,1981.6,2005.5,1679.0,2185.0
BIN::knapsack01::n=150::seed=979445677,knapsack01,bin,500,0.0,HC(flips=1),HC,0,30,0.0,0.03125,0.0013447214874136007,0.08760893749700416,1187.0333333333333,1166.5,754.0,1623.0
BIN::knapsack01::n=150::seed=979445677,knapsack01,bin,500,0.0,HC(flips=2),HC,0,30,0.0,0.03125,0.0017429427426955816,0.09182803029687883,595.9666666666667,587.0,410.0,878.0
BIN::knapsack01::n=150::seed=979445677,knapsack01,bin,500,0.0,"SA(T0=1.0,alpha=0.995,flips=1)",SA,0,30,0.0,0.03125,0.0018419157858650507,0.09303040560898239,1187.2666666666667,1157.5,757.0,1653.0
BIN::knapsack01::n=150::seed=979445677,knapsack01,bin,500,0.0,"SA(T0=2.0,alpha=0.99,flips=1)",SA,0,30,0.0,0.03125,0.0015985784213345899,0.09584065406297212,1143.5666666666666,1127.5,762.0,1638.0
BIN::knapsack01::n=150::seed=979445677,knapsack01,bin,500,0.0,"SA(T0=2.0,alpha=0.995,flips=2)",SA,0,30,0.0,0.03125,0.0017128978249554205,0.09058043120825238,590.6333333333333,590.5,393.0,779.0
BIN::knapsack01::n=150::seed=979445677,knapsack01,bin,500,0.0,"GA(pop=50,pc=0.9,pm=0.02)",GA,0,30,0.0,0.03125,0.0016182393176758594,0.09611525450321506,1671.0333333333333,1667.5,1323.0,2013.0
BIN::knapsack01::n=150::seed=979445677,knapsack01,bin,500,0.0,"GA(pop=50,pc=0.9,pm=0.05)",GA,0,30,0.0,0.03125,0.0014763666671334754,0.09238702856069736,1695.3333333333333,1679.0,1501.0,2009.0
BIN::knapsack01::n=150::seed=979445677,knapsack01,bin,500,0.0,"GA(pop=100,pc=0.9,pm=0.02)",GA,0,30,0.0,0.03125,0.0016895508932876736,0.09596900613406088,1806.4,1807.5,1566.0,2003.0
BIN::knapsack01::n=150::seed=979445677,knapsack01,bin,500,0.0,TABU(tenure=7),TABU,0,30,0.0,0.03125,0.001886461772136154,0.09113119571465395,951.9666666666667,923.0,695.0,1294.0
BIN::knapsack01::n=150::seed=979445677,knapsack01,bin,500,0.0,"UMDA(pop=50,elite=0.2)",UMDA,0,30,0.0,0.03125,0.0015793322673208294,0.08642308062873896,789.2,797.5,559.0,1143.0
BIN::knapsack01::n=150::seed=979445677,knapsack01,bin,500,0.0,"UMDA(pop=100,elite=0.2)",UMDA,0,30,0.0,0.03125,0.0015686001766332858,0.09156510208313404,1250.1666666666667,1254.5,1012.0,1512.0
BIN::knapsack01::n=150::seed=979445677,knapsack01,bin,500,0.0,TABU(tenure=12),TABU,0,30,0.0,0.03125,0.001841787962528741,0.08986834930991856,918.4,924.0,675.0,1220.0
BIN::knapsack01::n=100::seed=368993123,knapsack01,bin,500,0.0,RS_BIN,RS_BIN,0,30,0.0,0.03125,0.0015148938095297577,0.09549682187212316,1003.5666666666667,994.0,816.0,1198.0
BIN::knapsack01::n=100::seed=368993123,knapsack01,bin,500,0.0,HC(flips=1),HC,0,30,0.0,0.03125,0.0016153668008561722,0.09041170316481949,834.2,813.0,603.0,1141.0
BIN::knapsack01::n=100::seed=368993123,knapsack01,bin,500,0.0,HC(flips=2),HC,0,30,0.0,0.03125,0.0015058808424057097,0.09112590192773767,253.46666666666667,241.0,158.0,501.0
BIN::knapsack01::n=100::seed=368993123,knapsack01,bin,500,0.0,"SA(T0=1.0,alpha=0.995,flips=1)",SA,0,30,0.0,0.03125,0.0018156745152726013,0.09494804623280986,774.1333333333333,792.0,425.0,1143.0
BIN::knapsack01::n=100::seed=368993123,knapsack01,bin,500,0.0,"SA(T0=2.0,alpha=0.99,flips=1)",SA,0,30,0.0,0.03125,0.0018796227825952268,0.09259797769194321,841.5333333333333,857.0,442.0,1317.0
BIN::knapsack01::n=100::seed=368993123,knapsack01,bin,500,0.0,"SA(T0=2.0,alpha=0.995,flips=2)",SA,0,30,0.0,0.03125,0.0017571578340288432,0.0874117035533507,277.43333333333334,264.0,133.0,443.0
BIN::knapsack01::n=100::seed=368993123,knapsack01,bin,500,0.0,"GA(pop=50,pc=0.9,pm=0.02)",GA,0,30,0.0,0.03125,0.001803507158624703,0.09152910834599431,813.7333333333333,836.5,624.0,944.0
BIN::knapsack01::n=100::seed=368993123,knapsack01,bin,500,0.0,"GA(pop=50,pc=0.9,pm=0.05)",GA,0,30,0.0,0.03125,0.0016222484087606418,0.09629337994359131,821.7666666666667,832.5,628.0,953.0
BIN::knapsack01::n=100::seed=368993123,knapsack01,bin,500,0.0,"GA(pop=100,pc=0.9,pm=0.02)",GA,0,30,0.0,0.03125,0.0015081784839281374,0.08953704405053901,905.7666666666667,910.0,708.0,1099.0
BIN::knapsack01::n=100::seed=368993123,knapsack01,bin,500,0.0,TABU(tenure=7),TABU,0,30,0.0,0.03125,0.0018024377205340771,0.08698136342697567,393.3666666666667,397.0,218.0,574.0
BIN::knapsack01::n=100::seed=368993123,knapsack01,bin,500,0.0,"UMDA(pop=50,elite=0.2)",UMDA,0,30,0.0,0.03125,0.0015720686513525624,0.09484625601891361,340.46666666666664,347.0,165.0,441.0
BIN::knapsack01::n=100::seed=368993123,knapsack01,bin,500,0.0,"UMDA(pop=100,elite=0.2)",UMDA,0,30,0.0,0.03125,0.0014653126002027817,0.09352456899426204,585.3333333333334,589.5,442.0,741.0
BIN::knapsack01::n=100::seed=368993123,knapsack01,bin,500,0.0,TABU(tenure=12),TABU,0,30,0.0,0.03125,0.0014520133871101708,0.08969661566852367,410.96666666666664,415.5,248.0,650.0
BIN::trap5::n=50::seed=443733860,trap5,bin,500,0.0,RS_BIN,RS_BIN,0,30,0.0,0.03125,0.0015921924414995115,0.09431997116409414,20.766666666666666,21.0,16.0,23.0
BIN::trap5::n=50::seed=443733860,trap5,bin,500,0.0,HC(flips=1),HC,0,30,0.0,0.03125,0.0017221835191047834,0.09035617041221936,9.466666666666667,10.0,7.0,10.0
BIN::trap5::n=50::seed=443733860,trap5,bin,500,0.0,HC(flips=2),HC,0,30,0.0,0.03125,0.001588422004736654,0.09122852505977834,11.033333333333333,11.0,8.0,15.0
BIN::trap5::n=50::seed=443733860,trap5,bin,500,0.0,"SA(T0=1.0,alpha=0.995,flips=1)",SA,0,30,0.0,0.03125,0.0017820524267815792,0.09078937754954519,8.866666666666667,9.0,7.0,11.0
BIN::trap5::n=50::seed=443733860,trap5,bin,500,0.0,"SA(T0=2.0,alpha=0.99,flips=1)",SA,0,30,0.0,0.03125,0.0013580630447245397,0.08829034721185162,8.833333333333334,9.0,7.0,10.0
BIN::trap5::n=50::seed=443733860,trap5,bin,500,0.0,"SA(T0=2.0,alpha=0.995,flips=2)",SA,0,30,0.0,0.03125,0.00171793936104173,0.08945047891453063,10.966666666666667,11.0,7.0,15.0
BIN::trap5::n=50::seed=443733860,trap5,bin,500,0.0,"GA(pop=50,pc=0.9,pm=0.02)",GA,0,30,0.0,0.03125,0.0017597714668350934,0.08947281774756714,15.533333333333333,15.5,11.0,20.0
BIN::trap5::n=50::seed=443733860,trap5,bin,500,0.0,"GA(pop=50,pc=0.9,pm=0.05)",GA,0,30,0.0,0.03125,0.001841830090621309,0.09280825425287002,17.1,17.5,12.0,21.0
BIN::trap5::n=50::seed=443733860,trap5,bin,500,0.0,"GA(pop=100,pc=0.9,pm=0.02)",GA,0,30,0.0,0.03125,0.001656809224099202,0.09323921285198343,18.3,18.0,15.0,22.0
BIN::trap5::n=50::seed=443733860,trap5,bin,500,0.0,TABU(tenure=7),TABU,0,30,0.0,0.03125,0.0017787640339269701,0.09247448007253195,11.0,11.0,8.0,14.0
BIN::trap5::n=50::seed=443733860,trap5,bin,500,0.0,"UMDA(pop=50,elite=0.2)",UMDA,0,30,0.0,0.03125,0.0016583787718161508,0.09404753125670344,10.0,10.0,8.0,12.0
BIN::trap5::n=50::seed=443733860,trap5,bin,500,0.0,"UMDA(pop=100,elite=0.2)",UMDA,0,30,0.0,0.03125,0.001686648561646886,0.09150315644980075,15.1,15.0,12.0,18.0
BIN::trap5::n=50::seed=443733860,trap5,bin,500,0.0,TABU(tenure=12),TABU,0,30,0.0,0.03125,0.0015146382589226112,0.09496258690301229,11.833333333333334,12.0,8.0,15.0
BIN::knapsack01::n=100::seed=275308815,knapsack01,bin,500,0.0,RS_BIN,RS_BIN,0,30,0.0,0.03125,0.001999518072792582,0.09441485260311953,1083.7,1093.0,835.0,1274.0
BIN::knapsack01::n=100::seed=275308815,knapsack01,bin,500,0.0,HC(flips=1),HC,0,30,0.0,0.03125,0.0017405327409286122,0.0905000249498969,828.9666666666667,852.5,486.0,1093.0
BIN::knapsack01::n=100::seed=275308815,knapsack01,bin,500,0.0,HC(flips=2),HC,0,30,0.0,0.03125,0.0015588826979235847,0.09792334306773356,265.4,253.5,145.0,404.0
BIN::knapsack01::n=100::seed=275308815,knapsack01,bin,500,0.0,"SA(T0=1.0,alpha=0.995,flips=1)",SA,0,30,0.0,0.03125,0.0018720574452673923,0.09326572972763028,802.3333333333334,770.5,519.0,1419.0
BIN::knapsack01::n=100::seed=275308815,knapsack01,bin,500,0.0,"SA(T0=2.0,alpha=0.99,flips=1)",SA,0,30,0.0,0.03125,0.0015160234892457917,0.09028568308928742,774.8333333333334,758.5,572.0,999.0
BIN::knapsack01::n=100::seed=275308815,knapsack01,bin,500,0.0,"SA(T0=2.0,alpha=0.995,flips=2)",SA,0,30,0.0,0.03125,0.002041758913974169,0.09080946843846222,277.93333333333334,270.5,136.0,431.0
BIN::knapsack01::n=100::seed=275308815,knapsack01,bin,500,0.0,"GA(pop=50,pc=0.9,pm=0.02)",GA,0,30,0.0,0.03125,0.001686260379965598,0.09245532966286696,895.5666666666667,901.0,679.0,1137.0
BIN::knapsack01::n=100::seed=275308815,knapsack01,bin,500,0.0,"GA(pop=50,pc=0.9,pm=0.05)",GA,0,30,0.0,0.03125,0.0016707471226865668,0.09726656183724132,923.3,939.5,700.0,1067.0
BIN::knapsack01::n=100::seed=275308815,knapsack01,bin,500,0.0,"GA(pop=100,pc=0.9,pm=0.02)",GA,0,30,0.0,0.03125,0.001537519217506294,0.09326567963974731,1009.7666666666667,1024.0,794.0,1113.0
BIN::knapsack01::n=100::seed=275308815,knapsack01,bin,500,0.0,TABU(tenure=7),TABU,0,30,0.0,0.03125,0.001519083286590526,0.09585892213745245,436.1666666666667,428.0,202.0,665.0
BIN::knapsack01::n=100::seed=275308815,knapsack01,bin,500,0.0,"UMDA(pop=50,elite=0.2)",UMDA,0,30,0.0,0.03125,0.001374676147259358,0.08932227518393807,380.73333333333335,367.5,235.0,589.0
BIN::knapsack01::n=100::seed=275308815,knapsack01,bin,500,0.0,"UMDA(pop=100,elite=0.2)",UMDA,0,30,0.0,0.03125,0.0018427379740105418,0.09241270727684038,654.8666666666667,656.5,466.0,883.0
BIN::knapsack01::n=100::seed=275308815,knapsack01,bin,500,0.0,TABU(tenure=12),TABU,0,30,0.0,0.03125,0.001876127448524143,0.09101372406355676,394.1333333333333,394.5,204.0,554.0
BIN::onemax::n=150::seed=347746639,onemax,bin,500,0.0,RS_BIN,RS_BIN,0,30,0.0,0.03125,0.0016050341773360779,0.09956139037992122,56.86666666666667,57.0,49.0,60.0
BIN::onemax::n=150::seed=347746639,onemax,bin,500,0.0,HC(flips=1),HC,2,30,0.06666666666666667,0.09375,0.02602695945760466,0.19389448098531467,2.5,2.0,0.0,7.0
BIN::onemax::n=150::seed=347746639,onemax,bin,500,0.0,HC(flips=2),HC,0,30,0.0,0.03125,0.001521632694505224,0.08905208870116904,17.6,17.0,13.0,26.0
BIN::onemax::n=150::seed=347746639,onemax,bin,500,0.0,"SA(T0=1.0,alpha=0.995,flips=1)",SA,0,30,0.0,0.03125,0.0017318097268105472,0.09469484209100426,4.533333333333333,4.5,2.0,9.0
BIN::onemax::n=150::seed=347746639,onemax,bin,500,0.0,"SA(T0=2.0,alpha=0.99,flips=1)",SA,0,30,0.0,0.03125,0.0016052800557389028,0.0894230691187336,4.7,4.0,2.0,8.0
BIN::onemax::n=150::seed=347746639,onemax,bin,500,0.0,"SA(T0=2.0,alpha=0.995,flips=2)",SA,0,30,0.0,0.03125,0.0015788928227823903,0.09557795084407729,21.5,21.5,12.0,30.0
BIN::onemax::n=150::seed=347746639,onemax,bin,500,0.0,"GA(pop=50,pc=0.9,pm=0.02)",GA,0,30,0.0,0.03125,0.0016621794234869015,0.09283852974812305,46.766666666666666,47.0,40.0,51.0
BIN::onemax::n=150::seed=347746639,onemax,bin,500,0.0,"GA(pop=50,pc=0.9,pm=0.05)",GA,0,30,0.0,0.03125,0.001667213538483126,0.10013290039800496,47.03333333333333,48.0,35.0,54.0
BIN::onemax::n=150::seed=347746639,onemax,bin,500,0.0,"GA(pop=100,pc=0.9,pm=0.02)",GA,0,30,0.0,0.03125,0.0018068623576211217,0.09195624472981839,52.166666666666664,52.5,47.0,58.0
BIN::onemax::n=150::seed=347746639,onemax,bin,500,0.0,TABU(tenure=7),TABU,0,30,0.0,0.03125,0.001583524449740026,0.0952848674311263,27.266666666666666,26.5,19.0,39.0
BIN::onemax::n=150::seed=347746639,onemax,bin,500,0.0,"UMDA(pop=50,elite=0.2)",UMDA,0,30,0.0,0.03125,0.0016941996745352124,0.0942565042324375,15.2,15.0,10.0,21.0
BIN::onemax::n=150::seed=347746639,onemax,bin,500,0.0,"UMDA(pop=100,elite=0.2)",UMDA,0,30,0.0,0.03125,0.0015590609666285959,0.09555933929686043,32.36666666666667,32.5,26.0,39.0
BIN::onemax::n=150::seed=347746639,onemax,bin,500,0.0,TABU(tenure=12),TABU,0,30,0.0,0.03125,0.0016903928753576277,0.09456474997893773,28.333333333333332,28.0,17.0,38.0
BIN::onemax::n=150::seed=458994374,onemax,bin,500,0.0,RS_BIN,RS_BIN,0,30,0.0,0.03125,0.0015916183050964567,0.09317827632614202,56.3,57.0,51.0,60.0
BIN::onemax::n=150::seed=458994374,onemax,bin,500,0.0,HC(flips=1),HC,1,30,0.03333333333333333,0.0625,0.011602488203791773,0.1542914081967901,2.433333333333333,2.0,0.0,6.0
BIN::onemax::n=150::seed=458994374,onemax,bin,500,0.0,HC(flips=2),HC,0,30,0.0,0.03125,0.001456699921154822,0.0913902050363483,17.466666666666665,18.0,11.0,27.0
BIN::onemax::n=150::seed=458994374,onemax,bin,500,0.0,"SA(T0=1.0,alpha=0.995,flips=1)",SA,1,30,0.03333333333333333,0.0625,0.0116513935324818,0.14265631824834626,4.9,5.0,0.0,8.0
BIN::onemax::n=150::seed=458994374,onemax,bin,500,0.0,"SA(T0=2.0,alpha=0.99,flips=1)",SA,0,30,0.0,0.03125,0.0018537497824671276,0.09044019471568816,5.066666666666666,4.5,3.0,9.0
BIN::onemax::n=150::seed=458994374,onemax,bin,500,0.0,"SA(T0=2.0,alpha=0.995,flips=2)",SA,0,30,0.0,0.03125,0.0018187070735989131,0.09055700719477848,22.666666666666668,22.0,10.0,30.0
BIN::onemax::n=150::seed=458994374,onemax,bin,500,0.0,"GA(pop=50,pc=0.9,pm=0.02)",GA,0,30,0.0,0.03125,0.001427860351060501,0.09358910945189415,46.733333333333334,46.5,43.0,52.0
BIN::onemax::n=150::seed=458994374,onemax,bin,500,0.0,"GA(pop=50,pc=0.9,pm=0.05)",GA,0,30,0.0,0.03125,0.0018708673299007849,0.08993418930842456,48.9,49.0,44.0,53.0
BIN::onemax::n=150::seed=458994374,onemax,bin,500,0.0,"GA(pop=100,pc=0.9,pm=0.02)",GA,0,30,0.0,0.03125,0.0015550216791942399,0.08991575376251597,52.5,53.0,48.0,57.0
BIN::onemax::n=150::seed=458994374,onemax,bin,500,0.0,TABU(tenure=7),TABU,0,30,0.0,0.03125,0.0017325345720471965,0.09203921496401357,26.166666666666668,26.0,16.0,35.0
BIN::onemax::n=150::seed=458994374,onemax,bin,500,0.0,"UMDA(pop=50,elite=0.2)",UMDA,0,30,0.0,0.03125,0.0019314072067138314,0.09201699555147172,14.9,15.0,9.0,19.0
BIN::onemax::n=150::seed=458994374,onemax,bin,500,0.0,"UMDA(pop=100,elite=0.2)",UMDA,0,30,0.0,0.03125,0.0017205071948567232,0.08930184316117494,30.833333333333332,31.0,25.0,35.0
BIN::onemax::n=150::seed=458994374,onemax,bin,500,0.0,TABU(tenure=12),TABU,0,30,0.0,0.03125,0.0019207453276717096,0.08914158000932733,27.9,29.0,17.0,39.0
BIN::knapsack01::n=100::seed=816736435,knapsack01,bin,500,0.0,RS_BIN,RS_BIN,0,30,0.0,0.03125,0.0017511835230783709,0.0939033308739937,1208.2,1216.5,1008.0,1362.0
BIN::knapsack01::n=100::seed=816736435,knapsack01,bin,500,0.0,HC(flips=1),HC,0,30,0.0,0.03125,0.0015676891708088921,0.09387224103023163,971.0666666666667,970.0,458.0,1397.0
BIN::knapsack01::n=100::seed=816736435,knapsack01,bin,500,0.0,HC(flips=2),HC,0,30,0.0,0.03125,0.00147633005914934,0.09200195703095104,293.73333333333335,290.0,166.0,457.0
BIN::knapsack01::n=100::seed=816736435,knapsack01,bin,500,0.0,"SA(T0=1.0,alpha=0.995,flips=1)",SA,0,30,0.0,0.03125,0.001487049760902324,0.0976699351775316,1009.5333333333333,986.5,685.0,1384.0
BIN::knapsack01::n=100::seed=816736435,knapsack01,bin,500,0.0,"SA(T0=2.0,alpha=0.99,flips=1)",SA,0,30,0.0,0.03125,0.0017391103903309896,0.09436297045122337,963.0333333333333,1008.0,628.0,1238.0
BIN::knapsack01::n=100::seed=816736435,knapsack01,bin,500,0.0,"SA(T0=2.0,alpha=0.995,flips=2)",SA,0,30,0.0,0.03125,0.0016133593262633392,0.0917806761691981,297.3,284.5,116.0,478.0
BIN::knapsack01::n=100::seed=816736435,knapsack01,bin,500,0.0,"GA(pop=50,pc=0.9,pm=0.02)",GA,0,30,0.0,0.03125,0.0018913922183750654,0.08855250180147203,946.7333333333333,958.0,807.0,1105.0
BIN::knapsack01::n=100::seed=816736435,knapsack01,bin,500,0.0,"GA(pop=50,pc=0.9,pm=0.05)",GA,0,30,0.0,0.03125,0.0016999026657511522,0.09276408490605872,982.8,991.5,767.0,1117.0
BIN::knapsack01::n=100::seed=816736435,knapsack01,bin,500,0.0,"GA(pop=100,pc=0.9,pm=0.02)",GA,0,30,0.0,0.03125,0.0018845362189759604,0.08915234039879535,1044.8333333333333,1047.5,836.0,1202.0
BIN::knapsack01::n=100::seed=816736435,knapsack01,bin,500,0.0,TABU(tenure=7),TABU,0,30,0.0,0.03125,0.0019199185505716313,0.0898981455140545,479.1333333333333,465.0,320.0,727.0
BIN::knapsack01::n=100::seed=816736435,knapsack01,bin,500,0.0,"UMDA(pop=50,elite=0.2)",UMDA,0,30,0.0,0.03125,0.0017618060681341772,0.08949644543695451,419.76666666666665,429.5,219.0,567.0
BIN::knapsack01::n=100::seed=816736435,knapsack01,bin,500,0.0,"UMDA(pop=100,elite=0.2)",UMDA,0,30,0.0,0.03125,0.0014759568269938903,0.09202371021036472,732.9333333333333,725.0,561.0,917.0
BIN::knapsack01::n=100::seed=816736435,knapsack01,bin,500,0.0,TABU(tenure=12),TABU,0,30,0.0,0.03125,0.0019762587425887572,0.09457967553150198,448.6333333333333,431.0,214.0,673.0
BIN::trap5::n=150::seed=982267571,trap5,bin,500,0.0,RS_BIN,RS_BIN,0,30,0.0,0.03125,0.0014697829436124898,0.08893799607492274,77.56666666666666,77.0,73.0,82.0
BIN::trap5::n=150::seed=982267571,trap5,bin,500,0.0,HC(flips=1),HC,0,30,0.0,0.03125,0.0015119055378495332,0.08873194187086204,30.166666666666668,30.5,26.0,33.0
BIN::trap5::n=150::seed=982267571,trap5,bin,500,0.0,HC(flips=2),HC,0,30,0.0,0.03125,0.001383062968912542,0.08796493203539643,41.766666666666666,42.0,35.0,49.0
BIN::trap5::n=150::seed=982267571,trap5,bin,500,0.0,"SA(T0=1.0,alpha=0.995,flips=1)",SA,0,30,0.0,0.03125,0.001762149770228797,0.09038561988457407,31.566666666666666,31.0,28.0,36.0
BIN::trap5::n=150::seed=982267571,trap5,bin,500,0.0,"SA(T0=2.0,alpha=0.99,flips=1)",SA,0,30,0.0,0.03125,0.0014021846381266378,0.09567011969828167,31.366666666666667,31.0,25.0,37.0
BIN::trap5::n=150::seed=982267571,trap5,bin,500,0.0,"SA(T0=2.0,alpha=0.995,flips=2)",SA,0,30,0.0,0.03125,0.0018084948009977474,0.09001352791738214,44.3,44.0,32.0,52.0
BIN::trap5::n=150::seed=982267571,trap5,bin,500,0.0,"GA(pop=50,pc=0.9,pm=0.02)",GA,0,30,0.0,0.03125,0.0013540692480466588,0.09190086210348015,69.16666666666667,68.5,64.0,75.0
BIN::trap5::n=150::seed=982267571,trap5,bin,500,0.0,"GA(pop=50,pc=0.9,pm=0.05)",GA,0,30,0.0,0.03125,0.0014194865512253756,0.09293813639498996,72.46666666666667,73.0,61.0,78.0
BIN::trap5::n=150::seed=982267571,trap5,bin,500,0.0,"GA(pop=100,pc=0.9,pm=0.02)",GA,0,30,0.0,0.03125,0.0018250357945222967,0.09181992247551451,74.33333333333333,75.0,70.0,77.0
BIN::trap5::n=150::seed=982267571,trap5,bin,500,0.0,TABU(tenure=7),TABU,0,30,0.0,0.03125,0.0014916530394724463,0.0960971856531377,47.2,48.0,35.0,55.0
BIN::trap5::n=150::seed=982267571,trap5,bin,500,0.0,"UMDA(pop=50,elite=0.2)",UMDA,0,30,0.0,0.03125,0.001474383230031385,0.09081295865041618,51.03333333333333,50.0,44.0,60.0
BIN::trap5::n=150::seed=982267571,trap5,bin,500,0.0,"UMDA(pop=100,elite=0.2)",UMDA,0,30,0.0,0.03125,0.0019135005434600847,0.09298914170081438,67.53333333333333,67.0,59.0,73.0
BIN::trap5::n=150::seed=982267571,trap5,bin,500,0.0,TABU(tenure=12),TABU,0,30,0.0,0.03125,0.0017614099449966062,0.09271745767438862,45.733333333333334,45.5,37.0,53.0
BIN::onemax::n=150::seed=204509461,onemax,bin,500,0.0,RS_BIN,RS_BIN,0,30,0.0,0.03125,0.001847331810162183,0.09522977983949339,56.8,57.0,50.0,60.0
BIN::onemax::n=150::seed=204509461,onemax,bin,500,0.0,HC(flips=1),HC,2,30,0.06666666666666667,0.09375,0.026801830400651497,0.1856811476038135,2.466666666666667,2.0,0.0,6.0
BIN::onemax::n=150::seed=204509461,onemax,bin,500,0.0,HC(flips=2),HC,0,30,0.0,0.03125,0.0018035869578609549,0.08339043948677241,17.766666666666666,17.0,12.0,23.0
BIN::onemax::n=150::seed=204509461,onemax,bin,500,0.0,"SA(T0=1.0,alpha=0.995,flips=1)",SA,0,30,0.0,0.03125,0.0017827998795551647,0.08894822477342566,4.9,5.0,2.0,9.0
BIN::onemax::n=150::seed=204509461,onemax,bin,500,0.0,"SA(T0=2.0,alpha=0.99,flips=1)",SA,0,30,0.0,0.03125,0.0013868973254853767,0.09010892754841157,4.166666666666667,4.0,1.0,8.0
BIN::onemax::n=150::seed=204509461,onemax,bin,500,0.0,"SA(T0=2.0,alpha=0.995,flips=2)",SA,0,30,0.0,0.03125,0.001492826039319123,0.09373687952222581,21.933333333333334,23.0,16.0,28.0
BIN::onemax::n=150::seed=204509461,onemax,bin,500,0.0,"GA(pop=50,pc=0.9,pm=0.02)",GA,0,30,0.0,0.03125,0.001993681273671016,0.09363100648794066,47.03333333333333,47.0,43.0,51.0
BIN::onemax::n=150::seed=204509461,onemax,bin,500,0.0,"GA(pop=50,pc=0.9,pm=0.05)",GA,0,30,0.0,0.03125,0.0015210253265465074,0.09047119450652077,48.93333333333333,49.0,44.0,55.0
BIN::onemax::n=150::seed=204509461,onemax,bin,500,0.0,"GA(pop=100,pc=0.9,pm=0.02)",GA,0,30,0.0,0.03125,0.0017166337959618858,0.09597592880296962,53.3,54.0,48.0,58.0
BIN::onemax::n=150::seed=204509461,onemax,bin,500,0.0,TABU(tenure=7),TABU,0,30,0.0,0.03125,0.0017660339336268186,0.08998083178348648,27.566666666666666,27.5,21.0,39.0
BIN::onemax::n=150::seed=204509461,onemax,bin,500,0.0,"UMDA(pop=50,elite=0.2)",UMDA,0,30,0.0,0.03125,0.0017677495934185303,0.09064159412174437,14.5,15.0,9.0,19.0
BIN::onemax::n=150::seed=204509461,onemax,bin,500,0.0,"UMDA(pop=100,elite=0.2)",UMDA,0,30,0.0,0.03125,0.002054413436995322,0.09600392403503934,30.933333333333334,31.0,27.0,35.0
BIN::onemax::n=150::seed=204509461,onemax,bin,500,0.0,TABU(tenure=12),TABU,0,30,0.0,0.03125,0.001685741757336052,0.09605746546423977,29.133333333333333,29.5,18.0,36.0
BIN::trap5::n=50::seed=823862260,trap5,bin,500,0.0,RS_BIN,RS_BIN,0,30,0.0,0.03125,0.0017779384665687085,0.08985458103802682,20.266666666666666,20.0,16.0,23.0
BIN::trap5::n=50::seed=823862260,trap5,bin,500,0.0,HC(flips=1),HC,0,30,0.0,0.03125,0.001776801618753093,0.09378457826394078,9.5,10.0,8.0,10.0
BIN::trap5::n=50::seed=823862260,trap5,bin,500,0.0,HC(flips=2),HC,0,30,0.0,0.03125,0.0017774858633754717,0.08905352108888957,11.066666666666666,11.0,6.0,16.0
BIN::trap5::n=50::seed=823862260,trap5,bin,500,0.0,"SA(T0=1.0,alpha=0.995,flips=1)",SA,0,30,0.0,0.03125,0.0016339179086258602,0.09293611364791696,8.9,9.0,6.0,11.0
BIN::trap5::n=50::seed=823862260,trap5,bin,500,0.0,"SA(T0=2.0,alpha=0.99,flips=1)",SA,0,30,0.0,0.03125,0.001757565418472686,0.09745089250472935,9.033333333333333,9.0,7.0,11.0
BIN::trap5::n=50::seed=823862260,trap5,bin,500,0.0,"SA(T0=2.0,alpha=0.995,flips=2)",SA,0,30,0.0,0.03125,0.001618899148052651,0.0943604082038604,10.6,10.5,6.0,16.0
BIN::trap5::n=50::seed=823862260,trap5,bin,500,0.0,"GA(pop=50,pc=0.9,pm=0.02)",GA,0,30,0.0,0.03125,0.001516079787676683,0.09375967066038432,15.8,16.5,11.0,18.0
BIN::trap5::n=50::seed=823862260,trap5,bin,500,0.0,"GA(pop=50,pc=0.9,pm=0.05)",GA,0,30,0.0,0.03125,0.0015928900487511824,0.09039941530569912,17.866666666666667,18.0,14.0,21.0
BIN::trap5::n=50::seed=823862260,trap5,bin,500,0.0,"GA(pop=100,pc=0.9,pm=0.02)",GA,0,30,0.0,0.03125,0.0015488531965345946,0.09017201912275169,17.633333333333333,18.0,12.0,20.0
BIN::trap5::n=50::seed=823862260,trap5,bin,500,0.0,TABU(tenure=7),TABU,0,30,0.0,0.03125,0.0018607144320035881,0.08877034120912497,10.733333333333333,11.0,6.0,13.0
BIN::trap5::n=50::seed=823862260,trap5,bin,500,0.0,"UMDA(pop=50,elite=0.2)",UMDA,0,30,0.0,0.03125,0.0017037359851358644,0.09118294417673804,10.0,10.0,8.0,12.0
BIN::trap5::n=50::seed=823862260,trap5,bin,500,0.0,"UMDA(pop=100,elite=0.2)",UMDA,0,30,0.0,0.03125,0.0017435995438263528,0.09175742752617784,15.466666666666667,15.0,13.0,21.0
BIN::trap5::n=50::seed=823862260,trap5,bin,500,0.0,TABU(tenure=12),TABU,0,30,0.0,0.03125,0.0019267241697330597,0.09291405193542665,11.666666666666666,11.0,8.0,15.0
BIN::knapsack01::n=100::seed=353274854,knapsack01,bin,500,0.0,RS_BIN,RS_BIN,0,30,0.0,0.03125,0.0017256884151705203,0.09255117107267478,1333.6666666666667,1343.5,881.0,1521.0
BIN::knapsack01::n=100::seed=353274854,knapsack01,bin,500,0.0,HC(flips=1),HC,0,30,0.0,0.03125,0.0013773184257319174,0.09252987564340096,922.0666666666667,907.0,550.0,1450.0
BIN::knapsack01::n=100::seed=353274854,knapsack01,bin,500,0.0,HC(flips=2),HC,0,30,0.0,0.03125,0.0017130924026379848,0.09434640374401602,334.1333333333333,325.5,210.0,465.0
BIN::knapsack01::n=100::seed=353274854,knapsack01,bin,500,0.0,"SA(T0=1.0,alpha=0.995,flips=1)",SA,0,30,0.0,0.03125,0.001646976639173362,0.08859039071816863,839.7666666666667,828.0,610.0,1111.0
BIN::knapsack01::n=100::seed=353274854,knapsack01,bin,500,0.0,"SA(T0=2.0,alpha=0.99,flips=1)",SA,0,30,0.0,0.03125,0.0015715551458319278,0.09066971386708257,964.0666666666667,990.0,481.0,1526.0
BIN::knapsack01::n=100::seed=353274854,knapsack01,bin,500,0.0,"SA(T0=2.0,alpha=0.995,flips=2)",SA,0,30,0.0,0.03125,0.0017115588080199363,0.09274413717512853,337.8333333333333,338.5,202.0,520.0
BIN::knapsack01::n=100::seed=353274854,knapsack01,bin,500,0.0,"GA(pop=50,pc=0.9,pm=0.02)",GA,0,30,0.0,0.03125,0.0015270081828063023,0.09176998795277037,1107.6666666666667,1080.5,893.0,1376.0
BIN::knapsack01::n=100::seed=353274854,knapsack01,bin,500,0.0,"GA(pop=50,pc=0.9,pm=0.05)",GA,0,30,0.0,0.03125,0.0014989680351552544,0.09410882919071697,1125.3666666666666,1141.0,905.0,1359.0
BIN::knapsack01::n=100::seed=353274854,knapsack01,bin,500,0.0,"GA(pop=100,pc=0.9,pm=0.02)",GA,0,30,0.0,0.03125,0.0016109449503546517,0.09430652798079217,1223.9333333333334,1224.0,1099.0,1359.0
BIN::knapsack01::n=100::seed=353274854,knapsack01,bin,500,0.0,TABU(tenure=7),TABU,0,30,0.0,0.03125,0.001940608666913269,0.09474918336892044,468.2,464.0,251.0,745.0
BIN::knapsack01::n=100::seed=353274854,knapsack01,bin,500,0.0,"UMDA(pop=50,elite=0.2)",UMDA,0,30,0.0,0.03125,0.0015898399790688742,0.09525721033763752,426.93333333333334,432.0,309.0,570.0
BIN::knapsack01::n=100::seed=353274854,knapsack01,bin,500,0.0,"UMDA(pop=100,elite=0.2)",UMDA,0,30,0.0,0.03125,0.0017244455395703888,0.09552125033529221,775.3333333333334,758.5,630.0,952.0
BIN::knapsack01::n=100::seed=353274854,knapsack01,bin,500,0.0,TABU(tenure=12),TABU,0,30,0.0,0.03125,0.0017346054659194685,0.09075576652997215,479.8,491.0,245.0,696.0
BIN::trap5::n=150::seed=720778407,trap5,bin,500,0.0,RS_BIN,RS_BIN,0,30,0.0,0.03125,0.0017740808138392893,0.09218248353372409,78.2,78.0,74.0,84.0
BIN::trap5::n=150::seed=720778407,trap5,bin,500,0.0,HC(flips=1),HC,0,30,0.0,0.03125,0.0014583953462735616,0.09083080875611046,30.533333333333335,30.0,26.0,35.0
BIN::trap5::n=150::seed=720778407,trap5,bin,500,0.0,HC(flips=2),HC,0,30,0.0,0.03125,0.0017471958791075764,0.09024247042626807,41.833333333333336,41.5,35.0,48.0
BIN::trap5::n=150::seed=720778407,trap5,bin,500,0.0,"SA(T0=1.0,alpha=0.995,flips=1)",SA,0,30,0.0,0.03125,0.001387972229435586,0.09418161876633778,32.0,32.0,26.0,40.0
BIN::trap5::n=150::seed=720778407,trap5,bin,500,0.0,"SA(T0=2.0,alpha=0.99,flips=1)",SA,0,30,0.0,0.03125,0.001720462243364086,0.08934490592988209,31.5,31.0,26.0,36.0
BIN::trap5::n=150::seed=720778407,trap5,bin,500,0.0,"SA(T0=2.0,alpha=0.995,flips=2)",SA,0,30,0.0,0.03125,0.0017329509390728722,0.0910912623770401,44.266666666666666,44.5,31.0,56.0
BIN::trap5::n=150::seed=720778407,trap5,bin,500,0.0,"GA(pop=50,pc=0.9,pm=0.02)",GA,0,30,0.0,0.03125,0.0013635439574123892,0.0939103423381542,68.46666666666667,68.5,59.0,76.0
BIN::trap5::n=150::seed=720778407,trap5,bin,500,0.0,"GA(pop=50,pc=0.9,pm=0.05)",GA,0,30,0.0,0.03125,0.0016138671679942532,0.09853206379312342,72.66666666666667,73.0,66.0,76.0
BIN::trap5::n=150::seed=720778407,trap5,bin,500,0.0,"GA(pop=100,pc=0.9,pm=0.02)",GA,0,30,0.0,0.03125,0.0017214787918033822,0.0945317039170902,74.5,75.0,69.0,79.0
BIN::trap5::n=150::seed=720778407,trap5,bin,500,0.0,TABU(tenure=7),TABU,0,30,0.0,0.03125,0.001799382922574659,0.09486429830378837,46.666666666666664,48.0,33.0,55.0
BIN::trap5::n=150::seed=720778407,trap5,bin,500,0.0,"UMDA(pop=50,elite=0.2)",UMDA,0,30,0.0,0.03125,0.0015497655623908692,0.09205420252360015,49.833333333333336,50.0,42.0,61.0
BIN::trap5::n=150::seed=720778407,trap5,bin,500,0.0,"UMDA(pop=100,elite=0.2)",UMDA,0,30,0.0,0.03125,0.0017828973911233545,0.09358317317322669,68.53333333333333,69.0,62.0,74.0
BIN::trap5::n=150::seed=720778407,trap5,bin,500,0.0,TABU(tenure=12),TABU,0,30,0.0,0.03125,0.0017481771826095868,0.09713106109028646,44.1,44.0,34.0,53.0
BIN::trap5::n=50::seed=802202683,trap5,bin,500,0.0,RS_BIN,RS_BIN,0,30,0.0,0.03125,0.0017058463995744877,0.09293734135798017,20.566666666666666,21.0,16.0,23.0
BIN::trap5::n=50::seed=802202683,trap5,bin,500,0.0,HC(flips=1),HC,0,30,0.0,0.03125,0.0015567978638254649,0.08911738987896044,9.466666666666667,10.0,7.0,10.0
BIN::trap5::n=50::seed=802202683,trap5,bin,500,0.0,HC(flips=2),HC,0,30,0.0,0.03125,0.001679503732447762,0.09027567503573909,11.1,11.5,8.0,14.0
BIN::trap5::n=50::seed=802202683,trap5,bin,500,0.0,"SA(T0=1.0,alpha=0.995,flips=1)",SA,0,30,0.0,0.03125,0.0014805520463721336,0.08871676347941705,9.033333333333333,9.0,8.0,11.0
BIN::trap5::n=50::seed=802202683,trap5,bin,500,0.0,"SA(T0=2.0,alpha=0.99,flips=1)",SA,0,30,0.0,0.03125,0.0017239607527816565,0.09111376323561941,8.933333333333334,9.0,6.0,10.0
BIN::trap5::n=50::seed=802202683,trap5,bin,500,0.0,"SA(T0=2.0,alpha=0.995,flips=2)",SA,0,30,0.0,0.03125,0.0016979182403443146,0.09643443921648351,11.266666666666667,11.0,7.0,15.0
BIN::trap5::n=50::seed=802202683,trap5,bin,500,0.0,"GA(pop=50,pc=0.9,pm=0.02)",GA,0,30,0.0,0.03125,0.001701534233881711,0.09073898099679359,16.0,16.5,12.0,19.0
BIN::trap5::n=50::seed=802202683,trap5,bin,500,0.0,"GA(pop=50,pc=0.9,pm=0.05)",GA,0,30,0.0,0.03125,0.0014066427741111223,0.09442998728245064,16.9,17.0,13.0,21.0
BIN::trap5::n=50::seed=802202683,trap5,bin,500,0.0,"GA(pop=100,pc=0.9,pm=0.02)",GA,0,30,0.0,0.03125,0.0016058167533953651,0.0916823740477551,18.333333333333332,18.0,14.0,21.0
BIN::trap5::n=50::seed=802202683,trap5,bin,500,0.0,TABU(tenure=7),TABU,0,30,0.0,0.03125,0.0014827649901240619,0.1000917368435237,10.766666666666667,11.0,6.0,14.0
BIN::trap5::n=50::seed=802202683,trap5,bin,500,0.0,"UMDA(pop=50,elite=0.2)",UMDA,0,30,0.0,0.03125,0.0016110115821552878,0.09691539569450759,9.966666666666667,10.0,8.0,12.0
BIN::trap5::n=50::seed=802202683,trap5,bin,500,0.0,"UMDA(pop=100,elite=0.2)",UMDA,0,30,0.0,0.03125,0.0014437700997742655,0.09300738654647918,15.4,15.0,13.0,19.0
BIN::trap5::n=50::seed=802202683,trap5,bin,500,0.0,TABU(tenure=12),TABU,0,30,0.0,0.03125,0.0015562519186215766,0.09328754268643641,11.1,11.0,8.0,14.0
BIN::knapsack01::n=150::seed=967332381,knapsack01,bin,500,0.0,RS_BIN,RS_BIN,0,30,0.0,0.03125,0.0016158580658770243,0.09576935840553069,1767.4666666666667,1759.5,1431.0,2042.0
BIN::knapsack01::n=150::seed=967332381,knapsack01,bin,500,0.0,HC(flips=1),HC,0,30,0.0,0.03125,0.0012802983566865306,0.0909453109802255,1368.7666666666667,1348.0,1088.0,1739.0
BIN::knapsack01::n=150::seed=967332381,knapsack01,bin,500,0.0,HC(flips=2),HC,0,30,0.0,0.03125,0.0018113172414155336,0.09468435529146933,568.5,574.0,345.0,791.0
BIN::knapsack01::n=150::seed=967332381,knapsack01,bin,500,0.0,"SA(T0=1.0,alpha=0.995,flips=1)",SA,0,30,0.0,0.03125,0.0015978498831824006,0.09160317469863931,1352.0333333333333,1360.5,925.0,1582.0
BIN::knapsack01::n=150::seed=967332381,knapsack01,bin,500,0.0,"SA(T0=2.0,alpha=0.99,flips=1)",SA,0,30,0.0,0.03125,0.0014280654089763156,0.08887965574260394,1320.5,1344.5,885.0,1732.0
BIN::knapsack01::n=150::seed=967332381,knapsack01,bin,500,0.0,"SA(T0=2.0,alpha=0.995,flips=2)",SA,0,30,0.0,0.03125,0.0018339787103551276,0.09309576053557188,556.5333333333333,545.0,349.0,747.0
BIN::knapsack01::n=150::seed=967332381,knapsack01,bin,500,0.0,"GA(pop=50,pc=0.9,pm=0.02)",GA,0,30,0.0,0.03125,0.0017315587546477317,0.09622809787783769,1514.4666666666667,1505.0,1206.0,1807.0
BIN::knapsack01::n=150::seed=967332381,knapsack01,bin,500,0.0,"GA(pop=50,pc=0.9,pm=0.05)",GA,0,30,0.0,0.03125,0.0018951657453402727,0.09433570019546698,1566.3666666666666,1573.5,1324.0,1750.0
BIN::knapsack01::n=150::seed=967332381,knapsack01,bin,500,0.0,"GA(pop=100,pc=0.9,pm=0.02)",GA,0,30,0.0,0.03125,0.0019228482403867045,0.09251077770387427,1630.6333333333334,1651.0,1367.0,1896.0
BIN::knapsack01::n=150::seed=967332381,knapsack01,bin,500,0.0,TABU(tenure=7),TABU,0,30,0.0,0.03125,0.0017131834086298711,0.09020335607719494,873.4333333333333,883.0,596.0,1170.0
BIN::knapsack01::n=150::seed=967332381,knapsack01,bin,500,0.0,"UMDA(pop=50,elite=0.2)",UMDA,0,30,0.0,0.03125,0.0017771789167733128,0.09413602093305165,745.5,745.5,504.0,995.0
BIN::knapsack01::n=150::seed=967332381,knapsack01,bin,500,0.0,"UMDA(pop=100,elite=0.2)",UMDA,0,30,0.0,0.03125,0.001606220138283716,0.08943911147288403,1168.0333333333333,1186.0,926.0,1383.0
BIN::knapsack01::n=150::seed=967332381,knapsack01,bin,500,0.0,TABU(tenure=12),TABU,0,30,0.0,0.03125,0.0017211827467331418,0.0966534862880894,923.0666666666667,939.0,489.0,1215.0
BIN::knapsack01::n=50::seed=467073206,knapsack01,bin,500,0.0,RS_BIN,RS_BIN,0,30,0.0,0.03125,0.0018915800094173097,0.09323929525102694,488.46666666666664,496.0,356.0,583.0
BIN::knapsack01::n=50::seed=467073206,knapsack01,bin,500,0.0,HC(flips=1),HC,0,30,0.0,0.03125,0.0016751727685108291,0.09442285683029514,466.03333333333336,449.0,140.0,1007.0
BIN::knapsack01::n=50::seed=467073206,knapsack01,bin,500,0.0,HC(flips=2),HC,0,30,0.0,0.03125,0.0016032839975894306,0.09368801950429258,88.73333333333333,84.5,14.0,142.0
BIN::knapsack01::n=50::seed=467073206,knapsack01,bin,500,0.0,"SA(T0=1.0,alpha=0.995,flips=1)",SA,0,30,0.0,0.03125,0.0018967035347428926,0.0931886973047769,481.1666666666667,477.5,216.0,844.0
BIN::knapsack01::n=50::seed=467073206,knapsack01,bin,500,0.0,"SA(T0=2.0,alpha=0.99,flips=1)",SA,0,30,0.0,0.03125,0.0016112008970456536,0.08959402794683567,460.3,450.0,192.0,691.0
BIN::knapsack01::n=50::seed=467073206,knapsack01,bin,500,0.0,"SA(T0=2.0,alpha=0.995,flips=2)",SA,0,30,0.0,0.03125,0.0018957035157253915,0.09057646826307657,94.1,82.5,9.0,222.0
BIN::knapsack01::n=50::seed=467073206,knapsack01,bin,500,0.0,"GA(pop=50,pc=0.9,pm=0.02)",GA,0,30,0.0,0.03125,0.0013951815975507197,0.09120668876722697,364.9,361.0,236.0,499.0
BIN::knapsack01::n=50::seed=467073206,knapsack01,bin,500,0.0,"GA(pop=50,pc=0.9,pm=0.05)",GA,0,30,0.0,0.03125,0.0017472038756816005,0.09315733853043862,357.76666666666665,372.5,223.0,474.0
BIN::knapsack01::n=50::seed=467073206,knapsack01,bin,500,0.0,"GA(pop=100,pc=0.9,pm=0.02)",GA,0,30,0.0,0.03125,0.0017032382109998642,0.09616482102049251,419.43333333333334,423.0,273.0,507.0
BIN::knapsack01::n=50::seed=467073206,knapsack01,bin,500,0.0,TABU(tenure=7),TABU,0,30,0.0,0.03125,0.001799595063530231,0.09061331706462131,116.6,121.0,32.0,215.0
BIN::knapsack01::n=50::seed=467073206,knapsack01,bin,500,0.0,"UMDA(pop=50,elite=0.2)",UMDA,0,30,0.0,0.03125,0.0015177490340922484,0.09339822119406081,102.0,95.5,34.0,230.0
BIN::knapsack01::n=50::seed=467073206,knapsack01,bin,500,0.0,"UMDA(pop=100,elite=0.2)",UMDA,0,30,0.0,0.03125,0.001725877095601953,0.09692130252220865,212.63333333333333,199.5,112.0,344.0
BIN::knapsack01::n=50::seed=467073206,knapsack01,bin,500,0.0,TABU(tenure=12),TABU,0,30,0.0,0.03125,0.0015433426908526254,0.08522090957247025,127.73333333333333,133.0,54.0,208.0
BIN::leadingones::n=150::seed=14572576,leadingones,bin,500,0.0,RS_BIN,RS_BIN,0,30,0.0,0.03125,0.0018560105829911523,0.08880970685337615,140.56666666666666,141.0,136.0,144.0
BIN::leadingones::n=150::seed=14572576,leadingones,bin,500,0.0,HC(flips=1),HC,0,30,0.0,0.03125,0.0018339012606973302,0.09024266257355905,140.5,140.0,129.0,150.0
BIN::leadingones::n=150::seed=14572576,leadingones,bin,500,0.0,HC(flips=2),HC,0,30,0.0,0.03125,0.0018218049497535852,0.09195822148521827,135.9,137.5,122.0,144.0
BIN::leadingones::n=150::seed=14572576,leadingones,bin,500,0.0,"SA(T0=1.0,alpha=0.995,flips=1)",SA,0,30,0.0,0.03125,0.0015923173588712296,0.09523841575934891,141.8,142.5,131.0,150.0
BIN::leadingones::n=150::seed=14572576,leadingones,bin,500,0.0,"SA(T0=2.0,alpha=0.99,flips=1)",SA,0,30,0.0,0.03125,0.001565787450547717,0.09582128622289159,143.43333333333334,145.0,127.0,150.0
BIN::leadingones::n=150::seed=14572576,leadingones,bin,500,0.0,"SA(T0=2.0,alpha=0.995,flips=2)",SA,0,30,0.0,0.03125,0.001760010982413692,0.09072542235385196,137.8,137.5,127.0,149.0
BIN::leadingones::n=150::seed=14572576,leadingones,bin,500,0.0,"GA(pop=50,pc=0.9,pm=0.02)",GA,0,30,0.0,0.03125,0.001425499684922614,0.08997766253366317,141.1,141.5,137.0,145.0
BIN::leadingones::n=150::seed=14572576,leadingones,bin,500,0.0,"GA(pop=50,pc=0.9,pm=0.05)",GA,0,30,0.0,0.03125,0.001498207089218385,0.0925767629375922,139.8,140.0,134.0,143.0
BIN::leadingones::n=150::seed=14572576,leadingones,bin,500,0.0,"GA(pop=100,pc=0.9,pm=0.02)",GA,0,30,0.0,0.03125,0.0015595981056008771,0.097583412147152,141.1,141.5,136.0,145.0
BIN::leadingones::n=150::seed=14572576,leadingones,bin,500,0.0,TABU(tenure=7),TABU,0,30,0.0,0.03125,0.0015307273997820078,0.09445834899995462,143.26666666666668,144.0,128.0,150.0
BIN::leadingones::n=150::seed=14572576,leadingones,bin,500,0.0,"UMDA(pop=50,elite=0.2)",UMDA,0,30,0.0,0.03125,0.0017257090282348224,0.0938134947430317,133.8,134.0,119.0,141.0
BIN::leadingones::n=150::seed=14572576,leadingones,bin,500,0.0,"UMDA(pop=100,elite=0.2)",UMDA,0,30,0.0,0.03125,0.0019010976577294473,0.09480788973573816,135.06666666666666,136.0,127.0,139.0
BIN::leadingones::n=150::seed=14572576,leadingones,bin,500,0.0,TABU(tenure=12),TABU,0,30,0.0,0.03125,0.0016450480520225346,0.0910361285907017,141.96666666666667,142.0,133.0,150.0
BIN::knapsack01::n=50::seed=303428325,knapsack01,bin,500,0.0,RS_BIN,RS_BIN,0,30,0.0,0.03125,0.0017112045346478395,0.09428088423041063,462.43333333333334,456.0,333.0,558.0
BIN::knapsack01::n=50::seed=303428325,knapsack01,bin,500,0.0,HC(flips=1),HC,0,30,0.0,0.03125,0.001721584752714491,0.09136475220719394,409.7,408.5,192.0,556.0
BIN::knapsack01::n=50::seed=303428325,knapsack01,bin,500,0.0,HC(flips=2),HC,0,30,0.0,0.03125,0.0017355369536388005,0.09254279249933536,86.63333333333334,86.0,41.0,146.0
BIN::knapsack01::n=50::seed=303428325,knapsack01,bin,500,0.0,"SA(T0=1.0,alpha=0.995,flips=1)",SA,0,30,0.0,0.03125,0.001719318932691243,0.09533301233407968,399.3333333333333,429.0,163.0,639.0
BIN::knapsack01::n=50::seed=303428325,knapsack01,bin,500,0.0,"SA(T0=2.0,alpha=0.99,flips=1)",SA,0,30,0.0,0.03125,0.0015585544868338733,0.09180897636510119,382.8,361.5,139.0,670.0
BIN::knapsack01::n=50::seed=303428325,knapsack01,bin,500,0.0,"SA(T0=2.0,alpha=0.995,flips=2)",SA,0,30,0.0,0.03125,0.0016173342720515352,0.08691557264171905,93.2,88.0,33.0,226.0
BIN::knapsack01::n=50::seed=303428325,knapsack01,bin,500,0.0,"GA(pop=50,pc=0.9,pm=0.02)",GA,0,30,0.0,0.03125,0.0015424137167243772,0.09313729927305804,328.7,339.5,209.0,440.0
BIN::knapsack01::n=50::seed=303428325,knapsack01,bin,500,0.0,"GA(pop=50,pc=0.9,pm=0.05)",GA,0,30,0.0,0.03125,0.0017172908865617609,0.09102037540838424,364.8666666666667,370.0,250.0,462.0
BIN::knapsack01::n=50::seed=303428325,knapsack01,bin,500,0.0,"GA(pop=100,pc=0.9,pm=0.02)",GA,0,30,0.0,0.03125,0.00226294846496618,0.09158430166654948,415.1,411.0,336.0,502.0
BIN::knapsack01::n=50::seed=303428325,knapsack01,bin,500,0.0,TABU(tenure=7),TABU,0,30,0.0,0.03125,0.0015311374476994384,0.09400815285781695,110.56666666666666,117.0,23.0,190.0
BIN::knapsack01::n=50::seed=303428325,knapsack01,bin,500,0.0,"UMDA(pop=50,elite=0.2)",UMDA,0,30,0.0,0.03125,0.0018338539141956132,0.09179410091534869,83.1,76.0,31.0,256.0
BIN::knapsack01::n=50::seed=303428325,knapsack01,bin,500,0.0,"UMDA(pop=100,elite=0.2)",UMDA,0,30,0.0,0.03125,0.0018238118153475137,0.09314467433606032,196.6,201.0,107.0,285.0
BIN::knapsack01::n=50::seed=303428325,knapsack01,bin,500,0.0,TABU(tenure=12),TABU,0,30,0.0,0.03125,0.0016792412679122685,0.09137422533968437,115.8,118.0,38.0,179.0
BIN::onemax::n=100::seed=147691299,onemax,bin,500,0.0,RS_BIN,RS_BIN,0,30,0.0,0.03125,0.0019153615181644148,0.094820184064928,34.63333333333333,34.5,30.0,38.0
BIN::onemax::n=100::seed=147691299,onemax,bin,500,0.0,HC(flips=1),HC,24,30,0.8,0.78125,0.6533681162727509,0.8885795132332981,0.23333333333333334,0.0,0.0,2.0
BIN::onemax::n=100::seed=147691299,onemax,bin,500,0.0,HC(flips=2),HC,0,30,0.0,0.03125,0.001819033986258443,0.08428575573109065,8.4,9.0,3.0,13.0
BIN::onemax::n=100::seed=147691299,onemax,bin,500,0.0,"SA(T0=1.0,alpha=0.995,flips=1)",SA,13,30,0.43333333333333335,0.4375,0.28564100001473924,0.5805719633786214,0.9333333333333333,1.0,0.0,4.0
BIN::onemax::n=100::seed=147691299,onemax,bin,500,0.0,"SA(T0=2.0,alpha=0.99,flips=1)",SA,15,30,0.5,0.5,0.3612191876755335,0.6489028047815817,0.9,0.5,0.0,3.0
BIN::onemax::n=100::seed=147691299,onemax,bin,500,0.0,"SA(T0=2.0,alpha=0.995,flips=2)",SA,0,30,0.0,0.03125,0.001704483507378535,0.09473858920671345,11.066666666666666,11.0,4.0,18.0
BIN::onemax::n=100::seed=147691299,onemax,bin,500,0.0,"GA(pop=50,pc=0.9,pm=0.02)",GA,0,30,0.0,0.03125,0.0017860691702164721,0.09022599039785717,27.733333333333334,28.0,24.0,32.0
BIN::onemax::n=100::seed=147691299,onemax,bin,500,0.0,"GA(pop=50,pc=0.9,pm=0.05)",GA,0,30,0.0,0.03125,0.0014566294665107897,0.09806817092908333,28.266666666666666,29.0,23.0,32.0
BIN::onemax::n=100::seed=147691299,onemax,bin,500,0.0,"GA(pop=100,pc=0.9,pm=0.02)",GA,0,30,0.0,0.03125,0.0018466797893416298,0.09731237374050368,31.6,32.0,28.0,34.0
BIN::onemax::n=100::seed=147691299,onemax,bin,500,0.0,TABU(tenure=7),TABU,0,30,0.0,0.03125,0.0019682269271909946,0.09496156865607495,9.8,9.5,4.0,16.0
BIN::onemax::n=100::seed=147691299,onemax,bin,500,0.0,"UMDA(pop=50,elite=0.2)",UMDA,0,30,0.0,0.03125,0.0019043318765032743,0.08971157181017078,4.6,5.0,2.0,8.0
BIN::onemax::n=100::seed=147691299,onemax,bin,500,0.0,"UMDA(pop=100,elite=0.2)",UMDA,0,30,0.0,0.03125,0.0014748037518725146,0.09176420514159754,14.5,14.5,10.0,18.0
BIN::onemax::n=100::seed=147691299,onemax,bin,500,0.0,TABU(tenure=12),TABU,0,30,0.0,0.03125,0.0016374392784161231,0.09258636711988198,9.8,9.5,4.0,16.0
BIN::trap5::n=150::seed=76651250,trap5,bin,500,0.0,RS_BIN,RS_BIN,0,30,0.0,0.03125,0.0015904981144644725,0.09501387230291321,77.66666666666667,78.0,72.0,85.0
BIN::trap5::n=150::seed=76651250,trap5,bin,500,0.0,HC(flips=1),HC,0,30,0.0,0.03125,0.0016401891791568114,0.08747763493587034,30.366666666666667,30.0,27.0,34.0
BIN::trap5::n=150::seed=76651250,trap5,bin,500,0.0,HC(flips=2),HC,0,30,0.0,0.03125,0.0015307501499282007,0.08573905550354452,43.06666666666667,43.0,34.0,49.0
BIN::trap5::n=150::seed=76651250,trap5,bin,500,0.0,"SA(T0=1.0,alpha=0.995,flips=1)",SA,0,30,0.0,0.03125,0.0018473813195730498,0.09406110029308624,31.7,32.0,26.0,39.0
BIN::trap5::n=150::seed=76651250,trap5,bin,500,0.0,"SA(T0=2.0,alpha=0.99,flips=1)",SA,0,30,0.0,0.03125,0.0017345408323264984,0.09501012164146949,30.566666666666666,30.0,27.0,37.0
BIN::trap5::n=150::seed=76651250,trap5,bin,500,0.0,"SA(T0=2.0,alpha=0.995,flips=2)",SA,0,30,0.0,0.03125,0.0016891256327186241,0.09149352050950832,43.8,44.5,32.0,50.0
BIN::trap5::n=150::seed=76651250,trap5,bin,500,0.0,"GA(pop=50,pc=0.9,pm=0.02)",GA,0,30,0.0,0.03125,0.0018316944831120912,0.0933809030675355,68.86666666666666,70.0,61.0,76.0
BIN::trap5::n=150::seed=76651250,trap5,bin,500,0.0,"GA(pop=50,pc=0.9,pm=0.05)",GA,0,30,0.0,0.03125,0.001683745522682833,0.0886504464170148,71.46666666666667,72.0,65.0,76.0
BIN::trap5::n=150::seed=76651250,trap5,bin,500,0.0,"GA(pop=100,pc=0.9,pm=0.02)",GA,0,30,0.0,0.03125,0.0018198417540003001,0.08626187016486521,74.3,75.0,68.0,80.0
BIN::trap5::n=150::seed=76651250,trap5,bin,500,0.0,TABU(tenure=7),TABU,0,30,0.0,0.03125,0.0016234412421081044,0.0923384726970282,45.5,47.0,36.0,54.0
BIN::trap5::n=150::seed=76651250,trap5,bin,500,0.0,"UMDA(pop=50,elite=0.2)",UMDA,0,30,0.0,0.03125,0.0013671988832387376,0.09125052743636497,49.7,50.5,40.0,56.0
BIN::trap5::n=150::seed=76651250,trap5,bin,500,0.0,"UMDA(pop=100,elite=0.2)",UMDA,0,30,0.0,0.03125,0.0017720078440053493,0.08914109110619191,67.63333333333334,67.5,62.0,75.0
BIN::trap5::n=150::seed=76651250,trap5,bin,500,0.0,TABU(tenure=12),TABU,0,30,0.0,0.03125,0.001724427342872938,0.08598606518895428,46.233333333333334,46.5,36.0,54.0
BIN::trap5::n=50::seed=901431078,trap5,bin,500,0.0,RS_BIN,RS_BIN,0,30,0.0,0.03125,0.0014853582558990882,0.0862145220701488,20.833333333333332,21.0,18.0,23.0
BIN::trap5::n=50::seed=901431078,trap5,bin,500,0.0,HC(flips=1),HC,0,30,0.0,0.03125,0.001561720995719838,0.0901184208913425,9.666666666666666,10.0,8.0,10.0
BIN::trap5::n=50::seed=901431078,trap5,bin,500,0.0,HC(flips=2),HC,0,30,0.0,0.03125,0.0016233528247045627,0.09239075899731035,11.466666666666667,11.0,9.0,14.0
BIN::trap5::n=50::seed=901431078,trap5,bin,500,0.0,"SA(T0=1.0,alpha=0.995,flips=1)",SA,0,30,0.0,0.03125,0.0019061944346100545,0.09155761458165051,9.266666666666667,9.0,6.0,10.0
BIN::trap5::n=50::seed=901431078,trap5,bin,500,0.0,"SA(T0=2.0,alpha=0.99,flips=1)",SA,0,30,0.0,0.03125,0.0017797462755125186,0.09191790108811031,8.9,9.0,6.0,11.0
BIN::trap5::n=50::seed=901431078,trap5,bin,500,0.0,"SA(T0=2.0,alpha=0.995,flips=2)",SA,0,30,0.0,0.03125,0.001640158417898039,0.09301537917030632,11.4,12.0,6.0,16.0
BIN::trap5::n=50::seed=901431078,trap5,bin,500,0.0,"GA(pop=50,pc=0.9,pm=0.02)",GA,0,30,0.0,0.03125,0.0016157394693097694,0.09027849269765673,15.766666666666667,16.0,12.0,20.0
BIN::trap5::n=50::seed=901431078,trap5,bin,500,0.0,"GA(pop=50,pc=0.9,pm=0.05)",GA,0,30,0.0,0.03125,0.0015544430895551783,0.08889799498678995,17.433333333333334,17.0,13.0,22.0
BIN::trap5::n=50::seed=901431078,trap5,bin,500,0.0,"GA(pop=100,pc=0.9,pm=0.02)",GA,0,30,0.0,0.03125,0.001513050501665177,0.09008895680296528,18.3,18.0,14.0,21.0
BIN::trap5::n=50::seed=901431078,trap5,bin,500,0.0,TABU(tenure=7),TABU,0,30,0.0,0.03125,0.0015852786625501975,0.09161836506786608,10.8,11.0,8.0,14.0
BIN::trap5::n=50::seed=901431078,trap5,bin,500,0.0,"UMDA(pop=50,elite=0.2)",UMDA,0,30,0.0,0.03125,0.0018096460050828894,0.09449188728987232,10.133333333333333,10.0,8.0,13.0
BIN::trap5::n=50::seed=901431078,trap5,bin,500,0.0,"UMDA(pop=100,elite=0.2)",UMDA,0,30,0.0,0.03125,0.0014765280144285557,0.09118261077626241,15.3,15.0,10.0,20.0
BIN::trap5::n=50::seed=901431078,trap5,bin,500,0.0,TABU(tenure=12),TABU,0,30,0.0,0.03125,0.0018847656068716192,0.08916252425823196,10.966666666666667,11.0,6.0,13.0
BIN::onemax::n=150::seed=611480496,onemax,bin,500,0.0,RS_BIN,RS_BIN,0,30,0.0,0.03125,0.0014622005715833049,0.09048218411772903,56.5,57.0,50.0,60.0
BIN::onemax::n=150::seed=611480496,onemax,bin,500,0.0,HC(flips=1),HC,0,30,0.0,0.03125,0.0014976834407838305,0.0964510048718547,2.7,2.0,1.0,7.0
BIN::onemax::n=150::seed=611480496,onemax,bin,500,0.0,HC(flips=2),HC,0,30,0.0,0.03125,0.0016996904902985424,0.089067469913781,16.633333333333333,16.0,9.0,26.0
BIN::onemax::n=150::seed=611480496,onemax,bin,500,0.0,"SA(T0=1.0,alpha=0.995,flips=1)",SA,0,30,0.0,0.03125,0.0013964101522533283,0.0955365016567284,5.166666666666667,5.0,2.0,9.0
BIN::onemax::n=150::seed=611480496,onemax,bin,500,0.0,"SA(T0=2.0,alpha=0.99,flips=1)",SA,0,30,0.0,0.03125,0.0018581636642949683,0.09435271793779829,4.2,4.0,1.0,8.0
BIN::onemax::n=150::seed=611480496,onemax,bin,500,0.0,"SA(T0=2.0,alpha=0.995,flips=2)",SA,0,30,0.0,0.03125,0.001590406899090449,0.09516423880697032,22.666666666666668,23.0,15.0,30.0
BIN::onemax::n=150::seed=611480496,onemax,bin,500,0.0,"GA(pop=50,pc=0.9,pm=0.02)",GA,0,30,0.0,0.03125,0.0015257121234356827,0.09594207208217713,47.93333333333333,48.0,39.0,54.0
BIN::onemax::n=150::seed=611480496,onemax,bin,500,0.0,"GA(pop=50,pc=0.9,pm=0.05)",GA,0,30,0.0,0.03125,0.0016372971802391457,0.09108539273484668,48.13333333333333,47.5,43.0,54.0
BIN::onemax::n=150::seed=611480496,onemax,bin,500,0.0,"GA(pop=100,pc=0.9,pm=0.02)",GA,0,30,0.0,0.03125,0.0016303534569304583,0.09146024105543683,52.4,53.0,47.0,55.0
BIN::onemax::n=150::seed=611480496,onemax,bin,500,0.0,TABU(tenure=7),TABU,0,30,0.0,0.03125,0.001742077826581489,0.09027321064772996,26.966666666666665,27.0,18.0,33.0
BIN::onemax::n=150::seed=611480496,onemax,bin,500,0.0,"UMDA(pop=50,elite=0.2)",UMDA,0,30,0.0,0.03125,0.0017286734039011686,0.09343228175247219,15.2,15.0,9.0,20.0
BIN::onemax::n=150::seed=611480496,onemax,bin,500,0.0,"UMDA(pop=100,elite=0.2)",UMDA,0,30,0.0,0.03125,0.0016209063561465939,0.08789589456111413,30.933333333333334,31.0,26.0,36.0
BIN::onemax::n=150::seed=611480496,onemax,bin,500,0.0,TABU(tenure=12),TABU,0,30,0.0,0.03125,0.00160114687967969,0.0912708915421879,25.733333333333334,25.0,17.0,36.0
BIN::onemax::n=50::seed=200768954,onemax,bin,500,0.0,RS_BIN,RS_BIN,0,30,0.0,0.03125,0.001610769195122939,0.09783487645618479,14.2,14.0,12.0,16.0
BIN::onemax::n=50::seed=200768954,onemax,bin,500,0.0,HC(flips=1),HC,30,30,1.0,0.96875,0.9093801097107589,0.9985639593197222,0.0,0.0,0.0,0.0
BIN::onemax::n=50::seed=200768954,onemax,bin,500,0.0,HC(flips=2),HC,4,30,0.13333333333333333,0.15625,0.068431111922085,0.27337284234694675,2.2333333333333334,2.0,0.0,6.0
BIN::onemax::n=50::seed=200768954,onemax,bin,500,0.0,"SA(T0=1.0,alpha=0.995,flips=1)",SA,28,30,0.9333333333333333,0.90625,0.8155213761555815,0.974097526504789,0.06666666666666667,0.0,0.0,1.0
BIN::onemax::n=50::seed=200768954,onemax,bin,500,0.0,"SA(T0=2.0,alpha=0.99,flips=1)",SA,30,30,1.0,0.96875,0.9073035160206149,0.9982530802096616,0.0,0.0,0.0,0.0
BIN::onemax::n=50::seed=200768954,onemax,bin,500,0.0,"SA(T0=2.0,alpha=0.995,flips=2)",SA,0,30,0.0,0.03125,0.0017154481664275298,0.0906634213087751,4.1,4.0,1.0,6.0
BIN::onemax::n=50::seed=200768954,onemax,bin,500,0.0,"GA(pop=50,pc=0.9,pm=0.02)",GA,0,30,0.0,0.03125,0.0015580631376749335,0.08948296668011103,9.466666666666667,9.0,7.0,13.0
BIN::onemax::n=50::seed=200768954,onemax,bin,500,0.0,"GA(pop=50,pc=0.9,pm=0.05)",GA,0,30,0.0,0.03125,0.0015606160883909238,0.09303740902933999,10.233333333333333,10.0,6.0,13.0
BIN::onemax::n=50::seed=200768954,onemax,bin,500,0.0,"GA(pop=100,pc=0.9,pm=0.02)",GA,0,30,0.0,0.03125,0.0016907379932568957,0.0946837274071546,12.033333333333333,12.0,10.0,15.0
BIN::onemax::n=50::seed=200768954,onemax,bin,500,0.0,TABU(tenure=7),TABU,2,30,0.06666666666666667,0.09375,0.02733842042647716,0.19219460878034111,2.1333333333333333,2.0,0.0,5.0
BIN::onemax::n=50::seed=200768954,onemax,bin,500,0.0,"UMDA(pop=50,elite=0.2)",UMDA,29,30,0.9666666666666667,0.9375,0.8653858221296844,0.9881583437986935,0.03333333333333333,0.0,0.0,1.0
BIN::onemax::n=50::seed=200768954,onemax,bin,500,0.0,"UMDA(pop=100,elite=0.2)",UMDA,0,30,0.0,0.03125,0.002253588124796824,0.09545295501502801,2.466666666666667,2.5,1.0,5.0
BIN::onemax::n=50::seed=200768954,onemax,bin,500,0.0,TABU(tenure=12),TABU,1,30,0.03333333333333333,0.0625,0.011776131934375258,0.13931765787955672,2.8333333333333335,3.0,0.0,5.0
BIN::leadingones::n=100::seed=726995324,leadingones,bin,500,0.0,RS_BIN,RS_BIN,0,30,0.0,0.03125,0.001629142120787918,0.09394305559394031,90.4,91.0,87.0,93.0
BIN::leadingones::n=100::seed=726995324,leadingones,bin,500,0.0,HC(flips=1),HC,0,30,0.0,0.03125,0.001511917808831236,0.09170189041652642,88.3,90.5,76.0,97.0
BIN::leadingones::n=100::seed=726995324,leadingones,bin,500,0.0,HC(flips=2),HC,0,30,0.0,0.03125,0.0015661632034431987,0.09015999485369533,82.0,81.5,64.0,92.0
BIN::leadingones::n=100::seed=726995324,leadingones,bin,500,0.0,"SA(T0=1.0,alpha=0.995,flips=1)",SA,0,30,0.0,0.03125,0.0015043784071608157,0.0930168414808757,88.9,90.0,72.0,98.0
BIN::leadingones::n=100::seed=726995324,leadingones,bin,500,0.0,"SA(T0=2.0,alpha=0.99,flips=1)",SA,0,30,0.0,0.03125,0.0016207161555220095,0.08326487810025816,89.03333333333333,89.0,69.0,98.0
BIN::leadingones::n=100::seed=726995324,leadingones,bin,500,0.0,"SA(T0=2.0,alpha=0.995,flips=2)",SA,0,30,0.0,0.03125,0.001754992966479267,0.09547309273057611,83.2,83.0,71.0,98.0
BIN::leadingones::n=100::seed=726995324,leadingones,bin,500,0.0,"GA(pop=50,pc=0.9,pm=0.02)",GA,0,30,0.0,0.03125,0.0015725337954152093,0.08919294701875888,90.7,91.0,85.0,94.0
BIN::leadingones::n=100::seed=726995324,leadingones,bin,500,0.0,"GA(pop=50,pc=0.9,pm=0.05)",GA,0,30,0.0,0.03125,0.0014569239577319054,0.08932154742378733,88.46666666666667,89.0,81.0,93.0
BIN::leadingones::n=100::seed=726995324,leadingones,bin,500,0.0,"GA(pop=100,pc=0.9,pm=0.02)",GA,0,30,0.0,0.03125,0.0017935013833497793,0.08969241306437073,90.83333333333333,91.0,83.0,93.0
BIN::leadingones::n=100::seed=726995324,leadingones,bin,500,0.0,TABU(tenure=7),TABU,0,30,0.0,0.03125,0.0016425711423960492,0.08943701917797278,89.56666666666666,91.5,75.0,97.0
BIN::leadingones::n=100::seed=726995324,leadingones,bin,500,0.0,"UMDA(pop=50,elite=0.2)",UMDA,0,30,0.0,0.03125,0.0015171494823365231,0.09581703336966452,84.26666666666667,84.5,75.0,93.0
BIN::leadingones::n=100::seed=726995324,leadingones,bin,500,0.0,"UMDA(pop=100,elite=0.2)",UMDA,0,30,0.0,0.03125,0.0018303761117168826,0.0869297288649131,85.16666666666667,85.5,79.0,89.0
BIN::leadingones::n=100::seed=726995324,leadingones,bin,500,0.0,TABU(tenure=12),TABU,0,30,0.0,0.03125,0.0015355253793397738,0.08956566637870719,88.83333333333333,90.5,73.0,99.0
BIN::leadingones::n=100::seed=906134338,leadingones,bin,500,0.0,RS_BIN,RS_BIN,0,30,0.0,0.03125,0.0013160944374785032,0.09263847859355474,90.43333333333334,91.0,87.0,94.0
BIN::leadingones::n=100::seed=906134338,leadingones,bin,500,0.0,HC(flips=1),HC,0,30,0.0,0.03125,0.0019854714362628734,0.09167476936121297,89.4,90.5,77.0,99.0
BIN::leadingones::n=100::seed=906134338,leadingones,bin,500,0.0,HC(flips=2),HC,0,30,0.0,0.03125,0.0016241756227784116,0.08753019307628032,82.5,82.5,73.0,96.0
BIN::leadingones::n=100::seed=906134338,leadingones,bin,500,0.0,"SA(T0=1.0,alpha=0.995,flips=1)",SA,0,30,0.0,0.03125,0.0018161404696252054,0.0908880185806808,88.66666666666667,88.0,79.0,97.0
BIN::leadingones::n=100::seed=906134338,leadingones,bin,500,0.0,"SA(T0=2.0,alpha=0.99,flips=1)",SA,0,30,0.0,0.03125,0.0014494957716320244,0.09191794353614102,89.13333333333334,89.5,80.0,99.0
BIN::leadingones::n=100::seed=906134338,leadingones,bin,500,0.0,"SA(T0=2.0,alpha=0.995,flips=2)",SA,0,30,0.0,0.03125,0.001523923007622391,0.08705443222664523,83.43333333333334,85.0,69.0,93.0
BIN::leadingones::n=100::seed=906134338,leadingones,bin,500,0.0,"GA(pop=50,pc=0.9,pm=0.02)",GA,0,30,0.0,0.03125,0.0014983550440867376,0.0889531591888435,91.13333333333334,92.0,85.0,95.0
BIN::leadingones::n=100::seed=906134338,leadingones,bin,500,0.0,"GA(pop=50,pc=0.9,pm=0.05)",GA,0,30,0.0,0.03125,0.0016359458424363173,0.09604645697244124,89.8,90.0,86.0,94.0
BIN::leadingones::n=100::seed=906134338,leadingones,bin,500,0.0,"GA(pop=100,pc=0.9,pm=0.02)",GA,0,30,0.0,0.03125,0.0018164299237913057,0.0942414280419296,91.26666666666667,91.0,86.0,94.0
BIN::leadingones::n=100::seed=906134338,leadingones,bin,500,0.0,TABU(tenure=7),TABU,0,30,0.0,0.03125,0.0014562041880584538,0.09373184639567317,87.86666666666666,88.5,71.0,96.0
BIN::leadingones::n=100::seed=906134338,leadingones,bin,500,0.0,"UMDA(pop=50,elite=0.2)",UMDA,0,30,0.0,0.03125,0.0015963202970620627,0.09265204751015135,83.96666666666667,84.0,76.0,91.0
BIN::leadingones::n=100::seed=906134338,leadingones,bin,500,0.0,"UMDA(pop=100,elite=0.2)",UMDA,0,30,0.0,0.03125,0.0017695556251191816,0.08907625773548078,85.16666666666667,84.5,81.0,90.0
BIN::leadingones::n=100::seed=906134338,leadingones,bin,500,0.0,TABU(tenure=12),TABU,0,30,0.0,0.03125,0.001522385448708742,0.09606180248518326,88.53333333333333,88.5,74.0,98.0
BIN::trap5::n=100::seed=745913736,trap5,bin,500,0.0,RS_BIN,RS_BIN,0,30,0.0,0.03125,0.0017688253111323325,0.09437192639787247,48.9,50.0,41.0,54.0
BIN::trap5::n=100::seed=745913736,trap5,bin,500,0.0,HC(flips=1),HC,0,30,0.0,0.03125,0.001805154662552814,0.09298898470682451,19.466666666666665,20.0,17.0,21.0
BIN::trap5::n=100::seed=745913736,trap5,bin,500,0.0,HC(flips=2),HC,0,30,0.0,0.03125,0.0015241802515295433,0.09299702048507019,25.5,25.0,20.0,31.0
BIN::trap5::n=100::seed=745913736,trap5,bin,500,0.0,"SA(T0=1.0,alpha=0.995,flips=1)",SA,0,30,0.0,0.03125,0.0015886277108873956,0.09258567093452784,19.3,19.0,16.0,23.0
BIN::trap5::n=100::seed=745913736,trap5,bin,500,0.0,"SA(T0=2.0,alpha=0.99,flips=1)",SA,0,30,0.0,0.03125,0.0015850871430233128,0.09027945192767842,18.766666666666666,19.0,13.0,23.0
BIN::trap5::n=100::seed=745913736,trap5,bin,500,0.0,"SA(T0=2.0,alpha=0.995,flips=2)",SA,0,30,0.0,0.03125,0.001497244013430038,0.09109177926845648,27.6,29.0,22.0,32.0
BIN::trap5::n=100::seed=745913736,trap5,bin,500,0.0,"GA(pop=50,pc=0.9,pm=0.02)",GA,0,30,0.0,0.03125,0.001819390311555892,0.09271750510992181,41.93333333333333,43.0,35.0,47.0
BIN::trap5::n=100::seed=745913736,trap5,bin,500,0.0,"GA(pop=50,pc=0.9,pm=0.05)",GA,0,30,0.0,0.03125,0.002020255537175713,0.09256586945095183,43.733333333333334,44.5,37.0,49.0
BIN::trap5::n=100::seed=745913736,trap5,bin,500,0.0,"GA(pop=100,pc=0.9,pm=0.02)",GA,0,30,0.0,0.03125,0.0018852734519446165,0.08908327922344383,45.46666666666667,46.0,39.0,50.0
BIN::trap5::n=100::seed=745913736,trap5,bin,500,0.0,TABU(tenure=7),TABU,0,30,0.0,0.03125,0.0014794893501710149,0.08535703061639337,25.533333333333335,25.5,19.0,31.0
BIN::trap5::n=100::seed=745913736,trap5,bin,500,0.0,"UMDA(pop=50,elite=0.2)",UMDA,0,30,0.0,0.03125,0.0014924128593913248,0.09120666944686542,27.833333333333332,27.5,21.0,34.0
BIN::trap5::n=100::seed=745913736,trap5,bin,500,0.0,"UMDA(pop=100,elite=0.2)",UMDA,0,30,0.0,0.03125,0.002039693688017667,0.08774309184837605,40.13333333333333,40.0,33.0,44.0
BIN::trap5::n=100::seed=745913736,trap5,bin,500,0.0,TABU(tenure=12),TABU,0,30,0.0,0.03125,0.0017598518972007508,0.08549250875378071,24.933333333333334,25.0,20.0,29.0
BIN::knapsack01::n=100::seed=16877214,knapsack01,bin,500,0.0,RS_BIN,RS_BIN,0,30,0.0,0.03125,0.0017821704641351683,0.0934987266601303,1221.7666666666667,1236.0,928.0,1416.0
BIN::knapsack01::n=100::seed=16877214,knapsack01,bin,500,0.0,HC(flips=1),HC,0,30,0.0,0.03125,0.0015189533002059898,0.09350535644131375,940.4333333333333,931.5,643.0,1292.0
BIN::knapsack01::n=100::seed=16877214,knapsack01,bin,500,0.0,HC(flips=2),HC,0,30,0.0,0.03125,0.0013131833733147818,0.08575196491078728,284.5,285.0,136.0,419.0
BIN::knapsack01::n=100::seed=16877214,knapsack01,bin,500,0.0,"SA(T0=1.0,alpha=0.995,flips=1)",SA,0,30,0.0,0.03125,0.0016717132767013095,0.09261084774310056,912.9333333333333,914.0,535.0,1436.0
BIN::knapsack01::n=100::seed=16877214,knapsack01,bin,500,0.0,"SA(T0=2.0,alpha=0.99,flips=1)",SA,0,30,0.0,0.03125,0.0021838947955296435,0.09049208373728358,913.3666666666667,943.5,489.0,1188.0
BIN::knapsack01::n=100::seed=16877214,knapsack01,bin,500,0.0,"SA(T0=2.0,alpha=0.995,flips=2)",SA,0,30,0.0,0.03125,0.0017016395135184977,0.08865827468140561,285.8666666666667,267.5,169.0,444.0
BIN::knapsack01::n=100::seed=16877214,knapsack01,bin,500,0.0,"GA(pop=50,pc=0.9,pm=0.02)",GA,0,30,0.0,0.03125,0.0015950026065033322,0.09203626955803444,1007.8,1019.0,758.0,1312.0
BIN::knapsack01::n=100::seed=16877214,knapsack01,bin,500,0.0,"GA(pop=50,pc=0.9,pm=0.05)",GA,0,30,0.0,0.03125,0.0015469521911749217,0.09281813654522296,1027.2666666666667,1033.0,896.0,1250.0
BIN::knapsack01::n=100::seed=16877214,knapsack01,bin,500,0.0,"GA(pop=100,pc=0.9,pm=0.02)",GA,0,30,0.0,0.03125,0.0017511006194215453,0.09052990859720325,1128.6333333333334,1123.5,985.0,1301.0
BIN::knapsack01::n=100::seed=16877214,knapsack01,bin,500,0.0,TABU(tenure=7),TABU,0,30,0.0,0.03125,0.0018767499040872862,0.08896281033121783,418.76666666666665,422.0,222.0,630.0
BIN::knapsack01::n=100::seed=16877214,knapsack01,bin,500,0.0,"UMDA(pop=50,elite=0.2)",UMDA,0,30,0.0,0.03125,0.0017118224353940643,0.09442786722059308,399.43333333333334,393.5,243.0,625.0
BIN::knapsack01::n=100::seed=16877214,knapsack01,bin,500,0.0,"UMDA(pop=100,elite=0.2)",UMDA,0,30,0.0,0.03125,0.0015717734648190227,0.09554515802084562,678.4,672.0,511.0,898.0
BIN::knapsack01::n=100::seed=16877214,knapsack01,bin,500,0.0,TABU(tenure=12),TABU,0,30,0.0,0.03125,0.0015987986211572788,0.08803303678738726,435.46666666666664,422.0,279.0,647.0
BIN::onemax::n=50::seed=996435875,onemax,bin,500,0.0,RS_BIN,RS_BIN,0,30,0.0,0.03125,0.0016166831817135746,0.09477817866669738,14.566666666666666,15.0,12.0,17.0
BIN::onemax::n=50::seed=996435875,onemax,bin,500,0.0,HC(flips=1),HC,30,30,1.0,0.96875,0.905271209723321,0.9985361548267463,0.0,0.0,0.0,0.0
BIN::onemax::n=50::seed=996435875,onemax,bin,500,0.0,HC(flips=2),HC,0,30,0.0,0.03125,0.001962050062552333,0.08734957795719377,2.8,3.0,1.0,5.0
BIN::onemax::n=50::seed=996435875,onemax,bin,500,0.0,"SA(T0=1.0,alpha=0.995,flips=1)",SA,29,30,0.9666666666666667,0.9375,0.8597690749600508,0.9890151854000272,0.03333333333333333,0.0,0.0,1.0
BIN::onemax::n=50::seed=996435875,onemax,bin,500,0.0,"SA(T0=2.0,alpha=0.99,flips=1)",SA,30,30,1.0,0.96875,0.9084925081726584,0.9983837123986337,0.0,0.0,0.0,0.0
BIN::onemax::n=50::seed=996435875,onemax,bin,500,0.0,"SA(T0=2.0,alpha=0.995,flips=2)",SA,0,30,0.0,0.03125,0.0014766552088726515,0.08912173055632139,4.133333333333334,4.0,1.0,7.0
BIN::onemax::n=50::seed=996435875,onemax,bin,500,0.0,"GA(pop=50,pc=0.9,pm=0.02)",GA,0,30,0.0,0.03125,0.0016679801912021972,0.0942068822256866,9.2,9.0,5.0,11.0
BIN::onemax::n=50::seed=996435875,onemax,bin,500,0.0,"GA(pop=50,pc=0.9,pm=0.05)",GA,0,30,0.0,0.03125,0.0016634760850442005,0.08797601401688322,9.866666666666667,10.0,5.0,12.0
BIN::onemax::n=50::seed=996435875,onemax,bin,500,0.0,"GA(pop=100,pc=0.9,pm=0.02)",GA,0,30,0.0,0.03125,0.0014763619811069696,0.09425676455981961,12.066666666666666,12.0,10.0,14.0
BIN::onemax::n=50::seed=996435875,onemax,bin,500,0.0,TABU(tenure=7),TABU,0,30,0.0,0.03125,0.001625131956694348,0.09223301676512949,2.6666666666666665,2.5,1.0,5.0
BIN::onemax::n=50::seed=996435875,onemax,bin,500,0.0,"UMDA(pop=50,elite=0.2)",UMDA,25,30,0.8333333333333334,0.8125,0.6935922008401659,0.9091425328154661,0.16666666666666666,0.0,0.0,1.0
BIN::onemax::n=50::seed=996435875,onemax,bin,500,0.0,"UMDA(pop=100,elite=0.2)",UMDA,0,30,0.0,0.03125,0.0016494366732540007,0.08806265971164184,2.3666666666666667,2.0,1.0,5.0
BIN::onemax::n=50::seed=996435875,onemax,bin,500,0.0,TABU(tenure=12),TABU,3,30,0.1,0.125,0.045026355562576725,0.23144365356241936,2.2666666666666666,2.0,0.0,6.0
BIN::leadingones::n=50::seed=819647819,leadingones,bin,500,0.0,RS_BIN,RS_BIN,0,30,0.0,0.03125,0.0018635191544235932,0.08864545120977887,41.06666666666667,41.0,37.0,44.0
BIN::leadingones::n=50::seed=819647819,leadingones,bin,500,0.0,HC(flips=1),HC,0,30,0.0,0.03125,0.0013876493610503918,0.09215098950565612,29.133333333333333,30.5,13.0,42.0
BIN::leadingones::n=50::seed=819647819,leadingones,bin,500,0.0,HC(flips=2),HC,0,30,0.0,0.03125,0.0016967845853240258,0.09331234654633408,23.966666666666665,25.5,7.0,36.0
BIN::leadingones::n=50::seed=819647819,leadingones,bin,500,0.0,"SA(T0=1.0,alpha=0.995,flips=1)",SA,0,30,0.0,0.03125,0.0014872792836337777,0.08819124475564613,29.566666666666666,29.5,13.0,47.0
BIN::leadingones::n=50::seed=819647819,leadingones,bin,500,0.0,"SA(T0=2.0,alpha=0.99,flips=1)",SA,0,30,0.0,0.03125,0.0016623999161556847,0.09222048196555345,31.7,33.0,15.0,41.0
BIN::leadingones::n=50::seed=819647819,leadingones,bin,500,0.0,"SA(T0=2.0,alpha=0.995,flips=2)",SA,0,30,0.0,0.03125,0.0018696593980473118,0.08942108403366143,27.166666666666668,27.5,16.0,38.0
BIN::leadingones::n=50::seed=819647819,leadingones,bin,500,0.0,"GA(pop=50,pc=0.9,pm=0.02)",GA,0,30,0.0,0.03125,0.0016666079541547058,0.09012552535216072,39.03333333333333,40.5,27.0,45.0
BIN::leadingones::n=50::seed=819647819,leadingones,bin,500,0.0,"GA(pop=50,pc=0.9,pm=0.05)",GA,0,30,0.0,0.03125,0.0016503545781382278,0.0852584345580921,38.766666666666666,39.0,33.0,43.0
BIN::leadingones::n=50::seed=819647819,leadingones,bin,500,0.0,"GA(pop=100,pc=0.9,pm=0.02)",GA,0,30,0.0,0.03125,0.0018676451489191947,0.09142183395954635,41.46666666666667,42.0,36.0,44.0
BIN::leadingones::n=50::seed=819647819,leadingones,bin,500,0.0,TABU(tenure=7),TABU,0,30,0.0,0.03125,0.0016390437554953147,0.09145599994801527,29.633333333333333,30.0,17.0,41.0
BIN::leadingones::n=50::seed=819647819,leadingones,bin,500,0.0,"UMDA(pop=50,elite=0.2)",UMDA,0,30,0.0,0.03125,0.0017052984254330376,0.09483587414592493,33.666666666666664,34.5,25.0,41.0
BIN::leadingones::n=50::seed=819647819,leadingones,bin,500,0.0,"UMDA(pop=100,elite=0.2)",UMDA,0,30,0.0,0.03125,0.0016069330703673583,0.09537773208701303,35.766666666666666,35.5,32.0,40.0
BIN::leadingones::n=50::seed=819647819,leadingones,bin,500,0.0,TABU(tenure=12),TABU,0,30,0.0,0.03125,0.0016455148408799434,0.09385039728292519,28.266666666666666,28.0,16.0,44.0
BIN::knapsack01::n=150::seed=54668061,knapsack01,bin,500,0.0,RS_BIN,RS_BIN,0,30,0.0,0.03125,0.001706013202501406,0.09151135615403516,1752.4666666666667,1747.5,1580.0,1940.0
BIN::knapsack01::n=150::seed=54668061,knapsack01,bin,500,0.0,HC(flips=1),HC,0,30,0.0,0.03125,0.0016356607426653855,0.09371963599205169,1253.3,1280.5,852.0,1854.0
BIN::knapsack01::n=150::seed=54668061,knapsack01,bin,500,0.0,HC(flips=2),HC,0,30,0.0,0.03125,0.0015492341151573399,0.09242064179966375,586.4333333333333,596.0,365.0,765.0
BIN::knapsack01::n=150::seed=54668061,knapsack01,bin,500,0.0,"SA(T0=1.0,alpha=0.995,flips=1)",SA,0,30,0.0,0.03125,0.0018784562342713188,0.08913805648083888,1268.8666666666666,1310.5,879.0,1627.0
BIN::knapsack01::n=150::seed=54668061,knapsack01,bin,500,0.0,"SA(T0=2.0,alpha=0.99,flips=1)",SA,0,30,0.0,0.03125,0.0017175473172274264,0.08471395462069221,1191.7333333333333,1186.0,735.0,1658.0
BIN::knapsack01::n=150::seed=54668061,knapsack01,bin,500,0.0,"SA(T0=2.0,alpha=0.995,flips=2)",SA,0,30,0.0,0.03125,0.0015937575162311781,0.08639343084517684,546.7666666666667,534.0,367.0,818.0
BIN::knapsack01::n=150::seed=54668061,knapsack01,bin,500,0.0,"GA(pop=50,pc=0.9,pm=0.02)",GA,0,30,0.0,0.03125,0.0017475567684486746,0.08647959036023387,1434.2666666666667,1431.5,1170.0,1678.0
BIN::knapsack01::n=150::seed=54668061,knapsack01,bin,500,0.0,"GA(pop=50,pc=0.9,pm=0.05)",GA,0,30,0.0,0.03125,0.002095336212325306,0.09687086256642957,1496.6,1499.0,1308.0,1694.0
BIN::knapsack01::n=150::seed=54668061,knapsack01,bin,500,0.0,"GA(pop=100,pc=0.9,pm=0.02)",GA,0,30,0.0,0.03125,0.0016723951262399978,0.09113209012319878,1559.3666666666666,1569.5,1234.0,1840.0
BIN::knapsack01::n=150::seed=54668061,knapsack01,bin,500,0.0,TABU(tenure=7),TABU,0,30,0.0,0.03125,0.0014696032228058414,0.0938058398692165,962.1333333333333,972.0,610.0,1312.0
BIN::knapsack01::n=150::seed=54668061,knapsack01,bin,500,0.0,"UMDA(pop=50,elite=0.2)",UMDA,0,30,0.0,0.03125,0.0015377484499967202,0.08977325077213787,736.1666666666666,714.5,568.0,960.0
BIN::knapsack01::n=150::seed=54668061,knapsack01,bin,500,0.0,"UMDA(pop=100,elite=0.2)",UMDA,0,30,0.0,0.03125,0.001534364467022826,0.09087219660911466,1137.3333333333333,1149.0,857.0,1374.0
BIN::knapsack01::n=150::seed=54668061,knapsack01,bin,500,0.0,TABU(tenure=12),TABU,0,30,0.0,0.03125,0.0018898286731684642,0.09134080547123881,850.3,830.0,592.0,1152.0
BIN::onemax::n=100::seed=191480656,onemax,bin,500,0.0,RS_BIN,RS_BIN,0,30,0.0,0.03125,0.0016182875315090691,0.09250691504706289,34.93333333333333,35.0,30.0,38.0
BIN::onemax::n=100::seed=191480656,onemax,bin,500,0.0,HC(flips=1),HC,25,30,0.8333333333333334,0.8125,0.6880690990030999,0.9129404376557172,0.16666666666666666,0.0,0.0,1.0
BIN::onemax::n=100::seed=191480656,onemax,bin,500,0.0,HC(flips=2),HC,0,30,0.0,0.03125,0.0018462201207644826,0.09266496406266987,8.566666666666666,9.0,3.0,12.0
BIN::onemax::n=100::seed=191480656,onemax,bin,500,0.0,"SA(T0=1.0,alpha=0.995,flips=1)",SA,11,30,0.36666666666666664,0.375,0.23796602057613317,0.5187763448507743,1.0,1.0,0.0,3.0
BIN::onemax::n=100::seed=191480656,onemax,bin,500,0.0,"SA(T0=2.0,alpha=0.99,flips=1)",SA,12,30,0.4,0.40625,0.26963525744334094,0.549186269317277,0.8666666666666667,1.0,0.0,3.0
BIN::onemax::n=100::seed=191480656,onemax,bin,500,0.0,"SA(T0=2.0,alpha=0.995,flips=2)",SA,0,30,0.0,0.03125,0.0016083788149880867,0.09013512237237735,10.533333333333333,10.5,6.0,15.0
BIN::onemax::n=100::seed=191480656,onemax,bin,500,0.0,"GA(pop=50,pc=0.9,pm=0.02)",GA,0,30,0.0,0.03125,0.0015387826888237036,0.09011228327087248,27.166666666666668,28.0,23.0,30.0
BIN::onemax::n=100::seed=191480656,onemax,bin,500,0.0,"GA(pop=50,pc=0.9,pm=0.05)",GA,0,30,0.0,0.03125,0.0016743360770760138,0.09163879919980378,28.5,28.0,24.0,33.0
BIN::onemax::n=100::seed=191480656,onemax,bin,500,0.0,"GA(pop=100,pc=0.9,pm=0.02)",GA,0,30,0.0,0.03125,0.0018778489559155725,0.09640536798218295,31.8,32.0,25.0,35.0
BIN::onemax::n=100::seed=191480656,onemax,bin,500,0.0,TABU(tenure=7),TABU,0,30,0.0,0.03125,0.001567136028108957,0.0935957017906196,10.5,11.0,5.0,17.0
BIN::onemax::n=100::seed=191480656,onemax,bin,500,0.0,"UMDA(pop=50,elite=0.2)",UMDA,0,30,0.0,0.03125,0.0018187428720405996,0.08968178496479356,4.133333333333334,4.0,1.0,8.0
BIN::onemax::n=100::seed=191480656,onemax,bin,500,0.0,"UMDA(pop=100,elite=0.2)",UMDA,0,30,0.0,0.03125,0.001492839072906237,0.09098744919325391,14.9,14.5,12.0,19.0
BIN::onemax::n=100::seed=191480656,onemax,bin,500,0.0,TABU(tenure=12),TABU,0,30,0.0,0.03125,0.0018564538464260188,0.08780589669555823,9.933333333333334,10.0,5.0,16.0
BIN::onemax::n=150::seed=587881940,onemax,bin,500,0.0,RS_BIN,RS_BIN,0,30,0.0,0.03125,0.0017789516438152643,0.0984613897141152,55.13333333333333,55.5,48.0,59.0
BIN::onemax::n=150::seed=587881940,onemax,bin,500,0.0,HC(flips=1),HC,4,30,0.13333333333333333,0.15625,0.06755335810331156,0.27019673288853086,2.6,2.0,0.0,6.0
BIN::onemax::n=150::seed=587881940,onemax,bin,500,0.0,HC(flips=2),HC,0,30,0.0,0.03125,0.0020113366252817537,0.09703392088867947,18.1,17.5,10.0,26.0
BIN::onemax::n=150::seed=587881940,onemax,bin,500,0.0,"SA(T0=1.0,alpha=0.995,flips=1)",SA,2,30,0.06666666666666667,0.09375,0.02828158585473295,0.19199736016306926,4.3,4.5,0.0,8.0
BIN::onemax::n=150::seed=587881940,onemax,bin,500,0.0,"SA(T0=2.0,alpha=0.99,flips=1)",SA,0,30,0.0,0.03125,0.0017641885334799194,0.09300669891222646,4.533333333333333,4.0,1.0,11.0
BIN::onemax::n=150::seed=587881940,onemax,bin,500,0.0,"SA(T0=2.0,alpha=0.995,flips=2)",SA,0,30,0.0,0.03125,0.0016943618118074857,0.08855208866282775,22.266666666666666,22.0,14.0,30.0
BIN::onemax::n=150::seed=587881940,onemax,bin,500,0.0,"GA(pop=50,pc=0.9,pm=0.02)",GA,0,30,0.0,0.03125,0.001628166582003406,0.09177734669068044,47.166666666666664,48.0,41.0,51.0
BIN::onemax::n=150::seed=587881940,onemax,bin,500,0.0,"GA(pop=50,pc=0.9,pm=0.05)",GA,0,30,0.0,0.03125,0.0017389192245893766,0.08824999530604137,49.06666666666667,49.0,45.0,54.0
BIN::onemax::n=150::seed=587881940,onemax,bin,500,0.0,"GA(pop=100,pc=0.9,pm=0.02)",GA,0,30,0.0,0.03125,0.0016720216783612453,0.08969262782382753,52.6,52.0,47.0,58.0
BIN::onemax::n=150::seed=587881940,onemax,bin,500,0.0,TABU(tenure=7),TABU,0,30,0.0,0.03125,0.0016131863628438175,0.09102964469225402,26.733333333333334,26.0,15.0,43.0
BIN::onemax::n=150::seed=587881940,onemax,bin,500,0.0,"UMDA(pop=50,elite=0.2)",UMDA,0,30,0.0,0.03125,0.0016860411826124342,0.08918089472220271,15.133333333333333,15.0,11.0,20.0
BIN::onemax::n=150::seed=587881940,onemax,bin,500,0.0,"UMDA(pop=100,elite=0.2)",UMDA,0,30,0.0,0.03125,0.001629520066434624,0.08820727472932362,30.866666666666667,31.0,23.0,36.0
BIN::onemax::n=150::seed=587881940,onemax,bin,500,0.0,TABU(tenure=12),TABU,0,30,0.0,0.03125,0.0016949382101282937,0.08737849038762868,27.966666666666665,28.0,17.0,35.0
BIN::leadingones::n=50::seed=932766333,leadingones,bin,500,0.0,RS_BIN,RS_BIN,0,30,0.0,0.03125,0.001521993211657945,0.09125462163421834,40.8,41.5,34.0,44.0
BIN::leadingones::n=50::seed=932766333,leadingones,bin,500,0.0,HC(flips=1),HC,0,30,0.0,0.03125,0.0014348040491012092,0.09436551934946527,29.9,30.5,5.0,47.0
BIN::leadingones::n=50::seed=932766333,leadingones,bin,500,0.0,HC(flips=2),HC,0,30,0.0,0.03125,0.0014785859642936015,0.08989872601478949,21.5,22.0,14.0,37.0
BIN::leadingones::n=50::seed=932766333,leadingones,bin,500,0.0,"SA(T0=1.0,alpha=0.995,flips=1)",SA,0,30,0.0,0.03125,0.0016344700616578792,0.0909634387546955,31.566666666666666,34.0,16.0,42.0
BIN::leadingones::n=50::seed=932766333,leadingones,bin,500,0.0,"SA(T0=2.0,alpha=0.99,flips=1)",SA,0,30,0.0,0.03125,0.001825977179651575,0.0919800050969668,33.03333333333333,34.0,7.0,47.0
BIN::leadingones::n=50::seed=932766333,leadingones,bin,500,0.0,"SA(T0=2.0,alpha=0.995,flips=2)",SA,0,30,0.0,0.03125,0.0015626395413739225,0.088759709499695,28.0,27.5,18.0,37.0
BIN::leadingones::n=50::seed=932766333,leadingones,bin,500,0.0,"GA(pop=50,pc=0.9,pm=0.02)",GA,0,30,0.0,0.03125,0.0014736010213244786,0.09189124979636383,39.8,40.5,25.0,44.0
BIN::leadingones::n=50::seed=932766333,leadingones,bin,500,0.0,"GA(pop=50,pc=0.9,pm=0.05)",GA,0,30,0.0,0.03125,0.0017376127025852403,0.0917708677542557,39.3,40.0,32.0,43.0
BIN::leadingones::n=50::seed=932766333,leadingones,bin,500,0.0,"GA(pop=100,pc=0.9,pm=0.02)",GA,0,30,0.0,0.03125,0.0016907040454998922,0.09017724941501111,41.766666666666666,42.0,37.0,45.0
BIN::leadingones::n=50::seed=932766333,leadingones,bin,500,0.0,TABU(tenure=7),TABU,0,30,0.0,0.03125,0.0015535036053051661,0.08873534358644546,28.233333333333334,27.5,16.0,39.0
BIN::leadingones::n=50::seed=932766333,leadingones,bin,500,0.0,"UMDA(pop=50,elite=0.2)",UMDA,0,30,0.0,0.03125,0.0016881440197205764,0.09168687028900262,35.3,35.0,27.0,44.0
BIN::leadingones::n=50::seed=932766333,leadingones,bin,500,0.0,"UMDA(pop=100,elite=0.2)",UMDA,0,30,0.0,0.03125,0.001871368669591105,0.09599724308806824,35.63333333333333,35.0,29.0,41.0
BIN::leadingones::n=50::seed=932766333,leadingones,bin,500,0.0,TABU(tenure=12),TABU,0,30,0.0,0.03125,0.0015953009650797835,0.09054901150881958,29.833333333333332,29.5,15.0,44.0
BIN::leadingones::n=50::seed=89237254,leadingones,bin,500,0.0,RS_BIN,RS_BIN,0,30,0.0,0.03125,0.0016867162398944843,0.08902788971720763,41.13333333333333,41.0,39.0,44.0
BIN::leadingones::n=50::seed=89237254,leadingones,bin,500,0.0,HC(flips=1),HC,0,30,0.0,0.03125,0.0016797402005684268,0.09184495574424584,30.166666666666668,31.0,8.0,41.0
BIN::leadingones::n=50::seed=89237254,leadingones,bin,500,0.0,HC(flips=2),HC,0,30,0.0,0.03125,0.0018465162854893436,0.08931994879729603,22.9,23.0,11.0,34.0
BIN::leadingones::n=50::seed=89237254,leadingones,bin,500,0.0,"SA(T0=1.0,alpha=0.995,flips=1)",SA,0,30,0.0,0.03125,0.0017126629795246532,0.09309160395038692,27.633333333333333,28.0,9.0,42.0
BIN::leadingones::n=50::seed=89237254,leadingones,bin,500,0.0,"SA(T0=2.0,alpha=0.99,flips=1)",SA,0,30,0.0,0.03125,0.0019467533034701274,0.08972084778890374,28.666666666666668,31.0,8.0,44.0
BIN::leadingones::n=50::seed=89237254,leadingones,bin,500,0.0,"SA(T0=2.0,alpha=0.995,flips=2)",SA,0,30,0.0,0.03125,0.0016024723398268214,0.09160490157299386,25.7,27.0,13.0,36.0
BIN::leadingones::n=50::seed=89237254,leadingones,bin,500,0.0,"GA(pop=50,pc=0.9,pm=0.02)",GA,0,30,0.0,0.03125,0.0017129714234944762,0.09155664216070983,40.4,41.0,34.0,45.0
BIN::leadingones::n=50::seed=89237254,leadingones,bin,500,0.0,"GA(pop=50,pc=0.9,pm=0.05)",GA,0,30,0.0,0.03125,0.001585890878831149,0.09061076372958611,39.166666666666664,39.5,35.0,44.0
BIN::leadingones::n=50::seed=89237254,leadingones,bin,500,0.0,"GA(pop=100,pc=0.9,pm=0.02)",GA,0,30,0.0,0.03125,0.0019171103188437935,0.0949423291730976,41.13333333333333,41.0,34.0,45.0
BIN::leadingones::n=50::seed=89237254,leadingones,bin,500,0.0,TABU(tenure=7),TABU,0,30,0.0,0.03125,0.001675205664511919,0.08964521186290736,31.0,30.5,13.0,40.0
BIN::leadingones::n=50::seed=89237254,leadingones,bin,500,0.0,"UMDA(pop=50,elite=0.2)",UMDA,0,30,0.0,0.03125,0.0015392161181873143,0.09420737080773549,33.1,32.0,27.0,42.0
BIN::leadingones::n=50::seed=89237254,leadingones,bin,500,0.0,"UMDA(pop=100,elite=0.2)",UMDA,0,30,0.0,0.03125,0.00156390111416118,0.09421578892201385,35.7,36.0,23.0,41.0
BIN::leadingones::n=50::seed=89237254,leadingones,bin,500,0.0,TABU(tenure=12),TABU,0,30,0.0,0.03125,0.001809943886878556,0.09142825236799569,30.3,31.5,13.0,41.0
BIN::onemax::n=150::seed=498916944,onemax,bin,500,0.0,RS_BIN,RS_BIN,0,30,0.0,0.03125,0.001667448356647641,0.09137929972168993,56.3,57.0,47.0,59.0
BIN::onemax::n=150::seed=498916944,onemax,bin,500,0.0,HC(flips=1),HC,3,30,0.1,0.125,0.04750764902162792,0.23405508459464897,2.2,2.0,0.0,5.0
BIN::onemax::n=150::seed=498916944,onemax,bin,500,0.0,HC(flips=2),HC,0,30,0.0,0.03125,0.0014270483489256208,0.09277070568759785,16.533333333333335,17.0,8.0,22.0
BIN::onemax::n=150::seed=498916944,onemax,bin,500,0.0,"SA(T0=1.0,alpha=0.995,flips=1)",SA,0,30,0.0,0.03125,0.0017606162880048476,0.08758046320909132,4.366666666666666,4.0,1.0,9.0
BIN::onemax::n=150::seed=498916944,onemax,bin,500,0.0,"SA(T0=2.0,alpha=0.99,flips=1)",SA,0,30,0.0,0.03125,0.0017924824033661584,0.09303391680048625,4.5,4.0,1.0,9.0
BIN::onemax::n=150::seed=498916944,onemax,bin,500,0.0,"SA(T0=2.0,alpha=0.995,flips=2)",SA,0,30,0.0,0.03125,0.0018065871242753967,0.09224392734093056,22.3,21.5,16.0,31.0
BIN::onemax::n=150::seed=498916944,onemax,bin,500,0.0,"GA(pop=50,pc=0.9,pm=0.02)",GA,0,30,0.0,0.03125,0.0015002721934258697,0.09071514281487784,46.666666666666664,46.0,42.0,52.0
BIN::onemax::n=150::seed=498916944,onemax,bin,500,0.0,"GA(pop=50,pc=0.9,pm=0.05)",GA,0,30,0.0,0.03125,0.0016843963076842918,0.09360206049462971,48.4,48.5,43.0,55.0
BIN::onemax::n=150::seed=498916944,onemax,bin,500,0.0,"GA(pop=100,pc=0.9,pm=0.02)",GA,0,30,0.0,0.03125,0.0016058427666686252,0.09118325532469776,51.766666666666666,51.5,45.0,57.0
BIN::onemax::n=150::seed=498916944,onemax,bin,500,0.0,TABU(tenure=7),TABU,0,30,0.0,0.03125,0.0015014342068468145,0.09327800953930185,27.933333333333334,28.5,21.0,41.0
BIN::onemax::n=150::seed=498916944,onemax,bin,500,0.0,"UMDA(pop=50,elite=0.2)",UMDA,0,30,0.0,0.03125,0.0015422402372486492,0.09228719859585598,14.366666666666667,15.0,10.0,20.0
BIN::onemax::n=150::seed=498916944,onemax,bin,500,0.0,"UMDA(pop=100,elite=0.2)",UMDA,0,30,0.0,0.03125,0.001599872910854943,0.08817376481208318,30.3,30.0,25.0,36.0
BIN::onemax::n=150::seed=498916944,onemax,bin,500,0.0,TABU(tenure=12),TABU,0,30,0.0,0.03125,0.0015070768696173636,0.08706885465288974,28.033333333333335,27.5,20.0,38.0
BIN::onemax::n=50::seed=839124848,onemax,bin,500,0.0,RS_BIN,RS_BIN,0,30,0.0,0.03125,0.001442876479785346,0.08957501221715451,14.233333333333333,14.0,12.0,16.0
BIN::onemax::n=50::seed=839124848,onemax,bin,500,0.0,HC(flips=1),HC,30,30,1.0,0.96875,0.9076444516143134,0.998353383110195,0.0,0.0,0.0,0.0
BIN::onemax::n=50::seed=839124848,onemax,bin,500,0.0,HC(flips=2),HC,1,30,0.03333333333333333,0.0625,0.01069167689557969,0.14387029543469654,2.5,2.0,0.0,7.0
BIN::onemax::n=50::seed=839124848,onemax,bin,500,0.0,"SA(T0=1.0,alpha=0.995,flips=1)",SA,30,30,1.0,0.96875,0.9086226787464232,0.9982687585998438,0.0,0.0,0.0,0.0
BIN::onemax::n=50::seed=839124848,onemax,bin,500,0.0,"SA(T0=2.0,alpha=0.99,flips=1)",SA,30,30,1.0,0.96875,0.902996669994356,0.9983253378961565,0.0,0.0,0.0,0.0
BIN::onemax::n=50::seed=839124848,onemax,bin,500,0.0,"SA(T0=2.0,alpha=0.995,flips=2)",SA,0,30,0.0,0.03125,0.001565175238551178,0.09258619624443842,3.566666666666667,3.0,1.0,7.0
BIN::onemax::n=50::seed=839124848,onemax,bin,500,0.0,"GA(pop=50,pc=0.9,pm=0.02)",GA,0,30,0.0,0.03125,0.0017614109119984866,0.08970299914315256,9.5,10.0,7.0,12.0
BIN::onemax::n=50::seed=839124848,onemax,bin,500,0.0,"GA(pop=50,pc=0.9,pm=0.05)",GA,0,30,0.0,0.03125,0.0015836024668613952,0.08928316120786178,9.633333333333333,10.0,6.0,12.0
BIN::onemax::n=50::seed=839124848,onemax,bin,500,0.0,"GA(pop=100,pc=0.9,pm=0.02)",GA,0,30,0.0,0.03125,0.0015563589176246539,0.09224099034165242,11.633333333333333,12.0,8.0,14.0
BIN::onemax::n=50::seed=839124848,onemax,bin,500,0.0,TABU(tenure=7),TABU,1,30,0.03333333333333333,0.0625,0.010780075823932806,0.14615410032859527,2.466666666666667,2.5,0.0,5.0
BIN::onemax::n=50::seed=839124848,onemax,bin,500,0.0,"UMDA(pop=50,elite=0.2)",UMDA,27,30,0.9,0.875,0.766545299518588,0.9536141607619237,0.1,0.0,0.0,1.0
BIN::onemax::n=50::seed=839124848,onemax,bin,500,0.0,"UMDA(pop=100,elite=0.2)",UMDA,0,30,0.0,0.03125,0.0018084770008286095,0.0952646035559954,2.7333333333333334,3.0,1.0,4.0
BIN::onemax::n=50::seed=839124848,onemax,bin,500,0.0,TABU(tenure=12),TABU,2,30,0.06666666666666667,0.09375,0.027717684592984824,0.18945165435075456,2.6333333333333333,2.5,0.0,7.0
BIN::leadingones::n=50::seed=427221728,leadingones,bin,500,0.0,RS_BIN,RS_BIN,0,30,0.0,0.03125,0.0018713583581887537,0.09404104919155977,40.63333333333333,41.0,34.0,44.0
BIN::leadingones::n=50::seed=427221728,leadingones,bin,500,0.0,HC(flips=1),HC,0,30,0.0,0.03125,0.001856605432740048,0.08948621248995625,27.4,27.0,11.0,40.0
BIN::leadingones::n=50::seed=427221728,leadingones,bin,500,0.0,HC(flips=2),HC,0,30,0.0,0.03125,0.0014011085855532772,0.087105888523595,24.1,24.0,11.0,35.0
BIN::leadingones::n=50::seed=427221728,leadingones,bin,500,0.0,"SA(T0=1.0,alpha=0.995,flips=1)",SA,0,30,0.0,0.03125,0.0017065655596375433,0.08637087508572674,30.133333333333333,28.5,14.0,47.0
BIN::leadingones::n=50::seed=427221728,leadingones,bin,500,0.0,"SA(T0=2.0,alpha=0.99,flips=1)",SA,0,30,0.0,0.03125,0.0018340213306293626,0.08951770372311157,32.733333333333334,33.5,15.0,45.0
BIN::leadingones::n=50::seed=427221728,leadingones,bin,500,0.0,"SA(T0=2.0,alpha=0.995,flips=2)",SA,0,30,0.0,0.03125,0.0016013966690637353,0.09053840813670158,29.133333333333333,30.0,16.0,39.0
BIN::leadingones::n=50::seed=427221728,leadingones,bin,500,0.0,"GA(pop=50,pc=0.9,pm=0.02)",GA,0,30,0.0,0.03125,0.001994268176593546,0.09167946148704094,40.266666666666666,40.0,33.0,44.0
BIN::leadingones::n=50::seed=427221728,leadingones,bin,500,0.0,"GA(pop=50,pc=0.9,pm=0.05)",GA,0,30,0.0,0.03125,0.001452423456686688,0.09203155673632236,39.6,40.0,34.0,44.0
BIN::leadingones::n=50::seed=427221728,leadingones,bin,500,0.0,"GA(pop=100,pc=0.9,pm=0.02)",GA,0,30,0.0,0.03125,0.0015472241819511233,0.09167838219892,40.4,41.0,35.0,45.0
BIN::leadingones::n=50::seed=427221728,leadingones,bin,500,0.0,TABU(tenure=7),TABU,0,30,0.0,0.03125,0.0016699619859440848,0.09330705094531862,27.433333333333334,27.5,8.0,39.0
BIN::leadingones::n=50::seed=427221728,leadingones,bin,500,0.0,"UMDA(pop=50,elite=0.2)",UMDA,0,30,0.0,0.03125,0.001527078263352465,0.08968050489300626,33.63333333333333,34.0,21.0,44.0
BIN::leadingones::n=50::seed=427221728,leadingones,bin,500,0.0,"UMDA(pop=100,elite=0.2)",UMDA,0,30,0.0,0.03125,0.0014587588412850005,0.09170316069990643,35.56666666666667,36.0,32.0,39.0
BIN::leadingones::n=50::seed=427221728,leadingones,bin,500,0.0,TABU(tenure=12),TABU,0,30,0.0,0.03125,0.0020684242213147336,0.09301967855711592,28.133333333333333,27.0,13.0,42.0
BIN::trap5::n=50::seed=739246873,trap5,bin,500,0.0,RS_BIN,RS_BIN,0,30,0.0,0.03125,0.0017886681939729898,0.09739831907861266,21.1,21.5,18.0,23.0
BIN::trap5::n=50::seed=739246873,trap5,bin,500,0.0,HC(flips=1),HC,0,30,0.0,0.03125,0.0017833477852712014,0.09337066482784494,9.533333333333333,10.0,8.0,10.0
BIN::trap5::n=50::seed=739246873,trap5,bin,500,0.0,HC(flips=2),HC,0,30,0.0,0.03125,0.0016776193368139892,0.09134073408712452,11.0,11.0,8.0,13.0
BIN::trap5::n=50::seed=739246873,trap5,bin,500,0.0,"SA(T0=1.0,alpha=0.995,flips=1)",SA,0,30,0.0,0.03125,0.001575511512926306,0.09575591717130108,9.0,9.0,7.0,11.0
BIN::trap5::n=50::seed=739246873,trap5,bin,500,0.0,"SA(T0=2.0,alpha=0.99,flips=1)",SA,0,30,0.0,0.03125,0.0016981331874822206,0.09339423876209095,8.6,8.5,6.0,10.0
BIN::trap5::n=50::seed=739246873,trap5,bin,500,0.0,"SA(T0=2.0,alpha=0.995,flips=2)",SA,0,30,0.0,0.03125,0.0016354086808903275,0.09496300325364264,10.4,10.0,6.0,15.0
BIN::trap5::n=50::seed=739246873,trap5,bin,500,0.0,"GA(pop=50,pc=0.9,pm=0.02)",GA,0,30,0.0,0.03125,0.0018941371629509463,0.0947515253707066,16.133333333333333,16.0,11.0,20.0
BIN::trap5::n=50::seed=739246873,trap5,bin,500,0.0,"GA(pop=50,pc=0.9,pm=0.05)",GA,0,30,0.0,0.03125,0.0017622306637532995,0.09123847280791507,17.366666666666667,17.5,14.0,21.0
BIN::trap5::n=50::seed=739246873,trap5,bin,500,0.0,"GA(pop=100,pc=0.9,pm=0.02)",GA,0,30,0.0,0.03125,0.0019716370044122705,0.09548751398496313,18.6,19.0,15.0,21.0
BIN::trap5::n=50::seed=739246873,trap5,bin,500,0.0,TABU(tenure=7),TABU,0,30,0.0,0.03125,0.0014874294636775197,0.09253329488060137,10.9,11.0,8.0,16.0
BIN::trap5::n=50::seed=739246873,trap5,bin,500,0.0,"UMDA(pop=50,elite=0.2)",UMDA,0,30,0.0,0.03125,0.001655924099235134,0.09246015433067992,10.066666666666666,10.0,8.0,12.0
BIN::trap5::n=50::seed=739246873,trap5,bin,500,0.0,"UMDA(pop=100,elite=0.2)",UMDA,0,30,0.0,0.03125,0.0015466852045784782,0.09417538502885144,15.3,15.0,13.0,19.0
BIN::trap5::n=50::seed=739246873,trap5,bin,500,0.0,TABU(tenure=12),TABU,0,30,0.0,0.03125,0.0013442934659185087,0.09482676500367918,11.4,11.5,8.0,16.0
BIN::onemax::n=150::seed=923233963,onemax,bin,500,0.0,RS_BIN,RS_BIN,0,30,0.0,0.03125,0.0017475547122234908,0.09465594305269998,56.766666666666666,57.0,51.0,61.0
BIN::onemax::n=150::seed=923233963,onemax,bin,500,0.0,HC(flips=1),HC,0,30,0.0,0.03125,0.0016073833294001669,0.09522097656583307,3.4,3.0,1.0,6.0
BIN::onemax::n=150::seed=923233963,onemax,bin,500,0.0,HC(flips=2),HC,0,30,0.0,0.03125,0.0015744764960693304,0.09353095217038723,17.333333333333332,17.0,13.0,24.0
BIN::onemax::n=150::seed=923233963,onemax,bin,500,0.0,"SA(T0=1.0,alpha=0.995,flips=1)",SA,0,30,0.0,0.03125,0.0015086528679578303,0.08961864632009374,5.0,4.5,1.0,12.0
BIN::onemax::n=150::seed=923233963,onemax,bin,500,0.0,"SA(T0=2.0,alpha=0.99,flips=1)",SA,0,30,0.0,0.03125,0.0016163104498634277,0.0940307907977545,4.9,5.0,2.0,11.0
BIN::onemax::n=150::seed=923233963,onemax,bin,500,0.0,"SA(T0=2.0,alpha=0.995,flips=2)",SA,0,30,0.0,0.03125,0.0018797352525094348,0.08917055549949685,21.566666666666666,21.0,16.0,29.0
BIN::onemax::n=150::seed=923233963,onemax,bin,500,0.0,"GA(pop=50,pc=0.9,pm=0.02)",GA,0,30,0.0,0.03125,0.0015588152117541048,0.09003352404890833,45.7,46.0,40.0,51.0
BIN::onemax::n=150::seed=923233963,onemax,bin,500,0.0,"GA(pop=50,pc=0.9,pm=0.05)",GA,0,30,0.0,0.03125,0.0016903131036117096,0.09351659233538552,49.233333333333334,49.0,44.0,53.0
BIN::onemax::n=150::seed=923233963,onemax,bin,500,0.0,"GA(pop=100,pc=0.9,pm=0.02)",GA,0,30,0.0,0.03125,0.0015414019019223781,0.09141476003130998,52.7,53.0,48.0,56.0
BIN::onemax::n=150::seed=923233963,onemax,bin,500,0.0,TABU(tenure=7),TABU,0,30,0.0,0.03125,0.0014506809708713278,0.09172775030197826,28.7,29.0,16.0,39.0
BIN::onemax::n=150::seed=923233963,onemax,bin,500,0.0,"UMDA(pop=50,elite=0.2)",UMDA,0,30,0.0,0.03125,0.0015953493313567964,0.09114004681009154,15.0,15.0,11.0,21.0
BIN::onemax::n=150::seed=923233963,onemax,bin,500,0.0,"UMDA(pop=100,elite=0.2)",UMDA,0,30,0.0,0.03125,0.0020289945048423707,0.08967456666780711,31.1,31.0,25.0,36.0
BIN::onemax::n=150::seed=923233963,onemax,bin,500,0.0,TABU(tenure=12),TABU,0,30,0.0,0.03125,0.0016045564311987276,0.09052340130006598,27.366666666666667,28.0,17.0,44.0
BIN::onemax::n=50::seed=598392107,onemax,bin,500,0.0,RS_BIN,RS_BIN,0,30,0.0,0.03125,0.0016696371661329731,0.08710193277794413,14.6,15.0,13.0,17.0
BIN::onemax::n=50::seed=598392107,onemax,bin,500,0.0,HC(flips=1),HC,30,30,1.0,0.96875,0.9063261866199125,0.9983270624414661,0.0,0.0,0.0,0.0
BIN::onemax::n=50::seed=598392107,onemax,bin,500,0.0,HC(flips=2),HC,1,30,0.03333333333333333,0.0625,0.0124832819323799,0.14630192425304467,2.933333333333333,3.0,0.0,5.0
BIN::onemax::n=50::seed=598392107,onemax,bin,500,0.0,"SA(T0=1.0,alpha=0.995,flips=1)",SA,30,30,1.0,0.96875,0.9115247004446437,0.998185525438158,0.0,0.0,0.0,0.0
BIN::onemax::n=50::seed=598392107,onemax,bin,500,0.0,"SA(T0=2.0,alpha=0.99,flips=1)",SA,30,30,1.0,0.96875,0.9040754410000734,0.9985531547552717,0.0,0.0,0.0,0.0
BIN::onemax::n=50::seed=598392107,onemax,bin,500,0.0,"SA(T0=2.0,alpha=0.995,flips=2)",SA,0,30,0.0,0.03125,0.0015930460522007343,0.08713421100257827,4.1,4.0,2.0,7.0
BIN::onemax::n=50::seed=598392107,onemax,bin,500,0.0,"GA(pop=50,pc=0.9,pm=0.02)",GA,0,30,0.0,0.03125,0.0018037970319737476,0.09383332758844518,9.6,10.0,6.0,13.0
BIN::onemax::n=50::seed=598392107,onemax,bin,500,0.0,"GA(pop=50,pc=0.9,pm=0.05)",GA,0,30,0.0,0.03125,0.001700939233658593,0.09102348964336901,9.833333333333334,10.0,6.0,12.0
BIN::onemax::n=50::seed=598392107,onemax,bin,500,0.0,"GA(pop=100,pc=0.9,pm=0.02)",GA,0,30,0.0,0.03125,0.001648390680175458,0.09533506059235426,12.3,12.0,10.0,15.0
BIN::onemax::n=50::seed=598392107,onemax,bin,500,0.0,TABU(tenure=7),TABU,2,30,0.06666666666666667,0.09375,0.02542261757903638,0.19040731228136676,2.2666666666666666,2.0,0.0,5.0
BIN::onemax::n=50::seed=598392107,onemax,bin,500,0.0,"UMDA(pop=50,elite=0.2)",UMDA,30,30,1.0,0.96875,0.9118740154582718,0.9985182760156933,0.0,0.0,0.0,0.0
BIN::onemax::n=50::seed=598392107,onemax,bin,500,0.0,"UMDA(pop=100,elite=0.2)",UMDA,0,30,0.0,0.03125,0.0016754443360471256,0.09666721311239058,2.466666666666667,2.0,1.0,5.0
BIN::onemax::n=50::seed=598392107,onemax,bin,500,0.0,TABU(tenure=12),TABU,2,30,0.06666666666666667,0.09375,0.02820104459604878,0.18650772940988872,2.966666666666667,3.0,0.0,5.0
BIN::knapsack01::n=150::seed=739972999,knapsack01,bin,500,0.0,RS_BIN,RS_BIN,0,30,0.0,0.03125,0.0017501349755775228,0.0922413586890355,1852.0333333333333,1864.5,1497.0,2061.0
BIN::knapsack01::n=150::seed=739972999,knapsack01,bin,500,0.0,HC(flips=1),HC,0,30,0.0,0.03125,0.001886014604714163,0.09303685775825338,1337.9666666666667,1321.5,1039.0,1758.0
BIN::knapsack01::n=150::seed=739972999,knapsack01,bin,500,0.0,HC(flips=2),HC,0,30,0.0,0.03125,0.0015051874492966377,0.09401937656814975,571.7,559.0,308.0,748.0
BIN::knapsack01::n=150::seed=739972999,knapsack01,bin,500,0.0,"SA(T0=1.0,alpha=0.995,flips=1)",SA,0,30,0.0,0.03125,0.0016185030555477754,0.09671854469624318,1368.9,1332.0,1004.0,1783.0
BIN::knapsack01::n=150::seed=739972999,knapsack01,bin,500,0.0,"SA(T0=2.0,alpha=0.99,flips=1)",SA,0,30,0.0,0.03125,0.0019673896570836617,0.09129541785239818,1386.4666666666667,1353.5,752.0,2203.0
BIN::knapsack01::n=150::seed=739972999,knapsack01,bin,500,0.0,"SA(T0=2.0,alpha=0.995,flips=2)",SA,0,30,0.0,0.03125,0.0016549518578562448,0.09275412297774108,552.6,551.0,306.0,773.0
BIN::knapsack01::n=150::seed=739972999,knapsack01,bin,500,0.0,"GA(pop=50,pc=0.9,pm=0.02)",GA,0,30,0.0,0.03125,0.001385770254969113,0.08803076618230182,1559.0,1579.5,1291.0,1775.0
BIN::knapsack01::n=150::seed=739972999,knapsack01,bin,500,0.0,"GA(pop=50,pc=0.9,pm=0.05)",GA,0,30,0.0,0.03125,0.0015391896895844822,0.09369597933034425,1609.0,1608.5,1324.0,1809.0
BIN::knapsack01::n=150::seed=739972999,knapsack01,bin,500,0.0,"GA(pop=100,pc=0.9,pm=0.02)",GA,0,30,0.0,0.03125,0.0016587093881533586,0.08778682363867692,1651.2666666666667,1665.5,1396.0,1846.0
BIN::knapsack01::n=150::seed=739972999,knapsack01,bin,500,0.0,TABU(tenure=7),TABU,0,30,0.0,0.03125,0.001646782450448657,0.09134489507671563,882.7333333333333,873.5,629.0,1246.0
BIN::knapsack01::n=150::seed=739972999,knapsack01,bin,500,0.0,"UMDA(pop=50,elite=0.2)",UMDA,0,30,0.0,0.03125,0.0018567454995258629,0.09053307745815507,840.9333333333333,846.5,541.0,1067.0
BIN::knapsack01::n=150::seed=739972999,knapsack01,bin,500,0.0,"UMDA(pop=100,elite=0.2)",UMDA,0,30,0.0,0.03125,0.0016267527534637827,0.09287519751965946,1197.7,1184.0,931.0,1432.0
BIN::knapsack01::n=150::seed=739972999,knapsack01,bin,500,0.0,TABU(tenure=12),TABU,0,30,0.0,0.03125,0.001784674902344879,0.09398695574157538,899.9,894.0,668.0,1150.0
BIN::leadingones::n=50::seed=805135989,leadingones,bin,500,0.0,RS_BIN,RS_BIN,0,30,0.0,0.03125,0.0016869604001145885,0.0927030367002294,40.766666666666666,41.0,37.0,43.0
BIN::leadingones::n=50::seed=805135989,leadingones,bin,500,0.0,HC(flips=1),HC,0,30,0.0,0.03125,0.0013339311648127672,0.08898153939135686,28.1,27.0,10.0,42.0
BIN::leadingones::n=50::seed=805135989,leadingones,bin,500,0.0,HC(flips=2),HC,0,30,0.0,0.03125,0.0017577334010949353,0.08845312883042245,23.333333333333332,24.0,8.0,32.0
BIN::leadingones::n=50::seed=805135989,leadingones,bin,500,0.0,"SA(T0=1.0,alpha=0.995,flips=1)",SA,0,30,0.0,0.03125,0.0017334514451090254,0.09537983546549578,32.7,34.5,12.0,46.0
BIN::leadingones::n=50::seed=805135989,leadingones,bin,500,0.0,"SA(T0=2.0,alpha=0.99,flips=1)",SA,0,30,0.0,0.03125,0.0017679981675960492,0.09238295618425839,31.333333333333332,32.5,9.0,43.0
BIN::leadingones::n=50::seed=805135989,leadingones,bin,500,0.0,"SA(T0=2.0,alpha=0.995,flips=2)",SA,0,30,0.0,0.03125,0.0014078993554525975,0.08976796084379818,28.966666666666665,29.5,17.0,44.0
BIN::leadingones::n=50::seed=805135989,leadingones,bin,500,0.0,"GA(pop=50,pc=0.9,pm=0.02)",GA,0,30,0.0,0.03125,0.0014886939841383406,0.08801050537131698,40.4,40.5,32.0,45.0
BIN::leadingones::n=50::seed=805135989,leadingones,bin,500,0.0,"GA(pop=50,pc=0.9,pm=0.05)",GA,0,30,0.0,0.03125,0.0015034113074093483,0.0922007219094703,39.2,39.5,35.0,43.0
BIN::leadingones::n=50::seed=805135989,leadingones,bin,500,0.0,"GA(pop=100,pc=0.9,pm=0.02)",GA,0,30,0.0,0.03125,0.002134009424614011,0.10099076529546876,41.96666666666667,42.0,37.0,45.0
BIN::leadingones::n=50::seed=805135989,leadingones,bin,500,0.0,TABU(tenure=7),TABU,0,30,0.0,0.03125,0.0014093989657518625,0.09254483886248073,29.233333333333334,30.5,14.0,41.0
BIN::leadingones::n=50::seed=805135989,leadingones,bin,500,0.0,"UMDA(pop=50,elite=0.2)",UMDA,0,30,0.0,0.03125,0.001705314669883122,0.09569128489608425,33.766666666666666,34.0,22.0,43.0
BIN::leadingones::n=50::seed=805135989,leadingones,bin,500,0.0,"UMDA(pop=100,elite=0.2)",UMDA,0,30,0.0,0.03125,0.0018388326841406657,0.09130049258792279,35.4,35.0,29.0,41.0
BIN::leadingones::n=50::seed=805135989,leadingones,bin,500,0.0,TABU(tenure=12),TABU,0,30,0.0,0.03125,0.001603607238050038,0.08881188135574614,29.466666666666665,30.5,13.0,42.0
BIN::onemax::n=100::seed=680876739,onemax,bin,500,0.0,RS_BIN,RS_BIN,0,30,0.0,0.03125,0.0017087741275945353,0.09009838619612752,34.766666666666666,35.0,32.0,38.0
BIN::onemax::n=100::seed=680876739,onemax,bin,500,0.0,HC(flips=1),HC,25,30,0.8333333333333334,0.8125,0.6869322324497701,0.9119663239878546,0.16666666666666666,0.0,0.0,1.0
BIN::onemax::n=100::seed=680876739,onemax,bin,500,0.0,HC(flips=2),HC,0,30,0.0,0.03125,0.0019081503111321736,0.0933919874226498,7.533333333333333,8.0,2.0,11.0
BIN::onemax::n=100::seed=680876739,onemax,bin,500,0.0,"SA(T0=1.0,alpha=0.995,flips=1)",SA,12,30,0.4,0.40625,0.27919922518954843,0.5483279956328552,0.9666666666666667,1.0,0.0,3.0
BIN::onemax::n=100::seed=680876739,onemax,bin,500,0.0,"SA(T0=2.0,alpha=0.99,flips=1)",SA,8,30,0.26666666666666666,0.28125,0.1604105380639324,0.4169489158834627,1.1,1.0,0.0,3.0
BIN::onemax::n=100::seed=680876739,onemax,bin,500,0.0,"SA(T0=2.0,alpha=0.995,flips=2)",SA,0,30,0.0,0.03125,0.0018526732270367048,0.09404635094978935,11.266666666666667,11.0,6.0,16.0
BIN::onemax::n=100::seed=680876739,onemax,bin,500,0.0,"GA(pop=50,pc=0.9,pm=0.02)",GA,0,30,0.0,0.03125,0.001604040091643143,0.09486311435619561,27.433333333333334,28.0,22.0,31.0
BIN::onemax::n=100::seed=680876739,onemax,bin,500,0.0,"GA(pop=50,pc=0.9,pm=0.05)",GA,0,30,0.0,0.03125,0.0016572899372053328,0.09410806104422562,28.7,29.0,23.0,32.0
BIN::onemax::n=100::seed=680876739,onemax,bin,500,0.0,"GA(pop=100,pc=0.9,pm=0.02)",GA,0,30,0.0,0.03125,0.001792119602393409,0.0912044199924838,30.833333333333332,31.0,27.0,36.0
BIN::onemax::n=100::seed=680876739,onemax,bin,500,0.0,TABU(tenure=7),TABU,0,30,0.0,0.03125,0.0018662544251396495,0.09181676502312759,8.866666666666667,9.5,4.0,13.0
BIN::onemax::n=100::seed=680876739,onemax,bin,500,0.0,"UMDA(pop=50,elite=0.2)",UMDA,0,30,0.0,0.03125,0.0016012783106133751,0.09533516109905585,3.7666666666666666,4.0,1.0,7.0
BIN::onemax::n=100::seed=680876739,onemax,bin,500,0.0,"UMDA(pop=100,elite=0.2)",UMDA,0,30,0.0,0.03125,0.0015485203467702343,0.09066260037597251,14.9,15.0,10.0,18.0
BIN::onemax::n=100::seed=680876739,onemax,bin,500,0.0,TABU(tenure=12),TABU,0,30,0.0,0.03125,0.0017141523872832554,0.09095302151497946,9.266666666666667,9.5,3.0,15.0
BIN::trap5::n=50::seed=17962035,trap5,bin,500,0.0,RS_BIN,RS_BIN,0,30,0.0,0.03125,0.0016215810213162287,0.09606597574270112,20.933333333333334,21.0,17.0,24.0
BIN::trap5::n=50::seed=17962035,trap5,bin,500,0.0,HC(flips=1),HC,0,30,0.0,0.03125,0.001515346624900938,0.09048901247473788,9.066666666666666,9.0,7.0,10.0
BIN::trap5::n=50::seed=17962035,trap5,bin,500,0.0,HC(flips=2),HC,0,30,0.0,0.03125,0.0016866535885563855,0.09369501218369314,11.066666666666666,11.0,8.0,14.0
BIN::trap5::n=50::seed=17962035,trap5,bin,500,0.0,"SA(T0=1.0,alpha=0.995,flips=1)",SA,0,30,0.0,0.03125,0.001653500635443463,0.08790787099694972,9.166666666666666,9.0,7.0,11.0
BIN::trap5::n=50::seed=17962035,trap5,bin,500,0.0,"SA(T0=2.0,alpha=0.99,flips=1)",SA,0,30,0.0,0.03125,0.001786546312507802,0.09786774619288471,8.733333333333333,9.0,6.0,10.0
BIN::trap5::n=50::seed=17962035,trap5,bin,500,0.0,"SA(T0=2.0,alpha=0.995,flips=2)",SA,0,30,0.0,0.03125,0.0017367505058214726,0.09078345393785203,11.5,11.0,7.0,15.0
BIN::trap5::n=50::seed=17962035,trap5,bin,500,0.0,"GA(pop=50,pc=0.9,pm=0.02)",GA,0,30,0.0,0.03125,0.0018341314916202882,0.08575940473906188,15.666666666666666,15.5,10.0,21.0
BIN::trap5::n=50::seed=17962035,trap5,bin,500,0.0,"GA(pop=50,pc=0.9,pm=0.05)",GA,0,30,0.0,0.03125,0.0017947238119843697,0.09055684530595412,17.266666666666666,17.0,13.0,21.0
BIN::trap5::n=50::seed=17962035,trap5,bin,500,0.0,"GA(pop=100,pc=0.9,pm=0.02)",GA,0,30,0.0,0.03125,0.0020031489947348515,0.0953275037725073,18.433333333333334,18.5,15.0,23.0
BIN::trap5::n=50::seed=17962035,trap5,bin,500,0.0,TABU(tenure=7),TABU,0,30,0.0,0.03125,0.0015592663958692058,0.09455833544163304,11.3,12.0,8.0,15.0
BIN::trap5::n=50::seed=17962035,trap5,bin,500,0.0,"UMDA(pop=50,elite=0.2)",UMDA,0,30,0.0,0.03125,0.0015771999896976908,0.08934734231878506,10.133333333333333,10.0,9.0,12.0
BIN::trap5::n=50::seed=17962035,trap5,bin,500,0.0,"UMDA(pop=100,elite=0.2)",UMDA,0,30,0.0,0.03125,0.0015618285270536272,0.09450623719527262,15.133333333333333,15.0,12.0,20.0
BIN::trap5::n=50::seed=17962035,trap5,bin,500,0.0,TABU(tenure=12),TABU,0,30,0.0,0.03125,0.0013057938276846664,0.09077784950647504,11.566666666666666,12.0,7.0,14.0
BIN::leadingones::n=100::seed=939863473,leadingones,bin,500,0.0,RS_BIN,RS_BIN,0,30,0.0,0.03125,0.001728835080380278,0.08941314431051495,90.93333333333334,91.0,87.0,93.0
BIN::leadingones::n=100::seed=939863473,leadingones,bin,500,0.0,HC(flips=1),HC,0,30,0.0,0.03125,0.0016605083521005332,0.09262247900098095,87.63333333333334,90.0,75.0,99.0
BIN::leadingones::n=100::seed=939863473,leadingones,bin,500,0.0,HC(flips=2),HC,0,30,0.0,0.03125,0.0015769030038681124,0.09128463383932423,81.73333333333333,80.0,68.0,97.0
BIN::leadingones::n=100::seed=939863473,leadingones,bin,500,0.0,"SA(T0=1.0,alpha=0.995,flips=1)",SA,0,30,0.0,0.03125,0.0014513303509753842,0.09675148569695168,90.73333333333333,91.0,82.0,99.0
BIN::leadingones::n=100::seed=939863473,leadingones,bin,500,0.0,"SA(T0=2.0,alpha=0.99,flips=1)",SA,0,30,0.0,0.03125,0.0014619319164227177,0.0908083298612798,89.36666666666666,90.0,77.0,100.0
BIN::leadingones::n=100::seed=939863473,leadingones,bin,500,0.0,"SA(T0=2.0,alpha=0.995,flips=2)",SA,0,30,0.0,0.03125,0.0015795058420665317,0.093620940561042,85.1,86.5,73.0,97.0
BIN::leadingones::n=100::seed=939863473,leadingones,bin,500,0.0,"GA(pop=50,pc=0.9,pm=0.02)",GA,0,30,0.0,0.03125,0.001761062874468047,0.09224111319984446,91.13333333333334,91.0,87.0,96.0
BIN::leadingones::n=100::seed=939863473,leadingones,bin,500,0.0,"GA(pop=50,pc=0.9,pm=0.05)",GA,0,30,0.0,0.03125,0.0016425304685071696,0.08833497862509612,89.6,90.0,84.0,93.0
BIN::leadingones::n=100::seed=939863473,leadingones,bin,500,0.0,"GA(pop=100,pc=0.9,pm=0.02)",GA,0,30,0.0,0.03125,0.0016690246173286976,0.09202766472451755,91.1,92.0,87.0,93.0
BIN::leadingones::n=100::seed=939863473,leadingones,bin,500,0.0,TABU(tenure=7),TABU,0,30,0.0,0.03125,0.0018153176341414255,0.0922009874126549,88.06666666666666,88.5,76.0,98.0
BIN::leadingones::n=100::seed=939863473,leadingones,bin,500,0.0,"UMDA(pop=50,elite=0.2)",UMDA,0,30,0.0,0.03125,0.0017043893038493014,0.09136069810566491,83.9,84.5,75.0,89.0
BIN::leadingones::n=100::seed=939863473,leadingones,bin,500,0.0,"UMDA(pop=100,elite=0.2)",UMDA,0,30,0.0,0.03125,0.0018653791829992415,0.09148323550700319,84.4,84.0,77.0,90.0
BIN::leadingones::n=100::seed=939863473,leadingones,bin,500,0.0,TABU(tenure=12),TABU,0,30,0.0,0.03125,0.0018819578252940133,0.09187873286876554,88.03333333333333,89.0,77.0,96.0
BIN::trap5::n=150::seed=493178950,trap5,bin,500,0.0,RS_BIN,RS_BIN,0,30,0.0,0.03125,0.0018148079305966268,0.09085640735439174,78.66666666666667,78.5,73.0,82.0
BIN::trap5::n=150::seed=493178950,trap5,bin,500,0.0,HC(flips=1),HC,0,30,0.0,0.03125,0.001643027095638881,0.08978641931628743,30.6,30.0,27.0,35.0
BIN::trap5::n=150::seed=493178950,trap5,bin,500,0.0,HC(flips=2),HC,0,30,0.0,0.03125,0.001622295131527116,0.09079423126729148,42.1,42.0,36.0,50.0
BIN::trap5::n=150::seed=493178950,trap5,bin,500,0.0,"SA(T0=1.0,alpha=0.995,flips=1)",SA,0,30,0.0,0.03125,0.0015947998038533474,0.08849666448181089,31.633333333333333,32.0,26.0,37.0
BIN::trap5::n=150::seed=493178950,trap5,bin,500,0.0,"SA(T0=2.0,alpha=0.99,flips=1)",SA,0,30,0.0,0.03125,0.001540688694579672,0.09120188766695707,30.766666666666666,29.5,27.0,38.0
BIN::trap5::n=150::seed=493178950,trap5,bin,500,0.0,"SA(T0=2.0,alpha=0.995,flips=2)",SA,0,30,0.0,0.03125,0.0015787894223952585,0.09171223523019555,43.233333333333334,42.5,35.0,57.0
BIN::trap5::n=150::seed=493178950,trap5,bin,500,0.0,"GA(pop=50,pc=0.9,pm=0.02)",GA,0,30,0.0,0.03125,0.0017189339196642735,0.09151057724988688,69.2,69.0,63.0,76.0
BIN::trap5::n=150::seed=493178950,trap5,bin,500,0.0,"GA(pop=50,pc=0.9,pm=0.05)",GA,0,30,0.0,0.03125,0.0014921060048516917,0.09066519155520453,72.5,73.0,67.0,79.0
BIN::trap5::n=150::seed=493178950,trap5,bin,500,0.0,"GA(pop=100,pc=0.9,pm=0.02)",GA,0,30,0.0,0.03125,0.0019259306328753283,0.09197158900681662,74.0,74.0,65.0,79.0
BIN::trap5::n=150::seed=493178950,trap5,bin,500,0.0,TABU(tenure=7),TABU,0,30,0.0,0.03125,0.0018099984820669596,0.08934219031295476,46.233333333333334,47.0,37.0,55.0
BIN::trap5::n=150::seed=493178950,trap5,bin,500,0.0,"UMDA(pop=50,elite=0.2)",UMDA,0,30,0.0,0.03125,0.0016849926607519585,0.09462216337835291,48.3,48.0,41.0,57.0
BIN::trap5::n=150::seed=493178950,trap5,bin,500,0.0,"UMDA(pop=100,elite=0.2)",UMDA,0,30,0.0,0.03125,0.0016534099405463407,0.08537561358131704,67.8,68.0,61.0,73.0
BIN::trap5::n=150::seed=493178950,trap5,bin,500,0.0,TABU(tenure=12),TABU,0,30,0.0,0.03125,0.0014102033315558581,0.08886045486732223,45.7,46.0,38.0,54.0
BIN::knapsack01::n=50::seed=946330684,knapsack01,bin,500,0.0,RS_BIN,RS_BIN,0,30,0.0,0.03125,0.0016262951750186765,0.0888916236918335,460.23333333333335,457.5,328.0,545.0
BIN::knapsack01::n=50::seed=946330684,knapsack01,bin,500,0.0,HC(flips=1),HC,0,30,0.0,0.03125,0.0019055593304260412,0.09323889958084533,338.8666666666667,339.5,161.0,513.0
BIN::knapsack01::n=50::seed=946330684,knapsack01,bin,500,0.0,HC(flips=2),HC,0,30,0.0,0.03125,0.0015217307006519488,0.09057683080758785,77.26666666666667,73.5,17.0,137.0
BIN::knapsack01::n=50::seed=946330684,knapsack01,bin,500,0.0,"SA(T0=1.0,alpha=0.995,flips=1)",SA,0,30,0.0,0.03125,0.0016269798980988498,0.08684320898920858,347.76666666666665,351.5,147.0,529.0
BIN::knapsack01::n=50::seed=946330684,knapsack01,bin,500,0.0,"SA(T0=2.0,alpha=0.99,flips=1)",SA,0,30,0.0,0.03125,0.0016023808117429533,0.09260119044314141,330.43333333333334,331.0,188.0,582.0
BIN::knapsack01::n=50::seed=946330684,knapsack01,bin,500,0.0,"SA(T0=2.0,alpha=0.995,flips=2)",SA,0,30,0.0,0.03125,0.0018085147831573712,0.09150407426630831,75.46666666666667,72.0,18.0,135.0
BIN::knapsack01::n=50::seed=946330684,knapsack01,bin,500,0.0,"GA(pop=50,pc=0.9,pm=0.02)",GA,0,30,0.0,0.03125,0.0016039265331975582,0.09682534322538083,321.8,318.5,222.0,435.0
BIN::knapsack01::n=50::seed=946330684,knapsack01,bin,500,0.0,"GA(pop=50,pc=0.9,pm=0.05)",GA,0,30,0.0,0.03125,0.0014762644786753339,0.09253440527637485,323.03333333333336,322.5,229.0,418.0
BIN::knapsack01::n=50::seed=946330684,knapsack01,bin,500,0.0,"GA(pop=100,pc=0.9,pm=0.02)",GA,0,30,0.0,0.03125,0.0015262505446936242,0.08837770807685594,385.03333333333336,386.0,234.0,491.0
BIN::knapsack01::n=50::seed=946330684,knapsack01,bin,500,0.0,TABU(tenure=7),TABU,0,30,0.0,0.03125,0.0017723627733162225,0.09452993273308298,100.36666666666666,94.0,54.0,197.0
BIN::knapsack01::n=50::seed=946330684,knapsack01,bin,500,0.0,"UMDA(pop=50,elite=0.2)",UMDA,0,30,0.0,0.03125,0.0016382023958004025,0.0886136501078781,82.13333333333334,74.5,32.0,184.0
BIN::knapsack01::n=50::seed=946330684,knapsack01,bin,500,0.0,"UMDA(pop=100,elite=0.2)",UMDA,0,30,0.0,0.03125,0.0013101454980422869,0.09141288707672798,172.73333333333332,167.5,74.0,239.0
BIN::knapsack01::n=50::seed=946330684,knapsack01,bin,500,0.0,TABU(tenure=12),TABU,0,30,0.0,0.03125,0.00155754449558544,0.08945146303722308,115.96666666666667,119.0,42.0,219.0
BIN::onemax::n=50::seed=315182747,onemax,bin,500,0.0,RS_BIN,RS_BIN,0,30,0.0,0.03125,0.0013079711261236163,0.08755665132524595,14.266666666666667,14.0,10.0,17.0
BIN::onemax::n=50::seed=315182747,onemax,bin,500,0.0,HC(flips=1),HC,29,30,0.9666666666666667,0.9375,0.8605912925975712,0.9881129779673717,0.03333333333333333,0.0,0.0,1.0
BIN::onemax::n=50::seed=315182747,onemax,bin,500,0.0,HC(flips=2),HC,3,30,0.1,0.125,0.0463152483800532,0.2339998641942354,2.533333333333333,3.0,0.0,6.0
BIN::onemax::n=50::seed=315182747,onemax,bin,500,0.0,"SA(T0=1.0,alpha=0.995,flips=1)",SA,30,30,1.0,0.96875,0.9066910752026256,0.9985146223822648,0.0,0.0,0.0,0.0
BIN::onemax::n=50::seed=315182747,onemax,bin,500,0.0,"SA(T0=2.0,alpha=0.99,flips=1)",SA,29,30,0.9666666666666667,0.9375,0.8538482753954113,0.9888304053404564,0.03333333333333333,0.0,0.0,1.0
BIN::onemax::n=50::seed=315182747,onemax,bin,500,0.0,"SA(T0=2.0,alpha=0.995,flips=2)",SA,0,30,0.0,0.03125,0.0013392038725773719,0.09222458227169011,3.533333333333333,3.0,1.0,8.0
BIN::onemax::n=50::seed=315182747,onemax,bin,500,0.0,"GA(pop=50,pc=0.9,pm=0.02)",GA,0,30,0.0,0.03125,0.0015581181159951645,0.09256759846181477,9.233333333333333,9.0,6.0,12.0
BIN::onemax::n=50::seed=315182747,onemax,bin,500,0.0,"GA(pop=50,pc=0.9,pm=0.05)",GA,0,30,0.0,0.03125,0.001500816978357607,0.09056288087891089,9.9,10.0,6.0,13.0
BIN::onemax::n=50::seed=315182747,onemax,bin,500,0.0,"GA(pop=100,pc=0.9,pm=0.02)",GA,0,30,0.0,0.03125,0.001669007217425181,0.09410862345357823,12.433333333333334,12.0,10.0,14.0
BIN::onemax::n=50::seed=315182747,onemax,bin,500,0.0,TABU(tenure=7),TABU,1,30,0.03333333333333333,0.0625,0.011100018767354693,0.14231787131993315,2.6333333333333333,2.0,0.0,6.0
BIN::onemax::n=50::seed=315182747,onemax,bin,500,0.0,"UMDA(pop=50,elite=0.2)",UMDA,28,30,0.9333333333333333,0.90625,0.8136379195901166,0.9738281568658098,0.06666666666666667,0.0,0.0,1.0
BIN::onemax::n=50::seed=315182747,onemax,bin,500,0.0,"UMDA(pop=100,elite=0.2)",UMDA,0,30,0.0,0.03125,0.0014851452254628786,0.09158280074995374,2.533333333333333,3.0,1.0,5.0
BIN::onemax::n=50::seed=315182747,onemax,bin,500,0.0,TABU(tenure=12),TABU,1,30,0.03333333333333333,0.0625,0.010523641098192545,0.13836516928008571,2.8,3.0,0.0,5.0
BIN::leadingones::n=100::seed=404167253,leadingones,bin,500,0.0,RS_BIN,RS_BIN,0,30,0.0,0.03125,0.0014900363313323684,0.09348233865226997,90.96666666666667,91.0,87.0,94.0
BIN::leadingones::n=100::seed=404167253,leadingones,bin,500,0.0,HC(flips=1),HC,0,30,0.0,0.03125,0.0017579077908552775,0.09427808980278368,88.76666666666667,89.5,65.0,97.0
BIN::leadingones::n=100::seed=404167253,leadingones,bin,500,0.0,HC(flips=2),HC,0,30,0.0,0.03125,0.0016262645745325857,0.09033670652201327,80.1,80.5,68.0,93.0
BIN::leadingones::n=100::seed=404167253,leadingones,bin,500,0.0,"SA(T0=1.0,alpha=0.995,flips=1)",SA,0,30,0.0,0.03125,0.001775693120336294,0.08732127022772353,90.46666666666667,91.5,81.0,99.0
BIN::leadingones::n=100::seed=404167253,leadingones,bin,500,0.0,"SA(T0=2.0,alpha=0.99,flips=1)",SA,0,30,0.0,0.03125,0.0015541184981711729,0.09064310070775836,89.76666666666667,90.0,78.0,97.0
BIN::leadingones::n=100::seed=404167253,leadingones,bin,500,0.0,"SA(T0=2.0,alpha=0.995,flips=2)",SA,0,30,0.0,0.03125,0.0013637873057445935,0.08893648196896872,83.33333333333333,84.0,71.0,95.0
BIN::leadingones::n=100::seed=404167253,leadingones,bin,500,0.0,"GA(pop=50,pc=0.9,pm=0.02)",GA,0,30,0.0,0.03125,0.0018989789560780394,0.09351806255082702,90.13333333333334,90.0,83.0,96.0
BIN::leadingones::n=100::seed=404167253,leadingones,bin,500,0.0,"GA(pop=50,pc=0.9,pm=0.05)",GA,0,30,0.0,0.03125,0.0016441148648176898,0.09419337687356373,89.1,89.0,80.0,93.0
BIN::leadingones::n=100::seed=404167253,leadingones,bin,500,0.0,"GA(pop=100,pc=0.9,pm=0.02)",GA,0,30,0.0,0.03125,0.0014884421278081182,0.0955757771439092,91.46666666666667,92.0,86.0,95.0
BIN::leadingones::n=100::seed=404167253,leadingones,bin,500,0.0,TABU(tenure=7),TABU,0,30,0.0,0.03125,0.001630422228526227,0.09429975266343102,89.56666666666666,89.5,80.0,99.0
BIN::leadingones::n=100::seed=404167253,leadingones,bin,500,0.0,"UMDA(pop=50,elite=0.2)",UMDA,0,30,0.0,0.03125,0.0015930733023327055,0.0892997724279436,81.56666666666666,82.5,72.0,89.0
BIN::leadingones::n=100::seed=404167253,leadingones,bin,500,0.0,"UMDA(pop=100,elite=0.2)",UMDA,0,30,0.0,0.03125,0.0015411268115851666,0.08855019947712275,85.13333333333334,85.0,78.0,91.0
BIN::leadingones::n=100::seed=404167253,leadingones,bin,500,0.0,TABU(tenure=12),TABU,0,30,0.0,0.03125,0.0017250084484031361,0.09232370364538546,87.96666666666667,88.0,82.0,96.0
BIN::leadingones::n=150::seed=941005994,leadingones,bin,500,0.0,RS_BIN,RS_BIN,0,30,0.0,0.03125,0.0018469851823653574,0.08970794432128924,140.8,141.0,137.0,143.0
BIN::leadingones::n=150::seed=941005994,leadingones,bin,500,0.0,HC(flips=1),HC,0,30,0.0,0.03125,0.0015071542711585359,0.09158989420682305,142.53333333333333,143.5,128.0,150.0
BIN::leadingones::n=150::seed=941005994,leadingones,bin,500,0.0,HC(flips=2),HC,0,30,0.0,0.03125,0.0017962384753815019,0.09104698378740399,135.73333333333332,137.0,127.0,144.0
BIN::leadingones::n=150::seed=941005994,leadingones,bin,500,0.0,"SA(T0=1.0,alpha=0.995,flips=1)",SA,0,30,0.0,0.03125,0.0017179650916934388,0.09494839071448921,143.26666666666668,144.0,137.0,149.0
BIN::leadingones::n=150::seed=941005994,leadingones,bin,500,0.0,"SA(T0=2.0,alpha=0.99,flips=1)",SA,0,30,0.0,0.03125,0.001500553058601157,0.08782798020121625,141.7,142.0,128.0,150.0
BIN::leadingones::n=150::seed=941005994,leadingones,bin,500,0.0,"SA(T0=2.0,alpha=0.995,flips=2)",SA,0,30,0.0,0.03125,0.001562432559393745,0.0904242191025639,139.26666666666668,140.0,126.0,147.0
BIN::leadingones::n=150::seed=941005994,leadingones,bin,500,0.0,"GA(pop=50,pc=0.9,pm=0.02)",GA,0,30,0.0,0.03125,0.0012512628350913083,0.08956829440125648,140.2,140.0,134.0,145.0
BIN::leadingones::n=150::seed=941005994,leadingones,bin,500,0.0,"GA(pop=50,pc=0.9,pm=0.05)",GA,0,30,0.0,0.03125,0.001784542410365919,0.09802088485773348,139.73333333333332,140.0,132.0,143.0
BIN::leadingones::n=150::seed=941005994,leadingones,bin,500,0.0,"GA(pop=100,pc=0.9,pm=0.02)",GA,0,30,0.0,0.03125,0.0017713779306822957,0.0937514216709617,141.5,142.0,135.0,145.0
BIN::leadingones::n=150::seed=941005994,leadingones,bin,500,0.0,TABU(tenure=7),TABU,0,30,0.0,0.03125,0.0017223658483592563,0.09093372764459368,143.16666666666666,144.0,124.0,150.0
BIN::leadingones::n=150::seed=941005994,leadingones,bin,500,0.0,"UMDA(pop=50,elite=0.2)",UMDA,0,30,0.0,0.03125,0.001649641987047158,0.09291886048207644,132.96666666666667,133.0,125.0,140.0
BIN::leadingones::n=150::seed=941005994,leadingones,bin,500,0.0,"UMDA(pop=100,elite=0.2)",UMDA,0,30,0.0,0.03125,0.0018776837349263045,0.08697669096324574,134.73333333333332,135.0,127.0,138.0
BIN::leadingones::n=150::seed=941005994,leadingones,bin,500,0.0,TABU(tenure=12),TABU,0,30,0.0,0.03125,0.0017922356706085297,0.09171463781396896,141.9,143.0,131.0,150.0
BIN::leadingones::n=100::seed=935888545,leadingones,bin,500,0.0,RS_BIN,RS_BIN,0,30,0.0,0.03125,0.0016051368956762713,0.09228929559459872,91.0,91.5,82.0,93.0
BIN::leadingones::n=100::seed=935888545,leadingones,bin,500,0.0,HC(flips=1),HC,0,30,0.0,0.03125,0.0017249261441113456,0.09237013233293057,86.46666666666667,87.5,72.0,99.0
BIN::leadingones::n=100::seed=935888545,leadingones,bin,500,0.0,HC(flips=2),HC,0,30,0.0,0.03125,0.0018971267813275995,0.09288177820655025,82.83333333333333,83.0,66.0,93.0
BIN::leadingones::n=100::seed=935888545,leadingones,bin,500,0.0,"SA(T0=1.0,alpha=0.995,flips=1)",SA,0,30,0.0,0.03125,0.0015482307993081462,0.0893920394019032,89.26666666666667,90.0,77.0,98.0
BIN::leadingones::n=100::seed=935888545,leadingones,bin,500,0.0,"SA(T0=2.0,alpha=0.99,flips=1)",SA,0,30,0.0,0.03125,0.0020732209306261033,0.09248511648831022,89.86666666666666,91.0,72.0,97.0
BIN::leadingones::n=100::seed=935888545,leadingones,bin,500,0.0,"SA(T0=2.0,alpha=0.995,flips=2)",SA,0,30,0.0,0.03125,0.0014024093499154175,0.09445726926675126,81.8,81.0,66.0,98.0
BIN::leadingones::n=100::seed=935888545,leadingones,bin,500,0.0,"GA(pop=50,pc=0.9,pm=0.02)",GA,0,30,0.0,0.03125,0.0015110202832338267,0.09224207094141121,90.83333333333333,91.0,87.0,95.0
BIN::leadingones::n=100::seed=935888545,leadingones,bin,500,0.0,"GA(pop=50,pc=0.9,pm=0.05)",GA,0,30,0.0,0.03125,0.0017277810362988483,0.08825403686805579,89.43333333333334,90.0,85.0,93.0
BIN::leadingones::n=100::seed=935888545,leadingones,bin,500,0.0,"GA(pop=100,pc=0.9,pm=0.02)",GA,0,30,0.0,0.03125,0.0015875397279449725,0.09146871621910418,91.76666666666667,92.0,84.0,94.0
BIN::leadingones::n=100::seed=935888545,leadingones,bin,500,0.0,TABU(tenure=7),TABU,0,30,0.0,0.03125,0.0014182941649957751,0.09288724864172948,89.06666666666666,89.0,77.0,98.0
BIN::leadingones::n=100::seed=935888545,leadingones,bin,500,0.0,"UMDA(pop=50,elite=0.2)",UMDA,0,30,0.0,0.03125,0.0016003921870259834,0.09571441961954553,83.73333333333333,84.0,73.0,92.0
BIN::leadingones::n=100::seed=935888545,leadingones,bin,500,0.0,"UMDA(pop=100,elite=0.2)",UMDA,0,30,0.0,0.03125,0.0017707561040326283,0.09654250702982613,85.03333333333333,85.0,77.0,90.0
BIN::leadingones::n=100::seed=935888545,leadingones,bin,500,0.0,TABU(tenure=12),TABU,0,30,0.0,0.03125,0.001417721675981993,0.09238763469532443,89.03333333333333,89.0,78.0,97.0
BIN::knapsack01::n=100::seed=314319628,knapsack01,bin,500,0.0,RS_BIN,RS_BIN,0,30,0.0,0.03125,0.0015750319141175958,0.09010407352579473,1146.6333333333334,1167.5,887.0,1301.0
BIN::knapsack01::n=100::seed=314319628,knapsack01,bin,500,0.0,HC(flips=1),HC,0,30,0.0,0.03125,0.0019366789124254263,0.08953691149386919,773.4666666666667,815.0,531.0,1007.0
BIN::knapsack01::n=100::seed=314319628,knapsack01,bin,500,0.0,HC(flips=2),HC,0,30,0.0,0.03125,0.0015297078804392733,0.09356476177772492,286.46666666666664,281.5,174.0,474.0
BIN::knapsack01::n=100::seed=314319628,knapsack01,bin,500,0.0,"SA(T0=1.0,alpha=0.995,flips=1)",SA,0,30,0.0,0.03125,0.0015945508471347312,0.09580281206832345,721.4666666666667,731.0,400.0,944.0
BIN::knapsack01::n=100::seed=314319628,knapsack01,bin,500,0.0,"SA(T0=2.0,alpha=0.99,flips=1)",SA,0,30,0.0,0.03125,0.001800355912256439,0.09347060748040172,709.0666666666667,700.5,458.0,941.0
BIN::knapsack01::n=100::seed=314319628,knapsack01,bin,500,0.0,"SA(T0=2.0,alpha=0.995,flips=2)",SA,0,30,0.0,0.03125,0.0016765139999468887,0.09237415893361405,305.1666666666667,291.0,213.0,479.0
BIN::knapsack01::n=100::seed=314319628,knapsack01,bin,500,0.0,"GA(pop=50,pc=0.9,pm=0.02)",GA,0,30,0.0,0.03125,0.001722659776067886,0.09503706055383203,942.3666666666667,936.0,756.0,1122.0
BIN::knapsack01::n=100::seed=314319628,knapsack01,bin,500,0.0,"GA(pop=50,pc=0.9,pm=0.05)",GA,0,30,0.0,0.03125,0.0017464447842199097,0.09280585269027933,986.1,985.0,826.0,1165.0
BIN::knapsack01::n=100::seed=314319628,knapsack01,bin,500,0.0,"GA(pop=100,pc=0.9,pm=0.02)",GA,0,30,0.0,0.03125,0.0015124082553783754,0.09222830617379202,1057.1666666666667,1053.5,818.0,1246.0
BIN::knapsack01::n=100::seed=314319628,knapsack01,bin,500,0.0,TABU(tenure=7),TABU,0,30,0.0,0.03125,0.0021039393023983073,0.08978093438581436,454.96666666666664,448.0,272.0,680.0
BIN::knapsack01::n=100::seed=314319628,knapsack01,bin,500,0.0,"UMDA(pop=50,elite=0.2)",UMDA,0,30,0.0,0.03125,0.0013721044935899318,0.09359878674952678,364.8333333333333,373.5,223.0,560.0
BIN::knapsack01::n=100::seed=314319628,knapsack01,bin,500,0.0,"UMDA(pop=100,elite=0.2)",UMDA,0,30,0.0,0.03125,0.0015964856468606702,0.09159616245024856,642.5,651.5,463.0,773.0
BIN::knapsack01::n=100::seed=314319628,knapsack01,bin,500,0.0,TABU(tenure=12),TABU,0,30,0.0,0.03125,0.0017275851781249048,0.08923595601332242,401.3,407.5,171.0,793.0
BIN::trap5::n=150::seed=877446483,trap5,bin,500,0.0,RS_BIN,RS_BIN,0,30,0.0,0.03125,0.0017837722115564213,0.09151884171621123,77.8,79.0,67.0,82.0
BIN::trap5::n=150::seed=877446483,trap5,bin,500,0.0,HC(flips=1),HC,0,30,0.0,0.03125,0.0017467440860875422,0.09401196328710604,30.766666666666666,31.0,26.0,35.0
BIN::trap5::n=150::seed=877446483,trap5,bin,500,0.0,HC(flips=2),HC,0,30,0.0,0.03125,0.0017131900633853368,0.0932680893906603,43.6,44.0,35.0,50.0
BIN::trap5::n=150::seed=877446483,trap5,bin,500,0.0,"SA(T0=1.0,alpha=0.995,flips=1)",SA,0,30,0.0,0.03125,0.0019659955013545203,0.0911881761523492,32.56666666666667,32.5,28.0,37.0
BIN::trap5::n=150::seed=877446483,trap5,bin,500,0.0,"SA(T0=2.0,alpha=0.99,flips=1)",SA,0,30,0.0,0.03125,0.0018094860189467122,0.09705474736984604,31.266666666666666,31.0,27.0,36.0
BIN::trap5::n=150::seed=877446483,trap5,bin,500,0.0,"SA(T0=2.0,alpha=0.995,flips=2)",SA,0,30,0.0,0.03125,0.0016461568421408822,0.08831045990584468,43.766666666666666,44.0,35.0,55.0
BIN::trap5::n=150::seed=877446483,trap5,bin,500,0.0,"GA(pop=50,pc=0.9,pm=0.02)",GA,0,30,0.0,0.03125,0.0018506207179252827,0.09042601941296756,70.16666666666667,71.0,64.0,75.0
BIN::trap5::n=150::seed=877446483,trap5,bin,500,0.0,"GA(pop=50,pc=0.9,pm=0.05)",GA,0,30,0.0,0.03125,0.0017452311396587582,0.09359483748377703,72.0,72.0,66.0,79.0
BIN::trap5::n=150::seed=877446483,trap5,bin,500,0.0,"GA(pop=100,pc=0.9,pm=0.02)",GA,0,30,0.0,0.03125,0.001534851532389406,0.08931553780216221,73.66666666666667,74.0,68.0,79.0
BIN::trap5::n=150::seed=877446483,trap5,bin,500,0.0,TABU(tenure=7),TABU,0,30,0.0,0.03125,0.0014893368804455274,0.09196256898888708,46.1,46.0,38.0,53.0
BIN::trap5::n=150::seed=877446483,trap5,bin,500,0.0,"UMDA(pop=50,elite=0.2)",UMDA,0,30,0.0,0.03125,0.0013647882791984437,0.09313428508420439,50.03333333333333,49.0,42.0,60.0
BIN::trap5::n=150::seed=877446483,trap5,bin,500,0.0,"UMDA(pop=100,elite=0.2)",UMDA,0,30,0.0,0.03125,0.0015497205233974134,0.08805026248300406,68.4,69.5,63.0,73.0
BIN::trap5::n=150::seed=877446483,trap5,bin,500,0.0,TABU(tenure=12),TABU,0,30,0.0,0.03125,0.0014404228025621472,0.08966119049303871,47.1,46.0,40.0,53.0
BIN::onemax::n=50::seed=531544579,onemax,bin,500,0.0,RS_BIN,RS_BIN,0,30,0.0,0.03125,0.0014843505441904804,0.09340522512079577,14.7,15.0,10.0,17.0
BIN::onemax::n=50::seed=531544579,onemax,bin,500,0.0,HC(flips=1),HC,30,30,1.0,0.96875,0.9115079384785739,0.9984273951025407,0.0,0.0,0.0,0.0
BIN::onemax::n=50::seed=531544579,onemax,bin,500,0.0,HC(flips=2),HC,2,30,0.06666666666666667,0.09375,0.02622627607658293,0.19855988596845564,2.3,2.0,0.0,4.0
BIN::onemax::n=50::seed=531544579,onemax,bin,500,0.0,"SA(T0=1.0,alpha=0.995,flips=1)",SA,30,30,1.0,0.96875,0.9069103336816663,0.998468873019488,0.0,0.0,0.0,0.0
BIN::onemax::n=50::seed=531544579,onemax,bin,500,0.0,"SA(T0=2.0,alpha=0.99,flips=1)",SA,30,30,1.0,0.96875,0.9059157471050606,0.9984782223466474,0.0,0.0,0.0,0.0
BIN::onemax::n=50::seed=531544579,onemax,bin,500,0.0,"SA(T0=2.0,alpha=0.995,flips=2)",SA,0,30,0.0,0.03125,0.0016950818332150323,0.08938374532907173,4.0,4.0,2.0,8.0
BIN::onemax::n=50::seed=531544579,onemax,bin,500,0.0,"GA(pop=50,pc=0.9,pm=0.02)",GA,0,30,0.0,0.03125,0.0014120627072317618,0.09240792245661518,9.233333333333333,9.0,7.0,12.0
BIN::onemax::n=50::seed=531544579,onemax,bin,500,0.0,"GA(pop=50,pc=0.9,pm=0.05)",GA,0,30,0.0,0.03125,0.001830162717001733,0.09127126877373735,10.0,10.0,8.0,13.0
BIN::onemax::n=50::seed=531544579,onemax,bin,500,0.0,"GA(pop=100,pc=0.9,pm=0.02)",GA,0,30,0.0,0.03125,0.0014515226777423913,0.09460845941136344,12.3,13.0,9.0,14.0
BIN::onemax::n=50::seed=531544579,onemax,bin,500,0.0,TABU(tenure=7),TABU,0,30,0.0,0.03125,0.0020194392556786354,0.0901855732967777,2.7,3.0,1.0,4.0
BIN::onemax::n=50::seed=531544579,onemax,bin,500,0.0,"UMDA(pop=50,elite=0.2)",UMDA,25,30,0.8333333333333334,0.8125,0.6854423084303639,0.9111247879084724,0.16666666666666666,0.0,0.0,1.0
BIN::onemax::n=50::seed=531544579,onemax,bin,500,0.0,"UMDA(pop=100,elite=0.2)",UMDA,0,30,0.0,0.03125,0.0017679850600422341,0.08965008753489169,2.433333333333333,2.0,1.0,4.0
BIN::onemax::n=50::seed=531544579,onemax,bin,500,0.0,TABU(tenure=12),TABU,1,30,0.03333333333333333,0.0625,0.011332842571182788,0.14817999550570546,2.7666666666666666,3.0,0.0,7.0
BIN::knapsack01::n=100::seed=245094050,knapsack01,bin,500,0.0,RS_BIN,RS_BIN,0,30,0.0,0.03125,0.001574698477589141,0.09046624622308506,1136.6333333333334,1128.0,958.0,1368.0
BIN::knapsack01::n=100::seed=245094050,knapsack01,bin,500,0.0,HC(flips=1),HC,0,30,0.0,0.03125,0.0017440312688308866,0.09435923462069035,1018.9666666666667,1012.5,662.0,1404.0
BIN::knapsack01::n=100::seed=245094050,knapsack01,bin,500,0.0,HC(flips=2),HC,0,30,0.0,0.03125,0.0017968428356723487,0.08871864822610154,315.3,310.0,203.0,476.0
BIN::knapsack01::n=100::seed=245094050,knapsack01,bin,500,0.0,"SA(T0=1.0,alpha=0.995,flips=1)",SA,0,30,0.0,0.03125,0.0017754549345268985,0.09153557895262943,960.4333333333333,982.0,580.0,1298.0
BIN::knapsack01::n=100::seed=245094050,knapsack01,bin,500,0.0,"SA(T0=2.0,alpha=0.99,flips=1)",SA,0,30,0.0,0.03125,0.001953987716180373,0.09435326472287849,1044.6333333333334,1066.0,549.0,1400.0
BIN::knapsack01::n=100::seed=245094050,knapsack01,bin,500,0.0,"SA(T0=2.0,alpha=0.995,flips=2)",SA,0,30,0.0,0.03125,0.0018882380398867814,0.09185211645755556,308.1,306.5,163.0,499.0
BIN::knapsack01::n=100::seed=245094050,knapsack01,bin,500,0.0,"GA(pop=50,pc=0.9,pm=0.02)",GA,0,30,0.0,0.03125,0.0016514465939449071,0.09319710724648288,973.3666666666667,986.0,808.0,1107.0
BIN::knapsack01::n=100::seed=245094050,knapsack01,bin,500,0.0,"GA(pop=50,pc=0.9,pm=0.05)",GA,0,30,0.0,0.03125,0.001516574683410791,0.09437942230456209,959.7666666666667,967.5,645.0,1118.0
BIN::knapsack01::n=100::seed=245094050,knapsack01,bin,500,0.0,"GA(pop=100,pc=0.9,pm=0.02)",GA,0,30,0.0,0.03125,0.0015520035671406742,0.09134736768769527,1042.0666666666666,1045.0,786.0,1184.0
BIN::knapsack01::n=100::seed=245094050,knapsack01,bin,500,0.0,TABU(tenure=7),TABU,0,30,0.0,0.03125,0.001661965847207883,0.09030901849390707,449.0,449.5,205.0,696.0
BIN::knapsack01::n=100::seed=245094050,knapsack01,bin,500,0.0,"UMDA(pop=50,elite=0.2)",UMDA,0,30,0.0,0.03125,0.0013478095842052785,0.09183637004232799,406.7,403.0,279.0,547.0
BIN::knapsack01::n=100::seed=245094050,knapsack01,bin,500,0.0,"UMDA(pop=100,elite=0.2)",UMDA,0,30,0.0,0.03125,0.0017844328564960456,0.09365643682229181,685.7333333333333,682.0,480.0,855.0
BIN::knapsack01::n=100::seed=245094050,knapsack01,bin,500,0.0,TABU(tenure=12),TABU,0,30,0.0,0.03125,0.002098193190976918,0.09618398025692497,497.3333333333333,500.0,231.0,748.0
BIN::knapsack01::n=50::seed=302088004,knapsack01,bin,500,0.0,RS_BIN,RS_BIN,0,30,0.0,0.03125,0.001944728375052207,0.09345673588568988,449.1,459.5,290.0,553.0
BIN::knapsack01::n=50::seed=302088004,knapsack01,bin,500,0.0,HC(flips=1),HC,0,30,0.0,0.03125,0.0016499527152983983,0.09324029514707703,480.9,475.5,193.0,784.0
BIN::knapsack01::n=50::seed=302088004,knapsack01,bin,500,0.0,HC(flips=2),HC,0,30,0.0,0.03125,0.001795487673563777,0.09075016806922419,84.7,80.5,16.0,153.0
BIN::knapsack01::n=50::seed=302088004,knapsack01,bin,500,0.0,"SA(T0=1.0,alpha=0.995,flips=1)",SA,0,30,0.0,0.03125,0.0016454487582551747,0.08627070717176463,475.6,477.5,192.0,733.0
BIN::knapsack01::n=50::seed=302088004,knapsack01,bin,500,0.0,"SA(T0=2.0,alpha=0.99,flips=1)",SA,0,30,0.0,0.03125,0.0019497315577482396,0.09428711193633257,419.06666666666666,412.0,205.0,740.0
BIN::knapsack01::n=50::seed=302088004,knapsack01,bin,500,0.0,"SA(T0=2.0,alpha=0.995,flips=2)",SA,0,30,0.0,0.03125,0.001624522760262118,0.09039033747372346,94.36666666666666,92.0,51.0,144.0
BIN::knapsack01::n=50::seed=302088004,knapsack01,bin,500,0.0,"GA(pop=50,pc=0.9,pm=0.02)",GA,0,30,0.0,0.03125,0.0016770296298590133,0.09113527118684393,351.3666666666667,339.5,229.0,548.0
BIN::knapsack01::n=50::seed=302088004,knapsack01,bin,500,0.0,"GA(pop=50,pc=0.9,pm=0.05)",GA,0,30,0.0,0.03125,0.0017039070317926668,0.09460936430754761,334.76666666666665,324.0,253.0,506.0
BIN::knapsack01::n=50::seed=302088004,knapsack01,bin,500,0.0,"GA(pop=100,pc=0.9,pm=0.02)",GA,0,30,0.0,0.03125,0.001666514677831532,0.09124852686066756,380.53333333333336,375.5,274.0,512.0
BIN::knapsack01::n=50::seed=302088004,knapsack01,bin,500,0.0,TABU(tenure=7),TABU,0,30,0.0,0.03125,0.0016899831449302715,0.09129712182297144,119.8,113.0,63.0,278.0
BIN::knapsack01::n=50::seed=302088004,knapsack01,bin,500,0.0,"UMDA(pop=50,elite=0.2)",UMDA,0,30,0.0,0.03125,0.0016005491553724072,0.09277853409523805,87.46666666666667,85.0,28.0,145.0
BIN::knapsack01::n=50::seed=302088004,knapsack01,bin,500,0.0,"UMDA(pop=100,elite=0.2)",UMDA,0,30,0.0,0.03125,0.0016565474125438098,0.09170947712508412,191.16666666666666,187.5,45.0,285.0
BIN::knapsack01::n=50::seed=302088004,knapsack01,bin,500,0.0,TABU(tenure=12),TABU,0,30,0.0,0.03125,0.0017167129189284843,0.09141820280864979,139.3,134.0,34.0,302.0
"CONT::rosenbrock::d=5::b=(-10.0,10.0)::seed=641458220",rosenbrock,cont,500,1.0,RS_CONT,RS_CONT,0,30,0.0,0.03125,0.0018048269789164761,0.09617551765526994,5403.058558733873,4409.200967686087,585.1136310958665,24001.50551086026
"CONT::rosenbrock::d=5::b=(-10.0,10.0)::seed=641458220",rosenbrock,cont,500,1.0,HC_CONT(sigma=0.2),HC_CONT,2,30,0.06666666666666667,0.09375,0.027767082047003507,0.19257258140294947,37.84948124794,5.024378059267168,0.6829742116749904,298.8641046625735
"CONT::rosenbrock::d=5::b=(-10.0,10.0)::seed=641458220",rosenbrock,cont,500,1.0,"SA_CONT(sigma=0.3,T0=1.0,alpha=0.995)",SA_CONT,0,30,0.0,0.03125,0.0016564432110703763,0.08971852314876286,41.991274894796824,5.720550843301133,3.2901769634797455,286.317433461439
"CONT::rosenbrock::d=5::b=(-10.0,10.0)::seed=641458220",rosenbrock,cont,500,1.0,"DE(pop=20,F=0.8,CR=0.9)",DE,0,30,0.0,0.03125,0.0016129761824437649,0.09612263529599863,336.39632656009775,294.43427490515217,68.77383460922704,1045.7071334319965
"CONT::rosenbrock::d=5::b=(-10.0,10.0)::seed=641458220",rosenbrock,cont,500,1.0,"DE(pop=40,F=0.8,CR=0.9)",DE,0,30,0.0,0.03125,0.001673088905622809,0.08944613385100021,2349.107141897655,1885.214651884769,332.24248510204814,10802.013310217524
"CONT::rosenbrock::d=5::b=(-10.0,10.0)::seed=641458220",rosenbrock,cont,500,1.0,"PSO_STD(p=20,w=0.72,c1=1.49,c2=1.49)",PSO_STD,0,30,0.0,0.03125,0.0015687000155337688,0.09139721864428092,50.83489971190805,24.02565002790378,1.5139675561618884,313.5283652193636
"CONT::rosenbrock::d=5::b=(-10.0,10.0)::seed=641458220",rosenbrock,cont,500,1.0,"PSO_STD(p=40,w=0.72,c1=1.49,c2=1.49)",PSO_STD,0,30,0.0,0.03125,0.001600306254062924,0.09139200173636541,92.86180568515492,55.0440571522652,7.747630745370421,437.01429799076516
"CONT::rosenbrock::d=5::b=(-10.0,10.0)::seed=641458220",rosenbrock,cont,500,1.0,"PSO_RING(p=20,ring,w=0.72,c1=1.49,c2=1.49)",PSO_RING,0,30,0.0,0.03125,0.0015274580424120938,0.09334602201585493,112.40442687295929,56.69866963168654,10.246464561856516,621.8687517167862
"CONT::rosenbrock::d=5::b=(-10.0,10.0)::seed=641458220",rosenbrock,cont,500,1.0,"PSO_RING(p=40,ring,w=0.72,c1=1.49,c2=1.49)",PSO_RING,0,30,0.0,0.03125,0.001556161556137816,0.09684093854713063,293.99715349103786,191.03315673839091,63.996964542895185,1598.93012100862
"CONT::rosenbrock::d=5::b=(-10.0,10.0)::seed=641458220",rosenbrock,cont,500,1.0,"ES_ML(mu=10,lam=40,sigma=0.3)",ES_ML,0,30,0.0,0.03125,0.001736847945218348,0.09413578608601389,2645.1947267128558,754.5789351862375,17.400829855709183,30912.003883353333
"CONT::rosenbrock::d=5::b=(-10.0,10.0)::seed=641458220",rosenbrock,cont,500,1.0,"ES_ML(mu=20,lam=80,sigma=0.2)",ES_ML,0,30,0.0,0.03125,0.0017012250393120157,0.09440938712611911,16729.273883853417,13094.481819900142,124.56578387740737,67076.9705590692
"CONT::sphere::d=5::b=(-10.0,10.0)::seed=113708049",sphere,cont,500,0.01,RS_CONT,RS_CONT,0,30,0.0,0.03125,0.0017788084796627585,0.09354871413196454,14.505423845817916,13.628353989296174,4.000572290527337,27.86027661161285
"CONT::sphere::d=5::b=(-10.0,10.0)::seed=113708049",sphere,cont,500,0.01,HC_CONT(sigma=0.2),HC_CONT,8,30,0.26666666666666666,0.28125,0.16068616205954214,0.42064821445739625,0.01477940040054965,0.013015295365150361,0.0033254813814042193,0.03246669121717693
"CONT::sphere::d=5::b=(-10.0,10.0)::seed=113708049",sphere,cont,500,0.01,"SA_CONT(sigma=0.3,T0=1.0,alpha=0.995)",SA_CONT,0,30,0.0,0.03125,0.0015826645388013663,0.09288610466632782,0.06454369502202664,0.06102117487897932,0.014616807289027992,0.10341686131697864
"CONT::sphere::d=5::b=(-10.0,10.0)::seed=113708049",sphere,cont,500,0.01,"DE(pop=20,F=0.8,CR=0.9)",DE,0,30,0.0,0.03125,0.0021130843012816137,0.09044193562709839,2.4190647997370074,1.829666247592889,0.5196053690597348,6.929919178671155
"CONT::sphere::d=5::b=(-10.0,10.0)::seed=113708049",sphere,cont,500,0.01,"DE(pop=40,F=0.8,CR=0.9)",DE,0,30,0.0,0.03125,0.0017254322646061374,0.0956473496752549,10.198940683597167,9.591293483926322,4.91200224186491,20.6979481968466
"CONT::sphere::d=5::b=(-10.0,10.0)::seed=113708049",sphere,cont,500,0.01,"PSO_STD(p=20,w=0.72,c1=1.49,c2=1.49)",PSO_STD,0,30,0.0,0.03125,0.0017733279603544228,0.0939781775967369,0.14296740505898464,0.11282745931074464,0.02134000499411595,0.4981134660156752
"CONT::sphere::d=5::b=(-10.0,10.0)::seed=113708049",sphere,cont,500,0.01,"PSO_STD(p=40,w=0.72,c1=1.49,c2=1.49)",PSO_STD,0,30,0.0,0.03125,0.0017357372175276723,0.09417604138365307,0.6354020595314811,0.5239876842028692,0.1806072870625343,2.543900043585706
"CONT::sphere::d=5::b=(-10.0,10.0)::seed=113708049",sphere,cont,500,0.01,"PSO_RING(p=20,ring,w=0.72,c1=1.49,c2=1.49)",PSO_RING,0,30,0.0,0.03125,0.0015642912528498708,0.09503338683469251,0.6744944600546237,0.4258176999454118,0.11680496210151514,1.955465775281822
"CONT::sphere::d=5::b=(-10.0,10.0)::seed=113708049",sphere,cont,500,0.01,"PSO_RING(p=40,ring,w=0.72,c1=1.49,c2=1.49)",PSO_RING,0,30,0.0,0.03125,0.0016115344037939345,0.10017372774630161,2.2365115240680526,2.318463275986747,0.29940179010494444,4.158331799794715
"CONT::sphere::d=5::b=(-10.0,10.0)::seed=113708049",sphere,cont,500,0.01,"ES_ML(mu=10,lam=40,sigma=0.3)",ES_ML,0,30,0.0,0.03125,0.0016945460920443404,0.09022208504190093,9.775687544675115,10.16927403196841,0.5331288090292077,27.26603293400018
"CONT::sphere::d=5::b=(-10.0,10.0)::seed=113708049",sphere,cont,500,0.01,"ES_ML(mu=20,lam=80,sigma=0.2)",ES_ML,0,30,0.0,0.03125,0.0015749906654473986,0.08950073298203302,28.570216458130165,27.716770478566442,8.16897620031272,57.73590199185108
"CONT::griewank::d=5::b=(-10.0,10.0)::seed=853457105",griewank,cont,500,0.1,RS_CONT,RS_CONT,1,30,0.03333333333333333,0.0625,0.011368295123854894,0.14494087979724965,0.2708285380555066,0.2623999700061009,0.06148992342576953,0.43763841565486206
"CONT::griewank::d=5::b=(-10.0,10.0)::seed=853457105",griewank,cont,500,0.1,HC_CONT(sigma=0.2),HC_CONT,26,30,0.8666666666666667,0.84375,0.7326100081442419,0.9366227338377844,0.0765195739005203,0.03739830788509391,0.011970349767321142,0.7758733312444148
"CONT::griewank::d=5::b=(-10.0,10.0)::seed=853457105",griewank,cont,500,0.1,"SA_CONT(sigma=0.3,T0=1.0,alpha=0.995)",SA_CONT,8,30,0.26666666666666666,0.28125,0.1631978697334918,0.413939446186745,0.1941008105465181,0.15037626249682057,0.036375129732964306,0.6049211904596045
"CONT::griewank::d=5::b=(-10.0,10.0)::seed=853457105",griewank,cont,500,0.1,"DE(pop=20,F=0.8,CR=0.9)",DE,0,30,0.0,0.03125,0.0014030379961968884,0.0960519263436165,0.31647432523620744,0.31970941016219273,0.1563736916442019,0.5245224389923613
"CONT::griewank::d=5::b=(-10.0,10.0)::seed=853457105",griewank,cont,500,0.1,"DE(pop=40,F=0.8,CR=0.9)",DE,0,30,0.0,0.03125,0.001733621119961098,0.09265924310200359,0.32381237089896336,0.3353969002734298,0.14346046423186354,0.5304558408747344
"CONT::griewank::d=5::b=(-10.0,10.0)::seed=853457105",griewank,cont,500,0.1,"PSO_STD(p=20,w=0.72,c1=1.49,c2=1.49)",PSO_STD,19,30,0.6333333333333333,0.625,0.48338208103279334,0.7553895018878097,0.09853158430802772,0.06916507516671005,0.025205155947471747,0.24067078462068392
"CONT::griewank::d=5::b=(-10.0,10.0)::seed=853457105",griewank,cont,500,0.1,"PSO_STD(p=40,w=0.72,c1=1.49,c2=1.49)",PSO_STD,6,30,0.2,0.21875,0.11195917714887121,0.3447246300385444,0.15848952631037233,0.13390345043852325,0.03221852497961586,0.31035963229433694
"CONT::griewank::d=5::b=(-10.0,10.0)::seed=853457105",griewank,cont,500,0.1,"PSO_RING(p=20,ring,w=0.72,c1=1.49,c2=1.49)",PSO_RING,14,30,0.4666666666666667,0.46875,0.32796895751723176,0.61695099261621,0.11695819208759754,0.11404759107516582,0.031880867223009535,0.2444804189494244
"CONT::griewank::d=5::b=(-10.0,10.0)::seed=853457105",griewank,cont,500,0.1,"PSO_RING(p=40,ring,w=0.72,c1=1.49,c2=1.49)",PSO_RING,4,30,0.13333333333333333,0.15625,0.06452117076486653,0.26920460871860635,0.17625985599700675,0.17005219840594232,0.06820274256650383,0.341226864834426
"CONT::griewank::d=5::b=(-10.0,10.0)::seed=853457105",griewank,cont,500,0.1,"ES_ML(mu=10,lam=40,sigma=0.3)",ES_ML,29,30,0.9666666666666667,0.9375,0.8557764623591217,0.9886126976072379,0.057789997593152856,0.05556534981028055,0.021165388584937328,0.10357721006363163
"CONT::griewank::d=5::b=(-10.0,10.0)::seed=853457105",griewank,cont,500,0.1,"ES_ML(mu=20,lam=80,sigma=0.2)",ES_ML,15,30,0.5,0.5,0.36141198401661123,0.6413207802638556,0.14511784142574227,0.10672197874426953,0.022702995776657464,0.35857792242846054
"CONT::rastrigin::d=10::b=(-5.0,5.0)::seed=107854859",rastrigin,cont,500,0.1,RS_CONT,RS_CONT,0,30,0.0,0.03125,0.0015821679858735518,0.0890240914298368,90.84018132814252,93.96371227088994,50.55827612252355,117.97377561854292
"CONT::rastrigin::d=10::b=(-5.0,5.0)::seed=107854859",rastrigin,cont,500,0.1,HC_CONT(sigma=0.2),HC_CONT,0,30,0.0,0.03125,0.0018297794269959377,0.09190771058278668,93.74088944443731,85.93751541382215,44.72564747477406,143.4093368448793
"CONT::rastrigin::d=10::b=(-5.0,5.0)::seed=107854859",rastrigin,cont,500,0.1,"SA_CONT(sigma=0.3,T0=1.0,alpha=0.995)",SA_CONT,0,30,0.0,0.03125,0.0016931061567878104,0.08962085648342416,99.18020169070672,97.76702829206027,51.37498170264817,146.61760731836648
"CONT::rastrigin::d=10::b=(-5.0,5.0)::seed=107854859",rastrigin,cont,500,0.1,"DE(pop=20,F=0.8,CR=0.9)",DE,0,30,0.0,0.03125,0.0014799659476015428,0.09350504851879456,85.24978185524124,87.5079200243816,53.80847268198761,108.36249615845934
"CONT::rastrigin::d=10::b=(-5.0,5.0)::seed=107854859",rastrigin,cont,500,0.1,"DE(pop=40,F=0.8,CR=0.9)",DE,0,30,0.0,0.03125,0.0017589778995883167,0.09089433906664217,91.99125227074413,94.51300377209338,64.33436402807186,105.52125418781571
"CONT::rastrigin::d=10::b=(-5.0,5.0)::seed=107854859",rastrigin,cont,500,0.1,"PSO_STD(p=20,w=0.72,c1=1.49,c2=1.49)",PSO_STD,0,30,0.0,0.03125,0.0014293963314980054,0.09306283859455264,58.79529384720953,60.34495573160216,31.001824449995723,84.51868507622964
"CONT::rastrigin::d=10::b=(-5.0,5.0)::seed=107854859",rastrigin,cont,500,0.1,"PSO_STD(p=40,w=0.72,c1=1.49,c2=1.49)",PSO_STD,0,30,0.0,0.03125,0.0018005715341201268,0.0948705410100145,66.89077154271556,65.20285968708532,52.317810575743096,86.10376423274283
"CONT::rastrigin::d=10::b=(-5.0,5.0)::seed=107854859",rastrigin,cont,500,0.1,"PSO_RING(p=20,ring,w=0.72,c1=1.49,c2=1.49)",PSO_RING,0,30,0.0,0.03125,0.0017613492706318994,0.09395977347919918,63.653131187320014,65.26878334239609,19.06151023681909,84.52592076960963
"CONT::rastrigin::d=10::b=(-5.0,5.0)::seed=107854859",rastrigin,cont,500,0.1,"PSO_RING(p=40,ring,w=0.72,c1=1.49,c2=1.49)",PSO_RING,0,30,0.0,0.03125,0.0017767618675051805,0.08880900595280336,78.08519473067498,79.92520023556858,57.664066869569616,92.54444509038234
"CONT::rastrigin::d=10::b=(-5.0,5.0)::seed=107854859",rastrigin,cont,500,0.1,"ES_ML(mu=10,lam=40,sigma=0.3)",ES_ML,0,30,0.0,0.03125,0.0017647553682949894,0.09139262421034852,68.88958818617621,70.69491762455263,52.54757641109633,94.811476724687
"CONT::rastrigin::d=10::b=(-5.0,5.0)::seed=107854859",rastrigin,cont,500,0.1,"ES_ML(mu=20,lam=80,sigma=0.2)",ES_ML,0,30,0.0,0.03125,0.00173980108939855,0.09178652005865941,72.66275159350178,74.68222721340953,50.474979096837714,96.02033256023724
"CONT::rosenbrock::d=20::b=(-10.0,10.0)::seed=683836112",rosenbrock,cont,500,1.0,RS_CONT,RS_CONT,0,30,0.0,0.03125,0.00214058451956907,0.09055403473495957,931257.1476120094,970198.0532272442,447652.6465222848,1302453.0754008426
"CONT::rosenbrock::d=20::b=(-10.0,10.0)::seed=683836112",rosenbrock,cont,500,1.0,HC_CONT(sigma=0.2),HC_CONT,0,30,0.0,0.03125,0.0015875317908157019,0.09889858754511513,785.0963108276653,566.3386805615498,148.49305657785888,2912.247512507337
"CONT::rosenbrock::d=20::b=(-10.0,10.0)::seed=683836112",rosenbrock,cont,500,1.0,"SA_CONT(sigma=0.3,T0=1.0,alpha=0.995)",SA_CONT,0,30,0.0,0.03125,0.001655429702483378,0.09054935289726074,645.7344781403212,534.3194905328485,174.31494131399717,2286.6242671966784
"CONT::rosenbrock::d=20::b=(-10.0,10.0)::seed=683836112",rosenbrock,cont,500,1.0,"DE(pop=20,F=0.8,CR=0.9)",DE,0,30,0.0,0.03125,0.0017768718448552166,0.09246709898484849,852630.3301685957,816273.3336325545,106443.61597332667,1753802.5396631062
"CONT::rosenbrock::d=20::b=(-10.0,10.0)::seed=683836112",rosenbrock,cont,500,1.0,"DE(pop=40,F=0.8,CR=0.9)",DE,0,30,0.0,0.03125,0.0016807618648960391,0.09186865172805872,1395393.5321139095,1418031.7951801075,621265.5983885311,2078393.7084758058
"CONT::rosenbrock::d=20::b=(-10.0,10.0)::seed=683836112",rosenbrock,cont,500,1.0,"PSO_STD(p=20,w=0.72,c1=1.49,c2=1.49)",PSO_STD,0,30,0.0,0.03125,0.0014978509229851306,0.08554625563112683,37372.731314465826,30555.861062707667,6810.795359030615,90757.76238854202
"CONT::rosenbrock::d=20::b=(-10.0,10.0)::seed=683836112",rosenbrock,cont,500,1.0,"PSO_STD(p=40,w=0.72,c1=1.49,c2=1.49)",PSO_STD,0,30,0.0,0.03125,0.0017450975867086178,0.09283398113009883,88079.85508414086,76518.79653783122,14096.499988797388,178294.79831434894
"CONT::rosenbrock::d=20::b=(-10.0,10.0)::seed=683836112",rosenbrock,cont,500,1.0,"PSO_RING(p=20,ring,w=0.72,c1=1.49,c2=1.49)",PSO_RING,0,30,0.0,0.03125,0.0017839005287564006,0.08942173521899881,189522.69925907312,166733.5873259767,58379.66624945323,449349.07128678553
"CONT::rosenbrock::d=20::b=(-10.0,10.0)::seed=683836112",rosenbrock,cont,500,1.0,"PSO_RING(p=40,ring,w=0.72,c1=1.49,c2=1.49)",PSO_RING,0,30,0.0,0.03125,0.0015058130768447044,0.08737295834362713,406565.9743866088,361614.69573683804,117357.14222966445,749128.73306457
"CONT::rosenbrock::d=20::b=(-10.0,10.0)::seed=683836112",rosenbrock,cont,500,1.0,"ES_ML(mu=10,lam=40,sigma=0.3)",ES_ML,0,30,0.0,0.03125,0.001416620835974476,0.09174471308353464,545877.2203691652,533950.2513511339,196064.67877425547,903042.3859016069
"CONT::rosenbrock::d=20::b=(-10.0,10.0)::seed=683836112",rosenbrock,cont,500,1.0,"ES_ML(mu=20,lam=80,sigma=0.2)",ES_ML,0,30,0.0,0.03125,0.0015910928143286634,0.09264440338974049,1257008.2684281946,1202137.2938043461,794810.6905314109,1782705.4482863103
"CONT::rosenbrock::d=10::b=(-10.0,10.0)::seed=479014578",rosenbrock,cont,500,1.0,RS_CONT,RS_CONT,0,30,0.0,0.03125,0.0019032390229331588,0.09026880921838074,129946.87911407946,122314.1624410247,30390.045657567403,293538.6921780977
"CONT::rosenbrock::d=10::b=(-10.0,10.0)::seed=479014578",rosenbrock,cont,500,1.0,HC_CONT(sigma=0.2),HC_CONT,0,30,0.0,0.03125,0.001979957007385287,0.08928511220776494,90.78070158699684,26.285558831259678,13.772648287416205,697.7509345105308
"CONT::rosenbrock::d=10::b=(-10.0,10.0)::seed=479014578",rosenbrock,cont,500,1.0,"SA_CONT(sigma=0.3,T0=1.0,alpha=0.995)",SA_CONT,0,30,0.0,0.03125,0.0015032337287591067,0.08764540828422793,117.56943409281298,42.157885847017724,14.859784775140337,851.3608942846054
"CONT::rosenbrock::d=10::b=(-10.0,10.0)::seed=479014578",rosenbrock,cont,500,1.0,"DE(pop=20,F=0.8,CR=0.9)",DE,0,30,0.0,0.03125,0.0014811839124262293,0.0943726620989538,57499.127975282136,55558.413367779816,2378.5938675225084,135655.74399437566
"CONT::rosenbrock::d=10::b=(-10.0,10.0)::seed=479014578",rosenbrock,cont,500,1.0,"DE(pop=40,F=0.8,CR=0.9)",DE,0,30,0.0,0.03125,0.0014133970933356387,0.09174686081857636,180262.36375881423,166360.8279464319,47085.51466583546,360574.1452446884
"CONT::rosenbrock::d=10::b=(-10.0,10.0)::seed=479014578",rosenbrock,cont,500,1.0,"PSO_STD(p=20,w=0.72,c1=1.49,c2=1.49)",PSO_STD,0,30,0.0,0.03125,0.0017922898460104558,0.09386459191360047,1466.447944533445,906.369175154465,139.98823424544207,10798.53942795549
"CONT::rosenbrock::d=10::b=(-10.0,10.0)::seed=479014578",rosenbrock,cont,500,1.0,"PSO_STD(p=40,w=0.72,c1=1.49,c2=1.49)",PSO_STD,0,30,0.0,0.03125,0.0018129371030493498,0.09159521589735362,3277.6173773417413,2676.4002682900355,459.9279707390969,10049.803130570386
"CONT::rosenbrock::d=10::b=(-10.0,10.0)::seed=479014578",rosenbrock,cont,500,1.0,"PSO_RING(p=20,ring,w=0.72,c1=1.49,c2=1.49)",PSO_RING,0,30,0.0,0.03125,0.0014505741153609147,0.0914834368468141,6106.274144814557,4281.559368468696,1779.655484340094,19534.47967471616
"CONT::rosenbrock::d=10::b=(-10.0,10.0)::seed=479014578",rosenbrock,cont,500,1.0,"PSO_RING(p=40,ring,w=0.72,c1=1.49,c2=1.49)",PSO_RING,0,30,0.0,0.03125,0.0016718533337692276,0.08815739150250342,25552.456316957643,21512.88158421483,3880.8860350000837,73786.50617907887
"CONT::rosenbrock::d=10::b=(-10.0,10.0)::seed=479014578",rosenbrock,cont,500,1.0,"ES_ML(mu=10,lam=40,sigma=0.3)",ES_ML,0,30,0.0,0.03125,0.0016170838106210337,0.09836270583794635,62490.29922257328,55442.65305281049,4765.199006207692,139475.01235244545
"CONT::rosenbrock::d=10::b=(-10.0,10.0)::seed=479014578",rosenbrock,cont,500,1.0,"ES_ML(mu=20,lam=80,sigma=0.2)",ES_ML,0,30,0.0,0.03125,0.0012442961909784806,0.09383679747839671,317975.8179921105,319571.9753299018,52729.36811663502,702311.9622534657
"CONT::rastrigin::d=5::b=(-10.0,10.0)::seed=152558888",rastrigin,cont,500,0.1,RS_CONT,RS_CONT,0,30,0.0,0.03125,0.0014497726543688072,0.09229181341596598,55.716547217462185,57.35622603784961,31.861505832671416,76.98528559498553
"CONT::rastrigin::d=5::b=(-10.0,10.0)::seed=152558888",rastrigin,cont,500,0.1,HC_CONT(sigma=0.2),HC_CONT,0,30,0.0,0.03125,0.0020075619620042043,0.09314107557394802,150.28730465239315,145.12934841854886,29.324075692372865,343.78068658383245
"CONT::rastrigin::d=5::b=(-10.0,10.0)::seed=152558888",rastrigin,cont,500,0.1,"SA_CONT(sigma=0.3,T0=1.0,alpha=0.995)",SA_CONT,0,30,0.0,0.03125,0.0016879815398047435,0.09265599336709594,120.43038679347752,111.08291516405379,22.61805872865945,224.5054100822499
"CONT::rastrigin::d=5::b=(-10.0,10.0)::seed=152558888",rastrigin,cont,500,0.1,"DE(pop=20,F=0.8,CR=0.9)",DE,0,30,0.0,0.03125,0.0015840387738040736,0.09100980935247545,27.15818112198807,27.180058790043905,8.411284940351173,40.98403367725457
"CONT::rastrigin::d=5::b=(-10.0,10.0)::seed=152558888",rastrigin,cont,500,0.1,"DE(pop=40,F=0.8,CR=0.9)",DE,0,30,0.0,0.03125,0.0016966001687759313,0.09131536937356625,39.88636435676993,40.31748080997947,13.905166196815635,63.87260501489193
"CONT::rastrigin::d=5::b=(-10.0,10.0)::seed=152558888",rastrigin,cont,500,0.1,"PSO_STD(p=20,w=0.72,c1=1.49,c2=1.49)",PSO_STD,0,30,0.0,0.03125,0.0017318404714943654,0.08975852122701043,18.468593659042575,18.442661851754938,9.095058151347295,27.8669854237209
"CONT::rastrigin::d=5::b=(-10.0,10.0)::seed=152558888",rastrigin,cont,500,0.1,"PSO_STD(p=40,w=0.72,c1=1.49,c2=1.49)",PSO_STD,0,30,0.0,0.03125,0.001724797095929913,0.08767103133617181,21.615029136930122,21.291508043847468,10.594987453043139,30.490486752867703
"CONT::rastrigin::d=5::b=(-10.0,10.0)::seed=152558888",rastrigin,cont,500,0.1,"PSO_RING(p=20,ring,w=0.72,c1=1.49,c2=1.49)",PSO_RING,0,30,0.0,0.03125,0.00150356580912144,0.09126628313035973,18.498403494673035,18.297999620580192,4.2309081129958415,33.26785330087466
"CONT::rastrigin::d=5::b=(-10.0,10.0)::seed=152558888",rastrigin,cont,500,0.1,"PSO_RING(p=40,ring,w=0.72,c1=1.49,c2=1.49)",PSO_RING,0,30,0.0,0.03125,0.0013277674401395978,0.08776265284737896,28.68454956606906,29.095986846615318,14.792089118360188,42.95471310592293
"CONT::rastrigin::d=5::b=(-10.0,10.0)::seed=152558888",rastrigin,cont,500,0.1,"ES_ML(mu=10,lam=40,sigma=0.3)",ES_ML,0,30,0.0,0.03125,0.0017414769932817514,0.09406128915534315,48.75144878910872,48.4712465057557,16.149588837440945,96.57474312619858
"CONT::rastrigin::d=5::b=(-10.0,10.0)::seed=152558888",rastrigin,cont,500,0.1,"ES_ML(mu=20,lam=80,sigma=0.2)",ES_ML,0,30,0.0,0.03125,0.0014101171343874617,0.09093618152274437,58.57753785437839,54.93094906900453,20.70437260257434,106.2313337416775
"CONT::sphere::d=5::b=(-10.0,10.0)::seed=136931886",sphere,cont,500,0.01,RS_CONT,RS_CONT,0,30,0.0,0.03125,0.001533356976133796,0.09659639821231832,16.31054469559819,16.11572865013334,3.420658130831847,29.42863095354881
"CONT::sphere::d=5::b=(-10.0,10.0)::seed=136931886",sphere,cont,500,0.01,HC_CONT(sigma=0.2),HC_CONT,11,30,0.36666666666666664,0.375,0.24096609537204405,0.5122515437772852,0.013931388762435694,0.013427839562331064,0.002192892905787528,0.028200308509184323
"CONT::sphere::d=5::b=(-10.0,10.0)::seed=136931886",sphere,cont,500,0.01,"SA_CONT(sigma=0.3,T0=1.0,alpha=0.995)",SA_CONT,1,30,0.03333333333333333,0.0625,0.010956540183243837,0.1472184372468509,0.05227407415038357,0.05203214296068692,0.008799121358230744,0.08889902998784042
"CONT::sphere::d=5::b=(-10.0,10.0)::seed=136931886",sphere,cont,500,0.01,"DE(pop=20,F=0.8,CR=0.9)",DE,0,30,0.0,0.03125,0.0016694990592705237,0.0877816411526653,3.2624569040187823,2.6260778384637398,0.31999328669879046,12.539718553623546
"CONT::sphere::d=5::b=(-10.0,10.0)::seed=136931886",sphere,cont,500,0.01,"DE(pop=40,F=0.8,CR=0.9)",DE,0,30,0.0,0.03125,0.0012972859511279635,0.09319510563575871,8.884761235707005,7.833784282244901,2.9602923471346285,17.738214049972022
"CONT::sphere::d=5::b=(-10.0,10.0)::seed=136931886",sphere,cont,500,0.01,"PSO_STD(p=20,w=0.72,c1=1.49,c2=1.49)",PSO_STD,0,30,0.0,0.03125,0.0015573088840007908,0.09019535469365698,0.1339413206206061,0.09467075496322613,0.010711779117143216,0.5225810705280283
"CONT::sphere::d=5::b=(-10.0,10.0)::seed=136931886",sphere,cont,500,0.01,"PSO_STD(p=40,w=0.72,c1=1.49,c2=1.49)",PSO_STD,0,30,0.0,0.03125,0.0017814243370219377,0.09156401950155342,0.7077795148509352,0.5675323699694943,0.12173396478859615,2.0491552076932256
"CONT::sphere::d=5::b=(-10.0,10.0)::seed=136931886",sphere,cont,500,0.01,"PSO_RING(p=20,ring,w=0.72,c1=1.49,c2=1.49)",PSO_RING,0,30,0.0,0.03125,0.0015675241813475553,0.09343762163638236,0.7037327200410591,0.5286982177891529,0.11047507233780755,2.450399267541401
"CONT::sphere::d=5::b=(-10.0,10.0)::seed=136931886",sphere,cont,500,0.01,"PSO_RING(p=40,ring,w=0.72,c1=1.49,c2=1.49)",PSO_RING,0,30,0.0,0.03125,0.0016455938151931878,0.09276072873110938,2.3319709806349205,2.1015944167276897,0.13230846085964323,7.937358598709183
"CONT::sphere::d=5::b=(-10.0,10.0)::seed=136931886",sphere,cont,500,0.01,"ES_ML(mu=10,lam=40,sigma=0.3)",ES_ML,0,30,0.0,0.03125,0.001536453975650694,0.09372059496576675,7.864905910229799,5.2765555875812336,0.2464505749412913,32.201970731894214
"CONT::sphere::d=5::b=(-10.0,10.0)::seed=136931886",sphere,cont,500,0.01,"ES_ML(mu=20,lam=80,sigma=0.2)",ES_ML,0,30,0.0,0.03125,0.0019893923183256007,0.09298183920673865,35.217888809671464,37.45169526042781,4.561265105870095,70.49628221818314
"CONT::rastrigin::d=10::b=(-30.0,30.0)::seed=78751912",rastrigin,cont,500,0.1,RS_CONT,RS_CONT,0,30,0.0,0.03125,0.001599394744237627,0.09259495579323812,939.4872631325834,919.7620316147984,496.31142775858046,1234.2036190895356
"CONT::rastrigin::d=10::b=(-30.0,30.0)::seed=78751912",rastrigin,cont,500,0.1,HC_CONT(sigma=0.2),HC_CONT,0,30,0.0,0.03125,0.0017752285810729233,0.08770666654689986,1718.1478212854352,1659.5001656666172,783.1986066267309,3150.688537370274
"CONT::rastrigin::d=10::b=(-30.0,30.0)::seed=78751912",rastrigin,cont,500,0.1,"SA_CONT(sigma=0.3,T0=1.0,alpha=0.995)",SA_CONT,0,30,0.0,0.03125,0.0016182311146912519,0.09199536245721222,950.9324980479228,933.2692004284586,449.3971242955312,1694.1654476397346
"CONT::rastrigin::d=10::b=(-30.0,30.0)::seed=78751912",rastrigin,cont,500,0.1,"DE(pop=20,F=0.8,CR=0.9)",DE,0,30,0.0,0.03125,0.0012473503805429413,0.08957703254589702,546.1220619858309,523.9270356602726,280.39034764018265,964.2298786529478
"CONT::rastrigin::d=10::b=(-30.0,30.0)::seed=78751912",rastrigin,cont,500,0.1,"DE(pop=40,F=0.8,CR=0.9)",DE,0,30,0.0,0.03125,0.0013664338935909473,0.09259361194172788,913.962719996991,913.6680699735184,393.50831285853235,1335.325741911213
"CONT::rastrigin::d=10::b=(-30.0,30.0)::seed=78751912",rastrigin,cont,500,0.1,"PSO_STD(p=20,w=0.72,c1=1.49,c2=1.49)",PSO_STD,0,30,0.0,0.03125,0.0013556873551285114,0.09244953686742041,114.42496158092182,113.11090592904827,62.60916521119768,181.21140438666907
"CONT::rastrigin::d=10::b=(-30.0,30.0)::seed=78751912",rastrigin,cont,500,0.1,"PSO_STD(p=40,w=0.72,c1=1.49,c2=1.49)",PSO_STD,0,30,0.0,0.03125,0.0019143180185102408,0.09162621179035807,188.8437587220105,175.24674842801537,105.66335779943584,302.6612351031475
"CONT::rastrigin::d=10::b=(-30.0,30.0)::seed=78751912",rastrigin,cont,500,0.1,"PSO_RING(p=20,ring,w=0.72,c1=1.49,c2=1.49)",PSO_RING,0,30,0.0,0.03125,0.0014741125802273352,0.09041598805387213,224.12733401093072,215.80693342785955,128.28386972968266,367.94140750056624
"CONT::rastrigin::d=10::b=(-30.0,30.0)::seed=78751912",rastrigin,cont,500,0.1,"PSO_RING(p=40,ring,w=0.72,c1=1.49,c2=1.49)",PSO_RING,0,30,0.0,0.03125,0.0015966176410662754,0.09115069023030309,386.0407757693786,388.05540797535957,207.98817672765674,674.7547094772334
"CONT::rastrigin::d=10::b=(-30.0,30.0)::seed=78751912",rastrigin,cont,500,0.1,"ES_ML(mu=10,lam=40,sigma=0.3)",ES_ML,0,30,0.0,0.03125,0.0016729921767947265,0.0899278413740831,1374.7007864598127,1394.5674334391902,431.41495256993795,2023.733467160375
"CONT::rastrigin::d=10::b=(-30.0,30.0)::seed=78751912",rastrigin,cont,500,0.1,"ES_ML(mu=20,lam=80,sigma=0.2)",ES_ML,0,30,0.0,0.03125,0.0015152630634721127,0.09215470492110149,1499.1013090107867,1510.7488431566846,730.2906770489857,2007.8852672131338
"CONT::sphere::d=10::b=(-30.0,30.0)::seed=289313899",sphere,cont,500,0.01,RS_CONT,RS_CONT,0,30,0.0,0.03125,0.001993846375535288,0.09313359465675364,795.7693967318257,794.607984099599,357.55425088321107,1113.6923389668184
"CONT::sphere::d=10::b=(-30.0,30.0)::seed=289313899",sphere,cont,500,0.01,HC_CONT(sigma=0.2),HC_CONT,0,30,0.0,0.03125,0.0015978259156792071,0.09070541473033164,270.057342912018,196.05442122601266,0.5350710159822185,994.9079349009078
"CONT::sphere::d=10::b=(-30.0,30.0)::seed=289313899",sphere,cont,500,0.01,"SA_CONT(sigma=0.3,T0=1.0,alpha=0.995)",SA_CONT,0,30,0.0,0.03125,0.0015342718767437711,0.08974596709618748,19.59319110954647,2.909983167369223,0.3014291861024122,220.6165313471165
"CONT::sphere::d=10::b=(-30.0,30.0)::seed=289313899",sphere,cont,500,0.01,"DE(pop=20,F=0.8,CR=0.9)",DE,0,30,0.0,0.03125,0.0014392026142268674,0.0899952865374038,431.95136527980645,425.2569926808701,120.73960961222905,718.4503443079553
"CONT::sphere::d=10::b=(-30.0,30.0)::seed=289313899",sphere,cont,500,0.01,"DE(pop=40,F=0.8,CR=0.9)",DE,0,30,0.0,0.03125,0.0014922730385642394,0.08787465005022561,788.7897947922885,786.1325105179675,377.1107500506355,1122.5863659703778
"CONT::sphere::d=10::b=(-30.0,30.0)::seed=289313899",sphere,cont,500,0.01,"PSO_STD(p=20,w=0.72,c1=1.49,c2=1.49)",PSO_STD,0,30,0.0,0.03125,0.0015511586670755018,0.08591428305572607,31.498855313874618,29.69373681400031,10.050321544133755,76.38983935059264
"CONT::sphere::d=10::b=(-30.0,30.0)::seed=289313899",sphere,cont,500,0.01,"PSO_STD(p=40,w=0.72,c1=1.49,c2=1.49)",PSO_STD,0,30,0.0,0.03125,0.0015225920323381041,0.08941499614520784,83.14870988212215,77.11788621203,17.645079915661295,179.55173995507218
"CONT::sphere::d=10::b=(-30.0,30.0)::seed=289313899",sphere,cont,500,0.01,"PSO_RING(p=20,ring,w=0.72,c1=1.49,c2=1.49)",PSO_RING,0,30,0.0,0.03125,0.0015360919064116457,0.08953736068124114,133.3724495031286,130.02444048608294,49.78578466941613,240.63876840783
"CONT::sphere::d=10::b=(-30.0,30.0)::seed=289313899",sphere,cont,500,0.01,"PSO_RING(p=40,ring,w=0.72,c1=1.49,c2=1.49)",PSO_RING,0,30,0.0,0.03125,0.0015885065677652853,0.09298008684072599,317.18783375099054,284.2332616383719,63.25661225831021,585.5618147928355
"CONT::sphere::d=10::b=(-30.0,30.0)::seed=289313899",sphere,cont,500,0.01,"ES_ML(mu=10,lam=40,sigma=0.3)",ES_ML,0,30,0.0,0.03125,0.0013549028619549747,0.09144982742194827,1342.7260209654612,1303.3290544954148,797.0695059376397,2165.652349783024
"CONT::sphere::d=10::b=(-30.0,30.0)::seed=289313899",sphere,cont,500,0.01,"ES_ML(mu=20,lam=80,sigma=0.2)",ES_ML,0,30,0.0,0.03125,0.0018485722193772192,0.09118209926865349,1432.7971473572695,1417.1009793026972,709.3343536108757,2183.0563576224517
"CONT::rastrigin::d=5::b=(-10.0,10.0)::seed=291129061",rastrigin,cont,500,0.1,RS_CONT,RS_CONT,0,30,0.0,0.03125,0.001385894541342651,0.09041197240293142,48.4192306778673,47.350196289433654,18.44625542775903,70.02059182684764
"CONT::rastrigin::d=5::b=(-10.0,10.0)::seed=291129061",rastrigin,cont,500,0.1,HC_CONT(sigma=0.2),HC_CONT,0,30,0.0,0.03125,0.001866865210708768,0.09650547281028077,158.6955000326286,154.48878820296494,53.480466339945444,275.8007580833075
"CONT::rastrigin::d=5::b=(-10.0,10.0)::seed=291129061",rastrigin,cont,500,0.1,"SA_CONT(sigma=0.3,T0=1.0,alpha=0.995)",SA_CONT,0,30,0.0,0.03125,0.0016700846299075858,0.09749867321394531,125.03706183843119,121.03422368206537,25.715709953716797,231.7523738233306
"CONT::rastrigin::d=5::b=(-10.0,10.0)::seed=291129061",rastrigin,cont,500,0.1,"DE(pop=20,F=0.8,CR=0.9)",DE,0,30,0.0,0.03125,0.0013065465818433639,0.09231994381230045,31.20452267281017,30.86160913106061,14.984192187181776,45.380514976981004
"CONT::rastrigin::d=5::b=(-10.0,10.0)::seed=291129061",rastrigin,cont,500,0.1,"DE(pop=40,F=0.8,CR=0.9)",DE,0,30,0.0,0.03125,0.0016446171363196525,0.08904842507370335,43.73074888836177,45.689770965928446,23.047053033661815,62.289694846455205
"CONT::rastrigin::d=5::b=(-10.0,10.0)::seed=291129061",rastrigin,cont,500,0.1,"PSO_STD(p=20,w=0.72,c1=1.49,c2=1.49)",PSO_STD,0,30,0.0,0.03125,0.0016598786374016961,0.09011274129691665,15.74372649892764,15.351843400463963,4.642056964653982,29.90539122031747
"CONT::rastrigin::d=5::b=(-10.0,10.0)::seed=291129061",rastrigin,cont,500,0.1,"PSO_STD(p=40,w=0.72,c1=1.49,c2=1.49)",PSO_STD,0,30,0.0,0.03125,0.0012860482129222097,0.08637652742381378,23.89187647945757,23.142751496124177,11.288456912139438,39.5655702276175
"CONT::rastrigin::d=5::b=(-10.0,10.0)::seed=291129061",rastrigin,cont,500,0.1,"PSO_RING(p=20,ring,w=0.72,c1=1.49,c2=1.49)",PSO_RING,0,30,0.0,0.03125,0.0015644607256394213,0.09382966364339339,21.668478739698273,20.257618162026944,11.895036106984335,34.00728845256328
"CONT::rastrigin::d=5::b=(-10.0,10.0)::seed=291129061",rastrigin,cont,500,0.1,"PSO_RING(p=40,ring,w=0.72,c1=1.49,c2=1.49)",PSO_RING,0,30,0.0,0.03125,0.0015632193679639302,0.08926238530286205,27.201946451358403,28.32527503084197,10.473100364902429,46.98467366737076
"CONT::rastrigin::d=5::b=(-10.0,10.0)::seed=291129061",rastrigin,cont,500,0.1,"ES_ML(mu=10,lam=40,sigma=0.3)",ES_ML,0,30,0.0,0.03125,0.0016469201197225776,0.09126979886880626,45.354523213799105,44.9147343268266,19.353589961336873,70.7295744946535
"CONT::rastrigin::d=5::b=(-10.0,10.0)::seed=291129061",rastrigin,cont,500,0.1,"ES_ML(mu=20,lam=80,sigma=0.2)",ES_ML,0,30,0.0,0.03125,0.0017760537346385066,0.09156697982144951,61.47806522747613,63.77619252051345,24.785120434497408,98.65569192235519
"CONT::levy::d=10::b=(-30.0,30.0)::seed=110941964",levy,cont,500,1.0,RS_CONT,RS_CONT,0,30,0.0,0.03125,0.0015249731153204429,0.08665818942447455,199.36790723106844,206.9826786357974,69.15518010966171,270.9235629468796
"CONT::levy::d=10::b=(-30.0,30.0)::seed=110941964",levy,cont,500,1.0,HC_CONT(sigma=0.2),HC_CONT,0,30,0.0,0.03125,0.0019593988684541725,0.09208411864971901,194.96147760843203,202.2188288703373,55.0425208727542,311.2203339048736
"CONT::levy::d=10::b=(-30.0,30.0)::seed=110941964",levy,cont,500,1.0,"SA_CONT(sigma=0.3,T0=1.0,alpha=0.995)",SA_CONT,0,30,0.0,0.03125,0.001493317446230542,0.0958175614112784,226.34538693665263,219.14437763111124,100.13430007993634,409.40054983419594
"CONT::levy::d=10::b=(-30.0,30.0)::seed=110941964",levy,cont,500,1.0,"DE(pop=20,F=0.8,CR=0.9)",DE,0,30,0.0,0.03125,0.0018908837967516602,0.09549833881889362,160.82344759109128,160.1185478199414,55.808764233987645,338.44859914009635
"CONT::levy::d=10::b=(-30.0,30.0)::seed=110941964",levy,cont,500,1.0,"DE(pop=40,F=0.8,CR=0.9)",DE,0,30,0.0,0.03125,0.0012846446159782902,0.08853276167604825,218.97011323753483,219.5865640289313,102.44142822232475,375.038076734263
"CONT::levy::d=10::b=(-30.0,30.0)::seed=110941964",levy,cont,500,1.0,"PSO_STD(p=20,w=0.72,c1=1.49,c2=1.49)",PSO_STD,0,30,0.0,0.03125,0.0016079056641056572,0.09050654222175969,24.146092594938814,23.882544148839337,5.9664592920519945,72.47076950354196
"CONT::levy::d=10::b=(-30.0,30.0)::seed=110941964",levy,cont,500,1.0,"PSO_STD(p=40,w=0.72,c1=1.49,c2=1.49)",PSO_STD,0,30,0.0,0.03125,0.00181498209263087,0.08802158488553719,41.92500290363172,44.78399294872837,3.079922166368577,110.2135097914477
"CONT::levy::d=10::b=(-30.0,30.0)::seed=110941964",levy,cont,500,1.0,"PSO_RING(p=20,ring,w=0.72,c1=1.49,c2=1.49)",PSO_RING,0,30,0.0,0.03125,0.0018131142764506625,0.09614382780506525,66.42318094015654,54.98736574618512,22.67977101887246,131.2198571559028
"CONT::levy::d=10::b=(-30.0,30.0)::seed=110941964",levy,cont,500,1.0,"PSO_RING(p=40,ring,w=0.72,c1=1.49,c2=1.49)",PSO_RING,0,30,0.0,0.03125,0.0015518411975215338,0.096910834833166,105.5232252481085,108.97897902717843,49.31237867752825,197.2912038904199
"CONT::levy::d=10::b=(-30.0,30.0)::seed=110941964",levy,cont,500,1.0,"ES_ML(mu=10,lam=40,sigma=0.3)",ES_ML,0,30,0.0,0.03125,0.0016960274900917056,0.0897659232658424,137.5602780547706,136.35101544661455,67.59277014953567,211.72031095051958
"CONT::levy::d=10::b=(-30.0,30.0)::seed=110941964",levy,cont,500,1.0,"ES_ML(mu=20,lam=80,sigma=0.2)",ES_ML,0,30,0.0,0.03125,0.0020442780326348055,0.09529216708729836,172.69000617921841,179.982371089628,97.53046273033507,251.96516742483647
"CONT::ackley::d=20::b=(-5.0,5.0)::seed=217700588",ackley,cont,500,0.1,RS_CONT,RS_CONT,0,30,0.0,0.03125,0.0016964271751139116,0.08918079842640539,7.982930241327291,8.029906018284304,7.050339147137597,8.420272896857803
"CONT::ackley::d=20::b=(-5.0,5.0)::seed=217700588",ackley,cont,500,0.1,HC_CONT(sigma=0.2),HC_CONT,0,30,0.0,0.03125,0.0016393238410289859,0.09073489489007665,8.184873244183844,8.32986127606302,5.323560304578873,9.393161031301744
"CONT::ackley::d=20::b=(-5.0,5.0)::seed=217700588",ackley,cont,500,0.1,"SA_CONT(sigma=0.3,T0=1.0,alpha=0.995)",SA_CONT,0,30,0.0,0.03125,0.0014951075199779718,0.09301777190302044,5.615445819150519,5.752220584122364,3.398804284400413,7.843567205737459
"CONT::ackley::d=20::b=(-5.0,5.0)::seed=217700588",ackley,cont,500,0.1,"DE(pop=20,F=0.8,CR=0.9)",DE,0,30,0.0,0.03125,0.001757784170148416,0.09435433627936607,7.325997123716625,7.517788358432358,5.328594488097867,8.224669647812467
"CONT::ackley::d=20::b=(-5.0,5.0)::seed=217700588",ackley,cont,500,0.1,"DE(pop=40,F=0.8,CR=0.9)",DE,0,30,0.0,0.03125,0.001780665140412652,0.0804731835981066,8.394761923945186,8.564776405471736,7.081306683607595,8.947512149281303
"CONT::ackley::d=20::b=(-5.0,5.0)::seed=217700588",ackley,cont,500,0.1,"PSO_STD(p=20,w=0.72,c1=1.49,c2=1.49)",PSO_STD,0,30,0.0,0.03125,0.001765936704142891,0.09365885336226183,4.775598153857526,4.737591472321384,3.8019569841698737,6.6689581301350565
"CONT::ackley::d=20::b=(-5.0,5.0)::seed=217700588",ackley,cont,500,0.1,"PSO_STD(p=40,w=0.72,c1=1.49,c2=1.49)",PSO_STD,0,30,0.0,0.03125,0.0016901914424942062,0.0921164281316575,5.384829007049917,5.369957471829549,4.223657635034794,6.500516460101235
"CONT::ackley::d=20::b=(-5.0,5.0)::seed=217700588",ackley,cont,500,0.1,"PSO_RING(p=20,ring,w=0.72,c1=1.49,c2=1.49)",PSO_RING,0,30,0.0,0.03125,0.0015668145711254466,0.08955653870722428,6.013357403032974,5.983119395543168,4.486917997665056,7.186995048828637
"CONT::ackley::d=20::b=(-5.0,5.0)::seed=217700588",ackley,cont,500,0.1,"PSO_RING(p=40,ring,w=0.72,c1=1.49,c2=1.49)",PSO_RING,0,30,0.0,0.03125,0.0018088807220648217,0.08917695024777511,6.7740315177326496,6.820269626208555,5.164425342576319,7.493595035225059
"CONT::ackley::d=20::b=(-5.0,5.0)::seed=217700588",ackley,cont,500,0.1,"ES_ML(mu=10,lam=40,sigma=0.3)",ES_ML,0,30,0.0,0.03125,0.0020516393212491523,0.09305556906777233,6.72557738569718,6.77202418537738,4.877957152093636,7.438944492210613
"CONT::ackley::d=20::b=(-5.0,5.0)::seed=217700588",ackley,cont,500,0.1,"ES_ML(mu=20,lam=80,sigma=0.2)",ES_ML,0,30,0.0,0.03125,0.0016256577486615468,0.09301446451004657,7.896305973147761,7.873178501923994,7.204476451449306,8.723622228221075
"CONT::rosenbrock::d=20::b=(-5.0,5.0)::seed=173689239",rosenbrock,cont,500,1.0,RS_CONT,RS_CONT,0,30,0.0,0.03125,0.0014962033566416682,0.09124576376763223,58748.85090766086,58082.56859687297,22148.848826426787,85593.56372292145
"CONT::rosenbrock::d=20::b=(-5.0,5.0)::seed=173689239",rosenbrock,cont,500,1.0,HC_CONT(sigma=0.2),HC_CONT,0,30,0.0,0.03125,0.0017724430371745335,0.09002990615400655,191.1409380795719,144.32202455660743,71.05368558430911,521.8131267031017
"CONT::rosenbrock::d=20::b=(-5.0,5.0)::seed=173689239",rosenbrock,cont,500,1.0,"SA_CONT(sigma=0.3,T0=1.0,alpha=0.995)",SA_CONT,0,30,0.0,0.03125,0.0017739674853951355,0.09576519636114156,282.5067449300362,264.09055391966535,96.99169016866445,633.0025088131083
"CONT::rosenbrock::d=20::b=(-5.0,5.0)::seed=173689239",rosenbrock,cont,500,1.0,"DE(pop=20,F=0.8,CR=0.9)",DE,0,30,0.0,0.03125,0.0019510127238531248,0.0931649996311123,51937.23646736038,51900.29449423791,13293.722599765748,89630.25215406882
"CONT::rosenbrock::d=20::b=(-5.0,5.0)::seed=173689239",rosenbrock,cont,500,1.0,"DE(pop=40,F=0.8,CR=0.9)",DE,0,30,0.0,0.03125,0.0018645534414777694,0.08474644810431423,82659.56203858032,81877.90200548814,41992.567366893854,129267.6649762338
"CONT::rosenbrock::d=20::b=(-5.0,5.0)::seed=173689239",rosenbrock,cont,500,1.0,"PSO_STD(p=20,w=0.72,c1=1.49,c2=1.49)",PSO_STD,0,30,0.0,0.03125,0.0016214164535847933,0.08998845593545407,4079.462419748754,3868.8031674727945,1053.964630916807,9649.247443875844
"CONT::rosenbrock::d=20::b=(-5.0,5.0)::seed=173689239",rosenbrock,cont,500,1.0,"PSO_STD(p=40,w=0.72,c1=1.49,c2=1.49)",PSO_STD,0,30,0.0,0.03125,0.001428278986127691,0.09013986313887777,7910.780042169859,6368.707182749969,3987.2004865274753,20585.411419032498
"CONT::rosenbrock::d=20::b=(-5.0,5.0)::seed=173689239",rosenbrock,cont,500,1.0,"PSO_RING(p=20,ring,w=0.72,c1=1.49,c2=1.49)",PSO_RING,0,30,0.0,0.03125,0.0019019038289273705,0.09441891117382578,12778.16979355146,12477.693086922678,4704.47916197857,24530.838748256516
"CONT::rosenbrock::d=20::b=(-5.0,5.0)::seed=173689239",rosenbrock,cont,500,1.0,"PSO_RING(p=40,ring,w=0.72,c1=1.49,c2=1.49)",PSO_RING,0,30,0.0,0.03125,0.001715000176500749,0.09306380801783669,27241.811867118984,27489.98140491465,11678.436287525781,47123.718637001686
"CONT::rosenbrock::d=20::b=(-5.0,5.0)::seed=173689239",rosenbrock,cont,500,1.0,"ES_ML(mu=10,lam=40,sigma=0.3)",ES_ML,0,30,0.0,0.03125,0.00195073533906277,0.09580259657366895,16788.787123065722,15295.671583336069,7697.733372789019,38198.307109782254
"CONT::rosenbrock::d=20::b=(-5.0,5.0)::seed=173689239",rosenbrock,cont,500,1.0,"ES_ML(mu=20,lam=80,sigma=0.2)",ES_ML,0,30,0.0,0.03125,0.0015516273414783695,0.09158275208793912,59765.399719553956,58202.21531500606,28341.63772230827,97037.21232533776
"CONT::ackley::d=10::b=(-30.0,30.0)::seed=3303920",ackley,cont,500,0.1,RS_CONT,RS_CONT,0,30,0.0,0.03125,0.0016386712842419062,0.09303753708555856,18.306123124321626,18.350222925590074,16.228437170713583,19.64280667403471
"CONT::ackley::d=10::b=(-30.0,30.0)::seed=3303920",ackley,cont,500,0.1,HC_CONT(sigma=0.2),HC_CONT,0,30,0.0,0.03125,0.001373012614461662,0.0939363174374943,19.584769208434338,19.661463586830173,18.386216970103916,20.134558572946176
"CONT::ackley::d=10::b=(-30.0,30.0)::seed=3303920",ackley,cont,500,0.1,"SA_CONT(sigma=0.3,T0=1.0,alpha=0.995)",SA_CONT,0,30,0.0,0.03125,0.0016581212545695326,0.09483908045059017,19.827065050033454,20.011480717574194,18.414379843347966,20.431819440815108
"CONT::ackley::d=10::b=(-30.0,30.0)::seed=3303920",ackley,cont,500,0.1,"DE(pop=20,F=0.8,CR=0.9)",DE,0,30,0.0,0.03125,0.0015337607546416206,0.09390613053388172,17.92951664455886,18.32749410101477,14.23539480420178,19.726344137422448
"CONT::ackley::d=10::b=(-30.0,30.0)::seed=3303920",ackley,cont,500,0.1,"DE(pop=40,F=0.8,CR=0.9)",DE,0,30,0.0,0.03125,0.0019559422489296165,0.09261112915203576,18.908599109373867,19.059000261879547,16.385837997203478,19.81803265548509
"CONT::ackley::d=10::b=(-30.0,30.0)::seed=3303920",ackley,cont,500,0.1,"PSO_STD(p=20,w=0.72,c1=1.49,c2=1.49)",PSO_STD,0,30,0.0,0.03125,0.001650193159748358,0.09464637155876504,7.711346721044737,7.551234193520202,5.4783710090740065,11.15108608066884
"CONT::ackley::d=10::b=(-30.0,30.0)::seed=3303920",ackley,cont,500,0.1,"PSO_STD(p=40,w=0.72,c1=1.49,c2=1.49)",PSO_STD,0,30,0.0,0.03125,0.0019159622014869465,0.09078518875586693,9.950028726810906,9.839720717748584,7.9212820708675,12.489530646391865
"CONT::ackley::d=10::b=(-30.0,30.0)::seed=3303920",ackley,cont,500,0.1,"PSO_RING(p=20,ring,w=0.72,c1=1.49,c2=1.49)",PSO_RING,0,30,0.0,0.03125,0.0014082495322162362,0.09689577739442677,12.750108544742796,12.963577188798173,10.43516463687178,15.470509431874532
"CONT::ackley::d=10::b=(-30.0,30.0)::seed=3303920",ackley,cont,500,0.1,"PSO_RING(p=40,ring,w=0.72,c1=1.49,c2=1.49)",PSO_RING,0,30,0.0,0.03125,0.0014987255095408637,0.09427237010142364,15.473246362508764,15.157053132290113,13.557895050415127,17.73833060173454
"CONT::ackley::d=10::b=(-30.0,30.0)::seed=3303920",ackley,cont,500,0.1,"ES_ML(mu=10,lam=40,sigma=0.3)",ES_ML,0,30,0.0,0.03125,0.0016500746676200281,0.0980073226817708,19.07127302343349,19.288185854648702,17.319486085021175,19.831596427470792
"CONT::ackley::d=10::b=(-30.0,30.0)::seed=3303920",ackley,cont,500,0.1,"ES_ML(mu=20,lam=80,sigma=0.2)",ES_ML,0,30,0.0,0.03125,0.0018963158887129485,0.09357124577038388,18.96357592417906,19.148553343328597,16.7344382551286,19.856049825859014
"CONT::griewank::d=20::b=(-30.0,30.0)::seed=40739956",griewank,cont,500,0.1,RS_CONT,RS_CONT,0,30,0.0,0.03125,0.0013794044308364734,0.09071807137491136,1.674873834190894,1.6806575298736692,1.45768569767719,1.8183622150967493
"CONT::griewank::d=20::b=(-30.0,30.0)::seed=40739956",griewank,cont,500,0.1,HC_CONT(sigma=0.2),HC_CONT,0,30,0.0,0.03125,0.0015931245669917862,0.09276730649583877,1.381414075935667,1.4149217429960492,0.8170194323784793,1.7179723027493692
"CONT::griewank::d=20::b=(-30.0,30.0)::seed=40739956",griewank,cont,500,0.1,"SA_CONT(sigma=0.3,T0=1.0,alpha=0.995)",SA_CONT,0,30,0.0,0.03125,0.0016491817421652338,0.09627568001412415,2.1967744412145884,2.1730942634722368,1.745508014947629,2.8019304512295666
"CONT::griewank::d=20::b=(-30.0,30.0)::seed=40739956",griewank,cont,500,0.1,"DE(pop=20,F=0.8,CR=0.9)",DE,0,30,0.0,0.03125,0.001489386771619778,0.09359235000719388,1.5619731238440757,1.5521566138552023,1.3476281112250603,1.8147426671691353
"CONT::griewank::d=20::b=(-30.0,30.0)::seed=40739956",griewank,cont,500,0.1,"DE(pop=40,F=0.8,CR=0.9)",DE,0,30,0.0,0.03125,0.0016777469765218709,0.09051879740233935,1.7798955413824171,1.8110050599199006,1.4135798470803593,1.9849499678591522
"CONT::griewank::d=20::b=(-30.0,30.0)::seed=40739956",griewank,cont,500,0.1,"PSO_STD(p=20,w=0.72,c1=1.49,c2=1.49)",PSO_STD,0,30,0.0,0.03125,0.0018159779049075969,0.09325284461282664,1.1113543879536734,1.1095497315644478,1.0432650571990412,1.213159456656963
"CONT::griewank::d=20::b=(-30.0,30.0)::seed=40739956",griewank,cont,500,0.1,"PSO_STD(p=40,w=0.72,c1=1.49,c2=1.49)",PSO_STD,0,30,0.0,0.03125,0.0015753122771031353,0.09359131675015646,1.1860436821186497,1.1715563452919804,1.08330106340599,1.3059039776375987
"CONT::griewank::d=20::b=(-30.0,30.0)::seed=40739956",griewank,cont,500,0.1,"PSO_RING(p=20,ring,w=0.72,c1=1.49,c2=1.49)",PSO_RING,0,30,0.0,0.03125,0.0019359141299222337,0.09025850496637734,1.2717509144389254,1.269910324941067,1.1380054640922097,1.4166704871755196
"CONT::griewank::d=20::b=(-30.0,30.0)::seed=40739956",griewank,cont,500,0.1,"PSO_RING(p=40,ring,w=0.72,c1=1.49,c2=1.49)",PSO_RING,0,30,0.0,0.03125,0.0019513477702636061,0.09505603047204012,1.3956089082257914,1.4130127922804439,1.2373430591953758,1.5520452411168826
"CONT::griewank::d=20::b=(-30.0,30.0)::seed=40739956",griewank,cont,500,0.1,"ES_ML(mu=10,lam=40,sigma=0.3)",ES_ML,0,30,0.0,0.03125,0.0017166511375253154,0.08825548463371112,1.8361857467430467,1.8006619058796152,1.5959404194255429,2.1383660516734295
"CONT::griewank::d=20::b=(-30.0,30.0)::seed=40739956",griewank,cont,500,0.1,"ES_ML(mu=20,lam=80,sigma=0.2)",ES_ML,0,30,0.0,0.03125,0.0014642145973610872,0.09483188428881062,1.9362545386308396,1.9220541524348722,1.7377291940899136,2.278979937015219
"CONT::sphere::d=10::b=(-30.0,30.0)::seed=844768476",sphere,cont,500,0.01,RS_CONT,RS_CONT,0,30,0.0,0.03125,0.0016941879918597495,0.09017707658550188,816.4166143443315,825.9012992939497,356.06413586758754,1183.885739372533
"CONT::sphere::d=10::b=(-30.0,30.0)::seed=844768476",sphere,cont,500,0.01,HC_CONT(sigma=0.2),HC_CONT,0,30,0.0,0.03125,0.001584610095738387,0.08998263156326604,401.3169478539842,342.0237264663623,35.9643784751056,1098.3137592964806
"CONT::sphere::d=10::b=(-30.0,30.0)::seed=844768476",sphere,cont,500,0.01,"SA_CONT(sigma=0.3,T0=1.0,alpha=0.995)",SA_CONT,0,30,0.0,0.03125,0.0018671880487257837,0.09230161129024333,40.671757372137925,9.227947823990817,0.24402900225694124,208.66982002877953
"CONT::sphere::d=10::b=(-30.0,30.0)::seed=844768476",sphere,cont,500,0.01,"DE(pop=20,F=0.8,CR=0.9)",DE,0,30,0.0,0.03125,0.001613392601814316,0.0906323589710208,403.5645911705494,409.43462788028376,191.28075425905791,718.654902757118
"CONT::sphere::d=10::b=(-30.0,30.0)::seed=844768476",sphere,cont,500,0.01,"DE(pop=40,F=0.8,CR=0.9)",DE,0,30,0.0,0.03125,0.0016055703300784084,0.09613256348890419,812.5091305929641,852.3004323176441,298.7942651912752,1230.3614814359364
"CONT::sphere::d=10::b=(-30.0,30.0)::seed=844768476",sphere,cont,500,0.01,"PSO_STD(p=20,w=0.72,c1=1.49,c2=1.49)",PSO_STD,0,30,0.0,0.03125,0.0015638643460107007,0.09872990531669133,37.74927788057039,36.33754031323282,7.122390691717191,94.65671935802993
"CONT::sphere::d=10::b=(-30.0,30.0)::seed=844768476",sphere,cont,500,0.01,"PSO_STD(p=40,w=0.72,c1=1.49,c2=1.49)",PSO_STD,0,30,0.0,0.03125,0.0018264221109550699,0.09165930502653637,76.43676519017204,66.41222739396198,19.492548688962682,180.92249933989834
"CONT::sphere::d=10::b=(-30.0,30.0)::seed=844768476",sphere,cont,500,0.01,"PSO_RING(p=20,ring,w=0.72,c1=1.49,c2=1.49)",PSO_RING,0,30,0.0,0.03125,0.0013286210052320608,0.09355028627857077,158.28561082550766,147.0755486622661,66.01538333649525,415.8942966117087
"CONT::sphere::d=10::b=(-30.0,30.0)::seed=844768476",sphere,cont,500,0.01,"PSO_RING(p=40,ring,w=0.72,c1=1.49,c2=1.49)",PSO_RING,0,30,0.0,0.03125,0.0017171683607777545,0.09093769900714752,308.41707565457307,321.24213727724907,80.44471091902363,494.07283880506856
"CONT::sphere::d=10::b=(-30.0,30.0)::seed=844768476",sphere,cont,500,0.01,"ES_ML(mu=10,lam=40,sigma=0.3)",ES_ML,0,30,0.0,0.03125,0.0015607864680262128,0.08927118138071855,1370.844800577979,1319.138759373813,711.408222962818,2012.1672820548442
"CONT::sphere::d=10::b=(-30.0,30.0)::seed=844768476",sphere,cont,500,0.01,"ES_ML(mu=20,lam=80,sigma=0.2)",ES_ML,0,30,0.0,0.03125,0.0014300782427137928,0.09048109698359595,1395.4469768214726,1423.3996663861462,595.449871385446,2097.305714268376
"CONT::sphere::d=10::b=(-5.0,5.0)::seed=570151775",sphere,cont,500,0.01,RS_CONT,RS_CONT,0,30,0.0,0.03125,0.001586476234375561,0.09388314995328986,22.80645372963022,23.172963870824162,13.624821862632384,30.965401373390893
"CONT::sphere::d=10::b=(-5.0,5.0)::seed=570151775",sphere,cont,500,0.01,HC_CONT(sigma=0.2),HC_CONT,0,30,0.0,0.03125,0.0018784139578494122,0.0958671018071482,0.10658828004361819,0.10057750081093221,0.045824394287164866,0.198607354384036
"CONT::sphere::d=10::b=(-5.0,5.0)::seed=570151775",sphere,cont,500,0.01,"SA_CONT(sigma=0.3,T0=1.0,alpha=0.995)",SA_CONT,0,30,0.0,0.03125,0.0015424921825237243,0.09256361044568813,0.35559889122001265,0.3466831148542001,0.16226577058699468,0.692477987465001
"CONT::sphere::d=10::b=(-5.0,5.0)::seed=570151775",sphere,cont,500,0.01,"DE(pop=20,F=0.8,CR=0.9)",DE,0,30,0.0,0.03125,0.0013439779693389365,0.09205608984301801,12.843930407585306,12.258174947868406,5.014142199179584,25.323312462042207
"CONT::sphere::d=10::b=(-5.0,5.0)::seed=570151775",sphere,cont,500,0.01,"DE(pop=40,F=0.8,CR=0.9)",DE,0,30,0.0,0.03125,0.0015252122335108875,0.088809835992105,23.169622490877167,23.308541080515568,8.691226151458372,33.36111427958717
"CONT::sphere::d=10::b=(-5.0,5.0)::seed=570151775",sphere,cont,500,0.01,"PSO_STD(p=20,w=0.72,c1=1.49,c2=1.49)",PSO_STD,0,30,0.0,0.03125,0.0017312919274028854,0.09265857159290225,0.9064087397078231,0.6689465078795287,0.2468982699833105,4.252893019713409
"CONT::sphere::d=10::b=(-5.0,5.0)::seed=570151775",sphere,cont,500,0.01,"PSO_STD(p=40,w=0.72,c1=1.49,c2=1.49)",PSO_STD,0,30,0.0,0.03125,0.0017173782668576608,0.09143935423205402,2.366259211742161,2.1670478956556796,0.7752518710642154,5.450112181831608
"CONT::sphere::d=10::b=(-5.0,5.0)::seed=570151775",sphere,cont,500,0.01,"PSO_RING(p=20,ring,w=0.72,c1=1.49,c2=1.49)",PSO_RING,0,30,0.0,0.03125,0.0014528404646888676,0.0939517218245773,3.164947455148441,3.1434486980842253,0.7490525460215431,6.31942612045142
"CONT::sphere::d=10::b=(-5.0,5.0)::seed=570151775",sphere,cont,500,0.01,"PSO_RING(p=40,ring,w=0.72,c1=1.49,c2=1.49)",PSO_RING,0,30,0.0,0.03125,0.001585842823739038,0.08338775809028107,7.364471374544283,7.209217067829475,3.5807233078017187,13.216627005881055
"CONT::sphere::d=10::b=(-5.0,5.0)::seed=570151775",sphere,cont,500,0.01,"ES_ML(mu=10,lam=40,sigma=0.3)",ES_ML,0,30,0.0,0.03125,0.0018131159955556164,0.0915422394200809,5.069623891823244,3.904870432337681,1.3869743899172096,11.612264529652938
"CONT::sphere::d=10::b=(-5.0,5.0)::seed=570151775",sphere,cont,500,0.01,"ES_ML(mu=20,lam=80,sigma=0.2)",ES_ML,0,30,0.0,0.03125,0.00204482494869032,0.0897854833818778,23.556824400202625,24.42681421948288,12.665298050286145,41.99013975454981
"CONT::griewank::d=5::b=(-10.0,10.0)::seed=788695143",griewank,cont,500,0.1,RS_CONT,RS_CONT,1,30,0.03333333333333333,0.0625,0.011491312339918524,0.14749965111028204,0.26154888472738236,0.2821821018828108,0.08448629848045242,0.39974404394577956
"CONT::griewank::d=5::b=(-10.0,10.0)::seed=788695143",griewank,cont,500,0.1,HC_CONT(sigma=0.2),HC_CONT,24,30,0.8,0.78125,0.6501238750522746,0.889929310690762,0.06559478313130888,0.04191372117294245,0.011283958762879687,0.20291503375915665
"CONT::griewank::d=5::b=(-10.0,10.0)::seed=788695143",griewank,cont,500,0.1,"SA_CONT(sigma=0.3,T0=1.0,alpha=0.995)",SA_CONT,4,30,0.13333333333333333,0.15625,0.06456433465241476,0.26891374716181554,0.22977510978498786,0.1801699477295321,0.032916224338232936,0.635202820496126
"CONT::griewank::d=5::b=(-10.0,10.0)::seed=788695143",griewank,cont,500,0.1,"DE(pop=20,F=0.8,CR=0.9)",DE,0,30,0.0,0.03125,0.0019993849657100066,0.08601311626987027,0.319799703889667,0.3198115684690044,0.1804779227509531,0.464682209092923
"CONT::griewank::d=5::b=(-10.0,10.0)::seed=788695143",griewank,cont,500,0.1,"DE(pop=40,F=0.8,CR=0.9)",DE,0,30,0.0,0.03125,0.0016232138894530055,0.09266253088593182,0.2923188670515371,0.28311536386388764,0.10792647276295064,0.4951341303779053
"CONT::griewank::d=5::b=(-10.0,10.0)::seed=788695143",griewank,cont,500,0.1,"PSO_STD(p=20,w=0.72,c1=1.49,c2=1.49)",PSO_STD,24,30,0.8,0.78125,0.6584600293806552,0.8917225368038334,0.07415731561479078,0.05823074352202556,0.024383340887413896,0.20157574079813723
"CONT::griewank::d=5::b=(-10.0,10.0)::seed=788695143",griewank,cont,500,0.1,"PSO_STD(p=40,w=0.72,c1=1.49,c2=1.49)",PSO_STD,8,30,0.26666666666666666,0.28125,0.16263971628636703,0.4151038667879272,0.19161778601795285,0.1661877123009491,0.04175026388991199,0.4474059146719034
"CONT::griewank::d=5::b=(-10.0,10.0)::seed=788695143",griewank,cont,500,0.1,"PSO_RING(p=20,ring,w=0.72,c1=1.49,c2=1.49)",PSO_RING,14,30,0.4666666666666667,0.46875,0.3305509296429804,0.6175974647258488,0.12106613465955147,0.1203160333816109,0.03126624231615116,0.3564229379710864
"CONT::griewank::d=5::b=(-10.0,10.0)::seed=788695143",griewank,cont,500,0.1,"PSO_RING(p=40,ring,w=0.72,c1=1.49,c2=1.49)",PSO_RING,4,30,0.13333333333333333,0.15625,0.06559265550454148,0.2683336935958819,0.1833838931248534,0.17156094079780382,0.04768883486017805,0.3725784291691503
"CONT::griewank::d=5::b=(-10.0,10.0)::seed=788695143",griewank,cont,500,0.1,"ES_ML(mu=10,lam=40,sigma=0.3)",ES_ML,27,30,0.9,0.875,0.7653881699564611,0.9537994228134031,0.0661042253646204,0.05052956410710385,0.01448775440309491,0.19298385418893982
"CONT::griewank::d=5::b=(-10.0,10.0)::seed=788695143",griewank,cont,500,0.1,"ES_ML(mu=20,lam=80,sigma=0.2)",ES_ML,12,30,0.4,0.40625,0.27055544404972603,0.546489346862367,0.150713358604555,0.12866854775821213,0.03970051992559376,0.4780236597616202
"CONT::levy::d=20::b=(-10.0,10.0)::seed=408936282",levy,cont,500,1.0,RS_CONT,RS_CONT,0,30,0.0,0.03125,0.0021295282854330074,0.09127230117218318,83.57755800036301,87.37322481889063,54.302175555928855,116.06938535114584
"CONT::levy::d=20::b=(-10.0,10.0)::seed=408936282",levy,cont,500,1.0,HC_CONT(sigma=0.2),HC_CONT,0,30,0.0,0.03125,0.0016212067499465058,0.08804961229478461,43.81873442272498,44.756733716113494,22.857112875249605,58.64448801327658
"CONT::levy::d=20::b=(-10.0,10.0)::seed=408936282",levy,cont,500,1.0,"SA_CONT(sigma=0.3,T0=1.0,alpha=0.995)",SA_CONT,0,30,0.0,0.03125,0.0015806627908967453,0.09869634340314631,49.96838909408641,50.73472716253244,19.343189819368174,71.24285307446655
"CONT::levy::d=20::b=(-10.0,10.0)::seed=408936282",levy,cont,500,1.0,"DE(pop=20,F=0.8,CR=0.9)",DE,0,30,0.0,0.03125,0.001743018683642311,0.093058407860773,105.9507915984207,106.28253329970639,36.34472744838911,167.0027972235603
"CONT::levy::d=20::b=(-10.0,10.0)::seed=408936282",levy,cont,500,1.0,"DE(pop=40,F=0.8,CR=0.9)",DE,0,30,0.0,0.03125,0.0017996130498446992,0.09046721848516856,112.05396948776014,114.93387360573237,63.25609740386729,167.27465779899305
"CONT::levy::d=20::b=(-10.0,10.0)::seed=408936282",levy,cont,500,1.0,"PSO_STD(p=20,w=0.72,c1=1.49,c2=1.49)",PSO_STD,0,30,0.0,0.03125,0.0018751338100904933,0.09396774234937352,28.421868730423604,26.46522311663584,9.162371311813356,60.653846274955704
"CONT::levy::d=20::b=(-10.0,10.0)::seed=408936282",levy,cont,500,1.0,"PSO_STD(p=40,w=0.72,c1=1.49,c2=1.49)",PSO_STD,0,30,0.0,0.03125,0.0013338709956154627,0.09297969613799904,35.59683088730305,33.173515390486216,15.41203217612386,64.1032906190344
"CONT::levy::d=20::b=(-10.0,10.0)::seed=408936282",levy,cont,500,1.0,"PSO_RING(p=20,ring,w=0.72,c1=1.49,c2=1.49)",PSO_RING,0,30,0.0,0.03125,0.0016411533914607477,0.09618707496285646,44.40863534306418,45.07789569766739,24.97422817588674,61.49160532047357
"CONT::levy::d=20::b=(-10.0,10.0)::seed=408936282",levy,cont,500,1.0,"PSO_RING(p=40,ring,w=0.72,c1=1.49,c2=1.49)",PSO_RING,0,30,0.0,0.03125,0.0016168979695679606,0.08705604671956654,54.93979617280909,59.009313560686124,31.081968664389766,89.95867547727897
"CONT::levy::d=20::b=(-10.0,10.0)::seed=408936282",levy,cont,500,1.0,"ES_ML(mu=10,lam=40,sigma=0.3)",ES_ML,0,30,0.0,0.03125,0.0014496810364388302,0.0969039323435871,52.360458234120344,50.88845358982253,34.9000761788922,88.5828632741096
"CONT::levy::d=20::b=(-10.0,10.0)::seed=408936282",levy,cont,500,1.0,"ES_ML(mu=20,lam=80,sigma=0.2)",ES_ML,0,30,0.0,0.03125,0.001838243672838178,0.09082087685935752,73.93726768742339,74.61876883452581,47.14594492575471,110.12955363053253
"CONT::rastrigin::d=20::b=(-5.0,5.0)::seed=346448963",rastrigin,cont,500,0.1,RS_CONT,RS_CONT,0,30,0.0,0.03125,0.0016740540248891796,0.09075618437447905,232.11006601796723,234.40632542698583,201.89433704720395,256.1313273682414
"CONT::rastrigin::d=20::b=(-5.0,5.0)::seed=346448963",rastrigin,cont,500,0.1,HC_CONT(sigma=0.2),HC_CONT,0,30,0.0,0.03125,0.0016121345164363022,0.08982826241975242,222.07469216588262,217.55745889529297,160.5326400731139,288.01203524050385
"CONT::rastrigin::d=20::b=(-5.0,5.0)::seed=346448963",rastrigin,cont,500,0.1,"SA_CONT(sigma=0.3,T0=1.0,alpha=0.995)",SA_CONT,0,30,0.0,0.03125,0.0014421840403022678,0.09092216741480862,243.54793054930485,243.27591096933259,186.23419225561835,302.9162322716218
"CONT::rastrigin::d=20::b=(-5.0,5.0)::seed=346448963",rastrigin,cont,500,0.1,"DE(pop=20,F=0.8,CR=0.9)",DE,0,30,0.0,0.03125,0.00193429421258367,0.0910677523743182,232.7528344872523,235.42868277156026,193.39421184708047,264.4093736139775
"CONT::rastrigin::d=20::b=(-5.0,5.0)::seed=346448963",rastrigin,cont,500,0.1,"DE(pop=40,F=0.8,CR=0.9)",DE,0,30,0.0,0.03125,0.0017844875978193903,0.09417296124782054,244.230119360957,244.34774608760176,185.04815897157977,272.9598186753243
"CONT::rastrigin::d=20::b=(-5.0,5.0)::seed=346448963",rastrigin,cont,500,0.1,"PSO_STD(p=20,w=0.72,c1=1.49,c2=1.49)",PSO_STD,0,30,0.0,0.03125,0.001614128161370917,0.08851828342381028,180.39719283029459,185.30264196810893,140.11834620988634,215.9534389364718
"CONT::rastrigin::d=20::b=(-5.0,5.0)::seed=346448963",rastrigin,cont,500,0.1,"PSO_STD(p=40,w=0.72,c1=1.49,c2=1.49)",PSO_STD,0,30,0.0,0.03125,0.0017124036982830795,0.09279518761180143,194.4927394166263,190.53860013836862,164.1920762442204,239.70636033048618
"CONT::rastrigin::d=20::b=(-5.0,5.0)::seed=346448963",rastrigin,cont,500,0.1,"PSO_RING(p=20,ring,w=0.72,c1=1.49,c2=1.49)",PSO_RING,0,30,0.0,0.03125,0.0018470076425910857,0.08978700848242302,181.19631205145384,180.89428205594834,145.56965801232116,211.20510327921818
"CONT::rastrigin::d=20::b=(-5.0,5.0)::seed=346448963",rastrigin,cont,500,0.1,"PSO_RING(p=40,ring,w=0.72,c1=1.49,c2=1.49)",PSO_RING,0,30,0.0,0.03125,0.001707384397957572,0.09277187380629195,201.2759012398108,203.57649157702235,168.02862904978733,220.73260058668788
"CONT::rastrigin::d=20::b=(-5.0,5.0)::seed=346448963",rastrigin,cont,500,0.1,"ES_ML(mu=10,lam=40,sigma=0.3)",ES_ML,0,30,0.0,0.03125,0.0018143386302766123,0.0919096952850005,200.17870078351478,199.93125475822944,163.69038201767714,227.60927858210593
"CONT::rastrigin::d=20::b=(-5.0,5.0)::seed=346448963",rastrigin,cont,500,0.1,"ES_ML(mu=20,lam=80,sigma=0.2)",ES_ML,0,30,0.0,0.03125,0.0016756427760251137,0.08862041919403775,208.16665555681195,208.5873025622413,177.537196386337,244.273393437822
"CONT::levy::d=20::b=(-10.0,10.0)::seed=820160065",levy,cont,500,1.0,RS_CONT,RS_CONT,0,30,0.0,0.03125,0.001656564547828284,0.08943343701255486,86.18347757644487,89.316967975495,67.32251881029978,103.7089198679069
"CONT::levy::d=20::b=(-10.0,10.0)::seed=820160065",levy,cont,500,1.0,HC_CONT(sigma=0.2),HC_CONT,0,30,0.0,0.03125,0.0016168738729017533,0.09220737357502015,44.091666290594766,43.84814657461426,20.96253042845677,62.36696792668138
"CONT::levy::d=20::b=(-10.0,10.0)::seed=820160065",levy,cont,500,1.0,"SA_CONT(sigma=0.3,T0=1.0,alpha=0.995)",SA_CONT,0,30,0.0,0.03125,0.0015328473481780944,0.09120601983121879,44.99772581046865,47.04353259970843,22.4238629091957,72.9862056941204
"CONT::levy::d=20::b=(-10.0,10.0)::seed=820160065",levy,cont,500,1.0,"DE(pop=20,F=0.8,CR=0.9)",DE,0,30,0.0,0.03125,0.0016081490809209049,0.09075393203961098,103.50348016020864,101.4899207121476,58.10096921827645,172.42469970805922
"CONT::levy::d=20::b=(-10.0,10.0)::seed=820160065",levy,cont,500,1.0,"DE(pop=40,F=0.8,CR=0.9)",DE,0,30,0.0,0.03125,0.0015447856486789384,0.09476051105616787,101.52805200753836,103.69327957993467,55.97745647014357,168.78464256180692
"CONT::levy::d=20::b=(-10.0,10.0)::seed=820160065",levy,cont,500,1.0,"PSO_STD(p=20,w=0.72,c1=1.49,c2=1.49)",PSO_STD,0,30,0.0,0.03125,0.001615264512080212,0.09124751134344104,28.24123540977222,26.96442989931336,7.093214827020594,51.60504030633926
"CONT::levy::d=20::b=(-10.0,10.0)::seed=820160065",levy,cont,500,1.0,"PSO_STD(p=40,w=0.72,c1=1.49,c2=1.49)",PSO_STD,0,30,0.0,0.03125,0.0017394331006692256,0.08954657261214181,31.744904159650492,30.7101468250723,8.396254291303721,54.576307001090164
"CONT::levy::d=20::b=(-10.0,10.0)::seed=820160065",levy,cont,500,1.0,"PSO_RING(p=20,ring,w=0.72,c1=1.49,c2=1.49)",PSO_RING,0,30,0.0,0.03125,0.0018524664879677273,0.09165570524032123,43.79623461302978,42.762817863745745,11.148139336022437,68.8972269863236
"CONT::levy::d=20::b=(-10.0,10.0)::seed=820160065",levy,cont,500,1.0,"PSO_RING(p=40,ring,w=0.72,c1=1.49,c2=1.49)",PSO_RING,0,30,0.0,0.03125,0.0016730257865589994,0.09376960375065266,55.798407264056586,56.44892695824073,20.57427293347648,79.90181836612315
"CONT::levy::d=20::b=(-10.0,10.0)::seed=820160065",levy,cont,500,1.0,"ES_ML(mu=10,lam=40,sigma=0.3)",ES_ML,0,30,0.0,0.03125,0.001599305851981135,0.09065095282476347,53.003617965388706,56.89249824208133,22.475588974533785,80.77588291541906
"CONT::levy::d=20::b=(-10.0,10.0)::seed=820160065",levy,cont,500,1.0,"ES_ML(mu=20,lam=80,sigma=0.2)",ES_ML,0,30,0.0,0.03125,0.001585250722164494,0.09621375549434485,69.90868133807719,66.74996684899881,42.79088018849836,100.3520246882365
"CONT::sphere::d=20::b=(-30.0,30.0)::seed=32819289",sphere,cont,500,0.01,RS_CONT,RS_CONT,0,30,0.0,0.03125,0.0016898539512924247,0.09299624199737319,2660.808805194857,2742.0871263738227,1684.6237292403414,3220.4638354356857
"CONT::sphere::d=20::b=(-30.0,30.0)::seed=32819289",sphere,cont,500,0.01,HC_CONT(sigma=0.2),HC_CONT,0,30,0.0,0.03125,0.0015923442059593061,0.09696684834324494,1643.2993356978047,1657.2517885238199,511.454199122969,2637.0019317147344
"CONT::sphere::d=20::b=(-30.0,30.0)::seed=32819289",sphere,cont,500,0.01,"SA_CONT(sigma=0.3,T0=1.0,alpha=0.995)",SA_CONT,0,30,0.0,0.03125,0.0017589873298772573,0.09151106270121358,573.0092268325512,481.14243639580036,68.01968646949643,1934.2619919883723
"CONT::sphere::d=20::b=(-30.0,30.0)::seed=32819289",sphere,cont,500,0.01,"DE(pop=20,F=0.8,CR=0.9)",DE,0,30,0.0,0.03125,0.0016868282780519875,0.09083944561518191,2294.3659908282943,2292.219694938205,1525.2063895271212,3720.0481729339185
"CONT::sphere::d=20::b=(-30.0,30.0)::seed=32819289",sphere,cont,500,0.01,"DE(pop=40,F=0.8,CR=0.9)",DE,0,30,0.0,0.03125,0.0018259111387150348,0.0941927620043828,3199.4115616658814,3312.2556962357066,1553.3800450938593,3913.245903382993
"CONT::sphere::d=20::b=(-30.0,30.0)::seed=32819289",sphere,cont,500,0.01,"PSO_STD(p=20,w=0.72,c1=1.49,c2=1.49)",PSO_STD,0,30,0.0,0.03125,0.0016435030118320964,0.09216673174457912,423.76468626912407,424.1628183447792,154.37786530716716,961.9663828519175
"CONT::sphere::d=20::b=(-30.0,30.0)::seed=32819289",sphere,cont,500,0.01,"PSO_STD(p=40,w=0.72,c1=1.49,c2=1.49)",PSO_STD,0,30,0.0,0.03125,0.0015492618716743242,0.08538570172827017,665.6276214897968,622.1692418407349,334.519232183362,1330.9384030950582
"CONT::sphere::d=20::b=(-30.0,30.0)::seed=32819289",sphere,cont,500,0.01,"PSO_RING(p=20,ring,w=0.72,c1=1.49,c2=1.49)",PSO_RING,0,30,0.0,0.03125,0.00164710283512122,0.08819526284434807,1031.3328903316533,1005.7949310345201,642.9690709020334,1792.592618333042
"CONT::sphere::d=20::b=(-30.0,30.0)::seed=32819289",sphere,cont,500,0.01,"PSO_RING(p=40,ring,w=0.72,c1=1.49,c2=1.49)",PSO_RING,0,30,0.0,0.03125,0.0014858497993774024,0.09301676959107236,1583.046126499793,1596.3213181437525,900.0788411112117,2470.1836598612226
"CONT::sphere::d=20::b=(-30.0,30.0)::seed=32819289",sphere,cont,500,0.01,"ES_ML(mu=10,lam=40,sigma=0.3)",ES_ML,0,30,0.0,0.03125,0.0015389934232545124,0.09488516509954126,3341.676832805223,3432.2022054597805,2277.602394390773,4335.764333219821
"CONT::sphere::d=20::b=(-30.0,30.0)::seed=32819289",sphere,cont,500,0.01,"ES_ML(mu=20,lam=80,sigma=0.2)",ES_ML,0,30,0.0,0.03125,0.001675059086187361,0.09337106876911862,3546.7440408144334,3530.8165955807003,2623.2369708779347,4358.78264663392
"CONT::sphere::d=20::b=(-10.0,10.0)::seed=966185258",sphere,cont,500,0.01,RS_CONT,RS_CONT,0,30,0.0,0.03125,0.0014531228447140032,0.09720773042423891,297.1707602744642,306.7552249553794,191.0966407137344,358.45381334548256
"CONT::sphere::d=20::b=(-10.0,10.0)::seed=966185258",sphere,cont,500,0.01,HC_CONT(sigma=0.2),HC_CONT,0,30,0.0,0.03125,0.0014180191443522706,0.08991433351396812,1.4583159357524846,1.1994389430469363,0.6968870305932618,3.3712942867024505
"CONT::sphere::d=20::b=(-10.0,10.0)::seed=966185258",sphere,cont,500,0.01,"SA_CONT(sigma=0.3,T0=1.0,alpha=0.995)",SA_CONT,0,30,0.0,0.03125,0.001625376976279745,0.09493934482250839,1.9029374575340783,1.9848276208163935,0.9615136007634892,2.653713172791476
"CONT::sphere::d=20::b=(-10.0,10.0)::seed=966185258",sphere,cont,500,0.01,"DE(pop=20,F=0.8,CR=0.9)",DE,0,30,0.0,0.03125,0.0016986922820502056,0.0900171360530086,263.3140222305128,269.80813414001494,154.8551438063964,341.0433595860803
"CONT::sphere::d=20::b=(-10.0,10.0)::seed=966185258",sphere,cont,500,0.01,"DE(pop=40,F=0.8,CR=0.9)",DE,0,30,0.0,0.03125,0.001554714160517109,0.0872908037680937,341.39645415287106,335.70722015601666,248.11518003228034,427.97379050517014
"CONT::sphere::d=20::b=(-10.0,10.0)::seed=966185258",sphere,cont,500,0.01,"PSO_STD(p=20,w=0.72,c1=1.49,c2=1.49)",PSO_STD,0,30,0.0,0.03125,0.0020486508244882758,0.09754054730256068,39.63639273593942,36.20830179062741,19.925872630044616,91.60109290207805
"CONT::sphere::d=20::b=(-10.0,10.0)::seed=966185258",sphere,cont,500,0.01,"PSO_STD(p=40,w=0.72,c1=1.49,c2=1.49)",PSO_STD,0,30,0.0,0.03125,0.0016481510043599053,0.09200881539018783,68.72938631251165,65.79786158862976,28.031233647265278,121.27472963979459
"CONT::sphere::d=20::b=(-10.0,10.0)::seed=966185258",sphere,cont,500,0.01,"PSO_RING(p=20,ring,w=0.72,c1=1.49,c2=1.49)",PSO_RING,0,30,0.0,0.03125,0.0017854016254294745,0.09291601586650922,128.11105045353568,121.00308560393151,77.92927335155012,203.23225850717157
"CONT::sphere::d=20::b=(-10.0,10.0)::seed=966185258",sphere,cont,500,0.01,"PSO_RING(p=40,ring,w=0.72,c1=1.49,c2=1.49)",PSO_RING,0,30,0.0,0.03125,0.0015756188169531891,0.09479675663104307,176.1832781258222,175.19972785833653,93.48020250409422,306.2111958989131
"CONT::sphere::d=20::b=(-10.0,10.0)::seed=966185258",sphere,cont,500,0.01,"ES_ML(mu=10,lam=40,sigma=0.3)",ES_ML,0,30,0.0,0.03125,0.0015344109035847183,0.09070463806604813,242.94765948827384,246.74008759850153,115.18234172749922,360.6033892971773
"CONT::sphere::d=20::b=(-10.0,10.0)::seed=966185258",sphere,cont,500,0.01,"ES_ML(mu=20,lam=80,sigma=0.2)",ES_ML,0,30,0.0,0.03125,0.0013406800326634626,0.09360364352396111,337.74521453837866,344.1785442447866,204.80880925049837,442.76133841577195
"CONT::sphere::d=5::b=(-10.0,10.0)::seed=593709446",sphere,cont,500,0.01,RS_CONT,RS_CONT,0,30,0.0,0.03125,0.0016924640579779418,0.08985282087212573,15.777472797976676,16.19261001270771,1.4377483972254619,29.041434753178716
"CONT::sphere::d=5::b=(-10.0,10.0)::seed=593709446",sphere,cont,500,0.01,HC_CONT(sigma=0.2),HC_CONT,13,30,0.43333333333333335,0.4375,0.29798754492035,0.5757301023798308,0.012432822599192438,0.011528193908036978,0.00410040897951793,0.024756847931541617
"CONT::sphere::d=5::b=(-10.0,10.0)::seed=593709446",sphere,cont,500,0.01,"SA_CONT(sigma=0.3,T0=1.0,alpha=0.995)",SA_CONT,0,30,0.0,0.03125,0.0015299945676271226,0.08572433092782711,0.05012079640987045,0.044720640012743146,0.019529329795084024,0.1012502796425937
"CONT::sphere::d=5::b=(-10.0,10.0)::seed=593709446",sphere,cont,500,0.01,"DE(pop=20,F=0.8,CR=0.9)",DE,0,30,0.0,0.03125,0.0019202834094188522,0.09183320079609351,1.7784458327941621,1.3265906134865322,0.3969218510308184,6.946089380512294
"CONT::sphere::d=5::b=(-10.0,10.0)::seed=593709446",sphere,cont,500,0.01,"DE(pop=40,F=0.8,CR=0.9)",DE,0,30,0.0,0.03125,0.0016418111504806778,0.09326096468730848,8.918745725587788,9.010895338792974,2.899276197458838,17.928361427507063
"CONT::sphere::d=5::b=(-10.0,10.0)::seed=593709446",sphere,cont,500,0.01,"PSO_STD(p=20,w=0.72,c1=1.49,c2=1.49)",PSO_STD,2,30,0.06666666666666667,0.09375,0.025605386647946028,0.19058214077855773,0.09350009585180707,0.0654589459143808,0.0023706369474238644,0.3398173300577651
"CONT::sphere::d=5::b=(-10.0,10.0)::seed=593709446",sphere,cont,500,0.01,"PSO_STD(p=40,w=0.72,c1=1.49,c2=1.49)",PSO_STD,0,30,0.0,0.03125,0.0016018578851206091,0.09203226926681787,0.7011531372185001,0.5413781581965476,0.22411957975157168,1.8511934960009409
"CONT::sphere::d=5::b=(-10.0,10.0)::seed=593709446",sphere,cont,500,0.01,"PSO_RING(p=20,ring,w=0.72,c1=1.49,c2=1.49)",PSO_RING,0,30,0.0,0.03125,0.0015617602070544443,0.09254716007533782,0.5925846036691652,0.5275616843805251,0.11497362432880062,1.9451635715609705
"CONT::sphere::d=5::b=(-10.0,10.0)::seed=593709446",sphere,cont,500,0.01,"PSO_RING(p=40,ring,w=0.72,c1=1.49,c2=1.49)",PSO_RING,0,30,0.0,0.03125,0.0018455672885464537,0.09272477937609755,2.473048350637308,2.245050165354428,0.5021547054589413,5.754618756271648
"CONT::sphere::d=5::b=(-10.0,10.0)::seed=593709446",sphere,cont,500,0.01,"ES_ML(mu=10,lam=40,sigma=0.3)",ES_ML,0,30,0.0,0.03125,0.001638322135096199,0.09145581841485759,7.152687588505949,6.223872660005604,0.2044702552111375,27.176783846643257
"CONT::sphere::d=5::b=(-10.0,10.0)::seed=593709446",sphere,cont,500,0.01,"ES_ML(mu=20,lam=80,sigma=0.2)",ES_ML,0,30,0.0,0.03125,0.0017193775600907167,0.09529745615656841,27.98079069365908,22.376980932848262,6.816092497850937,97.90828711842815
"CONT::ackley::d=5::b=(-10.0,10.0)::seed=188046708",ackley,cont,500,0.1,RS_CONT,RS_CONT,0,30,0.0,0.03125,0.001639205379328624,0.09344419300625419,7.6019837591886015,7.603288624011683,5.575787826937496,9.290811338713716
"CONT::ackley::d=5::b=(-10.0,10.0)::seed=188046708",ackley,cont,500,0.1,HC_CONT(sigma=0.2),HC_CONT,0,30,0.0,0.03125,0.0018473149406681047,0.0914761917403299,13.640426999767573,13.722424115578335,10.006389344304278,16.10125671179394
"CONT::ackley::d=5::b=(-10.0,10.0)::seed=188046708",ackley,cont,500,0.1,"SA_CONT(sigma=0.3,T0=1.0,alpha=0.995)",SA_CONT,0,30,0.0,0.03125,0.0016677703032731076,0.09191884130830769,4.4268240651743325,1.7130643901418456,0.3606983061397071,14.978310684755398
"CONT::ackley::d=5::b=(-10.0,10.0)::seed=188046708",ackley,cont,500,0.1,"DE(pop=20,F=0.8,CR=0.9)",DE,0,30,0.0,0.03125,0.0017413049345278344,0.09368366688241943,3.9658281732066323,4.210740687648002,2.1820290042730304,5.525532041801696
"CONT::ackley::d=5::b=(-10.0,10.0)::seed=188046708",ackley,cont,500,0.1,"DE(pop=40,F=0.8,CR=0.9)",DE,0,30,0.0,0.03125,0.001611089134804796,0.09001273377164076,6.320165683794318,6.203528964318167,3.306038636111659,8.060244249701658
"CONT::ackley::d=5::b=(-10.0,10.0)::seed=188046708",ackley,cont,500,0.1,"PSO_STD(p=20,w=0.72,c1=1.49,c2=1.49)",PSO_STD,0,30,0.0,0.03125,0.0015534325765876385,0.09364879517757425,1.5158763178760462,1.4239172861721223,0.3030163851012415,3.5076071657590053
"CONT::ackley::d=5::b=(-10.0,10.0)::seed=188046708",ackley,cont,500,0.1,"PSO_STD(p=40,w=0.72,c1=1.49,c2=1.49)",PSO_STD,0,30,0.0,0.03125,0.001455903752550236,0.0925906187889217,2.847423542925644,2.895789329744382,1.5248179188492874,3.762571562551248
"CONT::ackley::d=5::b=(-10.0,10.0)::seed=188046708",ackley,cont,500,0.1,"PSO_RING(p=20,ring,w=0.72,c1=1.49,c2=1.49)",PSO_RING,0,30,0.0,0.03125,0.001681152937943496,0.09024001177965017,2.847535943724545,2.8086928656609094,1.716520658707403,4.157418362535218
"CONT::ackley::d=5::b=(-10.0,10.0)::seed=188046708",ackley,cont,500,0.1,"PSO_RING(p=40,ring,w=0.72,c1=1.49,c2=1.49)",PSO_RING,0,30,0.0,0.03125,0.0016693192243168512,0.09453380676764336,4.225084980494251,4.272737529281331,2.230173025792102,5.433248991993715
"CONT::ackley::d=5::b=(-10.0,10.0)::seed=188046708",ackley,cont,500,0.1,"ES_ML(mu=10,lam=40,sigma=0.3)",ES_ML,0,30,0.0,0.03125,0.0017437920173109945,0.09043921287430168,5.649303625692251,5.802876542842997,2.4807781453024487,8.823873040584731
"CONT::ackley::d=5::b=(-10.0,10.0)::seed=188046708",ackley,cont,500,0.1,"ES_ML(mu=20,lam=80,sigma=0.2)",ES_ML,0,30,0.0,0.03125,0.00166622148299494,0.09341679108488074,9.001823153642077,9.447177129075126,2.060662425026909,10.972210108471184
"CONT::rastrigin::d=20::b=(-5.0,5.0)::seed=238230197",rastrigin,cont,500,0.1,RS_CONT,RS_CONT,0,30,0.0,0.03125,0.0013886986866773207,0.09686891302352647,233.99081139044782,232.04640156826443,209.0448842327027,264.78516678082394
"CONT::rastrigin::d=20::b=(-5.0,5.0)::seed=238230197",rastrigin,cont,500,0.1,HC_CONT(sigma=0.2),HC_CONT,0,30,0.0,0.03125,0.0016498916782258116,0.0885584234812742,217.97014079497066,226.83385026008546,155.15902507496412,265.01874436959673
"CONT::rastrigin::d=20::b=(-5.0,5.0)::seed=238230197",rastrigin,cont,500,0.1,"SA_CONT(sigma=0.3,T0=1.0,alpha=0.995)",SA_CONT,0,30,0.0,0.03125,0.0018558974651650757,0.09014872378310645,238.57666653780421,238.70084017309802,187.77120354952228,286.0967799638951
"CONT::rastrigin::d=20::b=(-5.0,5.0)::seed=238230197",rastrigin,cont,500,0.1,"DE(pop=20,F=0.8,CR=0.9)",DE,0,30,0.0,0.03125,0.0015661311503227953,0.09308803312788734,228.53536800462945,228.01285948106758,189.81964650832924,268.04268005043275
"CONT::rastrigin::d=20::b=(-5.0,5.0)::seed=238230197",rastrigin,cont,500,0.1,"DE(pop=40,F=0.8,CR=0.9)",DE,0,30,0.0,0.03125,0.0018100821547720508,0.09099287376215903,247.55357315973748,251.14898730522987,207.67224016136157,275.43504950558673
"CONT::rastrigin::d=20::b=(-5.0,5.0)::seed=238230197",rastrigin,cont,500,0.1,"PSO_STD(p=20,w=0.72,c1=1.49,c2=1.49)",PSO_STD,0,30,0.0,0.03125,0.001747856880030491,0.09153177376644284,172.45209399536677,176.0947079929469,114.00263142046052,221.37423340035375
"CONT::rastrigin::d=20::b=(-5.0,5.0)::seed=238230197",rastrigin,cont,500,0.1,"PSO_STD(p=40,w=0.72,c1=1.49,c2=1.49)",PSO_STD,0,30,0.0,0.03125,0.0017733877912042475,0.09181559924072447,192.98364085825358,188.60291759556222,162.8814813329575,221.93223587745328
"CONT::rastrigin::d=20::b=(-5.0,5.0)::seed=238230197",rastrigin,cont,500,0.1,"PSO_RING(p=20,ring,w=0.72,c1=1.49,c2=1.49)",PSO_RING,0,30,0.0,0.03125,0.0019304754232523766,0.08933023289793895,188.11535089728125,187.42368151303498,160.84376518083997,222.72971707912154
"CONT::rastrigin::d=20::b=(-5.0,5.0)::seed=238230197",rastrigin,cont,500,0.1,"PSO_RING(p=40,ring,w=0.72,c1=1.49,c2=1.49)",PSO_RING,0,30,0.0,0.03125,0.001544369435677022,0.08981022424658348,202.2108671157457,200.67776721237695,157.10942154057344,231.08485018940235
"CONT::rastrigin::d=20::b=(-5.0,5.0)::seed=238230197",rastrigin,cont,500,0.1,"ES_ML(mu=10,lam=40,sigma=0.3)",ES_ML,0,30,0.0,0.03125,0.001809843546318611,0.09524561604013625,204.27636055571688,202.34497699402297,171.23780905999263,237.31929829383657
"CONT::rastrigin::d=20::b=(-5.0,5.0)::seed=238230197",rastrigin,cont,500,0.1,"ES_ML(mu=20,lam=80,sigma=0.2)",ES_ML,0,30,0.0,0.03125,0.0016696289821780742,0.08899849693866328,205.4785104575588,208.07652574542723,156.1667669015797,236.32656491674007
"CONT::rosenbrock::d=20::b=(-5.0,5.0)::seed=877082216",rosenbrock,cont,500,1.0,RS_CONT,RS_CONT,0,30,0.0,0.03125,0.0015621293338309837,0.08923089328133836,64035.28489698163,63107.999653295876,34920.26863331299,91289.89422326487
"CONT::rosenbrock::d=20::b=(-5.0,5.0)::seed=877082216",rosenbrock,cont,500,1.0,HC_CONT(sigma=0.2),HC_CONT,0,30,0.0,0.03125,0.0016932433135336883,0.08444224298739066,212.08194099225094,181.64711323943985,80.20189405276899,421.7190803719003
"CONT::rosenbrock::d=20::b=(-5.0,5.0)::seed=877082216",rosenbrock,cont,500,1.0,"SA_CONT(sigma=0.3,T0=1.0,alpha=0.995)",SA_CONT,0,30,0.0,0.03125,0.0016727581965309043,0.09367526554435229,283.52863506728323,275.2297202329075,131.68075433350276,511.3155364061727
"CONT::rosenbrock::d=20::b=(-5.0,5.0)::seed=877082216",rosenbrock,cont,500,1.0,"DE(pop=20,F=0.8,CR=0.9)",DE,0,30,0.0,0.03125,0.0016574274861796637,0.09114054912579876,47624.75150824661,43581.38115572074,15022.891229648241,127124.30160851323
"CONT::rosenbrock::d=20::b=(-5.0,5.0)::seed=877082216",rosenbrock,cont,500,1.0,"DE(pop=40,F=0.8,CR=0.9)",DE,0,30,0.0,0.03125,0.00169981520807824,0.09508071146745271,92048.8927652251,91606.5587146075,48782.669594149935,171248.2162908878
"CONT::rosenbrock::d=20::b=(-5.0,5.0)::seed=877082216",rosenbrock,cont,500,1.0,"PSO_STD(p=20,w=0.72,c1=1.49,c2=1.49)",PSO_STD,0,30,0.0,0.03125,0.001743876432869449,0.09318273208267,3581.0800457051632,3223.6728487854252,946.821130326998,10839.709493533082
"CONT::rosenbrock::d=20::b=(-5.0,5.0)::seed=877082216",rosenbrock,cont,500,1.0,"PSO_STD(p=40,w=0.72,c1=1.49,c2=1.49)",PSO_STD,0,30,0.0,0.03125,0.0014638503799746891,0.0942635181609019,6700.736000645202,6183.349434146567,2310.55400579872,14569.924361802237
"CONT::rosenbrock::d=20::b=(-5.0,5.0)::seed=877082216",rosenbrock,cont,500,1.0,"PSO_RING(p=20,ring,w=0.72,c1=1.49,c2=1.49)",PSO_RING,0,30,0.0,0.03125,0.0018450613980589003,0.09597510599970224,12051.645301241499,11137.982489433642,3266.241847518886,21922.105103722733
"CONT::rosenbrock::d=20::b=(-5.0,5.0)::seed=877082216",rosenbrock,cont,500,1.0,"PSO_RING(p=40,ring,w=0.72,c1=1.49,c2=1.49)",PSO_RING,0,30,0.0,0.03125,0.00136898941933102,0.09329424819945623,24790.830670904634,24314.84687683641,7646.7998434109395,54692.22809505761
"CONT::rosenbrock::d=20::b=(-5.0,5.0)::seed=877082216",rosenbrock,cont,500,1.0,"ES_ML(mu=10,lam=40,sigma=0.3)",ES_ML,0,30,0.0,0.03125,0.0016410429648122742,0.09311170626335857,17107.489884730836,16766.699628200025,5914.338899673558,40288.87066753783
"CONT::rosenbrock::d=20::b=(-5.0,5.0)::seed=877082216",rosenbrock,cont,500,1.0,"ES_ML(mu=20,lam=80,sigma=0.2)",ES_ML,0,30,0.0,0.03125,0.0015431870117874381,0.09456864781736497,53667.32692917396,53402.56781711177,20989.64132783205,119971.77002171167
"CONT::griewank::d=10::b=(-10.0,10.0)::seed=85979202",griewank,cont,500,0.1,RS_CONT,RS_CONT,0,30,0.0,0.03125,0.0017043569735178089,0.09231971566328002,0.8120467196680112,0.8324861257971434,0.57889926499428,0.9717200846355368
"CONT::griewank::d=10::b=(-10.0,10.0)::seed=85979202",griewank,cont,500,0.1,HC_CONT(sigma=0.2),HC_CONT,13,30,0.43333333333333335,0.4375,0.30168769076700364,0.5913502847037582,0.13835194308441057,0.10333030833281126,0.02762069942849399,0.835042974922761
"CONT::griewank::d=10::b=(-10.0,10.0)::seed=85979202",griewank,cont,500,0.1,"SA_CONT(sigma=0.3,T0=1.0,alpha=0.995)",SA_CONT,0,30,0.0,0.03125,0.0015930746892513674,0.09333159800066443,0.8773255118706362,0.9162546013877284,0.2741151657117876,1.043873328378469
"CONT::griewank::d=10::b=(-10.0,10.0)::seed=85979202",griewank,cont,500,0.1,"DE(pop=20,F=0.8,CR=0.9)",DE,0,30,0.0,0.03125,0.001939852691405676,0.09467614749198891,0.7842727603001534,0.7988257430022687,0.6009993993213643,0.9383363121309511
"CONT::griewank::d=10::b=(-10.0,10.0)::seed=85979202",griewank,cont,500,0.1,"DE(pop=40,F=0.8,CR=0.9)",DE,0,30,0.0,0.03125,0.0018124692336647626,0.09053046945212517,0.7927154276432131,0.8192180237216409,0.48384586165985366,0.9683810489266171
"CONT::griewank::d=10::b=(-10.0,10.0)::seed=85979202",griewank,cont,500,0.1,"PSO_STD(p=20,w=0.72,c1=1.49,c2=1.49)",PSO_STD,0,30,0.0,0.03125,0.0017788933156280987,0.09138171060046527,0.4208656745740535,0.40347207709791577,0.1513357509214256,0.8588255145920272
"CONT::griewank::d=10::b=(-10.0,10.0)::seed=85979202",griewank,cont,500,0.1,"PSO_STD(p=40,w=0.72,c1=1.49,c2=1.49)",PSO_STD,0,30,0.0,0.03125,0.0015686613165396383,0.09868523338778998,0.5869782046732741,0.5997658674206658,0.23342889668455113,0.844824428887743
"CONT::griewank::d=10::b=(-10.0,10.0)::seed=85979202",griewank,cont,500,0.1,"PSO_RING(p=20,ring,w=0.72,c1=1.49,c2=1.49)",PSO_RING,0,30,0.0,0.03125,0.0018700866567447176,0.08867990716802529,0.5100030965509617,0.4998216762154333,0.24022065187257735,0.7071933579250173
"CONT::griewank::d=10::b=(-10.0,10.0)::seed=85979202",griewank,cont,500,0.1,"PSO_RING(p=40,ring,w=0.72,c1=1.49,c2=1.49)",PSO_RING,0,30,0.0,0.03125,0.0014285566207534771,0.08963917155900612,0.6402434448334394,0.6415093970325343,0.3154955595122583,0.8698916929565179
"CONT::griewank::d=10::b=(-10.0,10.0)::seed=85979202",griewank,cont,500,0.1,"ES_ML(mu=10,lam=40,sigma=0.3)",ES_ML,0,30,0.0,0.03125,0.0015898110828901249,0.09158179313522755,0.3867521419316626,0.374916187849034,0.12148042045366925,0.921810726432762
"CONT::griewank::d=10::b=(-10.0,10.0)::seed=85979202",griewank,cont,500,0.1,"ES_ML(mu=20,lam=80,sigma=0.2)",ES_ML,0,30,0.0,0.03125,0.001462812522810961,0.09169145223637237,0.7502229139465303,0.7615048348103313,0.36478958551736995,1.0397228800122427
"CONT::sphere::d=5::b=(-10.0,10.0)::seed=370046573",sphere,cont,500,0.01,RS_CONT,RS_CONT,0,30,0.0,0.03125,0.0016159866387319448,0.09285042315172339,15.799616125813055,16.136250990821935,3.0567155554687444,26.6265688491423
"CONT::sphere::d=5::b=(-10.0,10.0)::seed=370046573",sphere,cont,500,0.01,HC_CONT(sigma=0.2),HC_CONT,10,30,0.3333333333333333,0.34375,0.2168298327525711,0.4843955055313476,0.015754757913875518,0.01716292635488071,0.005703305609003485,0.0308882495150358
"CONT::sphere::d=5::b=(-10.0,10.0)::seed=370046573",sphere,cont,500,0.01,"SA_CONT(sigma=0.3,T0=1.0,alpha=0.995)",SA_CONT,0,30,0.0,0.03125,0.0014094827709518786,0.08989370294234798,0.06056994913209217,0.051331153296542004,0.014657856396119641,0.14664212434218166
"CONT::sphere::d=5::b=(-10.0,10.0)::seed=370046573",sphere,cont,500,0.01,"DE(pop=20,F=0.8,CR=0.9)",DE,0,30,0.0,0.03125,0.001814800427314725,0.09356063126667374,2.5508882734235008,2.228335688051379,0.383482668762106,5.972305361053426
"CONT::sphere::d=5::b=(-10.0,10.0)::seed=370046573",sphere,cont,500,0.01,"DE(pop=40,F=0.8,CR=0.9)",DE,0,30,0.0,0.03125,0.0014461520840743445,0.08685184614566484,9.401409678583057,9.565245844012107,2.9062190534283725,16.148399409779614
"CONT::sphere::d=5::b=(-10.0,10.0)::seed=370046573",sphere,cont,500,0.01,"PSO_STD(p=20,w=0.72,c1=1.49,c2=1.49)",PSO_STD,2,30,0.06666666666666667,0.09375,0.02782709918162509,0.18666246080369792,0.11328110009966208,0.08918236592937169,0.0074703716801165386,0.37003785012740353
"CONT::sphere::d=5::b=(-10.0,10.0)::seed=370046573",sphere,cont,500,0.01,"PSO_STD(p=40,w=0.72,c1=1.49,c2=1.49)",PSO_STD,0,30,0.0,0.03125,0.0016977919536687834,0.09713812791211088,0.5863387242448783,0.5588609815553647,0.07811180736774906,1.6155940613476198
"CONT::sphere::d=5::b=(-10.0,10.0)::seed=370046573",sphere,cont,500,0.01,"PSO_RING(p=20,ring,w=0.72,c1=1.49,c2=1.49)",PSO_RING,0,30,0.0,0.03125,0.0015051184432319197,0.0926082305239255,0.7607702982614063,0.6269924737977617,0.16191992258405666,2.710401163190461
"CONT::sphere::d=5::b=(-10.0,10.0)::seed=370046573",sphere,cont,500,0.01,"PSO_RING(p=40,ring,w=0.72,c1=1.49,c2=1.49)",PSO_RING,0,30,0.0,0.03125,0.001556150466293049,0.08639668364424195,1.919445040778541,1.677150196890976,0.32709762133577797,5.217168190545692
"CONT::sphere::d=5::b=(-10.0,10.0)::seed=370046573",sphere,cont,500,0.01,"ES_ML(mu=10,lam=40,sigma=0.3)",ES_ML,0,30,0.0,0.03125,0.001643457722117564,0.09228096029472671,7.173192753731797,5.232641957329537,0.23755184829132608,25.91839084154571
"CONT::sphere::d=5::b=(-10.0,10.0)::seed=370046573",sphere,cont,500,0.01,"ES_ML(mu=20,lam=80,sigma=0.2)",ES_ML,0,30,0.0,0.03125,0.0015692185023512383,0.09110580496620695,30.65034272883819,30.704247126656604,5.422258935314612,64.4978935048389
"CONT::rastrigin::d=20::b=(-10.0,10.0)::seed=612020737",rastrigin,cont,500,0.1,RS_CONT,RS_CONT,0,30,0.0,0.03125,0.001719249084248353,0.09263460722945735,473.85395426349714,472.89326350335614,354.16191778040127,543.4255596529242
"CONT::rastrigin::d=20::b=(-10.0,10.0)::seed=612020737",rastrigin,cont,500,0.1,HC_CONT(sigma=0.2),HC_CONT,0,30,0.0,0.03125,0.0018036272648138333,0.08817984728008997,689.131319741571,707.0715616326783,467.3167471370697,890.0429077447136
"CONT::rastrigin::d=20::b=(-10.0,10.0)::seed=612020737",rastrigin,cont,500,0.1,"SA_CONT(sigma=0.3,T0=1.0,alpha=0.995)",SA_CONT,0,30,0.0,0.03125,0.0013696356990600218,0.08857643668111975,655.200530934928,660.2383350276643,399.9086194584526,990.4048437027029
"CONT::rastrigin::d=20::b=(-10.0,10.0)::seed=612020737",rastrigin,cont,500,0.1,"DE(pop=20,F=0.8,CR=0.9)",DE,0,30,0.0,0.03125,0.001488619802144581,0.09032239663983319,432.15592004364134,432.62824445344575,307.89595195699087,569.7762545818921
"CONT::rastrigin::d=20::b=(-10.0,10.0)::seed=612020737",rastrigin,cont,500,0.1,"DE(pop=40,F=0.8,CR=0.9)",DE,0,30,0.0,0.03125,0.0015499392191137833,0.09760259940092365,533.0289916511933,536.297535788337,450.85383033244716,624.7493397712565
"CONT::rastrigin::d=20::b=(-10.0,10.0)::seed=612020737",rastrigin,cont,500,0.1,"PSO_STD(p=20,w=0.72,c1=1.49,c2=1.49)",PSO_STD,0,30,0.0,0.03125,0.0017015419454315004,0.09131007623270172,254.19426159556681,251.06252525344757,191.01462983142417,347.90818985042154
"CONT::rastrigin::d=20::b=(-10.0,10.0)::seed=612020737",rastrigin,cont,500,0.1,"PSO_STD(p=40,w=0.72,c1=1.49,c2=1.49)",PSO_STD,0,30,0.0,0.03125,0.0017735697741142684,0.09118700336062545,271.7711569788806,262.5357950480952,202.7055618504587,362.10015905771667
"CONT::rastrigin::d=20::b=(-10.0,10.0)::seed=612020737",rastrigin,cont,500,0.1,"PSO_RING(p=20,ring,w=0.72,c1=1.49,c2=1.49)",PSO_RING,0,30,0.0,0.03125,0.0018037499314138947,0.09073742879863189,305.06051487711477,312.0311713661491,211.70418755429145,407.4095783023924
"CONT::rastrigin::d=20::b=(-10.0,10.0)::seed=612020737",rastrigin,cont,500,0.1,"PSO_RING(p=40,ring,w=0.72,c1=1.49,c2=1.49)",PSO_RING,0,30,0.0,0.03125,0.0015453816615869863,0.09584064816188896,365.7705028918057,370.86985245323905,270.80951480915587,424.4200426958347
"CONT::rastrigin::d=20::b=(-10.0,10.0)::seed=612020737",rastrigin,cont,500,0.1,"ES_ML(mu=10,lam=40,sigma=0.3)",ES_ML,0,30,0.0,0.03125,0.0017441851393493058,0.09052536221610431,472.54694609087056,475.785742823281,355.87116916664695,538.4445269238246
"CONT::rastrigin::d=20::b=(-10.0,10.0)::seed=612020737",rastrigin,cont,500,0.1,"ES_ML(mu=20,lam=80,sigma=0.2)",ES_ML,0,30,0.0,0.03125,0.0017395528468427761,0.09559845867547682,512.9135303230813,504.10486861977483,300.56100804225525,677.7441442380687
"CONT::griewank::d=10::b=(-30.0,30.0)::seed=896784421",griewank,cont,500,0.1,RS_CONT,RS_CONT,0,30,0.0,0.03125,0.0016466438260114601,0.08760094405840539,1.1658788713133437,1.1570660015720533,1.0707356088477318,1.286873625722672
"CONT::griewank::d=10::b=(-30.0,30.0)::seed=896784421",griewank,cont,500,0.1,HC_CONT(sigma=0.2),HC_CONT,0,30,0.0,0.03125,0.0016915014597672989,0.09286071073868497,0.713011660126521,0.6523620916099171,0.2944193967582709,1.3372080240827364
"CONT::griewank::d=10::b=(-30.0,30.0)::seed=896784421",griewank,cont,500,0.1,"SA_CONT(sigma=0.3,T0=1.0,alpha=0.995)",SA_CONT,0,30,0.0,0.03125,0.0018018915858854022,0.09271386811632802,1.5565822265685754,1.53575694027812,1.1422856891847455,1.9379100596797936
"CONT::griewank::d=10::b=(-30.0,30.0)::seed=896784421",griewank,cont,500,0.1,"DE(pop=20,F=0.8,CR=0.9)",DE,0,30,0.0,0.03125,0.0016936759135028965,0.09620865578585944,1.0912846517220454,1.0999563021010825,0.8214826422267703,1.16619797815674
"CONT::griewank::d=10::b=(-30.0,30.0)::seed=896784421",griewank,cont,500,0.1,"DE(pop=40,F=0.8,CR=0.9)",DE,0,30,0.0,0.03125,0.0018041691036654265,0.09550231869336212,1.1861518782735054,1.1771682358015112,1.0669492760446895,1.308825415887855
"CONT::griewank::d=10::b=(-30.0,30.0)::seed=896784421",griewank,cont,500,0.1,"PSO_STD(p=20,w=0.72,c1=1.49,c2=1.49)",PSO_STD,0,30,0.0,0.03125,0.001906069105097823,0.0934408109427642,0.8670320012153814,0.8750054339851527,0.5694663502872598,1.050558494017363
"CONT::griewank::d=10::b=(-30.0,30.0)::seed=896784421",griewank,cont,500,0.1,"PSO_STD(p=40,w=0.72,c1=1.49,c2=1.49)",PSO_STD,0,30,0.0,0.03125,0.001747420065610746,0.0940763643040782,0.9278634960012095,0.9520388779023785,0.6305872255923426,1.089419680652884
"CONT::griewank::d=10::b=(-30.0,30.0)::seed=896784421",griewank,cont,500,0.1,"PSO_RING(p=20,ring,w=0.72,c1=1.49,c2=1.49)",PSO_RING,0,30,0.0,0.03125,0.0014769631622776524,0.08681780382743273,0.8999670618426553,0.9249303398704869,0.581133812554933,1.063557656319721
"CONT::griewank::d=10::b=(-30.0,30.0)::seed=896784421",griewank,cont,500,0.1,"PSO_RING(p=40,ring,w=0.72,c1=1.49,c2=1.49)",PSO_RING,0,30,0.0,0.03125,0.0019066213683513085,0.09147189210603823,1.0046606192047511,1.0224927814312719,0.7368076124900149,1.1081995433152547
"CONT::griewank::d=10::b=(-30.0,30.0)::seed=896784421",griewank,cont,500,0.1,"ES_ML(mu=10,lam=40,sigma=0.3)",ES_ML,0,30,0.0,0.03125,0.0018484684495683173,0.0919872786683391,0.9231710964280957,0.8471620997162883,0.5713262668024752,1.5050321536334694
"CONT::griewank::d=10::b=(-30.0,30.0)::seed=896784421",griewank,cont,500,0.1,"ES_ML(mu=20,lam=80,sigma=0.2)",ES_ML,0,30,0.0,0.03125,0.0014189846394887416,0.09405183360496476,1.255283288974975,1.271356184768345,1.0873597432280184,1.4219313903347484
"CONT::ackley::d=10::b=(-5.0,5.0)::seed=389853702",ackley,cont,500,0.1,RS_CONT,RS_CONT,0,30,0.0,0.03125,0.0015465825457043024,0.0920504146469334,6.835551485395348,6.745047999804991,5.9177791384909035,7.565051226285313
"CONT::ackley::d=10::b=(-5.0,5.0)::seed=389853702",ackley,cont,500,0.1,HC_CONT(sigma=0.2),HC_CONT,0,30,0.0,0.03125,0.0014746172886790428,0.09261233513593901,8.44725458144497,9.105422739467095,3.8599289905470653,10.762412387676463
"CONT::ackley::d=10::b=(-5.0,5.0)::seed=389853702",ackley,cont,500,0.1,"SA_CONT(sigma=0.3,T0=1.0,alpha=0.995)",SA_CONT,0,30,0.0,0.03125,0.0017405142718863401,0.08998962667902713,2.9016854945579946,2.444003429551467,0.9477918715973073,7.079225582752871
"CONT::ackley::d=10::b=(-5.0,5.0)::seed=389853702",ackley,cont,500,0.1,"DE(pop=20,F=0.8,CR=0.9)",DE,0,30,0.0,0.03125,0.001700082471345654,0.0946244480671066,5.615147894007083,5.529924719819354,3.8127078791023625,7.677302792981299
"CONT::ackley::d=10::b=(-5.0,5.0)::seed=389853702",ackley,cont,500,0.1,"DE(pop=40,F=0.8,CR=0.9)",DE,0,30,0.0,0.03125,0.0016185907907620297,0.09317869107484054,6.801888432472466,6.865903699116395,5.465407898883658,8.021493016913555
"CONT::ackley::d=10::b=(-5.0,5.0)::seed=389853702",ackley,cont,500,0.1,"PSO_STD(p=20,w=0.72,c1=1.49,c2=1.49)",PSO_STD,0,30,0.0,0.03125,0.0015463097136017756,0.08760662309366776,2.532054580608643,2.6080694540547325,1.0591899353815113,3.2663524980279672
"CONT::ackley::d=10::b=(-5.0,5.0)::seed=389853702",ackley,cont,500,0.1,"PSO_STD(p=40,w=0.72,c1=1.49,c2=1.49)",PSO_STD,0,30,0.0,0.03125,0.001673230987256932,0.08842046091676078,3.4781064288843817,3.3699354128801393,2.790712838711976,4.366716747892372
"CONT::ackley::d=10::b=(-5.0,5.0)::seed=389853702",ackley,cont,500,0.1,"PSO_RING(p=20,ring,w=0.72,c1=1.49,c2=1.49)",PSO_RING,0,30,0.0,0.03125,0.0015925061372337743,0.09256482111093542,3.8413766226185357,3.8109934454433643,2.4745395772342254,4.879639419635627
"CONT::ackley::d=10::b=(-5.0,5.0)::seed=389853702",ackley,cont,500,0.1,"PSO_RING(p=40,ring,w=0.72,c1=1.49,c2=1.49)",PSO_RING,0,30,0.0,0.03125,0.001480836858276233,0.08996403719500203,4.8953482884589175,4.8068347712795205,3.6110274017278994,5.990644114347148
"CONT::ackley::d=10::b=(-5.0,5.0)::seed=389853702",ackley,cont,500,0.1,"ES_ML(mu=10,lam=40,sigma=0.3)",ES_ML,0,30,0.0,0.03125,0.001419781390521624,0.09292936325313236,4.442568452673395,4.505940845471109,2.8951455972886433,6.068265889954297
"CONT::ackley::d=10::b=(-5.0,5.0)::seed=389853702",ackley,cont,500,0.1,"ES_ML(mu=20,lam=80,sigma=0.2)",ES_ML,0,30,0.0,0.03125,0.001785993827927176,0.08981160380961961,6.595440277058183,6.658745112627482,3.405501631887614,8.051272869527232
"CONT::ackley::d=5::b=(-30.0,30.0)::seed=861871632",ackley,cont,500,0.1,RS_CONT,RS_CONT,0,30,0.0,0.03125,0.0017120121303962578,0.09029332276153898,13.785631776949446,13.740993226104752,8.590306343547592,17.33392682649882
"CONT::ackley::d=5::b=(-30.0,30.0)::seed=861871632",ackley,cont,500,0.1,HC_CONT(sigma=0.2),HC_CONT,0,30,0.0,0.03125,0.0019046057876540676,0.094673171238588,19.26574744783329,19.380696236644486,17.319931264094162,19.988627404162898
"CONT::ackley::d=5::b=(-30.0,30.0)::seed=861871632",ackley,cont,500,0.1,"SA_CONT(sigma=0.3,T0=1.0,alpha=0.995)",SA_CONT,0,30,0.0,0.03125,0.0015977719592506084,0.09449629137235281,19.11172744993055,19.653747357697675,16.017452006980843,19.97204641628554
"CONT::ackley::d=5::b=(-30.0,30.0)::seed=861871632",ackley,cont,500,0.1,"DE(pop=20,F=0.8,CR=0.9)",DE,0,30,0.0,0.03125,0.0016762522181230086,0.09476074343415428,9.299089377251383,8.655843782059803,4.777279627875156,15.923090346617048
"CONT::ackley::d=5::b=(-30.0,30.0)::seed=861871632",ackley,cont,500,0.1,"DE(pop=40,F=0.8,CR=0.9)",DE,0,30,0.0,0.03125,0.0017787089231947441,0.09716264978134587,14.34531672785097,14.902871937655792,10.212870658737293,17.450938828509987
"CONT::ackley::d=5::b=(-30.0,30.0)::seed=861871632",ackley,cont,500,0.1,"PSO_STD(p=20,w=0.72,c1=1.49,c2=1.49)",PSO_STD,0,30,0.0,0.03125,0.0015659166556751287,0.0915431473820556,3.182660226381067,3.4005886954162183,0.9029246495571077,4.736504865162566
"CONT::ackley::d=5::b=(-30.0,30.0)::seed=861871632",ackley,cont,500,0.1,"PSO_STD(p=40,w=0.72,c1=1.49,c2=1.49)",PSO_STD,0,30,0.0,0.03125,0.001519463664109178,0.0906022038397862,5.529546026281017,5.509272347172022,3.273195393530973,7.682574485455811
"CONT::ackley::d=5::b=(-30.0,30.0)::seed=861871632",ackley,cont,500,0.1,"PSO_RING(p=20,ring,w=0.72,c1=1.49,c2=1.49)",PSO_RING,0,30,0.0,0.03125,0.001764147343961469,0.08970755943432916,5.3791753753922205,5.509375216257464,2.607520084024611,8.13591498338031
"CONT::ackley::d=5::b=(-30.0,30.0)::seed=861871632",ackley,cont,500,0.1,"PSO_RING(p=40,ring,w=0.72,c1=1.49,c2=1.49)",PSO_RING,0,30,0.0,0.03125,0.0016176068208257955,0.0980858901138082,8.602756132536689,8.643267561518627,4.350040439741875,11.414257153903852
"CONT::ackley::d=5::b=(-30.0,30.0)::seed=861871632",ackley,cont,500,0.1,"ES_ML(mu=10,lam=40,sigma=0.3)",ES_ML,0,30,0.0,0.03125,0.0016714196405631142,0.08903563951133457,17.07256728337999,17.177531947414657,12.420829093899664,19.49362172902295
"CONT::ackley::d=5::b=(-30.0,30.0)::seed=861871632",ackley,cont,500,0.1,"ES_ML(mu=20,lam=80,sigma=0.2)",ES_ML,0,30,0.0,0.03125,0.0016551975524841886,0.09177902092458384,17.155377286480885,17.426361558159932,15.044456153521471,18.702992351373265
"CONT::rosenbrock::d=10::b=(-5.0,5.0)::seed=501082359",rosenbrock,cont,500,1.0,RS_CONT,RS_CONT,0,30,0.0,0.03125,0.0017976531193314171,0.09515430703678175,9163.094200979493,9450.066527263338,2707.7944978092055,17397.357147741466
"CONT::rosenbrock::d=10::b=(-5.0,5.0)::seed=501082359",rosenbrock,cont,500,1.0,HC_CONT(sigma=0.2),HC_CONT,0,30,0.0,0.03125,0.0018185702104093157,0.09226780784139799,52.357381017175456,20.080386855556192,12.895383979178995,260.11577327377785
"CONT::rosenbrock::d=10::b=(-5.0,5.0)::seed=501082359",rosenbrock,cont,500,1.0,"SA_CONT(sigma=0.3,T0=1.0,alpha=0.995)",SA_CONT,0,30,0.0,0.03125,0.0013248189494141313,0.09808382731675909,59.16344139945185,30.016907362618987,14.504048950895662,321.5148458158358
"CONT::rosenbrock::d=10::b=(-5.0,5.0)::seed=501082359",rosenbrock,cont,500,1.0,"DE(pop=20,F=0.8,CR=0.9)",DE,0,30,0.0,0.03125,0.0017352007758419284,0.09284375305102568,4357.02058918132,3303.8489775400085,468.3378896796614,10421.22830139794
"CONT::rosenbrock::d=10::b=(-5.0,5.0)::seed=501082359",rosenbrock,cont,500,1.0,"DE(pop=40,F=0.8,CR=0.9)",DE,0,30,0.0,0.03125,0.0016444121786146173,0.08944729511616668,9560.72264007613,8624.286505527258,1854.5467628457718,19540.37597016757
"CONT::rosenbrock::d=10::b=(-5.0,5.0)::seed=501082359",rosenbrock,cont,500,1.0,"PSO_STD(p=20,w=0.72,c1=1.49,c2=1.49)",PSO_STD,0,30,0.0,0.03125,0.001552938732341492,0.09212805707489649,224.8442613088296,186.3382279090688,67.62796480121617,639.7817027460151
"CONT::rosenbrock::d=10::b=(-5.0,5.0)::seed=501082359",rosenbrock,cont,500,1.0,"PSO_STD(p=40,w=0.72,c1=1.49,c2=1.49)",PSO_STD,0,30,0.0,0.03125,0.0014916231996837575,0.09232183170263861,405.728227360874,368.4101953934686,131.0912980139062,826.3173647455425
"CONT::rosenbrock::d=10::b=(-5.0,5.0)::seed=501082359",rosenbrock,cont,500,1.0,"PSO_RING(p=20,ring,w=0.72,c1=1.49,c2=1.49)",PSO_RING,0,30,0.0,0.03125,0.001675061571987713,0.09475525739978774,552.5966870096149,470.9872705782229,131.3283865372382,1480.731987476827
"CONT::rosenbrock::d=10::b=(-5.0,5.0)::seed=501082359",rosenbrock,cont,500,1.0,"PSO_RING(p=40,ring,w=0.72,c1=1.49,c2=1.49)",PSO_RING,0,30,0.0,0.03125,0.0015363371242457986,0.09001813672440198,1856.1668972879531,1750.0692184209731,447.2714976025726,4520.018752851273
"CONT::rosenbrock::d=10::b=(-5.0,5.0)::seed=501082359",rosenbrock,cont,500,1.0,"ES_ML(mu=10,lam=40,sigma=0.3)",ES_ML,0,30,0.0,0.03125,0.0015924231215488237,0.0935737654743921,956.3794164786125,829.2379381182619,210.2220871396505,2861.3867198209073
"CONT::rosenbrock::d=10::b=(-5.0,5.0)::seed=501082359",rosenbrock,cont,500,1.0,"ES_ML(mu=20,lam=80,sigma=0.2)",ES_ML,0,30,0.0,0.03125,0.0013478305843010875,0.0899349716934878,11321.914861914773,11127.498795522693,2309.142967398168,21504.34107392551
"CONT::ackley::d=20::b=(-5.0,5.0)::seed=2032269",ackley,cont,500,0.1,RS_CONT,RS_CONT,0,30,0.0,0.03125,0.0014594012892294313,0.09691086070479489,8.136064311668305,8.162098365476224,7.474468952129419,8.947140139975133
"CONT::ackley::d=20::b=(-5.0,5.0)::seed=2032269",ackley,cont,500,0.1,HC_CONT(sigma=0.2),HC_CONT,0,30,0.0,0.03125,0.0016409102749090044,0.09567219306240957,8.787127433870678,8.802376987266587,7.4182775600949995,10.203163585216851
"CONT::ackley::d=20::b=(-5.0,5.0)::seed=2032269",ackley,cont,500,0.1,"SA_CONT(sigma=0.3,T0=1.0,alpha=0.995)",SA_CONT,0,30,0.0,0.03125,0.0016478603843453842,0.09461564125628846,5.9038552904534525,6.04091736890792,3.3411116317141922,9.140530409987633
"CONT::ackley::d=20::b=(-5.0,5.0)::seed=2032269",ackley,cont,500,0.1,"DE(pop=20,F=0.8,CR=0.9)",DE,0,30,0.0,0.03125,0.001718196321367716,0.09541275424062604,7.459481531483786,7.354009761466232,6.033207982535199,8.983402091500416
"CONT::ackley::d=20::b=(-5.0,5.0)::seed=2032269",ackley,cont,500,0.1,"DE(pop=40,F=0.8,CR=0.9)",DE,0,30,0.0,0.03125,0.0018379115030933554,0.09498291908437655,8.476269338012116,8.5566741061921,7.025410296297588,9.174595978194258
"CONT::ackley::d=20::b=(-5.0,5.0)::seed=2032269",ackley,cont,500,0.1,"PSO_STD(p=20,w=0.72,c1=1.49,c2=1.49)",PSO_STD,0,30,0.0,0.03125,0.0015963533937396132,0.0924135563417223,4.652590522782012,4.60782591598635,3.615702296705568,5.931810946414728
"CONT::ackley::d=20::b=(-5.0,5.0)::seed=2032269",ackley,cont,500,0.1,"PSO_STD(p=40,w=0.72,c1=1.49,c2=1.49)",PSO_STD,0,30,0.0,0.03125,0.0017780184551924965,0.09016154211722777,5.394437204259988,5.412089596485842,4.181833298552348,6.607064177193145
"CONT::ackley::d=20::b=(-5.0,5.0)::seed=2032269",ackley,cont,500,0.1,"PSO_RING(p=20,ring,w=0.72,c1=1.49,c2=1.49)",PSO_RING,0,30,0.0,0.03125,0.0017218501570740313,0.09285095162610964,6.165994357579747,6.091627798141175,4.986478577438042,7.238848781955447
"CONT::ackley::d=20::b=(-5.0,5.0)::seed=2032269",ackley,cont,500,0.1,"PSO_RING(p=40,ring,w=0.72,c1=1.49,c2=1.49)",PSO_RING,0,30,0.0,0.03125,0.0015372917749931969,0.09489890046267399,6.811745809500416,6.829509630536337,5.3808983902159255,7.587009203347693
"CONT::ackley::d=20::b=(-5.0,5.0)::seed=2032269",ackley,cont,500,0.1,"ES_ML(mu=10,lam=40,sigma=0.3)",ES_ML,0,30,0.0,0.03125,0.0016102792057249155,0.0946285866299678,6.527132092642629,6.492328660236131,5.3159568021440435,7.2812588756520995
"CONT::ackley::d=20::b=(-5.0,5.0)::seed=2032269",ackley,cont,500,0.1,"ES_ML(mu=20,lam=80,sigma=0.2)",ES_ML,0,30,0.0,0.03125,0.00177454852951947,0.09149797319603704,7.894924173444985,7.804660873403752,7.15927739986534,8.733346175422986
"CONT::rastrigin::d=20::b=(-5.0,5.0)::seed=555287659",rastrigin,cont,500,0.1,RS_CONT,RS_CONT,0,30,0.0,0.03125,0.001740922960406092,0.09144556610746236,231.90447581887503,235.2611429972859,179.48696237682185,263.76371625701677
"CONT::rastrigin::d=20::b=(-5.0,5.0)::seed=555287659",rastrigin,cont,500,0.1,HC_CONT(sigma=0.2),HC_CONT,0,30,0.0,0.03125,0.0015522894566213055,0.09678559844538284,236.82328101595039,241.32434956593335,174.336791977595,303.2728712053456
"CONT::rastrigin::d=20::b=(-5.0,5.0)::seed=555287659",rastrigin,cont,500,0.1,"SA_CONT(sigma=0.3,T0=1.0,alpha=0.995)",SA_CONT,0,30,0.0,0.03125,0.0015819671706823264,0.0939970748391141,254.01244958065783,252.1848110908523,187.39748906604575,319.6715157161006
"CONT::rastrigin::d=20::b=(-5.0,5.0)::seed=555287659",rastrigin,cont,500,0.1,"DE(pop=20,F=0.8,CR=0.9)",DE,0,30,0.0,0.03125,0.0020241408313453053,0.09220777060438475,232.32064854494556,236.2811244961407,195.61826761781984,262.804755363738
"CONT::rastrigin::d=20::b=(-5.0,5.0)::seed=555287659",rastrigin,cont,500,0.1,"DE(pop=40,F=0.8,CR=0.9)",DE,0,30,0.0,0.03125,0.0016889716457157062,0.09541766192260386,241.89102138448317,243.93152456776153,207.408310328637,269.4844478937627
"CONT::rastrigin::d=20::b=(-5.0,5.0)::seed=555287659",rastrigin,cont,500,0.1,"PSO_STD(p=20,w=0.72,c1=1.49,c2=1.49)",PSO_STD,0,30,0.0,0.03125,0.0016019580472918123,0.09225074135279428,178.38441787819895,181.52454164026722,107.77722292070943,235.12474359439705
"CONT::rastrigin::d=20::b=(-5.0,5.0)::seed=555287659",rastrigin,cont,500,0.1,"PSO_STD(p=40,w=0.72,c1=1.49,c2=1.49)",PSO_STD,0,30,0.0,0.03125,0.0018194454780486918,0.08526184600218309,187.85878866059952,182.96234534665902,143.41020101241958,242.5759916452791
"CONT::rastrigin::d=20::b=(-5.0,5.0)::seed=555287659",rastrigin,cont,500,0.1,"PSO_RING(p=20,ring,w=0.72,c1=1.49,c2=1.49)",PSO_RING,0,30,0.0,0.03125,0.0019256414094929917,0.09227599420099818,188.42113496076374,187.27126096993277,148.1998765675917,224.48105243637235
"CONT::rastrigin::d=20::b=(-5.0,5.0)::seed=555287659",rastrigin,cont,500,0.1,"PSO_RING(p=40,ring,w=0.72,c1=1.49,c2=1.49)",PSO_RING,0,30,0.0,0.03125,0.0015250638441989225,0.09152171672717938,202.91511869608024,206.31060215575866,141.59551485631727,232.90771409710146
"CONT::rastrigin::d=20::b=(-5.0,5.0)::seed=555287659",rastrigin,cont,500,0.1,"ES_ML(mu=10,lam=40,sigma=0.3)",ES_ML,0,30,0.0,0.03125,0.001508639230559586,0.08864755903309417,202.6406573559422,205.86595289481164,166.80460150083005,233.0663948444894
"CONT::rastrigin::d=20::b=(-5.0,5.0)::seed=555287659",rastrigin,cont,500,0.1,"ES_ML(mu=20,lam=80,sigma=0.2)",ES_ML,0,30,0.0,0.03125,0.0016033751898281697,0.09321915273039635,201.3801958477199,199.24672571474224,168.4622937196898,244.39549508567038
"CONT::ackley::d=20::b=(-10.0,10.0)::seed=893586330",ackley,cont,500,0.1,RS_CONT,RS_CONT,0,30,0.0,0.03125,0.0015280958552655515,0.09539506578167549,12.357033685357083,12.475766353470574,10.902944151526741,13.180111322078563
"CONT::ackley::d=20::b=(-10.0,10.0)::seed=893586330",ackley,cont,500,0.1,HC_CONT(sigma=0.2),HC_CONT,0,30,0.0,0.03125,0.0016799099905317387,0.09237501680904583,14.299650241075348,14.454671674870365,12.41325381287986,15.897536784752
"CONT::ackley::d=20::b=(-10.0,10.0)::seed=893586330",ackley,cont,500,0.1,"SA_CONT(sigma=0.3,T0=1.0,alpha=0.995)",SA_CONT,0,30,0.0,0.03125,0.0016386187624292511,0.09411212462701402,11.760074759876838,12.109065299196217,8.387099463665752,14.743144682555634
"CONT::ackley::d=20::b=(-10.0,10.0)::seed=893586330",ackley,cont,500,0.1,"DE(pop=20,F=0.8,CR=0.9)",DE,0,30,0.0,0.03125,0.0015239143190328706,0.09575167620483487,11.967112754296796,12.018040362316732,10.175623277350418,13.084520860293217
"CONT::ackley::d=20::b=(-10.0,10.0)::seed=893586330",ackley,cont,500,0.1,"DE(pop=40,F=0.8,CR=0.9)",DE,0,30,0.0,0.03125,0.0016291638235577017,0.09422881264759259,13.151628047966426,13.174123266514993,11.615058053062535,13.905969783668581
"CONT::ackley::d=20::b=(-10.0,10.0)::seed=893586330",ackley,cont,500,0.1,"PSO_STD(p=20,w=0.72,c1=1.49,c2=1.49)",PSO_STD,0,30,0.0,0.03125,0.0014633995046025204,0.08992638292839379,6.8970908340885435,6.787085800621634,5.783445350058376,8.475899282654192
"CONT::ackley::d=20::b=(-10.0,10.0)::seed=893586330",ackley,cont,500,0.1,"PSO_STD(p=40,w=0.72,c1=1.49,c2=1.49)",PSO_STD,0,30,0.0,0.03125,0.0014059304698126047,0.09113274736526814,8.189738371505625,8.166795956913315,6.633127195204427,11.52545282622354
"CONT::ackley::d=20::b=(-10.0,10.0)::seed=893586330",ackley,cont,500,0.1,"PSO_RING(p=20,ring,w=0.72,c1=1.49,c2=1.49)",PSO_RING,0,30,0.0,0.03125,0.001665820268112461,0.09467600818013226,9.438521883150996,9.448487281450657,7.412831572025219,10.638944361604576
"CONT::ackley::d=20::b=(-10.0,10.0)::seed=893586330",ackley,cont,500,0.1,"PSO_RING(p=40,ring,w=0.72,c1=1.49,c2=1.49)",PSO_RING,0,30,0.0,0.03125,0.0015328084722360201,0.09166975712822606,10.638336724486452,10.707532727716591,9.081948366502292,11.964553773608507
"CONT::ackley::d=20::b=(-10.0,10.0)::seed=893586330",ackley,cont,500,0.1,"ES_ML(mu=10,lam=40,sigma=0.3)",ES_ML,0,30,0.0,0.03125,0.0016630607533195466,0.09187708290666408,11.966596505962332,11.939229820132507,10.369133523614682,13.420105032575812
"CONT::ackley::d=20::b=(-10.0,10.0)::seed=893586330",ackley,cont,500,0.1,"ES_ML(mu=20,lam=80,sigma=0.2)",ES_ML,0,30,0.0,0.03125,0.0017031316354170329,0.08563759225207052,12.796902798457806,12.691896513174754,11.787379754061025,13.995615996708429
"CONT::sphere::d=5::b=(-30.0,30.0)::seed=760377672",sphere,cont,500,0.01,RS_CONT,RS_CONT,0,30,0.0,0.03125,0.001601819393239342,0.0908686620996652,133.17987474729358,134.5686101194273,43.586938888809456,305.82385979584495
"CONT::sphere::d=5::b=(-30.0,30.0)::seed=760377672",sphere,cont,500,0.01,HC_CONT(sigma=0.2),HC_CONT,0,30,0.0,0.03125,0.0015149226229077945,0.08999072116032052,29.711797568252354,2.085386530664441,0.01384249926155668,199.8026245746425
"CONT::sphere::d=5::b=(-30.0,30.0)::seed=760377672",sphere,cont,500,0.01,"SA_CONT(sigma=0.3,T0=1.0,alpha=0.995)",SA_CONT,1,30,0.03333333333333333,0.0625,0.011027574243843956,0.14992030129177186,0.08054143999552212,0.06141843749851511,0.006699968817565974,0.1794531603314307
"CONT::sphere::d=5::b=(-30.0,30.0)::seed=760377672",sphere,cont,500,0.01,"DE(pop=20,F=0.8,CR=0.9)",DE,0,30,0.0,0.03125,0.0018364886624507785,0.08984063666672798,21.337808527219433,19.97595236615144,4.623225522494768,61.25178710355939
"CONT::sphere::d=5::b=(-30.0,30.0)::seed=760377672",sphere,cont,500,0.01,"DE(pop=40,F=0.8,CR=0.9)",DE,0,30,0.0,0.03125,0.0015085525466714703,0.09160801777274558,93.43110766792954,80.01842947275571,29.954914144848523,244.77515454579853
"CONT::sphere::d=5::b=(-30.0,30.0)::seed=760377672",sphere,cont,500,0.01,"PSO_STD(p=20,w=0.72,c1=1.49,c2=1.49)",PSO_STD,0,30,0.0,0.03125,0.0020492203882469195,0.09361187617575156,1.0508427436780432,0.6807722434952761,0.07343181556560144,3.545999456650515
"CONT::sphere::d=5::b=(-30.0,30.0)::seed=760377672",sphere,cont,500,0.01,"PSO_STD(p=40,w=0.72,c1=1.49,c2=1.49)",PSO_STD,0,30,0.0,0.03125,0.0015702067239834155,0.0939995404247551,5.532017163637514,5.121760838454831,1.2057778557371768,13.787064343114949
"CONT::sphere::d=5::b=(-30.0,30.0)::seed=760377672",sphere,cont,500,0.01,"PSO_RING(p=20,ring,w=0.72,c1=1.49,c2=1.49)",PSO_RING,0,30,0.0,0.03125,0.0012528296672112452,0.09330609884934647,5.009679448719976,3.3322750695573364,0.5641819087529889,12.506114864715167
"CONT::sphere::d=5::b=(-30.0,30.0)::seed=760377672",sphere,cont,500,0.01,"PSO_RING(p=40,ring,w=0.72,c1=1.49,c2=1.49)",PSO_RING,0,30,0.0,0.03125,0.001627624445831657,0.08892348101310879,19.514779105100057,13.176460613845151,3.4463815341611683,73.00802337051664
"CONT::sphere::d=5::b=(-30.0,30.0)::seed=760377672",sphere,cont,500,0.01,"ES_ML(mu=10,lam=40,sigma=0.3)",ES_ML,0,30,0.0,0.03125,0.0014818848829619585,0.08814716099441063,350.19064863101516,324.75604902143823,26.613974944822377,713.0401533149005
"CONT::sphere::d=5::b=(-30.0,30.0)::seed=760377672",sphere,cont,500,0.01,"ES_ML(mu=20,lam=80,sigma=0.2)",ES_ML,0,30,0.0,0.03125,0.0015258400542539688,0.09538448151369713,452.75196779452654,393.92072351006505,88.56375428221278,992.856064734422
"CONT::levy::d=5::b=(-10.0,10.0)::seed=988640308",levy,cont,500,1.0,RS_CONT,RS_CONT,0,30,0.0,0.03125,0.0016394000008421279,0.09059597608858437,3.708998493122716,3.6200920600560176,1.1850718792829515,7.359903304298281
"CONT::levy::d=5::b=(-10.0,10.0)::seed=988640308",levy,cont,500,1.0,HC_CONT(sigma=0.2),HC_CONT,1,30,0.03333333333333333,0.0625,0.012525890269263058,0.1406075938518882,9.642124596649886,9.861835291190493,0.466265545579091,19.966295348827796
"CONT::levy::d=5::b=(-10.0,10.0)::seed=988640308",levy,cont,500,1.0,"SA_CONT(sigma=0.3,T0=1.0,alpha=0.995)",SA_CONT,0,30,0.0,0.03125,0.0014904372110083447,0.09291713565701333,8.715936572929513,8.325698955894424,1.7871611976893547,24.432824183302408
"CONT::levy::d=5::b=(-10.0,10.0)::seed=988640308",levy,cont,500,1.0,"DE(pop=20,F=0.8,CR=0.9)",DE,9,30,0.3,0.3125,0.18614072135602286,0.4546268306466242,1.3828573523126775,1.3760447770154238,0.18690591572132922,3.733956859095925
"CONT::levy::d=5::b=(-10.0,10.0)::seed=988640308",levy,cont,500,1.0,"DE(pop=40,F=0.8,CR=0.9)",DE,3,30,0.1,0.125,0.04513755655641792,0.2234143384223127,2.7187264987359123,2.7188071958297497,0.5335035560819223,5.076629520523891
"CONT::levy::d=5::b=(-10.0,10.0)::seed=988640308",levy,cont,500,1.0,"PSO_STD(p=20,w=0.72,c1=1.49,c2=1.49)",PSO_STD,30,30,1.0,0.96875,0.9075783567875281,0.9983935424376966,0.08101335871082287,0.05157080107396493,0.007340294942515749,0.25604144637914644
"CONT::levy::d=5::b=(-10.0,10.0)::seed=988640308",levy,cont,500,1.0,"PSO_STD(p=40,w=0.72,c1=1.49,c2=1.49)",PSO_STD,30,30,1.0,0.96875,0.9114778851494849,0.998585800211351,0.28179033161962774,0.2559149958605663,0.07690166349813529,0.7332015493998509
"CONT::levy::d=5::b=(-10.0,10.0)::seed=988640308",levy,cont,500,1.0,"PSO_RING(p=20,ring,w=0.72,c1=1.49,c2=1.49)",PSO_RING,29,30,0.9666666666666667,0.9375,0.8594458566114669,0.9886654757889137,0.35499240562017337,0.28710151946497886,0.10256675411651849,1.4375191933113647
"CONT::levy::d=5::b=(-10.0,10.0)::seed=988640308",levy,cont,500,1.0,"PSO_RING(p=40,ring,w=0.72,c1=1.49,c2=1.49)",PSO_RING,19,30,0.6333333333333333,0.625,0.47330629227103627,0.7593347121319775,0.9165412454335002,0.7221230655250304,0.12892208685329987,2.116626812733254
"CONT::levy::d=5::b=(-10.0,10.0)::seed=988640308",levy,cont,500,1.0,"ES_ML(mu=10,lam=40,sigma=0.3)",ES_ML,6,30,0.2,0.21875,0.10881137286336637,0.34413779010703105,4.483541588187079,4.406072560481238,0.059257862565243846,10.560199544770382
"CONT::levy::d=5::b=(-10.0,10.0)::seed=988640308",levy,cont,500,1.0,"ES_ML(mu=20,lam=80,sigma=0.2)",ES_ML,0,30,0.0,0.03125,0.001623384445762724,0.08855902330271917,5.124545839784168,4.305423143447298,2.258779698662116,10.232128034331355
"CONT::levy::d=20::b=(-30.0,30.0)::seed=927044702",levy,cont,500,1.0,RS_CONT,RS_CONT,0,30,0.0,0.03125,0.0014546416846909084,0.08725106736749945,745.0116570745802,762.6116676281272,528.2178496617113,976.7686799231685
"CONT::levy::d=20::b=(-30.0,30.0)::seed=927044702",levy,cont,500,1.0,HC_CONT(sigma=0.2),HC_CONT,0,30,0.0,0.03125,0.0015475857007803376,0.0882509639155971,462.2351180648977,444.77513950350533,265.9061678118408,666.6551066192495
"CONT::levy::d=20::b=(-30.0,30.0)::seed=927044702",levy,cont,500,1.0,"SA_CONT(sigma=0.3,T0=1.0,alpha=0.995)",SA_CONT,0,30,0.0,0.03125,0.0013086614104624668,0.09295377706837546,496.07417130689316,473.53847602028594,267.05495712763894,793.0758161987816
"CONT::levy::d=20::b=(-30.0,30.0)::seed=927044702",levy,cont,500,1.0,"DE(pop=20,F=0.8,CR=0.9)",DE,0,30,0.0,0.03125,0.001765382265479986,0.08981441232190233,892.0224974981454,917.8300545927461,442.6970841582912,1227.394427749609
"CONT::levy::d=20::b=(-30.0,30.0)::seed=927044702",levy,cont,500,1.0,"DE(pop=40,F=0.8,CR=0.9)",DE,0,30,0.0,0.03125,0.001787203603636657,0.09383348188429225,926.7273105625612,919.9820970699884,555.5735196347434,1370.9773039443717
"CONT::levy::d=20::b=(-30.0,30.0)::seed=927044702",levy,cont,500,1.0,"PSO_STD(p=20,w=0.72,c1=1.49,c2=1.49)",PSO_STD,0,30,0.0,0.03125,0.0016317906255513051,0.08790662443891953,296.3927532327963,275.2628681307901,81.82396995901995,739.6521678368179
"CONT::levy::d=20::b=(-30.0,30.0)::seed=927044702",levy,cont,500,1.0,"PSO_STD(p=40,w=0.72,c1=1.49,c2=1.49)",PSO_STD,0,30,0.0,0.03125,0.0015588131522634812,0.09110776001207659,335.3267180397662,328.92218602550145,129.5339063324568,542.0849169454987
"CONT::levy::d=20::b=(-30.0,30.0)::seed=927044702",levy,cont,500,1.0,"PSO_RING(p=20,ring,w=0.72,c1=1.49,c2=1.49)",PSO_RING,0,30,0.0,0.03125,0.0014579569604313753,0.0875476025115346,422.9130279678606,441.5098816941805,165.15321504183092,629.3919469898008
"CONT::levy::d=20::b=(-30.0,30.0)::seed=927044702",levy,cont,500,1.0,"PSO_RING(p=40,ring,w=0.72,c1=1.49,c2=1.49)",PSO_RING,0,30,0.0,0.03125,0.0016591859320943048,0.09237617002070155,536.3653879480178,536.2694815750503,325.10244491092584,735.15394750212
"CONT::levy::d=20::b=(-30.0,30.0)::seed=927044702",levy,cont,500,1.0,"ES_ML(mu=10,lam=40,sigma=0.3)",ES_ML,0,30,0.0,0.03125,0.0016881758811327088,0.09138345430274612,498.10474653923274,466.29566032393694,320.2293092525012,802.2085475602586
"CONT::levy::d=20::b=(-30.0,30.0)::seed=927044702",levy,cont,500,1.0,"ES_ML(mu=20,lam=80,sigma=0.2)",ES_ML,0,30,0.0,0.03125,0.0019169735814846627,0.09137630731717145,687.4664889467161,702.7408710396381,289.2476538212327,986.5280537145138
"CONT::sphere::d=10::b=(-30.0,30.0)::seed=145477475",sphere,cont,500,0.01,RS_CONT,RS_CONT,0,30,0.0,0.03125,0.001761103846249579,0.09231869069683578,780.8008760164297,796.8144834572115,485.92052049265715,1169.7076929845105
"CONT::sphere::d=10::b=(-30.0,30.0)::seed=145477475",sphere,cont,500,0.01,HC_CONT(sigma=0.2),HC_CONT,0,30,0.0,0.03125,0.0015718635940567501,0.09565202997020691,315.8522310702131,212.989994998846,2.033817945036033,1020.4732831478702
"CONT::sphere::d=10::b=(-30.0,30.0)::seed=145477475",sphere,cont,500,0.01,"SA_CONT(sigma=0.3,T0=1.0,alpha=0.995)",SA_CONT,0,30,0.0,0.03125,0.0017754262462798703,0.09472500231904105,37.544713115384944,10.376862480629898,0.13633239520438842,281.10741866255853
"CONT::sphere::d=10::b=(-30.0,30.0)::seed=145477475",sphere,cont,500,0.01,"DE(pop=20,F=0.8,CR=0.9)",DE,0,30,0.0,0.03125,0.0016761022194026292,0.09640701007026703,459.84251852148947,476.25856908294384,197.03119739960025,794.7123312168492
"CONT::sphere::d=10::b=(-30.0,30.0)::seed=145477475",sphere,cont,500,0.01,"DE(pop=40,F=0.8,CR=0.9)",DE,0,30,0.0,0.03125,0.0013697816559550763,0.0974071123655537,771.0704690982024,759.9682986507185,392.56729160625133,1284.1982507027199
"CONT::sphere::d=10::b=(-30.0,30.0)::seed=145477475",sphere,cont,500,0.01,"PSO_STD(p=20,w=0.72,c1=1.49,c2=1.49)",PSO_STD,0,30,0.0,0.03125,0.0015465249889922966,0.09206527977356993,30.78721269269173,26.1984651609024,8.981584041486691,77.07097146585255
"CONT::sphere::d=10::b=(-30.0,30.0)::seed=145477475",sphere,cont,500,0.01,"PSO_STD(p=40,w=0.72,c1=1.49,c2=1.49)",PSO_STD,0,30,0.0,0.03125,0.00165052168562081,0.09293852328437387,89.81881238816673,85.64007292167503,44.07855674884698,146.31174556589093
"CONT::sphere::d=10::b=(-30.0,30.0)::seed=145477475",sphere,cont,500,0.01,"PSO_RING(p=20,ring,w=0.72,c1=1.49,c2=1.49)",PSO_RING,0,30,0.0,0.03125,0.0014293778925990421,0.0928376692924196,149.2629359929376,133.5368849537843,31.693235419968687,317.76458456466645
"CONT::sphere::d=10::b=(-30.0,30.0)::seed=145477475",sphere,cont,500,0.01,"PSO_RING(p=40,ring,w=0.72,c1=1.49,c2=1.49)",PSO_RING,0,30,0.0,0.03125,0.0015510700916045912,0.08960580024127675,273.8385352619205,261.5288065326499,100.695223207777,500.34939583285677
"CONT::sphere::d=10::b=(-30.0,30.0)::seed=145477475",sphere,cont,500,0.01,"ES_ML(mu=10,lam=40,sigma=0.3)",ES_ML,0,30,0.0,0.03125,0.0014553933965439803,0.08458019539419358,1201.4534372376866,1226.1619870729369,455.5140705115843,1876.6723171756842
"CONT::sphere::d=10::b=(-30.0,30.0)::seed=145477475",sphere,cont,500,0.01,"ES_ML(mu=20,lam=80,sigma=0.2)",ES_ML,0,30,0.0,0.03125,0.001847975921196168,0.08849296782172066,1336.2712059732958,1342.4782421485727,719.5035058762851,1967.8260674487042
"CONT::rosenbrock::d=10::b=(-10.0,10.0)::seed=807492292",rosenbrock,cont,500,1.0,RS_CONT,RS_CONT,0,30,0.0,0.03125,0.0015433568614163348,0.09800777558872872,133295.11991922886,132135.42898034092,20626.83659569479,228240.88155278566
"CONT::rosenbrock::d=10::b=(-10.0,10.0)::seed=807492292",rosenbrock,cont,500,1.0,HC_CONT(sigma=0.2),HC_CONT,0,30,0.0,0.03125,0.001626504883636839,0.09178985661989732,123.54593339632085,86.90444735306491,12.56906902188896,407.48870140089184
"CONT::rosenbrock::d=10::b=(-10.0,10.0)::seed=807492292",rosenbrock,cont,500,1.0,"SA_CONT(sigma=0.3,T0=1.0,alpha=0.995)",SA_CONT,0,30,0.0,0.03125,0.0018064163753610436,0.09222480432253648,115.90495221229403,38.96018524382558,16.518030905762014,632.0710065520396
"CONT::rosenbrock::d=10::b=(-10.0,10.0)::seed=807492292",rosenbrock,cont,500,1.0,"DE(pop=20,F=0.8,CR=0.9)",DE,0,30,0.0,0.03125,0.00164749527005486,0.09407821704372296,64758.320132958586,57240.25314642753,15542.855017211317,149019.95203726453
"CONT::rosenbrock::d=10::b=(-10.0,10.0)::seed=807492292",rosenbrock,cont,500,1.0,"DE(pop=40,F=0.8,CR=0.9)",DE,0,30,0.0,0.03125,0.0016898804772385108,0.09058484558788492,154483.0374472285,134600.91632873414,43696.22950447498,445251.49352872715
"CONT::rosenbrock::d=10::b=(-10.0,10.0)::seed=807492292",rosenbrock,cont,500,1.0,"PSO_STD(p=20,w=0.72,c1=1.49,c2=1.49)",PSO_STD,0,30,0.0,0.03125,0.0016013626309669157,0.0928157144586564,1780.5579407366847,795.5402406603577,208.02324438111066,11248.11049632074
"CONT::rosenbrock::d=10::b=(-10.0,10.0)::seed=807492292",rosenbrock,cont,500,1.0,"PSO_STD(p=40,w=0.72,c1=1.49,c2=1.49)",PSO_STD,0,30,0.0,0.03125,0.0016469917276784503,0.09511287259776552,2785.386834585852,1821.2893802719914,795.2235206829585,12812.365643762349
"CONT::rosenbrock::d=10::b=(-10.0,10.0)::seed=807492292",rosenbrock,cont,500,1.0,"PSO_RING(p=20,ring,w=0.72,c1=1.49,c2=1.49)",PSO_RING,0,30,0.0,0.03125,0.0017256920801209461,0.0911231467967765,6751.817604055859,5127.766526803988,1050.989396460284,21295.007797678314
"CONT::rosenbrock::d=10::b=(-10.0,10.0)::seed=807492292",rosenbrock,cont,500,1.0,"PSO_RING(p=40,ring,w=0.72,c1=1.49,c2=1.49)",PSO_RING,0,30,0.0,0.03125,0.002028948350516499,0.09539271768891971,17617.496334602685,14992.218494960798,6230.556052507114,51717.01383434243
"CONT::rosenbrock::d=10::b=(-10.0,10.0)::seed=807492292",rosenbrock,cont,500,1.0,"ES_ML(mu=10,lam=40,sigma=0.3)",ES_ML,0,30,0.0,0.03125,0.001899862368269224,0.09345657114422477,49801.85034660672,40019.52485557216,4855.359700799336,197017.59030459527
"CONT::rosenbrock::d=10::b=(-10.0,10.0)::seed=807492292",rosenbrock,cont,500,1.0,"ES_ML(mu=20,lam=80,sigma=0.2)",ES_ML,0,30,0.0,0.03125,0.0021085501402087208,0.09293175948589215,280101.9212987158,305588.6926769732,6447.875690313507,540088.0974621618
"CONT::sphere::d=5::b=(-30.0,30.0)::seed=570836870",sphere,cont,500,0.01,RS_CONT,RS_CONT,0,30,0.0,0.03125,0.0016196509724831602,0.08930143070768272,147.6146834068816,139.04133483806848,49.17123678301555,267.7414640302771
"CONT::sphere::d=5::b=(-30.0,30.0)::seed=570836870",sphere,cont,500,0.01,HC_CONT(sigma=0.2),HC_CONT,1,30,0.03333333333333333,0.0625,0.012176334632565167,0.14202211491996536,21.63203472801772,0.2733316911449442,0.007684775029883532,179.44742900023127
"CONT::sphere::d=5::b=(-30.0,30.0)::seed=570836870",sphere,cont,500,0.01,"SA_CONT(sigma=0.3,T0=1.0,alpha=0.995)",SA_CONT,0,30,0.0,0.03125,0.0018325808533044793,0.09613257043011257,0.09206242531524174,0.08881689688286543,0.025418385423957978,0.1897899986620879
"CONT::sphere::d=5::b=(-30.0,30.0)::seed=570836870",sphere,cont,500,0.01,"DE(pop=20,F=0.8,CR=0.9)",DE,0,30,0.0,0.03125,0.001632297877124898,0.09647280660555704,20.24308505450801,18.09729961887335,5.428021293220182,39.321815806763006
"CONT::sphere::d=5::b=(-30.0,30.0)::seed=570836870",sphere,cont,500,0.01,"DE(pop=40,F=0.8,CR=0.9)",DE,0,30,0.0,0.03125,0.0016364851161753309,0.08767841716873187,89.0519560240415,82.82023908588256,17.103720327453875,229.93803124419023
"CONT::sphere::d=5::b=(-30.0,30.0)::seed=570836870",sphere,cont,500,0.01,"PSO_STD(p=20,w=0.72,c1=1.49,c2=1.49)",PSO_STD,0,30,0.0,0.03125,0.0016594048972202974,0.10123866321500725,1.0980899132500685,1.0848221613113127,0.21382762631845542,3.6407341337651395
"CONT::sphere::d=5::b=(-30.0,30.0)::seed=570836870",sphere,cont,500,0.01,"PSO_STD(p=40,w=0.72,c1=1.49,c2=1.49)",PSO_STD,0,30,0.0,0.03125,0.0019007839086755912,0.08925106640451422,5.125931265570388,4.014562907213449,0.8138222225078879,15.105621759242641
"CONT::sphere::d=5::b=(-30.0,30.0)::seed=570836870",sphere,cont,500,0.01,"PSO_RING(p=20,ring,w=0.72,c1=1.49,c2=1.49)",PSO_RING,0,30,0.0,0.03125,0.0014948372287938788,0.09073736588406656,5.8987294500963285,5.222432297276336,1.6297879736686107,15.313794657202997
"CONT::sphere::d=5::b=(-30.0,30.0)::seed=570836870",sphere,cont,500,0.01,"PSO_RING(p=40,ring,w=0.72,c1=1.49,c2=1.49)",PSO_RING,0,30,0.0,0.03125,0.0015871955146348963,0.0889791275281178,25.142203807371327,22.62342468297878,6.091351047207012,60.16957079850369
"CONT::sphere::d=5::b=(-30.0,30.0)::seed=570836870",sphere,cont,500,0.01,"ES_ML(mu=10,lam=40,sigma=0.3)",ES_ML,0,30,0.0,0.03125,0.0015228523100742901,0.09534686543434442,316.85572673226494,282.02864228621075,40.335461954881566,620.4816894839863
"CONT::sphere::d=5::b=(-30.0,30.0)::seed=570836870",sphere,cont,500,0.01,"ES_ML(mu=20,lam=80,sigma=0.2)",ES_ML,0,30,0.0,0.03125,0.001804012872312783,0.0935049207133637,438.98113180074756,446.92284150591286,138.8943397187557,768.652978750952
"CONT::sphere::d=5::b=(-30.0,30.0)::seed=617278981",sphere,cont,500,0.01,RS_CONT,RS_CONT,0,30,0.0,0.03125,0.0017930709035525805,0.09234052224535703,135.5383248330229,127.15950395806013,2.189610489078803,250.6557920299329
"CONT::sphere::d=5::b=(-30.0,30.0)::seed=617278981",sphere,cont,500,0.01,HC_CONT(sigma=0.2),HC_CONT,0,30,0.0,0.03125,0.001978307850118112,0.0947815796456351,34.65258578328329,2.5628803157950912,0.010324157332656451,300.043491167039
"CONT::sphere::d=5::b=(-30.0,30.0)::seed=617278981",sphere,cont,500,0.01,"SA_CONT(sigma=0.3,T0=1.0,alpha=0.995)",SA_CONT,0,30,0.0,0.03125,0.001717058827366994,0.09226980803933628,0.12060496221304255,0.07877047567228218,0.010925618375267607,1.3262633115102256
"CONT::sphere::d=5::b=(-30.0,30.0)::seed=617278981",sphere,cont,500,0.01,"DE(pop=20,F=0.8,CR=0.9)",DE,0,30,0.0,0.03125,0.0017626246182379393,0.08670066472423507,23.444310612344314,20.266341608248208,6.61574283664879,53.6561560508234
"CONT::sphere::d=5::b=(-30.0,30.0)::seed=617278981",sphere,cont,500,0.01,"DE(pop=40,F=0.8,CR=0.9)",DE,0,30,0.0,0.03125,0.0015705033176084803,0.09100171262362385,84.43451190389078,80.38740253556702,29.763066202976006,242.5592576427504
"CONT::sphere::d=5::b=(-30.0,30.0)::seed=617278981",sphere,cont,500,0.01,"PSO_STD(p=20,w=0.72,c1=1.49,c2=1.49)",PSO_STD,0,30,0.0,0.03125,0.001801934980051762,0.09554809241627914,1.2333287206022112,0.8940116255848467,0.09681588515193547,4.718575843252154
"CONT::sphere::d=5::b=(-30.0,30.0)::seed=617278981",sphere,cont,500,0.01,"PSO_STD(p=40,w=0.72,c1=1.49,c2=1.49)",PSO_STD,0,30,0.0,0.03125,0.0017304588304185612,0.09395629520867427,4.660473719246359,4.041907506850445,0.6663698106426321,12.996572140405235
"CONT::sphere::d=5::b=(-30.0,30.0)::seed=617278981",sphere,cont,500,0.01,"PSO_RING(p=20,ring,w=0.72,c1=1.49,c2=1.49)",PSO_RING,0,30,0.0,0.03125,0.0017374508800603338,0.09016012297956018,4.643001483410974,3.5173743555464405,0.931978584918414,15.485210557330648
"CONT::sphere::d=5::b=(-30.0,30.0)::seed=617278981",sphere,cont,500,0.01,"PSO_RING(p=40,ring,w=0.72,c1=1.49,c2=1.49)",PSO_RING,0,30,0.0,0.03125,0.001620405064056389,0.0944317042834501,17.510930384567573,16.853545795900963,3.666637837354715,33.822043911473074
"CONT::sphere::d=5::b=(-30.0,30.0)::seed=617278981",sphere,cont,500,0.01,"ES_ML(mu=10,lam=40,sigma=0.3)",ES_ML,0,30,0.0,0.03125,0.0014752467527208836,0.08735409507479756,336.17558701881285,309.22060042387125,118.54547915856081,855.323389987281
"CONT::sphere::d=5::b=(-30.0,30.0)::seed=617278981",sphere,cont,500,0.01,"ES_ML(mu=20,lam=80,sigma=0.2)",ES_ML,0,30,0.0,0.03125,0.0016135161306379423,0.09263887216558783,438.3936232014709,424.4660369213565,120.39300403830137,895.8046881232559
"CONT::rosenbrock::d=5::b=(-5.0,5.0)::seed=157928884",rosenbrock,cont,500,1.0,RS_CONT,RS_CONT,0,30,0.0,0.03125,0.0020178478133819305,0.09001931482661671,437.4099303810898,396.50282308818225,68.72690917715015,1089.260326294007
"CONT::rosenbrock::d=5::b=(-5.0,5.0)::seed=157928884",rosenbrock,cont,500,1.0,HC_CONT(sigma=0.2),HC_CONT,0,30,0.0,0.03125,0.0015973655983723691,0.0898782255438354,10.130484052501133,3.9544514215342987,1.668089134729019,191.38574109499547
"CONT::rosenbrock::d=5::b=(-5.0,5.0)::seed=157928884",rosenbrock,cont,500,1.0,"SA_CONT(sigma=0.3,T0=1.0,alpha=0.995)",SA_CONT,0,30,0.0,0.03125,0.0019597511686654297,0.09278615677972606,11.009205017392082,4.924312352929638,1.745066737640364,102.11867397031092
"CONT::rosenbrock::d=5::b=(-5.0,5.0)::seed=157928884",rosenbrock,cont,500,1.0,"DE(pop=20,F=0.8,CR=0.9)",DE,0,30,0.0,0.03125,0.0018682220466178486,0.09291909792280527,70.62162680242054,57.1068967197122,6.465275583977871,256.9519815752478
"CONT::rosenbrock::d=5::b=(-5.0,5.0)::seed=157928884",rosenbrock,cont,500,1.0,"DE(pop=40,F=0.8,CR=0.9)",DE,0,30,0.0,0.03125,0.001410650217149947,0.09180116853492909,252.26534205237533,161.93749496974726,25.872565488781646,1131.6100824140192
"CONT::rosenbrock::d=5::b=(-5.0,5.0)::seed=157928884",rosenbrock,cont,500,1.0,"PSO_STD(p=20,w=0.72,c1=1.49,c2=1.49)",PSO_STD,1,30,0.03333333333333333,0.0625,0.01101093734226276,0.14521551907311808,25.02612129588529,6.290768051827649,0.8001140870941598,487.85704122797216
"CONT::rosenbrock::d=5::b=(-5.0,5.0)::seed=157928884",rosenbrock,cont,500,1.0,"PSO_STD(p=40,w=0.72,c1=1.49,c2=1.49)",PSO_STD,0,30,0.0,0.03125,0.001670669498054096,0.09136075844698777,39.997487579061826,11.746975404767795,3.5886888366986445,447.6437146867656
"CONT::rosenbrock::d=5::b=(-5.0,5.0)::seed=157928884",rosenbrock,cont,500,1.0,"PSO_RING(p=20,ring,w=0.72,c1=1.49,c2=1.49)",PSO_RING,0,30,0.0,0.03125,0.0018520473476457025,0.09577909386918959,19.20324447355428,14.442211571151319,3.0774956192584413,61.436005762947644
"CONT::rosenbrock::d=5::b=(-5.0,5.0)::seed=157928884",rosenbrock,cont,500,1.0,"PSO_RING(p=40,ring,w=0.72,c1=1.49,c2=1.49)",PSO_RING,0,30,0.0,0.03125,0.001940592509020957,0.08760375642675355,73.44065535060312,64.32879618100966,11.44612543881843,228.49917616049774
"CONT::rosenbrock::d=5::b=(-5.0,5.0)::seed=157928884",rosenbrock,cont,500,1.0,"ES_ML(mu=10,lam=40,sigma=0.3)",ES_ML,0,30,0.0,0.03125,0.0017550209291325152,0.0944204121725496,43.541461128157465,18.01124606820715,4.165230315318135,210.12255934021022
"CONT::rosenbrock::d=5::b=(-5.0,5.0)::seed=157928884",rosenbrock,cont,500,1.0,"ES_ML(mu=20,lam=80,sigma=0.2)",ES_ML,0,30,0.0,0.03125,0.0015747824871097575,0.09497186096988769,450.7165995716546,308.13469512892084,84.6641180581397,1373.6685664062747
"CONT::griewank::d=20::b=(-30.0,30.0)::seed=69695519",griewank,cont,500,0.1,RS_CONT,RS_CONT,0,30,0.0,0.03125,0.0018063056926987849,0.08966512011084464,1.671999610010883,1.6828548957872473,1.5063411055835387,1.7667005743575823
"CONT::griewank::d=20::b=(-30.0,30.0)::seed=69695519",griewank,cont,500,0.1,HC_CONT(sigma=0.2),HC_CONT,0,30,0.0,0.03125,0.0015632869541379174,0.090031720569582,1.3601462577645953,1.3773456400465096,0.9127700364578222,1.5632807041909027
"CONT::griewank::d=20::b=(-30.0,30.0)::seed=69695519",griewank,cont,500,0.1,"SA_CONT(sigma=0.3,T0=1.0,alpha=0.995)",SA_CONT,0,30,0.0,0.03125,0.0015756204879855678,0.0911521409602465,2.3281542496886574,2.3307834480233853,1.9214797876005247,2.9100228532929826
"CONT::griewank::d=20::b=(-30.0,30.0)::seed=69695519",griewank,cont,500,0.1,"DE(pop=20,F=0.8,CR=0.9)",DE,0,30,0.0,0.03125,0.0016393556765131605,0.09274057357265329,1.5377377373519356,1.5405956582301101,1.2410362160034396,1.837378873248622
"CONT::griewank::d=20::b=(-30.0,30.0)::seed=69695519",griewank,cont,500,0.1,"DE(pop=40,F=0.8,CR=0.9)",DE,0,30,0.0,0.03125,0.0015054412284650645,0.09105496060330606,1.7854816391323658,1.8278243610569527,1.5590474271837638,1.9556143539750552
"CONT::griewank::d=20::b=(-30.0,30.0)::seed=69695519",griewank,cont,500,0.1,"PSO_STD(p=20,w=0.72,c1=1.49,c2=1.49)",PSO_STD,0,30,0.0,0.03125,0.0017229293906108887,0.0911169513341847,1.096537141520934,1.0850353171011906,1.0249354537528172,1.2233625376261827
"CONT::griewank::d=20::b=(-30.0,30.0)::seed=69695519",griewank,cont,500,0.1,"PSO_STD(p=40,w=0.72,c1=1.49,c2=1.49)",PSO_STD,0,30,0.0,0.03125,0.0015176747173771493,0.09119950074939771,1.1680920900393168,1.1596910881764573,1.0444078863434596,1.3143184073897993
"CONT::griewank::d=20::b=(-30.0,30.0)::seed=69695519",griewank,cont,500,0.1,"PSO_RING(p=20,ring,w=0.72,c1=1.49,c2=1.49)",PSO_RING,0,30,0.0,0.03125,0.0017035718887254254,0.09076456118310175,1.269035639565897,1.2507236973250349,1.1567187342985608,1.4340856433108309
"CONT::griewank::d=20::b=(-30.0,30.0)::seed=69695519",griewank,cont,500,0.1,"PSO_RING(p=40,ring,w=0.72,c1=1.49,c2=1.49)",PSO_RING,0,30,0.0,0.03125,0.0018466799217217449,0.0895955231849486,1.421070078257631,1.4217968232706886,1.2413401476057535,1.5630243011673857
"CONT::griewank::d=20::b=(-30.0,30.0)::seed=69695519",griewank,cont,500,0.1,"ES_ML(mu=10,lam=40,sigma=0.3)",ES_ML,0,30,0.0,0.03125,0.001563348924724027,0.09460695631262447,1.8457330826421166,1.8387191904641167,1.577685718042407,2.0119636209959175
"CONT::griewank::d=20::b=(-30.0,30.0)::seed=69695519",griewank,cont,500,0.1,"ES_ML(mu=20,lam=80,sigma=0.2)",ES_ML,0,30,0.0,0.03125,0.0017671966299743107,0.09605050135475271,1.8791723249220011,1.9136245897553015,1.50607888963175,2.0810973704014044
"CONT::sphere::d=5::b=(-5.0,5.0)::seed=423095521",sphere,cont,500,0.01,RS_CONT,RS_CONT,0,30,0.0,0.03125,0.0018157560700484087,0.09330592028728159,3.8027751073213785,3.8846419312484795,0.42297629462299374,6.486036828324732
"CONT::sphere::d=5::b=(-5.0,5.0)::seed=423095521",sphere,cont,500,0.01,HC_CONT(sigma=0.2),HC_CONT,11,30,0.36666666666666664,0.375,0.24339879705170486,0.5208057234827933,0.012773123038199174,0.013711930815694193,0.0036732190872688255,0.021923389114056484
"CONT::sphere::d=5::b=(-5.0,5.0)::seed=423095521",sphere,cont,500,0.01,"SA_CONT(sigma=0.3,T0=1.0,alpha=0.995)",SA_CONT,0,30,0.0,0.03125,0.002035295248652872,0.09163818377368708,0.053975352813420585,0.04857176064382318,0.011882473188314547,0.11196886139317054
"CONT::sphere::d=5::b=(-5.0,5.0)::seed=423095521",sphere,cont,500,0.01,"DE(pop=20,F=0.8,CR=0.9)",DE,0,30,0.0,0.03125,0.00161901624191776,0.08879219324252524,0.6735910440024123,0.5246855775779717,0.059929469291092455,2.0015585982367434
"CONT::sphere::d=5::b=(-5.0,5.0)::seed=423095521",sphere,cont,500,0.01,"DE(pop=40,F=0.8,CR=0.9)",DE,0,30,0.0,0.03125,0.0015006010401277096,0.08963322878180746,2.1269444188500573,2.0315261327674428,0.14075670326361306,4.153649026037198
"CONT::sphere::d=5::b=(-5.0,5.0)::seed=423095521",sphere,cont,500,0.01,"PSO_STD(p=20,w=0.72,c1=1.49,c2=1.49)",PSO_STD,2,30,0.06666666666666667,0.09375,0.026686211362761485,0.18536427862604726,0.03326121237032534,0.022965713344453104,0.002652203347431693,0.12040349184969837
"CONT::sphere::d=5::b=(-5.0,5.0)::seed=423095521",sphere,cont,500,0.01,"PSO_STD(p=40,w=0.72,c1=1.49,c2=1.49)",PSO_STD,0,30,0.0,0.03125,0.001650098629195449,0.09194196363070871,0.20486533711991306,0.18081726322218783,0.039666495858746174,0.5740411287373771
"CONT::sphere::d=5::b=(-5.0,5.0)::seed=423095521",sphere,cont,500,0.01,"PSO_RING(p=20,ring,w=0.72,c1=1.49,c2=1.49)",PSO_RING,0,30,0.0,0.03125,0.001758236349875565,0.09674672901639621,0.16009765864019132,0.124652214519659,0.014644481560839676,0.47715374145389905
"CONT::sphere::d=5::b=(-5.0,5.0)::seed=423095521",sphere,cont,500,0.01,"PSO_RING(p=40,ring,w=0.72,c1=1.49,c2=1.49)",PSO_RING,0,30,0.0,0.03125,0.0018414432654020585,0.0905900485462206,0.5116200804524698,0.42189600325195875,0.08537517947917891,1.2393360773602091
"CONT::sphere::d=5::b=(-5.0,5.0)::seed=423095521",sphere,cont,500,0.01,"ES_ML(mu=10,lam=40,sigma=0.3)",ES_ML,0,30,0.0,0.03125,0.0017470145675599423,0.09318763722199766,0.288425003708127,0.2627647070892903,0.04357853434895744,0.6604961209196603
"CONT::sphere::d=5::b=(-5.0,5.0)::seed=423095521",sphere,cont,500,0.01,"ES_ML(mu=20,lam=80,sigma=0.2)",ES_ML,0,30,0.0,0.03125,0.0015066292800930661,0.09010396878514196,4.255162600474071,3.9066105671152473,0.49095509156753014,9.702097321517853
"CONT::sphere::d=5::b=(-30.0,30.0)::seed=441342486",sphere,cont,500,0.01,RS_CONT,RS_CONT,0,30,0.0,0.03125,0.0019572189630492577,0.0885404351384594,126.9987767446054,135.2307913383188,24.094144164114873,241.3325156541651
"CONT::sphere::d=5::b=(-30.0,30.0)::seed=441342486",sphere,cont,500,0.01,HC_CONT(sigma=0.2),HC_CONT,2,30,0.06666666666666667,0.09375,0.02595062293280833,0.19055985668734302,18.702764290217438,0.3928482587608614,0.00356197537854162,154.79699258221146
"CONT::sphere::d=5::b=(-30.0,30.0)::seed=441342486",sphere,cont,500,0.01,"SA_CONT(sigma=0.3,T0=1.0,alpha=0.995)",SA_CONT,1,30,0.03333333333333333,0.0625,0.011505646930994028,0.14976895087428344,0.06674200872498162,0.047215128556357996,0.006359446299285477,0.17417631351759963
"CONT::sphere::d=5::b=(-30.0,30.0)::seed=441342486",sphere,cont,500,0.01,"DE(pop=20,F=0.8,CR=0.9)",DE,0,30,0.0,0.03125,0.0017079468753987944,0.09085467914527541,24.4862416839784,17.611944759237886,1.672159193174938,85.35837866973596
"CONT::sphere::d=5::b=(-30.0,30.0)::seed=441342486",sphere,cont,500,0.01,"DE(pop=40,F=0.8,CR=0.9)",DE,0,30,0.0,0.03125,0.0016012212495693237,0.0931471380165232,90.17851717162357,79.88346602611465,28.249611691654714,214.0204030107155
"CONT::sphere::d=5::b=(-30.0,30.0)::seed=441342486",sphere,cont,500,0.01,"PSO_STD(p=20,w=0.72,c1=1.49,c2=1.49)",PSO_STD,0,30,0.0,0.03125,0.0017780579622094581,0.0917114775636359,1.3000351777323,0.9371565729680666,0.14014283578339143,5.544406431103604
"CONT::sphere::d=5::b=(-30.0,30.0)::seed=441342486",sphere,cont,500,0.01,"PSO_STD(p=40,w=0.72,c1=1.49,c2=1.49)",PSO_STD,0,30,0.0,0.03125,0.0017751332912903483,0.08807181544544507,6.328466177495587,5.866802980260835,1.2683024449664357,12.277002357509694
"CONT::sphere::d=5::b=(-30.0,30.0)::seed=441342486",sphere,cont,500,0.01,"PSO_RING(p=20,ring,w=0.72,c1=1.49,c2=1.49)",PSO_RING,0,30,0.0,0.03125,0.0015688634021466885,0.093954623254225,4.54568908021929,4.347950743477309,0.79001895770217,11.855986943945144
"CONT::sphere::d=5::b=(-30.0,30.0)::seed=441342486",sphere,cont,500,0.01,"PSO_RING(p=40,ring,w=0.72,c1=1.49,c2=1.49)",PSO_RING,0,30,0.0,0.03125,0.0016909700656527733,0.09071699668430007,22.77753568713526,19.758410312723345,2.8653431218567005,47.630378437544366
"CONT::sphere::d=5::b=(-30.0,30.0)::seed=441342486",sphere,cont,500,0.01,"ES_ML(mu=10,lam=40,sigma=0.3)",ES_ML,0,30,0.0,0.03125,0.0016773375344044325,0.09188008025063896,406.87460192645926,410.9726021278209,101.1509925854708,690.796408573197
"CONT::sphere::d=5::b=(-30.0,30.0)::seed=441342486",sphere,cont,500,0.01,"ES_ML(mu=20,lam=80,sigma=0.2)",ES_ML,0,30,0.0,0.03125,0.001697178321854506,0.09249734690709704,512.0772595582649,533.7738893997973,86.6692424677096,808.3744267399862
"CONT::rastrigin::d=20::b=(-30.0,30.0)::seed=901078099",rastrigin,cont,500,0.1,RS_CONT,RS_CONT,0,30,0.0,0.03125,0.0017764174841406728,0.09413169195435424,2900.5412696255244,2939.993944430309,2049.5533016899944,3457.920132772709
"CONT::rastrigin::d=20::b=(-30.0,30.0)::seed=901078099",rastrigin,cont,500,0.1,HC_CONT(sigma=0.2),HC_CONT,0,30,0.0,0.03125,0.0018715829666346823,0.0951165991028071,3867.3429165311213,3784.858754106269,3030.025963507036,5027.764781490173
"CONT::rastrigin::d=20::b=(-30.0,30.0)::seed=901078099",rastrigin,cont,500,0.1,"SA_CONT(sigma=0.3,T0=1.0,alpha=0.995)",SA_CONT,0,30,0.0,0.03125,0.0016090785411570472,0.09033866178727153,2591.0093471377963,2646.2308908011973,1502.0037390470852,3432.472972778457
"CONT::rastrigin::d=20::b=(-30.0,30.0)::seed=901078099",rastrigin,cont,500,0.1,"DE(pop=20,F=0.8,CR=0.9)",DE,0,30,0.0,0.03125,0.0014947938086388771,0.08853174157321142,2359.6229996487505,2361.1711913554036,1294.5505815965928,3402.3512357706763
"CONT::rastrigin::d=20::b=(-30.0,30.0)::seed=901078099",rastrigin,cont,500,0.1,"DE(pop=40,F=0.8,CR=0.9)",DE,0,30,0.0,0.03125,0.0015977158224500664,0.08705838743166357,3270.571684917582,3194.810550218126,2427.0659532542436,4371.555904933516
"CONT::rastrigin::d=20::b=(-30.0,30.0)::seed=901078099",rastrigin,cont,500,0.1,"PSO_STD(p=20,w=0.72,c1=1.49,c2=1.49)",PSO_STD,0,30,0.0,0.03125,0.0015082483964905964,0.08877662110376396,575.3815882576706,582.1378265838273,348.1342029608295,930.8825324706095
"CONT::rastrigin::d=20::b=(-30.0,30.0)::seed=901078099",rastrigin,cont,500,0.1,"PSO_STD(p=40,w=0.72,c1=1.49,c2=1.49)",PSO_STD,0,30,0.0,0.03125,0.0015661486293180214,0.09160425216015662,872.4167476643238,835.6869229465085,390.6783278406099,1528.4248962725276
"CONT::rastrigin::d=20::b=(-30.0,30.0)::seed=901078099",rastrigin,cont,500,0.1,"PSO_RING(p=20,ring,w=0.72,c1=1.49,c2=1.49)",PSO_RING,0,30,0.0,0.03125,0.0016867644941681548,0.08870286297590319,1276.3361726067408,1346.0321280090552,822.9522944772563,1788.2321782274037
"CONT::rastrigin::d=20::b=(-30.0,30.0)::seed=901078099",rastrigin,cont,500,0.1,"PSO_RING(p=40,ring,w=0.72,c1=1.49,c2=1.49)",PSO_RING,0,30,0.0,0.03125,0.0018076667845081783,0.09241034650563776,1887.5662889710447,1865.5917573343324,1277.2293537784399,2472.192251054496
"CONT::rastrigin::d=20::b=(-30.0,30.0)::seed=901078099",rastrigin,cont,500,0.1,"ES_ML(mu=10,lam=40,sigma=0.3)",ES_ML,0,30,0.0,0.03125,0.001753937681805713,0.09433359392434312,3791.249257277704,3929.548544528292,2705.78565635552,4842.002572985185
"CONT::rastrigin::d=20::b=(-30.0,30.0)::seed=901078099",rastrigin,cont,500,0.1,"ES_ML(mu=20,lam=80,sigma=0.2)",ES_ML,0,30,0.0,0.03125,0.00187379047602522,0.08871013613885795,3820.4087303692845,3844.763036724691,2816.536909113087,4720.548229459608
"CONT::sphere::d=20::b=(-30.0,30.0)::seed=978532290",sphere,cont,500,0.01,RS_CONT,RS_CONT,0,30,0.0,0.03125,0.0015045549038761343,0.09022300188409739,2600.54388918031,2723.959720558054,1582.9303456902267,3374.97063654903
"CONT::sphere::d=20::b=(-30.0,30.0)::seed=978532290",sphere,cont,500,0.01,HC_CONT(sigma=0.2),HC_CONT,0,30,0.0,0.03125,0.0014723899103536086,0.09219361246513537,1543.4002824279548,1487.3474194181886,243.7723904339207,2961.3802209978944
"CONT::sphere::d=20::b=(-30.0,30.0)::seed=978532290",sphere,cont,500,0.01,"SA_CONT(sigma=0.3,T0=1.0,alpha=0.995)",SA_CONT,0,30,0.0,0.03125,0.001558543727979063,0.09550173817143413,553.5514763653026,502.7262085816561,33.121635243793484,1365.694014697836
"CONT::sphere::d=20::b=(-30.0,30.0)::seed=978532290",sphere,cont,500,0.01,"DE(pop=20,F=0.8,CR=0.9)",DE,0,30,0.0,0.03125,0.0017471556483816197,0.09298928585895919,2366.93729356607,2428.1096933155177,1340.2159317992964,3336.2292399360113
"CONT::sphere::d=20::b=(-30.0,30.0)::seed=978532290",sphere,cont,500,0.01,"DE(pop=40,F=0.8,CR=0.9)",DE,0,30,0.0,0.03125,0.0018206471590206748,0.09385831628988857,3174.003644764859,3214.740786103688,1888.9167766996206,4068.4898920220467
"CONT::sphere::d=20::b=(-30.0,30.0)::seed=978532290",sphere,cont,500,0.01,"PSO_STD(p=20,w=0.72,c1=1.49,c2=1.49)",PSO_STD,0,30,0.0,0.03125,0.001560130666565745,0.0896472864395768,361.8015718981751,328.5415735345439,160.15585165612484,716.9428072648061
"CONT::sphere::d=20::b=(-30.0,30.0)::seed=978532290",sphere,cont,500,0.01,"PSO_STD(p=40,w=0.72,c1=1.49,c2=1.49)",PSO_STD,0,30,0.0,0.03125,0.0017307000360783649,0.09191241727843445,667.4603414246607,633.5587961443443,405.09787755282076,1235.0551225667518
"CONT::sphere::d=20::b=(-30.0,30.0)::seed=978532290",sphere,cont,500,0.01,"PSO_RING(p=20,ring,w=0.72,c1=1.49,c2=1.49)",PSO_RING,0,30,0.0,0.03125,0.0018335280044069705,0.0911202298746384,1196.7386193208192,1213.439886991578,601.1316885830364,1861.276203177023
"CONT::sphere::d=20::b=(-30.0,30.0)::seed=978532290",sphere,cont,500,0.01,"PSO_RING(p=40,ring,w=0.72,c1=1.49,c2=1.49)",PSO_RING,0,30,0.0,0.03125,0.001461158892180623,0.09132293101968185,1645.80764066009,1681.669990712554,885.1259825876573,2431.559348564435
"CONT::sphere::d=20::b=(-30.0,30.0)::seed=978532290",sphere,cont,500,0.01,"ES_ML(mu=10,lam=40,sigma=0.3)",ES_ML,0,30,0.0,0.03125,0.001949249679391984,0.0900841479929692,3309.2786241850545,3248.635207127305,2129.848676956064,4494.260383127272
"CONT::sphere::d=20::b=(-30.0,30.0)::seed=978532290",sphere,cont,500,0.01,"ES_ML(mu=20,lam=80,sigma=0.2)",ES_ML,0,30,0.0,0.03125,0.0016978510423864622,0.09482658700114756,3601.9801775144665,3613.765117937429,2330.0522545165923,4856.259618295456
"CONT::rosenbrock::d=5::b=(-5.0,5.0)::seed=831311564",rosenbrock,cont,500,1.0,RS_CONT,RS_CONT,0,30,0.0,0.03125,0.001562331022949194,0.0938665195672542,418.68371888059045,380.32825662612663,56.36351659426915,1160.0112358056117
"CONT::rosenbrock::d=5::b=(-5.0,5.0)::seed=831311564",rosenbrock,cont,500,1.0,HC_CONT(sigma=0.2),HC_CONT,0,30,0.0,0.03125,0.001518737876925033,0.09231111618631531,11.421202625447766,4.086624694033352,1.9735322553449517,180.07983178406548
"CONT::rosenbrock::d=5::b=(-5.0,5.0)::seed=831311564",rosenbrock,cont,500,1.0,"SA_CONT(sigma=0.3,T0=1.0,alpha=0.995)",SA_CONT,0,30,0.0,0.03125,0.0019009100167809128,0.09255390829324661,10.650713727488549,5.735961092979542,1.3649847611076469,131.8301099611693
"CONT::rosenbrock::d=5::b=(-5.0,5.0)::seed=831311564",rosenbrock,cont,500,1.0,"DE(pop=20,F=0.8,CR=0.9)",DE,0,30,0.0,0.03125,0.0015860915238215508,0.0895349793178342,87.29414107622202,77.88341585955692,14.474190576565407,248.16994401899245
"CONT::rosenbrock::d=5::b=(-5.0,5.0)::seed=831311564",rosenbrock,cont,500,1.0,"DE(pop=40,F=0.8,CR=0.9)",DE,0,30,0.0,0.03125,0.0014421321009555996,0.09531673741172283,252.73705976421445,261.15971017289405,47.36334831018654,517.364908008285
"CONT::rosenbrock::d=5::b=(-5.0,5.0)::seed=831311564",rosenbrock,cont,500,1.0,"PSO_STD(p=20,w=0.72,c1=1.49,c2=1.49)",PSO_STD,0,30,0.0,0.03125,0.0015339837777105306,0.09131115751788038,10.730714242295726,5.861999307217372,1.5434320357375457,51.407740097149734
"CONT::rosenbrock::d=5::b=(-5.0,5.0)::seed=831311564",rosenbrock,cont,500,1.0,"PSO_STD(p=40,w=0.72,c1=1.49,c2=1.49)",PSO_STD,0,30,0.0,0.03125,0.00166289592691575,0.0857787254581668,31.428274130020732,20.49414990948347,4.875910015792758,143.9581771194639
"CONT::rosenbrock::d=5::b=(-5.0,5.0)::seed=831311564",rosenbrock,cont,500,1.0,"PSO_RING(p=20,ring,w=0.72,c1=1.49,c2=1.49)",PSO_RING,0,30,0.0,0.03125,0.0017230642645805524,0.08664876129399532,24.91333883910038,15.342003610693897,4.877687405074467,106.30572303894375
"CONT::rosenbrock::d=5::b=(-5.0,5.0)::seed=831311564",rosenbrock,cont,500,1.0,"PSO_RING(p=40,ring,w=0.72,c1=1.49,c2=1.49)",PSO_RING,0,30,0.0,0.03125,0.0021850006213988793,0.09698154561284246,73.52753507736293,53.35184256926527,10.09569345793371,250.3615755157899
"CONT::rosenbrock::d=5::b=(-5.0,5.0)::seed=831311564",rosenbrock,cont,500,1.0,"ES_ML(mu=10,lam=40,sigma=0.3)",ES_ML,0,30,0.0,0.03125,0.0016527570897932667,0.09698679740569106,54.7381865203384,21.658978583056708,6.267400358698669,356.91414227832695
"CONT::rosenbrock::d=5::b=(-5.0,5.0)::seed=831311564",rosenbrock,cont,500,1.0,"ES_ML(mu=20,lam=80,sigma=0.2)",ES_ML,0,30,0.0,0.03125,0.0018060743308469154,0.09164053479640595,597.480343593755,377.02251458884086,12.328190396629548,1852.8124073608371
"CONT::ackley::d=5::b=(-10.0,10.0)::seed=336846774",ackley,cont,500,0.1,RS_CONT,RS_CONT,0,30,0.0,0.03125,0.001666190811184473,0.08864510837319665,7.309115773225852,7.294969508425427,4.020190097224081,9.419095099980657
"CONT::ackley::d=5::b=(-10.0,10.0)::seed=336846774",ackley,cont,500,0.1,HC_CONT(sigma=0.2),HC_CONT,0,30,0.0,0.03125,0.0016477861742076666,0.09217219706365175,13.193873472747203,13.657628165027013,8.503646471201202,16.47199583000859
"CONT::ackley::d=5::b=(-10.0,10.0)::seed=336846774",ackley,cont,500,0.1,"SA_CONT(sigma=0.3,T0=1.0,alpha=0.995)",SA_CONT,0,30,0.0,0.03125,0.001770668698649258,0.09155613969799221,4.368463427995819,1.8551332413407828,0.4293833182737221,13.509993783510136
"CONT::ackley::d=5::b=(-10.0,10.0)::seed=336846774",ackley,cont,500,0.1,"DE(pop=20,F=0.8,CR=0.9)",DE,0,30,0.0,0.03125,0.0018422778059554595,0.09392446334659316,4.327206122600512,4.079538837345664,2.5271810580907688,7.465210102245104
"CONT::ackley::d=5::b=(-10.0,10.0)::seed=336846774",ackley,cont,500,0.1,"DE(pop=40,F=0.8,CR=0.9)",DE,0,30,0.0,0.03125,0.0018436986791398149,0.09451777339155966,6.037194670531036,6.104699725858712,4.1896569818016545,8.046448303252399
"CONT::ackley::d=5::b=(-10.0,10.0)::seed=336846774",ackley,cont,500,0.1,"PSO_STD(p=20,w=0.72,c1=1.49,c2=1.49)",PSO_STD,0,30,0.0,0.03125,0.0018342185348065405,0.09162013371982405,1.3359949215485802,1.217133638059455,0.4448823423516157,2.846158460764617
"CONT::ackley::d=5::b=(-10.0,10.0)::seed=336846774",ackley,cont,500,0.1,"PSO_STD(p=40,w=0.72,c1=1.49,c2=1.49)",PSO_STD,0,30,0.0,0.03125,0.0017399686304113956,0.09062982051831284,2.907533900623343,2.8703797593418074,0.8611489817382787,4.219645638250043
"CONT::ackley::d=5::b=(-10.0,10.0)::seed=336846774",ackley,cont,500,0.1,"PSO_RING(p=20,ring,w=0.72,c1=1.49,c2=1.49)",PSO_RING,0,30,0.0,0.03125,0.0017250361697157485,0.09597442856142174,2.7759241100097967,2.929922545593332,0.7961925985453715,4.540211301662946
"CONT::ackley::d=5::b=(-10.0,10.0)::seed=336846774",ackley,cont,500,0.1,"PSO_RING(p=40,ring,w=0.72,c1=1.49,c2=1.49)",PSO_RING,0,30,0.0,0.03125,0.0015289132730241122,0.09364496686773162,4.0222324833564205,3.9255993191493954,2.2587427044025934,5.655917717502529
"CONT::ackley::d=5::b=(-10.0,10.0)::seed=336846774",ackley,cont,500,0.1,"ES_ML(mu=10,lam=40,sigma=0.3)",ES_ML,0,30,0.0,0.03125,0.0015674208726611627,0.09172187896262195,5.586476446777871,5.650612782980062,2.434425699275075,9.648769217475142
"CONT::ackley::d=5::b=(-10.0,10.0)::seed=336846774",ackley,cont,500,0.1,"ES_ML(mu=20,lam=80,sigma=0.2)",ES_ML,0,30,0.0,0.03125,0.0017044625182022217,0.09292014774539659,8.834009021668475,9.536070675349336,4.745587576999334,11.528541529067631
"CONT::levy::d=20::b=(-10.0,10.0)::seed=744683567",levy,cont,500,1.0,RS_CONT,RS_CONT,0,30,0.0,0.03125,0.0017035659849669797,0.08788046354710577,79.49180512105632,82.00383947864356,52.064681113156176,103.50386790122315
"CONT::levy::d=20::b=(-10.0,10.0)::seed=744683567",levy,cont,500,1.0,HC_CONT(sigma=0.2),HC_CONT,0,30,0.0,0.03125,0.0017571752212447028,0.09449725139875434,45.02619858992903,44.96590034712036,25.57614486338731,62.15725482958663
"CONT::levy::d=20::b=(-10.0,10.0)::seed=744683567",levy,cont,500,1.0,"SA_CONT(sigma=0.3,T0=1.0,alpha=0.995)",SA_CONT,0,30,0.0,0.03125,0.001903540214257015,0.08579435286250084,49.34488640162758,49.761017005826744,25.0251549266248,73.32474299152312
"CONT::levy::d=20::b=(-10.0,10.0)::seed=744683567",levy,cont,500,1.0,"DE(pop=20,F=0.8,CR=0.9)",DE,0,30,0.0,0.03125,0.0019027645252932793,0.09194701411799987,103.78378467033033,104.75178097751908,39.272566892133405,170.4611814365254
"CONT::levy::d=20::b=(-10.0,10.0)::seed=744683567",levy,cont,500,1.0,"DE(pop=40,F=0.8,CR=0.9)",DE,0,30,0.0,0.03125,0.001624509526280774,0.09171446156789663,119.3248163554621,121.68640922558694,88.83619492506732,150.27976673026362
"CONT::levy::d=20::b=(-10.0,10.0)::seed=744683567",levy,cont,500,1.0,"PSO_STD(p=20,w=0.72,c1=1.49,c2=1.49)",PSO_STD,0,30,0.0,0.03125,0.0017927751205954055,0.09269370034693648,30.482586149325456,30.912097845659392,11.860521453459313,50.11942700995369
"CONT::levy::d=20::b=(-10.0,10.0)::seed=744683567",levy,cont,500,1.0,"PSO_STD(p=40,w=0.72,c1=1.49,c2=1.49)",PSO_STD,0,30,0.0,0.03125,0.0014055654328009556,0.09008665888744909,34.12274019749132,32.29833141272254,18.776181101238485,49.650108885444666
"CONT::levy::d=20::b=(-10.0,10.0)::seed=744683567",levy,cont,500,1.0,"PSO_RING(p=20,ring,w=0.72,c1=1.49,c2=1.49)",PSO_RING,0,30,0.0,0.03125,0.0016641269542522462,0.09283037523756384,42.98577911972764,44.89310998200715,14.55699564112722,72.49131424976862
"CONT::levy::d=20::b=(-10.0,10.0)::seed=744683567",levy,cont,500,1.0,"PSO_RING(p=40,ring,w=0.72,c1=1.49,c2=1.49)",PSO_RING,0,30,0.0,0.03125,0.0015958923492513833,0.0925924325851429,54.20900246036191,55.24840177278074,27.652869847606304,87.31102472192347
"CONT::levy::d=20::b=(-10.0,10.0)::seed=744683567",levy,cont,500,1.0,"ES_ML(mu=10,lam=40,sigma=0.3)",ES_ML,0,30,0.0,0.03125,0.001561982243185916,0.08801122557887928,52.28238886325446,53.365079768172365,36.76656005501494,70.73985831957695
"CONT::levy::d=20::b=(-10.0,10.0)::seed=744683567",levy,cont,500,1.0,"ES_ML(mu=20,lam=80,sigma=0.2)",ES_ML,0,30,0.0,0.03125,0.001668757667665148,0.098880641810936,73.79593456162155,72.17283714378017,48.741698212960294,107.38000484434515
"CONT::rosenbrock::d=5::b=(-10.0,10.0)::seed=934348663",rosenbrock,cont,500,1.0,RS_CONT,RS_CONT,0,30,0.0,0.03125,0.0015516936856333258,0.08957057638384651,4515.351303034447,2326.154922800038,393.1144682382387,25385.955049549815
"CONT::rosenbrock::d=5::b=(-10.0,10.0)::seed=934348663",rosenbrock,cont,500,1.0,HC_CONT(sigma=0.2),HC_CONT,1,30,0.03333333333333333,0.0625,0.011243076447383149,0.13864706570256236,41.42028464295232,4.913551999834145,0.7710294911468791,255.10995743493865
"CONT::rosenbrock::d=5::b=(-10.0,10.0)::seed=934348663",rosenbrock,cont,500,1.0,"SA_CONT(sigma=0.3,T0=1.0,alpha=0.995)",SA_CONT,0,30,0.0,0.03125,0.0016457120051891014,0.09192627487884887,48.49638965647655,5.9683357638016155,3.0202233729532963,459.01693070128914
"CONT::rosenbrock::d=5::b=(-10.0,10.0)::seed=934348663",rosenbrock,cont,500,1.0,"DE(pop=20,F=0.8,CR=0.9)",DE,0,30,0.0,0.03125,0.0018309997579722742,0.0975271265257407,400.6642794524794,296.85955825350834,101.48177642731304,1462.0840993931743
"CONT::rosenbrock::d=5::b=(-10.0,10.0)::seed=934348663",rosenbrock,cont,500,1.0,"DE(pop=40,F=0.8,CR=0.9)",DE,0,30,0.0,0.03125,0.0017070590511884143,0.09418968737846117,1246.007749265946,833.3281774333639,39.60197839883202,5030.5603028272435
"CONT::rosenbrock::d=5::b=(-10.0,10.0)::seed=934348663",rosenbrock,cont,500,1.0,"PSO_STD(p=20,w=0.72,c1=1.49,c2=1.49)",PSO_STD,0,30,0.0,0.03125,0.0015197574275448641,0.08630392903605805,50.20555835234542,16.497933626153618,4.963114259753201,310.39151138491536
"CONT::rosenbrock::d=5::b=(-10.0,10.0)::seed=934348663",rosenbrock,cont,500,1.0,"PSO_STD(p=40,w=0.72,c1=1.49,c2=1.49)",PSO_STD,0,30,0.0,0.03125,0.001863718477461158,0.08986197347754768,109.09124921929852,87.7095384338638,15.667802322543825,302.0878043190999
"CONT::rosenbrock::d=5::b=(-10.0,10.0)::seed=934348663",rosenbrock,cont,500,1.0,"PSO_RING(p=20,ring,w=0.72,c1=1.49,c2=1.49)",PSO_RING,0,30,0.0,0.03125,0.001880440223988096,0.08936530066312315,67.16439899031988,47.100897498160975,9.49501894844084,417.1179630657351
"CONT::rosenbrock::d=5::b=(-10.0,10.0)::seed=934348663",rosenbrock,cont,500,1.0,"PSO_RING(p=40,ring,w=0.72,c1=1.49,c2=1.49)",PSO_RING,0,30,0.0,0.03125,0.0015687469111373164,0.09301693549307483,421.30984784370685,326.6281670641316,31.851595838650063,1623.3261884973838
"CONT::rosenbrock::d=5::b=(-10.0,10.0)::seed=934348663",rosenbrock,cont,500,1.0,"ES_ML(mu=10,lam=40,sigma=0.3)",ES_ML,0,30,0.0,0.03125,0.0016950133880458942,0.0858608680876895,2481.471909999092,628.1679921009691,9.626344193306524,19068.727558287443
"CONT::rosenbrock::d=5::b=(-10.0,10.0)::seed=934348663",rosenbrock,cont,500,1.0,"ES_ML(mu=20,lam=80,sigma=0.2)",ES_ML,0,30,0.0,0.03125,0.001941888372060531,0.09235432448090963,26065.441379677406,14142.238403291394,814.6986233793042,116540.03938312957
"CONT::rosenbrock::d=20::b=(-10.0,10.0)::seed=314672635",rosenbrock,cont,500,1.0,RS_CONT,RS_CONT,0,30,0.0,0.03125,0.001776407722032358,0.09085750808656795,896491.570215344,889964.8777345673,490518.71179352375,1246059.084926866
"CONT::rosenbrock::d=20::b=(-10.0,10.0)::seed=314672635",rosenbrock,cont,500,1.0,HC_CONT(sigma=0.2),HC_CONT,0,30,0.0,0.03125,0.0016087307461846842,0.09000389890599214,1176.9631685116096,758.6246397862267,193.1427807422757,3842.5517548546823
"CONT::rosenbrock::d=20::b=(-10.0,10.0)::seed=314672635",rosenbrock,cont,500,1.0,"SA_CONT(sigma=0.3,T0=1.0,alpha=0.995)",SA_CONT,0,30,0.0,0.03125,0.00142596411464055,0.0912363799928069,560.0432344185914,521.619565711396,190.54134444529151,1248.2520171907915
"CONT::rosenbrock::d=20::b=(-10.0,10.0)::seed=314672635",rosenbrock,cont,500,1.0,"DE(pop=20,F=0.8,CR=0.9)",DE,0,30,0.0,0.03125,0.0020633538729672744,0.09187827721950073,971276.8614395154,923417.8660866427,351530.22145396797,2616897.12651963
"CONT::rosenbrock::d=20::b=(-10.0,10.0)::seed=314672635",rosenbrock,cont,500,1.0,"DE(pop=40,F=0.8,CR=0.9)",DE,0,30,0.0,0.03125,0.0018855088504620703,0.09267104171956343,1400126.0987045763,1376437.9820187222,661157.7209096649,1918362.3295361784
"CONT::rosenbrock::d=20::b=(-10.0,10.0)::seed=314672635",rosenbrock,cont,500,1.0,"PSO_STD(p=20,w=0.72,c1=1.49,c2=1.49)",PSO_STD,0,30,0.0,0.03125,0.0016718303093594701,0.09210004003789987,44156.681558592645,34320.20044645326,9585.064133589023,110189.95540223333
"CONT::rosenbrock::d=20::b=(-10.0,10.0)::seed=314672635",rosenbrock,cont,500,1.0,"PSO_STD(p=40,w=0.72,c1=1.49,c2=1.49)",PSO_STD,0,30,0.0,0.03125,0.0017699712075941792,0.09444074722155586,88829.04906568669,76651.73135812911,33644.506411848604,229221.63622158722
"CONT::rosenbrock::d=20::b=(-10.0,10.0)::seed=314672635",rosenbrock,cont,500,1.0,"PSO_RING(p=20,ring,w=0.72,c1=1.49,c2=1.49)",PSO_RING,0,30,0.0,0.03125,0.0016871565411018335,0.08847587280086311,179762.46296193,155030.90860765422,56571.325069456245,397453.504170823
"CONT::rosenbrock::d=20::b=(-10.0,10.0)::seed=314672635",rosenbrock,cont,500,1.0,"PSO_RING(p=40,ring,w=0.72,c1=1.49,c2=1.49)",PSO_RING,0,30,0.0,0.03125,0.0015626662597592715,0.08389204411741638,406099.3606831588,386920.5299108695,149830.92707090877,950958.5724887934
"CONT::rosenbrock::d=20::b=(-10.0,10.0)::seed=314672635",rosenbrock,cont,500,1.0,"ES_ML(mu=10,lam=40,sigma=0.3)",ES_ML,0,30,0.0,0.03125,0.001566503711176744,0.08877914510191466,579041.9993095809,552559.4954978848,193275.61909008364,1059258.5050448726
"CONT::rosenbrock::d=20::b=(-10.0,10.0)::seed=314672635",rosenbrock,cont,500,1.0,"ES_ML(mu=20,lam=80,sigma=0.2)",ES_ML,0,30,0.0,0.03125,0.0016727697133482012,0.09028359255636445,1236083.6341150957,1275222.0377347793,450669.86440095986,1774057.8275360353
"CONT::sphere::d=10::b=(-5.0,5.0)::seed=435480606",sphere,cont,500,0.01,RS_CONT,RS_CONT,0,30,0.0,0.03125,0.0014099298509441477,0.09013728281487673,20.202078139114416,19.687165408619464,9.594522141076908,31.795735860939054
"CONT::sphere::d=10::b=(-5.0,5.0)::seed=435480606",sphere,cont,500,0.01,HC_CONT(sigma=0.2),HC_CONT,0,30,0.0,0.03125,0.001650914097583572,0.0922307614701027,0.11631336048376525,0.1179126779755934,0.048220338720035394,0.160015102267007
"CONT::sphere::d=10::b=(-5.0,5.0)::seed=435480606",sphere,cont,500,0.01,"SA_CONT(sigma=0.3,T0=1.0,alpha=0.995)",SA_CONT,0,30,0.0,0.03125,0.002017043510145847,0.09175410461791682,0.39489895153480814,0.3549942472913489,0.18078831893686434,0.7434433965590269
"CONT::sphere::d=10::b=(-5.0,5.0)::seed=435480606",sphere,cont,500,0.01,"DE(pop=20,F=0.8,CR=0.9)",DE,0,30,0.0,0.03125,0.001639620581175897,0.0890936119553821,12.169881342512275,12.017819148091522,1.1479688149127554,23.755620310664142
"CONT::sphere::d=10::b=(-5.0,5.0)::seed=435480606",sphere,cont,500,0.01,"DE(pop=40,F=0.8,CR=0.9)",DE,0,30,0.0,0.03125,0.001429705848842922,0.0878381545184056,22.19779561671414,23.145336519284378,10.445498730687412,36.10488167190837
"CONT::sphere::d=10::b=(-5.0,5.0)::seed=435480606",sphere,cont,500,0.01,"PSO_STD(p=20,w=0.72,c1=1.49,c2=1.49)",PSO_STD,0,30,0.0,0.03125,0.0016844302019903136,0.0925659967046579,0.8431441582848106,0.6847309574208692,0.10611093473206698,2.056717502739
"CONT::sphere::d=10::b=(-5.0,5.0)::seed=435480606",sphere,cont,500,0.01,"PSO_STD(p=40,w=0.72,c1=1.49,c2=1.49)",PSO_STD,0,30,0.0,0.03125,0.0014360793569059766,0.09176678047345087,2.435338625080242,2.2825526795383553,0.6563208983304465,4.544633880084081
"CONT::sphere::d=10::b=(-5.0,5.0)::seed=435480606",sphere,cont,500,0.01,"PSO_RING(p=20,ring,w=0.72,c1=1.49,c2=1.49)",PSO_RING,0,30,0.0,0.03125,0.0013500603494639208,0.08871990135840413,3.765831865022243,3.417320680268057,1.0286800196729402,6.445431651353212
"CONT::sphere::d=10::b=(-5.0,5.0)::seed=435480606",sphere,cont,500,0.01,"PSO_RING(p=40,ring,w=0.72,c1=1.49,c2=1.49)",PSO_RING,0,30,0.0,0.03125,0.0021216510989904287,0.095757360477368,8.116996989431232,8.014506528918027,2.754711737611933,14.956561093010828
"CONT::sphere::d=10::b=(-5.0,5.0)::seed=435480606",sphere,cont,500,0.01,"ES_ML(mu=10,lam=40,sigma=0.3)",ES_ML,0,30,0.0,0.03125,0.0015581619011617808,0.09370695611079549,6.629020712667944,5.786835952080527,2.762515878962489,16.67297868797478
"CONT::sphere::d=10::b=(-5.0,5.0)::seed=435480606",sphere,cont,500,0.01,"ES_ML(mu=20,lam=80,sigma=0.2)",ES_ML,0,30,0.0,0.03125,0.0018588335918518248,0.09484143322299986,21.943007865393856,22.197851418868517,9.731385860138257,33.9534743544265
"CONT::rosenbrock::d=20::b=(-5.0,5.0)::seed=34191220",rosenbrock,cont,500,1.0,RS_CONT,RS_CONT,0,30,0.0,0.03125,0.0016234153918164244,0.08972777290414223,60701.33405486497,62986.74847991835,33936.305018502084,89694.69436545794
"CONT::rosenbrock::d=20::b=(-5.0,5.0)::seed=34191220",rosenbrock,cont,500,1.0,HC_CONT(sigma=0.2),HC_CONT,0,30,0.0,0.03125,0.001548829109602697,0.09359658556594211,216.61678629110435,166.8697334778259,79.83999994695199,614.9250647536448
"CONT::rosenbrock::d=20::b=(-5.0,5.0)::seed=34191220",rosenbrock,cont,500,1.0,"SA_CONT(sigma=0.3,T0=1.0,alpha=0.995)",SA_CONT,0,30,0.0,0.03125,0.0019738881757549605,0.09597206021826714,314.71931635538425,301.1388077581213,83.0458457718729,638.5048535950673
"CONT::rosenbrock::d=20::b=(-5.0,5.0)::seed=34191220",rosenbrock,cont,500,1.0,"DE(pop=20,F=0.8,CR=0.9)",DE,0,30,0.0,0.03125,0.001718789128104794,0.094355311653965,54924.240582396546,46321.898233054395,14448.703750922532,128378.29233768006
"CONT::rosenbrock::d=20::b=(-5.0,5.0)::seed=34191220",rosenbrock,cont,500,1.0,"DE(pop=40,F=0.8,CR=0.9)",DE,0,30,0.0,0.03125,0.0015506016708028265,0.09157089435914005,89539.08449919106,81468.87870633701,32512.155724314245,146320.66943775598
"CONT::rosenbrock::d=20::b=(-5.0,5.0)::seed=34191220",rosenbrock,cont,500,1.0,"PSO_STD(p=20,w=0.72,c1=1.49,c2=1.49)",PSO_STD,0,30,0.0,0.03125,0.0017479098748362733,0.090586843076875,3720.2030987994162,3223.458330015579,799.2603496953366,9093.585811109577
"CONT::rosenbrock::d=20::b=(-5.0,5.0)::seed=34191220",rosenbrock,cont,500,1.0,"PSO_STD(p=40,w=0.72,c1=1.49,c2=1.49)",PSO_STD,0,30,0.0,0.03125,0.0017950632190228868,0.10056982006751364,6366.270767171638,6056.333898978463,1024.2774348695089,14126.36000199669
"CONT::rosenbrock::d=20::b=(-5.0,5.0)::seed=34191220",rosenbrock,cont,500,1.0,"PSO_RING(p=20,ring,w=0.72,c1=1.49,c2=1.49)",PSO_RING,0,30,0.0,0.03125,0.0014656304444392275,0.09691149125237193,12545.239793324065,11435.229698203679,2613.1328305783964,29384.372321835035
"CONT::rosenbrock::d=20::b=(-5.0,5.0)::seed=34191220",rosenbrock,cont,500,1.0,"PSO_RING(p=40,ring,w=0.72,c1=1.49,c2=1.49)",PSO_RING,0,30,0.0,0.03125,0.0017366153036627303,0.0892554156714512,29042.283062364837,29182.886966292757,10510.71550222002,45575.27898376038
"CONT::rosenbrock::d=20::b=(-5.0,5.0)::seed=34191220",rosenbrock,cont,500,1.0,"ES_ML(mu=10,lam=40,sigma=0.3)",ES_ML,0,30,0.0,0.03125,0.0016212186018089918,0.09292350091548457,18642.278919753247,17395.860406044176,6526.292917429977,41544.372088566684
"CONT::rosenbrock::d=20::b=(-5.0,5.0)::seed=34191220",rosenbrock,cont,500,1.0,"ES_ML(mu=20,lam=80,sigma=0.2)",ES_ML,0,30,0.0,0.03125,0.0016798362482541287,0.09110979451537282,58375.90676511638,57443.970041901106,31302.210667600786,86300.20134320474
"CONT::rosenbrock::d=20::b=(-5.0,5.0)::seed=610253177",rosenbrock,cont,500,1.0,RS_CONT,RS_CONT,0,30,0.0,0.03125,0.0016458890193085498,0.09242426168423583,58985.383740935344,62469.79606945049,31139.979880759514,83739.45692347291
"CONT::rosenbrock::d=20::b=(-5.0,5.0)::seed=610253177",rosenbrock,cont,500,1.0,HC_CONT(sigma=0.2),HC_CONT,0,30,0.0,0.03125,0.0013882461582441635,0.09195465049617509,184.4931386452746,162.65959414203422,72.95644342657526,492.5317636606806
"CONT::rosenbrock::d=20::b=(-5.0,5.0)::seed=610253177",rosenbrock,cont,500,1.0,"SA_CONT(sigma=0.3,T0=1.0,alpha=0.995)",SA_CONT,0,30,0.0,0.03125,0.001561309506435191,0.088613033413845,278.9863658183689,244.6371078301809,105.76208380542494,651.9340314215771
"CONT::rosenbrock::d=20::b=(-5.0,5.0)::seed=610253177",rosenbrock,cont,500,1.0,"DE(pop=20,F=0.8,CR=0.9)",DE,0,30,0.0,0.03125,0.00170510020551791,0.08930267579747789,58767.79324467878,56827.81366623893,17335.630333180903,126531.987957125
"CONT::rosenbrock::d=20::b=(-5.0,5.0)::seed=610253177",rosenbrock,cont,500,1.0,"DE(pop=40,F=0.8,CR=0.9)",DE,0,30,0.0,0.03125,0.001735435913165813,0.0943281339416935,89665.01178388257,93409.03277628071,37102.63472226028,131106.00658037845
"CONT::rosenbrock::d=20::b=(-5.0,5.0)::seed=610253177",rosenbrock,cont,500,1.0,"PSO_STD(p=20,w=0.72,c1=1.49,c2=1.49)",PSO_STD,0,30,0.0,0.03125,0.0015278057722454062,0.09595370481256248,4018.418646925491,3561.041163221801,1152.4413457287133,12081.26708351714
"CONT::rosenbrock::d=20::b=(-5.0,5.0)::seed=610253177",rosenbrock,cont,500,1.0,"PSO_STD(p=40,w=0.72,c1=1.49,c2=1.49)",PSO_STD,0,30,0.0,0.03125,0.0016113105071916068,0.08971214374275119,7898.359031551723,7240.652720863463,2114.228902070132,17897.875712210036
"CONT::rosenbrock::d=20::b=(-5.0,5.0)::seed=610253177",rosenbrock,cont,500,1.0,"PSO_RING(p=20,ring,w=0.72,c1=1.49,c2=1.49)",PSO_RING,0,30,0.0,0.03125,0.0014595383182310232,0.09194591252126856,12758.010748791921,12814.087676903735,5352.976938737451,26732.949750005155
"CONT::rosenbrock::d=20::b=(-5.0,5.0)::seed=610253177",rosenbrock,cont,500,1.0,"PSO_RING(p=40,ring,w=0.72,c1=1.49,c2=1.49)",PSO_RING,0,30,0.0,0.03125,0.0016872096656238473,0.08696786921769002,24564.86973628064,22230.682772768458,12718.514237383444,54583.13884094117
"CONT::rosenbrock::d=20::b=(-5.0,5.0)::seed=610253177",rosenbrock,cont,500,1.0,"ES_ML(mu=10,lam=40,sigma=0.3)",ES_ML,0,30,0.0,0.03125,0.0015258912225830923,0.09405664908136376,18924.56501807949,18671.66062727981,5002.998698491236,31791.1759068994
"CONT::rosenbrock::d=20::b=(-5.0,5.0)::seed=610253177",rosenbrock,cont,500,1.0,"ES_ML(mu=20,lam=80,sigma=0.2)",ES_ML,0,30,0.0,0.03125,0.0016963064527407573,0.0852005786836768,57095.468533411346,57331.30097887901,24018.6953523257,88592.29053596528
"CONT::rosenbrock::d=20::b=(-10.0,10.0)::seed=239744179",rosenbrock,cont,500,1.0,RS_CONT,RS_CONT,0,30,0.0,0.03125,0.001869149560443062,0.09555325669611081,995912.4055652935,999615.3008146635,536364.7270021793,1374653.9255105127
"CONT::rosenbrock::d=20::b=(-10.0,10.0)::seed=239744179",rosenbrock,cont,500,1.0,HC_CONT(sigma=0.2),HC_CONT,0,30,0.0,0.03125,0.0015167775732530936,0.09405097854612637,814.2175437389383,578.84900715352,228.74001746626956,4089.399268663332
"CONT::rosenbrock::d=20::b=(-10.0,10.0)::seed=239744179",rosenbrock,cont,500,1.0,"SA_CONT(sigma=0.3,T0=1.0,alpha=0.995)",SA_CONT,0,30,0.0,0.03125,0.00164612216717532,0.0893477966279926,674.8512503583811,452.0769440268083,153.66769575875253,3459.17169294371
"CONT::rosenbrock::d=20::b=(-10.0,10.0)::seed=239744179",rosenbrock,cont,500,1.0,"DE(pop=20,F=0.8,CR=0.9)",DE,0,30,0.0,0.03125,0.0015998093447656709,0.09222189661139243,991132.9044388392,950189.4886088743,185469.59166442676,1726619.0309086624
"CONT::rosenbrock::d=20::b=(-10.0,10.0)::seed=239744179",rosenbrock,cont,500,1.0,"DE(pop=40,F=0.8,CR=0.9)",DE,0,30,0.0,0.03125,0.0015812492246565764,0.08958210670044314,1392835.872929814,1325465.1300858245,354084.9845678062,2326768.9829159607
"CONT::rosenbrock::d=20::b=(-10.0,10.0)::seed=239744179",rosenbrock,cont,500,1.0,"PSO_STD(p=20,w=0.72,c1=1.49,c2=1.49)",PSO_STD,0,30,0.0,0.03125,0.0019564880759192988,0.09098110063457744,37749.54008907069,33581.142226705546,5173.0797954820355,84435.28164932947
"CONT::rosenbrock::d=20::b=(-10.0,10.0)::seed=239744179",rosenbrock,cont,500,1.0,"PSO_STD(p=40,w=0.72,c1=1.49,c2=1.49)",PSO_STD,0,30,0.0,0.03125,0.0016395983352598803,0.08787605441851379,97345.88743769094,80378.37986565259,28873.72876719417,342340.8016099587
"CONT::rosenbrock::d=20::b=(-10.0,10.0)::seed=239744179",rosenbrock,cont,500,1.0,"PSO_RING(p=20,ring,w=0.72,c1=1.49,c2=1.49)",PSO_RING,0,30,0.0,0.03125,0.002053825326879102,0.09153959461248672,214111.69675046467,221918.04180881492,36351.0787836889,401334.69334819494
"CONT::rosenbrock::d=20::b=(-10.0,10.0)::seed=239744179",rosenbrock,cont,500,1.0,"PSO_RING(p=40,ring,w=0.72,c1=1.49,c2=1.49)",PSO_RING,0,30,0.0,0.03125,0.0014088489493951726,0.0910583580538248,303366.5813792004,311207.0766222901,73907.94919262074,548610.0233648334
"CONT::rosenbrock::d=20::b=(-10.0,10.0)::seed=239744179",rosenbrock,cont,500,1.0,"ES_ML(mu=10,lam=40,sigma=0.3)",ES_ML,0,30,0.0,0.03125,0.0015122174414074377,0.09567802877441643,541675.4327350474,534808.7931659555,205305.7454783334,1005130.063898506
"CONT::rosenbrock::d=20::b=(-10.0,10.0)::seed=239744179",rosenbrock,cont,500,1.0,"ES_ML(mu=20,lam=80,sigma=0.2)",ES_ML,0,30,0.0,0.03125,0.001632618987599819,0.0979212896445767,1273125.667345485,1190782.3633003714,541371.1218408217,2044611.0218693104
BIN::onemax::n=50::seed=499277862,onemax,bin,2000,0.0,RS_BIN,RS_BIN,0,30,0.0,0.03125,0.001698233829952626,0.0921500669052749,12.966666666666667,13.0,11.0,15.0
BIN::onemax::n=50::seed=499277862,onemax,bin,2000,0.0,HC(flips=1),HC,30,30,1.0,0.96875,0.9062468848641849,0.9984258622648188,0.0,0.0,0.0,0.0
BIN::onemax::n=50::seed=499277862,onemax,bin,2000,0.0,HC(flips=2),HC,12,30,0.4,0.40625,0.2701498286640738,0.5520237685606931,0.7,1.0,0.0,2.0
BIN::onemax::n=50::seed=499277862,onemax,bin,2000,0.0,"SA(T0=1.0,alpha=0.995,flips=1)",SA,30,30,1.0,0.96875,0.9079597008647341,0.9984190483810156,0.0,0.0,0.0,0.0
BIN::onemax::n=50::seed=499277862,onemax,bin,2000,0.0,"SA(T0=2.0,alpha=0.99,flips=1)",SA,30,30,1.0,0.96875,0.907497654853117,0.9981278072893915,0.0,0.0,0.0,0.0
BIN::onemax::n=50::seed=499277862,onemax,bin,2000,0.0,"SA(T0=2.0,alpha=0.995,flips=2)",SA,8,30,0.26666666666666666,0.28125,0.15945410970138502,0.4129783991186896,0.9,1.0,0.0,2.0
BIN::onemax::n=50::seed=499277862,onemax,bin,2000,0.0,"GA(pop=50,pc=0.9,pm=0.02)",GA,4,30,0.13333333333333333,0.15625,0.06484931824470898,0.26757252885702576,1.2666666666666666,1.0,0.0,3.0
BIN::onemax::n=50::seed=499277862,onemax,bin,2000,0.0,"GA(pop=50,pc=0.9,pm=0.05)",GA,0,30,0.0,0.03125,0.001651334531521611,0.0917123253764528,5.4,5.0,4.0,8.0
BIN::onemax::n=50::seed=499277862,onemax,bin,2000,0.0,"GA(pop=100,pc=0.9,pm=0.02)",GA,0,30,0.0,0.03125,0.0018496723336134842,0.09268614487281188,3.5,3.0,2.0,5.0
BIN::onemax::n=50::seed=499277862,onemax,bin,2000,0.0,TABU(tenure=7),TABU,6,30,0.2,0.21875,0.10922983788933116,0.3499244697495097,1.3333333333333333,1.0,0.0,3.0
BIN::onemax::n=50::seed=499277862,onemax,bin,2000,0.0,"UMDA(pop=50,elite=0.2)",UMDA,30,30,1.0,0.96875,0.9079703291473703,0.9982334890775392,0.0,0.0,0.0,0.0
BIN::onemax::n=50::seed=499277862,onemax,bin,2000,0.0,"UMDA(pop=100,elite=0.2)",UMDA,30,30,1.0,0.96875,0.9079634866462801,0.9980950260311312,0.0,0.0,0.0,0.0
BIN::onemax::n=50::seed=499277862,onemax,bin,2000,0.0,TABU(tenure=12),TABU,2,30,0.06666666666666667,0.09375,0.02799423218375236,0.1923824943231258,2.1,2.0,0.0,4.0
BIN::trap5::n=100::seed=712172259,trap5,bin,2000,0.0,RS_BIN,RS_BIN,0,30,0.0,0.03125,0.0018095674766299428,0.09566493701091132,46.7,47.0,44.0,49.0
BIN::trap5::n=100::seed=712172259,trap5,bin,2000,0.0,HC(flips=1),HC,0,30,0.0,0.03125,0.001959232340714478,0.091695899762641,19.166666666666668,19.0,17.0,20.0
BIN::trap5::n=100::seed=712172259,trap5,bin,2000,0.0,HC(flips=2),HC,0,30,0.0,0.03125,0.0017733886466351904,0.09123449060804763,19.966666666666665,20.0,16.0,23.0
BIN::trap5::n=100::seed=712172259,trap5,bin,2000,0.0,"SA(T0=1.0,alpha=0.995,flips=1)",SA,0,30,0.0,0.03125,0.0015157298270952707,0.09365246991255566,18.266666666666666,18.5,16.0,20.0
BIN::trap5::n=100::seed=712172259,trap5,bin,2000,0.0,"SA(T0=2.0,alpha=0.99,flips=1)",SA,0,30,0.0,0.03125,0.001819380423351757,0.09609134901955736,17.8,18.0,14.0,20.0
BIN::trap5::n=100::seed=712172259,trap5,bin,2000,0.0,"SA(T0=2.0,alpha=0.995,flips=2)",SA,0,30,0.0,0.03125,0.001628024421822381,0.09142584874986825,18.8,19.0,12.0,22.0
BIN::trap5::n=100::seed=712172259,trap5,bin,2000,0.0,"GA(pop=50,pc=0.9,pm=0.02)",GA,0,30,0.0,0.03125,0.0016723655678302608,0.09165573703991053,28.333333333333332,28.5,25.0,32.0
BIN::trap5::n=100::seed=712172259,trap5,bin,2000,0.0,"GA(pop=50,pc=0.9,pm=0.05)",GA,0,30,0.0,0.03125,0.0016169984605647547,0.08950494768931094,37.7,38.0,34.0,41.0
BIN::trap5::n=100::seed=712172259,trap5,bin,2000,0.0,"GA(pop=100,pc=0.9,pm=0.02)",GA,0,30,0.0,0.03125,0.0015631628013793527,0.09780027880289142,32.166666666666664,33.0,26.0,36.0
BIN::trap5::n=100::seed=712172259,trap5,bin,2000,0.0,TABU(tenure=7),TABU,0,30,0.0,0.03125,0.0016114712389282593,0.0911016858392877,20.8,20.5,18.0,24.0
BIN::trap5::n=100::seed=712172259,trap5,bin,2000,0.0,"UMDA(pop=50,elite=0.2)",UMDA,0,30,0.0,0.03125,0.0016836400176564327,0.09290027162547917,18.566666666666666,19.0,17.0,20.0
BIN::trap5::n=100::seed=712172259,trap5,bin,2000,0.0,"UMDA(pop=100,elite=0.2)",UMDA,0,30,0.0,0.03125,0.00142822004550395,0.09338455652856079,19.366666666666667,20.0,17.0,20.0
BIN::trap5::n=100::seed=712172259,trap5,bin,2000,0.0,TABU(tenure=12),TABU,0,30,0.0,0.03125,0.0016826084964107373,0.08995672471064405,22.133333333333333,22.0,18.0,27.0
BIN::leadingones::n=50::seed=147926084,leadingones,bin,2000,0.0,RS_BIN,RS_BIN,0,30,0.0,0.03125,0.0016866269384849396,0.08981882975043882,38.56666666666667,39.0,33.0,42.0
BIN::leadingones::n=50::seed=147926084,leadingones,bin,2000,0.0,HC(flips=1),HC,30,30,1.0,0.96875,0.9106265584966838,0.9985090582065336,0.0,0.0,0.0,0.0
BIN::leadingones::n=50::seed=147926084,leadingones,bin,2000,0.0,HC(flips=2),HC,5,30,0.16666666666666666,0.1875,0.08616667247741037,0.3111352684145813,2.6333333333333333,3.0,0.0,7.0
BIN::leadingones::n=50::seed=147926084,leadingones,bin,2000,0.0,"SA(T0=1.0,alpha=0.995,flips=1)",SA,29,30,0.9666666666666667,0.9375,0.855077298686367,0.9877219026317704,0.13333333333333333,0.0,0.0,4.0
BIN::leadingones::n=50::seed=147926084,leadingones,bin,2000,0.0,"SA(T0=2.0,alpha=0.99,flips=1)",SA,29,30,0.9666666666666667,0.9375,0.8564192957606765,0.988001290924345,0.23333333333333334,0.0,0.0,7.0
BIN::leadingones::n=50::seed=147926084,leadingones,bin,2000,0.0,"SA(T0=2.0,alpha=0.995,flips=2)",SA,9,30,0.3,0.3125,0.18869132443313935,0.448767564537958,2.566666666666667,2.0,0.0,10.0
BIN::leadingones::n=50::seed=147926084,leadingones,bin,2000,0.0,"GA(pop=50,pc=0.9,pm=0.02)",GA,0,30,0.0,0.03125,0.00170481284410343,0.09244447896394271,30.233333333333334,30.5,23.0,37.0
BIN::leadingones::n=50::seed=147926084,leadingones,bin,2000,0.0,"GA(pop=50,pc=0.9,pm=0.05)",GA,0,30,0.0,0.03125,0.0015747455254866392,0.09068639270077886,31.866666666666667,32.0,24.0,37.0
BIN::leadingones::n=50::seed=147926084,leadingones,bin,2000,0.0,"GA(pop=100,pc=0.9,pm=0.02)",GA,0,30,0.0,0.03125,0.0017806021596270152,0.0909155179526356,33.8,34.5,24.0,39.0
BIN::leadingones::n=50::seed=147926084,leadingones,bin,2000,0.0,TABU(tenure=7),TABU,0,30,0.0,0.03125,0.0016543860369749798,0.08887809319519513,8.866666666666667,8.5,3.0,15.0
BIN::leadingones::n=50::seed=147926084,leadingones,bin,2000,0.0,"UMDA(pop=50,elite=0.2)",UMDA,1,30,0.03333333333333333,0.0625,0.011517686855120328,0.13862304709523113,17.333333333333332,17.0,0.0,27.0
BIN::leadingones::n=50::seed=147926084,leadingones,bin,2000,0.0,"UMDA(pop=100,elite=0.2)",UMDA,0,30,0.0,0.03125,0.0018975974783237203,0.08713311116743254,20.066666666666666,21.0,9.0,29.0
BIN::leadingones::n=50::seed=147926084,leadingones,bin,2000,0.0,TABU(tenure=12),TABU,1,30,0.03333333333333333,0.0625,0.011301452191225931,0.13886093573898822,13.233333333333333,13.0,0.0,21.0
BIN::knapsack01::n=100::seed=547752988,knapsack01,bin,2000,0.0,RS_BIN,RS_BIN,0,30,0.0,0.03125,0.0016779216690450674,0.09096229993983393,1111.2666666666667,1109.0,924.0,1290.0
BIN::knapsack01::n=100::seed=547752988,knapsack01,bin,2000,0.0,HC(flips=1),HC,0,30,0.0,0.03125,0.0016479905852682187,0.09782174476002903,841.6666666666666,855.0,601.0,1070.0
BIN::knapsack01::n=100::seed=547752988,knapsack01,bin,2000,0.0,HC(flips=2),HC,0,30,0.0,0.03125,0.0018220462320876615,0.0914933755845126,100.23333333333333,97.5,48.0,187.0
BIN::knapsack01::n=100::seed=547752988,knapsack01,bin,2000,0.0,"SA(T0=1.0,alpha=0.995,flips=1)",SA,0,30,0.0,0.03125,0.0016587694185275523,0.08705607496089843,835.0333333333333,808.0,469.0,1152.0
BIN::knapsack01::n=100::seed=547752988,knapsack01,bin,2000,0.0,"SA(T0=2.0,alpha=0.99,flips=1)",SA,0,30,0.0,0.03125,0.0018254321072029504,0.09270290512574623,862.2666666666667,843.0,570.0,1198.0
BIN::knapsack01::n=100::seed=547752988,knapsack01,bin,2000,0.0,"SA(T0=2.0,alpha=0.995,flips=2)",SA,0,30,0.0,0.03125,0.0015637466796106366,0.09062067478904763,93.0,92.5,17.0,139.0
BIN::knapsack01::n=100::seed=547752988,knapsack01,bin,2000,0.0,"GA(pop=50,pc=0.9,pm=0.02)",GA,0,30,0.0,0.03125,0.0018472706649016884,0.09107820487551932,528.3,538.0,411.0,637.0
BIN::knapsack01::n=100::seed=547752988,knapsack01,bin,2000,0.0,"GA(pop=50,pc=0.9,pm=0.05)",GA,0,30,0.0,0.03125,0.0019882963900117716,0.09015584474240908,729.0666666666667,747.0,543.0,883.0
BIN::knapsack01::n=100::seed=547752988,knapsack01,bin,2000,0.0,"GA(pop=100,pc=0.9,pm=0.02)",GA,0,30,0.0,0.03125,0.0017939799006288332,0.0920745418537946,680.5333333333333,699.5,544.0,775.0
BIN::knapsack01::n=100::seed=547752988,knapsack01,bin,2000,0.0,TABU(tenure=7),TABU,0,30,0.0,0.03125,0.0016975894706836591,0.08708387835444534,188.0,198.5,112.0,263.0
BIN::knapsack01::n=100::seed=547752988,knapsack01,bin,2000,0.0,"UMDA(pop=50,elite=0.2)",UMDA,0,30,0.0,0.03125,0.001504427085092863,0.08961476819509796,101.96666666666667,94.5,44.0,224.0
BIN::knapsack01::n=100::seed=547752988,knapsack01,bin,2000,0.0,"UMDA(pop=100,elite=0.2)",UMDA,0,30,0.0,0.03125,0.0017224021440726944,0.09537700956132607,71.3,68.5,23.0,150.0
BIN::knapsack01::n=100::seed=547752988,knapsack01,bin,2000,0.0,TABU(tenure=12),TABU,0,30,0.0,0.03125,0.0017185447341639425,0.09298024204422924,212.6,218.0,138.0,290.0
BIN::trap5::n=50::seed=129773949,trap5,bin,2000,0.0,RS_BIN,RS_BIN,0,30,0.0,0.03125,0.0018625482178029505,0.08708706198080642,18.933333333333334,19.0,15.0,21.0
BIN::trap5::n=50::seed=129773949,trap5,bin,2000,0.0,HC(flips=1),HC,0,30,0.0,0.03125,0.0017525076632838046,0.09465315327668997,9.633333333333333,10.0,8.0,10.0
BIN::trap5::n=50::seed=129773949,trap5,bin,2000,0.0,HC(flips=2),HC,0,30,0.0,0.03125,0.001762615408526152,0.09404301980376162,9.766666666666667,10.0,8.0,12.0
BIN::trap5::n=50::seed=129773949,trap5,bin,2000,0.0,"SA(T0=1.0,alpha=0.995,flips=1)",SA,0,30,0.0,0.03125,0.0017116579099590123,0.09207067400302571,9.033333333333333,9.0,6.0,10.0
BIN::trap5::n=50::seed=129773949,trap5,bin,2000,0.0,"SA(T0=2.0,alpha=0.99,flips=1)",SA,0,30,0.0,0.03125,0.0016801331437705513,0.09305446990150038,8.633333333333333,9.0,7.0,10.0
BIN::trap5::n=50::seed=129773949,trap5,bin,2000,0.0,"SA(T0=2.0,alpha=0.995,flips=2)",SA,0,30,0.0,0.03125,0.0017094322070863536,0.09025404789150408,9.066666666666666,9.0,6.0,11.0
BIN::trap5::n=50::seed=129773949,trap5,bin,2000,0.0,"GA(pop=50,pc=0.9,pm=0.02)",GA,0,30,0.0,0.03125,0.0015084830936650997,0.09067418808082656,9.0,9.0,6.0,11.0
BIN::trap5::n=50::seed=129773949,trap5,bin,2000,0.0,"GA(pop=50,pc=0.9,pm=0.05)",GA,0,30,0.0,0.03125,0.001607175913954001,0.09480770283771794,13.7,14.0,9.0,17.0
BIN::trap5::n=50::seed=129773949,trap5,bin,2000,0.0,"GA(pop=100,pc=0.9,pm=0.02)",GA,0,30,0.0,0.03125,0.001752159160073387,0.08943907279157373,10.466666666666667,11.0,4.0,14.0
BIN::trap5::n=50::seed=129773949,trap5,bin,2000,0.0,TABU(tenure=7),TABU,0,30,0.0,0.03125,0.001632570881366754,0.09012271318295513,10.1,10.0,8.0,12.0
BIN::trap5::n=50::seed=129773949,trap5,bin,2000,0.0,"UMDA(pop=50,elite=0.2)",UMDA,0,30,0.0,0.03125,0.002014358822592316,0.09886094788043372,9.433333333333334,10.0,8.0,10.0
BIN::trap5::n=50::seed=129773949,trap5,bin,2000,0.0,"UMDA(pop=100,elite=0.2)",UMDA,0,30,0.0,0.03125,0.0017819670390450306,0.08864143674925214,9.733333333333333,10.0,8.0,10.0
BIN::trap5::n=50::seed=129773949,trap5,bin,2000,0.0,TABU(tenure=12),TABU,0,30,0.0,0.03125,0.0017723888872747528,0.09103819833347639,10.1,11.0,4.0,14.0
BIN::knapsack01::n=150::seed=979445677,knapsack01,bin,2000,0.0,RS_BIN,RS_BIN,0,30,0.0,0.03125,0.001638118539656342,0.09798228301926487,1840.3,1848.5,1565.0,2096.0
BIN::knapsack01::n=150::seed=979445677,knapsack01,bin,2000,0.0,HC(flips=1),HC,0,30,0.0,0.03125,0.001565442013200816,0.0967125318431431,1110.4,1074.0,777.0,1568.0
BIN::knapsack01::n=150::seed=979445677,knapsack01,bin,2000,0.0,HC(flips=2),HC,0,30,0.0,0.03125,0.0016447927806630372,0.0920763110563604,163.76666666666668,167.0,87.0,234.0
BIN::knapsack01::n=150::seed=979445677,knapsack01,bin,2000,0.0,"SA(T0=1.0,alpha=0.995,flips=1)",SA,0,30,0.0,0.03125,0.0016858792237035977,0.09095440671808304,1022.9333333333333,1009.0,698.0,1296.0
BIN::knapsack01::n=150::seed=979445677,knapsack01,bin,2000,0.0,"SA(T0=2.0,alpha=0.99,flips=1)",SA,0,30,0.0,0.03125,0.001878840395353218,0.0913042243362458,1040.9666666666667,1033.0,694.0,1448.0
BIN::knapsack01::n=150::seed=979445677,knapsack01,bin,2000,0.0,"SA(T0=2.0,alpha=0.995,flips=2)",SA,0,30,0.0,0.03125,0.0015475334844980283,0.08904903581951368,173.9,172.0,88.0,279.0
BIN::knapsack01::n=150::seed=979445677,knapsack01,bin,2000,0.0,"GA(pop=50,pc=0.9,pm=0.02)",GA,0,30,0.0,0.03125,0.0017647365574702612,0.09336791768096986,1029.1666666666667,1009.0,864.0,1237.0
BIN::knapsack01::n=150::seed=979445677,knapsack01,bin,2000,0.0,"GA(pop=50,pc=0.9,pm=0.05)",GA,0,30,0.0,0.03125,0.0017269428129066105,0.0879153628482636,1335.7,1338.5,1136.0,1500.0
BIN::knapsack01::n=150::seed=979445677,knapsack01,bin,2000,0.0,"GA(pop=100,pc=0.9,pm=0.02)",GA,0,30,0.0,0.03125,0.001814090129079843,0.09022127340883988,1234.9333333333334,1260.5,1054.0,1371.0
BIN::knapsack01::n=150::seed=979445677,knapsack01,bin,2000,0.0,TABU(tenure=7),TABU,0,30,0.0,0.03125,0.0014715188129308257,0.09339094528948626,313.5,314.5,185.0,465.0
BIN::knapsack01::n=150::seed=979445677,knapsack01,bin,2000,0.0,"UMDA(pop=50,elite=0.2)",UMDA,0,30,0.0,0.03125,0.0018159327223516788,0.09058161716763828,163.26666666666668,159.5,74.0,259.0
BIN::knapsack01::n=150::seed=979445677,knapsack01,bin,2000,0.0,"UMDA(pop=100,elite=0.2)",UMDA,0,30,0.0,0.03125,0.0014100888436927655,0.09235432943841922,180.33333333333334,179.5,91.0,295.0
BIN::knapsack01::n=150::seed=979445677,knapsack01,bin,2000,0.0,TABU(tenure=12),TABU,0,30,0.0,0.03125,0.0014524973113819433,0.09026072408296311,314.8666666666667,318.0,243.0,396.0
BIN::knapsack01::n=100::seed=368993123,knapsack01,bin,2000,0.0,RS_BIN,RS_BIN,0,30,0.0,0.03125,0.0019022340045308133,0.09146223988259597,895.9333333333333,911.5,601.0,996.0
BIN::knapsack01::n=100::seed=368993123,knapsack01,bin,2000,0.0,HC(flips=1),HC,0,30,0.0,0.03125,0.0018026725682762318,0.09446836543660911,779.4,791.5,454.0,988.0
BIN::knapsack01::n=100::seed=368993123,knapsack01,bin,2000,0.0,HC(flips=2),HC,0,30,0.0,0.03125,0.001688461444095329,0.08940953292047533,77.93333333333334,71.0,32.0,156.0
BIN::knapsack01::n=100::seed=368993123,knapsack01,bin,2000,0.0,"SA(T0=1.0,alpha=0.995,flips=1)",SA,0,30,0.0,0.03125,0.0016287009135440482,0.08832273658514243,757.0666666666667,737.0,417.0,1180.0
BIN::knapsack01::n=100::seed=368993123,knapsack01,bin,2000,0.0,"SA(T0=2.0,alpha=0.99,flips=1)",SA,0,30,0.0,0.03125,0.001699178550325929,0.0860796738392829,746.6666666666666,737.5,462.0,998.0
BIN::knapsack01::n=100::seed=368993123,knapsack01,bin,2000,0.0,"SA(T0=2.0,alpha=0.995,flips=2)",SA,0,30,0.0,0.03125,0.0017722050558095818,0.09032652782442867,83.5,83.5,28.0,159.0
BIN::knapsack01::n=100::seed=368993123,knapsack01,bin,2000,0.0,"GA(pop=50,pc=0.9,pm=0.02)",GA,0,30,0.0,0.03125,0.0015416703287392036,0.08686837266112238,435.96666666666664,450.5,281.0,577.0
BIN::knapsack01::n=100::seed=368993123,knapsack01,bin,2000,0.0,"GA(pop=50,pc=0.9,pm=0.05)",GA,0,30,0.0,0.03125,0.001326633432210902,0.08743393585799618,594.7333333333333,597.0,464.0,684.0
BIN::knapsack01::n=100::seed=368993123,knapsack01,bin,2000,0.0,"GA(pop=100,pc=0.9,pm=0.02)",GA,0,30,0.0,0.03125,0.0018899857889050943,0.09696343535231268,556.7,555.0,413.0,667.0
BIN::knapsack01::n=100::seed=368993123,knapsack01,bin,2000,0.0,TABU(tenure=7),TABU,0,30,0.0,0.03125,0.0016478600968296566,0.09345473644848523,162.93333333333334,162.5,86.0,247.0
BIN::knapsack01::n=100::seed=368993123,knapsack01,bin,2000,0.0,"UMDA(pop=50,elite=0.2)",UMDA,0,30,0.0,0.03125,0.0018054698836580372,0.09127886080523104,96.8,88.0,27.0,187.0
BIN::knapsack01::n=100::seed=368993123,knapsack01,bin,2000,0.0,"UMDA(pop=100,elite=0.2)",UMDA,0,30,0.0,0.03125,0.001966928061190442,0.09041028503576236,67.66666666666667,69.0,26.0,108.0
BIN::knapsack01::n=100::seed=368993123,knapsack01,bin,2000,0.0,TABU(tenure=12),TABU,0,30,0.0,0.03125,0.001641129578822541,0.09675538666921756,182.96666666666667,179.5,137.0,246.0
BIN::trap5::n=50::seed=443733860,trap5,bin,2000,0.0,RS_BIN,RS_BIN,0,30,0.0,0.03125,0.0017450357480808133,0.09427445710152381,19.1,19.0,16.0,21.0
BIN::trap5::n=50::seed=443733860,trap5,bin,2000,0.0,HC(flips=1),HC,0,30,0.0,0.03125,0.0016362937535039,0.10148962728123932,9.466666666666667,10.0,7.0,10.0
BIN::trap5::n=50::seed=443733860,trap5,bin,2000,0.0,HC(flips=2),HC,0,30,0.0,0.03125,0.0015817144586489727,0.08888034100823289,9.666666666666666,10.0,6.0,12.0
BIN::trap5::n=50::seed=443733860,trap5,bin,2000,0.0,"SA(T0=1.0,alpha=0.995,flips=1)",SA,0,30,0.0,0.03125,0.0016027287129063111,0.0917566776860402,8.933333333333334,9.0,6.0,10.0
BIN::trap5::n=50::seed=443733860,trap5,bin,2000,0.0,"SA(T0=2.0,alpha=0.99,flips=1)",SA,0,30,0.0,0.03125,0.0016747254215266519,0.09318770513461298,8.766666666666667,9.0,7.0,10.0
BIN::trap5::n=50::seed=443733860,trap5,bin,2000,0.0,"SA(T0=2.0,alpha=0.995,flips=2)",SA,0,30,0.0,0.03125,0.001819974785060576,0.09329113046740413,8.9,9.0,5.0,12.0
BIN::trap5::n=50::seed=443733860,trap5,bin,2000,0.0,"GA(pop=50,pc=0.9,pm=0.02)",GA,0,30,0.0,0.03125,0.0018683979780547946,0.09345188002363566,8.6,9.0,5.0,12.0
BIN::trap5::n=50::seed=443733860,trap5,bin,2000,0.0,"GA(pop=50,pc=0.9,pm=0.05)",GA,0,30,0.0,0.03125,0.001603823097381091,0.08984703342297905,13.366666666666667,13.0,10.0,16.0
BIN::trap5::n=50::seed=443733860,trap5,bin,2000,0.0,"GA(pop=100,pc=0.9,pm=0.02)",GA,0,30,0.0,0.03125,0.001699598606755321,0.08557618474566932,9.466666666666667,9.0,6.0,13.0
BIN::trap5::n=50::seed=443733860,trap5,bin,2000,0.0,TABU(tenure=7),TABU,0,30,0.0,0.03125,0.0017084614613455007,0.0911307201822157,9.866666666666667,10.0,7.0,12.0
BIN::trap5::n=50::seed=443733860,trap5,bin,2000,0.0,"UMDA(pop=50,elite=0.2)",UMDA,0,30,0.0,0.03125,0.0016897392952856542,0.08964576735749634,9.4,10.0,7.0,10.0
BIN::trap5::n=50::seed=443733860,trap5,bin,2000,0.0,"UMDA(pop=100,elite=0.2)",UMDA,0,30,0.0,0.03125,0.0015895785566973958,0.0911800549196414,9.766666666666667,10.0,8.0,10.0
BIN::trap5::n=50::seed=443733860,trap5,bin,2000,0.0,TABU(tenure=12),TABU,0,30,0.0,0.03125,0.0018227957181319657,0.09744461368506584,9.466666666666667,9.5,3.0,13.0
BIN::knapsack01::n=100::seed=275308815,knapsack01,bin,2000,0.0,RS_BIN,RS_BIN,0,30,0.0,0.03125,0.0017525086200442922,0.09461432739192742,1035.0666666666666,1061.5,824.0,1193.0
BIN::knapsack01::n=100::seed=275308815,knapsack01,bin,2000,0.0,HC(flips=1),HC,0,30,0.0,0.03125,0.001525070661563448,0.09645210061913499,779.0666666666667,785.0,454.0,1115.0
BIN::knapsack01::n=100::seed=275308815,knapsack01,bin,2000,0.0,HC(flips=2),HC,0,30,0.0,0.03125,0.0017564256274998243,0.09261744893421923,75.93333333333334,74.0,42.0,108.0
BIN::knapsack01::n=100::seed=275308815,knapsack01,bin,2000,0.0,"SA(T0=1.0,alpha=0.995,flips=1)",SA,0,30,0.0,0.03125,0.0017190370997901738,0.09261213626936932,749.4,698.5,443.0,1194.0
BIN::knapsack01::n=100::seed=275308815,knapsack01,bin,2000,0.0,"SA(T0=2.0,alpha=0.99,flips=1)",SA,0,30,0.0,0.03125,0.0016126738845536179,0.09088965061699335,774.8333333333334,776.0,468.0,1151.0
BIN::knapsack01::n=100::seed=275308815,knapsack01,bin,2000,0.0,"SA(T0=2.0,alpha=0.995,flips=2)",SA,0,30,0.0,0.03125,0.0014321713727830567,0.09259365819600439,74.76666666666667,72.0,43.0,112.0
BIN::knapsack01::n=100::seed=275308815,knapsack01,bin,2000,0.0,"GA(pop=50,pc=0.9,pm=0.02)",GA,0,30,0.0,0.03125,0.0018368550661334417,0.08933160816300643,452.8,463.5,333.0,581.0
BIN::knapsack01::n=100::seed=275308815,knapsack01,bin,2000,0.0,"GA(pop=50,pc=0.9,pm=0.05)",GA,0,30,0.0,0.03125,0.0018293232469748517,0.0916598429047158,635.7,647.0,393.0,774.0
BIN::knapsack01::n=100::seed=275308815,knapsack01,bin,2000,0.0,"GA(pop=100,pc=0.9,pm=0.02)",GA,0,30,0.0,0.03125,0.0016811253685931932,0.08999155358938425,605.7666666666667,610.0,326.0,747.0
BIN::knapsack01::n=100::seed=275308815,knapsack01,bin,2000,0.0,TABU(tenure=7),TABU,0,30,0.0,0.03125,0.001209988696626373,0.08868381840177958,154.96666666666667,161.0,101.0,215.0
BIN::knapsack01::n=100::seed=275308815,knapsack01,bin,2000,0.0,"UMDA(pop=50,elite=0.2)",UMDA,0,30,0.0,0.03125,0.0018652519844946694,0.09538694831369987,89.2,90.5,36.0,142.0
BIN::knapsack01::n=100::seed=275308815,knapsack01,bin,2000,0.0,"UMDA(pop=100,elite=0.2)",UMDA,0,30,0.0,0.03125,0.0018561153177972301,0.0949520794083766,69.1,60.0,37.0,135.0
BIN::knapsack01::n=100::seed=275308815,knapsack01,bin,2000,0.0,TABU(tenure=12),TABU,0,30,0.0,0.03125,0.001542413518244721,0.09311283093662463,168.93333333333334,169.5,72.0,259.0
BIN::onemax::n=150::seed=347746639,onemax,bin,2000,0.0,RS_BIN,RS_BIN,0,30,0.0,0.03125,0.0018564086500491687,0.09314453720124119,55.0,55.0,52.0,57.0
BIN::onemax::n=150::seed=347746639,onemax,bin,2000,0.0,HC(flips=1),HC,30,30,1.0,0.96875,0.910885010715088,0.9985607692820919,0.0,0.0,0.0,0.0
BIN::onemax::n=150::seed=347746639,onemax,bin,2000,0.0,HC(flips=2),HC,0,30,0.0,0.03125,0.0014103019631020743,0.09202258048634586,5.666666666666667,5.0,3.0,10.0
BIN::onemax::n=150::seed=347746639,onemax,bin,2000,0.0,"SA(T0=1.0,alpha=0.995,flips=1)",SA,30,30,1.0,0.96875,0.9112471530664907,0.9986119340191824,0.0,0.0,0.0,0.0
BIN::onemax::n=150::seed=347746639,onemax,bin,2000,0.0,"SA(T0=2.0,alpha=0.99,flips=1)",SA,30,30,1.0,0.96875,0.908680478702854,0.9982828548766635,0.0,0.0,0.0,0.0
BIN::onemax::n=150::seed=347746639,onemax,bin,2000,0.0,"SA(T0=2.0,alpha=0.995,flips=2)",SA,0,30,0.0,0.03125,0.001948823572576751,0.0931025954108784,6.066666666666666,6.0,2.0,10.0
BIN::onemax::n=150::seed=347746639,onemax,bin,2000,0.0,"GA(pop=50,pc=0.9,pm=0.02)",GA,0,30,0.0,0.03125,0.0014898201472898478,0.08780177671559379,27.333333333333332,27.0,22.0,33.0
BIN::onemax::n=150::seed=347746639,onemax,bin,2000,0.0,"GA(pop=50,pc=0.9,pm=0.05)",GA,0,30,0.0,0.03125,0.0020141761323774856,0.09471867443563435,39.36666666666667,39.5,34.0,44.0
BIN::onemax::n=150::seed=347746639,onemax,bin,2000,0.0,"GA(pop=100,pc=0.9,pm=0.02)",GA,0,30,0.0,0.03125,0.0017711408538235228,0.08935213493776957,33.733333333333334,34.0,28.0,39.0
BIN::onemax::n=150::seed=347746639,onemax,bin,2000,0.0,TABU(tenure=7),TABU,1,30,0.03333333333333333,0.0625,0.011528767072790679,0.14130385793377678,7.233333333333333,7.0,0.0,11.0
BIN::onemax::n=150::seed=347746639,onemax,bin,2000,0.0,"UMDA(pop=50,elite=0.2)",UMDA,28,30,0.9333333333333333,0.90625,0.8078459415992141,0.9732756232421561,0.06666666666666667,0.0,0.0,1.0
BIN::onemax::n=150::seed=347746639,onemax,bin,2000,0.0,"UMDA(pop=100,elite=0.2)",UMDA,29,30,0.9666666666666667,0.9375,0.8525824783073634,0.9892862813036101,0.03333333333333333,0.0,0.0,1.0
BIN::onemax::n=150::seed=347746639,onemax,bin,2000,0.0,TABU(tenure=12),TABU,0,30,0.0,0.03125,0.0016520531613056356,0.09016891546962784,8.233333333333333,9.0,2.0,13.0
BIN::onemax::n=150::seed=458994374,onemax,bin,2000,0.0,RS_BIN,RS_BIN,0,30,0.0,0.03125,0.001694600101554156,0.09295464634140573,54.0,54.0,50.0,57.0
BIN::onemax::n=150::seed=458994374,onemax,bin,2000,0.0,HC(flips=1),HC,30,30,1.0,0.96875,0.9032243751562992,0.9983615824039558,0.0,0.0,0.0,0.0
BIN::onemax::n=150::seed=458994374,onemax,bin,2000,0.0,HC(flips=2),HC,0,30,0.0,0.03125,0.0015094189253555836,0.09432018381611025,5.433333333333334,6.0,2.0,10.0
BIN::onemax::n=150::seed=458994374,onemax,bin,2000,0.0,"SA(T0=1.0,alpha=0.995,flips=1)",SA,30,30,1.0,0.96875,0.9080704466487822,0.9982207381683681,0.0,0.0,0.0,0.0
BIN::onemax::n=150::seed=458994374,onemax,bin,2000,0.0,"SA(T0=2.0,alpha=0.99,flips=1)",SA,30,30,1.0,0.96875,0.913528049986807,0.9984207263699437,0.0,0.0,0.0,0.0
BIN::onemax::n=150::seed=458994374,onemax,bin,2000,0.0,"SA(T0=2.0,alpha=0.995,flips=2)",SA,0,30,0.0,0.03125,0.001669221705030216,0.08354788098227746,5.966666666666667,6.0,2.0,10.0
BIN::onemax::n=150::seed=458994374,onemax,bin,2000,0.0,"GA(pop=50,pc=0.9,pm=0.02)",GA,0,30,0.0,0.03125,0.0017020225000752625,0.09477736341317622,26.466666666666665,27.0,21.0,31.0
BIN::onemax::n=150::seed=458994374,onemax,bin,2000,0.0,"GA(pop=50,pc=0.9,pm=0.05)",GA,0,30,0.0,0.03125,0.001731373697545169,0.09517934505561974,38.03333333333333,38.0,29.0,42.0
BIN::onemax::n=150::seed=458994374,onemax,bin,2000,0.0,"GA(pop=100,pc=0.9,pm=0.02)",GA,0,30,0.0,0.03125,0.0014249651566795333,0.08783135401437314,34.6,34.0,28.0,40.0
BIN::onemax::n=150::seed=458994374,onemax,bin,2000,0.0,TABU(tenure=7),TABU,0,30,0.0,0.03125,0.001636244100041395,0.0893869773319793,7.066666666666666,7.0,4.0,11.0
BIN::onemax::n=150::seed=458994374,onemax,bin,2000,0.0,"UMDA(pop=50,elite=0.2)",UMDA,30,30,1.0,0.96875,0.9106557905951123,0.9983442337695323,0.0,0.0,0.0,0.0
BIN::onemax::n=150::seed=458994374,onemax,bin,2000,0.0,"UMDA(pop=100,elite=0.2)",UMDA,29,30,0.9666666666666667,0.9375,0.8573588626537216,0.9883011219342189,0.03333333333333333,0.0,0.0,1.0
BIN::onemax::n=150::seed=458994374,onemax,bin,2000,0.0,TABU(tenure=12),TABU,0,30,0.0,0.03125,0.0018613646387944664,0.09181773407856814,9.0,9.0,6.0,13.0
BIN::knapsack01::n=100::seed=816736435,knapsack01,bin,2000,0.0,RS_BIN,RS_BIN,0,30,0.0,0.03125,0.0013342735612936131,0.0929117410466546,1065.2666666666667,1090.0,862.0,1164.0
BIN::knapsack01::n=100::seed=816736435,knapsack01,bin,2000,0.0,HC(flips=1),HC,0,30,0.0,0.03125,0.0016868802084124158,0.09140253919354531,972.3666666666667,985.5,649.0,1357.0
BIN::knapsack01::n=100::seed=816736435,knapsack01,bin,2000,0.0,HC(flips=2),HC,0,30,0.0,0.03125,0.0016706828277407192,0.09252110903974754,87.03333333333333,88.0,37.0,142.0
BIN::knapsack01::n=100::seed=816736435,knapsack01,bin,2000,0.0,"SA(T0=1.0,alpha=0.995,flips=1)",SA,0,30,0.0,0.03125,0.00202826992653888,0.09455626115417384,919.2,847.0,457.0,1385.0
BIN::knapsack01::n=100::seed=816736435,knapsack01,bin,2000,0.0,"SA(T0=2.0,alpha=0.99,flips=1)",SA,0,30,0.0,0.03125,0.001455045187143403,0.09365312413411747,878.9,885.5,427.0,1348.0
BIN::knapsack01::n=100::seed=816736435,knapsack01,bin,2000,0.0,"SA(T0=2.0,alpha=0.995,flips=2)",SA,0,30,0.0,0.03125,0.001563984138023256,0.08892072150501422,92.06666666666666,82.5,38.0,156.0
BIN::knapsack01::n=100::seed=816736435,knapsack01,bin,2000,0.0,"GA(pop=50,pc=0.9,pm=0.02)",GA,0,30,0.0,0.03125,0.0015246434046498917,0.09398250150431774,513.1,510.5,267.0,640.0
BIN::knapsack01::n=100::seed=816736435,knapsack01,bin,2000,0.0,"GA(pop=50,pc=0.9,pm=0.05)",GA,0,30,0.0,0.03125,0.0018813052118415504,0.09239634929490709,713.6333333333333,733.0,554.0,827.0
BIN::knapsack01::n=100::seed=816736435,knapsack01,bin,2000,0.0,"GA(pop=100,pc=0.9,pm=0.02)",GA,0,30,0.0,0.03125,0.0017858449993162066,0.08985015001356937,657.1333333333333,661.0,489.0,779.0
BIN::knapsack01::n=100::seed=816736435,knapsack01,bin,2000,0.0,TABU(tenure=7),TABU,0,30,0.0,0.03125,0.0014732002735768,0.09106231140824192,172.43333333333334,177.0,109.0,230.0
BIN::knapsack01::n=100::seed=816736435,knapsack01,bin,2000,0.0,"UMDA(pop=50,elite=0.2)",UMDA,0,30,0.0,0.03125,0.0018441085490194281,0.08968824422284068,109.63333333333334,101.5,16.0,225.0
BIN::knapsack01::n=100::seed=816736435,knapsack01,bin,2000,0.0,"UMDA(pop=100,elite=0.2)",UMDA,0,30,0.0,0.03125,0.0016167924731120677,0.08934630881446678,79.36666666666666,77.5,25.0,164.0
BIN::knapsack01::n=100::seed=816736435,knapsack01,bin,2000,0.0,TABU(tenure=12),TABU,0,30,0.0,0.03125,0.00205195628975914,0.09263720836120964,196.26666666666668,202.0,56.0,296.0
BIN::trap5::n=150::seed=982267571,trap5,bin,2000,0.0,RS_BIN,RS_BIN,0,30,0.0,0.03125,0.0016513983177359713,0.08795770762694027,75.8,76.0,70.0,80.0
BIN::trap5::n=150::seed=982267571,trap5,bin,2000,0.0,HC(flips=1),HC,0,30,0.0,0.03125,0.0018212475187354604,0.08749597563723968,27.9,28.0,23.0,30.0
BIN::trap5::n=150::seed=982267571,trap5,bin,2000,0.0,HC(flips=2),HC,0,30,0.0,0.03125,0.001947989826037628,0.08862309015586967,31.366666666666667,32.0,26.0,35.0
BIN::trap5::n=150::seed=982267571,trap5,bin,2000,0.0,"SA(T0=1.0,alpha=0.995,flips=1)",SA,0,30,0.0,0.03125,0.0017049777998847976,0.09102296721389334,27.733333333333334,28.0,25.0,30.0
BIN::trap5::n=150::seed=982267571,trap5,bin,2000,0.0,"SA(T0=2.0,alpha=0.99,flips=1)",SA,0,30,0.0,0.03125,0.0015774307543980997,0.09609658548564537,27.533333333333335,27.0,24.0,30.0
BIN::trap5::n=150::seed=982267571,trap5,bin,2000,0.0,"SA(T0=2.0,alpha=0.995,flips=2)",SA,0,30,0.0,0.03125,0.0013432894950722528,0.09601718563575393,30.4,30.5,25.0,35.0
BIN::trap5::n=150::seed=982267571,trap5,bin,2000,0.0,"GA(pop=50,pc=0.9,pm=0.02)",GA,0,30,0.0,0.03125,0.0016463673742227495,0.0912182449547982,53.266666666666666,53.0,47.0,61.0
BIN::trap5::n=150::seed=982267571,trap5,bin,2000,0.0,"GA(pop=50,pc=0.9,pm=0.05)",GA,0,30,0.0,0.03125,0.001349047139427983,0.08949936273989381,65.26666666666667,65.5,60.0,70.0
BIN::trap5::n=150::seed=982267571,trap5,bin,2000,0.0,"GA(pop=100,pc=0.9,pm=0.02)",GA,0,30,0.0,0.03125,0.0014214822502003658,0.09059239246968366,56.96666666666667,58.0,50.0,61.0
BIN::trap5::n=150::seed=982267571,trap5,bin,2000,0.0,TABU(tenure=7),TABU,0,30,0.0,0.03125,0.0016544828046208219,0.09241284500459362,33.03333333333333,33.0,28.0,39.0
BIN::trap5::n=150::seed=982267571,trap5,bin,2000,0.0,"UMDA(pop=50,elite=0.2)",UMDA,0,30,0.0,0.03125,0.0016224558763639884,0.09277536314597082,27.633333333333333,28.0,23.0,30.0
BIN::trap5::n=150::seed=982267571,trap5,bin,2000,0.0,"UMDA(pop=100,elite=0.2)",UMDA,0,30,0.0,0.03125,0.0018396423900738717,0.09445761855013936,29.033333333333335,29.0,26.0,32.0
BIN::trap5::n=150::seed=982267571,trap5,bin,2000,0.0,TABU(tenure=12),TABU,0,30,0.0,0.03125,0.00204962928567064,0.09849651974019628,35.13333333333333,35.5,29.0,40.0
BIN::onemax::n=150::seed=204509461,onemax,bin,2000,0.0,RS_BIN,RS_BIN,0,30,0.0,0.03125,0.0013258185481209008,0.09291753030375849,54.233333333333334,55.0,48.0,58.0
BIN::onemax::n=150::seed=204509461,onemax,bin,2000,0.0,HC(flips=1),HC,30,30,1.0,0.96875,0.908486836142666,0.9983048652231238,0.0,0.0,0.0,0.0
BIN::onemax::n=150::seed=204509461,onemax,bin,2000,0.0,HC(flips=2),HC,0,30,0.0,0.03125,0.001668966917997781,0.09107516379704766,6.133333333333334,6.0,3.0,9.0
BIN::onemax::n=150::seed=204509461,onemax,bin,2000,0.0,"SA(T0=1.0,alpha=0.995,flips=1)",SA,30,30,1.0,0.96875,0.9082204942593237,0.9985613936035818,0.0,0.0,0.0,0.0
BIN::onemax::n=150::seed=204509461,onemax,bin,2000,0.0,"SA(T0=2.0,alpha=0.99,flips=1)",SA,30,30,1.0,0.96875,0.9079454920380561,0.998437158714117,0.0,0.0,0.0,0.0
BIN::onemax::n=150::seed=204509461,onemax,bin,2000,0.0,"SA(T0=2.0,alpha=0.995,flips=2)",SA,0,30,0.0,0.03125,0.0017573816580601926,0.0902927641676579,5.533333333333333,6.0,2.0,10.0
BIN::onemax::n=150::seed=204509461,onemax,bin,2000,0.0,"GA(pop=50,pc=0.9,pm=0.02)",GA,0,30,0.0,0.03125,0.00203791873084442,0.09275518182099352,26.9,27.0,22.0,32.0
BIN::onemax::n=150::seed=204509461,onemax,bin,2000,0.0,"GA(pop=50,pc=0.9,pm=0.05)",GA,0,30,0.0,0.03125,0.0017991904993167967,0.09133911021729717,38.833333333333336,39.0,35.0,43.0
BIN::onemax::n=150::seed=204509461,onemax,bin,2000,0.0,"GA(pop=100,pc=0.9,pm=0.02)",GA,0,30,0.0,0.03125,0.0014231928203015172,0.09190382384282185,34.733333333333334,35.0,30.0,38.0
BIN::onemax::n=150::seed=204509461,onemax,bin,2000,0.0,TABU(tenure=7),TABU,0,30,0.0,0.03125,0.0016766663490266705,0.09006253466468868,7.833333333333333,8.0,5.0,12.0
BIN::onemax::n=150::seed=204509461,onemax,bin,2000,0.0,"UMDA(pop=50,elite=0.2)",UMDA,30,30,1.0,0.96875,0.9064552314578785,0.9985351535192648,0.0,0.0,0.0,0.0
BIN::onemax::n=150::seed=204509461,onemax,bin,2000,0.0,"UMDA(pop=100,elite=0.2)",UMDA,30,30,1.0,0.96875,0.905563247697939,0.9987090385281464,0.0,0.0,0.0,0.0
BIN::onemax::n=150::seed=204509461,onemax,bin,2000,0.0,TABU(tenure=12),TABU,0,30,0.0,0.03125,0.0013381179801295892,0.09236182607964685,8.633333333333333,9.0,4.0,13.0
BIN::trap5::n=50::seed=823862260,trap5,bin,2000,0.0,RS_BIN,RS_BIN,0,30,0.0,0.03125,0.0019496121517765751,0.09988049213064873,18.966666666666665,19.0,17.0,21.0
BIN::trap5::n=50::seed=823862260,trap5,bin,2000,0.0,HC(flips=1),HC,0,30,0.0,0.03125,0.001837192748545481,0.0990871020611194,9.433333333333334,9.0,8.0,10.0
BIN::trap5::n=50::seed=823862260,trap5,bin,2000,0.0,HC(flips=2),HC,0,30,0.0,0.03125,0.0014425210734075617,0.09410316379764375,9.533333333333333,10.0,7.0,12.0
BIN::trap5::n=50::seed=823862260,trap5,bin,2000,0.0,"SA(T0=1.0,alpha=0.995,flips=1)",SA,0,30,0.0,0.03125,0.0018147035276765986,0.09259884063080787,8.933333333333334,9.0,7.0,10.0
BIN::trap5::n=50::seed=823862260,trap5,bin,2000,0.0,"SA(T0=2.0,alpha=0.99,flips=1)",SA,0,30,0.0,0.03125,0.0015971357938978988,0.08881266863096457,9.133333333333333,9.0,8.0,10.0
BIN::trap5::n=50::seed=823862260,trap5,bin,2000,0.0,"SA(T0=2.0,alpha=0.995,flips=2)",SA,0,30,0.0,0.03125,0.0015950770356528098,0.09843647792344379,8.766666666666667,9.0,6.0,11.0
BIN::trap5::n=50::seed=823862260,trap5,bin,2000,0.0,"GA(pop=50,pc=0.9,pm=0.02)",GA,0,30,0.0,0.03125,0.0014840036549465829,0.08789442624973359,8.766666666666667,9.0,5.0,11.0
BIN::trap5::n=50::seed=823862260,trap5,bin,2000,0.0,"GA(pop=50,pc=0.9,pm=0.05)",GA,0,30,0.0,0.03125,0.0018209440466290584,0.09199899535661693,13.266666666666667,13.5,10.0,15.0
BIN::trap5::n=50::seed=823862260,trap5,bin,2000,0.0,"GA(pop=100,pc=0.9,pm=0.02)",GA,0,30,0.0,0.03125,0.0014445644545613013,0.09102379388613613,10.0,10.0,8.0,13.0
BIN::trap5::n=50::seed=823862260,trap5,bin,2000,0.0,TABU(tenure=7),TABU,0,30,0.0,0.03125,0.0016447012806778299,0.08965936196417928,9.866666666666667,10.0,5.0,12.0
BIN::trap5::n=50::seed=823862260,trap5,bin,2000,0.0,"UMDA(pop=50,elite=0.2)",UMDA,0,30,0.0,0.03125,0.0014808529850733841,0.0913027376433231,9.6,10.0,8.0,10.0
BIN::trap5::n=50::seed=823862260,trap5,bin,2000,0.0,"UMDA(pop=100,elite=0.2)",UMDA,0,30,0.0,0.03125,0.0017131597272559433,0.08903121805589147,9.866666666666667,10.0,9.0,10.0
BIN::trap5::n=50::seed=823862260,trap5,bin,2000,0.0,TABU(tenure=12),TABU,0,30,0.0,0.03125,0.0015510886494879386,0.08941119340817753,10.166666666666666,11.0,4.0,13.0
BIN::knapsack01::n=100::seed=353274854,knapsack01,bin,2000,0.0,RS_BIN,RS_BIN,0,30,0.0,0.03125,0.0016322279199347588,0.08843436346596502,1228.2333333333333,1229.0,1109.0,1360.0
BIN::knapsack01::n=100::seed=353274854,knapsack01,bin,2000,0.0,HC(flips=1),HC,0,30,0.0,0.03125,0.0015582902383367353,0.09448748725598242,921.8333333333334,933.0,369.0,1161.0
BIN::knapsack01::n=100::seed=353274854,knapsack01,bin,2000,0.0,HC(flips=2),HC,0,30,0.0,0.03125,0.001534251438114743,0.0895482529091994,90.43333333333334,92.0,22.0,136.0
BIN::knapsack01::n=100::seed=353274854,knapsack01,bin,2000,0.0,"SA(T0=1.0,alpha=0.995,flips=1)",SA,0,30,0.0,0.03125,0.0012292106361252813,0.09585022385947581,973.5666666666667,943.5,394.0,1484.0
BIN::knapsack01::n=100::seed=353274854,knapsack01,bin,2000,0.0,"SA(T0=2.0,alpha=0.99,flips=1)",SA,0,30,0.0,0.03125,0.0015557955791891634,0.08960473562037295,826.0333333333333,755.5,426.0,1317.0
BIN::knapsack01::n=100::seed=353274854,knapsack01,bin,2000,0.0,"SA(T0=2.0,alpha=0.995,flips=2)",SA,0,30,0.0,0.03125,0.0015283764718157036,0.09259911484698696,85.86666666666666,81.0,32.0,197.0
BIN::knapsack01::n=100::seed=353274854,knapsack01,bin,2000,0.0,"GA(pop=50,pc=0.9,pm=0.02)",GA,0,30,0.0,0.03125,0.001411735117218935,0.08985716785560166,564.0333333333333,560.5,396.0,732.0
BIN::knapsack01::n=100::seed=353274854,knapsack01,bin,2000,0.0,"GA(pop=50,pc=0.9,pm=0.05)",GA,0,30,0.0,0.03125,0.0017555986582671788,0.09564664622603025,795.3666666666667,795.5,598.0,1003.0
BIN::knapsack01::n=100::seed=353274854,knapsack01,bin,2000,0.0,"GA(pop=100,pc=0.9,pm=0.02)",GA,0,30,0.0,0.03125,0.00166845357717869,0.0996661081836646,741.8333333333334,731.5,515.0,895.0
BIN::knapsack01::n=100::seed=353274854,knapsack01,bin,2000,0.0,TABU(tenure=7),TABU,0,30,0.0,0.03125,0.0015347767224072248,0.08945131633595574,187.76666666666668,203.0,78.0,360.0
BIN::knapsack01::n=100::seed=353274854,knapsack01,bin,2000,0.0,"UMDA(pop=50,elite=0.2)",UMDA,0,30,0.0,0.03125,0.001805695839288249,0.09626493272216269,91.2,85.5,34.0,221.0
BIN::knapsack01::n=100::seed=353274854,knapsack01,bin,2000,0.0,"UMDA(pop=100,elite=0.2)",UMDA,0,30,0.0,0.03125,0.0017228350871385616,0.09430888914059825,56.1,56.5,23.0,108.0
BIN::knapsack01::n=100::seed=353274854,knapsack01,bin,2000,0.0,TABU(tenure=12),TABU,0,30,0.0,0.03125,0.0017131701910801302,0.08359122454671396,205.0,209.0,120.0,261.0
BIN::trap5::n=150::seed=720778407,trap5,bin,2000,0.0,RS_BIN,RS_BIN,0,30,0.0,0.03125,0.0016868531888431554,0.09460155086183059,76.03333333333333,76.0,72.0,80.0
BIN::trap5::n=150::seed=720778407,trap5,bin,2000,0.0,HC(flips=1),HC,0,30,0.0,0.03125,0.001411957055049548,0.09036108525518845,28.033333333333335,28.0,24.0,30.0
BIN::trap5::n=150::seed=720778407,trap5,bin,2000,0.0,HC(flips=2),HC,0,30,0.0,0.03125,0.0017651359354597304,0.09676586198630793,31.966666666666665,32.0,27.0,36.0
BIN::trap5::n=150::seed=720778407,trap5,bin,2000,0.0,"SA(T0=1.0,alpha=0.995,flips=1)",SA,0,30,0.0,0.03125,0.0018558795081346396,0.0888040826791253,27.466666666666665,28.0,24.0,30.0
BIN::trap5::n=150::seed=720778407,trap5,bin,2000,0.0,"SA(T0=2.0,alpha=0.99,flips=1)",SA,0,30,0.0,0.03125,0.0017535000856006013,0.09111350717903638,27.533333333333335,28.0,25.0,30.0
BIN::trap5::n=150::seed=720778407,trap5,bin,2000,0.0,"SA(T0=2.0,alpha=0.995,flips=2)",SA,0,30,0.0,0.03125,0.0017747769226353538,0.09298683934312543,29.633333333333333,29.0,23.0,35.0
BIN::trap5::n=150::seed=720778407,trap5,bin,2000,0.0,"GA(pop=50,pc=0.9,pm=0.02)",GA,0,30,0.0,0.03125,0.0015804577770948019,0.09450821167555207,53.13333333333333,53.5,47.0,59.0
BIN::trap5::n=150::seed=720778407,trap5,bin,2000,0.0,"GA(pop=50,pc=0.9,pm=0.05)",GA,0,30,0.0,0.03125,0.0017315838220231475,0.08973360932863467,65.1,65.0,60.0,71.0
BIN::trap5::n=150::seed=720778407,trap5,bin,2000,0.0,"GA(pop=100,pc=0.9,pm=0.02)",GA,0,30,0.0,0.03125,0.001678286073210405,0.09334739941230573,58.7,58.5,53.0,63.0
BIN::trap5::n=150::seed=720778407,trap5,bin,2000,0.0,TABU(tenure=7),TABU,0,30,0.0,0.03125,0.0017829406564858143,0.09346748176563487,33.43333333333333,33.0,29.0,40.0
BIN::trap5::n=150::seed=720778407,trap5,bin,2000,0.0,"UMDA(pop=50,elite=0.2)",UMDA,0,30,0.0,0.03125,0.0017057270009699565,0.09067411344467967,27.8,28.0,25.0,30.0
BIN::trap5::n=150::seed=720778407,trap5,bin,2000,0.0,"UMDA(pop=100,elite=0.2)",UMDA,0,30,0.0,0.03125,0.0017995415860816214,0.09432774801469299,29.333333333333332,29.0,27.0,30.0
BIN::trap5::n=150::seed=720778407,trap5,bin,2000,0.0,TABU(tenure=12),TABU,0,30,0.0,0.03125,0.0015754456263865364,0.09242192510560313,34.6,35.0,29.0,38.0
BIN::trap5::n=50::seed=802202683,trap5,bin,2000,0.0,RS_BIN,RS_BIN,0,30,0.0,0.03125,0.002110414936195423,0.0940837164533205,19.1,19.0,16.0,21.0
BIN::trap5::n=50::seed=802202683,trap5,bin,2000,0.0,HC(flips=1),HC,0,30,0.0,0.03125,0.0013042640975676493,0.09603724593769138,9.533333333333333,10.0,8.0,10.0
BIN::trap5::n=50::seed=802202683,trap5,bin,2000,0.0,HC(flips=2),HC,0,30,0.0,0.03125,0.0017728924552549378,0.08690996563710744,9.966666666666667,10.0,6.0,12.0
BIN::trap5::n=50::seed=802202683,trap5,bin,2000,0.0,"SA(T0=1.0,alpha=0.995,flips=1)",SA,0,30,0.0,0.03125,0.0016187800289593445,0.09196752634181087,9.133333333333333,9.0,8.0,10.0
BIN::trap5::n=50::seed=802202683,trap5,bin,2000,0.0,"SA(T0=2.0,alpha=0.99,flips=1)",SA,0,30,0.0,0.03125,0.001690992886179306,0.09071561539204154,9.0,9.0,7.0,10.0
BIN::trap5::n=50::seed=802202683,trap5,bin,2000,0.0,"SA(T0=2.0,alpha=0.995,flips=2)",SA,0,30,0.0,0.03125,0.0018850118578037666,0.09282914148345424,9.033333333333333,9.0,5.0,12.0
BIN::trap5::n=50::seed=802202683,trap5,bin,2000,0.0,"GA(pop=50,pc=0.9,pm=0.02)",GA,0,30,0.0,0.03125,0.0018607414282861606,0.0921756239025155,8.833333333333334,9.5,6.0,11.0
BIN::trap5::n=50::seed=802202683,trap5,bin,2000,0.0,"GA(pop=50,pc=0.9,pm=0.05)",GA,0,30,0.0,0.03125,0.001536639528127779,0.09470946046612427,13.966666666666667,14.0,10.0,16.0
BIN::trap5::n=50::seed=802202683,trap5,bin,2000,0.0,"GA(pop=100,pc=0.9,pm=0.02)",GA,0,30,0.0,0.03125,0.0019070439337686522,0.09554032124888896,9.933333333333334,10.0,5.0,13.0
BIN::trap5::n=50::seed=802202683,trap5,bin,2000,0.0,TABU(tenure=7),TABU,0,30,0.0,0.03125,0.0014628891899496834,0.08866875205098132,9.766666666666667,10.0,6.0,12.0
BIN::trap5::n=50::seed=802202683,trap5,bin,2000,0.0,"UMDA(pop=50,elite=0.2)",UMDA,0,30,0.0,0.03125,0.001538166478287833,0.08502625895972914,9.7,10.0,8.0,10.0
BIN::trap5::n=50::seed=802202683,trap5,bin,2000,0.0,"UMDA(pop=100,elite=0.2)",UMDA,0,30,0.0,0.03125,0.001574356029396477,0.0929542593347672,9.866666666666667,10.0,8.0,10.0
BIN::trap5::n=50::seed=802202683,trap5,bin,2000,0.0,TABU(tenure=12),TABU,0,30,0.0,0.03125,0.0018535126978357856,0.09263406107532093,9.366666666666667,10.0,5.0,14.0
BIN::knapsack01::n=150::seed=967332381,knapsack01,bin,2000,0.0,RS_BIN,RS_BIN,0,30,0.0,0.03125,0.001929045272582698,0.09200815254025661,1679.1,1688.0,1484.0,1822.0
BIN::knapsack01::n=150::seed=967332381,knapsack01,bin,2000,0.0,HC(flips=1),HC,0,30,0.0,0.03125,0.001549991322809056,0.0947815214298886,1271.8333333333333,1273.5,872.0,1593.0
BIN::knapsack01::n=150::seed=967332381,knapsack01,bin,2000,0.0,HC(flips=2),HC,0,30,0.0,0.03125,0.0017180044132300216,0.09232422837777575,152.63333333333333,154.5,69.0,216.0
BIN::knapsack01::n=150::seed=967332381,knapsack01,bin,2000,0.0,"SA(T0=1.0,alpha=0.995,flips=1)",SA,0,30,0.0,0.03125,0.0016160104203077695,0.09357263609550347,1232.6666666666667,1205.0,820.0,1695.0
BIN::knapsack01::n=150::seed=967332381,knapsack01,bin,2000,0.0,"SA(T0=2.0,alpha=0.99,flips=1)",SA,0,30,0.0,0.03125,0.0014082089614625775,0.09273995130280539,1250.6,1198.5,927.0,1699.0
BIN::knapsack01::n=150::seed=967332381,knapsack01,bin,2000,0.0,"SA(T0=2.0,alpha=0.995,flips=2)",SA,0,30,0.0,0.03125,0.0014120389705903444,0.08901739809092245,161.8,161.5,80.0,250.0
BIN::knapsack01::n=150::seed=967332381,knapsack01,bin,2000,0.0,"GA(pop=50,pc=0.9,pm=0.02)",GA,0,30,0.0,0.03125,0.0015766749499005182,0.08897334846917276,935.4666666666667,927.0,770.0,1159.0
BIN::knapsack01::n=150::seed=967332381,knapsack01,bin,2000,0.0,"GA(pop=50,pc=0.9,pm=0.05)",GA,0,30,0.0,0.03125,0.001580432533388503,0.08917987488492897,1196.9333333333334,1205.0,1006.0,1384.0
BIN::knapsack01::n=150::seed=967332381,knapsack01,bin,2000,0.0,"GA(pop=100,pc=0.9,pm=0.02)",GA,0,30,0.0,0.03125,0.0017734799707975289,0.08829979213525185,1145.3,1160.0,933.0,1365.0
BIN::knapsack01::n=150::seed=967332381,knapsack01,bin,2000,0.0,TABU(tenure=7),TABU,0,30,0.0,0.03125,0.0014977480588085183,0.09160821470017998,288.56666666666666,276.5,184.0,416.0
BIN::knapsack01::n=150::seed=967332381,knapsack01,bin,2000,0.0,"UMDA(pop=50,elite=0.2)",UMDA,0,30,0.0,0.03125,0.0018427971095636008,0.09790709725509904,150.46666666666667,140.5,80.0,245.0
BIN::knapsack01::n=150::seed=967332381,knapsack01,bin,2000,0.0,"UMDA(pop=100,elite=0.2)",UMDA,0,30,0.0,0.03125,0.001734750978400792,0.09735946026051477,177.9,172.0,99.0,283.0
BIN::knapsack01::n=150::seed=967332381,knapsack01,bin,2000,0.0,TABU(tenure=12),TABU,0,30,0.0,0.03125,0.0018480761664897562,0.09527529404532747,283.6,289.0,176.0,385.0
BIN::knapsack01::n=50::seed=467073206,knapsack01,bin,2000,0.0,RS_BIN,RS_BIN,0,30,0.0,0.03125,0.0017035229003874402,0.09309799906023701,437.6666666666667,435.0,337.0,504.0
BIN::knapsack01::n=50::seed=467073206,knapsack01,bin,2000,0.0,HC(flips=1),HC,0,30,0.0,0.03125,0.0015605290022516797,0.09644345524468956,503.8333333333333,502.5,221.0,851.0
BIN::knapsack01::n=50::seed=467073206,knapsack01,bin,2000,0.0,HC(flips=2),HC,2,30,0.06666666666666667,0.09375,0.026735124702099367,0.18624860504042082,37.36666666666667,40.5,0.0,97.0
BIN::knapsack01::n=50::seed=467073206,knapsack01,bin,2000,0.0,"SA(T0=1.0,alpha=0.995,flips=1)",SA,0,30,0.0,0.03125,0.0016867504483018502,0.09210443961385335,487.8666666666667,488.0,306.0,713.0
BIN::knapsack01::n=50::seed=467073206,knapsack01,bin,2000,0.0,"SA(T0=2.0,alpha=0.99,flips=1)",SA,0,30,0.0,0.03125,0.0018485176359976205,0.08974953578387682,470.26666666666665,457.0,227.0,690.0
BIN::knapsack01::n=50::seed=467073206,knapsack01,bin,2000,0.0,"SA(T0=2.0,alpha=0.995,flips=2)",SA,3,30,0.1,0.125,0.046264103826536646,0.23122828209179286,31.266666666666666,29.0,0.0,93.0
BIN::knapsack01::n=50::seed=467073206,knapsack01,bin,2000,0.0,"GA(pop=50,pc=0.9,pm=0.02)",GA,0,30,0.0,0.03125,0.0015461643869984197,0.09394543720957983,121.16666666666667,113.0,56.0,194.0
BIN::knapsack01::n=50::seed=467073206,knapsack01,bin,2000,0.0,"GA(pop=50,pc=0.9,pm=0.05)",GA,0,30,0.0,0.03125,0.0015722532572112044,0.09013500591096707,220.66666666666666,221.5,158.0,274.0
BIN::knapsack01::n=50::seed=467073206,knapsack01,bin,2000,0.0,"GA(pop=100,pc=0.9,pm=0.02)",GA,0,30,0.0,0.03125,0.0019317400215079674,0.09202911653376394,175.63333333333333,171.0,107.0,243.0
BIN::knapsack01::n=50::seed=467073206,knapsack01,bin,2000,0.0,TABU(tenure=7),TABU,0,30,0.0,0.03125,0.0019301807531634644,0.09147363607680443,64.63333333333334,62.0,21.0,118.0
BIN::knapsack01::n=50::seed=467073206,knapsack01,bin,2000,0.0,"UMDA(pop=50,elite=0.2)",UMDA,1,30,0.03333333333333333,0.0625,0.01168301105090478,0.13994438509164878,39.0,46.0,0.0,82.0
BIN::knapsack01::n=50::seed=467073206,knapsack01,bin,2000,0.0,"UMDA(pop=100,elite=0.2)",UMDA,6,30,0.2,0.21875,0.11401159221195223,0.3388229682698964,11.733333333333333,8.5,0.0,36.0
BIN::knapsack01::n=50::seed=467073206,knapsack01,bin,2000,0.0,TABU(tenure=12),TABU,0,30,0.0,0.03125,0.001557236501047314,0.09676048832288213,89.76666666666667,94.0,25.0,133.0
BIN::leadingones::n=150::seed=14572576,leadingones,bin,2000,0.0,RS_BIN,RS_BIN,0,30,0.0,0.03125,0.001649368291684073,0.09173755034014167,138.66666666666666,139.0,134.0,141.0
BIN::leadingones::n=150::seed=14572576,leadingones,bin,2000,0.0,HC(flips=1),HC,0,30,0.0,0.03125,0.0014331303978509073,0.09158499367466932,122.96666666666667,123.5,108.0,136.0
BIN::leadingones::n=150::seed=14572576,leadingones,bin,2000,0.0,HC(flips=2),HC,0,30,0.0,0.03125,0.0016601784382580908,0.09413698772460222,108.56666666666666,109.5,88.0,124.0
BIN::leadingones::n=150::seed=14572576,leadingones,bin,2000,0.0,"SA(T0=1.0,alpha=0.995,flips=1)",SA,0,30,0.0,0.03125,0.0016443586744400093,0.08691525992081396,120.73333333333333,118.0,102.0,142.0
BIN::leadingones::n=150::seed=14572576,leadingones,bin,2000,0.0,"SA(T0=2.0,alpha=0.99,flips=1)",SA,0,30,0.0,0.03125,0.0018729594180319203,0.09441481953911778,123.03333333333333,123.0,110.0,137.0
BIN::leadingones::n=150::seed=14572576,leadingones,bin,2000,0.0,"SA(T0=2.0,alpha=0.995,flips=2)",SA,0,30,0.0,0.03125,0.001462820382074288,0.0892012274537846,105.73333333333333,109.5,82.0,126.0
BIN::leadingones::n=150::seed=14572576,leadingones,bin,2000,0.0,"GA(pop=50,pc=0.9,pm=0.02)",GA,0,30,0.0,0.03125,0.0016876131885317292,0.08924707350011243,130.83333333333334,131.0,126.0,140.0
BIN::leadingones::n=150::seed=14572576,leadingones,bin,2000,0.0,"GA(pop=50,pc=0.9,pm=0.05)",GA,0,30,0.0,0.03125,0.001390970576696662,0.08781108304675439,132.26666666666668,132.0,122.0,137.0
BIN::leadingones::n=150::seed=14572576,leadingones,bin,2000,0.0,"GA(pop=100,pc=0.9,pm=0.02)",GA,0,30,0.0,0.03125,0.0017692070320685148,0.09410268222989944,134.4,134.0,127.0,139.0
BIN::leadingones::n=150::seed=14572576,leadingones,bin,2000,0.0,TABU(tenure=7),TABU,0,30,0.0,0.03125,0.0016018227816615642,0.09355680801782244,123.93333333333334,124.0,108.0,138.0
BIN::leadingones::n=150::seed=14572576,leadingones,bin,2000,0.0,"UMDA(pop=50,elite=0.2)",UMDA,0,30,0.0,0.03125,0.0017421366114127805,0.08798818373425359,116.16666666666667,116.0,109.0,128.0
BIN::leadingones::n=150::seed=14572576,leadingones,bin,2000,0.0,"UMDA(pop=100,elite=0.2)",UMDA,0,30,0.0,0.03125,0.001788205188504804,0.09830079749026294,119.83333333333333,121.0,108.0,129.0
BIN::leadingones::n=150::seed=14572576,leadingones,bin,2000,0.0,TABU(tenure=12),TABU,0,30,0.0,0.03125,0.0015483407037521235,0.09775814416642913,120.16666666666667,122.0,97.0,137.0
BIN::knapsack01::n=50::seed=303428325,knapsack01,bin,2000,0.0,RS_BIN,RS_BIN,0,30,0.0,0.03125,0.0016140471493110962,0.09016062475995232,392.1333333333333,405.5,321.0,466.0
BIN::knapsack01::n=50::seed=303428325,knapsack01,bin,2000,0.0,HC(flips=1),HC,0,30,0.0,0.03125,0.0015656093996869718,0.09167748633892571,404.4,396.0,174.0,681.0
BIN::knapsack01::n=50::seed=303428325,knapsack01,bin,2000,0.0,HC(flips=2),HC,0,30,0.0,0.03125,0.0016890770085316825,0.09473070193882889,40.233333333333334,36.0,6.0,83.0
BIN::knapsack01::n=50::seed=303428325,knapsack01,bin,2000,0.0,"SA(T0=1.0,alpha=0.995,flips=1)",SA,0,30,0.0,0.03125,0.0016087493029440074,0.09133823418122594,377.43333333333334,371.5,192.0,629.0
BIN::knapsack01::n=50::seed=303428325,knapsack01,bin,2000,0.0,"SA(T0=2.0,alpha=0.99,flips=1)",SA,0,30,0.0,0.03125,0.0014230351667573304,0.09376837197036544,409.23333333333335,412.0,182.0,718.0
BIN::knapsack01::n=50::seed=303428325,knapsack01,bin,2000,0.0,"SA(T0=2.0,alpha=0.995,flips=2)",SA,0,30,0.0,0.03125,0.00181552296375057,0.09396093238414678,44.4,37.5,6.0,108.0
BIN::knapsack01::n=50::seed=303428325,knapsack01,bin,2000,0.0,"GA(pop=50,pc=0.9,pm=0.02)",GA,0,30,0.0,0.03125,0.0017649739073404688,0.09231730247917906,107.46666666666667,105.5,35.0,169.0
BIN::knapsack01::n=50::seed=303428325,knapsack01,bin,2000,0.0,"GA(pop=50,pc=0.9,pm=0.05)",GA,0,30,0.0,0.03125,0.0017016232788959848,0.09156811057194324,202.5,203.0,124.0,276.0
BIN::knapsack01::n=50::seed=303428325,knapsack01,bin,2000,0.0,"GA(pop=100,pc=0.9,pm=0.02)",GA,0,30,0.0,0.03125,0.001526626382354509,0.09382368929572774,165.5,156.0,74.0,245.0
BIN::knapsack01::n=50::seed=303428325,knapsack01,bin,2000,0.0,TABU(tenure=7),TABU,0,30,0.0,0.03125,0.0016291019866485673,0.09083507820965155,58.0,60.5,2.0,87.0
BIN::knapsack01::n=50::seed=303428325,knapsack01,bin,2000,0.0,"UMDA(pop=50,elite=0.2)",UMDA,0,30,0.0,0.03125,0.0017981715285763547,0.09193951310497979,40.3,37.0,2.0,84.0
BIN::knapsack01::n=50::seed=303428325,knapsack01,bin,2000,0.0,"UMDA(pop=100,elite=0.2)",UMDA,1,30,0.03333333333333333,0.0625,0.0123941076110458,0.14573656660719697,17.1,16.0,0.0,38.0
BIN::knapsack01::n=50::seed=303428325,knapsack01,bin,2000,0.0,TABU(tenure=12),TABU,0,30,0.0,0.03125,0.0015557757895727302,0.09548330208214528,85.93333333333334,86.0,44.0,129.0
BIN::onemax::n=100::seed=147691299,onemax,bin,2000,0.0,RS_BIN,RS_BIN,0,30,0.0,0.03125,0.0018375853233303604,0.09087270492256617,33.0,33.5,29.0,36.0
BIN::onemax::n=100::seed=147691299,onemax,bin,2000,0.0,HC(flips=1),HC,30,30,1.0,0.96875,0.913635176821135,0.9983795354479584,0.0,0.0,0.0,0.0
BIN::onemax::n=100::seed=147691299,onemax,bin,2000,0.0,HC(flips=2),HC,1,30,0.03333333333333333,0.0625,0.012595676184877527,0.14619779281303572,2.8333333333333335,3.0,0.0,5.0
BIN::onemax::n=100::seed=147691299,onemax,bin,2000,0.0,"SA(T0=1.0,alpha=0.995,flips=1)",SA,30,30,1.0,0.96875,0.9106565950262594,0.9985416889533729,0.0,0.0,0.0,0.0
BIN::onemax::n=100::seed=147691299,onemax,bin,2000,0.0,"SA(T0=2.0,alpha=0.99,flips=1)",SA,30,30,1.0,0.96875,0.9074743526480564,0.9983003237630174,0.0,0.0,0.0,0.0
BIN::onemax::n=100::seed=147691299,onemax,bin,2000,0.0,"SA(T0=2.0,alpha=0.995,flips=2)",SA,1,30,0.03333333333333333,0.0625,0.01066967386631146,0.14445995871652453,2.8333333333333335,3.0,0.0,6.0
BIN::onemax::n=100::seed=147691299,onemax,bin,2000,0.0,"GA(pop=50,pc=0.9,pm=0.02)",GA,0,30,0.0,0.03125,0.0016893998632982802,0.09113305506466611,11.9,12.0,8.0,16.0
BIN::onemax::n=100::seed=147691299,onemax,bin,2000,0.0,"GA(pop=50,pc=0.9,pm=0.05)",GA,0,30,0.0,0.03125,0.0015853325708282658,0.08786884627733169,20.833333333333332,21.0,18.0,24.0
BIN::onemax::n=100::seed=147691299,onemax,bin,2000,0.0,"GA(pop=100,pc=0.9,pm=0.02)",GA,0,30,0.0,0.03125,0.001755176115091087,0.09415036575455168,16.9,17.0,14.0,20.0
BIN::onemax::n=100::seed=147691299,onemax,bin,2000,0.0,TABU(tenure=7),TABU,0,30,0.0,0.03125,0.0016852568689586424,0.08935409078638394,3.8333333333333335,4.0,2.0,6.0
BIN::onemax::n=100::seed=147691299,onemax,bin,2000,0.0,"UMDA(pop=50,elite=0.2)",UMDA,30,30,1.0,0.96875,0.9095572877160603,0.9986798710449332,0.0,0.0,0.0,0.0
BIN::onemax::n=100::seed=147691299,onemax,bin,2000,0.0,"UMDA(pop=100,elite=0.2)",UMDA,30,30,1.0,0.96875,0.9042399810174142,0.9981409963945853,0.0,0.0,0.0,0.0
BIN::onemax::n=100::seed=147691299,onemax,bin,2000,0.0,TABU(tenure=12),TABU,0,30,0.0,0.03125,0.0017037528208195258,0.09345140099860921,5.666666666666667,6.0,2.0,9.0
BIN::trap5::n=150::seed=76651250,trap5,bin,2000,0.0,RS_BIN,RS_BIN,0,30,0.0,0.03125,0.0015988097619425165,0.09184524301766003,75.9,76.0,72.0,79.0
BIN::trap5::n=150::seed=76651250,trap5,bin,2000,0.0,HC(flips=1),HC,0,30,0.0,0.03125,0.001741233236853446,0.0920108968582785,28.633333333333333,29.0,24.0,30.0
BIN::trap5::n=150::seed=76651250,trap5,bin,2000,0.0,HC(flips=2),HC,0,30,0.0,0.03125,0.001737200649370898,0.09203170994326679,31.966666666666665,32.5,27.0,36.0
BIN::trap5::n=150::seed=76651250,trap5,bin,2000,0.0,"SA(T0=1.0,alpha=0.995,flips=1)",SA,0,30,0.0,0.03125,0.0017458245717322971,0.0891317955980027,27.0,27.0,23.0,30.0
BIN::trap5::n=150::seed=76651250,trap5,bin,2000,0.0,"SA(T0=2.0,alpha=0.99,flips=1)",SA,0,30,0.0,0.03125,0.0019252259413163587,0.09095083434176406,27.833333333333332,28.0,25.0,30.0
BIN::trap5::n=150::seed=76651250,trap5,bin,2000,0.0,"SA(T0=2.0,alpha=0.995,flips=2)",SA,0,30,0.0,0.03125,0.0016606425583690497,0.09368305669625399,31.6,31.0,27.0,39.0
BIN::trap5::n=150::seed=76651250,trap5,bin,2000,0.0,"GA(pop=50,pc=0.9,pm=0.02)",GA,0,30,0.0,0.03125,0.001709310254620915,0.09570832375473011,52.9,53.5,45.0,59.0
BIN::trap5::n=150::seed=76651250,trap5,bin,2000,0.0,"GA(pop=50,pc=0.9,pm=0.05)",GA,0,30,0.0,0.03125,0.001433963720433511,0.09001917348407511,65.06666666666666,65.0,61.0,70.0
BIN::trap5::n=150::seed=76651250,trap5,bin,2000,0.0,"GA(pop=100,pc=0.9,pm=0.02)",GA,0,30,0.0,0.03125,0.0017202278832549437,0.08954741447533444,58.233333333333334,59.0,52.0,64.0
BIN::trap5::n=150::seed=76651250,trap5,bin,2000,0.0,TABU(tenure=7),TABU,0,30,0.0,0.03125,0.0014740779702770445,0.09253834848346154,33.3,33.5,27.0,37.0
BIN::trap5::n=150::seed=76651250,trap5,bin,2000,0.0,"UMDA(pop=50,elite=0.2)",UMDA,0,30,0.0,0.03125,0.0016044719911378015,0.09665939016810472,27.333333333333332,27.0,24.0,29.0
BIN::trap5::n=150::seed=76651250,trap5,bin,2000,0.0,"UMDA(pop=100,elite=0.2)",UMDA,0,30,0.0,0.03125,0.0015167678318158604,0.0928586026034307,29.033333333333335,29.0,26.0,31.0
BIN::trap5::n=150::seed=76651250,trap5,bin,2000,0.0,TABU(tenure=12),TABU,0,30,0.0,0.03125,0.00212325092340374,0.0934817176574863,35.03333333333333,36.0,30.0,39.0
BIN::trap5::n=50::seed=901431078,trap5,bin,2000,0.0,RS_BIN,RS_BIN,0,30,0.0,0.03125,0.001846945205124871,0.08811636028972507,18.866666666666667,19.0,15.0,21.0
BIN::trap5::n=50::seed=901431078,trap5,bin,2000,0.0,HC(flips=1),HC,0,30,0.0,0.03125,0.0015680574261606795,0.08720249944808635,9.366666666666667,10.0,7.0,10.0
BIN::trap5::n=50::seed=901431078,trap5,bin,2000,0.0,HC(flips=2),HC,0,30,0.0,0.03125,0.0016379073410814355,0.10008627445440026,9.733333333333333,10.0,7.0,12.0
BIN::trap5::n=50::seed=901431078,trap5,bin,2000,0.0,"SA(T0=1.0,alpha=0.995,flips=1)",SA,0,30,0.0,0.03125,0.0016057910011879112,0.09366364978807223,8.966666666666667,9.0,7.0,10.0
BIN::trap5::n=50::seed=901431078,trap5,bin,2000,0.0,"SA(T0=2.0,alpha=0.99,flips=1)",SA,0,30,0.0,0.03125,0.0016266830705243198,0.0958523149922814,8.833333333333334,9.0,6.0,10.0
BIN::trap5::n=50::seed=901431078,trap5,bin,2000,0.0,"SA(T0=2.0,alpha=0.995,flips=2)",SA,0,30,0.0,0.03125,0.0015414070814271067,0.08941103021164575,8.8,9.0,5.0,11.0
BIN::trap5::n=50::seed=901431078,trap5,bin,2000,0.0,"GA(pop=50,pc=0.9,pm=0.02)",GA,0,30,0.0,0.03125,0.0015994326006791206,0.08921908771060694,8.666666666666666,9.0,4.0,11.0
BIN::trap5::n=50::seed=901431078,trap5,bin,2000,0.0,"GA(pop=50,pc=0.9,pm=0.05)",GA,0,30,0.0,0.03125,0.0016843288550828918,0.09149969569312193,13.866666666666667,14.0,11.0,16.0
BIN::trap5::n=50::seed=901431078,trap5,bin,2000,0.0,"GA(pop=100,pc=0.9,pm=0.02)",GA,0,30,0.0,0.03125,0.0015545011289297558,0.087268054700841,10.133333333333333,10.0,7.0,14.0
BIN::trap5::n=50::seed=901431078,trap5,bin,2000,0.0,TABU(tenure=7),TABU,0,30,0.0,0.03125,0.0015775411780244546,0.094466717004641,9.666666666666666,10.0,6.0,12.0
BIN::trap5::n=50::seed=901431078,trap5,bin,2000,0.0,"UMDA(pop=50,elite=0.2)",UMDA,0,30,0.0,0.03125,0.001546001321025112,0.09117217968579926,9.466666666666667,10.0,7.0,10.0
BIN::trap5::n=50::seed=901431078,trap5,bin,2000,0.0,"UMDA(pop=100,elite=0.2)",UMDA,0,30,0.0,0.03125,0.0017016116441631137,0.0956440631848814,9.933333333333334,10.0,9.0,10.0
BIN::trap5::n=50::seed=901431078,trap5,bin,2000,0.0,TABU(tenure=12),TABU,0,30,0.0,0.03125,0.001905124174214045,0.0912230654577178,9.3,10.0,3.0,14.0
BIN::onemax::n=150::seed=611480496,onemax,bin,2000,0.0,RS_BIN,RS_BIN,0,30,0.0,0.03125,0.0017266789297531813,0.09117430962578887,54.36666666666667,54.5,50.0,58.0
BIN::onemax::n=150::seed=611480496,onemax,bin,2000,0.0,HC(flips=1),HC,30,30,1.0,0.96875,0.9120611671632554,0.998062049367249,0.0,0.0,0.0,0.0
BIN::onemax::n=150::seed=611480496,onemax,bin,2000,0.0,HC(flips=2),HC,0,30,0.0,0.03125,0.0016001119023031354,0.08974557968096591,5.133333333333334,5.0,1.0,9.0
BIN::onemax::n=150::seed=611480496,onemax,bin,2000,0.0,"SA(T0=1.0,alpha=0.995,flips=1)",SA,30,30,1.0,0.96875,0.9084360549081167,0.9981827870464675,0.0,0.0,0.0,0.0
BIN::onemax::n=150::seed=611480496,onemax,bin,2000,0.0,"SA(T0=2.0,alpha=0.99,flips=1)",SA,30,30,1.0,0.96875,0.906836015010537,0.998215517085315,0.0,0.0,0.0,0.0
BIN::onemax::n=150::seed=611480496,onemax,bin,2000,0.0,"SA(T0=2.0,alpha=0.995,flips=2)",SA,0,30,0.0,0.03125,0.0017249786786416761,0.09404580923384113,5.7,6.0,2.0,10.0
BIN::onemax::n=150::seed=611480496,onemax,bin,2000,0.0,"GA(pop=50,pc=0.9,pm=0.02)",GA,0,30,0.0,0.03125,0.002058132885593685,0.09277848123252323,27.633333333333333,27.5,22.0,31.0
BIN::onemax::n=150::seed=611480496,onemax,bin,2000,0.0,"GA(pop=50,pc=0.9,pm=0.05)",GA,0,30,0.0,0.03125,0.001547984047029205,0.09587778161387171,38.1,38.5,31.0,42.0
BIN::onemax::n=150::seed=611480496,onemax,bin,2000,0.0,"GA(pop=100,pc=0.9,pm=0.02)",GA,0,30,0.0,0.03125,0.0019267098928324512,0.09250201367328924,34.8,35.0,30.0,40.0
BIN::onemax::n=150::seed=611480496,onemax,bin,2000,0.0,TABU(tenure=7),TABU,0,30,0.0,0.03125,0.0013349184293998584,0.0933150546793719,7.233333333333333,7.0,4.0,11.0
BIN::onemax::n=150::seed=611480496,onemax,bin,2000,0.0,"UMDA(pop=50,elite=0.2)",UMDA,30,30,1.0,0.96875,0.9071821020719443,0.998276599264865,0.0,0.0,0.0,0.0
BIN::onemax::n=150::seed=611480496,onemax,bin,2000,0.0,"UMDA(pop=100,elite=0.2)",UMDA,29,30,0.9666666666666667,0.9375,0.8606373966876026,0.9891217747919171,0.03333333333333333,0.0,0.0,1.0
BIN::onemax::n=150::seed=611480496,onemax,bin,2000,0.0,TABU(tenure=12),TABU,0,30,0.0,0.03125,0.001513416263384166,0.08877132945384714,8.5,8.0,4.0,12.0
BIN::onemax::n=50::seed=200768954,onemax,bin,2000,0.0,RS_BIN,RS_BIN,0,30,0.0,0.03125,0.0015467505509447741,0.09056354887080521,12.966666666666667,13.0,11.0,14.0
BIN::onemax::n=50::seed=200768954,onemax,bin,2000,0.0,HC(flips=1),HC,30,30,1.0,0.96875,0.9074358644630328,0.9981055970220042,0.0,0.0,0.0,0.0
BIN::onemax::n=50::seed=200768954,onemax,bin,2000,0.0,HC(flips=2),HC,12,30,0.4,0.40625,0.272713327724477,0.547504113748758,0.8,1.0,0.0,2.0
BIN::onemax::n=50::seed=200768954,onemax,bin,2000,0.0,"SA(T0=1.0,alpha=0.995,flips=1)",SA,30,30,1.0,0.96875,0.9111013846785452,0.9980418595569434,0.0,0.0,0.0,0.0
BIN::onemax::n=50::seed=200768954,onemax,bin,2000,0.0,"SA(T0=2.0,alpha=0.99,flips=1)",SA,30,30,1.0,0.96875,0.9073127421809973,0.9981900898941729,0.0,0.0,0.0,0.0
BIN::onemax::n=50::seed=200768954,onemax,bin,2000,0.0,"SA(T0=2.0,alpha=0.995,flips=2)",SA,9,30,0.3,0.3125,0.18615857019354876,0.4487011082512716,1.0,1.0,0.0,2.0
BIN::onemax::n=50::seed=200768954,onemax,bin,2000,0.0,"GA(pop=50,pc=0.9,pm=0.02)",GA,6,30,0.2,0.21875,0.11183681659944546,0.34955881257513133,1.3,1.0,0.0,3.0
BIN::onemax::n=50::seed=200768954,onemax,bin,2000,0.0,"GA(pop=50,pc=0.9,pm=0.05)",GA,0,30,0.0,0.03125,0.0016299229161304725,0.09303288767766159,5.066666666666666,5.0,2.0,7.0
BIN::onemax::n=50::seed=200768954,onemax,bin,2000,0.0,"GA(pop=100,pc=0.9,pm=0.02)",GA,0,30,0.0,0.03125,0.0020371654161976498,0.0940608620009427,3.4,3.0,1.0,5.0
BIN::onemax::n=50::seed=200768954,onemax,bin,2000,0.0,TABU(tenure=7),TABU,3,30,0.1,0.125,0.04547218155315671,0.22482789279842066,1.4333333333333333,1.0,0.0,3.0
BIN::onemax::n=50::seed=200768954,onemax,bin,2000,0.0,"UMDA(pop=50,elite=0.2)",UMDA,30,30,1.0,0.96875,0.9111867496507936,0.998008190836151,0.0,0.0,0.0,0.0
BIN::onemax::n=50::seed=200768954,onemax,bin,2000,0.0,"UMDA(pop=100,elite=0.2)",UMDA,30,30,1.0,0.96875,0.9078740268608378,0.998244106713749,0.0,0.0,0.0,0.0
BIN::onemax::n=50::seed=200768954,onemax,bin,2000,0.0,TABU(tenure=12),TABU,1,30,0.03333333333333333,0.0625,0.01071210567666027,0.15066457974370787,2.3666666666666667,2.0,0.0,4.0
BIN::leadingones::n=100::seed=726995324,leadingones,bin,2000,0.0,RS_BIN,RS_BIN,0,30,0.0,0.03125,0.001618095291029567,0.09005793222359604,88.56666666666666,89.0,82.0,92.0
BIN::leadingones::n=100::seed=726995324,leadingones,bin,2000,0.0,HC(flips=1),HC,0,30,0.0,0.03125,0.0017293842072689642,0.093731473541817,56.86666666666667,57.0,32.0,82.0
BIN::leadingones::n=100::seed=726995324,leadingones,bin,2000,0.0,HC(flips=2),HC,0,30,0.0,0.03125,0.0018661905496810717,0.09817229230515735,47.266666666666666,48.5,33.0,66.0
BIN::leadingones::n=100::seed=726995324,leadingones,bin,2000,0.0,"SA(T0=1.0,alpha=0.995,flips=1)",SA,0,30,0.0,0.03125,0.0016698819286712389,0.09005919643681408,61.46666666666667,62.0,34.0,80.0
BIN::leadingones::n=100::seed=726995324,leadingones,bin,2000,0.0,"SA(T0=2.0,alpha=0.99,flips=1)",SA,0,30,0.0,0.03125,0.0018130792420994234,0.09674726441114126,61.0,61.5,33.0,78.0
BIN::leadingones::n=100::seed=726995324,leadingones,bin,2000,0.0,"SA(T0=2.0,alpha=0.995,flips=2)",SA,0,30,0.0,0.03125,0.0019580064487403656,0.08888338453178796,45.36666666666667,44.5,31.0,62.0
BIN::leadingones::n=100::seed=726995324,leadingones,bin,2000,0.0,"GA(pop=50,pc=0.9,pm=0.02)",GA,0,30,0.0,0.03125,0.001434914477109947,0.09124633720937281,80.43333333333334,80.5,74.0,88.0
BIN::leadingones::n=100::seed=726995324,leadingones,bin,2000,0.0,"GA(pop=50,pc=0.9,pm=0.05)",GA,0,30,0.0,0.03125,0.0013765493759964804,0.08943903980834392,82.53333333333333,83.0,76.0,87.0
BIN::leadingones::n=100::seed=726995324,leadingones,bin,2000,0.0,"GA(pop=100,pc=0.9,pm=0.02)",GA,0,30,0.0,0.03125,0.0014114270525360097,0.08930739617157125,83.9,84.0,78.0,90.0
BIN::leadingones::n=100::seed=726995324,leadingones,bin,2000,0.0,TABU(tenure=7),TABU,0,30,0.0,0.03125,0.0018721991198570854,0.09633122624885823,57.13333333333333,59.5,28.0,73.0
BIN::leadingones::n=100::seed=726995324,leadingones,bin,2000,0.0,"UMDA(pop=50,elite=0.2)",UMDA,0,30,0.0,0.03125,0.0018007459089082302,0.08911232865458249,67.5,68.5,53.0,79.0
BIN::leadingones::n=100::seed=726995324,leadingones,bin,2000,0.0,"UMDA(pop=100,elite=0.2)",UMDA,0,30,0.0,0.03125,0.0015373110457900698,0.09671012983473957,68.53333333333333,69.0,59.0,77.0
BIN::leadingones::n=100::seed=726995324,leadingones,bin,2000,0.0,TABU(tenure=12),TABU,0,30,0.0,0.03125,0.00157672809334069,0.08999005363003894,58.86666666666667,60.5,35.0,81.0
BIN::leadingones::n=100::seed=906134338,leadingones,bin,2000,0.0,RS_BIN,RS_BIN,0,30,0.0,0.03125,0.001737741952705117,0.0853425964756522,88.96666666666667,89.0,85.0,91.0
BIN::leadingones::n=100::seed=906134338,leadingones,bin,2000,0.0,HC(flips=1),HC,0,30,0.0,0.03125,0.00149372530356343,0.08934996655942706,59.46666666666667,59.0,32.0,82.0
BIN::leadingones::n=100::seed=906134338,leadingones,bin,2000,0.0,HC(flips=2),HC,0,30,0.0,0.03125,0.0013372307517183913,0.08942440645660468,43.766666666666666,45.0,25.0,57.0
BIN::leadingones::n=100::seed=906134338,leadingones,bin,2000,0.0,"SA(T0=1.0,alpha=0.995,flips=1)",SA,0,30,0.0,0.03125,0.0019230162174885717,0.09593172549179182,61.3,62.5,27.0,76.0
BIN::leadingones::n=100::seed=906134338,leadingones,bin,2000,0.0,"SA(T0=2.0,alpha=0.99,flips=1)",SA,0,30,0.0,0.03125,0.0016225412919005236,0.09221910964315262,60.1,62.0,38.0,75.0
BIN::leadingones::n=100::seed=906134338,leadingones,bin,2000,0.0,"SA(T0=2.0,alpha=0.995,flips=2)",SA,0,30,0.0,0.03125,0.0018445847143069732,0.09314190468137383,48.3,48.5,37.0,66.0
BIN::leadingones::n=100::seed=906134338,leadingones,bin,2000,0.0,"GA(pop=50,pc=0.9,pm=0.02)",GA,0,30,0.0,0.03125,0.0017111061574477447,0.09537082707081956,79.83333333333333,81.0,70.0,86.0
BIN::leadingones::n=100::seed=906134338,leadingones,bin,2000,0.0,"GA(pop=50,pc=0.9,pm=0.05)",GA,0,30,0.0,0.03125,0.00176760749388515,0.08727077633711837,82.7,82.0,78.0,88.0
BIN::leadingones::n=100::seed=906134338,leadingones,bin,2000,0.0,"GA(pop=100,pc=0.9,pm=0.02)",GA,0,30,0.0,0.03125,0.001786137681628835,0.0935602986337899,84.8,85.0,76.0,92.0
BIN::leadingones::n=100::seed=906134338,leadingones,bin,2000,0.0,TABU(tenure=7),TABU,0,30,0.0,0.03125,0.0016110784283845441,0.0910723719926827,62.1,61.0,41.0,81.0
BIN::leadingones::n=100::seed=906134338,leadingones,bin,2000,0.0,"UMDA(pop=50,elite=0.2)",UMDA,0,30,0.0,0.03125,0.0017088046994362368,0.08891068777810214,67.3,66.5,51.0,79.0
BIN::leadingones::n=100::seed=906134338,leadingones,bin,2000,0.0,"UMDA(pop=100,elite=0.2)",UMDA,0,30,0.0,0.03125,0.0017051507171089242,0.09058584439207258,69.56666666666666,70.0,58.0,81.0
BIN::leadingones::n=100::seed=906134338,leadingones,bin,2000,0.0,TABU(tenure=12),TABU,0,30,0.0,0.03125,0.0015487405459052327,0.09426646834889178,59.766666666666666,64.5,40.0,77.0
BIN::trap5::n=100::seed=745913736,trap5,bin,2000,0.0,RS_BIN,RS_BIN,0,30,0.0,0.03125,0.0015567916364782604,0.09137453175469949,46.4,47.5,41.0,50.0
BIN::trap5::n=100::seed=745913736,trap5,bin,2000,0.0,HC(flips=1),HC,0,30,0.0,0.03125,0.0015294637804094755,0.09212591933198155,18.7,19.0,13.0,20.0
BIN::trap5::n=100::seed=745913736,trap5,bin,2000,0.0,HC(flips=2),HC,0,30,0.0,0.03125,0.0017546150422232943,0.0943382381965071,20.1,20.0,17.0,26.0
BIN::trap5::n=100::seed=745913736,trap5,bin,2000,0.0,"SA(T0=1.0,alpha=0.995,flips=1)",SA,0,30,0.0,0.03125,0.0017667832905559578,0.09434203729127656,17.9,18.0,16.0,19.0
BIN::trap5::n=100::seed=745913736,trap5,bin,2000,0.0,"SA(T0=2.0,alpha=0.99,flips=1)",SA,0,30,0.0,0.03125,0.0017431882280337654,0.09513597623051223,17.866666666666667,18.0,15.0,20.0
BIN::trap5::n=100::seed=745913736,trap5,bin,2000,0.0,"SA(T0=2.0,alpha=0.995,flips=2)",SA,0,30,0.0,0.03125,0.0017192076502042218,0.08938941347198591,19.366666666666667,19.5,13.0,23.0
BIN::trap5::n=100::seed=745913736,trap5,bin,2000,0.0,"GA(pop=50,pc=0.9,pm=0.02)",GA,0,30,0.0,0.03125,0.001501095840429381,0.09267558352566253,29.5,30.0,25.0,33.0
BIN::trap5::n=100::seed=745913736,trap5,bin,2000,0.0,"GA(pop=50,pc=0.9,pm=0.05)",GA,0,30,0.0,0.03125,0.0016086403295641392,0.09081476201021411,38.2,38.0,35.0,42.0
BIN::trap5::n=100::seed=745913736,trap5,bin,2000,0.0,"GA(pop=100,pc=0.9,pm=0.02)",GA,0,30,0.0,0.03125,0.0016483417164019065,0.09562161198113404,32.233333333333334,33.0,27.0,36.0
BIN::trap5::n=100::seed=745913736,trap5,bin,2000,0.0,TABU(tenure=7),TABU,0,30,0.0,0.03125,0.0016969355141721583,0.09901823230894034,21.466666666666665,21.0,19.0,25.0
BIN::trap5::n=100::seed=745913736,trap5,bin,2000,0.0,"UMDA(pop=50,elite=0.2)",UMDA,0,30,0.0,0.03125,0.0014924405142379207,0.09446816178077747,17.933333333333334,18.0,14.0,20.0
BIN::trap5::n=100::seed=745913736,trap5,bin,2000,0.0,"UMDA(pop=100,elite=0.2)",UMDA,0,30,0.0,0.03125,0.001759636289324573,0.08804491918739674,19.233333333333334,20.0,17.0,20.0
BIN::trap5::n=100::seed=745913736,trap5,bin,2000,0.0,TABU(tenure=12),TABU,0,30,0.0,0.03125,0.0017154409196956596,0.09380105975809137,22.866666666666667,23.0,19.0,26.0
BIN::knapsack01::n=100::seed=16877214,knapsack01,bin,2000,0.0,RS_BIN,RS_BIN,0,30,0.0,0.03125,0.0016620556913900476,0.09515116860258029,1156.0333333333333,1168.5,873.0,1283.0
BIN::knapsack01::n=100::seed=16877214,knapsack01,bin,2000,0.0,HC(flips=1),HC,0,30,0.0,0.03125,0.0014744254781933832,0.09369759335804966,880.3,859.0,582.0,1217.0
BIN::knapsack01::n=100::seed=16877214,knapsack01,bin,2000,0.0,HC(flips=2),HC,0,30,0.0,0.03125,0.0016693099444008471,0.0924552186201504,70.96666666666667,70.5,21.0,134.0
BIN::knapsack01::n=100::seed=16877214,knapsack01,bin,2000,0.0,"SA(T0=1.0,alpha=0.995,flips=1)",SA,0,30,0.0,0.03125,0.0014791799776353877,0.08990236026493593,941.4666666666667,928.0,576.0,1232.0
BIN::knapsack01::n=100::seed=16877214,knapsack01,bin,2000,0.0,"SA(T0=2.0,alpha=0.99,flips=1)",SA,0,30,0.0,0.03125,0.0020602567383006362,0.09275779278241739,841.7333333333333,811.5,509.0,1338.0
BIN::knapsack01::n=100::seed=16877214,knapsack01,bin,2000,0.0,"SA(T0=2.0,alpha=0.995,flips=2)",SA,0,30,0.0,0.03125,0.0014969161719151983,0.0886912130163022,75.83333333333333,78.0,26.0,159.0
BIN::knapsack01::n=100::seed=16877214,knapsack01,bin,2000,0.0,"GA(pop=50,pc=0.9,pm=0.02)",GA,0,30,0.0,0.03125,0.0018625774795961714,0.09182599552264278,511.6,494.5,404.0,683.0
BIN::knapsack01::n=100::seed=16877214,knapsack01,bin,2000,0.0,"GA(pop=50,pc=0.9,pm=0.05)",GA,0,30,0.0,0.03125,0.001721004706265675,0.08778449084680079,732.0666666666667,729.0,601.0,860.0
BIN::knapsack01::n=100::seed=16877214,knapsack01,bin,2000,0.0,"GA(pop=100,pc=0.9,pm=0.02)",GA,0,30,0.0,0.03125,0.0017503821820492663,0.08996709084740291,663.1,660.0,534.0,781.0
BIN::knapsack01::n=100::seed=16877214,knapsack01,bin,2000,0.0,TABU(tenure=7),TABU,0,30,0.0,0.03125,0.0013274899800936575,0.09501946011462582,153.36666666666667,146.0,94.0,224.0
BIN::knapsack01::n=100::seed=16877214,knapsack01,bin,2000,0.0,"UMDA(pop=50,elite=0.2)",UMDA,0,30,0.0,0.03125,0.0013790119070611457,0.0890587319754985,88.86666666666666,84.0,30.0,156.0
BIN::knapsack01::n=100::seed=16877214,knapsack01,bin,2000,0.0,"UMDA(pop=100,elite=0.2)",UMDA,0,30,0.0,0.03125,0.0018425767500226044,0.09394693326324913,55.13333333333333,54.5,14.0,108.0
BIN::knapsack01::n=100::seed=16877214,knapsack01,bin,2000,0.0,TABU(tenure=12),TABU,0,30,0.0,0.03125,0.001400479096948693,0.09511846783839502,172.5,174.5,90.0,276.0
BIN::onemax::n=50::seed=996435875,onemax,bin,2000,0.0,RS_BIN,RS_BIN,0,30,0.0,0.03125,0.0017830362005647458,0.09406036427926827,12.9,13.0,10.0,14.0
BIN::onemax::n=50::seed=996435875,onemax,bin,2000,0.0,HC(flips=1),HC,30,30,1.0,0.96875,0.9081237251225046,0.998525766861387,0.0,0.0,0.0,0.0
BIN::onemax::n=50::seed=996435875,onemax,bin,2000,0.0,HC(flips=2),HC,10,30,0.3333333333333333,0.34375,0.21095769699090774,0.4863289730127209,0.8,1.0,0.0,2.0
BIN::onemax::n=50::seed=996435875,onemax,bin,2000,0.0,"SA(T0=1.0,alpha=0.995,flips=1)",SA,30,30,1.0,0.96875,0.9035196256025592,0.9981957921117819,0.0,0.0,0.0,0.0
BIN::onemax::n=50::seed=996435875,onemax,bin,2000,0.0,"SA(T0=2.0,alpha=0.99,flips=1)",SA,30,30,1.0,0.96875,0.9088806794057325,0.9982470503056609,0.0,0.0,0.0,0.0
BIN::onemax::n=50::seed=996435875,onemax,bin,2000,0.0,"SA(T0=2.0,alpha=0.995,flips=2)",SA,11,30,0.36666666666666664,0.375,0.24105422556270328,0.515899427155033,0.7333333333333333,1.0,0.0,2.0
BIN::onemax::n=50::seed=996435875,onemax,bin,2000,0.0,"GA(pop=50,pc=0.9,pm=0.02)",GA,9,30,0.3,0.3125,0.18505465039370447,0.45204469272034187,0.8666666666666667,1.0,0.0,3.0
BIN::onemax::n=50::seed=996435875,onemax,bin,2000,0.0,"GA(pop=50,pc=0.9,pm=0.05)",GA,0,30,0.0,0.03125,0.0017055187730886227,0.09182291191741511,5.066666666666666,5.0,2.0,7.0
BIN::onemax::n=50::seed=996435875,onemax,bin,2000,0.0,"GA(pop=100,pc=0.9,pm=0.02)",GA,0,30,0.0,0.03125,0.0016643770833837306,0.08605504830698539,3.1666666666666665,3.0,1.0,5.0
BIN::onemax::n=50::seed=996435875,onemax,bin,2000,0.0,TABU(tenure=7),TABU,3,30,0.1,0.125,0.04509560427808894,0.23250730636736108,1.4333333333333333,1.0,0.0,3.0
BIN::onemax::n=50::seed=996435875,onemax,bin,2000,0.0,"UMDA(pop=50,elite=0.2)",UMDA,30,30,1.0,0.96875,0.9083831383210542,0.9984210714918498,0.0,0.0,0.0,0.0
BIN::onemax::n=50::seed=996435875,onemax,bin,2000,0.0,"UMDA(pop=100,elite=0.2)",UMDA,30,30,1.0,0.96875,0.9056493901538583,0.9985215571862842,0.0,0.0,0.0,0.0
BIN::onemax::n=50::seed=996435875,onemax,bin,2000,0.0,TABU(tenure=12),TABU,1,30,0.03333333333333333,0.0625,0.0117256926000027,0.13867893465335918,2.2666666666666666,2.0,0.0,5.0
BIN::leadingones::n=50::seed=819647819,leadingones,bin,2000,0.0,RS_BIN,RS_BIN,0,30,0.0,0.03125,0.0015714364959328467,0.09468895546033014,38.46666666666667,39.0,33.0,41.0
BIN::leadingones::n=50::seed=819647819,leadingones,bin,2000,0.0,HC(flips=1),HC,30,30,1.0,0.96875,0.9085942559295196,0.9984520807856797,0.0,0.0,0.0,0.0
BIN::leadingones::n=50::seed=819647819,leadingones,bin,2000,0.0,HC(flips=2),HC,3,30,0.1,0.125,0.04539222686666612,0.2275863077101429,2.7666666666666666,2.5,0.0,8.0
BIN::leadingones::n=50::seed=819647819,leadingones,bin,2000,0.0,"SA(T0=1.0,alpha=0.995,flips=1)",SA,30,30,1.0,0.96875,0.9104675788196397,0.9985126820513295,0.0,0.0,0.0,0.0
BIN::leadingones::n=50::seed=819647819,leadingones,bin,2000,0.0,"SA(T0=2.0,alpha=0.99,flips=1)",SA,30,30,1.0,0.96875,0.9034921832804441,0.9982336735775736,0.0,0.0,0.0,0.0
BIN::leadingones::n=50::seed=819647819,leadingones,bin,2000,0.0,"SA(T0=2.0,alpha=0.995,flips=2)",SA,4,30,0.13333333333333333,0.15625,0.06741445625991344,0.27460405329703513,3.433333333333333,3.0,0.0,7.0
BIN::leadingones::n=50::seed=819647819,leadingones,bin,2000,0.0,"GA(pop=50,pc=0.9,pm=0.02)",GA,0,30,0.0,0.03125,0.0017608948192187458,0.09303677424224387,30.1,31.5,22.0,37.0
BIN::leadingones::n=50::seed=819647819,leadingones,bin,2000,0.0,"GA(pop=50,pc=0.9,pm=0.05)",GA,0,30,0.0,0.03125,0.0015870754632997454,0.08924523622288122,31.2,31.5,20.0,37.0
BIN::leadingones::n=50::seed=819647819,leadingones,bin,2000,0.0,"GA(pop=100,pc=0.9,pm=0.02)",GA,0,30,0.0,0.03125,0.0014562730621151354,0.09168687843806209,34.46666666666667,35.0,28.0,38.0
BIN::leadingones::n=50::seed=819647819,leadingones,bin,2000,0.0,TABU(tenure=7),TABU,0,30,0.0,0.03125,0.0015368444053993622,0.08866335930851488,8.9,9.0,1.0,16.0
BIN::leadingones::n=50::seed=819647819,leadingones,bin,2000,0.0,"UMDA(pop=50,elite=0.2)",UMDA,1,30,0.03333333333333333,0.0625,0.011405440927994179,0.13886378256682963,17.566666666666666,19.0,0.0,30.0
BIN::leadingones::n=50::seed=819647819,leadingones,bin,2000,0.0,"UMDA(pop=100,elite=0.2)",UMDA,0,30,0.0,0.03125,0.0016853286791840472,0.0925421984047486,19.8,19.0,5.0,31.0
BIN::leadingones::n=50::seed=819647819,leadingones,bin,2000,0.0,TABU(tenure=12),TABU,0,30,0.0,0.03125,0.0016398119280868087,0.09247841638837573,14.4,15.0,6.0,20.0
BIN::knapsack01::n=150::seed=54668061,knapsack01,bin,2000,0.0,RS_BIN,RS_BIN,0,30,0.0,0.03125,0.0013617205159752236,0.08723281338882641,1615.4333333333334,1632.0,1436.0,1748.0
BIN::knapsack01::n=150::seed=54668061,knapsack01,bin,2000,0.0,HC(flips=1),HC,0,30,0.0,0.03125,0.0017956539830288013,0.0955188995031615,1195.0,1168.5,773.0,1714.0
BIN::knapsack01::n=150::seed=54668061,knapsack01,bin,2000,0.0,HC(flips=2),HC,0,30,0.0,0.03125,0.001758584840645126,0.09098448671212492,180.8,174.5,113.0,262.0
BIN::knapsack01::n=150::seed=54668061,knapsack01,bin,2000,0.0,"SA(T0=1.0,alpha=0.995,flips=1)",SA,0,30,0.0,0.03125,0.0017594910022762035,0.09094830455787398,1151.9,1155.5,727.0,1626.0
BIN::knapsack01::n=150::seed=54668061,knapsack01,bin,2000,0.0,"SA(T0=2.0,alpha=0.99,flips=1)",SA,0,30,0.0,0.03125,0.001341067890935647,0.09126516656273326,1195.0,1199.0,807.0,1863.0
BIN::knapsack01::n=150::seed=54668061,knapsack01,bin,2000,0.0,"SA(T0=2.0,alpha=0.995,flips=2)",SA,0,30,0.0,0.03125,0.0016236704861926888,0.0992628122630536,193.66666666666666,197.5,124.0,275.0
BIN::knapsack01::n=150::seed=54668061,knapsack01,bin,2000,0.0,"GA(pop=50,pc=0.9,pm=0.02)",GA,0,30,0.0,0.03125,0.0016256456285688604,0.09033246269661067,909.2666666666667,899.5,784.0,1064.0
BIN::knapsack01::n=150::seed=54668061,knapsack01,bin,2000,0.0,"GA(pop=50,pc=0.9,pm=0.05)",GA,0,30,0.0,0.03125,0.0018135057104107948,0.09407695295973148,1134.1666666666667,1135.5,965.0,1291.0
BIN::knapsack01::n=150::seed=54668061,knapsack01,bin,2000,0.0,"GA(pop=100,pc=0.9,pm=0.02)",GA,0,30,0.0,0.03125,0.0017966098399869704,0.09121437848393776,1072.8333333333333,1083.0,908.0,1191.0
BIN::knapsack01::n=150::seed=54668061,knapsack01,bin,2000,0.0,TABU(tenure=7),TABU,0,30,0.0,0.03125,0.0017266895983938896,0.09287522543932755,363.23333333333335,377.0,209.0,590.0
BIN::knapsack01::n=150::seed=54668061,knapsack01,bin,2000,0.0,"UMDA(pop=50,elite=0.2)",UMDA,0,30,0.0,0.03125,0.0015023579743635353,0.08972489378013652,191.7,188.0,109.0,347.0
BIN::knapsack01::n=150::seed=54668061,knapsack01,bin,2000,0.0,"UMDA(pop=100,elite=0.2)",UMDA,0,30,0.0,0.03125,0.0017068728308097796,0.09269396428060032,215.26666666666668,220.0,130.0,328.0
BIN::knapsack01::n=150::seed=54668061,knapsack01,bin,2000,0.0,TABU(tenure=12),TABU,0,30,0.0,0.03125,0.0016664285323253663,0.09101982897205337,346.8666666666667,338.0,223.0,487.0
BIN::onemax::n=100::seed=191480656,onemax,bin,2000,0.0,RS_BIN,RS_BIN,0,30,0.0,0.03125,0.001859681542675075,0.09341387280288908,33.233333333333334,33.0,31.0,36.0
BIN::onemax::n=100::seed=191480656,onemax,bin,2000,0.0,HC(flips=1),HC,30,30,1.0,0.96875,0.9096368634085441,0.9982911412998302,0.0,0.0,0.0,0.0
BIN::onemax::n=100::seed=191480656,onemax,bin,2000,0.0,HC(flips=2),HC,0,30,0.0,0.03125,0.0017576495195491396,0.09120450999827565,2.7,3.0,1.0,5.0
BIN::onemax::n=100::seed=191480656,onemax,bin,2000,0.0,"SA(T0=1.0,alpha=0.995,flips=1)",SA,30,30,1.0,0.96875,0.9058368802746306,0.9981896982159351,0.0,0.0,0.0,0.0
BIN::onemax::n=100::seed=191480656,onemax,bin,2000,0.0,"SA(T0=2.0,alpha=0.99,flips=1)",SA,30,30,1.0,0.96875,0.9074896474123063,0.9983676370301799,0.0,0.0,0.0,0.0
BIN::onemax::n=100::seed=191480656,onemax,bin,2000,0.0,"SA(T0=2.0,alpha=0.995,flips=2)",SA,1,30,0.03333333333333333,0.0625,0.011473321954869256,0.14487317811940031,2.8333333333333335,3.0,0.0,5.0
BIN::onemax::n=100::seed=191480656,onemax,bin,2000,0.0,"GA(pop=50,pc=0.9,pm=0.02)",GA,0,30,0.0,0.03125,0.0014914261616027784,0.09386875766207324,12.3,12.0,9.0,16.0
BIN::onemax::n=100::seed=191480656,onemax,bin,2000,0.0,"GA(pop=50,pc=0.9,pm=0.05)",GA,0,30,0.0,0.03125,0.001828192461115128,0.09201359337735258,20.966666666666665,21.0,17.0,24.0
BIN::onemax::n=100::seed=191480656,onemax,bin,2000,0.0,"GA(pop=100,pc=0.9,pm=0.02)",GA,0,30,0.0,0.03125,0.0016983839226842388,0.08665167970960054,17.1,17.0,11.0,21.0
BIN::onemax::n=100::seed=191480656,onemax,bin,2000,0.0,TABU(tenure=7),TABU,0,30,0.0,0.03125,0.0016273394543379735,0.0937003780117665,4.2,4.0,1.0,7.0
BIN::onemax::n=100::seed=191480656,onemax,bin,2000,0.0,"UMDA(pop=50,elite=0.2)",UMDA,30,30,1.0,0.96875,0.9078082104059155,0.9980955309818937,0.0,0.0,0.0,0.0
BIN::onemax::n=100::seed=191480656,onemax,bin,2000,0.0,"UMDA(pop=100,elite=0.2)",UMDA,30,30,1.0,0.96875,0.9090251324808876,0.998227675694817,0.0,0.0,0.0,0.0
BIN::onemax::n=100::seed=191480656,onemax,bin,2000,0.0,TABU(tenure=12),TABU,0,30,0.0,0.03125,0.0017472254787463857,0.09327316256698126,5.033333333333333,5.0,1.0,7.0
BIN::onemax::n=150::seed=587881940,onemax,bin,2000,0.0,RS_BIN,RS_BIN,0,30,0.0,0.03125,0.0017734259237863835,0.09021133440808754,54.666666666666664,55.0,47.0,59.0
BIN::onemax::n=150::seed=587881940,onemax,bin,2000,0.0,HC(flips=1),HC,30,30,1.0,0.96875,0.9087752091062267,0.99791094164546,0.0,0.0,0.0,0.0
BIN::onemax::n=150::seed=587881940,onemax,bin,2000,0.0,HC(flips=2),HC,0,30,0.0,0.03125,0.0014639778529198823,0.09554628245426813,4.866666666666666,5.0,1.0,8.0
BIN::onemax::n=150::seed=587881940,onemax,bin,2000,0.0,"SA(T0=1.0,alpha=0.995,flips=1)",SA,30,30,1.0,0.96875,0.9038632001895298,0.998393837480809,0.0,0.0,0.0,0.0
BIN::onemax::n=150::seed=587881940,onemax,bin,2000,0.0,"SA(T0=2.0,alpha=0.99,flips=1)",SA,30,30,1.0,0.96875,0.9088495414777936,0.9983062955515878,0.0,0.0,0.0,0.0
BIN::onemax::n=150::seed=587881940,onemax,bin,2000,0.0,"SA(T0=2.0,alpha=0.995,flips=2)",SA,0,30,0.0,0.03125,0.0015118990842925043,0.08896616970713833,5.833333333333333,6.0,3.0,9.0
BIN::onemax::n=150::seed=587881940,onemax,bin,2000,0.0,"GA(pop=50,pc=0.9,pm=0.02)",GA,0,30,0.0,0.03125,0.0015042519970499923,0.09479797875707881,27.2,27.0,21.0,31.0
BIN::onemax::n=150::seed=587881940,onemax,bin,2000,0.0,"GA(pop=50,pc=0.9,pm=0.05)",GA,0,30,0.0,0.03125,0.0015594867880128753,0.09270932744010738,38.36666666666667,38.0,34.0,43.0
BIN::onemax::n=150::seed=587881940,onemax,bin,2000,0.0,"GA(pop=100,pc=0.9,pm=0.02)",GA,0,30,0.0,0.03125,0.0019846842363623355,0.09073344412320924,33.36666666666667,34.0,28.0,37.0
BIN::onemax::n=150::seed=587881940,onemax,bin,2000,0.0,TABU(tenure=7),TABU,0,30,0.0,0.03125,0.0017921433961777535,0.08696134227799511,7.633333333333334,7.0,4.0,12.0
BIN::onemax::n=150::seed=587881940,onemax,bin,2000,0.0,"UMDA(pop=50,elite=0.2)",UMDA,30,30,1.0,0.96875,0.9117308143456933,0.9982263793665604,0.0,0.0,0.0,0.0
BIN::onemax::n=150::seed=587881940,onemax,bin,2000,0.0,"UMDA(pop=100,elite=0.2)",UMDA,30,30,1.0,0.96875,0.9042172570868008,0.9984469184145998,0.0,0.0,0.0,0.0
BIN::onemax::n=150::seed=587881940,onemax,bin,2000,0.0,TABU(tenure=12),TABU,0,30,0.0,0.03125,0.00158139264703528,0.08978748062022296,7.233333333333333,8.0,3.0,10.0
BIN::leadingones::n=50::seed=932766333,leadingones,bin,2000,0.0,RS_BIN,RS_BIN,0,30,0.0,0.03125,0.002155673750467174,0.09496644137378162,39.03333333333333,39.5,33.0,41.0
BIN::leadingones::n=50::seed=932766333,leadingones,bin,2000,0.0,HC(flips=1),HC,29,30,0.9666666666666667,0.9375,0.8539511720778169,0.9872589598115736,0.1,0.0,0.0,3.0
BIN::leadingones::n=50::seed=932766333,leadingones,bin,2000,0.0,HC(flips=2),HC,6,30,0.2,0.21875,0.10987586086045223,0.3510496497231792,3.3333333333333335,3.0,0.0,10.0
BIN::leadingones::n=50::seed=932766333,leadingones,bin,2000,0.0,"SA(T0=1.0,alpha=0.995,flips=1)",SA,30,30,1.0,0.96875,0.9096913945347765,0.9986147960535222,0.0,0.0,0.0,0.0
BIN::leadingones::n=50::seed=932766333,leadingones,bin,2000,0.0,"SA(T0=2.0,alpha=0.99,flips=1)",SA,29,30,0.9666666666666667,0.9375,0.8561266779007198,0.9883070896280332,0.06666666666666667,0.0,0.0,2.0
BIN::leadingones::n=50::seed=932766333,leadingones,bin,2000,0.0,"SA(T0=2.0,alpha=0.995,flips=2)",SA,2,30,0.06666666666666667,0.09375,0.02785754329654711,0.1928214798775251,3.3333333333333335,3.0,0.0,8.0
BIN::leadingones::n=50::seed=932766333,leadingones,bin,2000,0.0,"GA(pop=50,pc=0.9,pm=0.02)",GA,0,30,0.0,0.03125,0.0018987145406214642,0.08805260034889341,30.066666666666666,30.0,19.0,38.0
BIN::leadingones::n=50::seed=932766333,leadingones,bin,2000,0.0,"GA(pop=50,pc=0.9,pm=0.05)",GA,0,30,0.0,0.03125,0.0017915045129012052,0.09447935615753224,32.56666666666667,33.0,27.0,36.0
BIN::leadingones::n=50::seed=932766333,leadingones,bin,2000,0.0,"GA(pop=100,pc=0.9,pm=0.02)",GA,0,30,0.0,0.03125,0.0017328944125378847,0.09352389533672376,34.13333333333333,35.0,27.0,40.0
BIN::leadingones::n=50::seed=932766333,leadingones,bin,2000,0.0,TABU(tenure=7),TABU,1,30,0.03333333333333333,0.0625,0.01214296145444358,0.14288291100911352,9.0,9.0,0.0,16.0
BIN::leadingones::n=50::seed=932766333,leadingones,bin,2000,0.0,"UMDA(pop=50,elite=0.2)",UMDA,1,30,0.03333333333333333,0.0625,0.011639883288686304,0.14826614140581423,17.833333333333332,17.0,0.0,30.0
BIN::leadingones::n=50::seed=932766333,leadingones,bin,2000,0.0,"UMDA(pop=100,elite=0.2)",UMDA,0,30,0.0,0.03125,0.001627718766325161,0.0896194480284899,18.333333333333332,17.5,7.0,30.0
BIN::leadingones::n=50::seed=932766333,leadingones,bin,2000,0.0,TABU(tenure=12),TABU,0,30,0.0,0.03125,0.0014741060022606485,0.09258343325782331,14.3,15.0,7.0,21.0
BIN::leadingones::n=50::seed=89237254,leadingones,bin,2000,0.0,RS_BIN,RS_BIN,0,30,0.0,0.03125,0.0018429368187508697,0.09972743994257248,38.86666666666667,39.0,33.0,41.0
BIN::leadingones::n=50::seed=89237254,leadingones,bin,2000,0.0,HC(flips=1),HC,30,30,1.0,0.96875,0.9034687093359257,0.998585093497074,0.0,0.0,0.0,0.0
BIN::leadingones::n=50::seed=89237254,leadingones,bin,2000,0.0,HC(flips=2),HC,7,30,0.23333333333333334,0.25,0.13930682708413836,0.38205580741639256,2.2666666666666666,2.0,0.0,8.0
BIN::leadingones::n=50::seed=89237254,leadingones,bin,2000,0.0,"SA(T0=1.0,alpha=0.995,flips=1)",SA,29,30,0.9666666666666667,0.9375,0.8611693174580409,0.988646386560189,0.06666666666666667,0.0,0.0,2.0
BIN::leadingones::n=50::seed=89237254,leadingones,bin,2000,0.0,"SA(T0=2.0,alpha=0.99,flips=1)",SA,30,30,1.0,0.96875,0.9073664558999773,0.9982993503890684,0.0,0.0,0.0,0.0
BIN::leadingones::n=50::seed=89237254,leadingones,bin,2000,0.0,"SA(T0=2.0,alpha=0.995,flips=2)",SA,2,30,0.06666666666666667,0.09375,0.026737773993263922,0.18619812411420647,2.966666666666667,2.0,0.0,7.0
BIN::leadingones::n=50::seed=89237254,leadingones,bin,2000,0.0,"GA(pop=50,pc=0.9,pm=0.02)",GA,0,30,0.0,0.03125,0.0016421211839827005,0.09386701706175894,29.766666666666666,30.0,23.0,37.0
BIN::leadingones::n=50::seed=89237254,leadingones,bin,2000,0.0,"GA(pop=50,pc=0.9,pm=0.05)",GA,0,30,0.0,0.03125,0.0017845824483229036,0.09192553644364161,32.4,32.5,26.0,36.0
BIN::leadingones::n=50::seed=89237254,leadingones,bin,2000,0.0,"GA(pop=100,pc=0.9,pm=0.02)",GA,0,30,0.0,0.03125,0.001504756822127247,0.09257458110389528,33.36666666666667,34.0,26.0,41.0
BIN::leadingones::n=50::seed=89237254,leadingones,bin,2000,0.0,TABU(tenure=7),TABU,0,30,0.0,0.03125,0.0019907273275500148,0.09058357282488444,9.566666666666666,10.0,1.0,14.0
BIN::leadingones::n=50::seed=89237254,leadingones,bin,2000,0.0,"UMDA(pop=50,elite=0.2)",UMDA,0,30,0.0,0.03125,0.0015053623706033905,0.09212771930958068,18.966666666666665,18.5,9.0,29.0
BIN::leadingones::n=50::seed=89237254,leadingones,bin,2000,0.0,"UMDA(pop=100,elite=0.2)",UMDA,0,30,0.0,0.03125,0.0015938437753691861,0.09135977084275888,20.7,21.0,12.0,34.0
BIN::leadingones::n=50::seed=89237254,leadingones,bin,2000,0.0,TABU(tenure=12),TABU,0,30,0.0,0.03125,0.002024747966958456,0.09214303233240066,13.833333333333334,14.0,6.0,20.0
BIN::onemax::n=150::seed=498916944,onemax,bin,2000,0.0,RS_BIN,RS_BIN,0,30,0.0,0.03125,0.0017544232445631204,0.08968319364307845,53.2,53.0,46.0,58.0
BIN::onemax::n=150::seed=498916944,onemax,bin,2000,0.0,HC(flips=1),HC,30,30,1.0,0.96875,0.901791031475706,0.998112397263098,0.0,0.0,0.0,0.0
BIN::onemax::n=150::seed=498916944,onemax,bin,2000,0.0,HC(flips=2),HC,0,30,0.0,0.03125,0.001997590126713812,0.09683269650869386,5.666666666666667,6.0,2.0,10.0
BIN::onemax::n=150::seed=498916944,onemax,bin,2000,0.0,"SA(T0=1.0,alpha=0.995,flips=1)",SA,30,30,1.0,0.96875,0.9063703752412686,0.9986018870684263,0.0,0.0,0.0,0.0
BIN::onemax::n=150::seed=498916944,onemax,bin,2000,0.0,"SA(T0=2.0,alpha=0.99,flips=1)",SA,30,30,1.0,0.96875,0.9079566627702581,0.9984812247169043,0.0,0.0,0.0,0.0
BIN::onemax::n=150::seed=498916944,onemax,bin,2000,0.0,"SA(T0=2.0,alpha=0.995,flips=2)",SA,0,30,0.0,0.03125,0.0015560637212864426,0.08999858315328513,5.7,5.0,3.0,15.0
BIN::onemax::n=150::seed=498916944,onemax,bin,2000,0.0,"GA(pop=50,pc=0.9,pm=0.02)",GA,0,30,0.0,0.03125,0.001656956771858488,0.09392092730231144,26.566666666666666,27.0,23.0,31.0
BIN::onemax::n=150::seed=498916944,onemax,bin,2000,0.0,"GA(pop=50,pc=0.9,pm=0.05)",GA,0,30,0.0,0.03125,0.001520619005685768,0.09184810749384206,39.7,40.0,34.0,45.0
BIN::onemax::n=150::seed=498916944,onemax,bin,2000,0.0,"GA(pop=100,pc=0.9,pm=0.02)",GA,0,30,0.0,0.03125,0.0015931559700686254,0.09244484363729588,34.5,34.5,29.0,38.0
BIN::onemax::n=150::seed=498916944,onemax,bin,2000,0.0,TABU(tenure=7),TABU,0,30,0.0,0.03125,0.0018199659149442597,0.0865816885488366,7.2,7.0,3.0,11.0
BIN::onemax::n=150::seed=498916944,onemax,bin,2000,0.0,"UMDA(pop=50,elite=0.2)",UMDA,30,30,1.0,0.96875,0.9038820008451965,0.9982451206637442,0.0,0.0,0.0,0.0
BIN::onemax::n=150::seed=498916944,onemax,bin,2000,0.0,"UMDA(pop=100,elite=0.2)",UMDA,29,30,0.9666666666666667,0.9375,0.8596655730828932,0.988596940845596,0.03333333333333333,0.0,0.0,1.0
BIN::onemax::n=150::seed=498916944,onemax,bin,2000,0.0,TABU(tenure=12),TABU,0,30,0.0,0.03125,0.001738519551390975,0.08837204265811476,9.033333333333333,9.0,4.0,14.0
BIN::onemax::n=50::seed=839124848,onemax,bin,2000,0.0,RS_BIN,RS_BIN,0,30,0.0,0.03125,0.0014258774636487976,0.09086164227482073,12.933333333333334,13.0,10.0,15.0
BIN::onemax::n=50::seed=839124848,onemax,bin,2000,0.0,HC(flips=1),HC,30,30,1.0,0.96875,0.9084883718178722,0.9983440795862495,0.0,0.0,0.0,0.0
BIN::onemax::n=50::seed=839124848,onemax,bin,2000,0.0,HC(flips=2),HC,13,30,0.43333333333333335,0.4375,0.2944069531741607,0.586105086404785,0.6333333333333333,1.0,0.0,2.0
BIN::onemax::n=50::seed=839124848,onemax,bin,2000,0.0,"SA(T0=1.0,alpha=0.995,flips=1)",SA,30,30,1.0,0.96875,0.9031763727475195,0.9983942694538972,0.0,0.0,0.0,0.0
BIN::onemax::n=50::seed=839124848,onemax,bin,2000,0.0,"SA(T0=2.0,alpha=0.99,flips=1)",SA,30,30,1.0,0.96875,0.9123382560478734,0.998039324897354,0.0,0.0,0.0,0.0
BIN::onemax::n=50::seed=839124848,onemax,bin,2000,0.0,"SA(T0=2.0,alpha=0.995,flips=2)",SA,14,30,0.4666666666666667,0.46875,0.32995689827777275,0.6152225481469997,0.7333333333333333,1.0,0.0,3.0
BIN::onemax::n=50::seed=839124848,onemax,bin,2000,0.0,"GA(pop=50,pc=0.9,pm=0.02)",GA,7,30,0.23333333333333334,0.25,0.13434859565380575,0.37915571835572903,1.0333333333333334,1.0,0.0,3.0
BIN::onemax::n=50::seed=839124848,onemax,bin,2000,0.0,"GA(pop=50,pc=0.9,pm=0.05)",GA,0,30,0.0,0.03125,0.0014716768816807678,0.09105913415756388,5.433333333333334,5.5,3.0,8.0
BIN::onemax::n=50::seed=839124848,onemax,bin,2000,0.0,"GA(pop=100,pc=0.9,pm=0.02)",GA,0,30,0.0,0.03125,0.001996516477988737,0.09215573581334893,3.6333333333333333,4.0,1.0,6.0
BIN::onemax::n=50::seed=839124848,onemax,bin,2000,0.0,TABU(tenure=7),TABU,6,30,0.2,0.21875,0.11331444536767403,0.345219784597853,1.2,1.0,0.0,2.0
BIN::onemax::n=50::seed=839124848,onemax,bin,2000,0.0,"UMDA(pop=50,elite=0.2)",UMDA,30,30,1.0,0.96875,0.9125987639414637,0.998119877416447,0.0,0.0,0.0,0.0
BIN::onemax::n=50::seed=839124848,onemax,bin,2000,0.0,"UMDA(pop=100,elite=0.2)",UMDA,30,30,1.0,0.96875,0.9044245190518738,0.9983894231003263,0.0,0.0,0.0,0.0
BIN::onemax::n=50::seed=839124848,onemax,bin,2000,0.0,TABU(tenure=12),TABU,3,30,0.1,0.125,0.04630732153866457,0.22418527985145567,2.0,2.0,0.0,4.0
BIN::leadingones::n=50::seed=427221728,leadingones,bin,2000,0.0,RS_BIN,RS_BIN,0,30,0.0,0.03125,0.001653858026500265,0.09366983533568984,38.13333333333333,38.0,33.0,41.0
BIN::leadingones::n=50::seed=427221728,leadingones,bin,2000,0.0,HC(flips=1),HC,30,30,1.0,0.96875,0.9040068352031841,0.9984792651415473,0.0,0.0,0.0,0.0
BIN::leadingones::n=50::seed=427221728,leadingones,bin,2000,0.0,HC(flips=2),HC,4,30,0.13333333333333333,0.15625,0.06613281934847304,0.2741866680682909,2.7,2.5,0.0,7.0
BIN::leadingones::n=50::seed=427221728,leadingones,bin,2000,0.0,"SA(T0=1.0,alpha=0.995,flips=1)",SA,30,30,1.0,0.96875,0.9058386972466714,0.9982190590959359,0.0,0.0,0.0,0.0
BIN::leadingones::n=50::seed=427221728,leadingones,bin,2000,0.0,"SA(T0=2.0,alpha=0.99,flips=1)",SA,29,30,0.9666666666666667,0.9375,0.8555116973490644,0.9887567572585202,0.13333333333333333,0.0,0.0,4.0
BIN::leadingones::n=50::seed=427221728,leadingones,bin,2000,0.0,"SA(T0=2.0,alpha=0.995,flips=2)",SA,6,30,0.2,0.21875,0.10957129215927348,0.3487153768772018,3.1,2.0,0.0,9.0
BIN::leadingones::n=50::seed=427221728,leadingones,bin,2000,0.0,"GA(pop=50,pc=0.9,pm=0.02)",GA,0,30,0.0,0.03125,0.0015174393467982323,0.09089428648695225,30.133333333333333,31.0,18.0,36.0
BIN::leadingones::n=50::seed=427221728,leadingones,bin,2000,0.0,"GA(pop=50,pc=0.9,pm=0.05)",GA,0,30,0.0,0.03125,0.0015454853309298405,0.09476248070003047,32.46666666666667,33.0,22.0,37.0
BIN::leadingones::n=50::seed=427221728,leadingones,bin,2000,0.0,"GA(pop=100,pc=0.9,pm=0.02)",GA,0,30,0.0,0.03125,0.0015587854376716535,0.091143809868804,33.166666666666664,34.0,26.0,38.0
BIN::leadingones::n=50::seed=427221728,leadingones,bin,2000,0.0,TABU(tenure=7),TABU,0,30,0.0,0.03125,0.001607602200319924,0.08834897014957138,8.766666666666667,8.5,3.0,16.0
BIN::leadingones::n=50::seed=427221728,leadingones,bin,2000,0.0,"UMDA(pop=50,elite=0.2)",UMDA,0,30,0.0,0.03125,0.0018969973737764697,0.08993429307747261,14.933333333333334,15.0,4.0,25.0
BIN::leadingones::n=50::seed=427221728,leadingones,bin,2000,0.0,"UMDA(pop=100,elite=0.2)",UMDA,0,30,0.0,0.03125,0.0016440673037259477,0.09067402240651111,19.1,18.5,10.0,32.0
BIN::leadingones::n=50::seed=427221728,leadingones,bin,2000,0.0,TABU(tenure=12),TABU,0,30,0.0,0.03125,0.001596259018729461,0.09185542877315261,13.633333333333333,14.0,3.0,21.0
BIN::trap5::n=50::seed=739246873,trap5,bin,2000,0.0,RS_BIN,RS_BIN,0,30,0.0,0.03125,0.0017794932319836964,0.09105859923633242,19.366666666666667,20.0,13.0,22.0
BIN::trap5::n=50::seed=739246873,trap5,bin,2000,0.0,HC(flips=1),HC,0,30,0.0,0.03125,0.001567894757253531,0.09035596684692372,9.4,9.5,8.0,10.0
BIN::trap5::n=50::seed=739246873,trap5,bin,2000,0.0,HC(flips=2),HC,0,30,0.0,0.03125,0.001755173219370909,0.09121775812442025,9.8,10.0,7.0,12.0
BIN::trap5::n=50::seed=739246873,trap5,bin,2000,0.0,"SA(T0=1.0,alpha=0.995,flips=1)",SA,0,30,0.0,0.03125,0.001703510288858594,0.09340095089644522,9.2,10.0,6.0,10.0
BIN::trap5::n=50::seed=739246873,trap5,bin,2000,0.0,"SA(T0=2.0,alpha=0.99,flips=1)",SA,0,30,0.0,0.03125,0.0014718744678369985,0.09669692733511906,8.9,9.0,7.0,10.0
BIN::trap5::n=50::seed=739246873,trap5,bin,2000,0.0,"SA(T0=2.0,alpha=0.995,flips=2)",SA,0,30,0.0,0.03125,0.0020892371555864117,0.09366510536116807,9.0,9.0,6.0,11.0
BIN::trap5::n=50::seed=739246873,trap5,bin,2000,0.0,"GA(pop=50,pc=0.9,pm=0.02)",GA,0,30,0.0,0.03125,0.0017546989468218252,0.09523234932981658,9.0,9.0,4.0,12.0
BIN::trap5::n=50::seed=739246873,trap5,bin,2000,0.0,"GA(pop=50,pc=0.9,pm=0.05)",GA,0,30,0.0,0.03125,0.0018404337360489417,0.08819878787548022,13.166666666666666,14.0,9.0,16.0
BIN::trap5::n=50::seed=739246873,trap5,bin,2000,0.0,"GA(pop=100,pc=0.9,pm=0.02)",GA,0,30,0.0,0.03125,0.001658191190873213,0.0943217787699968,9.833333333333334,10.0,6.0,13.0
BIN::trap5::n=50::seed=739246873,trap5,bin,2000,0.0,TABU(tenure=7),TABU,0,30,0.0,0.03125,0.0016471074483272918,0.08910553062111735,9.866666666666667,10.0,4.0,13.0
BIN::trap5::n=50::seed=739246873,trap5,bin,2000,0.0,"UMDA(pop=50,elite=0.2)",UMDA,0,30,0.0,0.03125,0.001724501296666393,0.09325921366167711,9.366666666666667,10.0,7.0,10.0
BIN::trap5::n=50::seed=739246873,trap5,bin,2000,0.0,"UMDA(pop=100,elite=0.2)",UMDA,0,30,0.0,0.03125,0.0016705682494059899,0.08645456255476659,9.8,10.0,9.0,10.0
BIN::trap5::n=50::seed=739246873,trap5,bin,2000,0.0,TABU(tenure=12),TABU,0,30,0.0,0.03125,0.0017336128582923624,0.08724701281144916,9.3,10.0,5.0,12.0
BIN::onemax::n=150::seed=923233963,onemax,bin,2000,0.0,RS_BIN,RS_BIN,0,30,0.0,0.03125,0.00175713702977368,0.0912814502121077,54.46666666666667,55.0,49.0,57.0
BIN::onemax::n=150::seed=923233963,onemax,bin,2000,0.0,HC(flips=1),HC,30,30,1.0,0.96875,0.9078878783474992,0.9984891652377623,0.0,0.0,0.0,0.0
BIN::onemax::n=150::seed=923233963,onemax,bin,2000,0.0,HC(flips=2),HC,0,30,0.0,0.03125,0.0015641483604489424,0.09217533702495045,5.1,5.5,2.0,8.0
BIN::onemax::n=150::seed=923233963,onemax,bin,2000,0.0,"SA(T0=1.0,alpha=0.995,flips=1)",SA,30,30,1.0,0.96875,0.9140223025553668,0.9984026446585413,0.0,0.0,0.0,0.0
BIN::onemax::n=150::seed=923233963,onemax,bin,2000,0.0,"SA(T0=2.0,alpha=0.99,flips=1)",SA,30,30,1.0,0.96875,0.9063884122258246,0.9983397997254154,0.0,0.0,0.0,0.0
BIN::onemax::n=150::seed=923233963,onemax,bin,2000,0.0,"SA(T0=2.0,alpha=0.995,flips=2)",SA,0,30,0.0,0.03125,0.0015427536678069699,0.0859043029683317,5.833333333333333,6.0,3.0,9.0
BIN::onemax::n=150::seed=923233963,onemax,bin,2000,0.0,"GA(pop=50,pc=0.9,pm=0.02)",GA,0,30,0.0,0.03125,0.0015345370832601246,0.0939792120588832,27.433333333333334,28.0,22.0,30.0
BIN::onemax::n=150::seed=923233963,onemax,bin,2000,0.0,"GA(pop=50,pc=0.9,pm=0.05)",GA,0,30,0.0,0.03125,0.0013489025845476222,0.0924767352371461,38.63333333333333,39.0,32.0,42.0
BIN::onemax::n=150::seed=923233963,onemax,bin,2000,0.0,"GA(pop=100,pc=0.9,pm=0.02)",GA,0,30,0.0,0.03125,0.0015999720401951184,0.09095268984147195,34.666666666666664,35.0,29.0,38.0
BIN::onemax::n=150::seed=923233963,onemax,bin,2000,0.0,TABU(tenure=7),TABU,0,30,0.0,0.03125,0.0014929158287790968,0.09455297777566798,6.566666666666666,6.0,4.0,10.0
BIN::onemax::n=150::seed=923233963,onemax,bin,2000,0.0,"UMDA(pop=50,elite=0.2)",UMDA,29,30,0.9666666666666667,0.9375,0.8630236958401433,0.9883336305872924,0.03333333333333333,0.0,0.0,1.0
BIN::onemax::n=150::seed=923233963,onemax,bin,2000,0.0,"UMDA(pop=100,elite=0.2)",UMDA,30,30,1.0,0.96875,0.909827382078663,0.9984056641679145,0.0,0.0,0.0,0.0
BIN::onemax::n=150::seed=923233963,onemax,bin,2000,0.0,TABU(tenure=12),TABU,0,30,0.0,0.03125,0.001609352543826918,0.09245116978985929,8.8,9.0,4.0,12.0
BIN::onemax::n=50::seed=598392107,onemax,bin,2000,0.0,RS_BIN,RS_BIN,0,30,0.0,0.03125,0.0016028769682318882,0.09822758633010928,12.8,13.0,10.0,15.0
BIN::onemax::n=50::seed=598392107,onemax,bin,2000,0.0,HC(flips=1),HC,30,30,1.0,0.96875,0.9071110554310082,0.9982825205161003,0.0,0.0,0.0,0.0
BIN::onemax::n=50::seed=598392107,onemax,bin,2000,0.0,HC(flips=2),HC,7,30,0.23333333333333334,0.25,0.13397527546516597,0.38402987252377,1.1333333333333333,1.0,0.0,3.0
BIN::onemax::n=50::seed=598392107,onemax,bin,2000,0.0,"SA(T0=1.0,alpha=0.995,flips=1)",SA,30,30,1.0,0.96875,0.9058611253259576,0.9984073199759611,0.0,0.0,0.0,0.0
BIN::onemax::n=50::seed=598392107,onemax,bin,2000,0.0,"SA(T0=2.0,alpha=0.99,flips=1)",SA,30,30,1.0,0.96875,0.9062328976545073,0.9985608420497931,0.0,0.0,0.0,0.0
BIN::onemax::n=50::seed=598392107,onemax,bin,2000,0.0,"SA(T0=2.0,alpha=0.995,flips=2)",SA,9,30,0.3,0.3125,0.19459303196785485,0.4490226419619466,0.9,1.0,0.0,3.0
BIN::onemax::n=50::seed=598392107,onemax,bin,2000,0.0,"GA(pop=50,pc=0.9,pm=0.02)",GA,6,30,0.2,0.21875,0.11336821048230238,0.34553542455728903,1.1333333333333333,1.0,0.0,2.0
BIN::onemax::n=50::seed=598392107,onemax,bin,2000,0.0,"GA(pop=50,pc=0.9,pm=0.05)",GA,0,30,0.0,0.03125,0.0016420114506478835,0.09284012403950787,5.0,5.0,2.0,7.0
BIN::onemax::n=50::seed=598392107,onemax,bin,2000,0.0,"GA(pop=100,pc=0.9,pm=0.02)",GA,0,30,0.0,0.03125,0.0013968052265834216,0.09000679189865708,3.433333333333333,3.5,1.0,5.0
BIN::onemax::n=50::seed=598392107,onemax,bin,2000,0.0,TABU(tenure=7),TABU,2,30,0.06666666666666667,0.09375,0.027486724399982947,0.19145582600171515,1.4666666666666666,1.0,0.0,3.0
BIN::onemax::n=50::seed=598392107,onemax,bin,2000,0.0,"UMDA(pop=50,elite=0.2)",UMDA,30,30,1.0,0.96875,0.9091290675693477,0.9981153307409848,0.0,0.0,0.0,0.0
BIN::onemax::n=50::seed=598392107,onemax,bin,2000,0.0,"UMDA(pop=100,elite=0.2)",UMDA,30,30,1.0,0.96875,0.9116862456920616,0.9984271234395649,0.0,0.0,0.0,0.0
BIN::onemax::n=50::seed=598392107,onemax,bin,2000,0.0,TABU(tenure=12),TABU,1,30,0.03333333333333333,0.0625,0.01204952987350206,0.14267219107509743,2.3,2.0,0.0,4.0
BIN::knapsack01::n=150::seed=739972999,knapsack01,bin,2000,0.0,RS_BIN,RS_BIN,0,30,0.0,0.03125,0.0014414243857417965,0.09285650844157013,1687.8333333333333,1683.0,1555.0,1843.0
BIN::knapsack01::n=150::seed=739972999,knapsack01,bin,2000,0.0,HC(flips=1),HC,0,30,0.0,0.03125,0.0018351706734522502,0.08964645036093492,1307.7666666666667,1298.5,841.0,1956.0
BIN::knapsack01::n=150::seed=739972999,knapsack01,bin,2000,0.0,HC(flips=2),HC,0,30,0.0,0.03125,0.0020341702922897285,0.09163649858567789,168.2,173.0,99.0,254.0
BIN::knapsack01::n=150::seed=739972999,knapsack01,bin,2000,0.0,"SA(T0=1.0,alpha=0.995,flips=1)",SA,0,30,0.0,0.03125,0.0019566173704924665,0.09436586745466695,1273.3666666666666,1280.5,865.0,1781.0
BIN::knapsack01::n=150::seed=739972999,knapsack01,bin,2000,0.0,"SA(T0=2.0,alpha=0.99,flips=1)",SA,0,30,0.0,0.03125,0.0017693289131043325,0.09182353448146319,1309.9666666666667,1315.0,924.0,1792.0
BIN::knapsack01::n=150::seed=739972999,knapsack01,bin,2000,0.0,"SA(T0=2.0,alpha=0.995,flips=2)",SA,0,30,0.0,0.03125,0.0015121443477464198,0.09035544460987611,162.73333333333332,166.0,81.0,250.0
BIN::knapsack01::n=150::seed=739972999,knapsack01,bin,2000,0.0,"GA(pop=50,pc=0.9,pm=0.02)",GA,0,30,0.0,0.03125,0.002057493991638932,0.09507599164563492,941.1666666666666,939.0,703.0,1188.0
BIN::knapsack01::n=150::seed=739972999,knapsack01,bin,2000,0.0,"GA(pop=50,pc=0.9,pm=0.05)",GA,0,30,0.0,0.03125,0.0018292064297545372,0.09162523474041295,1225.8666666666666,1234.0,1061.0,1329.0
BIN::knapsack01::n=150::seed=739972999,knapsack01,bin,2000,0.0,"GA(pop=100,pc=0.9,pm=0.02)",GA,0,30,0.0,0.03125,0.0016326979370132682,0.09348817624932479,1148.5,1148.5,940.0,1305.0
BIN::knapsack01::n=150::seed=739972999,knapsack01,bin,2000,0.0,TABU(tenure=7),TABU,0,30,0.0,0.03125,0.0017574066733291426,0.08766876651950246,281.7,276.0,164.0,421.0
BIN::knapsack01::n=150::seed=739972999,knapsack01,bin,2000,0.0,"UMDA(pop=50,elite=0.2)",UMDA,0,30,0.0,0.03125,0.0015012767998117305,0.08724250727273569,153.9,155.0,77.0,275.0
BIN::knapsack01::n=150::seed=739972999,knapsack01,bin,2000,0.0,"UMDA(pop=100,elite=0.2)",UMDA,0,30,0.0,0.03125,0.0014379905121453917,0.09091384639567585,198.53333333333333,186.5,112.0,301.0
BIN::knapsack01::n=150::seed=739972999,knapsack01,bin,2000,0.0,TABU(tenure=12),TABU,0,30,0.0,0.03125,0.0017802494440317656,0.09535383445362107,337.43333333333334,331.0,230.0,480.0
BIN::leadingones::n=50::seed=805135989,leadingones,bin,2000,0.0,RS_BIN,RS_BIN,0,30,0.0,0.03125,0.0014583978207546654,0.08677002512093858,38.333333333333336,39.0,33.0,41.0
BIN::leadingones::n=50::seed=805135989,leadingones,bin,2000,0.0,HC(flips=1),HC,30,30,1.0,0.96875,0.9085180757527519,0.998464362467752,0.0,0.0,0.0,0.0
BIN::leadingones::n=50::seed=805135989,leadingones,bin,2000,0.0,HC(flips=2),HC,7,30,0.23333333333333334,0.25,0.1358899031837921,0.3784933187922711,2.6666666666666665,2.0,0.0,7.0
BIN::leadingones::n=50::seed=805135989,leadingones,bin,2000,0.0,"SA(T0=1.0,alpha=0.995,flips=1)",SA,30,30,1.0,0.96875,0.9131917715016847,0.9981648953784817,0.0,0.0,0.0,0.0
BIN::leadingones::n=50::seed=805135989,leadingones,bin,2000,0.0,"SA(T0=2.0,alpha=0.99,flips=1)",SA,28,30,0.9333333333333333,0.90625,0.8135614029831628,0.9740539421434968,0.23333333333333334,0.0,0.0,4.0
BIN::leadingones::n=50::seed=805135989,leadingones,bin,2000,0.0,"SA(T0=2.0,alpha=0.995,flips=2)",SA,6,30,0.2,0.21875,0.11642230521620935,0.34570924692560867,2.6,2.0,0.0,7.0
BIN::leadingones::n=50::seed=805135989,leadingones,bin,2000,0.0,"GA(pop=50,pc=0.9,pm=0.02)",GA,0,30,0.0,0.03125,0.001624639146974822,0.09495994183300804,29.866666666666667,30.0,24.0,37.0
BIN::leadingones::n=50::seed=805135989,leadingones,bin,2000,0.0,"GA(pop=50,pc=0.9,pm=0.05)",GA,0,30,0.0,0.03125,0.0016091573564625317,0.09100353485359394,32.8,33.5,27.0,37.0
BIN::leadingones::n=50::seed=805135989,leadingones,bin,2000,0.0,"GA(pop=100,pc=0.9,pm=0.02)",GA,0,30,0.0,0.03125,0.0017456828129781142,0.09349920250786488,34.06666666666667,34.0,27.0,40.0
BIN::leadingones::n=50::seed=805135989,leadingones,bin,2000,0.0,TABU(tenure=7),TABU,0,30,0.0,0.03125,0.0017795568822360247,0.09029300591774934,9.866666666666667,10.0,4.0,16.0
BIN::leadingones::n=50::seed=805135989,leadingones,bin,2000,0.0,"UMDA(pop=50,elite=0.2)",UMDA,0,30,0.0,0.03125,0.0018871135979997209,0.08530384653733991,15.966666666666667,15.5,2.0,25.0
BIN::leadingones::n=50::seed=805135989,leadingones,bin,2000,0.0,"UMDA(pop=100,elite=0.2)",UMDA,0,30,0.0,0.03125,0.0017896171022587753,0.09477549097939797,21.0,20.5,14.0,29.0
BIN::leadingones::n=50::seed=805135989,leadingones,bin,2000,0.0,TABU(tenure=12),TABU,0,30,0.0,0.03125,0.0018361307254691733,0.09260093057801409,13.3,13.0,3.0,21.0
BIN::onemax::n=100::seed=680876739,onemax,bin,2000,0.0,RS_BIN,RS_BIN,0,30,0.0,0.03125,0.001911974314596496,0.08931998683663554,33.2,33.0,27.0,35.0
BIN::onemax::n=100::seed=680876739,onemax,bin,2000,0.0,HC(flips=1),HC,30,30,1.0,0.96875,0.9053301129720148,0.998315788883322,0.0,0.0,0.0,0.0
BIN::onemax::n=100::seed=680876739,onemax,bin,2000,0.0,HC(flips=2),HC,3,30,0.1,0.125,0.046696990340357764,0.2344906621368513,2.466666666666667,2.0,0.0,5.0
BIN::onemax::n=100::seed=680876739,onemax,bin,2000,0.0,"SA(T0=1.0,alpha=0.995,flips=1)",SA,30,30,1.0,0.96875,0.9075733918530081,0.9985469187346373,0.0,0.0,0.0,0.0
BIN::onemax::n=100::seed=680876739,onemax,bin,2000,0.0,"SA(T0=2.0,alpha=0.99,flips=1)",SA,30,30,1.0,0.96875,0.908576474148736,0.9985986936264362,0.0,0.0,0.0,0.0
BIN::onemax::n=100::seed=680876739,onemax,bin,2000,0.0,"SA(T0=2.0,alpha=0.995,flips=2)",SA,1,30,0.03333333333333333,0.0625,0.010826010102776526,0.14221563243985116,2.6,2.5,0.0,5.0
BIN::onemax::n=100::seed=680876739,onemax,bin,2000,0.0,"GA(pop=50,pc=0.9,pm=0.02)",GA,0,30,0.0,0.03125,0.0018243662421747228,0.09051959903774369,12.2,12.0,9.0,18.0
BIN::onemax::n=100::seed=680876739,onemax,bin,2000,0.0,"GA(pop=50,pc=0.9,pm=0.05)",GA,0,30,0.0,0.03125,0.0017567693111121975,0.09174018932493357,20.366666666666667,20.0,18.0,23.0
BIN::onemax::n=100::seed=680876739,onemax,bin,2000,0.0,"GA(pop=100,pc=0.9,pm=0.02)",GA,0,30,0.0,0.03125,0.0015721487567536012,0.09423446145950862,17.3,17.5,14.0,21.0
BIN::onemax::n=100::seed=680876739,onemax,bin,2000,0.0,TABU(tenure=7),TABU,0,30,0.0,0.03125,0.0017009285160610732,0.09388460593302002,4.066666666666666,4.0,1.0,6.0
BIN::onemax::n=100::seed=680876739,onemax,bin,2000,0.0,"UMDA(pop=50,elite=0.2)",UMDA,30,30,1.0,0.96875,0.9070004263686049,0.9982882643030088,0.0,0.0,0.0,0.0
BIN::onemax::n=100::seed=680876739,onemax,bin,2000,0.0,"UMDA(pop=100,elite=0.2)",UMDA,30,30,1.0,0.96875,0.909425609886489,0.9980825783310089,0.0,0.0,0.0,0.0
BIN::onemax::n=100::seed=680876739,onemax,bin,2000,0.0,TABU(tenure=12),TABU,0,30,0.0,0.03125,0.0015113604313507457,0.09087475683921359,5.3,5.0,3.0,8.0
BIN::trap5::n=50::seed=17962035,trap5,bin,2000,0.0,RS_BIN,RS_BIN,0,30,0.0,0.03125,0.0018132116186668564,0.09370146073507135,19.166666666666668,19.5,16.0,22.0
BIN::trap5::n=50::seed=17962035,trap5,bin,2000,0.0,HC(flips=1),HC,0,30,0.0,0.03125,0.001804020598468275,0.09232389209346215,9.366666666666667,9.5,8.0,10.0
BIN::trap5::n=50::seed=17962035,trap5,bin,2000,0.0,HC(flips=2),HC,0,30,0.0,0.03125,0.0017401348008321592,0.09705599102064906,9.433333333333334,9.5,6.0,11.0
BIN::trap5::n=50::seed=17962035,trap5,bin,2000,0.0,"SA(T0=1.0,alpha=0.995,flips=1)",SA,0,30,0.0,0.03125,0.0019392693416387544,0.09272483646641143,9.033333333333333,9.0,7.0,10.0
BIN::trap5::n=50::seed=17962035,trap5,bin,2000,0.0,"SA(T0=2.0,alpha=0.99,flips=1)",SA,0,30,0.0,0.03125,0.002106581681315645,0.09150750606908023,8.866666666666667,9.0,6.0,10.0
BIN::trap5::n=50::seed=17962035,trap5,bin,2000,0.0,"SA(T0=2.0,alpha=0.995,flips=2)",SA,0,30,0.0,0.03125,0.0014847497833838511,0.09335885549148189,8.033333333333333,8.0,5.0,11.0
BIN::trap5::n=50::seed=17962035,trap5,bin,2000,0.0,"GA(pop=50,pc=0.9,pm=0.02)",GA,0,30,0.0,0.03125,0.0016607730844503388,0.09312237575528931,8.866666666666667,9.0,6.0,11.0
BIN::trap5::n=50::seed=17962035,trap5,bin,2000,0.0,"GA(pop=50,pc=0.9,pm=0.05)",GA,0,30,0.0,0.03125,0.0018175552812518879,0.09006613043157241,13.3,13.0,10.0,16.0
BIN::trap5::n=50::seed=17962035,trap5,bin,2000,0.0,"GA(pop=100,pc=0.9,pm=0.02)",GA,0,30,0.0,0.03125,0.0016872808941171035,0.09061350094769169,10.4,11.0,5.0,13.0
BIN::trap5::n=50::seed=17962035,trap5,bin,2000,0.0,TABU(tenure=7),TABU,0,30,0.0,0.03125,0.001829902558516083,0.0907689347368715,9.8,10.0,6.0,12.0
BIN::trap5::n=50::seed=17962035,trap5,bin,2000,0.0,"UMDA(pop=50,elite=0.2)",UMDA,0,30,0.0,0.03125,0.0017146407143015041,0.09598968467926666,9.333333333333334,9.0,8.0,10.0
BIN::trap5::n=50::seed=17962035,trap5,bin,2000,0.0,"UMDA(pop=100,elite=0.2)",UMDA,0,30,0.0,0.03125,0.0014388160925053752,0.09150719424468196,9.733333333333333,10.0,8.0,10.0
BIN::trap5::n=50::seed=17962035,trap5,bin,2000,0.0,TABU(tenure=12),TABU,0,30,0.0,0.03125,0.0018432444225286648,0.09441524877852714,9.833333333333334,10.0,5.0,13.0
BIN::leadingones::n=100::seed=939863473,leadingones,bin,2000,0.0,RS_BIN,RS_BIN,0,30,0.0,0.03125,0.001362116571698421,0.09597160522868865,89.66666666666667,90.0,87.0,92.0
BIN::leadingones::n=100::seed=939863473,leadingones,bin,2000,0.0,HC(flips=1),HC,0,30,0.0,0.03125,0.0016814033408346378,0.0917051581559357,59.666666666666664,59.0,45.0,81.0
BIN::leadingones::n=100::seed=939863473,leadingones,bin,2000,0.0,HC(flips=2),HC,0,30,0.0,0.03125,0.0015682339100323217,0.08861440875780907,42.733333333333334,41.0,31.0,60.0
BIN::leadingones::n=100::seed=939863473,leadingones,bin,2000,0.0,"SA(T0=1.0,alpha=0.995,flips=1)",SA,0,30,0.0,0.03125,0.0015417248688797847,0.09405955746200638,57.233333333333334,60.0,30.0,75.0
BIN::leadingones::n=100::seed=939863473,leadingones,bin,2000,0.0,"SA(T0=2.0,alpha=0.99,flips=1)",SA,0,30,0.0,0.03125,0.0016042345963208293,0.10447190476977465,61.86666666666667,60.5,42.0,80.0
BIN::leadingones::n=100::seed=939863473,leadingones,bin,2000,0.0,"SA(T0=2.0,alpha=0.995,flips=2)",SA,0,30,0.0,0.03125,0.001667655390151365,0.08615798985356843,46.96666666666667,45.0,32.0,69.0
BIN::leadingones::n=100::seed=939863473,leadingones,bin,2000,0.0,"GA(pop=50,pc=0.9,pm=0.02)",GA,0,30,0.0,0.03125,0.0013202793686653805,0.0901825002772233,79.83333333333333,79.5,73.0,85.0
BIN::leadingones::n=100::seed=939863473,leadingones,bin,2000,0.0,"GA(pop=50,pc=0.9,pm=0.05)",GA,0,30,0.0,0.03125,0.0019377716642638093,0.09690085273332964,82.0,82.5,75.0,85.0
BIN::leadingones::n=100::seed=939863473,leadingones,bin,2000,0.0,"GA(pop=100,pc=0.9,pm=0.02)",GA,0,30,0.0,0.03125,0.0018160249294205037,0.08919277304806354,85.23333333333333,86.0,80.0,90.0
BIN::leadingones::n=100::seed=939863473,leadingones,bin,2000,0.0,TABU(tenure=7),TABU,0,30,0.0,0.03125,0.00154817817035875,0.09276709412589229,58.03333333333333,59.5,32.0,75.0
BIN::leadingones::n=100::seed=939863473,leadingones,bin,2000,0.0,"UMDA(pop=50,elite=0.2)",UMDA,0,30,0.0,0.03125,0.0014936542912588674,0.0913392951128628,69.1,70.0,48.0,80.0
BIN::leadingones::n=100::seed=939863473,leadingones,bin,2000,0.0,"UMDA(pop=100,elite=0.2)",UMDA,0,30,0.0,0.03125,0.0018348743516942792,0.09205454453941246,70.36666666666666,69.5,61.0,81.0
BIN::leadingones::n=100::seed=939863473,leadingones,bin,2000,0.0,TABU(tenure=12),TABU,0,30,0.0,0.03125,0.0014841264237868928,0.09522327098961017,57.5,58.0,38.0,75.0
BIN::trap5::n=150::seed=493178950,trap5,bin,2000,0.0,RS_BIN,RS_BIN,0,30,0.0,0.03125,0.0013075525087090434,0.09782626515094289,76.0,76.5,68.0,80.0
BIN::trap5::n=150::seed=493178950,trap5,bin,2000,0.0,HC(flips=1),HC,0,30,0.0,0.03125,0.0018336004613161876,0.09064683173688665,28.033333333333335,28.0,25.0,30.0
BIN::trap5::n=150::seed=493178950,trap5,bin,2000,0.0,HC(flips=2),HC,0,30,0.0,0.03125,0.0018824215448570273,0.08711430761767949,31.666666666666668,32.0,24.0,37.0
BIN::trap5::n=150::seed=493178950,trap5,bin,2000,0.0,"SA(T0=1.0,alpha=0.995,flips=1)",SA,0,30,0.0,0.03125,0.0015566549232453313,0.09365767777126956,27.8,28.0,25.0,30.0
BIN::trap5::n=150::seed=493178950,trap5,bin,2000,0.0,"SA(T0=2.0,alpha=0.99,flips=1)",SA,0,30,0.0,0.03125,0.0018459347800065737,0.0945122832084126,27.133333333333333,27.0,25.0,29.0
BIN::trap5::n=150::seed=493178950,trap5,bin,2000,0.0,"SA(T0=2.0,alpha=0.995,flips=2)",SA,0,30,0.0,0.03125,0.0018269154756308777,0.09293200584092791,31.3,31.5,25.0,35.0
BIN::trap5::n=150::seed=493178950,trap5,bin,2000,0.0,"GA(pop=50,pc=0.9,pm=0.02)",GA,0,30,0.0,0.03125,0.0017957163837321237,0.09541700600821276,52.733333333333334,53.0,47.0,59.0
BIN::trap5::n=150::seed=493178950,trap5,bin,2000,0.0,"GA(pop=50,pc=0.9,pm=0.05)",GA,0,30,0.0,0.03125,0.0014890430416544603,0.09111832192700252,64.63333333333334,65.0,59.0,70.0
BIN::trap5::n=150::seed=493178950,trap5,bin,2000,0.0,"GA(pop=100,pc=0.9,pm=0.02)",GA,0,30,0.0,0.03125,0.001999986979442289,0.0896757935485859,57.166666666666664,58.0,48.0,64.0
BIN::trap5::n=150::seed=493178950,trap5,bin,2000,0.0,TABU(tenure=7),TABU,0,30,0.0,0.03125,0.001483746116474266,0.08895559238325386,34.43333333333333,34.0,30.0,42.0
BIN::trap5::n=150::seed=493178950,trap5,bin,2000,0.0,"UMDA(pop=50,elite=0.2)",UMDA,0,30,0.0,0.03125,0.0018223480903584385,0.09069972474451628,28.0,28.0,25.0,31.0
BIN::trap5::n=150::seed=493178950,trap5,bin,2000,0.0,"UMDA(pop=100,elite=0.2)",UMDA,0,30,0.0,0.03125,0.0015902776792095633,0.08915774221804333,29.066666666666666,29.0,27.0,31.0
BIN::trap5::n=150::seed=493178950,trap5,bin,2000,0.0,TABU(tenure=12),TABU,0,30,0.0,0.03125,0.00156850813024481,0.08823815424382989,35.0,35.0,30.0,40.0
BIN::knapsack01::n=50::seed=946330684,knapsack01,bin,2000,0.0,RS_BIN,RS_BIN,0,30,0.0,0.03125,0.0014443293544840574,0.09340126452356465,398.6333333333333,397.0,299.0,472.0
BIN::knapsack01::n=50::seed=946330684,knapsack01,bin,2000,0.0,HC(flips=1),HC,0,30,0.0,0.03125,0.0013858524085525825,0.09246062789080092,346.46666666666664,337.5,173.0,620.0
BIN::knapsack01::n=50::seed=946330684,knapsack01,bin,2000,0.0,HC(flips=2),HC,0,30,0.0,0.03125,0.0015002075999728662,0.09498779934038656,38.36666666666667,31.5,12.0,93.0
BIN::knapsack01::n=50::seed=946330684,knapsack01,bin,2000,0.0,"SA(T0=1.0,alpha=0.995,flips=1)",SA,0,30,0.0,0.03125,0.0016022591064416664,0.09375203781916425,341.03333333333336,323.5,161.0,566.0
BIN::knapsack01::n=50::seed=946330684,knapsack01,bin,2000,0.0,"SA(T0=2.0,alpha=0.99,flips=1)",SA,0,30,0.0,0.03125,0.001388889153414937,0.09024697851465759,308.23333333333335,297.5,59.0,578.0
BIN::knapsack01::n=50::seed=946330684,knapsack01,bin,2000,0.0,"SA(T0=2.0,alpha=0.995,flips=2)",SA,0,30,0.0,0.03125,0.0017608006462554112,0.08975578295955676,32.53333333333333,30.0,12.0,77.0
BIN::knapsack01::n=50::seed=946330684,knapsack01,bin,2000,0.0,"GA(pop=50,pc=0.9,pm=0.02)",GA,0,30,0.0,0.03125,0.00183551704944765,0.09333711714648285,99.43333333333334,103.5,43.0,175.0
BIN::knapsack01::n=50::seed=946330684,knapsack01,bin,2000,0.0,"GA(pop=50,pc=0.9,pm=0.05)",GA,0,30,0.0,0.03125,0.0019222251196492923,0.09308685544269402,203.26666666666668,203.5,116.0,259.0
BIN::knapsack01::n=50::seed=946330684,knapsack01,bin,2000,0.0,"GA(pop=100,pc=0.9,pm=0.02)",GA,0,30,0.0,0.03125,0.001370273670247334,0.09118496758351571,166.16666666666666,171.5,65.0,258.0
BIN::knapsack01::n=50::seed=946330684,knapsack01,bin,2000,0.0,TABU(tenure=7),TABU,0,30,0.0,0.03125,0.0015518891878439983,0.08906474798218303,46.46666666666667,47.5,12.0,82.0
BIN::knapsack01::n=50::seed=946330684,knapsack01,bin,2000,0.0,"UMDA(pop=50,elite=0.2)",UMDA,0,30,0.0,0.03125,0.0015556782325052978,0.09016360757986333,39.13333333333333,29.5,7.0,112.0
BIN::knapsack01::n=50::seed=946330684,knapsack01,bin,2000,0.0,"UMDA(pop=100,elite=0.2)",UMDA,0,30,0.0,0.03125,0.001636600893352582,0.0938080837221674,18.966666666666665,14.0,5.0,55.0
BIN::knapsack01::n=50::seed=946330684,knapsack01,bin,2000,0.0,TABU(tenure=12),TABU,0,30,0.0,0.03125,0.0014713516236025926,0.09066289925086331,61.93333333333333,62.5,22.0,99.0
BIN::onemax::n=50::seed=315182747,onemax,bin,2000,0.0,RS_BIN,RS_BIN,0,30,0.0,0.03125,0.0015537004413666243,0.09019417885348316,13.233333333333333,13.0,11.0,15.0
BIN::onemax::n=50::seed=315182747,onemax,bin,2000,0.0,HC(flips=1),HC,30,30,1.0,0.96875,0.9060939026385374,0.9981427575386124,0.0,0.0,0.0,0.0
BIN::onemax::n=50::seed=315182747,onemax,bin,2000,0.0,HC(flips=2),HC,10,30,0.3333333333333333,0.34375,0.2128106568618582,0.48109442209417136,0.9,1.0,0.0,2.0
BIN::onemax::n=50::seed=315182747,onemax,bin,2000,0.0,"SA(T0=1.0,alpha=0.995,flips=1)",SA,30,30,1.0,0.96875,0.9073139793744307,0.998423909406515,0.0,0.0,0.0,0.0
BIN::onemax::n=50::seed=315182747,onemax,bin,2000,0.0,"SA(T0=2.0,alpha=0.99,flips=1)",SA,30,30,1.0,0.96875,0.9073486496987319,0.9982579646417262,0.0,0.0,0.0,0.0
BIN::onemax::n=50::seed=315182747,onemax,bin,2000,0.0,"SA(T0=2.0,alpha=0.995,flips=2)",SA,11,30,0.36666666666666664,0.375,0.24629894000594663,0.5234010780382962,0.7666666666666667,1.0,0.0,2.0
BIN::onemax::n=50::seed=315182747,onemax,bin,2000,0.0,"GA(pop=50,pc=0.9,pm=0.02)",GA,10,30,0.3333333333333333,0.34375,0.2187771153356013,0.4893570373875619,0.8333333333333334,1.0,0.0,2.0
BIN::onemax::n=50::seed=315182747,onemax,bin,2000,0.0,"GA(pop=50,pc=0.9,pm=0.05)",GA,0,30,0.0,0.03125,0.001683774684162986,0.09296636788251768,5.233333333333333,5.0,3.0,7.0
BIN::onemax::n=50::seed=315182747,onemax,bin,2000,0.0,"GA(pop=100,pc=0.9,pm=0.02)",GA,0,30,0.0,0.03125,0.001630281799576518,0.09635960861648353,3.6333333333333333,4.0,2.0,6.0
BIN::onemax::n=50::seed=315182747,onemax,bin,2000,0.0,TABU(tenure=7),TABU,4,30,0.13333333333333333,0.15625,0.06532312967784906,0.2636630509884535,1.4,1.0,0.0,3.0
BIN::onemax::n=50::seed=315182747,onemax,bin,2000,0.0,"UMDA(pop=50,elite=0.2)",UMDA,30,30,1.0,0.96875,0.9077920298484307,0.99834600512897,0.0,0.0,0.0,0.0
BIN::onemax::n=50::seed=315182747,onemax,bin,2000,0.0,"UMDA(pop=100,elite=0.2)",UMDA,30,30,1.0,0.96875,0.9075799788506079,0.9986456512468742,0.0,0.0,0.0,0.0
BIN::onemax::n=50::seed=315182747,onemax,bin,2000,0.0,TABU(tenure=12),TABU,1,30,0.03333333333333333,0.0625,0.011331105309487888,0.14277332133281007,2.066666666666667,2.0,0.0,4.0
BIN::leadingones::n=100::seed=404167253,leadingones,bin,2000,0.0,RS_BIN,RS_BIN,0,30,0.0,0.03125,0.0018567842207052605,0.08872970226106905,88.7,89.5,82.0,91.0
BIN::leadingones::n=100::seed=404167253,leadingones,bin,2000,0.0,HC(flips=1),HC,0,30,0.0,0.03125,0.001703362638179259,0.09072687130402317,57.733333333333334,57.5,41.0,82.0
BIN::leadingones::n=100::seed=404167253,leadingones,bin,2000,0.0,HC(flips=2),HC,0,30,0.0,0.03125,0.0017719884085687033,0.08852228909035106,42.833333333333336,45.0,25.0,65.0
BIN::leadingones::n=100::seed=404167253,leadingones,bin,2000,0.0,"SA(T0=1.0,alpha=0.995,flips=1)",SA,0,30,0.0,0.03125,0.002001965347302787,0.09723721564061932,59.03333333333333,59.0,39.0,84.0
BIN::leadingones::n=100::seed=404167253,leadingones,bin,2000,0.0,"SA(T0=2.0,alpha=0.99,flips=1)",SA,0,30,0.0,0.03125,0.001971595058183954,0.09372806519814997,58.233333333333334,58.0,32.0,78.0
BIN::leadingones::n=100::seed=404167253,leadingones,bin,2000,0.0,"SA(T0=2.0,alpha=0.995,flips=2)",SA,0,30,0.0,0.03125,0.0014461286473901696,0.08837768269368229,49.03333333333333,49.0,30.0,65.0
BIN::leadingones::n=100::seed=404167253,leadingones,bin,2000,0.0,"GA(pop=50,pc=0.9,pm=0.02)",GA,0,30,0.0,0.03125,0.0018228678917647236,0.090977269534037,80.86666666666666,81.0,74.0,87.0
BIN::leadingones::n=100::seed=404167253,leadingones,bin,2000,0.0,"GA(pop=50,pc=0.9,pm=0.05)",GA,0,30,0.0,0.03125,0.0015628985916589014,0.09311296839580036,82.5,82.5,79.0,87.0
BIN::leadingones::n=100::seed=404167253,leadingones,bin,2000,0.0,"GA(pop=100,pc=0.9,pm=0.02)",GA,0,30,0.0,0.03125,0.0017451266547239446,0.0931627323927277,84.3,84.0,78.0,92.0
BIN::leadingones::n=100::seed=404167253,leadingones,bin,2000,0.0,TABU(tenure=7),TABU,0,30,0.0,0.03125,0.0016423101031678312,0.090865430511746,58.5,57.5,34.0,78.0
BIN::leadingones::n=100::seed=404167253,leadingones,bin,2000,0.0,"UMDA(pop=50,elite=0.2)",UMDA,0,30,0.0,0.03125,0.0019420940119267954,0.09242588557272484,65.53333333333333,68.5,48.0,77.0
BIN::leadingones::n=100::seed=404167253,leadingones,bin,2000,0.0,"UMDA(pop=100,elite=0.2)",UMDA,0,30,0.0,0.03125,0.0018455361732127055,0.08979043277384095,69.0,68.5,59.0,79.0
BIN::leadingones::n=100::seed=404167253,leadingones,bin,2000,0.0,TABU(tenure=12),TABU,0,30,0.0,0.03125,0.0015959234405818758,0.09326832087504619,55.733333333333334,56.0,35.0,72.0
BIN::leadingones::n=150::seed=941005994,leadingones,bin,2000,0.0,RS_BIN,RS_BIN,0,30,0.0,0.03125,0.001700403980644865,0.09289266995502621,138.8,139.0,135.0,141.0
BIN::leadingones::n=150::seed=941005994,leadingones,bin,2000,0.0,HC(flips=1),HC,0,30,0.0,0.03125,0.0013333005735635646,0.09351353367996001,122.66666666666667,123.0,107.0,138.0
BIN::leadingones::n=150::seed=941005994,leadingones,bin,2000,0.0,HC(flips=2),HC,0,30,0.0,0.03125,0.0014909719355377603,0.08753269720722798,104.93333333333334,104.5,91.0,119.0
BIN::leadingones::n=150::seed=941005994,leadingones,bin,2000,0.0,"SA(T0=1.0,alpha=0.995,flips=1)",SA,0,30,0.0,0.03125,0.001769365646647499,0.09171785812166763,119.6,120.5,102.0,130.0
BIN::leadingones::n=150::seed=941005994,leadingones,bin,2000,0.0,"SA(T0=2.0,alpha=0.99,flips=1)",SA,0,30,0.0,0.03125,0.0017503027331284356,0.0955346942468076,123.43333333333334,125.5,107.0,136.0
BIN::leadingones::n=150::seed=941005994,leadingones,bin,2000,0.0,"SA(T0=2.0,alpha=0.995,flips=2)",SA,0,30,0.0,0.03125,0.0015226672831730583,0.08779318277088402,105.93333333333334,104.0,84.0,128.0
BIN::leadingones::n=150::seed=941005994,leadingones,bin,2000,0.0,"GA(pop=50,pc=0.9,pm=0.02)",GA,0,30,0.0,0.03125,0.0017712462625727764,0.09294028063113967,130.03333333333333,130.0,122.0,136.0
BIN::leadingones::n=150::seed=941005994,leadingones,bin,2000,0.0,"GA(pop=50,pc=0.9,pm=0.05)",GA,0,30,0.0,0.03125,0.001698543789115083,0.08956562444602004,132.66666666666666,133.0,127.0,138.0
BIN::leadingones::n=150::seed=941005994,leadingones,bin,2000,0.0,"GA(pop=100,pc=0.9,pm=0.02)",GA,0,30,0.0,0.03125,0.00169988768612765,0.09159532058551514,135.46666666666667,136.0,131.0,139.0
BIN::leadingones::n=150::seed=941005994,leadingones,bin,2000,0.0,TABU(tenure=7),TABU,0,30,0.0,0.03125,0.0014010815474944692,0.08932039287592505,121.76666666666667,123.5,99.0,137.0
BIN::leadingones::n=150::seed=941005994,leadingones,bin,2000,0.0,"UMDA(pop=50,elite=0.2)",UMDA,0,30,0.0,0.03125,0.001514211596659641,0.08940100352212768,115.36666666666666,115.0,96.0,128.0
BIN::leadingones::n=150::seed=941005994,leadingones,bin,2000,0.0,"UMDA(pop=100,elite=0.2)",UMDA,0,30,0.0,0.03125,0.001711048890657581,0.09500410079946102,119.9,120.0,109.0,129.0
BIN::leadingones::n=150::seed=941005994,leadingones,bin,2000,0.0,TABU(tenure=12),TABU,0,30,0.0,0.03125,0.0017945858818133574,0.09020342661010115,120.7,120.0,88.0,136.0
BIN::leadingones::n=100::seed=935888545,leadingones,bin,2000,0.0,RS_BIN,RS_BIN,0,30,0.0,0.03125,0.0018813507237177424,0.09093057979236285,88.7,89.0,84.0,92.0
BIN::leadingones::n=100::seed=935888545,leadingones,bin,2000,0.0,HC(flips=1),HC,0,30,0.0,0.03125,0.0016407667225102815,0.0893374317509722,59.9,61.0,30.0,83.0
BIN::leadingones::n=100::seed=935888545,leadingones,bin,2000,0.0,HC(flips=2),HC,0,30,0.0,0.03125,0.0018452644252192102,0.08922258240233377,45.3,44.0,31.0,64.0
BIN::leadingones::n=100::seed=935888545,leadingones,bin,2000,0.0,"SA(T0=1.0,alpha=0.995,flips=1)",SA,0,30,0.0,0.03125,0.0017714870034205273,0.09116006787591492,58.36666666666667,60.5,24.0,78.0
BIN::leadingones::n=100::seed=935888545,leadingones,bin,2000,0.0,"SA(T0=2.0,alpha=0.99,flips=1)",SA,0,30,0.0,0.03125,0.0014461168443785082,0.08620368018043222,63.2,61.5,49.0,79.0
BIN::leadingones::n=100::seed=935888545,leadingones,bin,2000,0.0,"SA(T0=2.0,alpha=0.995,flips=2)",SA,0,30,0.0,0.03125,0.0016590566009062656,0.09176665175387992,44.0,45.0,28.0,56.0
BIN::leadingones::n=100::seed=935888545,leadingones,bin,2000,0.0,"GA(pop=50,pc=0.9,pm=0.02)",GA,0,30,0.0,0.03125,0.0017909647928597997,0.09562471852397442,79.53333333333333,79.5,72.0,86.0
BIN::leadingones::n=100::seed=935888545,leadingones,bin,2000,0.0,"GA(pop=50,pc=0.9,pm=0.05)",GA,0,30,0.0,0.03125,0.0018662149590443489,0.09303100927029746,83.0,83.0,79.0,86.0
BIN::leadingones::n=100::seed=935888545,leadingones,bin,2000,0.0,"GA(pop=100,pc=0.9,pm=0.02)",GA,0,30,0.0,0.03125,0.0012850299950356275,0.0920650312077796,83.26666666666667,84.0,76.0,89.0
BIN::leadingones::n=100::seed=935888545,leadingones,bin,2000,0.0,TABU(tenure=7),TABU,0,30,0.0,0.03125,0.0015048642739115062,0.09224859751068189,59.13333333333333,59.5,45.0,77.0
BIN::leadingones::n=100::seed=935888545,leadingones,bin,2000,0.0,"UMDA(pop=50,elite=0.2)",UMDA,0,30,0.0,0.03125,0.0017316716323225595,0.09307854629830457,63.56666666666667,64.0,48.0,76.0
BIN::leadingones::n=100::seed=935888545,leadingones,bin,2000,0.0,"UMDA(pop=100,elite=0.2)",UMDA,0,30,0.0,0.03125,0.0014935859443903471,0.09326788333497575,69.06666666666666,69.5,55.0,78.0
BIN::leadingones::n=100::seed=935888545,leadingones,bin,2000,0.0,TABU(tenure=12),TABU,0,30,0.0,0.03125,0.001695030930006438,0.09461246422179848,60.2,59.5,35.0,80.0
BIN::knapsack01::n=100::seed=314319628,knapsack01,bin,2000,0.0,RS_BIN,RS_BIN,0,30,0.0,0.03125,0.0016014448482959648,0.09208025015531873,1071.3,1084.5,936.0,1181.0
BIN::knapsack01::n=100::seed=314319628,knapsack01,bin,2000,0.0,HC(flips=1),HC,0,30,0.0,0.03125,0.0015466824408091244,0.0881013983055929,710.0,716.0,356.0,1137.0
BIN::knapsack01::n=100::seed=314319628,knapsack01,bin,2000,0.0,HC(flips=2),HC,0,30,0.0,0.03125,0.001558803775113095,0.09528984856920561,87.43333333333334,82.5,24.0,176.0
BIN::knapsack01::n=100::seed=314319628,knapsack01,bin,2000,0.0,"SA(T0=1.0,alpha=0.995,flips=1)",SA,0,30,0.0,0.03125,0.001381895099958854,0.09428086419386332,771.3,773.0,444.0,1094.0
BIN::knapsack01::n=100::seed=314319628,knapsack01,bin,2000,0.0,"SA(T0=2.0,alpha=0.99,flips=1)",SA,0,30,0.0,0.03125,0.001577891384886036,0.09050664245984465,722.0666666666667,727.0,380.0,1013.0
BIN::knapsack01::n=100::seed=314319628,knapsack01,bin,2000,0.0,"SA(T0=2.0,alpha=0.995,flips=2)",SA,0,30,0.0,0.03125,0.0018128833997184408,0.09248738261102309,73.3,67.5,32.0,136.0
BIN::knapsack01::n=100::seed=314319628,knapsack01,bin,2000,0.0,"GA(pop=50,pc=0.9,pm=0.02)",GA,0,30,0.0,0.03125,0.001631932683623368,0.09264160179578282,454.8,453.0,294.0,587.0
BIN::knapsack01::n=100::seed=314319628,knapsack01,bin,2000,0.0,"GA(pop=50,pc=0.9,pm=0.05)",GA,0,30,0.0,0.03125,0.001625912566063322,0.08881512581321667,698.3333333333334,690.5,551.0,866.0
BIN::knapsack01::n=100::seed=314319628,knapsack01,bin,2000,0.0,"GA(pop=100,pc=0.9,pm=0.02)",GA,0,30,0.0,0.03125,0.0017712947916288296,0.09083426314717513,592.0,583.0,471.0,753.0
BIN::knapsack01::n=100::seed=314319628,knapsack01,bin,2000,0.0,TABU(tenure=7),TABU,0,30,0.0,0.03125,0.0015148463670904692,0.08999893685371194,184.53333333333333,189.0,113.0,285.0
BIN::knapsack01::n=100::seed=314319628,knapsack01,bin,2000,0.0,"UMDA(pop=50,elite=0.2)",UMDA,0,30,0.0,0.03125,0.0021240405292951756,0.09193401129833852,104.1,92.0,29.0,328.0
BIN::knapsack01::n=100::seed=314319628,knapsack01,bin,2000,0.0,"UMDA(pop=100,elite=0.2)",UMDA,0,30,0.0,0.03125,0.0016306931105707994,0.09209070848040765,66.96666666666667,64.0,11.0,137.0
BIN::knapsack01::n=100::seed=314319628,knapsack01,bin,2000,0.0,TABU(tenure=12),TABU,0,30,0.0,0.03125,0.0016227902302494077,0.09322285846472964,205.03333333333333,204.0,129.0,301.0
BIN::trap5::n=150::seed=877446483,trap5,bin,2000,0.0,RS_BIN,RS_BIN,0,30,0.0,0.03125,0.0017243691509474034,0.09819502782548716,76.06666666666666,76.0,71.0,81.0
BIN::trap5::n=150::seed=877446483,trap5,bin,2000,0.0,HC(flips=1),HC,0,30,0.0,0.03125,0.0017025502622147605,0.09109581711149196,28.1,28.0,26.0,30.0
BIN::trap5::n=150::seed=877446483,trap5,bin,2000,0.0,HC(flips=2),HC,0,30,0.0,0.03125,0.0015338590497477316,0.0923569667950238,31.3,31.0,26.0,37.0
BIN::trap5::n=150::seed=877446483,trap5,bin,2000,0.0,"SA(T0=1.0,alpha=0.995,flips=1)",SA,0,30,0.0,0.03125,0.0018315883524009696,0.09445868363877309,27.633333333333333,27.5,24.0,30.0
BIN::trap5::n=150::seed=877446483,trap5,bin,2000,0.0,"SA(T0=2.0,alpha=0.99,flips=1)",SA,0,30,0.0,0.03125,0.001964282317768913,0.09368495349650723,27.433333333333334,28.0,23.0,30.0
BIN::trap5::n=150::seed=877446483,trap5,bin,2000,0.0,"SA(T0=2.0,alpha=0.995,flips=2)",SA,0,30,0.0,0.03125,0.0017775918498818264,0.09073891180219291,30.1,30.0,24.0,35.0
BIN::trap5::n=150::seed=877446483,trap5,bin,2000,0.0,"GA(pop=50,pc=0.9,pm=0.02)",GA,0,30,0.0,0.03125,0.0018772243584545614,0.09187862135131437,53.4,53.5,49.0,58.0
BIN::trap5::n=150::seed=877446483,trap5,bin,2000,0.0,"GA(pop=50,pc=0.9,pm=0.05)",GA,0,30,0.0,0.03125,0.0015924126498366943,0.09108062975450301,64.5,65.0,59.0,67.0
BIN::trap5::n=150::seed=877446483,trap5,bin,2000,0.0,"GA(pop=100,pc=0.9,pm=0.02)",GA,0,30,0.0,0.03125,0.0020324272686539427,0.09410979275727714,57.36666666666667,58.0,52.0,62.0
BIN::trap5::n=150::seed=877446483,trap5,bin,2000,0.0,TABU(tenure=7),TABU,0,30,0.0,0.03125,0.0016812743740298908,0.09420954154072916,33.3,33.0,28.0,38.0
BIN::trap5::n=150::seed=877446483,trap5,bin,2000,0.0,"UMDA(pop=50,elite=0.2)",UMDA,0,30,0.0,0.03125,0.0018489102743210648,0.08870758651287015,27.933333333333334,28.0,23.0,30.0
BIN::trap5::n=150::seed=877446483,trap5,bin,2000,0.0,"UMDA(pop=100,elite=0.2)",UMDA,0,30,0.0,0.03125,0.0016119497745782176,0.09367341143957496,29.2,29.0,25.0,31.0
BIN::trap5::n=150::seed=877446483,trap5,bin,2000,0.0,TABU(tenure=12),TABU,0,30,0.0,0.03125,0.0019101975400166312,0.08967441709024211,35.666666666666664,36.0,32.0,40.0
BIN::onemax::n=50::seed=531544579,onemax,bin,2000,0.0,RS_BIN,RS_BIN,0,30,0.0,0.03125,0.001678874318585996,0.09027285647340393,13.433333333333334,13.0,12.0,15.0
BIN::onemax::n=50::seed=531544579,onemax,bin,2000,0.0,HC(flips=1),HC,30,30,1.0,0.96875,0.9078256980176321,0.9981294926782651,0.0,0.0,0.0,0.0
BIN::onemax::n=50::seed=531544579,onemax,bin,2000,0.0,HC(flips=2),HC,12,30,0.4,0.40625,0.27638632766748,0.5566465530897127,0.7666666666666667,1.0,0.0,2.0
BIN::onemax::n=50::seed=531544579,onemax,bin,2000,0.0,"SA(T0=1.0,alpha=0.995,flips=1)",SA,30,30,1.0,0.96875,0.910564165272521,0.9985094079051163,0.0,0.0,0.0,0.0
BIN::onemax::n=50::seed=531544579,onemax,bin,2000,0.0,"SA(T0=2.0,alpha=0.99,flips=1)",SA,30,30,1.0,0.96875,0.9062245414198413,0.998479702872934,0.0,0.0,0.0,0.0
BIN::onemax::n=50::seed=531544579,onemax,bin,2000,0.0,"SA(T0=2.0,alpha=0.995,flips=2)",SA,14,30,0.4666666666666667,0.46875,0.3345932424021808,0.6092058435151223,0.7333333333333333,1.0,0.0,2.0
BIN::onemax::n=50::seed=531544579,onemax,bin,2000,0.0,"GA(pop=50,pc=0.9,pm=0.02)",GA,8,30,0.26666666666666666,0.28125,0.1553860545316224,0.41436728617034196,0.9666666666666667,1.0,0.0,2.0
BIN::onemax::n=50::seed=531544579,onemax,bin,2000,0.0,"GA(pop=50,pc=0.9,pm=0.05)",GA,0,30,0.0,0.03125,0.0017227251241418023,0.09561740271100931,4.766666666666667,5.0,3.0,7.0
BIN::onemax::n=50::seed=531544579,onemax,bin,2000,0.0,"GA(pop=100,pc=0.9,pm=0.02)",GA,0,30,0.0,0.03125,0.001455803840796335,0.09034927931109941,3.566666666666667,4.0,2.0,5.0
BIN::onemax::n=50::seed=531544579,onemax,bin,2000,0.0,TABU(tenure=7),TABU,6,30,0.2,0.21875,0.10948261906735392,0.3521715582802647,1.2,1.0,0.0,3.0
BIN::onemax::n=50::seed=531544579,onemax,bin,2000,0.0,"UMDA(pop=50,elite=0.2)",UMDA,30,30,1.0,0.96875,0.9147027849627037,0.9983603712103685,0.0,0.0,0.0,0.0
BIN::onemax::n=50::seed=531544579,onemax,bin,2000,0.0,"UMDA(pop=100,elite=0.2)",UMDA,30,30,1.0,0.96875,0.9027790029704731,0.9984841584276709,0.0,0.0,0.0,0.0
BIN::onemax::n=50::seed=531544579,onemax,bin,2000,0.0,TABU(tenure=12),TABU,1,30,0.03333333333333333,0.0625,0.011811053706130064,0.1411336791154936,2.3666666666666667,2.0,0.0,5.0
BIN::knapsack01::n=100::seed=245094050,knapsack01,bin,2000,0.0,RS_BIN,RS_BIN,0,30,0.0,0.03125,0.0015469694369720812,0.09459480162647965,1063.3333333333333,1068.0,949.0,1199.0
BIN::knapsack01::n=100::seed=245094050,knapsack01,bin,2000,0.0,HC(flips=1),HC,0,30,0.0,0.03125,0.0016938027436545935,0.08878341514583522,973.5333333333333,950.5,496.0,1615.0
BIN::knapsack01::n=100::seed=245094050,knapsack01,bin,2000,0.0,HC(flips=2),HC,0,30,0.0,0.03125,0.001975013724383467,0.09395601867975235,91.96666666666667,86.5,45.0,164.0
BIN::knapsack01::n=100::seed=245094050,knapsack01,bin,2000,0.0,"SA(T0=1.0,alpha=0.995,flips=1)",SA,0,30,0.0,0.03125,0.0018211242428628305,0.10143620494281433,953.8666666666667,910.5,642.0,1489.0
BIN::knapsack01::n=100::seed=245094050,knapsack01,bin,2000,0.0,"SA(T0=2.0,alpha=0.99,flips=1)",SA,0,30,0.0,0.03125,0.0015582973326517086,0.08995123204696442,964.8333333333334,946.5,580.0,1346.0
BIN::knapsack01::n=100::seed=245094050,knapsack01,bin,2000,0.0,"SA(T0=2.0,alpha=0.995,flips=2)",SA,0,30,0.0,0.03125,0.0016103046572559505,0.09251090524849417,98.36666666666666,101.0,37.0,171.0
BIN::knapsack01::n=100::seed=245094050,knapsack01,bin,2000,0.0,"GA(pop=50,pc=0.9,pm=0.02)",GA,0,30,0.0,0.03125,0.0016221924614561666,0.09314996899513169,502.73333333333335,501.5,348.0,660.0
BIN::knapsack01::n=100::seed=245094050,knapsack01,bin,2000,0.0,"GA(pop=50,pc=0.9,pm=0.05)",GA,0,30,0.0,0.03125,0.0019581779105702917,0.08951545606817057,733.3666666666667,740.5,561.0,848.0
BIN::knapsack01::n=100::seed=245094050,knapsack01,bin,2000,0.0,"GA(pop=100,pc=0.9,pm=0.02)",GA,0,30,0.0,0.03125,0.0015794964198434826,0.08631801290586322,652.4333333333333,641.5,490.0,799.0
BIN::knapsack01::n=100::seed=245094050,knapsack01,bin,2000,0.0,TABU(tenure=7),TABU,0,30,0.0,0.03125,0.0016207838844194064,0.09440190631617006,190.2,190.5,64.0,275.0
BIN::knapsack01::n=100::seed=245094050,knapsack01,bin,2000,0.0,"UMDA(pop=50,elite=0.2)",UMDA,0,30,0.0,0.03125,0.0016494924819216072,0.08781673513599317,105.96666666666667,109.5,24.0,212.0
BIN::knapsack01::n=100::seed=245094050,knapsack01,bin,2000,0.0,"UMDA(pop=100,elite=0.2)",UMDA,0,30,0.0,0.03125,0.0016654353366816936,0.09376076802027136,64.53333333333333,58.5,21.0,114.0
BIN::knapsack01::n=100::seed=245094050,knapsack01,bin,2000,0.0,TABU(tenure=12),TABU,0,30,0.0,0.03125,0.001681459506267449,0.08953706172780462,212.2,206.5,140.0,321.0
BIN::knapsack01::n=50::seed=302088004,knapsack01,bin,2000,0.0,RS_BIN,RS_BIN,0,30,0.0,0.03125,0.0013679780147472505,0.09144372363410005,396.06666666666666,406.0,265.0,468.0
BIN::knapsack01::n=50::seed=302088004,knapsack01,bin,2000,0.0,HC(flips=1),HC,0,30,0.0,0.03125,0.0016223063364349329,0.08883326546054458,417.1666666666667,430.0,128.0,670.0
BIN::knapsack01::n=50::seed=302088004,knapsack01,bin,2000,0.0,HC(flips=2),HC,0,30,0.0,0.03125,0.0016629051065364235,0.09237843915810769,44.4,43.5,10.0,106.0
BIN::knapsack01::n=50::seed=302088004,knapsack01,bin,2000,0.0,"SA(T0=1.0,alpha=0.995,flips=1)",SA,0,30,0.0,0.03125,0.0018245229867613288,0.08883721618863892,412.4,397.0,241.0,648.0
BIN::knapsack01::n=50::seed=302088004,knapsack01,bin,2000,0.0,"SA(T0=2.0,alpha=0.99,flips=1)",SA,0,30,0.0,0.03125,0.0016823857454356338,0.09197150523588196,486.7,505.0,185.0,763.0
BIN::knapsack01::n=50::seed=302088004,knapsack01,bin,2000,0.0,"SA(T0=2.0,alpha=0.995,flips=2)",SA,0,30,0.0,0.03125,0.0016652451209857005,0.09325788150819553,37.53333333333333,34.0,9.0,83.0
BIN::knapsack01::n=50::seed=302088004,knapsack01,bin,2000,0.0,"GA(pop=50,pc=0.9,pm=0.02)",GA,0,30,0.0,0.03125,0.0018362367029618834,0.09866296332789527,110.56666666666666,109.0,48.0,184.0
BIN::knapsack01::n=50::seed=302088004,knapsack01,bin,2000,0.0,"GA(pop=50,pc=0.9,pm=0.05)",GA,0,30,0.0,0.03125,0.002066775202158847,0.0970579648037805,191.16666666666666,196.0,147.0,283.0
BIN::knapsack01::n=50::seed=302088004,knapsack01,bin,2000,0.0,"GA(pop=100,pc=0.9,pm=0.02)",GA,0,30,0.0,0.03125,0.0017683411405205645,0.09342946615015346,166.13333333333333,158.5,99.0,269.0
BIN::knapsack01::n=50::seed=302088004,knapsack01,bin,2000,0.0,TABU(tenure=7),TABU,0,30,0.0,0.03125,0.0018127262152889596,0.08727474254725412,58.46666666666667,58.5,11.0,104.0
BIN::knapsack01::n=50::seed=302088004,knapsack01,bin,2000,0.0,"UMDA(pop=50,elite=0.2)",UMDA,1,30,0.03333333333333333,0.0625,0.011908802058037158,0.14730604180933246,56.53333333333333,56.0,0.0,106.0
BIN::knapsack01::n=50::seed=302088004,knapsack01,bin,2000,0.0,"UMDA(pop=100,elite=0.2)",UMDA,2,30,0.06666666666666667,0.09375,0.02672682393850326,0.1856645065559846,16.333333333333332,12.0,0.0,58.0
BIN::knapsack01::n=50::seed=302088004,knapsack01,bin,2000,0.0,TABU(tenure=12),TABU,0,30,0.0,0.03125,0.00191500186939247,0.08930015806530502,82.56666666666666,80.5,50.0,142.0
"CONT::rosenbrock::d=5::b=(-10.0,10.0)::seed=641458220",rosenbrock,cont,2000,0.01,RS_CONT,RS_CONT,0,30,0.0,0.03125,0.0017059185637626397,0.09414443356898966,1646.4662358004923,1256.1572790999912,183.6583196803645,4576.916172130052
"CONT::rosenbrock::d=5::b=(-10.0,10.0)::seed=641458220",rosenbrock,cont,2000,0.01,HC_CONT(sigma=0.2),HC_CONT,0,30,0.0,0.03125,0.0017166836893942395,0.0942811675791248,15.231628551715678,3.0971879715448805,1.073519236409342,226.06260374804043
"CONT::rosenbrock::d=5::b=(-10.0,10.0)::seed=641458220",rosenbrock,cont,2000,0.01,"SA_CONT(sigma=0.3,T0=1.0,alpha=0.995)",SA_CONT,0,30,0.0,0.03125,0.0016419096977807672,0.09274268740701445,8.953212129493977,3.7464815960597346,1.2279218524039928,156.04551093655465
"CONT::rosenbrock::d=5::b=(-10.0,10.0)::seed=641458220",rosenbrock,cont,2000,0.01,"DE(pop=20,F=0.8,CR=0.9)",DE,0,30,0.0,0.03125,0.001596135395897472,0.09499677102305541,2.370706590287273,2.0048388048159054,0.5587853905027851,5.953151372376125
"CONT::rosenbrock::d=5::b=(-10.0,10.0)::seed=641458220",rosenbrock,cont,2000,0.01,"DE(pop=40,F=0.8,CR=0.9)",DE,0,30,0.0,0.03125,0.0018465388209668518,0.09001018296163535,35.57752539974315,28.278816267372516,4.595610953645455,120.28999162410872
"CONT::rosenbrock::d=5::b=(-10.0,10.0)::seed=641458220",rosenbrock,cont,2000,0.01,"PSO_STD(p=20,w=0.72,c1=1.49,c2=1.49)",PSO_STD,0,30,0.0,0.03125,0.001822624420836135,0.08746799912521185,13.241551465790405,2.0408578419824663,0.051406236192868424,303.8532229317691
"CONT::rosenbrock::d=5::b=(-10.0,10.0)::seed=641458220",rosenbrock,cont,2000,0.01,"PSO_STD(p=40,w=0.72,c1=1.49,c2=1.49)",PSO_STD,0,30,0.0,0.03125,0.0017610325175492097,0.09021764099054272,2.832979965415822,2.4937851225278598,0.08589267880178036,10.26626463554485
"CONT::rosenbrock::d=5::b=(-10.0,10.0)::seed=641458220",rosenbrock,cont,2000,0.01,"PSO_RING(p=20,ring,w=0.72,c1=1.49,c2=1.49)",PSO_RING,0,30,0.0,0.03125,0.002046852506961602,0.09250831463304879,1.9127027103391783,2.023551932901343,0.013299791673706205,5.028963864676293
"CONT::rosenbrock::d=5::b=(-10.0,10.0)::seed=641458220",rosenbrock,cont,2000,0.01,"PSO_RING(p=40,ring,w=0.72,c1=1.49,c2=1.49)",PSO_RING,0,30,0.0,0.03125,0.0016662485571718813,0.08901773960851915,5.87945364734449,5.131091251923257,0.8618333570864067,14.189784933274666
"CONT::rosenbrock::d=5::b=(-10.0,10.0)::seed=641458220",rosenbrock,cont,2000,0.01,"ES_ML(mu=10,lam=40,sigma=0.3)",ES_ML,0,30,0.0,0.03125,0.0015501460273128628,0.09262232786609982,10.47280352068327,3.59193946700386,1.7654817057784002,201.87812357343552
"CONT::rosenbrock::d=5::b=(-10.0,10.0)::seed=641458220",rosenbrock,cont,2000,0.01,"ES_ML(mu=20,lam=80,sigma=0.2)",ES_ML,0,30,0.0,0.03125,0.001480390870896311,0.09601059808041372,47.26560667026142,6.792230517802567,3.1468686641479495,513.9566846923007
"CONT::sphere::d=5::b=(-10.0,10.0)::seed=113708049",sphere,cont,2000,0.0001,RS_CONT,RS_CONT,0,30,0.0,0.03125,0.0015803652376815496,0.0939466030160006,8.348618678808965,8.030080375722509,1.8879304489073339,16.723104415460092
"CONT::sphere::d=5::b=(-10.0,10.0)::seed=113708049",sphere,cont,2000,0.0001,HC_CONT(sigma=0.2),HC_CONT,0,30,0.0,0.03125,0.001664256719356618,0.09833926825515005,0.006423166531696123,0.006262250006530255,0.0020127978541699385,0.009994374641050876
"CONT::sphere::d=5::b=(-10.0,10.0)::seed=113708049",sphere,cont,2000,0.0001,"SA_CONT(sigma=0.3,T0=1.0,alpha=0.995)",SA_CONT,0,30,0.0,0.03125,0.0017690887571418224,0.09247943592149027,0.016001630056401265,0.014468831261742601,0.004938430784650916,0.03462698217038878
"CONT::sphere::d=5::b=(-10.0,10.0)::seed=113708049",sphere,cont,2000,0.0001,"DE(pop=20,F=0.8,CR=0.9)",DE,12,30,0.4,0.40625,0.26681753565662664,0.5486631993057588,0.0003318397466847535,0.00012142684908153253,1.4162909479245362e-05,0.001554148844972231
"CONT::sphere::d=5::b=(-10.0,10.0)::seed=113708049",sphere,cont,2000,0.0001,"DE(pop=40,F=0.8,CR=0.9)",DE,0,30,0.0,0.03125,0.0018076588416443265,0.09258695691477892,0.09700193654520625,0.07811045484680612,0.030345886171231094,0.28218466551905513
"CONT::sphere::d=5::b=(-10.0,10.0)::seed=113708049",sphere,cont,2000,0.0001,"PSO_STD(p=20,w=0.72,c1=1.49,c2=1.49)",PSO_STD,30,30,1.0,0.96875,0.9057391320580774,0.9979711732134985,5.362176044444513e-07,2.509292589166632e-07,1.263800357075233e-08,6.203358362994866e-06
"CONT::sphere::d=5::b=(-10.0,10.0)::seed=113708049",sphere,cont,2000,0.0001,"PSO_STD(p=40,w=0.72,c1=1.49,c2=1.49)",PSO_STD,5,30,0.16666666666666666,0.1875,0.08500861025280985,0.31285378068256614,0.0005544703335108825,0.0002550682897605402,5.2586521454322574e-05,0.003963403444006575
"CONT::sphere::d=5::b=(-10.0,10.0)::seed=113708049",sphere,cont,2000,0.0001,"PSO_RING(p=20,ring,w=0.72,c1=1.49,c2=1.49)",PSO_RING,21,30,0.7,0.6875,0.5459643960473951,0.8137385596907292,7.471628379208611e-05,4.520605256548359e-05,2.214715134948298e-06,0.0003745739907749341
"CONT::sphere::d=5::b=(-10.0,10.0)::seed=113708049",sphere,cont,2000,0.0001,"PSO_RING(p=40,ring,w=0.72,c1=1.49,c2=1.49)",PSO_RING,0,30,0.0,0.03125,0.0015775156621647332,0.09072433419124992,0.012904081930625817,0.011098883860628884,0.0015083161320146579,0.05026740408857762
"CONT::sphere::d=5::b=(-10.0,10.0)::seed=113708049",sphere,cont,2000,0.0001,"ES_ML(mu=10,lam=40,sigma=0.3)",ES_ML,0,30,0.0,0.03125,0.0016004606556473079,0.09318234871848467,0.016540791823454706,0.015140312799035861,0.00314195858797084,0.041254483385219434
"CONT::sphere::d=5::b=(-10.0,10.0)::seed=113708049",sphere,cont,2000,0.0001,"ES_ML(mu=20,lam=80,sigma=0.2)",ES_ML,0,30,0.0,0.03125,0.0016823942922939213,0.09124096649336963,0.09201730768918143,0.060005066991883224,0.009622613417200861,0.44172125691468395
"CONT::griewank::d=5::b=(-10.0,10.0)::seed=853457105",griewank,cont,2000,0.001,RS_CONT,RS_CONT,0,30,0.0,0.03125,0.0015224666678573292,0.08766912588501916,0.1930049228350685,0.17712464390675953,0.0962115973479597,0.3491306880103182
"CONT::griewank::d=5::b=(-10.0,10.0)::seed=853457105",griewank,cont,2000,0.001,HC_CONT(sigma=0.2),HC_CONT,0,30,0.0,0.03125,0.0016211536309788746,0.09496156849334261,0.09589266773450054,0.04831074498393184,0.009635617562936183,0.7711352645420266
"CONT::griewank::d=5::b=(-10.0,10.0)::seed=853457105",griewank,cont,2000,0.001,"SA_CONT(sigma=0.3,T0=1.0,alpha=0.995)",SA_CONT,0,30,0.0,0.03125,0.0015948213342668088,0.09342402978286696,0.06577892883369585,0.04695482427547332,0.008031371561287748,0.207852498558036
"CONT::griewank::d=5::b=(-10.0,10.0)::seed=853457105",griewank,cont,2000,0.001,"DE(pop=20,F=0.8,CR=0.9)",DE,0,30,0.0,0.03125,0.0016039465950188128,0.09269745201030477,0.160416628197638,0.16502695006543577,0.05183629862963657,0.25815938340495004
"CONT::griewank::d=5::b=(-10.0,10.0)::seed=853457105",griewank,cont,2000,0.001,"DE(pop=40,F=0.8,CR=0.9)",DE,0,30,0.0,0.03125,0.0017142386942454529,0.09372611439389467,0.20435608590488935,0.20487582219741363,0.08874640167064018,0.3121966899734572
"CONT::griewank::d=5::b=(-10.0,10.0)::seed=853457105",griewank,cont,2000,0.001,"PSO_STD(p=20,w=0.72,c1=1.49,c2=1.49)",PSO_STD,0,30,0.0,0.03125,0.0016131008413495806,0.09273315303053843,0.05696460098200335,0.04682543026196073,0.009983117613658443,0.20382998602475733
"CONT::griewank::d=5::b=(-10.0,10.0)::seed=853457105",griewank,cont,2000,0.001,"PSO_STD(p=40,w=0.72,c1=1.49,c2=1.49)",PSO_STD,0,30,0.0,0.03125,0.0019382053713407506,0.09174846798503981,0.04209143636642388,0.03258432313603238,0.007465802934926713,0.18388356393552874
"CONT::griewank::d=5::b=(-10.0,10.0)::seed=853457105",griewank,cont,2000,0.001,"PSO_RING(p=20,ring,w=0.72,c1=1.49,c2=1.49)",PSO_RING,0,30,0.0,0.03125,0.0016125072833767708,0.09021245854721888,0.02802025735126378,0.027123719844982574,0.007605241376014371,0.08068606342026485
"CONT::griewank::d=5::b=(-10.0,10.0)::seed=853457105",griewank,cont,2000,0.001,"PSO_RING(p=40,ring,w=0.72,c1=1.49,c2=1.49)",PSO_RING,0,30,0.0,0.03125,0.0017466681367057514,0.09192968034185901,0.036945478761693316,0.03568489340557113,0.012097410115531004,0.05911498937615367
"CONT::griewank::d=5::b=(-10.0,10.0)::seed=853457105",griewank,cont,2000,0.001,"ES_ML(mu=10,lam=40,sigma=0.3)",ES_ML,0,30,0.0,0.03125,0.0016103449758163883,0.09108585985390547,0.045936666933543036,0.033119186555763624,0.010231497984784843,0.20170216745325797
"CONT::griewank::d=5::b=(-10.0,10.0)::seed=853457105",griewank,cont,2000,0.001,"ES_ML(mu=20,lam=80,sigma=0.2)",ES_ML,0,30,0.0,0.03125,0.0017181057608535552,0.09202472303420418,0.0432925460897451,0.032628467236544834,0.010238830763707907,0.18809704158777607
"CONT::rastrigin::d=10::b=(-5.0,5.0)::seed=107854859",rastrigin,cont,2000,0.001,RS_CONT,RS_CONT,0,30,0.0,0.03125,0.0014634945755910085,0.09261991675984693,78.62316725315773,78.12911564100433,59.013525642620166,91.35460538395198
"CONT::rastrigin::d=10::b=(-5.0,5.0)::seed=107854859",rastrigin,cont,2000,0.001,HC_CONT(sigma=0.2),HC_CONT,0,30,0.0,0.03125,0.0014586982737538423,0.08819809936787255,91.91609479242237,92.02116527426169,52.923414608903585,137.39214781419287
"CONT::rastrigin::d=10::b=(-5.0,5.0)::seed=107854859",rastrigin,cont,2000,0.001,"SA_CONT(sigma=0.3,T0=1.0,alpha=0.995)",SA_CONT,0,30,0.0,0.03125,0.0015396738814689437,0.09662662639581646,87.57603859411721,85.635381558385,49.71208268579715,126.42539255796366
"CONT::rastrigin::d=10::b=(-5.0,5.0)::seed=107854859",rastrigin,cont,2000,0.001,"DE(pop=20,F=0.8,CR=0.9)",DE,0,30,0.0,0.03125,0.0017658364477886135,0.08583024354245176,60.384748031156064,57.97932910973245,39.45453976135627,79.99201126640303
"CONT::rastrigin::d=10::b=(-5.0,5.0)::seed=107854859",rastrigin,cont,2000,0.001,"DE(pop=40,F=0.8,CR=0.9)",DE,0,30,0.0,0.03125,0.0016274995344814835,0.08940521769800241,72.81346801438426,74.12777193487469,50.57511680218165,87.01978334405261
"CONT::rastrigin::d=10::b=(-5.0,5.0)::seed=107854859",rastrigin,cont,2000,0.001,"PSO_STD(p=20,w=0.72,c1=1.49,c2=1.49)",PSO_STD,0,30,0.0,0.03125,0.001542710819270914,0.09319023830134977,20.06148741178512,16.607551625226883,6.23426280110651,42.4881076891478
"CONT::rastrigin::d=10::b=(-5.0,5.0)::seed=107854859",rastrigin,cont,2000,0.001,"PSO_STD(p=40,w=0.72,c1=1.49,c2=1.49)",PSO_STD,0,30,0.0,0.03125,0.0017315017405454313,0.09071514002349254,31.673638344653046,29.226366367683617,11.867803847185797,60.92231057276191
"CONT::rastrigin::d=10::b=(-5.0,5.0)::seed=107854859",rastrigin,cont,2000,0.001,"PSO_RING(p=20,ring,w=0.72,c1=1.49,c2=1.49)",PSO_RING,0,30,0.0,0.03125,0.0017875175747777083,0.08985994486809695,26.58105723325582,27.62309228931617,9.129491995612867,39.033505870980555
"CONT::rastrigin::d=10::b=(-5.0,5.0)::seed=107854859",rastrigin,cont,2000,0.001,"PSO_RING(p=40,ring,w=0.72,c1=1.49,c2=1.49)",PSO_RING,0,30,0.0,0.03125,0.0019187228921355394,0.09665965918924863,38.23502980760845,36.993403933634255,21.831936173961964,58.5241631156957
"CONT::rastrigin::d=10::b=(-5.0,5.0)::seed=107854859",rastrigin,cont,2000,0.001,"ES_ML(mu=10,lam=40,sigma=0.3)",ES_ML,0,30,0.0,0.03125,0.0014720936004107633,0.0890230612039236,29.67539163651247,29.30197892046278,15.862441273758705,52.74538500662539
"CONT::rastrigin::d=10::b=(-5.0,5.0)::seed=107854859",rastrigin,cont,2000,0.001,"ES_ML(mu=20,lam=80,sigma=0.2)",ES_ML,0,30,0.0,0.03125,0.001877968228234479,0.09355973863967597,41.93758774824477,42.491373151602176,21.81492214248061,62.79688621879247
"CONT::rosenbrock::d=20::b=(-10.0,10.0)::seed=683836112",rosenbrock,cont,2000,0.01,RS_CONT,RS_CONT,0,30,0.0,0.03125,0.0017051844499836055,0.0947759168032555,761619.9151533454,774554.4230346911,480043.1607084945,1082590.4371515706
"CONT::rosenbrock::d=20::b=(-10.0,10.0)::seed=683836112",rosenbrock,cont,2000,0.01,HC_CONT(sigma=0.2),HC_CONT,0,30,0.0,0.03125,0.0016479795195701193,0.0923075512984384,153.49263680996242,101.52850172265224,47.05039450989855,649.7654943227844
"CONT::rosenbrock::d=20::b=(-10.0,10.0)::seed=683836112",rosenbrock,cont,2000,0.01,"SA_CONT(sigma=0.3,T0=1.0,alpha=0.995)",SA_CONT,0,30,0.0,0.03125,0.0017079762331654214,0.0935782356649778,174.97545958844117,138.46468576113583,76.4124865947273,494.0554206186162
"CONT::rosenbrock::d=20::b=(-10.0,10.0)::seed=683836112",rosenbrock,cont,2000,0.01,"DE(pop=20,F=0.8,CR=0.9)",DE,0,30,0.0,0.03125,0.0016838358276842745,0.09361842477470617,72318.51754924926,64764.15676973544,7236.757546326391,176666.75257928044
"CONT::rosenbrock::d=20::b=(-10.0,10.0)::seed=683836112",rosenbrock,cont,2000,0.01,"DE(pop=40,F=0.8,CR=0.9)",DE,0,30,0.0,0.03125,0.0020231249992055593,0.09034149665911925,606429.2603441265,592616.2799957357,121776.76320849791,1146277.127095357
"CONT::rosenbrock::d=20::b=(-10.0,10.0)::seed=683836112",rosenbrock,cont,2000,0.01,"PSO_STD(p=20,w=0.72,c1=1.49,c2=1.49)",PSO_STD,0,30,0.0,0.03125,0.0017103753363928137,0.09253062140162592,654.4635619991944,193.84749670245284,39.348687697165694,10044.107118320746
"CONT::rosenbrock::d=20::b=(-10.0,10.0)::seed=683836112",rosenbrock,cont,2000,0.01,"PSO_STD(p=40,w=0.72,c1=1.49,c2=1.49)",PSO_STD,0,30,0.0,0.03125,0.001668638733615061,0.09147047249746325,2266.863467159649,1039.9399876183038,226.5131247106596,12410.174608934081
"CONT::rosenbrock::d=20::b=(-10.0,10.0)::seed=683836112",rosenbrock,cont,2000,0.01,"PSO_RING(p=20,ring,w=0.72,c1=1.49,c2=1.49)",PSO_RING,0,30,0.0,0.03125,0.0017172834613535144,0.09192419434890084,3955.894225959412,3102.6396225816293,613.8014768053642,15226.59498574197
"CONT::rosenbrock::d=20::b=(-10.0,10.0)::seed=683836112",rosenbrock,cont,2000,0.01,"PSO_RING(p=40,ring,w=0.72,c1=1.49,c2=1.49)",PSO_RING,0,30,0.0,0.03125,0.0019892555121379094,0.09146764374155698,27664.670619536355,27357.01133083745,3104.796666581246,58204.924926427906
"CONT::rosenbrock::d=20::b=(-10.0,10.0)::seed=683836112",rosenbrock,cont,2000,0.01,"ES_ML(mu=10,lam=40,sigma=0.3)",ES_ML,0,30,0.0,0.03125,0.0017501196414346576,0.0913771875946039,1528.6482724584016,1256.0232332209239,387.83914672149325,3487.6003828600747
"CONT::rosenbrock::d=20::b=(-10.0,10.0)::seed=683836112",rosenbrock,cont,2000,0.01,"ES_ML(mu=20,lam=80,sigma=0.2)",ES_ML,0,30,0.0,0.03125,0.0017770415243330189,0.09396739102440133,98991.65096946995,102451.92606720538,21373.878467581213,202079.0771454987
"CONT::rosenbrock::d=10::b=(-10.0,10.0)::seed=479014578",rosenbrock,cont,2000,0.01,RS_CONT,RS_CONT,0,30,0.0,0.03125,0.001722930248300848,0.09523297064678214,79211.6338799111,78076.23905002873,3854.7555143607756,131118.01443486576
"CONT::rosenbrock::d=10::b=(-10.0,10.0)::seed=479014578",rosenbrock,cont,2000,0.01,HC_CONT(sigma=0.2),HC_CONT,0,30,0.0,0.03125,0.0016825325415470748,0.09276150688055428,52.41376550278868,14.199481603729158,9.002497235856941,301.536097479674
"CONT::rosenbrock::d=10::b=(-10.0,10.0)::seed=479014578",rosenbrock,cont,2000,0.01,"SA_CONT(sigma=0.3,T0=1.0,alpha=0.995)",SA_CONT,0,30,0.0,0.03125,0.0017079087468967445,0.09071867108736575,74.66120821041115,21.157955480275447,17.19378387968437,344.0537745337441
"CONT::rosenbrock::d=10::b=(-10.0,10.0)::seed=479014578",rosenbrock,cont,2000,0.01,"DE(pop=20,F=0.8,CR=0.9)",DE,0,30,0.0,0.03125,0.00162471339845577,0.092766824879657,503.03744839702216,343.5387954878441,80.73090947532613,1618.5760208297418
"CONT::rosenbrock::d=10::b=(-10.0,10.0)::seed=479014578",rosenbrock,cont,2000,0.01,"DE(pop=40,F=0.8,CR=0.9)",DE,0,30,0.0,0.03125,0.0017173997088795285,0.08519294958782703,11663.525712582945,10000.975207899997,395.5968549254371,39823.69122678587
"CONT::rosenbrock::d=10::b=(-10.0,10.0)::seed=479014578",rosenbrock,cont,2000,0.01,"PSO_STD(p=20,w=0.72,c1=1.49,c2=1.49)",PSO_STD,0,30,0.0,0.03125,0.0017201161053277741,0.09123727839928972,414.1979047762795,9.77554924373888,2.2854457659588787,10006.794594993482
"CONT::rosenbrock::d=10::b=(-10.0,10.0)::seed=479014578",rosenbrock,cont,2000,0.01,"PSO_STD(p=40,w=0.72,c1=1.49,c2=1.49)",PSO_STD,0,30,0.0,0.03125,0.0016141305145896355,0.09658908536441282,133.66411830714026,42.822646390210316,10.138764375613297,1132.5946887217442
"CONT::rosenbrock::d=10::b=(-10.0,10.0)::seed=479014578",rosenbrock,cont,2000,0.01,"PSO_RING(p=20,ring,w=0.72,c1=1.49,c2=1.49)",PSO_RING,0,30,0.0,0.03125,0.0016403203238180184,0.09021983770923135,63.618239834446626,31.361765428407452,7.006425728362691,574.9085302355348
"CONT::rosenbrock::d=10::b=(-10.0,10.0)::seed=479014578",rosenbrock,cont,2000,0.01,"PSO_RING(p=40,ring,w=0.72,c1=1.49,c2=1.49)",PSO_RING,0,30,0.0,0.03125,0.0017433030125550775,0.09393202227602047,275.5267394592612,224.62417695488864,41.05145967035681,780.1888065544078
"CONT::rosenbrock::d=10::b=(-10.0,10.0)::seed=479014578",rosenbrock,cont,2000,0.01,"ES_ML(mu=10,lam=40,sigma=0.3)",ES_ML,0,30,0.0,0.03125,0.001895150836452744,0.09139068777626916,89.54813148613535,46.26639853767357,25.2352905468203,798.9803176235118
"CONT::rosenbrock::d=10::b=(-10.0,10.0)::seed=479014578",rosenbrock,cont,2000,0.01,"ES_ML(mu=20,lam=80,sigma=0.2)",ES_ML,0,30,0.0,0.03125,0.001525619697528056,0.09009341001678076,1957.3811890187546,1343.9312955525297,249.08773728503218,7430.679187063277
"CONT::rastrigin::d=5::b=(-10.0,10.0)::seed=152558888",rastrigin,cont,2000,0.001,RS_CONT,RS_CONT,0,30,0.0,0.03125,0.001664999046186997,0.09467885101120478,42.122426057910424,42.516321853714146,22.335267813024934,58.119378165037986
"CONT::rastrigin::d=5::b=(-10.0,10.0)::seed=152558888",rastrigin,cont,2000,0.001,HC_CONT(sigma=0.2),HC_CONT,0,30,0.0,0.03125,0.0017245033282745977,0.0916595701790853,164.12370433868003,155.48143116095395,53.79298030400978,312.917363538842
"CONT::rastrigin::d=5::b=(-10.0,10.0)::seed=152558888",rastrigin,cont,2000,0.001,"SA_CONT(sigma=0.3,T0=1.0,alpha=0.995)",SA_CONT,0,30,0.0,0.03125,0.0018735738284905584,0.09454154192069754,107.43811269512697,101.05772865481828,37.014601825412115,188.2225608274885
"CONT::rastrigin::d=5::b=(-10.0,10.0)::seed=152558888",rastrigin,cont,2000,0.001,"DE(pop=20,F=0.8,CR=0.9)",DE,0,30,0.0,0.03125,0.0016870981991931179,0.0922163789983896,9.888714085390243,9.749725671081986,4.6138068122413,17.111686576649177
"CONT::rastrigin::d=5::b=(-10.0,10.0)::seed=152558888",rastrigin,cont,2000,0.001,"DE(pop=40,F=0.8,CR=0.9)",DE,0,30,0.0,0.03125,0.001861785323656627,0.09037861888872527,16.440264125057773,15.960016513814274,7.315450528702954,24.789623353929045
"CONT::rastrigin::d=5::b=(-10.0,10.0)::seed=152558888",rastrigin,cont,2000,0.001,"PSO_STD(p=20,w=0.72,c1=1.49,c2=1.49)",PSO_STD,0,30,0.0,0.03125,0.0017012168257452655,0.09346263752514601,3.068195178629036,2.3407930660558947,1.0130871956592884,8.053959357369983
"CONT::rastrigin::d=5::b=(-10.0,10.0)::seed=152558888",rastrigin,cont,2000,0.001,"PSO_STD(p=40,w=0.72,c1=1.49,c2=1.49)",PSO_STD,0,30,0.0,0.03125,0.001800056618776781,0.08865310262627848,5.411304893601984,4.680715018391073,0.22652294417738972,10.631707646934487
"CONT::rastrigin::d=5::b=(-10.0,10.0)::seed=152558888",rastrigin,cont,2000,0.001,"PSO_RING(p=20,ring,w=0.72,c1=1.49,c2=1.49)",PSO_RING,0,30,0.0,0.03125,0.0016413333653260943,0.09150237363964421,4.938052958542707,4.562984022172667,2.3388168332104726,7.995465147961092
"CONT::rastrigin::d=5::b=(-10.0,10.0)::seed=152558888",rastrigin,cont,2000,0.001,"PSO_RING(p=40,ring,w=0.72,c1=1.49,c2=1.49)",PSO_RING,0,30,0.0,0.03125,0.0017017210310347882,0.09065369904870449,8.092588943154626,8.093759576866983,3.408249382499406,16.587613576313778
"CONT::rastrigin::d=5::b=(-10.0,10.0)::seed=152558888",rastrigin,cont,2000,0.001,"ES_ML(mu=10,lam=40,sigma=0.3)",ES_ML,0,30,0.0,0.03125,0.0014610657128842574,0.08772224972067079,21.981294454674924,18.693589340015166,2.7102065429763655,53.928674432479845
"CONT::rastrigin::d=5::b=(-10.0,10.0)::seed=152558888",rastrigin,cont,2000,0.001,"ES_ML(mu=20,lam=80,sigma=0.2)",ES_ML,0,30,0.0,0.03125,0.0014388401156467002,0.09319406396446174,38.09971995431836,35.89102060123595,8.872642065299829,71.95704812953673
"CONT::sphere::d=5::b=(-10.0,10.0)::seed=136931886",sphere,cont,2000,0.0001,RS_CONT,RS_CONT,0,30,0.0,0.03125,0.0017393185636720568,0.09051511472208908,8.389427120068955,8.364796693219166,0.412232614984129,16.81858988494915
"CONT::sphere::d=5::b=(-10.0,10.0)::seed=136931886",sphere,cont,2000,0.0001,HC_CONT(sigma=0.2),HC_CONT,0,30,0.0,0.03125,0.0016816673944691912,0.08604237343588597,0.006225905200345093,0.0062435224847955705,0.0011376107627764209,0.013727033825213435
"CONT::sphere::d=5::b=(-10.0,10.0)::seed=136931886",sphere,cont,2000,0.0001,"SA_CONT(sigma=0.3,T0=1.0,alpha=0.995)",SA_CONT,0,30,0.0,0.03125,0.0017444408564530824,0.09465091197417598,0.013651547561152801,0.013418960372829553,0.002336768392930914,0.029887215588177737
"CONT::sphere::d=5::b=(-10.0,10.0)::seed=136931886",sphere,cont,2000,0.0001,"DE(pop=20,F=0.8,CR=0.9)",DE,16,30,0.5333333333333333,0.53125,0.3890141838748976,0.6739664999409138,0.0001506385804328218,9.437050081561186e-05,3.6675260308181794e-06,0.0006192261678760147
"CONT::sphere::d=5::b=(-10.0,10.0)::seed=136931886",sphere,cont,2000,0.0001,"DE(pop=40,F=0.8,CR=0.9)",DE,0,30,0.0,0.03125,0.0013832170049188851,0.08831012174643862,0.12963663701966854,0.10869130589245998,0.04398841353294286,0.28177182496741154
"CONT::sphere::d=5::b=(-10.0,10.0)::seed=136931886",sphere,cont,2000,0.0001,"PSO_STD(p=20,w=0.72,c1=1.49,c2=1.49)",PSO_STD,30,30,1.0,0.96875,0.9071551222485319,0.998310918233152,3.2072592766141657e-07,2.4316331802482916e-07,2.0360736131607683e-08,1.2762814098262639e-06
"CONT::sphere::d=5::b=(-10.0,10.0)::seed=136931886",sphere,cont,2000,0.0001,"PSO_STD(p=40,w=0.72,c1=1.49,c2=1.49)",PSO_STD,2,30,0.06666666666666667,0.09375,0.026166743544788266,0.1975270099625418,0.00036042578234104307,0.0003443626236143754,8.078095735053357e-05,0.0007807621314220863
"CONT::sphere::d=5::b=(-10.0,10.0)::seed=136931886",sphere,cont,2000,0.0001,"PSO_RING(p=20,ring,w=0.72,c1=1.49,c2=1.49)",PSO_RING,26,30,0.8666666666666667,0.84375,0.7230419961139245,0.93427801271544,7.342410370466301e-05,3.100104600189016e-05,4.148150714013909e-06,0.000711992236292845
"CONT::sphere::d=5::b=(-10.0,10.0)::seed=136931886",sphere,cont,2000,0.0001,"PSO_RING(p=40,ring,w=0.72,c1=1.49,c2=1.49)",PSO_RING,0,30,0.0,0.03125,0.001564867603860558,0.09496927116057484,0.01419718415364702,0.012118166193160175,0.0012758659038088153,0.03585093644426672
"CONT::sphere::d=5::b=(-10.0,10.0)::seed=136931886",sphere,cont,2000,0.0001,"ES_ML(mu=10,lam=40,sigma=0.3)",ES_ML,0,30,0.0,0.03125,0.001387326553218597,0.09020836211615814,0.014380491485572976,0.011812579402862362,0.0034899158701266553,0.031480443869156445
"CONT::sphere::d=5::b=(-10.0,10.0)::seed=136931886",sphere,cont,2000,0.0001,"ES_ML(mu=20,lam=80,sigma=0.2)",ES_ML,0,30,0.0,0.03125,0.0016507413233003874,0.08938135010115533,0.07671593788486866,0.05897988463140376,0.004812706329884003,0.32147622823535843
"CONT::rastrigin::d=10::b=(-30.0,30.0)::seed=78751912",rastrigin,cont,2000,0.001,RS_CONT,RS_CONT,0,30,0.0,0.03125,0.001655783439331061,0.09424330934018489,693.9166762828398,673.0002332321476,409.38490667853983,966.6168972033677
"CONT::rastrigin::d=10::b=(-30.0,30.0)::seed=78751912",rastrigin,cont,2000,0.001,HC_CONT(sigma=0.2),HC_CONT,0,30,0.0,0.03125,0.0019275936433863648,0.09230953277649877,1084.447072268609,1049.5065854664167,791.9236364582846,1502.221448470022
"CONT::rastrigin::d=10::b=(-30.0,30.0)::seed=78751912",rastrigin,cont,2000,0.001,"SA_CONT(sigma=0.3,T0=1.0,alpha=0.995)",SA_CONT,0,30,0.0,0.03125,0.0018491584967000475,0.09005644919383539,365.3227255633908,362.2640563311181,151.16883577886446,624.2401059008889
"CONT::rastrigin::d=10::b=(-30.0,30.0)::seed=78751912",rastrigin,cont,2000,0.001,"DE(pop=20,F=0.8,CR=0.9)",DE,0,30,0.0,0.03125,0.0014734446442357806,0.08912354084500854,94.35014105201313,90.25209181801947,47.518221880187426,145.832315480746
"CONT::rastrigin::d=10::b=(-30.0,30.0)::seed=78751912",rastrigin,cont,2000,0.001,"DE(pop=40,F=0.8,CR=0.9)",DE,0,30,0.0,0.03125,0.0013871893706983412,0.09464127535479763,337.9899173532478,331.4150234057422,186.94769446098294,480.455991376984
"CONT::rastrigin::d=10::b=(-30.0,30.0)::seed=78751912",rastrigin,cont,2000,0.001,"PSO_STD(p=20,w=0.72,c1=1.49,c2=1.49)",PSO_STD,0,30,0.0,0.03125,0.0018336810642513527,0.09510630367380261,27.150172408152688,24.208684074136833,11.183753921548629,62.43371720024441
"CONT::rastrigin::d=10::b=(-30.0,30.0)::seed=78751912",rastrigin,cont,2000,0.001,"PSO_STD(p=40,w=0.72,c1=1.49,c2=1.49)",PSO_STD,0,30,0.0,0.03125,0.001755160986705487,0.08760717924807801,58.936088006154,59.106016277164365,25.578073115686294,84.57156423860354
"CONT::rastrigin::d=10::b=(-30.0,30.0)::seed=78751912",rastrigin,cont,2000,0.001,"PSO_RING(p=20,ring,w=0.72,c1=1.49,c2=1.49)",PSO_RING,0,30,0.0,0.03125,0.0014455931475358223,0.09058166816654468,44.84576883852926,40.996293287675485,28.02401550536905,73.737258043771
"CONT::rastrigin::d=10::b=(-30.0,30.0)::seed=78751912",rastrigin,cont,2000,0.001,"PSO_RING(p=40,ring,w=0.72,c1=1.49,c2=1.49)",PSO_RING,0,30,0.0,0.03125,0.0015170196177251882,0.09080001462940332,84.68742109417099,82.51482255179059,57.45193763492113,126.06806350825057
"CONT::rastrigin::d=10::b=(-30.0,30.0)::seed=78751912",rastrigin,cont,2000,0.001,"ES_ML(mu=10,lam=40,sigma=0.3)",ES_ML,0,30,0.0,0.03125,0.0016576051280052058,0.09344361198528656,74.91774909778945,74.41273931635787,48.946374808569196,105.57180702696058
"CONT::rastrigin::d=10::b=(-30.0,30.0)::seed=78751912",rastrigin,cont,2000,0.001,"ES_ML(mu=20,lam=80,sigma=0.2)",ES_ML,0,30,0.0,0.03125,0.001690280696389598,0.08922896251169626,785.4460844761647,792.5964828066394,404.62895021194436,1096.4554220812693
"CONT::sphere::d=10::b=(-30.0,30.0)::seed=289313899",sphere,cont,2000,0.0001,RS_CONT,RS_CONT,0,30,0.0,0.03125,0.0015071184872591365,0.08831117733943383,660.9111000179964,644.9080231000672,443.8040629213474,912.7187869971098
"CONT::sphere::d=10::b=(-30.0,30.0)::seed=289313899",sphere,cont,2000,0.0001,HC_CONT(sigma=0.2),HC_CONT,0,30,0.0,0.03125,0.0018790458991109974,0.09076135163520507,0.07277426488035367,0.07197526976213367,0.025940429333597262,0.120182302070994
"CONT::sphere::d=10::b=(-30.0,30.0)::seed=289313899",sphere,cont,2000,0.0001,"SA_CONT(sigma=0.3,T0=1.0,alpha=0.995)",SA_CONT,0,30,0.0,0.03125,0.0014369388419513335,0.08837753599708416,0.1489887031791409,0.1454109467253049,0.09147653263586754,0.2124571481223337
"CONT::sphere::d=10::b=(-30.0,30.0)::seed=289313899",sphere,cont,2000,0.0001,"DE(pop=20,F=0.8,CR=0.9)",DE,0,30,0.0,0.03125,0.0018461422664024273,0.09364535679292084,15.45920460806004,13.147334982298997,2.3803825769765963,45.330915097556854
"CONT::sphere::d=10::b=(-30.0,30.0)::seed=289313899",sphere,cont,2000,0.0001,"DE(pop=40,F=0.8,CR=0.9)",DE,0,30,0.0,0.03125,0.001703474389985214,0.08960712005942752,216.1516215506639,208.80323583000103,118.11521822903332,379.7060529760344
"CONT::sphere::d=10::b=(-30.0,30.0)::seed=289313899",sphere,cont,2000,0.0001,"PSO_STD(p=20,w=0.72,c1=1.49,c2=1.49)",PSO_STD,0,30,0.0,0.03125,0.0017104560912581533,0.09140655657869833,0.006463722763348822,0.00364244910467218,0.0008590711686985025,0.030587882983995632
"CONT::sphere::d=10::b=(-30.0,30.0)::seed=289313899",sphere,cont,2000,0.0001,"PSO_STD(p=40,w=0.72,c1=1.49,c2=1.49)",PSO_STD,0,30,0.0,0.03125,0.0014747295427676272,0.09050923088741546,0.4879601120851274,0.4130995076324751,0.13699404446947958,1.2992857788914438
"CONT::sphere::d=10::b=(-30.0,30.0)::seed=289313899",sphere,cont,2000,0.0001,"PSO_RING(p=20,ring,w=0.72,c1=1.49,c2=1.49)",PSO_RING,0,30,0.0,0.03125,0.0015996062378979981,0.09558134969708189,0.670222148857056,0.49711427416267095,0.10567897428102489,3.19221945517901
"CONT::sphere::d=10::b=(-30.0,30.0)::seed=289313899",sphere,cont,2000,0.0001,"PSO_RING(p=40,ring,w=0.72,c1=1.49,c2=1.49)",PSO_RING,0,30,0.0,0.03125,0.001684624802809394,0.09524799990258039,14.084329951836603,13.591190614369175,3.6173802504848993,26.958530483878647
"CONT::sphere::d=10::b=(-30.0,30.0)::seed=289313899",sphere,cont,2000,0.0001,"ES_ML(mu=10,lam=40,sigma=0.3)",ES_ML,0,30,0.0,0.03125,0.002031131799764457,0.09380970444239536,9.41095787675558,9.164042687661132,2.7076161603455113,19.484827703935014
"CONT::sphere::d=10::b=(-30.0,30.0)::seed=289313899",sphere,cont,2000,0.0001,"ES_ML(mu=20,lam=80,sigma=0.2)",ES_ML,0,30,0.0,0.03125,0.0016811230371528735,0.09404015861970133,595.6179280200963,659.3495883642872,107.80901038222959,999.0678370855795
"CONT::rastrigin::d=5::b=(-10.0,10.0)::seed=291129061",rastrigin,cont,2000,0.001,RS_CONT,RS_CONT,0,30,0.0,0.03125,0.0018786100892662196,0.08693743305670869,40.63238898883667,40.44036956045471,16.826257408482917,63.221834561317046
"CONT::rastrigin::d=5::b=(-10.0,10.0)::seed=291129061",rastrigin,cont,2000,0.001,HC_CONT(sigma=0.2),HC_CONT,0,30,0.0,0.03125,0.0014445278041830677,0.0862555133297386,155.38958673550422,146.8206716282893,22.948149341906117,294.33075890282623
"CONT::rastrigin::d=5::b=(-10.0,10.0)::seed=291129061",rastrigin,cont,2000,0.001,"SA_CONT(sigma=0.3,T0=1.0,alpha=0.995)",SA_CONT,0,30,0.0,0.03125,0.0017193547924462926,0.08946820296214207,91.30323015141026,88.73433167106201,37.841647419851675,164.9337056111491
"CONT::rastrigin::d=5::b=(-10.0,10.0)::seed=291129061",rastrigin,cont,2000,0.001,"DE(pop=20,F=0.8,CR=0.9)",DE,0,30,0.0,0.03125,0.0015339190482591854,0.08760313502132877,11.801506738616167,11.783030172664795,7.518557543024613,17.719584066834457
"CONT::rastrigin::d=5::b=(-10.0,10.0)::seed=291129061",rastrigin,cont,2000,0.001,"DE(pop=40,F=0.8,CR=0.9)",DE,0,30,0.0,0.03125,0.001498943596292825,0.09127756659109129,18.083997106464214,16.98533059088922,11.960469021271138,24.35533704649581
"CONT::rastrigin::d=5::b=(-10.0,10.0)::seed=291129061",rastrigin,cont,2000,0.001,"PSO_STD(p=20,w=0.72,c1=1.49,c2=1.49)",PSO_STD,0,30,0.0,0.03125,0.0015663327192477828,0.08509832669851518,4.216495828335851,3.040178735486606,1.003585077696357,12.695472260415087
"CONT::rastrigin::d=5::b=(-10.0,10.0)::seed=291129061",rastrigin,cont,2000,0.001,"PSO_STD(p=40,w=0.72,c1=1.49,c2=1.49)",PSO_STD,0,30,0.0,0.03125,0.0015665480647046933,0.09212137531162852,5.745165537075893,5.591034478381317,1.1115196952355362,12.469004755720348
"CONT::rastrigin::d=5::b=(-10.0,10.0)::seed=291129061",rastrigin,cont,2000,0.001,"PSO_RING(p=20,ring,w=0.72,c1=1.49,c2=1.49)",PSO_RING,0,30,0.0,0.03125,0.001644637612681516,0.09093926818268198,4.7984847923296226,4.704786928940742,1.3753481367598255,8.120941540251629
"CONT::rastrigin::d=5::b=(-10.0,10.0)::seed=291129061",rastrigin,cont,2000,0.001,"PSO_RING(p=40,ring,w=0.72,c1=1.49,c2=1.49)",PSO_RING,0,30,0.0,0.03125,0.00164994364316802,0.09295242470046604,8.270165855799613,8.074606278920683,3.269025942186502,15.609667203349822
"CONT::rastrigin::d=5::b=(-10.0,10.0)::seed=291129061",rastrigin,cont,2000,0.001,"ES_ML(mu=10,lam=40,sigma=0.3)",ES_ML,0,30,0.0,0.03125,0.0016881222373637725,0.09171141134182559,21.477166648182315,18.034191498318634,2.320735186808932,58.91434564440762
"CONT::rastrigin::d=5::b=(-10.0,10.0)::seed=291129061",rastrigin,cont,2000,0.001,"ES_ML(mu=20,lam=80,sigma=0.2)",ES_ML,0,30,0.0,0.03125,0.0017093868485194288,0.08837540009332903,33.86581090226485,35.66230496879815,14.4241561980255,59.279417739014974
"CONT::levy::d=10::b=(-30.0,30.0)::seed=110941964",levy,cont,2000,0.01,RS_CONT,RS_CONT,0,30,0.0,0.03125,0.0018980895506375494,0.09626051072851723,129.6008432276263,129.89952779304366,64.94559480553512,188.15368757317245
"CONT::levy::d=10::b=(-30.0,30.0)::seed=110941964",levy,cont,2000,0.01,HC_CONT(sigma=0.2),HC_CONT,0,30,0.0,0.03125,0.0014710044549010425,0.09530891814514872,183.88437484474383,184.4324133270843,84.02313890471468,306.77356683564005
"CONT::levy::d=10::b=(-30.0,30.0)::seed=110941964",levy,cont,2000,0.01,"SA_CONT(sigma=0.3,T0=1.0,alpha=0.995)",SA_CONT,0,30,0.0,0.03125,0.0018537078539274335,0.08973297644254763,169.91212597600992,164.53121963531783,81.32243373660961,262.39874032416736
"CONT::levy::d=10::b=(-30.0,30.0)::seed=110941964",levy,cont,2000,0.01,"DE(pop=20,F=0.8,CR=0.9)",DE,0,30,0.0,0.03125,0.0017751570098058617,0.09161285432970355,22.516544934349668,21.345783535158027,3.7674595548909755,54.8017579256325
"CONT::levy::d=10::b=(-30.0,30.0)::seed=110941964",levy,cont,2000,0.01,"DE(pop=40,F=0.8,CR=0.9)",DE,0,30,0.0,0.03125,0.0013364758844200666,0.090320348474756,96.58832688309583,99.26476492938116,36.80358546883245,160.44124274648493
"CONT::levy::d=10::b=(-30.0,30.0)::seed=110941964",levy,cont,2000,0.01,"PSO_STD(p=20,w=0.72,c1=1.49,c2=1.49)",PSO_STD,1,30,0.03333333333333333,0.0625,0.011024276021552594,0.14478311939601557,0.46220679676223786,0.11347384910802652,0.0028877967184701555,3.2826482891441193
"CONT::levy::d=10::b=(-30.0,30.0)::seed=110941964",levy,cont,2000,0.01,"PSO_STD(p=40,w=0.72,c1=1.49,c2=1.49)",PSO_STD,0,30,0.0,0.03125,0.0015637263087265923,0.09104540944770823,0.9227587426089682,0.7288394818630932,0.15410855302715937,3.3064449170913455
"CONT::levy::d=10::b=(-30.0,30.0)::seed=110941964",levy,cont,2000,0.01,"PSO_RING(p=20,ring,w=0.72,c1=1.49,c2=1.49)",PSO_RING,0,30,0.0,0.03125,0.001732666294422831,0.09057933884497417,3.2917346379756816,2.000558083952567,0.4069837653391245,27.893226594220224
"CONT::levy::d=10::b=(-30.0,30.0)::seed=110941964",levy,cont,2000,0.01,"PSO_RING(p=40,ring,w=0.72,c1=1.49,c2=1.49)",PSO_RING,0,30,0.0,0.03125,0.0013753999974371526,0.0917919942344353,13.428653475010986,11.66763434761782,3.803999430437118,30.274767509286118
"CONT::levy::d=10::b=(-30.0,30.0)::seed=110941964",levy,cont,2000,0.01,"ES_ML(mu=10,lam=40,sigma=0.3)",ES_ML,0,30,0.0,0.03125,0.0019385104273556655,0.08538163359177604,106.41244261852731,110.9405670773516,34.91906905440674,158.36506068801043
"CONT::levy::d=10::b=(-30.0,30.0)::seed=110941964",levy,cont,2000,0.01,"ES_ML(mu=20,lam=80,sigma=0.2)",ES_ML,0,30,0.0,0.03125,0.0016272357511253725,0.09128984928413568,119.57255023244811,123.44926889975,68.9246763386382,179.01295476541299
"CONT::ackley::d=20::b=(-5.0,5.0)::seed=217700588",ackley,cont,2000,0.001,RS_CONT,RS_CONT,0,30,0.0,0.03125,0.0017496560165011607,0.09103370811069052,7.711395316698207,7.749371851569831,7.10275568115037,8.220911632623082
"CONT::ackley::d=20::b=(-5.0,5.0)::seed=217700588",ackley,cont,2000,0.001,HC_CONT(sigma=0.2),HC_CONT,0,30,0.0,0.03125,0.0015739845779604365,0.0928357281615477,7.055131798425565,8.15916485748648,2.741900526099102,10.009578969582439
"CONT::ackley::d=20::b=(-5.0,5.0)::seed=217700588",ackley,cont,2000,0.001,"SA_CONT(sigma=0.3,T0=1.0,alpha=0.995)",SA_CONT,0,30,0.0,0.03125,0.001726664527838523,0.09628646094874979,2.4954853109778474,2.4606580411761976,1.7907131398539424,4.1070287898476785
"CONT::ackley::d=20::b=(-5.0,5.0)::seed=217700588",ackley,cont,2000,0.001,"DE(pop=20,F=0.8,CR=0.9)",DE,0,30,0.0,0.03125,0.0018659774582590611,0.0938301427932031,4.6924047056574905,4.520662001885075,3.259872746843691,6.323219630360047
"CONT::ackley::d=20::b=(-5.0,5.0)::seed=217700588",ackley,cont,2000,0.001,"DE(pop=40,F=0.8,CR=0.9)",DE,0,30,0.0,0.03125,0.0018382995014129093,0.09250626584890398,7.048030047644514,7.01123616573007,6.284268232404894,8.042313934584996
"CONT::ackley::d=20::b=(-5.0,5.0)::seed=217700588",ackley,cont,2000,0.001,"PSO_STD(p=20,w=0.72,c1=1.49,c2=1.49)",PSO_STD,0,30,0.0,0.03125,0.0017684592427490693,0.09253052035264685,1.415334915632973,1.4573731887724652,0.17749204004793073,3.2212968324122326
"CONT::ackley::d=20::b=(-5.0,5.0)::seed=217700588",ackley,cont,2000,0.001,"PSO_STD(p=40,w=0.72,c1=1.49,c2=1.49)",PSO_STD,0,30,0.0,0.03125,0.0017599746434767236,0.0914389824753682,2.208209968142864,2.105556559282665,1.356134882507647,3.3628950987164647
"CONT::ackley::d=20::b=(-5.0,5.0)::seed=217700588",ackley,cont,2000,0.001,"PSO_RING(p=20,ring,w=0.72,c1=1.49,c2=1.49)",PSO_RING,0,30,0.0,0.03125,0.001466272238463119,0.09043921152593785,2.748603944273319,2.7191994545029137,1.7882620676983199,3.808068192709787
"CONT::ackley::d=20::b=(-5.0,5.0)::seed=217700588",ackley,cont,2000,0.001,"PSO_RING(p=40,ring,w=0.72,c1=1.49,c2=1.49)",PSO_RING,0,30,0.0,0.03125,0.0013884460800699628,0.08629817568635467,4.166615038504719,4.194226563028646,3.0688472776906193,4.780170947029866
"CONT::ackley::d=20::b=(-5.0,5.0)::seed=217700588",ackley,cont,2000,0.001,"ES_ML(mu=10,lam=40,sigma=0.3)",ES_ML,0,30,0.0,0.03125,0.0015727884259618173,0.0939793537146336,2.662269352321164,2.6367328164154658,1.9800080243607217,3.2557692587074674
"CONT::ackley::d=20::b=(-5.0,5.0)::seed=217700588",ackley,cont,2000,0.001,"ES_ML(mu=20,lam=80,sigma=0.2)",ES_ML,0,30,0.0,0.03125,0.0014321823138070456,0.09080239800970923,4.574173161340604,4.670477441882175,3.5926031348830425,5.601833180435005
"CONT::rosenbrock::d=20::b=(-5.0,5.0)::seed=173689239",rosenbrock,cont,2000,0.01,RS_CONT,RS_CONT,0,30,0.0,0.03125,0.0017554371420938747,0.09125160579359114,47341.370100229244,46725.30485047736,24699.125001177083,69492.6991336465
"CONT::rosenbrock::d=20::b=(-5.0,5.0)::seed=173689239",rosenbrock,cont,2000,0.01,HC_CONT(sigma=0.2),HC_CONT,0,30,0.0,0.03125,0.001695600577128608,0.09226210946702812,90.5581285607496,70.27651315386979,48.88763800397773,275.2823320580649
"CONT::rosenbrock::d=20::b=(-5.0,5.0)::seed=173689239",rosenbrock,cont,2000,0.01,"SA_CONT(sigma=0.3,T0=1.0,alpha=0.995)",SA_CONT,0,30,0.0,0.03125,0.0016591001702629025,0.09599576592460185,145.46286242676928,116.41495766180626,79.43519175980671,315.7363610910698
"CONT::rosenbrock::d=20::b=(-5.0,5.0)::seed=173689239",rosenbrock,cont,2000,0.01,"DE(pop=20,F=0.8,CR=0.9)",DE,0,30,0.0,0.03125,0.0018239973974715031,0.09256331633465624,4550.691258257736,3763.4877596017236,1668.8401604303178,12808.628258072802
"CONT::rosenbrock::d=20::b=(-5.0,5.0)::seed=173689239",rosenbrock,cont,2000,0.01,"DE(pop=40,F=0.8,CR=0.9)",DE,0,30,0.0,0.03125,0.001659499523431303,0.09630513695760629,39128.65986090616,37971.51678351214,10327.072496150877,72203.59724285481
"CONT::rosenbrock::d=20::b=(-5.0,5.0)::seed=173689239",rosenbrock,cont,2000,0.01,"PSO_STD(p=20,w=0.72,c1=1.49,c2=1.49)",PSO_STD,0,30,0.0,0.03125,0.0019347623031647743,0.09445935940740405,285.3135983214977,94.0283169018009,14.753438351736905,2552.6031204050773
"CONT::rosenbrock::d=20::b=(-5.0,5.0)::seed=173689239",rosenbrock,cont,2000,0.01,"PSO_STD(p=40,w=0.72,c1=1.49,c2=1.49)",PSO_STD,0,30,0.0,0.03125,0.00177678320342762,0.09247931510872077,306.38558524408984,224.45503531213097,51.047134742471776,2604.589207604845
"CONT::rosenbrock::d=20::b=(-5.0,5.0)::seed=173689239",rosenbrock,cont,2000,0.01,"PSO_RING(p=20,ring,w=0.72,c1=1.49,c2=1.49)",PSO_RING,0,30,0.0,0.03125,0.0016980664069750258,0.08805018213634846,424.0017607170477,357.87654922002685,197.19159411029617,953.1252018698298
"CONT::rosenbrock::d=20::b=(-5.0,5.0)::seed=173689239",rosenbrock,cont,2000,0.01,"PSO_RING(p=40,ring,w=0.72,c1=1.49,c2=1.49)",PSO_RING,0,30,0.0,0.03125,0.0016994686208055725,0.09309284229961919,2211.32005658061,2061.187381975573,631.4248156316625,4128.4470909665515
"CONT::rosenbrock::d=20::b=(-5.0,5.0)::seed=173689239",rosenbrock,cont,2000,0.01,"ES_ML(mu=10,lam=40,sigma=0.3)",ES_ML,0,30,0.0,0.03125,0.0015467463431184667,0.08876799371630738,251.82547387572467,245.49476503581587,93.8263947309436,454.98755886088213
"CONT::rosenbrock::d=20::b=(-5.0,5.0)::seed=173689239",rosenbrock,cont,2000,0.01,"ES_ML(mu=20,lam=80,sigma=0.2)",ES_ML,0,30,0.0,0.03125,0.0015557485353920805,0.08839354311627164,2191.846804187128,1942.5248059279925,623.8023530215979,5607.526567564884
"CONT::ackley::d=10::b=(-30.0,30.0)::seed=3303920",ackley,cont,2000,0.001,RS_CONT,RS_CONT,0,30,0.0,0.03125,0.0018271475694336139,0.08939048779927466,17.47101155557216,17.609602375767913,15.613549458152526,18.743460296306043
"CONT::ackley::d=10::b=(-30.0,30.0)::seed=3303920",ackley,cont,2000,0.001,HC_CONT(sigma=0.2),HC_CONT,0,30,0.0,0.03125,0.0016536160892821365,0.09376952399788446,19.464196148745486,19.592208239324194,18.61658644106376,20.03978408311812
"CONT::ackley::d=10::b=(-30.0,30.0)::seed=3303920",ackley,cont,2000,0.001,"SA_CONT(sigma=0.3,T0=1.0,alpha=0.995)",SA_CONT,0,30,0.0,0.03125,0.0018001512493805796,0.09587070749563961,19.756035281537496,19.872715435605752,18.247863111688368,20.234871143986584
"CONT::ackley::d=10::b=(-30.0,30.0)::seed=3303920",ackley,cont,2000,0.001,"DE(pop=20,F=0.8,CR=0.9)",DE,0,30,0.0,0.03125,0.0017613651268554907,0.09392885432182788,7.575209429379062,6.6092871374391535,4.184120023661773,19.613239250864847
"CONT::ackley::d=10::b=(-30.0,30.0)::seed=3303920",ackley,cont,2000,0.001,"DE(pop=40,F=0.8,CR=0.9)",DE,0,30,0.0,0.03125,0.0015002021463554735,0.09630310383741784,16.487142754622027,16.45173528255352,13.220068462799649,19.227041080506577
"CONT::ackley::d=10::b=(-30.0,30.0)::seed=3303920",ackley,cont,2000,0.001,"PSO_STD(p=20,w=0.72,c1=1.49,c2=1.49)",PSO_STD,0,30,0.0,0.03125,0.001775050416873447,0.09365434314989624,0.5111054162571252,0.2593786548452841,0.03539573065762669,2.432604755202505
"CONT::ackley::d=10::b=(-30.0,30.0)::seed=3303920",ackley,cont,2000,0.001,"PSO_STD(p=40,w=0.72,c1=1.49,c2=1.49)",PSO_STD,0,30,0.0,0.03125,0.0015428204033019193,0.09755795843330038,2.1771578054361598,2.1941211538810816,0.5980580061424523,3.581506876860637
"CONT::ackley::d=10::b=(-30.0,30.0)::seed=3303920",ackley,cont,2000,0.001,"PSO_RING(p=20,ring,w=0.72,c1=1.49,c2=1.49)",PSO_RING,0,30,0.0,0.03125,0.0017497008704297683,0.086989568580083,2.5524544550433825,2.6061148653247153,1.2276658235740219,3.577586786997124
"CONT::ackley::d=10::b=(-30.0,30.0)::seed=3303920",ackley,cont,2000,0.001,"PSO_RING(p=40,ring,w=0.72,c1=1.49,c2=1.49)",PSO_RING,0,30,0.0,0.03125,0.0014615648248142142,0.09120181382490793,6.086898536428969,5.727003215877254,4.062270388884066,8.950040939066747
"CONT::ackley::d=10::b=(-30.0,30.0)::seed=3303920",ackley,cont,2000,0.001,"ES_ML(mu=10,lam=40,sigma=0.3)",ES_ML,0,30,0.0,0.03125,0.001580076958115787,0.09180410064512658,18.35898614872531,18.379026468348847,16.44072443916491,19.440676662208876
"CONT::ackley::d=10::b=(-30.0,30.0)::seed=3303920",ackley,cont,2000,0.001,"ES_ML(mu=20,lam=80,sigma=0.2)",ES_ML,0,30,0.0,0.03125,0.0015756074564007752,0.08669590159687988,18.372038745580344,18.57680627376576,15.427319801923542,19.173018902603484
"CONT::griewank::d=20::b=(-30.0,30.0)::seed=40739956",griewank,cont,2000,0.001,RS_CONT,RS_CONT,0,30,0.0,0.03125,0.0016589484229413542,0.09813598193895798,1.5763921109816816,1.6011437601299652,1.4130718473703585,1.7132518159081287
"CONT::griewank::d=20::b=(-30.0,30.0)::seed=40739956",griewank,cont,2000,0.001,HC_CONT(sigma=0.2),HC_CONT,0,30,0.0,0.03125,0.0014266685150993936,0.08752735013363941,0.060069500024719204,0.05050552614694942,0.01725637744739139,0.30935044283940827
"CONT::griewank::d=20::b=(-30.0,30.0)::seed=40739956",griewank,cont,2000,0.001,"SA_CONT(sigma=0.3,T0=1.0,alpha=0.995)",SA_CONT,0,30,0.0,0.03125,0.001782346889580418,0.09351617211204201,0.19721840685228414,0.15437758925977152,0.0814867591720847,1.414850191614274
"CONT::griewank::d=20::b=(-30.0,30.0)::seed=40739956",griewank,cont,2000,0.001,"DE(pop=20,F=0.8,CR=0.9)",DE,0,30,0.0,0.03125,0.0017491960704905955,0.09518639400973779,1.121083874161982,1.1149122545861787,1.0535203364498178,1.2353676571688395
"CONT::griewank::d=20::b=(-30.0,30.0)::seed=40739956",griewank,cont,2000,0.001,"DE(pop=40,F=0.8,CR=0.9)",DE,0,30,0.0,0.03125,0.0015637997483783808,0.09108846791994533,1.45733257707671,1.4521563954963703,1.3434831696941305,1.5948272709244302
"CONT::griewank::d=20::b=(-30.0,30.0)::seed=40739956",griewank,cont,2000,0.001,"PSO_STD(p=20,w=0.72,c1=1.49,c2=1.49)",PSO_STD,0,30,0.0,0.03125,0.0016641650230112231,0.09615737122383265,0.25938588580633415,0.2403278785121486,0.09387187835075805,0.7383329906405403
"CONT::griewank::d=20::b=(-30.0,30.0)::seed=40739956",griewank,cont,2000,0.001,"PSO_STD(p=40,w=0.72,c1=1.49,c2=1.49)",PSO_STD,0,30,0.0,0.03125,0.0013761306161378297,0.0951949584721679,0.8014486205789528,0.8167029260272016,0.40365515328586743,1.0081330929172059
"CONT::griewank::d=20::b=(-30.0,30.0)::seed=40739956",griewank,cont,2000,0.001,"PSO_RING(p=20,ring,w=0.72,c1=1.49,c2=1.49)",PSO_RING,0,30,0.0,0.03125,0.001518178750956945,0.09536681901045768,0.9450253749001275,0.9695030633340338,0.6347378448506982,1.031502725488493
"CONT::griewank::d=20::b=(-30.0,30.0)::seed=40739956",griewank,cont,2000,0.001,"PSO_RING(p=40,ring,w=0.72,c1=1.49,c2=1.49)",PSO_RING,0,30,0.0,0.03125,0.001831824516572409,0.08782070425023523,1.0729153472594604,1.073788329997491,1.032079211301171,1.1232729381723983
"CONT::griewank::d=20::b=(-30.0,30.0)::seed=40739956",griewank,cont,2000,0.001,"ES_ML(mu=10,lam=40,sigma=0.3)",ES_ML,0,30,0.0,0.03125,0.0015210570441466491,0.09338231731334747,1.0516725198992747,1.0482472145631985,1.0216391917024026,1.0948795161045775
"CONT::griewank::d=20::b=(-30.0,30.0)::seed=40739956",griewank,cont,2000,0.001,"ES_ML(mu=20,lam=80,sigma=0.2)",ES_ML,0,30,0.0,0.03125,0.001778572900649698,0.09313338766694397,1.599258305376577,1.627438050629926,1.204568820871732,1.7787184124148017
"CONT::sphere::d=10::b=(-30.0,30.0)::seed=844768476",sphere,cont,2000,0.0001,RS_CONT,RS_CONT,0,30,0.0,0.03125,0.0015177672948205277,0.0949996130538236,593.2699602892791,614.6715757360271,206.97128138088078,914.0029428205751
"CONT::sphere::d=10::b=(-30.0,30.0)::seed=844768476",sphere,cont,2000,0.0001,HC_CONT(sigma=0.2),HC_CONT,0,30,0.0,0.03125,0.00160783479857678,0.08986424427014801,0.06881286562326847,0.06732002800979636,0.041784231859968574,0.11181082826234587
"CONT::sphere::d=10::b=(-30.0,30.0)::seed=844768476",sphere,cont,2000,0.0001,"SA_CONT(sigma=0.3,T0=1.0,alpha=0.995)",SA_CONT,0,30,0.0,0.03125,0.0017608730388657043,0.09553475170345503,0.13827189161475706,0.14517017809837998,0.05071551830928723,0.21410534930613606
"CONT::sphere::d=10::b=(-30.0,30.0)::seed=844768476",sphere,cont,2000,0.0001,"DE(pop=20,F=0.8,CR=0.9)",DE,0,30,0.0,0.03125,0.0015432819322427525,0.08923928461823302,13.26808653585618,11.90231415026379,2.4169984918704825,57.437501189225166
"CONT::sphere::d=10::b=(-30.0,30.0)::seed=844768476",sphere,cont,2000,0.0001,"DE(pop=40,F=0.8,CR=0.9)",DE,0,30,0.0,0.03125,0.001731054350934551,0.09436176424361173,223.76858115100367,216.52393079161652,122.66332855997142,360.20287416490135
"CONT::sphere::d=10::b=(-30.0,30.0)::seed=844768476",sphere,cont,2000,0.0001,"PSO_STD(p=20,w=0.72,c1=1.49,c2=1.49)",PSO_STD,0,30,0.0,0.03125,0.0015497856180696282,0.09254954131339051,0.008583664141232758,0.004238434560817758,0.0008403734387574713,0.0649927736515891
"CONT::sphere::d=10::b=(-30.0,30.0)::seed=844768476",sphere,cont,2000,0.0001,"PSO_STD(p=40,w=0.72,c1=1.49,c2=1.49)",PSO_STD,0,30,0.0,0.03125,0.0015639674267641473,0.09645347243028304,0.6396134503068315,0.5322726042292601,0.13985040944823612,2.3450231496977354
"CONT::sphere::d=10::b=(-30.0,30.0)::seed=844768476",sphere,cont,2000,0.0001,"PSO_RING(p=20,ring,w=0.72,c1=1.49,c2=1.49)",PSO_RING,0,30,0.0,0.03125,0.0016739748128872165,0.09018665017343848,0.4898175024797736,0.35149427361155194,0.030035744137248868,1.919704772208505
"CONT::sphere::d=10::b=(-30.0,30.0)::seed=844768476",sphere,cont,2000,0.0001,"PSO_RING(p=40,ring,w=0.72,c1=1.49,c2=1.49)",PSO_RING,0,30,0.0,0.03125,0.0018148036467118339,0.09299858459038758,15.940896577005438,13.811763239331627,3.088953185578485,33.74336117109433
"CONT::sphere::d=10::b=(-30.0,30.0)::seed=844768476",sphere,cont,2000,0.0001,"ES_ML(mu=10,lam=40,sigma=0.3)",ES_ML,0,30,0.0,0.03125,0.001748277782515714,0.08837582994516814,9.294354147103276,7.264381274936959,3.2375845104010144,19.725338172217047
"CONT::sphere::d=10::b=(-30.0,30.0)::seed=844768476",sphere,cont,2000,0.0001,"ES_ML(mu=20,lam=80,sigma=0.2)",ES_ML,0,30,0.0,0.03125,0.0016180911583472603,0.09363849923043852,650.7023147744738,636.9013501717844,251.40525095390694,1123.9908356959647
"CONT::sphere::d=10::b=(-5.0,5.0)::seed=570151775",sphere,cont,2000,0.0001,RS_CONT,RS_CONT,0,30,0.0,0.03125,0.001968538355763154,0.09288079937727886,16.71066552797116,17.5763443007161,6.662127059909817,24.189206049732558
"CONT::sphere::d=10::b=(-5.0,5.0)::seed=570151775",sphere,cont,2000,0.0001,HC_CONT(sigma=0.2),HC_CONT,0,30,0.0,0.03125,0.0014895813386632602,0.09090856930760263,0.057896948701871266,0.05626033816320754,0.029895201633485934,0.1097055938855831
"CONT::sphere::d=10::b=(-5.0,5.0)::seed=570151775",sphere,cont,2000,0.0001,"SA_CONT(sigma=0.3,T0=1.0,alpha=0.995)",SA_CONT,0,30,0.0,0.03125,0.0014605379538098955,0.0878318415241722,0.13789682694671104,0.13328592090257055,0.06281834174755933,0.2153907707361004
"CONT::sphere::d=10::b=(-5.0,5.0)::seed=570151775",sphere,cont,2000,0.0001,"DE(pop=20,F=0.8,CR=0.9)",DE,0,30,0.0,0.03125,0.0021606391310127855,0.0961369559038279,0.4942782331969772,0.45731069483568143,0.09305280990009118,1.179561357384932
"CONT::sphere::d=10::b=(-5.0,5.0)::seed=570151775",sphere,cont,2000,0.0001,"DE(pop=40,F=0.8,CR=0.9)",DE,0,30,0.0,0.03125,0.0017379798253193781,0.09337230697313706,6.633004876739187,6.727587567004763,2.250374577043564,10.391581771746113
"CONT::sphere::d=10::b=(-5.0,5.0)::seed=570151775",sphere,cont,2000,0.0001,"PSO_STD(p=20,w=0.72,c1=1.49,c2=1.49)",PSO_STD,13,30,0.43333333333333335,0.4375,0.2926540540093826,0.5750485923082739,0.00018884557091360785,0.00012580784306098663,8.742449614841957e-06,0.0007924916660572069
"CONT::sphere::d=10::b=(-5.0,5.0)::seed=570151775",sphere,cont,2000,0.0001,"PSO_STD(p=40,w=0.72,c1=1.49,c2=1.49)",PSO_STD,0,30,0.0,0.03125,0.0018026133555311477,0.09141262320942843,0.015865004560104933,0.014597545501304147,0.002943620122394005,0.03862303418923109
"CONT::sphere::d=10::b=(-5.0,5.0)::seed=570151775",sphere,cont,2000,0.0001,"PSO_RING(p=20,ring,w=0.72,c1=1.49,c2=1.49)",PSO_RING,0,30,0.0,0.03125,0.0017397881510472927,0.09202720593366888,0.016600716092638752,0.01365414773190073,0.0025364880140947995,0.04810088785291183
"CONT::sphere::d=10::b=(-5.0,5.0)::seed=570151775",sphere,cont,2000,0.0001,"PSO_RING(p=40,ring,w=0.72,c1=1.49,c2=1.49)",PSO_RING,0,30,0.0,0.03125,0.0017371775069229352,0.09005662638081484,0.39299149538480854,0.33386431253903426,0.07836560426555866,1.0451085201297552
"CONT::sphere::d=10::b=(-5.0,5.0)::seed=570151775",sphere,cont,2000,0.0001,"ES_ML(mu=10,lam=40,sigma=0.3)",ES_ML,0,30,0.0,0.03125,0.0019796310056848826,0.09114500243042718,0.10584293547509388,0.087746599881024,0.028068988256828912,0.3077258142365223
"CONT::sphere::d=10::b=(-5.0,5.0)::seed=570151775",sphere,cont,2000,0.0001,"ES_ML(mu=20,lam=80,sigma=0.2)",ES_ML,0,30,0.0,0.03125,0.0015567690557303797,0.09733767569967834,0.6124151400188292,0.5350908260596514,0.12549253448936645,1.4241947550569518
"CONT::griewank::d=5::b=(-10.0,10.0)::seed=788695143",griewank,cont,2000,0.001,RS_CONT,RS_CONT,0,30,0.0,0.03125,0.0017072306626175447,0.09546621837887409,0.1860271895368425,0.18913026490502494,0.07635610557524719,0.3326473057923963
"CONT::griewank::d=5::b=(-10.0,10.0)::seed=788695143",griewank,cont,2000,0.001,HC_CONT(sigma=0.2),HC_CONT,0,30,0.0,0.03125,0.0015602137521372557,0.09172691018901484,0.1297924759662866,0.046675549027250685,0.01896942169101834,0.7684014195267401
"CONT::griewank::d=5::b=(-10.0,10.0)::seed=788695143",griewank,cont,2000,0.001,"SA_CONT(sigma=0.3,T0=1.0,alpha=0.995)",SA_CONT,0,30,0.0,0.03125,0.0018501702987123799,0.08839050218738921,0.06598410962903746,0.042452415135117993,0.0125167821295038,0.20234387120299246
"CONT::griewank::d=5::b=(-10.0,10.0)::seed=788695143",griewank,cont,2000,0.001,"DE(pop=20,F=0.8,CR=0.9)",DE,0,30,0.0,0.03125,0.0016316880870172507,0.08835897720571695,0.15556243596834626,0.14050364865622844,0.058226437356824645,0.2620628950422009
"CONT::griewank::d=5::b=(-10.0,10.0)::seed=788695143",griewank,cont,2000,0.001,"DE(pop=40,F=0.8,CR=0.9)",DE,0,30,0.0,0.03125,0.0015770076524278384,0.0883850060104024,0.20252651267874422,0.21099613324382238,0.06957242268021235,0.287479214854804
"CONT::griewank::d=5::b=(-10.0,10.0)::seed=788695143",griewank,cont,2000,0.001,"PSO_STD(p=20,w=0.72,c1=1.49,c2=1.49)",PSO_STD,1,30,0.03333333333333333,0.0625,0.011609570632314877,0.1459402186341519,0.04803582425319755,0.034496943547766334,1.259091176197824e-05,0.17919550240628768
"CONT::griewank::d=5::b=(-10.0,10.0)::seed=788695143",griewank,cont,2000,0.001,"PSO_STD(p=40,w=0.72,c1=1.49,c2=1.49)",PSO_STD,0,30,0.0,0.03125,0.0016076676391840778,0.09180880414041191,0.03982799788449594,0.0320785451056837,0.00994027797537711,0.16730650283893211
"CONT::griewank::d=5::b=(-10.0,10.0)::seed=788695143",griewank,cont,2000,0.001,"PSO_RING(p=20,ring,w=0.72,c1=1.49,c2=1.49)",PSO_RING,0,30,0.0,0.03125,0.00173037318153115,0.09824260667227334,0.02639945839320811,0.026353496293521572,0.00523779885392428,0.050368507051721245
"CONT::griewank::d=5::b=(-10.0,10.0)::seed=788695143",griewank,cont,2000,0.001,"PSO_RING(p=40,ring,w=0.72,c1=1.49,c2=1.49)",PSO_RING,0,30,0.0,0.03125,0.0017579120177197204,0.088295703508573,0.0337535665864752,0.03089060462899995,0.004189914198755473,0.09613353497487132
"CONT::griewank::d=5::b=(-10.0,10.0)::seed=788695143",griewank,cont,2000,0.001,"ES_ML(mu=10,lam=40,sigma=0.3)",ES_ML,0,30,0.0,0.03125,0.0015917043873594093,0.09225757800080742,0.04463129464070474,0.033317161963697606,0.012729394921449533,0.18467158030052433
"CONT::griewank::d=5::b=(-10.0,10.0)::seed=788695143",griewank,cont,2000,0.001,"ES_ML(mu=20,lam=80,sigma=0.2)",ES_ML,0,30,0.0,0.03125,0.0017105255511981592,0.09411263340311568,0.05020815418032508,0.0459696050213389,0.013716036256678832,0.18628438375272238
"CONT::levy::d=20::b=(-10.0,10.0)::seed=408936282",levy,cont,2000,0.01,RS_CONT,RS_CONT,0,30,0.0,0.03125,0.0017410597124870803,0.09259801287518654,69.2823083464266,70.36909933364932,48.02989047096388,82.62373184638834
"CONT::levy::d=20::b=(-10.0,10.0)::seed=408936282",levy,cont,2000,0.01,HC_CONT(sigma=0.2),HC_CONT,0,30,0.0,0.03125,0.0014644902474236154,0.09465461826393161,43.25859092368446,42.6118781708805,24.04703933424802,59.91347938455346
"CONT::levy::d=20::b=(-10.0,10.0)::seed=408936282",levy,cont,2000,0.01,"SA_CONT(sigma=0.3,T0=1.0,alpha=0.995)",SA_CONT,0,30,0.0,0.03125,0.0020161291018466563,0.09073000324006465,43.8326225437882,43.52844212938771,20.198849238483337,63.63887546667195
"CONT::levy::d=20::b=(-10.0,10.0)::seed=408936282",levy,cont,2000,0.01,"DE(pop=20,F=0.8,CR=0.9)",DE,0,30,0.0,0.03125,0.00154565898764621,0.09012834320419144,28.887866502634164,25.317985730264603,11.261716285992696,56.23909225329119
"CONT::levy::d=20::b=(-10.0,10.0)::seed=408936282",levy,cont,2000,0.01,"DE(pop=40,F=0.8,CR=0.9)",DE,0,30,0.0,0.03125,0.001690039331841601,0.0905681581368496,76.59297874134602,75.15510732189291,54.1914719528607,105.18626493399658
"CONT::levy::d=20::b=(-10.0,10.0)::seed=408936282",levy,cont,2000,0.01,"PSO_STD(p=20,w=0.72,c1=1.49,c2=1.49)",PSO_STD,0,30,0.0,0.03125,0.0017488986915691251,0.10085060053866052,7.300010611708095,6.852734583691548,1.1728555619579328,18.823589903866615
"CONT::levy::d=20::b=(-10.0,10.0)::seed=408936282",levy,cont,2000,0.01,"PSO_STD(p=40,w=0.72,c1=1.49,c2=1.49)",PSO_STD,0,30,0.0,0.03125,0.0018903412306741888,0.0909372252204665,6.079959570576402,5.394067592180682,0.7240943683456175,19.101515872312163
"CONT::levy::d=20::b=(-10.0,10.0)::seed=408936282",levy,cont,2000,0.01,"PSO_RING(p=20,ring,w=0.72,c1=1.49,c2=1.49)",PSO_RING,0,30,0.0,0.03125,0.0015727401491850638,0.0923513084713241,8.227777271294977,7.619282903059932,3.549077825287027,18.637199764160382
"CONT::levy::d=20::b=(-10.0,10.0)::seed=408936282",levy,cont,2000,0.01,"PSO_RING(p=40,ring,w=0.72,c1=1.49,c2=1.49)",PSO_RING,0,30,0.0,0.03125,0.0014740183020257776,0.09473442286677604,17.019483122360597,17.332650373228507,6.956598457337687,29.519325902765026
"CONT::levy::d=20::b=(-10.0,10.0)::seed=408936282",levy,cont,2000,0.01,"ES_ML(mu=10,lam=40,sigma=0.3)",ES_ML,0,30,0.0,0.03125,0.0016165918296901223,0.08586484127217014,29.632324013157348,30.266180336795934,15.533097103097163,50.72291185402226
"CONT::levy::d=20::b=(-10.0,10.0)::seed=408936282",levy,cont,2000,0.01,"ES_ML(mu=20,lam=80,sigma=0.2)",ES_ML,0,30,0.0,0.03125,0.001866706556801649,0.08913090498616714,32.31894392575122,32.62011401178526,18.832455332280816,47.684039829448714
"CONT::rastrigin::d=20::b=(-5.0,5.0)::seed=346448963",rastrigin,cont,2000,0.001,RS_CONT,RS_CONT,0,30,0.0,0.03125,0.001971507287507789,0.09182433988000743,214.92157908980238,215.13230194170245,182.3188690272138,237.93952403175828
"CONT::rastrigin::d=20::b=(-5.0,5.0)::seed=346448963",rastrigin,cont,2000,0.001,HC_CONT(sigma=0.2),HC_CONT,0,30,0.0,0.03125,0.0017741018508985018,0.09175427085793679,209.50295695592476,207.89783780447868,162.95411732690255,259.6937971876232
"CONT::rastrigin::d=20::b=(-5.0,5.0)::seed=346448963",rastrigin,cont,2000,0.001,"SA_CONT(sigma=0.3,T0=1.0,alpha=0.995)",SA_CONT,0,30,0.0,0.03125,0.001576230828912234,0.09251480227152951,218.7850606052254,215.0083924185564,157.1779844848868,300.6337232282226
"CONT::rastrigin::d=20::b=(-5.0,5.0)::seed=346448963",rastrigin,cont,2000,0.001,"DE(pop=20,F=0.8,CR=0.9)",DE,0,30,0.0,0.03125,0.0014280197050661927,0.09028972813261489,184.08302859526688,183.78368812025263,146.5044050925788,211.686297480541
"CONT::rastrigin::d=20::b=(-5.0,5.0)::seed=346448963",rastrigin,cont,2000,0.001,"DE(pop=40,F=0.8,CR=0.9)",DE,0,30,0.0,0.03125,0.0018106351662293464,0.09128015960621765,216.12106017579688,215.22805396920427,189.18946559076534,240.1134130430773
"CONT::rastrigin::d=20::b=(-5.0,5.0)::seed=346448963",rastrigin,cont,2000,0.001,"PSO_STD(p=20,w=0.72,c1=1.49,c2=1.49)",PSO_STD,0,30,0.0,0.03125,0.0012079161683214875,0.08668776852448408,88.08003953911508,83.42870496245393,40.84586054732702,156.56292771229226
"CONT::rastrigin::d=20::b=(-5.0,5.0)::seed=346448963",rastrigin,cont,2000,0.001,"PSO_STD(p=40,w=0.72,c1=1.49,c2=1.49)",PSO_STD,0,30,0.0,0.03125,0.0015999781872092494,0.09206037633640488,127.18165226980094,118.16329504373613,69.7075601487922,181.92017778164782
"CONT::rastrigin::d=20::b=(-5.0,5.0)::seed=346448963",rastrigin,cont,2000,0.001,"PSO_RING(p=20,ring,w=0.72,c1=1.49,c2=1.49)",PSO_RING,0,30,0.0,0.03125,0.0016047628283628165,0.09255349895054789,107.53623355964395,109.0999750101301,65.62963929912519,145.81474058110095
"CONT::rastrigin::d=20::b=(-5.0,5.0)::seed=346448963",rastrigin,cont,2000,0.001,"PSO_RING(p=40,ring,w=0.72,c1=1.49,c2=1.49)",PSO_RING,0,30,0.0,0.03125,0.0016648197322903385,0.09406927904549114,141.6476484190252,143.39424211143825,107.63444458458694,169.84148066931482
"CONT::rastrigin::d=20::b=(-5.0,5.0)::seed=346448963",rastrigin,cont,2000,0.001,"ES_ML(mu=10,lam=40,sigma=0.3)",ES_ML,0,30,0.0,0.03125,0.001924626966361903,0.09645226158304675,99.3987390524735,97.3672696679464,75.03306898506312,131.662683138562
"CONT::rastrigin::d=20::b=(-5.0,5.0)::seed=346448963",rastrigin,cont,2000,0.001,"ES_ML(mu=20,lam=80,sigma=0.2)",ES_ML,0,30,0.0,0.03125,0.001765774325338091,0.09289565906477203,144.8580153831831,146.30745706599583,109.76519545144794,166.95245466153568
"CONT::levy::d=20::b=(-10.0,10.0)::seed=820160065",levy,cont,2000,0.01,RS_CONT,RS_CONT,0,30,0.0,0.03125,0.001741024454135092,0.09604345945071965,65.5916057087556,65.753715754832,40.126639219251786,82.7591004640806
"CONT::levy::d=20::b=(-10.0,10.0)::seed=820160065",levy,cont,2000,0.01,HC_CONT(sigma=0.2),HC_CONT,0,30,0.0,0.03125,0.0015435820005284039,0.09498335656806065,42.627974420509,41.51785847497744,27.086628571764123,63.35026368103214
"CONT::levy::d=20::b=(-10.0,10.0)::seed=820160065",levy,cont,2000,0.01,"SA_CONT(sigma=0.3,T0=1.0,alpha=0.995)",SA_CONT,0,30,0.0,0.03125,0.0017059222948078627,0.0953149551470005,44.22114063723872,44.4435761506244,20.068426508250905,61.6665317984376
"CONT::levy::d=20::b=(-10.0,10.0)::seed=820160065",levy,cont,2000,0.01,"DE(pop=20,F=0.8,CR=0.9)",DE,0,30,0.0,0.03125,0.0016582727851948583,0.08793581856542525,30.54011274019263,29.52983492100699,14.6109259851268,46.59901740559556
"CONT::levy::d=20::b=(-10.0,10.0)::seed=820160065",levy,cont,2000,0.01,"DE(pop=40,F=0.8,CR=0.9)",DE,0,30,0.0,0.03125,0.0017855431034250414,0.09433453828754064,79.13076551227473,73.53939015266984,56.05967918497853,119.38691625760734
"CONT::levy::d=20::b=(-10.0,10.0)::seed=820160065",levy,cont,2000,0.01,"PSO_STD(p=20,w=0.72,c1=1.49,c2=1.49)",PSO_STD,0,30,0.0,0.03125,0.0016739575188300623,0.0970492169028846,5.584315268915722,4.583917996023368,0.5133264086303936,13.28744170866257
"CONT::levy::d=20::b=(-10.0,10.0)::seed=820160065",levy,cont,2000,0.01,"PSO_STD(p=40,w=0.72,c1=1.49,c2=1.49)",PSO_STD,0,30,0.0,0.03125,0.0016348823689979878,0.09020690351614477,7.5751840679963856,6.682125549718375,1.9400822187222009,22.525265611796755
"CONT::levy::d=20::b=(-10.0,10.0)::seed=820160065",levy,cont,2000,0.01,"PSO_RING(p=20,ring,w=0.72,c1=1.49,c2=1.49)",PSO_RING,0,30,0.0,0.03125,0.0015709838376321377,0.08733807226788573,8.798882815241969,7.453868192624245,2.231968350994915,18.604006829112347
"CONT::levy::d=20::b=(-10.0,10.0)::seed=820160065",levy,cont,2000,0.01,"PSO_RING(p=40,ring,w=0.72,c1=1.49,c2=1.49)",PSO_RING,0,30,0.0,0.03125,0.001716721177030797,0.09040556932010384,17.972838005946883,18.42138124653923,8.062770018354033,27.976884802285344
"CONT::levy::d=20::b=(-10.0,10.0)::seed=820160065",levy,cont,2000,0.01,"ES_ML(mu=10,lam=40,sigma=0.3)",ES_ML,0,30,0.0,0.03125,0.0017383331975670024,0.09178686476291664,30.477593047468236,31.23648244954042,16.18390178189762,39.71937744672247
"CONT::levy::d=20::b=(-10.0,10.0)::seed=820160065",levy,cont,2000,0.01,"ES_ML(mu=20,lam=80,sigma=0.2)",ES_ML,0,30,0.0,0.03125,0.001721408819691602,0.09170927899835075,31.28749205530977,31.98194754115759,20.339336464621628,40.99847508727184
"CONT::sphere::d=20::b=(-30.0,30.0)::seed=32819289",sphere,cont,2000,0.0001,RS_CONT,RS_CONT,0,30,0.0,0.03125,0.0017175918183705101,0.09270821543591604,2381.9879221637684,2454.4355809999333,1685.4015136031512,2847.884871438949
"CONT::sphere::d=20::b=(-30.0,30.0)::seed=32819289",sphere,cont,2000,0.0001,HC_CONT(sigma=0.2),HC_CONT,0,30,0.0,0.03125,0.0018497938214187908,0.090479576217978,0.4375490152774122,0.42759674169598016,0.25465608178055243,0.7222871821315519
"CONT::sphere::d=20::b=(-30.0,30.0)::seed=32819289",sphere,cont,2000,0.0001,"SA_CONT(sigma=0.3,T0=1.0,alpha=0.995)",SA_CONT,0,30,0.0,0.03125,0.0017809727569164718,0.08795724864080695,0.8620333948032658,0.8552606771162522,0.48188058407047807,1.1873871146863635
"CONT::sphere::d=20::b=(-30.0,30.0)::seed=32819289",sphere,cont,2000,0.0001,"DE(pop=20,F=0.8,CR=0.9)",DE,0,30,0.0,0.03125,0.001670855009373716,0.0919395316706109,462.2572530059093,428.4739213728195,213.3837564307318,759.7937505022028
"CONT::sphere::d=20::b=(-30.0,30.0)::seed=32819289",sphere,cont,2000,0.0001,"DE(pop=40,F=0.8,CR=0.9)",DE,0,30,0.0,0.03125,0.0017132987270240822,0.0869691446724053,1940.0031178737024,1962.6282300098014,1182.5489190326275,2536.053079421942
"CONT::sphere::d=20::b=(-30.0,30.0)::seed=32819289",sphere,cont,2000,0.0001,"PSO_STD(p=20,w=0.72,c1=1.49,c2=1.49)",PSO_STD,0,30,0.0,0.03125,0.0017898724045116302,0.09192277652399254,4.315368728317822,3.171416497293469,0.2432591150016485,15.92886762497433
"CONT::sphere::d=20::b=(-30.0,30.0)::seed=32819289",sphere,cont,2000,0.0001,"PSO_STD(p=40,w=0.72,c1=1.49,c2=1.49)",PSO_STD,0,30,0.0,0.03125,0.0013137217960067012,0.09136954615347073,34.43715400156741,29.24176507054009,11.121998364519602,98.76217120199263
"CONT::sphere::d=20::b=(-30.0,30.0)::seed=32819289",sphere,cont,2000,0.0001,"PSO_RING(p=20,ring,w=0.72,c1=1.49,c2=1.49)",PSO_RING,0,30,0.0,0.03125,0.0016113669090647461,0.09311599416945097,58.04145545681433,53.50015916155269,24.11218550222941,103.56976282425168
"CONT::sphere::d=20::b=(-30.0,30.0)::seed=32819289",sphere,cont,2000,0.0001,"PSO_RING(p=40,ring,w=0.72,c1=1.49,c2=1.49)",PSO_RING,0,30,0.0,0.03125,0.0015351557599999554,0.09180055545056015,290.8396045295188,274.1979182729077,149.3505071053251,556.1249552036854
"CONT::sphere::d=20::b=(-30.0,30.0)::seed=32819289",sphere,cont,2000,0.0001,"ES_ML(mu=10,lam=40,sigma=0.3)",ES_ML,0,30,0.0,0.03125,0.0015054486434009412,0.09601471278678933,197.94779223147881,195.7776708670371,71.81804921325232,406.64593232561106
"CONT::sphere::d=20::b=(-30.0,30.0)::seed=32819289",sphere,cont,2000,0.0001,"ES_ML(mu=20,lam=80,sigma=0.2)",ES_ML,0,30,0.0,0.03125,0.0016301371941615573,0.08618143006423064,2406.3654352520343,2442.4087410773795,927.2032446077073,3197.034196712128
"CONT::sphere::d=20::b=(-10.0,10.0)::seed=966185258",sphere,cont,2000,0.0001,RS_CONT,RS_CONT,0,30,0.0,0.03125,0.0015710098082441092,0.09411700795277264,260.49659621747236,271.30395757725626,156.24464732977717,302.760112199027
"CONT::sphere::d=20::b=(-10.0,10.0)::seed=966185258",sphere,cont,2000,0.0001,HC_CONT(sigma=0.2),HC_CONT,0,30,0.0,0.03125,0.0012676015757779123,0.08970474848132072,0.37823207147616156,0.37445376324616964,0.22801963660127267,0.6880029853856682
"CONT::sphere::d=20::b=(-10.0,10.0)::seed=966185258",sphere,cont,2000,0.0001,"SA_CONT(sigma=0.3,T0=1.0,alpha=0.995)",SA_CONT,0,30,0.0,0.03125,0.0016392990356959031,0.09543696967406938,0.8336349383931698,0.8230952851047653,0.5570473732750368,1.1104771126838533
"CONT::sphere::d=20::b=(-10.0,10.0)::seed=966185258",sphere,cont,2000,0.0001,"DE(pop=20,F=0.8,CR=0.9)",DE,0,30,0.0,0.03125,0.0016834586385100446,0.09667666421710931,59.767140337408016,56.69621391288757,23.02181948327363,106.07032800116457
"CONT::sphere::d=20::b=(-10.0,10.0)::seed=966185258",sphere,cont,2000,0.0001,"DE(pop=40,F=0.8,CR=0.9)",DE,0,30,0.0,0.03125,0.0018387418042370614,0.0931214443045617,196.9157735978611,193.05906964731827,82.66320009892533,301.1374056541427
"CONT::sphere::d=20::b=(-10.0,10.0)::seed=966185258",sphere,cont,2000,0.0001,"PSO_STD(p=20,w=0.72,c1=1.49,c2=1.49)",PSO_STD,0,30,0.0,0.03125,0.0019059473703307921,0.0955265072427014,0.4112917635876888,0.28006396990792815,0.058595954476332784,1.6119614569510745
"CONT::sphere::d=20::b=(-10.0,10.0)::seed=966185258",sphere,cont,2000,0.0001,"PSO_STD(p=40,w=0.72,c1=1.49,c2=1.49)",PSO_STD,0,30,0.0,0.03125,0.0016684925623238803,0.09167317246395143,3.520943590867365,2.9790124065279766,0.6625574090733289,7.17482818016803
"CONT::sphere::d=20::b=(-10.0,10.0)::seed=966185258",sphere,cont,2000,0.0001,"PSO_RING(p=20,ring,w=0.72,c1=1.49,c2=1.49)",PSO_RING,0,30,0.0,0.03125,0.0014126349260327868,0.09065846513935488,6.351077902107774,5.463012629367299,2.9347992221728973,16.78219445337715
"CONT::sphere::d=20::b=(-10.0,10.0)::seed=966185258",sphere,cont,2000,0.0001,"PSO_RING(p=40,ring,w=0.72,c1=1.49,c2=1.49)",PSO_RING,0,30,0.0,0.03125,0.001778368919363033,0.08970866575196888,31.180744175046765,33.168630605960054,16.19649959274299,46.92472925436378
"CONT::sphere::d=20::b=(-10.0,10.0)::seed=966185258",sphere,cont,2000,0.0001,"ES_ML(mu=10,lam=40,sigma=0.3)",ES_ML,0,30,0.0,0.03125,0.0016974605520607856,0.09024159421535903,9.726200918340982,10.054340290543163,3.967541371862384,16.282518803051367
"CONT::sphere::d=20::b=(-10.0,10.0)::seed=966185258",sphere,cont,2000,0.0001,"ES_ML(mu=20,lam=80,sigma=0.2)",ES_ML,0,30,0.0,0.03125,0.001285924352134899,0.08911241435127022,91.54073498870234,90.60936967375311,46.2763642472473,153.37788103518525
"CONT::sphere::d=5::b=(-10.0,10.0)::seed=593709446",sphere,cont,2000,0.0001,RS_CONT,RS_CONT,0,30,0.0,0.03125,0.0013979642247663236,0.08877561415558284,7.427236588312272,7.560962603658464,0.8130170956254344,19.22823501807687
"CONT::sphere::d=5::b=(-10.0,10.0)::seed=593709446",sphere,cont,2000,0.0001,HC_CONT(sigma=0.2),HC_CONT,0,30,0.0,0.03125,0.0020608147029529296,0.08979290204723327,0.007688032729290917,0.007869019901113525,0.0023683089389427113,0.011779807554220681
"CONT::sphere::d=5::b=(-10.0,10.0)::seed=593709446",sphere,cont,2000,0.0001,"SA_CONT(sigma=0.3,T0=1.0,alpha=0.995)",SA_CONT,0,30,0.0,0.03125,0.001527177448788953,0.09318880234010758,0.015455905353864737,0.014985324815087653,0.005797472301808279,0.025232705450994704
"CONT::sphere::d=5::b=(-10.0,10.0)::seed=593709446",sphere,cont,2000,0.0001,"DE(pop=20,F=0.8,CR=0.9)",DE,12,30,0.4,0.40625,0.27306118870047136,0.5539008909586409,0.00023861201553997802,0.00012717016467846592,2.685447924063823e-06,0.0008766790615353975
"CONT::sphere::d=5::b=(-10.0,10.0)::seed=593709446",sphere,cont,2000,0.0001,"DE(pop=40,F=0.8,CR=0.9)",DE,0,30,0.0,0.03125,0.0018829456199658979,0.08824330439343113,0.12296906873514615,0.09716968456080247,0.015585457718127563,0.4477378891454143
"CONT::sphere::d=5::b=(-10.0,10.0)::seed=593709446",sphere,cont,2000,0.0001,"PSO_STD(p=20,w=0.72,c1=1.49,c2=1.49)",PSO_STD,30,30,1.0,0.96875,0.9101938072372131,0.9984835716906235,3.260107780600475e-07,1.7779085102902202e-07,8.414532671801846e-09,1.6794122406717089e-06
"CONT::sphere::d=5::b=(-10.0,10.0)::seed=593709446",sphere,cont,2000,0.0001,"PSO_STD(p=40,w=0.72,c1=1.49,c2=1.49)",PSO_STD,3,30,0.1,0.125,0.04559823758777393,0.23222204466690816,0.0004518923309271419,0.00033860445371740756,7.948214635793367e-06,0.0027570278604255997
"CONT::sphere::d=5::b=(-10.0,10.0)::seed=593709446",sphere,cont,2000,0.0001,"PSO_RING(p=20,ring,w=0.72,c1=1.49,c2=1.49)",PSO_RING,26,30,0.8666666666666667,0.84375,0.7230220753382178,0.9315606671896259,4.420246479132309e-05,2.7107169198607365e-05,5.849745002437118e-07,0.00018478550763081962
"CONT::sphere::d=5::b=(-10.0,10.0)::seed=593709446",sphere,cont,2000,0.0001,"PSO_RING(p=40,ring,w=0.72,c1=1.49,c2=1.49)",PSO_RING,0,30,0.0,0.03125,0.0016074113390175963,0.09215860397853136,0.015869181843593934,0.013371520110022347,0.0007070983256844211,0.0575749762364097
"CONT::sphere::d=5::b=(-10.0,10.0)::seed=593709446",sphere,cont,2000,0.0001,"ES_ML(mu=10,lam=40,sigma=0.3)",ES_ML,0,30,0.0,0.03125,0.0019789148642128437,0.09297546479593394,0.01674817494513499,0.01615476875140863,0.0038592025375691857,0.04130054855991206
"CONT::sphere::d=5::b=(-10.0,10.0)::seed=593709446",sphere,cont,2000,0.0001,"ES_ML(mu=20,lam=80,sigma=0.2)",ES_ML,0,30,0.0,0.03125,0.0016403400901392217,0.0980936714681798,0.08796578977664445,0.07342238715971049,0.012676003953850845,0.23202063065483547
"CONT::ackley::d=5::b=(-10.0,10.0)::seed=188046708",ackley,cont,2000,0.001,RS_CONT,RS_CONT,0,30,0.0,0.03125,0.0017648658071179972,0.09545223270161615,6.150392442516636,6.417899930648408,3.809963865915265,7.688669434603275
"CONT::ackley::d=5::b=(-10.0,10.0)::seed=188046708",ackley,cont,2000,0.001,HC_CONT(sigma=0.2),HC_CONT,0,30,0.0,0.03125,0.0017198405947959016,0.09043232639681706,13.25183532812183,13.956661370924012,7.464319642905938,15.759719170645164
"CONT::ackley::d=5::b=(-10.0,10.0)::seed=188046708",ackley,cont,2000,0.001,"SA_CONT(sigma=0.3,T0=1.0,alpha=0.995)",SA_CONT,0,30,0.0,0.03125,0.0015993550846230642,0.09012411692726939,1.428223863010375,0.4151367145938374,0.13776795628159677,13.67666962286682
"CONT::ackley::d=5::b=(-10.0,10.0)::seed=188046708",ackley,cont,2000,0.001,"DE(pop=20,F=0.8,CR=0.9)",DE,0,30,0.0,0.03125,0.0016663881956089288,0.09152710001688381,0.03784697561354955,0.03395597254328431,0.0076704044072397615,0.12304573113718265
"CONT::ackley::d=5::b=(-10.0,10.0)::seed=188046708",ackley,cont,2000,0.001,"DE(pop=40,F=0.8,CR=0.9)",DE,0,30,0.0,0.03125,0.0012741316622709082,0.0939518113679883,1.6867631118426314,1.7992159116401916,0.5486770977194984,2.562972921638196
"CONT::ackley::d=5::b=(-10.0,10.0)::seed=188046708",ackley,cont,2000,0.001,"PSO_STD(p=20,w=0.72,c1=1.49,c2=1.49)",PSO_STD,12,30,0.4,0.40625,0.26963677103519723,0.5495258690557481,0.0011131623621838985,0.0010670244168715648,0.0003804912119211856,0.002609079456725727
"CONT::ackley::d=5::b=(-10.0,10.0)::seed=188046708",ackley,cont,2000,0.001,"PSO_STD(p=40,w=0.72,c1=1.49,c2=1.49)",PSO_STD,0,30,0.0,0.03125,0.0016483891805723668,0.09095628723295016,0.03576857141349483,0.031538403454318686,0.011756238780141093,0.10645525183576199
"CONT::ackley::d=5::b=(-10.0,10.0)::seed=188046708",ackley,cont,2000,0.001,"PSO_RING(p=20,ring,w=0.72,c1=1.49,c2=1.49)",PSO_RING,0,30,0.0,0.03125,0.0014296199199992185,0.09087342593308007,0.014754549936993034,0.014921423138826828,0.0014587364506870593,0.030732216506966115
"CONT::ackley::d=5::b=(-10.0,10.0)::seed=188046708",ackley,cont,2000,0.001,"PSO_RING(p=40,ring,w=0.72,c1=1.49,c2=1.49)",PSO_RING,0,30,0.0,0.03125,0.0017235992349095375,0.09236693247237052,0.4308206911700739,0.37126574706558424,0.07601608868007093,1.4975938288358859
"CONT::ackley::d=5::b=(-10.0,10.0)::seed=188046708",ackley,cont,2000,0.001,"ES_ML(mu=10,lam=40,sigma=0.3)",ES_ML,0,30,0.0,0.03125,0.0015844048166652875,0.08996938147006103,0.3317871370639679,0.3036524811033332,0.08201705281016602,0.7392336792026062
"CONT::ackley::d=5::b=(-10.0,10.0)::seed=188046708",ackley,cont,2000,0.001,"ES_ML(mu=20,lam=80,sigma=0.2)",ES_ML,0,30,0.0,0.03125,0.0015502853154806668,0.09045003659758084,2.0489219283775197,1.5704813766138916,0.2545122729510898,7.82601901547085
"CONT::rastrigin::d=20::b=(-5.0,5.0)::seed=238230197",rastrigin,cont,2000,0.001,RS_CONT,RS_CONT,0,30,0.0,0.03125,0.0018177096209103872,0.08914074825721695,213.11936664120236,214.68995853419597,190.5548058186633,232.56905336917185
"CONT::rastrigin::d=20::b=(-5.0,5.0)::seed=238230197",rastrigin,cont,2000,0.001,HC_CONT(sigma=0.2),HC_CONT,0,30,0.0,0.03125,0.0016128250126619332,0.09305896339216109,215.35473051423756,207.95708323446138,155.9804386841064,283.62173726142885
"CONT::rastrigin::d=20::b=(-5.0,5.0)::seed=238230197",rastrigin,cont,2000,0.001,"SA_CONT(sigma=0.3,T0=1.0,alpha=0.995)",SA_CONT,0,30,0.0,0.03125,0.0017151688443975655,0.08572998401168082,230.915751282717,225.22436339540985,168.2557265582158,298.02922379540905
"CONT::rastrigin::d=20::b=(-5.0,5.0)::seed=238230197",rastrigin,cont,2000,0.001,"DE(pop=20,F=0.8,CR=0.9)",DE,0,30,0.0,0.03125,0.0015683006921398985,0.09157216716215302,186.81866974847344,187.51316747682998,140.16745932072504,209.19489598865565
"CONT::rastrigin::d=20::b=(-5.0,5.0)::seed=238230197",rastrigin,cont,2000,0.001,"DE(pop=40,F=0.8,CR=0.9)",DE,0,30,0.0,0.03125,0.0017331444417293953,0.09016142800391048,217.44240491826451,215.86354243085066,183.4981144557134,245.72702711500102
"CONT::rastrigin::d=20::b=(-5.0,5.0)::seed=238230197",rastrigin,cont,2000,0.001,"PSO_STD(p=20,w=0.72,c1=1.49,c2=1.49)",PSO_STD,0,30,0.0,0.03125,0.001683270752439618,0.09624512657362327,95.96168444100748,95.22005282442888,50.65061732718567,142.08027068298546
"CONT::rastrigin::d=20::b=(-5.0,5.0)::seed=238230197",rastrigin,cont,2000,0.001,"PSO_STD(p=40,w=0.72,c1=1.49,c2=1.49)",PSO_STD,0,30,0.0,0.03125,0.0014598883135413811,0.09012134416273467,122.39216490282776,126.84639552896564,78.37736028751911,162.21188279629746
"CONT::rastrigin::d=20::b=(-5.0,5.0)::seed=238230197",rastrigin,cont,2000,0.001,"PSO_RING(p=20,ring,w=0.72,c1=1.49,c2=1.49)",PSO_RING,0,30,0.0,0.03125,0.0015397755816453063,0.09264622454937295,111.61186457956688,115.39477913772265,81.92280694995769,143.23576859922235
"CONT::rastrigin::d=20::b=(-5.0,5.0)::seed=238230197",rastrigin,cont,2000,0.001,"PSO_RING(p=40,ring,w=0.72,c1=1.49,c2=1.49)",PSO_RING,0,30,0.0,0.03125,0.0017587171954516864,0.09512094059729881,144.255791223669,145.40029724338106,94.91117431414756,180.32927404579183
"CONT::rastrigin::d=20::b=(-5.0,5.0)::seed=238230197",rastrigin,cont,2000,0.001,"ES_ML(mu=10,lam=40,sigma=0.3)",ES_ML,0,30,0.0,0.03125,0.0016537705441321536,0.09363373013364264,99.15072675276353,95.17850777028968,61.80715204971369,141.34093293187547
"CONT::rastrigin::d=20::b=(-5.0,5.0)::seed=238230197",rastrigin,cont,2000,0.001,"ES_ML(mu=20,lam=80,sigma=0.2)",ES_ML,0,30,0.0,0.03125,0.0013760299329903876,0.0966644818012382,146.2709718174418,145.10012444267903,113.46303942322702,179.4318784000486
"CONT::rosenbrock::d=20::b=(-5.0,5.0)::seed=877082216",rosenbrock,cont,2000,0.01,RS_CONT,RS_CONT,0,30,0.0,0.03125,0.0019032668840167045,0.08930254953161677,46871.35676373752,47456.12313871461,26043.14817534416,77004.34503101096
"CONT::rosenbrock::d=20::b=(-5.0,5.0)::seed=877082216",rosenbrock,cont,2000,0.01,HC_CONT(sigma=0.2),HC_CONT,0,30,0.0,0.03125,0.0017857939111521838,0.0889602739220301,73.69112014936478,59.52972677396647,42.59368091226008,179.67500611912195
"CONT::rosenbrock::d=20::b=(-5.0,5.0)::seed=877082216",rosenbrock,cont,2000,0.01,"SA_CONT(sigma=0.3,T0=1.0,alpha=0.995)",SA_CONT,0,30,0.0,0.03125,0.0017495147225459104,0.09404387679818484,129.0597314152714,115.10398013084463,71.05143653732428,302.2247312357686
"CONT::rosenbrock::d=20::b=(-5.0,5.0)::seed=877082216",rosenbrock,cont,2000,0.01,"DE(pop=20,F=0.8,CR=0.9)",DE,0,30,0.0,0.03125,0.0014777920708599708,0.09391604372934356,4704.246068627238,4579.136391708418,691.2689799411872,11910.789253992189
"CONT::rosenbrock::d=20::b=(-5.0,5.0)::seed=877082216",rosenbrock,cont,2000,0.01,"DE(pop=40,F=0.8,CR=0.9)",DE,0,30,0.0,0.03125,0.0016100996775661556,0.08961243260140406,35776.088706867304,34647.21829883303,18509.46229802526,56020.27788415554
"CONT::rosenbrock::d=20::b=(-5.0,5.0)::seed=877082216",rosenbrock,cont,2000,0.01,"PSO_STD(p=20,w=0.72,c1=1.49,c2=1.49)",PSO_STD,0,30,0.0,0.03125,0.0014939991953392092,0.0977995237105741,270.78401503066897,81.89642143991293,28.235543029680578,2593.2202888856914
"CONT::rosenbrock::d=20::b=(-5.0,5.0)::seed=877082216",rosenbrock,cont,2000,0.01,"PSO_STD(p=40,w=0.72,c1=1.49,c2=1.49)",PSO_STD,0,30,0.0,0.03125,0.0018687729613740239,0.09171319814423994,395.37268898023206,257.4774784079594,102.50074413501287,2697.2979416484363
"CONT::rosenbrock::d=20::b=(-5.0,5.0)::seed=877082216",rosenbrock,cont,2000,0.01,"PSO_RING(p=20,ring,w=0.72,c1=1.49,c2=1.49)",PSO_RING,0,30,0.0,0.03125,0.0015706926480163785,0.09412166854571666,450.3385859627309,405.2037678524688,150.1637019234519,1073.5846571753088
"CONT::rosenbrock::d=20::b=(-5.0,5.0)::seed=877082216",rosenbrock,cont,2000,0.01,"PSO_RING(p=40,ring,w=0.72,c1=1.49,c2=1.49)",PSO_RING,0,30,0.0,0.03125,0.0017291653656455349,0.09224849303664791,2141.7559529038076,1957.4968098367563,505.8177226321026,5539.755939132584
"CONT::rosenbrock::d=20::b=(-5.0,5.0)::seed=877082216",rosenbrock,cont,2000,0.01,"ES_ML(mu=10,lam=40,sigma=0.3)",ES_ML,0,30,0.0,0.03125,0.001683332016682185,0.09558209551520387,233.36589951550468,201.76920456169893,93.51603260418142,523.38343709561
"CONT::rosenbrock::d=20::b=(-5.0,5.0)::seed=877082216",rosenbrock,cont,2000,0.01,"ES_ML(mu=20,lam=80,sigma=0.2)",ES_ML,0,30,0.0,0.03125,0.0017880978275947325,0.09380073510492794,2098.7695103666247,1807.3625364560721,612.2491769121602,5634.887251034906
"CONT::griewank::d=10::b=(-10.0,10.0)::seed=85979202",griewank,cont,2000,0.001,RS_CONT,RS_CONT,0,30,0.0,0.03125,0.0015787617849804794,0.09740085381466086,0.6745726635497972,0.6872501556321258,0.5487514721869114,0.804690579068053
"CONT::griewank::d=10::b=(-10.0,10.0)::seed=85979202",griewank,cont,2000,0.001,HC_CONT(sigma=0.2),HC_CONT,0,30,0.0,0.03125,0.0017643894727804694,0.08878077353787271,0.10882488745889303,0.0926721820175343,0.008580366848587317,0.2683591675129826
"CONT::griewank::d=10::b=(-10.0,10.0)::seed=85979202",griewank,cont,2000,0.001,"SA_CONT(sigma=0.3,T0=1.0,alpha=0.995)",SA_CONT,0,30,0.0,0.03125,0.0014806094223862182,0.09150761979241807,0.12465376527527784,0.10157113908100823,0.05495464960590146,0.2793664822269697
"CONT::griewank::d=10::b=(-10.0,10.0)::seed=85979202",griewank,cont,2000,0.001,"DE(pop=20,F=0.8,CR=0.9)",DE,0,30,0.0,0.03125,0.0017792546068813287,0.09112901658874985,0.6169145997502379,0.6297540323202593,0.3321278212900096,0.7749842046551026
"CONT::griewank::d=10::b=(-10.0,10.0)::seed=85979202",griewank,cont,2000,0.001,"DE(pop=40,F=0.8,CR=0.9)",DE,0,30,0.0,0.03125,0.001646461583377756,0.09275742450245854,0.6790262498511702,0.6720737086538153,0.5328593091679151,0.8111667083515528
"CONT::griewank::d=10::b=(-10.0,10.0)::seed=85979202",griewank,cont,2000,0.001,"PSO_STD(p=20,w=0.72,c1=1.49,c2=1.49)",PSO_STD,0,30,0.0,0.03125,0.0015108908834539766,0.0940272308770512,0.09228261465511188,0.07513965529366479,0.029856725545405194,0.28423655744883947
"CONT::griewank::d=10::b=(-10.0,10.0)::seed=85979202",griewank,cont,2000,0.001,"PSO_STD(p=40,w=0.72,c1=1.49,c2=1.49)",PSO_STD,0,30,0.0,0.03125,0.0015222361353230698,0.09188688153612136,0.1356855369689134,0.10645304965059621,0.00953920966192523,0.4628960512052137
"CONT::griewank::d=10::b=(-10.0,10.0)::seed=85979202",griewank,cont,2000,0.001,"PSO_RING(p=20,ring,w=0.72,c1=1.49,c2=1.49)",PSO_RING,0,30,0.0,0.03125,0.0017011749887667054,0.08770690368274167,0.10963696610134455,0.09794446362081888,0.043532718784948465,0.23466059529444505
"CONT::griewank::d=10::b=(-10.0,10.0)::seed=85979202",griewank,cont,2000,0.001,"PSO_RING(p=40,ring,w=0.72,c1=1.49,c2=1.49)",PSO_RING,0,30,0.0,0.03125,0.0017058264302443368,0.08625994301761364,0.2187280436163342,0.2153301500994736,0.09155922852943599,0.33196977200078326
"CONT::griewank::d=10::b=(-10.0,10.0)::seed=85979202",griewank,cont,2000,0.001,"ES_ML(mu=10,lam=40,sigma=0.3)",ES_ML,0,30,0.0,0.03125,0.0017109051510543886,0.08865562180500534,0.09421623400926332,0.08287596071643866,0.047756092029613506,0.26277552530564674
"CONT::griewank::d=10::b=(-10.0,10.0)::seed=85979202",griewank,cont,2000,0.001,"ES_ML(mu=20,lam=80,sigma=0.2)",ES_ML,0,30,0.0,0.03125,0.0016991689921023443,0.09401767247931016,0.13370448163933676,0.12464404922312328,0.06742275122473429,0.26156592346456087
"CONT::sphere::d=5::b=(-10.0,10.0)::seed=370046573",sphere,cont,2000,0.0001,RS_CONT,RS_CONT,0,30,0.0,0.03125,0.0016415176973212748,0.09275568950717229,8.394042686553385,8.656505399406207,3.369142106095859,14.373558337416439
"CONT::sphere::d=5::b=(-10.0,10.0)::seed=370046573",sphere,cont,2000,0.0001,HC_CONT(sigma=0.2),HC_CONT,0,30,0.0,0.03125,0.0015380707700952323,0.09554556516233727,0.0061721731841351,0.006160753729345747,0.001611654612217303,0.01078959786224332
"CONT::sphere::d=5::b=(-10.0,10.0)::seed=370046573",sphere,cont,2000,0.0001,"SA_CONT(sigma=0.3,T0=1.0,alpha=0.995)",SA_CONT,0,30,0.0,0.03125,0.0016969020803023296,0.09150874989210286,0.01570383041703076,0.014210091480288433,0.004928190800291885,0.033974839728562085
"CONT::sphere::d=5::b=(-10.0,10.0)::seed=370046573",sphere,cont,2000,0.0001,"DE(pop=20,F=0.8,CR=0.9)",DE,10,30,0.3333333333333333,0.34375,0.21868525945185693,0.48187164482584605,0.0005126795705951297,0.00014933971109201862,1.9999164277537052e-05,0.005019305590676454
"CONT::sphere::d=5::b=(-10.0,10.0)::seed=370046573",sphere,cont,2000,0.0001,"DE(pop=40,F=0.8,CR=0.9)",DE,0,30,0.0,0.03125,0.0018512267206449232,0.09449799466698544,0.1039960400952528,0.07449712132234243,0.02205183090911794,0.2770427280723121
"CONT::sphere::d=5::b=(-10.0,10.0)::seed=370046573",sphere,cont,2000,0.0001,"PSO_STD(p=20,w=0.72,c1=1.49,c2=1.49)",PSO_STD,30,30,1.0,0.96875,0.907195530006712,0.9984420143149134,6.139922483854109e-07,1.56732759655646e-07,4.034810426132976e-08,3.786464955591203e-06
"CONT::sphere::d=5::b=(-10.0,10.0)::seed=370046573",sphere,cont,2000,0.0001,"PSO_STD(p=40,w=0.72,c1=1.49,c2=1.49)",PSO_STD,4,30,0.13333333333333333,0.15625,0.06453951577323404,0.26820626289583,0.0004108601765225598,0.0002967273756515013,4.274602921094225e-05,0.0019354678338611045
"CONT::sphere::d=5::b=(-10.0,10.0)::seed=370046573",sphere,cont,2000,0.0001,"PSO_RING(p=20,ring,w=0.72,c1=1.49,c2=1.49)",PSO_RING,21,30,0.7,0.6875,0.5584042233642728,0.8089043897108271,8.443213280782139e-05,4.007294902729274e-05,1.6429884301196184e-06,0.0005135178538486958
"CONT::sphere::d=5::b=(-10.0,10.0)::seed=370046573",sphere,cont,2000,0.0001,"PSO_RING(p=40,ring,w=0.72,c1=1.49,c2=1.49)",PSO_RING,0,30,0.0,0.03125,0.001344613648690567,0.08947708929668755,0.011611677734620083,0.010994031782169771,0.0008993557710993352,0.02661752676955898
"CONT::sphere::d=5::b=(-10.0,10.0)::seed=370046573",sphere,cont,2000,0.0001,"ES_ML(mu=10,lam=40,sigma=0.3)",ES_ML,0,30,0.0,0.03125,0.0016027853136568913,0.09119928026563551,0.015476283001556172,0.01510839615899517,0.0029630579983700315,0.03815636072116139
"CONT::sphere::d=5::b=(-10.0,10.0)::seed=370046573",sphere,cont,2000,0.0001,"ES_ML(mu=20,lam=80,sigma=0.2)",ES_ML,0,30,0.0,0.03125,0.0015941102961782988,0.09138149308906961,0.08763790819386513,0.0591695501273945,0.0036226676329523273,0.3017168427776601
"CONT::rastrigin::d=20::b=(-10.0,10.0)::seed=612020737",rastrigin,cont,2000,0.001,RS_CONT,RS_CONT,0,30,0.0,0.03125,0.0017649701177029613,0.09639547725006486,449.44743075208055,455.3118917756025,380.79400368161754,498.73830666027567
"CONT::rastrigin::d=20::b=(-10.0,10.0)::seed=612020737",rastrigin,cont,2000,0.001,HC_CONT(sigma=0.2),HC_CONT,0,30,0.0,0.03125,0.0016206823128356285,0.09102848111905684,646.2165085302314,670.3291056392225,246.47422127233588,968.7073543486301
"CONT::rastrigin::d=20::b=(-10.0,10.0)::seed=612020737",rastrigin,cont,2000,0.001,"SA_CONT(sigma=0.3,T0=1.0,alpha=0.995)",SA_CONT,0,30,0.0,0.03125,0.0014833691156445094,0.09839110149556435,547.669671259091,552.5842437419169,337.90848648262164,848.9833312833836
"CONT::rastrigin::d=20::b=(-10.0,10.0)::seed=612020737",rastrigin,cont,2000,0.001,"DE(pop=20,F=0.8,CR=0.9)",DE,0,30,0.0,0.03125,0.0019447839705843994,0.09303788878481208,226.5394262482752,225.52878542824004,177.0216540733476,285.5732055751945
"CONT::rastrigin::d=20::b=(-10.0,10.0)::seed=612020737",rastrigin,cont,2000,0.001,"DE(pop=40,F=0.8,CR=0.9)",DE,0,30,0.0,0.03125,0.001898194740541856,0.08872727414157155,391.92264218566964,393.65580296528276,246.62020348675998,480.74651768945813
"CONT::rastrigin::d=20::b=(-10.0,10.0)::seed=612020737",rastrigin,cont,2000,0.001,"PSO_STD(p=20,w=0.72,c1=1.49,c2=1.49)",PSO_STD,0,30,0.0,0.03125,0.0013843707565949837,0.09599608026631717,105.76133289082374,98.20499453954139,43.420589367816746,204.16258414684094
"CONT::rastrigin::d=20::b=(-10.0,10.0)::seed=612020737",rastrigin,cont,2000,0.001,"PSO_STD(p=40,w=0.72,c1=1.49,c2=1.49)",PSO_STD,0,30,0.0,0.03125,0.001438495270748254,0.0958244207976375,140.9352862376148,140.371636275934,67.93417045695605,207.66094312740205
"CONT::rastrigin::d=20::b=(-10.0,10.0)::seed=612020737",rastrigin,cont,2000,0.001,"PSO_RING(p=20,ring,w=0.72,c1=1.49,c2=1.49)",PSO_RING,0,30,0.0,0.03125,0.0017668965991821477,0.09290931906584182,135.31729231097034,134.66421822781098,76.89408479824621,180.13473447320558
"CONT::rastrigin::d=20::b=(-10.0,10.0)::seed=612020737",rastrigin,cont,2000,0.001,"PSO_RING(p=40,ring,w=0.72,c1=1.49,c2=1.49)",PSO_RING,0,30,0.0,0.03125,0.001683693877897877,0.08704916748036187,208.00312237357963,208.65902113978058,160.94057850020877,257.34367265592437
"CONT::rastrigin::d=20::b=(-10.0,10.0)::seed=612020737",rastrigin,cont,2000,0.001,"ES_ML(mu=10,lam=40,sigma=0.3)",ES_ML,0,30,0.0,0.03125,0.0015835980665706599,0.08823300225153018,267.49043741709795,258.89078260294275,161.30659761689358,420.60827145540844
"CONT::rastrigin::d=20::b=(-10.0,10.0)::seed=612020737",rastrigin,cont,2000,0.001,"ES_ML(mu=20,lam=80,sigma=0.2)",ES_ML,0,30,0.0,0.03125,0.0014801286017333366,0.08960892398803125,380.870496312105,376.2525765898837,267.4060266378035,482.52975020066407
"CONT::griewank::d=10::b=(-30.0,30.0)::seed=896784421",griewank,cont,2000,0.001,RS_CONT,RS_CONT,0,30,0.0,0.03125,0.001370519920629849,0.09294577343389629,1.1052545169958843,1.1169465190211565,0.8299165343075219,1.198613236157365
"CONT::griewank::d=10::b=(-30.0,30.0)::seed=896784421",griewank,cont,2000,0.001,HC_CONT(sigma=0.2),HC_CONT,0,30,0.0,0.03125,0.0017644418202148004,0.09099629507983163,0.7020822010274137,0.6472792738455854,0.30423010553499674,1.3711199964866458
"CONT::griewank::d=10::b=(-30.0,30.0)::seed=896784421",griewank,cont,2000,0.001,"SA_CONT(sigma=0.3,T0=1.0,alpha=0.995)",SA_CONT,0,30,0.0,0.03125,0.001787099133874108,0.09730729019005838,0.5873148290155742,0.5907788601545982,0.18943221851572578,1.0816241278725978
"CONT::griewank::d=10::b=(-30.0,30.0)::seed=896784421",griewank,cont,2000,0.001,"DE(pop=20,F=0.8,CR=0.9)",DE,0,30,0.0,0.03125,0.0013101543656066598,0.08885184798545091,0.8000425462364835,0.816166148518147,0.5855193682572681,0.9552885985020748
"CONT::griewank::d=10::b=(-30.0,30.0)::seed=896784421",griewank,cont,2000,0.001,"DE(pop=40,F=0.8,CR=0.9)",DE,0,30,0.0,0.03125,0.0017807113710370012,0.09100259231206977,0.956854761074167,0.9637501542521899,0.7984541572460762,1.0660750326770405
"CONT::griewank::d=10::b=(-30.0,30.0)::seed=896784421",griewank,cont,2000,0.001,"PSO_STD(p=20,w=0.72,c1=1.49,c2=1.49)",PSO_STD,0,30,0.0,0.03125,0.0013110706911094794,0.0906809082428301,0.17178618398361375,0.14531925767528342,0.015205458099366798,0.4388862032585066
"CONT::griewank::d=10::b=(-30.0,30.0)::seed=896784421",griewank,cont,2000,0.001,"PSO_STD(p=40,w=0.72,c1=1.49,c2=1.49)",PSO_STD,0,30,0.0,0.03125,0.0016050108181695053,0.09471910536220648,0.44114655866037705,0.49008116669248536,0.11095589922532745,0.7782718708343728
"CONT::griewank::d=10::b=(-30.0,30.0)::seed=896784421",griewank,cont,2000,0.001,"PSO_RING(p=20,ring,w=0.72,c1=1.49,c2=1.49)",PSO_RING,0,30,0.0,0.03125,0.0015095006011317026,0.09215747605470591,0.23636653464157734,0.23533736648108355,0.03310734936641546,0.537319325792379
"CONT::griewank::d=10::b=(-30.0,30.0)::seed=896784421",griewank,cont,2000,0.001,"PSO_RING(p=40,ring,w=0.72,c1=1.49,c2=1.49)",PSO_RING,0,30,0.0,0.03125,0.0015771281832564542,0.0907910659116278,0.4924706376619906,0.4883103654046258,0.14587559219373425,0.7120817217951763
"CONT::griewank::d=10::b=(-30.0,30.0)::seed=896784421",griewank,cont,2000,0.001,"ES_ML(mu=10,lam=40,sigma=0.3)",ES_ML,0,30,0.0,0.03125,0.0016318173503213225,0.09155521452565708,0.43661631956356367,0.43408387348212996,0.23883950142606136,0.6844742352936231
"CONT::griewank::d=10::b=(-30.0,30.0)::seed=896784421",griewank,cont,2000,0.001,"ES_ML(mu=20,lam=80,sigma=0.2)",ES_ML,0,30,0.0,0.03125,0.0017635318001899694,0.0940534320233476,0.44475399346736055,0.4172952501201831,0.3020345979737271,0.6856323271059444
"CONT::ackley::d=10::b=(-5.0,5.0)::seed=389853702",ackley,cont,2000,0.001,RS_CONT,RS_CONT,0,30,0.0,0.03125,0.0018731506583211264,0.09109970711492617,6.015633441780057,6.033399584593484,5.041951236392276,6.959697606709689
"CONT::ackley::d=10::b=(-5.0,5.0)::seed=389853702",ackley,cont,2000,0.001,HC_CONT(sigma=0.2),HC_CONT,0,30,0.0,0.03125,0.0017712037306256802,0.08932439158123269,8.541710202900523,8.930948283521218,5.9611943426574605,10.429762492111593
"CONT::ackley::d=10::b=(-5.0,5.0)::seed=389853702",ackley,cont,2000,0.001,"SA_CONT(sigma=0.3,T0=1.0,alpha=0.995)",SA_CONT,0,30,0.0,0.03125,0.0015176357132602018,0.08755903898868854,1.2210157393221017,1.1386875848628066,0.7663730870270595,1.767560654544401
"CONT::ackley::d=10::b=(-5.0,5.0)::seed=389853702",ackley,cont,2000,0.001,"DE(pop=20,F=0.8,CR=0.9)",DE,0,30,0.0,0.03125,0.0016714877204600477,0.08899484736994212,2.067920786881296,2.208211199954184,0.7787312405267852,3.152924128364312
"CONT::ackley::d=10::b=(-5.0,5.0)::seed=389853702",ackley,cont,2000,0.001,"DE(pop=40,F=0.8,CR=0.9)",DE,0,30,0.0,0.03125,0.0015873685399423138,0.10031739124685372,4.550620307963935,4.649078451700461,3.4331389684986537,5.416011546567123
"CONT::ackley::d=10::b=(-5.0,5.0)::seed=389853702",ackley,cont,2000,0.001,"PSO_STD(p=20,w=0.72,c1=1.49,c2=1.49)",PSO_STD,0,30,0.0,0.03125,0.0018542839806846823,0.09147555306925532,0.1887360689373691,0.020005936031149307,0.005880603235457915,1.6602850871369559
"CONT::ackley::d=10::b=(-5.0,5.0)::seed=389853702",ackley,cont,2000,0.001,"PSO_STD(p=40,w=0.72,c1=1.49,c2=1.49)",PSO_STD,0,30,0.0,0.03125,0.0016240854034394762,0.0926195456576294,0.24839188897477507,0.22558181230766516,0.08019594792942941,0.5188716654875631
"CONT::ackley::d=10::b=(-5.0,5.0)::seed=389853702",ackley,cont,2000,0.001,"PSO_RING(p=20,ring,w=0.72,c1=1.49,c2=1.49)",PSO_RING,0,30,0.0,0.03125,0.0017197646804038714,0.09182888750111046,0.38506808814872356,0.3006738935959281,0.1352433796673087,1.2860210010978688
"CONT::ackley::d=10::b=(-5.0,5.0)::seed=389853702",ackley,cont,2000,0.001,"PSO_RING(p=40,ring,w=0.72,c1=1.49,c2=1.49)",PSO_RING,0,30,0.0,0.03125,0.001714199192717625,0.09285563376591215,2.083486229169225,2.1380813546702275,0.8842763684277242,2.768722801635971
"CONT::ackley::d=10::b=(-5.0,5.0)::seed=389853702",ackley,cont,2000,0.001,"ES_ML(mu=10,lam=40,sigma=0.3)",ES_ML,0,30,0.0,0.03125,0.0016081796955187933,0.08995490365397939,0.8883255530623188,0.8150285487762141,0.4361651879693125,1.3467396537262286
"CONT::ackley::d=10::b=(-5.0,5.0)::seed=389853702",ackley,cont,2000,0.001,"ES_ML(mu=20,lam=80,sigma=0.2)",ES_ML,0,30,0.0,0.03125,0.0018603402871458278,0.08825710930131861,2.2969850374315057,2.329395514921853,1.0747963063947812,2.986999080464518
"CONT::ackley::d=5::b=(-30.0,30.0)::seed=861871632",ackley,cont,2000,0.001,RS_CONT,RS_CONT,0,30,0.0,0.03125,0.00172026175223541,0.08883820482629647,12.173004293015222,12.460085094177204,8.458709265209695,15.368012389313884
"CONT::ackley::d=5::b=(-30.0,30.0)::seed=861871632",ackley,cont,2000,0.001,HC_CONT(sigma=0.2),HC_CONT,0,30,0.0,0.03125,0.002008298085330658,0.09326482854244182,19.06491791828028,19.334280470624314,16.515927632205685,19.847133431619266
"CONT::ackley::d=5::b=(-30.0,30.0)::seed=861871632",ackley,cont,2000,0.001,"SA_CONT(sigma=0.3,T0=1.0,alpha=0.995)",SA_CONT,0,30,0.0,0.03125,0.0022185758024620686,0.08718370055789751,18.862298285461907,19.24176039179256,15.40353640015757,19.976258288911424
"CONT::ackley::d=5::b=(-30.0,30.0)::seed=861871632",ackley,cont,2000,0.001,"DE(pop=20,F=0.8,CR=0.9)",DE,0,30,0.0,0.03125,0.001760614809862452,0.0989423974353918,0.32632050757478387,0.14306234696238507,0.03813057768903194,1.7749178682409483
"CONT::ackley::d=5::b=(-30.0,30.0)::seed=861871632",ackley,cont,2000,0.001,"DE(pop=40,F=0.8,CR=0.9)",DE,0,30,0.0,0.03125,0.0015358015984955904,0.09399830316941106,4.532057148967113,4.1304136206116,2.1708800159089354,11.705398384110937
"CONT::ackley::d=5::b=(-30.0,30.0)::seed=861871632",ackley,cont,2000,0.001,"PSO_STD(p=20,w=0.72,c1=1.49,c2=1.49)",PSO_STD,0,30,0.0,0.03125,0.001582247298399261,0.09260736727947903,0.0033139527445831558,0.002554361424179863,0.0010109460755001187,0.00954114743557044
"CONT::ackley::d=5::b=(-30.0,30.0)::seed=861871632",ackley,cont,2000,0.001,"PSO_STD(p=40,w=0.72,c1=1.49,c2=1.49)",PSO_STD,0,30,0.0,0.03125,0.0017890817416567036,0.09585954741723107,0.17447755524022432,0.1508145315808389,0.019176083273269473,0.43253736845620283
"CONT::ackley::d=5::b=(-30.0,30.0)::seed=861871632",ackley,cont,2000,0.001,"PSO_RING(p=20,ring,w=0.72,c1=1.49,c2=1.49)",PSO_RING,0,30,0.0,0.03125,0.0015287226617333343,0.09568823758322524,0.05912048351009742,0.04895933102302452,0.005847800459410468,0.17939434240625873
"CONT::ackley::d=5::b=(-30.0,30.0)::seed=861871632",ackley,cont,2000,0.001,"PSO_RING(p=40,ring,w=0.72,c1=1.49,c2=1.49)",PSO_RING,0,30,0.0,0.03125,0.0017929224910486713,0.09103831429374647,1.6109139181360765,1.6876396130354743,0.2820421046540287,2.933638853980302
"CONT::ackley::d=5::b=(-30.0,30.0)::seed=861871632",ackley,cont,2000,0.001,"ES_ML(mu=10,lam=40,sigma=0.3)",ES_ML,0,30,0.0,0.03125,0.0015556477559107622,0.08821795903182367,14.813315900859505,17.533160892975705,0.6375896536074497,19.033677323042056
"CONT::ackley::d=5::b=(-30.0,30.0)::seed=861871632",ackley,cont,2000,0.001,"ES_ML(mu=20,lam=80,sigma=0.2)",ES_ML,0,30,0.0,0.03125,0.0017767206969588262,0.09297613921792165,15.601788815128847,15.92780478170374,8.573862557614518,18.435580082055655
"CONT::rosenbrock::d=10::b=(-5.0,5.0)::seed=501082359",rosenbrock,cont,2000,0.01,RS_CONT,RS_CONT,0,30,0.0,0.03125,0.0016901846120729283,0.09110597785101296,5275.377361938715,5262.00187219996,1712.7506159034572,8493.509196357756
"CONT::rosenbrock::d=10::b=(-5.0,5.0)::seed=501082359",rosenbrock,cont,2000,0.01,HC_CONT(sigma=0.2),HC_CONT,0,30,0.0,0.03125,0.001317780193771325,0.09240252523650558,27.03666476161378,13.44704126923397,7.759349799499794,150.89844891997203
"CONT::rosenbrock::d=10::b=(-5.0,5.0)::seed=501082359",rosenbrock,cont,2000,0.01,"SA_CONT(sigma=0.3,T0=1.0,alpha=0.995)",SA_CONT,0,30,0.0,0.03125,0.0015377566497975397,0.09129272060420493,32.497439906669975,21.131815586571015,13.191864440519094,142.12099640082644
"CONT::rosenbrock::d=10::b=(-5.0,5.0)::seed=501082359",rosenbrock,cont,2000,0.01,"DE(pop=20,F=0.8,CR=0.9)",DE,0,30,0.0,0.03125,0.0018419840867943502,0.09505674474424924,97.10303468298369,84.1617810025968,26.217574905891738,293.08190927646507
"CONT::rosenbrock::d=10::b=(-5.0,5.0)::seed=501082359",rosenbrock,cont,2000,0.01,"DE(pop=40,F=0.8,CR=0.9)",DE,0,30,0.0,0.03125,0.0017970661749588223,0.09120390770503355,1179.0019577436544,1013.2092323945368,442.88187880534366,2379.7273516870896
"CONT::rosenbrock::d=10::b=(-5.0,5.0)::seed=501082359",rosenbrock,cont,2000,0.01,"PSO_STD(p=20,w=0.72,c1=1.49,c2=1.49)",PSO_STD,0,30,0.0,0.03125,0.0016567980876549715,0.0910624933868345,36.86360091794722,7.977373921746253,1.6356091391713456,490.70499493317624
"CONT::rosenbrock::d=10::b=(-5.0,5.0)::seed=501082359",rosenbrock,cont,2000,0.01,"PSO_STD(p=40,w=0.72,c1=1.49,c2=1.49)",PSO_STD,0,30,0.0,0.03125,0.0017522630607909912,0.09435251590569589,35.653343151336756,13.284993587352893,5.891380319295775,220.16821873679174
"CONT::rosenbrock::d=10::b=(-5.0,5.0)::seed=501082359",rosenbrock,cont,2000,0.01,"PSO_RING(p=20,ring,w=0.72,c1=1.49,c2=1.49)",PSO_RING,0,30,0.0,0.03125,0.001866961564807195,0.08976475218167229,23.365789899574565,12.542450035578595,3.4923409750999097,121.96156650706124
"CONT::rosenbrock::d=10::b=(-5.0,5.0)::seed=501082359",rosenbrock,cont,2000,0.01,"PSO_RING(p=40,ring,w=0.72,c1=1.49,c2=1.49)",PSO_RING,0,30,0.0,0.03125,0.0016174144287085916,0.09094570653719733,87.91855598318428,92.55426479019494,23.518285208013854,158.39167437020097
"CONT::rosenbrock::d=10::b=(-5.0,5.0)::seed=501082359",rosenbrock,cont,2000,0.01,"ES_ML(mu=10,lam=40,sigma=0.3)",ES_ML,0,30,0.0,0.03125,0.0018855756153022768,0.09810384804141123,19.591119677680087,16.205089577379656,10.3914248149607,84.18138155113891
"CONT::rosenbrock::d=10::b=(-5.0,5.0)::seed=501082359",rosenbrock,cont,2000,0.01,"ES_ML(mu=20,lam=80,sigma=0.2)",ES_ML,0,30,0.0,0.03125,0.0014249085008098325,0.09056920461914714,93.82722139661628,83.50329184919056,28.550440454153865,226.69942724181706
"CONT::ackley::d=20::b=(-5.0,5.0)::seed=2032269",ackley,cont,2000,0.001,RS_CONT,RS_CONT,0,30,0.0,0.03125,0.001463583165119821,0.08739618903850724,7.721011474027209,7.752260093216589,7.158466986030403,8.234784483570241
"CONT::ackley::d=20::b=(-5.0,5.0)::seed=2032269",ackley,cont,2000,0.001,HC_CONT(sigma=0.2),HC_CONT,0,30,0.0,0.03125,0.0016944355749011794,0.0919914059965938,8.17540232542476,8.459932241391758,4.087832273142599,10.354126306108698
"CONT::ackley::d=20::b=(-5.0,5.0)::seed=2032269",ackley,cont,2000,0.001,"SA_CONT(sigma=0.3,T0=1.0,alpha=0.995)",SA_CONT,0,30,0.0,0.03125,0.0016112419883011818,0.08895677097695459,2.640653511700445,2.452924720294073,1.8005532941195495,5.586580351868118
"CONT::ackley::d=20::b=(-5.0,5.0)::seed=2032269",ackley,cont,2000,0.001,"DE(pop=20,F=0.8,CR=0.9)",DE,0,30,0.0,0.03125,0.001948349557198035,0.09302921325155859,4.536616347516301,4.493347880764134,3.483609506781456,5.8323433138693375
"CONT::ackley::d=20::b=(-5.0,5.0)::seed=2032269",ackley,cont,2000,0.001,"DE(pop=40,F=0.8,CR=0.9)",DE,0,30,0.0,0.03125,0.0016623218509445611,0.09022897826828523,7.249738229308644,7.404757157124745,5.765792668382506,8.09877498704583
"CONT::ackley::d=20::b=(-5.0,5.0)::seed=2032269",ackley,cont,2000,0.001,"PSO_STD(p=20,w=0.72,c1=1.49,c2=1.49)",PSO_STD,0,30,0.0,0.03125,0.0017546304288220873,0.09112285499659883,1.5242401125996712,1.4718038372478905,0.2119366348110785,5.094928895196286
"CONT::ackley::d=20::b=(-5.0,5.0)::seed=2032269",ackley,cont,2000,0.001,"PSO_STD(p=40,w=0.72,c1=1.49,c2=1.49)",PSO_STD,0,30,0.0,0.03125,0.0015415508564019587,0.09347547511274819,2.275268637431192,2.361723516048141,0.48456234545578214,2.967354621639686
"CONT::ackley::d=20::b=(-5.0,5.0)::seed=2032269",ackley,cont,2000,0.001,"PSO_RING(p=20,ring,w=0.72,c1=1.49,c2=1.49)",PSO_RING,0,30,0.0,0.03125,0.0015611107496915624,0.08848196609529474,2.733077525719033,2.7825039402408422,1.7549809953774056,3.3955341224861866
"CONT::ackley::d=20::b=(-5.0,5.0)::seed=2032269",ackley,cont,2000,0.001,"PSO_RING(p=40,ring,w=0.72,c1=1.49,c2=1.49)",PSO_RING,0,30,0.0,0.03125,0.0017204143218118957,0.09545723720617366,4.222280676856768,4.285148157905592,3.207031470107293,4.998239038620763
"CONT::ackley::d=20::b=(-5.0,5.0)::seed=2032269",ackley,cont,2000,0.001,"ES_ML(mu=10,lam=40,sigma=0.3)",ES_ML,0,30,0.0,0.03125,0.0015512171409600684,0.09388324219575706,2.6507405712328933,2.690448588502696,1.875924428425979,3.218230512664491
"CONT::ackley::d=20::b=(-5.0,5.0)::seed=2032269",ackley,cont,2000,0.001,"ES_ML(mu=20,lam=80,sigma=0.2)",ES_ML,0,30,0.0,0.03125,0.0015847989220697657,0.09277211940907432,4.352790650954984,4.376731098975769,3.5758688456403367,5.036989586330037
"CONT::rastrigin::d=20::b=(-5.0,5.0)::seed=555287659",rastrigin,cont,2000,0.001,RS_CONT,RS_CONT,0,30,0.0,0.03125,0.0015602978852789404,0.08992884168425434,211.681359608843,213.7469379442005,163.7448157515313,239.91804254116357
"CONT::rastrigin::d=20::b=(-5.0,5.0)::seed=555287659",rastrigin,cont,2000,0.001,HC_CONT(sigma=0.2),HC_CONT,0,30,0.0,0.03125,0.0015817853683909582,0.09270243638700906,204.4494855767372,206.99898268663117,132.21528719091336,259.36836157261484
"CONT::rastrigin::d=20::b=(-5.0,5.0)::seed=555287659",rastrigin,cont,2000,0.001,"SA_CONT(sigma=0.3,T0=1.0,alpha=0.995)",SA_CONT,0,30,0.0,0.03125,0.0016083562033245085,0.09173551478456043,224.5137614307013,229.48649693892636,158.4279788056001,277.9197837266115
"CONT::rastrigin::d=20::b=(-5.0,5.0)::seed=555287659",rastrigin,cont,2000,0.001,"DE(pop=20,F=0.8,CR=0.9)",DE,0,30,0.0,0.03125,0.001609605653650489,0.09525858565350037,184.05448955481967,189.17417445534704,144.85891053744143,207.08042390648205
"CONT::rastrigin::d=20::b=(-5.0,5.0)::seed=555287659",rastrigin,cont,2000,0.001,"DE(pop=40,F=0.8,CR=0.9)",DE,0,30,0.0,0.03125,0.001865470109143259,0.0907572420559312,216.13498879921642,219.3117967076177,154.5990141689456,241.82734412956776
"CONT::rastrigin::d=20::b=(-5.0,5.0)::seed=555287659",rastrigin,cont,2000,0.001,"PSO_STD(p=20,w=0.72,c1=1.49,c2=1.49)",PSO_STD,0,30,0.0,0.03125,0.0015273542928768051,0.09882674274253628,90.78599271864928,88.63703090654175,36.74207302004797,143.90716269941973
"CONT::rastrigin::d=20::b=(-5.0,5.0)::seed=555287659",rastrigin,cont,2000,0.001,"PSO_STD(p=40,w=0.72,c1=1.49,c2=1.49)",PSO_STD,0,30,0.0,0.03125,0.0019344323954338459,0.09168555553461913,122.83243335290764,121.70643021192643,95.64951798771557,157.5541351231285
"CONT::rastrigin::d=20::b=(-5.0,5.0)::seed=555287659",rastrigin,cont,2000,0.001,"PSO_RING(p=20,ring,w=0.72,c1=1.49,c2=1.49)",PSO_RING,0,30,0.0,0.03125,0.0018203565918739606,0.09151576319387288,110.59320121120938,115.03966267075454,66.66393230730952,166.09601993439094
"CONT::rastrigin::d=20::b=(-5.0,5.0)::seed=555287659",rastrigin,cont,2000,0.001,"PSO_RING(p=40,ring,w=0.72,c1=1.49,c2=1.49)",PSO_RING,0,30,0.0,0.03125,0.0015711829018111843,0.09534109273103021,142.388234236427,143.4738869011939,117.04482084932842,172.04099028129338
"CONT::rastrigin::d=20::b=(-5.0,5.0)::seed=555287659",rastrigin,cont,2000,0.001,"ES_ML(mu=10,lam=40,sigma=0.3)",ES_ML,0,30,0.0,0.03125,0.0015395760794627478,0.0883280304230976,104.03829872705782,101.00509423559548,75.53440902318233,143.30360049609914
"CONT::rastrigin::d=20::b=(-5.0,5.0)::seed=555287659",rastrigin,cont,2000,0.001,"ES_ML(mu=20,lam=80,sigma=0.2)",ES_ML,0,30,0.0,0.03125,0.0016618916362340693,0.09323641578468787,142.00043730906052,140.51469926486863,106.54494422904683,181.64602365210226
"CONT::ackley::d=20::b=(-10.0,10.0)::seed=893586330",ackley,cont,2000,0.001,RS_CONT,RS_CONT,0,30,0.0,0.03125,0.0017579428869488696,0.09726377003678659,11.901324876416501,11.940129311626118,10.453260858023349,12.533287658316342
"CONT::ackley::d=20::b=(-10.0,10.0)::seed=893586330",ackley,cont,2000,0.001,HC_CONT(sigma=0.2),HC_CONT,0,30,0.0,0.03125,0.0017612780380727147,0.09317926722510884,14.00709165137971,14.078657714669848,12.484237859939487,15.26431826239532
"CONT::ackley::d=20::b=(-10.0,10.0)::seed=893586330",ackley,cont,2000,0.001,"SA_CONT(sigma=0.3,T0=1.0,alpha=0.995)",SA_CONT,0,30,0.0,0.03125,0.0016213499977931257,0.08759141152683728,4.661720704700736,3.2895651183052714,2.2374203398726675,10.840237081354424
"CONT::ackley::d=20::b=(-10.0,10.0)::seed=893586330",ackley,cont,2000,0.001,"DE(pop=20,F=0.8,CR=0.9)",DE,0,30,0.0,0.03125,0.0017294624917131448,0.09265856142503727,7.25581822098948,7.167473570461298,5.811208669315413,9.879441185717805
"CONT::ackley::d=20::b=(-10.0,10.0)::seed=893586330",ackley,cont,2000,0.001,"DE(pop=40,F=0.8,CR=0.9)",DE,0,30,0.0,0.03125,0.0014503518192966797,0.09394776319366203,11.222319668898677,11.406945482244925,8.78611967800127,12.700737657328848
"CONT::ackley::d=20::b=(-10.0,10.0)::seed=893586330",ackley,cont,2000,0.001,"PSO_STD(p=20,w=0.72,c1=1.49,c2=1.49)",PSO_STD,0,30,0.0,0.03125,0.0016958130431320429,0.09835940193785694,1.9799947948556071,2.025271729853387,0.31904294589145055,3.3633354967181295
"CONT::ackley::d=20::b=(-10.0,10.0)::seed=893586330",ackley,cont,2000,0.001,"PSO_STD(p=40,w=0.72,c1=1.49,c2=1.49)",PSO_STD,0,30,0.0,0.03125,0.0017350452617177223,0.0866744966594425,3.4665808730053893,3.3895741421672096,2.409844204403179,4.86227946844803
"CONT::ackley::d=20::b=(-10.0,10.0)::seed=893586330",ackley,cont,2000,0.001,"PSO_RING(p=20,ring,w=0.72,c1=1.49,c2=1.49)",PSO_RING,0,30,0.0,0.03125,0.0017965026765978738,0.0931937603460026,4.045774384561798,4.012754354818819,3.3189801012184046,4.7740811079125685
"CONT::ackley::d=20::b=(-10.0,10.0)::seed=893586330",ackley,cont,2000,0.001,"PSO_RING(p=40,ring,w=0.72,c1=1.49,c2=1.49)",PSO_RING,0,30,0.0,0.03125,0.0016208958097365153,0.09227193676815888,6.238738381744403,6.160625256148812,5.421917000029172,7.386057920683777
"CONT::ackley::d=20::b=(-10.0,10.0)::seed=893586330",ackley,cont,2000,0.001,"ES_ML(mu=10,lam=40,sigma=0.3)",ES_ML,0,30,0.0,0.03125,0.001846211820470277,0.08988157277188935,4.362313566210167,4.369944481775978,2.9598633691725103,5.387790010983753
"CONT::ackley::d=20::b=(-10.0,10.0)::seed=893586330",ackley,cont,2000,0.001,"ES_ML(mu=20,lam=80,sigma=0.2)",ES_ML,0,30,0.0,0.03125,0.0019757129928345656,0.087304158284822,10.65389036881649,10.673848642151784,7.758010105614961,13.17746011363722
"CONT::sphere::d=5::b=(-30.0,30.0)::seed=760377672",sphere,cont,2000,0.0001,RS_CONT,RS_CONT,0,30,0.0,0.03125,0.0015808256293424476,0.08875796515046169,69.90558535788868,70.3607216541777,16.545627526639514,120.85513512557246
"CONT::sphere::d=5::b=(-30.0,30.0)::seed=760377672",sphere,cont,2000,0.0001,HC_CONT(sigma=0.2),HC_CONT,0,30,0.0,0.03125,0.0019694884512995764,0.09112862827158423,0.00761365473557937,0.007293545529833583,0.00271121377013099,0.012771245120469236
"CONT::sphere::d=5::b=(-30.0,30.0)::seed=760377672",sphere,cont,2000,0.0001,"SA_CONT(sigma=0.3,T0=1.0,alpha=0.995)",SA_CONT,0,30,0.0,0.03125,0.0016174948075578703,0.09076948207495096,0.015690838503625303,0.015460046345693111,0.0015977134456605703,0.03487861256129048
"CONT::sphere::d=5::b=(-30.0,30.0)::seed=760377672",sphere,cont,2000,0.0001,"DE(pop=20,F=0.8,CR=0.9)",DE,2,30,0.06666666666666667,0.09375,0.025863515626068888,0.17687850065478317,0.0015409438211771505,0.0010140500371801629,4.362128693655912e-05,0.00512042726269565
"CONT::sphere::d=5::b=(-30.0,30.0)::seed=760377672",sphere,cont,2000,0.0001,"DE(pop=40,F=0.8,CR=0.9)",DE,0,30,0.0,0.03125,0.0016930147236486081,0.09321102210637427,1.0909212520897664,0.9528654716499161,0.29949067633096654,2.3739011747194176
"CONT::sphere::d=5::b=(-30.0,30.0)::seed=760377672",sphere,cont,2000,0.0001,"PSO_STD(p=20,w=0.72,c1=1.49,c2=1.49)",PSO_STD,30,30,1.0,0.96875,0.9136443774483629,0.9981754076244084,3.7029722551117675e-06,2.198605664932633e-06,7.282438734071676e-08,2.411350768513303e-05
"CONT::sphere::d=5::b=(-30.0,30.0)::seed=760377672",sphere,cont,2000,0.0001,"PSO_STD(p=40,w=0.72,c1=1.49,c2=1.49)",PSO_STD,0,30,0.0,0.03125,0.0016980862957141159,0.09849148511227603,0.0034780986121598326,0.0020158966949564375,0.0003212137457855874,0.016666099039986972
"CONT::sphere::d=5::b=(-30.0,30.0)::seed=760377672",sphere,cont,2000,0.0001,"PSO_RING(p=20,ring,w=0.72,c1=1.49,c2=1.49)",PSO_RING,8,30,0.26666666666666666,0.28125,0.1628782717796187,0.4228680125134881,0.0007267781058454505,0.00032961769595558855,7.18352336147625e-06,0.006870846202788838
"CONT::sphere::d=5::b=(-30.0,30.0)::seed=760377672",sphere,cont,2000,0.0001,"PSO_RING(p=40,ring,w=0.72,c1=1.49,c2=1.49)",PSO_RING,0,30,0.0,0.03125,0.0018784901281173273,0.08877583090294112,0.06843530468106358,0.06347450716179781,0.00204367329670206,0.15283991613021702
"CONT::sphere::d=5::b=(-30.0,30.0)::seed=760377672",sphere,cont,2000,0.0001,"ES_ML(mu=10,lam=40,sigma=0.3)",ES_ML,0,30,0.0,0.03125,0.0017853301829878596,0.09346150725719325,0.16495182020364477,0.11798127118581526,0.026690230154915413,0.5341328130542602
"CONT::sphere::d=5::b=(-30.0,30.0)::seed=760377672",sphere,cont,2000,0.0001,"ES_ML(mu=20,lam=80,sigma=0.2)",ES_ML,0,30,0.0,0.03125,0.001508996258016929,0.09686971124451683,101.7053846852933,94.02966288747187,0.21348337714668172,316.4955720365058
"CONT::levy::d=5::b=(-10.0,10.0)::seed=988640308",levy,cont,2000,0.01,RS_CONT,RS_CONT,0,30,0.0,0.03125,0.001783833643762454,0.09138750283256078,1.9023916492265291,1.978659400552121,0.39072576779618573,3.4490950682033663
"CONT::levy::d=5::b=(-10.0,10.0)::seed=988640308",levy,cont,2000,0.01,HC_CONT(sigma=0.2),HC_CONT,0,30,0.0,0.03125,0.001610103490438455,0.08790566861464201,9.131701422119805,9.349841053281626,1.7369764866523276,15.908387911835796
"CONT::levy::d=5::b=(-10.0,10.0)::seed=988640308",levy,cont,2000,0.01,"SA_CONT(sigma=0.3,T0=1.0,alpha=0.995)",SA_CONT,0,30,0.0,0.03125,0.0016184446395824518,0.08989596321828752,8.498457135334041,8.17394169085355,2.4133142621922614,20.52371306378306
"CONT::levy::d=5::b=(-10.0,10.0)::seed=988640308",levy,cont,2000,0.01,"DE(pop=20,F=0.8,CR=0.9)",DE,30,30,1.0,0.96875,0.9060951009592835,0.9983706278712561,0.0006956093309035872,0.000351297474580079,1.564525395364583e-05,0.003948381807697861
"CONT::levy::d=5::b=(-10.0,10.0)::seed=988640308",levy,cont,2000,0.01,"DE(pop=40,F=0.8,CR=0.9)",DE,0,30,0.0,0.03125,0.0018280798577401194,0.08796526230256141,0.15279106500361078,0.1326966508338152,0.037623856132410524,0.5347744718177537
"CONT::levy::d=5::b=(-10.0,10.0)::seed=988640308",levy,cont,2000,0.01,"PSO_STD(p=20,w=0.72,c1=1.49,c2=1.49)",PSO_STD,30,30,1.0,0.96875,0.9042825859354624,0.9983483927963813,2.9178851045479363e-07,1.6725410977553105e-07,5.07968737967263e-09,1.396610407808827e-06
"CONT::levy::d=5::b=(-10.0,10.0)::seed=988640308",levy,cont,2000,0.01,"PSO_STD(p=40,w=0.72,c1=1.49,c2=1.49)",PSO_STD,30,30,1.0,0.96875,0.9107880812844067,0.9983756953111685,0.0003186943738500978,0.00022047572223705367,2.7907957437182154e-05,0.001689544265443093
"CONT::levy::d=5::b=(-10.0,10.0)::seed=988640308",levy,cont,2000,0.01,"PSO_RING(p=20,ring,w=0.72,c1=1.49,c2=1.49)",PSO_RING,30,30,1.0,0.96875,0.9103582877757348,0.9982632327580929,5.94304139294669e-05,2.924811258144246e-05,4.86748324371153e-06,0.0002714878369822255
"CONT::levy::d=5::b=(-10.0,10.0)::seed=988640308",levy,cont,2000,0.01,"PSO_RING(p=40,ring,w=0.72,c1=1.49,c2=1.49)",PSO_RING,16,30,0.5333333333333333,0.53125,0.38246603582769023,0.6708002276402921,0.010830797283046865,0.009025224387599718,0.002346864706652017,0.03508124648214976
"CONT::levy::d=5::b=(-10.0,10.0)::seed=988640308",levy,cont,2000,0.01,"ES_ML(mu=10,lam=40,sigma=0.3)",ES_ML,1,30,0.03333333333333333,0.0625,0.012566966851675966,0.14828327442816916,4.024269103631277,4.34997451959131,0.0012730853821577993,11.426981591140574
"CONT::levy::d=5::b=(-10.0,10.0)::seed=988640308",levy,cont,2000,0.01,"ES_ML(mu=20,lam=80,sigma=0.2)",ES_ML,0,30,0.0,0.03125,0.0013506592315193685,0.09127441633291604,3.438464827230695,3.311175223609474,0.01342801555315661,10.815676334064484
"CONT::levy::d=20::b=(-30.0,30.0)::seed=927044702",levy,cont,2000,0.01,RS_CONT,RS_CONT,0,30,0.0,0.03125,0.0018177932676442525,0.09137787459964729,605.4173559979928,614.4118457418408,386.16722818396966,812.3648886707992
"CONT::levy::d=20::b=(-30.0,30.0)::seed=927044702",levy,cont,2000,0.01,HC_CONT(sigma=0.2),HC_CONT,0,30,0.0,0.03125,0.0015959960062952164,0.09544270876079938,398.42696555072604,371.1523213816217,270.42695947033604,649.4920875231754
"CONT::levy::d=20::b=(-30.0,30.0)::seed=927044702",levy,cont,2000,0.01,"SA_CONT(sigma=0.3,T0=1.0,alpha=0.995)",SA_CONT,0,30,0.0,0.03125,0.0014999882440353766,0.09003291995764663,446.76544086498313,452.64996919520644,316.2617869537403,647.9876513229141
"CONT::levy::d=20::b=(-30.0,30.0)::seed=927044702",levy,cont,2000,0.01,"DE(pop=20,F=0.8,CR=0.9)",DE,0,30,0.0,0.03125,0.001807080939744526,0.09703036346027176,319.38430150428115,286.6617332972711,97.03183912439358,723.6790805934778
"CONT::levy::d=20::b=(-30.0,30.0)::seed=927044702",levy,cont,2000,0.01,"DE(pop=40,F=0.8,CR=0.9)",DE,0,30,0.0,0.03125,0.0016351624306641076,0.09021110475641729,676.5046896042943,654.8486489894353,415.3635705814509,971.906015122116
"CONT::levy::d=20::b=(-30.0,30.0)::seed=927044702",levy,cont,2000,0.01,"PSO_STD(p=20,w=0.72,c1=1.49,c2=1.49)",PSO_STD,0,30,0.0,0.03125,0.0016063315950546155,0.09320695027566087,45.74583978303553,34.330829273180434,3.686588920611152,143.80410428889417
"CONT::levy::d=20::b=(-30.0,30.0)::seed=927044702",levy,cont,2000,0.01,"PSO_STD(p=40,w=0.72,c1=1.49,c2=1.49)",PSO_STD,0,30,0.0,0.03125,0.0019432780905175146,0.08735493884277155,74.55225064482971,56.07186290776758,21.39016945404146,300.03623124216773
"CONT::levy::d=20::b=(-30.0,30.0)::seed=927044702",levy,cont,2000,0.01,"PSO_RING(p=20,ring,w=0.72,c1=1.49,c2=1.49)",PSO_RING,0,30,0.0,0.03125,0.0016539936767606363,0.0913337832012518,98.86364863045979,99.320433184612,30.434131394926375,192.18834881375722
"CONT::levy::d=20::b=(-30.0,30.0)::seed=927044702",levy,cont,2000,0.01,"PSO_RING(p=40,ring,w=0.72,c1=1.49,c2=1.49)",PSO_RING,0,30,0.0,0.03125,0.0015048393386606618,0.09310498848565414,190.4750180047557,204.7084112195077,69.25015004645823,305.9776587425222
"CONT::levy::d=20::b=(-30.0,30.0)::seed=927044702",levy,cont,2000,0.01,"ES_ML(mu=10,lam=40,sigma=0.3)",ES_ML,0,30,0.0,0.03125,0.0016852622580697699,0.08588485078969026,300.7100588747569,302.6089919349406,173.2851150469853,449.76604828385894
"CONT::levy::d=20::b=(-30.0,30.0)::seed=927044702",levy,cont,2000,0.01,"ES_ML(mu=20,lam=80,sigma=0.2)",ES_ML,0,30,0.0,0.03125,0.001718661304239182,0.09286976896775008,323.6750969167399,304.84524572372686,220.74685731289776,478.340646095306
"CONT::sphere::d=10::b=(-30.0,30.0)::seed=145477475",sphere,cont,2000,0.0001,RS_CONT,RS_CONT,0,30,0.0,0.03125,0.001735264038806037,0.09372517835665631,596.6729019663924,585.0244562778321,318.0563798085613,971.3803904295504
"CONT::sphere::d=10::b=(-30.0,30.0)::seed=145477475",sphere,cont,2000,0.0001,HC_CONT(sigma=0.2),HC_CONT,0,30,0.0,0.03125,0.0014820665382099293,0.09048258864825937,0.07013826782239803,0.07220251234495273,0.03417498606417621,0.12318758564950093
"CONT::sphere::d=10::b=(-30.0,30.0)::seed=145477475",sphere,cont,2000,0.0001,"SA_CONT(sigma=0.3,T0=1.0,alpha=0.995)",SA_CONT,0,30,0.0,0.03125,0.0018403469995894736,0.09374327090704104,0.1424290890872211,0.13577352648247254,0.061569723082722204,0.20568282518159028
"CONT::sphere::d=10::b=(-30.0,30.0)::seed=145477475",sphere,cont,2000,0.0001,"DE(pop=20,F=0.8,CR=0.9)",DE,0,30,0.0,0.03125,0.0013516816180253574,0.09238655109530046,14.899052038762589,12.674549644998688,2.096234546200849,28.772121422328794
"CONT::sphere::d=10::b=(-30.0,30.0)::seed=145477475",sphere,cont,2000,0.0001,"DE(pop=40,F=0.8,CR=0.9)",DE,0,30,0.0,0.03125,0.0016580357167525755,0.08656723687108152,193.07921567449793,179.72334808671815,86.0440667368782,331.461580357948
"CONT::sphere::d=10::b=(-30.0,30.0)::seed=145477475",sphere,cont,2000,0.0001,"PSO_STD(p=20,w=0.72,c1=1.49,c2=1.49)",PSO_STD,0,30,0.0,0.03125,0.0015973404045715588,0.09310724921536645,0.003938304275848226,0.003319641657727188,0.00039071888106510897,0.011079092841636615
"CONT::sphere::d=10::b=(-30.0,30.0)::seed=145477475",sphere,cont,2000,0.0001,"PSO_STD(p=40,w=0.72,c1=1.49,c2=1.49)",PSO_STD,0,30,0.0,0.03125,0.0016567627876033857,0.09281036301678718,0.5220905268469626,0.39454517952428775,0.09232393234666549,1.455514715577015
"CONT::sphere::d=10::b=(-30.0,30.0)::seed=145477475",sphere,cont,2000,0.0001,"PSO_RING(p=20,ring,w=0.72,c1=1.49,c2=1.49)",PSO_RING,0,30,0.0,0.03125,0.0017337000319943023,0.09714782461338212,0.5714473576885464,0.5489252237988322,0.04502451165575004,1.530656940617773
"CONT::sphere::d=10::b=(-30.0,30.0)::seed=145477475",sphere,cont,2000,0.0001,"PSO_RING(p=40,ring,w=0.72,c1=1.49,c2=1.49)",PSO_RING,0,30,0.0,0.03125,0.0018011019102673936,0.09732670802876141,13.812869238914704,13.009396383919446,5.536151246054964,35.87708113557185
"CONT::sphere::d=10::b=(-30.0,30.0)::seed=145477475",sphere,cont,2000,0.0001,"ES_ML(mu=10,lam=40,sigma=0.3)",ES_ML,0,30,0.0,0.03125,0.0016230453400694518,0.09361684806486666,8.267943256717032,7.5245988572390665,2.7515007340788187,17.298746389839504
"CONT::sphere::d=10::b=(-30.0,30.0)::seed=145477475",sphere,cont,2000,0.0001,"ES_ML(mu=20,lam=80,sigma=0.2)",ES_ML,0,30,0.0,0.03125,0.0015768028604687756,0.09657603589018636,615.5209878042022,610.235482960064,246.38903256447387,1061.5897452402917
"CONT::rosenbrock::d=10::b=(-10.0,10.0)::seed=807492292",rosenbrock,cont,2000,0.01,RS_CONT,RS_CONT,0,30,0.0,0.03125,0.0015424091872962226,0.0918460518786626,83640.6782734198,81132.13797649235,20353.159961022007,177872.89551471046
"CONT::rosenbrock::d=10::b=(-10.0,10.0)::seed=807492292",rosenbrock,cont,2000,0.01,HC_CONT(sigma=0.2),HC_CONT,0,30,0.0,0.03125,0.0013687707334365921,0.09016209577920048,32.33587298703114,13.77683614296955,9.900037527736496,296.7886410795147
"CONT::rosenbrock::d=10::b=(-10.0,10.0)::seed=807492292",rosenbrock,cont,2000,0.01,"SA_CONT(sigma=0.3,T0=1.0,alpha=0.995)",SA_CONT,0,30,0.0,0.03125,0.0019232694372166583,0.0926443814610628,37.45959973673444,21.07967107149274,15.650640420784985,178.27069025257634
"CONT::rosenbrock::d=10::b=(-10.0,10.0)::seed=807492292",rosenbrock,cont,2000,0.01,"DE(pop=20,F=0.8,CR=0.9)",DE,0,30,0.0,0.03125,0.0017778067530267363,0.09443060232015749,432.8102142755288,326.98814489809155,62.740011586800925,1104.9216538145554
"CONT::rosenbrock::d=10::b=(-10.0,10.0)::seed=807492292",rosenbrock,cont,2000,0.01,"DE(pop=40,F=0.8,CR=0.9)",DE,0,30,0.0,0.03125,0.0015726064129317954,0.08457970643120283,13384.356369231009,9628.574003566535,3306.225751328426,67694.24423606493
"CONT::rosenbrock::d=10::b=(-10.0,10.0)::seed=807492292",rosenbrock,cont,2000,0.01,"PSO_STD(p=20,w=0.72,c1=1.49,c2=1.49)",PSO_STD,0,30,0.0,0.03125,0.0017528232705965117,0.09102210879950169,31.735187515247205,8.39058172125086,2.0982211312676107,118.38945263153876
"CONT::rosenbrock::d=10::b=(-10.0,10.0)::seed=807492292",rosenbrock,cont,2000,0.01,"PSO_STD(p=40,w=0.72,c1=1.49,c2=1.49)",PSO_STD,0,30,0.0,0.03125,0.0018740680723976343,0.08945682962117964,66.94852891626213,29.584352575839404,10.941600331019163,309.68841830676604
"CONT::rosenbrock::d=10::b=(-10.0,10.0)::seed=807492292",rosenbrock,cont,2000,0.01,"PSO_RING(p=20,ring,w=0.72,c1=1.49,c2=1.49)",PSO_RING,0,30,0.0,0.03125,0.0014822329356579556,0.09262067534534571,54.68938076988839,32.86893627689388,8.630412576254164,211.63810863116086
"CONT::rosenbrock::d=10::b=(-10.0,10.0)::seed=807492292",rosenbrock,cont,2000,0.01,"PSO_RING(p=40,ring,w=0.72,c1=1.49,c2=1.49)",PSO_RING,0,30,0.0,0.03125,0.0016040830373080844,0.08928069988708423,338.6705598122652,318.13500247646374,71.826642416949,650.6587910732834
"CONT::rosenbrock::d=10::b=(-10.0,10.0)::seed=807492292",rosenbrock,cont,2000,0.01,"ES_ML(mu=10,lam=40,sigma=0.3)",ES_ML,0,30,0.0,0.03125,0.0014912290166341465,0.0868639661285116,58.1411213667145,52.46184470780554,18.814938826173464,151.1707205443909
"CONT::rosenbrock::d=10::b=(-10.0,10.0)::seed=807492292",rosenbrock,cont,2000,0.01,"ES_ML(mu=20,lam=80,sigma=0.2)",ES_ML,0,30,0.0,0.03125,0.0015603374132638972,0.08936723373920162,1411.4457477307203,1000.8239243086834,116.2489101898224,4798.61878871136
"CONT::sphere::d=5::b=(-30.0,30.0)::seed=570836870",sphere,cont,2000,0.0001,RS_CONT,RS_CONT,0,30,0.0,0.03125,0.001643133248777483,0.08785257472380792,81.2014761725771,80.29093692191587,16.832851299301442,220.9489246585224
"CONT::sphere::d=5::b=(-30.0,30.0)::seed=570836870",sphere,cont,2000,0.0001,HC_CONT(sigma=0.2),HC_CONT,0,30,0.0,0.03125,0.001519404052539607,0.0909049377217799,0.00674021008341367,0.006493377003103797,0.0011883168506068176,0.013588910184299578
"CONT::sphere::d=5::b=(-30.0,30.0)::seed=570836870",sphere,cont,2000,0.0001,"SA_CONT(sigma=0.3,T0=1.0,alpha=0.995)",SA_CONT,0,30,0.0,0.03125,0.0016140180345813255,0.0882148846595608,0.014983875469621025,0.013364289824126126,0.0023348302133932657,0.037707220380973946
"CONT::sphere::d=5::b=(-30.0,30.0)::seed=570836870",sphere,cont,2000,0.0001,"DE(pop=20,F=0.8,CR=0.9)",DE,1,30,0.03333333333333333,0.0625,0.012012282746322956,0.14869678575447792,0.0015729990493859112,0.0011119510080578165,8.307433665954449e-05,0.010895007728225586
"CONT::sphere::d=5::b=(-30.0,30.0)::seed=570836870",sphere,cont,2000,0.0001,"DE(pop=40,F=0.8,CR=0.9)",DE,0,30,0.0,0.03125,0.0018342209161640673,0.08877034252517733,1.1463223910926958,0.810239190894823,0.23487212626006315,3.3181817124600284
"CONT::sphere::d=5::b=(-30.0,30.0)::seed=570836870",sphere,cont,2000,0.0001,"PSO_STD(p=20,w=0.72,c1=1.49,c2=1.49)",PSO_STD,30,30,1.0,0.96875,0.9082726606230253,0.998095862297934,4.448197999030959e-06,2.4468334566396702e-06,1.2056521735558733e-07,1.8288486295183126e-05
"CONT::sphere::d=5::b=(-30.0,30.0)::seed=570836870",sphere,cont,2000,0.0001,"PSO_STD(p=40,w=0.72,c1=1.49,c2=1.49)",PSO_STD,0,30,0.0,0.03125,0.0017768827322916752,0.09476193083597843,0.003925395745657665,0.002643198051601966,0.00016456551368042625,0.019062751982279906
"CONT::sphere::d=5::b=(-30.0,30.0)::seed=570836870",sphere,cont,2000,0.0001,"PSO_RING(p=20,ring,w=0.72,c1=1.49,c2=1.49)",PSO_RING,5,30,0.16666666666666666,0.1875,0.08773334279288138,0.30451971488257273,0.0004764398668099632,0.0003096193228630494,2.2478429639938624e-05,0.0015675289254697522
"CONT::sphere::d=5::b=(-30.0,30.0)::seed=570836870",sphere,cont,2000,0.0001,"PSO_RING(p=40,ring,w=0.72,c1=1.49,c2=1.49)",PSO_RING,0,30,0.0,0.03125,0.0014574875180279453,0.09269094775552222,0.1056147648318143,0.08032118864448931,0.0063241950900312545,0.29506733990605594
"CONT::sphere::d=5::b=(-30.0,30.0)::seed=570836870",sphere,cont,2000,0.0001,"ES_ML(mu=10,lam=40,sigma=0.3)",ES_ML,0,30,0.0,0.03125,0.0016176495697457988,0.09107502818161183,0.20847357272359035,0.1336291886596606,0.002841230419768248,0.5663968044003527
"CONT::sphere::d=5::b=(-30.0,30.0)::seed=570836870",sphere,cont,2000,0.0001,"ES_ML(mu=20,lam=80,sigma=0.2)",ES_ML,0,30,0.0,0.03125,0.001906788283005365,0.09237333114648004,92.42247799668526,57.95921568121723,0.15278808550405248,321.4251291257918
"CONT::sphere::d=5::b=(-30.0,30.0)::seed=617278981",sphere,cont,2000,0.0001,RS_CONT,RS_CONT,0,30,0.0,0.03125,0.001787637467220961,0.08971637308754914,77.7117108264572,71.04276480103853,11.624965349117623,155.03754730505355
"CONT::sphere::d=5::b=(-30.0,30.0)::seed=617278981",sphere,cont,2000,0.0001,HC_CONT(sigma=0.2),HC_CONT,0,30,0.0,0.03125,0.0017383866197729046,0.09164752122824531,0.007667713698547185,0.0078181475311827,0.0027054286217852246,0.01579839805616943
"CONT::sphere::d=5::b=(-30.0,30.0)::seed=617278981",sphere,cont,2000,0.0001,"SA_CONT(sigma=0.3,T0=1.0,alpha=0.995)",SA_CONT,0,30,0.0,0.03125,0.0015661627298610556,0.09377469214761078,0.014646071464665738,0.013156373031792935,0.0027535558316287927,0.03392282391783839
"CONT::sphere::d=5::b=(-30.0,30.0)::seed=617278981",sphere,cont,2000,0.0001,"DE(pop=20,F=0.8,CR=0.9)",DE,1,30,0.03333333333333333,0.0625,0.011626357044930665,0.14736865532441937,0.0025350889318402838,0.0016047664290894637,8.61642405232386e-05,0.01138356309432214
"CONT::sphere::d=5::b=(-30.0,30.0)::seed=617278981",sphere,cont,2000,0.0001,"DE(pop=40,F=0.8,CR=0.9)",DE,0,30,0.0,0.03125,0.0015863642631598939,0.09679282053482646,1.0309367738236448,0.9352372345251458,0.21097341666407826,2.219221384341724
"CONT::sphere::d=5::b=(-30.0,30.0)::seed=617278981",sphere,cont,2000,0.0001,"PSO_STD(p=20,w=0.72,c1=1.49,c2=1.49)",PSO_STD,30,30,1.0,0.96875,0.9044200560412945,0.9984182524278833,6.234824523826659e-06,3.1267899289823373e-06,1.576046299374418e-07,4.215533811000204e-05
"CONT::sphere::d=5::b=(-30.0,30.0)::seed=617278981",sphere,cont,2000,0.0001,"PSO_STD(p=40,w=0.72,c1=1.49,c2=1.49)",PSO_STD,0,30,0.0,0.03125,0.0016244280378420175,0.09106772184205589,0.004029320020184484,0.0024901691932642253,0.0003826353932613447,0.017100051574029548
"CONT::sphere::d=5::b=(-30.0,30.0)::seed=617278981",sphere,cont,2000,0.0001,"PSO_RING(p=20,ring,w=0.72,c1=1.49,c2=1.49)",PSO_RING,7,30,0.23333333333333334,0.25,0.13084689150398943,0.38018456682839946,0.0006479069367205203,0.00022771873947480473,7.801242191359788e-06,0.008867178120795054
"CONT::sphere::d=5::b=(-30.0,30.0)::seed=617278981",sphere,cont,2000,0.0001,"PSO_RING(p=40,ring,w=0.72,c1=1.49,c2=1.49)",PSO_RING,0,30,0.0,0.03125,0.0017715714660512896,0.0910586668432908,0.12595154209053877,0.12391004322786416,0.007635816021623418,0.39038975795774916
"CONT::sphere::d=5::b=(-30.0,30.0)::seed=617278981",sphere,cont,2000,0.0001,"ES_ML(mu=10,lam=40,sigma=0.3)",ES_ML,0,30,0.0,0.03125,0.0019197581252467439,0.09239572701413662,0.2533455451315971,0.19313418870551033,0.07193729778821219,1.0805489655521432
"CONT::sphere::d=5::b=(-30.0,30.0)::seed=617278981",sphere,cont,2000,0.0001,"ES_ML(mu=20,lam=80,sigma=0.2)",ES_ML,0,30,0.0,0.03125,0.0014062798715677623,0.09509686294724475,98.41963709565822,68.69014534876467,16.81252136774465,246.75635918103129
"CONT::rosenbrock::d=5::b=(-5.0,5.0)::seed=157928884",rosenbrock,cont,2000,0.01,RS_CONT,RS_CONT,0,30,0.0,0.03125,0.0016445809355314237,0.09107947567249002,232.05715977804056,217.727485028572,43.3036508764311,538.1945925336934
"CONT::rosenbrock::d=5::b=(-5.0,5.0)::seed=157928884",rosenbrock,cont,2000,0.01,HC_CONT(sigma=0.2),HC_CONT,0,30,0.0,0.03125,0.0013662328713099558,0.08974925932232022,6.636512684593437,2.9033484844277875,0.6521642868713781,112.37405889426238
"CONT::rosenbrock::d=5::b=(-5.0,5.0)::seed=157928884",rosenbrock,cont,2000,0.01,"SA_CONT(sigma=0.3,T0=1.0,alpha=0.995)",SA_CONT,0,30,0.0,0.03125,0.0013696248712840378,0.09485557731964939,4.072035400135589,3.5754777469818317,0.5161377467291842,10.914396059438012
"CONT::rosenbrock::d=5::b=(-5.0,5.0)::seed=157928884",rosenbrock,cont,2000,0.01,"DE(pop=20,F=0.8,CR=0.9)",DE,0,30,0.0,0.03125,0.001877267652805852,0.09645602914903088,1.4445914763079182,1.1851963420325493,0.09967674669825319,4.420000005525914
"CONT::rosenbrock::d=5::b=(-5.0,5.0)::seed=157928884",rosenbrock,cont,2000,0.01,"DE(pop=40,F=0.8,CR=0.9)",DE,0,30,0.0,0.03125,0.0016200879166826175,0.09067417907411941,8.215161165592098,7.594824239767522,1.8823969289945226,14.566710211597435
"CONT::rosenbrock::d=5::b=(-5.0,5.0)::seed=157928884",rosenbrock,cont,2000,0.01,"PSO_STD(p=20,w=0.72,c1=1.49,c2=1.49)",PSO_STD,2,30,0.06666666666666667,0.09375,0.026040179105978736,0.19098603909642833,1.4886930533867706,1.1523752180505116,0.00010261105825526454,4.6294305726458
"CONT::rosenbrock::d=5::b=(-5.0,5.0)::seed=157928884",rosenbrock,cont,2000,0.01,"PSO_STD(p=40,w=0.72,c1=1.49,c2=1.49)",PSO_STD,0,30,0.0,0.03125,0.0018183108004710914,0.09519449889607381,2.1590413038826184,2.2299434529320745,0.04428492856115988,6.534035598714838
"CONT::rosenbrock::d=5::b=(-5.0,5.0)::seed=157928884",rosenbrock,cont,2000,0.01,"PSO_RING(p=20,ring,w=0.72,c1=1.49,c2=1.49)",PSO_RING,0,30,0.0,0.03125,0.001644724266986593,0.08638332237020362,1.494674696066067,1.5611536048074306,0.0375745112209375,4.126011601146199
"CONT::rosenbrock::d=5::b=(-5.0,5.0)::seed=157928884",rosenbrock,cont,2000,0.01,"PSO_RING(p=40,ring,w=0.72,c1=1.49,c2=1.49)",PSO_RING,0,30,0.0,0.03125,0.0015720698050861544,0.09172758207421433,2.7901244102226994,2.745699796138866,0.33062053221944226,6.639501973913182
"CONT::rosenbrock::d=5::b=(-5.0,5.0)::seed=157928884",rosenbrock,cont,2000,0.01,"ES_ML(mu=10,lam=40,sigma=0.3)",ES_ML,0,30,0.0,0.03125,0.00156533304589769,0.09168743441234524,3.011292195300272,2.9766813999993618,0.8789655193506114,5.584606312583249
"CONT::rosenbrock::d=5::b=(-5.0,5.0)::seed=157928884",rosenbrock,cont,2000,0.01,"ES_ML(mu=20,lam=80,sigma=0.2)",ES_ML,0,30,0.0,0.03125,0.0015217123388702348,0.08762724739427084,4.12933893644757,3.8725201927116726,1.0610514589261624,10.342768256650682
"CONT::griewank::d=20::b=(-30.0,30.0)::seed=69695519",griewank,cont,2000,0.001,RS_CONT,RS_CONT,0,30,0.0,0.03125,0.001862131570795224,0.08917284166507905,1.5823389565021198,1.5858551939692038,1.3902013943072955,1.6926091458801031
"CONT::griewank::d=20::b=(-30.0,30.0)::seed=69695519",griewank,cont,2000,0.001,HC_CONT(sigma=0.2),HC_CONT,0,30,0.0,0.03125,0.0015246523447490204,0.09627428190707182,0.0853553214875411,0.05037327149698978,0.025944247227082773,0.4070963755211129
"CONT::griewank::d=20::b=(-30.0,30.0)::seed=69695519",griewank,cont,2000,0.001,"SA_CONT(sigma=0.3,T0=1.0,alpha=0.995)",SA_CONT,0,30,0.0,0.03125,0.0013546836414277037,0.09213958310759644,0.21020263019762553,0.14250814722844557,0.08726217352562937,1.4658474117106226
"CONT::griewank::d=20::b=(-30.0,30.0)::seed=69695519",griewank,cont,2000,0.001,"DE(pop=20,F=0.8,CR=0.9)",DE,0,30,0.0,0.03125,0.0016424793163596014,0.09323288864310474,1.1188317572368862,1.1265887198555373,1.0542914512025041,1.237637173036902
"CONT::griewank::d=20::b=(-30.0,30.0)::seed=69695519",griewank,cont,2000,0.001,"DE(pop=40,F=0.8,CR=0.9)",DE,0,30,0.0,0.03125,0.0017658419717037483,0.09675551445246465,1.4728982297412883,1.4769332886301805,1.2548660734295678,1.6808348471189518
"CONT::griewank::d=20::b=(-30.0,30.0)::seed=69695519",griewank,cont,2000,0.001,"PSO_STD(p=20,w=0.72,c1=1.49,c2=1.49)",PSO_STD,0,30,0.0,0.03125,0.0018016193772314084,0.08880979152069579,0.30570484395679076,0.24192655589593043,0.04117870395280343,0.7252324825949117
"CONT::griewank::d=20::b=(-30.0,30.0)::seed=69695519",griewank,cont,2000,0.001,"PSO_STD(p=40,w=0.72,c1=1.49,c2=1.49)",PSO_STD,0,30,0.0,0.03125,0.0019641530385471496,0.09048773229347461,0.8646087852316756,0.8837019966398747,0.5612768093086405,0.9935723714511081
"CONT::griewank::d=20::b=(-30.0,30.0)::seed=69695519",griewank,cont,2000,0.001,"PSO_RING(p=20,ring,w=0.72,c1=1.49,c2=1.49)",PSO_RING,0,30,0.0,0.03125,0.0016793272366211291,0.09453186230076097,0.9179379059795623,0.9441417546021287,0.721502507103096,1.025220733848697
"CONT::griewank::d=20::b=(-30.0,30.0)::seed=69695519",griewank,cont,2000,0.001,"PSO_RING(p=40,ring,w=0.72,c1=1.49,c2=1.49)",PSO_RING,0,30,0.0,0.03125,0.001886093542534092,0.09374114225105613,1.075905991927137,1.0768447513040842,1.0389942501410292,1.1262824889055483
"CONT::griewank::d=20::b=(-30.0,30.0)::seed=69695519",griewank,cont,2000,0.001,"ES_ML(mu=10,lam=40,sigma=0.3)",ES_ML,0,30,0.0,0.03125,0.0018614406073255224,0.08680743707858282,1.0518845627673161,1.050223365144606,1.017890055454949,1.1161863453179062
"CONT::griewank::d=20::b=(-30.0,30.0)::seed=69695519",griewank,cont,2000,0.001,"ES_ML(mu=20,lam=80,sigma=0.2)",ES_ML,0,30,0.0,0.03125,0.0016796431571308695,0.09138182388566311,1.5851702041065385,1.6046441392440656,1.2377182621891398,1.8059700202590088
"CONT::sphere::d=5::b=(-5.0,5.0)::seed=423095521",sphere,cont,2000,0.0001,RS_CONT,RS_CONT,0,30,0.0,0.03125,0.001676257597005935,0.09191048561611473,2.273438323806748,2.2179592342380743,0.5677574701673742,4.398546558868115
"CONT::sphere::d=5::b=(-5.0,5.0)::seed=423095521",sphere,cont,2000,0.0001,HC_CONT(sigma=0.2),HC_CONT,0,30,0.0,0.03125,0.0016398185427867018,0.09536729586328788,0.0067702720882130436,0.0065059076591723625,0.0018059476002064573,0.011817459311583883
"CONT::sphere::d=5::b=(-5.0,5.0)::seed=423095521",sphere,cont,2000,0.0001,"SA_CONT(sigma=0.3,T0=1.0,alpha=0.995)",SA_CONT,0,30,0.0,0.03125,0.001789430801666038,0.0928676294731985,0.014977126124957076,0.014037185852084817,0.002698953898830597,0.03545856079991631
"CONT::sphere::d=5::b=(-5.0,5.0)::seed=423095521",sphere,cont,2000,0.0001,"DE(pop=20,F=0.8,CR=0.9)",DE,25,30,0.8333333333333334,0.8125,0.6898313605364303,0.912529329389158,6.439377028123808e-05,3.8904543842660933e-05,1.4273474544804314e-06,0.0002832014584237673
"CONT::sphere::d=5::b=(-5.0,5.0)::seed=423095521",sphere,cont,2000,0.0001,"DE(pop=40,F=0.8,CR=0.9)",DE,0,30,0.0,0.03125,0.00176932112225497,0.09387878660246875,0.025435052755867642,0.018329972298799162,0.00637559570447178,0.061972410389989824
"CONT::sphere::d=5::b=(-5.0,5.0)::seed=423095521",sphere,cont,2000,0.0001,"PSO_STD(p=20,w=0.72,c1=1.49,c2=1.49)",PSO_STD,30,30,1.0,0.96875,0.9046735262112563,0.9980350090462254,1.129496068579351e-07,6.341428690956283e-08,4.730058518175878e-09,6.101395810188505e-07
"CONT::sphere::d=5::b=(-5.0,5.0)::seed=423095521",sphere,cont,2000,0.0001,"PSO_STD(p=40,w=0.72,c1=1.49,c2=1.49)",PSO_STD,18,30,0.6,0.59375,0.44540636451066923,0.7326530944598515,0.00012854907990138712,9.023984254182351e-05,7.960561761447508e-06,0.0005076060513872062
"CONT::sphere::d=5::b=(-5.0,5.0)::seed=423095521",sphere,cont,2000,0.0001,"PSO_RING(p=20,ring,w=0.72,c1=1.49,c2=1.49)",PSO_RING,30,30,1.0,0.96875,0.9092401526642218,0.9984928757528367,1.0692901977794738e-05,6.645547020172037e-06,8.734336039965757e-08,4.1089642557538074e-05
"CONT::sphere::d=5::b=(-5.0,5.0)::seed=423095521",sphere,cont,2000,0.0001,"PSO_RING(p=40,ring,w=0.72,c1=1.49,c2=1.49)",PSO_RING,0,30,0.0,0.03125,0.0015751356372186828,0.09374489844236598,0.0033820640131558013,0.0017302386318460232,0.0002824618331419933,0.014430977361290849
"CONT::sphere::d=5::b=(-5.0,5.0)::seed=423095521",sphere,cont,2000,0.0001,"ES_ML(mu=10,lam=40,sigma=0.3)",ES_ML,0,30,0.0,0.03125,0.0016243268152996385,0.09263367609723845,0.005388884816759667,0.004417684022352938,0.0011233880923961687,0.015935690792899398
"CONT::sphere::d=5::b=(-5.0,5.0)::seed=423095521",sphere,cont,2000,0.0001,"ES_ML(mu=20,lam=80,sigma=0.2)",ES_ML,0,30,0.0,0.03125,0.0018118408216875595,0.09552069390228578,0.025244686050161332,0.022756034992393186,0.0012704510272273295,0.0652929369246368
"CONT::sphere::d=5::b=(-30.0,30.0)::seed=441342486",sphere,cont,2000,0.0001,RS_CONT,RS_CONT,0,30,0.0,0.03125,0.0017614628621937072,0.09194323249246548,87.9277007642549,86.0616509246288,24.126189769545768,152.54406499165444
"CONT::sphere::d=5::b=(-30.0,30.0)::seed=441342486",sphere,cont,2000,0.0001,HC_CONT(sigma=0.2),HC_CONT,0,30,0.0,0.03125,0.001751270142890472,0.08989926633570859,0.006092051701757371,0.006010228541139261,0.0019917867891994763,0.010562758664066836
"CONT::sphere::d=5::b=(-30.0,30.0)::seed=441342486",sphere,cont,2000,0.0001,"SA_CONT(sigma=0.3,T0=1.0,alpha=0.995)",SA_CONT,0,30,0.0,0.03125,0.0016997064744331775,0.08889906755704699,0.014782183790459816,0.013456733242887244,0.00263450569680994,0.02893383561726373
"CONT::sphere::d=5::b=(-30.0,30.0)::seed=441342486",sphere,cont,2000,0.0001,"DE(pop=20,F=0.8,CR=0.9)",DE,0,30,0.0,0.03125,0.0014839837244470318,0.09332843274960179,0.0015555727154402711,0.0010286462147666288,0.00012442115023136543,0.006103544765914503
"CONT::sphere::d=5::b=(-30.0,30.0)::seed=441342486",sphere,cont,2000,0.0001,"DE(pop=40,F=0.8,CR=0.9)",DE,0,30,0.0,0.03125,0.0016477118625504827,0.0897829616041773,0.9488944551126121,0.7534853180952051,0.19627355449800302,2.528159640376669
"CONT::sphere::d=5::b=(-30.0,30.0)::seed=441342486",sphere,cont,2000,0.0001,"PSO_STD(p=20,w=0.72,c1=1.49,c2=1.49)",PSO_STD,30,30,1.0,0.96875,0.9078584925349529,0.9982104137950227,2.881825515499489e-06,1.4720666051810238e-06,1.7748156030119517e-07,1.3890225623799557e-05
"CONT::sphere::d=5::b=(-30.0,30.0)::seed=441342486",sphere,cont,2000,0.0001,"PSO_STD(p=40,w=0.72,c1=1.49,c2=1.49)",PSO_STD,0,30,0.0,0.03125,0.001979559336986957,0.09097878992680472,0.004921832647783764,0.003647864078798372,0.0003582940227192335,0.015715278404850954
"CONT::sphere::d=5::b=(-30.0,30.0)::seed=441342486",sphere,cont,2000,0.0001,"PSO_RING(p=20,ring,w=0.72,c1=1.49,c2=1.49)",PSO_RING,11,30,0.36666666666666664,0.375,0.24253048863773458,0.5161370567689998,0.0004180227653439813,0.0002616178279657746,2.7360602364175367e-05,0.0028713789175829375
"CONT::sphere::d=5::b=(-30.0,30.0)::seed=441342486",sphere,cont,2000,0.0001,"PSO_RING(p=40,ring,w=0.72,c1=1.49,c2=1.49)",PSO_RING,0,30,0.0,0.03125,0.0015345982870113913,0.09446857677215206,0.10248402993796256,0.07603190077515506,0.01190884052169978,0.31855022352421924
"CONT::sphere::d=5::b=(-30.0,30.0)::seed=441342486",sphere,cont,2000,0.0001,"ES_ML(mu=10,lam=40,sigma=0.3)",ES_ML,0,30,0.0,0.03125,0.0015530462864956824,0.09057176787320424,0.20808817375408825,0.13948906508192965,0.011753374969983446,0.6035487777892001
"CONT::sphere::d=5::b=(-30.0,30.0)::seed=441342486",sphere,cont,2000,0.0001,"ES_ML(mu=20,lam=80,sigma=0.2)",ES_ML,0,30,0.0,0.03125,0.0017288264414124406,0.09321234133615733,103.04025027363714,95.8408066483174,0.3005901643981914,323.4957610264597
"CONT::rastrigin::d=20::b=(-30.0,30.0)::seed=901078099",rastrigin,cont,2000,0.001,RS_CONT,RS_CONT,0,30,0.0,0.03125,0.0021064578319212983,0.09072933498759105,2502.2342703886316,2560.135208407649,1532.6294778149922,2862.0845729771195
"CONT::rastrigin::d=20::b=(-30.0,30.0)::seed=901078099",rastrigin,cont,2000,0.001,HC_CONT(sigma=0.2),HC_CONT,0,30,0.0,0.03125,0.0018882958154476566,0.09144449557746669,1958.1510423333702,1895.3735119945277,1134.049033260399,2859.439082926192
"CONT::rastrigin::d=20::b=(-30.0,30.0)::seed=901078099",rastrigin,cont,2000,0.001,"SA_CONT(sigma=0.3,T0=1.0,alpha=0.995)",SA_CONT,0,30,0.0,0.03125,0.0019164758731771443,0.08986459709532749,1020.3971970073322,951.7473360722831,660.0141730513926,1669.2893059897037
"CONT::rastrigin::d=20::b=(-30.0,30.0)::seed=901078099",rastrigin,cont,2000,0.001,"DE(pop=20,F=0.8,CR=0.9)",DE,0,30,0.0,0.03125,0.001506787831015151,0.09221688747145647,668.9995583673372,632.4127040307908,456.52210603896435,1190.2566530243503
"CONT::rastrigin::d=20::b=(-30.0,30.0)::seed=901078099",rastrigin,cont,2000,0.001,"DE(pop=40,F=0.8,CR=0.9)",DE,0,30,0.0,0.03125,0.0017240966412662478,0.0974224679371768,2184.465478528232,2243.2549791197034,1421.0437908582671,2844.831895399408
"CONT::rastrigin::d=20::b=(-30.0,30.0)::seed=901078099",rastrigin,cont,2000,0.001,"PSO_STD(p=20,w=0.72,c1=1.49,c2=1.49)",PSO_STD,0,30,0.0,0.03125,0.0018534192719530664,0.093037305478748,149.6378645203971,150.51806588728599,88.94356759770557,206.54012196232907
"CONT::rastrigin::d=20::b=(-30.0,30.0)::seed=901078099",rastrigin,cont,2000,0.001,"PSO_STD(p=40,w=0.72,c1=1.49,c2=1.49)",PSO_STD,0,30,0.0,0.03125,0.0018621082598558464,0.0911445614277235,215.60091357028628,212.85767385437765,164.95099679561278,296.1704349919264
"CONT::rastrigin::d=20::b=(-30.0,30.0)::seed=901078099",rastrigin,cont,2000,0.001,"PSO_RING(p=20,ring,w=0.72,c1=1.49,c2=1.49)",PSO_RING,0,30,0.0,0.03125,0.0018255783406314501,0.0949639293734464,240.69192824824722,233.04475084918437,168.29531154880846,322.58410589785007
"CONT::rastrigin::d=20::b=(-30.0,30.0)::seed=901078099",rastrigin,cont,2000,0.001,"PSO_RING(p=40,ring,w=0.72,c1=1.49,c2=1.49)",PSO_RING,0,30,0.0,0.03125,0.0017716784461312269,0.08748795104808356,507.998082760169,487.94403728380564,324.26568681882924,717.7891746860437
"CONT::rastrigin::d=20::b=(-30.0,30.0)::seed=901078099",rastrigin,cont,2000,0.001,"ES_ML(mu=10,lam=40,sigma=0.3)",ES_ML,0,30,0.0,0.03125,0.0017909365665478847,0.0948738339498704,378.53871592200426,384.0896522191368,260.1295796718013,502.95254395757195
"CONT::rastrigin::d=20::b=(-30.0,30.0)::seed=901078099",rastrigin,cont,2000,0.001,"ES_ML(mu=20,lam=80,sigma=0.2)",ES_ML,0,30,0.0,0.03125,0.0014586410461315865,0.09106929241445799,2382.804217027626,2447.804114510777,1343.1825081504326,3055.3945800661972
"CONT::sphere::d=20::b=(-30.0,30.0)::seed=978532290",sphere,cont,2000,0.0001,RS_CONT,RS_CONT,0,30,0.0,0.03125,0.001507740857499285,0.08834596210055073,2408.8433083335185,2446.2768315318344,1489.1082257802173,2906.8819082350187
"CONT::sphere::d=20::b=(-30.0,30.0)::seed=978532290",sphere,cont,2000,0.0001,HC_CONT(sigma=0.2),HC_CONT,0,30,0.0,0.03125,0.0016642959776773196,0.09174931453023843,0.42145737154724283,0.40034610197533416,0.21285272760563706,0.6418552651735537
"CONT::sphere::d=20::b=(-30.0,30.0)::seed=978532290",sphere,cont,2000,0.0001,"SA_CONT(sigma=0.3,T0=1.0,alpha=0.995)",SA_CONT,0,30,0.0,0.03125,0.0015797241233497625,0.09503525438594546,0.8964849182072423,0.874351243398515,0.5095101443380038,1.1541187693050832
"CONT::sphere::d=20::b=(-30.0,30.0)::seed=978532290",sphere,cont,2000,0.0001,"DE(pop=20,F=0.8,CR=0.9)",DE,0,30,0.0,0.03125,0.0017926731854655546,0.09310290400467013,448.92985120770174,444.0505704420384,103.79166446111276,745.6376501979154
"CONT::sphere::d=20::b=(-30.0,30.0)::seed=978532290",sphere,cont,2000,0.0001,"DE(pop=40,F=0.8,CR=0.9)",DE,0,30,0.0,0.03125,0.0014879983885520442,0.09167303093716343,1795.261893472586,1895.6975773838644,964.5685310152008,2368.2960637519323
"CONT::sphere::d=20::b=(-30.0,30.0)::seed=978532290",sphere,cont,2000,0.0001,"PSO_STD(p=20,w=0.72,c1=1.49,c2=1.49)",PSO_STD,0,30,0.0,0.03125,0.0015994525546747446,0.09221261749233062,32.785248534563934,2.1580695804599364,0.33763026949258385,901.9017694773427
"CONT::sphere::d=20::b=(-30.0,30.0)::seed=978532290",sphere,cont,2000,0.0001,"PSO_STD(p=40,w=0.72,c1=1.49,c2=1.49)",PSO_STD,0,30,0.0,0.03125,0.001518950252543613,0.09095765789951987,28.16387425728135,23.606242112869804,9.472448562517505,75.88062950493415
"CONT::sphere::d=20::b=(-30.0,30.0)::seed=978532290",sphere,cont,2000,0.0001,"PSO_RING(p=20,ring,w=0.72,c1=1.49,c2=1.49)",PSO_RING,0,30,0.0,0.03125,0.001433309369200041,0.09427322879362772,59.264239334467774,55.502860783299795,21.322198809724306,155.3105187601205
"CONT::sphere::d=20::b=(-30.0,30.0)::seed=978532290",sphere,cont,2000,0.0001,"PSO_RING(p=40,ring,w=0.72,c1=1.49,c2=1.49)",PSO_RING,0,30,0.0,0.03125,0.001621520559830577,0.09153254752503404,303.8947786734199,289.76590648948775,180.22957224482465,450.2753261131137
"CONT::sphere::d=20::b=(-30.0,30.0)::seed=978532290",sphere,cont,2000,0.0001,"ES_ML(mu=10,lam=40,sigma=0.3)",ES_ML,0,30,0.0,0.03125,0.0016388725030884806,0.08766949147743654,201.77953704711183,190.63442849171108,93.44476035502154,353.19584356816165
"CONT::sphere::d=20::b=(-30.0,30.0)::seed=978532290",sphere,cont,2000,0.0001,"ES_ML(mu=20,lam=80,sigma=0.2)",ES_ML,0,30,0.0,0.03125,0.00152395912039772,0.09296978956166618,2310.2775013628475,2424.88530916133,1044.719910151267,3172.7396101524346
"CONT::rosenbrock::d=5::b=(-5.0,5.0)::seed=831311564",rosenbrock,cont,2000,0.01,RS_CONT,RS_CONT,0,30,0.0,0.03125,0.001571920011198015,0.0933028249806145,161.98802948053424,162.4478186036938,28.41626019074534,336.1804443373445
"CONT::rosenbrock::d=5::b=(-5.0,5.0)::seed=831311564",rosenbrock,cont,2000,0.01,HC_CONT(sigma=0.2),HC_CONT,0,30,0.0,0.03125,0.0017244403529393631,0.0907721572435313,3.5806237930725886,3.541576948796401,1.6745125692606195,7.69532910777201
"CONT::rosenbrock::d=5::b=(-5.0,5.0)::seed=831311564",rosenbrock,cont,2000,0.01,"SA_CONT(sigma=0.3,T0=1.0,alpha=0.995)",SA_CONT,0,30,0.0,0.03125,0.0017183452129492128,0.09218998200081495,3.8977189099686638,3.240479934065675,0.9924407304272551,8.925123042986634
"CONT::rosenbrock::d=5::b=(-5.0,5.0)::seed=831311564",rosenbrock,cont,2000,0.01,"DE(pop=20,F=0.8,CR=0.9)",DE,0,30,0.0,0.03125,0.001538650491648711,0.08939769964460963,1.4065075612612026,1.2317249949253215,0.23919899943707018,3.571289577208593
"CONT::rosenbrock::d=5::b=(-5.0,5.0)::seed=831311564",rosenbrock,cont,2000,0.01,"DE(pop=40,F=0.8,CR=0.9)",DE,0,30,0.0,0.03125,0.001600513512953364,0.09340780606988862,12.285957974499535,10.799319634996905,1.7236040576623455,30.895134863385753
"CONT::rosenbrock::d=5::b=(-5.0,5.0)::seed=831311564",rosenbrock,cont,2000,0.01,"PSO_STD(p=20,w=0.72,c1=1.49,c2=1.49)",PSO_STD,0,30,0.0,0.03125,0.001684803891812824,0.09709188266555727,1.6310792469813307,1.1575485042175355,0.043679288609558886,4.705312299018803
"CONT::rosenbrock::d=5::b=(-5.0,5.0)::seed=831311564",rosenbrock,cont,2000,0.01,"PSO_STD(p=40,w=0.72,c1=1.49,c2=1.49)",PSO_STD,0,30,0.0,0.03125,0.0015848963832365303,0.0928672713678364,2.0443935977700933,2.03034974104587,0.19705311450713955,6.2585945888574255
"CONT::rosenbrock::d=5::b=(-5.0,5.0)::seed=831311564",rosenbrock,cont,2000,0.01,"PSO_RING(p=20,ring,w=0.72,c1=1.49,c2=1.49)",PSO_RING,1,30,0.03333333333333333,0.0625,0.012490108419917757,0.1428797491880753,1.5514722838939394,1.7036842244821224,0.002733403236756084,3.404093095431222
"CONT::rosenbrock::d=5::b=(-5.0,5.0)::seed=831311564",rosenbrock,cont,2000,0.01,"PSO_RING(p=40,ring,w=0.72,c1=1.49,c2=1.49)",PSO_RING,0,30,0.0,0.03125,0.0016468277066952115,0.09364165465356963,2.527539493222869,2.596387370657663,0.14732977967971272,4.9012298803371355
"CONT::rosenbrock::d=5::b=(-5.0,5.0)::seed=831311564",rosenbrock,cont,2000,0.01,"ES_ML(mu=10,lam=40,sigma=0.3)",ES_ML,0,30,0.0,0.03125,0.0016172518088504336,0.09163506804944889,3.043304548679573,3.101257832838152,1.02655448568951,4.4689739602653
"CONT::rosenbrock::d=5::b=(-5.0,5.0)::seed=831311564",rosenbrock,cont,2000,0.01,"ES_ML(mu=20,lam=80,sigma=0.2)",ES_ML,0,30,0.0,0.03125,0.0015189732907793295,0.09671355573702697,4.872494696808556,3.8445293204919717,1.6267978201620865,16.130218868246914
"CONT::ackley::d=5::b=(-10.0,10.0)::seed=336846774",ackley,cont,2000,0.001,RS_CONT,RS_CONT,0,30,0.0,0.03125,0.0014815615373223758,0.09530658683825789,6.351707523622769,6.330794353924981,3.969725850703036,8.079242669425827
"CONT::ackley::d=5::b=(-10.0,10.0)::seed=336846774",ackley,cont,2000,0.001,HC_CONT(sigma=0.2),HC_CONT,0,30,0.0,0.03125,0.0014638629476102425,0.09650037167670984,13.552010387110922,14.033583410816487,6.927482640571714,16.252760981456994
"CONT::ackley::d=5::b=(-10.0,10.0)::seed=336846774",ackley,cont,2000,0.001,"SA_CONT(sigma=0.3,T0=1.0,alpha=0.995)",SA_CONT,0,30,0.0,0.03125,0.0016683289535880837,0.09587480179073649,3.0798521159703283,0.3943679593835374,0.187641369734735,14.960266696576497
"CONT::ackley::d=5::b=(-10.0,10.0)::seed=336846774",ackley,cont,2000,0.001,"DE(pop=20,F=0.8,CR=0.9)",DE,0,30,0.0,0.03125,0.0017913697765894613,0.09195404744551974,0.04170670468986311,0.03286730411549721,0.005682267004040842,0.14358064330454257
"CONT::ackley::d=5::b=(-10.0,10.0)::seed=336846774",ackley,cont,2000,0.001,"DE(pop=40,F=0.8,CR=0.9)",DE,0,30,0.0,0.03125,0.0015900080455692263,0.09097402882448986,1.6958197875610266,1.6734660426200727,0.9260475506629402,2.8204322430030904
"CONT::ackley::d=5::b=(-10.0,10.0)::seed=336846774",ackley,cont,2000,0.001,"PSO_STD(p=20,w=0.72,c1=1.49,c2=1.49)",PSO_STD,18,30,0.6,0.59375,0.44200465864311983,0.7260973957545216,0.0010643912746743625,0.000917217827315131,0.0003339418524501703,0.003325998767632843
"CONT::ackley::d=5::b=(-10.0,10.0)::seed=336846774",ackley,cont,2000,0.001,"PSO_STD(p=40,w=0.72,c1=1.49,c2=1.49)",PSO_STD,0,30,0.0,0.03125,0.0012913335060384455,0.09179500536937187,0.036262159653823026,0.0322861718739067,0.010868290362062272,0.0861610397790824
"CONT::ackley::d=5::b=(-10.0,10.0)::seed=336846774",ackley,cont,2000,0.001,"PSO_RING(p=20,ring,w=0.72,c1=1.49,c2=1.49)",PSO_RING,0,30,0.0,0.03125,0.0017014997104322271,0.0931661364828605,0.021934207553531683,0.0187084755685043,0.0016733723545283574,0.08941145423753882
"CONT::ackley::d=5::b=(-10.0,10.0)::seed=336846774",ackley,cont,2000,0.001,"PSO_RING(p=40,ring,w=0.72,c1=1.49,c2=1.49)",PSO_RING,0,30,0.0,0.03125,0.0017775365255118768,0.09515376981006159,0.43151579870965834,0.3421216793960604,0.12633602817528855,1.2104285939414159
"CONT::ackley::d=5::b=(-10.0,10.0)::seed=336846774",ackley,cont,2000,0.001,"ES_ML(mu=10,lam=40,sigma=0.3)",ES_ML,0,30,0.0,0.03125,0.0018911631464181163,0.09076092319243075,0.42510614024580134,0.3396550145909498,0.08619349915957075,1.0748546890125295
"CONT::ackley::d=5::b=(-10.0,10.0)::seed=336846774",ackley,cont,2000,0.001,"ES_ML(mu=20,lam=80,sigma=0.2)",ES_ML,0,30,0.0,0.03125,0.0016632594938652615,0.08691781637039667,2.089240292603549,1.76318329503377,0.22157137032411045,7.392034254960235
"CONT::levy::d=20::b=(-10.0,10.0)::seed=744683567",levy,cont,2000,0.01,RS_CONT,RS_CONT,0,30,0.0,0.03125,0.0016695846234174427,0.09042474332635068,67.86222286899141,67.71005727871935,48.60538740648536,87.04521559594303
"CONT::levy::d=20::b=(-10.0,10.0)::seed=744683567",levy,cont,2000,0.01,HC_CONT(sigma=0.2),HC_CONT,0,30,0.0,0.03125,0.0017068406247696005,0.09188773005365852,41.55836647521815,41.04007236939543,26.513303594714948,57.18194962768713
"CONT::levy::d=20::b=(-10.0,10.0)::seed=744683567",levy,cont,2000,0.01,"SA_CONT(sigma=0.3,T0=1.0,alpha=0.995)",SA_CONT,0,30,0.0,0.03125,0.0019178591072468735,0.08984776636795246,44.02132815521474,42.43759686641539,25.90780235469408,64.52324608129501
"CONT::levy::d=20::b=(-10.0,10.0)::seed=744683567",levy,cont,2000,0.01,"DE(pop=20,F=0.8,CR=0.9)",DE,0,30,0.0,0.03125,0.0014692013504566193,0.09701501569506939,28.96470103546891,26.584379736381678,10.924908968008069,57.15479704316281
"CONT::levy::d=20::b=(-10.0,10.0)::seed=744683567",levy,cont,2000,0.01,"DE(pop=40,F=0.8,CR=0.9)",DE,0,30,0.0,0.03125,0.001575271876426645,0.08837671440411372,78.9844630817196,77.21818622728321,40.612794422224425,127.8026417677449
"CONT::levy::d=20::b=(-10.0,10.0)::seed=744683567",levy,cont,2000,0.01,"PSO_STD(p=20,w=0.72,c1=1.49,c2=1.49)",PSO_STD,0,30,0.0,0.03125,0.0014879724280154397,0.09152587738743082,6.369285182090118,5.322484300576529,0.6383439165683125,16.287366705410676
"CONT::levy::d=20::b=(-10.0,10.0)::seed=744683567",levy,cont,2000,0.01,"PSO_STD(p=40,w=0.72,c1=1.49,c2=1.49)",PSO_STD,0,30,0.0,0.03125,0.0015490997707525264,0.08833446793680326,6.623246309608853,5.459647123495415,0.9277167613846125,16.265615041979352
"CONT::levy::d=20::b=(-10.0,10.0)::seed=744683567",levy,cont,2000,0.01,"PSO_RING(p=20,ring,w=0.72,c1=1.49,c2=1.49)",PSO_RING,0,30,0.0,0.03125,0.0016799380853498287,0.09293995072850329,9.359369643657127,8.619404668536678,1.3943157686994776,18.46990982246288
"CONT::levy::d=20::b=(-10.0,10.0)::seed=744683567",levy,cont,2000,0.01,"PSO_RING(p=40,ring,w=0.72,c1=1.49,c2=1.49)",PSO_RING,0,30,0.0,0.03125,0.0017238490517449874,0.09118295403311592,16.654771469167645,16.25386940831376,4.832619809937073,32.403484747241556
"CONT::levy::d=20::b=(-10.0,10.0)::seed=744683567",levy,cont,2000,0.01,"ES_ML(mu=10,lam=40,sigma=0.3)",ES_ML,0,30,0.0,0.03125,0.0015600274960593178,0.09614663725175485,28.658993739934555,28.931714072222007,18.071605678495317,43.3846353965711
"CONT::levy::d=20::b=(-10.0,10.0)::seed=744683567",levy,cont,2000,0.01,"ES_ML(mu=20,lam=80,sigma=0.2)",ES_ML,0,30,0.0,0.03125,0.0015974351514749883,0.09277927910536368,32.727136015382975,31.11711650968006,21.365829335744237,48.950259415569036
"CONT::rosenbrock::d=5::b=(-10.0,10.0)::seed=934348663",rosenbrock,cont,2000,0.01,RS_CONT,RS_CONT,0,30,0.0,0.03125,0.0013655583975737367,0.09262658449238712,1377.4824655821772,1036.01031875613,156.6427726858908,4882.941604721022
"CONT::rosenbrock::d=5::b=(-10.0,10.0)::seed=934348663",rosenbrock,cont,2000,0.01,HC_CONT(sigma=0.2),HC_CONT,0,30,0.0,0.03125,0.0015304046052489631,0.09200285391247338,2.9797086149099528,2.508852762275514,1.2209854927305164,7.117312206791784
"CONT::rosenbrock::d=5::b=(-10.0,10.0)::seed=934348663",rosenbrock,cont,2000,0.01,"SA_CONT(sigma=0.3,T0=1.0,alpha=0.995)",SA_CONT,0,30,0.0,0.03125,0.001883324029801167,0.09276242195487758,8.475287168673677,3.6118017250875853,0.959317489065629,142.015712204369
"CONT::rosenbrock::d=5::b=(-10.0,10.0)::seed=934348663",rosenbrock,cont,2000,0.01,"DE(pop=20,F=0.8,CR=0.9)",DE,0,30,0.0,0.03125,0.001579598048577707,0.09100307962200435,2.3961177060116836,2.226293034986617,0.5297671707404334,6.30492871292615
"CONT::rosenbrock::d=5::b=(-10.0,10.0)::seed=934348663",rosenbrock,cont,2000,0.01,"DE(pop=40,F=0.8,CR=0.9)",DE,0,30,0.0,0.03125,0.0016214860908189137,0.09134461720658318,25.57861290397116,22.321553610590968,5.789460371629622,51.711294618653945
"CONT::rosenbrock::d=5::b=(-10.0,10.0)::seed=934348663",rosenbrock,cont,2000,0.01,"PSO_STD(p=20,w=0.72,c1=1.49,c2=1.49)",PSO_STD,0,30,0.0,0.03125,0.0015540221348519223,0.09021634508679843,13.43909165156159,1.8033063384435666,0.18568231520626333,161.39810366190463
"CONT::rosenbrock::d=5::b=(-10.0,10.0)::seed=934348663",rosenbrock,cont,2000,0.01,"PSO_STD(p=40,w=0.72,c1=1.49,c2=1.49)",PSO_STD,0,30,0.0,0.03125,0.0018421057669185243,0.09463520944907132,4.052988886937851,3.1961041246308453,0.1829954248026573,12.358936332290778
"CONT::rosenbrock::d=5::b=(-10.0,10.0)::seed=934348663",rosenbrock,cont,2000,0.01,"PSO_RING(p=20,ring,w=0.72,c1=1.49,c2=1.49)",PSO_RING,0,30,0.0,0.03125,0.0017420845964008845,0.09320692682786956,1.8765741648846714,1.7252922627566822,0.032839459427838065,8.003308468601299
"CONT::rosenbrock::d=5::b=(-10.0,10.0)::seed=934348663",rosenbrock,cont,2000,0.01,"PSO_RING(p=40,ring,w=0.72,c1=1.49,c2=1.49)",PSO_RING,0,30,0.0,0.03125,0.00174956809655451,0.09235330537567278,4.859533917335766,4.488187293282049,1.1087135558363048,14.811352893277318
"CONT::rosenbrock::d=5::b=(-10.0,10.0)::seed=934348663",rosenbrock,cont,2000,0.01,"ES_ML(mu=10,lam=40,sigma=0.3)",ES_ML,0,30,0.0,0.03125,0.0015910212225160732,0.09403403297981575,8.255389781388688,4.32133952937591,1.8716738828259336,120.47061325477213
"CONT::rosenbrock::d=5::b=(-10.0,10.0)::seed=934348663",rosenbrock,cont,2000,0.01,"ES_ML(mu=20,lam=80,sigma=0.2)",ES_ML,0,30,0.0,0.03125,0.0016429935444685643,0.09122500948819465,41.190362145864576,9.876482729901838,3.025543569267914,540.1101052868042
"CONT::rosenbrock::d=20::b=(-10.0,10.0)::seed=314672635",rosenbrock,cont,2000,0.01,RS_CONT,RS_CONT,0,30,0.0,0.03125,0.0016144094572492777,0.09080590669550713,685810.4285729243,685725.190850423,343799.2211022372,982814.6690259461
"CONT::rosenbrock::d=20::b=(-10.0,10.0)::seed=314672635",rosenbrock,cont,2000,0.01,HC_CONT(sigma=0.2),HC_CONT,0,30,0.0,0.03125,0.001646405208957186,0.0900782445853735,111.20019976500406,64.28076268096416,45.887151123567484,382.8129641288337
"CONT::rosenbrock::d=20::b=(-10.0,10.0)::seed=314672635",rosenbrock,cont,2000,0.01,"SA_CONT(sigma=0.3,T0=1.0,alpha=0.995)",SA_CONT,0,30,0.0,0.03125,0.0020118551912726604,0.09843748632528249,156.75501755086958,124.86670075077662,75.61001117400389,310.9408060986364
"CONT::rosenbrock::d=20::b=(-10.0,10.0)::seed=314672635",rosenbrock,cont,2000,0.01,"DE(pop=20,F=0.8,CR=0.9)",DE,0,30,0.0,0.03125,0.0016650080411923344,0.09084459316412488,68982.35807537843,60134.87410078528,7763.344530191519,186998.21570160508
"CONT::rosenbrock::d=20::b=(-10.0,10.0)::seed=314672635",rosenbrock,cont,2000,0.01,"DE(pop=40,F=0.8,CR=0.9)",DE,0,30,0.0,0.03125,0.0017616555238344092,0.09526609170601924,681059.9385591892,702829.6693411369,201806.1146558548,1157668.172266135
"CONT::rosenbrock::d=20::b=(-10.0,10.0)::seed=314672635",rosenbrock,cont,2000,0.01,"PSO_STD(p=20,w=0.72,c1=1.49,c2=1.49)",PSO_STD,0,30,0.0,0.03125,0.0015331877486133218,0.08981306951087269,596.6749978777432,199.89417274255953,41.612554992247055,10087.16024336677
"CONT::rosenbrock::d=20::b=(-10.0,10.0)::seed=314672635",rosenbrock,cont,2000,0.01,"PSO_STD(p=40,w=0.72,c1=1.49,c2=1.49)",PSO_STD,0,30,0.0,0.03125,0.0017341316541458177,0.0930352240719377,2986.3215217723864,1473.1507155240179,272.81188018808393,11017.362535348344
"CONT::rosenbrock::d=20::b=(-10.0,10.0)::seed=314672635",rosenbrock,cont,2000,0.01,"PSO_RING(p=20,ring,w=0.72,c1=1.49,c2=1.49)",PSO_RING,0,30,0.0,0.03125,0.0018290017821537329,0.09319602273185174,2894.977690724442,2626.345281556184,670.5120462563907,5522.352454257689
"CONT::rosenbrock::d=20::b=(-10.0,10.0)::seed=314672635",rosenbrock,cont,2000,0.01,"PSO_RING(p=40,ring,w=0.72,c1=1.49,c2=1.49)",PSO_RING,0,30,0.0,0.03125,0.0016585499296045663,0.09296981506031568,23523.29465312515,20406.859378184818,5318.248010213072,53040.518212236486
"CONT::rosenbrock::d=20::b=(-10.0,10.0)::seed=314672635",rosenbrock,cont,2000,0.01,"ES_ML(mu=10,lam=40,sigma=0.3)",ES_ML,0,30,0.0,0.03125,0.0017110869640462377,0.0956651825893996,1977.4144113269588,1431.1647574681367,487.22542324223156,7341.554417574173
"CONT::rosenbrock::d=20::b=(-10.0,10.0)::seed=314672635",rosenbrock,cont,2000,0.01,"ES_ML(mu=20,lam=80,sigma=0.2)",ES_ML,0,30,0.0,0.03125,0.0015998732278702133,0.08876338394549577,83790.45972608989,76153.24409679175,17853.44333469601,195255.17325458696
"CONT::sphere::d=10::b=(-5.0,5.0)::seed=435480606",sphere,cont,2000,0.0001,RS_CONT,RS_CONT,0,30,0.0,0.03125,0.0016120350653907095,0.08862735932295501,15.914849099656335,16.198491488604585,6.7234762624974636,22.94883623315654
"CONT::sphere::d=10::b=(-5.0,5.0)::seed=435480606",sphere,cont,2000,0.0001,HC_CONT(sigma=0.2),HC_CONT,0,30,0.0,0.03125,0.0016318353138525773,0.09165833443778369,0.056937849594929237,0.059016947362873357,0.014048552873054343,0.08466461291985364
"CONT::sphere::d=10::b=(-5.0,5.0)::seed=435480606",sphere,cont,2000,0.0001,"SA_CONT(sigma=0.3,T0=1.0,alpha=0.995)",SA_CONT,0,30,0.0,0.03125,0.0014740981457788546,0.09140168085332619,0.14300780916782654,0.14307772030273405,0.07449313167111984,0.24281721301253517
"CONT::sphere::d=10::b=(-5.0,5.0)::seed=435480606",sphere,cont,2000,0.0001,"DE(pop=20,F=0.8,CR=0.9)",DE,0,30,0.0,0.03125,0.0017222881673315809,0.09116334194628924,0.4045477802331334,0.3519504633686788,0.09796466138577993,0.9192065063616651
"CONT::sphere::d=10::b=(-5.0,5.0)::seed=435480606",sphere,cont,2000,0.0001,"DE(pop=40,F=0.8,CR=0.9)",DE,0,30,0.0,0.03125,0.0015097370103463958,0.08770509407224568,5.776692101842338,5.782512140366597,1.622576502143818,9.946026333339285
"CONT::sphere::d=10::b=(-5.0,5.0)::seed=435480606",sphere,cont,2000,0.0001,"PSO_STD(p=20,w=0.72,c1=1.49,c2=1.49)",PSO_STD,15,30,0.5,0.5,0.3526790548564226,0.6427368129749227,0.00020189627831596196,0.00011050700341328287,1.537671636956675e-05,0.0007363003079172918
"CONT::sphere::d=10::b=(-5.0,5.0)::seed=435480606",sphere,cont,2000,0.0001,"PSO_STD(p=40,w=0.72,c1=1.49,c2=1.49)",PSO_STD,0,30,0.0,0.03125,0.0018816687426304447,0.0946579774493791,0.013337140276753692,0.010562009707504335,0.0016853294369646354,0.0432895481357972
"CONT::sphere::d=10::b=(-5.0,5.0)::seed=435480606",sphere,cont,2000,0.0001,"PSO_RING(p=20,ring,w=0.72,c1=1.49,c2=1.49)",PSO_RING,0,30,0.0,0.03125,0.0016876379688755521,0.09059956590081392,0.01732917840917333,0.013047204431794964,0.0037919809650177475,0.05993445100670948
"CONT::sphere::d=10::b=(-5.0,5.0)::seed=435480606",sphere,cont,2000,0.0001,"PSO_RING(p=40,ring,w=0.72,c1=1.49,c2=1.49)",PSO_RING,0,30,0.0,0.03125,0.001611574657638245,0.09108290406726383,0.3648672075595803,0.3630221281913696,0.07489113638731999,0.6896420697875538
"CONT::sphere::d=10::b=(-5.0,5.0)::seed=435480606",sphere,cont,2000,0.0001,"ES_ML(mu=10,lam=40,sigma=0.3)",ES_ML,0,30,0.0,0.03125,0.001462649164065544,0.08853404944084703,0.11933116037476853,0.11380036538682753,0.03081287243665576,0.21273555592801557
"CONT::sphere::d=10::b=(-5.0,5.0)::seed=435480606",sphere,cont,2000,0.0001,"ES_ML(mu=20,lam=80,sigma=0.2)",ES_ML,0,30,0.0,0.03125,0.001630867065990279,0.09084256669249906,0.5982067894494166,0.5524949730752056,0.1692487790577527,1.488382796423785
"CONT::rosenbrock::d=20::b=(-5.0,5.0)::seed=34191220",rosenbrock,cont,2000,0.01,RS_CONT,RS_CONT,0,30,0.0,0.03125,0.00163722162591498,0.09336065502990176,45794.01079326298,48645.59648742151,17884.893759364746,68162.73457652319
"CONT::rosenbrock::d=20::b=(-5.0,5.0)::seed=34191220",rosenbrock,cont,2000,0.01,HC_CONT(sigma=0.2),HC_CONT,0,30,0.0,0.03125,0.001456544157486823,0.08979491473355522,100.09609354010621,70.53267445847024,45.0394443853538,228.28193183346525
"CONT::rosenbrock::d=20::b=(-5.0,5.0)::seed=34191220",rosenbrock,cont,2000,0.01,"SA_CONT(sigma=0.3,T0=1.0,alpha=0.995)",SA_CONT,0,30,0.0,0.03125,0.0015676153634850598,0.09227502681283113,173.70343235962065,138.30953477867968,77.60994475554459,486.01681747713826
"CONT::rosenbrock::d=20::b=(-5.0,5.0)::seed=34191220",rosenbrock,cont,2000,0.01,"DE(pop=20,F=0.8,CR=0.9)",DE,0,30,0.0,0.03125,0.0014398387764601715,0.08993221694592862,4115.231414934394,3254.6163591581217,847.3760174079487,20054.020190437644
"CONT::rosenbrock::d=20::b=(-5.0,5.0)::seed=34191220",rosenbrock,cont,2000,0.01,"DE(pop=40,F=0.8,CR=0.9)",DE,0,30,0.0,0.03125,0.0014861719277724685,0.08988204024859485,41970.958646458574,40712.28735662947,22338.813320067708,74540.26512101619
"CONT::rosenbrock::d=20::b=(-5.0,5.0)::seed=34191220",rosenbrock,cont,2000,0.01,"PSO_STD(p=20,w=0.72,c1=1.49,c2=1.49)",PSO_STD,0,30,0.0,0.03125,0.0016086857321180846,0.09559493899426297,213.51800381737434,96.89004758637009,18.837708767662875,2536.197535769419
"CONT::rosenbrock::d=20::b=(-5.0,5.0)::seed=34191220",rosenbrock,cont,2000,0.01,"PSO_STD(p=40,w=0.72,c1=1.49,c2=1.49)",PSO_STD,0,30,0.0,0.03125,0.0019114100078405514,0.09096371415795239,304.01887544456645,247.13470403903636,113.56970207549573,806.1829041266127
"CONT::rosenbrock::d=20::b=(-5.0,5.0)::seed=34191220",rosenbrock,cont,2000,0.01,"PSO_RING(p=20,ring,w=0.72,c1=1.49,c2=1.49)",PSO_RING,0,30,0.0,0.03125,0.0013246954944274188,0.08939688941438478,457.87664952263935,469.433965512927,182.0406203427772,999.9418909395814
"CONT::rosenbrock::d=20::b=(-5.0,5.0)::seed=34191220",rosenbrock,cont,2000,0.01,"PSO_RING(p=40,ring,w=0.72,c1=1.49,c2=1.49)",PSO_RING,0,30,0.0,0.03125,0.0016333396200137605,0.08891676869935619,2088.0074226317765,2048.053085708425,922.961888452377,4174.58711397779
"CONT::rosenbrock::d=20::b=(-5.0,5.0)::seed=34191220",rosenbrock,cont,2000,0.01,"ES_ML(mu=10,lam=40,sigma=0.3)",ES_ML,0,30,0.0,0.03125,0.0015847555224223992,0.08565160588586634,234.27484828997555,212.93781591865292,118.30351939644184,573.9402166478837
"CONT::rosenbrock::d=20::b=(-5.0,5.0)::seed=34191220",rosenbrock,cont,2000,0.01,"ES_ML(mu=20,lam=80,sigma=0.2)",ES_ML,0,30,0.0,0.03125,0.0015781396599190676,0.09655521948161455,1791.1284599291337,1681.0392067365442,611.3768956997737,3534.656646839726
"CONT::rosenbrock::d=20::b=(-5.0,5.0)::seed=610253177",rosenbrock,cont,2000,0.01,RS_CONT,RS_CONT,0,30,0.0,0.03125,0.0014636516527801388,0.08866421951673756,46233.84357491342,45579.30721811844,21078.14832721102,70017.39565401975
"CONT::rosenbrock::d=20::b=(-5.0,5.0)::seed=610253177",rosenbrock,cont,2000,0.01,HC_CONT(sigma=0.2),HC_CONT,0,30,0.0,0.03125,0.0015814743453578806,0.09050740835179587,80.23090157633045,59.41423546565572,45.82354755322372,203.74044619466213
"CONT::rosenbrock::d=20::b=(-5.0,5.0)::seed=610253177",rosenbrock,cont,2000,0.01,"SA_CONT(sigma=0.3,T0=1.0,alpha=0.995)",SA_CONT,0,30,0.0,0.03125,0.0018218781402386732,0.0944831184818785,143.58034704431986,124.65332996149296,76.85278084954271,303.9658641235604
"CONT::rosenbrock::d=20::b=(-5.0,5.0)::seed=610253177",rosenbrock,cont,2000,0.01,"DE(pop=20,F=0.8,CR=0.9)",DE,0,30,0.0,0.03125,0.0016329521522259027,0.09460270009209107,5134.649806428384,3912.861249511355,1990.3161119101453,14098.882295093677
"CONT::rosenbrock::d=20::b=(-5.0,5.0)::seed=610253177",rosenbrock,cont,2000,0.01,"DE(pop=40,F=0.8,CR=0.9)",DE,0,30,0.0,0.03125,0.0018153501853721656,0.09224847375152556,43140.69760213451,41743.4320077087,10622.657132037124,78228.6801768252
"CONT::rosenbrock::d=20::b=(-5.0,5.0)::seed=610253177",rosenbrock,cont,2000,0.01,"PSO_STD(p=20,w=0.72,c1=1.49,c2=1.49)",PSO_STD,0,30,0.0,0.03125,0.0016487992836327152,0.0902700467310847,268.58710645473815,71.75717295080082,26.388466566507898,2646.5333081171293
"CONT::rosenbrock::d=20::b=(-5.0,5.0)::seed=610253177",rosenbrock,cont,2000,0.01,"PSO_STD(p=40,w=0.72,c1=1.49,c2=1.49)",PSO_STD,0,30,0.0,0.03125,0.001409407026230163,0.09067822009398768,242.07370146820296,235.49585440718138,76.10752889419823,505.51312521716443
"CONT::rosenbrock::d=20::b=(-5.0,5.0)::seed=610253177",rosenbrock,cont,2000,0.01,"PSO_RING(p=20,ring,w=0.72,c1=1.49,c2=1.49)",PSO_RING,0,30,0.0,0.03125,0.0014662778984592814,0.09373110825439014,422.18970236528725,360.3530137083636,122.45618523915596,892.1272559913989
"CONT::rosenbrock::d=20::b=(-5.0,5.0)::seed=610253177",rosenbrock,cont,2000,0.01,"PSO_RING(p=40,ring,w=0.72,c1=1.49,c2=1.49)",PSO_RING,0,30,0.0,0.03125,0.0015012740826168501,0.09196098329351322,2331.514701620622,2330.0219322802086,1039.515364058496,3525.893938736395
"CONT::rosenbrock::d=20::b=(-5.0,5.0)::seed=610253177",rosenbrock,cont,2000,0.01,"ES_ML(mu=10,lam=40,sigma=0.3)",ES_ML,0,30,0.0,0.03125,0.0017211035565042805,0.09535118156773693,212.9133332661717,195.20903416758264,95.7543842375558,476.9405532328996
"CONT::rosenbrock::d=20::b=(-5.0,5.0)::seed=610253177",rosenbrock,cont,2000,0.01,"ES_ML(mu=20,lam=80,sigma=0.2)",ES_ML,0,30,0.0,0.03125,0.0016946486911408834,0.09013377697160949,1890.4083330172396,1927.7215451375419,686.0641471327278,3413.923156252504
"CONT::rosenbrock::d=20::b=(-10.0,10.0)::seed=239744179",rosenbrock,cont,2000,0.01,RS_CONT,RS_CONT,0,30,0.0,0.03125,0.0018204336123830204,0.0908773438241338,677415.8677129623,684823.7349880589,268136.0793509293,1015445.6132108211
"CONT::rosenbrock::d=20::b=(-10.0,10.0)::seed=239744179",rosenbrock,cont,2000,0.01,HC_CONT(sigma=0.2),HC_CONT,0,30,0.0,0.03125,0.0018147407175847416,0.09194208106187647,85.34084491235326,63.88309165203584,46.192860344888445,377.2808041132269
"CONT::rosenbrock::d=20::b=(-10.0,10.0)::seed=239744179",rosenbrock,cont,2000,0.01,"SA_CONT(sigma=0.3,T0=1.0,alpha=0.995)",SA_CONT,0,30,0.0,0.03125,0.001817366768396482,0.08993538777077394,234.63805581143092,171.69350263018646,74.89163477445241,815.858753737112
"CONT::rosenbrock::d=20::b=(-10.0,10.0)::seed=239744179",rosenbrock,cont,2000,0.01,"DE(pop=20,F=0.8,CR=0.9)",DE,0,30,0.0,0.03125,0.0019943140294844818,0.08848331652829751,85025.98441685885,58187.67963206124,21378.99109483237,232945.60869699664
"CONT::rosenbrock::d=20::b=(-10.0,10.0)::seed=239744179",rosenbrock,cont,2000,0.01,"DE(pop=40,F=0.8,CR=0.9)",DE,0,30,0.0,0.03125,0.0017130326399809992,0.09254512267966472,608365.9677464302,635826.633634219,190060.492856612,1379281.9748534143
"CONT::rosenbrock::d=20::b=(-10.0,10.0)::seed=239744179",rosenbrock,cont,2000,0.01,"PSO_STD(p=20,w=0.72,c1=1.49,c2=1.49)",PSO_STD,0,30,0.0,0.03125,0.0014473524458569178,0.09083705279369558,646.8042927910396,232.20578821959003,57.97181143829678,10107.299106676042
"CONT::rosenbrock::d=20::b=(-10.0,10.0)::seed=239744179",rosenbrock,cont,2000,0.01,"PSO_STD(p=40,w=0.72,c1=1.49,c2=1.49)",PSO_STD,0,30,0.0,0.03125,0.0016901154478558217,0.09139185963379744,2510.503197878193,1196.9303940432221,365.5935969897347,11095.041552870935
"CONT::rosenbrock::d=20::b=(-10.0,10.0)::seed=239744179",rosenbrock,cont,2000,0.01,"PSO_RING(p=20,ring,w=0.72,c1=1.49,c2=1.49)",PSO_RING,0,30,0.0,0.03125,0.0018190174330094866,0.09008246157836815,3317.0388438821437,2673.4674456883595,593.9750743373385,9095.317994076964
"CONT::rosenbrock::d=20::b=(-10.0,10.0)::seed=239744179",rosenbrock,cont,2000,0.01,"PSO_RING(p=40,ring,w=0.72,c1=1.49,c2=1.49)",PSO_RING,0,30,0.0,0.03125,0.0018104874080162473,0.09199806247321422,24475.505855471776,23834.856675315998,8411.630185420887,43497.33829820402
"CONT::rosenbrock::d=20::b=(-10.0,10.0)::seed=239744179",rosenbrock,cont,2000,0.01,"ES_ML(mu=10,lam=40,sigma=0.3)",ES_ML,0,30,0.0,0.03125,0.002109351564928798,0.09233405546144015,1720.0106516141734,1695.9760377096525,746.6828520668856,3148.4879978115077
"CONT::rosenbrock::d=20::b=(-10.0,10.0)::seed=239744179",rosenbrock,cont,2000,0.01,"ES_ML(mu=20,lam=80,sigma=0.2)",ES_ML,0,30,0.0,0.03125,0.0017107651205292475,0.09368169809414408,103877.38354361002,107599.14136785248,21040.528606929693,265559.08175014623
BIN::onemax::n=50::seed=499277862,onemax,bin,5000,0.0,RS_BIN,RS_BIN,0,30,0.0,0.03125,0.00179228039548099,0.09467722853876974,12.266666666666667,12.0,10.0,14.0
BIN::onemax::n=50::seed=499277862,onemax,bin,5000,0.0,HC(flips=1),HC,30,30,1.0,0.96875,0.9054317004467497,0.9985557893705761,0.0,0.0,0.0,0.0
BIN::onemax::n=50::seed=499277862,onemax,bin,5000,0.0,HC(flips=2),HC,16,30,0.5333333333333333,0.53125,0.3851665506431891,0.6752940913168678,0.4666666666666667,0.0,0.0,1.0
BIN::onemax::n=50::seed=499277862,onemax,bin,5000,0.0,"SA(T0=1.0,alpha=0.995,flips=1)",SA,30,30,1.0,0.96875,0.9081671470986824,0.998245932143356,0.0,0.0,0.0,0.0
BIN::onemax::n=50::seed=499277862,onemax,bin,5000,0.0,"SA(T0=2.0,alpha=0.99,flips=1)",SA,30,30,1.0,0.96875,0.9108927452860411,0.9980655232881243,0.0,0.0,0.0,0.0
BIN::onemax::n=50::seed=499277862,onemax,bin,5000,0.0,"SA(T0=2.0,alpha=0.995,flips=2)",SA,16,30,0.5333333333333333,0.53125,0.38775308098679767,0.6669504469825294,0.4666666666666667,0.0,0.0,1.0
BIN::onemax::n=50::seed=499277862,onemax,bin,5000,0.0,"GA(pop=50,pc=0.9,pm=0.02)",GA,30,30,1.0,0.96875,0.9120536976536896,0.9985160557694073,0.0,0.0,0.0,0.0
BIN::onemax::n=50::seed=499277862,onemax,bin,5000,0.0,"GA(pop=50,pc=0.9,pm=0.05)",GA,0,30,0.0,0.03125,0.0015758770141373745,0.0942031686506487,4.1,4.0,3.0,6.0
BIN::onemax::n=50::seed=499277862,onemax,bin,5000,0.0,"GA(pop=100,pc=0.9,pm=0.02)",GA,28,30,0.9333333333333333,0.90625,0.8077984641002538,0.9729720687641019,0.06666666666666667,0.0,0.0,1.0
BIN::onemax::n=50::seed=499277862,onemax,bin,5000,0.0,TABU(tenure=7),TABU,13,30,0.43333333333333335,0.4375,0.29211323332314976,0.5903620412010594,0.7,1.0,0.0,2.0
BIN::onemax::n=50::seed=499277862,onemax,bin,5000,0.0,"UMDA(pop=50,elite=0.2)",UMDA,30,30,1.0,0.96875,0.9111342382908159,0.998412479466035,0.0,0.0,0.0,0.0
BIN::onemax::n=50::seed=499277862,onemax,bin,5000,0.0,"UMDA(pop=100,elite=0.2)",UMDA,30,30,1.0,0.96875,0.9040161303731847,0.9985098616036708,0.0,0.0,0.0,0.0
BIN::onemax::n=50::seed=499277862,onemax,bin,5000,0.0,TABU(tenure=12),TABU,6,30,0.2,0.21875,0.11318797291789368,0.35097512731190583,1.6,2.0,0.0,3.0
BIN::trap5::n=100::seed=712172259,trap5,bin,5000,0.0,RS_BIN,RS_BIN,0,30,0.0,0.03125,0.0017808003707645492,0.09723309123876728,45.56666666666667,46.0,40.0,48.0
BIN::trap5::n=100::seed=712172259,trap5,bin,5000,0.0,HC(flips=1),HC,0,30,0.0,0.03125,0.001925167659994307,0.08870352446382243,18.866666666666667,19.0,17.0,20.0
BIN::trap5::n=100::seed=712172259,trap5,bin,5000,0.0,HC(flips=2),HC,0,30,0.0,0.03125,0.001584650301983694,0.09124195477571838,18.766666666666666,19.0,16.0,23.0
BIN::trap5::n=100::seed=712172259,trap5,bin,5000,0.0,"SA(T0=1.0,alpha=0.995,flips=1)",SA,0,30,0.0,0.03125,0.001655280750360765,0.09234415632773824,18.566666666666666,18.5,16.0,20.0
BIN::trap5::n=100::seed=712172259,trap5,bin,5000,0.0,"SA(T0=2.0,alpha=0.99,flips=1)",SA,0,30,0.0,0.03125,0.001695310424340052,0.09187337751052436,17.6,18.0,13.0,20.0
BIN::trap5::n=100::seed=712172259,trap5,bin,5000,0.0,"SA(T0=2.0,alpha=0.995,flips=2)",SA,0,30,0.0,0.03125,0.0016448602996252857,0.09080923309599288,17.666666666666668,18.0,14.0,21.0
BIN::trap5::n=100::seed=712172259,trap5,bin,5000,0.0,"GA(pop=50,pc=0.9,pm=0.02)",GA,0,30,0.0,0.03125,0.001532270055620248,0.09209837325130728,24.933333333333334,25.0,22.0,29.0
BIN::trap5::n=100::seed=712172259,trap5,bin,5000,0.0,"GA(pop=50,pc=0.9,pm=0.05)",GA,0,30,0.0,0.03125,0.0017368766202394976,0.09098811534785424,36.833333333333336,37.0,31.0,40.0
BIN::trap5::n=100::seed=712172259,trap5,bin,5000,0.0,"GA(pop=100,pc=0.9,pm=0.02)",GA,0,30,0.0,0.03125,0.0017840143515774672,0.09069912157474191,24.8,24.5,22.0,28.0
BIN::trap5::n=100::seed=712172259,trap5,bin,5000,0.0,TABU(tenure=7),TABU,0,30,0.0,0.03125,0.0017613218478634287,0.09335788283437375,19.6,20.0,13.0,24.0
BIN::trap5::n=100::seed=712172259,trap5,bin,5000,0.0,"UMDA(pop=50,elite=0.2)",UMDA,0,30,0.0,0.03125,0.0020415948405606336,0.09146039539067531,18.633333333333333,19.0,16.0,20.0
BIN::trap5::n=100::seed=712172259,trap5,bin,5000,0.0,"UMDA(pop=100,elite=0.2)",UMDA,0,30,0.0,0.03125,0.0017841063960550017,0.09048383426964486,19.4,20.0,17.0,20.0
BIN::trap5::n=100::seed=712172259,trap5,bin,5000,0.0,TABU(tenure=12),TABU,0,30,0.0,0.03125,0.0020239974277535258,0.09046040758327117,21.466666666666665,22.0,16.0,26.0
BIN::leadingones::n=50::seed=147926084,leadingones,bin,5000,0.0,RS_BIN,RS_BIN,0,30,0.0,0.03125,0.0014961140932855832,0.09280045257070955,37.266666666666666,38.0,33.0,40.0
BIN::leadingones::n=50::seed=147926084,leadingones,bin,5000,0.0,HC(flips=1),HC,30,30,1.0,0.96875,0.9119965192426893,0.9985086184400314,0.0,0.0,0.0,0.0
BIN::leadingones::n=50::seed=147926084,leadingones,bin,5000,0.0,HC(flips=2),HC,15,30,0.5,0.5,0.3542304947693116,0.6430243176117556,0.5666666666666667,0.5,0.0,2.0
BIN::leadingones::n=50::seed=147926084,leadingones,bin,5000,0.0,"SA(T0=1.0,alpha=0.995,flips=1)",SA,30,30,1.0,0.96875,0.9075061297778153,0.9983669104370336,0.0,0.0,0.0,0.0
BIN::leadingones::n=50::seed=147926084,leadingones,bin,5000,0.0,"SA(T0=2.0,alpha=0.99,flips=1)",SA,30,30,1.0,0.96875,0.9030791649289275,0.9983546596571163,0.0,0.0,0.0,0.0
BIN::leadingones::n=50::seed=147926084,leadingones,bin,5000,0.0,"SA(T0=2.0,alpha=0.995,flips=2)",SA,17,30,0.5666666666666667,0.5625,0.4172516005475225,0.7068179199590838,0.5,0.0,0.0,2.0
BIN::leadingones::n=50::seed=147926084,leadingones,bin,5000,0.0,"GA(pop=50,pc=0.9,pm=0.02)",GA,0,30,0.0,0.03125,0.001849443231271616,0.09259471392981168,20.733333333333334,20.5,14.0,26.0
BIN::leadingones::n=50::seed=147926084,leadingones,bin,5000,0.0,"GA(pop=50,pc=0.9,pm=0.05)",GA,0,30,0.0,0.03125,0.0017886434817925639,0.09286960348725645,29.466666666666665,30.0,22.0,34.0
BIN::leadingones::n=50::seed=147926084,leadingones,bin,5000,0.0,"GA(pop=100,pc=0.9,pm=0.02)",GA,0,30,0.0,0.03125,0.0019109749170048457,0.09058171762512282,23.4,23.5,16.0,30.0
BIN::leadingones::n=50::seed=147926084,leadingones,bin,5000,0.0,TABU(tenure=7),TABU,0,30,0.0,0.03125,0.0015805111407261165,0.08511448546259824,6.3,6.0,1.0,11.0
BIN::leadingones::n=50::seed=147926084,leadingones,bin,5000,0.0,"UMDA(pop=50,elite=0.2)",UMDA,29,30,0.9666666666666667,0.9375,0.856957265771784,0.9883577295846806,0.1,0.0,0.0,3.0
BIN::leadingones::n=50::seed=147926084,leadingones,bin,5000,0.0,"UMDA(pop=100,elite=0.2)",UMDA,20,30,0.6666666666666666,0.65625,0.5145347079463659,0.7865697912785996,1.6,0.0,0.0,10.0
BIN::leadingones::n=50::seed=147926084,leadingones,bin,5000,0.0,TABU(tenure=12),TABU,0,30,0.0,0.03125,0.0015016587499982156,0.08914862431714146,11.266666666666667,12.0,4.0,16.0
BIN::knapsack01::n=100::seed=547752988,knapsack01,bin,5000,0.0,RS_BIN,RS_BIN,0,30,0.0,0.03125,0.0017293552836054505,0.09343996825853101,1048.3666666666666,1067.0,902.0,1168.0
BIN::knapsack01::n=100::seed=547752988,knapsack01,bin,5000,0.0,HC(flips=1),HC,0,30,0.0,0.03125,0.001625783871417959,0.09014129298539342,885.1,892.0,555.0,1224.0
BIN::knapsack01::n=100::seed=547752988,knapsack01,bin,5000,0.0,HC(flips=2),HC,0,30,0.0,0.03125,0.001552434060147593,0.0936461477032268,47.6,44.0,14.0,94.0
BIN::knapsack01::n=100::seed=547752988,knapsack01,bin,5000,0.0,"SA(T0=1.0,alpha=0.995,flips=1)",SA,0,30,0.0,0.03125,0.001406092127441402,0.09054518548994342,843.5,843.0,547.0,1118.0
BIN::knapsack01::n=100::seed=547752988,knapsack01,bin,5000,0.0,"SA(T0=2.0,alpha=0.99,flips=1)",SA,0,30,0.0,0.03125,0.0016957252905970789,0.09448670480250079,855.1333333333333,822.5,586.0,1246.0
BIN::knapsack01::n=100::seed=547752988,knapsack01,bin,5000,0.0,"SA(T0=2.0,alpha=0.995,flips=2)",SA,0,30,0.0,0.03125,0.0017047580692366273,0.09471916486808203,50.3,47.5,13.0,110.0
BIN::knapsack01::n=100::seed=547752988,knapsack01,bin,5000,0.0,"GA(pop=50,pc=0.9,pm=0.02)",GA,0,30,0.0,0.03125,0.0016923199517835195,0.09454627840283983,361.5,370.5,234.0,429.0
BIN::knapsack01::n=100::seed=547752988,knapsack01,bin,5000,0.0,"GA(pop=50,pc=0.9,pm=0.05)",GA,0,30,0.0,0.03125,0.0016877537523400927,0.09496509488109853,660.8,664.5,563.0,760.0
BIN::knapsack01::n=100::seed=547752988,knapsack01,bin,5000,0.0,"GA(pop=100,pc=0.9,pm=0.02)",GA,0,30,0.0,0.03125,0.0014772133733473797,0.09125309005796858,419.0,420.0,320.0,504.0
BIN::knapsack01::n=100::seed=547752988,knapsack01,bin,5000,0.0,TABU(tenure=7),TABU,0,30,0.0,0.03125,0.0016159355421186121,0.08974932153900361,139.0,140.5,74.0,196.0
BIN::knapsack01::n=100::seed=547752988,knapsack01,bin,5000,0.0,"UMDA(pop=50,elite=0.2)",UMDA,0,30,0.0,0.03125,0.0017469076763482478,0.09278981156963984,93.46666666666667,94.0,29.0,228.0
BIN::knapsack01::n=100::seed=547752988,knapsack01,bin,5000,0.0,"UMDA(pop=100,elite=0.2)",UMDA,0,30,0.0,0.03125,0.001540264608792832,0.09150729333552386,40.56666666666667,44.0,1.0,90.0
BIN::knapsack01::n=100::seed=547752988,knapsack01,bin,5000,0.0,TABU(tenure=12),TABU,0,30,0.0,0.03125,0.0019711966838441815,0.0936766487949906,172.03333333333333,171.5,110.0,241.0
BIN::trap5::n=50::seed=129773949,trap5,bin,5000,0.0,RS_BIN,RS_BIN,0,30,0.0,0.03125,0.001531576740358091,0.09217249183177564,17.933333333333334,18.0,12.0,20.0
BIN::trap5::n=50::seed=129773949,trap5,bin,5000,0.0,HC(flips=1),HC,0,30,0.0,0.03125,0.001520364454799213,0.09475206721547122,9.466666666666667,10.0,8.0,10.0
BIN::trap5::n=50::seed=129773949,trap5,bin,5000,0.0,HC(flips=2),HC,0,30,0.0,0.03125,0.0020273826700292204,0.08957117564337112,9.2,9.0,7.0,11.0
BIN::trap5::n=50::seed=129773949,trap5,bin,5000,0.0,"SA(T0=1.0,alpha=0.995,flips=1)",SA,0,30,0.0,0.03125,0.0016617247818382533,0.09210201610554555,8.966666666666667,9.0,5.0,10.0
BIN::trap5::n=50::seed=129773949,trap5,bin,5000,0.0,"SA(T0=2.0,alpha=0.99,flips=1)",SA,0,30,0.0,0.03125,0.0018371124945298957,0.09219870753321598,8.4,9.0,5.0,10.0
BIN::trap5::n=50::seed=129773949,trap5,bin,5000,0.0,"SA(T0=2.0,alpha=0.995,flips=2)",SA,0,30,0.0,0.03125,0.0016100071934177884,0.08957124169673192,8.533333333333333,9.0,4.0,11.0
BIN::trap5::n=50::seed=129773949,trap5,bin,5000,0.0,"GA(pop=50,pc=0.9,pm=0.02)",GA,0,30,0.0,0.03125,0.0019676366949146697,0.09185368770848015,7.1,7.0,4.0,10.0
BIN::trap5::n=50::seed=129773949,trap5,bin,5000,0.0,"GA(pop=50,pc=0.9,pm=0.05)",GA,0,30,0.0,0.03125,0.0017229795739413952,0.0956394660188701,12.266666666666667,12.0,10.0,14.0
BIN::trap5::n=50::seed=129773949,trap5,bin,5000,0.0,"GA(pop=100,pc=0.9,pm=0.02)",GA,0,30,0.0,0.03125,0.0015934925712811781,0.09213763986120566,6.6,7.0,3.0,8.0
BIN::trap5::n=50::seed=129773949,trap5,bin,5000,0.0,TABU(tenure=7),TABU,0,30,0.0,0.03125,0.001707676087869617,0.09157310622941293,8.633333333333333,9.0,4.0,11.0
BIN::trap5::n=50::seed=129773949,trap5,bin,5000,0.0,"UMDA(pop=50,elite=0.2)",UMDA,0,30,0.0,0.03125,0.001530102338465808,0.09043767517544443,9.566666666666666,10.0,8.0,10.0
BIN::trap5::n=50::seed=129773949,trap5,bin,5000,0.0,"UMDA(pop=100,elite=0.2)",UMDA,0,30,0.0,0.03125,0.0015692022082452951,0.0900978126147579,9.866666666666667,10.0,9.0,10.0
BIN::trap5::n=50::seed=129773949,trap5,bin,5000,0.0,TABU(tenure=12),TABU,0,30,0.0,0.03125,0.0019160182879453239,0.08929093534216691,7.866666666666666,8.0,4.0,12.0
BIN::knapsack01::n=150::seed=979445677,knapsack01,bin,5000,0.0,RS_BIN,RS_BIN,0,30,0.0,0.03125,0.0015736464078886095,0.09421090104374624,1767.1666666666667,1779.0,1533.0,1941.0
BIN::knapsack01::n=150::seed=979445677,knapsack01,bin,5000,0.0,HC(flips=1),HC,0,30,0.0,0.03125,0.0015830305733703475,0.09101311107494982,1047.6,1034.5,662.0,1415.0
BIN::knapsack01::n=150::seed=979445677,knapsack01,bin,5000,0.0,HC(flips=2),HC,0,30,0.0,0.03125,0.0016520157379182132,0.08313903979193947,71.1,64.5,32.0,128.0
BIN::knapsack01::n=150::seed=979445677,knapsack01,bin,5000,0.0,"SA(T0=1.0,alpha=0.995,flips=1)",SA,0,30,0.0,0.03125,0.001601706460465828,0.08989595392780139,1097.5,1067.5,883.0,1600.0
BIN::knapsack01::n=150::seed=979445677,knapsack01,bin,5000,0.0,"SA(T0=2.0,alpha=0.99,flips=1)",SA,0,30,0.0,0.03125,0.0015300350614236226,0.09590165272887952,964.0333333333333,965.0,496.0,1351.0
BIN::knapsack01::n=150::seed=979445677,knapsack01,bin,5000,0.0,"SA(T0=2.0,alpha=0.995,flips=2)",SA,0,30,0.0,0.03125,0.0018003358505060344,0.09069341437700858,76.16666666666667,74.5,10.0,126.0
BIN::knapsack01::n=150::seed=979445677,knapsack01,bin,5000,0.0,"GA(pop=50,pc=0.9,pm=0.02)",GA,0,30,0.0,0.03125,0.0017843209154932952,0.093632118341881,724.4666666666667,719.0,596.0,841.0
BIN::knapsack01::n=150::seed=979445677,knapsack01,bin,5000,0.0,"GA(pop=50,pc=0.9,pm=0.05)",GA,0,30,0.0,0.03125,0.001804424813664201,0.0928095667039591,1174.5666666666666,1174.5,989.0,1367.0
BIN::knapsack01::n=150::seed=979445677,knapsack01,bin,5000,0.0,"GA(pop=100,pc=0.9,pm=0.02)",GA,0,30,0.0,0.03125,0.0018990175403679188,0.09519162691298941,826.7333333333333,817.5,640.0,980.0
BIN::knapsack01::n=150::seed=979445677,knapsack01,bin,5000,0.0,TABU(tenure=7),TABU,0,30,0.0,0.03125,0.0017063703871908844,0.09167958322652188,212.13333333333333,210.0,156.0,275.0
BIN::knapsack01::n=150::seed=979445677,knapsack01,bin,5000,0.0,"UMDA(pop=50,elite=0.2)",UMDA,0,30,0.0,0.03125,0.0014562506829903404,0.09119422156385619,57.7,59.5,16.0,119.0
BIN::knapsack01::n=150::seed=979445677,knapsack01,bin,5000,0.0,"UMDA(pop=100,elite=0.2)",UMDA,0,30,0.0,0.03125,0.0016133434139065522,0.08995468953221335,51.0,45.5,13.0,94.0
BIN::knapsack01::n=150::seed=979445677,knapsack01,bin,5000,0.0,TABU(tenure=12),TABU,0,30,0.0,0.03125,0.001565297347163741,0.08869038259608344,245.76666666666668,237.0,141.0,335.0
BIN::knapsack01::n=100::seed=368993123,knapsack01,bin,5000,0.0,RS_BIN,RS_BIN,0,30,0.0,0.03125,0.0016593095231002837,0.0965994645597566,868.0,880.5,650.0,974.0
BIN::knapsack01::n=100::seed=368993123,knapsack01,bin,5000,0.0,HC(flips=1),HC,0,30,0.0,0.03125,0.0018993118842186595,0.08993095022966195,791.7666666666667,801.0,512.0,997.0
BIN::knapsack01::n=100::seed=368993123,knapsack01,bin,5000,0.0,HC(flips=2),HC,1,30,0.03333333333333333,0.0625,0.012183236554232516,0.1463992952125508,40.0,39.5,0.0,67.0
BIN::knapsack01::n=100::seed=368993123,knapsack01,bin,5000,0.0,"SA(T0=1.0,alpha=0.995,flips=1)",SA,0,30,0.0,0.03125,0.0015926430248774928,0.0944921352014079,755.5,778.5,485.0,1067.0
BIN::knapsack01::n=100::seed=368993123,knapsack01,bin,5000,0.0,"SA(T0=2.0,alpha=0.99,flips=1)",SA,0,30,0.0,0.03125,0.0016870129577689107,0.09453207809361676,819.4333333333333,818.5,492.0,1205.0
BIN::knapsack01::n=100::seed=368993123,knapsack01,bin,5000,0.0,"SA(T0=2.0,alpha=0.995,flips=2)",SA,0,30,0.0,0.03125,0.0019258830232073733,0.0888353163729938,42.13333333333333,42.5,5.0,75.0
BIN::knapsack01::n=100::seed=368993123,knapsack01,bin,5000,0.0,"GA(pop=50,pc=0.9,pm=0.02)",GA,0,30,0.0,0.03125,0.0018235543485597323,0.08919976978677477,308.3,306.5,197.0,389.0
BIN::knapsack01::n=100::seed=368993123,knapsack01,bin,5000,0.0,"GA(pop=50,pc=0.9,pm=0.05)",GA,0,30,0.0,0.03125,0.0016110306426595892,0.08783936139829704,536.5,547.0,450.0,615.0
BIN::knapsack01::n=100::seed=368993123,knapsack01,bin,5000,0.0,"GA(pop=100,pc=0.9,pm=0.02)",GA,0,30,0.0,0.03125,0.0016942084957282345,0.09111779759936861,312.1666666666667,317.0,188.0,411.0
BIN::knapsack01::n=100::seed=368993123,knapsack01,bin,5000,0.0,TABU(tenure=7),TABU,0,30,0.0,0.03125,0.0016599051873360982,0.09107608508095293,118.86666666666666,122.5,78.0,167.0
BIN::knapsack01::n=100::seed=368993123,knapsack01,bin,5000,0.0,"UMDA(pop=50,elite=0.2)",UMDA,0,30,0.0,0.03125,0.0014775440484416857,0.0930366109189456,85.86666666666666,77.5,24.0,166.0
BIN::knapsack01::n=100::seed=368993123,knapsack01,bin,5000,0.0,"UMDA(pop=100,elite=0.2)",UMDA,0,30,0.0,0.03125,0.0014372895402370025,0.09396728071601908,41.93333333333333,38.5,12.0,94.0
BIN::knapsack01::n=100::seed=368993123,knapsack01,bin,5000,0.0,TABU(tenure=12),TABU,0,30,0.0,0.03125,0.0015072307081589321,0.09339589927111293,142.23333333333332,147.0,102.0,191.0
BIN::trap5::n=50::seed=443733860,trap5,bin,5000,0.0,RS_BIN,RS_BIN,0,30,0.0,0.03125,0.0017567757021390946,0.08744106437413524,17.666666666666668,18.0,14.0,20.0
BIN::trap5::n=50::seed=443733860,trap5,bin,5000,0.0,HC(flips=1),HC,0,30,0.0,0.03125,0.0017386241724526067,0.08899848013086957,9.466666666666667,10.0,8.0,10.0
BIN::trap5::n=50::seed=443733860,trap5,bin,5000,0.0,HC(flips=2),HC,0,30,0.0,0.03125,0.0014387884399170291,0.09392404433673651,9.366666666666667,9.5,7.0,11.0
BIN::trap5::n=50::seed=443733860,trap5,bin,5000,0.0,"SA(T0=1.0,alpha=0.995,flips=1)",SA,0,30,0.0,0.03125,0.0016522225383532702,0.09268796270174144,8.866666666666667,9.0,6.0,10.0
BIN::trap5::n=50::seed=443733860,trap5,bin,5000,0.0,"SA(T0=2.0,alpha=0.99,flips=1)",SA,0,30,0.0,0.03125,0.0016820213279869598,0.09052512139460342,8.666666666666666,9.0,6.0,10.0
BIN::trap5::n=50::seed=443733860,trap5,bin,5000,0.0,"SA(T0=2.0,alpha=0.995,flips=2)",SA,0,30,0.0,0.03125,0.001583957353399645,0.09492303781191845,8.3,8.5,6.0,10.0
BIN::trap5::n=50::seed=443733860,trap5,bin,5000,0.0,"GA(pop=50,pc=0.9,pm=0.02)",GA,0,30,0.0,0.03125,0.0017190430374451214,0.09373606126909066,6.966666666666667,7.0,5.0,9.0
BIN::trap5::n=50::seed=443733860,trap5,bin,5000,0.0,"GA(pop=50,pc=0.9,pm=0.05)",GA,0,30,0.0,0.03125,0.0016061143266631551,0.09279464560998867,12.166666666666666,12.0,9.0,15.0
BIN::trap5::n=50::seed=443733860,trap5,bin,5000,0.0,"GA(pop=100,pc=0.9,pm=0.02)",GA,0,30,0.0,0.03125,0.001715013624288741,0.09024880667079047,6.6,7.0,5.0,8.0
BIN::trap5::n=50::seed=443733860,trap5,bin,5000,0.0,TABU(tenure=7),TABU,0,30,0.0,0.03125,0.0016245630661694819,0.09330491459619232,9.066666666666666,9.0,5.0,12.0
BIN::trap5::n=50::seed=443733860,trap5,bin,5000,0.0,"UMDA(pop=50,elite=0.2)",UMDA,0,30,0.0,0.03125,0.0015245243919388802,0.09474442354371714,9.333333333333334,9.0,8.0,10.0
BIN::trap5::n=50::seed=443733860,trap5,bin,5000,0.0,"UMDA(pop=100,elite=0.2)",UMDA,0,30,0.0,0.03125,0.0017459135454136895,0.08866454119302125,9.833333333333334,10.0,8.0,10.0
BIN::trap5::n=50::seed=443733860,trap5,bin,5000,0.0,TABU(tenure=12),TABU,0,30,0.0,0.03125,0.0017250192834313825,0.09324873797548953,8.033333333333333,7.5,4.0,13.0
BIN::knapsack01::n=100::seed=275308815,knapsack01,bin,5000,0.0,RS_BIN,RS_BIN,0,30,0.0,0.03125,0.001896331928221863,0.09465020121761673,976.2,992.0,707.0,1072.0
BIN::knapsack01::n=100::seed=275308815,knapsack01,bin,5000,0.0,HC(flips=1),HC,0,30,0.0,0.03125,0.0020738703499064933,0.09553994723994819,806.4,784.0,572.0,1052.0
BIN::knapsack01::n=100::seed=275308815,knapsack01,bin,5000,0.0,HC(flips=2),HC,0,30,0.0,0.03125,0.00146789638038003,0.09633506336495189,38.233333333333334,38.0,6.0,66.0
BIN::knapsack01::n=100::seed=275308815,knapsack01,bin,5000,0.0,"SA(T0=1.0,alpha=0.995,flips=1)",SA,0,30,0.0,0.03125,0.0016752119852947933,0.0929434697677055,737.1,715.5,474.0,1017.0
BIN::knapsack01::n=100::seed=275308815,knapsack01,bin,5000,0.0,"SA(T0=2.0,alpha=0.99,flips=1)",SA,0,30,0.0,0.03125,0.0018581275886491743,0.0914613956832611,769.3,771.5,399.0,1081.0
BIN::knapsack01::n=100::seed=275308815,knapsack01,bin,5000,0.0,"SA(T0=2.0,alpha=0.995,flips=2)",SA,0,30,0.0,0.03125,0.001690552203417796,0.09115236321755484,40.3,41.0,17.0,64.0
BIN::knapsack01::n=100::seed=275308815,knapsack01,bin,5000,0.0,"GA(pop=50,pc=0.9,pm=0.02)",GA,0,30,0.0,0.03125,0.0017285251785223877,0.09042812789676956,291.2,290.5,196.0,453.0
BIN::knapsack01::n=100::seed=275308815,knapsack01,bin,5000,0.0,"GA(pop=50,pc=0.9,pm=0.05)",GA,0,30,0.0,0.03125,0.0017324411625921437,0.08738196523388927,571.7,588.0,452.0,695.0
BIN::knapsack01::n=100::seed=275308815,knapsack01,bin,5000,0.0,"GA(pop=100,pc=0.9,pm=0.02)",GA,0,30,0.0,0.03125,0.0017456403559126751,0.09267986966611368,334.56666666666666,344.0,162.0,426.0
BIN::knapsack01::n=100::seed=275308815,knapsack01,bin,5000,0.0,TABU(tenure=7),TABU,0,30,0.0,0.03125,0.0016965553369224413,0.09028866598762811,106.33333333333333,105.0,53.0,173.0
BIN::knapsack01::n=100::seed=275308815,knapsack01,bin,5000,0.0,"UMDA(pop=50,elite=0.2)",UMDA,0,30,0.0,0.03125,0.0016728928557422137,0.09617588058235474,82.23333333333333,75.5,27.0,153.0
BIN::knapsack01::n=100::seed=275308815,knapsack01,bin,5000,0.0,"UMDA(pop=100,elite=0.2)",UMDA,0,30,0.0,0.03125,0.0015280901724495598,0.08685386866682202,38.766666666666666,37.5,12.0,79.0
BIN::knapsack01::n=100::seed=275308815,knapsack01,bin,5000,0.0,TABU(tenure=12),TABU,0,30,0.0,0.03125,0.0015500209153117555,0.09224027198487231,126.03333333333333,117.5,61.0,192.0
BIN::onemax::n=150::seed=347746639,onemax,bin,5000,0.0,RS_BIN,RS_BIN,0,30,0.0,0.03125,0.0016822109703596205,0.08947232480661621,52.63333333333333,53.0,49.0,56.0
BIN::onemax::n=150::seed=347746639,onemax,bin,5000,0.0,HC(flips=1),HC,30,30,1.0,0.96875,0.9074976879005051,0.998351731319222,0.0,0.0,0.0,0.0
BIN::onemax::n=150::seed=347746639,onemax,bin,5000,0.0,HC(flips=2),HC,4,30,0.13333333333333333,0.15625,0.06548444733234411,0.2756378923440977,2.066666666666667,2.0,0.0,5.0
BIN::onemax::n=150::seed=347746639,onemax,bin,5000,0.0,"SA(T0=1.0,alpha=0.995,flips=1)",SA,30,30,1.0,0.96875,0.9064930483615247,0.998344117657768,0.0,0.0,0.0,0.0
BIN::onemax::n=150::seed=347746639,onemax,bin,5000,0.0,"SA(T0=2.0,alpha=0.99,flips=1)",SA,30,30,1.0,0.96875,0.9109075528213575,0.9985039630851142,0.0,0.0,0.0,0.0
BIN::onemax::n=150::seed=347746639,onemax,bin,5000,0.0,"SA(T0=2.0,alpha=0.995,flips=2)",SA,1,30,0.03333333333333333,0.0625,0.01107419166675053,0.15084901277092289,2.433333333333333,2.5,0.0,5.0
BIN::onemax::n=150::seed=347746639,onemax,bin,5000,0.0,"GA(pop=50,pc=0.9,pm=0.02)",GA,0,30,0.0,0.03125,0.0018361427643918849,0.09003188074411435,19.266666666666666,20.0,15.0,23.0
BIN::onemax::n=150::seed=347746639,onemax,bin,5000,0.0,"GA(pop=50,pc=0.9,pm=0.05)",GA,0,30,0.0,0.03125,0.0016294466676392378,0.09340279670056705,35.93333333333333,36.0,32.0,39.0
BIN::onemax::n=150::seed=347746639,onemax,bin,5000,0.0,"GA(pop=100,pc=0.9,pm=0.02)",GA,0,30,0.0,0.03125,0.0016935357176809857,0.0890340360545496,21.666666666666668,22.0,17.0,25.0
BIN::onemax::n=150::seed=347746639,onemax,bin,5000,0.0,TABU(tenure=7),TABU,0,30,0.0,0.03125,0.0017764484323620315,0.09515126390898247,5.766666666666667,6.0,4.0,8.0
BIN::onemax::n=150::seed=347746639,onemax,bin,5000,0.0,"UMDA(pop=50,elite=0.2)",UMDA,30,30,1.0,0.96875,0.9082696150208898,0.9983148700111079,0.0,0.0,0.0,0.0
BIN::onemax::n=150::seed=347746639,onemax,bin,5000,0.0,"UMDA(pop=100,elite=0.2)",UMDA,30,30,1.0,0.96875,0.9077416850691159,0.9986461658112726,0.0,0.0,0.0,0.0
BIN::onemax::n=150::seed=347746639,onemax,bin,5000,0.0,TABU(tenure=12),TABU,0,30,0.0,0.03125,0.0017427181679593397,0.09000710930829026,7.366666666666666,7.0,5.0,12.0
BIN::onemax::n=150::seed=458994374,onemax,bin,5000,0.0,RS_BIN,RS_BIN,0,30,0.0,0.03125,0.0018116210742993358,0.09086837040529921,52.3,53.0,48.0,56.0
BIN::onemax::n=150::seed=458994374,onemax,bin,5000,0.0,HC(flips=1),HC,30,30,1.0,0.96875,0.9125460248168086,0.9987985816282462,0.0,0.0,0.0,0.0
BIN::onemax::n=150::seed=458994374,onemax,bin,5000,0.0,HC(flips=2),HC,2,30,0.06666666666666667,0.09375,0.026667531871666005,0.18730108758667527,1.8333333333333333,2.0,0.0,4.0
BIN::onemax::n=150::seed=458994374,onemax,bin,5000,0.0,"SA(T0=1.0,alpha=0.995,flips=1)",SA,30,30,1.0,0.96875,0.9063529017939004,0.9985520587773103,0.0,0.0,0.0,0.0
BIN::onemax::n=150::seed=458994374,onemax,bin,5000,0.0,"SA(T0=2.0,alpha=0.99,flips=1)",SA,30,30,1.0,0.96875,0.9061277403318897,0.9984373318716713,0.0,0.0,0.0,0.0
BIN::onemax::n=150::seed=458994374,onemax,bin,5000,0.0,"SA(T0=2.0,alpha=0.995,flips=2)",SA,1,30,0.03333333333333333,0.0625,0.010574385934499173,0.14573125368877313,2.433333333333333,3.0,0.0,5.0
BIN::onemax::n=150::seed=458994374,onemax,bin,5000,0.0,"GA(pop=50,pc=0.9,pm=0.02)",GA,0,30,0.0,0.03125,0.0016146758421284593,0.08626769777392841,19.866666666666667,20.0,15.0,24.0
BIN::onemax::n=150::seed=458994374,onemax,bin,5000,0.0,"GA(pop=50,pc=0.9,pm=0.05)",GA,0,30,0.0,0.03125,0.00196904268122018,0.09332151847735892,35.46666666666667,35.0,32.0,39.0
BIN::onemax::n=150::seed=458994374,onemax,bin,5000,0.0,"GA(pop=100,pc=0.9,pm=0.02)",GA,0,30,0.0,0.03125,0.001618669742170694,0.09233899000048632,21.2,21.0,17.0,26.0
BIN::onemax::n=150::seed=458994374,onemax,bin,5000,0.0,TABU(tenure=7),TABU,0,30,0.0,0.03125,0.0016586591017535574,0.09444853477039436,5.566666666666666,6.0,2.0,7.0
BIN::onemax::n=150::seed=458994374,onemax,bin,5000,0.0,"UMDA(pop=50,elite=0.2)",UMDA,30,30,1.0,0.96875,0.9076836827570992,0.9985435546344616,0.0,0.0,0.0,0.0
BIN::onemax::n=150::seed=458994374,onemax,bin,5000,0.0,"UMDA(pop=100,elite=0.2)",UMDA,30,30,1.0,0.96875,0.9102213447548088,0.9984276880387113,0.0,0.0,0.0,0.0
BIN::onemax::n=150::seed=458994374,onemax,bin,5000,0.0,TABU(tenure=12),TABU,0,30,0.0,0.03125,0.001484302683371319,0.08729692215282557,7.333333333333333,7.0,5.0,11.0
BIN::knapsack01::n=100::seed=816736435,knapsack01,bin,5000,0.0,RS_BIN,RS_BIN,0,30,0.0,0.03125,0.0016191781427925432,0.09370311947175318,1016.0333333333333,1009.0,883.0,1154.0
BIN::knapsack01::n=100::seed=816736435,knapsack01,bin,5000,0.0,HC(flips=1),HC,0,30,0.0,0.03125,0.0017817819533281053,0.09318380310049795,984.8666666666667,966.5,619.0,1436.0
BIN::knapsack01::n=100::seed=816736435,knapsack01,bin,5000,0.0,HC(flips=2),HC,0,30,0.0,0.03125,0.001782326962077086,0.08948396626857166,50.56666666666667,48.5,2.0,95.0
BIN::knapsack01::n=100::seed=816736435,knapsack01,bin,5000,0.0,"SA(T0=1.0,alpha=0.995,flips=1)",SA,0,30,0.0,0.03125,0.0017466324373247425,0.09173890385041776,949.3,882.5,654.0,1468.0
BIN::knapsack01::n=100::seed=816736435,knapsack01,bin,5000,0.0,"SA(T0=2.0,alpha=0.99,flips=1)",SA,0,30,0.0,0.03125,0.0018034391136862457,0.0921570150559858,1032.3333333333333,1052.5,714.0,1372.0
BIN::knapsack01::n=100::seed=816736435,knapsack01,bin,5000,0.0,"SA(T0=2.0,alpha=0.995,flips=2)",SA,0,30,0.0,0.03125,0.0016712007335858172,0.0970108924278084,46.333333333333336,46.0,13.0,73.0
BIN::knapsack01::n=100::seed=816736435,knapsack01,bin,5000,0.0,"GA(pop=50,pc=0.9,pm=0.02)",GA,0,30,0.0,0.03125,0.0016577241856678606,0.0908674052411913,356.1333333333333,355.0,246.0,441.0
BIN::knapsack01::n=100::seed=816736435,knapsack01,bin,5000,0.0,"GA(pop=50,pc=0.9,pm=0.05)",GA,0,30,0.0,0.03125,0.0016099625995663815,0.09039898337679016,659.4666666666667,667.0,525.0,771.0
BIN::knapsack01::n=100::seed=816736435,knapsack01,bin,5000,0.0,"GA(pop=100,pc=0.9,pm=0.02)",GA,0,30,0.0,0.03125,0.0015481241243371039,0.09297733609699714,394.73333333333335,392.0,283.0,498.0
BIN::knapsack01::n=100::seed=816736435,knapsack01,bin,5000,0.0,TABU(tenure=7),TABU,0,30,0.0,0.03125,0.0015466586966066595,0.08957959784676531,124.13333333333334,124.0,67.0,175.0
BIN::knapsack01::n=100::seed=816736435,knapsack01,bin,5000,0.0,"UMDA(pop=50,elite=0.2)",UMDA,0,30,0.0,0.03125,0.001767229813110932,0.09286668614237557,92.46666666666667,91.5,26.0,197.0
BIN::knapsack01::n=100::seed=816736435,knapsack01,bin,5000,0.0,"UMDA(pop=100,elite=0.2)",UMDA,0,30,0.0,0.03125,0.0014857872171495545,0.09192559428090556,37.43333333333333,35.0,12.0,86.0
BIN::knapsack01::n=100::seed=816736435,knapsack01,bin,5000,0.0,TABU(tenure=12),TABU,0,30,0.0,0.03125,0.001806221931414026,0.09195368293016792,156.26666666666668,158.5,104.0,209.0
BIN::trap5::n=150::seed=982267571,trap5,bin,5000,0.0,RS_BIN,RS_BIN,0,30,0.0,0.03125,0.0018097485811603001,0.09225462247063121,74.56666666666666,75.0,67.0,79.0
BIN::trap5::n=150::seed=982267571,trap5,bin,5000,0.0,HC(flips=1),HC,0,30,0.0,0.03125,0.0013683960556206286,0.08765905619124727,28.1,28.0,25.0,30.0
BIN::trap5::n=150::seed=982267571,trap5,bin,5000,0.0,HC(flips=2),HC,0,30,0.0,0.03125,0.0017986651636749777,0.08929660223543298,29.333333333333332,29.0,25.0,34.0
BIN::trap5::n=150::seed=982267571,trap5,bin,5000,0.0,"SA(T0=1.0,alpha=0.995,flips=1)",SA,0,30,0.0,0.03125,0.001978943448872046,0.08909467513437135,27.466666666666665,27.0,24.0,30.0
BIN::trap5::n=150::seed=982267571,trap5,bin,5000,0.0,"SA(T0=2.0,alpha=0.99,flips=1)",SA,0,30,0.0,0.03125,0.0018685934610302452,0.09389469065660525,27.366666666666667,28.0,23.0,30.0
BIN::trap5::n=150::seed=982267571,trap5,bin,5000,0.0,"SA(T0=2.0,alpha=0.995,flips=2)",SA,0,30,0.0,0.03125,0.001661672070015115,0.09932901769680276,28.066666666666666,28.0,25.0,32.0
BIN::trap5::n=150::seed=982267571,trap5,bin,5000,0.0,"GA(pop=50,pc=0.9,pm=0.02)",GA,0,30,0.0,0.03125,0.001574709291225565,0.09777937545389159,46.86666666666667,47.0,39.0,53.0
BIN::trap5::n=150::seed=982267571,trap5,bin,5000,0.0,"GA(pop=50,pc=0.9,pm=0.05)",GA,0,30,0.0,0.03125,0.0013914423855688543,0.09377685051446533,62.86666666666667,63.0,57.0,66.0
BIN::trap5::n=150::seed=982267571,trap5,bin,5000,0.0,"GA(pop=100,pc=0.9,pm=0.02)",GA,0,30,0.0,0.03125,0.0017259070775310424,0.09441406356161333,47.6,47.0,44.0,52.0
BIN::trap5::n=150::seed=982267571,trap5,bin,5000,0.0,TABU(tenure=7),TABU,0,30,0.0,0.03125,0.0019220398990405535,0.09453767251148945,32.166666666666664,32.0,25.0,36.0
BIN::trap5::n=150::seed=982267571,trap5,bin,5000,0.0,"UMDA(pop=50,elite=0.2)",UMDA,0,30,0.0,0.03125,0.0017483839537411905,0.08871577075977465,27.533333333333335,28.0,24.0,30.0
BIN::trap5::n=150::seed=982267571,trap5,bin,5000,0.0,"UMDA(pop=100,elite=0.2)",UMDA,0,30,0.0,0.03125,0.001801946584410952,0.09362810351137177,28.8,29.0,26.0,30.0
BIN::trap5::n=150::seed=982267571,trap5,bin,5000,0.0,TABU(tenure=12),TABU,0,30,0.0,0.03125,0.001866674293642981,0.09605528807163899,33.86666666666667,34.0,28.0,37.0
BIN::onemax::n=150::seed=204509461,onemax,bin,5000,0.0,RS_BIN,RS_BIN,0,30,0.0,0.03125,0.001536031452864451,0.09786319523012287,52.733333333333334,53.0,49.0,55.0
BIN::onemax::n=150::seed=204509461,onemax,bin,5000,0.0,HC(flips=1),HC,30,30,1.0,0.96875,0.909231002295126,0.9983230065801556,0.0,0.0,0.0,0.0
BIN::onemax::n=150::seed=204509461,onemax,bin,5000,0.0,HC(flips=2),HC,1,30,0.03333333333333333,0.0625,0.012557360584261918,0.14628813880615052,2.433333333333333,2.0,0.0,5.0
BIN::onemax::n=150::seed=204509461,onemax,bin,5000,0.0,"SA(T0=1.0,alpha=0.995,flips=1)",SA,30,30,1.0,0.96875,0.9125404022438179,0.9984206307082809,0.0,0.0,0.0,0.0
BIN::onemax::n=150::seed=204509461,onemax,bin,5000,0.0,"SA(T0=2.0,alpha=0.99,flips=1)",SA,30,30,1.0,0.96875,0.9067249380382165,0.9982045704431315,0.0,0.0,0.0,0.0
BIN::onemax::n=150::seed=204509461,onemax,bin,5000,0.0,"SA(T0=2.0,alpha=0.995,flips=2)",SA,3,30,0.1,0.125,0.04643632180247441,0.23400147837749796,2.2,2.0,0.0,5.0
BIN::onemax::n=150::seed=204509461,onemax,bin,5000,0.0,"GA(pop=50,pc=0.9,pm=0.02)",GA,0,30,0.0,0.03125,0.002116085579978828,0.09229865937734963,19.266666666666666,19.0,15.0,24.0
BIN::onemax::n=150::seed=204509461,onemax,bin,5000,0.0,"GA(pop=50,pc=0.9,pm=0.05)",GA,0,30,0.0,0.03125,0.0015664034580766563,0.09273510919037256,35.63333333333333,35.5,32.0,39.0
BIN::onemax::n=150::seed=204509461,onemax,bin,5000,0.0,"GA(pop=100,pc=0.9,pm=0.02)",GA,0,30,0.0,0.03125,0.0017669842166486266,0.09851050256589505,21.466666666666665,22.0,17.0,25.0
BIN::onemax::n=150::seed=204509461,onemax,bin,5000,0.0,TABU(tenure=7),TABU,0,30,0.0,0.03125,0.0017996591060664782,0.09111853188603491,5.4,6.0,3.0,7.0
BIN::onemax::n=150::seed=204509461,onemax,bin,5000,0.0,"UMDA(pop=50,elite=0.2)",UMDA,30,30,1.0,0.96875,0.908972920221066,0.9982739580243779,0.0,0.0,0.0,0.0
BIN::onemax::n=150::seed=204509461,onemax,bin,5000,0.0,"UMDA(pop=100,elite=0.2)",UMDA,30,30,1.0,0.96875,0.9104091232073982,0.9983828540639292,0.0,0.0,0.0,0.0
BIN::onemax::n=150::seed=204509461,onemax,bin,5000,0.0,TABU(tenure=12),TABU,0,30,0.0,0.03125,0.0016535074027612048,0.08832777828674078,7.633333333333334,8.0,4.0,10.0
BIN::trap5::n=50::seed=823862260,trap5,bin,5000,0.0,RS_BIN,RS_BIN,0,30,0.0,0.03125,0.0017116462611049207,0.08866885691018622,17.6,18.0,11.0,20.0
BIN::trap5::n=50::seed=823862260,trap5,bin,5000,0.0,HC(flips=1),HC,0,30,0.0,0.03125,0.0016089139739046017,0.09011300101246278,9.366666666666667,10.0,6.0,10.0
BIN::trap5::n=50::seed=823862260,trap5,bin,5000,0.0,HC(flips=2),HC,0,30,0.0,0.03125,0.0019049937363823108,0.08916338770694764,9.433333333333334,9.0,8.0,11.0
BIN::trap5::n=50::seed=823862260,trap5,bin,5000,0.0,"SA(T0=1.0,alpha=0.995,flips=1)",SA,0,30,0.0,0.03125,0.0019427481373958022,0.09404395691926835,8.966666666666667,9.0,6.0,10.0
BIN::trap5::n=50::seed=823862260,trap5,bin,5000,0.0,"SA(T0=2.0,alpha=0.99,flips=1)",SA,0,30,0.0,0.03125,0.001629368082594535,0.09001254108866444,8.366666666666667,8.0,6.0,10.0
BIN::trap5::n=50::seed=823862260,trap5,bin,5000,0.0,"SA(T0=2.0,alpha=0.995,flips=2)",SA,0,30,0.0,0.03125,0.0015569859689186563,0.09207806189160993,8.533333333333333,9.0,6.0,11.0
BIN::trap5::n=50::seed=823862260,trap5,bin,5000,0.0,"GA(pop=50,pc=0.9,pm=0.02)",GA,0,30,0.0,0.03125,0.001932467655879283,0.09342311520002779,7.066666666666666,7.0,4.0,10.0
BIN::trap5::n=50::seed=823862260,trap5,bin,5000,0.0,"GA(pop=50,pc=0.9,pm=0.05)",GA,0,30,0.0,0.03125,0.0016838224904760608,0.0908913853448319,12.033333333333333,12.0,9.0,14.0
BIN::trap5::n=50::seed=823862260,trap5,bin,5000,0.0,"GA(pop=100,pc=0.9,pm=0.02)",GA,0,30,0.0,0.03125,0.0016997660183251696,0.09274933075262175,6.833333333333333,7.0,4.0,9.0
BIN::trap5::n=50::seed=823862260,trap5,bin,5000,0.0,TABU(tenure=7),TABU,0,30,0.0,0.03125,0.0021158637643737647,0.08825191846717716,8.866666666666667,9.0,4.0,12.0
BIN::trap5::n=50::seed=823862260,trap5,bin,5000,0.0,"UMDA(pop=50,elite=0.2)",UMDA,0,30,0.0,0.03125,0.001802793288640813,0.09342272027414593,9.266666666666667,9.0,8.0,10.0
BIN::trap5::n=50::seed=823862260,trap5,bin,5000,0.0,"UMDA(pop=100,elite=0.2)",UMDA,0,30,0.0,0.03125,0.0018392938652424158,0.09095618398624296,9.833333333333334,10.0,9.0,10.0
BIN::trap5::n=50::seed=823862260,trap5,bin,5000,0.0,TABU(tenure=12),TABU,0,30,0.0,0.03125,0.001855140259872426,0.09693836694232728,7.633333333333334,7.5,4.0,12.0
BIN::knapsack01::n=100::seed=353274854,knapsack01,bin,5000,0.0,RS_BIN,RS_BIN,0,30,0.0,0.03125,0.0014053444922145664,0.09298022159168931,1174.3333333333333,1189.5,1054.0,1297.0
BIN::knapsack01::n=100::seed=353274854,knapsack01,bin,5000,0.0,HC(flips=1),HC,0,30,0.0,0.03125,0.0017202262835179006,0.08715213626362632,801.9,739.0,513.0,1297.0
BIN::knapsack01::n=100::seed=353274854,knapsack01,bin,5000,0.0,HC(flips=2),HC,0,30,0.0,0.03125,0.0018408063317435896,0.09056669533993492,46.13333333333333,44.0,22.0,91.0
BIN::knapsack01::n=100::seed=353274854,knapsack01,bin,5000,0.0,"SA(T0=1.0,alpha=0.995,flips=1)",SA,0,30,0.0,0.03125,0.0015920886042103716,0.09244818419590015,913.6,871.0,650.0,1379.0
BIN::knapsack01::n=100::seed=353274854,knapsack01,bin,5000,0.0,"SA(T0=2.0,alpha=0.99,flips=1)",SA,0,30,0.0,0.03125,0.0016204663074571757,0.09195703326156146,850.3666666666667,828.5,515.0,1483.0
BIN::knapsack01::n=100::seed=353274854,knapsack01,bin,5000,0.0,"SA(T0=2.0,alpha=0.995,flips=2)",SA,0,30,0.0,0.03125,0.0015861465356678123,0.08813998561622759,56.766666666666666,54.5,21.0,98.0
BIN::knapsack01::n=100::seed=353274854,knapsack01,bin,5000,0.0,"GA(pop=50,pc=0.9,pm=0.02)",GA,0,30,0.0,0.03125,0.0016385919105384422,0.0959649052899323,365.8666666666667,375.0,250.0,486.0
BIN::knapsack01::n=100::seed=353274854,knapsack01,bin,5000,0.0,"GA(pop=50,pc=0.9,pm=0.05)",GA,0,30,0.0,0.03125,0.001814542291625844,0.09229421633609419,728.3,728.0,583.0,841.0
BIN::knapsack01::n=100::seed=353274854,knapsack01,bin,5000,0.0,"GA(pop=100,pc=0.9,pm=0.02)",GA,0,30,0.0,0.03125,0.0017971423077142658,0.08835127794853329,419.56666666666666,431.0,315.0,521.0
BIN::knapsack01::n=100::seed=353274854,knapsack01,bin,5000,0.0,TABU(tenure=7),TABU,0,30,0.0,0.03125,0.001470323471094036,0.09626739711276902,129.1,134.0,66.0,184.0
BIN::knapsack01::n=100::seed=353274854,knapsack01,bin,5000,0.0,"UMDA(pop=50,elite=0.2)",UMDA,0,30,0.0,0.03125,0.0017918348277626984,0.08687192311723996,88.5,85.0,21.0,220.0
BIN::knapsack01::n=100::seed=353274854,knapsack01,bin,5000,0.0,"UMDA(pop=100,elite=0.2)",UMDA,0,30,0.0,0.03125,0.00157736043313961,0.08685944285747081,39.166666666666664,33.0,6.0,86.0
BIN::knapsack01::n=100::seed=353274854,knapsack01,bin,5000,0.0,TABU(tenure=12),TABU,0,30,0.0,0.03125,0.0015596144755880017,0.08987398016527692,154.13333333333333,156.5,44.0,221.0
BIN::trap5::n=150::seed=720778407,trap5,bin,5000,0.0,RS_BIN,RS_BIN,0,30,0.0,0.03125,0.0013829811965090973,0.08632043835217074,73.96666666666667,74.5,69.0,78.0
BIN::trap5::n=150::seed=720778407,trap5,bin,5000,0.0,HC(flips=1),HC,0,30,0.0,0.03125,0.001956064684020859,0.09426420347811929,28.133333333333333,28.0,23.0,30.0
BIN::trap5::n=150::seed=720778407,trap5,bin,5000,0.0,HC(flips=2),HC,0,30,0.0,0.03125,0.0017941517934220194,0.0915079757229858,29.3,29.0,26.0,33.0
BIN::trap5::n=150::seed=720778407,trap5,bin,5000,0.0,"SA(T0=1.0,alpha=0.995,flips=1)",SA,0,30,0.0,0.03125,0.0017246891782394284,0.09072307916347888,27.333333333333332,27.5,23.0,30.0
BIN::trap5::n=150::seed=720778407,trap5,bin,5000,0.0,"SA(T0=2.0,alpha=0.99,flips=1)",SA,0,30,0.0,0.03125,0.00170138864407219,0.09348975534430971,27.6,28.0,25.0,30.0
BIN::trap5::n=150::seed=720778407,trap5,bin,5000,0.0,"SA(T0=2.0,alpha=0.995,flips=2)",SA,0,30,0.0,0.03125,0.001779399399470654,0.09045713757943122,27.366666666666667,27.0,21.0,32.0
BIN::trap5::n=150::seed=720778407,trap5,bin,5000,0.0,"GA(pop=50,pc=0.9,pm=0.02)",GA,0,30,0.0,0.03125,0.0016764095421087706,0.08552305251537251,46.96666666666667,47.0,43.0,51.0
BIN::trap5::n=150::seed=720778407,trap5,bin,5000,0.0,"GA(pop=50,pc=0.9,pm=0.05)",GA,0,30,0.0,0.03125,0.0016265620306403481,0.08960777879911162,62.8,62.5,58.0,67.0
BIN::trap5::n=150::seed=720778407,trap5,bin,5000,0.0,"GA(pop=100,pc=0.9,pm=0.02)",GA,0,30,0.0,0.03125,0.0016750982587709381,0.08979437373035451,47.46666666666667,47.0,41.0,52.0
BIN::trap5::n=150::seed=720778407,trap5,bin,5000,0.0,TABU(tenure=7),TABU,0,30,0.0,0.03125,0.0016684554338958477,0.09413141705413343,32.0,33.0,27.0,36.0
BIN::trap5::n=150::seed=720778407,trap5,bin,5000,0.0,"UMDA(pop=50,elite=0.2)",UMDA,0,30,0.0,0.03125,0.001662610502509357,0.09062329955927345,27.733333333333334,28.0,25.0,29.0
BIN::trap5::n=150::seed=720778407,trap5,bin,5000,0.0,"UMDA(pop=100,elite=0.2)",UMDA,0,30,0.0,0.03125,0.0019030729406961503,0.09208847779458601,28.866666666666667,29.0,28.0,30.0
BIN::trap5::n=150::seed=720778407,trap5,bin,5000,0.0,TABU(tenure=12),TABU,0,30,0.0,0.03125,0.0015799091994638825,0.09589001491113801,33.86666666666667,34.0,28.0,38.0
BIN::trap5::n=50::seed=802202683,trap5,bin,5000,0.0,RS_BIN,RS_BIN,0,30,0.0,0.03125,0.0016473323479578887,0.09102458971628921,18.066666666666666,18.0,16.0,20.0
BIN::trap5::n=50::seed=802202683,trap5,bin,5000,0.0,HC(flips=1),HC,0,30,0.0,0.03125,0.0017406172417687104,0.09060565484126905,9.266666666666667,9.0,8.0,10.0
BIN::trap5::n=50::seed=802202683,trap5,bin,5000,0.0,HC(flips=2),HC,0,30,0.0,0.03125,0.0016832212589539504,0.08726411503796945,9.133333333333333,9.0,6.0,11.0
BIN::trap5::n=50::seed=802202683,trap5,bin,5000,0.0,"SA(T0=1.0,alpha=0.995,flips=1)",SA,0,30,0.0,0.03125,0.001509672157212933,0.09028826859003508,8.9,9.0,7.0,10.0
BIN::trap5::n=50::seed=802202683,trap5,bin,5000,0.0,"SA(T0=2.0,alpha=0.99,flips=1)",SA,0,30,0.0,0.03125,0.001719936182453209,0.09000145836616806,8.933333333333334,9.0,7.0,10.0
BIN::trap5::n=50::seed=802202683,trap5,bin,5000,0.0,"SA(T0=2.0,alpha=0.995,flips=2)",SA,0,30,0.0,0.03125,0.0016721819597662535,0.09341440186958531,8.333333333333334,8.5,5.0,11.0
BIN::trap5::n=50::seed=802202683,trap5,bin,5000,0.0,"GA(pop=50,pc=0.9,pm=0.02)",GA,0,30,0.0,0.03125,0.0014132829179675952,0.09203130242463854,7.633333333333334,8.0,4.0,10.0
BIN::trap5::n=50::seed=802202683,trap5,bin,5000,0.0,"GA(pop=50,pc=0.9,pm=0.05)",GA,0,30,0.0,0.03125,0.001642323330526201,0.0955802226577064,12.433333333333334,12.5,11.0,14.0
BIN::trap5::n=50::seed=802202683,trap5,bin,5000,0.0,"GA(pop=100,pc=0.9,pm=0.02)",GA,0,30,0.0,0.03125,0.0015592825526178672,0.09471615624380782,6.3,6.0,3.0,9.0
BIN::trap5::n=50::seed=802202683,trap5,bin,5000,0.0,TABU(tenure=7),TABU,0,30,0.0,0.03125,0.0017730267070814457,0.09378395956089172,9.033333333333333,9.0,4.0,12.0
BIN::trap5::n=50::seed=802202683,trap5,bin,5000,0.0,"UMDA(pop=50,elite=0.2)",UMDA,0,30,0.0,0.03125,0.0014934607602951763,0.09237789947769351,9.166666666666666,9.0,7.0,10.0
BIN::trap5::n=50::seed=802202683,trap5,bin,5000,0.0,"UMDA(pop=100,elite=0.2)",UMDA,0,30,0.0,0.03125,0.001615813577640879,0.09305821210216596,9.733333333333333,10.0,8.0,10.0
BIN::trap5::n=50::seed=802202683,trap5,bin,5000,0.0,TABU(tenure=12),TABU,0,30,0.0,0.03125,0.00135252324330451,0.0886591756633929,7.5,7.0,2.0,13.0
BIN::knapsack01::n=150::seed=967332381,knapsack01,bin,5000,0.0,RS_BIN,RS_BIN,0,30,0.0,0.03125,0.0016112762578322072,0.09488046022667423,1566.6,1563.0,1384.0,1786.0
BIN::knapsack01::n=150::seed=967332381,knapsack01,bin,5000,0.0,HC(flips=1),HC,0,30,0.0,0.03125,0.001657043246083258,0.09181695200687282,1241.4333333333334,1197.5,756.0,1810.0
BIN::knapsack01::n=150::seed=967332381,knapsack01,bin,5000,0.0,HC(flips=2),HC,0,30,0.0,0.03125,0.0017341665508632455,0.09147126593880908,65.5,60.0,13.0,131.0
BIN::knapsack01::n=150::seed=967332381,knapsack01,bin,5000,0.0,"SA(T0=1.0,alpha=0.995,flips=1)",SA,0,30,0.0,0.03125,0.001666772375963639,0.0934090031874167,1175.8,1178.5,836.0,1684.0
BIN::knapsack01::n=150::seed=967332381,knapsack01,bin,5000,0.0,"SA(T0=2.0,alpha=0.99,flips=1)",SA,0,30,0.0,0.03125,0.0014450206498941836,0.08865208719159051,1204.0666666666666,1204.5,628.0,1706.0
BIN::knapsack01::n=150::seed=967332381,knapsack01,bin,5000,0.0,"SA(T0=2.0,alpha=0.995,flips=2)",SA,0,30,0.0,0.03125,0.001767628906920495,0.09442616625264894,73.4,74.5,39.0,130.0
BIN::knapsack01::n=150::seed=967332381,knapsack01,bin,5000,0.0,"GA(pop=50,pc=0.9,pm=0.02)",GA,0,30,0.0,0.03125,0.0018253976789528968,0.0854755845916115,702.6666666666666,702.0,536.0,825.0
BIN::knapsack01::n=150::seed=967332381,knapsack01,bin,5000,0.0,"GA(pop=50,pc=0.9,pm=0.05)",GA,0,30,0.0,0.03125,0.0014791967657772581,0.09226606054221963,1101.0666666666666,1119.0,832.0,1243.0
BIN::knapsack01::n=150::seed=967332381,knapsack01,bin,5000,0.0,"GA(pop=100,pc=0.9,pm=0.02)",GA,0,30,0.0,0.03125,0.0015102253307750985,0.09377097257471702,739.4666666666667,748.0,607.0,841.0
BIN::knapsack01::n=150::seed=967332381,knapsack01,bin,5000,0.0,TABU(tenure=7),TABU,0,30,0.0,0.03125,0.0016365203080529664,0.08849659279903754,200.73333333333332,196.5,143.0,294.0
BIN::knapsack01::n=150::seed=967332381,knapsack01,bin,5000,0.0,"UMDA(pop=50,elite=0.2)",UMDA,0,30,0.0,0.03125,0.0021195465229207205,0.09341707391071183,57.03333333333333,56.5,15.0,100.0
BIN::knapsack01::n=150::seed=967332381,knapsack01,bin,5000,0.0,"UMDA(pop=100,elite=0.2)",UMDA,0,30,0.0,0.03125,0.0017624686115036406,0.09364169488599008,52.03333333333333,52.0,13.0,98.0
BIN::knapsack01::n=150::seed=967332381,knapsack01,bin,5000,0.0,TABU(tenure=12),TABU,0,30,0.0,0.03125,0.0014072333017887929,0.08690131708992592,227.43333333333334,227.0,141.0,302.0
BIN::knapsack01::n=50::seed=467073206,knapsack01,bin,5000,0.0,RS_BIN,RS_BIN,0,30,0.0,0.03125,0.0015375409180284204,0.09751768837746212,400.3,405.5,306.0,475.0
BIN::knapsack01::n=50::seed=467073206,knapsack01,bin,5000,0.0,HC(flips=1),HC,0,30,0.0,0.03125,0.0017755745401793837,0.09421285810774414,451.4,442.5,119.0,758.0
BIN::knapsack01::n=50::seed=467073206,knapsack01,bin,5000,0.0,HC(flips=2),HC,1,30,0.03333333333333333,0.0625,0.0129089428861762,0.14509825872908536,29.833333333333332,39.0,0.0,43.0
BIN::knapsack01::n=50::seed=467073206,knapsack01,bin,5000,0.0,"SA(T0=1.0,alpha=0.995,flips=1)",SA,0,30,0.0,0.03125,0.0017728539590078686,0.09281150877000748,470.1333333333333,473.5,160.0,761.0
BIN::knapsack01::n=50::seed=467073206,knapsack01,bin,5000,0.0,"SA(T0=2.0,alpha=0.99,flips=1)",SA,0,30,0.0,0.03125,0.0017251800003491471,0.09183103544900828,406.2,412.0,244.0,638.0
BIN::knapsack01::n=50::seed=467073206,knapsack01,bin,5000,0.0,"SA(T0=2.0,alpha=0.995,flips=2)",SA,4,30,0.13333333333333333,0.15625,0.06919460033935212,0.2754555718143453,21.5,13.0,0.0,43.0
BIN::knapsack01::n=50::seed=467073206,knapsack01,bin,5000,0.0,"GA(pop=50,pc=0.9,pm=0.02)",GA,0,30,0.0,0.03125,0.0015540628991461273,0.08990866906224715,56.666666666666664,55.5,27.0,99.0
BIN::knapsack01::n=50::seed=467073206,knapsack01,bin,5000,0.0,"GA(pop=50,pc=0.9,pm=0.05)",GA,0,30,0.0,0.03125,0.0017331481592630937,0.08901599639205773,176.5,182.5,70.0,221.0
BIN::knapsack01::n=50::seed=467073206,knapsack01,bin,5000,0.0,"GA(pop=100,pc=0.9,pm=0.02)",GA,0,30,0.0,0.03125,0.0016359069224101297,0.09869853060382318,58.8,62.0,7.0,99.0
BIN::knapsack01::n=50::seed=467073206,knapsack01,bin,5000,0.0,TABU(tenure=7),TABU,0,30,0.0,0.03125,0.0015933004705756778,0.09141574616459724,44.266666666666666,40.5,14.0,92.0
BIN::knapsack01::n=50::seed=467073206,knapsack01,bin,5000,0.0,"UMDA(pop=50,elite=0.2)",UMDA,0,30,0.0,0.03125,0.0014537090803919898,0.09236635097102619,37.166666666666664,34.5,6.0,106.0
BIN::knapsack01::n=50::seed=467073206,knapsack01,bin,5000,0.0,"UMDA(pop=100,elite=0.2)",UMDA,7,30,0.23333333333333334,0.25,0.14166123584666213,0.38451284393776053,10.266666666666667,9.0,0.0,39.0
BIN::knapsack01::n=50::seed=467073206,knapsack01,bin,5000,0.0,TABU(tenure=12),TABU,1,30,0.03333333333333333,0.0625,0.011063048383037517,0.15196832517745493,71.16666666666667,72.0,0.0,128.0
BIN::leadingones::n=150::seed=14572576,leadingones,bin,5000,0.0,RS_BIN,RS_BIN,0,30,0.0,0.03125,0.0014829941306898561,0.09223285768026432,137.4,138.0,133.0,140.0
BIN::leadingones::n=150::seed=14572576,leadingones,bin,5000,0.0,HC(flips=1),HC,0,30,0.0,0.03125,0.001881507228501892,0.095422919180065,80.8,83.5,37.0,113.0
BIN::leadingones::n=150::seed=14572576,leadingones,bin,5000,0.0,HC(flips=2),HC,0,30,0.0,0.03125,0.001540456480568187,0.09343653839675498,61.13333333333333,60.5,42.0,80.0
BIN::leadingones::n=150::seed=14572576,leadingones,bin,5000,0.0,"SA(T0=1.0,alpha=0.995,flips=1)",SA,0,30,0.0,0.03125,0.0016136174387559887,0.09134214153403762,85.8,86.0,64.0,112.0
BIN::leadingones::n=150::seed=14572576,leadingones,bin,5000,0.0,"SA(T0=2.0,alpha=0.99,flips=1)",SA,0,30,0.0,0.03125,0.0013607978600124182,0.08947262990776099,83.36666666666666,80.5,60.0,113.0
BIN::leadingones::n=150::seed=14572576,leadingones,bin,5000,0.0,"SA(T0=2.0,alpha=0.995,flips=2)",SA,0,30,0.0,0.03125,0.0014315476980488351,0.0907041754081805,62.8,61.0,45.0,87.0
BIN::leadingones::n=150::seed=14572576,leadingones,bin,5000,0.0,"GA(pop=50,pc=0.9,pm=0.02)",GA,0,30,0.0,0.03125,0.0016445062825484658,0.09666216002219634,120.53333333333333,121.0,110.0,128.0
BIN::leadingones::n=150::seed=14572576,leadingones,bin,5000,0.0,"GA(pop=50,pc=0.9,pm=0.05)",GA,0,30,0.0,0.03125,0.002005912771453342,0.08908340620193492,129.56666666666666,130.0,124.0,133.0
BIN::leadingones::n=150::seed=14572576,leadingones,bin,5000,0.0,"GA(pop=100,pc=0.9,pm=0.02)",GA,0,30,0.0,0.03125,0.0017556548204441095,0.08684927404433894,124.3,124.0,117.0,130.0
BIN::leadingones::n=150::seed=14572576,leadingones,bin,5000,0.0,TABU(tenure=7),TABU,0,30,0.0,0.03125,0.0014773671479595054,0.09258598583994897,80.3,82.5,42.0,118.0
BIN::leadingones::n=150::seed=14572576,leadingones,bin,5000,0.0,"UMDA(pop=50,elite=0.2)",UMDA,0,30,0.0,0.03125,0.0016338304762891639,0.09022293471196483,91.13333333333334,92.5,69.0,110.0
BIN::leadingones::n=150::seed=14572576,leadingones,bin,5000,0.0,"UMDA(pop=100,elite=0.2)",UMDA,0,30,0.0,0.03125,0.0018044694848804515,0.09599937941607291,97.63333333333334,98.0,77.0,111.0
BIN::leadingones::n=150::seed=14572576,leadingones,bin,5000,0.0,TABU(tenure=12),TABU,0,30,0.0,0.03125,0.0016781403627954695,0.08992592807067694,80.9,81.5,58.0,105.0
BIN::knapsack01::n=50::seed=303428325,knapsack01,bin,5000,0.0,RS_BIN,RS_BIN,0,30,0.0,0.03125,0.0016919806257431778,0.0935372216073989,378.26666666666665,381.5,236.0,448.0
BIN::knapsack01::n=50::seed=303428325,knapsack01,bin,5000,0.0,HC(flips=1),HC,0,30,0.0,0.03125,0.0016018404175192607,0.09376822583310894,361.96666666666664,364.5,178.0,677.0
BIN::knapsack01::n=50::seed=303428325,knapsack01,bin,5000,0.0,HC(flips=2),HC,0,30,0.0,0.03125,0.0015954244062127364,0.08764589620344237,36.63333333333333,29.0,2.0,87.0
BIN::knapsack01::n=50::seed=303428325,knapsack01,bin,5000,0.0,"SA(T0=1.0,alpha=0.995,flips=1)",SA,0,30,0.0,0.03125,0.0017556756723612497,0.09181619823652512,388.1,367.5,204.0,613.0
BIN::knapsack01::n=50::seed=303428325,knapsack01,bin,5000,0.0,"SA(T0=2.0,alpha=0.99,flips=1)",SA,0,30,0.0,0.03125,0.001991756554878232,0.09352764467097419,406.3,384.0,210.0,646.0
BIN::knapsack01::n=50::seed=303428325,knapsack01,bin,5000,0.0,"SA(T0=2.0,alpha=0.995,flips=2)",SA,0,30,0.0,0.03125,0.0014121409595520811,0.09484209809165796,34.333333333333336,28.0,6.0,74.0
BIN::knapsack01::n=50::seed=303428325,knapsack01,bin,5000,0.0,"GA(pop=50,pc=0.9,pm=0.02)",GA,0,30,0.0,0.03125,0.0018106594892325768,0.09128578459696916,51.43333333333333,51.5,2.0,96.0
BIN::knapsack01::n=50::seed=303428325,knapsack01,bin,5000,0.0,"GA(pop=50,pc=0.9,pm=0.05)",GA,0,30,0.0,0.03125,0.0017081243136218786,0.09556439512769586,157.2,157.5,97.0,230.0
BIN::knapsack01::n=50::seed=303428325,knapsack01,bin,5000,0.0,"GA(pop=100,pc=0.9,pm=0.02)",GA,0,30,0.0,0.03125,0.001596913014877678,0.08737456923104465,60.166666666666664,56.5,18.0,96.0
BIN::knapsack01::n=50::seed=303428325,knapsack01,bin,5000,0.0,TABU(tenure=7),TABU,0,30,0.0,0.03125,0.0015260128953851215,0.0916042550674859,46.2,47.0,22.0,63.0
BIN::knapsack01::n=50::seed=303428325,knapsack01,bin,5000,0.0,"UMDA(pop=50,elite=0.2)",UMDA,0,30,0.0,0.03125,0.001659686593359063,0.0903460396580167,32.56666666666667,31.0,2.0,66.0
BIN::knapsack01::n=50::seed=303428325,knapsack01,bin,5000,0.0,"UMDA(pop=100,elite=0.2)",UMDA,3,30,0.1,0.125,0.04660953082812213,0.23614775690851886,19.2,16.0,0.0,55.0
BIN::knapsack01::n=50::seed=303428325,knapsack01,bin,5000,0.0,TABU(tenure=12),TABU,0,30,0.0,0.03125,0.001763408011549953,0.08817772442183641,65.36666666666666,64.0,41.0,93.0
BIN::onemax::n=100::seed=147691299,onemax,bin,5000,0.0,RS_BIN,RS_BIN,0,30,0.0,0.03125,0.0016020492755555037,0.09188244853252897,31.633333333333333,32.0,27.0,34.0
BIN::onemax::n=100::seed=147691299,onemax,bin,5000,0.0,HC(flips=1),HC,30,30,1.0,0.96875,0.90628751065101,0.9982630544583461,0.0,0.0,0.0,0.0
BIN::onemax::n=100::seed=147691299,onemax,bin,5000,0.0,HC(flips=2),HC,5,30,0.16666666666666666,0.1875,0.08553192161830184,0.3171707765868021,1.3333333333333333,1.0,0.0,3.0
BIN::onemax::n=100::seed=147691299,onemax,bin,5000,0.0,"SA(T0=1.0,alpha=0.995,flips=1)",SA,30,30,1.0,0.96875,0.9082529783512033,0.9983685132032751,0.0,0.0,0.0,0.0
BIN::onemax::n=100::seed=147691299,onemax,bin,5000,0.0,"SA(T0=2.0,alpha=0.99,flips=1)",SA,30,30,1.0,0.96875,0.9073824291045242,0.9982343094874164,0.0,0.0,0.0,0.0
BIN::onemax::n=100::seed=147691299,onemax,bin,5000,0.0,"SA(T0=2.0,alpha=0.995,flips=2)",SA,6,30,0.2,0.21875,0.11192291839715904,0.34998635571871733,1.4666666666666666,2.0,0.0,4.0
BIN::onemax::n=100::seed=147691299,onemax,bin,5000,0.0,"GA(pop=50,pc=0.9,pm=0.02)",GA,0,30,0.0,0.03125,0.0019242020167154412,0.09133570921218703,7.3,8.0,4.0,10.0
BIN::onemax::n=100::seed=147691299,onemax,bin,5000,0.0,"GA(pop=50,pc=0.9,pm=0.05)",GA,0,30,0.0,0.03125,0.0017794524751192386,0.09305828979375741,18.766666666666666,19.0,15.0,21.0
BIN::onemax::n=100::seed=147691299,onemax,bin,5000,0.0,"GA(pop=100,pc=0.9,pm=0.02)",GA,0,30,0.0,0.03125,0.0015900517585968226,0.09161012708142016,8.4,9.0,5.0,11.0
BIN::onemax::n=100::seed=147691299,onemax,bin,5000,0.0,TABU(tenure=7),TABU,0,30,0.0,0.03125,0.0015266528834618307,0.09532900940044364,2.966666666666667,3.0,1.0,5.0
BIN::onemax::n=100::seed=147691299,onemax,bin,5000,0.0,"UMDA(pop=50,elite=0.2)",UMDA,30,30,1.0,0.96875,0.9058335484516503,0.9982570147885694,0.0,0.0,0.0,0.0
BIN::onemax::n=100::seed=147691299,onemax,bin,5000,0.0,"UMDA(pop=100,elite=0.2)",UMDA,30,30,1.0,0.96875,0.9064092286610993,0.9982076756510162,0.0,0.0,0.0,0.0
BIN::onemax::n=100::seed=147691299,onemax,bin,5000,0.0,TABU(tenure=12),TABU,0,30,0.0,0.03125,0.0018339143746068946,0.09295164719580583,4.166666666666667,4.0,1.0,6.0
BIN::trap5::n=150::seed=76651250,trap5,bin,5000,0.0,RS_BIN,RS_BIN,0,30,0.0,0.03125,0.0018659417424932336,0.09028443554528887,74.73333333333333,75.0,68.0,78.0
BIN::trap5::n=150::seed=76651250,trap5,bin,5000,0.0,HC(flips=1),HC,0,30,0.0,0.03125,0.0020543825410439644,0.08906076581449641,28.3,28.0,25.0,30.0
BIN::trap5::n=150::seed=76651250,trap5,bin,5000,0.0,HC(flips=2),HC,0,30,0.0,0.03125,0.0017482218699054442,0.0889144862169677,28.633333333333333,28.0,24.0,32.0
BIN::trap5::n=150::seed=76651250,trap5,bin,5000,0.0,"SA(T0=1.0,alpha=0.995,flips=1)",SA,0,30,0.0,0.03125,0.0015227746689100393,0.098249439107512,27.233333333333334,27.0,23.0,30.0
BIN::trap5::n=150::seed=76651250,trap5,bin,5000,0.0,"SA(T0=2.0,alpha=0.99,flips=1)",SA,0,30,0.0,0.03125,0.0016492120531933138,0.09021668042505587,27.066666666666666,27.0,24.0,30.0
BIN::trap5::n=150::seed=76651250,trap5,bin,5000,0.0,"SA(T0=2.0,alpha=0.995,flips=2)",SA,0,30,0.0,0.03125,0.0017813586127562407,0.09132400512810646,26.666666666666668,27.0,22.0,30.0
BIN::trap5::n=150::seed=76651250,trap5,bin,5000,0.0,"GA(pop=50,pc=0.9,pm=0.02)",GA,0,30,0.0,0.03125,0.0016410084665241644,0.08969842680490799,47.7,48.0,42.0,51.0
BIN::trap5::n=150::seed=76651250,trap5,bin,5000,0.0,"GA(pop=50,pc=0.9,pm=0.05)",GA,0,30,0.0,0.03125,0.001636626685485468,0.09227925142348085,61.56666666666667,62.0,56.0,65.0
BIN::trap5::n=150::seed=76651250,trap5,bin,5000,0.0,"GA(pop=100,pc=0.9,pm=0.02)",GA,0,30,0.0,0.03125,0.0017937875271984657,0.09505744952220442,47.166666666666664,47.0,41.0,53.0
BIN::trap5::n=150::seed=76651250,trap5,bin,5000,0.0,TABU(tenure=7),TABU,0,30,0.0,0.03125,0.0016207963737732453,0.09018839909039451,32.4,32.0,29.0,37.0
BIN::trap5::n=150::seed=76651250,trap5,bin,5000,0.0,"UMDA(pop=50,elite=0.2)",UMDA,0,30,0.0,0.03125,0.001657204361200514,0.09225710569618767,27.766666666666666,28.0,26.0,30.0
BIN::trap5::n=150::seed=76651250,trap5,bin,5000,0.0,"UMDA(pop=100,elite=0.2)",UMDA,0,30,0.0,0.03125,0.0015786334720293647,0.09098798404973332,28.8,29.0,24.0,30.0
BIN::trap5::n=150::seed=76651250,trap5,bin,5000,0.0,TABU(tenure=12),TABU,0,30,0.0,0.03125,0.0016497516236911548,0.08590909325400166,33.1,33.0,24.0,39.0
BIN::trap5::n=50::seed=901431078,trap5,bin,5000,0.0,RS_BIN,RS_BIN,0,30,0.0,0.03125,0.001694768757619174,0.08862497908006395,18.033333333333335,18.0,15.0,21.0
BIN::trap5::n=50::seed=901431078,trap5,bin,5000,0.0,HC(flips=1),HC,0,30,0.0,0.03125,0.0013745346129000404,0.08681443944154273,9.2,9.0,8.0,10.0
BIN::trap5::n=50::seed=901431078,trap5,bin,5000,0.0,HC(flips=2),HC,0,30,0.0,0.03125,0.001936822169825402,0.09532015582567407,9.2,9.5,6.0,11.0
BIN::trap5::n=50::seed=901431078,trap5,bin,5000,0.0,"SA(T0=1.0,alpha=0.995,flips=1)",SA,0,30,0.0,0.03125,0.0016831032985060908,0.09314731973002936,8.933333333333334,9.0,6.0,10.0
BIN::trap5::n=50::seed=901431078,trap5,bin,5000,0.0,"SA(T0=2.0,alpha=0.99,flips=1)",SA,0,30,0.0,0.03125,0.0017367385208009942,0.08841273564406828,8.866666666666667,9.0,6.0,10.0
BIN::trap5::n=50::seed=901431078,trap5,bin,5000,0.0,"SA(T0=2.0,alpha=0.995,flips=2)",SA,0,30,0.0,0.03125,0.0018301972573500811,0.09443150158234072,8.4,9.0,6.0,11.0
BIN::trap5::n=50::seed=901431078,trap5,bin,5000,0.0,"GA(pop=50,pc=0.9,pm=0.02)",GA,0,30,0.0,0.03125,0.0017755457030417861,0.0924350617692141,7.133333333333334,7.0,5.0,8.0
BIN::trap5::n=50::seed=901431078,trap5,bin,5000,0.0,"GA(pop=50,pc=0.9,pm=0.05)",GA,0,30,0.0,0.03125,0.0018435376924283123,0.09533929304244097,12.6,13.0,8.0,14.0
BIN::trap5::n=50::seed=901431078,trap5,bin,5000,0.0,"GA(pop=100,pc=0.9,pm=0.02)",GA,0,30,0.0,0.03125,0.00175788835870178,0.08892851131187782,6.633333333333334,6.0,3.0,9.0
BIN::trap5::n=50::seed=901431078,trap5,bin,5000,0.0,TABU(tenure=7),TABU,0,30,0.0,0.03125,0.0015448671397201728,0.08691856846498254,8.766666666666667,9.0,4.0,12.0
BIN::trap5::n=50::seed=901431078,trap5,bin,5000,0.0,"UMDA(pop=50,elite=0.2)",UMDA,0,30,0.0,0.03125,0.001719995134444789,0.09786799831842484,9.3,9.0,7.0,10.0
BIN::trap5::n=50::seed=901431078,trap5,bin,5000,0.0,"UMDA(pop=100,elite=0.2)",UMDA,0,30,0.0,0.03125,0.0015899649741255796,0.09158927835577924,9.766666666666667,10.0,8.0,10.0
BIN::trap5::n=50::seed=901431078,trap5,bin,5000,0.0,TABU(tenure=12),TABU,0,30,0.0,0.03125,0.0016532474605591646,0.08932752341313648,7.7,8.0,3.0,13.0
BIN::onemax::n=150::seed=611480496,onemax,bin,5000,0.0,RS_BIN,RS_BIN,0,30,0.0,0.03125,0.001919204695784523,0.0982219337699921,52.733333333333334,53.0,49.0,57.0
BIN::onemax::n=150::seed=611480496,onemax,bin,5000,0.0,HC(flips=1),HC,30,30,1.0,0.96875,0.9111046470999764,0.9984754369611956,0.0,0.0,0.0,0.0
BIN::onemax::n=150::seed=611480496,onemax,bin,5000,0.0,HC(flips=2),HC,2,30,0.06666666666666667,0.09375,0.02803740847961357,0.19280759164316144,2.4,2.0,0.0,5.0
BIN::onemax::n=150::seed=611480496,onemax,bin,5000,0.0,"SA(T0=1.0,alpha=0.995,flips=1)",SA,30,30,1.0,0.96875,0.9081726402100941,0.9983896105887943,0.0,0.0,0.0,0.0
BIN::onemax::n=150::seed=611480496,onemax,bin,5000,0.0,"SA(T0=2.0,alpha=0.99,flips=1)",SA,30,30,1.0,0.96875,0.9044621679189531,0.9983853618093123,0.0,0.0,0.0,0.0
BIN::onemax::n=150::seed=611480496,onemax,bin,5000,0.0,"SA(T0=2.0,alpha=0.995,flips=2)",SA,1,30,0.03333333333333333,0.0625,0.011609713042465603,0.14303975932627677,2.3333333333333335,2.0,0.0,4.0
BIN::onemax::n=150::seed=611480496,onemax,bin,5000,0.0,"GA(pop=50,pc=0.9,pm=0.02)",GA,0,30,0.0,0.03125,0.0017713118518785146,0.09217245296923007,19.766666666666666,20.0,15.0,23.0
BIN::onemax::n=150::seed=611480496,onemax,bin,5000,0.0,"GA(pop=50,pc=0.9,pm=0.05)",GA,0,30,0.0,0.03125,0.0016808850067142023,0.08936153126410917,35.13333333333333,35.0,33.0,40.0
BIN::onemax::n=150::seed=611480496,onemax,bin,5000,0.0,"GA(pop=100,pc=0.9,pm=0.02)",GA,0,30,0.0,0.03125,0.0017162151523907217,0.08827315573721595,21.233333333333334,22.0,16.0,26.0
BIN::onemax::n=150::seed=611480496,onemax,bin,5000,0.0,TABU(tenure=7),TABU,0,30,0.0,0.03125,0.0015535393903155336,0.08742876345601006,5.966666666666667,6.0,4.0,9.0
BIN::onemax::n=150::seed=611480496,onemax,bin,5000,0.0,"UMDA(pop=50,elite=0.2)",UMDA,30,30,1.0,0.96875,0.9077404923862459,0.99837467817457,0.0,0.0,0.0,0.0
BIN::onemax::n=150::seed=611480496,onemax,bin,5000,0.0,"UMDA(pop=100,elite=0.2)",UMDA,30,30,1.0,0.96875,0.9048157132851246,0.9983065865600924,0.0,0.0,0.0,0.0
BIN::onemax::n=150::seed=611480496,onemax,bin,5000,0.0,TABU(tenure=12),TABU,0,30,0.0,0.03125,0.0015930215759430433,0.08934989430329526,7.533333333333333,8.0,5.0,10.0
BIN::onemax::n=50::seed=200768954,onemax,bin,5000,0.0,RS_BIN,RS_BIN,0,30,0.0,0.03125,0.0017024604433419665,0.0949446207458581,12.3,12.0,10.0,14.0
BIN::onemax::n=50::seed=200768954,onemax,bin,5000,0.0,HC(flips=1),HC,30,30,1.0,0.96875,0.9075724135131863,0.9982628188405055,0.0,0.0,0.0,0.0
BIN::onemax::n=50::seed=200768954,onemax,bin,5000,0.0,HC(flips=2),HC,12,30,0.4,0.40625,0.27093235433482415,0.5476892737448789,0.6,1.0,0.0,1.0
BIN::onemax::n=50::seed=200768954,onemax,bin,5000,0.0,"SA(T0=1.0,alpha=0.995,flips=1)",SA,30,30,1.0,0.96875,0.9079062825179085,0.9984334582543068,0.0,0.0,0.0,0.0
BIN::onemax::n=50::seed=200768954,onemax,bin,5000,0.0,"SA(T0=2.0,alpha=0.99,flips=1)",SA,30,30,1.0,0.96875,0.9054863121907863,0.9981221449527238,0.0,0.0,0.0,0.0
BIN::onemax::n=50::seed=200768954,onemax,bin,5000,0.0,"SA(T0=2.0,alpha=0.995,flips=2)",SA,13,30,0.43333333333333335,0.4375,0.29608870372315227,0.5854339683080674,0.5666666666666667,1.0,0.0,1.0
BIN::onemax::n=50::seed=200768954,onemax,bin,5000,0.0,"GA(pop=50,pc=0.9,pm=0.02)",GA,29,30,0.9666666666666667,0.9375,0.8587826035953502,0.9887088510875782,0.03333333333333333,0.0,0.0,1.0
BIN::onemax::n=50::seed=200768954,onemax,bin,5000,0.0,"GA(pop=50,pc=0.9,pm=0.05)",GA,0,30,0.0,0.03125,0.001596019127218586,0.09795162706792354,3.8666666666666667,4.0,2.0,6.0
BIN::onemax::n=50::seed=200768954,onemax,bin,5000,0.0,"GA(pop=100,pc=0.9,pm=0.02)",GA,28,30,0.9333333333333333,0.90625,0.8170717873907442,0.9732483703127298,0.06666666666666667,0.0,0.0,1.0
BIN::onemax::n=50::seed=200768954,onemax,bin,5000,0.0,TABU(tenure=7),TABU,11,30,0.36666666666666664,0.375,0.2397092389047715,0.5186320690487681,0.7666666666666667,1.0,0.0,2.0
BIN::onemax::n=50::seed=200768954,onemax,bin,5000,0.0,"UMDA(pop=50,elite=0.2)",UMDA,30,30,1.0,0.96875,0.9096544489626557,0.9982728760556496,0.0,0.0,0.0,0.0
BIN::onemax::n=50::seed=200768954,onemax,bin,5000,0.0,"UMDA(pop=100,elite=0.2)",UMDA,30,30,1.0,0.96875,0.9095072776064853,0.9981317482823507,0.0,0.0,0.0,0.0
BIN::onemax::n=50::seed=200768954,onemax,bin,5000,0.0,TABU(tenure=12),TABU,5,30,0.16666666666666666,0.1875,0.08938636393806221,0.3085498121687409,1.7,2.0,0.0,4.0
BIN::leadingones::n=100::seed=726995324,leadingones,bin,5000,0.0,RS_BIN,RS_BIN,0,30,0.0,0.03125,0.001540061546355849,0.09164246353287274,87.8,88.0,84.0,90.0
BIN::leadingones::n=100::seed=726995324,leadingones,bin,5000,0.0,HC(flips=1),HC,19,30,0.6333333333333333,0.625,0.4805800176614145,0.7571575189425775,3.3666666666666667,0.0,0.0,17.0
BIN::leadingones::n=100::seed=726995324,leadingones,bin,5000,0.0,HC(flips=2),HC,0,30,0.0,0.03125,0.0018367920966985511,0.09312626854288886,14.733333333333333,15.0,4.0,30.0
BIN::leadingones::n=100::seed=726995324,leadingones,bin,5000,0.0,"SA(T0=1.0,alpha=0.995,flips=1)",SA,13,30,0.43333333333333335,0.4375,0.29730515181450257,0.5785221545733614,8.0,1.5,0.0,35.0
BIN::leadingones::n=100::seed=726995324,leadingones,bin,5000,0.0,"SA(T0=2.0,alpha=0.99,flips=1)",SA,18,30,0.6,0.59375,0.45203415463769286,0.731504482853433,5.366666666666666,0.0,0.0,31.0
BIN::leadingones::n=100::seed=726995324,leadingones,bin,5000,0.0,"SA(T0=2.0,alpha=0.995,flips=2)",SA,0,30,0.0,0.03125,0.00190079566885155,0.09191820895539785,15.3,16.0,7.0,24.0
BIN::leadingones::n=100::seed=726995324,leadingones,bin,5000,0.0,"GA(pop=50,pc=0.9,pm=0.02)",GA,0,30,0.0,0.03125,0.0012205562150304904,0.09255661872054367,70.7,72.0,61.0,75.0
BIN::leadingones::n=100::seed=726995324,leadingones,bin,5000,0.0,"GA(pop=50,pc=0.9,pm=0.05)",GA,0,30,0.0,0.03125,0.001412778565689254,0.09094357110372776,79.06666666666666,79.5,74.0,83.0
BIN::leadingones::n=100::seed=726995324,leadingones,bin,5000,0.0,"GA(pop=100,pc=0.9,pm=0.02)",GA,0,30,0.0,0.03125,0.0016566517294369335,0.09234073140124138,75.26666666666667,75.0,70.0,82.0
BIN::leadingones::n=100::seed=726995324,leadingones,bin,5000,0.0,TABU(tenure=7),TABU,0,30,0.0,0.03125,0.0016651647596102697,0.09584512715570229,25.733333333333334,26.0,14.0,41.0
BIN::leadingones::n=100::seed=726995324,leadingones,bin,5000,0.0,"UMDA(pop=50,elite=0.2)",UMDA,0,30,0.0,0.03125,0.0015866927373351845,0.09492850242076456,37.233333333333334,37.5,17.0,56.0
BIN::leadingones::n=100::seed=726995324,leadingones,bin,5000,0.0,"UMDA(pop=100,elite=0.2)",UMDA,0,30,0.0,0.03125,0.00161202086933324,0.0931438661604322,50.43333333333333,50.5,38.0,64.0
BIN::leadingones::n=100::seed=726995324,leadingones,bin,5000,0.0,TABU(tenure=12),TABU,0,30,0.0,0.03125,0.0015841235880184154,0.09062082787932228,33.3,33.0,25.0,45.0
BIN::leadingones::n=100::seed=906134338,leadingones,bin,5000,0.0,RS_BIN,RS_BIN,0,30,0.0,0.03125,0.001634422252896534,0.09494420114147464,87.5,87.5,83.0,90.0
BIN::leadingones::n=100::seed=906134338,leadingones,bin,5000,0.0,HC(flips=1),HC,14,30,0.4666666666666667,0.46875,0.32295257750115924,0.6096052753234595,7.033333333333333,2.0,0.0,35.0
BIN::leadingones::n=100::seed=906134338,leadingones,bin,5000,0.0,HC(flips=2),HC,0,30,0.0,0.03125,0.0013137692520350395,0.08935958999573818,13.933333333333334,12.5,3.0,32.0
BIN::leadingones::n=100::seed=906134338,leadingones,bin,5000,0.0,"SA(T0=1.0,alpha=0.995,flips=1)",SA,13,30,0.43333333333333335,0.4375,0.29903270782161634,0.5820733534976723,7.666666666666667,3.0,0.0,30.0
BIN::leadingones::n=100::seed=906134338,leadingones,bin,5000,0.0,"SA(T0=2.0,alpha=0.99,flips=1)",SA,12,30,0.4,0.40625,0.27037791226800173,0.5575643299446591,8.633333333333333,6.0,0.0,38.0
BIN::leadingones::n=100::seed=906134338,leadingones,bin,5000,0.0,"SA(T0=2.0,alpha=0.995,flips=2)",SA,0,30,0.0,0.03125,0.0015094891531291566,0.09573070535589985,15.333333333333334,15.0,7.0,21.0
BIN::leadingones::n=100::seed=906134338,leadingones,bin,5000,0.0,"GA(pop=50,pc=0.9,pm=0.02)",GA,0,30,0.0,0.03125,0.0014681781427826064,0.0881010469691939,69.36666666666666,69.5,62.0,80.0
BIN::leadingones::n=100::seed=906134338,leadingones,bin,5000,0.0,"GA(pop=50,pc=0.9,pm=0.05)",GA,0,30,0.0,0.03125,0.001933637058899616,0.09138442545462225,79.66666666666667,80.0,74.0,83.0
BIN::leadingones::n=100::seed=906134338,leadingones,bin,5000,0.0,"GA(pop=100,pc=0.9,pm=0.02)",GA,0,30,0.0,0.03125,0.0018895521170477069,0.09260697298250546,73.96666666666667,73.0,66.0,80.0
BIN::leadingones::n=100::seed=906134338,leadingones,bin,5000,0.0,TABU(tenure=7),TABU,0,30,0.0,0.03125,0.001817906948981606,0.09149163670994884,28.833333333333332,28.0,15.0,40.0
BIN::leadingones::n=100::seed=906134338,leadingones,bin,5000,0.0,"UMDA(pop=50,elite=0.2)",UMDA,0,30,0.0,0.03125,0.0016982375513234886,0.08957626348227489,40.3,41.0,26.0,57.0
BIN::leadingones::n=100::seed=906134338,leadingones,bin,5000,0.0,"UMDA(pop=100,elite=0.2)",UMDA,0,30,0.0,0.03125,0.0016929740769890806,0.09233743167759052,47.36666666666667,48.0,35.0,63.0
BIN::leadingones::n=100::seed=906134338,leadingones,bin,5000,0.0,TABU(tenure=12),TABU,0,30,0.0,0.03125,0.0018494983645895218,0.08855538683744688,31.266666666666666,32.0,22.0,38.0
BIN::trap5::n=100::seed=745913736,trap5,bin,5000,0.0,RS_BIN,RS_BIN,0,30,0.0,0.03125,0.0015749838492775492,0.09156742352232246,45.166666666666664,45.5,40.0,48.0
BIN::trap5::n=100::seed=745913736,trap5,bin,5000,0.0,HC(flips=1),HC,0,30,0.0,0.03125,0.0018018774860026595,0.09224707734745172,18.5,19.0,16.0,20.0
BIN::trap5::n=100::seed=745913736,trap5,bin,5000,0.0,HC(flips=2),HC,0,30,0.0,0.03125,0.0016712070653897983,0.08834511129991336,18.2,18.5,16.0,20.0
BIN::trap5::n=100::seed=745913736,trap5,bin,5000,0.0,"SA(T0=1.0,alpha=0.995,flips=1)",SA,0,30,0.0,0.03125,0.0015211998457513615,0.08805505563092994,17.966666666666665,18.0,13.0,20.0
BIN::trap5::n=100::seed=745913736,trap5,bin,5000,0.0,"SA(T0=2.0,alpha=0.99,flips=1)",SA,0,30,0.0,0.03125,0.0014766854967516209,0.08965519965350437,17.966666666666665,18.0,15.0,20.0
BIN::trap5::n=100::seed=745913736,trap5,bin,5000,0.0,"SA(T0=2.0,alpha=0.995,flips=2)",SA,0,30,0.0,0.03125,0.0018891760957807154,0.09270336781711863,17.7,18.0,14.0,22.0
BIN::trap5::n=100::seed=745913736,trap5,bin,5000,0.0,"GA(pop=50,pc=0.9,pm=0.02)",GA,0,30,0.0,0.03125,0.0017929605332575125,0.09448395574831446,24.3,24.0,21.0,28.0
BIN::trap5::n=100::seed=745913736,trap5,bin,5000,0.0,"GA(pop=50,pc=0.9,pm=0.05)",GA,0,30,0.0,0.03125,0.0017193778131011017,0.08993428538591777,36.2,36.0,33.0,39.0
BIN::trap5::n=100::seed=745913736,trap5,bin,5000,0.0,"GA(pop=100,pc=0.9,pm=0.02)",GA,0,30,0.0,0.03125,0.001666108834953625,0.09363604111680375,24.766666666666666,25.5,20.0,28.0
BIN::trap5::n=100::seed=745913736,trap5,bin,5000,0.0,TABU(tenure=7),TABU,0,30,0.0,0.03125,0.0019416812258195907,0.09379896253317616,20.266666666666666,21.0,14.0,23.0
BIN::trap5::n=100::seed=745913736,trap5,bin,5000,0.0,"UMDA(pop=50,elite=0.2)",UMDA,0,30,0.0,0.03125,0.0018964763096282764,0.09114881763196074,18.833333333333332,19.0,17.0,20.0
BIN::trap5::n=100::seed=745913736,trap5,bin,5000,0.0,"UMDA(pop=100,elite=0.2)",UMDA,0,30,0.0,0.03125,0.0016101294385189732,0.09868016700838858,19.5,20.0,18.0,20.0
BIN::trap5::n=100::seed=745913736,trap5,bin,5000,0.0,TABU(tenure=12),TABU,0,30,0.0,0.03125,0.0014970107717877626,0.09126100124810695,22.3,22.0,16.0,26.0
BIN::knapsack01::n=100::seed=16877214,knapsack01,bin,5000,0.0,RS_BIN,RS_BIN,0,30,0.0,0.03125,0.0017380885279403234,0.09127964534370567,1068.4333333333334,1060.0,883.0,1217.0
BIN::knapsack01::n=100::seed=16877214,knapsack01,bin,5000,0.0,HC(flips=1),HC,0,30,0.0,0.03125,0.001892757925764237,0.09954840265313276,901.4,872.5,545.0,1261.0
BIN::knapsack01::n=100::seed=16877214,knapsack01,bin,5000,0.0,HC(flips=2),HC,0,30,0.0,0.03125,0.0014406174741077437,0.09373189974606348,37.666666666666664,35.0,17.0,68.0
BIN::knapsack01::n=100::seed=16877214,knapsack01,bin,5000,0.0,"SA(T0=1.0,alpha=0.995,flips=1)",SA,0,30,0.0,0.03125,0.0017174959567281328,0.09228136376870681,915.0,879.5,570.0,1230.0
BIN::knapsack01::n=100::seed=16877214,knapsack01,bin,5000,0.0,"SA(T0=2.0,alpha=0.99,flips=1)",SA,0,30,0.0,0.03125,0.0016411995031606588,0.09102087804794272,823.7,817.0,526.0,1292.0
BIN::knapsack01::n=100::seed=16877214,knapsack01,bin,5000,0.0,"SA(T0=2.0,alpha=0.995,flips=2)",SA,0,30,0.0,0.03125,0.0013862271636026903,0.0947857511741392,39.766666666666666,41.5,14.0,73.0
BIN::knapsack01::n=100::seed=16877214,knapsack01,bin,5000,0.0,"GA(pop=50,pc=0.9,pm=0.02)",GA,0,30,0.0,0.03125,0.0016445283176005452,0.0894221291472681,316.43333333333334,312.0,239.0,414.0
BIN::knapsack01::n=100::seed=16877214,knapsack01,bin,5000,0.0,"GA(pop=50,pc=0.9,pm=0.05)",GA,0,30,0.0,0.03125,0.0016162587695029522,0.09218971150130564,660.2666666666667,668.0,545.0,823.0
BIN::knapsack01::n=100::seed=16877214,knapsack01,bin,5000,0.0,"GA(pop=100,pc=0.9,pm=0.02)",GA,0,30,0.0,0.03125,0.0014830054940170902,0.09554170080621259,363.3666666666667,367.5,235.0,428.0
BIN::knapsack01::n=100::seed=16877214,knapsack01,bin,5000,0.0,TABU(tenure=7),TABU,0,30,0.0,0.03125,0.001614152448675349,0.09006969367361946,98.0,92.5,15.0,156.0
BIN::knapsack01::n=100::seed=16877214,knapsack01,bin,5000,0.0,"UMDA(pop=50,elite=0.2)",UMDA,0,30,0.0,0.03125,0.0015007983251933738,0.08796640882035463,74.63333333333334,68.5,19.0,169.0
BIN::knapsack01::n=100::seed=16877214,knapsack01,bin,5000,0.0,"UMDA(pop=100,elite=0.2)",UMDA,0,30,0.0,0.03125,0.001563006392175692,0.09753478905575536,30.2,26.5,4.0,80.0
BIN::knapsack01::n=100::seed=16877214,knapsack01,bin,5000,0.0,TABU(tenure=12),TABU,0,30,0.0,0.03125,0.0013707814298533976,0.08798663464321986,121.9,128.0,37.0,169.0
BIN::onemax::n=50::seed=996435875,onemax,bin,5000,0.0,RS_BIN,RS_BIN,0,30,0.0,0.03125,0.001651377473120543,0.08757018708445263,12.633333333333333,13.0,10.0,15.0
BIN::onemax::n=50::seed=996435875,onemax,bin,5000,0.0,HC(flips=1),HC,30,30,1.0,0.96875,0.9096879564524608,0.9985137460292648,0.0,0.0,0.0,0.0
BIN::onemax::n=50::seed=996435875,onemax,bin,5000,0.0,HC(flips=2),HC,16,30,0.5333333333333333,0.53125,0.3936904191588752,0.670692355719722,0.4666666666666667,0.0,0.0,1.0
BIN::onemax::n=50::seed=996435875,onemax,bin,5000,0.0,"SA(T0=1.0,alpha=0.995,flips=1)",SA,30,30,1.0,0.96875,0.9066021788178182,0.9983184195697141,0.0,0.0,0.0,0.0
BIN::onemax::n=50::seed=996435875,onemax,bin,5000,0.0,"SA(T0=2.0,alpha=0.99,flips=1)",SA,30,30,1.0,0.96875,0.9066862133130719,0.9986856942710216,0.0,0.0,0.0,0.0
BIN::onemax::n=50::seed=996435875,onemax,bin,5000,0.0,"SA(T0=2.0,alpha=0.995,flips=2)",SA,15,30,0.5,0.5,0.35691858087552025,0.6394498144882789,0.5,0.5,0.0,1.0
BIN::onemax::n=50::seed=996435875,onemax,bin,5000,0.0,"GA(pop=50,pc=0.9,pm=0.02)",GA,29,30,0.9666666666666667,0.9375,0.8547876666383055,0.987824435012039,0.03333333333333333,0.0,0.0,1.0
BIN::onemax::n=50::seed=996435875,onemax,bin,5000,0.0,"GA(pop=50,pc=0.9,pm=0.05)",GA,0,30,0.0,0.03125,0.0019045764605169738,0.09367441073338241,4.2,4.0,2.0,5.0
BIN::onemax::n=50::seed=996435875,onemax,bin,5000,0.0,"GA(pop=100,pc=0.9,pm=0.02)",GA,28,30,0.9333333333333333,0.90625,0.811984783182415,0.9730569160988357,0.06666666666666667,0.0,0.0,1.0
BIN::onemax::n=50::seed=996435875,onemax,bin,5000,0.0,TABU(tenure=7),TABU,8,30,0.26666666666666666,0.28125,0.16549093785137728,0.4167456216004924,0.8333333333333334,1.0,0.0,2.0
BIN::onemax::n=50::seed=996435875,onemax,bin,5000,0.0,"UMDA(pop=50,elite=0.2)",UMDA,30,30,1.0,0.96875,0.9085073048030994,0.9982188099016637,0.0,0.0,0.0,0.0
BIN::onemax::n=50::seed=996435875,onemax,bin,5000,0.0,"UMDA(pop=100,elite=0.2)",UMDA,30,30,1.0,0.96875,0.9048936012162083,0.9982902732323856,0.0,0.0,0.0,0.0
BIN::onemax::n=50::seed=996435875,onemax,bin,5000,0.0,TABU(tenure=12),TABU,2,30,0.06666666666666667,0.09375,0.027427664667714843,0.18634512423501548,1.8333333333333333,2.0,0.0,5.0
BIN::leadingones::n=50::seed=819647819,leadingones,bin,5000,0.0,RS_BIN,RS_BIN,0,30,0.0,0.03125,0.0016481196715900095,0.08718837111604093,37.233333333333334,38.0,31.0,40.0
BIN::leadingones::n=50::seed=819647819,leadingones,bin,5000,0.0,HC(flips=1),HC,30,30,1.0,0.96875,0.908170906566128,0.9983464733099047,0.0,0.0,0.0,0.0
BIN::leadingones::n=50::seed=819647819,leadingones,bin,5000,0.0,HC(flips=2),HC,19,30,0.6333333333333333,0.625,0.4826888309761164,0.761387687582906,0.5,0.0,0.0,2.0
BIN::leadingones::n=50::seed=819647819,leadingones,bin,5000,0.0,"SA(T0=1.0,alpha=0.995,flips=1)",SA,30,30,1.0,0.96875,0.9041753504081975,0.9985574580683826,0.0,0.0,0.0,0.0
BIN::leadingones::n=50::seed=819647819,leadingones,bin,5000,0.0,"SA(T0=2.0,alpha=0.99,flips=1)",SA,30,30,1.0,0.96875,0.9073941726478064,0.9986751307095221,0.0,0.0,0.0,0.0
BIN::leadingones::n=50::seed=819647819,leadingones,bin,5000,0.0,"SA(T0=2.0,alpha=0.995,flips=2)",SA,17,30,0.5666666666666667,0.5625,0.41414280108911655,0.70055747532582,0.4666666666666667,0.0,0.0,2.0
BIN::leadingones::n=50::seed=819647819,leadingones,bin,5000,0.0,"GA(pop=50,pc=0.9,pm=0.02)",GA,0,30,0.0,0.03125,0.0018659099670035348,0.09682723832574762,18.7,18.5,10.0,25.0
BIN::leadingones::n=50::seed=819647819,leadingones,bin,5000,0.0,"GA(pop=50,pc=0.9,pm=0.05)",GA,0,30,0.0,0.03125,0.0019436996127062142,0.09303449681102997,29.666666666666668,30.0,24.0,34.0
BIN::leadingones::n=50::seed=819647819,leadingones,bin,5000,0.0,"GA(pop=100,pc=0.9,pm=0.02)",GA,0,30,0.0,0.03125,0.001635285259151857,0.09505166854059315,24.466666666666665,24.0,16.0,30.0
BIN::leadingones::n=50::seed=819647819,leadingones,bin,5000,0.0,TABU(tenure=7),TABU,0,30,0.0,0.03125,0.0020047452853560496,0.09267489152312308,6.366666666666666,6.5,1.0,11.0
BIN::leadingones::n=50::seed=819647819,leadingones,bin,5000,0.0,"UMDA(pop=50,elite=0.2)",UMDA,27,30,0.9,0.875,0.766335340496892,0.9554831569642679,0.3,0.0,0.0,4.0
BIN::leadingones::n=50::seed=819647819,leadingones,bin,5000,0.0,"UMDA(pop=100,elite=0.2)",UMDA,18,30,0.6,0.59375,0.44747607298505,0.723675667645893,2.066666666666667,0.0,0.0,14.0
BIN::leadingones::n=50::seed=819647819,leadingones,bin,5000,0.0,TABU(tenure=12),TABU,0,30,0.0,0.03125,0.0016803245755188081,0.092084173369323,11.433333333333334,12.0,6.0,16.0
BIN::knapsack01::n=150::seed=54668061,knapsack01,bin,5000,0.0,RS_BIN,RS_BIN,0,30,0.0,0.03125,0.0015808018789407313,0.09563206804363739,1522.8666666666666,1525.0,1326.0,1689.0
BIN::knapsack01::n=150::seed=54668061,knapsack01,bin,5000,0.0,HC(flips=1),HC,0,30,0.0,0.03125,0.0015700706651401797,0.09583580425962615,1168.9,1154.0,844.0,1604.0
BIN::knapsack01::n=150::seed=54668061,knapsack01,bin,5000,0.0,HC(flips=2),HC,0,30,0.0,0.03125,0.0016857463474476081,0.08854991549059554,101.4,96.5,53.0,162.0
BIN::knapsack01::n=150::seed=54668061,knapsack01,bin,5000,0.0,"SA(T0=1.0,alpha=0.995,flips=1)",SA,0,30,0.0,0.03125,0.0014828803767004636,0.08904861569581805,1161.6666666666667,1187.5,748.0,1527.0
BIN::knapsack01::n=150::seed=54668061,knapsack01,bin,5000,0.0,"SA(T0=2.0,alpha=0.99,flips=1)",SA,0,30,0.0,0.03125,0.0015515974961959,0.0883737637738212,1205.1,1227.5,855.0,1518.0
BIN::knapsack01::n=150::seed=54668061,knapsack01,bin,5000,0.0,"SA(T0=2.0,alpha=0.995,flips=2)",SA,0,30,0.0,0.03125,0.001753367931477411,0.09180235650915403,96.5,93.5,47.0,157.0
BIN::knapsack01::n=150::seed=54668061,knapsack01,bin,5000,0.0,"GA(pop=50,pc=0.9,pm=0.02)",GA,0,30,0.0,0.03125,0.0016478437941866762,0.09438433265078228,695.7,688.0,590.0,812.0
BIN::knapsack01::n=150::seed=54668061,knapsack01,bin,5000,0.0,"GA(pop=50,pc=0.9,pm=0.05)",GA,0,30,0.0,0.03125,0.0017418859173091816,0.08927197552417644,1059.6333333333334,1059.5,905.0,1166.0
BIN::knapsack01::n=150::seed=54668061,knapsack01,bin,5000,0.0,"GA(pop=100,pc=0.9,pm=0.02)",GA,0,30,0.0,0.03125,0.0014512514277158018,0.09216569638996579,710.6,705.5,603.0,889.0
BIN::knapsack01::n=150::seed=54668061,knapsack01,bin,5000,0.0,TABU(tenure=7),TABU,0,30,0.0,0.03125,0.001358991198929749,0.08906269520228118,246.06666666666666,248.0,165.0,363.0
BIN::knapsack01::n=150::seed=54668061,knapsack01,bin,5000,0.0,"UMDA(pop=50,elite=0.2)",UMDA,0,30,0.0,0.03125,0.0013089712844289259,0.09564223542863971,72.1,72.0,5.0,136.0
BIN::knapsack01::n=150::seed=54668061,knapsack01,bin,5000,0.0,"UMDA(pop=100,elite=0.2)",UMDA,0,30,0.0,0.03125,0.0015903566581206311,0.09487307166303235,59.63333333333333,57.0,19.0,123.0
BIN::knapsack01::n=150::seed=54668061,knapsack01,bin,5000,0.0,TABU(tenure=12),TABU,0,30,0.0,0.03125,0.0016961559108938447,0.0907577969487705,246.96666666666667,244.0,183.0,341.0
BIN::onemax::n=100::seed=191480656,onemax,bin,5000,0.0,RS_BIN,RS_BIN,0,30,0.0,0.03125,0.001575298869452167,0.09277189003560497,32.06666666666667,32.0,28.0,35.0
BIN::onemax::n=100::seed=191480656,onemax,bin,5000,0.0,HC(flips=1),HC,30,30,1.0,0.96875,0.908604101277262,0.9986039748576835,0.0,0.0,0.0,0.0
BIN::onemax::n=100::seed=191480656,onemax,bin,5000,0.0,HC(flips=2),HC,3,30,0.1,0.125,0.04599550387496666,0.22268175359733358,1.1333333333333333,1.0,0.0,3.0
BIN::onemax::n=100::seed=191480656,onemax,bin,5000,0.0,"SA(T0=1.0,alpha=0.995,flips=1)",SA,30,30,1.0,0.96875,0.9063407830552024,0.9984057324909462,0.0,0.0,0.0,0.0
BIN::onemax::n=100::seed=191480656,onemax,bin,5000,0.0,"SA(T0=2.0,alpha=0.99,flips=1)",SA,30,30,1.0,0.96875,0.9099571056494898,0.998338600866724,0.0,0.0,0.0,0.0
BIN::onemax::n=100::seed=191480656,onemax,bin,5000,0.0,"SA(T0=2.0,alpha=0.995,flips=2)",SA,9,30,0.3,0.3125,0.18775774810634432,0.44515823118481934,1.2333333333333334,1.0,0.0,3.0
BIN::onemax::n=100::seed=191480656,onemax,bin,5000,0.0,"GA(pop=50,pc=0.9,pm=0.02)",GA,0,30,0.0,0.03125,0.001462836145566373,0.09374747035940599,7.233333333333333,7.0,4.0,11.0
BIN::onemax::n=100::seed=191480656,onemax,bin,5000,0.0,"GA(pop=50,pc=0.9,pm=0.05)",GA,0,30,0.0,0.03125,0.0017440647748850854,0.09703461989674313,18.266666666666666,18.0,14.0,21.0
BIN::onemax::n=100::seed=191480656,onemax,bin,5000,0.0,"GA(pop=100,pc=0.9,pm=0.02)",GA,0,30,0.0,0.03125,0.0015731435311306216,0.09119439777878971,8.166666666666666,8.0,6.0,10.0
BIN::onemax::n=100::seed=191480656,onemax,bin,5000,0.0,TABU(tenure=7),TABU,0,30,0.0,0.03125,0.0018071695560070871,0.09346644192690522,3.3333333333333335,3.0,1.0,5.0
BIN::onemax::n=100::seed=191480656,onemax,bin,5000,0.0,"UMDA(pop=50,elite=0.2)",UMDA,30,30,1.0,0.96875,0.9130385566336868,0.9980766146485001,0.0,0.0,0.0,0.0
BIN::onemax::n=100::seed=191480656,onemax,bin,5000,0.0,"UMDA(pop=100,elite=0.2)",UMDA,30,30,1.0,0.96875,0.9079269064175566,0.9984418543855204,0.0,0.0,0.0,0.0
BIN::onemax::n=100::seed=191480656,onemax,bin,5000,0.0,TABU(tenure=12),TABU,0,30,0.0,0.03125,0.0014244243704452893,0.09207975644845932,4.1,4.0,1.0,6.0
BIN::onemax::n=150::seed=587881940,onemax,bin,5000,0.0,RS_BIN,RS_BIN,0,30,0.0,0.03125,0.0017302196125781818,0.09063198553283744,52.233333333333334,52.0,47.0,55.0
BIN::onemax::n=150::seed=587881940,onemax,bin,5000,0.0,HC(flips=1),HC,30,30,1.0,0.96875,0.9051116989740353,0.9983572439814787,0.0,0.0,0.0,0.0
BIN::onemax::n=150::seed=587881940,onemax,bin,5000,0.0,HC(flips=2),HC,1,30,0.03333333333333333,0.0625,0.012336853550077412,0.14747759188096798,2.533333333333333,3.0,0.0,5.0
BIN::onemax::n=150::seed=587881940,onemax,bin,5000,0.0,"SA(T0=1.0,alpha=0.995,flips=1)",SA,30,30,1.0,0.96875,0.9044585654492366,0.9981365606791857,0.0,0.0,0.0,0.0
BIN::onemax::n=150::seed=587881940,onemax,bin,5000,0.0,"SA(T0=2.0,alpha=0.99,flips=1)",SA,30,30,1.0,0.96875,0.916467119234433,0.9984167741583482,0.0,0.0,0.0,0.0
BIN::onemax::n=150::seed=587881940,onemax,bin,5000,0.0,"SA(T0=2.0,alpha=0.995,flips=2)",SA,0,30,0.0,0.03125,0.0017963078377771062,0.0974957266409448,2.6,2.5,1.0,5.0
BIN::onemax::n=150::seed=587881940,onemax,bin,5000,0.0,"GA(pop=50,pc=0.9,pm=0.02)",GA,0,30,0.0,0.03125,0.0017506971949928375,0.09379335660685148,19.566666666666666,20.0,15.0,24.0
BIN::onemax::n=150::seed=587881940,onemax,bin,5000,0.0,"GA(pop=50,pc=0.9,pm=0.05)",GA,0,30,0.0,0.03125,0.0019143856465104626,0.08737822733370063,35.56666666666667,36.0,32.0,39.0
BIN::onemax::n=150::seed=587881940,onemax,bin,5000,0.0,"GA(pop=100,pc=0.9,pm=0.02)",GA,0,30,0.0,0.03125,0.0018064240565481685,0.09298026077144027,21.266666666666666,21.0,17.0,26.0
BIN::onemax::n=150::seed=587881940,onemax,bin,5000,0.0,TABU(tenure=7),TABU,0,30,0.0,0.03125,0.0018023470150729823,0.09299071521954748,5.9,6.0,3.0,9.0
BIN::onemax::n=150::seed=587881940,onemax,bin,5000,0.0,"UMDA(pop=50,elite=0.2)",UMDA,30,30,1.0,0.96875,0.9068171940922529,0.9983326619174777,0.0,0.0,0.0,0.0
BIN::onemax::n=150::seed=587881940,onemax,bin,5000,0.0,"UMDA(pop=100,elite=0.2)",UMDA,30,30,1.0,0.96875,0.9072624650846691,0.9981727262765412,0.0,0.0,0.0,0.0
BIN::onemax::n=150::seed=587881940,onemax,bin,5000,0.0,TABU(tenure=12),TABU,0,30,0.0,0.03125,0.0019129492295917178,0.09054217498453997,7.0,7.0,3.0,10.0
BIN::leadingones::n=50::seed=932766333,leadingones,bin,5000,0.0,RS_BIN,RS_BIN,0,30,0.0,0.03125,0.0016873677538171792,0.08915840993551652,37.233333333333334,37.0,32.0,40.0
BIN::leadingones::n=50::seed=932766333,leadingones,bin,5000,0.0,HC(flips=1),HC,30,30,1.0,0.96875,0.9064864527777242,0.9983849789920102,0.0,0.0,0.0,0.0
BIN::leadingones::n=50::seed=932766333,leadingones,bin,5000,0.0,HC(flips=2),HC,16,30,0.5333333333333333,0.53125,0.3892412971397731,0.673719798144411,0.5666666666666667,0.0,0.0,2.0
BIN::leadingones::n=50::seed=932766333,leadingones,bin,5000,0.0,"SA(T0=1.0,alpha=0.995,flips=1)",SA,30,30,1.0,0.96875,0.9112031848031255,0.9983288383628103,0.0,0.0,0.0,0.0
BIN::leadingones::n=50::seed=932766333,leadingones,bin,5000,0.0,"SA(T0=2.0,alpha=0.99,flips=1)",SA,30,30,1.0,0.96875,0.911621607664674,0.9983717987856333,0.0,0.0,0.0,0.0
BIN::leadingones::n=50::seed=932766333,leadingones,bin,5000,0.0,"SA(T0=2.0,alpha=0.995,flips=2)",SA,16,30,0.5333333333333333,0.53125,0.38221053041652486,0.6785624299952557,0.6,0.0,0.0,3.0
BIN::leadingones::n=50::seed=932766333,leadingones,bin,5000,0.0,"GA(pop=50,pc=0.9,pm=0.02)",GA,0,30,0.0,0.03125,0.0016220500599730607,0.09441823076766222,18.866666666666667,18.5,14.0,25.0
BIN::leadingones::n=50::seed=932766333,leadingones,bin,5000,0.0,"GA(pop=50,pc=0.9,pm=0.05)",GA,0,30,0.0,0.03125,0.0017313816175788814,0.09141347932661915,29.533333333333335,30.0,25.0,33.0
BIN::leadingones::n=50::seed=932766333,leadingones,bin,5000,0.0,"GA(pop=100,pc=0.9,pm=0.02)",GA,0,30,0.0,0.03125,0.0017154181251897566,0.0963412730425344,23.966666666666665,24.0,16.0,30.0
BIN::leadingones::n=50::seed=932766333,leadingones,bin,5000,0.0,TABU(tenure=7),TABU,1,30,0.03333333333333333,0.0625,0.012462331431437119,0.1485529182187292,6.266666666666667,6.5,0.0,12.0
BIN::leadingones::n=50::seed=932766333,leadingones,bin,5000,0.0,"UMDA(pop=50,elite=0.2)",UMDA,25,30,0.8333333333333334,0.8125,0.6876683918599317,0.9128186739326665,0.36666666666666664,0.0,0.0,5.0
BIN::leadingones::n=50::seed=932766333,leadingones,bin,5000,0.0,"UMDA(pop=100,elite=0.2)",UMDA,16,30,0.5333333333333333,0.53125,0.38172235316550923,0.6766965452110806,1.9666666666666666,0.0,0.0,9.0
BIN::leadingones::n=50::seed=932766333,leadingones,bin,5000,0.0,TABU(tenure=12),TABU,0,30,0.0,0.03125,0.0015707557618842031,0.09240725546672643,11.533333333333333,12.5,3.0,18.0
BIN::leadingones::n=50::seed=89237254,leadingones,bin,5000,0.0,RS_BIN,RS_BIN,0,30,0.0,0.03125,0.0015469016041930938,0.0909589247655995,37.63333333333333,38.0,34.0,40.0
BIN::leadingones::n=50::seed=89237254,leadingones,bin,5000,0.0,HC(flips=1),HC,30,30,1.0,0.96875,0.906293540858889,0.9981857716873914,0.0,0.0,0.0,0.0
BIN::leadingones::n=50::seed=89237254,leadingones,bin,5000,0.0,HC(flips=2),HC,17,30,0.5666666666666667,0.5625,0.4098636477174984,0.6981889959761239,0.5,0.0,0.0,2.0
BIN::leadingones::n=50::seed=89237254,leadingones,bin,5000,0.0,"SA(T0=1.0,alpha=0.995,flips=1)",SA,30,30,1.0,0.96875,0.9128026215326867,0.998273480681067,0.0,0.0,0.0,0.0
BIN::leadingones::n=50::seed=89237254,leadingones,bin,5000,0.0,"SA(T0=2.0,alpha=0.99,flips=1)",SA,30,30,1.0,0.96875,0.9015930553770112,0.9983016558381065,0.0,0.0,0.0,0.0
BIN::leadingones::n=50::seed=89237254,leadingones,bin,5000,0.0,"SA(T0=2.0,alpha=0.995,flips=2)",SA,11,30,0.36666666666666664,0.375,0.24146242781542807,0.5160866884115953,0.6666666666666666,1.0,0.0,2.0
BIN::leadingones::n=50::seed=89237254,leadingones,bin,5000,0.0,"GA(pop=50,pc=0.9,pm=0.02)",GA,0,30,0.0,0.03125,0.0016666305397951475,0.09155995705447716,19.666666666666668,20.0,13.0,27.0
BIN::leadingones::n=50::seed=89237254,leadingones,bin,5000,0.0,"GA(pop=50,pc=0.9,pm=0.05)",GA,0,30,0.0,0.03125,0.001486335485199827,0.09280352503218248,29.133333333333333,29.0,22.0,33.0
BIN::leadingones::n=50::seed=89237254,leadingones,bin,5000,0.0,"GA(pop=100,pc=0.9,pm=0.02)",GA,0,30,0.0,0.03125,0.0016830623864530563,0.08703370219604793,25.2,25.0,18.0,36.0
BIN::leadingones::n=50::seed=89237254,leadingones,bin,5000,0.0,TABU(tenure=7),TABU,1,30,0.03333333333333333,0.0625,0.011511534679057831,0.13986901026568002,6.366666666666666,7.0,0.0,11.0
BIN::leadingones::n=50::seed=89237254,leadingones,bin,5000,0.0,"UMDA(pop=50,elite=0.2)",UMDA,30,30,1.0,0.96875,0.9097088907409708,0.9985375866537587,0.0,0.0,0.0,0.0
BIN::leadingones::n=50::seed=89237254,leadingones,bin,5000,0.0,"UMDA(pop=100,elite=0.2)",UMDA,20,30,0.6666666666666666,0.65625,0.5211383535372325,0.7891037504989253,1.2333333333333334,0.0,0.0,7.0
BIN::leadingones::n=50::seed=89237254,leadingones,bin,5000,0.0,TABU(tenure=12),TABU,0,30,0.0,0.03125,0.0017151723904030862,0.0954441321554668,11.433333333333334,12.0,2.0,18.0
BIN::onemax::n=150::seed=498916944,onemax,bin,5000,0.0,RS_BIN,RS_BIN,0,30,0.0,0.03125,0.0017577129354899258,0.08751848487244336,52.166666666666664,52.0,48.0,55.0
BIN::onemax::n=150::seed=498916944,onemax,bin,5000,0.0,HC(flips=1),HC,30,30,1.0,0.96875,0.9127551434943584,0.9983307354500429,0.0,0.0,0.0,0.0
BIN::onemax::n=150::seed=498916944,onemax,bin,5000,0.0,HC(flips=2),HC,1,30,0.03333333333333333,0.0625,0.011572171420508382,0.14470806252004567,2.5,2.5,0.0,6.0
BIN::onemax::n=150::seed=498916944,onemax,bin,5000,0.0,"SA(T0=1.0,alpha=0.995,flips=1)",SA,30,30,1.0,0.96875,0.907363503855665,0.9979622263307105,0.0,0.0,0.0,0.0
BIN::onemax::n=150::seed=498916944,onemax,bin,5000,0.0,"SA(T0=2.0,alpha=0.99,flips=1)",SA,30,30,1.0,0.96875,0.9088324766591194,0.9982174073907674,0.0,0.0,0.0,0.0
BIN::onemax::n=150::seed=498916944,onemax,bin,5000,0.0,"SA(T0=2.0,alpha=0.995,flips=2)",SA,3,30,0.1,0.125,0.04865760628284669,0.2336325621461509,2.5,3.0,0.0,5.0
BIN::onemax::n=150::seed=498916944,onemax,bin,5000,0.0,"GA(pop=50,pc=0.9,pm=0.02)",GA,0,30,0.0,0.03125,0.0014753087097657473,0.09426741189496492,19.733333333333334,20.0,16.0,23.0
BIN::onemax::n=150::seed=498916944,onemax,bin,5000,0.0,"GA(pop=50,pc=0.9,pm=0.05)",GA,0,30,0.0,0.03125,0.0013098426876906983,0.09258148981869371,35.833333333333336,36.0,30.0,39.0
BIN::onemax::n=150::seed=498916944,onemax,bin,5000,0.0,"GA(pop=100,pc=0.9,pm=0.02)",GA,0,30,0.0,0.03125,0.0018650486253432006,0.09230548215511507,21.433333333333334,22.0,18.0,25.0
BIN::onemax::n=150::seed=498916944,onemax,bin,5000,0.0,TABU(tenure=7),TABU,0,30,0.0,0.03125,0.0015974553415982991,0.09437982983101856,5.233333333333333,5.5,2.0,8.0
BIN::onemax::n=150::seed=498916944,onemax,bin,5000,0.0,"UMDA(pop=50,elite=0.2)",UMDA,30,30,1.0,0.96875,0.9091144629688498,0.9982998206001361,0.0,0.0,0.0,0.0
BIN::onemax::n=150::seed=498916944,onemax,bin,5000,0.0,"UMDA(pop=100,elite=0.2)",UMDA,30,30,1.0,0.96875,0.9101440137108682,0.9982458456509494,0.0,0.0,0.0,0.0
BIN::onemax::n=150::seed=498916944,onemax,bin,5000,0.0,TABU(tenure=12),TABU,1,30,0.03333333333333333,0.0625,0.012136779713884637,0.14336787440012963,6.966666666666667,7.0,0.0,12.0
BIN::onemax::n=50::seed=839124848,onemax,bin,5000,0.0,RS_BIN,RS_BIN,0,30,0.0,0.03125,0.0018178583488323975,0.09237805738146324,12.4,13.0,8.0,14.0
BIN::onemax::n=50::seed=839124848,onemax,bin,5000,0.0,HC(flips=1),HC,30,30,1.0,0.96875,0.910501102746108,0.9985932454112474,0.0,0.0,0.0,0.0
BIN::onemax::n=50::seed=839124848,onemax,bin,5000,0.0,HC(flips=2),HC,14,30,0.4666666666666667,0.46875,0.3242719290200108,0.6145451020203722,0.5333333333333333,1.0,0.0,1.0
BIN::onemax::n=50::seed=839124848,onemax,bin,5000,0.0,"SA(T0=1.0,alpha=0.995,flips=1)",SA,30,30,1.0,0.96875,0.9065942454032017,0.9983054070984649,0.0,0.0,0.0,0.0
BIN::onemax::n=50::seed=839124848,onemax,bin,5000,0.0,"SA(T0=2.0,alpha=0.99,flips=1)",SA,30,30,1.0,0.96875,0.9105442199811181,0.9984454403444757,0.0,0.0,0.0,0.0
BIN::onemax::n=50::seed=839124848,onemax,bin,5000,0.0,"SA(T0=2.0,alpha=0.995,flips=2)",SA,18,30,0.6,0.59375,0.4484746087870298,0.7378692301599042,0.4,0.0,0.0,1.0
BIN::onemax::n=50::seed=839124848,onemax,bin,5000,0.0,"GA(pop=50,pc=0.9,pm=0.02)",GA,30,30,1.0,0.96875,0.9064730852640224,0.9981490512901003,0.0,0.0,0.0,0.0
BIN::onemax::n=50::seed=839124848,onemax,bin,5000,0.0,"GA(pop=50,pc=0.9,pm=0.05)",GA,0,30,0.0,0.03125,0.0016353753749756372,0.09486152602537729,4.1,4.0,2.0,6.0
BIN::onemax::n=50::seed=839124848,onemax,bin,5000,0.0,"GA(pop=100,pc=0.9,pm=0.02)",GA,26,30,0.8666666666666667,0.84375,0.7267433653509278,0.9345860614335665,0.13333333333333333,0.0,0.0,1.0
BIN::onemax::n=50::seed=839124848,onemax,bin,5000,0.0,TABU(tenure=7),TABU,9,30,0.3,0.3125,0.1884504405594509,0.4522374266241589,0.8666666666666667,1.0,0.0,2.0
BIN::onemax::n=50::seed=839124848,onemax,bin,5000,0.0,"UMDA(pop=50,elite=0.2)",UMDA,30,30,1.0,0.96875,0.9101962820289525,0.9984109095630317,0.0,0.0,0.0,0.0
BIN::onemax::n=50::seed=839124848,onemax,bin,5000,0.0,"UMDA(pop=100,elite=0.2)",UMDA,30,30,1.0,0.96875,0.9114452408023919,0.9983030903181475,0.0,0.0,0.0,0.0
BIN::onemax::n=50::seed=839124848,onemax,bin,5000,0.0,TABU(tenure=12),TABU,2,30,0.06666666666666667,0.09375,0.0266923011096808,0.19149575271952793,1.5333333333333334,2.0,0.0,3.0
BIN::leadingones::n=50::seed=427221728,leadingones,bin,5000,0.0,RS_BIN,RS_BIN,0,30,0.0,0.03125,0.0014182905399454267,0.09353545390008157,37.8,38.0,34.0,41.0
BIN::leadingones::n=50::seed=427221728,leadingones,bin,5000,0.0,HC(flips=1),HC,30,30,1.0,0.96875,0.9118007289069345,0.9984896915872526,0.0,0.0,0.0,0.0
BIN::leadingones::n=50::seed=427221728,leadingones,bin,5000,0.0,HC(flips=2),HC,14,30,0.4666666666666667,0.46875,0.33162794931402323,0.6170068866353847,0.5333333333333333,1.0,0.0,1.0
BIN::leadingones::n=50::seed=427221728,leadingones,bin,5000,0.0,"SA(T0=1.0,alpha=0.995,flips=1)",SA,30,30,1.0,0.96875,0.9055889928792912,0.9982438855283629,0.0,0.0,0.0,0.0
BIN::leadingones::n=50::seed=427221728,leadingones,bin,5000,0.0,"SA(T0=2.0,alpha=0.99,flips=1)",SA,30,30,1.0,0.96875,0.9079366733295707,0.9981483813526786,0.0,0.0,0.0,0.0
BIN::leadingones::n=50::seed=427221728,leadingones,bin,5000,0.0,"SA(T0=2.0,alpha=0.995,flips=2)",SA,16,30,0.5333333333333333,0.53125,0.38344688934397153,0.6694217178080782,0.5333333333333333,0.0,0.0,2.0
BIN::leadingones::n=50::seed=427221728,leadingones,bin,5000,0.0,"GA(pop=50,pc=0.9,pm=0.02)",GA,0,30,0.0,0.03125,0.0019349068319068016,0.09808485709656718,19.166666666666668,19.5,10.0,27.0
BIN::leadingones::n=50::seed=427221728,leadingones,bin,5000,0.0,"GA(pop=50,pc=0.9,pm=0.05)",GA,0,30,0.0,0.03125,0.0014778604633601132,0.09190922562953184,30.0,30.0,22.0,33.0
BIN::leadingones::n=50::seed=427221728,leadingones,bin,5000,0.0,"GA(pop=100,pc=0.9,pm=0.02)",GA,0,30,0.0,0.03125,0.0016705833695136853,0.08741817597915813,23.766666666666666,24.0,18.0,30.0
BIN::leadingones::n=50::seed=427221728,leadingones,bin,5000,0.0,TABU(tenure=7),TABU,0,30,0.0,0.03125,0.0017745387047519625,0.08996090471910441,6.4,6.5,2.0,11.0
BIN::leadingones::n=50::seed=427221728,leadingones,bin,5000,0.0,"UMDA(pop=50,elite=0.2)",UMDA,27,30,0.9,0.875,0.7679328525412003,0.9564263387617136,0.5,0.0,0.0,9.0
BIN::leadingones::n=50::seed=427221728,leadingones,bin,5000,0.0,"UMDA(pop=100,elite=0.2)",UMDA,17,30,0.5666666666666667,0.5625,0.41498207724723174,0.7040762886387087,1.9,0.0,0.0,9.0
BIN::leadingones::n=50::seed=427221728,leadingones,bin,5000,0.0,TABU(tenure=12),TABU,1,30,0.03333333333333333,0.0625,0.011078546673425001,0.14101585166912917,11.566666666666666,12.0,0.0,15.0
BIN::trap5::n=50::seed=739246873,trap5,bin,5000,0.0,RS_BIN,RS_BIN,0,30,0.0,0.03125,0.0017334631826951008,0.09014430246041735,18.133333333333333,18.0,16.0,21.0
BIN::trap5::n=50::seed=739246873,trap5,bin,5000,0.0,HC(flips=1),HC,0,30,0.0,0.03125,0.001441564527495973,0.09281826030552744,9.3,10.0,7.0,10.0
BIN::trap5::n=50::seed=739246873,trap5,bin,5000,0.0,HC(flips=2),HC,0,30,0.0,0.03125,0.001531181734002408,0.0976423516578871,9.633333333333333,10.0,5.0,11.0
BIN::trap5::n=50::seed=739246873,trap5,bin,5000,0.0,"SA(T0=1.0,alpha=0.995,flips=1)",SA,0,30,0.0,0.03125,0.0019147395115669136,0.0892580355280662,9.033333333333333,9.0,7.0,10.0
BIN::trap5::n=50::seed=739246873,trap5,bin,5000,0.0,"SA(T0=2.0,alpha=0.99,flips=1)",SA,0,30,0.0,0.03125,0.0016386744930991595,0.09422295650434905,8.633333333333333,9.0,7.0,10.0
BIN::trap5::n=50::seed=739246873,trap5,bin,5000,0.0,"SA(T0=2.0,alpha=0.995,flips=2)",SA,0,30,0.0,0.03125,0.0016477756178680592,0.08557026169046707,8.3,9.0,5.0,11.0
BIN::trap5::n=50::seed=739246873,trap5,bin,5000,0.0,"GA(pop=50,pc=0.9,pm=0.02)",GA,0,30,0.0,0.03125,0.0018086736358160914,0.09055202407796971,6.9,7.0,3.0,9.0
BIN::trap5::n=50::seed=739246873,trap5,bin,5000,0.0,"GA(pop=50,pc=0.9,pm=0.05)",GA,0,30,0.0,0.03125,0.0013918782836280976,0.09411583071005061,12.766666666666667,13.0,10.0,14.0
BIN::trap5::n=50::seed=739246873,trap5,bin,5000,0.0,"GA(pop=100,pc=0.9,pm=0.02)",GA,0,30,0.0,0.03125,0.0015238087979223955,0.09477674911088493,6.833333333333333,7.0,4.0,9.0
BIN::trap5::n=50::seed=739246873,trap5,bin,5000,0.0,TABU(tenure=7),TABU,0,30,0.0,0.03125,0.0013616780636822646,0.09202820693174305,9.2,10.0,5.0,11.0
BIN::trap5::n=50::seed=739246873,trap5,bin,5000,0.0,"UMDA(pop=50,elite=0.2)",UMDA,0,30,0.0,0.03125,0.0014895043977602583,0.09415013569657198,9.333333333333334,10.0,8.0,10.0
BIN::trap5::n=50::seed=739246873,trap5,bin,5000,0.0,"UMDA(pop=100,elite=0.2)",UMDA,0,30,0.0,0.03125,0.001684184177296735,0.09628550047720506,9.833333333333334,10.0,9.0,10.0
BIN::trap5::n=50::seed=739246873,trap5,bin,5000,0.0,TABU(tenure=12),TABU,0,30,0.0,0.03125,0.0015328366059930644,0.08612338733122872,6.766666666666667,7.0,3.0,11.0
BIN::onemax::n=150::seed=923233963,onemax,bin,5000,0.0,RS_BIN,RS_BIN,0,30,0.0,0.03125,0.0018725277474896745,0.09076987224986266,53.13333333333333,53.0,48.0,56.0
BIN::onemax::n=150::seed=923233963,onemax,bin,5000,0.0,HC(flips=1),HC,30,30,1.0,0.96875,0.9067468783214986,0.9981947165805997,0.0,0.0,0.0,0.0
BIN::onemax::n=150::seed=923233963,onemax,bin,5000,0.0,HC(flips=2),HC,1,30,0.03333333333333333,0.0625,0.01054975505161836,0.14077598102039063,2.533333333333333,3.0,0.0,4.0
BIN::onemax::n=150::seed=923233963,onemax,bin,5000,0.0,"SA(T0=1.0,alpha=0.995,flips=1)",SA,30,30,1.0,0.96875,0.9079695787635047,0.9982710194839639,0.0,0.0,0.0,0.0
BIN::onemax::n=150::seed=923233963,onemax,bin,5000,0.0,"SA(T0=2.0,alpha=0.99,flips=1)",SA,30,30,1.0,0.96875,0.9065846318775487,0.9982867623870022,0.0,0.0,0.0,0.0
BIN::onemax::n=150::seed=923233963,onemax,bin,5000,0.0,"SA(T0=2.0,alpha=0.995,flips=2)",SA,0,30,0.0,0.03125,0.0014880829478571575,0.09567753060905264,2.466666666666667,2.5,1.0,5.0
BIN::onemax::n=150::seed=923233963,onemax,bin,5000,0.0,"GA(pop=50,pc=0.9,pm=0.02)",GA,0,30,0.0,0.03125,0.0017619162641992778,0.09356634864299757,20.0,20.0,17.0,23.0
BIN::onemax::n=150::seed=923233963,onemax,bin,5000,0.0,"GA(pop=50,pc=0.9,pm=0.05)",GA,0,30,0.0,0.03125,0.0016507940905730021,0.09260764100292299,34.9,35.0,27.0,39.0
BIN::onemax::n=150::seed=923233963,onemax,bin,5000,0.0,"GA(pop=100,pc=0.9,pm=0.02)",GA,0,30,0.0,0.03125,0.0015836692279151457,0.08394948337933102,21.133333333333333,21.0,17.0,25.0
BIN::onemax::n=150::seed=923233963,onemax,bin,5000,0.0,TABU(tenure=7),TABU,0,30,0.0,0.03125,0.0016919058401854816,0.09121510079714946,5.233333333333333,5.0,2.0,9.0
BIN::onemax::n=150::seed=923233963,onemax,bin,5000,0.0,"UMDA(pop=50,elite=0.2)",UMDA,30,30,1.0,0.96875,0.9105131568698808,0.9982564853116965,0.0,0.0,0.0,0.0
BIN::onemax::n=150::seed=923233963,onemax,bin,5000,0.0,"UMDA(pop=100,elite=0.2)",UMDA,30,30,1.0,0.96875,0.9134697552931115,0.9985836482160101,0.0,0.0,0.0,0.0
BIN::onemax::n=150::seed=923233963,onemax,bin,5000,0.0,TABU(tenure=12),TABU,0,30,0.0,0.03125,0.0016985021232460524,0.09291881332814218,7.066666666666666,7.5,2.0,11.0
BIN::onemax::n=50::seed=598392107,onemax,bin,5000,0.0,RS_BIN,RS_BIN,0,30,0.0,0.03125,0.002166772475815004,0.09048175196646335,12.133333333333333,12.0,10.0,14.0
BIN::onemax::n=50::seed=598392107,onemax,bin,5000,0.0,HC(flips=1),HC,30,30,1.0,0.96875,0.9088866763402054,0.9983981433517751,0.0,0.0,0.0,0.0
BIN::onemax::n=50::seed=598392107,onemax,bin,5000,0.0,HC(flips=2),HC,19,30,0.6333333333333333,0.625,0.48076672105797663,0.7591371798267587,0.4,0.0,0.0,2.0
BIN::onemax::n=50::seed=598392107,onemax,bin,5000,0.0,"SA(T0=1.0,alpha=0.995,flips=1)",SA,30,30,1.0,0.96875,0.9083063147935551,0.9984750279128235,0.0,0.0,0.0,0.0
BIN::onemax::n=50::seed=598392107,onemax,bin,5000,0.0,"SA(T0=2.0,alpha=0.99,flips=1)",SA,30,30,1.0,0.96875,0.909432013781398,0.9981929826820928,0.0,0.0,0.0,0.0
BIN::onemax::n=50::seed=598392107,onemax,bin,5000,0.0,"SA(T0=2.0,alpha=0.995,flips=2)",SA,15,30,0.5,0.5,0.35645687249161,0.6511098361156675,0.5333333333333333,0.5,0.0,2.0
BIN::onemax::n=50::seed=598392107,onemax,bin,5000,0.0,"GA(pop=50,pc=0.9,pm=0.02)",GA,30,30,1.0,0.96875,0.9046358216014396,0.9982541052291879,0.0,0.0,0.0,0.0
BIN::onemax::n=50::seed=598392107,onemax,bin,5000,0.0,"GA(pop=50,pc=0.9,pm=0.05)",GA,0,30,0.0,0.03125,0.0015389951574330798,0.09154822798992887,4.033333333333333,4.0,3.0,5.0
BIN::onemax::n=50::seed=598392107,onemax,bin,5000,0.0,"GA(pop=100,pc=0.9,pm=0.02)",GA,27,30,0.9,0.875,0.7656389475213489,0.9535845928923674,0.1,0.0,0.0,1.0
BIN::onemax::n=50::seed=598392107,onemax,bin,5000,0.0,TABU(tenure=7),TABU,8,30,0.26666666666666666,0.28125,0.16492637210090527,0.41577942658616784,1.1,1.0,0.0,2.0
BIN::onemax::n=50::seed=598392107,onemax,bin,5000,0.0,"UMDA(pop=50,elite=0.2)",UMDA,30,30,1.0,0.96875,0.9060608588063596,0.9982730548911585,0.0,0.0,0.0,0.0
BIN::onemax::n=50::seed=598392107,onemax,bin,5000,0.0,"UMDA(pop=100,elite=0.2)",UMDA,30,30,1.0,0.96875,0.9082142356433476,0.9981195952200954,0.0,0.0,0.0,0.0
BIN::onemax::n=50::seed=598392107,onemax,bin,5000,0.0,TABU(tenure=12),TABU,2,30,0.06666666666666667,0.09375,0.02771983746310531,0.18872803717890468,2.1333333333333333,2.0,0.0,4.0
BIN::knapsack01::n=150::seed=739972999,knapsack01,bin,5000,0.0,RS_BIN,RS_BIN,0,30,0.0,0.03125,0.0015003879455144377,0.09475566443142204,1615.7666666666667,1644.5,1383.0,1756.0
BIN::knapsack01::n=150::seed=739972999,knapsack01,bin,5000,0.0,HC(flips=1),HC,0,30,0.0,0.03125,0.0017555198645103774,0.08975553794766075,1265.1,1250.5,882.0,1699.0
BIN::knapsack01::n=150::seed=739972999,knapsack01,bin,5000,0.0,HC(flips=2),HC,0,30,0.0,0.03125,0.0016160694250307052,0.08819254787711929,90.0,91.0,60.0,150.0
BIN::knapsack01::n=150::seed=739972999,knapsack01,bin,5000,0.0,"SA(T0=1.0,alpha=0.995,flips=1)",SA,0,30,0.0,0.03125,0.001758862830953269,0.09105630209649689,1283.4,1252.5,909.0,1874.0
BIN::knapsack01::n=150::seed=739972999,knapsack01,bin,5000,0.0,"SA(T0=2.0,alpha=0.99,flips=1)",SA,0,30,0.0,0.03125,0.0016437204222971105,0.09552389387715085,1277.2333333333333,1287.5,775.0,1646.0
BIN::knapsack01::n=150::seed=739972999,knapsack01,bin,5000,0.0,"SA(T0=2.0,alpha=0.995,flips=2)",SA,0,30,0.0,0.03125,0.0018074453892410701,0.09191349388177215,90.96666666666667,90.0,29.0,175.0
BIN::knapsack01::n=150::seed=739972999,knapsack01,bin,5000,0.0,"GA(pop=50,pc=0.9,pm=0.02)",GA,0,30,0.0,0.03125,0.001722226983841322,0.09070893223129103,666.6666666666666,656.0,559.0,871.0
BIN::knapsack01::n=150::seed=739972999,knapsack01,bin,5000,0.0,"GA(pop=50,pc=0.9,pm=0.05)",GA,0,30,0.0,0.03125,0.0017989436138754053,0.08928660309422992,1144.8,1146.5,952.0,1269.0
BIN::knapsack01::n=150::seed=739972999,knapsack01,bin,5000,0.0,"GA(pop=100,pc=0.9,pm=0.02)",GA,0,30,0.0,0.03125,0.0016984497183577562,0.09368116763701098,757.1666666666666,762.0,612.0,886.0
BIN::knapsack01::n=150::seed=739972999,knapsack01,bin,5000,0.0,TABU(tenure=7),TABU,0,30,0.0,0.03125,0.0016358193064165375,0.08898367835284827,200.76666666666668,198.5,131.0,281.0
BIN::knapsack01::n=150::seed=739972999,knapsack01,bin,5000,0.0,"UMDA(pop=50,elite=0.2)",UMDA,0,30,0.0,0.03125,0.0015192285801473601,0.09008355901776109,67.93333333333334,60.5,16.0,150.0
BIN::knapsack01::n=150::seed=739972999,knapsack01,bin,5000,0.0,"UMDA(pop=100,elite=0.2)",UMDA,0,30,0.0,0.03125,0.0017619145468617617,0.08623706616999435,51.8,42.5,21.0,126.0
BIN::knapsack01::n=150::seed=739972999,knapsack01,bin,5000,0.0,TABU(tenure=12),TABU,0,30,0.0,0.03125,0.001636728294329409,0.0939863608628096,242.7,241.5,134.0,311.0
BIN::leadingones::n=50::seed=805135989,leadingones,bin,5000,0.0,RS_BIN,RS_BIN,0,30,0.0,0.03125,0.001458824102612041,0.08809982706477426,37.1,37.0,33.0,40.0
BIN::leadingones::n=50::seed=805135989,leadingones,bin,5000,0.0,HC(flips=1),HC,30,30,1.0,0.96875,0.9029198643155699,0.9983904927340097,0.0,0.0,0.0,0.0
BIN::leadingones::n=50::seed=805135989,leadingones,bin,5000,0.0,HC(flips=2),HC,18,30,0.6,0.59375,0.44700717476575696,0.7323187084079507,0.4,0.0,0.0,1.0
BIN::leadingones::n=50::seed=805135989,leadingones,bin,5000,0.0,"SA(T0=1.0,alpha=0.995,flips=1)",SA,30,30,1.0,0.96875,0.9104294418763508,0.9985376830350643,0.0,0.0,0.0,0.0
BIN::leadingones::n=50::seed=805135989,leadingones,bin,5000,0.0,"SA(T0=2.0,alpha=0.99,flips=1)",SA,30,30,1.0,0.96875,0.910654158069883,0.9982235152588342,0.0,0.0,0.0,0.0
BIN::leadingones::n=50::seed=805135989,leadingones,bin,5000,0.0,"SA(T0=2.0,alpha=0.995,flips=2)",SA,10,30,0.3333333333333333,0.34375,0.2114675883064574,0.4872791765739462,0.7333333333333333,1.0,0.0,2.0
BIN::leadingones::n=50::seed=805135989,leadingones,bin,5000,0.0,"GA(pop=50,pc=0.9,pm=0.02)",GA,0,30,0.0,0.03125,0.0016269083709403367,0.09179209899740677,19.366666666666667,20.0,10.0,25.0
BIN::leadingones::n=50::seed=805135989,leadingones,bin,5000,0.0,"GA(pop=50,pc=0.9,pm=0.05)",GA,0,30,0.0,0.03125,0.001444333460556661,0.10038672619604504,28.3,29.0,21.0,32.0
BIN::leadingones::n=50::seed=805135989,leadingones,bin,5000,0.0,"GA(pop=100,pc=0.9,pm=0.02)",GA,0,30,0.0,0.03125,0.001744971317185369,0.09624749033710289,22.966666666666665,24.0,15.0,32.0
BIN::leadingones::n=50::seed=805135989,leadingones,bin,5000,0.0,TABU(tenure=7),TABU,1,30,0.03333333333333333,0.0625,0.011669374976332263,0.14014333300630075,6.766666666666667,7.0,0.0,11.0
BIN::leadingones::n=50::seed=805135989,leadingones,bin,5000,0.0,"UMDA(pop=50,elite=0.2)",UMDA,29,30,0.9666666666666667,0.9375,0.8534027661602557,0.9885214452538058,0.16666666666666666,0.0,0.0,5.0
BIN::leadingones::n=50::seed=805135989,leadingones,bin,5000,0.0,"UMDA(pop=100,elite=0.2)",UMDA,18,30,0.6,0.59375,0.4453300541479229,0.7306330068269189,2.6666666666666665,0.0,0.0,16.0
BIN::leadingones::n=50::seed=805135989,leadingones,bin,5000,0.0,TABU(tenure=12),TABU,0,30,0.0,0.03125,0.001444132329295648,0.09007804023626927,11.1,12.0,5.0,16.0
BIN::onemax::n=100::seed=680876739,onemax,bin,5000,0.0,RS_BIN,RS_BIN,0,30,0.0,0.03125,0.002025638462692025,0.09145819797116418,31.866666666666667,32.0,29.0,34.0
BIN::onemax::n=100::seed=680876739,onemax,bin,5000,0.0,HC(flips=1),HC,30,30,1.0,0.96875,0.9051404289882525,0.9984739480341107,0.0,0.0,0.0,0.0
BIN::onemax::n=100::seed=680876739,onemax,bin,5000,0.0,HC(flips=2),HC,5,30,0.16666666666666666,0.1875,0.08824326942733353,0.3065002926460511,1.2,1.0,0.0,4.0
BIN::onemax::n=100::seed=680876739,onemax,bin,5000,0.0,"SA(T0=1.0,alpha=0.995,flips=1)",SA,30,30,1.0,0.96875,0.9051914058763999,0.9982012925265606,0.0,0.0,0.0,0.0
BIN::onemax::n=100::seed=680876739,onemax,bin,5000,0.0,"SA(T0=2.0,alpha=0.99,flips=1)",SA,30,30,1.0,0.96875,0.9052630728291282,0.9983385116095608,0.0,0.0,0.0,0.0
BIN::onemax::n=100::seed=680876739,onemax,bin,5000,0.0,"SA(T0=2.0,alpha=0.995,flips=2)",SA,5,30,0.16666666666666666,0.1875,0.09015727359342862,0.3126521806502446,1.3333333333333333,1.0,0.0,3.0
BIN::onemax::n=100::seed=680876739,onemax,bin,5000,0.0,"GA(pop=50,pc=0.9,pm=0.02)",GA,0,30,0.0,0.03125,0.001445162637863381,0.08940890092528093,7.233333333333333,7.0,4.0,10.0
BIN::onemax::n=100::seed=680876739,onemax,bin,5000,0.0,"GA(pop=50,pc=0.9,pm=0.05)",GA,0,30,0.0,0.03125,0.0014592093887235988,0.0959923274152004,18.266666666666666,19.0,14.0,20.0
BIN::onemax::n=100::seed=680876739,onemax,bin,5000,0.0,"GA(pop=100,pc=0.9,pm=0.02)",GA,0,30,0.0,0.03125,0.001423469392606251,0.0917811579391102,8.2,8.0,5.0,10.0
BIN::onemax::n=100::seed=680876739,onemax,bin,5000,0.0,TABU(tenure=7),TABU,0,30,0.0,0.03125,0.0015619057438444246,0.09288785964710686,3.2,3.0,1.0,5.0
BIN::onemax::n=100::seed=680876739,onemax,bin,5000,0.0,"UMDA(pop=50,elite=0.2)",UMDA,30,30,1.0,0.96875,0.9105487314888367,0.9985089467227592,0.0,0.0,0.0,0.0
BIN::onemax::n=100::seed=680876739,onemax,bin,5000,0.0,"UMDA(pop=100,elite=0.2)",UMDA,30,30,1.0,0.96875,0.9085573636614026,0.9984548861249644,0.0,0.0,0.0,0.0
BIN::onemax::n=100::seed=680876739,onemax,bin,5000,0.0,TABU(tenure=12),TABU,0,30,0.0,0.03125,0.0015777751511481838,0.08962163482901418,4.1,4.0,1.0,7.0
BIN::trap5::n=50::seed=17962035,trap5,bin,5000,0.0,RS_BIN,RS_BIN,0,30,0.0,0.03125,0.0018102516562985011,0.09215089244494426,17.933333333333334,18.0,15.0,20.0
BIN::trap5::n=50::seed=17962035,trap5,bin,5000,0.0,HC(flips=1),HC,0,30,0.0,0.03125,0.0014915425740879545,0.09206140143143865,9.366666666666667,9.0,7.0,10.0
BIN::trap5::n=50::seed=17962035,trap5,bin,5000,0.0,HC(flips=2),HC,0,30,0.0,0.03125,0.0016887944148379413,0.09063323106325553,9.4,9.0,6.0,11.0
BIN::trap5::n=50::seed=17962035,trap5,bin,5000,0.0,"SA(T0=1.0,alpha=0.995,flips=1)",SA,0,30,0.0,0.03125,0.0014332469502674632,0.09177656051293516,8.8,9.0,7.0,10.0
BIN::trap5::n=50::seed=17962035,trap5,bin,5000,0.0,"SA(T0=2.0,alpha=0.99,flips=1)",SA,0,30,0.0,0.03125,0.0017312341451157067,0.09294123694020844,8.966666666666667,9.0,7.0,10.0
BIN::trap5::n=50::seed=17962035,trap5,bin,5000,0.0,"SA(T0=2.0,alpha=0.995,flips=2)",SA,0,30,0.0,0.03125,0.0014091231215918164,0.09117079088898074,8.3,8.5,6.0,11.0
BIN::trap5::n=50::seed=17962035,trap5,bin,5000,0.0,"GA(pop=50,pc=0.9,pm=0.02)",GA,0,30,0.0,0.03125,0.0013230766814582263,0.09158300934277652,6.733333333333333,7.0,4.0,9.0
BIN::trap5::n=50::seed=17962035,trap5,bin,5000,0.0,"GA(pop=50,pc=0.9,pm=0.05)",GA,0,30,0.0,0.03125,0.0014813492293310152,0.08985492562974512,12.3,12.0,9.0,15.0
BIN::trap5::n=50::seed=17962035,trap5,bin,5000,0.0,"GA(pop=100,pc=0.9,pm=0.02)",GA,0,30,0.0,0.03125,0.00157579516079363,0.09277101170502546,6.766666666666667,6.5,4.0,10.0
BIN::trap5::n=50::seed=17962035,trap5,bin,5000,0.0,TABU(tenure=7),TABU,0,30,0.0,0.03125,0.0021252161679449003,0.08981387664247795,8.966666666666667,9.5,4.0,11.0
BIN::trap5::n=50::seed=17962035,trap5,bin,5000,0.0,"UMDA(pop=50,elite=0.2)",UMDA,0,30,0.0,0.03125,0.0015848032205745398,0.09433997058925137,9.666666666666666,10.0,8.0,10.0
BIN::trap5::n=50::seed=17962035,trap5,bin,5000,0.0,"UMDA(pop=100,elite=0.2)",UMDA,0,30,0.0,0.03125,0.0014485012855676514,0.09270149773594989,9.766666666666667,10.0,9.0,10.0
BIN::trap5::n=50::seed=17962035,trap5,bin,5000,0.0,TABU(tenure=12),TABU,0,30,0.0,0.03125,0.0015310511934932933,0.09074196238506348,7.766666666666667,8.0,4.0,12.0
BIN::leadingones::n=100::seed=939863473,leadingones,bin,5000,0.0,RS_BIN,RS_BIN,0,30,0.0,0.03125,0.0016945789933182887,0.09177521324796728,87.1,87.0,82.0,90.0
BIN::leadingones::n=100::seed=939863473,leadingones,bin,5000,0.0,HC(flips=1),HC,13,30,0.43333333333333335,0.4375,0.3009559000774141,0.5824280617666118,6.833333333333333,2.0,0.0,27.0
BIN::leadingones::n=100::seed=939863473,leadingones,bin,5000,0.0,HC(flips=2),HC,0,30,0.0,0.03125,0.0016218122236133928,0.09182818984830818,16.4,16.0,8.0,26.0
BIN::leadingones::n=100::seed=939863473,leadingones,bin,5000,0.0,"SA(T0=1.0,alpha=0.995,flips=1)",SA,14,30,0.4666666666666667,0.46875,0.3274568764997093,0.6091180183260719,6.666666666666667,1.0,0.0,24.0
BIN::leadingones::n=100::seed=939863473,leadingones,bin,5000,0.0,"SA(T0=2.0,alpha=0.99,flips=1)",SA,11,30,0.36666666666666664,0.375,0.23953775739138192,0.5263221733908734,8.433333333333334,4.0,0.0,31.0
BIN::leadingones::n=100::seed=939863473,leadingones,bin,5000,0.0,"SA(T0=2.0,alpha=0.995,flips=2)",SA,0,30,0.0,0.03125,0.001791643874700973,0.09010767782329396,14.6,13.0,5.0,30.0
BIN::leadingones::n=100::seed=939863473,leadingones,bin,5000,0.0,"GA(pop=50,pc=0.9,pm=0.02)",GA,0,30,0.0,0.03125,0.0017569769091163282,0.09078510959064032,70.9,71.0,64.0,76.0
BIN::leadingones::n=100::seed=939863473,leadingones,bin,5000,0.0,"GA(pop=50,pc=0.9,pm=0.05)",GA,0,30,0.0,0.03125,0.001913736240943934,0.09045897362801292,79.3,79.0,71.0,84.0
BIN::leadingones::n=100::seed=939863473,leadingones,bin,5000,0.0,"GA(pop=100,pc=0.9,pm=0.02)",GA,0,30,0.0,0.03125,0.001750641850617561,0.09360926683509221,74.03333333333333,73.5,66.0,81.0
BIN::leadingones::n=100::seed=939863473,leadingones,bin,5000,0.0,TABU(tenure=7),TABU,0,30,0.0,0.03125,0.0017382717853945753,0.0921539453946843,26.666666666666668,27.0,17.0,39.0
BIN::leadingones::n=100::seed=939863473,leadingones,bin,5000,0.0,"UMDA(pop=50,elite=0.2)",UMDA,0,30,0.0,0.03125,0.0016850920761718904,0.09280590880854306,38.3,38.0,11.0,62.0
BIN::leadingones::n=100::seed=939863473,leadingones,bin,5000,0.0,"UMDA(pop=100,elite=0.2)",UMDA,0,30,0.0,0.03125,0.0014163243035921957,0.09646404484941422,44.8,44.5,30.0,61.0
BIN::leadingones::n=100::seed=939863473,leadingones,bin,5000,0.0,TABU(tenure=12),TABU,0,30,0.0,0.03125,0.001454388101416218,0.09513024417194643,32.7,32.5,19.0,50.0
BIN::trap5::n=150::seed=493178950,trap5,bin,5000,0.0,RS_BIN,RS_BIN,0,30,0.0,0.03125,0.0016451733562979725,0.09400440100101841,73.8,74.0,70.0,77.0
BIN::trap5::n=150::seed=493178950,trap5,bin,5000,0.0,HC(flips=1),HC,0,30,0.0,0.03125,0.0017607685261096357,0.09232442614757792,28.4,29.0,26.0,30.0
BIN::trap5::n=150::seed=493178950,trap5,bin,5000,0.0,HC(flips=2),HC,0,30,0.0,0.03125,0.0015929307153189315,0.090835564431848,29.3,29.0,24.0,34.0
BIN::trap5::n=150::seed=493178950,trap5,bin,5000,0.0,"SA(T0=1.0,alpha=0.995,flips=1)",SA,0,30,0.0,0.03125,0.0014992699623834031,0.09363810738692942,27.8,28.0,25.0,30.0
BIN::trap5::n=150::seed=493178950,trap5,bin,5000,0.0,"SA(T0=2.0,alpha=0.99,flips=1)",SA,0,30,0.0,0.03125,0.0016018438305742892,0.08937216869972264,27.166666666666668,27.0,24.0,30.0
BIN::trap5::n=150::seed=493178950,trap5,bin,5000,0.0,"SA(T0=2.0,alpha=0.995,flips=2)",SA,0,30,0.0,0.03125,0.0015990403515989,0.0938978722209251,26.833333333333332,27.0,23.0,32.0
BIN::trap5::n=150::seed=493178950,trap5,bin,5000,0.0,"GA(pop=50,pc=0.9,pm=0.02)",GA,0,30,0.0,0.03125,0.0014842372279631581,0.09195681982448474,46.86666666666667,47.0,42.0,51.0
BIN::trap5::n=150::seed=493178950,trap5,bin,5000,0.0,"GA(pop=50,pc=0.9,pm=0.05)",GA,0,30,0.0,0.03125,0.0016403466752712805,0.09376142122368722,62.333333333333336,62.5,59.0,66.0
BIN::trap5::n=150::seed=493178950,trap5,bin,5000,0.0,"GA(pop=100,pc=0.9,pm=0.02)",GA,0,30,0.0,0.03125,0.0016263844780346334,0.08849326980625084,47.766666666666666,48.0,43.0,54.0
BIN::trap5::n=150::seed=493178950,trap5,bin,5000,0.0,TABU(tenure=7),TABU,0,30,0.0,0.03125,0.0017781159385278898,0.09272864591579866,31.7,32.0,27.0,35.0
BIN::trap5::n=150::seed=493178950,trap5,bin,5000,0.0,"UMDA(pop=50,elite=0.2)",UMDA,0,30,0.0,0.03125,0.0016406200392688457,0.08711256761219104,27.366666666666667,28.0,23.0,30.0
BIN::trap5::n=150::seed=493178950,trap5,bin,5000,0.0,"UMDA(pop=100,elite=0.2)",UMDA,0,30,0.0,0.03125,0.0017624828698739928,0.09006477029585752,29.066666666666666,29.0,26.0,30.0
BIN::trap5::n=150::seed=493178950,trap5,bin,5000,0.0,TABU(tenure=12),TABU,0,30,0.0,0.03125,0.001992397334997906,0.09477948912885388,33.166666666666664,33.0,28.0,38.0
BIN::knapsack01::n=50::seed=946330684,knapsack01,bin,5000,0.0,RS_BIN,RS_BIN,0,30,0.0,0.03125,0.0016147168990520268,0.0943162247149113,366.6,370.5,299.0,429.0
BIN::knapsack01::n=50::seed=946330684,knapsack01,bin,5000,0.0,HC(flips=1),HC,0,30,0.0,0.03125,0.0014183014024407598,0.08742657190859295,344.0,350.0,205.0,482.0
BIN::knapsack01::n=50::seed=946330684,knapsack01,bin,5000,0.0,HC(flips=2),HC,0,30,0.0,0.03125,0.0014881843158991669,0.09114939555139064,30.133333333333333,30.0,2.0,75.0
BIN::knapsack01::n=50::seed=946330684,knapsack01,bin,5000,0.0,"SA(T0=1.0,alpha=0.995,flips=1)",SA,0,30,0.0,0.03125,0.0015926628136549742,0.09126273790194944,344.7,359.5,163.0,621.0
BIN::knapsack01::n=50::seed=946330684,knapsack01,bin,5000,0.0,"SA(T0=2.0,alpha=0.99,flips=1)",SA,0,30,0.0,0.03125,0.0016334771946617636,0.0908570648608079,337.56666666666666,341.5,114.0,545.0
BIN::knapsack01::n=50::seed=946330684,knapsack01,bin,5000,0.0,"SA(T0=2.0,alpha=0.995,flips=2)",SA,0,30,0.0,0.03125,0.0016198926204896056,0.0884583205184448,29.533333333333335,29.5,8.0,58.0
BIN::knapsack01::n=50::seed=946330684,knapsack01,bin,5000,0.0,"GA(pop=50,pc=0.9,pm=0.02)",GA,0,30,0.0,0.03125,0.0016857034382265922,0.09012445788718339,43.333333333333336,40.0,27.0,66.0
BIN::knapsack01::n=50::seed=946330684,knapsack01,bin,5000,0.0,"GA(pop=50,pc=0.9,pm=0.05)",GA,0,30,0.0,0.03125,0.0015578325553398634,0.09607869466388162,142.23333333333332,145.5,47.0,195.0
BIN::knapsack01::n=50::seed=946330684,knapsack01,bin,5000,0.0,"GA(pop=100,pc=0.9,pm=0.02)",GA,0,30,0.0,0.03125,0.001363188289684051,0.0880899043245008,53.833333333333336,49.5,29.0,118.0
BIN::knapsack01::n=50::seed=946330684,knapsack01,bin,5000,0.0,TABU(tenure=7),TABU,0,30,0.0,0.03125,0.0016412268870123292,0.08688140471890296,34.96666666666667,36.0,13.0,59.0
BIN::knapsack01::n=50::seed=946330684,knapsack01,bin,5000,0.0,"UMDA(pop=50,elite=0.2)",UMDA,1,30,0.03333333333333333,0.0625,0.011322576701659743,0.142140629531314,25.8,31.5,0.0,68.0
BIN::knapsack01::n=50::seed=946330684,knapsack01,bin,5000,0.0,"UMDA(pop=100,elite=0.2)",UMDA,1,30,0.03333333333333333,0.0625,0.01127849769732094,0.14418564457402774,16.566666666666666,15.5,0.0,59.0
BIN::knapsack01::n=50::seed=946330684,knapsack01,bin,5000,0.0,TABU(tenure=12),TABU,0,30,0.0,0.03125,0.0014947942782197585,0.09238866501365584,53.3,56.5,29.0,74.0
BIN::onemax::n=50::seed=315182747,onemax,bin,5000,0.0,RS_BIN,RS_BIN,0,30,0.0,0.03125,0.0013645215610194068,0.08917894977984575,12.3,12.0,10.0,14.0
BIN::onemax::n=50::seed=315182747,onemax,bin,5000,0.0,HC(flips=1),HC,30,30,1.0,0.96875,0.907082208039495,0.9984826565308605,0.0,0.0,0.0,0.0
BIN::onemax::n=50::seed=315182747,onemax,bin,5000,0.0,HC(flips=2),HC,14,30,0.4666666666666667,0.46875,0.32036893458570564,0.617774700170885,0.5333333333333333,1.0,0.0,1.0
BIN::onemax::n=50::seed=315182747,onemax,bin,5000,0.0,"SA(T0=1.0,alpha=0.995,flips=1)",SA,30,30,1.0,0.96875,0.9087593080281364,0.9978957793217691,0.0,0.0,0.0,0.0
BIN::onemax::n=50::seed=315182747,onemax,bin,5000,0.0,"SA(T0=2.0,alpha=0.99,flips=1)",SA,30,30,1.0,0.96875,0.8993227692474014,0.9982198693529818,0.0,0.0,0.0,0.0
BIN::onemax::n=50::seed=315182747,onemax,bin,5000,0.0,"SA(T0=2.0,alpha=0.995,flips=2)",SA,18,30,0.6,0.59375,0.4579476750393325,0.7252023624857218,0.4666666666666667,0.0,0.0,2.0
BIN::onemax::n=50::seed=315182747,onemax,bin,5000,0.0,"GA(pop=50,pc=0.9,pm=0.02)",GA,30,30,1.0,0.96875,0.9185685891863656,0.9982349899406909,0.0,0.0,0.0,0.0
BIN::onemax::n=50::seed=315182747,onemax,bin,5000,0.0,"GA(pop=50,pc=0.9,pm=0.05)",GA,0,30,0.0,0.03125,0.0015774089850200883,0.08862972965991418,4.133333333333334,4.0,2.0,6.0
BIN::onemax::n=50::seed=315182747,onemax,bin,5000,0.0,"GA(pop=100,pc=0.9,pm=0.02)",GA,29,30,0.9666666666666667,0.9375,0.8595512813401651,0.9880984743945324,0.03333333333333333,0.0,0.0,1.0
BIN::onemax::n=50::seed=315182747,onemax,bin,5000,0.0,TABU(tenure=7),TABU,4,30,0.13333333333333333,0.15625,0.06884578793153678,0.2792970821077165,1.1,1.0,0.0,2.0
BIN::onemax::n=50::seed=315182747,onemax,bin,5000,0.0,"UMDA(pop=50,elite=0.2)",UMDA,30,30,1.0,0.96875,0.9046550421057624,0.9987044188680718,0.0,0.0,0.0,0.0
BIN::onemax::n=50::seed=315182747,onemax,bin,5000,0.0,"UMDA(pop=100,elite=0.2)",UMDA,30,30,1.0,0.96875,0.9039314611808468,0.9984165936718469,0.0,0.0,0.0,0.0
BIN::onemax::n=50::seed=315182747,onemax,bin,5000,0.0,TABU(tenure=12),TABU,2,30,0.06666666666666667,0.09375,0.0269590915766786,0.18975082614283445,1.7666666666666666,2.0,0.0,3.0
BIN::leadingones::n=100::seed=404167253,leadingones,bin,5000,0.0,RS_BIN,RS_BIN,0,30,0.0,0.03125,0.0017247251088917217,0.08795092688072387,87.73333333333333,88.0,84.0,91.0
BIN::leadingones::n=100::seed=404167253,leadingones,bin,5000,0.0,HC(flips=1),HC,16,30,0.5333333333333333,0.53125,0.38116648529752223,0.6664369383716208,8.633333333333333,0.0,0.0,36.0
BIN::leadingones::n=100::seed=404167253,leadingones,bin,5000,0.0,HC(flips=2),HC,0,30,0.0,0.03125,0.0014285221445514665,0.09536215852753266,13.333333333333334,12.5,3.0,29.0
BIN::leadingones::n=100::seed=404167253,leadingones,bin,5000,0.0,"SA(T0=1.0,alpha=0.995,flips=1)",SA,10,30,0.3333333333333333,0.34375,0.21506043360850782,0.4907461663200044,8.333333333333334,6.0,0.0,26.0
BIN::leadingones::n=100::seed=404167253,leadingones,bin,5000,0.0,"SA(T0=2.0,alpha=0.99,flips=1)",SA,18,30,0.6,0.59375,0.4529947120327674,0.7260601136605438,5.533333333333333,0.0,0.0,32.0
BIN::leadingones::n=100::seed=404167253,leadingones,bin,5000,0.0,"SA(T0=2.0,alpha=0.995,flips=2)",SA,0,30,0.0,0.03125,0.0018439198144288417,0.09262580889262924,12.633333333333333,13.0,2.0,24.0
BIN::leadingones::n=100::seed=404167253,leadingones,bin,5000,0.0,"GA(pop=50,pc=0.9,pm=0.02)",GA,0,30,0.0,0.03125,0.0017888198517985842,0.09647671958630206,69.1,69.0,56.0,78.0
BIN::leadingones::n=100::seed=404167253,leadingones,bin,5000,0.0,"GA(pop=50,pc=0.9,pm=0.05)",GA,0,30,0.0,0.03125,0.0015437138112092588,0.09361629303287354,79.13333333333334,80.0,74.0,82.0
BIN::leadingones::n=100::seed=404167253,leadingones,bin,5000,0.0,"GA(pop=100,pc=0.9,pm=0.02)",GA,0,30,0.0,0.03125,0.0017516265287972432,0.09163467350560761,74.53333333333333,74.0,68.0,82.0
BIN::leadingones::n=100::seed=404167253,leadingones,bin,5000,0.0,TABU(tenure=7),TABU,0,30,0.0,0.03125,0.0017208742826505996,0.09830308272998738,26.533333333333335,26.5,16.0,47.0
BIN::leadingones::n=100::seed=404167253,leadingones,bin,5000,0.0,"UMDA(pop=50,elite=0.2)",UMDA,0,30,0.0,0.03125,0.001946396386533062,0.08978989843557075,39.733333333333334,40.0,27.0,55.0
BIN::leadingones::n=100::seed=404167253,leadingones,bin,5000,0.0,"UMDA(pop=100,elite=0.2)",UMDA,0,30,0.0,0.03125,0.0018349904284295801,0.09268610608194883,45.96666666666667,44.5,33.0,63.0
BIN::leadingones::n=100::seed=404167253,leadingones,bin,5000,0.0,TABU(tenure=12),TABU,0,30,0.0,0.03125,0.0013952460452396666,0.09048888201587584,32.13333333333333,31.5,23.0,40.0
BIN::leadingones::n=150::seed=941005994,leadingones,bin,5000,0.0,RS_BIN,RS_BIN,0,30,0.0,0.03125,0.0016782988818993764,0.09323816868298812,136.93333333333334,137.0,133.0,140.0
BIN::leadingones::n=150::seed=941005994,leadingones,bin,5000,0.0,HC(flips=1),HC,0,30,0.0,0.03125,0.0016815324814211455,0.08924482362251614,81.16666666666667,82.5,45.0,106.0
BIN::leadingones::n=150::seed=941005994,leadingones,bin,5000,0.0,HC(flips=2),HC,0,30,0.0,0.03125,0.0017112239742564281,0.09559045567599941,59.43333333333333,58.0,40.0,90.0
BIN::leadingones::n=150::seed=941005994,leadingones,bin,5000,0.0,"SA(T0=1.0,alpha=0.995,flips=1)",SA,0,30,0.0,0.03125,0.0015340626905402828,0.09428531811059383,83.16666666666667,85.5,53.0,107.0
BIN::leadingones::n=150::seed=941005994,leadingones,bin,5000,0.0,"SA(T0=2.0,alpha=0.99,flips=1)",SA,0,30,0.0,0.03125,0.0015868758534215229,0.0993944570441449,82.16666666666667,81.0,44.0,112.0
BIN::leadingones::n=150::seed=941005994,leadingones,bin,5000,0.0,"SA(T0=2.0,alpha=0.995,flips=2)",SA,0,30,0.0,0.03125,0.0016970382530508879,0.09027601493603757,64.86666666666666,64.5,30.0,86.0
BIN::leadingones::n=150::seed=941005994,leadingones,bin,5000,0.0,"GA(pop=50,pc=0.9,pm=0.02)",GA,0,30,0.0,0.03125,0.0023307652770897924,0.09305568065111318,119.86666666666666,120.5,112.0,126.0
BIN::leadingones::n=150::seed=941005994,leadingones,bin,5000,0.0,"GA(pop=50,pc=0.9,pm=0.05)",GA,0,30,0.0,0.03125,0.0020132398547427406,0.09690280112511529,129.13333333333333,129.0,126.0,132.0
BIN::leadingones::n=150::seed=941005994,leadingones,bin,5000,0.0,"GA(pop=100,pc=0.9,pm=0.02)",GA,0,30,0.0,0.03125,0.0014932115508852015,0.08978772426618414,124.9,125.0,120.0,132.0
BIN::leadingones::n=150::seed=941005994,leadingones,bin,5000,0.0,TABU(tenure=7),TABU,0,30,0.0,0.03125,0.001814547987753267,0.08977071293324264,83.43333333333334,83.0,54.0,112.0
BIN::leadingones::n=150::seed=941005994,leadingones,bin,5000,0.0,"UMDA(pop=50,elite=0.2)",UMDA,0,30,0.0,0.03125,0.0016269896285044535,0.08717976697212418,88.3,91.0,62.0,104.0
BIN::leadingones::n=150::seed=941005994,leadingones,bin,5000,0.0,"UMDA(pop=100,elite=0.2)",UMDA,0,30,0.0,0.03125,0.0014581492536784413,0.08787034672131651,97.93333333333334,97.0,88.0,108.0
BIN::leadingones::n=150::seed=941005994,leadingones,bin,5000,0.0,TABU(tenure=12),TABU,0,30,0.0,0.03125,0.0016438385054593613,0.08891019993391286,82.16666666666667,83.0,54.0,109.0
BIN::leadingones::n=100::seed=935888545,leadingones,bin,5000,0.0,RS_BIN,RS_BIN,0,30,0.0,0.03125,0.0017449178369435695,0.0889651835701333,87.2,87.5,79.0,90.0
BIN::leadingones::n=100::seed=935888545,leadingones,bin,5000,0.0,HC(flips=1),HC,15,30,0.5,0.5,0.36173040315306315,0.6513449525689212,5.7,0.5,0.0,23.0
BIN::leadingones::n=100::seed=935888545,leadingones,bin,5000,0.0,HC(flips=2),HC,1,30,0.03333333333333333,0.0625,0.012196843316841004,0.142288369980719,12.566666666666666,12.0,0.0,21.0
BIN::leadingones::n=100::seed=935888545,leadingones,bin,5000,0.0,"SA(T0=1.0,alpha=0.995,flips=1)",SA,14,30,0.4666666666666667,0.46875,0.3203088856298072,0.6110441491863187,10.466666666666667,6.0,0.0,54.0
BIN::leadingones::n=100::seed=935888545,leadingones,bin,5000,0.0,"SA(T0=2.0,alpha=0.99,flips=1)",SA,10,30,0.3333333333333333,0.34375,0.2133718342965502,0.4842529425040804,8.666666666666666,9.0,0.0,31.0
BIN::leadingones::n=100::seed=935888545,leadingones,bin,5000,0.0,"SA(T0=2.0,alpha=0.995,flips=2)",SA,0,30,0.0,0.03125,0.0016658651910702997,0.09001479955816719,14.766666666666667,14.5,6.0,24.0
BIN::leadingones::n=100::seed=935888545,leadingones,bin,5000,0.0,"GA(pop=50,pc=0.9,pm=0.02)",GA,0,30,0.0,0.03125,0.0012743545094445507,0.08936246216514748,70.16666666666667,70.0,62.0,76.0
BIN::leadingones::n=100::seed=935888545,leadingones,bin,5000,0.0,"GA(pop=50,pc=0.9,pm=0.05)",GA,0,30,0.0,0.03125,0.001681004493519486,0.09629009054259831,79.53333333333333,80.0,74.0,83.0
BIN::leadingones::n=100::seed=935888545,leadingones,bin,5000,0.0,"GA(pop=100,pc=0.9,pm=0.02)",GA,0,30,0.0,0.03125,0.0019320144129712667,0.09655498717898589,75.43333333333334,75.0,68.0,81.0
BIN::leadingones::n=100::seed=935888545,leadingones,bin,5000,0.0,TABU(tenure=7),TABU,0,30,0.0,0.03125,0.001762065836747087,0.09090735240422962,26.733333333333334,26.5,16.0,38.0
BIN::leadingones::n=100::seed=935888545,leadingones,bin,5000,0.0,"UMDA(pop=50,elite=0.2)",UMDA,0,30,0.0,0.03125,0.001676351590968718,0.0913719981069051,39.06666666666667,39.5,16.0,52.0
BIN::leadingones::n=100::seed=935888545,leadingones,bin,5000,0.0,"UMDA(pop=100,elite=0.2)",UMDA,0,30,0.0,0.03125,0.0018499517412345376,0.08932780234826987,48.733333333333334,48.5,34.0,61.0
BIN::leadingones::n=100::seed=935888545,leadingones,bin,5000,0.0,TABU(tenure=12),TABU,0,30,0.0,0.03125,0.0017060880921165662,0.08913599796138011,30.333333333333332,30.0,17.0,45.0
BIN::knapsack01::n=100::seed=314319628,knapsack01,bin,5000,0.0,RS_BIN,RS_BIN,0,30,0.0,0.03125,0.0019442183136133496,0.09427434113927198,991.8666666666667,1006.5,713.0,1094.0
BIN::knapsack01::n=100::seed=314319628,knapsack01,bin,5000,0.0,HC(flips=1),HC,0,30,0.0,0.03125,0.0018677954925005564,0.08615341086317618,764.6,782.5,475.0,1030.0
BIN::knapsack01::n=100::seed=314319628,knapsack01,bin,5000,0.0,HC(flips=2),HC,0,30,0.0,0.03125,0.0015540581356217336,0.09872955861418409,35.3,30.5,10.0,110.0
BIN::knapsack01::n=100::seed=314319628,knapsack01,bin,5000,0.0,"SA(T0=1.0,alpha=0.995,flips=1)",SA,0,30,0.0,0.03125,0.001614055958718282,0.08704666323252686,724.9333333333333,704.5,450.0,1332.0
BIN::knapsack01::n=100::seed=314319628,knapsack01,bin,5000,0.0,"SA(T0=2.0,alpha=0.99,flips=1)",SA,0,30,0.0,0.03125,0.0016803847873952372,0.08850298027081385,741.3,684.5,509.0,1050.0
BIN::knapsack01::n=100::seed=314319628,knapsack01,bin,5000,0.0,"SA(T0=2.0,alpha=0.995,flips=2)",SA,0,30,0.0,0.03125,0.0014115371473403448,0.08701149450053211,44.43333333333333,40.0,19.0,86.0
BIN::knapsack01::n=100::seed=314319628,knapsack01,bin,5000,0.0,"GA(pop=50,pc=0.9,pm=0.02)",GA,0,30,0.0,0.03125,0.001420527610002833,0.09227832668572154,305.1,308.0,240.0,400.0
BIN::knapsack01::n=100::seed=314319628,knapsack01,bin,5000,0.0,"GA(pop=50,pc=0.9,pm=0.05)",GA,0,30,0.0,0.03125,0.0019699601987479306,0.08541633422713833,614.9666666666667,623.5,496.0,696.0
BIN::knapsack01::n=100::seed=314319628,knapsack01,bin,5000,0.0,"GA(pop=100,pc=0.9,pm=0.02)",GA,0,30,0.0,0.03125,0.0015432698496403309,0.09395366027246603,355.1333333333333,356.5,231.0,428.0
BIN::knapsack01::n=100::seed=314319628,knapsack01,bin,5000,0.0,TABU(tenure=7),TABU,0,30,0.0,0.03125,0.0018272727996825463,0.08742848618708385,120.4,118.0,71.0,181.0
BIN::knapsack01::n=100::seed=314319628,knapsack01,bin,5000,0.0,"UMDA(pop=50,elite=0.2)",UMDA,0,30,0.0,0.03125,0.0015780534368879378,0.09589681443618413,86.6,76.0,25.0,182.0
BIN::knapsack01::n=100::seed=314319628,knapsack01,bin,5000,0.0,"UMDA(pop=100,elite=0.2)",UMDA,0,30,0.0,0.03125,0.0016630582277927454,0.08654745425722285,41.13333333333333,42.0,8.0,76.0
BIN::knapsack01::n=100::seed=314319628,knapsack01,bin,5000,0.0,TABU(tenure=12),TABU,0,30,0.0,0.03125,0.0017859660840212717,0.08813837128622985,141.96666666666667,143.5,79.0,224.0
BIN::trap5::n=150::seed=877446483,trap5,bin,5000,0.0,RS_BIN,RS_BIN,0,30,0.0,0.03125,0.001510300794854396,0.09119074421917396,74.23333333333333,75.0,67.0,77.0
BIN::trap5::n=150::seed=877446483,trap5,bin,5000,0.0,HC(flips=1),HC,0,30,0.0,0.03125,0.00179666766642521,0.09115245484840609,28.266666666666666,28.0,25.0,30.0
BIN::trap5::n=150::seed=877446483,trap5,bin,5000,0.0,HC(flips=2),HC,0,30,0.0,0.03125,0.001575691393878532,0.08943047435956612,29.133333333333333,29.5,25.0,32.0
BIN::trap5::n=150::seed=877446483,trap5,bin,5000,0.0,"SA(T0=1.0,alpha=0.995,flips=1)",SA,0,30,0.0,0.03125,0.0016722315734907477,0.08939294925697332,27.633333333333333,28.0,25.0,30.0
BIN::trap5::n=150::seed=877446483,trap5,bin,5000,0.0,"SA(T0=2.0,alpha=0.99,flips=1)",SA,0,30,0.0,0.03125,0.0017379876243586233,0.08987825014765584,27.3,27.0,25.0,29.0
BIN::trap5::n=150::seed=877446483,trap5,bin,5000,0.0,"SA(T0=2.0,alpha=0.995,flips=2)",SA,0,30,0.0,0.03125,0.0016780950050332454,0.09426612238255798,27.533333333333335,28.0,23.0,30.0
BIN::trap5::n=150::seed=877446483,trap5,bin,5000,0.0,"GA(pop=50,pc=0.9,pm=0.02)",GA,0,30,0.0,0.03125,0.0015933270149880543,0.09101994800787333,47.166666666666664,47.0,40.0,51.0
BIN::trap5::n=150::seed=877446483,trap5,bin,5000,0.0,"GA(pop=50,pc=0.9,pm=0.05)",GA,0,30,0.0,0.03125,0.0015488417931782531,0.08989519193981967,62.96666666666667,63.0,59.0,66.0
BIN::trap5::n=150::seed=877446483,trap5,bin,5000,0.0,"GA(pop=100,pc=0.9,pm=0.02)",GA,0,30,0.0,0.03125,0.0016667707943423353,0.09391328961035439,48.0,48.0,44.0,52.0
BIN::trap5::n=150::seed=877446483,trap5,bin,5000,0.0,TABU(tenure=7),TABU,0,30,0.0,0.03125,0.0015649300902647293,0.08913557331586344,32.53333333333333,33.0,28.0,37.0
BIN::trap5::n=150::seed=877446483,trap5,bin,5000,0.0,"UMDA(pop=50,elite=0.2)",UMDA,0,30,0.0,0.03125,0.0015404542658468768,0.08912396312203469,28.033333333333335,28.0,25.0,30.0
BIN::trap5::n=150::seed=877446483,trap5,bin,5000,0.0,"UMDA(pop=100,elite=0.2)",UMDA,0,30,0.0,0.03125,0.0013575647162208902,0.09572145081667005,28.666666666666668,29.0,26.0,30.0
BIN::trap5::n=150::seed=877446483,trap5,bin,5000,0.0,TABU(tenure=12),TABU,0,30,0.0,0.03125,0.0017543559731275742,0.093275744783913,33.56666666666667,33.0,29.0,37.0
BIN::onemax::n=50::seed=531544579,onemax,bin,5000,0.0,RS_BIN,RS_BIN,0,30,0.0,0.03125,0.0017281706709039815,0.09121083341708054,11.866666666666667,12.0,8.0,14.0
BIN::onemax::n=50::seed=531544579,onemax,bin,5000,0.0,HC(flips=1),HC,30,30,1.0,0.96875,0.9092085960699785,0.9982694897958722,0.0,0.0,0.0,0.0
BIN::onemax::n=50::seed=531544579,onemax,bin,5000,0.0,HC(flips=2),HC,15,30,0.5,0.5,0.3547262933964651,0.6484947870985639,0.5,0.5,0.0,1.0
BIN::onemax::n=50::seed=531544579,onemax,bin,5000,0.0,"SA(T0=1.0,alpha=0.995,flips=1)",SA,30,30,1.0,0.96875,0.9079979032373608,0.9984437706855216,0.0,0.0,0.0,0.0
BIN::onemax::n=50::seed=531544579,onemax,bin,5000,0.0,"SA(T0=2.0,alpha=0.99,flips=1)",SA,30,30,1.0,0.96875,0.9078008353415472,0.9986443766131704,0.0,0.0,0.0,0.0
BIN::onemax::n=50::seed=531544579,onemax,bin,5000,0.0,"SA(T0=2.0,alpha=0.995,flips=2)",SA,16,30,0.5333333333333333,0.53125,0.3911623064594902,0.6679464904727302,0.5333333333333333,0.0,0.0,2.0
BIN::onemax::n=50::seed=531544579,onemax,bin,5000,0.0,"GA(pop=50,pc=0.9,pm=0.02)",GA,30,30,1.0,0.96875,0.9105876765818312,0.9983636260017091,0.0,0.0,0.0,0.0
BIN::onemax::n=50::seed=531544579,onemax,bin,5000,0.0,"GA(pop=50,pc=0.9,pm=0.05)",GA,0,30,0.0,0.03125,0.0017976242071168886,0.09223692846395892,3.933333333333333,4.0,2.0,5.0
BIN::onemax::n=50::seed=531544579,onemax,bin,5000,0.0,"GA(pop=100,pc=0.9,pm=0.02)",GA,27,30,0.9,0.875,0.7649243855923537,0.9554857027999604,0.1,0.0,0.0,1.0
BIN::onemax::n=50::seed=531544579,onemax,bin,5000,0.0,TABU(tenure=7),TABU,5,30,0.16666666666666666,0.1875,0.08795949476431546,0.30444396104308297,1.0,1.0,0.0,2.0
BIN::onemax::n=50::seed=531544579,onemax,bin,5000,0.0,"UMDA(pop=50,elite=0.2)",UMDA,30,30,1.0,0.96875,0.9074015058528522,0.9982392108291761,0.0,0.0,0.0,0.0
BIN::onemax::n=50::seed=531544579,onemax,bin,5000,0.0,"UMDA(pop=100,elite=0.2)",UMDA,30,30,1.0,0.96875,0.912683986409552,0.9982182314870816,0.0,0.0,0.0,0.0
BIN::onemax::n=50::seed=531544579,onemax,bin,5000,0.0,TABU(tenure=12),TABU,0,30,0.0,0.03125,0.00154122727664262,0.0946245845095858,1.8,2.0,1.0,4.0
BIN::knapsack01::n=100::seed=245094050,knapsack01,bin,5000,0.0,RS_BIN,RS_BIN,0,30,0.0,0.03125,0.0015772127322527716,0.08924371357707288,1004.8333333333334,1020.0,831.0,1152.0
BIN::knapsack01::n=100::seed=245094050,knapsack01,bin,5000,0.0,HC(flips=1),HC,0,30,0.0,0.03125,0.0018012676944900998,0.08938767689230774,983.2,1040.5,463.0,1396.0
BIN::knapsack01::n=100::seed=245094050,knapsack01,bin,5000,0.0,HC(flips=2),HC,0,30,0.0,0.03125,0.0016459096122696801,0.09454467974891681,42.96666666666667,45.0,8.0,103.0
BIN::knapsack01::n=100::seed=245094050,knapsack01,bin,5000,0.0,"SA(T0=1.0,alpha=0.995,flips=1)",SA,0,30,0.0,0.03125,0.001641173906158661,0.09503222656050929,950.5333333333333,936.5,503.0,1347.0
BIN::knapsack01::n=100::seed=245094050,knapsack01,bin,5000,0.0,"SA(T0=2.0,alpha=0.99,flips=1)",SA,0,30,0.0,0.03125,0.0015654540514495538,0.08656065170475316,975.8,1001.5,618.0,1369.0
BIN::knapsack01::n=100::seed=245094050,knapsack01,bin,5000,0.0,"SA(T0=2.0,alpha=0.995,flips=2)",SA,0,30,0.0,0.03125,0.0017155805162616848,0.09362909988338722,48.2,43.5,11.0,113.0
BIN::knapsack01::n=100::seed=245094050,knapsack01,bin,5000,0.0,"GA(pop=50,pc=0.9,pm=0.02)",GA,0,30,0.0,0.03125,0.0012976870891637628,0.09814819491557354,353.76666666666665,348.5,224.0,472.0
BIN::knapsack01::n=100::seed=245094050,knapsack01,bin,5000,0.0,"GA(pop=50,pc=0.9,pm=0.05)",GA,0,30,0.0,0.03125,0.001617547145998045,0.0893311914983485,641.8666666666667,644.0,519.0,735.0
BIN::knapsack01::n=100::seed=245094050,knapsack01,bin,5000,0.0,"GA(pop=100,pc=0.9,pm=0.02)",GA,0,30,0.0,0.03125,0.001782140686184494,0.08736426195244433,376.8666666666667,393.0,260.0,479.0
BIN::knapsack01::n=100::seed=245094050,knapsack01,bin,5000,0.0,TABU(tenure=7),TABU,0,30,0.0,0.03125,0.0015518472496219252,0.09308022762163744,132.86666666666667,139.0,52.0,184.0
BIN::knapsack01::n=100::seed=245094050,knapsack01,bin,5000,0.0,"UMDA(pop=50,elite=0.2)",UMDA,0,30,0.0,0.03125,0.001683790690974238,0.09373137867003103,83.7,93.5,10.0,149.0
BIN::knapsack01::n=100::seed=245094050,knapsack01,bin,5000,0.0,"UMDA(pop=100,elite=0.2)",UMDA,0,30,0.0,0.03125,0.0015429951001138603,0.08613085943447958,33.333333333333336,34.0,2.0,91.0
BIN::knapsack01::n=100::seed=245094050,knapsack01,bin,5000,0.0,TABU(tenure=12),TABU,0,30,0.0,0.03125,0.0012701595835935668,0.09057533615576738,162.6,160.0,91.0,228.0
BIN::knapsack01::n=50::seed=302088004,knapsack01,bin,5000,0.0,RS_BIN,RS_BIN,0,30,0.0,0.03125,0.0016843330800598124,0.08840324535997704,363.8,361.5,290.0,434.0
BIN::knapsack01::n=50::seed=302088004,knapsack01,bin,5000,0.0,HC(flips=1),HC,0,30,0.0,0.03125,0.0016492982715160106,0.09461584727409669,404.53333333333336,438.5,129.0,668.0
BIN::knapsack01::n=50::seed=302088004,knapsack01,bin,5000,0.0,HC(flips=2),HC,0,30,0.0,0.03125,0.0018393441087494202,0.09099727707603526,33.3,29.0,5.0,89.0
BIN::knapsack01::n=50::seed=302088004,knapsack01,bin,5000,0.0,"SA(T0=1.0,alpha=0.995,flips=1)",SA,0,30,0.0,0.03125,0.0016569159727489007,0.09657182530885673,406.6,406.5,214.0,653.0
BIN::knapsack01::n=50::seed=302088004,knapsack01,bin,5000,0.0,"SA(T0=2.0,alpha=0.99,flips=1)",SA,0,30,0.0,0.03125,0.0018142639921930992,0.09550298762806415,452.06666666666666,431.0,214.0,663.0
BIN::knapsack01::n=50::seed=302088004,knapsack01,bin,5000,0.0,"SA(T0=2.0,alpha=0.995,flips=2)",SA,1,30,0.03333333333333333,0.0625,0.011488455648974737,0.14387132405397668,26.566666666666666,26.5,0.0,73.0
BIN::knapsack01::n=50::seed=302088004,knapsack01,bin,5000,0.0,"GA(pop=50,pc=0.9,pm=0.02)",GA,0,30,0.0,0.03125,0.0016588488104401203,0.0895929437342611,47.2,47.0,18.0,83.0
BIN::knapsack01::n=50::seed=302088004,knapsack01,bin,5000,0.0,"GA(pop=50,pc=0.9,pm=0.05)",GA,0,30,0.0,0.03125,0.001311757915485844,0.09362296667438072,153.86666666666667,149.0,106.0,211.0
BIN::knapsack01::n=50::seed=302088004,knapsack01,bin,5000,0.0,"GA(pop=100,pc=0.9,pm=0.02)",GA,0,30,0.0,0.03125,0.001542536572124017,0.09244350258855014,57.266666666666666,56.0,14.0,101.0
BIN::knapsack01::n=50::seed=302088004,knapsack01,bin,5000,0.0,TABU(tenure=7),TABU,0,30,0.0,0.03125,0.0016318624072161547,0.09325286420685874,40.333333333333336,41.5,13.0,65.0
BIN::knapsack01::n=50::seed=302088004,knapsack01,bin,5000,0.0,"UMDA(pop=50,elite=0.2)",UMDA,0,30,0.0,0.03125,0.001375435230049595,0.09001032386509558,38.56666666666667,32.5,10.0,81.0
BIN::knapsack01::n=50::seed=302088004,knapsack01,bin,5000,0.0,"UMDA(pop=100,elite=0.2)",UMDA,2,30,0.06666666666666667,0.09375,0.02483784564607244,0.18530735530908451,21.133333333333333,18.5,0.0,49.0
BIN::knapsack01::n=50::seed=302088004,knapsack01,bin,5000,0.0,TABU(tenure=12),TABU,0,30,0.0,0.03125,0.0016031421361529196,0.09284061744257675,63.233333333333334,66.0,25.0,103.0
"CONT::rosenbrock::d=5::b=(-10.0,10.0)::seed=641458220",rosenbrock,cont,5000,0.01,RS_CONT,RS_CONT,0,30,0.0,0.03125,0.0016557408117401707,0.09077980343293911,906.3194943248196,875.1524271993269,81.15463448957328,2785.810538808075
"CONT::rosenbrock::d=5::b=(-10.0,10.0)::seed=641458220",rosenbrock,cont,5000,0.01,HC_CONT(sigma=0.2),HC_CONT,0,30,0.0,0.03125,0.0014118379835619398,0.09221196660310184,16.626216478349424,1.640614211163822,0.5359045313844626,161.7546903132222
"CONT::rosenbrock::d=5::b=(-10.0,10.0)::seed=641458220",rosenbrock,cont,5000,0.01,"SA_CONT(sigma=0.3,T0=1.0,alpha=0.995)",SA_CONT,0,30,0.0,0.03125,0.0014982485532494705,0.09840365589940646,3.975678972124155,3.1901989410833016,0.49921454852558467,12.020685438077978
"CONT::rosenbrock::d=5::b=(-10.0,10.0)::seed=641458220",rosenbrock,cont,5000,0.01,"DE(pop=20,F=0.8,CR=0.9)",DE,26,30,0.8666666666666667,0.84375,0.7326479579650529,0.93450061808877,0.13339282649580406,0.00021447874439262414,5.38449123826863e-07,3.9308460952661006
"CONT::rosenbrock::d=5::b=(-10.0,10.0)::seed=641458220",rosenbrock,cont,5000,0.01,"DE(pop=40,F=0.8,CR=0.9)",DE,0,30,0.0,0.03125,0.001357570245811062,0.08891973474308648,1.2687237072165156,1.2258721855275518,0.3060442587059501,2.4916962545302623
"CONT::rosenbrock::d=5::b=(-10.0,10.0)::seed=641458220",rosenbrock,cont,5000,0.01,"PSO_STD(p=20,w=0.72,c1=1.49,c2=1.49)",PSO_STD,1,30,0.03333333333333333,0.0625,0.012502871465367535,0.14777970626750742,1.1476028225965984,0.3792713826295271,0.00041724843188702305,10.021682478365012
"CONT::rosenbrock::d=5::b=(-10.0,10.0)::seed=641458220",rosenbrock,cont,5000,0.01,"PSO_STD(p=40,w=0.72,c1=1.49,c2=1.49)",PSO_STD,0,30,0.0,0.03125,0.001590303876493683,0.09556130496399154,0.7103636547292076,0.6378278468071532,0.09660118802662805,3.1824522599025125
"CONT::rosenbrock::d=5::b=(-10.0,10.0)::seed=641458220",rosenbrock,cont,5000,0.01,"PSO_RING(p=20,ring,w=0.72,c1=1.49,c2=1.49)",PSO_RING,0,30,0.0,0.03125,0.0015491679888307722,0.09375929252446673,1.1038233503773178,0.9690219491963992,0.044013514763081796,4.307834147471863
"CONT::rosenbrock::d=5::b=(-10.0,10.0)::seed=641458220",rosenbrock,cont,5000,0.01,"PSO_RING(p=40,ring,w=0.72,c1=1.49,c2=1.49)",PSO_RING,1,30,0.03333333333333333,0.0625,0.011666438466563305,0.14240013796654336,0.9261521189888658,0.6546733710908238,0.0035106395890893245,2.643598136080721
"CONT::rosenbrock::d=5::b=(-10.0,10.0)::seed=641458220",rosenbrock,cont,5000,0.01,"ES_ML(mu=10,lam=40,sigma=0.3)",ES_ML,0,30,0.0,0.03125,0.0016041019136309252,0.08848447453048577,0.8553188034589881,0.7773774072197248,0.25986375317214605,3.2973086984336994
"CONT::rosenbrock::d=5::b=(-10.0,10.0)::seed=641458220",rosenbrock,cont,5000,0.01,"ES_ML(mu=20,lam=80,sigma=0.2)",ES_ML,0,30,0.0,0.03125,0.0014124659297002976,0.09405562597393141,8.867483284288605,2.3871784958006526,0.043317835779803825,199.55785955847603
"CONT::sphere::d=5::b=(-10.0,10.0)::seed=113708049",sphere,cont,5000,1e-06,RS_CONT,RS_CONT,0,30,0.0,0.03125,0.0015025744525490152,0.09215318473005069,5.828841226305792,6.36018358895453,0.41293757956686633,11.860851424890825
"CONT::sphere::d=5::b=(-10.0,10.0)::seed=113708049",sphere,cont,5000,1e-06,HC_CONT(sigma=0.2),HC_CONT,0,30,0.0,0.03125,0.0016316235901566638,0.09323751238243586,0.0035909099601880434,0.00356973108538195,0.0006621980240930864,0.007837705800644112
"CONT::sphere::d=5::b=(-10.0,10.0)::seed=113708049",sphere,cont,5000,1e-06,"SA_CONT(sigma=0.3,T0=1.0,alpha=0.995)",SA_CONT,0,30,0.0,0.03125,0.001537635789581774,0.09199942554197436,0.009379713202483457,0.009004889041809223,0.002352403639717616,0.019357309525869164
"CONT::sphere::d=5::b=(-10.0,10.0)::seed=113708049",sphere,cont,5000,1e-06,"DE(pop=20,F=0.8,CR=0.9)",DE,30,30,1.0,0.96875,0.9042047727177881,0.9985057819859224,1.1298250079403155e-12,5.232072499850938e-13,1.8111767417975362e-14,6.490657226714127e-12
"CONT::sphere::d=5::b=(-10.0,10.0)::seed=113708049",sphere,cont,5000,1e-06,"DE(pop=40,F=0.8,CR=0.9)",DE,0,30,0.0,0.03125,0.001905792764455524,0.09153217672394015,1.5078294432678947e-05,8.754995748871244e-06,1.7671281026750508e-06,5.90292292951165e-05
"CONT::sphere::d=5::b=(-10.0,10.0)::seed=113708049",sphere,cont,5000,1e-06,"PSO_STD(p=20,w=0.72,c1=1.49,c2=1.49)",PSO_STD,30,30,1.0,0.96875,0.908089944226583,0.9985223229716528,1.284115012051016e-17,2.9985143122994833e-18,5.978497177081452e-20,9.957142656326295e-17
"CONT::sphere::d=5::b=(-10.0,10.0)::seed=113708049",sphere,cont,5000,1e-06,"PSO_STD(p=40,w=0.72,c1=1.49,c2=1.49)",PSO_STD,30,30,1.0,0.96875,0.9126748045635829,0.9983750157785313,7.572289392241473e-10,4.270855594981345e-10,1.945121919652217e-11,5.499813063291007e-09
"CONT::sphere::d=5::b=(-10.0,10.0)::seed=113708049",sphere,cont,5000,1e-06,"PSO_RING(p=20,ring,w=0.72,c1=1.49,c2=1.49)",PSO_RING,30,30,1.0,0.96875,0.9047847778891068,0.998366815048625,7.505614063404478e-13,3.164588038162574e-13,5.382231165822002e-15,3.5560479240783613e-12
"CONT::sphere::d=5::b=(-10.0,10.0)::seed=113708049",sphere,cont,5000,1e-06,"PSO_RING(p=40,ring,w=0.72,c1=1.49,c2=1.49)",PSO_RING,18,30,0.6,0.59375,0.45187955028752297,0.7317450085751803,1.1570880096040985e-06,6.408817806913614e-07,5.939331469500495e-09,4.883710558957929e-06
"CONT::sphere::d=5::b=(-10.0,10.0)::seed=113708049",sphere,cont,5000,1e-06,"ES_ML(mu=10,lam=40,sigma=0.3)",ES_ML,0,30,0.0,0.03125,0.001733717777627039,0.09926972035999095,2.8055129349023332e-05,2.5233082854163025e-05,4.5416115769681505e-06,7.946743041909311e-05
"CONT::sphere::d=5::b=(-10.0,10.0)::seed=113708049",sphere,cont,5000,1e-06,"ES_ML(mu=20,lam=80,sigma=0.2)",ES_ML,0,30,0.0,0.03125,0.0016642743811070935,0.08668913219471644,0.0020720507723089913,0.001836429960176637,0.0003868251030568841,0.00574602147424807
"CONT::griewank::d=5::b=(-10.0,10.0)::seed=853457105",griewank,cont,5000,0.001,RS_CONT,RS_CONT,0,30,0.0,0.03125,0.0014513895759886402,0.0919285800712546,0.13700721777364297,0.1280722607087641,0.0618033995605447,0.2319778157396607
"CONT::griewank::d=5::b=(-10.0,10.0)::seed=853457105",griewank,cont,5000,0.001,HC_CONT(sigma=0.2),HC_CONT,0,30,0.0,0.03125,0.0015667445231395108,0.08959994055361607,0.08483427886164861,0.044919785839518334,0.022626167234050976,0.7710084828466484
"CONT::griewank::d=5::b=(-10.0,10.0)::seed=853457105",griewank,cont,5000,0.001,"SA_CONT(sigma=0.3,T0=1.0,alpha=0.995)",SA_CONT,0,30,0.0,0.03125,0.0018253626950296136,0.09144106958946197,0.07588463042920983,0.051033443885834584,0.022575487018661522,0.20557927168272982
"CONT::griewank::d=5::b=(-10.0,10.0)::seed=853457105",griewank,cont,5000,0.001,"DE(pop=20,F=0.8,CR=0.9)",DE,0,30,0.0,0.03125,0.001451216195518291,0.0886830816378877,0.04966782562080807,0.03943605369734726,0.0077645775940767825,0.1417549872802023
"CONT::griewank::d=5::b=(-10.0,10.0)::seed=853457105",griewank,cont,5000,0.001,"DE(pop=40,F=0.8,CR=0.9)",DE,0,30,0.0,0.03125,0.001558993606728083,0.0882671749685356,0.1296363411240871,0.12654162688681858,0.08115339059840132,0.22623820687278073
"CONT::griewank::d=5::b=(-10.0,10.0)::seed=853457105",griewank,cont,5000,0.001,"PSO_STD(p=20,w=0.72,c1=1.49,c2=1.49)",PSO_STD,0,30,0.0,0.03125,0.0016808501297257408,0.09302186007142893,0.03956692683972503,0.03572620296005907,0.007396040334115006,0.18168117165448694
"CONT::griewank::d=5::b=(-10.0,10.0)::seed=853457105",griewank,cont,5000,0.001,"PSO_STD(p=40,w=0.72,c1=1.49,c2=1.49)",PSO_STD,0,30,0.0,0.03125,0.0013196625698979332,0.09116631374303792,0.03763416701221538,0.0332489743435459,0.007396041024353539,0.17424941078650136
"CONT::griewank::d=5::b=(-10.0,10.0)::seed=853457105",griewank,cont,5000,0.001,"PSO_RING(p=20,ring,w=0.72,c1=1.49,c2=1.49)",PSO_RING,2,30,0.06666666666666667,0.09375,0.025367291949665412,0.19589035744849476,0.021591895262295213,0.023411662713789083,1.4080123808657419e-05,0.04937398545768956
"CONT::griewank::d=5::b=(-10.0,10.0)::seed=853457105",griewank,cont,5000,0.001,"PSO_RING(p=40,ring,w=0.72,c1=1.49,c2=1.49)",PSO_RING,2,30,0.06666666666666667,0.09375,0.028975909402955847,0.19639594695181253,0.020505617862305436,0.02218944457820765,3.749600022362465e-06,0.038970935111430904
"CONT::griewank::d=5::b=(-10.0,10.0)::seed=853457105",griewank,cont,5000,0.001,"ES_ML(mu=10,lam=40,sigma=0.3)",ES_ML,0,30,0.0,0.03125,0.0017120245426083527,0.09331123153215093,0.04504122253237859,0.03325739658226701,0.009857817186040174,0.20383028169765238
"CONT::griewank::d=5::b=(-10.0,10.0)::seed=853457105",griewank,cont,5000,0.001,"ES_ML(mu=20,lam=80,sigma=0.2)",ES_ML,0,30,0.0,0.03125,0.0015193689512941508,0.08918076464575521,0.03611551918322951,0.0345562457326713,0.009895319536182612,0.07152154999832949
"CONT::rastrigin::d=10::b=(-5.0,5.0)::seed=107854859",rastrigin,cont,5000,0.001,RS_CONT,RS_CONT,0,30,0.0,0.03125,0.0016947218499156896,0.08816770375027394,72.52062374144906,71.77744135034035,61.19916508945214,85.1799123065864
"CONT::rastrigin::d=10::b=(-5.0,5.0)::seed=107854859",rastrigin,cont,5000,0.001,HC_CONT(sigma=0.2),HC_CONT,0,30,0.0,0.03125,0.0018439873711206408,0.08816473147456542,80.69657755340589,78.76006546201918,48.13791355719337,113.82437233310476
"CONT::rastrigin::d=10::b=(-5.0,5.0)::seed=107854859",rastrigin,cont,5000,0.001,"SA_CONT(sigma=0.3,T0=1.0,alpha=0.995)",SA_CONT,0,30,0.0,0.03125,0.0013941206635620824,0.09200035485890688,85.6279471619912,84.04435057975432,63.529315610874185,153.13807103630003
"CONT::rastrigin::d=10::b=(-5.0,5.0)::seed=107854859",rastrigin,cont,5000,0.001,"DE(pop=20,F=0.8,CR=0.9)",DE,0,30,0.0,0.03125,0.001972370967109779,0.08976231886167192,40.07697021854995,40.24501688157291,25.260652790972756,61.1368172624636
"CONT::rastrigin::d=10::b=(-5.0,5.0)::seed=107854859",rastrigin,cont,5000,0.001,"DE(pop=40,F=0.8,CR=0.9)",DE,0,30,0.0,0.03125,0.0017090536564191626,0.09141477237647153,58.787951753387354,59.96933935611396,36.59031406388775,71.2475934154017
"CONT::rastrigin::d=10::b=(-5.0,5.0)::seed=107854859",rastrigin,cont,5000,0.001,"PSO_STD(p=20,w=0.72,c1=1.49,c2=1.49)",PSO_STD,0,30,0.0,0.03125,0.0016204245398552283,0.0942755303261894,14.560873408939411,11.939675297035436,4.974801141496783,54.848702897781926
"CONT::rastrigin::d=10::b=(-5.0,5.0)::seed=107854859",rastrigin,cont,5000,0.001,"PSO_STD(p=40,w=0.72,c1=1.49,c2=1.49)",PSO_STD,0,30,0.0,0.03125,0.001558712105851486,0.08973900363602694,12.49449553538664,11.304020575920944,4.04534012426538,33.14505942339686
"CONT::rastrigin::d=10::b=(-5.0,5.0)::seed=107854859",rastrigin,cont,5000,0.001,"PSO_RING(p=20,ring,w=0.72,c1=1.49,c2=1.49)",PSO_RING,0,30,0.0,0.03125,0.0014818890685091635,0.09239080435742521,15.348825376377244,14.449720668542362,6.006331856735841,33.448739386181174
"CONT::rastrigin::d=10::b=(-5.0,5.0)::seed=107854859",rastrigin,cont,5000,0.001,"PSO_RING(p=40,ring,w=0.72,c1=1.49,c2=1.49)",PSO_RING,0,30,0.0,0.03125,0.0018517647772892246,0.09820416102299813,18.535032082032092,18.558986393808283,7.92222675980868,30.350590137546916
"CONT::rastrigin::d=10::b=(-5.0,5.0)::seed=107854859",rastrigin,cont,5000,0.001,"ES_ML(mu=10,lam=40,sigma=0.3)",ES_ML,0,30,0.0,0.03125,0.0017407577185338354,0.09513992967636735,24.97978630880304,23.384225320549767,6.971267446694597,54.727234381120475
"CONT::rastrigin::d=10::b=(-5.0,5.0)::seed=107854859",rastrigin,cont,5000,0.001,"ES_ML(mu=20,lam=80,sigma=0.2)",ES_ML,0,30,0.0,0.03125,0.0016701321229187355,0.09255256812369017,30.195139526100085,32.974710870315334,10.480490624987539,50.02113188980682
"CONT::rosenbrock::d=20::b=(-10.0,10.0)::seed=683836112",rosenbrock,cont,5000,0.01,RS_CONT,RS_CONT,0,30,0.0,0.03125,0.001614301527117319,0.09364230865237139,556730.1289664011,556810.3538006067,283384.0563292978,813021.9022846246
"CONT::rosenbrock::d=20::b=(-10.0,10.0)::seed=683836112",rosenbrock,cont,5000,0.01,HC_CONT(sigma=0.2),HC_CONT,0,30,0.0,0.03125,0.0015262107918321075,0.08830227708762187,77.47718121070372,50.442142843080575,32.27376638771044,272.5603130804918
"CONT::rosenbrock::d=20::b=(-10.0,10.0)::seed=683836112",rosenbrock,cont,5000,0.01,"SA_CONT(sigma=0.3,T0=1.0,alpha=0.995)",SA_CONT,0,30,0.0,0.03125,0.0017371841975845099,0.09287852325218356,116.14876691243502,97.88006344341048,54.738604276258044,275.593614665813
"CONT::rosenbrock::d=20::b=(-10.0,10.0)::seed=683836112",rosenbrock,cont,5000,0.01,"DE(pop=20,F=0.8,CR=0.9)",DE,0,30,0.0,0.03125,0.0019661349712956004,0.09653872327563702,1757.0885715935774,974.2802516260424,224.22242751304427,10266.98369686166
"CONT::rosenbrock::d=20::b=(-10.0,10.0)::seed=683836112",rosenbrock,cont,5000,0.01,"DE(pop=40,F=0.8,CR=0.9)",DE,0,30,0.0,0.03125,0.0017047134810385329,0.09361701724948339,150074.03465638304,147732.88258468302,50845.213895766,333509.1665948859
"CONT::rosenbrock::d=20::b=(-10.0,10.0)::seed=683836112",rosenbrock,cont,5000,0.01,"PSO_STD(p=20,w=0.72,c1=1.49,c2=1.49)",PSO_STD,0,30,0.0,0.03125,0.001365008066348125,0.09470605401393445,1162.2396116497064,70.82890021976257,12.828635162597338,10017.830126799841
"CONT::rosenbrock::d=20::b=(-10.0,10.0)::seed=683836112",rosenbrock,cont,5000,0.01,"PSO_STD(p=40,w=0.72,c1=1.49,c2=1.49)",PSO_STD,0,30,0.0,0.03125,0.0018679200343079089,0.09364542532108712,444.3826669991227,73.15512157555847,12.116211834841938,10078.114826909088
"CONT::rosenbrock::d=20::b=(-10.0,10.0)::seed=683836112",rosenbrock,cont,5000,0.01,"PSO_RING(p=20,ring,w=0.72,c1=1.49,c2=1.49)",PSO_RING,0,30,0.0,0.03125,0.001809059052987055,0.0954830368391567,121.43105782652843,74.14598908553565,23.319022018993003,908.2861517395291
"CONT::rosenbrock::d=20::b=(-10.0,10.0)::seed=683836112",rosenbrock,cont,5000,0.01,"PSO_RING(p=40,ring,w=0.72,c1=1.49,c2=1.49)",PSO_RING,0,30,0.0,0.03125,0.001309049226886653,0.09367038844197281,880.6975362562688,740.3960050113809,282.0271566287727,3951.415864856056
"CONT::rosenbrock::d=20::b=(-10.0,10.0)::seed=683836112",rosenbrock,cont,5000,0.01,"ES_ML(mu=10,lam=40,sigma=0.3)",ES_ML,0,30,0.0,0.03125,0.0016728764957189923,0.0950381802359851,67.81409998053984,22.984868005884692,17.96900480081632,711.1419078031347
"CONT::rosenbrock::d=20::b=(-10.0,10.0)::seed=683836112",rosenbrock,cont,5000,0.01,"ES_ML(mu=20,lam=80,sigma=0.2)",ES_ML,0,30,0.0,0.03125,0.0018444093273584897,0.08869275499623702,547.4036225690792,349.16049782018274,109.94886176261858,2286.786768707232
"CONT::rosenbrock::d=10::b=(-10.0,10.0)::seed=479014578",rosenbrock,cont,5000,0.01,RS_CONT,RS_CONT,0,30,0.0,0.03125,0.001740017138987883,0.09271505813172556,45187.86378992749,44420.773140754754,6445.535399095543,82920.70512001592
"CONT::rosenbrock::d=10::b=(-10.0,10.0)::seed=479014578",rosenbrock,cont,5000,0.01,HC_CONT(sigma=0.2),HC_CONT,0,30,0.0,0.03125,0.0016826507305214575,0.0924541678764012,18.51183728747786,12.001019957773288,6.9299871200006535,117.41969530681378
"CONT::rosenbrock::d=10::b=(-10.0,10.0)::seed=479014578",rosenbrock,cont,5000,0.01,"SA_CONT(sigma=0.3,T0=1.0,alpha=0.995)",SA_CONT,0,30,0.0,0.03125,0.0018604361429839019,0.09044664929690575,29.09732353711889,15.791850081103284,10.385623013380513,267.44373371993066
"CONT::rosenbrock::d=10::b=(-10.0,10.0)::seed=479014578",rosenbrock,cont,5000,0.01,"DE(pop=20,F=0.8,CR=0.9)",DE,0,30,0.0,0.03125,0.0017706534705583098,0.09071335943050043,8.744166711311737,8.659483405821797,5.0567966286808055,14.581557702133253
"CONT::rosenbrock::d=10::b=(-10.0,10.0)::seed=479014578",rosenbrock,cont,5000,0.01,"DE(pop=40,F=0.8,CR=0.9)",DE,0,30,0.0,0.03125,0.0016121769587724409,0.08933187829834362,584.632320304161,483.70968826298025,169.126881554475,1588.5696405892004
"CONT::rosenbrock::d=10::b=(-10.0,10.0)::seed=479014578",rosenbrock,cont,5000,0.01,"PSO_STD(p=20,w=0.72,c1=1.49,c2=1.49)",PSO_STD,1,30,0.03333333333333333,0.0625,0.012150976758394529,0.14144736571673208,71.22669358762822,5.709428105638054,0.0006989968143803073,997.7695580953763
"CONT::rosenbrock::d=10::b=(-10.0,10.0)::seed=479014578",rosenbrock,cont,5000,0.01,"PSO_STD(p=40,w=0.72,c1=1.49,c2=1.49)",PSO_STD,0,30,0.0,0.03125,0.0016889494592147347,0.08779597530935605,11.54366517246307,6.426903434190475,2.172995273800736,97.49294049705088
"CONT::rosenbrock::d=10::b=(-10.0,10.0)::seed=479014578",rosenbrock,cont,5000,0.01,"PSO_RING(p=20,ring,w=0.72,c1=1.49,c2=1.49)",PSO_RING,0,30,0.0,0.03125,0.0017014207289926468,0.09080455465682333,6.049439079016525,6.665641414661039,1.1381135850519593,9.392147931475298
"CONT::rosenbrock::d=10::b=(-10.0,10.0)::seed=479014578",rosenbrock,cont,5000,0.01,"PSO_RING(p=40,ring,w=0.72,c1=1.49,c2=1.49)",PSO_RING,0,30,0.0,0.03125,0.0016519842993345055,0.08978985359864124,15.590897464662683,10.899083912896051,3.36919638487651,62.70546451439993
"CONT::rosenbrock::d=10::b=(-10.0,10.0)::seed=479014578",rosenbrock,cont,5000,0.01,"ES_ML(mu=10,lam=40,sigma=0.3)",ES_ML,0,30,0.0,0.03125,0.0015679856720267546,0.09433520168660725,9.935416485702666,7.696014477214417,4.9915591778722765,76.52438249977777
"CONT::rosenbrock::d=10::b=(-10.0,10.0)::seed=479014578",rosenbrock,cont,5000,0.01,"ES_ML(mu=20,lam=80,sigma=0.2)",ES_ML,0,30,0.0,0.03125,0.0013961562510962037,0.09048875940350824,46.67906005581342,17.072799488211047,12.46294811162822,626.2367829525343
"CONT::rastrigin::d=5::b=(-10.0,10.0)::seed=152558888",rastrigin,cont,5000,0.001,RS_CONT,RS_CONT,0,30,0.0,0.03125,0.0017404442646979069,0.09485732360156499,36.94316566612147,37.331805495330684,25.48943141703385,47.72288866225643
"CONT::rastrigin::d=5::b=(-10.0,10.0)::seed=152558888",rastrigin,cont,5000,0.001,HC_CONT(sigma=0.2),HC_CONT,0,30,0.0,0.03125,0.0016281541067948344,0.09278051706366296,172.34926124886564,156.2326098476866,63.443604388027524,320.81745705692055
"CONT::rastrigin::d=5::b=(-10.0,10.0)::seed=152558888",rastrigin,cont,5000,0.001,"SA_CONT(sigma=0.3,T0=1.0,alpha=0.995)",SA_CONT,0,30,0.0,0.03125,0.0015035013227364322,0.08993496797126387,77.04965852572873,69.90006919759776,31.05981189709667,132.65787776754757
"CONT::rastrigin::d=5::b=(-10.0,10.0)::seed=152558888",rastrigin,cont,5000,0.001,"DE(pop=20,F=0.8,CR=0.9)",DE,0,30,0.0,0.03125,0.0014507459304299293,0.09018914544164838,4.826592167036461,3.8988524888283074,0.002587351289491835,11.995923544693937
"CONT::rastrigin::d=5::b=(-10.0,10.0)::seed=152558888",rastrigin,cont,5000,0.001,"DE(pop=40,F=0.8,CR=0.9)",DE,0,30,0.0,0.03125,0.0015514647728286403,0.08960156993221356,9.804998906585636,9.852458209528113,5.541294665259876,14.873789264880784
"CONT::rastrigin::d=5::b=(-10.0,10.0)::seed=152558888",rastrigin,cont,5000,0.001,"PSO_STD(p=20,w=0.72,c1=1.49,c2=1.49)",PSO_STD,2,30,0.06666666666666667,0.09375,0.02651943939973808,0.19307922742253666,1.9045401952215024,1.9899181144519638,1.4210854715202004e-14,4.974801109880808
"CONT::rastrigin::d=5::b=(-10.0,10.0)::seed=152558888",rastrigin,cont,5000,0.001,"PSO_STD(p=40,w=0.72,c1=1.49,c2=1.49)",PSO_STD,1,30,0.03333333333333333,0.0625,0.012849156803779606,0.1368006118443057,1.7216931990546045,1.9899709828664456,1.7621088595376477e-05,3.048161472910394
"CONT::rastrigin::d=5::b=(-10.0,10.0)::seed=152558888",rastrigin,cont,5000,0.001,"PSO_RING(p=20,ring,w=0.72,c1=1.49,c2=1.49)",PSO_RING,1,30,0.03333333333333333,0.0625,0.01211524732617001,0.14367933018628332,2.6206365953033126,2.3973978069280157,1.761169698966114e-08,5.969750271845697
"CONT::rastrigin::d=5::b=(-10.0,10.0)::seed=152558888",rastrigin,cont,5000,0.001,"PSO_RING(p=40,ring,w=0.72,c1=1.49,c2=1.49)",PSO_RING,0,30,0.0,0.03125,0.0018411053446871469,0.09032534130719168,2.8403164086778268,2.5322147442262732,0.019810611788969368,5.2154355857935
"CONT::rastrigin::d=5::b=(-10.0,10.0)::seed=152558888",rastrigin,cont,5000,0.001,"ES_ML(mu=10,lam=40,sigma=0.3)",ES_ML,0,30,0.0,0.03125,0.0014266015352387364,0.09266610162346155,20.530380238106538,17.911079937507996,5.970377100287195,41.7884200023202
"CONT::rastrigin::d=5::b=(-10.0,10.0)::seed=152558888",rastrigin,cont,5000,0.001,"ES_ML(mu=20,lam=80,sigma=0.2)",ES_ML,0,30,0.0,0.03125,0.0015916736231477069,0.09041351707304933,37.40967518900787,38.347117098483274,8.005872255685546,72.64070681209124
"CONT::sphere::d=5::b=(-10.0,10.0)::seed=136931886",sphere,cont,5000,1e-06,RS_CONT,RS_CONT,0,30,0.0,0.03125,0.00172523897804585,0.08970163578224817,6.150451842245142,5.926969574048763,1.5731552232390444,11.62874018484605
"CONT::sphere::d=5::b=(-10.0,10.0)::seed=136931886",sphere,cont,5000,1e-06,HC_CONT(sigma=0.2),HC_CONT,0,30,0.0,0.03125,0.0013696301160529803,0.08834058214441119,0.00418665215195534,0.004212731155390065,0.0012432246515585788,0.008153026431485615
"CONT::sphere::d=5::b=(-10.0,10.0)::seed=136931886",sphere,cont,5000,1e-06,"SA_CONT(sigma=0.3,T0=1.0,alpha=0.995)",SA_CONT,0,30,0.0,0.03125,0.001624305016135164,0.08929001336176921,0.010923399814583047,0.011155859799423979,0.0004929441644470854,0.020855500186209956
"CONT::sphere::d=5::b=(-10.0,10.0)::seed=136931886",sphere,cont,5000,1e-06,"DE(pop=20,F=0.8,CR=0.9)",DE,30,30,1.0,0.96875,0.9085919772189522,0.998230359811198,1.9153029177758353e-12,6.716058389990372e-13,1.3831987864541093e-14,2.0088139404614437e-11
"CONT::sphere::d=5::b=(-10.0,10.0)::seed=136931886",sphere,cont,5000,1e-06,"DE(pop=40,F=0.8,CR=0.9)",DE,0,30,0.0,0.03125,0.0017239074131303093,0.08839311032732333,1.6554073484356615e-05,1.2570650689668227e-05,2.3087167922682417e-06,6.25236665795401e-05
"CONT::sphere::d=5::b=(-10.0,10.0)::seed=136931886",sphere,cont,5000,1e-06,"PSO_STD(p=20,w=0.72,c1=1.49,c2=1.49)",PSO_STD,30,30,1.0,0.96875,0.9046650370901768,0.9983241172877301,3.2308818244373377e-17,5.778381929409928e-18,4.043348303734254e-19,4.946495365200206e-16
"CONT::sphere::d=5::b=(-10.0,10.0)::seed=136931886",sphere,cont,5000,1e-06,"PSO_STD(p=40,w=0.72,c1=1.49,c2=1.49)",PSO_STD,30,30,1.0,0.96875,0.9104754507277807,0.9984323716970749,8.417289578537073e-10,4.235984335939774e-10,4.4244425124699845e-11,7.484028439799028e-09
"CONT::sphere::d=5::b=(-10.0,10.0)::seed=136931886",sphere,cont,5000,1e-06,"PSO_RING(p=20,ring,w=0.72,c1=1.49,c2=1.49)",PSO_RING,30,30,1.0,0.96875,0.9073489211803235,0.9983408954653523,1.2902344963088695e-12,3.8552139162058427e-13,8.626096031391394e-16,9.456791367069552e-12
"CONT::sphere::d=5::b=(-10.0,10.0)::seed=136931886",sphere,cont,5000,1e-06,"PSO_RING(p=40,ring,w=0.72,c1=1.49,c2=1.49)",PSO_RING,23,30,0.7666666666666667,0.75,0.6226771780840721,0.8606064405998988,6.479540855752821e-07,3.9209771914507155e-07,3.4448961685854076e-08,2.4013316594297506e-06
"CONT::sphere::d=5::b=(-10.0,10.0)::seed=136931886",sphere,cont,5000,1e-06,"ES_ML(mu=10,lam=40,sigma=0.3)",ES_ML,0,30,0.0,0.03125,0.001785607903278669,0.0886571869189263,3.177666664557379e-05,2.4615647671112245e-05,4.6428201810930196e-06,0.00011183739463332972
"CONT::sphere::d=5::b=(-10.0,10.0)::seed=136931886",sphere,cont,5000,1e-06,"ES_ML(mu=20,lam=80,sigma=0.2)",ES_ML,0,30,0.0,0.03125,0.0016633085354119963,0.08887004814054282,0.001836620304435911,0.0016522362969827525,0.00020156673711430137,0.005623255615570125
"CONT::rastrigin::d=10::b=(-30.0,30.0)::seed=78751912",rastrigin,cont,5000,0.001,RS_CONT,RS_CONT,0,30,0.0,0.03125,0.0014524789426643618,0.09217801210266184,634.2058102085009,634.2975796021642,350.49469158892134,803.9433631761066
"CONT::rastrigin::d=10::b=(-30.0,30.0)::seed=78751912",rastrigin,cont,5000,0.001,HC_CONT(sigma=0.2),HC_CONT,0,30,0.0,0.03125,0.001974217144725713,0.0948164404375068,834.3857387622926,813.0330612152586,559.330546644861,1304.4490274265167
"CONT::rastrigin::d=10::b=(-30.0,30.0)::seed=78751912",rastrigin,cont,5000,0.001,"SA_CONT(sigma=0.3,T0=1.0,alpha=0.995)",SA_CONT,0,30,0.0,0.03125,0.0016518363930848412,0.09527314208908699,268.48886756991266,255.48006968734452,133.0107817674646,463.0932262501372
"CONT::rastrigin::d=10::b=(-30.0,30.0)::seed=78751912",rastrigin,cont,5000,0.001,"DE(pop=20,F=0.8,CR=0.9)",DE,0,30,0.0,0.03125,0.0016554315888609838,0.09405224963826904,50.36834051078589,51.88982298952814,28.418130213459605,66.42738878009882
"CONT::rastrigin::d=10::b=(-30.0,30.0)::seed=78751912",rastrigin,cont,5000,0.001,"DE(pop=40,F=0.8,CR=0.9)",DE,0,30,0.0,0.03125,0.0018421426389406488,0.09273712070326563,97.0417952789838,99.80539702237091,72.82379019218044,124.1155635883382
"CONT::rastrigin::d=10::b=(-30.0,30.0)::seed=78751912",rastrigin,cont,5000,0.001,"PSO_STD(p=20,w=0.72,c1=1.49,c2=1.49)",PSO_STD,0,30,0.0,0.03125,0.0014657290984694917,0.09399356493201719,11.132966076600802,10.561525952666152,3.9805244458917173,21.900831247433047
"CONT::rastrigin::d=10::b=(-30.0,30.0)::seed=78751912",rastrigin,cont,5000,0.001,"PSO_STD(p=40,w=0.72,c1=1.49,c2=1.49)",PSO_STD,0,30,0.0,0.03125,0.001713068789085385,0.0946970277616114,14.212926771653342,12.836121903463777,5.732990027200856,29.524619586293454
"CONT::rastrigin::d=10::b=(-30.0,30.0)::seed=78751912",rastrigin,cont,5000,0.001,"PSO_RING(p=20,ring,w=0.72,c1=1.49,c2=1.49)",PSO_RING,0,30,0.0,0.03125,0.0016173150335153752,0.09048435268286481,16.306105287319465,15.876373339168545,5.022054244738939,29.926592233107712
"CONT::rastrigin::d=10::b=(-30.0,30.0)::seed=78751912",rastrigin,cont,5000,0.001,"PSO_RING(p=40,ring,w=0.72,c1=1.49,c2=1.49)",PSO_RING,0,30,0.0,0.03125,0.00166298373724646,0.0899985242131026,25.785875510337135,25.907660214459355,12.61151013330722,36.138540493281454
"CONT::rastrigin::d=10::b=(-30.0,30.0)::seed=78751912",rastrigin,cont,5000,0.001,"ES_ML(mu=10,lam=40,sigma=0.3)",ES_ML,0,30,0.0,0.03125,0.0016732924225905967,0.09667029746623461,15.34376145616367,14.95700165645556,6.716115694078383,27.625164288645834
"CONT::rastrigin::d=10::b=(-30.0,30.0)::seed=78751912",rastrigin,cont,5000,0.001,"ES_ML(mu=20,lam=80,sigma=0.2)",ES_ML,0,30,0.0,0.03125,0.0018172164649654622,0.0923163657952516,56.2011477254617,55.15154952245902,36.73491688976844,89.12957435040586
"CONT::sphere::d=10::b=(-30.0,30.0)::seed=289313899",sphere,cont,5000,1e-06,RS_CONT,RS_CONT,0,30,0.0,0.03125,0.0019519404612224395,0.09134292566203527,503.89351159357295,494.5182780447651,302.24893833266987,713.0447963761591
"CONT::sphere::d=10::b=(-30.0,30.0)::seed=289313899",sphere,cont,5000,1e-06,HC_CONT(sigma=0.2),HC_CONT,0,30,0.0,0.03125,0.001830456571962265,0.09016938783038116,0.04362471304724228,0.04580704387075436,0.018253542906855987,0.07169036785215062
"CONT::sphere::d=10::b=(-30.0,30.0)::seed=289313899",sphere,cont,5000,1e-06,"SA_CONT(sigma=0.3,T0=1.0,alpha=0.995)",SA_CONT,0,30,0.0,0.03125,0.0014671796657579447,0.0904109499131931,0.1079220970697978,0.10776870453150385,0.05516207137379024,0.15647885955754304
"CONT::sphere::d=10::b=(-30.0,30.0)::seed=289313899",sphere,cont,5000,1e-06,"DE(pop=20,F=0.8,CR=0.9)",DE,0,30,0.0,0.03125,0.0015215493837740376,0.0934164241302337,0.014068608827714423,0.008747355013842079,0.00163271864167363,0.03988279935206532
"CONT::sphere::d=10::b=(-30.0,30.0)::seed=289313899",sphere,cont,5000,1e-06,"DE(pop=40,F=0.8,CR=0.9)",DE,0,30,0.0,0.03125,0.0014615551489803905,0.09569920266062225,16.045876338864506,15.82883009726335,5.872159310066746,30.68807285434246
"CONT::sphere::d=10::b=(-30.0,30.0)::seed=289313899",sphere,cont,5000,1e-06,"PSO_STD(p=20,w=0.72,c1=1.49,c2=1.49)",PSO_STD,30,30,1.0,0.96875,0.9075648719957682,0.9983838147178955,2.5763408780403424e-10,1.0220660825967767e-10,5.669808702624162e-12,2.9583319668883446e-09
"CONT::sphere::d=10::b=(-30.0,30.0)::seed=289313899",sphere,cont,5000,1e-06,"PSO_STD(p=40,w=0.72,c1=1.49,c2=1.49)",PSO_STD,0,30,0.0,0.03125,0.0015966861391323347,0.09399663162170721,8.110250013142981e-05,3.3467344877839255e-05,3.0008848607516076e-06,0.0005176558249586026
"CONT::sphere::d=10::b=(-30.0,30.0)::seed=289313899",sphere,cont,5000,1e-06,"PSO_RING(p=20,ring,w=0.72,c1=1.49,c2=1.49)",PSO_RING,1,30,0.03333333333333333,0.0625,0.011996284522924582,0.14402897031997533,2.149392856425231e-05,1.3048872922812248e-05,7.841892026090858e-07,8.66774608908039e-05
"CONT::sphere::d=10::b=(-30.0,30.0)::seed=289313899",sphere,cont,5000,1e-06,"PSO_RING(p=40,ring,w=0.72,c1=1.49,c2=1.49)",PSO_RING,0,30,0.0,0.03125,0.002025129675245,0.09277634365381465,0.06787986560375046,0.043433621506597436,0.013371111338895732,0.27905527699797117
"CONT::sphere::d=10::b=(-30.0,30.0)::seed=289313899",sphere,cont,5000,1e-06,"ES_ML(mu=10,lam=40,sigma=0.3)",ES_ML,0,30,0.0,0.03125,0.0015830483242338966,0.08939508106690965,0.014371926596227335,0.014313625053998656,0.004005909196225552,0.03236816952837249
"CONT::sphere::d=10::b=(-30.0,30.0)::seed=289313899",sphere,cont,5000,1e-06,"ES_ML(mu=20,lam=80,sigma=0.2)",ES_ML,0,30,0.0,0.03125,0.001622231941476407,0.0964343791164283,3.072541470590844,2.8639229428872595,0.4515934790352306,9.175487233066983
"CONT::rastrigin::d=5::b=(-10.0,10.0)::seed=291129061",rastrigin,cont,5000,0.001,RS_CONT,RS_CONT,0,30,0.0,0.03125,0.0013774685106230197,0.08739440397738357,35.95611754160772,36.54634707416598,18.237968259096633,46.50438675171946
"CONT::rastrigin::d=5::b=(-10.0,10.0)::seed=291129061",rastrigin,cont,5000,0.001,HC_CONT(sigma=0.2),HC_CONT,0,30,0.0,0.03125,0.0015478944219496189,0.09219465957599836,165.19909369032314,161.2942624030782,31.766500230004915,288.9062631199407
"CONT::rastrigin::d=5::b=(-10.0,10.0)::seed=291129061",rastrigin,cont,5000,0.001,"SA_CONT(sigma=0.3,T0=1.0,alpha=0.995)",SA_CONT,0,30,0.0,0.03125,0.001801592865449865,0.09400597896726466,66.52513937413204,65.50125843279383,24.59222673157437,117.39657770668391
"CONT::rastrigin::d=5::b=(-10.0,10.0)::seed=291129061",rastrigin,cont,5000,0.001,"DE(pop=20,F=0.8,CR=0.9)",DE,0,30,0.0,0.03125,0.0016273988621634818,0.08702132545473938,4.089793227504831,3.83761106014844,0.001459155387991018,8.712497603278223
"CONT::rastrigin::d=5::b=(-10.0,10.0)::seed=291129061",rastrigin,cont,5000,0.001,"DE(pop=40,F=0.8,CR=0.9)",DE,0,30,0.0,0.03125,0.0017334418514746161,0.09587138060736994,9.594145945875857,10.0099545924562,5.964238173167274,14.632903523549054
"CONT::rastrigin::d=5::b=(-10.0,10.0)::seed=291129061",rastrigin,cont,5000,0.001,"PSO_STD(p=20,w=0.72,c1=1.49,c2=1.49)",PSO_STD,3,30,0.1,0.125,0.04384964808485515,0.226444691298765,2.1776845930320348,1.9899181146604334,3.12070369545836e-11,7.959662381221854
"CONT::rastrigin::d=5::b=(-10.0,10.0)::seed=291129061",rastrigin,cont,5000,0.001,"PSO_STD(p=40,w=0.72,c1=1.49,c2=1.49)",PSO_STD,0,30,0.0,0.03125,0.0019668755504930148,0.09342060856627013,1.5144583432966356,1.063230432140621,0.0014087519781895708,4.498053570509654
"CONT::rastrigin::d=5::b=(-10.0,10.0)::seed=291129061",rastrigin,cont,5000,0.001,"PSO_RING(p=20,ring,w=0.72,c1=1.49,c2=1.49)",PSO_RING,1,30,0.03333333333333333,0.0625,0.011452482059368083,0.14358306312518734,2.2748424973917936,1.9954308134726553,9.740499309174311e-05,6.2297393812103365
"CONT::rastrigin::d=5::b=(-10.0,10.0)::seed=291129061",rastrigin,cont,5000,0.001,"PSO_RING(p=40,ring,w=0.72,c1=1.49,c2=1.49)",PSO_RING,0,30,0.0,0.03125,0.001606895241922744,0.09041888828916002,2.7959616577880153,2.3976240390192096,1.0924217728070929,5.9206531390392385
"CONT::rastrigin::d=5::b=(-10.0,10.0)::seed=291129061",rastrigin,cont,5000,0.001,"ES_ML(mu=10,lam=40,sigma=0.3)",ES_ML,0,30,0.0,0.03125,0.0017688828050624432,0.09384605250656217,16.517320422595244,14.427610441285772,0.9952907179270767,31.840237446486405
"CONT::rastrigin::d=5::b=(-10.0,10.0)::seed=291129061",rastrigin,cont,5000,0.001,"ES_ML(mu=20,lam=80,sigma=0.2)",ES_ML,0,30,0.0,0.03125,0.0014064289437019368,0.0927796464013101,33.62312420852467,27.9088427578437,5.004080691387401,69.65750151620546
"CONT::levy::d=10::b=(-30.0,30.0)::seed=110941964",levy,cont,5000,0.01,RS_CONT,RS_CONT,0,30,0.0,0.03125,0.0016879933348742074,0.0945404610340612,120.03678450226035,125.16568982930755,66.75951322905368,164.57508666083788
"CONT::levy::d=10::b=(-30.0,30.0)::seed=110941964",levy,cont,5000,0.01,HC_CONT(sigma=0.2),HC_CONT,0,30,0.0,0.03125,0.0017767553308123587,0.08820680041428763,191.9208325219744,185.52238839837423,71.4278172516754,311.2551361772118
"CONT::levy::d=10::b=(-30.0,30.0)::seed=110941964",levy,cont,5000,0.01,"SA_CONT(sigma=0.3,T0=1.0,alpha=0.995)",SA_CONT,0,30,0.0,0.03125,0.0015892395763008398,0.08601891852665854,197.21156115082945,195.11509732937935,73.6672687366353,326.24532422590727
"CONT::levy::d=10::b=(-30.0,30.0)::seed=110941964",levy,cont,5000,0.01,"DE(pop=20,F=0.8,CR=0.9)",DE,1,30,0.03333333333333333,0.0625,0.011288544762852999,0.1423763385256525,0.28122757946939847,0.2070021785494226,0.004289833892373042,0.9544721026461598
"CONT::levy::d=10::b=(-30.0,30.0)::seed=110941964",levy,cont,5000,0.01,"DE(pop=40,F=0.8,CR=0.9)",DE,0,30,0.0,0.03125,0.0016415643328034032,0.0970776856536637,22.194187709172798,21.45790032242256,4.415539406552309,46.42596786980196
"CONT::levy::d=10::b=(-30.0,30.0)::seed=110941964",levy,cont,5000,0.01,"PSO_STD(p=20,w=0.72,c1=1.49,c2=1.49)",PSO_STD,23,30,0.7666666666666667,0.75,0.6148879123753458,0.8637843550338542,0.4937830434102351,2.9882671035950526e-09,2.774231740203852e-11,9.999226536791717
"CONT::levy::d=10::b=(-30.0,30.0)::seed=110941964",levy,cont,5000,0.01,"PSO_STD(p=40,w=0.72,c1=1.49,c2=1.49)",PSO_STD,28,30,0.9333333333333333,0.90625,0.8106975072329498,0.9718566161068104,0.016091730263836288,4.612236383449043e-05,3.2819152944407516e-06,0.45445977854407266
"CONT::levy::d=10::b=(-30.0,30.0)::seed=110941964",levy,cont,5000,0.01,"PSO_RING(p=20,ring,w=0.72,c1=1.49,c2=1.49)",PSO_RING,28,30,0.9333333333333333,0.90625,0.8118445620701699,0.9733158144596165,0.0027824219831928793,0.0005151066470055572,2.1604350513028807e-05,0.035326587962882114
"CONT::levy::d=10::b=(-30.0,30.0)::seed=110941964",levy,cont,5000,0.01,"PSO_RING(p=40,ring,w=0.72,c1=1.49,c2=1.49)",PSO_RING,0,30,0.0,0.03125,0.0015205205587691454,0.08703468872028323,0.699101224282172,0.46667410137309173,0.08801254931237665,2.9287691045309954
"CONT::levy::d=10::b=(-30.0,30.0)::seed=110941964",levy,cont,5000,0.01,"ES_ML(mu=10,lam=40,sigma=0.3)",ES_ML,0,30,0.0,0.03125,0.0017180089672906484,0.09396209528924525,111.55337423017137,111.7950904775995,71.355540595871,155.6811272608003
"CONT::levy::d=10::b=(-30.0,30.0)::seed=110941964",levy,cont,5000,0.01,"ES_ML(mu=20,lam=80,sigma=0.2)",ES_ML,0,30,0.0,0.03125,0.0019194315316209526,0.09118505463311577,106.04136582723578,103.28958667875244,42.545534598095514,162.33496067785552
"CONT::ackley::d=20::b=(-5.0,5.0)::seed=217700588",ackley,cont,5000,0.001,RS_CONT,RS_CONT,0,30,0.0,0.03125,0.0019116751332224665,0.09410049565453306,7.452716656327313,7.458779513519793,6.8979934692710145,7.84661797843499
"CONT::ackley::d=20::b=(-5.0,5.0)::seed=217700588",ackley,cont,5000,0.001,HC_CONT(sigma=0.2),HC_CONT,0,30,0.0,0.03125,0.0014696446376680338,0.09312437567426923,7.196503882462797,7.966879813041806,2.155317332255134,10.623164725376082
"CONT::ackley::d=20::b=(-5.0,5.0)::seed=217700588",ackley,cont,5000,0.001,"SA_CONT(sigma=0.3,T0=1.0,alpha=0.995)",SA_CONT,0,30,0.0,0.03125,0.0014179915540038107,0.09002371797027912,2.118824878075681,1.835601852678629,1.5122421680100513,4.745029624391357
"CONT::ackley::d=20::b=(-5.0,5.0)::seed=217700588",ackley,cont,5000,0.001,"DE(pop=20,F=0.8,CR=0.9)",DE,0,30,0.0,0.03125,0.0018528300170123602,0.09397139471120419,2.0863558765355923,2.027664864291865,0.8770875861850809,3.3946829935404783
"CONT::ackley::d=20::b=(-5.0,5.0)::seed=217700588",ackley,cont,5000,0.001,"DE(pop=40,F=0.8,CR=0.9)",DE,0,30,0.0,0.03125,0.0014694617338416726,0.09527395111836305,5.582642911424264,5.682446657890294,4.455607377080813,6.493244011133239
"CONT::ackley::d=20::b=(-5.0,5.0)::seed=217700588",ackley,cont,5000,0.001,"PSO_STD(p=20,w=0.72,c1=1.49,c2=1.49)",PSO_STD,0,30,0.0,0.03125,0.0016209717462720688,0.09210173145431202,0.8877985387870369,1.155156807382689,0.0010584855952981975,2.171218194632005
"CONT::ackley::d=20::b=(-5.0,5.0)::seed=217700588",ackley,cont,5000,0.001,"PSO_STD(p=40,w=0.72,c1=1.49,c2=1.49)",PSO_STD,0,30,0.0,0.03125,0.0016115310203420388,0.09432470590200745,0.2837387183947936,0.07186661225036994,0.031086285333668418,1.2503948744085887
"CONT::ackley::d=20::b=(-5.0,5.0)::seed=217700588",ackley,cont,5000,0.001,"PSO_RING(p=20,ring,w=0.72,c1=1.49,c2=1.49)",PSO_RING,0,30,0.0,0.03125,0.0016534417720887658,0.09187356845006234,0.2353830616477751,0.13265688764633454,0.05746483760355803,1.7309660544850556
"CONT::ackley::d=20::b=(-5.0,5.0)::seed=217700588",ackley,cont,5000,0.001,"PSO_RING(p=40,ring,w=0.72,c1=1.49,c2=1.49)",PSO_RING,0,30,0.0,0.03125,0.0013828076277004654,0.09052991637124862,1.8021097974950788,1.8114955436259543,1.2171457306497868,2.4786521073929966
"CONT::ackley::d=20::b=(-5.0,5.0)::seed=217700588",ackley,cont,5000,0.001,"ES_ML(mu=10,lam=40,sigma=0.3)",ES_ML,0,30,0.0,0.03125,0.001513009861667178,0.09272862095245647,0.11872554828052709,0.11683764808683295,0.06613280527269838,0.1844450398650186
"CONT::ackley::d=20::b=(-5.0,5.0)::seed=217700588",ackley,cont,5000,0.001,"ES_ML(mu=20,lam=80,sigma=0.2)",ES_ML,0,30,0.0,0.03125,0.0016797109047044308,0.09461512097353553,1.4636349969253406,1.5291908622188193,0.7639413391760574,2.0486940448308464
"CONT::rosenbrock::d=20::b=(-5.0,5.0)::seed=173689239",rosenbrock,cont,5000,0.01,RS_CONT,RS_CONT,0,30,0.0,0.03125,0.0019538757543602187,0.08983267633613093,39270.17763952219,38677.782958857875,18135.52844347015,58432.182062744716
"CONT::rosenbrock::d=20::b=(-5.0,5.0)::seed=173689239",rosenbrock,cont,5000,0.01,HC_CONT(sigma=0.2),HC_CONT,0,30,0.0,0.03125,0.0017143951377477308,0.08957491039152289,69.94806245373303,46.61650706286839,34.84526255938357,233.47615581989302
"CONT::rosenbrock::d=20::b=(-5.0,5.0)::seed=173689239",rosenbrock,cont,5000,0.01,"SA_CONT(sigma=0.3,T0=1.0,alpha=0.995)",SA_CONT,0,30,0.0,0.03125,0.0015287441980671673,0.09358897285318175,113.60635094279145,94.83147015410438,61.18147330797914,284.30436604795165
"CONT::rosenbrock::d=20::b=(-5.0,5.0)::seed=173689239",rosenbrock,cont,5000,0.01,"DE(pop=20,F=0.8,CR=0.9)",DE,0,30,0.0,0.03125,0.0018330729428449614,0.08668642453294569,229.135805716247,202.06951335349663,72.28347768989768,636.6007048944889
"CONT::rosenbrock::d=20::b=(-5.0,5.0)::seed=173689239",rosenbrock,cont,5000,0.01,"DE(pop=40,F=0.8,CR=0.9)",DE,0,30,0.0,0.03125,0.001631398452444186,0.09313848280784513,13592.544639382015,12665.042086142677,4721.786203990916,33491.757281113765
"CONT::rosenbrock::d=20::b=(-5.0,5.0)::seed=173689239",rosenbrock,cont,5000,0.01,"PSO_STD(p=20,w=0.72,c1=1.49,c2=1.49)",PSO_STD,0,30,0.0,0.03125,0.0016262991131982005,0.08981585699417746,134.15801615581785,17.223555375567443,4.565765468319333,2515.3178492984334
"CONT::rosenbrock::d=20::b=(-5.0,5.0)::seed=173689239",rosenbrock,cont,5000,0.01,"PSO_STD(p=40,w=0.72,c1=1.49,c2=1.49)",PSO_STD,0,30,0.0,0.03125,0.0014936340352881608,0.09813076886947143,59.182515723638055,24.58969511391537,6.509833620702663,502.5016731347732
"CONT::rosenbrock::d=20::b=(-5.0,5.0)::seed=173689239",rosenbrock,cont,5000,0.01,"PSO_RING(p=20,ring,w=0.72,c1=1.49,c2=1.49)",PSO_RING,0,30,0.0,0.03125,0.0019952122155595694,0.09628560266600261,68.46177375391699,71.22436321665361,22.7017926773217,166.0760070805028
"CONT::rosenbrock::d=20::b=(-5.0,5.0)::seed=173689239",rosenbrock,cont,5000,0.01,"PSO_RING(p=40,ring,w=0.72,c1=1.49,c2=1.49)",PSO_RING,0,30,0.0,0.03125,0.0019689925701151345,0.09417200008966198,211.90201831658396,203.63214216051603,91.79691514866487,524.4902150255775
"CONT::rosenbrock::d=20::b=(-5.0,5.0)::seed=173689239",rosenbrock,cont,5000,0.01,"ES_ML(mu=10,lam=40,sigma=0.3)",ES_ML,0,30,0.0,0.03125,0.0019144622945801999,0.09262231745669938,34.77419771945357,19.20676007911763,16.410659746558398,187.8993405860872
"CONT::rosenbrock::d=20::b=(-5.0,5.0)::seed=173689239",rosenbrock,cont,5000,0.01,"ES_ML(mu=20,lam=80,sigma=0.2)",ES_ML,0,30,0.0,0.03125,0.001632237466704447,0.0896206984558154,84.19007618065523,67.414254637027,34.089809017272266,233.8421714197236
"CONT::ackley::d=10::b=(-30.0,30.0)::seed=3303920",ackley,cont,5000,0.001,RS_CONT,RS_CONT,0,30,0.0,0.03125,0.0018091634162444054,0.09131285111391838,16.238648648390026,16.370905929550688,13.484217329790091,17.41566323975894
"CONT::ackley::d=10::b=(-30.0,30.0)::seed=3303920",ackley,cont,5000,0.001,HC_CONT(sigma=0.2),HC_CONT,0,30,0.0,0.03125,0.001621986026126708,0.08897213767541179,19.402700235100927,19.456553375009385,18.552376763258213,19.89202499360529
"CONT::ackley::d=10::b=(-30.0,30.0)::seed=3303920",ackley,cont,5000,0.001,"SA_CONT(sigma=0.3,T0=1.0,alpha=0.995)",SA_CONT,0,30,0.0,0.03125,0.0017625043899547374,0.08772431234603174,19.44423554900978,19.68798766248068,17.265566774189733,20.144139326958836
"CONT::ackley::d=10::b=(-30.0,30.0)::seed=3303920",ackley,cont,5000,0.001,"DE(pop=20,F=0.8,CR=0.9)",DE,0,30,0.0,0.03125,0.0018743926414046801,0.08818005116611109,2.262027353289743,0.34020621938982254,0.06653641885685646,19.79064003931448
"CONT::ackley::d=10::b=(-30.0,30.0)::seed=3303920",ackley,cont,5000,0.001,"DE(pop=40,F=0.8,CR=0.9)",DE,0,30,0.0,0.03125,0.0015678843515249301,0.09042421950671788,9.251456922333194,8.512735786963308,5.821922886773891,17.111645305447613
"CONT::ackley::d=10::b=(-30.0,30.0)::seed=3303920",ackley,cont,5000,0.001,"PSO_STD(p=20,w=0.72,c1=1.49,c2=1.49)",PSO_STD,24,30,0.8,0.78125,0.657643808093589,0.8829194452074591,0.2089662673716712,2.013327376682028e-05,2.8666895208750987e-06,1.6462236331854858
"CONT::ackley::d=10::b=(-30.0,30.0)::seed=3303920",ackley,cont,5000,0.001,"PSO_STD(p=40,w=0.72,c1=1.49,c2=1.49)",PSO_STD,0,30,0.0,0.03125,0.0018941938667743736,0.09870548182693552,0.046365230214822944,0.007051596729275023,0.0018719105552240656,1.1553090525380765
"CONT::ackley::d=10::b=(-30.0,30.0)::seed=3303920",ackley,cont,5000,0.001,"PSO_RING(p=20,ring,w=0.72,c1=1.49,c2=1.49)",PSO_RING,0,30,0.0,0.03125,0.00154578998675512,0.09246548093331758,0.00986720822646688,0.00818802438556121,0.0014026989582807126,0.030749961168247797
"CONT::ackley::d=10::b=(-30.0,30.0)::seed=3303920",ackley,cont,5000,0.001,"PSO_RING(p=40,ring,w=0.72,c1=1.49,c2=1.49)",PSO_RING,0,30,0.0,0.03125,0.00168333343415902,0.08954213028260927,1.0334688542850767,0.7880085624428177,0.2893125081433827,2.077730307335895
"CONT::ackley::d=10::b=(-30.0,30.0)::seed=3303920",ackley,cont,5000,0.001,"ES_ML(mu=10,lam=40,sigma=0.3)",ES_ML,0,30,0.0,0.03125,0.0016503305577673724,0.09543520944196004,18.49952940018283,18.556291122238616,16.739398542353925,19.20533527172234
"CONT::ackley::d=10::b=(-30.0,30.0)::seed=3303920",ackley,cont,5000,0.001,"ES_ML(mu=20,lam=80,sigma=0.2)",ES_ML,0,30,0.0,0.03125,0.0016112319709009702,0.0863450391016909,17.8829211275868,18.077564843719266,15.407183565213735,18.89100319578238
"CONT::griewank::d=20::b=(-30.0,30.0)::seed=40739956",griewank,cont,5000,0.001,RS_CONT,RS_CONT,0,30,0.0,0.03125,0.0017223432116889308,0.09596118944897819,1.536312160705609,1.5428515465197703,1.3307616314188628,1.634202468446095
"CONT::griewank::d=20::b=(-30.0,30.0)::seed=40739956",griewank,cont,5000,0.001,HC_CONT(sigma=0.2),HC_CONT,0,30,0.0,0.03125,0.0017413699739958497,0.09040843471020961,0.12815383669425048,0.038196420356511995,0.01700210867381391,1.6486507008467082
"CONT::griewank::d=20::b=(-30.0,30.0)::seed=40739956",griewank,cont,5000,0.001,"SA_CONT(sigma=0.3,T0=1.0,alpha=0.995)",SA_CONT,0,30,0.0,0.03125,0.0017195339272431814,0.0942582950360661,0.09262870214633914,0.06009765364652875,0.04365421293608085,0.4883806331123428
"CONT::griewank::d=20::b=(-30.0,30.0)::seed=40739956",griewank,cont,5000,0.001,"DE(pop=20,F=0.8,CR=0.9)",DE,0,30,0.0,0.03125,0.001947237010817166,0.09378789075488109,0.8487180634127587,0.8898240262159287,0.5770258497760707,0.9832195619991313
"CONT::griewank::d=20::b=(-30.0,30.0)::seed=40739956",griewank,cont,5000,0.001,"DE(pop=40,F=0.8,CR=0.9)",DE,0,30,0.0,0.03125,0.001638266908461786,0.09467247896691187,1.2433458061262441,1.2450642133333898,1.1360689474505827,1.31404811868815
"CONT::griewank::d=20::b=(-30.0,30.0)::seed=40739956",griewank,cont,5000,0.001,"PSO_STD(p=20,w=0.72,c1=1.49,c2=1.49)",PSO_STD,5,30,0.16666666666666666,0.1875,0.09136867633037768,0.31658813884659165,0.02169032763477786,0.019763331868471457,2.127685673314339e-06,0.06875761552325366
"CONT::griewank::d=20::b=(-30.0,30.0)::seed=40739956",griewank,cont,5000,0.001,"PSO_STD(p=40,w=0.72,c1=1.49,c2=1.49)",PSO_STD,0,30,0.0,0.03125,0.0018459430479177733,0.09205383875304245,0.0513100244932073,0.043251405575806146,0.004051770336846561,0.19327230882636204
"CONT::griewank::d=20::b=(-30.0,30.0)::seed=40739956",griewank,cont,5000,0.001,"PSO_RING(p=20,ring,w=0.72,c1=1.49,c2=1.49)",PSO_RING,0,30,0.0,0.03125,0.0018014825872814738,0.09391198932571539,0.07135082599176543,0.052500297192876355,0.008717697193814766,0.22334929192935626
"CONT::griewank::d=20::b=(-30.0,30.0)::seed=40739956",griewank,cont,5000,0.001,"PSO_RING(p=40,ring,w=0.72,c1=1.49,c2=1.49)",PSO_RING,0,30,0.0,0.03125,0.0017003342550392236,0.08688790948646864,0.6469301023972235,0.6734746802077621,0.2641649103661138,0.8550341059550347
"CONT::griewank::d=20::b=(-30.0,30.0)::seed=40739956",griewank,cont,5000,0.001,"ES_ML(mu=10,lam=40,sigma=0.3)",ES_ML,0,30,0.0,0.03125,0.0015530740944216155,0.09061636835174336,0.08820891388636874,0.07927370486067936,0.0343735669310522,0.19157763433114505
"CONT::griewank::d=20::b=(-30.0,30.0)::seed=40739956",griewank,cont,5000,0.001,"ES_ML(mu=20,lam=80,sigma=0.2)",ES_ML,0,30,0.0,0.03125,0.001702664775831896,0.09242829228410482,0.9977471168820468,1.0080505823355042,0.8957405246849343,1.036888846129662
"CONT::sphere::d=10::b=(-30.0,30.0)::seed=844768476",sphere,cont,5000,1e-06,RS_CONT,RS_CONT,0,30,0.0,0.03125,0.0015769241998580597,0.09029617746706048,473.0760714772083,478.6817678928153,191.7862284246992,696.2533087984231
"CONT::sphere::d=10::b=(-30.0,30.0)::seed=844768476",sphere,cont,5000,1e-06,HC_CONT(sigma=0.2),HC_CONT,0,30,0.0,0.03125,0.0016968038060537068,0.09052320846888214,0.04989539202629147,0.050214545287346965,0.02855103956169785,0.07381882347074377
"CONT::sphere::d=10::b=(-30.0,30.0)::seed=844768476",sphere,cont,5000,1e-06,"SA_CONT(sigma=0.3,T0=1.0,alpha=0.995)",SA_CONT,0,30,0.0,0.03125,0.0015248506863941354,0.09164272142212455,0.10480116491244093,0.10854960323388588,0.032602874708002424,0.14766324100040018
"CONT::sphere::d=10::b=(-30.0,30.0)::seed=844768476",sphere,cont,5000,1e-06,"DE(pop=20,F=0.8,CR=0.9)",DE,0,30,0.0,0.03125,0.0019085537257472853,0.08894674188906687,0.014563932998086006,0.012466879647427776,0.0016662233666050912,0.05365734474817786
"CONT::sphere::d=10::b=(-30.0,30.0)::seed=844768476",sphere,cont,5000,1e-06,"DE(pop=40,F=0.8,CR=0.9)",DE,0,30,0.0,0.03125,0.0015536611302516415,0.09167091665303162,17.56361884266007,16.92948077520149,7.473927465638175,31.634011215830483
"CONT::sphere::d=10::b=(-30.0,30.0)::seed=844768476",sphere,cont,5000,1e-06,"PSO_STD(p=20,w=0.72,c1=1.49,c2=1.49)",PSO_STD,30,30,1.0,0.96875,0.9043136770149378,0.9981073307415067,3.2998123358331656e-10,1.435057224434807e-10,1.040672886922591e-11,2.395557291858562e-09
"CONT::sphere::d=10::b=(-30.0,30.0)::seed=844768476",sphere,cont,5000,1e-06,"PSO_STD(p=40,w=0.72,c1=1.49,c2=1.49)",PSO_STD,0,30,0.0,0.03125,0.001360755372184846,0.09556739838669671,3.3956074208375574e-05,1.5424421128408818e-05,3.6355608151208375e-06,0.0001911190498239792
"CONT::sphere::d=10::b=(-30.0,30.0)::seed=844768476",sphere,cont,5000,1e-06,"PSO_RING(p=20,ring,w=0.72,c1=1.49,c2=1.49)",PSO_RING,1,30,0.03333333333333333,0.0625,0.011970163538930798,0.1434012435989237,1.7432973339598683e-05,7.597440369569512e-06,9.006769725837055e-07,0.0001504527073461079
"CONT::sphere::d=10::b=(-30.0,30.0)::seed=844768476",sphere,cont,5000,1e-06,"PSO_RING(p=40,ring,w=0.72,c1=1.49,c2=1.49)",PSO_RING,0,30,0.0,0.03125,0.0017909566740453482,0.0937465727970537,0.06816228293488603,0.0652532623557413,0.0033998758568749054,0.1756203818317588
"CONT::sphere::d=10::b=(-30.0,30.0)::seed=844768476",sphere,cont,5000,1e-06,"ES_ML(mu=10,lam=40,sigma=0.3)",ES_ML,0,30,0.0,0.03125,0.001747823254115337,0.09381326160610703,0.014655126823700893,0.010483890996806241,0.002581828009718991,0.0795745505296721
"CONT::sphere::d=10::b=(-30.0,30.0)::seed=844768476",sphere,cont,5000,1e-06,"ES_ML(mu=20,lam=80,sigma=0.2)",ES_ML,0,30,0.0,0.03125,0.0016680196458987479,0.09108714824004378,2.5668964767641196,2.1145995376230404,0.9243296159763045,5.287468435062557
"CONT::sphere::d=10::b=(-5.0,5.0)::seed=570151775",sphere,cont,5000,1e-06,RS_CONT,RS_CONT,0,30,0.0,0.03125,0.0015295182179735243,0.08918435373594298,13.73951731831359,13.395727491303811,8.624813265960816,17.66502593256202
"CONT::sphere::d=10::b=(-5.0,5.0)::seed=570151775",sphere,cont,5000,1e-06,HC_CONT(sigma=0.2),HC_CONT,0,30,0.0,0.03125,0.0015069720171385379,0.0899578758028975,0.04651343448170872,0.04795087720538095,0.017048709462094212,0.063889556714023
"CONT::sphere::d=10::b=(-5.0,5.0)::seed=570151775",sphere,cont,5000,1e-06,"SA_CONT(sigma=0.3,T0=1.0,alpha=0.995)",SA_CONT,0,30,0.0,0.03125,0.0017590442807099997,0.0907897349697189,0.10793086199287474,0.10454075397454214,0.061040321221050714,0.16945449105720836
"CONT::sphere::d=10::b=(-5.0,5.0)::seed=570151775",sphere,cont,5000,1e-06,"DE(pop=20,F=0.8,CR=0.9)",DE,0,30,0.0,0.03125,0.0015451518840765355,0.0894932200487888,0.0003345574788751101,0.00021152206638616356,2.8902726269399765e-05,0.0018324253690821673
"CONT::sphere::d=10::b=(-5.0,5.0)::seed=570151775",sphere,cont,5000,1e-06,"DE(pop=40,F=0.8,CR=0.9)",DE,0,30,0.0,0.03125,0.0018579912920724758,0.09509415908293566,0.504802733858292,0.5104490688307208,0.15677022689449005,0.8503111616835536
"CONT::sphere::d=10::b=(-5.0,5.0)::seed=570151775",sphere,cont,5000,1e-06,"PSO_STD(p=20,w=0.72,c1=1.49,c2=1.49)",PSO_STD,30,30,1.0,0.96875,0.9107062422971833,0.9983299049754407,1.598935795721109e-11,3.233240354624153e-12,3.4462175673778877e-13,1.7893924116479164e-10
"CONT::sphere::d=10::b=(-5.0,5.0)::seed=570151775",sphere,cont,5000,1e-06,"PSO_STD(p=40,w=0.72,c1=1.49,c2=1.49)",PSO_STD,20,30,0.6666666666666666,0.65625,0.5107979856178753,0.7830048197091243,1.6509358832863755e-06,5.725074345519162e-07,9.044070861353428e-08,1.82176388016657e-05
"CONT::sphere::d=10::b=(-5.0,5.0)::seed=570151775",sphere,cont,5000,1e-06,"PSO_RING(p=20,ring,w=0.72,c1=1.49,c2=1.49)",PSO_RING,25,30,0.8333333333333334,0.8125,0.6915334601681824,0.9132790630255867,5.947832578292546e-07,4.133373983310948e-07,5.0061570725858264e-08,2.4893886448992806e-06
"CONT::sphere::d=10::b=(-5.0,5.0)::seed=570151775",sphere,cont,5000,1e-06,"PSO_RING(p=40,ring,w=0.72,c1=1.49,c2=1.49)",PSO_RING,0,30,0.0,0.03125,0.0020139572492386825,0.09271105729514,0.0020011480440774087,0.0014982233488379875,0.00014151524395190597,0.007006333661774709
"CONT::sphere::d=10::b=(-5.0,5.0)::seed=570151775",sphere,cont,5000,1e-06,"ES_ML(mu=10,lam=40,sigma=0.3)",ES_ML,0,30,0.0,0.03125,0.0017295830085652926,0.09843338239810424,0.00020082918912321313,0.00016849466339116377,6.870190987480737e-05,0.0005661177277278989
"CONT::sphere::d=10::b=(-5.0,5.0)::seed=570151775",sphere,cont,5000,1e-06,"ES_ML(mu=20,lam=80,sigma=0.2)",ES_ML,0,30,0.0,0.03125,0.0014943282894654953,0.09228185053306476,0.017363536394169186,0.01491032002580639,0.004302622282899936,0.05378472851235561
"CONT::griewank::d=5::b=(-10.0,10.0)::seed=788695143",griewank,cont,5000,0.001,RS_CONT,RS_CONT,0,30,0.0,0.03125,0.0016528071738391883,0.09127252195626802,0.13664547224958087,0.1353311971594897,0.03206663426204426,0.23326868627589137
"CONT::griewank::d=5::b=(-10.0,10.0)::seed=788695143",griewank,cont,5000,0.001,HC_CONT(sigma=0.2),HC_CONT,0,30,0.0,0.03125,0.0013927382591617896,0.08879659396201355,0.13069687779411954,0.04644455248091767,0.01099291628646315,0.7709528591066346
"CONT::griewank::d=5::b=(-10.0,10.0)::seed=788695143",griewank,cont,5000,0.001,"SA_CONT(sigma=0.3,T0=1.0,alpha=0.995)",SA_CONT,0,30,0.0,0.03125,0.001474884163309745,0.0924657385920173,0.0743323170104917,0.0473383711754205,0.019936498510505274,0.46088312889732497
"CONT::griewank::d=5::b=(-10.0,10.0)::seed=788695143",griewank,cont,5000,0.001,"DE(pop=20,F=0.8,CR=0.9)",DE,1,30,0.03333333333333333,0.0625,0.01234902715835117,0.14356777939338702,0.0595997765626277,0.03862535926877758,1.1471927485739997e-06,0.21232771720298793
"CONT::griewank::d=5::b=(-10.0,10.0)::seed=788695143",griewank,cont,5000,0.001,"DE(pop=40,F=0.8,CR=0.9)",DE,0,30,0.0,0.03125,0.001706871831798916,0.09831642818448871,0.13371435654618274,0.1386688634492087,0.05978188389259076,0.20935348210773597
"CONT::griewank::d=5::b=(-10.0,10.0)::seed=788695143",griewank,cont,5000,0.001,"PSO_STD(p=20,w=0.72,c1=1.49,c2=1.49)",PSO_STD,0,30,0.0,0.03125,0.001758719232528632,0.09646606755465591,0.04036318122651199,0.027093396087305988,0.007396040334115006,0.1841415357292474
"CONT::griewank::d=5::b=(-10.0,10.0)::seed=788695143",griewank,cont,5000,0.001,"PSO_STD(p=40,w=0.72,c1=1.49,c2=1.49)",PSO_STD,1,30,0.03333333333333333,0.0625,0.010889385458853179,0.14361833844199487,0.034558256797794305,0.030800546121494354,9.06205121897763e-06,0.07146225901476466
"CONT::griewank::d=5::b=(-10.0,10.0)::seed=788695143",griewank,cont,5000,0.001,"PSO_RING(p=20,ring,w=0.72,c1=1.49,c2=1.49)",PSO_RING,0,30,0.0,0.03125,0.0015378094899141709,0.08882371554023648,0.024360863083857053,0.025039264154492702,0.00985728462297586,0.044737229693679215
"CONT::griewank::d=5::b=(-10.0,10.0)::seed=788695143",griewank,cont,5000,0.001,"PSO_RING(p=40,ring,w=0.72,c1=1.49,c2=1.49)",PSO_RING,1,30,0.03333333333333333,0.0625,0.011041533186268099,0.14738147034597116,0.01908842298581652,0.017250777980789,0.0007087291808575147,0.03636103998403606
"CONT::griewank::d=5::b=(-10.0,10.0)::seed=788695143",griewank,cont,5000,0.001,"ES_ML(mu=10,lam=40,sigma=0.3)",ES_ML,0,30,0.0,0.03125,0.001596398208246478,0.0899933238435194,0.05077033718590669,0.04187687025039838,0.007396083271311471,0.20383133980169033
"CONT::griewank::d=5::b=(-10.0,10.0)::seed=788695143",griewank,cont,5000,0.001,"ES_ML(mu=20,lam=80,sigma=0.2)",ES_ML,0,30,0.0,0.03125,0.001667601685349887,0.09450730476656287,0.047165256543519746,0.03330827522905466,0.019765091973144133,0.20140410531392106
"CONT::levy::d=20::b=(-10.0,10.0)::seed=408936282",levy,cont,5000,0.01,RS_CONT,RS_CONT,0,30,0.0,0.03125,0.0017203436518362571,0.09134827921964911,60.10407988895757,60.74181881730199,42.60871512732792,72.3705168271706
"CONT::levy::d=20::b=(-10.0,10.0)::seed=408936282",levy,cont,5000,0.01,HC_CONT(sigma=0.2),HC_CONT,0,30,0.0,0.03125,0.0019595077860432492,0.09282064074668064,41.509577207219564,41.52991458060967,20.063467840662916,59.837720661183326
"CONT::levy::d=20::b=(-10.0,10.0)::seed=408936282",levy,cont,5000,0.01,"SA_CONT(sigma=0.3,T0=1.0,alpha=0.995)",SA_CONT,0,30,0.0,0.03125,0.0017236841038283856,0.09408917248806985,40.58069979178308,41.332203076088845,19.33102891285003,60.514985504403064
"CONT::levy::d=20::b=(-10.0,10.0)::seed=408936282",levy,cont,5000,0.01,"DE(pop=20,F=0.8,CR=0.9)",DE,0,30,0.0,0.03125,0.0015779134865177738,0.09046423204346121,5.369529003279002,4.583391696719417,1.5943838450966004,12.624203926516572
"CONT::levy::d=20::b=(-10.0,10.0)::seed=408936282",levy,cont,5000,0.01,"DE(pop=40,F=0.8,CR=0.9)",DE,0,30,0.0,0.03125,0.0014284925390328884,0.0919716489156607,43.722598163476796,43.90331321722995,20.686687142751218,73.44447690574736
"CONT::levy::d=20::b=(-10.0,10.0)::seed=408936282",levy,cont,5000,0.01,"PSO_STD(p=20,w=0.72,c1=1.49,c2=1.49)",PSO_STD,0,30,0.0,0.03125,0.0015309802354068981,0.09327573141208548,5.360328589110471,5.429263065261061,0.08971727138992915,18.990428403314805
"CONT::levy::d=20::b=(-10.0,10.0)::seed=408936282",levy,cont,5000,0.01,"PSO_STD(p=40,w=0.72,c1=1.49,c2=1.49)",PSO_STD,0,30,0.0,0.03125,0.001527550124858923,0.0957937454961868,2.0935831993360887,0.8664674770819383,0.11720098037245957,8.02250039064993
"CONT::levy::d=20::b=(-10.0,10.0)::seed=408936282",levy,cont,5000,0.01,"PSO_RING(p=20,ring,w=0.72,c1=1.49,c2=1.49)",PSO_RING,0,30,0.0,0.03125,0.001663191090911159,0.09418787969883048,1.149735072967746,0.6212797784557523,0.14131613624605993,8.091848218457434
"CONT::levy::d=20::b=(-10.0,10.0)::seed=408936282",levy,cont,5000,0.01,"PSO_RING(p=40,ring,w=0.72,c1=1.49,c2=1.49)",PSO_RING,0,30,0.0,0.03125,0.0015568907004501664,0.09180637791939379,4.5195534242791355,4.406330059772198,1.3813176701385796,10.17354598222303
"CONT::levy::d=20::b=(-10.0,10.0)::seed=408936282",levy,cont,5000,0.01,"ES_ML(mu=10,lam=40,sigma=0.3)",ES_ML,0,30,0.0,0.03125,0.0016687208668573047,0.09359146183933906,26.717599685832898,24.995869603420445,12.56011306928359,42.71789985618366
"CONT::levy::d=20::b=(-10.0,10.0)::seed=408936282",levy,cont,5000,0.01,"ES_ML(mu=20,lam=80,sigma=0.2)",ES_ML,0,30,0.0,0.03125,0.0019356747393260185,0.09173382592883632,26.844549547185867,27.84663739807437,12.864494905353828,41.079256240029586
"CONT::rastrigin::d=20::b=(-5.0,5.0)::seed=346448963",rastrigin,cont,5000,0.001,RS_CONT,RS_CONT,0,30,0.0,0.03125,0.0015548729387458084,0.09416762902055151,208.43491097252326,210.40138359857832,184.2772936060585,223.49626932214437
"CONT::rastrigin::d=20::b=(-5.0,5.0)::seed=346448963",rastrigin,cont,5000,0.001,HC_CONT(sigma=0.2),HC_CONT,0,30,0.0,0.03125,0.001993611710696528,0.09231762810425717,201.9865513896211,202.50490522689125,134.21366025970764,320.53443293273585
"CONT::rastrigin::d=20::b=(-5.0,5.0)::seed=346448963",rastrigin,cont,5000,0.001,"SA_CONT(sigma=0.3,T0=1.0,alpha=0.995)",SA_CONT,0,30,0.0,0.03125,0.0018491164023997574,0.0965344886382377,212.31774901662442,217.4871595535397,150.15922716890898,270.9861992801156
"CONT::rastrigin::d=20::b=(-5.0,5.0)::seed=346448963",rastrigin,cont,5000,0.001,"DE(pop=20,F=0.8,CR=0.9)",DE,0,30,0.0,0.03125,0.0018768613620906076,0.09581433276938706,148.5321069376607,147.20444302770136,103.59833689693147,189.2227996304671
"CONT::rastrigin::d=20::b=(-5.0,5.0)::seed=346448963",rastrigin,cont,5000,0.001,"DE(pop=40,F=0.8,CR=0.9)",DE,0,30,0.0,0.03125,0.001986806400083574,0.0902873353456396,196.92175437880704,199.49418037672888,164.46215303545569,212.38446012040708
"CONT::rastrigin::d=20::b=(-5.0,5.0)::seed=346448963",rastrigin,cont,5000,0.001,"PSO_STD(p=20,w=0.72,c1=1.49,c2=1.49)",PSO_STD,0,30,0.0,0.03125,0.00182403120883085,0.0924611937899235,65.60546429305997,63.090755657088195,24.289113819960733,110.94472840249072
"CONT::rastrigin::d=20::b=(-5.0,5.0)::seed=346448963",rastrigin,cont,5000,0.001,"PSO_STD(p=40,w=0.72,c1=1.49,c2=1.49)",PSO_STD,0,30,0.0,0.03125,0.001894997820604129,0.09303632973174254,63.26683661282386,61.08809849370347,32.416025766886605,115.7728051736115
"CONT::rastrigin::d=20::b=(-5.0,5.0)::seed=346448963",rastrigin,cont,5000,0.001,"PSO_RING(p=20,ring,w=0.72,c1=1.49,c2=1.49)",PSO_RING,0,30,0.0,0.03125,0.0017030233472704655,0.09334146181424839,75.40889155078881,75.03938649067064,31.048175936620908,132.56273956380147
"CONT::rastrigin::d=20::b=(-5.0,5.0)::seed=346448963",rastrigin,cont,5000,0.001,"PSO_RING(p=40,ring,w=0.72,c1=1.49,c2=1.49)",PSO_RING,0,30,0.0,0.03125,0.0014302019286389913,0.08870801402998964,95.58226731179508,96.22312454932724,58.40786253135499,121.03951146461549
"CONT::rastrigin::d=20::b=(-5.0,5.0)::seed=346448963",rastrigin,cont,5000,0.001,"ES_ML(mu=10,lam=40,sigma=0.3)",ES_ML,0,30,0.0,0.03125,0.0017022217671887547,0.08838067320833178,79.85373124456167,76.78233921342924,46.86674388225697,119.55273624508854
"CONT::rastrigin::d=20::b=(-5.0,5.0)::seed=346448963",rastrigin,cont,5000,0.001,"ES_ML(mu=20,lam=80,sigma=0.2)",ES_ML,0,30,0.0,0.03125,0.0018365633841576283,0.09597995312322573,90.39031416307948,90.41603153335328,54.02006027013195,129.54013828725158
"CONT::levy::d=20::b=(-10.0,10.0)::seed=820160065",levy,cont,5000,0.01,RS_CONT,RS_CONT,0,30,0.0,0.03125,0.0015516156769434094,0.0889489819840676,61.0359945159518,62.58921352739368,43.212008738567384,75.8320641515074
"CONT::levy::d=20::b=(-10.0,10.0)::seed=820160065",levy,cont,5000,0.01,HC_CONT(sigma=0.2),HC_CONT,0,30,0.0,0.03125,0.002037113555730111,0.09167892820200708,38.122571855324196,39.011564359091196,20.80700784114648,57.23238373179748
"CONT::levy::d=20::b=(-10.0,10.0)::seed=820160065",levy,cont,5000,0.01,"SA_CONT(sigma=0.3,T0=1.0,alpha=0.995)",SA_CONT,0,30,0.0,0.03125,0.0014869406300494544,0.09268158855862994,39.2221144017876,39.33914246002988,22.433683617623824,59.887451148345725
"CONT::levy::d=20::b=(-10.0,10.0)::seed=820160065",levy,cont,5000,0.01,"DE(pop=20,F=0.8,CR=0.9)",DE,0,30,0.0,0.03125,0.0016372223328306554,0.09363873311233216,4.051731032799556,3.2572615638632842,0.7478955324641168,15.011665410258242
"CONT::levy::d=20::b=(-10.0,10.0)::seed=820160065",levy,cont,5000,0.01,"DE(pop=40,F=0.8,CR=0.9)",DE,0,30,0.0,0.03125,0.001914592618635279,0.09185471552976031,40.219209188503115,39.57359141380293,25.8483926204332,68.1640411083467
"CONT::levy::d=20::b=(-10.0,10.0)::seed=820160065",levy,cont,5000,0.01,"PSO_STD(p=20,w=0.72,c1=1.49,c2=1.49)",PSO_STD,1,30,0.03333333333333333,0.0625,0.01210265883417561,0.13955421613342975,4.714466586535766,2.9100470552204065,0.0003174252197961993,21.819183409420425
"CONT::levy::d=20::b=(-10.0,10.0)::seed=820160065",levy,cont,5000,0.01,"PSO_STD(p=40,w=0.72,c1=1.49,c2=1.49)",PSO_STD,0,30,0.0,0.03125,0.0016519573934950054,0.09451302989302263,1.474859844725222,0.8586693539650254,0.0718305478733372,5.0730192219916015
"CONT::levy::d=20::b=(-10.0,10.0)::seed=820160065",levy,cont,5000,0.01,"PSO_RING(p=20,ring,w=0.72,c1=1.49,c2=1.49)",PSO_RING,0,30,0.0,0.03125,0.0015015260380491884,0.09411343483685976,1.7385019079492374,1.1128561441319285,0.16197993450853926,6.877920480631422
"CONT::levy::d=20::b=(-10.0,10.0)::seed=820160065",levy,cont,5000,0.01,"PSO_RING(p=40,ring,w=0.72,c1=1.49,c2=1.49)",PSO_RING,0,30,0.0,0.03125,0.0016208359379345377,0.09534899376806817,4.770478707711951,4.228214146524396,0.909666885282182,11.85369743970692
"CONT::levy::d=20::b=(-10.0,10.0)::seed=820160065",levy,cont,5000,0.01,"ES_ML(mu=10,lam=40,sigma=0.3)",ES_ML,0,30,0.0,0.03125,0.001753504360554118,0.09698602195540189,25.956302283881094,25.53990664963407,16.99115679261173,39.36798019386112
"CONT::levy::d=20::b=(-10.0,10.0)::seed=820160065",levy,cont,5000,0.01,"ES_ML(mu=20,lam=80,sigma=0.2)",ES_ML,0,30,0.0,0.03125,0.0017758066428610853,0.08930011533532327,29.73213908028313,28.497192791406817,19.840013947207215,45.43222293050344
"CONT::sphere::d=20::b=(-30.0,30.0)::seed=32819289",sphere,cont,5000,1e-06,RS_CONT,RS_CONT,0,30,0.0,0.03125,0.001535427293939067,0.09406563401805484,2132.4793670250983,2102.65425575901,1801.1443125188976,2507.8242462303924
"CONT::sphere::d=20::b=(-30.0,30.0)::seed=32819289",sphere,cont,5000,1e-06,HC_CONT(sigma=0.2),HC_CONT,0,30,0.0,0.03125,0.0016428862901069492,0.09662952099598054,0.2881626810183472,0.28800061474793537,0.17451053655036877,0.38835851587294934
"CONT::sphere::d=20::b=(-30.0,30.0)::seed=32819289",sphere,cont,5000,1e-06,"SA_CONT(sigma=0.3,T0=1.0,alpha=0.995)",SA_CONT,0,30,0.0,0.03125,0.0017987635082955318,0.0942198271840527,0.6538178003951856,0.643561529966294,0.4502974523646173,0.8610013014978063
"CONT::sphere::d=20::b=(-30.0,30.0)::seed=32819289",sphere,cont,5000,1e-06,"DE(pop=20,F=0.8,CR=0.9)",DE,0,30,0.0,0.03125,0.0017006486420867062,0.08791675073853131,19.642169023749815,19.065671826247815,4.997127336043157,57.64125792023709
"CONT::sphere::d=20::b=(-30.0,30.0)::seed=32819289",sphere,cont,5000,1e-06,"DE(pop=40,F=0.8,CR=0.9)",DE,0,30,0.0,0.03125,0.00156763291969861,0.0886022650285372,865.5777570830932,849.669400868823,576.4142367688271,1318.8988991641356
"CONT::sphere::d=20::b=(-30.0,30.0)::seed=32819289",sphere,cont,5000,1e-06,"PSO_STD(p=20,w=0.72,c1=1.49,c2=1.49)",PSO_STD,0,30,0.0,0.03125,0.0014444903120520898,0.08970328895796585,30.000502123775995,0.00033745010701028506,3.060871173034433e-05,900.0000050609771
"CONT::sphere::d=20::b=(-30.0,30.0)::seed=32819289",sphere,cont,5000,1e-06,"PSO_STD(p=40,w=0.72,c1=1.49,c2=1.49)",PSO_STD,0,30,0.0,0.03125,0.0017427007277490633,0.0906296664332304,0.09100966482436745,0.08070756187953619,0.008439441032985568,0.2101817150183837
"CONT::sphere::d=20::b=(-30.0,30.0)::seed=32819289",sphere,cont,5000,1e-06,"PSO_RING(p=20,ring,w=0.72,c1=1.49,c2=1.49)",PSO_RING,0,30,0.0,0.03125,0.0018668810977935987,0.09320647973796133,0.22739807196542752,0.21451705315532846,0.06977944746192348,0.6710553208181945
"CONT::sphere::d=20::b=(-30.0,30.0)::seed=32819289",sphere,cont,5000,1e-06,"PSO_RING(p=40,ring,w=0.72,c1=1.49,c2=1.49)",PSO_RING,0,30,0.0,0.03125,0.0017378574907565348,0.0900517937867041,14.668374947897494,15.027441800643643,3.3678210409644675,25.290403630684708
"CONT::sphere::d=20::b=(-30.0,30.0)::seed=32819289",sphere,cont,5000,1e-06,"ES_ML(mu=10,lam=40,sigma=0.3)",ES_ML,0,30,0.0,0.03125,0.0018379386239298714,0.09031465845343818,1.0380480031339132,0.8400731408647305,0.32442975581845934,2.8458523390248684
"CONT::sphere::d=20::b=(-30.0,30.0)::seed=32819289",sphere,cont,5000,1e-06,"ES_ML(mu=20,lam=80,sigma=0.2)",ES_ML,0,30,0.0,0.03125,0.0017212310122036794,0.09031307506564233,77.83070345857917,75.50897303820862,31.207929053116555,126.90963729917296
"CONT::sphere::d=20::b=(-10.0,10.0)::seed=966185258",sphere,cont,5000,1e-06,RS_CONT,RS_CONT,0,30,0.0,0.03125,0.001731491467977237,0.08575236793467625,236.06113715726468,238.84747941131207,167.95872566475015,279.7764611876306
"CONT::sphere::d=20::b=(-10.0,10.0)::seed=966185258",sphere,cont,5000,1e-06,HC_CONT(sigma=0.2),HC_CONT,0,30,0.0,0.03125,0.0019922392974161558,0.08801516168587602,0.2683927238542515,0.26752123248026793,0.12226738979476107,0.3689822306453718
"CONT::sphere::d=20::b=(-10.0,10.0)::seed=966185258",sphere,cont,5000,1e-06,"SA_CONT(sigma=0.3,T0=1.0,alpha=0.995)",SA_CONT,0,30,0.0,0.03125,0.0015790643269017598,0.09623524804203572,0.6128074384049873,0.6296429294564604,0.4092686036507336,0.7969654298695814
"CONT::sphere::d=20::b=(-10.0,10.0)::seed=966185258",sphere,cont,5000,1e-06,"DE(pop=20,F=0.8,CR=0.9)",DE,0,30,0.0,0.03125,0.0012916103222891985,0.09525144115489263,2.376770735803738,2.3502160851058047,0.6057759110995092,4.1287473881470165
"CONT::sphere::d=20::b=(-10.0,10.0)::seed=966185258",sphere,cont,5000,1e-06,"DE(pop=40,F=0.8,CR=0.9)",DE,0,30,0.0,0.03125,0.0017917279693830637,0.08986556342274192,100.13558140578114,102.76000934170287,45.0550251378336,147.1409756897049
"CONT::sphere::d=20::b=(-10.0,10.0)::seed=966185258",sphere,cont,5000,1e-06,"PSO_STD(p=20,w=0.72,c1=1.49,c2=1.49)",PSO_STD,0,30,0.0,0.03125,0.001690624642812305,0.09108506909939296,3.3334692486645547,2.0838873605967463e-05,7.347185138781375e-06,100.00014829519365
"CONT::sphere::d=20::b=(-10.0,10.0)::seed=966185258",sphere,cont,5000,1e-06,"PSO_STD(p=40,w=0.72,c1=1.49,c2=1.49)",PSO_STD,0,30,0.0,0.03125,0.0016356389028564125,0.08774869310289621,0.014848461435081707,0.009232638069572455,0.0018365488975758501,0.05880586124448448
"CONT::sphere::d=20::b=(-10.0,10.0)::seed=966185258",sphere,cont,5000,1e-06,"PSO_RING(p=20,ring,w=0.72,c1=1.49,c2=1.49)",PSO_RING,0,30,0.0,0.03125,0.0016930113678577969,0.09013531610121321,0.024922039941870932,0.015687463648033372,0.004305624676609989,0.08141593584611947
"CONT::sphere::d=20::b=(-10.0,10.0)::seed=966185258",sphere,cont,5000,1e-06,"PSO_RING(p=40,ring,w=0.72,c1=1.49,c2=1.49)",PSO_RING,0,30,0.0,0.03125,0.0016232990708869351,0.09646966903000653,1.5952034990460477,1.4459492959065976,0.4364034521392962,3.3903520168397634
"CONT::sphere::d=20::b=(-10.0,10.0)::seed=966185258",sphere,cont,5000,1e-06,"ES_ML(mu=10,lam=40,sigma=0.3)",ES_ML,0,30,0.0,0.03125,0.0015002508224625385,0.0921841231715676,0.035862698139448396,0.0328020304318769,0.00873157297924456,0.07114899644878947
"CONT::sphere::d=20::b=(-10.0,10.0)::seed=966185258",sphere,cont,5000,1e-06,"ES_ML(mu=20,lam=80,sigma=0.2)",ES_ML,0,30,0.0,0.03125,0.0015957572957225087,0.089663773364496,2.5569427458055185,2.58570533182907,1.6075719535097106,3.623088926669522
"CONT::sphere::d=5::b=(-10.0,10.0)::seed=593709446",sphere,cont,5000,1e-06,RS_CONT,RS_CONT,0,30,0.0,0.03125,0.0017676840588090976,0.09413273738458719,6.0761925041464675,5.824009433556463,1.6859450022798972,12.648193025011256
"CONT::sphere::d=5::b=(-10.0,10.0)::seed=593709446",sphere,cont,5000,1e-06,HC_CONT(sigma=0.2),HC_CONT,0,30,0.0,0.03125,0.0018702555290795236,0.09496405549877718,0.00366346422763876,0.003755602979884279,0.0011241951248659673,0.0066770914789540505
"CONT::sphere::d=5::b=(-10.0,10.0)::seed=593709446",sphere,cont,5000,1e-06,"SA_CONT(sigma=0.3,T0=1.0,alpha=0.995)",SA_CONT,0,30,0.0,0.03125,0.001775380374523486,0.09148081388342527,0.009255149478027934,0.009068590563594176,0.0022670844511665116,0.020230483978826912
"CONT::sphere::d=5::b=(-10.0,10.0)::seed=593709446",sphere,cont,5000,1e-06,"DE(pop=20,F=0.8,CR=0.9)",DE,30,30,1.0,0.96875,0.9051769513931824,0.9979193958209421,4.203724814014347e-12,1.0870397588962552e-12,4.175921671058799e-14,2.987159962050661e-11
"CONT::sphere::d=5::b=(-10.0,10.0)::seed=593709446",sphere,cont,5000,1e-06,"DE(pop=40,F=0.8,CR=0.9)",DE,0,30,0.0,0.03125,0.0016232583666534264,0.08926862719209702,1.5482363593032708e-05,1.1447839335285648e-05,2.0626559591262835e-06,5.61448149843808e-05
"CONT::sphere::d=5::b=(-10.0,10.0)::seed=593709446",sphere,cont,5000,1e-06,"PSO_STD(p=20,w=0.72,c1=1.49,c2=1.49)",PSO_STD,30,30,1.0,0.96875,0.9103466618407494,0.9984998924029768,4.090461558741431e-17,2.292433343253617e-18,4.172197094600772e-20,6.399861741502458e-16
"CONT::sphere::d=5::b=(-10.0,10.0)::seed=593709446",sphere,cont,5000,1e-06,"PSO_STD(p=40,w=0.72,c1=1.49,c2=1.49)",PSO_STD,30,30,1.0,0.96875,0.908573234361092,0.9981751534231904,6.556075341919302e-10,4.3598925781754183e-10,1.5021246177319608e-11,3.0129556869030444e-09
"CONT::sphere::d=5::b=(-10.0,10.0)::seed=593709446",sphere,cont,5000,1e-06,"PSO_RING(p=20,ring,w=0.72,c1=1.49,c2=1.49)",PSO_RING,30,30,1.0,0.96875,0.9101275778590963,0.9980377441322649,8.256165256264388e-13,1.9215371259397448e-13,8.892340800312164e-15,6.801343554208715e-12
"CONT::sphere::d=5::b=(-10.0,10.0)::seed=593709446",sphere,cont,5000,1e-06,"PSO_RING(p=40,ring,w=0.72,c1=1.49,c2=1.49)",PSO_RING,19,30,0.6333333333333333,0.625,0.4816958314599322,0.7571720730887266,1.017257408146885e-06,6.014562733428512e-07,2.734873561715118e-08,4.07104240485163e-06
"CONT::sphere::d=5::b=(-10.0,10.0)::seed=593709446",sphere,cont,5000,1e-06,"ES_ML(mu=10,lam=40,sigma=0.3)",ES_ML,0,30,0.0,0.03125,0.0016884981433607194,0.08940640683669315,2.071744457629771e-05,1.7870164270723824e-05,2.2455639441690015e-06,6.204364556463066e-05
"CONT::sphere::d=5::b=(-10.0,10.0)::seed=593709446",sphere,cont,5000,1e-06,"ES_ML(mu=20,lam=80,sigma=0.2)",ES_ML,0,30,0.0,0.03125,0.0015642022874352629,0.09172457582967551,0.0023358737379238063,0.0017899685833068202,0.0004632310840688418,0.008223722397450606
"CONT::ackley::d=5::b=(-10.0,10.0)::seed=188046708",ackley,cont,5000,0.001,RS_CONT,RS_CONT,0,30,0.0,0.03125,0.0015746279283107769,0.0919532438872031,5.39337769448839,5.379764520012751,3.7461799501816064,7.311205334458116
"CONT::ackley::d=5::b=(-10.0,10.0)::seed=188046708",ackley,cont,5000,0.001,HC_CONT(sigma=0.2),HC_CONT,0,30,0.0,0.03125,0.0016921112210027615,0.09343671007047047,12.807016173861305,13.019861821102253,8.077474232382402,15.184772303948865
"CONT::ackley::d=5::b=(-10.0,10.0)::seed=188046708",ackley,cont,5000,0.001,"SA_CONT(sigma=0.3,T0=1.0,alpha=0.995)",SA_CONT,0,30,0.0,0.03125,0.0016568628829828462,0.09431483813331631,2.2017710814307656,0.2890408115680718,0.0904017682337046,14.091264464118327
"CONT::ackley::d=5::b=(-10.0,10.0)::seed=188046708",ackley,cont,5000,0.001,"DE(pop=20,F=0.8,CR=0.9)",DE,30,30,1.0,0.96875,0.9109832903330639,0.9983192593849737,2.759384234440887e-06,1.574262406212057e-06,3.8432868665339015e-07,1.1899391325176367e-05
"CONT::ackley::d=5::b=(-10.0,10.0)::seed=188046708",ackley,cont,5000,0.001,"DE(pop=40,F=0.8,CR=0.9)",DE,0,30,0.0,0.03125,0.0017042746407678144,0.09089002124746606,0.01144823962019889,0.009957670391275375,0.002514706666567168,0.026427533899241684
"CONT::ackley::d=5::b=(-10.0,10.0)::seed=188046708",ackley,cont,5000,0.001,"PSO_STD(p=20,w=0.72,c1=1.49,c2=1.49)",PSO_STD,30,30,1.0,0.96875,0.9135355442771393,0.9981023172667568,7.484342479102679e-09,3.904505607721376e-09,4.881077764196107e-10,3.815384319594273e-08
"CONT::ackley::d=5::b=(-10.0,10.0)::seed=188046708",ackley,cont,5000,0.001,"PSO_STD(p=40,w=0.72,c1=1.49,c2=1.49)",PSO_STD,30,30,1.0,0.96875,0.908087744407008,0.9983722320263106,4.471198511651527e-05,3.8005593769430135e-05,1.2808124499219531e-05,0.00012674827581848902
"CONT::ackley::d=5::b=(-10.0,10.0)::seed=188046708",ackley,cont,5000,0.001,"PSO_RING(p=20,ring,w=0.72,c1=1.49,c2=1.49)",PSO_RING,30,30,1.0,0.96875,0.9080640371959786,0.9980408740760598,1.9560289794107176e-06,1.0456056256380464e-06,2.3101107204936966e-07,1.0612899540962673e-05
"CONT::ackley::d=5::b=(-10.0,10.0)::seed=188046708",ackley,cont,5000,0.001,"PSO_RING(p=40,ring,w=0.72,c1=1.49,c2=1.49)",PSO_RING,7,30,0.23333333333333334,0.25,0.13250583381409844,0.3799188459595231,0.0018370165113188305,0.0015509943469091958,0.0002054091736956032,0.004582971384547552
"CONT::ackley::d=5::b=(-10.0,10.0)::seed=188046708",ackley,cont,5000,0.001,"ES_ML(mu=10,lam=40,sigma=0.3)",ES_ML,0,30,0.0,0.03125,0.0017232473366113315,0.09520852719657086,0.009333238315779339,0.008098671665593304,0.004419033385250959,0.01884042005921005
"CONT::ackley::d=5::b=(-10.0,10.0)::seed=188046708",ackley,cont,5000,0.001,"ES_ML(mu=20,lam=80,sigma=0.2)",ES_ML,0,30,0.0,0.03125,0.0019345278480459847,0.0947575944894651,0.09730981714635165,0.08416677813395568,0.02380577530501471,0.22828906076628686
"CONT::rastrigin::d=20::b=(-5.0,5.0)::seed=238230197",rastrigin,cont,5000,0.001,RS_CONT,RS_CONT,0,30,0.0,0.03125,0.0015924970617625504,0.09191838481491942,208.5869192796527,214.47764858174708,159.32956536062062,230.58655742474048
"CONT::rastrigin::d=20::b=(-5.0,5.0)::seed=238230197",rastrigin,cont,5000,0.001,HC_CONT(sigma=0.2),HC_CONT,0,30,0.0,0.03125,0.0015044199825800084,0.09378528412379973,198.03120424314181,204.5254439896587,124.03871671293345,249.77849175359057
"CONT::rastrigin::d=20::b=(-5.0,5.0)::seed=238230197",rastrigin,cont,5000,0.001,"SA_CONT(sigma=0.3,T0=1.0,alpha=0.995)",SA_CONT,0,30,0.0,0.03125,0.0016688085378529388,0.08805575009673493,216.8006462439576,221.14532844655992,157.19896083021305,277.51871593839076
"CONT::rastrigin::d=20::b=(-5.0,5.0)::seed=238230197",rastrigin,cont,5000,0.001,"DE(pop=20,F=0.8,CR=0.9)",DE,0,30,0.0,0.03125,0.0018000385894105283,0.09501437042041173,144.22631862053652,146.20791898152038,105.70754187884987,178.67312511057463
"CONT::rastrigin::d=20::b=(-5.0,5.0)::seed=238230197",rastrigin,cont,5000,0.001,"DE(pop=40,F=0.8,CR=0.9)",DE,0,30,0.0,0.03125,0.0014807404009146972,0.08990891287290143,195.90728127804036,196.6075881361768,162.12792284353736,217.4337956709427
"CONT::rastrigin::d=20::b=(-5.0,5.0)::seed=238230197",rastrigin,cont,5000,0.001,"PSO_STD(p=20,w=0.72,c1=1.49,c2=1.49)",PSO_STD,0,30,0.0,0.03125,0.0015027302979751477,0.09265166163975565,74.53157746511063,68.91188430851471,16.933005713175277,128.85379788640483
"CONT::rastrigin::d=20::b=(-5.0,5.0)::seed=238230197",rastrigin,cont,5000,0.001,"PSO_STD(p=40,w=0.72,c1=1.49,c2=1.49)",PSO_STD,0,30,0.0,0.03125,0.0016932907772660782,0.08969157575621899,60.72676251280604,59.1643404552178,35.59069468126532,92.53108438656312
"CONT::rastrigin::d=20::b=(-5.0,5.0)::seed=238230197",rastrigin,cont,5000,0.001,"PSO_RING(p=20,ring,w=0.72,c1=1.49,c2=1.49)",PSO_RING,0,30,0.0,0.03125,0.0019583718256092294,0.0945997027274289,72.7246857919827,75.2885297054903,33.88060317075468,115.43541976106923
"CONT::rastrigin::d=20::b=(-5.0,5.0)::seed=238230197",rastrigin,cont,5000,0.001,"PSO_RING(p=40,ring,w=0.72,c1=1.49,c2=1.49)",PSO_RING,0,30,0.0,0.03125,0.0017643294703327528,0.0912942050235551,87.11604281173668,87.2288480611808,50.27829788728812,114.03095102290762
"CONT::rastrigin::d=20::b=(-5.0,5.0)::seed=238230197",rastrigin,cont,5000,0.001,"ES_ML(mu=10,lam=40,sigma=0.3)",ES_ML,0,30,0.0,0.03125,0.001569432747028555,0.09389553675295055,82.35576076294507,83.24077370022991,47.90832635036247,138.32759295994921
"CONT::rastrigin::d=20::b=(-5.0,5.0)::seed=238230197",rastrigin,cont,5000,0.001,"ES_ML(mu=20,lam=80,sigma=0.2)",ES_ML,0,30,0.0,0.03125,0.0013946498303202244,0.09490381894296267,88.89881351487878,90.08955791524419,52.97081377948814,131.16461332291095
"CONT::rosenbrock::d=20::b=(-5.0,5.0)::seed=877082216",rosenbrock,cont,5000,0.01,RS_CONT,RS_CONT,0,30,0.0,0.03125,0.0018408654456179808,0.09172208879845858,38306.12252038652,39475.61189874688,19635.403589582987,51534.55218825918
"CONT::rosenbrock::d=20::b=(-5.0,5.0)::seed=877082216",rosenbrock,cont,5000,0.01,HC_CONT(sigma=0.2),HC_CONT,0,30,0.0,0.03125,0.0016520980562310448,0.08712731660898468,73.06411091914582,48.66763718507117,30.923104866184584,276.87147016361354
"CONT::rosenbrock::d=20::b=(-5.0,5.0)::seed=877082216",rosenbrock,cont,5000,0.01,"SA_CONT(sigma=0.3,T0=1.0,alpha=0.995)",SA_CONT,0,30,0.0,0.03125,0.0015324828194984885,0.0878586841357601,107.40623278433974,84.22356390463074,60.189778810867644,277.623634262708
"CONT::rosenbrock::d=20::b=(-5.0,5.0)::seed=877082216",rosenbrock,cont,5000,0.01,"DE(pop=20,F=0.8,CR=0.9)",DE,0,30,0.0,0.03125,0.001785583202796471,0.09574954432039073,224.67936368127766,201.48046890750186,45.61581851249562,514.283458464535
"CONT::rosenbrock::d=20::b=(-5.0,5.0)::seed=877082216",rosenbrock,cont,5000,0.01,"DE(pop=40,F=0.8,CR=0.9)",DE,0,30,0.0,0.03125,0.0014708596735958546,0.09819119812329355,13382.893468284832,12781.02215392137,6442.019395638321,24574.117167597065
"CONT::rosenbrock::d=20::b=(-5.0,5.0)::seed=877082216",rosenbrock,cont,5000,0.01,"PSO_STD(p=20,w=0.72,c1=1.49,c2=1.49)",PSO_STD,0,30,0.0,0.03125,0.0015376876363964304,0.09420168920662367,57.090574417792524,17.883147627243034,3.448577699438855,219.07728248160984
"CONT::rosenbrock::d=20::b=(-5.0,5.0)::seed=877082216",rosenbrock,cont,5000,0.01,"PSO_STD(p=40,w=0.72,c1=1.49,c2=1.49)",PSO_STD,0,30,0.0,0.03125,0.001533664816368301,0.09277608905564864,170.63281404971434,23.469411090797617,10.340144013109605,2519.9770858910665
"CONT::rosenbrock::d=20::b=(-5.0,5.0)::seed=877082216",rosenbrock,cont,5000,0.01,"PSO_RING(p=20,ring,w=0.72,c1=1.49,c2=1.49)",PSO_RING,0,30,0.0,0.03125,0.0017648057831455152,0.0964247485158509,63.2260598714196,69.1236614165027,19.324768508887157,128.23347651374803
"CONT::rosenbrock::d=20::b=(-5.0,5.0)::seed=877082216",rosenbrock,cont,5000,0.01,"PSO_RING(p=40,ring,w=0.72,c1=1.49,c2=1.49)",PSO_RING,0,30,0.0,0.03125,0.0015375695375154472,0.0937782915896101,175.45164949882485,172.96665642484567,65.03448708366939,353.8556000603685
"CONT::rosenbrock::d=20::b=(-5.0,5.0)::seed=877082216",rosenbrock,cont,5000,0.01,"ES_ML(mu=10,lam=40,sigma=0.3)",ES_ML,0,30,0.0,0.03125,0.001570756339411397,0.0904014016859916,29.748712463136712,19.706100709301545,14.885264429786739,121.76118703899233
"CONT::rosenbrock::d=20::b=(-5.0,5.0)::seed=877082216",rosenbrock,cont,5000,0.01,"ES_ML(mu=20,lam=80,sigma=0.2)",ES_ML,0,30,0.0,0.03125,0.0017636710891525175,0.09256554695712435,78.59482567505043,65.2228537090587,28.81783623575294,251.69348581079916
"CONT::griewank::d=10::b=(-10.0,10.0)::seed=85979202",griewank,cont,5000,0.001,RS_CONT,RS_CONT,0,30,0.0,0.03125,0.001671660284379497,0.09465113826116278,0.60420844224593,0.6141463703123399,0.365021808247885,0.7539529184080137
"CONT::griewank::d=10::b=(-10.0,10.0)::seed=85979202",griewank,cont,5000,0.001,HC_CONT(sigma=0.2),HC_CONT,0,30,0.0,0.03125,0.0016773454142200307,0.09262818361187594,0.10964506139646867,0.0975071970727166,0.03586064153670576,0.2621505396429509
"CONT::griewank::d=10::b=(-10.0,10.0)::seed=85979202",griewank,cont,5000,0.001,"SA_CONT(sigma=0.3,T0=1.0,alpha=0.995)",SA_CONT,0,30,0.0,0.03125,0.001557551632840732,0.09098081242221845,0.12694873489470368,0.10940212005276212,0.03326584404536381,0.2684646108626396
"CONT::griewank::d=10::b=(-10.0,10.0)::seed=85979202",griewank,cont,5000,0.001,"DE(pop=20,F=0.8,CR=0.9)",DE,0,30,0.0,0.03125,0.0018534873558983386,0.09217014513828217,0.4275330932496091,0.45612911238250864,0.09921532119044174,0.6538376624047006
"CONT::griewank::d=10::b=(-10.0,10.0)::seed=85979202",griewank,cont,5000,0.001,"DE(pop=40,F=0.8,CR=0.9)",DE,0,30,0.0,0.03125,0.0018392912232457217,0.09157902036387412,0.5517889431737443,0.5567064264688719,0.3811588633053793,0.6728719196228043
"CONT::griewank::d=10::b=(-10.0,10.0)::seed=85979202",griewank,cont,5000,0.001,"PSO_STD(p=20,w=0.72,c1=1.49,c2=1.49)",PSO_STD,0,30,0.0,0.03125,0.0015844107303977617,0.09162516369367682,0.12019805329993292,0.09703162026926132,0.012320988962626789,0.3000617468159916
"CONT::griewank::d=10::b=(-10.0,10.0)::seed=85979202",griewank,cont,5000,0.001,"PSO_STD(p=40,w=0.72,c1=1.49,c2=1.49)",PSO_STD,0,30,0.0,0.03125,0.0014861197015145942,0.09028798307253108,0.09005696194755432,0.08542902530917657,0.0197203936007182,0.2049214664131822
"CONT::griewank::d=10::b=(-10.0,10.0)::seed=85979202",griewank,cont,5000,0.001,"PSO_RING(p=20,ring,w=0.72,c1=1.49,c2=1.49)",PSO_RING,0,30,0.0,0.03125,0.0014483351156005895,0.09511360189905634,0.061055957604330476,0.04555440426576329,0.012325053837445976,0.24013310611244654
"CONT::griewank::d=10::b=(-10.0,10.0)::seed=85979202",griewank,cont,5000,0.001,"PSO_RING(p=40,ring,w=0.72,c1=1.49,c2=1.49)",PSO_RING,0,30,0.0,0.03125,0.0016525307129674905,0.0930851102031137,0.04766271020676897,0.04326586354248302,0.01253481213833929,0.10784367061204858
"CONT::griewank::d=10::b=(-10.0,10.0)::seed=85979202",griewank,cont,5000,0.001,"ES_ML(mu=10,lam=40,sigma=0.3)",ES_ML,0,30,0.0,0.03125,0.0017455525695247468,0.09213828455155046,0.08592008483118949,0.07997661485220464,0.022199097539324364,0.19147782885527054
"CONT::griewank::d=10::b=(-10.0,10.0)::seed=85979202",griewank,cont,5000,0.001,"ES_ML(mu=20,lam=80,sigma=0.2)",ES_ML,0,30,0.0,0.03125,0.001606023483641556,0.09513162273299802,0.08822901587076586,0.07129772052422706,0.04669249835380995,0.24384571226183627
"CONT::sphere::d=5::b=(-10.0,10.0)::seed=370046573",sphere,cont,5000,1e-06,RS_CONT,RS_CONT,0,30,0.0,0.03125,0.0019258532549465916,0.09180114580971792,5.63868725338323,5.18786882907963,1.4473176717719598,14.605877984398031
"CONT::sphere::d=5::b=(-10.0,10.0)::seed=370046573",sphere,cont,5000,1e-06,HC_CONT(sigma=0.2),HC_CONT,0,30,0.0,0.03125,0.0015954862873469445,0.0910146998550609,0.003727647569023425,0.0038138324367484183,0.0011114126463372966,0.005570205323262732
"CONT::sphere::d=5::b=(-10.0,10.0)::seed=370046573",sphere,cont,5000,1e-06,"SA_CONT(sigma=0.3,T0=1.0,alpha=0.995)",SA_CONT,0,30,0.0,0.03125,0.0014665003133457327,0.08749918769920335,0.00987052484883741,0.008364721093653351,0.001791153503643883,0.01773736058216022
"CONT::sphere::d=5::b=(-10.0,10.0)::seed=370046573",sphere,cont,5000,1e-06,"DE(pop=20,F=0.8,CR=0.9)",DE,30,30,1.0,0.96875,0.9076778058005502,0.9983149337848155,2.3672275781576214e-12,5.603746282720252e-13,3.022503621852331e-14,2.3858776120066193e-11
"CONT::sphere::d=5::b=(-10.0,10.0)::seed=370046573",sphere,cont,5000,1e-06,"DE(pop=40,F=0.8,CR=0.9)",DE,0,30,0.0,0.03125,0.0014178036441950754,0.09002499982390279,1.5611240326696854e-05,1.2686421504590854e-05,2.8772174101111083e-06,3.984129338167942e-05
"CONT::sphere::d=5::b=(-10.0,10.0)::seed=370046573",sphere,cont,5000,1e-06,"PSO_STD(p=20,w=0.72,c1=1.49,c2=1.49)",PSO_STD,30,30,1.0,0.96875,0.9058647371608506,0.998040769822964,3.9066454029899556e-17,3.4691761088265475e-18,2.0577770039006238e-20,5.76211085326212e-16
"CONT::sphere::d=5::b=(-10.0,10.0)::seed=370046573",sphere,cont,5000,1e-06,"PSO_STD(p=40,w=0.72,c1=1.49,c2=1.49)",PSO_STD,30,30,1.0,0.96875,0.9074086643499627,0.998647250777793,9.925981571681306e-10,3.8812575709437224e-10,3.0947158113633014e-11,7.647434155233803e-09
"CONT::sphere::d=5::b=(-10.0,10.0)::seed=370046573",sphere,cont,5000,1e-06,"PSO_RING(p=20,ring,w=0.72,c1=1.49,c2=1.49)",PSO_RING,30,30,1.0,0.96875,0.9113911119813569,0.9982073139462333,1.0623473818292283e-12,2.3997563964542914e-13,9.168805804043713e-15,1.508399455483764e-11
"CONT::sphere::d=5::b=(-10.0,10.0)::seed=370046573",sphere,cont,5000,1e-06,"PSO_RING(p=40,ring,w=0.72,c1=1.49,c2=1.49)",PSO_RING,21,30,0.7,0.6875,0.5472080794261854,0.8141602059976656,9.557978516581581e-07,5.636406356425851e-07,4.089901316715288e-08,4.391116896781986e-06
"CONT::sphere::d=5::b=(-10.0,10.0)::seed=370046573",sphere,cont,5000,1e-06,"ES_ML(mu=10,lam=40,sigma=0.3)",ES_ML,0,30,0.0,0.03125,0.0017074591796666354,0.08939781296284297,2.8640935752953107e-05,2.1754636527741755e-05,5.383406759011096e-06,7.773823813167052e-05
"CONT::sphere::d=5::b=(-10.0,10.0)::seed=370046573",sphere,cont,5000,1e-06,"ES_ML(mu=20,lam=80,sigma=0.2)",ES_ML,0,30,0.0,0.03125,0.0017046866633234025,0.09064101101998472,0.0019984516999689405,0.0017240942965055725,0.000353712343908272,0.005182749861871137
"CONT::rastrigin::d=20::b=(-10.0,10.0)::seed=612020737",rastrigin,cont,5000,0.001,RS_CONT,RS_CONT,0,30,0.0,0.03125,0.0016889484344900254,0.08756464931470048,422.41722773851086,429.3074897545281,359.69958802146857,459.49550729371225
"CONT::rastrigin::d=20::b=(-10.0,10.0)::seed=612020737",rastrigin,cont,5000,0.001,HC_CONT(sigma=0.2),HC_CONT,0,30,0.0,0.03125,0.001635020133539998,0.0977666715733167,616.7935604674931,620.1344494316999,410.56666758787776,842.2607065480253
"CONT::rastrigin::d=20::b=(-10.0,10.0)::seed=612020737",rastrigin,cont,5000,0.001,"SA_CONT(sigma=0.3,T0=1.0,alpha=0.995)",SA_CONT,0,30,0.0,0.03125,0.001987046386953375,0.09555681925023689,480.28901896041464,466.02016441866385,299.17609800073785,761.8586936350149
"CONT::rastrigin::d=20::b=(-10.0,10.0)::seed=612020737",rastrigin,cont,5000,0.001,"DE(pop=20,F=0.8,CR=0.9)",DE,0,30,0.0,0.03125,0.0018978557695251879,0.09318715840874114,154.45614065075296,155.76911900652206,108.42604688562832,188.8832724260583
"CONT::rastrigin::d=20::b=(-10.0,10.0)::seed=612020737",rastrigin,cont,5000,0.001,"DE(pop=40,F=0.8,CR=0.9)",DE,0,30,0.0,0.03125,0.0017463323857862696,0.09323674212238407,281.93916125064493,283.2512718914844,210.67940141676578,335.56067136526553
"CONT::rastrigin::d=20::b=(-10.0,10.0)::seed=612020737",rastrigin,cont,5000,0.001,"PSO_STD(p=20,w=0.72,c1=1.49,c2=1.49)",PSO_STD,0,30,0.0,0.03125,0.001528784480570696,0.09011594215580551,60.31837878889182,54.38963591976719,16.08069231275843,155.37846907527174
"CONT::rastrigin::d=20::b=(-10.0,10.0)::seed=612020737",rastrigin,cont,5000,0.001,"PSO_STD(p=40,w=0.72,c1=1.49,c2=1.49)",PSO_STD,0,30,0.0,0.03125,0.0015751436647826614,0.08953478121536501,59.76192642772326,55.03040324667235,16.372655261665926,118.89930391694129
"CONT::rastrigin::d=20::b=(-10.0,10.0)::seed=612020737",rastrigin,cont,5000,0.001,"PSO_RING(p=20,ring,w=0.72,c1=1.49,c2=1.49)",PSO_RING,0,30,0.0,0.03125,0.0014746734084860136,0.09055632450683482,69.52252606861613,72.32274824415504,43.44538651918498,88.92516165811014
"CONT::rastrigin::d=20::b=(-10.0,10.0)::seed=612020737",rastrigin,cont,5000,0.001,"PSO_RING(p=40,ring,w=0.72,c1=1.49,c2=1.49)",PSO_RING,0,30,0.0,0.03125,0.0017756943001182722,0.08692597846941219,110.06280570564459,108.94792335846678,78.07853046068477,158.91001830205502
"CONT::rastrigin::d=20::b=(-10.0,10.0)::seed=612020737",rastrigin,cont,5000,0.001,"ES_ML(mu=10,lam=40,sigma=0.3)",ES_ML,0,30,0.0,0.03125,0.001825710504340026,0.09183170941978791,199.42682866373616,199.23583517043102,84.59587102879449,353.4662588025301
"CONT::rastrigin::d=20::b=(-10.0,10.0)::seed=612020737",rastrigin,cont,5000,0.001,"ES_ML(mu=20,lam=80,sigma=0.2)",ES_ML,0,30,0.0,0.03125,0.0015431439834683615,0.09127801869921744,292.8403503637133,289.2252454414581,173.27263926296473,422.50864945280915
"CONT::griewank::d=10::b=(-30.0,30.0)::seed=896784421",griewank,cont,5000,0.001,RS_CONT,RS_CONT,0,30,0.0,0.03125,0.0015592325486678434,0.09317749603377026,1.0677011505382992,1.0897388837235527,0.7950878311933596,1.1640921985057913
"CONT::griewank::d=10::b=(-30.0,30.0)::seed=896784421",griewank,cont,5000,0.001,HC_CONT(sigma=0.2),HC_CONT,0,30,0.0,0.03125,0.0016216333161517785,0.09016239181078269,0.6234033245903983,0.6012624670699585,0.22021952766558006,0.9145359114791779
"CONT::griewank::d=10::b=(-30.0,30.0)::seed=896784421",griewank,cont,5000,0.001,"SA_CONT(sigma=0.3,T0=1.0,alpha=0.995)",SA_CONT,0,30,0.0,0.03125,0.002097283574930708,0.09115053141674744,0.6157526404673546,0.6136860483962021,0.3221079330396813,0.9184889714752119
"CONT::griewank::d=10::b=(-30.0,30.0)::seed=896784421",griewank,cont,5000,0.001,"DE(pop=20,F=0.8,CR=0.9)",DE,0,30,0.0,0.03125,0.0015805944510739534,0.08802687477832292,0.5879375973932169,0.5951794558817848,0.2957796539998505,0.8930662921686795
"CONT::griewank::d=10::b=(-30.0,30.0)::seed=896784421",griewank,cont,5000,0.001,"DE(pop=40,F=0.8,CR=0.9)",DE,0,30,0.0,0.03125,0.001494307777099485,0.09389987575713303,0.7357992561903004,0.753555429264384,0.5191626568892915,0.9456832240221427
"CONT::griewank::d=10::b=(-30.0,30.0)::seed=896784421",griewank,cont,5000,0.001,"PSO_STD(p=20,w=0.72,c1=1.49,c2=1.49)",PSO_STD,0,30,0.0,0.03125,0.0018380669202075982,0.09295853500390122,0.1019128771216778,0.07501047140224171,0.039353068484846654,0.3396552431701636
"CONT::griewank::d=10::b=(-30.0,30.0)::seed=896784421",griewank,cont,5000,0.001,"PSO_STD(p=40,w=0.72,c1=1.49,c2=1.49)",PSO_STD,0,30,0.0,0.03125,0.0018562955756576001,0.09284386921915824,0.10855986196904413,0.09821399005225762,0.05417770145692702,0.20689538779289318
"CONT::griewank::d=10::b=(-30.0,30.0)::seed=896784421",griewank,cont,5000,0.001,"PSO_RING(p=20,ring,w=0.72,c1=1.49,c2=1.49)",PSO_RING,0,30,0.0,0.03125,0.0014990096650532453,0.08919835483149258,0.06226112451113657,0.05653028698527224,0.012981823293967132,0.17024722650809343
"CONT::griewank::d=10::b=(-30.0,30.0)::seed=896784421",griewank,cont,5000,0.001,"PSO_RING(p=40,ring,w=0.72,c1=1.49,c2=1.49)",PSO_RING,0,30,0.0,0.03125,0.0017249248569279048,0.09154758701450785,0.1247184368053368,0.11650196691342601,0.03444751078304831,0.2920526891945555
"CONT::griewank::d=10::b=(-30.0,30.0)::seed=896784421",griewank,cont,5000,0.001,"ES_ML(mu=10,lam=40,sigma=0.3)",ES_ML,0,30,0.0,0.03125,0.001729206228428328,0.08847424136502234,0.3710940710288068,0.38876327997078963,0.020798091628934867,0.6517019179229163
"CONT::griewank::d=10::b=(-30.0,30.0)::seed=896784421",griewank,cont,5000,0.001,"ES_ML(mu=20,lam=80,sigma=0.2)",ES_ML,0,30,0.0,0.03125,0.001718923789372652,0.09348803401667401,0.4180877264043589,0.3983664577863269,0.1741355052279372,0.8005914396795001
"CONT::ackley::d=10::b=(-5.0,5.0)::seed=389853702",ackley,cont,5000,0.001,RS_CONT,RS_CONT,0,30,0.0,0.03125,0.0019555946015100117,0.09048048007545638,5.771906248645178,5.704529495434025,4.818001657217685,6.626373315899595
"CONT::ackley::d=10::b=(-5.0,5.0)::seed=389853702",ackley,cont,5000,0.001,HC_CONT(sigma=0.2),HC_CONT,0,30,0.0,0.03125,0.0016399513855328987,0.09519079531775547,8.252419390026137,8.54807548305709,3.053221154078195,10.351711976620802
"CONT::ackley::d=10::b=(-5.0,5.0)::seed=389853702",ackley,cont,5000,0.001,"SA_CONT(sigma=0.3,T0=1.0,alpha=0.995)",SA_CONT,0,30,0.0,0.03125,0.0017114408709704592,0.08699613271723479,0.866340660941344,0.8732502305451306,0.6121591521874845,1.1379138920661487
"CONT::ackley::d=10::b=(-5.0,5.0)::seed=389853702",ackley,cont,5000,0.001,"DE(pop=20,F=0.8,CR=0.9)",DE,0,30,0.0,0.03125,0.0016194151721472794,0.09222099004793688,0.03907585669291906,0.027554363015870553,0.009211456571627696,0.22949402714583345
"CONT::ackley::d=10::b=(-5.0,5.0)::seed=389853702",ackley,cont,5000,0.001,"DE(pop=40,F=0.8,CR=0.9)",DE,0,30,0.0,0.03125,0.0017509298380693956,0.08901230142768504,2.370849930120667,2.278749120821511,1.7727249108938925,3.133811844443127
"CONT::ackley::d=10::b=(-5.0,5.0)::seed=389853702",ackley,cont,5000,0.001,"PSO_STD(p=20,w=0.72,c1=1.49,c2=1.49)",PSO_STD,26,30,0.8666666666666667,0.84375,0.7241842956223689,0.9350934050101899,0.19899924494265545,4.456879935776925e-06,1.933937920917117e-07,2.0133152396588767
"CONT::ackley::d=10::b=(-5.0,5.0)::seed=389853702",ackley,cont,5000,0.001,"PSO_STD(p=40,w=0.72,c1=1.49,c2=1.49)",PSO_STD,13,30,0.43333333333333335,0.4375,0.2987235049824827,0.5815141786617885,0.0012589205581226004,0.0010487372182184096,0.0003075219021089204,0.0030436811531129315
"CONT::ackley::d=10::b=(-5.0,5.0)::seed=389853702",ackley,cont,5000,0.001,"PSO_RING(p=20,ring,w=0.72,c1=1.49,c2=1.49)",PSO_RING,14,30,0.4666666666666667,0.46875,0.3321642548476264,0.6182231290085892,0.0013739810761182211,0.0010809086459109274,0.00037153657989863476,0.005536884605334524
"CONT::ackley::d=10::b=(-5.0,5.0)::seed=389853702",ackley,cont,5000,0.001,"PSO_RING(p=40,ring,w=0.72,c1=1.49,c2=1.49)",PSO_RING,0,30,0.0,0.03125,0.0020756021428724844,0.08983059667189235,0.0817496616648006,0.07065540578516272,0.03688851006946381,0.19590918570540028
"CONT::ackley::d=10::b=(-5.0,5.0)::seed=389853702",ackley,cont,5000,0.001,"ES_ML(mu=10,lam=40,sigma=0.3)",ES_ML,0,30,0.0,0.03125,0.0018016828298101678,0.09596002788251354,0.018314336191308525,0.016912200571424396,0.009426164985687269,0.03356037746842633
"CONT::ackley::d=10::b=(-5.0,5.0)::seed=389853702",ackley,cont,5000,0.001,"ES_ML(mu=20,lam=80,sigma=0.2)",ES_ML,0,30,0.0,0.03125,0.0013368367543695723,0.09043345988772612,0.2369754172991397,0.24814990562300077,0.10100323047816007,0.41538537481872995
"CONT::ackley::d=5::b=(-30.0,30.0)::seed=861871632",ackley,cont,5000,0.001,RS_CONT,RS_CONT,0,30,0.0,0.03125,0.001574842609286035,0.09313325427975122,11.208411479426964,11.178250374516125,7.505623474311708,13.228471468035012
"CONT::ackley::d=5::b=(-30.0,30.0)::seed=861871632",ackley,cont,5000,0.001,HC_CONT(sigma=0.2),HC_CONT,0,30,0.0,0.03125,0.0016324593713945223,0.0909901841691614,19.307476910028704,19.454812156326106,16.907133054512787,19.824297221370216
"CONT::ackley::d=5::b=(-30.0,30.0)::seed=861871632",ackley,cont,5000,0.001,"SA_CONT(sigma=0.3,T0=1.0,alpha=0.995)",SA_CONT,0,30,0.0,0.03125,0.0019006262214565461,0.09165358432627703,18.286185442822372,19.447727959785688,0.2701313794754623,19.858896811265886
"CONT::ackley::d=5::b=(-30.0,30.0)::seed=861871632",ackley,cont,5000,0.001,"DE(pop=20,F=0.8,CR=0.9)",DE,30,30,1.0,0.96875,0.9056584735379993,0.9983157634038805,1.1794101028872462e-05,5.9769036711010415e-06,1.2971534215644454e-06,4.7747993996427596e-05
"CONT::ackley::d=5::b=(-30.0,30.0)::seed=861871632",ackley,cont,5000,0.001,"DE(pop=40,F=0.8,CR=0.9)",DE,0,30,0.0,0.03125,0.0017316502981894032,0.09272992843931815,0.06257662660539969,0.049804265029021355,0.019857385898643276,0.21484510568064907
"CONT::ackley::d=5::b=(-30.0,30.0)::seed=861871632",ackley,cont,5000,0.001,"PSO_STD(p=20,w=0.72,c1=1.49,c2=1.49)",PSO_STD,30,30,1.0,0.96875,0.910983543558323,0.9983552881846418,2.5818015192413667e-08,9.257064892409517e-09,2.47692044652581e-09,2.2054548098893179e-07
"CONT::ackley::d=5::b=(-30.0,30.0)::seed=861871632",ackley,cont,5000,0.001,"PSO_STD(p=40,w=0.72,c1=1.49,c2=1.49)",PSO_STD,30,30,1.0,0.96875,0.9069052892499123,0.998433384868805,0.00010976136290610227,8.993917101074445e-05,4.08764104489201e-05,0.00030419272126325225
"CONT::ackley::d=5::b=(-30.0,30.0)::seed=861871632",ackley,cont,5000,0.001,"PSO_RING(p=20,ring,w=0.72,c1=1.49,c2=1.49)",PSO_RING,30,30,1.0,0.96875,0.9075387561159218,0.9984751711703981,4.6555121635982745e-06,3.4906350383501206e-06,1.5642388762060477e-07,1.5828429316133708e-05
"CONT::ackley::d=5::b=(-30.0,30.0)::seed=861871632",ackley,cont,5000,0.001,"PSO_RING(p=40,ring,w=0.72,c1=1.49,c2=1.49)",PSO_RING,0,30,0.0,0.03125,0.00176742698812586,0.09114009159208598,0.007973894854191215,0.005812008508577993,0.0016382698532777518,0.02871271274224485
"CONT::ackley::d=5::b=(-30.0,30.0)::seed=861871632",ackley,cont,5000,0.001,"ES_ML(mu=10,lam=40,sigma=0.3)",ES_ML,0,30,0.0,0.03125,0.0017992406455600678,0.09193046507281201,15.572217524279498,17.461621305079127,0.016689892441917653,18.86167089879035
"CONT::ackley::d=5::b=(-30.0,30.0)::seed=861871632",ackley,cont,5000,0.001,"ES_ML(mu=20,lam=80,sigma=0.2)",ES_ML,0,30,0.0,0.03125,0.001946819745289248,0.0885678773384965,15.353195705869446,16.576921082151557,0.522287329928258,18.528352722545794
"CONT::rosenbrock::d=10::b=(-5.0,5.0)::seed=501082359",rosenbrock,cont,5000,0.01,RS_CONT,RS_CONT,0,30,0.0,0.03125,0.0017407567077982295,0.08975007295721608,3512.5739847770083,3351.097269059052,1260.9790004504864,6271.825832072584
"CONT::rosenbrock::d=10::b=(-5.0,5.0)::seed=501082359",rosenbrock,cont,5000,0.01,HC_CONT(sigma=0.2),HC_CONT,0,30,0.0,0.03125,0.001546506571929108,0.09218052789460074,20.221908821316546,12.671110729714584,9.772810309029138,135.70145921453
"CONT::rosenbrock::d=10::b=(-5.0,5.0)::seed=501082359",rosenbrock,cont,5000,0.01,"SA_CONT(sigma=0.3,T0=1.0,alpha=0.995)",SA_CONT,0,30,0.0,0.03125,0.0017579783853230748,0.09082888866711177,20.642497592650944,16.6662823407107,12.004960515133941,84.1571680967599
"CONT::rosenbrock::d=10::b=(-5.0,5.0)::seed=501082359",rosenbrock,cont,5000,0.01,"DE(pop=20,F=0.8,CR=0.9)",DE,0,30,0.0,0.03125,0.0016212238695239186,0.09464252735987572,7.845797933508523,7.579437532790632,4.100667723080715,13.171270188252759
"CONT::rosenbrock::d=10::b=(-5.0,5.0)::seed=501082359",rosenbrock,cont,5000,0.01,"DE(pop=40,F=0.8,CR=0.9)",DE,0,30,0.0,0.03125,0.0017866264528932664,0.09281446439211403,105.78069397174066,96.11674468042284,41.76787681918986,277.4860666702393
"CONT::rosenbrock::d=10::b=(-5.0,5.0)::seed=501082359",rosenbrock,cont,5000,0.01,"PSO_STD(p=20,w=0.72,c1=1.49,c2=1.49)",PSO_STD,0,30,0.0,0.03125,0.0019700131126448896,0.08829718804407363,37.41554271618494,5.326951972616045,0.06463275018988356,486.9688480330628
"CONT::rosenbrock::d=10::b=(-5.0,5.0)::seed=501082359",rosenbrock,cont,5000,0.01,"PSO_STD(p=40,w=0.72,c1=1.49,c2=1.49)",PSO_STD,0,30,0.0,0.03125,0.0016443615720601243,0.09726411864208345,13.029346054503469,6.5737617164901,0.019369275805828652,99.46856561784553
"CONT::rosenbrock::d=10::b=(-5.0,5.0)::seed=501082359",rosenbrock,cont,5000,0.01,"PSO_RING(p=20,ring,w=0.72,c1=1.49,c2=1.49)",PSO_RING,0,30,0.0,0.03125,0.0017496187140243439,0.09211630848711935,6.129952881167004,6.696702332136169,1.2697405215801105,9.619330267304058
"CONT::rosenbrock::d=10::b=(-5.0,5.0)::seed=501082359",rosenbrock,cont,5000,0.01,"PSO_RING(p=40,ring,w=0.72,c1=1.49,c2=1.49)",PSO_RING,0,30,0.0,0.03125,0.0013904805078576645,0.09200655224060685,7.814257813726655,7.688104949141483,2.5095142031943287,16.550860396774585
"CONT::rosenbrock::d=10::b=(-5.0,5.0)::seed=501082359",rosenbrock,cont,5000,0.01,"ES_ML(mu=10,lam=40,sigma=0.3)",ES_ML,0,30,0.0,0.03125,0.0018300707745421787,0.09513457115455835,6.965940996909054,6.830078872647374,4.950175831258319,9.554933773816746
"CONT::rosenbrock::d=10::b=(-5.0,5.0)::seed=501082359",rosenbrock,cont,5000,0.01,"ES_ML(mu=20,lam=80,sigma=0.2)",ES_ML,0,30,0.0,0.03125,0.0015515839218257215,0.09475194466737777,11.100509398693054,9.156385572481778,6.750424235078597,70.60228500440901
"CONT::ackley::d=20::b=(-5.0,5.0)::seed=2032269",ackley,cont,5000,0.001,RS_CONT,RS_CONT,0,30,0.0,0.03125,0.001615415847369467,0.09091205713785432,7.384923836627504,7.388957516522427,6.755406238900273,7.897030360373604
"CONT::ackley::d=20::b=(-5.0,5.0)::seed=2032269",ackley,cont,5000,0.001,HC_CONT(sigma=0.2),HC_CONT,0,30,0.0,0.03125,0.001563776231090049,0.09484161514716478,6.2716843058347065,7.096376849841666,1.2112620584567364,10.42835384855159
"CONT::ackley::d=20::b=(-5.0,5.0)::seed=2032269",ackley,cont,5000,0.001,"SA_CONT(sigma=0.3,T0=1.0,alpha=0.995)",SA_CONT,0,30,0.0,0.03125,0.0016017761733622545,0.0925146312987991,1.9756003136906568,1.9370669146670552,1.3585281478979252,3.2977847689737243
"CONT::ackley::d=20::b=(-5.0,5.0)::seed=2032269",ackley,cont,5000,0.001,"DE(pop=20,F=0.8,CR=0.9)",DE,0,30,0.0,0.03125,0.001702957371946501,0.09002460114160177,1.9403594586209258,2.0377896861158544,1.137821204421265,2.886596118371646
"CONT::ackley::d=20::b=(-5.0,5.0)::seed=2032269",ackley,cont,5000,0.001,"DE(pop=40,F=0.8,CR=0.9)",DE,0,30,0.0,0.03125,0.0014535613002239444,0.09188652313801604,5.693469543027091,5.662394645655727,5.049671352066408,6.540565620254977
"CONT::ackley::d=20::b=(-5.0,5.0)::seed=2032269",ackley,cont,5000,0.001,"PSO_STD(p=20,w=0.72,c1=1.49,c2=1.49)",PSO_STD,2,30,0.06666666666666667,0.09375,0.02546548973327488,0.1874877205021904,1.1724739657761953,1.155197235763929,0.0008308277962965072,4.636940560276347
"CONT::ackley::d=20::b=(-5.0,5.0)::seed=2032269",ackley,cont,5000,0.001,"PSO_STD(p=40,w=0.72,c1=1.49,c2=1.49)",PSO_STD,0,30,0.0,0.03125,0.0016479970699906392,0.09217508369624736,0.3649803531294038,0.06285071886366866,0.02763494909455888,1.6780904360423468
"CONT::ackley::d=20::b=(-5.0,5.0)::seed=2032269",ackley,cont,5000,0.001,"PSO_RING(p=20,ring,w=0.72,c1=1.49,c2=1.49)",PSO_RING,0,30,0.0,0.03125,0.001307583861266567,0.09484215428534154,0.12667093038032412,0.11037668626092456,0.044681753838702765,0.43587629519479565
"CONT::ackley::d=20::b=(-5.0,5.0)::seed=2032269",ackley,cont,5000,0.001,"PSO_RING(p=40,ring,w=0.72,c1=1.49,c2=1.49)",PSO_RING,0,30,0.0,0.03125,0.0013567516583580551,0.09044248811039397,1.9515046300369119,2.0352129251808084,0.952519760842581,2.622861121127191
"CONT::ackley::d=20::b=(-5.0,5.0)::seed=2032269",ackley,cont,5000,0.001,"ES_ML(mu=10,lam=40,sigma=0.3)",ES_ML,0,30,0.0,0.03125,0.0017793226579364378,0.09080126455453623,0.12935568680534476,0.10050566649838766,0.05592249764040291,0.8183952462334543
"CONT::ackley::d=20::b=(-5.0,5.0)::seed=2032269",ackley,cont,5000,0.001,"ES_ML(mu=20,lam=80,sigma=0.2)",ES_ML,0,30,0.0,0.03125,0.0016342764505994896,0.08676708255866478,1.5810228143035778,1.6589530918507909,0.973474382828059,2.0003062653779407
"CONT::rastrigin::d=20::b=(-5.0,5.0)::seed=555287659",rastrigin,cont,5000,0.001,RS_CONT,RS_CONT,0,30,0.0,0.03125,0.001746859267826363,0.09414911729987635,204.98764206551584,210.25561205637862,180.9186973662779,223.131158060939
"CONT::rastrigin::d=20::b=(-5.0,5.0)::seed=555287659",rastrigin,cont,5000,0.001,HC_CONT(sigma=0.2),HC_CONT,0,30,0.0,0.03125,0.0015951028077271744,0.09367719720238413,193.9603193623886,199.57335386501,145.33170504637678,245.35981220148548
"CONT::rastrigin::d=20::b=(-5.0,5.0)::seed=555287659",rastrigin,cont,5000,0.001,"SA_CONT(sigma=0.3,T0=1.0,alpha=0.995)",SA_CONT,0,30,0.0,0.03125,0.001646235914131612,0.09377701419995596,209.31739160307066,207.48267583296268,162.49494378583475,256.50875092742876
"CONT::rastrigin::d=20::b=(-5.0,5.0)::seed=555287659",rastrigin,cont,5000,0.001,"DE(pop=20,F=0.8,CR=0.9)",DE,0,30,0.0,0.03125,0.0016664170177364363,0.09342450836555784,145.367487868829,148.14532861808095,100.09746335047693,182.5096734152399
"CONT::rastrigin::d=20::b=(-5.0,5.0)::seed=555287659",rastrigin,cont,5000,0.001,"DE(pop=40,F=0.8,CR=0.9)",DE,0,30,0.0,0.03125,0.002018480792777078,0.0955711348229489,196.54911683644343,197.90697306528457,169.9398076483762,222.6637885119906
"CONT::rastrigin::d=20::b=(-5.0,5.0)::seed=555287659",rastrigin,cont,5000,0.001,"PSO_STD(p=20,w=0.72,c1=1.49,c2=1.49)",PSO_STD,0,30,0.0,0.03125,0.0017939605534728034,0.08908798820217365,63.70433959930573,58.21538293269323,27.10715032690183,108.57151772009117
"CONT::rastrigin::d=20::b=(-5.0,5.0)::seed=555287659",rastrigin,cont,5000,0.001,"PSO_STD(p=40,w=0.72,c1=1.49,c2=1.49)",PSO_STD,0,30,0.0,0.03125,0.001784125111939286,0.09118527640156406,60.87440743744541,58.34985629976583,27.436306672828948,114.51363522633869
"CONT::rastrigin::d=20::b=(-5.0,5.0)::seed=555287659",rastrigin,cont,5000,0.001,"PSO_RING(p=20,ring,w=0.72,c1=1.49,c2=1.49)",PSO_RING,0,30,0.0,0.03125,0.0017365746433786538,0.09039067135265666,73.8234067722472,77.54035185199197,41.52819688767232,106.21122610544907
"CONT::rastrigin::d=20::b=(-5.0,5.0)::seed=555287659",rastrigin,cont,5000,0.001,"PSO_RING(p=40,ring,w=0.72,c1=1.49,c2=1.49)",PSO_RING,0,30,0.0,0.03125,0.0016759919366865494,0.08991860524600837,87.90148616459639,87.88511426685822,45.446023933137184,109.2378862441955
"CONT::rastrigin::d=20::b=(-5.0,5.0)::seed=555287659",rastrigin,cont,5000,0.001,"ES_ML(mu=10,lam=40,sigma=0.3)",ES_ML,0,30,0.0,0.03125,0.0015551967688956438,0.08792954857296811,71.56933686577311,69.7431451476432,44.0390163105219,109.5645045569656
"CONT::rastrigin::d=20::b=(-5.0,5.0)::seed=555287659",rastrigin,cont,5000,0.001,"ES_ML(mu=20,lam=80,sigma=0.2)",ES_ML,0,30,0.0,0.03125,0.00182749419115709,0.09317101516566874,86.42824768860731,83.78461296442201,53.56266200529146,139.35527584875555
"CONT::ackley::d=20::b=(-10.0,10.0)::seed=893586330",ackley,cont,5000,0.001,RS_CONT,RS_CONT,0,30,0.0,0.03125,0.0012826577513150594,0.09288958996326926,11.407474998322728,11.609580555146216,10.08707663830821,12.070961582140658
"CONT::ackley::d=20::b=(-10.0,10.0)::seed=893586330",ackley,cont,5000,0.001,HC_CONT(sigma=0.2),HC_CONT,0,30,0.0,0.03125,0.0014203117009342948,0.09520886975751326,13.884654322688075,14.02459538658716,11.597402523720252,15.32638317484022
"CONT::ackley::d=20::b=(-10.0,10.0)::seed=893586330",ackley,cont,5000,0.001,"SA_CONT(sigma=0.3,T0=1.0,alpha=0.995)",SA_CONT,0,30,0.0,0.03125,0.001995907261495939,0.08935051171811877,3.9144413244727465,2.13484500133626,1.6472188244537098,13.198790494698212
"CONT::ackley::d=20::b=(-10.0,10.0)::seed=893586330",ackley,cont,5000,0.001,"DE(pop=20,F=0.8,CR=0.9)",DE,0,30,0.0,0.03125,0.0015376277313292246,0.09174850753438656,3.1460415368856443,3.111631236438639,1.8547934905985923,4.441900949055377
"CONT::ackley::d=20::b=(-10.0,10.0)::seed=893586330",ackley,cont,5000,0.001,"DE(pop=40,F=0.8,CR=0.9)",DE,0,30,0.0,0.03125,0.001956854757318444,0.08687485197205885,8.644304952569774,8.754366542348187,7.07062732772863,10.325499205214157
"CONT::ackley::d=20::b=(-10.0,10.0)::seed=893586330",ackley,cont,5000,0.001,"PSO_STD(p=20,w=0.72,c1=1.49,c2=1.49)",PSO_STD,0,30,0.0,0.03125,0.001591176074487955,0.09440190005308731,1.6186647418713924,1.6463357847728237,0.003310067762555935,7.741584696089744
"CONT::ackley::d=20::b=(-10.0,10.0)::seed=893586330",ackley,cont,5000,0.001,"PSO_STD(p=40,w=0.72,c1=1.49,c2=1.49)",PSO_STD,0,30,0.0,0.03125,0.001564714611067155,0.09266170267547484,0.7367743606170033,0.42198502145425865,0.07669074169827228,2.3255314015606143
"CONT::ackley::d=20::b=(-10.0,10.0)::seed=893586330",ackley,cont,5000,0.001,"PSO_RING(p=20,ring,w=0.72,c1=1.49,c2=1.49)",PSO_RING,0,30,0.0,0.03125,0.0016146393453315036,0.09556039749342878,0.5769951488236322,0.37061434044921215,0.15850614068070046,2.140779775788055
"CONT::ackley::d=20::b=(-10.0,10.0)::seed=893586330",ackley,cont,5000,0.001,"PSO_RING(p=40,ring,w=0.72,c1=1.49,c2=1.49)",PSO_RING,0,30,0.0,0.03125,0.0017551946150433958,0.08970762849476124,2.82617691118426,2.8959099930882446,2.178503593280429,3.49325554366018
"CONT::ackley::d=20::b=(-10.0,10.0)::seed=893586330",ackley,cont,5000,0.001,"ES_ML(mu=10,lam=40,sigma=0.3)",ES_ML,0,30,0.0,0.03125,0.0016528493425945203,0.09266818889775458,0.38319098468351304,0.3458035510090842,0.14933259049956904,0.9062890425273697
"CONT::ackley::d=20::b=(-10.0,10.0)::seed=893586330",ackley,cont,5000,0.001,"ES_ML(mu=20,lam=80,sigma=0.2)",ES_ML,0,30,0.0,0.03125,0.0015005474058659087,0.09352054217756117,4.407941777517961,3.430447415326649,2.4355369239605555,11.560799857019232
"CONT::sphere::d=5::b=(-30.0,30.0)::seed=760377672",sphere,cont,5000,1e-06,RS_CONT,RS_CONT,0,30,0.0,0.03125,0.0017014274630020047,0.0922103545579667,59.33301316487911,56.02524792707973,26.985632194474558,104.32264133100739
"CONT::sphere::d=5::b=(-30.0,30.0)::seed=760377672",sphere,cont,5000,1e-06,HC_CONT(sigma=0.2),HC_CONT,0,30,0.0,0.03125,0.0016833107917596931,0.08952168030621435,0.004444097160004625,0.004421114014810603,0.0007233752794896676,0.009626176427544963
"CONT::sphere::d=5::b=(-30.0,30.0)::seed=760377672",sphere,cont,5000,1e-06,"SA_CONT(sigma=0.3,T0=1.0,alpha=0.995)",SA_CONT,0,30,0.0,0.03125,0.0017882144377450056,0.08646968851086238,0.009791822360895645,0.01064869214254462,0.0019930693102632323,0.020390727919266678
"CONT::sphere::d=5::b=(-30.0,30.0)::seed=760377672",sphere,cont,5000,1e-06,"DE(pop=20,F=0.8,CR=0.9)",DE,30,30,1.0,0.96875,0.9120617636553414,0.9983292677992769,1.6980549950722405e-11,6.161707543028008e-12,6.990888040653607e-14,1.1195770086502688e-10
"CONT::sphere::d=5::b=(-30.0,30.0)::seed=760377672",sphere,cont,5000,1e-06,"DE(pop=40,F=0.8,CR=0.9)",DE,0,30,0.0,0.03125,0.001463321453351074,0.09406373351413996,0.0001498879518805912,0.00011169864865943087,1.923744455016668e-05,0.0005775661544661793
"CONT::sphere::d=5::b=(-30.0,30.0)::seed=760377672",sphere,cont,5000,1e-06,"PSO_STD(p=20,w=0.72,c1=1.49,c2=1.49)",PSO_STD,30,30,1.0,0.96875,0.9042997163193982,0.9980335613550408,1.6606206198236885e-16,4.392345324972777e-17,4.1045612205900203e-19,1.185126826204058e-15
"CONT::sphere::d=5::b=(-30.0,30.0)::seed=760377672",sphere,cont,5000,1e-06,"PSO_STD(p=40,w=0.72,c1=1.49,c2=1.49)",PSO_STD,30,30,1.0,0.96875,0.9022635526579006,0.9983444151593898,6.181928603175426e-09,4.402622469624006e-09,2.6511533483682204e-10,3.4925258863850693e-08
"CONT::sphere::d=5::b=(-30.0,30.0)::seed=760377672",sphere,cont,5000,1e-06,"PSO_RING(p=20,ring,w=0.72,c1=1.49,c2=1.49)",PSO_RING,30,30,1.0,0.96875,0.9060815957977668,0.9985426150509992,7.79732151521971e-12,2.0810418429279277e-12,5.2228744281474357e-14,3.157737939887259e-11
"CONT::sphere::d=5::b=(-30.0,30.0)::seed=760377672",sphere,cont,5000,1e-06,"PSO_RING(p=40,ring,w=0.72,c1=1.49,c2=1.49)",PSO_RING,5,30,0.16666666666666666,0.1875,0.08947742523303887,0.3047307562747938,1.0782195228243596e-05,3.719928278774363e-06,4.4753821636636894e-07,0.00013312946290805263
"CONT::sphere::d=5::b=(-30.0,30.0)::seed=760377672",sphere,cont,5000,1e-06,"ES_ML(mu=10,lam=40,sigma=0.3)",ES_ML,0,30,0.0,0.03125,0.0014204049063143488,0.08987853460636361,0.0004443871339544129,0.00035215215590669695,2.872638578168262e-05,0.0012652575914972365
"CONT::sphere::d=5::b=(-30.0,30.0)::seed=760377672",sphere,cont,5000,1e-06,"ES_ML(mu=20,lam=80,sigma=0.2)",ES_ML,0,30,0.0,0.03125,0.0016561162689881202,0.09221090558093589,0.03475535335257328,0.03216670951986553,0.0040373595034572584,0.10871590432146197
"CONT::levy::d=5::b=(-10.0,10.0)::seed=988640308",levy,cont,5000,0.01,RS_CONT,RS_CONT,0,30,0.0,0.03125,0.001841588466217951,0.09061748005250703,1.3991083910360895,1.3955921514659262,0.5490739582792868,2.37019911642047
"CONT::levy::d=5::b=(-10.0,10.0)::seed=988640308",levy,cont,5000,0.01,HC_CONT(sigma=0.2),HC_CONT,0,30,0.0,0.03125,0.001759082277949086,0.09295895360252368,10.209812960897432,8.7880674346242,0.9755164402849082,23.55454202012772
"CONT::levy::d=5::b=(-10.0,10.0)::seed=988640308",levy,cont,5000,0.01,"SA_CONT(sigma=0.3,T0=1.0,alpha=0.995)",SA_CONT,0,30,0.0,0.03125,0.0014627073064290735,0.09361225350362584,10.58220830463737,9.392369693770242,3.283099824635053,23.487149465623933
"CONT::levy::d=5::b=(-10.0,10.0)::seed=988640308",levy,cont,5000,0.01,"DE(pop=20,F=0.8,CR=0.9)",DE,30,30,1.0,0.96875,0.9053339176195853,0.998514508512672,8.448989176491167e-12,1.3521972108651806e-12,1.7271431273379365e-14,1.0978000635915377e-10
"CONT::levy::d=5::b=(-10.0,10.0)::seed=988640308",levy,cont,5000,0.01,"DE(pop=40,F=0.8,CR=0.9)",DE,30,30,1.0,0.96875,0.9030255264528663,0.9984260455552407,5.6896321410582155e-05,3.325394952365755e-05,5.40084961464264e-06,0.00030469570154283425
"CONT::levy::d=5::b=(-10.0,10.0)::seed=988640308",levy,cont,5000,0.01,"PSO_STD(p=20,w=0.72,c1=1.49,c2=1.49)",PSO_STD,30,30,1.0,0.96875,0.9091256433611891,0.998536912963707,8.741323941889309e-18,2.5913680942436517e-18,3.541868490375376e-21,5.831916757164948e-17
"CONT::levy::d=5::b=(-10.0,10.0)::seed=988640308",levy,cont,5000,0.01,"PSO_STD(p=40,w=0.72,c1=1.49,c2=1.49)",PSO_STD,30,30,1.0,0.96875,0.9069563785225664,0.9983252218302044,4.919145893485888e-10,2.0518577659937107e-10,9.347587001305915e-12,4.560108858049818e-09
"CONT::levy::d=5::b=(-10.0,10.0)::seed=988640308",levy,cont,5000,0.01,"PSO_RING(p=20,ring,w=0.72,c1=1.49,c2=1.49)",PSO_RING,30,30,1.0,0.96875,0.9016527694187553,0.9981403370779469,7.929714127821987e-13,3.7543648974095744e-13,4.174392462541667e-15,5.666765399405005e-12
"CONT::levy::d=5::b=(-10.0,10.0)::seed=988640308",levy,cont,5000,0.01,"PSO_RING(p=40,ring,w=0.72,c1=1.49,c2=1.49)",PSO_RING,30,30,1.0,0.96875,0.9052075515731306,0.9983232190073253,1.3441605554232744e-06,1.1808441122893885e-06,6.968619074608301e-08,4.1292749217082495e-06
"CONT::levy::d=5::b=(-10.0,10.0)::seed=988640308",levy,cont,5000,0.01,"ES_ML(mu=10,lam=40,sigma=0.3)",ES_ML,3,30,0.1,0.125,0.04788171987511125,0.23117658943038086,3.951949325133599,3.984324464050836,8.500461586236913e-06,9.032435967717696
"CONT::levy::d=5::b=(-10.0,10.0)::seed=988640308",levy,cont,5000,0.01,"ES_ML(mu=20,lam=80,sigma=0.2)",ES_ML,3,30,0.1,0.125,0.04571508377875102,0.2279099211239453,3.591425412836851,3.5931024987092153,0.00014172427757956548,8.18398675077658
"CONT::levy::d=20::b=(-30.0,30.0)::seed=927044702",levy,cont,5000,0.01,RS_CONT,RS_CONT,0,30,0.0,0.03125,0.0013969722117166022,0.0939864890040507,541.9299037800375,548.0112447001065,307.53631956205317,664.8537175968439
"CONT::levy::d=20::b=(-30.0,30.0)::seed=927044702",levy,cont,5000,0.01,HC_CONT(sigma=0.2),HC_CONT,0,30,0.0,0.03125,0.0018502553452073949,0.09257672082110718,397.99266552610726,392.06189135626664,226.222750858659,556.289800579157
"CONT::levy::d=20::b=(-30.0,30.0)::seed=927044702",levy,cont,5000,0.01,"SA_CONT(sigma=0.3,T0=1.0,alpha=0.995)",SA_CONT,0,30,0.0,0.03125,0.0015762656727743387,0.09517499491548383,414.5219210627109,399.6821955907014,226.1900488585586,614.3060012996158
"CONT::levy::d=20::b=(-30.0,30.0)::seed=927044702",levy,cont,5000,0.01,"DE(pop=20,F=0.8,CR=0.9)",DE,0,30,0.0,0.03125,0.0016484019553572409,0.08957686828791729,52.878391634886874,43.958042026823634,10.726111275660962,151.88036509646815
"CONT::levy::d=20::b=(-30.0,30.0)::seed=927044702",levy,cont,5000,0.01,"DE(pop=40,F=0.8,CR=0.9)",DE,0,30,0.0,0.03125,0.001896299856312141,0.09432315245582305,407.155840970914,393.0963693557653,225.26267746660204,776.016456576776
"CONT::levy::d=20::b=(-30.0,30.0)::seed=927044702",levy,cont,5000,0.01,"PSO_STD(p=20,w=0.72,c1=1.49,c2=1.49)",PSO_STD,0,30,0.0,0.03125,0.0019310642469066751,0.09073764070926792,31.93399511567723,25.684294716294936,1.0770575027639286,95.60790454121376
"CONT::levy::d=20::b=(-30.0,30.0)::seed=927044702",levy,cont,5000,0.01,"PSO_STD(p=40,w=0.72,c1=1.49,c2=1.49)",PSO_STD,0,30,0.0,0.03125,0.0014842456053838122,0.08979340306503507,18.19333418209013,6.499498429080878,0.25505659184806534,234.8979827173784
"CONT::levy::d=20::b=(-30.0,30.0)::seed=927044702",levy,cont,5000,0.01,"PSO_RING(p=20,ring,w=0.72,c1=1.49,c2=1.49)",PSO_RING,0,30,0.0,0.03125,0.001503442931951784,0.09304305548234783,19.11718585263486,14.911576657220234,1.3268754218814083,66.02076057559276
"CONT::levy::d=20::b=(-30.0,30.0)::seed=927044702",levy,cont,5000,0.01,"PSO_RING(p=40,ring,w=0.72,c1=1.49,c2=1.49)",PSO_RING,0,30,0.0,0.03125,0.0018619308811583177,0.09537142888196311,47.26829294217017,38.2417496669839,5.411466855283123,91.82741243226296
"CONT::levy::d=20::b=(-30.0,30.0)::seed=927044702",levy,cont,5000,0.01,"ES_ML(mu=10,lam=40,sigma=0.3)",ES_ML,0,30,0.0,0.03125,0.0019429841203427527,0.08867189069570035,284.05619913982014,293.3154605790355,192.20185873587013,378.7722364106221
"CONT::levy::d=20::b=(-30.0,30.0)::seed=927044702",levy,cont,5000,0.01,"ES_ML(mu=20,lam=80,sigma=0.2)",ES_ML,0,30,0.0,0.03125,0.0019274036038393586,0.09537590710800356,273.7210977213836,279.87235168382574,200.56399078509213,346.4902014052863
"CONT::sphere::d=10::b=(-30.0,30.0)::seed=145477475",sphere,cont,5000,1e-06,RS_CONT,RS_CONT,0,30,0.0,0.03125,0.0015161610232776184,0.0916735821223306,497.7662327580261,519.1158950212218,228.1476430827027,711.5664894283112
"CONT::sphere::d=10::b=(-30.0,30.0)::seed=145477475",sphere,cont,5000,1e-06,HC_CONT(sigma=0.2),HC_CONT,0,30,0.0,0.03125,0.0013965331524085733,0.09548077784317846,0.04358895672297983,0.04313145421437764,0.01997096759210645,0.06870780063168856
"CONT::sphere::d=10::b=(-30.0,30.0)::seed=145477475",sphere,cont,5000,1e-06,"SA_CONT(sigma=0.3,T0=1.0,alpha=0.995)",SA_CONT,0,30,0.0,0.03125,0.0013844308594931154,0.08984479265830303,0.1021516174957844,0.10001497859227299,0.03953404324551375,0.16101960777904065
"CONT::sphere::d=10::b=(-30.0,30.0)::seed=145477475",sphere,cont,5000,1e-06,"DE(pop=20,F=0.8,CR=0.9)",DE,0,30,0.0,0.03125,0.0015151315817603565,0.08807076849703876,0.02536046953301946,0.013548715531924438,0.001542060419878264,0.11937188540627136
"CONT::sphere::d=10::b=(-30.0,30.0)::seed=145477475",sphere,cont,5000,1e-06,"DE(pop=40,F=0.8,CR=0.9)",DE,0,30,0.0,0.03125,0.0018741388514049587,0.09284785644910094,15.814313673317413,13.06778887322603,5.577537330213262,40.023160148447595
"CONT::sphere::d=10::b=(-30.0,30.0)::seed=145477475",sphere,cont,5000,1e-06,"PSO_STD(p=20,w=0.72,c1=1.49,c2=1.49)",PSO_STD,30,30,1.0,0.96875,0.9056066513353113,0.9979924149026421,5.011229495105717e-10,1.970884202219345e-10,1.480368927104731e-11,4.951465562886292e-09
"CONT::sphere::d=10::b=(-30.0,30.0)::seed=145477475",sphere,cont,5000,1e-06,"PSO_STD(p=40,w=0.72,c1=1.49,c2=1.49)",PSO_STD,0,30,0.0,0.03125,0.0015496859842664284,0.09506145025330562,2.7204276648695017e-05,1.9885983641179105e-05,2.978646967211752e-06,0.0001275980630620329
"CONT::sphere::d=10::b=(-30.0,30.0)::seed=145477475",sphere,cont,5000,1e-06,"PSO_RING(p=20,ring,w=0.72,c1=1.49,c2=1.49)",PSO_RING,1,30,0.03333333333333333,0.0625,0.011686222696735868,0.1460274765932337,2.0521298295157054e-05,8.663238271963295e-06,9.98850853339514e-07,0.00013837590085226528
"CONT::sphere::d=10::b=(-30.0,30.0)::seed=145477475",sphere,cont,5000,1e-06,"PSO_RING(p=40,ring,w=0.72,c1=1.49,c2=1.49)",PSO_RING,0,30,0.0,0.03125,0.0014886445869229338,0.0951935962846597,0.06911948824013632,0.05784477221003355,0.005415735991986425,0.20396967055410264
"CONT::sphere::d=10::b=(-30.0,30.0)::seed=145477475",sphere,cont,5000,1e-06,"ES_ML(mu=10,lam=40,sigma=0.3)",ES_ML,0,30,0.0,0.03125,0.0015534356778418345,0.08622114696973711,0.01782510769365769,0.01042577166219865,0.005367069264465585,0.08031184023253972
"CONT::sphere::d=10::b=(-30.0,30.0)::seed=145477475",sphere,cont,5000,1e-06,"ES_ML(mu=20,lam=80,sigma=0.2)",ES_ML,0,30,0.0,0.03125,0.0014996284634383914,0.09001606695138903,2.2894917821670044,2.0243785070950926,0.455224459594548,4.656617774411124
"CONT::rosenbrock::d=10::b=(-10.0,10.0)::seed=807492292",rosenbrock,cont,5000,0.01,RS_CONT,RS_CONT,0,30,0.0,0.03125,0.0016043317343366584,0.08995568459445483,52952.71172835236,49135.74442010562,19364.04277323137,102682.17515109887
"CONT::rosenbrock::d=10::b=(-10.0,10.0)::seed=807492292",rosenbrock,cont,5000,0.01,HC_CONT(sigma=0.2),HC_CONT,0,30,0.0,0.03125,0.0014931048724417802,0.09314321180647088,57.90588286645964,12.17784737621467,9.16368938610282,297.11342087624774
"CONT::rosenbrock::d=10::b=(-10.0,10.0)::seed=807492292",rosenbrock,cont,5000,0.01,"SA_CONT(sigma=0.3,T0=1.0,alpha=0.995)",SA_CONT,0,30,0.0,0.03125,0.001725419474932732,0.09353513933588825,56.691308602920735,18.012746354466866,7.331966344933259,251.04232976741227
"CONT::rosenbrock::d=10::b=(-10.0,10.0)::seed=807492292",rosenbrock,cont,5000,0.01,"DE(pop=20,F=0.8,CR=0.9)",DE,0,30,0.0,0.03125,0.001811617133293621,0.09103569876908164,9.6856408564205,8.565006956869665,5.148585118653879,28.001241743526645
"CONT::rosenbrock::d=10::b=(-10.0,10.0)::seed=807492292",rosenbrock,cont,5000,0.01,"DE(pop=40,F=0.8,CR=0.9)",DE,0,30,0.0,0.03125,0.0014069426846347263,0.09158240391262734,474.9445629416449,439.05106325046154,229.52923950478024,1250.2474264836744
"CONT::rosenbrock::d=10::b=(-10.0,10.0)::seed=807492292",rosenbrock,cont,5000,0.01,"PSO_STD(p=20,w=0.72,c1=1.49,c2=1.49)",PSO_STD,0,30,0.0,0.03125,0.0016077662997903157,0.08995914889794393,512.4566951635168,35.744982278313074,0.03570564211465574,10004.894260864605
"CONT::rosenbrock::d=10::b=(-10.0,10.0)::seed=807492292",rosenbrock,cont,5000,0.01,"PSO_STD(p=40,w=0.72,c1=1.49,c2=1.49)",PSO_STD,0,30,0.0,0.03125,0.0016239011250261596,0.08985347994690744,15.64976239907948,6.380422785263762,0.02428666962281096,304.9743502449831
"CONT::rosenbrock::d=10::b=(-10.0,10.0)::seed=807492292",rosenbrock,cont,5000,0.01,"PSO_RING(p=20,ring,w=0.72,c1=1.49,c2=1.49)",PSO_RING,0,30,0.0,0.03125,0.001482811932291281,0.08820456926409088,7.192824846737671,6.589848106432002,2.7193485530041483,29.542962323983755
"CONT::rosenbrock::d=10::b=(-10.0,10.0)::seed=807492292",rosenbrock,cont,5000,0.01,"PSO_RING(p=40,ring,w=0.72,c1=1.49,c2=1.49)",PSO_RING,0,30,0.0,0.03125,0.0016225297848112572,0.09397055137745351,12.610621253831509,9.336139782420341,4.37086879971223,91.17391269297102
"CONT::rosenbrock::d=10::b=(-10.0,10.0)::seed=807492292",rosenbrock,cont,5000,0.01,"ES_ML(mu=10,lam=40,sigma=0.3)",ES_ML,0,30,0.0,0.03125,0.0015219646159515235,0.09243876181011126,22.50663101901767,7.785588626161766,5.482659384375288,154.37155516405014
"CONT::rosenbrock::d=10::b=(-10.0,10.0)::seed=807492292",rosenbrock,cont,5000,0.01,"ES_ML(mu=20,lam=80,sigma=0.2)",ES_ML,0,30,0.0,0.03125,0.001786442282125624,0.09381335088973923,43.16567399060908,16.85617192221069,11.683310372594262,271.7753656664013
"CONT::sphere::d=5::b=(-30.0,30.0)::seed=570836870",sphere,cont,5000,1e-06,RS_CONT,RS_CONT,0,30,0.0,0.03125,0.001850645853088336,0.09234052930435828,55.06862567843084,51.96684718418669,16.0371231228114,107.13128315613096
"CONT::sphere::d=5::b=(-30.0,30.0)::seed=570836870",sphere,cont,5000,1e-06,HC_CONT(sigma=0.2),HC_CONT,0,30,0.0,0.03125,0.001808304412754933,0.09156246593759905,0.004511873936856583,0.00486275500060937,0.0011419386825802628,0.007692510161356777
"CONT::sphere::d=5::b=(-30.0,30.0)::seed=570836870",sphere,cont,5000,1e-06,"SA_CONT(sigma=0.3,T0=1.0,alpha=0.995)",SA_CONT,0,30,0.0,0.03125,0.0017620462063324385,0.0953783361471968,0.009797499798357194,0.008705790223885457,0.003686457961523634,0.01772882649115049
"CONT::sphere::d=5::b=(-30.0,30.0)::seed=570836870",sphere,cont,5000,1e-06,"DE(pop=20,F=0.8,CR=0.9)",DE,30,30,1.0,0.96875,0.9071210037346643,0.9983820032643411,3.1948335447941125e-11,8.726248757324623e-12,1.3821838479845889e-13,2.90488060266876e-10
"CONT::sphere::d=5::b=(-30.0,30.0)::seed=570836870",sphere,cont,5000,1e-06,"DE(pop=40,F=0.8,CR=0.9)",DE,0,30,0.0,0.03125,0.001585470702492205,0.0907880192112685,0.0002190206798791187,0.00017460170705452908,4.8103396244260865e-06,0.0006297248270822483
"CONT::sphere::d=5::b=(-30.0,30.0)::seed=570836870",sphere,cont,5000,1e-06,"PSO_STD(p=20,w=0.72,c1=1.49,c2=1.49)",PSO_STD,30,30,1.0,0.96875,0.9075351446668246,0.9981976854669653,6.518026734909153e-17,2.3189949303768742e-17,4.551369766439812e-19,3.5459213646636765e-16
"CONT::sphere::d=5::b=(-30.0,30.0)::seed=570836870",sphere,cont,5000,1e-06,"PSO_STD(p=40,w=0.72,c1=1.49,c2=1.49)",PSO_STD,30,30,1.0,0.96875,0.9033387409327032,0.9981806967846388,6.597114805263429e-09,2.026861818089375e-09,6.364776920755197e-10,3.4816235771238134e-08
"CONT::sphere::d=5::b=(-30.0,30.0)::seed=570836870",sphere,cont,5000,1e-06,"PSO_RING(p=20,ring,w=0.72,c1=1.49,c2=1.49)",PSO_RING,30,30,1.0,0.96875,0.9068351067559725,0.9981569256375025,8.649511409478885e-12,3.5535503401121157e-12,1.3843113654610076e-13,6.308949046772119e-11
"CONT::sphere::d=5::b=(-30.0,30.0)::seed=570836870",sphere,cont,5000,1e-06,"PSO_RING(p=40,ring,w=0.72,c1=1.49,c2=1.49)",PSO_RING,4,30,0.13333333333333333,0.15625,0.06772245426392737,0.2692638682783981,1.0586917097588494e-05,4.531736106565027e-06,3.3384655062653785e-07,6.739402940686484e-05
"CONT::sphere::d=5::b=(-30.0,30.0)::seed=570836870",sphere,cont,5000,1e-06,"ES_ML(mu=10,lam=40,sigma=0.3)",ES_ML,0,30,0.0,0.03125,0.0016515914131666506,0.09337942413143806,0.00041404496708172164,0.0002043458252647863,2.787060298103781e-05,0.002772097690011687
"CONT::sphere::d=5::b=(-30.0,30.0)::seed=570836870",sphere,cont,5000,1e-06,"ES_ML(mu=20,lam=80,sigma=0.2)",ES_ML,0,30,0.0,0.03125,0.0017315636041530759,0.08892683722825652,0.03409735844971897,0.029350035703775083,0.002604031575246456,0.13037472891330434
"CONT::sphere::d=5::b=(-30.0,30.0)::seed=617278981",sphere,cont,5000,1e-06,RS_CONT,RS_CONT,0,30,0.0,0.03125,0.0017919019689341823,0.09246974059991996,60.702051281523495,59.95233480913273,12.545583476017464,98.46712381906315
"CONT::sphere::d=5::b=(-30.0,30.0)::seed=617278981",sphere,cont,5000,1e-06,HC_CONT(sigma=0.2),HC_CONT,0,30,0.0,0.03125,0.001708572618437234,0.09061351470811607,0.004402672300952718,0.004210648518992745,0.0019714205017442735,0.008225533275477426
"CONT::sphere::d=5::b=(-30.0,30.0)::seed=617278981",sphere,cont,5000,1e-06,"SA_CONT(sigma=0.3,T0=1.0,alpha=0.995)",SA_CONT,0,30,0.0,0.03125,0.0016123352986581563,0.09273488618160987,0.009492428805469412,0.010143671326435288,0.0015321918220527265,0.01687620771917505
"CONT::sphere::d=5::b=(-30.0,30.0)::seed=617278981",sphere,cont,5000,1e-06,"DE(pop=20,F=0.8,CR=0.9)",DE,30,30,1.0,0.96875,0.906221565167154,0.998572119049103,1.689588718468253e-11,3.790624037776005e-12,2.1366699390726844e-13,1.8947155658412813e-10
"CONT::sphere::d=5::b=(-30.0,30.0)::seed=617278981",sphere,cont,5000,1e-06,"DE(pop=40,F=0.8,CR=0.9)",DE,0,30,0.0,0.03125,0.0012991450974791296,0.09332023122842788,0.00015833201584095817,0.00011232850962054592,1.5930887899004532e-05,0.0008695780463575251
"CONT::sphere::d=5::b=(-30.0,30.0)::seed=617278981",sphere,cont,5000,1e-06,"PSO_STD(p=20,w=0.72,c1=1.49,c2=1.49)",PSO_STD,30,30,1.0,0.96875,0.9051631136903523,0.998347801690662,9.829081764730407e-17,2.4537161256923632e-17,1.9566711104811123e-18,7.72210612039933e-16
"CONT::sphere::d=5::b=(-30.0,30.0)::seed=617278981",sphere,cont,5000,1e-06,"PSO_STD(p=40,w=0.72,c1=1.49,c2=1.49)",PSO_STD,30,30,1.0,0.96875,0.9078930929235658,0.9983964346456722,9.774076317814703e-09,4.7189684164795444e-09,1.8015859846296524e-10,4.340109057999506e-08
"CONT::sphere::d=5::b=(-30.0,30.0)::seed=617278981",sphere,cont,5000,1e-06,"PSO_RING(p=20,ring,w=0.72,c1=1.49,c2=1.49)",PSO_RING,30,30,1.0,0.96875,0.9068246603440293,0.998421036866777,1.3057670895781629e-11,2.4990215308186534e-12,5.890874675718511e-15,1.846132516387695e-10
"CONT::sphere::d=5::b=(-30.0,30.0)::seed=617278981",sphere,cont,5000,1e-06,"PSO_RING(p=40,ring,w=0.72,c1=1.49,c2=1.49)",PSO_RING,2,30,0.06666666666666667,0.09375,0.027912690332194217,0.18521454520501826,1.045636652141872e-05,6.8915770733390355e-06,4.1727134469035095e-07,4.959906529597651e-05
"CONT::sphere::d=5::b=(-30.0,30.0)::seed=617278981",sphere,cont,5000,1e-06,"ES_ML(mu=10,lam=40,sigma=0.3)",ES_ML,0,30,0.0,0.03125,0.0016011733116963569,0.0924075122016889,0.00032734010836711467,0.00022172364115554397,2.5874151920677908e-05,0.000938056822922098
"CONT::sphere::d=5::b=(-30.0,30.0)::seed=617278981",sphere,cont,5000,1e-06,"ES_ML(mu=20,lam=80,sigma=0.2)",ES_ML,0,30,0.0,0.03125,0.0013440276264259738,0.09113933518234404,0.03420855615198319,0.02703911741996777,0.007428511820030565,0.08005330616069109
"CONT::rosenbrock::d=5::b=(-5.0,5.0)::seed=157928884",rosenbrock,cont,5000,0.01,RS_CONT,RS_CONT,0,30,0.0,0.03125,0.0016409370637143323,0.09024087808519926,122.4022828831004,112.51478495092412,10.28088494991563,343.8580973623201
"CONT::rosenbrock::d=5::b=(-5.0,5.0)::seed=157928884",rosenbrock,cont,5000,0.01,HC_CONT(sigma=0.2),HC_CONT,0,30,0.0,0.03125,0.001652101831129816,0.09435821168669452,2.2298503838599544,1.7254452249328895,0.7475678070345745,4.9246657569754095
"CONT::rosenbrock::d=5::b=(-5.0,5.0)::seed=157928884",rosenbrock,cont,5000,0.01,"SA_CONT(sigma=0.3,T0=1.0,alpha=0.995)",SA_CONT,0,30,0.0,0.03125,0.0017051541972952634,0.09534253044397825,2.955396195824144,2.3632871117101186,0.5077372549362138,7.379666899927293
"CONT::rosenbrock::d=5::b=(-5.0,5.0)::seed=157928884",rosenbrock,cont,5000,0.01,"DE(pop=20,F=0.8,CR=0.9)",DE,28,30,0.9333333333333333,0.90625,0.8098321603374188,0.9724781183290045,0.0021491502568472074,2.6375963833430294e-05,7.225571389803312e-08,0.036314255339133045
"CONT::rosenbrock::d=5::b=(-5.0,5.0)::seed=157928884",rosenbrock,cont,5000,0.01,"DE(pop=40,F=0.8,CR=0.9)",DE,0,30,0.0,0.03125,0.0015380429124136987,0.09800948824897678,0.5003845089345618,0.3830629404226147,0.062289240444276514,1.3107078810167048
"CONT::rosenbrock::d=5::b=(-5.0,5.0)::seed=157928884",rosenbrock,cont,5000,0.01,"PSO_STD(p=20,w=0.72,c1=1.49,c2=1.49)",PSO_STD,0,30,0.0,0.03125,0.001711710724993026,0.09531563427336279,0.6687462346399474,0.3562698418617875,0.047260585560848396,6.243699684948236
"CONT::rosenbrock::d=5::b=(-5.0,5.0)::seed=157928884",rosenbrock,cont,5000,0.01,"PSO_STD(p=40,w=0.72,c1=1.49,c2=1.49)",PSO_STD,0,30,0.0,0.03125,0.0015643111854052251,0.09035328252612639,1.238807579100133,0.6066829682867864,0.021267654143902887,6.243699704282922
"CONT::rosenbrock::d=5::b=(-5.0,5.0)::seed=157928884",rosenbrock,cont,5000,0.01,"PSO_RING(p=20,ring,w=0.72,c1=1.49,c2=1.49)",PSO_RING,0,30,0.0,0.03125,0.0016116631814292709,0.09465533800584922,0.8878407386995079,0.9856904616267474,0.020588175428464313,1.9055585952934717
"CONT::rosenbrock::d=5::b=(-5.0,5.0)::seed=157928884",rosenbrock,cont,5000,0.01,"PSO_RING(p=40,ring,w=0.72,c1=1.49,c2=1.49)",PSO_RING,0,30,0.0,0.03125,0.0017650643069016593,0.09070250169678676,0.8044990197749526,0.7047157453427976,0.02911699916757515,2.620012585453968
"CONT::rosenbrock::d=5::b=(-5.0,5.0)::seed=157928884",rosenbrock,cont,5000,0.01,"ES_ML(mu=10,lam=40,sigma=0.3)",ES_ML,0,30,0.0,0.03125,0.001545472931092879,0.0973866574483073,0.6738792814649986,0.6924875179102168,0.10393698870053836,1.1207380720012539
"CONT::rosenbrock::d=5::b=(-5.0,5.0)::seed=157928884",rosenbrock,cont,5000,0.01,"ES_ML(mu=20,lam=80,sigma=0.2)",ES_ML,0,30,0.0,0.03125,0.0016317430041749839,0.09123767496177243,1.6556408045109916,1.5909190049354192,0.6741547225658973,2.6221427511758444
"CONT::griewank::d=20::b=(-30.0,30.0)::seed=69695519",griewank,cont,5000,0.001,RS_CONT,RS_CONT,0,30,0.0,0.03125,0.0020588996020047294,0.09836584839560318,1.5307537486406027,1.5587118789936438,1.3614539691983576,1.6193735355535024
"CONT::griewank::d=20::b=(-30.0,30.0)::seed=69695519",griewank,cont,5000,0.001,HC_CONT(sigma=0.2),HC_CONT,0,30,0.0,0.03125,0.0016131471329871045,0.09321312785924256,0.04958160261127791,0.03251954550638292,0.0125411395793249,0.4007891201217797
"CONT::griewank::d=20::b=(-30.0,30.0)::seed=69695519",griewank,cont,5000,0.001,"SA_CONT(sigma=0.3,T0=1.0,alpha=0.995)",SA_CONT,0,30,0.0,0.03125,0.0015203240069684247,0.09342961981527076,0.08060848095477632,0.05958626642746628,0.03366911835473141,0.6349951217209144
"CONT::griewank::d=20::b=(-30.0,30.0)::seed=69695519",griewank,cont,5000,0.001,"DE(pop=20,F=0.8,CR=0.9)",DE,0,30,0.0,0.03125,0.001907748375228383,0.0942171780514714,0.8787668233602518,0.8891188128268752,0.6769098789998376,1.005301504417777
"CONT::griewank::d=20::b=(-30.0,30.0)::seed=69695519",griewank,cont,5000,0.001,"DE(pop=40,F=0.8,CR=0.9)",DE,0,30,0.0,0.03125,0.0017244098803920894,0.09333963380990067,1.232359657951772,1.227677758321402,1.103665742478755,1.3537733082419272
"CONT::griewank::d=20::b=(-30.0,30.0)::seed=69695519",griewank,cont,5000,0.001,"PSO_STD(p=20,w=0.72,c1=1.49,c2=1.49)",PSO_STD,4,30,0.13333333333333333,0.15625,0.06521037993181275,0.2734755663924984,0.02110456547875676,0.017277061006476968,4.909468523495164e-06,0.05889906667425715
"CONT::griewank::d=20::b=(-30.0,30.0)::seed=69695519",griewank,cont,5000,0.001,"PSO_STD(p=40,w=0.72,c1=1.49,c2=1.49)",PSO_STD,0,30,0.0,0.03125,0.001607033507889353,0.0889871594756586,0.05315079737283847,0.03716567953270561,0.0016628484271653532,0.3007266134285025
"CONT::griewank::d=20::b=(-30.0,30.0)::seed=69695519",griewank,cont,5000,0.001,"PSO_RING(p=20,ring,w=0.72,c1=1.49,c2=1.49)",PSO_RING,0,30,0.0,0.03125,0.001530485704566568,0.08859987561560718,0.05694953052230575,0.044155123055087786,0.009924853174611337,0.18675792335365426
"CONT::griewank::d=20::b=(-30.0,30.0)::seed=69695519",griewank,cont,5000,0.001,"PSO_RING(p=40,ring,w=0.72,c1=1.49,c2=1.49)",PSO_RING,0,30,0.0,0.03125,0.0016283358962899115,0.0890175421377535,0.6596091276802765,0.675545085362316,0.2844871460223858,0.8745207857234065
"CONT::griewank::d=20::b=(-30.0,30.0)::seed=69695519",griewank,cont,5000,0.001,"ES_ML(mu=10,lam=40,sigma=0.3)",ES_ML,0,30,0.0,0.03125,0.001677037294918917,0.09492664964456458,0.083005989717915,0.07892707933412935,0.03383878296841525,0.15693929026344478
"CONT::griewank::d=20::b=(-30.0,30.0)::seed=69695519",griewank,cont,5000,0.001,"ES_ML(mu=20,lam=80,sigma=0.2)",ES_ML,0,30,0.0,0.03125,0.001557603939509169,0.09023781410293397,1.006748381614526,1.0156224264001286,0.9158487190610651,1.0452009201956483
"CONT::sphere::d=5::b=(-5.0,5.0)::seed=423095521",sphere,cont,5000,1e-06,RS_CONT,RS_CONT,0,30,0.0,0.03125,0.001411708155472919,0.09076300722880726,1.488013338054481,1.266192912889942,0.28076557404258995,2.768633391746566
"CONT::sphere::d=5::b=(-5.0,5.0)::seed=423095521",sphere,cont,5000,1e-06,HC_CONT(sigma=0.2),HC_CONT,0,30,0.0,0.03125,0.0015951754130933314,0.09518170243728558,0.0038754290755578335,0.0036202750667506606,0.0009660594972286025,0.007926623298979309
"CONT::sphere::d=5::b=(-5.0,5.0)::seed=423095521",sphere,cont,5000,1e-06,"SA_CONT(sigma=0.3,T0=1.0,alpha=0.995)",SA_CONT,0,30,0.0,0.03125,0.0017565711362439828,0.09326038915319299,0.010375105974601829,0.011231789095932167,0.004781806469291133,0.017184104352302935
"CONT::sphere::d=5::b=(-5.0,5.0)::seed=423095521",sphere,cont,5000,1e-06,"DE(pop=20,F=0.8,CR=0.9)",DE,30,30,1.0,0.96875,0.9115947524185726,0.9984264688781046,6.910213384248126e-13,1.9394278709690997e-13,7.882267148620054e-15,6.68698759567882e-12
"CONT::sphere::d=5::b=(-5.0,5.0)::seed=423095521",sphere,cont,5000,1e-06,"DE(pop=40,F=0.8,CR=0.9)",DE,5,30,0.16666666666666666,0.1875,0.08929662705897312,0.31072563802183734,3.7173083807220413e-06,2.986518074717931e-06,5.154902602137024e-07,1.9780710680963125e-05
"CONT::sphere::d=5::b=(-5.0,5.0)::seed=423095521",sphere,cont,5000,1e-06,"PSO_STD(p=20,w=0.72,c1=1.49,c2=1.49)",PSO_STD,30,30,1.0,0.96875,0.907486599691325,0.9983914518111959,2.9507688022389122e-18,4.2530111437663657e-19,8.113400290182595e-21,2.546064553926551e-17
"CONT::sphere::d=5::b=(-5.0,5.0)::seed=423095521",sphere,cont,5000,1e-06,"PSO_STD(p=40,w=0.72,c1=1.49,c2=1.49)",PSO_STD,30,30,1.0,0.96875,0.9118449470804717,0.9983798171004316,1.8652265621737852e-10,1.0188889000080786e-10,1.7801788407855412e-11,7.336088531813813e-10
"CONT::sphere::d=5::b=(-5.0,5.0)::seed=423095521",sphere,cont,5000,1e-06,"PSO_RING(p=20,ring,w=0.72,c1=1.49,c2=1.49)",PSO_RING,30,30,1.0,0.96875,0.9131088383721228,0.9982833247861033,1.4617027470208553e-13,6.047154556186912e-14,5.368405849996504e-16,7.40226393328202e-13
"CONT::sphere::d=5::b=(-5.0,5.0)::seed=423095521",sphere,cont,5000,1e-06,"PSO_RING(p=40,ring,w=0.72,c1=1.49,c2=1.49)",PSO_RING,29,30,0.9666666666666667,0.9375,0.8583491523116034,0.9873441590178336,3.3177335739279296e-07,1.7679734126462695e-07,1.2986338400788646e-08,2.011352049218493e-06
"CONT::sphere::d=5::b=(-5.0,5.0)::seed=423095521",sphere,cont,5000,1e-06,"ES_ML(mu=10,lam=40,sigma=0.3)",ES_ML,1,30,0.03333333333333333,0.0625,0.012165530514234227,0.13837067969516978,1.0963414468717786e-05,1.01688337057733e-05,6.924148792723457e-07,3.261760434690756e-05
"CONT::sphere::d=5::b=(-5.0,5.0)::seed=423095521",sphere,cont,5000,1e-06,"ES_ML(mu=20,lam=80,sigma=0.2)",ES_ML,0,30,0.0,0.03125,0.0018898814860029607,0.09040588465811,0.0005844675874022274,0.0005279642400398084,0.0001775263476369077,0.0014078814511383313
"CONT::sphere::d=5::b=(-30.0,30.0)::seed=441342486",sphere,cont,5000,1e-06,RS_CONT,RS_CONT,0,30,0.0,0.03125,0.0017828299829657436,0.09079482209697136,49.27041223067139,49.40198398429092,12.604746539127053,88.09749581314362
"CONT::sphere::d=5::b=(-30.0,30.0)::seed=441342486",sphere,cont,5000,1e-06,HC_CONT(sigma=0.2),HC_CONT,0,30,0.0,0.03125,0.0013968463559517873,0.09074238305043925,0.00438597828889232,0.0040777669106828885,0.0013211491098126418,0.008831061479547013
"CONT::sphere::d=5::b=(-30.0,30.0)::seed=441342486",sphere,cont,5000,1e-06,"SA_CONT(sigma=0.3,T0=1.0,alpha=0.995)",SA_CONT,0,30,0.0,0.03125,0.00164154575806413,0.09188463260332237,0.0082044911094177,0.007534319086569675,0.0010824960588226165,0.01579854126538608
"CONT::sphere::d=5::b=(-30.0,30.0)::seed=441342486",sphere,cont,5000,1e-06,"DE(pop=20,F=0.8,CR=0.9)",DE,30,30,1.0,0.96875,0.9047868050281223,0.9981551900098432,1.8064522027420485e-11,9.526303418463111e-12,1.7497463174018843e-13,1.515154958209441e-10
"CONT::sphere::d=5::b=(-30.0,30.0)::seed=441342486",sphere,cont,5000,1e-06,"DE(pop=40,F=0.8,CR=0.9)",DE,0,30,0.0,0.03125,0.001905410397510549,0.09384405026582213,0.0001597010855976142,9.258799306422871e-05,1.4437213447219922e-05,0.0006577406589829216
"CONT::sphere::d=5::b=(-30.0,30.0)::seed=441342486",sphere,cont,5000,1e-06,"PSO_STD(p=20,w=0.72,c1=1.49,c2=1.49)",PSO_STD,30,30,1.0,0.96875,0.9082375223724152,0.9979966583640782,9.435434176551673e-17,2.4346439422905314e-17,4.571728137930456e-19,7.9896321322538135e-16
"CONT::sphere::d=5::b=(-30.0,30.0)::seed=441342486",sphere,cont,5000,1e-06,"PSO_STD(p=40,w=0.72,c1=1.49,c2=1.49)",PSO_STD,30,30,1.0,0.96875,0.9102630032427623,0.998144363699496,6.432334916490625e-09,4.313901394831501e-09,2.9488558824186975e-10,2.7103112790007457e-08
"CONT::sphere::d=5::b=(-30.0,30.0)::seed=441342486",sphere,cont,5000,1e-06,"PSO_RING(p=20,ring,w=0.72,c1=1.49,c2=1.49)",PSO_RING,30,30,1.0,0.96875,0.9068816620036023,0.9983539165108756,7.46261726228541e-12,1.7859014309371429e-12,5.6483656759638614e-14,8.008326860311738e-11
"CONT::sphere::d=5::b=(-30.0,30.0)::seed=441342486",sphere,cont,5000,1e-06,"PSO_RING(p=40,ring,w=0.72,c1=1.49,c2=1.49)",PSO_RING,0,30,0.0,0.03125,0.002041512354942546,0.09361364478054149,8.283784075987764e-06,7.384286067309603e-06,1.4641935898657105e-06,2.5554670074930492e-05
"CONT::sphere::d=5::b=(-30.0,30.0)::seed=441342486",sphere,cont,5000,1e-06,"ES_ML(mu=10,lam=40,sigma=0.3)",ES_ML,0,30,0.0,0.03125,0.0015624122326661216,0.08912809344372422,0.0003646157499683501,0.00025483102823710754,2.844260733358898e-05,0.0013059490822901075
"CONT::sphere::d=5::b=(-30.0,30.0)::seed=441342486",sphere,cont,5000,1e-06,"ES_ML(mu=20,lam=80,sigma=0.2)",ES_ML,0,30,0.0,0.03125,0.0015525206813419856,0.08816627988000021,0.052381895618995575,0.033759905010477875,0.0010882736880137975,0.17219256581059372
"CONT::rastrigin::d=20::b=(-30.0,30.0)::seed=901078099",rastrigin,cont,5000,0.001,RS_CONT,RS_CONT,0,30,0.0,0.03125,0.0016294659405208787,0.08743132408282227,2278.897229252099,2307.1737351347865,1590.7468514447153,2708.162304885097
"CONT::rastrigin::d=20::b=(-30.0,30.0)::seed=901078099",rastrigin,cont,5000,0.001,HC_CONT(sigma=0.2),HC_CONT,0,30,0.0,0.03125,0.0016378069917142067,0.08732512064528643,1408.8802282308097,1376.5118679845446,984.8737106854968,2138.1508803121214
"CONT::rastrigin::d=20::b=(-30.0,30.0)::seed=901078099",rastrigin,cont,5000,0.001,"SA_CONT(sigma=0.3,T0=1.0,alpha=0.995)",SA_CONT,0,30,0.0,0.03125,0.0017907191629503796,0.08953130673058507,593.3914242913364,565.7609716811177,414.4852800470861,1035.0210798597723
"CONT::rastrigin::d=20::b=(-30.0,30.0)::seed=901078099",rastrigin,cont,5000,0.001,"DE(pop=20,F=0.8,CR=0.9)",DE,0,30,0.0,0.03125,0.0016558983980366371,0.09050910823648421,193.50228090256866,193.066519722083,144.8031675487723,240.2072942822859
"CONT::rastrigin::d=20::b=(-30.0,30.0)::seed=901078099",rastrigin,cont,5000,0.001,"DE(pop=40,F=0.8,CR=0.9)",DE,0,30,0.0,0.03125,0.0016232455287368327,0.09104434153900207,1034.0366545836428,1059.6123139310216,520.432859479849,1586.750295262267
"CONT::rastrigin::d=20::b=(-30.0,30.0)::seed=901078099",rastrigin,cont,5000,0.001,"PSO_STD(p=20,w=0.72,c1=1.49,c2=1.49)",PSO_STD,0,30,0.0,0.03125,0.0013952290183509874,0.08725161984395473,96.43074827727348,65.59361822011628,29.928292057548106,953.2770188222993
"CONT::rastrigin::d=20::b=(-30.0,30.0)::seed=901078099",rastrigin,cont,5000,0.001,"PSO_STD(p=40,w=0.72,c1=1.49,c2=1.49)",PSO_STD,0,30,0.0,0.03125,0.001759272760945365,0.08963294778677935,77.46227158729918,73.11533626612726,43.392910248696694,122.88847409091552
"CONT::rastrigin::d=20::b=(-30.0,30.0)::seed=901078099",rastrigin,cont,5000,0.001,"PSO_RING(p=20,ring,w=0.72,c1=1.49,c2=1.49)",PSO_RING,0,30,0.0,0.03125,0.0016373473997978712,0.09254163141558744,92.50588080630678,91.9849048657202,56.672163695471056,124.83195973384495
"CONT::rastrigin::d=20::b=(-30.0,30.0)::seed=901078099",rastrigin,cont,5000,0.001,"PSO_RING(p=40,ring,w=0.72,c1=1.49,c2=1.49)",PSO_RING,0,30,0.0,0.03125,0.0017386012105061347,0.08987088265521342,161.68196332880532,160.45473452017262,121.99136336468305,216.78742476413206
"CONT::rastrigin::d=20::b=(-30.0,30.0)::seed=901078099",rastrigin,cont,5000,0.001,"ES_ML(mu=10,lam=40,sigma=0.3)",ES_ML,0,30,0.0,0.03125,0.0022144798030663527,0.09296456770765897,101.65095664686558,106.18967684171807,49.938059510614835,149.5616209731402
"CONT::rastrigin::d=20::b=(-30.0,30.0)::seed=901078099",rastrigin,cont,5000,0.001,"ES_ML(mu=20,lam=80,sigma=0.2)",ES_ML,0,30,0.0,0.03125,0.0018751226113121872,0.09079506075358304,256.791116898159,254.12144090514641,209.8390407865552,340.7355116332693
"CONT::sphere::d=20::b=(-30.0,30.0)::seed=978532290",sphere,cont,5000,1e-06,RS_CONT,RS_CONT,0,30,0.0,0.03125,0.0018437750491502678,0.09548475970989105,2153.65469446741,2181.2955073188705,1556.053259394261,2460.1795823166194
"CONT::sphere::d=20::b=(-30.0,30.0)::seed=978532290",sphere,cont,5000,1e-06,HC_CONT(sigma=0.2),HC_CONT,0,30,0.0,0.03125,0.0018562056001960438,0.08989602531573192,0.29906049680938623,0.30581917336110886,0.1984978933763155,0.38856969896056054
"CONT::sphere::d=20::b=(-30.0,30.0)::seed=978532290",sphere,cont,5000,1e-06,"SA_CONT(sigma=0.3,T0=1.0,alpha=0.995)",SA_CONT,0,30,0.0,0.03125,0.001656638138299278,0.09238466897287113,0.6301273317487295,0.6419349827439458,0.38873850139854416,0.8221996787492265
"CONT::sphere::d=20::b=(-30.0,30.0)::seed=978532290",sphere,cont,5000,1e-06,"DE(pop=20,F=0.8,CR=0.9)",DE,0,30,0.0,0.03125,0.0018643529708195386,0.090535002352497,24.9677876593512,22.76770964296531,7.649791743011264,59.68924422928898
"CONT::sphere::d=20::b=(-30.0,30.0)::seed=978532290",sphere,cont,5000,1e-06,"DE(pop=40,F=0.8,CR=0.9)",DE,0,30,0.0,0.03125,0.0017716397610515846,0.09270844403252508,908.156275201868,938.2105393554484,494.9570841661801,1310.716248593419
"CONT::sphere::d=20::b=(-30.0,30.0)::seed=978532290",sphere,cont,5000,1e-06,"PSO_STD(p=20,w=0.72,c1=1.49,c2=1.49)",PSO_STD,0,30,0.0,0.03125,0.001956865205599855,0.0959909110110392,0.00040018072002750716,0.00016482649947496993,5.703858247545586e-06,0.0026383030991929
"CONT::sphere::d=20::b=(-30.0,30.0)::seed=978532290",sphere,cont,5000,1e-06,"PSO_STD(p=40,w=0.72,c1=1.49,c2=1.49)",PSO_STD,0,30,0.0,0.03125,0.001719269474629953,0.09519778073335936,0.07792801543317561,0.053193827815456465,0.016449897183515166,0.3472327915409628
"CONT::sphere::d=20::b=(-30.0,30.0)::seed=978532290",sphere,cont,5000,1e-06,"PSO_RING(p=20,ring,w=0.72,c1=1.49,c2=1.49)",PSO_RING,0,30,0.0,0.03125,0.0017451637732510926,0.09835954500700193,0.18144515665969277,0.14489623614166147,0.03375870825623993,0.4329731360488334
"CONT::sphere::d=20::b=(-30.0,30.0)::seed=978532290",sphere,cont,5000,1e-06,"PSO_RING(p=40,ring,w=0.72,c1=1.49,c2=1.49)",PSO_RING,0,30,0.0,0.03125,0.00213324725210655,0.0963602531299749,16.700630262929455,16.3851479610027,6.861479433623448,25.704287318975044
"CONT::sphere::d=20::b=(-30.0,30.0)::seed=978532290",sphere,cont,5000,1e-06,"ES_ML(mu=10,lam=40,sigma=0.3)",ES_ML,0,30,0.0,0.03125,0.0019050147700219332,0.09358036172456974,0.8088169659725918,0.7824434907125948,0.2137670760399518,1.5297409471973122
"CONT::sphere::d=20::b=(-30.0,30.0)::seed=978532290",sphere,cont,5000,1e-06,"ES_ML(mu=20,lam=80,sigma=0.2)",ES_ML,0,30,0.0,0.03125,0.0014227426689778393,0.08877940340503376,82.23357594033956,81.47630993665507,28.04986565604469,173.2825237102571
"CONT::rosenbrock::d=5::b=(-5.0,5.0)::seed=831311564",rosenbrock,cont,5000,0.01,RS_CONT,RS_CONT,0,30,0.0,0.03125,0.0017316893380625142,0.09215250591165372,134.8090801780544,110.90796324056873,12.51982374639452,315.4729212684578
"CONT::rosenbrock::d=5::b=(-5.0,5.0)::seed=831311564",rosenbrock,cont,5000,0.01,HC_CONT(sigma=0.2),HC_CONT,0,30,0.0,0.03125,0.0018572779780855351,0.09533913647697814,2.1014270393219645,1.659276074036192,0.6621479611058524,4.754109177571239
"CONT::rosenbrock::d=5::b=(-5.0,5.0)::seed=831311564",rosenbrock,cont,5000,0.01,"SA_CONT(sigma=0.3,T0=1.0,alpha=0.995)",SA_CONT,0,30,0.0,0.03125,0.0014074485384251362,0.09476632901086166,2.4742941083766192,1.9176318082125174,0.43373054430169944,6.306477896919069
"CONT::rosenbrock::d=5::b=(-5.0,5.0)::seed=831311564",rosenbrock,cont,5000,0.01,"DE(pop=20,F=0.8,CR=0.9)",DE,30,30,1.0,0.96875,0.9040155080896971,0.99837069329133,0.0003194523878503974,3.159127229771498e-05,7.144535516848734e-08,0.0038153825709312883
"CONT::rosenbrock::d=5::b=(-5.0,5.0)::seed=831311564",rosenbrock,cont,5000,0.01,"DE(pop=40,F=0.8,CR=0.9)",DE,0,30,0.0,0.03125,0.002457513070813497,0.09086245840362701,0.42772268125006213,0.4249938253930089,0.11081232102904229,0.8680979915233173
"CONT::rosenbrock::d=5::b=(-5.0,5.0)::seed=831311564",rosenbrock,cont,5000,0.01,"PSO_STD(p=20,w=0.72,c1=1.49,c2=1.49)",PSO_STD,1,30,0.03333333333333333,0.0625,0.011462294155766004,0.1439062765624531,0.6977426238698228,0.3322626406943652,0.0035061490661989804,4.168958638074146
"CONT::rosenbrock::d=5::b=(-5.0,5.0)::seed=831311564",rosenbrock,cont,5000,0.01,"PSO_STD(p=40,w=0.72,c1=1.49,c2=1.49)",PSO_STD,0,30,0.0,0.03125,0.0017891403001719804,0.09716884820561157,0.7142014464168727,0.6279708818280543,0.011754927149508439,4.2971545747977835
"CONT::rosenbrock::d=5::b=(-5.0,5.0)::seed=831311564",rosenbrock,cont,5000,0.01,"PSO_RING(p=20,ring,w=0.72,c1=1.49,c2=1.49)",PSO_RING,3,30,0.1,0.125,0.048877706274343596,0.22892600968516327,0.7908032692423025,0.8689058904171669,0.0009730406006939141,1.8528579863035484
"CONT::rosenbrock::d=5::b=(-5.0,5.0)::seed=831311564",rosenbrock,cont,5000,0.01,"PSO_RING(p=40,ring,w=0.72,c1=1.49,c2=1.49)",PSO_RING,2,30,0.06666666666666667,0.09375,0.028878738065564742,0.192072313492058,0.6736013682769636,0.43521740673656384,0.0013816189207690177,1.8705342739383004
"CONT::rosenbrock::d=5::b=(-5.0,5.0)::seed=831311564",rosenbrock,cont,5000,0.01,"ES_ML(mu=10,lam=40,sigma=0.3)",ES_ML,0,30,0.0,0.03125,0.0019517400642532056,0.09175076924632439,0.7499202099980343,0.7560030170388802,0.22990918567969618,1.6454749951523207
"CONT::rosenbrock::d=5::b=(-5.0,5.0)::seed=831311564",rosenbrock,cont,5000,0.01,"ES_ML(mu=20,lam=80,sigma=0.2)",ES_ML,0,30,0.0,0.03125,0.001572860683899013,0.09169346483753087,1.1062671347341118,1.060991189953632,0.23000375013126056,2.076835945723315
"CONT::ackley::d=5::b=(-10.0,10.0)::seed=336846774",ackley,cont,5000,0.001,RS_CONT,RS_CONT,0,30,0.0,0.03125,0.0016655250933090746,0.09140988307944507,5.489303561797712,5.549322132101281,3.8979543994431833,7.524862303208787
"CONT::ackley::d=5::b=(-10.0,10.0)::seed=336846774",ackley,cont,5000,0.001,HC_CONT(sigma=0.2),HC_CONT,0,30,0.0,0.03125,0.0014749909228401,0.08969493074351959,13.100293508257694,13.455700297745045,9.316266937194635,15.708009925495663
"CONT::ackley::d=5::b=(-10.0,10.0)::seed=336846774",ackley,cont,5000,0.001,"SA_CONT(sigma=0.3,T0=1.0,alpha=0.995)",SA_CONT,0,30,0.0,0.03125,0.0017222631558527824,0.0935763629136365,2.13003215926242,0.3047768390417098,0.15789537972484569,14.662313314217066
"CONT::ackley::d=5::b=(-10.0,10.0)::seed=336846774",ackley,cont,5000,0.001,"DE(pop=20,F=0.8,CR=0.9)",DE,30,30,1.0,0.96875,0.9066141088749229,0.9984379392680479,2.7265678872308757e-06,1.812944060208821e-06,4.055127900137734e-07,1.168741734547396e-05
"CONT::ackley::d=5::b=(-10.0,10.0)::seed=336846774",ackley,cont,5000,0.001,"DE(pop=40,F=0.8,CR=0.9)",DE,0,30,0.0,0.03125,0.0013909021621319976,0.09464807600064035,0.009813871826290536,0.00945990972481292,0.0017870948570899436,0.017124387591473056
"CONT::ackley::d=5::b=(-10.0,10.0)::seed=336846774",ackley,cont,5000,0.001,"PSO_STD(p=20,w=0.72,c1=1.49,c2=1.49)",PSO_STD,30,30,1.0,0.96875,0.9074217062300999,0.9984818072241358,5.007421529275765e-09,3.0002156314878903e-09,2.599240822576121e-10,1.743804434184426e-08
"CONT::ackley::d=5::b=(-10.0,10.0)::seed=336846774",ackley,cont,5000,0.001,"PSO_STD(p=40,w=0.72,c1=1.49,c2=1.49)",PSO_STD,30,30,1.0,0.96875,0.9069156704196593,0.998240858433622,5.231971787305057e-05,3.95973845486175e-05,8.15333666581708e-06,0.0001933262265123581
"CONT::ackley::d=5::b=(-10.0,10.0)::seed=336846774",ackley,cont,5000,0.001,"PSO_RING(p=20,ring,w=0.72,c1=1.49,c2=1.49)",PSO_RING,30,30,1.0,0.96875,0.9048197796883889,0.9983495992102457,2.2018400373191583e-06,1.2284892698666283e-06,3.660476264322199e-07,1.3002344264823051e-05
"CONT::ackley::d=5::b=(-10.0,10.0)::seed=336846774",ackley,cont,5000,0.001,"PSO_RING(p=40,ring,w=0.72,c1=1.49,c2=1.49)",PSO_RING,7,30,0.23333333333333334,0.25,0.13934961780966262,0.38073644036899434,0.0025985075327484173,0.0018768509666693411,0.00023104120987982313,0.007332403921541886
"CONT::ackley::d=5::b=(-10.0,10.0)::seed=336846774",ackley,cont,5000,0.001,"ES_ML(mu=10,lam=40,sigma=0.3)",ES_ML,0,30,0.0,0.03125,0.0019709830764656337,0.09115646164460421,0.009222124961358673,0.008993092043497075,0.0020818138126270647,0.018155024687932286
"CONT::ackley::d=5::b=(-10.0,10.0)::seed=336846774",ackley,cont,5000,0.001,"ES_ML(mu=20,lam=80,sigma=0.2)",ES_ML,0,30,0.0,0.03125,0.0016122049560982415,0.09182007204982591,0.0983005647251514,0.07987637206623477,0.026197952135877944,0.27349371557332036
"CONT::levy::d=20::b=(-10.0,10.0)::seed=744683567",levy,cont,5000,0.01,RS_CONT,RS_CONT,0,30,0.0,0.03125,0.00167868990909003,0.09734450330393966,57.60382091925659,57.1940172847755,41.170946967409684,72.70761339222948
"CONT::levy::d=20::b=(-10.0,10.0)::seed=744683567",levy,cont,5000,0.01,HC_CONT(sigma=0.2),HC_CONT,0,30,0.0,0.03125,0.0016614721453473901,0.09517394828637846,37.518682221826204,38.38445979300963,15.457353289081512,62.62669780802392
"CONT::levy::d=20::b=(-10.0,10.0)::seed=744683567",levy,cont,5000,0.01,"SA_CONT(sigma=0.3,T0=1.0,alpha=0.995)",SA_CONT,0,30,0.0,0.03125,0.0016599100370053134,0.09503425595088671,41.88535937207136,44.021162857016115,14.288868864712033,62.43910319092644
"CONT::levy::d=20::b=(-10.0,10.0)::seed=744683567",levy,cont,5000,0.01,"DE(pop=20,F=0.8,CR=0.9)",DE,0,30,0.0,0.03125,0.001482105223210507,0.09007049033101187,4.108322536486808,3.2073890617835534,1.0184029536914811,19.56714902574662
"CONT::levy::d=20::b=(-10.0,10.0)::seed=744683567",levy,cont,5000,0.01,"DE(pop=40,F=0.8,CR=0.9)",DE,0,30,0.0,0.03125,0.0019233782447330388,0.09205250595039761,42.87075619225521,41.13628075066986,20.431047949775387,84.0931752109448
"CONT::levy::d=20::b=(-10.0,10.0)::seed=744683567",levy,cont,5000,0.01,"PSO_STD(p=20,w=0.72,c1=1.49,c2=1.49)",PSO_STD,0,30,0.0,0.03125,0.0015723486098037454,0.09295038970699218,5.682744639566006,4.181652596888671,0.45575905399290295,24.81803033048162
"CONT::levy::d=20::b=(-10.0,10.0)::seed=744683567",levy,cont,5000,0.01,"PSO_STD(p=40,w=0.72,c1=1.49,c2=1.49)",PSO_STD,1,30,0.03333333333333333,0.0625,0.012137488473869825,0.14580846321389015,2.7484588952239886,1.4714276094352061,0.00796777059729805,17.886772607588092
"CONT::levy::d=20::b=(-10.0,10.0)::seed=744683567",levy,cont,5000,0.01,"PSO_RING(p=20,ring,w=0.72,c1=1.49,c2=1.49)",PSO_RING,0,30,0.0,0.03125,0.0016980999057130922,0.08837411984695616,1.513010960431437,1.065557594759809,0.12351696013600307,4.797900194445821
"CONT::levy::d=20::b=(-10.0,10.0)::seed=744683567",levy,cont,5000,0.01,"PSO_RING(p=40,ring,w=0.72,c1=1.49,c2=1.49)",PSO_RING,0,30,0.0,0.03125,0.0018048934414539731,0.0918690142579343,4.2800923924344865,4.090736138905424,1.8478670216056425,8.637252168159264
"CONT::levy::d=20::b=(-10.0,10.0)::seed=744683567",levy,cont,5000,0.01,"ES_ML(mu=10,lam=40,sigma=0.3)",ES_ML,0,30,0.0,0.03125,0.0020521390285208082,0.09280840040870864,27.05925971236794,26.635664053947224,12.124338462444511,39.9332694468485
"CONT::levy::d=20::b=(-10.0,10.0)::seed=744683567",levy,cont,5000,0.01,"ES_ML(mu=20,lam=80,sigma=0.2)",ES_ML,0,30,0.0,0.03125,0.0020281758320571017,0.08634592460918018,26.559084617323006,27.166279785429225,16.19706796469218,36.398348119206325
"CONT::rosenbrock::d=5::b=(-10.0,10.0)::seed=934348663",rosenbrock,cont,5000,0.01,RS_CONT,RS_CONT,0,30,0.0,0.03125,0.0014568128583197161,0.09172560184688934,809.2606887678029,840.3945148935168,156.4780413715942,1826.0403236732914
"CONT::rosenbrock::d=5::b=(-10.0,10.0)::seed=934348663",rosenbrock,cont,5000,0.01,HC_CONT(sigma=0.2),HC_CONT,0,30,0.0,0.03125,0.0018680386571074757,0.09192440875764805,2.226408368919431,1.4518073968769638,0.5249344895609438,6.988484579796861
"CONT::rosenbrock::d=5::b=(-10.0,10.0)::seed=934348663",rosenbrock,cont,5000,0.01,"SA_CONT(sigma=0.3,T0=1.0,alpha=0.995)",SA_CONT,0,30,0.0,0.03125,0.001637719064948411,0.08996091548427078,7.64890293010616,3.131665575489464,1.141737141666238,137.88256952440375
"CONT::rosenbrock::d=5::b=(-10.0,10.0)::seed=934348663",rosenbrock,cont,5000,0.01,"DE(pop=20,F=0.8,CR=0.9)",DE,29,30,0.9666666666666667,0.9375,0.8645995861254606,0.9885008856733409,0.001744700335954139,7.386998639170689e-05,1.6606749313525049e-06,0.042591853258417245
"CONT::rosenbrock::d=5::b=(-10.0,10.0)::seed=934348663",rosenbrock,cont,5000,0.01,"DE(pop=40,F=0.8,CR=0.9)",DE,0,30,0.0,0.03125,0.0018373170407337538,0.09132368375511858,1.2571973939047825,1.0687986722324032,0.3455361177643632,3.23921561016629
"CONT::rosenbrock::d=5::b=(-10.0,10.0)::seed=934348663",rosenbrock,cont,5000,0.01,"PSO_STD(p=20,w=0.72,c1=1.49,c2=1.49)",PSO_STD,0,30,0.0,0.03125,0.0015952522499676277,0.09333628782210543,334.8395002300223,0.3432556131244754,0.039120468772628175,10002.194360670168
"CONT::rosenbrock::d=5::b=(-10.0,10.0)::seed=934348663",rosenbrock,cont,5000,0.01,"PSO_STD(p=40,w=0.72,c1=1.49,c2=1.49)",PSO_STD,0,30,0.0,0.03125,0.0017900753307893379,0.09312126752019656,2.0903070633654344,0.8502460844427537,0.09515077038179952,10.021716143030496
"CONT::rosenbrock::d=5::b=(-10.0,10.0)::seed=934348663",rosenbrock,cont,5000,0.01,"PSO_RING(p=20,ring,w=0.72,c1=1.49,c2=1.49)",PSO_RING,0,30,0.0,0.03125,0.0017226096038334075,0.09294542858321053,0.9492696462899138,1.0069870373086758,0.05222338871210639,2.0014116496872125
"CONT::rosenbrock::d=5::b=(-10.0,10.0)::seed=934348663",rosenbrock,cont,5000,0.01,"PSO_RING(p=40,ring,w=0.72,c1=1.49,c2=1.49)",PSO_RING,1,30,0.03333333333333333,0.0625,0.011451726055555585,0.1414930526967892,0.9351722042901557,0.7923296466243643,0.008307894634725794,2.331282546100243
"CONT::rosenbrock::d=5::b=(-10.0,10.0)::seed=934348663",rosenbrock,cont,5000,0.01,"ES_ML(mu=10,lam=40,sigma=0.3)",ES_ML,0,30,0.0,0.03125,0.0018815808331802682,0.0955862768750147,6.311693546182948,0.9304525321629933,0.20622483472522107,160.84947045924082
"CONT::rosenbrock::d=5::b=(-10.0,10.0)::seed=934348663",rosenbrock,cont,5000,0.01,"ES_ML(mu=20,lam=80,sigma=0.2)",ES_ML,0,30,0.0,0.03125,0.0018313655826062124,0.0928567258290455,2.4479861476852656,2.055196543276467,0.3447780687602408,7.228454038983328
"CONT::rosenbrock::d=20::b=(-10.0,10.0)::seed=314672635",rosenbrock,cont,5000,0.01,RS_CONT,RS_CONT,0,30,0.0,0.03125,0.0015344722711010514,0.09468887838008422,521953.08290934097,544637.8051267554,209771.6764933829,765312.5349337809
"CONT::rosenbrock::d=20::b=(-10.0,10.0)::seed=314672635",rosenbrock,cont,5000,0.01,HC_CONT(sigma=0.2),HC_CONT,0,30,0.0,0.03125,0.0018123785648425394,0.09511218749203758,90.22391310888979,50.87575986016074,39.00069723043644,340.5810189844088
"CONT::rosenbrock::d=20::b=(-10.0,10.0)::seed=314672635",rosenbrock,cont,5000,0.01,"SA_CONT(sigma=0.3,T0=1.0,alpha=0.995)",SA_CONT,0,30,0.0,0.03125,0.0018871688645326053,0.09352023517585689,149.6678135546302,107.30972482367676,63.450245334085274,426.0935342813368
"CONT::rosenbrock::d=20::b=(-10.0,10.0)::seed=314672635",rosenbrock,cont,5000,0.01,"DE(pop=20,F=0.8,CR=0.9)",DE,0,30,0.0,0.03125,0.001706940690427636,0.09048542850251572,1362.9675776627284,1135.2391161384585,256.23614763072084,4863.804452608882
"CONT::rosenbrock::d=20::b=(-10.0,10.0)::seed=314672635",rosenbrock,cont,5000,0.01,"DE(pop=40,F=0.8,CR=0.9)",DE,0,30,0.0,0.03125,0.001730143951083043,0.09503061301265238,175073.6330050985,167463.12827256054,48993.75136514973,353835.30860963644
"CONT::rosenbrock::d=20::b=(-10.0,10.0)::seed=314672635",rosenbrock,cont,5000,0.01,"PSO_STD(p=20,w=0.72,c1=1.49,c2=1.49)",PSO_STD,0,30,0.0,0.03125,0.0015258826287331063,0.09254411947091985,389.04531935926656,44.51525590440933,1.9337088647849803,10017.390650571375
"CONT::rosenbrock::d=20::b=(-10.0,10.0)::seed=314672635",rosenbrock,cont,5000,0.01,"PSO_STD(p=40,w=0.72,c1=1.49,c2=1.49)",PSO_STD,0,30,0.0,0.03125,0.001785957478131648,0.09547023252635663,834.0392092848607,76.18946718372717,17.58635504069438,10063.370319873082
"CONT::rosenbrock::d=20::b=(-10.0,10.0)::seed=314672635",rosenbrock,cont,5000,0.01,"PSO_RING(p=20,ring,w=0.72,c1=1.49,c2=1.49)",PSO_RING,0,30,0.0,0.03125,0.001733562259438785,0.08995964870693028,109.68991179263874,111.82779976915492,19.72952650378216,224.23492145838995
"CONT::rosenbrock::d=20::b=(-10.0,10.0)::seed=314672635",rosenbrock,cont,5000,0.01,"PSO_RING(p=40,ring,w=0.72,c1=1.49,c2=1.49)",PSO_RING,0,30,0.0,0.03125,0.001580773795687592,0.09907801505022243,764.6845216377112,651.6594869025248,141.4029231239917,1627.1883560707756
"CONT::rosenbrock::d=20::b=(-10.0,10.0)::seed=314672635",rosenbrock,cont,5000,0.01,"ES_ML(mu=10,lam=40,sigma=0.3)",ES_ML,0,30,0.0,0.03125,0.001746124645480463,0.0914773171847766,77.77510065489585,23.446561722571676,18.791140016549353,710.2082103882727
"CONT::rosenbrock::d=20::b=(-10.0,10.0)::seed=314672635",rosenbrock,cont,5000,0.01,"ES_ML(mu=20,lam=80,sigma=0.2)",ES_ML,0,30,0.0,0.03125,0.0016317248567122042,0.09230730582613537,413.84787982265664,378.6257998159657,137.74249906105786,1112.5648190975865
"CONT::sphere::d=10::b=(-5.0,5.0)::seed=435480606",sphere,cont,5000,1e-06,RS_CONT,RS_CONT,0,30,0.0,0.03125,0.0017356755645433059,0.08996276690135019,14.419593145932653,14.801392216105981,9.228975311649085,20.067142027326717
"CONT::sphere::d=10::b=(-5.0,5.0)::seed=435480606",sphere,cont,5000,1e-06,HC_CONT(sigma=0.2),HC_CONT,0,30,0.0,0.03125,0.001710527319534058,0.08966150613712673,0.04590822727311784,0.04353137743651831,0.01822253156014524,0.07234657965763198
"CONT::sphere::d=10::b=(-5.0,5.0)::seed=435480606",sphere,cont,5000,1e-06,"SA_CONT(sigma=0.3,T0=1.0,alpha=0.995)",SA_CONT,0,30,0.0,0.03125,0.0015066379500057688,0.08982948264824148,0.10902628703087466,0.107956272543392,0.0685410519568313,0.15321660200786616
"CONT::sphere::d=10::b=(-5.0,5.0)::seed=435480606",sphere,cont,5000,1e-06,"DE(pop=20,F=0.8,CR=0.9)",DE,0,30,0.0,0.03125,0.0015549022736809266,0.09503942054464282,0.0003692889595739291,0.00016844530338809297,3.2242761194996264e-05,0.0023441577875576965
"CONT::sphere::d=10::b=(-5.0,5.0)::seed=435480606",sphere,cont,5000,1e-06,"DE(pop=40,F=0.8,CR=0.9)",DE,0,30,0.0,0.03125,0.0014794781044868632,0.09550963131208108,0.4368969851807203,0.41916278945389845,0.09602159076904679,1.0006343910897553
"CONT::sphere::d=10::b=(-5.0,5.0)::seed=435480606",sphere,cont,5000,1e-06,"PSO_STD(p=20,w=0.72,c1=1.49,c2=1.49)",PSO_STD,30,30,1.0,0.96875,0.9065140376486309,0.998369483085338,8.787048924982942e-12,2.93664373602396e-12,1.1312568260751466e-13,7.986032245341157e-11
"CONT::sphere::d=10::b=(-5.0,5.0)::seed=435480606",sphere,cont,5000,1e-06,"PSO_STD(p=40,w=0.72,c1=1.49,c2=1.49)",PSO_STD,18,30,0.6,0.59375,0.4503877726291773,0.7258363708980388,1.0525318560120383e-06,8.121355404779345e-07,1.4057414404974322e-07,3.840872282994149e-06
"CONT::sphere::d=10::b=(-5.0,5.0)::seed=435480606",sphere,cont,5000,1e-06,"PSO_RING(p=20,ring,w=0.72,c1=1.49,c2=1.49)",PSO_RING,24,30,0.8,0.78125,0.6471057268191641,0.8864775795614327,5.695073271242113e-07,3.789782485270717e-07,4.414397540358474e-08,2.469256443844905e-06
"CONT::sphere::d=10::b=(-5.0,5.0)::seed=435480606",sphere,cont,5000,1e-06,"PSO_RING(p=40,ring,w=0.72,c1=1.49,c2=1.49)",PSO_RING,0,30,0.0,0.03125,0.0017015598653243554,0.089550031001542,0.0012987366558307495,0.0009073796136616,0.00023659708590667125,0.0037343269762713243
"CONT::sphere::d=10::b=(-5.0,5.0)::seed=435480606",sphere,cont,5000,1e-06,"ES_ML(mu=10,lam=40,sigma=0.3)",ES_ML,0,30,0.0,0.03125,0.0015745499592408848,0.09049037809897105,0.00014509123275053333,0.00011844426048365127,5.33714321422223e-05,0.0005117071710237915
"CONT::sphere::d=10::b=(-5.0,5.0)::seed=435480606",sphere,cont,5000,1e-06,"ES_ML(mu=20,lam=80,sigma=0.2)",ES_ML,0,30,0.0,0.03125,0.0017065615284832362,0.09740623795085132,0.01705306473580084,0.015055443573941927,0.007727742936478441,0.03965283021105535
"CONT::rosenbrock::d=20::b=(-5.0,5.0)::seed=34191220",rosenbrock,cont,5000,0.01,RS_CONT,RS_CONT,0,30,0.0,0.03125,0.0016131475738074981,0.08981514407194627,41567.1693870985,40617.0638382279,28011.192737380214,61287.447084411935
"CONT::rosenbrock::d=20::b=(-5.0,5.0)::seed=34191220",rosenbrock,cont,5000,0.01,HC_CONT(sigma=0.2),HC_CONT,0,30,0.0,0.03125,0.0015016326069808641,0.09197079448477469,57.163878610988064,46.76368749971749,39.73742872945543,127.65007939928928
"CONT::rosenbrock::d=20::b=(-5.0,5.0)::seed=34191220",rosenbrock,cont,5000,0.01,"SA_CONT(sigma=0.3,T0=1.0,alpha=0.995)",SA_CONT,0,30,0.0,0.03125,0.001535156753136112,0.0945570689570858,119.64132763491153,83.32890709244325,64.79093529896002,315.22507828115016
"CONT::rosenbrock::d=20::b=(-5.0,5.0)::seed=34191220",rosenbrock,cont,5000,0.01,"DE(pop=20,F=0.8,CR=0.9)",DE,0,30,0.0,0.03125,0.0017490385180847722,0.09364020273610549,224.17605566843167,204.96971661333572,56.91718828211288,589.2330680945581
"CONT::rosenbrock::d=20::b=(-5.0,5.0)::seed=34191220",rosenbrock,cont,5000,0.01,"DE(pop=40,F=0.8,CR=0.9)",DE,0,30,0.0,0.03125,0.0017006359346716066,0.09136957307602459,11371.474186856936,11233.955325926127,3120.7306556570356,25971.560151274123
"CONT::rosenbrock::d=20::b=(-5.0,5.0)::seed=34191220",rosenbrock,cont,5000,0.01,"PSO_STD(p=20,w=0.72,c1=1.49,c2=1.49)",PSO_STD,0,30,0.0,0.03125,0.0014013571265858156,0.09614505211299927,140.37948308279846,25.057031716751872,4.184896804948137,2517.8761427685713
"CONT::rosenbrock::d=20::b=(-5.0,5.0)::seed=34191220",rosenbrock,cont,5000,0.01,"PSO_STD(p=40,w=0.72,c1=1.49,c2=1.49)",PSO_STD,0,30,0.0,0.03125,0.001882143000159389,0.09044624489801469,56.00729807036296,23.08049710571776,14.505982384847048,275.2033222631184
"CONT::rosenbrock::d=20::b=(-5.0,5.0)::seed=34191220",rosenbrock,cont,5000,0.01,"PSO_RING(p=20,ring,w=0.72,c1=1.49,c2=1.49)",PSO_RING,0,30,0.0,0.03125,0.0014072744668817236,0.09409288227812104,55.44644547633025,40.54165887320565,18.41921936814314,137.12302823767376
"CONT::rosenbrock::d=20::b=(-5.0,5.0)::seed=34191220",rosenbrock,cont,5000,0.01,"PSO_RING(p=40,ring,w=0.72,c1=1.49,c2=1.49)",PSO_RING,0,30,0.0,0.03125,0.0015239679122594722,0.09087114258674053,193.3212752410476,180.26396451414166,84.50816543193294,406.8592828193691
"CONT::rosenbrock::d=20::b=(-5.0,5.0)::seed=34191220",rosenbrock,cont,5000,0.01,"ES_ML(mu=10,lam=40,sigma=0.3)",ES_ML,0,30,0.0,0.03125,0.0020255205311503887,0.09369868453072008,22.389545703917875,18.989908307386642,14.357098354133194,92.64529726737072
"CONT::rosenbrock::d=20::b=(-5.0,5.0)::seed=34191220",rosenbrock,cont,5000,0.01,"ES_ML(mu=20,lam=80,sigma=0.2)",ES_ML,0,30,0.0,0.03125,0.001753270770409599,0.0914165375867322,87.97869761004222,69.98002389260319,36.697308034936285,294.5875231570309
"CONT::rosenbrock::d=20::b=(-5.0,5.0)::seed=610253177",rosenbrock,cont,5000,0.01,RS_CONT,RS_CONT,0,30,0.0,0.03125,0.0018199998276316603,0.0920865563624286,39040.294569055586,41532.51079236159,16319.178116121779,52331.70533612682
"CONT::rosenbrock::d=20::b=(-5.0,5.0)::seed=610253177",rosenbrock,cont,5000,0.01,HC_CONT(sigma=0.2),HC_CONT,0,30,0.0,0.03125,0.0015863231422514582,0.09580136801126096,66.37889626172553,48.587330636430956,36.21208619934566,169.834937132267
"CONT::rosenbrock::d=20::b=(-5.0,5.0)::seed=610253177",rosenbrock,cont,5000,0.01,"SA_CONT(sigma=0.3,T0=1.0,alpha=0.995)",SA_CONT,0,30,0.0,0.03125,0.0018936781169271958,0.09005594156697833,116.95985766097942,92.68256170176426,63.32468919654259,308.36256062116354
"CONT::rosenbrock::d=20::b=(-5.0,5.0)::seed=610253177",rosenbrock,cont,5000,0.01,"DE(pop=20,F=0.8,CR=0.9)",DE,0,30,0.0,0.03125,0.0015671601223567464,0.092291416320818,202.30185669550102,191.99398080184903,61.54164621164696,402.8333578944765
"CONT::rosenbrock::d=20::b=(-5.0,5.0)::seed=610253177",rosenbrock,cont,5000,0.01,"DE(pop=40,F=0.8,CR=0.9)",DE,0,30,0.0,0.03125,0.001653543776384488,0.09081229869753321,10726.065490332197,9760.854603547163,4698.958468868015,19030.137927394502
"CONT::rosenbrock::d=20::b=(-5.0,5.0)::seed=610253177",rosenbrock,cont,5000,0.01,"PSO_STD(p=20,w=0.72,c1=1.49,c2=1.49)",PSO_STD,0,30,0.0,0.03125,0.0015675984432634907,0.09456052156191115,327.33511301337865,71.34003393440653,6.1941435605323765,2518.917012435079
"CONT::rosenbrock::d=20::b=(-5.0,5.0)::seed=610253177",rosenbrock,cont,5000,0.01,"PSO_STD(p=40,w=0.72,c1=1.49,c2=1.49)",PSO_STD,0,30,0.0,0.03125,0.0014397679456685311,0.09495368609350328,84.03313695814693,25.525930431816292,12.904746150739559,555.178127329719
"CONT::rosenbrock::d=20::b=(-5.0,5.0)::seed=610253177",rosenbrock,cont,5000,0.01,"PSO_RING(p=20,ring,w=0.72,c1=1.49,c2=1.49)",PSO_RING,0,30,0.0,0.03125,0.0014353865267254782,0.09545084758311208,63.04615792281406,69.05851758014151,20.615116947605145,142.8179146686308
"CONT::rosenbrock::d=20::b=(-5.0,5.0)::seed=610253177",rosenbrock,cont,5000,0.01,"PSO_RING(p=40,ring,w=0.72,c1=1.49,c2=1.49)",PSO_RING,0,30,0.0,0.03125,0.0014531270051373977,0.09404481380543814,180.16562802698496,181.00888246833313,90.58720259522435,319.59875105712854
"CONT::rosenbrock::d=20::b=(-5.0,5.0)::seed=610253177",rosenbrock,cont,5000,0.01,"ES_ML(mu=10,lam=40,sigma=0.3)",ES_ML,0,30,0.0,0.03125,0.0017117662165228916,0.09082196317366928,25.79454131392082,19.358563710131108,14.480160758448811,109.97339008914486
"CONT::rosenbrock::d=20::b=(-5.0,5.0)::seed=610253177",rosenbrock,cont,5000,0.01,"ES_ML(mu=20,lam=80,sigma=0.2)",ES_ML,0,30,0.0,0.03125,0.0015303491865075102,0.09212481973914444,75.4550027973434,62.87098353000687,38.8126977202103,182.54516260676957
"CONT::rosenbrock::d=20::b=(-10.0,10.0)::seed=239744179",rosenbrock,cont,5000,0.01,RS_CONT,RS_CONT,0,30,0.0,0.03125,0.0015143834642099125,0.0900092099691745,600125.5199542126,633488.6091089996,337256.7011215285,767937.7622459402
"CONT::rosenbrock::d=20::b=(-10.0,10.0)::seed=239744179",rosenbrock,cont,5000,0.01,HC_CONT(sigma=0.2),HC_CONT,0,30,0.0,0.03125,0.001716521228328219,0.08908464064695495,71.36109771621561,46.287386189143604,37.62827779786106,285.2993439361251
"CONT::rosenbrock::d=20::b=(-10.0,10.0)::seed=239744179",rosenbrock,cont,5000,0.01,"SA_CONT(sigma=0.3,T0=1.0,alpha=0.995)",SA_CONT,0,30,0.0,0.03125,0.0018473893741462186,0.09075374888870488,133.15120464713343,81.50487477506618,58.466186543577834,429.71743809354723
"CONT::rosenbrock::d=20::b=(-10.0,10.0)::seed=239744179",rosenbrock,cont,5000,0.01,"DE(pop=20,F=0.8,CR=0.9)",DE,0,30,0.0,0.03125,0.0018749783875929688,0.09570210424040318,1496.6888018340771,975.9423817711225,282.285963246333,6209.017718503224
"CONT::rosenbrock::d=20::b=(-10.0,10.0)::seed=239744179",rosenbrock,cont,5000,0.01,"DE(pop=40,F=0.8,CR=0.9)",DE,0,30,0.0,0.03125,0.0017986632105555984,0.08563029721844961,168039.07182717026,139461.57377257207,40448.978880555034,448717.4914560081
"CONT::rosenbrock::d=20::b=(-10.0,10.0)::seed=239744179",rosenbrock,cont,5000,0.01,"PSO_STD(p=20,w=0.72,c1=1.49,c2=1.49)",PSO_STD,0,30,0.0,0.03125,0.00190682901768193,0.08887721502243563,1392.4998067726813,73.78240196876948,6.93078393446992,10072.547033654355
"CONT::rosenbrock::d=20::b=(-10.0,10.0)::seed=239744179",rosenbrock,cont,5000,0.01,"PSO_STD(p=40,w=0.72,c1=1.49,c2=1.49)",PSO_STD,0,30,0.0,0.03125,0.0017636232201295025,0.09473356673467745,486.94764556422757,76.80805793035358,14.397650332972624,10016.675889682629
"CONT::rosenbrock::d=20::b=(-10.0,10.0)::seed=239744179",rosenbrock,cont,5000,0.01,"PSO_RING(p=20,ring,w=0.72,c1=1.49,c2=1.49)",PSO_RING,0,30,0.0,0.03125,0.0016194977985875012,0.08795811911305114,108.28950170717683,103.98071626297565,17.13935528138594,196.56364604184682
"CONT::rosenbrock::d=20::b=(-10.0,10.0)::seed=239744179",rosenbrock,cont,5000,0.01,"PSO_RING(p=40,ring,w=0.72,c1=1.49,c2=1.49)",PSO_RING,0,30,0.0,0.03125,0.0016655438941292056,0.09480111118505202,752.2805194472023,577.9744709202671,315.8907735774075,2276.122602934579
"CONT::rosenbrock::d=20::b=(-10.0,10.0)::seed=239744179",rosenbrock,cont,5000,0.01,"ES_ML(mu=10,lam=40,sigma=0.3)",ES_ML,0,30,0.0,0.03125,0.0017520461902644714,0.08879279138520665,80.39847198243743,25.320633078000917,19.41492610887461,556.7489382300683
"CONT::rosenbrock::d=20::b=(-10.0,10.0)::seed=239744179",rosenbrock,cont,5000,0.01,"ES_ML(mu=20,lam=80,sigma=0.2)",ES_ML,0,30,0.0,0.03125,0.0017436989226006982,0.09339524403530552,390.5726807801227,323.9878231685693,154.16666777082537,1310.6061373520188
