domain,problem,instance_id,algo_variant,budget,target,successes,trials,beta_mean,beta_p05,beta_p95,mean_best,median_best,min_best,max_best
cont,Interp_Sphere_Rastrigin_lam0.00,0,ES_1P1,300,easy,10,10,0.9166666666666666,0.7615958096191473,0.9953478282678027,0.018700437749058718,0.018117625018983917,0.005746451088191153,0.03440896085188601
cont,Interp_Sphere_Rastrigin_lam0.00,0,ES_1P1,300,med,2,10,0.25,0.07882004566602895,0.47008679927917624,0.018700437749058718,0.018117625018983917,0.005746451088191153,0.03440896085188601
cont,Interp_Sphere_Rastrigin_lam0.00,0,ES_1P1,300,hard,0,10,0.08333333333333333,0.0046521717321972985,0.2384041903808526,0.018700437749058718,0.018117625018983917,0.005746451088191153,0.03440896085188601
cont,Interp_Sphere_Rastrigin_lam0.00,0,ES_1P1,500,easy,10,10,0.9166666666666666,0.7615958096191473,0.9953478282678027,0.0004765630360578997,0.0004443185436090643,0.00015188846046350872,0.0012630146607346964
cont,Interp_Sphere_Rastrigin_lam0.00,0,ES_1P1,500,med,10,10,0.9166666666666666,0.7615958096191473,0.9953478282678027,0.0004765630360578997,0.0004443185436090643,0.00015188846046350872,0.0012630146607346964
cont,Interp_Sphere_Rastrigin_lam0.00,0,ES_1P1,500,hard,9,10,0.8333333333333334,0.6356405107527575,0.9666807823157701,0.0004765630360578997,0.0004443185436090643,0.00015188846046350872,0.0012630146607346964
cont,Interp_Sphere_Rastrigin_lam0.00,0,ES_1P1,800,easy,10,10,0.9166666666666666,0.7615958096191473,0.9953478282678027,1.4710765863960203e-06,1.2367912518080164e-06,3.9734171597149757e-07,2.825522753463171e-06
cont,Interp_Sphere_Rastrigin_lam0.00,0,ES_1P1,800,med,10,10,0.9166666666666666,0.7615958096191473,0.9953478282678027,1.4710765863960203e-06,1.2367912518080164e-06,3.9734171597149757e-07,2.825522753463171e-06
cont,Interp_Sphere_Rastrigin_lam0.00,0,ES_1P1,800,hard,10,10,0.9166666666666666,0.7615958096191473,0.9953478282678027,1.4710765863960203e-06,1.2367912518080164e-06,3.9734171597149757e-07,2.825522753463171e-06
cont,Interp_Sphere_Rastrigin_lam0.00,0,ES_1P1,1000,easy,10,10,0.9166666666666666,0.7615958096191473,0.9953478282678027,2.1397500898927887e-08,1.931562861174853e-08,1.2225672470635743e-08,3.944316946939755e-08
cont,Interp_Sphere_Rastrigin_lam0.00,0,ES_1P1,1000,med,10,10,0.9166666666666666,0.7615958096191473,0.9953478282678027,2.1397500898927887e-08,1.931562861174853e-08,1.2225672470635743e-08,3.944316946939755e-08
cont,Interp_Sphere_Rastrigin_lam0.00,0,ES_1P1,1000,hard,10,10,0.9166666666666666,0.7615958096191473,0.9953478282678027,2.1397500898927887e-08,1.931562861174853e-08,1.2225672470635743e-08,3.944316946939755e-08
cont,Interp_Sphere_Rastrigin_lam0.00,0,ES_1P1,2000,easy,10,10,0.9166666666666666,0.7615958096191473,0.9953478282678027,5.656200528827232e-16,1.2535465692258185e-16,3.339816342212501e-17,4.665820006616732e-15
cont,Interp_Sphere_Rastrigin_lam0.00,0,ES_1P1,2000,med,10,10,0.9166666666666666,0.7615958096191473,0.9953478282678027,5.656200528827232e-16,1.2535465692258185e-16,3.339816342212501e-17,4.665820006616732e-15
cont,Interp_Sphere_Rastrigin_lam0.00,0,ES_1P1,2000,hard,10,10,0.9166666666666666,0.7615958096191473,0.9953478282678027,5.656200528827232e-16,1.2535465692258185e-16,3.339816342212501e-17,4.665820006616732e-15
cont,Interp_Sphere_Rastrigin_lam0.00,0,ES_1P1,5000,easy,10,10,0.9166666666666666,0.7615958096191473,0.9953478282678027,8.372983431482233e-26,7.974070603933163e-26,3.738887686982599e-26,1.1856305511379017e-25
cont,Interp_Sphere_Rastrigin_lam0.00,0,ES_1P1,5000,med,10,10,0.9166666666666666,0.7615958096191473,0.9953478282678027,8.372983431482233e-26,7.974070603933163e-26,3.738887686982599e-26,1.1856305511379017e-25
cont,Interp_Sphere_Rastrigin_lam0.00,0,ES_1P1,5000,hard,10,10,0.9166666666666666,0.7615958096191473,0.9953478282678027,8.372983431482233e-26,7.974070603933163e-26,3.738887686982599e-26,1.1856305511379017e-25
cont,Interp_Sphere_Rastrigin_lam0.00,0,ES_1P1,10000,easy,10,10,0.9166666666666666,0.7615958096191473,0.9953478282678027,6.833259624180412e-26,6.831858727930597e-26,3.515524233593461e-26,8.695177487842457e-26
cont,Interp_Sphere_Rastrigin_lam0.00,0,ES_1P1,10000,med,10,10,0.9166666666666666,0.7615958096191473,0.9953478282678027,6.833259624180412e-26,6.831858727930597e-26,3.515524233593461e-26,8.695177487842457e-26
cont,Interp_Sphere_Rastrigin_lam0.00,0,ES_1P1,10000,hard,10,10,0.9166666666666666,0.7615958096191473,0.9953478282678027,6.833259624180412e-26,6.831858727930597e-26,3.515524233593461e-26,8.695177487842457e-26
cont,Interp_Sphere_Rastrigin_lam0.00,0,PSO_GBEST,300,easy,0,10,0.08333333333333333,0.0046521717321972985,0.2384041903808526,0.33073174038688513,0.31656521797679527,0.16192357194369292,0.560253637672668
cont,Interp_Sphere_Rastrigin_lam0.00,0,PSO_GBEST,300,med,0,10,0.08333333333333333,0.0046521717321972985,0.2384041903808526,0.33073174038688513,0.31656521797679527,0.16192357194369292,0.560253637672668
cont,Interp_Sphere_Rastrigin_lam0.00,0,PSO_GBEST,300,hard,0,10,0.08333333333333333,0.0046521717321972985,0.2384041903808526,0.33073174038688513,0.31656521797679527,0.16192357194369292,0.560253637672668
cont,Interp_Sphere_Rastrigin_lam0.00,0,PSO_GBEST,500,easy,2,10,0.25,0.07882004566602895,0.47008679927917624,0.15493362275093883,0.17681042661453997,0.0496289624089044,0.23511717514622063
cont,Interp_Sphere_Rastrigin_lam0.00,0,PSO_GBEST,500,med,0,10,0.08333333333333333,0.0046521717321972985,0.2384041903808526,0.15493362275093883,0.17681042661453997,0.0496289624089044,0.23511717514622063
cont,Interp_Sphere_Rastrigin_lam0.00,0,PSO_GBEST,500,hard,0,10,0.08333333333333333,0.0046521717321972985,0.2384041903808526,0.15493362275093883,0.17681042661453997,0.0496289624089044,0.23511717514622063
cont,Interp_Sphere_Rastrigin_lam0.00,0,PSO_GBEST,800,easy,8,10,0.75,0.5299132007208238,0.921179954333971,0.04194596298609387,0.02924545740567351,0.01101791729918094,0.1257852091201807
cont,Interp_Sphere_Rastrigin_lam0.00,0,PSO_GBEST,800,med,0,10,0.08333333333333333,0.0046521717321972985,0.2384041903808526,0.04194596298609387,0.02924545740567351,0.01101791729918094,0.1257852091201807
cont,Interp_Sphere_Rastrigin_lam0.00,0,PSO_GBEST,800,hard,0,10,0.08333333333333333,0.0046521717321972985,0.2384041903808526,0.04194596298609387,0.02924545740567351,0.01101791729918094,0.1257852091201807
cont,Interp_Sphere_Rastrigin_lam0.00,0,PSO_GBEST,1000,easy,8,10,0.75,0.5299132007208238,0.921179954333971,0.06419433492274293,0.012883291116282839,0.004049514908520426,0.28563724452237954
cont,Interp_Sphere_Rastrigin_lam0.00,0,PSO_GBEST,1000,med,2,10,0.25,0.07882004566602895,0.47008679927917624,0.06419433492274293,0.012883291116282839,0.004049514908520426,0.28563724452237954
cont,Interp_Sphere_Rastrigin_lam0.00,0,PSO_GBEST,1000,hard,0,10,0.08333333333333333,0.0046521717321972985,0.2384041903808526,0.06419433492274293,0.012883291116282839,0.004049514908520426,0.28563724452237954
cont,Interp_Sphere_Rastrigin_lam0.00,0,PSO_GBEST,2000,easy,7,10,0.6666666666666666,0.43562581171077036,0.8649245270803587,0.08952931914906333,0.0005237230608690128,4.032406020427086e-05,0.36220049916654107
cont,Interp_Sphere_Rastrigin_lam0.00,0,PSO_GBEST,2000,med,7,10,0.6666666666666666,0.43562581171077036,0.8649245270803587,0.08952931914906333,0.0005237230608690128,4.032406020427086e-05,0.36220049916654107
cont,Interp_Sphere_Rastrigin_lam0.00,0,PSO_GBEST,2000,hard,6,10,0.5833333333333334,0.34981153457191755,0.8004238501161631,0.08952931914906333,0.0005237230608690128,4.032406020427086e-05,0.36220049916654107
cont,Interp_Sphere_Rastrigin_lam0.00,0,PSO_GBEST,5000,easy,10,10,0.9166666666666666,0.7615958096191473,0.9953478282678027,1.876326136768596e-09,1.2726652080225717e-09,2.866048146556374e-10,7.021115324188274e-09
cont,Interp_Sphere_Rastrigin_lam0.00,0,PSO_GBEST,5000,med,10,10,0.9166666666666666,0.7615958096191473,0.9953478282678027,1.876326136768596e-09,1.2726652080225717e-09,2.866048146556374e-10,7.021115324188274e-09
cont,Interp_Sphere_Rastrigin_lam0.00,0,PSO_GBEST,5000,hard,10,10,0.9166666666666666,0.7615958096191473,0.9953478282678027,1.876326136768596e-09,1.2726652080225717e-09,2.866048146556374e-10,7.021115324188274e-09
cont,Interp_Sphere_Rastrigin_lam0.00,0,PSO_GBEST,10000,easy,10,10,0.9166666666666666,0.7615958096191473,0.9953478282678027,4.507740327774285e-18,9.777646396714555e-19,4.8463470972328064e-20,1.6603534618541736e-17
cont,Interp_Sphere_Rastrigin_lam0.00,0,PSO_GBEST,10000,med,10,10,0.9166666666666666,0.7615958096191473,0.9953478282678027,4.507740327774285e-18,9.777646396714555e-19,4.8463470972328064e-20,1.6603534618541736e-17
cont,Interp_Sphere_Rastrigin_lam0.00,0,PSO_GBEST,10000,hard,10,10,0.9166666666666666,0.7615958096191473,0.9953478282678027,4.507740327774285e-18,9.777646396714555e-19,4.8463470972328064e-20,1.6603534618541736e-17
cont,Interp_Sphere_Rastrigin_lam0.00,1,ES_1P1,300,easy,10,10,0.9166666666666666,0.7615958096191473,0.9953478282678027,0.021097931526577032,0.020556155991260837,0.004547548096015074,0.060013458099148986
cont,Interp_Sphere_Rastrigin_lam0.00,1,ES_1P1,300,med,2,10,0.25,0.07882004566602895,0.47008679927917624,0.021097931526577032,0.020556155991260837,0.004547548096015074,0.060013458099148986
cont,Interp_Sphere_Rastrigin_lam0.00,1,ES_1P1,300,hard,0,10,0.08333333333333333,0.0046521717321972985,0.2384041903808526,0.021097931526577032,0.020556155991260837,0.004547548096015074,0.060013458099148986
cont,Interp_Sphere_Rastrigin_lam0.00,1,ES_1P1,500,easy,10,10,0.9166666666666666,0.7615958096191473,0.9953478282678027,0.0003973464251109084,0.00040735043051742565,0.0001004184963113653,0.00088107316514922
cont,Interp_Sphere_Rastrigin_lam0.00,1,ES_1P1,500,med,10,10,0.9166666666666666,0.7615958096191473,0.9953478282678027,0.0003973464251109084,0.00040735043051742565,0.0001004184963113653,0.00088107316514922
cont,Interp_Sphere_Rastrigin_lam0.00,1,ES_1P1,500,hard,10,10,0.9166666666666666,0.7615958096191473,0.9953478282678027,0.0003973464251109084,0.00040735043051742565,0.0001004184963113653,0.00088107316514922
cont,Interp_Sphere_Rastrigin_lam0.00,1,ES_1P1,800,easy,10,10,0.9166666666666666,0.7615958096191473,0.9953478282678027,1.4786890926035666e-06,8.892422803725096e-07,4.792382824506158e-07,3.2662861393148834e-06
cont,Interp_Sphere_Rastrigin_lam0.00,1,ES_1P1,800,med,10,10,0.9166666666666666,0.7615958096191473,0.9953478282678027,1.4786890926035666e-06,8.892422803725096e-07,4.792382824506158e-07,3.2662861393148834e-06
cont,Interp_Sphere_Rastrigin_lam0.00,1,ES_1P1,800,hard,10,10,0.9166666666666666,0.7615958096191473,0.9953478282678027,1.4786890926035666e-06,8.892422803725096e-07,4.792382824506158e-07,3.2662861393148834e-06
cont,Interp_Sphere_Rastrigin_lam0.00,1,ES_1P1,1000,easy,10,10,0.9166666666666666,0.7615958096191473,0.9953478282678027,6.112375259973452e-08,2.5418233567451943e-08,7.805526844920664e-09,3.19060896780663e-07
cont,Interp_Sphere_Rastrigin_lam0.00,1,ES_1P1,1000,med,10,10,0.9166666666666666,0.7615958096191473,0.9953478282678027,6.112375259973452e-08,2.5418233567451943e-08,7.805526844920664e-09,3.19060896780663e-07
cont,Interp_Sphere_Rastrigin_lam0.00,1,ES_1P1,1000,hard,10,10,0.9166666666666666,0.7615958096191473,0.9953478282678027,6.112375259973452e-08,2.5418233567451943e-08,7.805526844920664e-09,3.19060896780663e-07
cont,Interp_Sphere_Rastrigin_lam0.00,1,ES_1P1,2000,easy,10,10,0.9166666666666666,0.7615958096191473,0.9953478282678027,2.7469145412873307e-16,2.1851232047789095e-16,4.2037219160375793e-17,7.793793329653419e-16
cont,Interp_Sphere_Rastrigin_lam0.00,1,ES_1P1,2000,med,10,10,0.9166666666666666,0.7615958096191473,0.9953478282678027,2.7469145412873307e-16,2.1851232047789095e-16,4.2037219160375793e-17,7.793793329653419e-16
cont,Interp_Sphere_Rastrigin_lam0.00,1,ES_1P1,2000,hard,10,10,0.9166666666666666,0.7615958096191473,0.9953478282678027,2.7469145412873307e-16,2.1851232047789095e-16,4.2037219160375793e-17,7.793793329653419e-16
cont,Interp_Sphere_Rastrigin_lam0.00,1,ES_1P1,5000,easy,10,10,0.9166666666666666,0.7615958096191473,0.9953478282678027,9.759083634418017e-26,9.497080724361414e-26,6.146192303964983e-26,1.555230126608317e-25
cont,Interp_Sphere_Rastrigin_lam0.00,1,ES_1P1,5000,med,10,10,0.9166666666666666,0.7615958096191473,0.9953478282678027,9.759083634418017e-26,9.497080724361414e-26,6.146192303964983e-26,1.555230126608317e-25
cont,Interp_Sphere_Rastrigin_lam0.00,1,ES_1P1,5000,hard,10,10,0.9166666666666666,0.7615958096191473,0.9953478282678027,9.759083634418017e-26,9.497080724361414e-26,6.146192303964983e-26,1.555230126608317e-25
cont,Interp_Sphere_Rastrigin_lam0.00,1,ES_1P1,10000,easy,10,10,0.9166666666666666,0.7615958096191473,0.9953478282678027,6.626650718162786e-26,6.64438925714559e-26,3.952744249239156e-26,9.204392928479622e-26
cont,Interp_Sphere_Rastrigin_lam0.00,1,ES_1P1,10000,med,10,10,0.9166666666666666,0.7615958096191473,0.9953478282678027,6.626650718162786e-26,6.64438925714559e-26,3.952744249239156e-26,9.204392928479622e-26
cont,Interp_Sphere_Rastrigin_lam0.00,1,ES_1P1,10000,hard,10,10,0.9166666666666666,0.7615958096191473,0.9953478282678027,6.626650718162786e-26,6.64438925714559e-26,3.952744249239156e-26,9.204392928479622e-26
cont,Interp_Sphere_Rastrigin_lam0.00,1,PSO_GBEST,300,easy,0,10,0.08333333333333333,0.0046521717321972985,0.2384041903808526,0.3624986683922806,0.34487211768415704,0.16613508939643923,0.7778560008011486
cont,Interp_Sphere_Rastrigin_lam0.00,1,PSO_GBEST,300,med,0,10,0.08333333333333333,0.0046521717321972985,0.2384041903808526,0.3624986683922806,0.34487211768415704,0.16613508939643923,0.7778560008011486
cont,Interp_Sphere_Rastrigin_lam0.00,1,PSO_GBEST,300,hard,0,10,0.08333333333333333,0.0046521717321972985,0.2384041903808526,0.3624986683922806,0.34487211768415704,0.16613508939643923,0.7778560008011486
cont,Interp_Sphere_Rastrigin_lam0.00,1,PSO_GBEST,500,easy,2,10,0.25,0.07882004566602895,0.47008679927917624,0.2854770025162253,0.2757841057468906,0.07051037721865219,0.6788056605955975
cont,Interp_Sphere_Rastrigin_lam0.00,1,PSO_GBEST,500,med,0,10,0.08333333333333333,0.0046521717321972985,0.2384041903808526,0.2854770025162253,0.2757841057468906,0.07051037721865219,0.6788056605955975
cont,Interp_Sphere_Rastrigin_lam0.00,1,PSO_GBEST,500,hard,0,10,0.08333333333333333,0.0046521717321972985,0.2384041903808526,0.2854770025162253,0.2757841057468906,0.07051037721865219,0.6788056605955975
cont,Interp_Sphere_Rastrigin_lam0.00,1,PSO_GBEST,800,easy,8,10,0.75,0.5299132007208238,0.921179954333971,0.2221260050528072,0.053772202461993684,0.012067007686017168,1.0098946667607123
cont,Interp_Sphere_Rastrigin_lam0.00,1,PSO_GBEST,800,med,0,10,0.08333333333333333,0.0046521717321972985,0.2384041903808526,0.2221260050528072,0.053772202461993684,0.012067007686017168,1.0098946667607123
cont,Interp_Sphere_Rastrigin_lam0.00,1,PSO_GBEST,800,hard,0,10,0.08333333333333333,0.0046521717321972985,0.2384041903808526,0.2221260050528072,0.053772202461993684,0.012067007686017168,1.0098946667607123
cont,Interp_Sphere_Rastrigin_lam0.00,1,PSO_GBEST,1000,easy,9,10,0.8333333333333334,0.6356405107527575,0.9666807823157701,0.04613357021528854,0.015976393886597648,0.004051846982800638,0.2643881084116534
cont,Interp_Sphere_Rastrigin_lam0.00,1,PSO_GBEST,1000,med,4,10,0.4166666666666667,0.19957614988383685,0.6501884654280824,0.04613357021528854,0.015976393886597648,0.004051846982800638,0.2643881084116534
cont,Interp_Sphere_Rastrigin_lam0.00,1,PSO_GBEST,1000,hard,0,10,0.08333333333333333,0.0046521717321972985,0.2384041903808526,0.04613357021528854,0.015976393886597648,0.004051846982800638,0.2643881084116534
cont,Interp_Sphere_Rastrigin_lam0.00,1,PSO_GBEST,2000,easy,10,10,0.9166666666666666,0.7615958096191473,0.9953478282678027,0.00017991263429777317,0.0001747902087895569,1.281632832878682e-05,0.00042439223846952006
cont,Interp_Sphere_Rastrigin_lam0.00,1,PSO_GBEST,2000,med,10,10,0.9166666666666666,0.7615958096191473,0.9953478282678027,0.00017991263429777317,0.0001747902087895569,1.281632832878682e-05,0.00042439223846952006
cont,Interp_Sphere_Rastrigin_lam0.00,1,PSO_GBEST,2000,hard,10,10,0.9166666666666666,0.7615958096191473,0.9953478282678027,0.00017991263429777317,0.0001747902087895569,1.281632832878682e-05,0.00042439223846952006
cont,Interp_Sphere_Rastrigin_lam0.00,1,PSO_GBEST,5000,easy,10,10,0.9166666666666666,0.7615958096191473,0.9953478282678027,1.9769031370559393e-09,1.6725029752865528e-09,1.0060927414696916e-10,5.5505514813365154e-09
cont,Interp_Sphere_Rastrigin_lam0.00,1,PSO_GBEST,5000,med,10,10,0.9166666666666666,0.7615958096191473,0.9953478282678027,1.9769031370559393e-09,1.6725029752865528e-09,1.0060927414696916e-10,5.5505514813365154e-09
cont,Interp_Sphere_Rastrigin_lam0.00,1,PSO_GBEST,5000,hard,10,10,0.9166666666666666,0.7615958096191473,0.9953478282678027,1.9769031370559393e-09,1.6725029752865528e-09,1.0060927414696916e-10,5.5505514813365154e-09
cont,Interp_Sphere_Rastrigin_lam0.00,1,PSO_GBEST,10000,easy,10,10,0.9166666666666666,0.7615958096191473,0.9953478282678027,3.830548871352087e-18,2.1540139740048507e-18,5.754390774537352e-19,1.888904394000554e-17
cont,Interp_Sphere_Rastrigin_lam0.00,1,PSO_GBEST,10000,med,10,10,0.9166666666666666,0.7615958096191473,0.9953478282678027,3.830548871352087e-18,2.1540139740048507e-18,5.754390774537352e-19,1.888904394000554e-17
cont,Interp_Sphere_Rastrigin_lam0.00,1,PSO_GBEST,10000,hard,10,10,0.9166666666666666,0.7615958096191473,0.9953478282678027,3.830548871352087e-18,2.1540139740048507e-18,5.754390774537352e-19,1.888904394000554e-17
cont,Interp_Sphere_Rastrigin_lam0.00,2,ES_1P1,300,easy,10,10,0.9166666666666666,0.7615958096191473,0.9953478282678027,0.014331102406554035,0.012319894732836869,0.009984625216063454,0.02417882357359557
cont,Interp_Sphere_Rastrigin_lam0.00,2,ES_1P1,300,med,1,10,0.16666666666666666,0.033319217684229845,0.3643594892472425,0.014331102406554035,0.012319894732836869,0.009984625216063454,0.02417882357359557
cont,Interp_Sphere_Rastrigin_lam0.00,2,ES_1P1,300,hard,0,10,0.08333333333333333,0.0046521717321972985,0.2384041903808526,0.014331102406554035,0.012319894732836869,0.009984625216063454,0.02417882357359557
cont,Interp_Sphere_Rastrigin_lam0.00,2,ES_1P1,500,easy,10,10,0.9166666666666666,0.7615958096191473,0.9953478282678027,0.00032759150940900284,0.0003199590803897593,0.0001290321166809458,0.0006258895664549824
cont,Interp_Sphere_Rastrigin_lam0.00,2,ES_1P1,500,med,10,10,0.9166666666666666,0.7615958096191473,0.9953478282678027,0.00032759150940900284,0.0003199590803897593,0.0001290321166809458,0.0006258895664549824
cont,Interp_Sphere_Rastrigin_lam0.00,2,ES_1P1,500,hard,10,10,0.9166666666666666,0.7615958096191473,0.9953478282678027,0.00032759150940900284,0.0003199590803897593,0.0001290321166809458,0.0006258895664549824
cont,Interp_Sphere_Rastrigin_lam0.00,2,ES_1P1,800,easy,10,10,0.9166666666666666,0.7615958096191473,0.9953478282678027,1.4845464442792033e-06,1.1006810498714826e-06,5.761075406772257e-07,3.5948940507044365e-06
cont,Interp_Sphere_Rastrigin_lam0.00,2,ES_1P1,800,med,10,10,0.9166666666666666,0.7615958096191473,0.9953478282678027,1.4845464442792033e-06,1.1006810498714826e-06,5.761075406772257e-07,3.5948940507044365e-06
cont,Interp_Sphere_Rastrigin_lam0.00,2,ES_1P1,800,hard,10,10,0.9166666666666666,0.7615958096191473,0.9953478282678027,1.4845464442792033e-06,1.1006810498714826e-06,5.761075406772257e-07,3.5948940507044365e-06
cont,Interp_Sphere_Rastrigin_lam0.00,2,ES_1P1,1000,easy,10,10,0.9166666666666666,0.7615958096191473,0.9953478282678027,3.767414495819608e-08,3.143902860839743e-08,5.6839045920341126e-09,1.1630640017573173e-07
cont,Interp_Sphere_Rastrigin_lam0.00,2,ES_1P1,1000,med,10,10,0.9166666666666666,0.7615958096191473,0.9953478282678027,3.767414495819608e-08,3.143902860839743e-08,5.6839045920341126e-09,1.1630640017573173e-07
cont,Interp_Sphere_Rastrigin_lam0.00,2,ES_1P1,1000,hard,10,10,0.9166666666666666,0.7615958096191473,0.9953478282678027,3.767414495819608e-08,3.143902860839743e-08,5.6839045920341126e-09,1.1630640017573173e-07
cont,Interp_Sphere_Rastrigin_lam0.00,2,ES_1P1,2000,easy,10,10,0.9166666666666666,0.7615958096191473,0.9953478282678027,2.0351911177779721e-16,7.889664709821503e-17,3.210624392814278e-17,1.1545313251299376e-15
cont,Interp_Sphere_Rastrigin_lam0.00,2,ES_1P1,2000,med,10,10,0.9166666666666666,0.7615958096191473,0.9953478282678027,2.0351911177779721e-16,7.889664709821503e-17,3.210624392814278e-17,1.1545313251299376e-15
cont,Interp_Sphere_Rastrigin_lam0.00,2,ES_1P1,2000,hard,10,10,0.9166666666666666,0.7615958096191473,0.9953478282678027,2.0351911177779721e-16,7.889664709821503e-17,3.210624392814278e-17,1.1545313251299376e-15
cont,Interp_Sphere_Rastrigin_lam0.00,2,ES_1P1,5000,easy,10,10,0.9166666666666666,0.7615958096191473,0.9953478282678027,9.293127827265114e-26,9.366632383941171e-26,6.536219094234151e-26,1.2281885207564006e-25
cont,Interp_Sphere_Rastrigin_lam0.00,2,ES_1P1,5000,med,10,10,0.9166666666666666,0.7615958096191473,0.9953478282678027,9.293127827265114e-26,9.366632383941171e-26,6.536219094234151e-26,1.2281885207564006e-25
cont,Interp_Sphere_Rastrigin_lam0.00,2,ES_1P1,5000,hard,10,10,0.9166666666666666,0.7615958096191473,0.9953478282678027,9.293127827265114e-26,9.366632383941171e-26,6.536219094234151e-26,1.2281885207564006e-25
cont,Interp_Sphere_Rastrigin_lam0.00,2,ES_1P1,10000,easy,10,10,0.9166666666666666,0.7615958096191473,0.9953478282678027,7.294919063003591e-26,7.0993046960665e-26,5.994271921086811e-26,8.70321270473798e-26
cont,Interp_Sphere_Rastrigin_lam0.00,2,ES_1P1,10000,med,10,10,0.9166666666666666,0.7615958096191473,0.9953478282678027,7.294919063003591e-26,7.0993046960665e-26,5.994271921086811e-26,8.70321270473798e-26
cont,Interp_Sphere_Rastrigin_lam0.00,2,ES_1P1,10000,hard,10,10,0.9166666666666666,0.7615958096191473,0.9953478282678027,7.294919063003591e-26,7.0993046960665e-26,5.994271921086811e-26,8.70321270473798e-26
cont,Interp_Sphere_Rastrigin_lam0.00,2,PSO_GBEST,300,easy,0,10,0.08333333333333333,0.0046521717321972985,0.2384041903808526,0.30116779705275604,0.23788808325422145,0.13483844141896134,0.5387020727929304
cont,Interp_Sphere_Rastrigin_lam0.00,2,PSO_GBEST,300,med,0,10,0.08333333333333333,0.0046521717321972985,0.2384041903808526,0.30116779705275604,0.23788808325422145,0.13483844141896134,0.5387020727929304
cont,Interp_Sphere_Rastrigin_lam0.00,2,PSO_GBEST,300,hard,0,10,0.08333333333333333,0.0046521717321972985,0.2384041903808526,0.30116779705275604,0.23788808325422145,0.13483844141896134,0.5387020727929304
cont,Interp_Sphere_Rastrigin_lam0.00,2,PSO_GBEST,500,easy,4,10,0.4166666666666667,0.19957614988383685,0.6501884654280824,0.13103080559546398,0.11796701572240767,0.05173559789267192,0.27036393785417223
cont,Interp_Sphere_Rastrigin_lam0.00,2,PSO_GBEST,500,med,0,10,0.08333333333333333,0.0046521717321972985,0.2384041903808526,0.13103080559546398,0.11796701572240767,0.05173559789267192,0.27036393785417223
cont,Interp_Sphere_Rastrigin_lam0.00,2,PSO_GBEST,500,hard,0,10,0.08333333333333333,0.0046521717321972985,0.2384041903808526,0.13103080559546398,0.11796701572240767,0.05173559789267192,0.27036393785417223
cont,Interp_Sphere_Rastrigin_lam0.00,2,PSO_GBEST,800,easy,10,10,0.9166666666666666,0.7615958096191473,0.9953478282678027,0.03180028697683655,0.027475850677735184,0.009185423860162223,0.07199494928639645
cont,Interp_Sphere_Rastrigin_lam0.00,2,PSO_GBEST,800,med,1,10,0.16666666666666666,0.033319217684229845,0.3643594892472425,0.03180028697683655,0.027475850677735184,0.009185423860162223,0.07199494928639645
cont,Interp_Sphere_Rastrigin_lam0.00,2,PSO_GBEST,800,hard,0,10,0.08333333333333333,0.0046521717321972985,0.2384041903808526,0.03180028697683655,0.027475850677735184,0.009185423860162223,0.07199494928639645
cont,Interp_Sphere_Rastrigin_lam0.00,2,PSO_GBEST,1000,easy,8,10,0.75,0.5299132007208238,0.921179954333971,0.07861239803891566,0.009750876231303957,0.0037654874464733493,0.35771496452213214
cont,Interp_Sphere_Rastrigin_lam0.00,2,PSO_GBEST,1000,med,5,10,0.5,0.27124991407766885,0.728750085922331,0.07861239803891566,0.009750876231303957,0.0037654874464733493,0.35771496452213214
cont,Interp_Sphere_Rastrigin_lam0.00,2,PSO_GBEST,1000,hard,0,10,0.08333333333333333,0.0046521717321972985,0.2384041903808526,0.07861239803891566,0.009750876231303957,0.0037654874464733493,0.35771496452213214
cont,Interp_Sphere_Rastrigin_lam0.00,2,PSO_GBEST,2000,easy,10,10,0.9166666666666666,0.7615958096191473,0.9953478282678027,0.000254560531990704,0.00014445799629496988,7.59470715619879e-05,0.0011141796020765612
cont,Interp_Sphere_Rastrigin_lam0.00,2,PSO_GBEST,2000,med,10,10,0.9166666666666666,0.7615958096191473,0.9953478282678027,0.000254560531990704,0.00014445799629496988,7.59470715619879e-05,0.0011141796020765612
cont,Interp_Sphere_Rastrigin_lam0.00,2,PSO_GBEST,2000,hard,9,10,0.8333333333333334,0.6356405107527575,0.9666807823157701,0.000254560531990704,0.00014445799629496988,7.59470715619879e-05,0.0011141796020765612
cont,Interp_Sphere_Rastrigin_lam0.00,2,PSO_GBEST,5000,easy,10,10,0.9166666666666666,0.7615958096191473,0.9953478282678027,2.8852110091126862e-09,7.245738297311032e-10,2.425286256648171e-10,1.3008754448300754e-08
cont,Interp_Sphere_Rastrigin_lam0.00,2,PSO_GBEST,5000,med,10,10,0.9166666666666666,0.7615958096191473,0.9953478282678027,2.8852110091126862e-09,7.245738297311032e-10,2.425286256648171e-10,1.3008754448300754e-08
cont,Interp_Sphere_Rastrigin_lam0.00,2,PSO_GBEST,5000,hard,10,10,0.9166666666666666,0.7615958096191473,0.9953478282678027,2.8852110091126862e-09,7.245738297311032e-10,2.425286256648171e-10,1.3008754448300754e-08
cont,Interp_Sphere_Rastrigin_lam0.00,2,PSO_GBEST,10000,easy,9,10,0.8333333333333334,0.6356405107527575,0.9666807823157701,0.03452982604158751,1.869962208228257e-18,1.5556077179819394e-19,0.345298260415875
cont,Interp_Sphere_Rastrigin_lam0.00,2,PSO_GBEST,10000,med,9,10,0.8333333333333334,0.6356405107527575,0.9666807823157701,0.03452982604158751,1.869962208228257e-18,1.5556077179819394e-19,0.345298260415875
cont,Interp_Sphere_Rastrigin_lam0.00,2,PSO_GBEST,10000,hard,9,10,0.8333333333333334,0.6356405107527575,0.9666807823157701,0.03452982604158751,1.869962208228257e-18,1.5556077179819394e-19,0.345298260415875
cont,Interp_Sphere_Rastrigin_lam0.00,3,ES_1P1,300,easy,10,10,0.9166666666666666,0.7615958096191473,0.9953478282678027,0.020441843588078913,0.021320718596139515,0.00851886397712612,0.03159571394438666
cont,Interp_Sphere_Rastrigin_lam0.00,3,ES_1P1,300,med,1,10,0.16666666666666666,0.033319217684229845,0.3643594892472425,0.020441843588078913,0.021320718596139515,0.00851886397712612,0.03159571394438666
cont,Interp_Sphere_Rastrigin_lam0.00,3,ES_1P1,300,hard,0,10,0.08333333333333333,0.0046521717321972985,0.2384041903808526,0.020441843588078913,0.021320718596139515,0.00851886397712612,0.03159571394438666
cont,Interp_Sphere_Rastrigin_lam0.00,3,ES_1P1,500,easy,10,10,0.9166666666666666,0.7615958096191473,0.9953478282678027,0.00038633764890051074,0.0003044337713011288,0.00019933220250307926,0.000736865083865354
cont,Interp_Sphere_Rastrigin_lam0.00,3,ES_1P1,500,med,10,10,0.9166666666666666,0.7615958096191473,0.9953478282678027,0.00038633764890051074,0.0003044337713011288,0.00019933220250307926,0.000736865083865354
cont,Interp_Sphere_Rastrigin_lam0.00,3,ES_1P1,500,hard,10,10,0.9166666666666666,0.7615958096191473,0.9953478282678027,0.00038633764890051074,0.0003044337713011288,0.00019933220250307926,0.000736865083865354
cont,Interp_Sphere_Rastrigin_lam0.00,3,ES_1P1,800,easy,10,10,0.9166666666666666,0.7615958096191473,0.9953478282678027,1.1918141603262516e-06,8.032733736853507e-07,2.2279846286498847e-07,4.99308095698854e-06
cont,Interp_Sphere_Rastrigin_lam0.00,3,ES_1P1,800,med,10,10,0.9166666666666666,0.7615958096191473,0.9953478282678027,1.1918141603262516e-06,8.032733736853507e-07,2.2279846286498847e-07,4.99308095698854e-06
cont,Interp_Sphere_Rastrigin_lam0.00,3,ES_1P1,800,hard,10,10,0.9166666666666666,0.7615958096191473,0.9953478282678027,1.1918141603262516e-06,8.032733736853507e-07,2.2279846286498847e-07,4.99308095698854e-06
cont,Interp_Sphere_Rastrigin_lam0.00,3,ES_1P1,1000,easy,10,10,0.9166666666666666,0.7615958096191473,0.9953478282678027,3.974505549996678e-08,3.864164056308843e-08,1.1219559215041198e-08,7.955780623790028e-08
cont,Interp_Sphere_Rastrigin_lam0.00,3,ES_1P1,1000,med,10,10,0.9166666666666666,0.7615958096191473,0.9953478282678027,3.974505549996678e-08,3.864164056308843e-08,1.1219559215041198e-08,7.955780623790028e-08
cont,Interp_Sphere_Rastrigin_lam0.00,3,ES_1P1,1000,hard,10,10,0.9166666666666666,0.7615958096191473,0.9953478282678027,3.974505549996678e-08,3.864164056308843e-08,1.1219559215041198e-08,7.955780623790028e-08
cont,Interp_Sphere_Rastrigin_lam0.00,3,ES_1P1,2000,easy,10,10,0.9166666666666666,0.7615958096191473,0.9953478282678027,3.5568136164512805e-16,2.437277713943674e-16,5.0685001355386274e-17,1.3653659524157835e-15
cont,Interp_Sphere_Rastrigin_lam0.00,3,ES_1P1,2000,med,10,10,0.9166666666666666,0.7615958096191473,0.9953478282678027,3.5568136164512805e-16,2.437277713943674e-16,5.0685001355386274e-17,1.3653659524157835e-15
cont,Interp_Sphere_Rastrigin_lam0.00,3,ES_1P1,2000,hard,10,10,0.9166666666666666,0.7615958096191473,0.9953478282678027,3.5568136164512805e-16,2.437277713943674e-16,5.0685001355386274e-17,1.3653659524157835e-15
cont,Interp_Sphere_Rastrigin_lam0.00,3,ES_1P1,5000,easy,10,10,0.9166666666666666,0.7615958096191473,0.9953478282678027,8.659503779610376e-26,8.316219612127118e-26,4.5947601420377574e-26,1.2672114095093548e-25
cont,Interp_Sphere_Rastrigin_lam0.00,3,ES_1P1,5000,med,10,10,0.9166666666666666,0.7615958096191473,0.9953478282678027,8.659503779610376e-26,8.316219612127118e-26,4.5947601420377574e-26,1.2672114095093548e-25
cont,Interp_Sphere_Rastrigin_lam0.00,3,ES_1P1,5000,hard,10,10,0.9166666666666666,0.7615958096191473,0.9953478282678027,8.659503779610376e-26,8.316219612127118e-26,4.5947601420377574e-26,1.2672114095093548e-25
cont,Interp_Sphere_Rastrigin_lam0.00,3,ES_1P1,10000,easy,10,10,0.9166666666666666,0.7615958096191473,0.9953478282678027,5.812981462039116e-26,5.947178573460002e-26,2.950037123614407e-26,7.298046278842308e-26
cont,Interp_Sphere_Rastrigin_lam0.00,3,ES_1P1,10000,med,10,10,0.9166666666666666,0.7615958096191473,0.9953478282678027,5.812981462039116e-26,5.947178573460002e-26,2.950037123614407e-26,7.298046278842308e-26
cont,Interp_Sphere_Rastrigin_lam0.00,3,ES_1P1,10000,hard,10,10,0.9166666666666666,0.7615958096191473,0.9953478282678027,5.812981462039116e-26,5.947178573460002e-26,2.950037123614407e-26,7.298046278842308e-26
cont,Interp_Sphere_Rastrigin_lam0.00,3,PSO_GBEST,300,easy,0,10,0.08333333333333333,0.0046521717321972985,0.2384041903808526,0.31111263234450653,0.2505579701212521,0.18190365665956162,0.8385131919334159
cont,Interp_Sphere_Rastrigin_lam0.00,3,PSO_GBEST,300,med,0,10,0.08333333333333333,0.0046521717321972985,0.2384041903808526,0.31111263234450653,0.2505579701212521,0.18190365665956162,0.8385131919334159
cont,Interp_Sphere_Rastrigin_lam0.00,3,PSO_GBEST,300,hard,0,10,0.08333333333333333,0.0046521717321972985,0.2384041903808526,0.31111263234450653,0.2505579701212521,0.18190365665956162,0.8385131919334159
cont,Interp_Sphere_Rastrigin_lam0.00,3,PSO_GBEST,500,easy,6,10,0.5833333333333334,0.34981153457191755,0.8004238501161631,0.10496624479562558,0.0900644532947722,0.05191108035850975,0.18093731052137008
cont,Interp_Sphere_Rastrigin_lam0.00,3,PSO_GBEST,500,med,0,10,0.08333333333333333,0.0046521717321972985,0.2384041903808526,0.10496624479562558,0.0900644532947722,0.05191108035850975,0.18093731052137008
cont,Interp_Sphere_Rastrigin_lam0.00,3,PSO_GBEST,500,hard,0,10,0.08333333333333333,0.0046521717321972985,0.2384041903808526,0.10496624479562558,0.0900644532947722,0.05191108035850975,0.18093731052137008
cont,Interp_Sphere_Rastrigin_lam0.00,3,PSO_GBEST,800,easy,10,10,0.9166666666666666,0.7615958096191473,0.9953478282678027,0.04315588421758365,0.037118225346378174,0.013122388492835759,0.09180709121899318
cont,Interp_Sphere_Rastrigin_lam0.00,3,PSO_GBEST,800,med,0,10,0.08333333333333333,0.0046521717321972985,0.2384041903808526,0.04315588421758365,0.037118225346378174,0.013122388492835759,0.09180709121899318
cont,Interp_Sphere_Rastrigin_lam0.00,3,PSO_GBEST,800,hard,0,10,0.08333333333333333,0.0046521717321972985,0.2384041903808526,0.04315588421758365,0.037118225346378174,0.013122388492835759,0.09180709121899318
cont,Interp_Sphere_Rastrigin_lam0.00,3,PSO_GBEST,1000,easy,9,10,0.8333333333333334,0.6356405107527575,0.9666807823157701,0.04264355354469059,0.013295830088368411,0.0036728155903980094,0.2997097616831845
cont,Interp_Sphere_Rastrigin_lam0.00,3,PSO_GBEST,1000,med,4,10,0.4166666666666667,0.19957614988383685,0.6501884654280824,0.04264355354469059,0.013295830088368411,0.0036728155903980094,0.2997097616831845
cont,Interp_Sphere_Rastrigin_lam0.00,3,PSO_GBEST,1000,hard,0,10,0.08333333333333333,0.0046521717321972985,0.2384041903808526,0.04264355354469059,0.013295830088368411,0.0036728155903980094,0.2997097616831845
cont,Interp_Sphere_Rastrigin_lam0.00,3,PSO_GBEST,2000,easy,9,10,0.8333333333333334,0.6356405107527575,0.9666807823157701,0.06017054912681916,0.00019080647808109578,8.180741387857914e-05,0.5997154196240695
cont,Interp_Sphere_Rastrigin_lam0.00,3,PSO_GBEST,2000,med,9,10,0.8333333333333334,0.6356405107527575,0.9666807823157701,0.06017054912681916,0.00019080647808109578,8.180741387857914e-05,0.5997154196240695
cont,Interp_Sphere_Rastrigin_lam0.00,3,PSO_GBEST,2000,hard,9,10,0.8333333333333334,0.6356405107527575,0.9666807823157701,0.06017054912681916,0.00019080647808109578,8.180741387857914e-05,0.5997154196240695
cont,Interp_Sphere_Rastrigin_lam0.00,3,PSO_GBEST,5000,easy,10,10,0.9166666666666666,0.7615958096191473,0.9953478282678027,1.3751502614776067e-09,8.319526790994599e-10,1.0432820820698909e-10,4.931771227375675e-09
cont,Interp_Sphere_Rastrigin_lam0.00,3,PSO_GBEST,5000,med,10,10,0.9166666666666666,0.7615958096191473,0.9953478282678027,1.3751502614776067e-09,8.319526790994599e-10,1.0432820820698909e-10,4.931771227375675e-09
cont,Interp_Sphere_Rastrigin_lam0.00,3,PSO_GBEST,5000,hard,10,10,0.9166666666666666,0.7615958096191473,0.9953478282678027,1.3751502614776067e-09,8.319526790994599e-10,1.0432820820698909e-10,4.931771227375675e-09
cont,Interp_Sphere_Rastrigin_lam0.00,3,PSO_GBEST,10000,easy,10,10,0.9166666666666666,0.7615958096191473,0.9953478282678027,1.108781711836426e-18,7.50023829424942e-19,1.305979181217711e-19,4.210045363600499e-18
cont,Interp_Sphere_Rastrigin_lam0.00,3,PSO_GBEST,10000,med,10,10,0.9166666666666666,0.7615958096191473,0.9953478282678027,1.108781711836426e-18,7.50023829424942e-19,1.305979181217711e-19,4.210045363600499e-18
cont,Interp_Sphere_Rastrigin_lam0.00,3,PSO_GBEST,10000,hard,10,10,0.9166666666666666,0.7615958096191473,0.9953478282678027,1.108781711836426e-18,7.50023829424942e-19,1.305979181217711e-19,4.210045363600499e-18
cont,Interp_Sphere_Rastrigin_lam0.00,4,ES_1P1,300,easy,10,10,0.9166666666666666,0.7615958096191473,0.9953478282678027,0.015062317663547445,0.012430346758065883,0.009383066922144245,0.025586524514906873
cont,Interp_Sphere_Rastrigin_lam0.00,4,ES_1P1,300,med,1,10,0.16666666666666666,0.033319217684229845,0.3643594892472425,0.015062317663547445,0.012430346758065883,0.009383066922144245,0.025586524514906873
cont,Interp_Sphere_Rastrigin_lam0.00,4,ES_1P1,300,hard,0,10,0.08333333333333333,0.0046521717321972985,0.2384041903808526,0.015062317663547445,0.012430346758065883,0.009383066922144245,0.025586524514906873
cont,Interp_Sphere_Rastrigin_lam0.00,4,ES_1P1,500,easy,10,10,0.9166666666666666,0.7615958096191473,0.9953478282678027,0.00034788695428472833,0.00031490078579482527,0.00013664812049305595,0.0006545577048142325
cont,Interp_Sphere_Rastrigin_lam0.00,4,ES_1P1,500,med,10,10,0.9166666666666666,0.7615958096191473,0.9953478282678027,0.00034788695428472833,0.00031490078579482527,0.00013664812049305595,0.0006545577048142325
cont,Interp_Sphere_Rastrigin_lam0.00,4,ES_1P1,500,hard,10,10,0.9166666666666666,0.7615958096191473,0.9953478282678027,0.00034788695428472833,0.00031490078579482527,0.00013664812049305595,0.0006545577048142325
cont,Interp_Sphere_Rastrigin_lam0.00,4,ES_1P1,800,easy,10,10,0.9166666666666666,0.7615958096191473,0.9953478282678027,1.5548519592463736e-06,1.5155842703426134e-06,4.837505096124592e-07,3.062803610168423e-06
cont,Interp_Sphere_Rastrigin_lam0.00,4,ES_1P1,800,med,10,10,0.9166666666666666,0.7615958096191473,0.9953478282678027,1.5548519592463736e-06,1.5155842703426134e-06,4.837505096124592e-07,3.062803610168423e-06
cont,Interp_Sphere_Rastrigin_lam0.00,4,ES_1P1,800,hard,10,10,0.9166666666666666,0.7615958096191473,0.9953478282678027,1.5548519592463736e-06,1.5155842703426134e-06,4.837505096124592e-07,3.062803610168423e-06
cont,Interp_Sphere_Rastrigin_lam0.00,4,ES_1P1,1000,easy,10,10,0.9166666666666666,0.7615958096191473,0.9953478282678027,2.7744223299438202e-08,2.1052240418469427e-08,7.418533256399096e-09,6.906745684404191e-08
cont,Interp_Sphere_Rastrigin_lam0.00,4,ES_1P1,1000,med,10,10,0.9166666666666666,0.7615958096191473,0.9953478282678027,2.7744223299438202e-08,2.1052240418469427e-08,7.418533256399096e-09,6.906745684404191e-08
cont,Interp_Sphere_Rastrigin_lam0.00,4,ES_1P1,1000,hard,10,10,0.9166666666666666,0.7615958096191473,0.9953478282678027,2.7744223299438202e-08,2.1052240418469427e-08,7.418533256399096e-09,6.906745684404191e-08
cont,Interp_Sphere_Rastrigin_lam0.00,4,ES_1P1,2000,easy,10,10,0.9166666666666666,0.7615958096191473,0.9953478282678027,1.154879565912236e-16,9.698602162309789e-17,3.448103659366727e-17,2.752963600602066e-16
cont,Interp_Sphere_Rastrigin_lam0.00,4,ES_1P1,2000,med,10,10,0.9166666666666666,0.7615958096191473,0.9953478282678027,1.154879565912236e-16,9.698602162309789e-17,3.448103659366727e-17,2.752963600602066e-16
cont,Interp_Sphere_Rastrigin_lam0.00,4,ES_1P1,2000,hard,10,10,0.9166666666666666,0.7615958096191473,0.9953478282678027,1.154879565912236e-16,9.698602162309789e-17,3.448103659366727e-17,2.752963600602066e-16
cont,Interp_Sphere_Rastrigin_lam0.00,4,ES_1P1,5000,easy,10,10,0.9166666666666666,0.7615958096191473,0.9953478282678027,8.53938553389734e-26,8.382160376422299e-26,4.578634860329013e-26,1.113628506801354e-25
cont,Interp_Sphere_Rastrigin_lam0.00,4,ES_1P1,5000,med,10,10,0.9166666666666666,0.7615958096191473,0.9953478282678027,8.53938553389734e-26,8.382160376422299e-26,4.578634860329013e-26,1.113628506801354e-25
cont,Interp_Sphere_Rastrigin_lam0.00,4,ES_1P1,5000,hard,10,10,0.9166666666666666,0.7615958096191473,0.9953478282678027,8.53938553389734e-26,8.382160376422299e-26,4.578634860329013e-26,1.113628506801354e-25
cont,Interp_Sphere_Rastrigin_lam0.00,4,ES_1P1,10000,easy,10,10,0.9166666666666666,0.7615958096191473,0.9953478282678027,6.537552789624935e-26,6.367292832449873e-26,5.44788583219634e-26,8.34022781276668e-26
cont,Interp_Sphere_Rastrigin_lam0.00,4,ES_1P1,10000,med,10,10,0.9166666666666666,0.7615958096191473,0.9953478282678027,6.537552789624935e-26,6.367292832449873e-26,5.44788583219634e-26,8.34022781276668e-26
cont,Interp_Sphere_Rastrigin_lam0.00,4,ES_1P1,10000,hard,10,10,0.9166666666666666,0.7615958096191473,0.9953478282678027,6.537552789624935e-26,6.367292832449873e-26,5.44788583219634e-26,8.34022781276668e-26
cont,Interp_Sphere_Rastrigin_lam0.00,4,PSO_GBEST,300,easy,0,10,0.08333333333333333,0.0046521717321972985,0.2384041903808526,0.45277319486013745,0.471230874878011,0.1626734812635388,0.7409834071725319
cont,Interp_Sphere_Rastrigin_lam0.00,4,PSO_GBEST,300,med,0,10,0.08333333333333333,0.0046521717321972985,0.2384041903808526,0.45277319486013745,0.471230874878011,0.1626734812635388,0.7409834071725319
cont,Interp_Sphere_Rastrigin_lam0.00,4,PSO_GBEST,300,hard,0,10,0.08333333333333333,0.0046521717321972985,0.2384041903808526,0.45277319486013745,0.471230874878011,0.1626734812635388,0.7409834071725319
cont,Interp_Sphere_Rastrigin_lam0.00,4,PSO_GBEST,500,easy,3,10,0.3333333333333333,0.13507547291964123,0.5643741882892295,0.15807615003645428,0.1378239914088848,0.035150333619754955,0.31458186196095395
cont,Interp_Sphere_Rastrigin_lam0.00,4,PSO_GBEST,500,med,0,10,0.08333333333333333,0.0046521717321972985,0.2384041903808526,0.15807615003645428,0.1378239914088848,0.035150333619754955,0.31458186196095395
cont,Interp_Sphere_Rastrigin_lam0.00,4,PSO_GBEST,500,hard,0,10,0.08333333333333333,0.0046521717321972985,0.2384041903808526,0.15807615003645428,0.1378239914088848,0.035150333619754955,0.31458186196095395
cont,Interp_Sphere_Rastrigin_lam0.00,4,PSO_GBEST,800,easy,10,10,0.9166666666666666,0.7615958096191473,0.9953478282678027,0.030016665879385278,0.0283858997868566,0.011083067878635744,0.0544266183471727
cont,Interp_Sphere_Rastrigin_lam0.00,4,PSO_GBEST,800,med,0,10,0.08333333333333333,0.0046521717321972985,0.2384041903808526,0.030016665879385278,0.0283858997868566,0.011083067878635744,0.0544266183471727
cont,Interp_Sphere_Rastrigin_lam0.00,4,PSO_GBEST,800,hard,0,10,0.08333333333333333,0.0046521717321972985,0.2384041903808526,0.030016665879385278,0.0283858997868566,0.011083067878635744,0.0544266183471727
cont,Interp_Sphere_Rastrigin_lam0.00,4,PSO_GBEST,1000,easy,9,10,0.8333333333333334,0.6356405107527575,0.9666807823157701,0.07021318880922417,0.017703788788326222,0.009362464599371319,0.5386608302434329
cont,Interp_Sphere_Rastrigin_lam0.00,4,PSO_GBEST,1000,med,2,10,0.25,0.07882004566602895,0.47008679927917624,0.07021318880922417,0.017703788788326222,0.009362464599371319,0.5386608302434329
cont,Interp_Sphere_Rastrigin_lam0.00,4,PSO_GBEST,1000,hard,0,10,0.08333333333333333,0.0046521717321972985,0.2384041903808526,0.07021318880922417,0.017703788788326222,0.009362464599371319,0.5386608302434329
cont,Interp_Sphere_Rastrigin_lam0.00,4,PSO_GBEST,2000,easy,8,10,0.75,0.5299132007208238,0.921179954333971,0.06924480725821495,0.00031222959245563443,8.362836077449569e-05,0.3973320904779123
cont,Interp_Sphere_Rastrigin_lam0.00,4,PSO_GBEST,2000,med,8,10,0.75,0.5299132007208238,0.921179954333971,0.06924480725821495,0.00031222959245563443,8.362836077449569e-05,0.3973320904779123
cont,Interp_Sphere_Rastrigin_lam0.00,4,PSO_GBEST,2000,hard,7,10,0.6666666666666666,0.43562581171077036,0.8649245270803587,0.06924480725821495,0.00031222959245563443,8.362836077449569e-05,0.3973320904779123
cont,Interp_Sphere_Rastrigin_lam0.00,4,PSO_GBEST,5000,easy,9,10,0.8333333333333334,0.6356405107527575,0.9666807823157701,0.028478750530552193,2.7578439414409584e-10,8.469839476149636e-11,0.28478749189633595
cont,Interp_Sphere_Rastrigin_lam0.00,4,PSO_GBEST,5000,med,9,10,0.8333333333333334,0.6356405107527575,0.9666807823157701,0.028478750530552193,2.7578439414409584e-10,8.469839476149636e-11,0.28478749189633595
cont,Interp_Sphere_Rastrigin_lam0.00,4,PSO_GBEST,5000,hard,9,10,0.8333333333333334,0.6356405107527575,0.9666807823157701,0.028478750530552193,2.7578439414409584e-10,8.469839476149636e-11,0.28478749189633595
cont,Interp_Sphere_Rastrigin_lam0.00,4,PSO_GBEST,10000,easy,9,10,0.8333333333333334,0.6356405107527575,0.9666807823157701,0.02922318644669495,1.875543463751531e-18,2.6515507615838233e-20,0.2922318644669495
cont,Interp_Sphere_Rastrigin_lam0.00,4,PSO_GBEST,10000,med,9,10,0.8333333333333334,0.6356405107527575,0.9666807823157701,0.02922318644669495,1.875543463751531e-18,2.6515507615838233e-20,0.2922318644669495
cont,Interp_Sphere_Rastrigin_lam0.00,4,PSO_GBEST,10000,hard,9,10,0.8333333333333334,0.6356405107527575,0.9666807823157701,0.02922318644669495,1.875543463751531e-18,2.6515507615838233e-20,0.2922318644669495
cont,Interp_Sphere_Rastrigin_lam0.00,5,ES_1P1,300,easy,10,10,0.9166666666666666,0.7615958096191473,0.9953478282678027,0.013711933733127343,0.010034483070459035,0.004381596709016805,0.027199298623781187
cont,Interp_Sphere_Rastrigin_lam0.00,5,ES_1P1,300,med,5,10,0.5,0.27124991407766885,0.728750085922331,0.013711933733127343,0.010034483070459035,0.004381596709016805,0.027199298623781187
cont,Interp_Sphere_Rastrigin_lam0.00,5,ES_1P1,300,hard,0,10,0.08333333333333333,0.0046521717321972985,0.2384041903808526,0.013711933733127343,0.010034483070459035,0.004381596709016805,0.027199298623781187
cont,Interp_Sphere_Rastrigin_lam0.00,5,ES_1P1,500,easy,10,10,0.9166666666666666,0.7615958096191473,0.9953478282678027,0.00032107625569692506,0.0002948189868970141,0.00018832022195946726,0.0005646532401234881
cont,Interp_Sphere_Rastrigin_lam0.00,5,ES_1P1,500,med,10,10,0.9166666666666666,0.7615958096191473,0.9953478282678027,0.00032107625569692506,0.0002948189868970141,0.00018832022195946726,0.0005646532401234881
cont,Interp_Sphere_Rastrigin_lam0.00,5,ES_1P1,500,hard,10,10,0.9166666666666666,0.7615958096191473,0.9953478282678027,0.00032107625569692506,0.0002948189868970141,0.00018832022195946726,0.0005646532401234881
cont,Interp_Sphere_Rastrigin_lam0.00,5,ES_1P1,800,easy,10,10,0.9166666666666666,0.7615958096191473,0.9953478282678027,1.8312447343195379e-06,1.2248538575542036e-06,1.7096326639711017e-07,7.289118845356784e-06
cont,Interp_Sphere_Rastrigin_lam0.00,5,ES_1P1,800,med,10,10,0.9166666666666666,0.7615958096191473,0.9953478282678027,1.8312447343195379e-06,1.2248538575542036e-06,1.7096326639711017e-07,7.289118845356784e-06
cont,Interp_Sphere_Rastrigin_lam0.00,5,ES_1P1,800,hard,10,10,0.9166666666666666,0.7615958096191473,0.9953478282678027,1.8312447343195379e-06,1.2248538575542036e-06,1.7096326639711017e-07,7.289118845356784e-06
cont,Interp_Sphere_Rastrigin_lam0.00,5,ES_1P1,1000,easy,10,10,0.9166666666666666,0.7615958096191473,0.9953478282678027,4.71056594991352e-08,3.4288963669158e-08,5.86516378412164e-09,1.490095257023776e-07
cont,Interp_Sphere_Rastrigin_lam0.00,5,ES_1P1,1000,med,10,10,0.9166666666666666,0.7615958096191473,0.9953478282678027,4.71056594991352e-08,3.4288963669158e-08,5.86516378412164e-09,1.490095257023776e-07
cont,Interp_Sphere_Rastrigin_lam0.00,5,ES_1P1,1000,hard,10,10,0.9166666666666666,0.7615958096191473,0.9953478282678027,4.71056594991352e-08,3.4288963669158e-08,5.86516378412164e-09,1.490095257023776e-07
cont,Interp_Sphere_Rastrigin_lam0.00,5,ES_1P1,2000,easy,10,10,0.9166666666666666,0.7615958096191473,0.9953478282678027,1.5946885780734626e-16,1.0254982618034863e-16,4.873143724333466e-17,4.478331887914723e-16
cont,Interp_Sphere_Rastrigin_lam0.00,5,ES_1P1,2000,med,10,10,0.9166666666666666,0.7615958096191473,0.9953478282678027,1.5946885780734626e-16,1.0254982618034863e-16,4.873143724333466e-17,4.478331887914723e-16
cont,Interp_Sphere_Rastrigin_lam0.00,5,ES_1P1,2000,hard,10,10,0.9166666666666666,0.7615958096191473,0.9953478282678027,1.5946885780734626e-16,1.0254982618034863e-16,4.873143724333466e-17,4.478331887914723e-16
cont,Interp_Sphere_Rastrigin_lam0.00,5,ES_1P1,5000,easy,10,10,0.9166666666666666,0.7615958096191473,0.9953478282678027,1.0793849056811123e-25,1.1106120297601214e-25,6.077761877892163e-26,1.4737120523592232e-25
cont,Interp_Sphere_Rastrigin_lam0.00,5,ES_1P1,5000,med,10,10,0.9166666666666666,0.7615958096191473,0.9953478282678027,1.0793849056811123e-25,1.1106120297601214e-25,6.077761877892163e-26,1.4737120523592232e-25
cont,Interp_Sphere_Rastrigin_lam0.00,5,ES_1P1,5000,hard,10,10,0.9166666666666666,0.7615958096191473,0.9953478282678027,1.0793849056811123e-25,1.1106120297601214e-25,6.077761877892163e-26,1.4737120523592232e-25
cont,Interp_Sphere_Rastrigin_lam0.00,5,ES_1P1,10000,easy,10,10,0.9166666666666666,0.7615958096191473,0.9953478282678027,6.426620855880483e-26,6.776739360092263e-26,3.715641039556244e-26,8.11446153376174e-26
cont,Interp_Sphere_Rastrigin_lam0.00,5,ES_1P1,10000,med,10,10,0.9166666666666666,0.7615958096191473,0.9953478282678027,6.426620855880483e-26,6.776739360092263e-26,3.715641039556244e-26,8.11446153376174e-26
cont,Interp_Sphere_Rastrigin_lam0.00,5,ES_1P1,10000,hard,10,10,0.9166666666666666,0.7615958096191473,0.9953478282678027,6.426620855880483e-26,6.776739360092263e-26,3.715641039556244e-26,8.11446153376174e-26
cont,Interp_Sphere_Rastrigin_lam0.00,5,PSO_GBEST,300,easy,0,10,0.08333333333333333,0.0046521717321972985,0.2384041903808526,0.47969486981656384,0.4579931275425531,0.1883267553781933,0.9232826973138616
cont,Interp_Sphere_Rastrigin_lam0.00,5,PSO_GBEST,300,med,0,10,0.08333333333333333,0.0046521717321972985,0.2384041903808526,0.47969486981656384,0.4579931275425531,0.1883267553781933,0.9232826973138616
cont,Interp_Sphere_Rastrigin_lam0.00,5,PSO_GBEST,300,hard,0,10,0.08333333333333333,0.0046521717321972985,0.2384041903808526,0.47969486981656384,0.4579931275425531,0.1883267553781933,0.9232826973138616
cont,Interp_Sphere_Rastrigin_lam0.00,5,PSO_GBEST,500,easy,5,10,0.5,0.27124991407766885,0.728750085922331,0.16918002374399524,0.10507927889244939,0.056983186047731726,0.4312287941119603
cont,Interp_Sphere_Rastrigin_lam0.00,5,PSO_GBEST,500,med,0,10,0.08333333333333333,0.0046521717321972985,0.2384041903808526,0.16918002374399524,0.10507927889244939,0.056983186047731726,0.4312287941119603
cont,Interp_Sphere_Rastrigin_lam0.00,5,PSO_GBEST,500,hard,0,10,0.08333333333333333,0.0046521717321972985,0.2384041903808526,0.16918002374399524,0.10507927889244939,0.056983186047731726,0.4312287941119603
cont,Interp_Sphere_Rastrigin_lam0.00,5,PSO_GBEST,800,easy,9,10,0.8333333333333334,0.6356405107527575,0.9666807823157701,0.0731718267954466,0.037501285132097745,0.025318531893813705,0.37720925093239105
cont,Interp_Sphere_Rastrigin_lam0.00,5,PSO_GBEST,800,med,0,10,0.08333333333333333,0.0046521717321972985,0.2384041903808526,0.0731718267954466,0.037501285132097745,0.025318531893813705,0.37720925093239105
cont,Interp_Sphere_Rastrigin_lam0.00,5,PSO_GBEST,800,hard,0,10,0.08333333333333333,0.0046521717321972985,0.2384041903808526,0.0731718267954466,0.037501285132097745,0.025318531893813705,0.37720925093239105
cont,Interp_Sphere_Rastrigin_lam0.00,5,PSO_GBEST,1000,easy,9,10,0.8333333333333334,0.6356405107527575,0.9666807823157701,0.07646007025717012,0.00936080461865657,0.0046427511451335056,0.6615099557875112
cont,Interp_Sphere_Rastrigin_lam0.00,5,PSO_GBEST,1000,med,6,10,0.5833333333333334,0.34981153457191755,0.8004238501161631,0.07646007025717012,0.00936080461865657,0.0046427511451335056,0.6615099557875112
cont,Interp_Sphere_Rastrigin_lam0.00,5,PSO_GBEST,1000,hard,0,10,0.08333333333333333,0.0046521717321972985,0.2384041903808526,0.07646007025717012,0.00936080461865657,0.0046427511451335056,0.6615099557875112
cont,Interp_Sphere_Rastrigin_lam0.00,5,PSO_GBEST,2000,easy,10,10,0.9166666666666666,0.7615958096191473,0.9953478282678027,0.0003690544955354788,0.0002574962425355977,3.2958934131501404e-05,0.0008489442341228073
cont,Interp_Sphere_Rastrigin_lam0.00,5,PSO_GBEST,2000,med,10,10,0.9166666666666666,0.7615958096191473,0.9953478282678027,0.0003690544955354788,0.0002574962425355977,3.2958934131501404e-05,0.0008489442341228073
cont,Interp_Sphere_Rastrigin_lam0.00,5,PSO_GBEST,2000,hard,10,10,0.9166666666666666,0.7615958096191473,0.9953478282678027,0.0003690544955354788,0.0002574962425355977,3.2958934131501404e-05,0.0008489442341228073
cont,Interp_Sphere_Rastrigin_lam0.00,5,PSO_GBEST,5000,easy,10,10,0.9166666666666666,0.7615958096191473,0.9953478282678027,9.946663528644712e-10,4.4575730366223823e-10,5.819762980050592e-11,3.749532377971438e-09
cont,Interp_Sphere_Rastrigin_lam0.00,5,PSO_GBEST,5000,med,10,10,0.9166666666666666,0.7615958096191473,0.9953478282678027,9.946663528644712e-10,4.4575730366223823e-10,5.819762980050592e-11,3.749532377971438e-09
cont,Interp_Sphere_Rastrigin_lam0.00,5,PSO_GBEST,5000,hard,10,10,0.9166666666666666,0.7615958096191473,0.9953478282678027,9.946663528644712e-10,4.4575730366223823e-10,5.819762980050592e-11,3.749532377971438e-09
cont,Interp_Sphere_Rastrigin_lam0.00,5,PSO_GBEST,10000,easy,10,10,0.9166666666666666,0.7615958096191473,0.9953478282678027,2.9670069948139022e-18,1.5860277211731773e-18,1.0931429434424788e-19,9.035932086221876e-18
cont,Interp_Sphere_Rastrigin_lam0.00,5,PSO_GBEST,10000,med,10,10,0.9166666666666666,0.7615958096191473,0.9953478282678027,2.9670069948139022e-18,1.5860277211731773e-18,1.0931429434424788e-19,9.035932086221876e-18
cont,Interp_Sphere_Rastrigin_lam0.00,5,PSO_GBEST,10000,hard,10,10,0.9166666666666666,0.7615958096191473,0.9953478282678027,2.9670069948139022e-18,1.5860277211731773e-18,1.0931429434424788e-19,9.035932086221876e-18
cont,Interp_Sphere_Rastrigin_lam0.00,6,ES_1P1,300,easy,10,10,0.9166666666666666,0.7615958096191473,0.9953478282678027,0.018980258172509108,0.017930914978985517,0.006981479399034522,0.03843632682238445
cont,Interp_Sphere_Rastrigin_lam0.00,6,ES_1P1,300,med,1,10,0.16666666666666666,0.033319217684229845,0.3643594892472425,0.018980258172509108,0.017930914978985517,0.006981479399034522,0.03843632682238445
cont,Interp_Sphere_Rastrigin_lam0.00,6,ES_1P1,300,hard,0,10,0.08333333333333333,0.0046521717321972985,0.2384041903808526,0.018980258172509108,0.017930914978985517,0.006981479399034522,0.03843632682238445
cont,Interp_Sphere_Rastrigin_lam0.00,6,ES_1P1,500,easy,10,10,0.9166666666666666,0.7615958096191473,0.9953478282678027,0.0003394592629596293,0.00026333153149962844,0.00012432378396694938,0.0009332702949816264
cont,Interp_Sphere_Rastrigin_lam0.00,6,ES_1P1,500,med,10,10,0.9166666666666666,0.7615958096191473,0.9953478282678027,0.0003394592629596293,0.00026333153149962844,0.00012432378396694938,0.0009332702949816264
cont,Interp_Sphere_Rastrigin_lam0.00,6,ES_1P1,500,hard,10,10,0.9166666666666666,0.7615958096191473,0.9953478282678027,0.0003394592629596293,0.00026333153149962844,0.00012432378396694938,0.0009332702949816264
cont,Interp_Sphere_Rastrigin_lam0.00,6,ES_1P1,800,easy,10,10,0.9166666666666666,0.7615958096191473,0.9953478282678027,1.988401901523889e-06,1.239325087744205e-06,3.6985323764966044e-07,7.523892519686791e-06
cont,Interp_Sphere_Rastrigin_lam0.00,6,ES_1P1,800,med,10,10,0.9166666666666666,0.7615958096191473,0.9953478282678027,1.988401901523889e-06,1.239325087744205e-06,3.6985323764966044e-07,7.523892519686791e-06
cont,Interp_Sphere_Rastrigin_lam0.00,6,ES_1P1,800,hard,10,10,0.9166666666666666,0.7615958096191473,0.9953478282678027,1.988401901523889e-06,1.239325087744205e-06,3.6985323764966044e-07,7.523892519686791e-06
cont,Interp_Sphere_Rastrigin_lam0.00,6,ES_1P1,1000,easy,10,10,0.9166666666666666,0.7615958096191473,0.9953478282678027,2.933074439687182e-08,2.7866479853892554e-08,5.0761695504442065e-09,5.531247565921304e-08
cont,Interp_Sphere_Rastrigin_lam0.00,6,ES_1P1,1000,med,10,10,0.9166666666666666,0.7615958096191473,0.9953478282678027,2.933074439687182e-08,2.7866479853892554e-08,5.0761695504442065e-09,5.531247565921304e-08
cont,Interp_Sphere_Rastrigin_lam0.00,6,ES_1P1,1000,hard,10,10,0.9166666666666666,0.7615958096191473,0.9953478282678027,2.933074439687182e-08,2.7866479853892554e-08,5.0761695504442065e-09,5.531247565921304e-08
cont,Interp_Sphere_Rastrigin_lam0.00,6,ES_1P1,2000,easy,10,10,0.9166666666666666,0.7615958096191473,0.9953478282678027,2.5896507342749645e-16,2.21375258508202e-16,3.1209545335097594e-17,6.200282623291269e-16
cont,Interp_Sphere_Rastrigin_lam0.00,6,ES_1P1,2000,med,10,10,0.9166666666666666,0.7615958096191473,0.9953478282678027,2.5896507342749645e-16,2.21375258508202e-16,3.1209545335097594e-17,6.200282623291269e-16
cont,Interp_Sphere_Rastrigin_lam0.00,6,ES_1P1,2000,hard,10,10,0.9166666666666666,0.7615958096191473,0.9953478282678027,2.5896507342749645e-16,2.21375258508202e-16,3.1209545335097594e-17,6.200282623291269e-16
cont,Interp_Sphere_Rastrigin_lam0.00,6,ES_1P1,5000,easy,10,10,0.9166666666666666,0.7615958096191473,0.9953478282678027,8.968049699397371e-26,8.828615183623175e-26,4.903104546835131e-26,1.2908301164255994e-25
cont,Interp_Sphere_Rastrigin_lam0.00,6,ES_1P1,5000,med,10,10,0.9166666666666666,0.7615958096191473,0.9953478282678027,8.968049699397371e-26,8.828615183623175e-26,4.903104546835131e-26,1.2908301164255994e-25
cont,Interp_Sphere_Rastrigin_lam0.00,6,ES_1P1,5000,hard,10,10,0.9166666666666666,0.7615958096191473,0.9953478282678027,8.968049699397371e-26,8.828615183623175e-26,4.903104546835131e-26,1.2908301164255994e-25
cont,Interp_Sphere_Rastrigin_lam0.00,6,ES_1P1,10000,easy,10,10,0.9166666666666666,0.7615958096191473,0.9953478282678027,6.208570637949115e-26,6.311414463442332e-26,3.4329877517709894e-26,9.513590465677926e-26
cont,Interp_Sphere_Rastrigin_lam0.00,6,ES_1P1,10000,med,10,10,0.9166666666666666,0.7615958096191473,0.9953478282678027,6.208570637949115e-26,6.311414463442332e-26,3.4329877517709894e-26,9.513590465677926e-26
cont,Interp_Sphere_Rastrigin_lam0.00,6,ES_1P1,10000,hard,10,10,0.9166666666666666,0.7615958096191473,0.9953478282678027,6.208570637949115e-26,6.311414463442332e-26,3.4329877517709894e-26,9.513590465677926e-26
cont,Interp_Sphere_Rastrigin_lam0.00,6,PSO_GBEST,300,easy,0,10,0.08333333333333333,0.0046521717321972985,0.2384041903808526,0.5300430877589231,0.48175472837496225,0.2677355237374147,1.093380942768311
cont,Interp_Sphere_Rastrigin_lam0.00,6,PSO_GBEST,300,med,0,10,0.08333333333333333,0.0046521717321972985,0.2384041903808526,0.5300430877589231,0.48175472837496225,0.2677355237374147,1.093380942768311
cont,Interp_Sphere_Rastrigin_lam0.00,6,PSO_GBEST,300,hard,0,10,0.08333333333333333,0.0046521717321972985,0.2384041903808526,0.5300430877589231,0.48175472837496225,0.2677355237374147,1.093380942768311
cont,Interp_Sphere_Rastrigin_lam0.00,6,PSO_GBEST,500,easy,4,10,0.4166666666666667,0.19957614988383685,0.6501884654280824,0.19456733784935135,0.10933057721717462,0.0819811014021426,0.7551880835864767
cont,Interp_Sphere_Rastrigin_lam0.00,6,PSO_GBEST,500,med,0,10,0.08333333333333333,0.0046521717321972985,0.2384041903808526,0.19456733784935135,0.10933057721717462,0.0819811014021426,0.7551880835864767
cont,Interp_Sphere_Rastrigin_lam0.00,6,PSO_GBEST,500,hard,0,10,0.08333333333333333,0.0046521717321972985,0.2384041903808526,0.19456733784935135,0.10933057721717462,0.0819811014021426,0.7551880835864767
cont,Interp_Sphere_Rastrigin_lam0.00,6,PSO_GBEST,800,easy,10,10,0.9166666666666666,0.7615958096191473,0.9953478282678027,0.03433661884172588,0.03416142868226031,0.010224341028624998,0.058497795740528775
cont,Interp_Sphere_Rastrigin_lam0.00,6,PSO_GBEST,800,med,0,10,0.08333333333333333,0.0046521717321972985,0.2384041903808526,0.03433661884172588,0.03416142868226031,0.010224341028624998,0.058497795740528775
cont,Interp_Sphere_Rastrigin_lam0.00,6,PSO_GBEST,800,hard,0,10,0.08333333333333333,0.0046521717321972985,0.2384041903808526,0.03433661884172588,0.03416142868226031,0.010224341028624998,0.058497795740528775
cont,Interp_Sphere_Rastrigin_lam0.00,6,PSO_GBEST,1000,easy,10,10,0.9166666666666666,0.7615958096191473,0.9953478282678027,0.012029843673414104,0.01104622706794226,0.003932868898563594,0.027528065560730557
cont,Interp_Sphere_Rastrigin_lam0.00,6,PSO_GBEST,1000,med,3,10,0.3333333333333333,0.13507547291964123,0.5643741882892295,0.012029843673414104,0.01104622706794226,0.003932868898563594,0.027528065560730557
cont,Interp_Sphere_Rastrigin_lam0.00,6,PSO_GBEST,1000,hard,0,10,0.08333333333333333,0.0046521717321972985,0.2384041903808526,0.012029843673414104,0.01104622706794226,0.003932868898563594,0.027528065560730557
cont,Interp_Sphere_Rastrigin_lam0.00,6,PSO_GBEST,2000,easy,10,10,0.9166666666666666,0.7615958096191473,0.9953478282678027,0.0002557133622358423,0.00016336451772867248,9.835754714653418e-06,0.0008026070868839591
cont,Interp_Sphere_Rastrigin_lam0.00,6,PSO_GBEST,2000,med,10,10,0.9166666666666666,0.7615958096191473,0.9953478282678027,0.0002557133622358423,0.00016336451772867248,9.835754714653418e-06,0.0008026070868839591
cont,Interp_Sphere_Rastrigin_lam0.00,6,PSO_GBEST,2000,hard,10,10,0.9166666666666666,0.7615958096191473,0.9953478282678027,0.0002557133622358423,0.00016336451772867248,9.835754714653418e-06,0.0008026070868839591
cont,Interp_Sphere_Rastrigin_lam0.00,6,PSO_GBEST,5000,easy,10,10,0.9166666666666666,0.7615958096191473,0.9953478282678027,2.1635546914778777e-09,1.5108082145356676e-09,1.9141607508427576e-10,7.029435553649001e-09
cont,Interp_Sphere_Rastrigin_lam0.00,6,PSO_GBEST,5000,med,10,10,0.9166666666666666,0.7615958096191473,0.9953478282678027,2.1635546914778777e-09,1.5108082145356676e-09,1.9141607508427576e-10,7.029435553649001e-09
cont,Interp_Sphere_Rastrigin_lam0.00,6,PSO_GBEST,5000,hard,10,10,0.9166666666666666,0.7615958096191473,0.9953478282678027,2.1635546914778777e-09,1.5108082145356676e-09,1.9141607508427576e-10,7.029435553649001e-09
cont,Interp_Sphere_Rastrigin_lam0.00,6,PSO_GBEST,10000,easy,10,10,0.9166666666666666,0.7615958096191473,0.9953478282678027,1.3528325561185914e-18,1.4601855928536886e-18,6.00309276402411e-20,2.534911008916771e-18
cont,Interp_Sphere_Rastrigin_lam0.00,6,PSO_GBEST,10000,med,10,10,0.9166666666666666,0.7615958096191473,0.9953478282678027,1.3528325561185914e-18,1.4601855928536886e-18,6.00309276402411e-20,2.534911008916771e-18
cont,Interp_Sphere_Rastrigin_lam0.00,6,PSO_GBEST,10000,hard,10,10,0.9166666666666666,0.7615958096191473,0.9953478282678027,1.3528325561185914e-18,1.4601855928536886e-18,6.00309276402411e-20,2.534911008916771e-18
cont,Interp_Sphere_Rastrigin_lam0.00,7,ES_1P1,300,easy,10,10,0.9166666666666666,0.7615958096191473,0.9953478282678027,0.023426380424062594,0.017935896860590855,0.009099040073357264,0.05516651169737736
cont,Interp_Sphere_Rastrigin_lam0.00,7,ES_1P1,300,med,1,10,0.16666666666666666,0.033319217684229845,0.3643594892472425,0.023426380424062594,0.017935896860590855,0.009099040073357264,0.05516651169737736
cont,Interp_Sphere_Rastrigin_lam0.00,7,ES_1P1,300,hard,0,10,0.08333333333333333,0.0046521717321972985,0.2384041903808526,0.023426380424062594,0.017935896860590855,0.009099040073357264,0.05516651169737736
cont,Interp_Sphere_Rastrigin_lam0.00,7,ES_1P1,500,easy,10,10,0.9166666666666666,0.7615958096191473,0.9953478282678027,0.00028116636436238977,0.0002747482891956167,0.00019014111809578682,0.000498821719126023
cont,Interp_Sphere_Rastrigin_lam0.00,7,ES_1P1,500,med,10,10,0.9166666666666666,0.7615958096191473,0.9953478282678027,0.00028116636436238977,0.0002747482891956167,0.00019014111809578682,0.000498821719126023
cont,Interp_Sphere_Rastrigin_lam0.00,7,ES_1P1,500,hard,10,10,0.9166666666666666,0.7615958096191473,0.9953478282678027,0.00028116636436238977,0.0002747482891956167,0.00019014111809578682,0.000498821719126023
cont,Interp_Sphere_Rastrigin_lam0.00,7,ES_1P1,800,easy,10,10,0.9166666666666666,0.7615958096191473,0.9953478282678027,1.6417588634093652e-06,1.182153423648133e-06,5.503833424010824e-07,6.066701876280954e-06
cont,Interp_Sphere_Rastrigin_lam0.00,7,ES_1P1,800,med,10,10,0.9166666666666666,0.7615958096191473,0.9953478282678027,1.6417588634093652e-06,1.182153423648133e-06,5.503833424010824e-07,6.066701876280954e-06
cont,Interp_Sphere_Rastrigin_lam0.00,7,ES_1P1,800,hard,10,10,0.9166666666666666,0.7615958096191473,0.9953478282678027,1.6417588634093652e-06,1.182153423648133e-06,5.503833424010824e-07,6.066701876280954e-06
cont,Interp_Sphere_Rastrigin_lam0.00,7,ES_1P1,1000,easy,10,10,0.9166666666666666,0.7615958096191473,0.9953478282678027,3.9432243204305386e-08,2.334503238908396e-08,7.50041951914009e-09,2.0077471130244715e-07
cont,Interp_Sphere_Rastrigin_lam0.00,7,ES_1P1,1000,med,10,10,0.9166666666666666,0.7615958096191473,0.9953478282678027,3.9432243204305386e-08,2.334503238908396e-08,7.50041951914009e-09,2.0077471130244715e-07
cont,Interp_Sphere_Rastrigin_lam0.00,7,ES_1P1,1000,hard,10,10,0.9166666666666666,0.7615958096191473,0.9953478282678027,3.9432243204305386e-08,2.334503238908396e-08,7.50041951914009e-09,2.0077471130244715e-07
cont,Interp_Sphere_Rastrigin_lam0.00,7,ES_1P1,2000,easy,10,10,0.9166666666666666,0.7615958096191473,0.9953478282678027,3.9025046789267346e-16,2.4963837309848505e-16,6.158443904595878e-17,1.2364224967712529e-15
cont,Interp_Sphere_Rastrigin_lam0.00,7,ES_1P1,2000,med,10,10,0.9166666666666666,0.7615958096191473,0.9953478282678027,3.9025046789267346e-16,2.4963837309848505e-16,6.158443904595878e-17,1.2364224967712529e-15
cont,Interp_Sphere_Rastrigin_lam0.00,7,ES_1P1,2000,hard,10,10,0.9166666666666666,0.7615958096191473,0.9953478282678027,3.9025046789267346e-16,2.4963837309848505e-16,6.158443904595878e-17,1.2364224967712529e-15
cont,Interp_Sphere_Rastrigin_lam0.00,7,ES_1P1,5000,easy,10,10,0.9166666666666666,0.7615958096191473,0.9953478282678027,9.51627557826263e-26,8.90323364112906e-26,5.8617756381935e-26,1.508191243147858e-25
cont,Interp_Sphere_Rastrigin_lam0.00,7,ES_1P1,5000,med,10,10,0.9166666666666666,0.7615958096191473,0.9953478282678027,9.51627557826263e-26,8.90323364112906e-26,5.8617756381935e-26,1.508191243147858e-25
cont,Interp_Sphere_Rastrigin_lam0.00,7,ES_1P1,5000,hard,10,10,0.9166666666666666,0.7615958096191473,0.9953478282678027,9.51627557826263e-26,8.90323364112906e-26,5.8617756381935e-26,1.508191243147858e-25
cont,Interp_Sphere_Rastrigin_lam0.00,7,ES_1P1,10000,easy,10,10,0.9166666666666666,0.7615958096191473,0.9953478282678027,6.268614210617013e-26,6.30310458243033e-26,3.7366357735966004e-26,9.827906694883109e-26
cont,Interp_Sphere_Rastrigin_lam0.00,7,ES_1P1,10000,med,10,10,0.9166666666666666,0.7615958096191473,0.9953478282678027,6.268614210617013e-26,6.30310458243033e-26,3.7366357735966004e-26,9.827906694883109e-26
cont,Interp_Sphere_Rastrigin_lam0.00,7,ES_1P1,10000,hard,10,10,0.9166666666666666,0.7615958096191473,0.9953478282678027,6.268614210617013e-26,6.30310458243033e-26,3.7366357735966004e-26,9.827906694883109e-26
cont,Interp_Sphere_Rastrigin_lam0.00,7,PSO_GBEST,300,easy,0,10,0.08333333333333333,0.0046521717321972985,0.2384041903808526,0.44638421823611296,0.4198904648747952,0.27467353858298055,0.8025217415382973
cont,Interp_Sphere_Rastrigin_lam0.00,7,PSO_GBEST,300,med,0,10,0.08333333333333333,0.0046521717321972985,0.2384041903808526,0.44638421823611296,0.4198904648747952,0.27467353858298055,0.8025217415382973
cont,Interp_Sphere_Rastrigin_lam0.00,7,PSO_GBEST,300,hard,0,10,0.08333333333333333,0.0046521717321972985,0.2384041903808526,0.44638421823611296,0.4198904648747952,0.27467353858298055,0.8025217415382973
cont,Interp_Sphere_Rastrigin_lam0.00,7,PSO_GBEST,500,easy,3,10,0.3333333333333333,0.13507547291964123,0.5643741882892295,0.2412487956540446,0.17820003674204193,0.050570396727509646,0.7785088026027674
cont,Interp_Sphere_Rastrigin_lam0.00,7,PSO_GBEST,500,med,0,10,0.08333333333333333,0.0046521717321972985,0.2384041903808526,0.2412487956540446,0.17820003674204193,0.050570396727509646,0.7785088026027674
cont,Interp_Sphere_Rastrigin_lam0.00,7,PSO_GBEST,500,hard,0,10,0.08333333333333333,0.0046521717321972985,0.2384041903808526,0.2412487956540446,0.17820003674204193,0.050570396727509646,0.7785088026027674
cont,Interp_Sphere_Rastrigin_lam0.00,7,PSO_GBEST,800,easy,10,10,0.9166666666666666,0.7615958096191473,0.9953478282678027,0.03178354510815547,0.0274409158590238,0.008694309658328793,0.06416024307734168
cont,Interp_Sphere_Rastrigin_lam0.00,7,PSO_GBEST,800,med,1,10,0.16666666666666666,0.033319217684229845,0.3643594892472425,0.03178354510815547,0.0274409158590238,0.008694309658328793,0.06416024307734168
cont,Interp_Sphere_Rastrigin_lam0.00,7,PSO_GBEST,800,hard,0,10,0.08333333333333333,0.0046521717321972985,0.2384041903808526,0.03178354510815547,0.0274409158590238,0.008694309658328793,0.06416024307734168
cont,Interp_Sphere_Rastrigin_lam0.00,7,PSO_GBEST,1000,easy,10,10,0.9166666666666666,0.7615958096191473,0.9953478282678027,0.014679713996129298,0.013493382738721006,0.007208196875419424,0.024929655186124
cont,Interp_Sphere_Rastrigin_lam0.00,7,PSO_GBEST,1000,med,3,10,0.3333333333333333,0.13507547291964123,0.5643741882892295,0.014679713996129298,0.013493382738721006,0.007208196875419424,0.024929655186124
cont,Interp_Sphere_Rastrigin_lam0.00,7,PSO_GBEST,1000,hard,0,10,0.08333333333333333,0.0046521717321972985,0.2384041903808526,0.014679713996129298,0.013493382738721006,0.007208196875419424,0.024929655186124
cont,Interp_Sphere_Rastrigin_lam0.00,7,PSO_GBEST,2000,easy,10,10,0.9166666666666666,0.7615958096191473,0.9953478282678027,0.0002539537282385516,0.00018973747065216128,5.7713274109128924e-05,0.0009664971505948327
cont,Interp_Sphere_Rastrigin_lam0.00,7,PSO_GBEST,2000,med,10,10,0.9166666666666666,0.7615958096191473,0.9953478282678027,0.0002539537282385516,0.00018973747065216128,5.7713274109128924e-05,0.0009664971505948327
cont,Interp_Sphere_Rastrigin_lam0.00,7,PSO_GBEST,2000,hard,10,10,0.9166666666666666,0.7615958096191473,0.9953478282678027,0.0002539537282385516,0.00018973747065216128,5.7713274109128924e-05,0.0009664971505948327
cont,Interp_Sphere_Rastrigin_lam0.00,7,PSO_GBEST,5000,easy,9,10,0.8333333333333334,0.6356405107527575,0.9666807823157701,0.03703149501592941,1.4164976219430813e-09,3.532587577435457e-10,0.3703149339852391
cont,Interp_Sphere_Rastrigin_lam0.00,7,PSO_GBEST,5000,med,9,10,0.8333333333333334,0.6356405107527575,0.9666807823157701,0.03703149501592941,1.4164976219430813e-09,3.532587577435457e-10,0.3703149339852391
cont,Interp_Sphere_Rastrigin_lam0.00,7,PSO_GBEST,5000,hard,9,10,0.8333333333333334,0.6356405107527575,0.9666807823157701,0.03703149501592941,1.4164976219430813e-09,3.532587577435457e-10,0.3703149339852391
cont,Interp_Sphere_Rastrigin_lam0.00,7,PSO_GBEST,10000,easy,10,10,0.9166666666666666,0.7615958096191473,0.9953478282678027,2.7416342545839513e-18,2.8010938432588108e-18,9.509242268882243e-20,6.131247573115477e-18
cont,Interp_Sphere_Rastrigin_lam0.00,7,PSO_GBEST,10000,med,10,10,0.9166666666666666,0.7615958096191473,0.9953478282678027,2.7416342545839513e-18,2.8010938432588108e-18,9.509242268882243e-20,6.131247573115477e-18
cont,Interp_Sphere_Rastrigin_lam0.00,7,PSO_GBEST,10000,hard,10,10,0.9166666666666666,0.7615958096191473,0.9953478282678027,2.7416342545839513e-18,2.8010938432588108e-18,9.509242268882243e-20,6.131247573115477e-18
cont,Interp_Sphere_Rastrigin_lam0.00,8,ES_1P1,300,easy,10,10,0.9166666666666666,0.7615958096191473,0.9953478282678027,0.017616953912734677,0.015444459061501964,0.009551410733826348,0.035914128204125886
cont,Interp_Sphere_Rastrigin_lam0.00,8,ES_1P1,300,med,1,10,0.16666666666666666,0.033319217684229845,0.3643594892472425,0.017616953912734677,0.015444459061501964,0.009551410733826348,0.035914128204125886
cont,Interp_Sphere_Rastrigin_lam0.00,8,ES_1P1,300,hard,0,10,0.08333333333333333,0.0046521717321972985,0.2384041903808526,0.017616953912734677,0.015444459061501964,0.009551410733826348,0.035914128204125886
cont,Interp_Sphere_Rastrigin_lam0.00,8,ES_1P1,500,easy,10,10,0.9166666666666666,0.7615958096191473,0.9953478282678027,0.00031126700972815665,0.0002828099413051382,9.859458001042733e-05,0.0005758088193806597
cont,Interp_Sphere_Rastrigin_lam0.00,8,ES_1P1,500,med,10,10,0.9166666666666666,0.7615958096191473,0.9953478282678027,0.00031126700972815665,0.0002828099413051382,9.859458001042733e-05,0.0005758088193806597
cont,Interp_Sphere_Rastrigin_lam0.00,8,ES_1P1,500,hard,10,10,0.9166666666666666,0.7615958096191473,0.9953478282678027,0.00031126700972815665,0.0002828099413051382,9.859458001042733e-05,0.0005758088193806597
cont,Interp_Sphere_Rastrigin_lam0.00,8,ES_1P1,800,easy,10,10,0.9166666666666666,0.7615958096191473,0.9953478282678027,1.0719010337283567e-06,6.909194999425026e-07,2.525834455089297e-07,2.673486483964136e-06
cont,Interp_Sphere_Rastrigin_lam0.00,8,ES_1P1,800,med,10,10,0.9166666666666666,0.7615958096191473,0.9953478282678027,1.0719010337283567e-06,6.909194999425026e-07,2.525834455089297e-07,2.673486483964136e-06
cont,Interp_Sphere_Rastrigin_lam0.00,8,ES_1P1,800,hard,10,10,0.9166666666666666,0.7615958096191473,0.9953478282678027,1.0719010337283567e-06,6.909194999425026e-07,2.525834455089297e-07,2.673486483964136e-06
cont,Interp_Sphere_Rastrigin_lam0.00,8,ES_1P1,1000,easy,10,10,0.9166666666666666,0.7615958096191473,0.9953478282678027,4.676226454054804e-08,3.7824573672198606e-08,1.202304276512879e-08,1.1581970754820828e-07
cont,Interp_Sphere_Rastrigin_lam0.00,8,ES_1P1,1000,med,10,10,0.9166666666666666,0.7615958096191473,0.9953478282678027,4.676226454054804e-08,3.7824573672198606e-08,1.202304276512879e-08,1.1581970754820828e-07
cont,Interp_Sphere_Rastrigin_lam0.00,8,ES_1P1,1000,hard,10,10,0.9166666666666666,0.7615958096191473,0.9953478282678027,4.676226454054804e-08,3.7824573672198606e-08,1.202304276512879e-08,1.1581970754820828e-07
cont,Interp_Sphere_Rastrigin_lam0.00,8,ES_1P1,2000,easy,10,10,0.9166666666666666,0.7615958096191473,0.9953478282678027,7.370383756677646e-16,1.8126404930421615e-16,3.122400455629275e-17,4.6601399684254345e-15
cont,Interp_Sphere_Rastrigin_lam0.00,8,ES_1P1,2000,med,10,10,0.9166666666666666,0.7615958096191473,0.9953478282678027,7.370383756677646e-16,1.8126404930421615e-16,3.122400455629275e-17,4.6601399684254345e-15
cont,Interp_Sphere_Rastrigin_lam0.00,8,ES_1P1,2000,hard,10,10,0.9166666666666666,0.7615958096191473,0.9953478282678027,7.370383756677646e-16,1.8126404930421615e-16,3.122400455629275e-17,4.6601399684254345e-15
cont,Interp_Sphere_Rastrigin_lam0.00,8,ES_1P1,5000,easy,10,10,0.9166666666666666,0.7615958096191473,0.9953478282678027,1.0618839947407045e-25,1.0909854403090312e-25,8.321763764029369e-26,1.262967472509838e-25
cont,Interp_Sphere_Rastrigin_lam0.00,8,ES_1P1,5000,med,10,10,0.9166666666666666,0.7615958096191473,0.9953478282678027,1.0618839947407045e-25,1.0909854403090312e-25,8.321763764029369e-26,1.262967472509838e-25
cont,Interp_Sphere_Rastrigin_lam0.00,8,ES_1P1,5000,hard,10,10,0.9166666666666666,0.7615958096191473,0.9953478282678027,1.0618839947407045e-25,1.0909854403090312e-25,8.321763764029369e-26,1.262967472509838e-25
cont,Interp_Sphere_Rastrigin_lam0.00,8,ES_1P1,10000,easy,10,10,0.9166666666666666,0.7615958096191473,0.9953478282678027,7.574062201145408e-26,7.962342379942103e-26,4.146156347567211e-26,9.564803710157522e-26
cont,Interp_Sphere_Rastrigin_lam0.00,8,ES_1P1,10000,med,10,10,0.9166666666666666,0.7615958096191473,0.9953478282678027,7.574062201145408e-26,7.962342379942103e-26,4.146156347567211e-26,9.564803710157522e-26
cont,Interp_Sphere_Rastrigin_lam0.00,8,ES_1P1,10000,hard,10,10,0.9166666666666666,0.7615958096191473,0.9953478282678027,7.574062201145408e-26,7.962342379942103e-26,4.146156347567211e-26,9.564803710157522e-26
cont,Interp_Sphere_Rastrigin_lam0.00,8,PSO_GBEST,300,easy,0,10,0.08333333333333333,0.0046521717321972985,0.2384041903808526,0.4629884652480499,0.4444154406431165,0.17615074003139064,0.6603949748741412
cont,Interp_Sphere_Rastrigin_lam0.00,8,PSO_GBEST,300,med,0,10,0.08333333333333333,0.0046521717321972985,0.2384041903808526,0.4629884652480499,0.4444154406431165,0.17615074003139064,0.6603949748741412
cont,Interp_Sphere_Rastrigin_lam0.00,8,PSO_GBEST,300,hard,0,10,0.08333333333333333,0.0046521717321972985,0.2384041903808526,0.4629884652480499,0.4444154406431165,0.17615074003139064,0.6603949748741412
cont,Interp_Sphere_Rastrigin_lam0.00,8,PSO_GBEST,500,easy,2,10,0.25,0.07882004566602895,0.47008679927917624,0.2043508638888692,0.16715645558133507,0.06952271106026092,0.4189346128514965
cont,Interp_Sphere_Rastrigin_lam0.00,8,PSO_GBEST,500,med,0,10,0.08333333333333333,0.0046521717321972985,0.2384041903808526,0.2043508638888692,0.16715645558133507,0.06952271106026092,0.4189346128514965
cont,Interp_Sphere_Rastrigin_lam0.00,8,PSO_GBEST,500,hard,0,10,0.08333333333333333,0.0046521717321972985,0.2384041903808526,0.2043508638888692,0.16715645558133507,0.06952271106026092,0.4189346128514965
cont,Interp_Sphere_Rastrigin_lam0.00,8,PSO_GBEST,800,easy,7,10,0.6666666666666666,0.43562581171077036,0.8649245270803587,0.1304489666463144,0.06895444707014425,0.024909311505086355,0.4957792742136588
cont,Interp_Sphere_Rastrigin_lam0.00,8,PSO_GBEST,800,med,0,10,0.08333333333333333,0.0046521717321972985,0.2384041903808526,0.1304489666463144,0.06895444707014425,0.024909311505086355,0.4957792742136588
cont,Interp_Sphere_Rastrigin_lam0.00,8,PSO_GBEST,800,hard,0,10,0.08333333333333333,0.0046521717321972985,0.2384041903808526,0.1304489666463144,0.06895444707014425,0.024909311505086355,0.4957792742136588
cont,Interp_Sphere_Rastrigin_lam0.00,8,PSO_GBEST,1000,easy,9,10,0.8333333333333334,0.6356405107527575,0.9666807823157701,0.046359159548360965,0.02081503755281757,0.008477299912073437,0.2943821855006545
cont,Interp_Sphere_Rastrigin_lam0.00,8,PSO_GBEST,1000,med,1,10,0.16666666666666666,0.033319217684229845,0.3643594892472425,0.046359159548360965,0.02081503755281757,0.008477299912073437,0.2943821855006545
cont,Interp_Sphere_Rastrigin_lam0.00,8,PSO_GBEST,1000,hard,0,10,0.08333333333333333,0.0046521717321972985,0.2384041903808526,0.046359159548360965,0.02081503755281757,0.008477299912073437,0.2943821855006545
cont,Interp_Sphere_Rastrigin_lam0.00,8,PSO_GBEST,2000,easy,10,10,0.9166666666666666,0.7615958096191473,0.9953478282678027,0.00033677709538689393,0.000300939889685711,5.902354873751171e-05,0.0010010912679359759
cont,Interp_Sphere_Rastrigin_lam0.00,8,PSO_GBEST,2000,med,10,10,0.9166666666666666,0.7615958096191473,0.9953478282678027,0.00033677709538689393,0.000300939889685711,5.902354873751171e-05,0.0010010912679359759
cont,Interp_Sphere_Rastrigin_lam0.00,8,PSO_GBEST,2000,hard,9,10,0.8333333333333334,0.6356405107527575,0.9666807823157701,0.00033677709538689393,0.000300939889685711,5.902354873751171e-05,0.0010010912679359759
cont,Interp_Sphere_Rastrigin_lam0.00,8,PSO_GBEST,5000,easy,10,10,0.9166666666666666,0.7615958096191473,0.9953478282678027,9.848618655893244e-10,6.136899990348847e-10,8.670246080505819e-11,3.863072220933869e-09
cont,Interp_Sphere_Rastrigin_lam0.00,8,PSO_GBEST,5000,med,10,10,0.9166666666666666,0.7615958096191473,0.9953478282678027,9.848618655893244e-10,6.136899990348847e-10,8.670246080505819e-11,3.863072220933869e-09
cont,Interp_Sphere_Rastrigin_lam0.00,8,PSO_GBEST,5000,hard,10,10,0.9166666666666666,0.7615958096191473,0.9953478282678027,9.848618655893244e-10,6.136899990348847e-10,8.670246080505819e-11,3.863072220933869e-09
cont,Interp_Sphere_Rastrigin_lam0.00,8,PSO_GBEST,10000,easy,9,10,0.8333333333333334,0.6356405107527575,0.9666807823157701,0.046882047816644346,5.934511619519462e-18,4.1723879950775316e-19,0.46882047816644346
cont,Interp_Sphere_Rastrigin_lam0.00,8,PSO_GBEST,10000,med,9,10,0.8333333333333334,0.6356405107527575,0.9666807823157701,0.046882047816644346,5.934511619519462e-18,4.1723879950775316e-19,0.46882047816644346
cont,Interp_Sphere_Rastrigin_lam0.00,8,PSO_GBEST,10000,hard,9,10,0.8333333333333334,0.6356405107527575,0.9666807823157701,0.046882047816644346,5.934511619519462e-18,4.1723879950775316e-19,0.46882047816644346
cont,Interp_Sphere_Rastrigin_lam0.00,9,ES_1P1,300,easy,10,10,0.9166666666666666,0.7615958096191473,0.9953478282678027,0.0130175324075269,0.011058150115102566,0.006856224021755928,0.021654068201504915
cont,Interp_Sphere_Rastrigin_lam0.00,9,ES_1P1,300,med,2,10,0.25,0.07882004566602895,0.47008679927917624,0.0130175324075269,0.011058150115102566,0.006856224021755928,0.021654068201504915
cont,Interp_Sphere_Rastrigin_lam0.00,9,ES_1P1,300,hard,0,10,0.08333333333333333,0.0046521717321972985,0.2384041903808526,0.0130175324075269,0.011058150115102566,0.006856224021755928,0.021654068201504915
cont,Interp_Sphere_Rastrigin_lam0.00,9,ES_1P1,500,easy,10,10,0.9166666666666666,0.7615958096191473,0.9953478282678027,0.0004288633144459525,0.0003765001531112553,0.00019643041841735883,0.0011574575647380716
cont,Interp_Sphere_Rastrigin_lam0.00,9,ES_1P1,500,med,10,10,0.9166666666666666,0.7615958096191473,0.9953478282678027,0.0004288633144459525,0.0003765001531112553,0.00019643041841735883,0.0011574575647380716
cont,Interp_Sphere_Rastrigin_lam0.00,9,ES_1P1,500,hard,9,10,0.8333333333333334,0.6356405107527575,0.9666807823157701,0.0004288633144459525,0.0003765001531112553,0.00019643041841735883,0.0011574575647380716
cont,Interp_Sphere_Rastrigin_lam0.00,9,ES_1P1,800,easy,10,10,0.9166666666666666,0.7615958096191473,0.9953478282678027,1.3999059621074122e-06,7.594412697063595e-07,3.869065839453211e-07,4.5355549260529756e-06
cont,Interp_Sphere_Rastrigin_lam0.00,9,ES_1P1,800,med,10,10,0.9166666666666666,0.7615958096191473,0.9953478282678027,1.3999059621074122e-06,7.594412697063595e-07,3.869065839453211e-07,4.5355549260529756e-06
cont,Interp_Sphere_Rastrigin_lam0.00,9,ES_1P1,800,hard,10,10,0.9166666666666666,0.7615958096191473,0.9953478282678027,1.3999059621074122e-06,7.594412697063595e-07,3.869065839453211e-07,4.5355549260529756e-06
cont,Interp_Sphere_Rastrigin_lam0.00,9,ES_1P1,1000,easy,10,10,0.9166666666666666,0.7615958096191473,0.9953478282678027,3.084563307585826e-08,3.0703500720020656e-08,9.336827619742613e-09,6.731514668990853e-08
cont,Interp_Sphere_Rastrigin_lam0.00,9,ES_1P1,1000,med,10,10,0.9166666666666666,0.7615958096191473,0.9953478282678027,3.084563307585826e-08,3.0703500720020656e-08,9.336827619742613e-09,6.731514668990853e-08
cont,Interp_Sphere_Rastrigin_lam0.00,9,ES_1P1,1000,hard,10,10,0.9166666666666666,0.7615958096191473,0.9953478282678027,3.084563307585826e-08,3.0703500720020656e-08,9.336827619742613e-09,6.731514668990853e-08
cont,Interp_Sphere_Rastrigin_lam0.00,9,ES_1P1,2000,easy,10,10,0.9166666666666666,0.7615958096191473,0.9953478282678027,1.0845528419621396e-16,8.403007155178703e-17,1.6800207087693987e-17,2.9534104859346445e-16
cont,Interp_Sphere_Rastrigin_lam0.00,9,ES_1P1,2000,med,10,10,0.9166666666666666,0.7615958096191473,0.9953478282678027,1.0845528419621396e-16,8.403007155178703e-17,1.6800207087693987e-17,2.9534104859346445e-16
cont,Interp_Sphere_Rastrigin_lam0.00,9,ES_1P1,2000,hard,10,10,0.9166666666666666,0.7615958096191473,0.9953478282678027,1.0845528419621396e-16,8.403007155178703e-17,1.6800207087693987e-17,2.9534104859346445e-16
cont,Interp_Sphere_Rastrigin_lam0.00,9,ES_1P1,5000,easy,10,10,0.9166666666666666,0.7615958096191473,0.9953478282678027,8.872307018406348e-26,9.119957450724395e-26,4.4969993527421147e-26,1.1792818825386498e-25
cont,Interp_Sphere_Rastrigin_lam0.00,9,ES_1P1,5000,med,10,10,0.9166666666666666,0.7615958096191473,0.9953478282678027,8.872307018406348e-26,9.119957450724395e-26,4.4969993527421147e-26,1.1792818825386498e-25
cont,Interp_Sphere_Rastrigin_lam0.00,9,ES_1P1,5000,hard,10,10,0.9166666666666666,0.7615958096191473,0.9953478282678027,8.872307018406348e-26,9.119957450724395e-26,4.4969993527421147e-26,1.1792818825386498e-25
cont,Interp_Sphere_Rastrigin_lam0.00,9,ES_1P1,10000,easy,10,10,0.9166666666666666,0.7615958096191473,0.9953478282678027,4.9891895869607694e-26,4.8350377622707626e-26,2.5454634021660865e-26,7.075877511184019e-26
cont,Interp_Sphere_Rastrigin_lam0.00,9,ES_1P1,10000,med,10,10,0.9166666666666666,0.7615958096191473,0.9953478282678027,4.9891895869607694e-26,4.8350377622707626e-26,2.5454634021660865e-26,7.075877511184019e-26
cont,Interp_Sphere_Rastrigin_lam0.00,9,ES_1P1,10000,hard,10,10,0.9166666666666666,0.7615958096191473,0.9953478282678027,4.9891895869607694e-26,4.8350377622707626e-26,2.5454634021660865e-26,7.075877511184019e-26
cont,Interp_Sphere_Rastrigin_lam0.00,9,PSO_GBEST,300,easy,1,10,0.16666666666666666,0.033319217684229845,0.3643594892472425,0.4031959284204751,0.41591090661510566,0.09461385194961852,0.7414953721822543
cont,Interp_Sphere_Rastrigin_lam0.00,9,PSO_GBEST,300,med,0,10,0.08333333333333333,0.0046521717321972985,0.2384041903808526,0.4031959284204751,0.41591090661510566,0.09461385194961852,0.7414953721822543
cont,Interp_Sphere_Rastrigin_lam0.00,9,PSO_GBEST,300,hard,0,10,0.08333333333333333,0.0046521717321972985,0.2384041903808526,0.4031959284204751,0.41591090661510566,0.09461385194961852,0.7414953721822543
cont,Interp_Sphere_Rastrigin_lam0.00,9,PSO_GBEST,500,easy,2,10,0.25,0.07882004566602895,0.47008679927917624,0.14373250495020415,0.1620058888563402,0.050655154178322254,0.252158912244161
cont,Interp_Sphere_Rastrigin_lam0.00,9,PSO_GBEST,500,med,0,10,0.08333333333333333,0.0046521717321972985,0.2384041903808526,0.14373250495020415,0.1620058888563402,0.050655154178322254,0.252158912244161
cont,Interp_Sphere_Rastrigin_lam0.00,9,PSO_GBEST,500,hard,0,10,0.08333333333333333,0.0046521717321972985,0.2384041903808526,0.14373250495020415,0.1620058888563402,0.050655154178322254,0.252158912244161
cont,Interp_Sphere_Rastrigin_lam0.00,9,PSO_GBEST,800,easy,10,10,0.9166666666666666,0.7615958096191473,0.9953478282678027,0.035334881072467586,0.028291745445519254,0.012189179892709885,0.07977807311120008
cont,Interp_Sphere_Rastrigin_lam0.00,9,PSO_GBEST,800,med,0,10,0.08333333333333333,0.0046521717321972985,0.2384041903808526,0.035334881072467586,0.028291745445519254,0.012189179892709885,0.07977807311120008
cont,Interp_Sphere_Rastrigin_lam0.00,9,PSO_GBEST,800,hard,0,10,0.08333333333333333,0.0046521717321972985,0.2384041903808526,0.035334881072467586,0.028291745445519254,0.012189179892709885,0.07977807311120008
cont,Interp_Sphere_Rastrigin_lam0.00,9,PSO_GBEST,1000,easy,10,10,0.9166666666666666,0.7615958096191473,0.9953478282678027,0.022217791378295704,0.015630295515690052,0.0027743890510365174,0.09653876058450543
cont,Interp_Sphere_Rastrigin_lam0.00,9,PSO_GBEST,1000,med,3,10,0.3333333333333333,0.13507547291964123,0.5643741882892295,0.022217791378295704,0.015630295515690052,0.0027743890510365174,0.09653876058450543
cont,Interp_Sphere_Rastrigin_lam0.00,9,PSO_GBEST,1000,hard,0,10,0.08333333333333333,0.0046521717321972985,0.2384041903808526,0.022217791378295704,0.015630295515690052,0.0027743890510365174,0.09653876058450543
cont,Interp_Sphere_Rastrigin_lam0.00,9,PSO_GBEST,2000,easy,10,10,0.9166666666666666,0.7615958096191473,0.9953478282678027,0.00020785235617929305,0.00016396940455088018,5.0836007141839684e-05,0.0003857447130938243
cont,Interp_Sphere_Rastrigin_lam0.00,9,PSO_GBEST,2000,med,10,10,0.9166666666666666,0.7615958096191473,0.9953478282678027,0.00020785235617929305,0.00016396940455088018,5.0836007141839684e-05,0.0003857447130938243
cont,Interp_Sphere_Rastrigin_lam0.00,9,PSO_GBEST,2000,hard,10,10,0.9166666666666666,0.7615958096191473,0.9953478282678027,0.00020785235617929305,0.00016396940455088018,5.0836007141839684e-05,0.0003857447130938243
cont,Interp_Sphere_Rastrigin_lam0.00,9,PSO_GBEST,5000,easy,10,10,0.9166666666666666,0.7615958096191473,0.9953478282678027,1.9015193364650083e-09,1.6298018494234692e-09,1.2075946132906997e-10,4.093569450865059e-09
cont,Interp_Sphere_Rastrigin_lam0.00,9,PSO_GBEST,5000,med,10,10,0.9166666666666666,0.7615958096191473,0.9953478282678027,1.9015193364650083e-09,1.6298018494234692e-09,1.2075946132906997e-10,4.093569450865059e-09
cont,Interp_Sphere_Rastrigin_lam0.00,9,PSO_GBEST,5000,hard,10,10,0.9166666666666666,0.7615958096191473,0.9953478282678027,1.9015193364650083e-09,1.6298018494234692e-09,1.2075946132906997e-10,4.093569450865059e-09
cont,Interp_Sphere_Rastrigin_lam0.00,9,PSO_GBEST,10000,easy,10,10,0.9166666666666666,0.7615958096191473,0.9953478282678027,1.6085094696107849e-18,7.723149758059531e-19,1.738625420619827e-19,7.344035991435049e-18
cont,Interp_Sphere_Rastrigin_lam0.00,9,PSO_GBEST,10000,med,10,10,0.9166666666666666,0.7615958096191473,0.9953478282678027,1.6085094696107849e-18,7.723149758059531e-19,1.738625420619827e-19,7.344035991435049e-18
cont,Interp_Sphere_Rastrigin_lam0.00,9,PSO_GBEST,10000,hard,10,10,0.9166666666666666,0.7615958096191473,0.9953478282678027,1.6085094696107849e-18,7.723149758059531e-19,1.738625420619827e-19,7.344035991435049e-18
cont,Interp_Sphere_Rastrigin_lam0.25,0,ES_1P1,300,easy,0,10,0.08333333333333333,0.0046521717321972985,0.2384041903808526,0.9725122059076025,0.8745018086781675,0.6345583719603165,1.6516015834902635
cont,Interp_Sphere_Rastrigin_lam0.25,0,ES_1P1,300,med,0,10,0.08333333333333333,0.0046521717321972985,0.2384041903808526,0.9725122059076025,0.8745018086781675,0.6345583719603165,1.6516015834902635
cont,Interp_Sphere_Rastrigin_lam0.25,0,ES_1P1,300,hard,0,10,0.08333333333333333,0.0046521717321972985,0.2384041903808526,0.9725122059076025,0.8745018086781675,0.6345583719603165,1.6516015834902635
cont,Interp_Sphere_Rastrigin_lam0.25,0,ES_1P1,500,easy,0,10,0.08333333333333333,0.0046521717321972985,0.2384041903808526,0.5292918375203535,0.4689934051409792,0.2498613638309295,0.9884903294163975
cont,Interp_Sphere_Rastrigin_lam0.25,0,ES_1P1,500,med,0,10,0.08333333333333333,0.0046521717321972985,0.2384041903808526,0.5292918375203535,0.4689934051409792,0.2498613638309295,0.9884903294163975
cont,Interp_Sphere_Rastrigin_lam0.25,0,ES_1P1,500,hard,0,10,0.08333333333333333,0.0046521717321972985,0.2384041903808526,0.5292918375203535,0.4689934051409792,0.2498613638309295,0.9884903294163975
cont,Interp_Sphere_Rastrigin_lam0.25,0,ES_1P1,800,easy,0,10,0.08333333333333333,0.0046521717321972985,0.2384041903808526,0.6290501694203228,0.6861107785241769,0.28615027288973616,0.972077518223318
cont,Interp_Sphere_Rastrigin_lam0.25,0,ES_1P1,800,med,0,10,0.08333333333333333,0.0046521717321972985,0.2384041903808526,0.6290501694203228,0.6861107785241769,0.28615027288973616,0.972077518223318
cont,Interp_Sphere_Rastrigin_lam0.25,0,ES_1P1,800,hard,0,10,0.08333333333333333,0.0046521717321972985,0.2384041903808526,0.6290501694203228,0.6861107785241769,0.28615027288973616,0.972077518223318
cont,Interp_Sphere_Rastrigin_lam0.25,0,ES_1P1,1000,easy,0,10,0.08333333333333333,0.0046521717321972985,0.2384041903808526,0.4288706867338826,0.40028901567047215,0.1715624267538321,0.7433506099329272
cont,Interp_Sphere_Rastrigin_lam0.25,0,ES_1P1,1000,med,0,10,0.08333333333333333,0.0046521717321972985,0.2384041903808526,0.4288706867338826,0.40028901567047215,0.1715624267538321,0.7433506099329272
cont,Interp_Sphere_Rastrigin_lam0.25,0,ES_1P1,1000,hard,0,10,0.08333333333333333,0.0046521717321972985,0.2384041903808526,0.4288706867338826,0.40028901567047215,0.1715624267538321,0.7433506099329272
cont,Interp_Sphere_Rastrigin_lam0.25,0,ES_1P1,2000,easy,0,10,0.08333333333333333,0.0046521717321972985,0.2384041903808526,0.5317977892205189,0.5432351675615096,0.34312135023000306,0.8576824646670113
cont,Interp_Sphere_Rastrigin_lam0.25,0,ES_1P1,2000,med,0,10,0.08333333333333333,0.0046521717321972985,0.2384041903808526,0.5317977892205189,0.5432351675615096,0.34312135023000306,0.8576824646670113
cont,Interp_Sphere_Rastrigin_lam0.25,0,ES_1P1,2000,hard,0,10,0.08333333333333333,0.0046521717321972985,0.2384041903808526,0.5317977892205189,0.5432351675615096,0.34312135023000306,0.8576824646670113
cont,Interp_Sphere_Rastrigin_lam0.25,0,ES_1P1,5000,easy,0,10,0.08333333333333333,0.0046521717321972985,0.2384041903808526,0.491770995390603,0.48604827585650334,0.28593445852500016,0.6861620931880066
cont,Interp_Sphere_Rastrigin_lam0.25,0,ES_1P1,5000,med,0,10,0.08333333333333333,0.0046521717321972985,0.2384041903808526,0.491770995390603,0.48604827585650334,0.28593445852500016,0.6861620931880066
cont,Interp_Sphere_Rastrigin_lam0.25,0,ES_1P1,5000,hard,0,10,0.08333333333333333,0.0046521717321972985,0.2384041903808526,0.491770995390603,0.48604827585650334,0.28593445852500016,0.6861620931880066
cont,Interp_Sphere_Rastrigin_lam0.25,0,ES_1P1,10000,easy,0,10,0.08333333333333333,0.0046521717321972985,0.2384041903808526,0.5374993011342206,0.5146417217090034,0.2859344585250001,0.8003641040301794
cont,Interp_Sphere_Rastrigin_lam0.25,0,ES_1P1,10000,med,0,10,0.08333333333333333,0.0046521717321972985,0.2384041903808526,0.5374993011342206,0.5146417217090034,0.2859344585250001,0.8003641040301794
cont,Interp_Sphere_Rastrigin_lam0.25,0,ES_1P1,10000,hard,0,10,0.08333333333333333,0.0046521717321972985,0.2384041903808526,0.5374993011342206,0.5146417217090034,0.2859344585250001,0.8003641040301794
cont,Interp_Sphere_Rastrigin_lam0.25,0,PSO_GBEST,300,easy,0,10,0.08333333333333333,0.0046521717321972985,0.2384041903808526,1.3052521407283368,1.2919230221849214,1.033356797820666,1.6530048645915674
cont,Interp_Sphere_Rastrigin_lam0.25,0,PSO_GBEST,300,med,0,10,0.08333333333333333,0.0046521717321972985,0.2384041903808526,1.3052521407283368,1.2919230221849214,1.033356797820666,1.6530048645915674
cont,Interp_Sphere_Rastrigin_lam0.25,0,PSO_GBEST,300,hard,0,10,0.08333333333333333,0.0046521717321972985,0.2384041903808526,1.3052521407283368,1.2919230221849214,1.033356797820666,1.6530048645915674
cont,Interp_Sphere_Rastrigin_lam0.25,0,PSO_GBEST,500,easy,0,10,0.08333333333333333,0.0046521717321972985,0.2384041903808526,1.0563742063013457,0.9265191530783805,0.7932936148703005,1.6832904503003872
cont,Interp_Sphere_Rastrigin_lam0.25,0,PSO_GBEST,500,med,0,10,0.08333333333333333,0.0046521717321972985,0.2384041903808526,1.0563742063013457,0.9265191530783805,0.7932936148703005,1.6832904503003872
cont,Interp_Sphere_Rastrigin_lam0.25,0,PSO_GBEST,500,hard,0,10,0.08333333333333333,0.0046521717321972985,0.2384041903808526,1.0563742063013457,0.9265191530783805,0.7932936148703005,1.6832904503003872
cont,Interp_Sphere_Rastrigin_lam0.25,0,PSO_GBEST,800,easy,0,10,0.08333333333333333,0.0046521717321972985,0.2384041903808526,0.834136963714682,0.745055813714641,0.5447916607722536,1.4667333799458278
cont,Interp_Sphere_Rastrigin_lam0.25,0,PSO_GBEST,800,med,0,10,0.08333333333333333,0.0046521717321972985,0.2384041903808526,0.834136963714682,0.745055813714641,0.5447916607722536,1.4667333799458278
cont,Interp_Sphere_Rastrigin_lam0.25,0,PSO_GBEST,800,hard,0,10,0.08333333333333333,0.0046521717321972985,0.2384041903808526,0.834136963714682,0.745055813714641,0.5447916607722536,1.4667333799458278
cont,Interp_Sphere_Rastrigin_lam0.25,0,PSO_GBEST,1000,easy,0,10,0.08333333333333333,0.0046521717321972985,0.2384041903808526,0.49466763260302865,0.4387935518647143,0.2143268490783235,0.8768969382727354
cont,Interp_Sphere_Rastrigin_lam0.25,0,PSO_GBEST,1000,med,0,10,0.08333333333333333,0.0046521717321972985,0.2384041903808526,0.49466763260302865,0.4387935518647143,0.2143268490783235,0.8768969382727354
cont,Interp_Sphere_Rastrigin_lam0.25,0,PSO_GBEST,1000,hard,0,10,0.08333333333333333,0.0046521717321972985,0.2384041903808526,0.49466763260302865,0.4387935518647143,0.2143268490783235,0.8768969382727354
cont,Interp_Sphere_Rastrigin_lam0.25,0,PSO_GBEST,2000,easy,2,10,0.25,0.07882004566602895,0.47008679927917624,0.2141940575154909,0.21419887686959857,0.08145117362543036,0.4076564820573225
cont,Interp_Sphere_Rastrigin_lam0.25,0,PSO_GBEST,2000,med,0,10,0.08333333333333333,0.0046521717321972985,0.2384041903808526,0.2141940575154909,0.21419887686959857,0.08145117362543036,0.4076564820573225
cont,Interp_Sphere_Rastrigin_lam0.25,0,PSO_GBEST,2000,hard,0,10,0.08333333333333333,0.0046521717321972985,0.2384041903808526,0.2141940575154909,0.21419887686959857,0.08145117362543036,0.4076564820573225
cont,Interp_Sphere_Rastrigin_lam0.25,0,PSO_GBEST,5000,easy,3,10,0.3333333333333333,0.13507547291964123,0.5643741882892295,0.12886117066933112,0.14331143750774022,1.5295228617248947e-05,0.27436998346879715
cont,Interp_Sphere_Rastrigin_lam0.25,0,PSO_GBEST,5000,med,2,10,0.25,0.07882004566602895,0.47008679927917624,0.12886117066933112,0.14331143750774022,1.5295228617248947e-05,0.27436998346879715
cont,Interp_Sphere_Rastrigin_lam0.25,0,PSO_GBEST,5000,hard,2,10,0.25,0.07882004566602895,0.47008679927917624,0.12886117066933112,0.14331143750774022,1.5295228617248947e-05,0.27436998346879715
cont,Interp_Sphere_Rastrigin_lam0.25,0,PSO_GBEST,10000,easy,2,10,0.25,0.07882004566602895,0.47008679927917624,0.16011926641050458,0.17156067511502282,0.05718689170500022,0.28589415488900327
cont,Interp_Sphere_Rastrigin_lam0.25,0,PSO_GBEST,10000,med,0,10,0.08333333333333333,0.0046521717321972985,0.2384041903808526,0.16011926641050458,0.17156067511502282,0.05718689170500022,0.28589415488900327
cont,Interp_Sphere_Rastrigin_lam0.25,0,PSO_GBEST,10000,hard,0,10,0.08333333333333333,0.0046521717321972985,0.2384041903808526,0.16011926641050458,0.17156067511502282,0.05718689170500022,0.28589415488900327
cont,Interp_Sphere_Rastrigin_lam0.25,1,ES_1P1,300,easy,0,10,0.08333333333333333,0.0046521717321972985,0.2384041903808526,0.7063369491933498,0.7382953795968993,0.3307548581505911,0.9893471294262717
cont,Interp_Sphere_Rastrigin_lam0.25,1,ES_1P1,300,med,0,10,0.08333333333333333,0.0046521717321972985,0.2384041903808526,0.7063369491933498,0.7382953795968993,0.3307548581505911,0.9893471294262717
cont,Interp_Sphere_Rastrigin_lam0.25,1,ES_1P1,300,hard,0,10,0.08333333333333333,0.0046521717321972985,0.2384041903808526,0.7063369491933498,0.7382953795968993,0.3307548581505911,0.9893471294262717
cont,Interp_Sphere_Rastrigin_lam0.25,1,ES_1P1,500,easy,0,10,0.08333333333333333,0.0046521717321972985,0.2384041903808526,0.541005547588813,0.5291175748846544,0.23274465222336932,0.9241520252179034
cont,Interp_Sphere_Rastrigin_lam0.25,1,ES_1P1,500,med,0,10,0.08333333333333333,0.0046521717321972985,0.2384041903808526,0.541005547588813,0.5291175748846544,0.23274465222336932,0.9241520252179034
cont,Interp_Sphere_Rastrigin_lam0.25,1,ES_1P1,500,hard,0,10,0.08333333333333333,0.0046521717321972985,0.2384041903808526,0.541005547588813,0.5291175748846544,0.23274465222336932,0.9241520252179034
cont,Interp_Sphere_Rastrigin_lam0.25,1,ES_1P1,800,easy,1,10,0.16666666666666666,0.033319217684229845,0.3643594892472425,0.40603336684774505,0.400336142059735,0.057252851294013474,1.0291275298260671
cont,Interp_Sphere_Rastrigin_lam0.25,1,ES_1P1,800,med,0,10,0.08333333333333333,0.0046521717321972985,0.2384041903808526,0.40603336684774505,0.400336142059735,0.057252851294013474,1.0291275298260671
cont,Interp_Sphere_Rastrigin_lam0.25,1,ES_1P1,800,hard,0,10,0.08333333333333333,0.0046521717321972985,0.2384041903808526,0.40603336684774505,0.400336142059735,0.057252851294013474,1.0291275298260671
cont,Interp_Sphere_Rastrigin_lam0.25,1,ES_1P1,1000,easy,0,10,0.08333333333333333,0.0046521717321972985,0.2384041903808526,0.5660902670432153,0.5432357264208028,0.285935284975681,0.9148699427461213
cont,Interp_Sphere_Rastrigin_lam0.25,1,ES_1P1,1000,med,0,10,0.08333333333333333,0.0046521717321972985,0.2384041903808526,0.5660902670432153,0.5432357264208028,0.285935284975681,0.9148699427461213
cont,Interp_Sphere_Rastrigin_lam0.25,1,ES_1P1,1000,hard,0,10,0.08333333333333333,0.0046521717321972985,0.2384041903808526,0.5660902670432153,0.5432357264208028,0.285935284975681,0.9148699427461213
cont,Interp_Sphere_Rastrigin_lam0.25,1,ES_1P1,2000,easy,0,10,0.08333333333333333,0.0046521717321972985,0.2384041903808526,0.3945613402193111,0.37171479608250935,0.17156067511500467,0.6861620931880165
cont,Interp_Sphere_Rastrigin_lam0.25,1,ES_1P1,2000,med,0,10,0.08333333333333333,0.0046521717321972985,0.2384041903808526,0.3945613402193111,0.37171479608250935,0.17156067511500467,0.6861620931880165
cont,Interp_Sphere_Rastrigin_lam0.25,1,ES_1P1,2000,hard,0,10,0.08333333333333333,0.0046521717321972985,0.2384041903808526,0.3945613402193111,0.37171479608250935,0.17156067511500467,0.6861620931880165
cont,Interp_Sphere_Rastrigin_lam0.25,1,ES_1P1,5000,easy,0,10,0.08333333333333333,0.0046521717321972985,0.2384041903808526,0.560370027452621,0.5718286134140035,0.22874756682000014,0.8575509957351792
cont,Interp_Sphere_Rastrigin_lam0.25,1,ES_1P1,5000,med,0,10,0.08333333333333333,0.0046521717321972985,0.2384041903808526,0.560370027452621,0.5718286134140035,0.22874756682000014,0.8575509957351792
cont,Interp_Sphere_Rastrigin_lam0.25,1,ES_1P1,5000,hard,0,10,0.08333333333333333,0.0046521717321972985,0.2384041903808526,0.560370027452621,0.5718286134140035,0.22874756682000014,0.8575509957351792
cont,Interp_Sphere_Rastrigin_lam0.25,1,ES_1P1,10000,easy,0,10,0.08333333333333333,0.0046521717321972985,0.2384041903808526,0.47461089751550334,0.5146417217090034,0.11437378341000001,0.6861620931880063
cont,Interp_Sphere_Rastrigin_lam0.25,1,ES_1P1,10000,med,0,10,0.08333333333333333,0.0046521717321972985,0.2384041903808526,0.47461089751550334,0.5146417217090034,0.11437378341000001,0.6861620931880063
cont,Interp_Sphere_Rastrigin_lam0.25,1,ES_1P1,10000,hard,0,10,0.08333333333333333,0.0046521717321972985,0.2384041903808526,0.47461089751550334,0.5146417217090034,0.11437378341000001,0.6861620931880063
cont,Interp_Sphere_Rastrigin_lam0.25,1,PSO_GBEST,300,easy,0,10,0.08333333333333333,0.0046521717321972985,0.2384041903808526,1.2584834501757103,1.2903512027130932,0.9722403075987163,1.4165661656648365
cont,Interp_Sphere_Rastrigin_lam0.25,1,PSO_GBEST,300,med,0,10,0.08333333333333333,0.0046521717321972985,0.2384041903808526,1.2584834501757103,1.2903512027130932,0.9722403075987163,1.4165661656648365
cont,Interp_Sphere_Rastrigin_lam0.25,1,PSO_GBEST,300,hard,0,10,0.08333333333333333,0.0046521717321972985,0.2384041903808526,1.2584834501757103,1.2903512027130932,0.9722403075987163,1.4165661656648365
cont,Interp_Sphere_Rastrigin_lam0.25,1,PSO_GBEST,500,easy,0,10,0.08333333333333333,0.0046521717321972985,0.2384041903808526,1.0284320811222578,1.0385395028982183,0.8658104162858149,1.173342925806021
cont,Interp_Sphere_Rastrigin_lam0.25,1,PSO_GBEST,500,med,0,10,0.08333333333333333,0.0046521717321972985,0.2384041903808526,1.0284320811222578,1.0385395028982183,0.8658104162858149,1.173342925806021
cont,Interp_Sphere_Rastrigin_lam0.25,1,PSO_GBEST,500,hard,0,10,0.08333333333333333,0.0046521717321972985,0.2384041903808526,1.0284320811222578,1.0385395028982183,0.8658104162858149,1.173342925806021
cont,Interp_Sphere_Rastrigin_lam0.25,1,PSO_GBEST,800,easy,0,10,0.08333333333333333,0.0046521717321972985,0.2384041903808526,0.7156823767876618,0.7734985164474903,0.371060087635727,0.8377844215362867
cont,Interp_Sphere_Rastrigin_lam0.25,1,PSO_GBEST,800,med,0,10,0.08333333333333333,0.0046521717321972985,0.2384041903808526,0.7156823767876618,0.7734985164474903,0.371060087635727,0.8377844215362867
cont,Interp_Sphere_Rastrigin_lam0.25,1,PSO_GBEST,800,hard,0,10,0.08333333333333333,0.0046521717321972985,0.2384041903808526,0.7156823767876618,0.7734985164474903,0.371060087635727,0.8377844215362867
cont,Interp_Sphere_Rastrigin_lam0.25,1,PSO_GBEST,1000,easy,0,10,0.08333333333333333,0.0046521717321972985,0.2384041903808526,0.47278561887190246,0.4372249832525393,0.29667818786104255,0.658839250357937
cont,Interp_Sphere_Rastrigin_lam0.25,1,PSO_GBEST,1000,med,0,10,0.08333333333333333,0.0046521717321972985,0.2384041903808526,0.47278561887190246,0.4372249832525393,0.29667818786104255,0.658839250357937
cont,Interp_Sphere_Rastrigin_lam0.25,1,PSO_GBEST,1000,hard,0,10,0.08333333333333333,0.0046521717321972985,0.2384041903808526,0.47278561887190246,0.4372249832525393,0.29667818786104255,0.658839250357937
cont,Interp_Sphere_Rastrigin_lam0.25,1,PSO_GBEST,2000,easy,1,10,0.16666666666666666,0.033319217684229845,0.3643594892472425,0.33204648777767165,0.24628495070153503,0.06543880244242403,1.1724254770675535
cont,Interp_Sphere_Rastrigin_lam0.25,1,PSO_GBEST,2000,med,0,10,0.08333333333333333,0.0046521717321972985,0.2384041903808526,0.33204648777767165,0.24628495070153503,0.06543880244242403,1.1724254770675535
cont,Interp_Sphere_Rastrigin_lam0.25,1,PSO_GBEST,2000,hard,0,10,0.08333333333333333,0.0046521717321972985,0.2384041903808526,0.33204648777767165,0.24628495070153503,0.06543880244242403,1.1724254770675535
cont,Interp_Sphere_Rastrigin_lam0.25,1,PSO_GBEST,5000,easy,2,10,0.25,0.07882004566602895,0.47008679927917624,0.12588398424799835,0.11437610594889297,2.4082012638811657e-07,0.22943772081500013
cont,Interp_Sphere_Rastrigin_lam0.25,1,PSO_GBEST,5000,med,1,10,0.16666666666666666,0.033319217684229845,0.3643594892472425,0.12588398424799835,0.11437610594889297,2.4082012638811657e-07,0.22943772081500013
cont,Interp_Sphere_Rastrigin_lam0.25,1,PSO_GBEST,5000,hard,1,10,0.16666666666666666,0.033319217684229845,0.3643594892472425,0.12588398424799835,0.11437610594889297,2.4082012638811657e-07,0.22943772081500013
cont,Interp_Sphere_Rastrigin_lam0.25,1,PSO_GBEST,10000,easy,5,10,0.5,0.27124991407766885,0.728750085922331,0.13776429610417912,0.08578033755751753,2.755248821340274e-18,0.6342133688764577
cont,Interp_Sphere_Rastrigin_lam0.25,1,PSO_GBEST,10000,med,3,10,0.3333333333333333,0.13507547291964123,0.5643741882892295,0.13776429610417912,0.08578033755751753,2.755248821340274e-18,0.6342133688764577
cont,Interp_Sphere_Rastrigin_lam0.25,1,PSO_GBEST,10000,hard,3,10,0.3333333333333333,0.13507547291964123,0.5643741882892295,0.13776429610417912,0.08578033755751753,2.755248821340274e-18,0.6342133688764577
cont,Interp_Sphere_Rastrigin_lam0.25,2,ES_1P1,300,easy,0,10,0.08333333333333333,0.0046521717321972985,0.2384041903808526,0.9557691097104171,0.8224701845826996,0.3911113567991057,1.5740094677556988
cont,Interp_Sphere_Rastrigin_lam0.25,2,ES_1P1,300,med,0,10,0.08333333333333333,0.0046521717321972985,0.2384041903808526,0.9557691097104171,0.8224701845826996,0.3911113567991057,1.5740094677556988
cont,Interp_Sphere_Rastrigin_lam0.25,2,ES_1P1,300,hard,0,10,0.08333333333333333,0.0046521717321972985,0.2384041903808526,0.9557691097104171,0.8224701845826996,0.3911113567991057,1.5740094677556988
cont,Interp_Sphere_Rastrigin_lam0.25,2,ES_1P1,500,easy,0,10,0.08333333333333333,0.0046521717321972985,0.2384041903808526,0.5658899177117392,0.49939267793148046,0.2900816811080579,0.9990714655381312
cont,Interp_Sphere_Rastrigin_lam0.25,2,ES_1P1,500,med,0,10,0.08333333333333333,0.0046521717321972985,0.2384041903808526,0.5658899177117392,0.49939267793148046,0.2900816811080579,0.9990714655381312
cont,Interp_Sphere_Rastrigin_lam0.25,2,ES_1P1,500,hard,0,10,0.08333333333333333,0.0046521717321972985,0.2384041903808526,0.5658899177117392,0.49939267793148046,0.2900816811080579,0.9990714655381312
cont,Interp_Sphere_Rastrigin_lam0.25,2,ES_1P1,800,easy,0,10,0.08333333333333333,0.0046521717321972985,0.2384041903808526,0.5775752643688582,0.5718673319231276,0.22888795225228326,0.9148906756121491
cont,Interp_Sphere_Rastrigin_lam0.25,2,ES_1P1,800,med,0,10,0.08333333333333333,0.0046521717321972985,0.2384041903808526,0.5775752643688582,0.5718673319231276,0.22888795225228326,0.9148906756121491
cont,Interp_Sphere_Rastrigin_lam0.25,2,ES_1P1,800,hard,0,10,0.08333333333333333,0.0046521717321972985,0.2384041903808526,0.5775752643688582,0.5718673319231276,0.22888795225228326,0.9148906756121491
cont,Interp_Sphere_Rastrigin_lam0.25,2,ES_1P1,1000,easy,0,10,0.08333333333333333,0.0046521717321972985,0.2384041903808526,0.5546692909312536,0.5432356531059683,0.22875007661946184,0.9148703293462206
cont,Interp_Sphere_Rastrigin_lam0.25,2,ES_1P1,1000,med,0,10,0.08333333333333333,0.0046521717321972985,0.2384041903808526,0.5546692909312536,0.5432356531059683,0.22875007661946184,0.9148703293462206
cont,Interp_Sphere_Rastrigin_lam0.25,2,ES_1P1,1000,hard,0,10,0.08333333333333333,0.0046521717321972985,0.2384041903808526,0.5546692909312536,0.5432356531059683,0.22875007661946184,0.9148703293462206
cont,Interp_Sphere_Rastrigin_lam0.25,2,ES_1P1,2000,easy,0,10,0.08333333333333333,0.0046521717321972985,0.2384041903808526,0.7147423921473274,0.686162093188011,0.40030824193500586,1.0863897278510184
cont,Interp_Sphere_Rastrigin_lam0.25,2,ES_1P1,2000,med,0,10,0.08333333333333333,0.0046521717321972985,0.2384041903808526,0.7147423921473274,0.686162093188011,0.40030824193500586,1.0863897278510184
cont,Interp_Sphere_Rastrigin_lam0.25,2,ES_1P1,2000,hard,0,10,0.08333333333333333,0.0046521717321972985,0.2384041903808526,0.7147423921473274,0.686162093188011,0.40030824193500586,1.0863897278510184
cont,Interp_Sphere_Rastrigin_lam0.25,2,ES_1P1,5000,easy,0,10,0.08333333333333333,0.0046521717321972985,0.2384041903808526,0.526057892429621,0.4860482758565033,0.2287475668200002,0.9148693563720094
cont,Interp_Sphere_Rastrigin_lam0.25,2,ES_1P1,5000,med,0,10,0.08333333333333333,0.0046521717321972985,0.2384041903808526,0.526057892429621,0.4860482758565033,0.2287475668200002,0.9148693563720094
cont,Interp_Sphere_Rastrigin_lam0.25,2,ES_1P1,5000,hard,0,10,0.08333333333333333,0.0046521717321972985,0.2384041903808526,0.526057892429621,0.4860482758565033,0.2287475668200002,0.9148693563720094
cont,Interp_Sphere_Rastrigin_lam0.25,2,ES_1P1,10000,easy,0,10,0.08333333333333333,0.0046521717321972985,0.2384041903808526,0.7032048725903557,0.7432832504270913,0.11437378340999999,1.3143988203749954
cont,Interp_Sphere_Rastrigin_lam0.25,2,ES_1P1,10000,med,0,10,0.08333333333333333,0.0046521717321972985,0.2384041903808526,0.7032048725903557,0.7432832504270913,0.11437378340999999,1.3143988203749954
cont,Interp_Sphere_Rastrigin_lam0.25,2,ES_1P1,10000,hard,0,10,0.08333333333333333,0.0046521717321972985,0.2384041903808526,0.7032048725903557,0.7432832504270913,0.11437378340999999,1.3143988203749954
cont,Interp_Sphere_Rastrigin_lam0.25,2,PSO_GBEST,300,easy,0,10,0.08333333333333333,0.0046521717321972985,0.2384041903808526,1.2959711058580354,1.3276063301243806,0.7922617908691408,1.598527513030373
cont,Interp_Sphere_Rastrigin_lam0.25,2,PSO_GBEST,300,med,0,10,0.08333333333333333,0.0046521717321972985,0.2384041903808526,1.2959711058580354,1.3276063301243806,0.7922617908691408,1.598527513030373
cont,Interp_Sphere_Rastrigin_lam0.25,2,PSO_GBEST,300,hard,0,10,0.08333333333333333,0.0046521717321972985,0.2384041903808526,1.2959711058580354,1.3276063301243806,0.7922617908691408,1.598527513030373
cont,Interp_Sphere_Rastrigin_lam0.25,2,PSO_GBEST,500,easy,0,10,0.08333333333333333,0.0046521717321972985,0.2384041903808526,1.1335096325213683,0.9672989658791248,0.7299540983763755,1.6958153660712787
cont,Interp_Sphere_Rastrigin_lam0.25,2,PSO_GBEST,500,med,0,10,0.08333333333333333,0.0046521717321972985,0.2384041903808526,1.1335096325213683,0.9672989658791248,0.7299540983763755,1.6958153660712787
cont,Interp_Sphere_Rastrigin_lam0.25,2,PSO_GBEST,500,hard,0,10,0.08333333333333333,0.0046521717321972985,0.2384041903808526,1.1335096325213683,0.9672989658791248,0.7299540983763755,1.6958153660712787
cont,Interp_Sphere_Rastrigin_lam0.25,2,PSO_GBEST,800,easy,0,10,0.08333333333333333,0.0046521717321972985,0.2384041903808526,0.7293304696529987,0.7799502962413649,0.3758150118061382,1.073906938734631
cont,Interp_Sphere_Rastrigin_lam0.25,2,PSO_GBEST,800,med,0,10,0.08333333333333333,0.0046521717321972985,0.2384041903808526,0.7293304696529987,0.7799502962413649,0.3758150118061382,1.073906938734631
cont,Interp_Sphere_Rastrigin_lam0.25,2,PSO_GBEST,800,hard,0,10,0.08333333333333333,0.0046521717321972985,0.2384041903808526,0.7293304696529987,0.7799502962413649,0.3758150118061382,1.073906938734631
cont,Interp_Sphere_Rastrigin_lam0.25,2,PSO_GBEST,1000,easy,0,10,0.08333333333333333,0.0046521717321972985,0.2384041903808526,0.6169597682898252,0.5694722899115285,0.3685638320616077,1.1203711363314102
cont,Interp_Sphere_Rastrigin_lam0.25,2,PSO_GBEST,1000,med,0,10,0.08333333333333333,0.0046521717321972985,0.2384041903808526,0.6169597682898252,0.5694722899115285,0.3685638320616077,1.1203711363314102
cont,Interp_Sphere_Rastrigin_lam0.25,2,PSO_GBEST,1000,hard,0,10,0.08333333333333333,0.0046521717321972985,0.2384041903808526,0.6169597682898252,0.5694722899115285,0.3685638320616077,1.1203711363314102
cont,Interp_Sphere_Rastrigin_lam0.25,2,PSO_GBEST,2000,easy,2,10,0.25,0.07882004566602895,0.47008679927917624,0.19933426513717928,0.1792910616280196,0.08283214303918623,0.31855529271763416
cont,Interp_Sphere_Rastrigin_lam0.25,2,PSO_GBEST,2000,med,0,10,0.08333333333333333,0.0046521717321972985,0.2384041903808526,0.19933426513717928,0.1792910616280196,0.08283214303918623,0.31855529271763416
cont,Interp_Sphere_Rastrigin_lam0.25,2,PSO_GBEST,2000,hard,0,10,0.08333333333333333,0.0046521717321972985,0.2384041903808526,0.19933426513717928,0.1792910616280196,0.08283214303918623,0.31855529271763416
cont,Interp_Sphere_Rastrigin_lam0.25,2,PSO_GBEST,5000,easy,5,10,0.5,0.27124991407766885,0.728750085922331,0.1489853043376525,0.08579621499192633,5.716559018630946e-07,0.4032238388519758
cont,Interp_Sphere_Rastrigin_lam0.25,2,PSO_GBEST,5000,med,1,10,0.16666666666666666,0.033319217684229845,0.3643594892472425,0.1489853043376525,0.08579621499192633,5.716559018630946e-07,0.4032238388519758
cont,Interp_Sphere_Rastrigin_lam0.25,2,PSO_GBEST,5000,hard,1,10,0.16666666666666666,0.033319217684229845,0.3643594892472425,0.1489853043376525,0.08579621499192633,5.716559018630946e-07,0.4032238388519758
cont,Interp_Sphere_Rastrigin_lam0.25,2,PSO_GBEST,10000,easy,1,10,0.16666666666666666,0.033319217684229845,0.3643594892472425,0.1968090109179964,0.20015412096808402,0.057186891711851484,0.3668974450674923
cont,Interp_Sphere_Rastrigin_lam0.25,2,PSO_GBEST,10000,med,0,10,0.08333333333333333,0.0046521717321972985,0.2384041903808526,0.1968090109179964,0.20015412096808402,0.057186891711851484,0.3668974450674923
cont,Interp_Sphere_Rastrigin_lam0.25,2,PSO_GBEST,10000,hard,0,10,0.08333333333333333,0.0046521717321972985,0.2384041903808526,0.1968090109179964,0.20015412096808402,0.057186891711851484,0.3668974450674923
cont,Interp_Sphere_Rastrigin_lam0.25,3,ES_1P1,300,easy,0,10,0.08333333333333333,0.0046521717321972985,0.2384041903808526,0.7600575455833007,0.7693711949949085,0.5132005250206535,1.0713703572900384
cont,Interp_Sphere_Rastrigin_lam0.25,3,ES_1P1,300,med,0,10,0.08333333333333333,0.0046521717321972985,0.2384041903808526,0.7600575455833007,0.7693711949949085,0.5132005250206535,1.0713703572900384
cont,Interp_Sphere_Rastrigin_lam0.25,3,ES_1P1,300,hard,0,10,0.08333333333333333,0.0046521717321972985,0.2384041903808526,0.7600575455833007,0.7693711949949085,0.5132005250206535,1.0713703572900384
cont,Interp_Sphere_Rastrigin_lam0.25,3,ES_1P1,500,easy,0,10,0.08333333333333333,0.0046521717321972985,0.2384041903808526,0.36723144722647405,0.2984248702514999,0.12381121627047842,0.7596636758765937
cont,Interp_Sphere_Rastrigin_lam0.25,3,ES_1P1,500,med,0,10,0.08333333333333333,0.0046521717321972985,0.2384041903808526,0.36723144722647405,0.2984248702514999,0.12381121627047842,0.7596636758765937
cont,Interp_Sphere_Rastrigin_lam0.25,3,ES_1P1,500,hard,0,10,0.08333333333333333,0.0046521717321972985,0.2384041903808526,0.36723144722647405,0.2984248702514999,0.12381121627047842,0.7596636758765937
cont,Interp_Sphere_Rastrigin_lam0.25,3,ES_1P1,800,easy,0,10,0.08333333333333333,0.0046521717321972985,0.2384041903808526,0.5089821176528827,0.42897024850235577,0.2859953803423552,0.7434571072471529
cont,Interp_Sphere_Rastrigin_lam0.25,3,ES_1P1,800,med,0,10,0.08333333333333333,0.0046521717321972985,0.2384041903808526,0.5089821176528827,0.42897024850235577,0.2859953803423552,0.7434571072471529
cont,Interp_Sphere_Rastrigin_lam0.25,3,ES_1P1,800,hard,0,10,0.08333333333333333,0.0046521717321972985,0.2384041903808526,0.5089821176528827,0.42897024850235577,0.2859953803423552,0.7434571072471529
cont,Interp_Sphere_Rastrigin_lam0.25,3,ES_1P1,1000,easy,0,10,0.08333333333333333,0.0046521717321972985,0.2384041903808526,0.4917762968754035,0.5432355780322231,0.2859354256509652,0.8005403435087505
cont,Interp_Sphere_Rastrigin_lam0.25,3,ES_1P1,1000,med,0,10,0.08333333333333333,0.0046521717321972985,0.2384041903808526,0.4917762968754035,0.5432355780322231,0.2859354256509652,0.8005403435087505
cont,Interp_Sphere_Rastrigin_lam0.25,3,ES_1P1,1000,hard,0,10,0.08333333333333333,0.0046521717321972985,0.2384041903808526,0.4917762968754035,0.5432355780322231,0.2859354256509652,0.8005403435087505
cont,Interp_Sphere_Rastrigin_lam0.25,3,ES_1P1,2000,easy,0,10,0.08333333333333333,0.0046521717321972985,0.2384041903808526,0.44030279285611523,0.48604827585653154,0.17156067511500211,0.6289752014830083
cont,Interp_Sphere_Rastrigin_lam0.25,3,ES_1P1,2000,med,0,10,0.08333333333333333,0.0046521717321972985,0.2384041903808526,0.44030279285611523,0.48604827585653154,0.17156067511500211,0.6289752014830083
cont,Interp_Sphere_Rastrigin_lam0.25,3,ES_1P1,2000,hard,0,10,0.08333333333333333,0.0046521717321972985,0.2384041903808526,0.44030279285611523,0.48604827585653154,0.17156067511500211,0.6289752014830083
cont,Interp_Sphere_Rastrigin_lam0.25,3,ES_1P1,5000,easy,0,10,0.08333333333333333,0.0046521717321972985,0.2384041903808526,0.6689969091469231,0.6861620931880065,0.34312135023000023,1.0290713672141825
cont,Interp_Sphere_Rastrigin_lam0.25,3,ES_1P1,5000,med,0,10,0.08333333333333333,0.0046521717321972985,0.2384041903808526,0.6689969091469231,0.6861620931880065,0.34312135023000023,1.0290713672141825
cont,Interp_Sphere_Rastrigin_lam0.25,3,ES_1P1,5000,hard,0,10,0.08333333333333333,0.0046521717321972985,0.2384041903808526,0.6689969091469231,0.6861620931880065,0.34312135023000023,1.0290713672141825
cont,Interp_Sphere_Rastrigin_lam0.25,3,ES_1P1,10000,easy,0,10,0.08333333333333333,0.0046521717321972985,0.2384041903808526,0.38884668141240203,0.37171479608250035,0.17156067511500006,0.6289752014830063
cont,Interp_Sphere_Rastrigin_lam0.25,3,ES_1P1,10000,med,0,10,0.08333333333333333,0.0046521717321972985,0.2384041903808526,0.38884668141240203,0.37171479608250035,0.17156067511500006,0.6289752014830063
cont,Interp_Sphere_Rastrigin_lam0.25,3,ES_1P1,10000,hard,0,10,0.08333333333333333,0.0046521717321972985,0.2384041903808526,0.38884668141240203,0.37171479608250035,0.17156067511500006,0.6289752014830063
cont,Interp_Sphere_Rastrigin_lam0.25,3,PSO_GBEST,300,easy,0,10,0.08333333333333333,0.0046521717321972985,0.2384041903808526,1.4046880706188438,1.2029609226591034,1.0806861365339167,2.166649607834665
cont,Interp_Sphere_Rastrigin_lam0.25,3,PSO_GBEST,300,med,0,10,0.08333333333333333,0.0046521717321972985,0.2384041903808526,1.4046880706188438,1.2029609226591034,1.0806861365339167,2.166649607834665
cont,Interp_Sphere_Rastrigin_lam0.25,3,PSO_GBEST,300,hard,0,10,0.08333333333333333,0.0046521717321972985,0.2384041903808526,1.4046880706188438,1.2029609226591034,1.0806861365339167,2.166649607834665
cont,Interp_Sphere_Rastrigin_lam0.25,3,PSO_GBEST,500,easy,0,10,0.08333333333333333,0.0046521717321972985,0.2384041903808526,1.0787491820746138,1.098118836215615,0.8139368371582113,1.5016830138192216
cont,Interp_Sphere_Rastrigin_lam0.25,3,PSO_GBEST,500,med,0,10,0.08333333333333333,0.0046521717321972985,0.2384041903808526,1.0787491820746138,1.098118836215615,0.8139368371582113,1.5016830138192216
cont,Interp_Sphere_Rastrigin_lam0.25,3,PSO_GBEST,500,hard,0,10,0.08333333333333333,0.0046521717321972985,0.2384041903808526,1.0787491820746138,1.098118836215615,0.8139368371582113,1.5016830138192216
cont,Interp_Sphere_Rastrigin_lam0.25,3,PSO_GBEST,800,easy,0,10,0.08333333333333333,0.0046521717321972985,0.2384041903808526,0.8415029856644674,0.8110619457266797,0.4732935718892105,1.3408330793651149
cont,Interp_Sphere_Rastrigin_lam0.25,3,PSO_GBEST,800,med,0,10,0.08333333333333333,0.0046521717321972985,0.2384041903808526,0.8415029856644674,0.8110619457266797,0.4732935718892105,1.3408330793651149
cont,Interp_Sphere_Rastrigin_lam0.25,3,PSO_GBEST,800,hard,0,10,0.08333333333333333,0.0046521717321972985,0.2384041903808526,0.8415029856644674,0.8110619457266797,0.4732935718892105,1.3408330793651149
cont,Interp_Sphere_Rastrigin_lam0.25,3,PSO_GBEST,1000,easy,0,10,0.08333333333333333,0.0046521717321972985,0.2384041903808526,0.6117760216982402,0.6088716319105496,0.47184892236722714,0.7456935200936425
cont,Interp_Sphere_Rastrigin_lam0.25,3,PSO_GBEST,1000,med,0,10,0.08333333333333333,0.0046521717321972985,0.2384041903808526,0.6117760216982402,0.6088716319105496,0.47184892236722714,0.7456935200936425
cont,Interp_Sphere_Rastrigin_lam0.25,3,PSO_GBEST,1000,hard,0,10,0.08333333333333333,0.0046521717321972985,0.2384041903808526,0.6117760216982402,0.6088716319105496,0.47184892236722714,0.7456935200936425
cont,Interp_Sphere_Rastrigin_lam0.25,3,PSO_GBEST,2000,easy,0,10,0.08333333333333333,0.0046521717321972985,0.2384041903808526,0.4158663171581658,0.4020223877546023,0.1267631590252526,0.69640150278908
cont,Interp_Sphere_Rastrigin_lam0.25,3,PSO_GBEST,2000,med,0,10,0.08333333333333333,0.0046521717321972985,0.2384041903808526,0.4158663171581658,0.4020223877546023,0.1267631590252526,0.69640150278908
cont,Interp_Sphere_Rastrigin_lam0.25,3,PSO_GBEST,2000,hard,0,10,0.08333333333333333,0.0046521717321972985,0.2384041903808526,0.4158663171581658,0.4020223877546023,0.1267631590252526,0.69640150278908
cont,Interp_Sphere_Rastrigin_lam0.25,3,PSO_GBEST,5000,easy,2,10,0.25,0.07882004566602895,0.47008679927917624,0.21149113467612385,0.22872776856048027,0.05718708801415896,0.4499747540147783
cont,Interp_Sphere_Rastrigin_lam0.25,3,PSO_GBEST,5000,med,0,10,0.08333333333333333,0.0046521717321972985,0.2384041903808526,0.21149113467612385,0.22872776856048027,0.05718708801415896,0.4499747540147783
cont,Interp_Sphere_Rastrigin_lam0.25,3,PSO_GBEST,5000,hard,0,10,0.08333333333333333,0.0046521717321972985,0.2384041903808526,0.21149113467612385,0.22872776856048027,0.05718708801415896,0.4499747540147783
cont,Interp_Sphere_Rastrigin_lam0.25,3,PSO_GBEST,10000,easy,1,10,0.16666666666666666,0.033319217684229845,0.3643594892472425,0.2436955617011071,0.1715606751150347,0.057186891705000104,0.6642828850639847
cont,Interp_Sphere_Rastrigin_lam0.25,3,PSO_GBEST,10000,med,0,10,0.08333333333333333,0.0046521717321972985,0.2384041903808526,0.2436955617011071,0.1715606751150347,0.057186891705000104,0.6642828850639847
cont,Interp_Sphere_Rastrigin_lam0.25,3,PSO_GBEST,10000,hard,0,10,0.08333333333333333,0.0046521717321972985,0.2384041903808526,0.2436955617011071,0.1715606751150347,0.057186891705000104,0.6642828850639847
cont,Interp_Sphere_Rastrigin_lam0.25,4,ES_1P1,300,easy,0,10,0.08333333333333333,0.0046521717321972985,0.2384041903808526,0.8167915535976471,0.8250982495204172,0.5764410172070202,1.2452641251852161
cont,Interp_Sphere_Rastrigin_lam0.25,4,ES_1P1,300,med,0,10,0.08333333333333333,0.0046521717321972985,0.2384041903808526,0.8167915535976471,0.8250982495204172,0.5764410172070202,1.2452641251852161
cont,Interp_Sphere_Rastrigin_lam0.25,4,ES_1P1,300,hard,0,10,0.08333333333333333,0.0046521717321972985,0.2384041903808526,0.8167915535976471,0.8250982495204172,0.5764410172070202,1.2452641251852161
cont,Interp_Sphere_Rastrigin_lam0.25,4,ES_1P1,500,easy,0,10,0.08333333333333333,0.0046521717321972985,0.2384041903808526,0.5220272167029317,0.5268987123286832,0.3078605131687526,0.8662712125220634
cont,Interp_Sphere_Rastrigin_lam0.25,4,ES_1P1,500,med,0,10,0.08333333333333333,0.0046521717321972985,0.2384041903808526,0.5220272167029317,0.5268987123286832,0.3078605131687526,0.8662712125220634
cont,Interp_Sphere_Rastrigin_lam0.25,4,ES_1P1,500,hard,0,10,0.08333333333333333,0.0046521717321972985,0.2384041903808526,0.5220272167029317,0.5268987123286832,0.3078605131687526,0.8662712125220634
cont,Interp_Sphere_Rastrigin_lam0.25,4,ES_1P1,800,easy,0,10,0.08333333333333333,0.0046521717321972985,0.2384041903808526,0.5089468603079493,0.4003506390621705,0.22878338468046083,1.0290799607027392
cont,Interp_Sphere_Rastrigin_lam0.25,4,ES_1P1,800,med,0,10,0.08333333333333333,0.0046521717321972985,0.2384041903808526,0.5089468603079493,0.4003506390621705,0.22878338468046083,1.0290799607027392
cont,Interp_Sphere_Rastrigin_lam0.25,4,ES_1P1,800,hard,0,10,0.08333333333333333,0.0046521717321972985,0.2384041903808526,0.5089468603079493,0.4003506390621705,0.22878338468046083,1.0290799607027392
cont,Interp_Sphere_Rastrigin_lam0.25,4,ES_1P1,1000,easy,0,10,0.08333333333333333,0.0046521717321972985,0.2384041903808526,0.651815712701853,0.48604917558742616,0.17156097422555025,1.4292993182825247
cont,Interp_Sphere_Rastrigin_lam0.25,4,ES_1P1,1000,med,0,10,0.08333333333333333,0.0046521717321972985,0.2384041903808526,0.651815712701853,0.48604917558742616,0.17156097422555025,1.4292993182825247
cont,Interp_Sphere_Rastrigin_lam0.25,4,ES_1P1,1000,hard,0,10,0.08333333333333333,0.0046521717321972985,0.2384041903808526,0.651815712701853,0.48604917558742616,0.17156097422555025,1.4292993182825247
cont,Interp_Sphere_Rastrigin_lam0.25,4,ES_1P1,2000,easy,0,10,0.08333333333333333,0.0046521717321972985,0.2384041903808526,0.4517391153947242,0.40028809011701216,0.285934458525001,0.74317721232519
cont,Interp_Sphere_Rastrigin_lam0.25,4,ES_1P1,2000,med,0,10,0.08333333333333333,0.0046521717321972985,0.2384041903808526,0.4517391153947242,0.40028809011701216,0.285934458525001,0.74317721232519
cont,Interp_Sphere_Rastrigin_lam0.25,4,ES_1P1,2000,hard,0,10,0.08333333333333333,0.0046521717321972985,0.2384041903808526,0.4517391153947242,0.40028809011701216,0.285934458525001,0.74317721232519
cont,Interp_Sphere_Rastrigin_lam0.25,4,ES_1P1,5000,easy,0,10,0.08333333333333333,0.0046521717321972985,0.2384041903808526,0.5546644851753039,0.5718084615960048,0.22874756682000016,0.9148693563720094
cont,Interp_Sphere_Rastrigin_lam0.25,4,ES_1P1,5000,med,0,10,0.08333333333333333,0.0046521717321972985,0.2384041903808526,0.5546644851753039,0.5718084615960048,0.22874756682000016,0.9148693563720094
cont,Interp_Sphere_Rastrigin_lam0.25,4,ES_1P1,5000,hard,0,10,0.08333333333333333,0.0046521717321972985,0.2384041903808526,0.5546644851753039,0.5718084615960048,0.22874756682000016,0.9148693563720094
cont,Interp_Sphere_Rastrigin_lam0.25,4,ES_1P1,10000,easy,0,10,0.08333333333333333,0.0046521717321972985,0.2384041903808526,0.508927062902103,0.5146417217090034,0.34312135023000023,0.6862023968240034
cont,Interp_Sphere_Rastrigin_lam0.25,4,ES_1P1,10000,med,0,10,0.08333333333333333,0.0046521717321972985,0.2384041903808526,0.508927062902103,0.5146417217090034,0.34312135023000023,0.6862023968240034
cont,Interp_Sphere_Rastrigin_lam0.25,4,ES_1P1,10000,hard,0,10,0.08333333333333333,0.0046521717321972985,0.2384041903808526,0.508927062902103,0.5146417217090034,0.34312135023000023,0.6862023968240034
cont,Interp_Sphere_Rastrigin_lam0.25,4,PSO_GBEST,300,easy,0,10,0.08333333333333333,0.0046521717321972985,0.2384041903808526,1.283831799209026,1.30931055656551,0.9805385567396394,1.5517984158269358
cont,Interp_Sphere_Rastrigin_lam0.25,4,PSO_GBEST,300,med,0,10,0.08333333333333333,0.0046521717321972985,0.2384041903808526,1.283831799209026,1.30931055656551,0.9805385567396394,1.5517984158269358
cont,Interp_Sphere_Rastrigin_lam0.25,4,PSO_GBEST,300,hard,0,10,0.08333333333333333,0.0046521717321972985,0.2384041903808526,1.283831799209026,1.30931055656551,0.9805385567396394,1.5517984158269358
cont,Interp_Sphere_Rastrigin_lam0.25,4,PSO_GBEST,500,easy,0,10,0.08333333333333333,0.0046521717321972985,0.2384041903808526,1.027040259380089,1.0538785432066438,0.736086177223454,1.2779607406157747
cont,Interp_Sphere_Rastrigin_lam0.25,4,PSO_GBEST,500,med,0,10,0.08333333333333333,0.0046521717321972985,0.2384041903808526,1.027040259380089,1.0538785432066438,0.736086177223454,1.2779607406157747
cont,Interp_Sphere_Rastrigin_lam0.25,4,PSO_GBEST,500,hard,0,10,0.08333333333333333,0.0046521717321972985,0.2384041903808526,1.027040259380089,1.0538785432066438,0.736086177223454,1.2779607406157747
cont,Interp_Sphere_Rastrigin_lam0.25,4,PSO_GBEST,800,easy,0,10,0.08333333333333333,0.0046521717321972985,0.2384041903808526,0.7312736588634702,0.7551270291769683,0.4416144495033839,1.0279434317121954
cont,Interp_Sphere_Rastrigin_lam0.25,4,PSO_GBEST,800,med,0,10,0.08333333333333333,0.0046521717321972985,0.2384041903808526,0.7312736588634702,0.7551270291769683,0.4416144495033839,1.0279434317121954
cont,Interp_Sphere_Rastrigin_lam0.25,4,PSO_GBEST,800,hard,0,10,0.08333333333333333,0.0046521717321972985,0.2384041903808526,0.7312736588634702,0.7551270291769683,0.4416144495033839,1.0279434317121954
cont,Interp_Sphere_Rastrigin_lam0.25,4,PSO_GBEST,1000,easy,0,10,0.08333333333333333,0.0046521717321972985,0.2384041903808526,0.5199966686583262,0.5135494903477561,0.17653885933938857,0.7526531248221382
cont,Interp_Sphere_Rastrigin_lam0.25,4,PSO_GBEST,1000,med,0,10,0.08333333333333333,0.0046521717321972985,0.2384041903808526,0.5199966686583262,0.5135494903477561,0.17653885933938857,0.7526531248221382
cont,Interp_Sphere_Rastrigin_lam0.25,4,PSO_GBEST,1000,hard,0,10,0.08333333333333333,0.0046521717321972985,0.2384041903808526,0.5199966686583262,0.5135494903477561,0.17653885933938857,0.7526531248221382
cont,Interp_Sphere_Rastrigin_lam0.25,4,PSO_GBEST,2000,easy,0,10,0.08333333333333333,0.0046521717321972985,0.2384041903808526,0.2145999294523639,0.20310342236696516,0.12625556040588554,0.3077808080681933
cont,Interp_Sphere_Rastrigin_lam0.25,4,PSO_GBEST,2000,med,0,10,0.08333333333333333,0.0046521717321972985,0.2384041903808526,0.2145999294523639,0.20310342236696516,0.12625556040588554,0.3077808080681933
cont,Interp_Sphere_Rastrigin_lam0.25,4,PSO_GBEST,2000,hard,0,10,0.08333333333333333,0.0046521717321972985,0.2384041903808526,0.2145999294523639,0.20310342236696516,0.12625556040588554,0.3077808080681933
cont,Interp_Sphere_Rastrigin_lam0.25,4,PSO_GBEST,5000,easy,5,10,0.5,0.27124991407766885,0.728750085922331,0.1315351795067178,0.08579630700137604,1.9314666579741218e-05,0.4003024742914389
cont,Interp_Sphere_Rastrigin_lam0.25,4,PSO_GBEST,5000,med,1,10,0.16666666666666666,0.033319217684229845,0.3643594892472425,0.1315351795067178,0.08579630700137604,1.9314666579741218e-05,0.4003024742914389
cont,Interp_Sphere_Rastrigin_lam0.25,4,PSO_GBEST,5000,hard,1,10,0.16666666666666666,0.033319217684229845,0.3643594892472425,0.1315351795067178,0.08579630700137604,1.9314666579741218e-05,0.4003024742914389
cont,Interp_Sphere_Rastrigin_lam0.25,4,PSO_GBEST,10000,easy,2,10,0.25,0.07882004566602895,0.47008679927917624,0.18323961828943663,0.11437383888940528,0.057186891705000416,0.5743247580613755
cont,Interp_Sphere_Rastrigin_lam0.25,4,PSO_GBEST,10000,med,0,10,0.08333333333333333,0.0046521717321972985,0.2384041903808526,0.18323961828943663,0.11437383888940528,0.057186891705000416,0.5743247580613755
cont,Interp_Sphere_Rastrigin_lam0.25,4,PSO_GBEST,10000,hard,0,10,0.08333333333333333,0.0046521717321972985,0.2384041903808526,0.18323961828943663,0.11437383888940528,0.057186891705000416,0.5743247580613755
cont,Interp_Sphere_Rastrigin_lam0.25,5,ES_1P1,300,easy,0,10,0.08333333333333333,0.0046521717321972985,0.2384041903808526,0.8070611717722654,0.7329466046332676,0.5551301942321278,1.305140392530747
cont,Interp_Sphere_Rastrigin_lam0.25,5,ES_1P1,300,med,0,10,0.08333333333333333,0.0046521717321972985,0.2384041903808526,0.8070611717722654,0.7329466046332676,0.5551301942321278,1.305140392530747
cont,Interp_Sphere_Rastrigin_lam0.25,5,ES_1P1,300,hard,0,10,0.08333333333333333,0.0046521717321972985,0.2384041903808526,0.8070611717722654,0.7329466046332676,0.5551301942321278,1.305140392530747
cont,Interp_Sphere_Rastrigin_lam0.25,5,ES_1P1,500,easy,0,10,0.08333333333333333,0.0046521717321972985,0.2384041903808526,0.42485405726173087,0.43823530712885284,0.12228320657853838,0.989406909533986
cont,Interp_Sphere_Rastrigin_lam0.25,5,ES_1P1,500,med,0,10,0.08333333333333333,0.0046521717321972985,0.2384041903808526,0.42485405726173087,0.43823530712885284,0.12228320657853838,0.989406909533986
cont,Interp_Sphere_Rastrigin_lam0.25,5,ES_1P1,500,hard,0,10,0.08333333333333333,0.0046521717321972985,0.2384041903808526,0.42485405726173087,0.43823530712885284,0.12228320657853838,0.989406909533986
cont,Interp_Sphere_Rastrigin_lam0.25,5,ES_1P1,800,easy,0,10,0.08333333333333333,0.0046521717321972985,0.2384041903808526,0.5718603245674061,0.5718541024519702,0.34317175735510264,0.8577494312203924
cont,Interp_Sphere_Rastrigin_lam0.25,5,ES_1P1,800,med,0,10,0.08333333333333333,0.0046521717321972985,0.2384041903808526,0.5718603245674061,0.5718541024519702,0.34317175735510264,0.8577494312203924
cont,Interp_Sphere_Rastrigin_lam0.25,5,ES_1P1,800,hard,0,10,0.08333333333333333,0.0046521717321972985,0.2384041903808526,0.5718603245674061,0.5718541024519702,0.34317175735510264,0.8577494312203924
cont,Interp_Sphere_Rastrigin_lam0.25,5,ES_1P1,1000,easy,0,10,0.08333333333333333,0.0046521717321972985,0.2384041903808526,0.5318030346155351,0.40030900427257,0.1715616974769042,1.0292445615444126
cont,Interp_Sphere_Rastrigin_lam0.25,5,ES_1P1,1000,med,0,10,0.08333333333333333,0.0046521717321972985,0.2384041903808526,0.5318030346155351,0.40030900427257,0.1715616974769042,1.0292445615444126
cont,Interp_Sphere_Rastrigin_lam0.25,5,ES_1P1,1000,hard,0,10,0.08333333333333333,0.0046521717321972985,0.2384041903808526,0.5318030346155351,0.40030900427257,0.1715616974769042,1.0292445615444126
cont,Interp_Sphere_Rastrigin_lam0.25,5,ES_1P1,2000,easy,0,10,0.08333333333333333,0.0046521717321972985,0.2384041903808526,0.4803376474132065,0.48604827585650534,0.22874756682000158,0.9720562480770121
cont,Interp_Sphere_Rastrigin_lam0.25,5,ES_1P1,2000,med,0,10,0.08333333333333333,0.0046521717321972985,0.2384041903808526,0.4803376474132065,0.48604827585650534,0.22874756682000158,0.9720562480770121
cont,Interp_Sphere_Rastrigin_lam0.25,5,ES_1P1,2000,hard,0,10,0.08333333333333333,0.0046521717321972985,0.2384041903808526,0.4803376474132065,0.48604827585650534,0.22874756682000158,0.9720562480770121
cont,Interp_Sphere_Rastrigin_lam0.25,5,ES_1P1,5000,easy,0,10,0.08333333333333333,0.0046521717321972985,0.2384041903808526,0.5432230764707042,0.5146417217090038,0.22874756682000016,0.8577227683030065
cont,Interp_Sphere_Rastrigin_lam0.25,5,ES_1P1,5000,med,0,10,0.08333333333333333,0.0046521717321972985,0.2384041903808526,0.5432230764707042,0.5146417217090038,0.22874756682000016,0.8577227683030065
cont,Interp_Sphere_Rastrigin_lam0.25,5,ES_1P1,5000,hard,0,10,0.08333333333333333,0.0046521717321972985,0.2384041903808526,0.5432230764707042,0.5146417217090038,0.22874756682000016,0.8577227683030065
cont,Interp_Sphere_Rastrigin_lam0.25,5,ES_1P1,10000,easy,0,10,0.08333333333333333,0.0046521717321972985,0.2384041903808526,0.44603357311740216,0.4003082419350005,0.17156067511500003,0.9149096600080064
cont,Interp_Sphere_Rastrigin_lam0.25,5,ES_1P1,10000,med,0,10,0.08333333333333333,0.0046521717321972985,0.2384041903808526,0.44603357311740216,0.4003082419350005,0.17156067511500003,0.9149096600080064
cont,Interp_Sphere_Rastrigin_lam0.25,5,ES_1P1,10000,hard,0,10,0.08333333333333333,0.0046521717321972985,0.2384041903808526,0.44603357311740216,0.4003082419350005,0.17156067511500003,0.9149096600080064
cont,Interp_Sphere_Rastrigin_lam0.25,5,PSO_GBEST,300,easy,0,10,0.08333333333333333,0.0046521717321972985,0.2384041903808526,1.3307699470762626,1.3410626354573665,1.0013959794128733,1.5247803701064129
cont,Interp_Sphere_Rastrigin_lam0.25,5,PSO_GBEST,300,med,0,10,0.08333333333333333,0.0046521717321972985,0.2384041903808526,1.3307699470762626,1.3410626354573665,1.0013959794128733,1.5247803701064129
cont,Interp_Sphere_Rastrigin_lam0.25,5,PSO_GBEST,300,hard,0,10,0.08333333333333333,0.0046521717321972985,0.2384041903808526,1.3307699470762626,1.3410626354573665,1.0013959794128733,1.5247803701064129
cont,Interp_Sphere_Rastrigin_lam0.25,5,PSO_GBEST,500,easy,0,10,0.08333333333333333,0.0046521717321972985,0.2384041903808526,1.1617605832990037,1.1899550742653071,0.7927466327552771,1.3766318047861321
cont,Interp_Sphere_Rastrigin_lam0.25,5,PSO_GBEST,500,med,0,10,0.08333333333333333,0.0046521717321972985,0.2384041903808526,1.1617605832990037,1.1899550742653071,0.7927466327552771,1.3766318047861321
cont,Interp_Sphere_Rastrigin_lam0.25,5,PSO_GBEST,500,hard,0,10,0.08333333333333333,0.0046521717321972985,0.2384041903808526,1.1617605832990037,1.1899550742653071,0.7927466327552771,1.3766318047861321
cont,Interp_Sphere_Rastrigin_lam0.25,5,PSO_GBEST,800,easy,0,10,0.08333333333333333,0.0046521717321972985,0.2384041903808526,0.7813573830446667,0.7382154555951177,0.47924295046051746,1.1190528279729854
cont,Interp_Sphere_Rastrigin_lam0.25,5,PSO_GBEST,800,med,0,10,0.08333333333333333,0.0046521717321972985,0.2384041903808526,0.7813573830446667,0.7382154555951177,0.47924295046051746,1.1190528279729854
cont,Interp_Sphere_Rastrigin_lam0.25,5,PSO_GBEST,800,hard,0,10,0.08333333333333333,0.0046521717321972985,0.2384041903808526,0.7813573830446667,0.7382154555951177,0.47924295046051746,1.1190528279729854
cont,Interp_Sphere_Rastrigin_lam0.25,5,PSO_GBEST,1000,easy,0,10,0.08333333333333333,0.0046521717321972985,0.2384041903808526,0.6502795296928071,0.6622365423250833,0.3935429826793312,0.9285094039195446
cont,Interp_Sphere_Rastrigin_lam0.25,5,PSO_GBEST,1000,med,0,10,0.08333333333333333,0.0046521717321972985,0.2384041903808526,0.6502795296928071,0.6622365423250833,0.3935429826793312,0.9285094039195446
cont,Interp_Sphere_Rastrigin_lam0.25,5,PSO_GBEST,1000,hard,0,10,0.08333333333333333,0.0046521717321972985,0.2384041903808526,0.6502795296928071,0.6622365423250833,0.3935429826793312,0.9285094039195446
cont,Interp_Sphere_Rastrigin_lam0.25,5,PSO_GBEST,2000,easy,0,10,0.08333333333333333,0.0046521717321972985,0.2384041903808526,0.30464656617574487,0.30642038965579144,0.1216825643721094,0.7558129008973086
cont,Interp_Sphere_Rastrigin_lam0.25,5,PSO_GBEST,2000,med,0,10,0.08333333333333333,0.0046521717321972985,0.2384041903808526,0.30464656617574487,0.30642038965579144,0.1216825643721094,0.7558129008973086
cont,Interp_Sphere_Rastrigin_lam0.25,5,PSO_GBEST,2000,hard,0,10,0.08333333333333333,0.0046521717321972985,0.2384041903808526,0.30464656617574487,0.30642038965579144,0.1216825643721094,0.7558129008973086
cont,Interp_Sphere_Rastrigin_lam0.25,5,PSO_GBEST,5000,easy,2,10,0.25,0.07882004566602895,0.47008679927917624,0.22631398343706008,0.1715609150025995,2.57357339678757e-05,0.7760606386632118
cont,Interp_Sphere_Rastrigin_lam0.25,5,PSO_GBEST,5000,med,2,10,0.25,0.07882004566602895,0.47008679927917624,0.22631398343706008,0.1715609150025995,2.57357339678757e-05,0.7760606386632118
cont,Interp_Sphere_Rastrigin_lam0.25,5,PSO_GBEST,5000,hard,2,10,0.25,0.07882004566602895,0.47008679927917624,0.22631398343706008,0.1715609150025995,2.57357339678757e-05,0.7760606386632118
cont,Interp_Sphere_Rastrigin_lam0.25,5,PSO_GBEST,10000,easy,6,10,0.5833333333333334,0.34981153457191755,0.8004238501161631,0.13723644900131135,0.05718689170511143,1.6337992328089447e-15,0.5717883097781448
cont,Interp_Sphere_Rastrigin_lam0.25,5,PSO_GBEST,10000,med,2,10,0.25,0.07882004566602895,0.47008679927917624,0.13723644900131135,0.05718689170511143,1.6337992328089447e-15,0.5717883097781448
cont,Interp_Sphere_Rastrigin_lam0.25,5,PSO_GBEST,10000,hard,2,10,0.25,0.07882004566602895,0.47008679927917624,0.13723644900131135,0.05718689170511143,1.6337992328089447e-15,0.5717883097781448
cont,Interp_Sphere_Rastrigin_lam0.25,6,ES_1P1,300,easy,0,10,0.08333333333333333,0.0046521717321972985,0.2384041903808526,0.8089497396939699,0.8110718075239307,0.5548404889089464,1.1743945338567978
cont,Interp_Sphere_Rastrigin_lam0.25,6,ES_1P1,300,med,0,10,0.08333333333333333,0.0046521717321972985,0.2384041903808526,0.8089497396939699,0.8110718075239307,0.5548404889089464,1.1743945338567978
cont,Interp_Sphere_Rastrigin_lam0.25,6,ES_1P1,300,hard,0,10,0.08333333333333333,0.0046521717321972985,0.2384041903808526,0.8089497396939699,0.8110718075239307,0.5548404889089464,1.1743945338567978
cont,Interp_Sphere_Rastrigin_lam0.25,6,ES_1P1,500,easy,0,10,0.08333333333333333,0.0046521717321972985,0.2384041903808526,0.620559868166777,0.6110790093452765,0.23499455908333122,0.865340883039047
cont,Interp_Sphere_Rastrigin_lam0.25,6,ES_1P1,500,med,0,10,0.08333333333333333,0.0046521717321972985,0.2384041903808526,0.620559868166777,0.6110790093452765,0.23499455908333122,0.865340883039047
cont,Interp_Sphere_Rastrigin_lam0.25,6,ES_1P1,500,hard,0,10,0.08333333333333333,0.0046521717321972985,0.2384041903808526,0.620559868166777,0.6110790093452765,0.23499455908333122,0.865340883039047
cont,Interp_Sphere_Rastrigin_lam0.25,6,ES_1P1,800,easy,0,10,0.08333333333333333,0.0046521717321972985,0.2384041903808526,0.48609071287500083,0.42891286475884594,0.2859896045583359,0.914901504518893
cont,Interp_Sphere_Rastrigin_lam0.25,6,ES_1P1,800,med,0,10,0.08333333333333333,0.0046521717321972985,0.2384041903808526,0.48609071287500083,0.42891286475884594,0.2859896045583359,0.914901504518893
cont,Interp_Sphere_Rastrigin_lam0.25,6,ES_1P1,800,hard,0,10,0.08333333333333333,0.0046521717321972985,0.2384041903808526,0.48609071287500083,0.42891286475884594,0.2859896045583359,0.914901504518893
cont,Interp_Sphere_Rastrigin_lam0.25,6,ES_1P1,1000,easy,0,10,0.08333333333333333,0.0046521717321972985,0.2384041903808526,0.6518243721821697,0.5718093344969879,0.2859351081285856,1.4292994941757002
cont,Interp_Sphere_Rastrigin_lam0.25,6,ES_1P1,1000,med,0,10,0.08333333333333333,0.0046521717321972985,0.2384041903808526,0.6518243721821697,0.5718093344969879,0.2859351081285856,1.4292994941757002
cont,Interp_Sphere_Rastrigin_lam0.25,6,ES_1P1,1000,hard,0,10,0.08333333333333333,0.0046521717321972985,0.2384041903808526,0.6518243721821697,0.5718093344969879,0.2859351081285856,1.4292994941757002
cont,Interp_Sphere_Rastrigin_lam0.25,6,ES_1P1,2000,easy,0,10,0.08333333333333333,0.0046521717321972985,0.2384041903808526,0.47461089751550956,0.42886138415150843,0.17156067511500578,1.2579504029660227
cont,Interp_Sphere_Rastrigin_lam0.25,6,ES_1P1,2000,med,0,10,0.08333333333333333,0.0046521717321972985,0.2384041903808526,0.47461089751550956,0.42886138415150843,0.17156067511500578,1.2579504029660227
cont,Interp_Sphere_Rastrigin_lam0.25,6,ES_1P1,2000,hard,0,10,0.08333333333333333,0.0046521717321972985,0.2384041903808526,0.47461089751550956,0.42886138415150843,0.17156067511500578,1.2579504029660227
cont,Interp_Sphere_Rastrigin_lam0.25,6,ES_1P1,5000,easy,0,10,0.08333333333333333,0.0046521717321972985,0.2384041903808526,0.4860523062201031,0.45747498182200197,0.3430810465940031,0.7433489848930064
cont,Interp_Sphere_Rastrigin_lam0.25,6,ES_1P1,5000,med,0,10,0.08333333333333333,0.0046521717321972985,0.2384041903808526,0.4860523062201031,0.45747498182200197,0.3430810465940031,0.7433489848930064
cont,Interp_Sphere_Rastrigin_lam0.25,6,ES_1P1,5000,hard,0,10,0.08333333333333333,0.0046521717321972985,0.2384041903808526,0.4860523062201031,0.45747498182200197,0.3430810465940031,0.7433489848930064
cont,Interp_Sphere_Rastrigin_lam0.25,6,ES_1P1,10000,easy,0,10,0.08333333333333333,0.0046521717321972985,0.2384041903808526,0.5317806119637206,0.5718084615960047,0.2859344585250002,0.7433489848930063
cont,Interp_Sphere_Rastrigin_lam0.25,6,ES_1P1,10000,med,0,10,0.08333333333333333,0.0046521717321972985,0.2384041903808526,0.5317806119637206,0.5718084615960047,0.2859344585250002,0.7433489848930063
cont,Interp_Sphere_Rastrigin_lam0.25,6,ES_1P1,10000,hard,0,10,0.08333333333333333,0.0046521717321972985,0.2384041903808526,0.5317806119637206,0.5718084615960047,0.2859344585250002,0.7433489848930063
cont,Interp_Sphere_Rastrigin_lam0.25,6,PSO_GBEST,300,easy,0,10,0.08333333333333333,0.0046521717321972985,0.2384041903808526,1.30904606678844,1.2525585155784853,0.9865269344332949,1.7191579210774623
cont,Interp_Sphere_Rastrigin_lam0.25,6,PSO_GBEST,300,med,0,10,0.08333333333333333,0.0046521717321972985,0.2384041903808526,1.30904606678844,1.2525585155784853,0.9865269344332949,1.7191579210774623
cont,Interp_Sphere_Rastrigin_lam0.25,6,PSO_GBEST,300,hard,0,10,0.08333333333333333,0.0046521717321972985,0.2384041903808526,1.30904606678844,1.2525585155784853,0.9865269344332949,1.7191579210774623
cont,Interp_Sphere_Rastrigin_lam0.25,6,PSO_GBEST,500,easy,0,10,0.08333333333333333,0.0046521717321972985,0.2384041903808526,1.0179674379025516,1.030192958261428,0.7365565704544934,1.4288361480010945
cont,Interp_Sphere_Rastrigin_lam0.25,6,PSO_GBEST,500,med,0,10,0.08333333333333333,0.0046521717321972985,0.2384041903808526,1.0179674379025516,1.030192958261428,0.7365565704544934,1.4288361480010945
cont,Interp_Sphere_Rastrigin_lam0.25,6,PSO_GBEST,500,hard,0,10,0.08333333333333333,0.0046521717321972985,0.2384041903808526,1.0179674379025516,1.030192958261428,0.7365565704544934,1.4288361480010945
cont,Interp_Sphere_Rastrigin_lam0.25,6,PSO_GBEST,800,easy,0,10,0.08333333333333333,0.0046521717321972985,0.2384041903808526,0.6986391899438339,0.7150983856097043,0.4060963148460489,1.132335318508989
cont,Interp_Sphere_Rastrigin_lam0.25,6,PSO_GBEST,800,med,0,10,0.08333333333333333,0.0046521717321972985,0.2384041903808526,0.6986391899438339,0.7150983856097043,0.4060963148460489,1.132335318508989
cont,Interp_Sphere_Rastrigin_lam0.25,6,PSO_GBEST,800,hard,0,10,0.08333333333333333,0.0046521717321972985,0.2384041903808526,0.6986391899438339,0.7150983856097043,0.4060963148460489,1.132335318508989
cont,Interp_Sphere_Rastrigin_lam0.25,6,PSO_GBEST,1000,easy,0,10,0.08333333333333333,0.0046521717321972985,0.2384041903808526,0.5827678168860884,0.5251260998497367,0.2960008412458781,0.8510120317260417
cont,Interp_Sphere_Rastrigin_lam0.25,6,PSO_GBEST,1000,med,0,10,0.08333333333333333,0.0046521717321972985,0.2384041903808526,0.5827678168860884,0.5251260998497367,0.2960008412458781,0.8510120317260417
cont,Interp_Sphere_Rastrigin_lam0.25,6,PSO_GBEST,1000,hard,0,10,0.08333333333333333,0.0046521717321972985,0.2384041903808526,0.5827678168860884,0.5251260998497367,0.2960008412458781,0.8510120317260417
cont,Interp_Sphere_Rastrigin_lam0.25,6,PSO_GBEST,2000,easy,0,10,0.08333333333333333,0.0046521717321972985,0.2384041903808526,0.2982713142380174,0.30590737373989507,0.12042351445982831,0.512625032871543
cont,Interp_Sphere_Rastrigin_lam0.25,6,PSO_GBEST,2000,med,0,10,0.08333333333333333,0.0046521717321972985,0.2384041903808526,0.2982713142380174,0.30590737373989507,0.12042351445982831,0.512625032871543
cont,Interp_Sphere_Rastrigin_lam0.25,6,PSO_GBEST,2000,hard,0,10,0.08333333333333333,0.0046521717321972985,0.2384041903808526,0.2982713142380174,0.30590737373989507,0.12042351445982831,0.512625032871543
cont,Interp_Sphere_Rastrigin_lam0.25,6,PSO_GBEST,5000,easy,4,10,0.4166666666666667,0.19957614988383685,0.6501884654280824,0.14787898266107977,0.11451348963984483,6.17703586848657e-06,0.6198194426875407
cont,Interp_Sphere_Rastrigin_lam0.25,6,PSO_GBEST,5000,med,2,10,0.25,0.07882004566602895,0.47008679927917624,0.14787898266107977,0.11451348963984483,6.17703586848657e-06,0.6198194426875407
cont,Interp_Sphere_Rastrigin_lam0.25,6,PSO_GBEST,5000,hard,2,10,0.25,0.07882004566602895,0.47008679927917624,0.14787898266107977,0.11451348963984483,6.17703586848657e-06,0.6198194426875407
cont,Interp_Sphere_Rastrigin_lam0.25,6,PSO_GBEST,10000,easy,3,10,0.3333333333333333,0.13507547291964123,0.5643741882892295,0.1354862577786669,0.11437378341031099,4.5671595108086265e-15,0.43987231049978526
cont,Interp_Sphere_Rastrigin_lam0.25,6,PSO_GBEST,10000,med,2,10,0.25,0.07882004566602895,0.47008679927917624,0.1354862577786669,0.11437378341031099,4.5671595108086265e-15,0.43987231049978526
cont,Interp_Sphere_Rastrigin_lam0.25,6,PSO_GBEST,10000,hard,2,10,0.25,0.07882004566602895,0.47008679927917624,0.1354862577786669,0.11437378341031099,4.5671595108086265e-15,0.43987231049978526
cont,Interp_Sphere_Rastrigin_lam0.25,7,ES_1P1,300,easy,0,10,0.08333333333333333,0.0046521717321972985,0.2384041903808526,0.9385673830973861,0.9647043952516626,0.5988293905914386,1.5313637441503904
cont,Interp_Sphere_Rastrigin_lam0.25,7,ES_1P1,300,med,0,10,0.08333333333333333,0.0046521717321972985,0.2384041903808526,0.9385673830973861,0.9647043952516626,0.5988293905914386,1.5313637441503904
cont,Interp_Sphere_Rastrigin_lam0.25,7,ES_1P1,300,hard,0,10,0.08333333333333333,0.0046521717321972985,0.2384041903808526,0.9385673830973861,0.9647043952516626,0.5988293905914386,1.5313637441503904
cont,Interp_Sphere_Rastrigin_lam0.25,7,ES_1P1,500,easy,0,10,0.08333333333333333,0.0046521717321972985,0.2384041903808526,0.5252978919716134,0.46749778104824347,0.29319690867772347,0.9259540511790078
cont,Interp_Sphere_Rastrigin_lam0.25,7,ES_1P1,500,med,0,10,0.08333333333333333,0.0046521717321972985,0.2384041903808526,0.5252978919716134,0.46749778104824347,0.29319690867772347,0.9259540511790078
cont,Interp_Sphere_Rastrigin_lam0.25,7,ES_1P1,500,hard,0,10,0.08333333333333333,0.0046521717321972985,0.2384041903808526,0.5252978919716134,0.46749778104824347,0.29319690867772347,0.9259540511790078
cont,Interp_Sphere_Rastrigin_lam0.25,7,ES_1P1,800,easy,0,10,0.08333333333333333,0.0046521717321972985,0.2384041903808526,0.4517878807094863,0.4289332864875577,0.17157590932132877,0.7433868433512776
cont,Interp_Sphere_Rastrigin_lam0.25,7,ES_1P1,800,med,0,10,0.08333333333333333,0.0046521717321972985,0.2384041903808526,0.4517878807094863,0.4289332864875577,0.17157590932132877,0.7433868433512776
cont,Interp_Sphere_Rastrigin_lam0.25,7,ES_1P1,800,hard,0,10,0.08333333333333333,0.0046521717321972985,0.2384041903808526,0.4517878807094863,0.4289332864875577,0.17157590932132877,0.7433868433512776
cont,Interp_Sphere_Rastrigin_lam0.25,7,ES_1P1,1000,easy,0,10,0.08333333333333333,0.0046521717321972985,0.2384041903808526,0.45746828323955785,0.45745544726346615,0.2859353101121258,0.7433499149724719
cont,Interp_Sphere_Rastrigin_lam0.25,7,ES_1P1,1000,med,0,10,0.08333333333333333,0.0046521717321972985,0.2384041903808526,0.45746828323955785,0.45745544726346615,0.2859353101121258,0.7433499149724719
cont,Interp_Sphere_Rastrigin_lam0.25,7,ES_1P1,1000,hard,0,10,0.08333333333333333,0.0046521717321972985,0.2384041903808526,0.45746828323955785,0.45745544726346615,0.2859353101121258,0.7433499149724719
cont,Interp_Sphere_Rastrigin_lam0.25,7,ES_1P1,2000,easy,0,10,0.08333333333333333,0.0046521717321972985,0.2384041903808526,0.6575332370195641,0.600422059266512,0.22874756682001804,1.1434451506241896
cont,Interp_Sphere_Rastrigin_lam0.25,7,ES_1P1,2000,med,0,10,0.08333333333333333,0.0046521717321972985,0.2384041903808526,0.6575332370195641,0.600422059266512,0.22874756682001804,1.1434451506241896
cont,Interp_Sphere_Rastrigin_lam0.25,7,ES_1P1,2000,hard,0,10,0.08333333333333333,0.0046521717321972985,0.2384041903808526,0.6575332370195641,0.600422059266512,0.22874756682001804,1.1434451506241896
cont,Interp_Sphere_Rastrigin_lam0.25,7,ES_1P1,5000,easy,0,10,0.08333333333333333,0.0046521717321972985,0.2384041903808526,0.6689797318901403,0.5718286134140034,0.2287475668200002,1.4864858935821883
cont,Interp_Sphere_Rastrigin_lam0.25,7,ES_1P1,5000,med,0,10,0.08333333333333333,0.0046521717321972985,0.2384041903808526,0.6689797318901403,0.5718286134140034,0.2287475668200002,1.4864858935821883
cont,Interp_Sphere_Rastrigin_lam0.25,7,ES_1P1,5000,hard,0,10,0.08333333333333333,0.0046521717321972985,0.2384041903808526,0.6689797318901403,0.5718286134140034,0.2287475668200002,1.4864858935821883
cont,Interp_Sphere_Rastrigin_lam0.25,7,ES_1P1,10000,easy,0,10,0.08333333333333333,0.0046521717321972985,0.2384041903808526,0.451740171197103,0.4002679382990033,0.22874756682000008,0.8004955729620091
cont,Interp_Sphere_Rastrigin_lam0.25,7,ES_1P1,10000,med,0,10,0.08333333333333333,0.0046521717321972985,0.2384041903808526,0.451740171197103,0.4002679382990033,0.22874756682000008,0.8004955729620091
cont,Interp_Sphere_Rastrigin_lam0.25,7,ES_1P1,10000,hard,0,10,0.08333333333333333,0.0046521717321972985,0.2384041903808526,0.451740171197103,0.4002679382990033,0.22874756682000008,0.8004955729620091
cont,Interp_Sphere_Rastrigin_lam0.25,7,PSO_GBEST,300,easy,0,10,0.08333333333333333,0.0046521717321972985,0.2384041903808526,1.439203340513213,1.4444370329275582,1.076250212111518,1.6987543693155969
cont,Interp_Sphere_Rastrigin_lam0.25,7,PSO_GBEST,300,med,0,10,0.08333333333333333,0.0046521717321972985,0.2384041903808526,1.439203340513213,1.4444370329275582,1.076250212111518,1.6987543693155969
cont,Interp_Sphere_Rastrigin_lam0.25,7,PSO_GBEST,300,hard,0,10,0.08333333333333333,0.0046521717321972985,0.2384041903808526,1.439203340513213,1.4444370329275582,1.076250212111518,1.6987543693155969
cont,Interp_Sphere_Rastrigin_lam0.25,7,PSO_GBEST,500,easy,0,10,0.08333333333333333,0.0046521717321972985,0.2384041903808526,0.9069173047727596,0.9497200019565285,0.4962469114996551,1.462555278558613
cont,Interp_Sphere_Rastrigin_lam0.25,7,PSO_GBEST,500,med,0,10,0.08333333333333333,0.0046521717321972985,0.2384041903808526,0.9069173047727596,0.9497200019565285,0.4962469114996551,1.462555278558613
cont,Interp_Sphere_Rastrigin_lam0.25,7,PSO_GBEST,500,hard,0,10,0.08333333333333333,0.0046521717321972985,0.2384041903808526,0.9069173047727596,0.9497200019565285,0.4962469114996551,1.462555278558613
cont,Interp_Sphere_Rastrigin_lam0.25,7,PSO_GBEST,800,easy,0,10,0.08333333333333333,0.0046521717321972985,0.2384041903808526,0.7455369594122936,0.7723528740910103,0.4300847100589452,0.9775289855586566
cont,Interp_Sphere_Rastrigin_lam0.25,7,PSO_GBEST,800,med,0,10,0.08333333333333333,0.0046521717321972985,0.2384041903808526,0.7455369594122936,0.7723528740910103,0.4300847100589452,0.9775289855586566
cont,Interp_Sphere_Rastrigin_lam0.25,7,PSO_GBEST,800,hard,0,10,0.08333333333333333,0.0046521717321972985,0.2384041903808526,0.7455369594122936,0.7723528740910103,0.4300847100589452,0.9775289855586566
cont,Interp_Sphere_Rastrigin_lam0.25,7,PSO_GBEST,1000,easy,0,10,0.08333333333333333,0.0046521717321972985,0.2384041903808526,0.5968503015941151,0.5860565903021517,0.39481346025952346,0.8839642655165814
cont,Interp_Sphere_Rastrigin_lam0.25,7,PSO_GBEST,1000,med,0,10,0.08333333333333333,0.0046521717321972985,0.2384041903808526,0.5968503015941151,0.5860565903021517,0.39481346025952346,0.8839642655165814
cont,Interp_Sphere_Rastrigin_lam0.25,7,PSO_GBEST,1000,hard,0,10,0.08333333333333333,0.0046521717321972985,0.2384041903808526,0.5968503015941151,0.5860565903021517,0.39481346025952346,0.8839642655165814
cont,Interp_Sphere_Rastrigin_lam0.25,7,PSO_GBEST,2000,easy,0,10,0.08333333333333333,0.0046521717321972985,0.2384041903808526,0.24745104986120275,0.2309063702247946,0.15951906056766857,0.3462635449256547
cont,Interp_Sphere_Rastrigin_lam0.25,7,PSO_GBEST,2000,med,0,10,0.08333333333333333,0.0046521717321972985,0.2384041903808526,0.24745104986120275,0.2309063702247946,0.15951906056766857,0.3462635449256547
cont,Interp_Sphere_Rastrigin_lam0.25,7,PSO_GBEST,2000,hard,0,10,0.08333333333333333,0.0046521717321972985,0.2384041903808526,0.24745104986120275,0.2309063702247946,0.15951906056766857,0.3462635449256547
cont,Interp_Sphere_Rastrigin_lam0.25,7,PSO_GBEST,5000,easy,4,10,0.4166666666666667,0.19957614988383685,0.6501884654280824,0.16582394216388183,0.11437622725734053,2.6123707918471763e-07,0.85754200151993
cont,Interp_Sphere_Rastrigin_lam0.25,7,PSO_GBEST,5000,med,2,10,0.25,0.07882004566602895,0.47008679927917624,0.16582394216388183,0.11437622725734053,2.6123707918471763e-07,0.85754200151993
cont,Interp_Sphere_Rastrigin_lam0.25,7,PSO_GBEST,5000,hard,2,10,0.25,0.07882004566602895,0.47008679927917624,0.16582394216388183,0.11437622725734053,2.6123707918471763e-07,0.85754200151993
cont,Interp_Sphere_Rastrigin_lam0.25,7,PSO_GBEST,10000,easy,4,10,0.4166666666666667,0.19957614988383685,0.6501884654280824,0.10865747951256939,0.11437378341041957,4.5667957707891535e-15,0.22874756682000036
cont,Interp_Sphere_Rastrigin_lam0.25,7,PSO_GBEST,10000,med,1,10,0.16666666666666666,0.033319217684229845,0.3643594892472425,0.10865747951256939,0.11437378341041957,4.5667957707891535e-15,0.22874756682000036
cont,Interp_Sphere_Rastrigin_lam0.25,7,PSO_GBEST,10000,hard,1,10,0.16666666666666666,0.033319217684229845,0.3643594892472425,0.10865747951256939,0.11437378341041957,4.5667957707891535e-15,0.22874756682000036
cont,Interp_Sphere_Rastrigin_lam0.25,8,ES_1P1,300,easy,0,10,0.08333333333333333,0.0046521717321972985,0.2384041903808526,0.6968808431314979,0.7185134863094826,0.37195700841935475,0.9837254950939243
cont,Interp_Sphere_Rastrigin_lam0.25,8,ES_1P1,300,med,0,10,0.08333333333333333,0.0046521717321972985,0.2384041903808526,0.6968808431314979,0.7185134863094826,0.37195700841935475,0.9837254950939243
cont,Interp_Sphere_Rastrigin_lam0.25,8,ES_1P1,300,hard,0,10,0.08333333333333333,0.0046521717321972985,0.2384041903808526,0.6968808431314979,0.7185134863094826,0.37195700841935475,0.9837254950939243
cont,Interp_Sphere_Rastrigin_lam0.25,8,ES_1P1,500,easy,0,10,0.08333333333333333,0.0046521717321972985,0.2384041903808526,0.6776286755337189,0.7077226886796415,0.23934103691679814,1.0559245894406113
cont,Interp_Sphere_Rastrigin_lam0.25,8,ES_1P1,500,med,0,10,0.08333333333333333,0.0046521717321972985,0.2384041903808526,0.6776286755337189,0.7077226886796415,0.23934103691679814,1.0559245894406113
cont,Interp_Sphere_Rastrigin_lam0.25,8,ES_1P1,500,hard,0,10,0.08333333333333333,0.0046521717321972985,0.2384041903808526,0.6776286755337189,0.7077226886796415,0.23934103691679814,1.0559245894406113
cont,Interp_Sphere_Rastrigin_lam0.25,8,ES_1P1,800,easy,0,10,0.08333333333333333,0.0046521717321972985,0.2384041903808526,0.549001516985469,0.5146984990377237,0.2859644112740571,0.914999274647046
cont,Interp_Sphere_Rastrigin_lam0.25,8,ES_1P1,800,med,0,10,0.08333333333333333,0.0046521717321972985,0.2384041903808526,0.549001516985469,0.5146984990377237,0.2859644112740571,0.914999274647046
cont,Interp_Sphere_Rastrigin_lam0.25,8,ES_1P1,800,hard,0,10,0.08333333333333333,0.0046521717321972985,0.2384041903808526,0.549001516985469,0.5146984990377237,0.2859644112740571,0.914999274647046
cont,Interp_Sphere_Rastrigin_lam0.25,8,ES_1P1,1000,easy,0,10,0.08333333333333333,0.0046521717321972985,0.2384041903808526,0.5260721488465794,0.5718294825228787,0.2859358755904109,0.7433495976556653
cont,Interp_Sphere_Rastrigin_lam0.25,8,ES_1P1,1000,med,0,10,0.08333333333333333,0.0046521717321972985,0.2384041903808526,0.5260721488465794,0.5718294825228787,0.2859358755904109,0.7433495976556653
cont,Interp_Sphere_Rastrigin_lam0.25,8,ES_1P1,1000,hard,0,10,0.08333333333333333,0.0046521717321972985,0.2384041903808526,0.5260721488465794,0.5718294825228787,0.2859358755904109,0.7433495976556653
cont,Interp_Sphere_Rastrigin_lam0.25,8,ES_1P1,2000,easy,0,10,0.08333333333333333,0.0046521717321972985,0.2384041903808526,0.44031891431050835,0.42890168778750926,0.17156067511501535,0.6861620931880071
cont,Interp_Sphere_Rastrigin_lam0.25,8,ES_1P1,2000,med,0,10,0.08333333333333333,0.0046521717321972985,0.2384041903808526,0.44031891431050835,0.42890168778750926,0.17156067511501535,0.6861620931880071
cont,Interp_Sphere_Rastrigin_lam0.25,8,ES_1P1,2000,hard,0,10,0.08333333333333333,0.0046521717321972985,0.2384041903808526,0.44031891431050835,0.42890168778750926,0.17156067511501535,0.6861620931880071
cont,Interp_Sphere_Rastrigin_lam0.25,8,ES_1P1,5000,easy,0,10,0.08333333333333333,0.0046521717321972985,0.2384041903808526,0.5203563805159037,0.48606842767450187,0.22874756682000028,0.8576824646670096
cont,Interp_Sphere_Rastrigin_lam0.25,8,ES_1P1,5000,med,0,10,0.08333333333333333,0.0046521717321972985,0.2384041903808526,0.5203563805159037,0.48606842767450187,0.22874756682000028,0.8576824646670096
cont,Interp_Sphere_Rastrigin_lam0.25,8,ES_1P1,5000,hard,0,10,0.08333333333333333,0.0046521717321972985,0.2384041903808526,0.5203563805159037,0.48606842767450187,0.22874756682000028,0.8576824646670096
cont,Interp_Sphere_Rastrigin_lam0.25,8,ES_1P1,10000,easy,0,10,0.08333333333333333,0.0046521717321972985,0.2384041903808526,0.45745886036760314,0.48604827585650334,0.1143737834100001,0.7433489848930067
cont,Interp_Sphere_Rastrigin_lam0.25,8,ES_1P1,10000,med,0,10,0.08333333333333333,0.0046521717321972985,0.2384041903808526,0.45745886036760314,0.48604827585650334,0.1143737834100001,0.7433489848930067
cont,Interp_Sphere_Rastrigin_lam0.25,8,ES_1P1,10000,hard,0,10,0.08333333333333333,0.0046521717321972985,0.2384041903808526,0.45745886036760314,0.48604827585650334,0.1143737834100001,0.7433489848930067
cont,Interp_Sphere_Rastrigin_lam0.25,8,PSO_GBEST,300,easy,0,10,0.08333333333333333,0.0046521717321972985,0.2384041903808526,1.2779011478610156,1.2765926173955036,0.693095770775656,1.7403394332265798
cont,Interp_Sphere_Rastrigin_lam0.25,8,PSO_GBEST,300,med,0,10,0.08333333333333333,0.0046521717321972985,0.2384041903808526,1.2779011478610156,1.2765926173955036,0.693095770775656,1.7403394332265798
cont,Interp_Sphere_Rastrigin_lam0.25,8,PSO_GBEST,300,hard,0,10,0.08333333333333333,0.0046521717321972985,0.2384041903808526,1.2779011478610156,1.2765926173955036,0.693095770775656,1.7403394332265798
cont,Interp_Sphere_Rastrigin_lam0.25,8,PSO_GBEST,500,easy,0,10,0.08333333333333333,0.0046521717321972985,0.2384041903808526,1.0070345913119216,1.0283165769345874,0.8367612301237989,1.2739374762961124
cont,Interp_Sphere_Rastrigin_lam0.25,8,PSO_GBEST,500,med,0,10,0.08333333333333333,0.0046521717321972985,0.2384041903808526,1.0070345913119216,1.0283165769345874,0.8367612301237989,1.2739374762961124
cont,Interp_Sphere_Rastrigin_lam0.25,8,PSO_GBEST,500,hard,0,10,0.08333333333333333,0.0046521717321972985,0.2384041903808526,1.0070345913119216,1.0283165769345874,0.8367612301237989,1.2739374762961124
cont,Interp_Sphere_Rastrigin_lam0.25,8,PSO_GBEST,800,easy,0,10,0.08333333333333333,0.0046521717321972985,0.2384041903808526,0.7295655916568123,0.7904228642113222,0.41951086315723674,0.9476681577572641
cont,Interp_Sphere_Rastrigin_lam0.25,8,PSO_GBEST,800,med,0,10,0.08333333333333333,0.0046521717321972985,0.2384041903808526,0.7295655916568123,0.7904228642113222,0.41951086315723674,0.9476681577572641
cont,Interp_Sphere_Rastrigin_lam0.25,8,PSO_GBEST,800,hard,0,10,0.08333333333333333,0.0046521717321972985,0.2384041903808526,0.7295655916568123,0.7904228642113222,0.41951086315723674,0.9476681577572641
cont,Interp_Sphere_Rastrigin_lam0.25,8,PSO_GBEST,1000,easy,0,10,0.08333333333333333,0.0046521717321972985,0.2384041903808526,0.5964404075917775,0.5442650584694301,0.27291730311036916,1.1169541390937185
cont,Interp_Sphere_Rastrigin_lam0.25,8,PSO_GBEST,1000,med,0,10,0.08333333333333333,0.0046521717321972985,0.2384041903808526,0.5964404075917775,0.5442650584694301,0.27291730311036916,1.1169541390937185
cont,Interp_Sphere_Rastrigin_lam0.25,8,PSO_GBEST,1000,hard,0,10,0.08333333333333333,0.0046521717321972985,0.2384041903808526,0.5964404075917775,0.5442650584694301,0.27291730311036916,1.1169541390937185
cont,Interp_Sphere_Rastrigin_lam0.25,8,PSO_GBEST,2000,easy,1,10,0.16666666666666666,0.033319217684229845,0.3643594892472425,0.22185004726643368,0.18135646147290155,0.06605340947251387,0.4123453894799309
cont,Interp_Sphere_Rastrigin_lam0.25,8,PSO_GBEST,2000,med,0,10,0.08333333333333333,0.0046521717321972985,0.2384041903808526,0.22185004726643368,0.18135646147290155,0.06605340947251387,0.4123453894799309
cont,Interp_Sphere_Rastrigin_lam0.25,8,PSO_GBEST,2000,hard,0,10,0.08333333333333333,0.0046521717321972985,0.2384041903808526,0.22185004726643368,0.18135646147290155,0.06605340947251387,0.4123453894799309
cont,Interp_Sphere_Rastrigin_lam0.25,8,PSO_GBEST,5000,easy,2,10,0.25,0.07882004566602895,0.47008679927917624,0.3827061980004323,0.3208125972978323,0.05719079905094791,1.147520247538888
cont,Interp_Sphere_Rastrigin_lam0.25,8,PSO_GBEST,5000,med,0,10,0.08333333333333333,0.0046521717321972985,0.2384041903808526,0.3827061980004323,0.3208125972978323,0.05719079905094791,1.147520247538888
cont,Interp_Sphere_Rastrigin_lam0.25,8,PSO_GBEST,5000,hard,0,10,0.08333333333333333,0.0046521717321972985,0.2384041903808526,0.3827061980004323,0.3208125972978323,0.05719079905094791,1.147520247538888
cont,Interp_Sphere_Rastrigin_lam0.25,8,PSO_GBEST,10000,easy,3,10,0.3333333333333333,0.13507547291964123,0.5643741882892295,0.22485722158521154,0.22874756682553718,7.661232234335199e-15,0.6096242343483582
cont,Interp_Sphere_Rastrigin_lam0.25,8,PSO_GBEST,10000,med,1,10,0.16666666666666666,0.033319217684229845,0.3643594892472425,0.22485722158521154,0.22874756682553718,7.661232234335199e-15,0.6096242343483582
cont,Interp_Sphere_Rastrigin_lam0.25,8,PSO_GBEST,10000,hard,1,10,0.16666666666666666,0.033319217684229845,0.3643594892472425,0.22485722158521154,0.22874756682553718,7.661232234335199e-15,0.6096242343483582
cont,Interp_Sphere_Rastrigin_lam0.25,9,ES_1P1,300,easy,0,10,0.08333333333333333,0.0046521717321972985,0.2384041903808526,0.827529378382968,0.7637285526668954,0.4992701990347845,1.312395682105151
cont,Interp_Sphere_Rastrigin_lam0.25,9,ES_1P1,300,med,0,10,0.08333333333333333,0.0046521717321972985,0.2384041903808526,0.827529378382968,0.7637285526668954,0.4992701990347845,1.312395682105151
cont,Interp_Sphere_Rastrigin_lam0.25,9,ES_1P1,300,hard,0,10,0.08333333333333333,0.0046521717321972985,0.2384041903808526,0.827529378382968,0.7637285526668954,0.4992701990347845,1.312395682105151
cont,Interp_Sphere_Rastrigin_lam0.25,9,ES_1P1,500,easy,0,10,0.08333333333333333,0.0046521717321972985,0.2384041903808526,0.6964164281819898,0.6458755017325444,0.2991086119136244,1.2153021582429087
cont,Interp_Sphere_Rastrigin_lam0.25,9,ES_1P1,500,med,0,10,0.08333333333333333,0.0046521717321972985,0.2384041903808526,0.6964164281819898,0.6458755017325444,0.2991086119136244,1.2153021582429087
cont,Interp_Sphere_Rastrigin_lam0.25,9,ES_1P1,500,hard,0,10,0.08333333333333333,0.0046521717321972985,0.2384041903808526,0.6964164281819898,0.6458755017325444,0.2991086119136244,1.2153021582429087
cont,Interp_Sphere_Rastrigin_lam0.25,9,ES_1P1,800,easy,0,10,0.08333333333333333,0.0046521717321972985,0.2384041903808526,0.4917911760498428,0.45752813051598407,0.3431328061565053,0.7434044556703966
cont,Interp_Sphere_Rastrigin_lam0.25,9,ES_1P1,800,med,0,10,0.08333333333333333,0.0046521717321972985,0.2384041903808526,0.4917911760498428,0.45752813051598407,0.3431328061565053,0.7434044556703966
cont,Interp_Sphere_Rastrigin_lam0.25,9,ES_1P1,800,hard,0,10,0.08333333333333333,0.0046521717321972985,0.2384041903808526,0.4917911760498428,0.45752813051598407,0.3431328061565053,0.7434044556703966
cont,Interp_Sphere_Rastrigin_lam0.25,9,ES_1P1,1000,easy,0,10,0.08333333333333333,0.0046521717321972985,0.2384041903808526,0.3659598743072158,0.2859352857408667,0.22874793834359664,0.6859910867671255
cont,Interp_Sphere_Rastrigin_lam0.25,9,ES_1P1,1000,med,0,10,0.08333333333333333,0.0046521717321972985,0.2384041903808526,0.3659598743072158,0.2859352857408667,0.22874793834359664,0.6859910867671255
cont,Interp_Sphere_Rastrigin_lam0.25,9,ES_1P1,1000,hard,0,10,0.08333333333333333,0.0046521717321972985,0.2384041903808526,0.3659598743072158,0.2859352857408667,0.22874793834359664,0.6859910867671255
cont,Interp_Sphere_Rastrigin_lam0.25,9,ES_1P1,2000,easy,1,10,0.16666666666666666,0.033319217684229845,0.3643594892472425,0.4631563419177248,0.45745483000400705,0.05718689170500697,0.91473788744018
cont,Interp_Sphere_Rastrigin_lam0.25,9,ES_1P1,2000,med,0,10,0.08333333333333333,0.0046521717321972985,0.2384041903808526,0.4631563419177248,0.45745483000400705,0.05718689170500697,0.91473788744018
cont,Interp_Sphere_Rastrigin_lam0.25,9,ES_1P1,2000,hard,0,10,0.08333333333333333,0.0046521717321972985,0.2384041903808526,0.4631563419177248,0.45745483000400705,0.05718689170500697,0.91473788744018
cont,Interp_Sphere_Rastrigin_lam0.25,9,ES_1P1,5000,easy,0,10,0.08333333333333333,0.0046521717321972985,0.2384041903808526,0.5260710393228039,0.5146417217090034,0.22874756682000008,1.1435766195560124
cont,Interp_Sphere_Rastrigin_lam0.25,9,ES_1P1,5000,med,0,10,0.08333333333333333,0.0046521717321972985,0.2384041903808526,0.5260710393228039,0.5146417217090034,0.22874756682000008,1.1435766195560124
cont,Interp_Sphere_Rastrigin_lam0.25,9,ES_1P1,5000,hard,0,10,0.08333333333333333,0.0046521717321972985,0.2384041903808526,0.5260710393228039,0.5146417217090034,0.22874756682000008,1.1435766195560124
cont,Interp_Sphere_Rastrigin_lam0.25,9,ES_1P1,10000,easy,0,10,0.08333333333333333,0.0046521717321972985,0.2384041903808526,0.5203271121683217,0.5146215698910046,0.17156067511500006,0.9146975838041822
cont,Interp_Sphere_Rastrigin_lam0.25,9,ES_1P1,10000,med,0,10,0.08333333333333333,0.0046521717321972985,0.2384041903808526,0.5203271121683217,0.5146215698910046,0.17156067511500006,0.9146975838041822
cont,Interp_Sphere_Rastrigin_lam0.25,9,ES_1P1,10000,hard,0,10,0.08333333333333333,0.0046521717321972985,0.2384041903808526,0.5203271121683217,0.5146215698910046,0.17156067511500006,0.9146975838041822
cont,Interp_Sphere_Rastrigin_lam0.25,9,PSO_GBEST,300,easy,0,10,0.08333333333333333,0.0046521717321972985,0.2384041903808526,1.316519700823045,1.392753917574508,0.8710338165730527,1.6136576028201008
cont,Interp_Sphere_Rastrigin_lam0.25,9,PSO_GBEST,300,med,0,10,0.08333333333333333,0.0046521717321972985,0.2384041903808526,1.316519700823045,1.392753917574508,0.8710338165730527,1.6136576028201008
cont,Interp_Sphere_Rastrigin_lam0.25,9,PSO_GBEST,300,hard,0,10,0.08333333333333333,0.0046521717321972985,0.2384041903808526,1.316519700823045,1.392753917574508,0.8710338165730527,1.6136576028201008
cont,Interp_Sphere_Rastrigin_lam0.25,9,PSO_GBEST,500,easy,0,10,0.08333333333333333,0.0046521717321972985,0.2384041903808526,0.9572013715994443,0.8919339852426307,0.7073547677062562,1.217807760836108
cont,Interp_Sphere_Rastrigin_lam0.25,9,PSO_GBEST,500,med,0,10,0.08333333333333333,0.0046521717321972985,0.2384041903808526,0.9572013715994443,0.8919339852426307,0.7073547677062562,1.217807760836108
cont,Interp_Sphere_Rastrigin_lam0.25,9,PSO_GBEST,500,hard,0,10,0.08333333333333333,0.0046521717321972985,0.2384041903808526,0.9572013715994443,0.8919339852426307,0.7073547677062562,1.217807760836108
cont,Interp_Sphere_Rastrigin_lam0.25,9,PSO_GBEST,800,easy,0,10,0.08333333333333333,0.0046521717321972985,0.2384041903808526,0.8009899672328895,0.738362730831984,0.3194896234085706,1.3961578620333797
cont,Interp_Sphere_Rastrigin_lam0.25,9,PSO_GBEST,800,med,0,10,0.08333333333333333,0.0046521717321972985,0.2384041903808526,0.8009899672328895,0.738362730831984,0.3194896234085706,1.3961578620333797
cont,Interp_Sphere_Rastrigin_lam0.25,9,PSO_GBEST,800,hard,0,10,0.08333333333333333,0.0046521717321972985,0.2384041903808526,0.8009899672328895,0.738362730831984,0.3194896234085706,1.3961578620333797
cont,Interp_Sphere_Rastrigin_lam0.25,9,PSO_GBEST,1000,easy,0,10,0.08333333333333333,0.0046521717321972985,0.2384041903808526,0.5511299237407031,0.5519183692323365,0.36089538160896306,0.788738749615611
cont,Interp_Sphere_Rastrigin_lam0.25,9,PSO_GBEST,1000,med,0,10,0.08333333333333333,0.0046521717321972985,0.2384041903808526,0.5511299237407031,0.5519183692323365,0.36089538160896306,0.788738749615611
cont,Interp_Sphere_Rastrigin_lam0.25,9,PSO_GBEST,1000,hard,0,10,0.08333333333333333,0.0046521717321972985,0.2384041903808526,0.5511299237407031,0.5519183692323365,0.36089538160896306,0.788738749615611
cont,Interp_Sphere_Rastrigin_lam0.25,9,PSO_GBEST,2000,easy,2,10,0.25,0.07882004566602895,0.47008679927917624,0.25773922702099494,0.23979861554269052,0.08735826665902524,0.4726262871499216
cont,Interp_Sphere_Rastrigin_lam0.25,9,PSO_GBEST,2000,med,0,10,0.08333333333333333,0.0046521717321972985,0.2384041903808526,0.25773922702099494,0.23979861554269052,0.08735826665902524,0.4726262871499216
cont,Interp_Sphere_Rastrigin_lam0.25,9,PSO_GBEST,2000,hard,0,10,0.08333333333333333,0.0046521717321972985,0.2384041903808526,0.25773922702099494,0.23979861554269052,0.08735826665902524,0.4726262871499216
cont,Interp_Sphere_Rastrigin_lam0.25,9,PSO_GBEST,5000,easy,1,10,0.16666666666666666,0.033319217684229845,0.3643594892472425,0.21467336839394813,0.17157884974278628,0.05718861595530214,0.6018161652179197
cont,Interp_Sphere_Rastrigin_lam0.25,9,PSO_GBEST,5000,med,0,10,0.08333333333333333,0.0046521717321972985,0.2384041903808526,0.21467336839394813,0.17157884974278628,0.05718861595530214,0.6018161652179197
cont,Interp_Sphere_Rastrigin_lam0.25,9,PSO_GBEST,5000,hard,0,10,0.08333333333333333,0.0046521717321972985,0.2384041903808526,0.21467336839394813,0.17157884974278628,0.05718861595530214,0.6018161652179197
cont,Interp_Sphere_Rastrigin_lam0.25,9,PSO_GBEST,10000,easy,2,10,0.25,0.07882004566602895,0.47008679927917624,0.27001486734550306,0.20015412096750268,2.357121642399411e-18,0.6342799438419238
cont,Interp_Sphere_Rastrigin_lam0.25,9,PSO_GBEST,10000,med,2,10,0.25,0.07882004566602895,0.47008679927917624,0.27001486734550306,0.20015412096750268,2.357121642399411e-18,0.6342799438419238
cont,Interp_Sphere_Rastrigin_lam0.25,9,PSO_GBEST,10000,hard,2,10,0.25,0.07882004566602895,0.47008679927917624,0.27001486734550306,0.20015412096750268,2.357121642399411e-18,0.6342799438419238
cont,Interp_Sphere_Rastrigin_lam0.50,0,ES_1P1,300,easy,0,10,0.08333333333333333,0.0046521717321972985,0.2384041903808526,1.607111154579854,1.6018086642872218,1.0988807467174815,2.0601087257906325
cont,Interp_Sphere_Rastrigin_lam0.50,0,ES_1P1,300,med,0,10,0.08333333333333333,0.0046521717321972985,0.2384041903808526,1.607111154579854,1.6018086642872218,1.0988807467174815,2.0601087257906325
cont,Interp_Sphere_Rastrigin_lam0.50,0,ES_1P1,300,hard,0,10,0.08333333333333333,0.0046521717321972985,0.2384041903808526,1.607111154579854,1.6018086642872218,1.0988807467174815,2.0601087257906325
cont,Interp_Sphere_Rastrigin_lam0.50,0,ES_1P1,500,easy,0,10,0.08333333333333333,0.0046521717321972985,0.2384041903808526,0.9456697906295988,0.9568425113668373,0.4001812924480699,1.678800491029802
cont,Interp_Sphere_Rastrigin_lam0.50,0,ES_1P1,500,med,0,10,0.08333333333333333,0.0046521717321972985,0.2384041903808526,0.9456697906295988,0.9568425113668373,0.4001812924480699,1.678800491029802
cont,Interp_Sphere_Rastrigin_lam0.50,0,ES_1P1,500,hard,0,10,0.08333333333333333,0.0046521717321972985,0.2384041903808526,0.9456697906295988,0.9568425113668373,0.4001812924480699,1.678800491029802
cont,Interp_Sphere_Rastrigin_lam0.50,0,ES_1P1,800,easy,0,10,0.08333333333333333,0.0046521717321972985,0.2384041903808526,0.8233942670457111,0.8287385614234358,0.4815443152393556,1.069218791699933
cont,Interp_Sphere_Rastrigin_lam0.50,0,ES_1P1,800,med,0,10,0.08333333333333333,0.0046521717321972985,0.2384041903808526,0.8233942670457111,0.8287385614234358,0.4815443152393556,1.069218791699933
cont,Interp_Sphere_Rastrigin_lam0.50,0,ES_1P1,800,hard,0,10,0.08333333333333333,0.0046521717321972985,0.2384041903808526,0.8233942670457111,0.8287385614234358,0.4815443152393556,1.069218791699933
cont,Interp_Sphere_Rastrigin_lam0.50,0,ES_1P1,1000,easy,0,10,0.08333333333333333,0.0046521717321972985,0.2384041903808526,0.785851546814708,0.6949766511080351,0.3742280858738958,1.3899146186915041
cont,Interp_Sphere_Rastrigin_lam0.50,0,ES_1P1,1000,med,0,10,0.08333333333333333,0.0046521717321972985,0.2384041903808526,0.785851546814708,0.6949766511080351,0.3742280858738958,1.3899146186915041
cont,Interp_Sphere_Rastrigin_lam0.50,0,ES_1P1,1000,hard,0,10,0.08333333333333333,0.0046521717321972985,0.2384041903808526,0.785851546814708,0.6949766511080351,0.3742280858738958,1.3899146186915041
cont,Interp_Sphere_Rastrigin_lam0.50,0,ES_1P1,2000,easy,0,10,0.08333333333333333,0.0046521717321972985,0.2384041903808526,0.8446545866829211,0.8286111942614416,0.3742179721701198,1.6572149287743145
cont,Interp_Sphere_Rastrigin_lam0.50,0,ES_1P1,2000,med,0,10,0.08333333333333333,0.0046521717321972985,0.2384041903808526,0.8446545866829211,0.8286111942614416,0.3742179721701198,1.6572149287743145
cont,Interp_Sphere_Rastrigin_lam0.50,0,ES_1P1,2000,hard,0,10,0.08333333333333333,0.0046521717321972985,0.2384041903808526,0.8446545866829211,0.8286111942614416,0.3742179721701198,1.6572149287743145
cont,Interp_Sphere_Rastrigin_lam0.50,0,ES_1P1,5000,easy,0,10,0.08333333333333333,0.0046521717321972985,0.2384041903808526,0.930187991822209,0.9088035215751034,0.4811384584684975,1.4968493141292991
cont,Interp_Sphere_Rastrigin_lam0.50,0,ES_1P1,5000,med,0,10,0.08333333333333333,0.0046521717321972985,0.2384041903808526,0.930187991822209,0.9088035215751034,0.4811384584684975,1.4968493141292991
cont,Interp_Sphere_Rastrigin_lam0.50,0,ES_1P1,5000,hard,0,10,0.08333333333333333,0.0046521717321972985,0.2384041903808526,0.930187991822209,0.9088035215751034,0.4811384584684975,1.4968493141292991
cont,Interp_Sphere_Rastrigin_lam0.50,0,ES_1P1,10000,easy,0,10,0.08333333333333333,0.0046521717321972985,0.2384041903808526,0.7698128767165755,0.7216982653643222,0.5345987016176941,1.0691748286842686
cont,Interp_Sphere_Rastrigin_lam0.50,0,ES_1P1,10000,med,0,10,0.08333333333333333,0.0046521717321972985,0.2384041903808526,0.7698128767165755,0.7216982653643222,0.5345987016176941,1.0691748286842686
cont,Interp_Sphere_Rastrigin_lam0.50,0,ES_1P1,10000,hard,0,10,0.08333333333333333,0.0046521717321972985,0.2384041903808526,0.7698128767165755,0.7216982653643222,0.5345987016176941,1.0691748286842686
cont,Interp_Sphere_Rastrigin_lam0.50,0,PSO_GBEST,300,easy,0,10,0.08333333333333333,0.0046521717321972985,0.2384041903808526,2.1503501072855347,2.1430084988409326,1.6621056448871556,2.566822857547924
cont,Interp_Sphere_Rastrigin_lam0.50,0,PSO_GBEST,300,med,0,10,0.08333333333333333,0.0046521717321972985,0.2384041903808526,2.1503501072855347,2.1430084988409326,1.6621056448871556,2.566822857547924
cont,Interp_Sphere_Rastrigin_lam0.50,0,PSO_GBEST,300,hard,0,10,0.08333333333333333,0.0046521717321972985,0.2384041903808526,2.1503501072855347,2.1430084988409326,1.6621056448871556,2.566822857547924
cont,Interp_Sphere_Rastrigin_lam0.50,0,PSO_GBEST,500,easy,0,10,0.08333333333333333,0.0046521717321972985,0.2384041903808526,1.627799426576291,1.5326577298243893,1.3136413765486121,2.471180290543966
cont,Interp_Sphere_Rastrigin_lam0.50,0,PSO_GBEST,500,med,0,10,0.08333333333333333,0.0046521717321972985,0.2384041903808526,1.627799426576291,1.5326577298243893,1.3136413765486121,2.471180290543966
cont,Interp_Sphere_Rastrigin_lam0.50,0,PSO_GBEST,500,hard,0,10,0.08333333333333333,0.0046521717321972985,0.2384041903808526,1.627799426576291,1.5326577298243893,1.3136413765486121,2.471180290543966
cont,Interp_Sphere_Rastrigin_lam0.50,0,PSO_GBEST,800,easy,0,10,0.08333333333333333,0.0046521717321972985,0.2384041903808526,1.303686523849485,1.2919756186011728,0.8211210281786336,1.5992798245116424
cont,Interp_Sphere_Rastrigin_lam0.50,0,PSO_GBEST,800,med,0,10,0.08333333333333333,0.0046521717321972985,0.2384041903808526,1.303686523849485,1.2919756186011728,0.8211210281786336,1.5992798245116424
cont,Interp_Sphere_Rastrigin_lam0.50,0,PSO_GBEST,800,hard,0,10,0.08333333333333333,0.0046521717321972985,0.2384041903808526,1.303686523849485,1.2919756186011728,0.8211210281786336,1.5992798245116424
cont,Interp_Sphere_Rastrigin_lam0.50,0,PSO_GBEST,1000,easy,0,10,0.08333333333333333,0.0046521717321972985,0.2384041903808526,1.0643406118389653,1.0599378724883906,0.7646375169483217,1.468428290107755
cont,Interp_Sphere_Rastrigin_lam0.50,0,PSO_GBEST,1000,med,0,10,0.08333333333333333,0.0046521717321972985,0.2384041903808526,1.0643406118389653,1.0599378724883906,0.7646375169483217,1.468428290107755
cont,Interp_Sphere_Rastrigin_lam0.50,0,PSO_GBEST,1000,hard,0,10,0.08333333333333333,0.0046521717321972985,0.2384041903808526,1.0643406118389653,1.0599378724883906,0.7646375169483217,1.468428290107755
cont,Interp_Sphere_Rastrigin_lam0.50,0,PSO_GBEST,2000,easy,0,10,0.08333333333333333,0.0046521717321972985,0.2384041903808526,0.5616701275673969,0.5197667685153666,0.18883614716608293,1.0011460657531779
cont,Interp_Sphere_Rastrigin_lam0.50,0,PSO_GBEST,2000,med,0,10,0.08333333333333333,0.0046521717321972985,0.2384041903808526,0.5616701275673969,0.5197667685153666,0.18883614716608293,1.0011460657531779
cont,Interp_Sphere_Rastrigin_lam0.50,0,PSO_GBEST,2000,hard,0,10,0.08333333333333333,0.0046521717321972985,0.2384041903808526,0.5616701275673969,0.5197667685153666,0.18883614716608293,1.0011460657531779
cont,Interp_Sphere_Rastrigin_lam0.50,0,PSO_GBEST,5000,easy,1,10,0.16666666666666666,0.033319217684229845,0.3643594892472425,0.4089018462135162,0.27575742431715966,0.05346282199306575,0.9757604080982999
cont,Interp_Sphere_Rastrigin_lam0.50,0,PSO_GBEST,5000,med,0,10,0.08333333333333333,0.0046521717321972985,0.2384041903808526,0.4089018462135162,0.27575742431715966,0.05346282199306575,0.9757604080982999
cont,Interp_Sphere_Rastrigin_lam0.50,0,PSO_GBEST,5000,hard,0,10,0.08333333333333333,0.0046521717321972985,0.2384041903808526,0.4089018462135162,0.27575742431715966,0.05346282199306575,0.9757604080982999
cont,Interp_Sphere_Rastrigin_lam0.50,0,PSO_GBEST,10000,easy,0,10,0.08333333333333333,0.0046521717321972985,0.2384041903808526,0.37803937752206285,0.3742198371073888,0.10692048629854137,0.7064250890977288
cont,Interp_Sphere_Rastrigin_lam0.50,0,PSO_GBEST,10000,med,0,10,0.08333333333333333,0.0046521717321972985,0.2384041903808526,0.37803937752206285,0.3742198371073888,0.10692048629854137,0.7064250890977288
cont,Interp_Sphere_Rastrigin_lam0.50,0,PSO_GBEST,10000,hard,0,10,0.08333333333333333,0.0046521717321972985,0.2384041903808526,0.37803937752206285,0.3742198371073888,0.10692048629854137,0.7064250890977288
cont,Interp_Sphere_Rastrigin_lam0.50,1,ES_1P1,300,easy,0,10,0.08333333333333333,0.0046521717321972985,0.2384041903808526,1.6608333300476374,1.6669183573474875,1.1069197436580855,2.2240279187537064
cont,Interp_Sphere_Rastrigin_lam0.50,1,ES_1P1,300,med,0,10,0.08333333333333333,0.0046521717321972985,0.2384041903808526,1.6608333300476374,1.6669183573474875,1.1069197436580855,2.2240279187537064
cont,Interp_Sphere_Rastrigin_lam0.50,1,ES_1P1,300,hard,0,10,0.08333333333333333,0.0046521717321972985,0.2384041903808526,1.6608333300476374,1.6669183573474875,1.1069197436580855,2.2240279187537064
cont,Interp_Sphere_Rastrigin_lam0.50,1,ES_1P1,500,easy,0,10,0.08333333333333333,0.0046521717321972985,0.2384041903808526,1.149815702442232,1.1941191566800387,0.44537622446821035,1.735069976200283
cont,Interp_Sphere_Rastrigin_lam0.50,1,ES_1P1,500,med,0,10,0.08333333333333333,0.0046521717321972985,0.2384041903808526,1.149815702442232,1.1941191566800387,0.44537622446821035,1.735069976200283
cont,Interp_Sphere_Rastrigin_lam0.50,1,ES_1P1,500,hard,0,10,0.08333333333333333,0.0046521717321972985,0.2384041903808526,1.149815702442232,1.1941191566800387,0.44537622446821035,1.735069976200283
cont,Interp_Sphere_Rastrigin_lam0.50,1,ES_1P1,800,easy,0,10,0.08333333333333333,0.0046521717321972985,0.2384041903808526,1.0852911017282518,1.0425400223500532,0.5880761172512668,1.817681290760541
cont,Interp_Sphere_Rastrigin_lam0.50,1,ES_1P1,800,med,0,10,0.08333333333333333,0.0046521717321972985,0.2384041903808526,1.0852911017282518,1.0425400223500532,0.5880761172512668,1.817681290760541
cont,Interp_Sphere_Rastrigin_lam0.50,1,ES_1P1,800,hard,0,10,0.08333333333333333,0.0046521717321972985,0.2384041903808526,1.0852911017282518,1.0425400223500532,0.5880761172512668,1.817681290760541
cont,Interp_Sphere_Rastrigin_lam0.50,1,ES_1P1,1000,easy,0,10,0.08333333333333333,0.0046521717321972985,0.2384041903808526,0.9729533676704893,1.0157200439702025,0.21384224790128484,1.871050051970436
cont,Interp_Sphere_Rastrigin_lam0.50,1,ES_1P1,1000,med,0,10,0.08333333333333333,0.0046521717321972985,0.2384041903808526,0.9729533676704893,1.0157200439702025,0.21384224790128484,1.871050051970436
cont,Interp_Sphere_Rastrigin_lam0.50,1,ES_1P1,1000,hard,0,10,0.08333333333333333,0.0046521717321972985,0.2384041903808526,0.9729533676704893,1.0157200439702025,0.21384224790128484,1.871050051970436
cont,Interp_Sphere_Rastrigin_lam0.50,1,ES_1P1,2000,easy,0,10,0.08333333333333333,0.0046521717321972985,0.2384041903808526,0.9869854377145467,0.98898632889762,0.534598701617702,1.8175919283476807
cont,Interp_Sphere_Rastrigin_lam0.50,1,ES_1P1,2000,med,0,10,0.08333333333333333,0.0046521717321972985,0.2384041903808526,0.9869854377145467,0.98898632889762,0.534598701617702,1.8175919283476807
cont,Interp_Sphere_Rastrigin_lam0.50,1,ES_1P1,2000,hard,0,10,0.08333333333333333,0.0046521717321972985,0.2384041903808526,0.9869854377145467,0.98898632889762,0.534598701617702,1.8175919283476807
cont,Interp_Sphere_Rastrigin_lam0.50,1,ES_1P1,5000,easy,0,10,0.08333333333333333,0.0046521717321972985,0.2384041903808526,0.9174905790918115,0.8286187516627153,0.5345987016176943,1.3899174429025993
cont,Interp_Sphere_Rastrigin_lam0.50,1,ES_1P1,5000,med,0,10,0.08333333333333333,0.0046521717321972985,0.2384041903808526,0.9174905790918115,0.8286187516627153,0.5345987016176943,1.3899174429025993
cont,Interp_Sphere_Rastrigin_lam0.50,1,ES_1P1,5000,hard,0,10,0.08333333333333333,0.0046521717321972985,0.2384041903808526,0.9174905790918115,0.8286187516627153,0.5345987016176943,1.3899174429025993
cont,Interp_Sphere_Rastrigin_lam0.50,1,ES_1P1,10000,easy,0,10,0.08333333333333333,0.0046521717321972985,0.2384041903808526,0.9248365865072635,0.8553451433630423,0.48113845846849745,2.1917600156972403
cont,Interp_Sphere_Rastrigin_lam0.50,1,ES_1P1,10000,med,0,10,0.08333333333333333,0.0046521717321972985,0.2384041903808526,0.9248365865072635,0.8553451433630423,0.48113845846849745,2.1917600156972403
cont,Interp_Sphere_Rastrigin_lam0.50,1,ES_1P1,10000,hard,0,10,0.08333333333333333,0.0046521717321972985,0.2384041903808526,0.9248365865072635,0.8553451433630423,0.48113845846849745,2.1917600156972403
cont,Interp_Sphere_Rastrigin_lam0.50,1,PSO_GBEST,300,easy,0,10,0.08333333333333333,0.0046521717321972985,0.2384041903808526,2.1101565290444158,1.9984473313947293,1.7602651193318342,2.8134412353655227
cont,Interp_Sphere_Rastrigin_lam0.50,1,PSO_GBEST,300,med,0,10,0.08333333333333333,0.0046521717321972985,0.2384041903808526,2.1101565290444158,1.9984473313947293,1.7602651193318342,2.8134412353655227
cont,Interp_Sphere_Rastrigin_lam0.50,1,PSO_GBEST,300,hard,0,10,0.08333333333333333,0.0046521717321972985,0.2384041903808526,2.1101565290444158,1.9984473313947293,1.7602651193318342,2.8134412353655227
cont,Interp_Sphere_Rastrigin_lam0.50,1,PSO_GBEST,500,easy,0,10,0.08333333333333333,0.0046521717321972985,0.2384041903808526,1.7610709881005868,1.6798244074526052,1.4249035901755758,2.398146712671572
cont,Interp_Sphere_Rastrigin_lam0.50,1,PSO_GBEST,500,med,0,10,0.08333333333333333,0.0046521717321972985,0.2384041903808526,1.7610709881005868,1.6798244074526052,1.4249035901755758,2.398146712671572
cont,Interp_Sphere_Rastrigin_lam0.50,1,PSO_GBEST,500,hard,0,10,0.08333333333333333,0.0046521717321972985,0.2384041903808526,1.7610709881005868,1.6798244074526052,1.4249035901755758,2.398146712671572
cont,Interp_Sphere_Rastrigin_lam0.50,1,PSO_GBEST,800,easy,0,10,0.08333333333333333,0.0046521717321972985,0.2384041903808526,1.3757694472076243,1.4471098682452253,0.8741118634925684,1.971007399850484
cont,Interp_Sphere_Rastrigin_lam0.50,1,PSO_GBEST,800,med,0,10,0.08333333333333333,0.0046521717321972985,0.2384041903808526,1.3757694472076243,1.4471098682452253,0.8741118634925684,1.971007399850484
cont,Interp_Sphere_Rastrigin_lam0.50,1,PSO_GBEST,800,hard,0,10,0.08333333333333333,0.0046521717321972985,0.2384041903808526,1.3757694472076243,1.4471098682452253,0.8741118634925684,1.971007399850484
cont,Interp_Sphere_Rastrigin_lam0.50,1,PSO_GBEST,1000,easy,0,10,0.08333333333333333,0.0046521717321972985,0.2384041903808526,1.29332119054226,1.2455133663612572,0.7251809859377961,2.1297183428833915
cont,Interp_Sphere_Rastrigin_lam0.50,1,PSO_GBEST,1000,med,0,10,0.08333333333333333,0.0046521717321972985,0.2384041903808526,1.29332119054226,1.2455133663612572,0.7251809859377961,2.1297183428833915
cont,Interp_Sphere_Rastrigin_lam0.50,1,PSO_GBEST,1000,hard,0,10,0.08333333333333333,0.0046521717321972985,0.2384041903808526,1.29332119054226,1.2455133663612572,0.7251809859377961,2.1297183428833915
cont,Interp_Sphere_Rastrigin_lam0.50,1,PSO_GBEST,2000,easy,0,10,0.08333333333333333,0.0046521717321972985,0.2384041903808526,0.6656769607859084,0.6773082492540732,0.3263089511198314,1.0204395614604316
cont,Interp_Sphere_Rastrigin_lam0.50,1,PSO_GBEST,2000,med,0,10,0.08333333333333333,0.0046521717321972985,0.2384041903808526,0.6656769607859084,0.6773082492540732,0.3263089511198314,1.0204395614604316
cont,Interp_Sphere_Rastrigin_lam0.50,1,PSO_GBEST,2000,hard,0,10,0.08333333333333333,0.0046521717321972985,0.2384041903808526,0.6656769607859084,0.6773082492540732,0.3263089511198314,1.0204395614604316
cont,Interp_Sphere_Rastrigin_lam0.50,1,PSO_GBEST,5000,easy,1,10,0.16666666666666666,0.033319217684229845,0.3643594892472425,0.2971481233258881,0.16098011604630358,0.05766157216166572,0.8105026710490303
cont,Interp_Sphere_Rastrigin_lam0.50,1,PSO_GBEST,5000,med,0,10,0.08333333333333333,0.0046521717321972985,0.2384041903808526,0.2971481233258881,0.16098011604630358,0.05766157216166572,0.8105026710490303
cont,Interp_Sphere_Rastrigin_lam0.50,1,PSO_GBEST,5000,hard,0,10,0.08333333333333333,0.0046521717321972985,0.2384041903808526,0.2971481233258881,0.16098011604630358,0.05766157216166572,0.8105026710490303
cont,Interp_Sphere_Rastrigin_lam0.50,1,PSO_GBEST,10000,easy,1,10,0.16666666666666666,0.033319217684229845,0.3643594892472425,0.3338614669023695,0.2940294723857105,0.05346024315061286,0.6656362755490395
cont,Interp_Sphere_Rastrigin_lam0.50,1,PSO_GBEST,10000,med,0,10,0.08333333333333333,0.0046521717321972985,0.2384041903808526,0.3338614669023695,0.2940294723857105,0.05346024315061286,0.6656362755490395
cont,Interp_Sphere_Rastrigin_lam0.50,1,PSO_GBEST,10000,hard,0,10,0.08333333333333333,0.0046521717321972985,0.2384041903808526,0.3338614669023695,0.2940294723857105,0.05346024315061286,0.6656362755490395
cont,Interp_Sphere_Rastrigin_lam0.50,2,ES_1P1,300,easy,0,10,0.08333333333333333,0.0046521717321972985,0.2384041903808526,1.7347155817654838,1.5115417848094537,1.230685220089283,3.4327575937868815
cont,Interp_Sphere_Rastrigin_lam0.50,2,ES_1P1,300,med,0,10,0.08333333333333333,0.0046521717321972985,0.2384041903808526,1.7347155817654838,1.5115417848094537,1.230685220089283,3.4327575937868815
cont,Interp_Sphere_Rastrigin_lam0.50,2,ES_1P1,300,hard,0,10,0.08333333333333333,0.0046521717321972985,0.2384041903808526,1.7347155817654838,1.5115417848094537,1.230685220089283,3.4327575937868815
cont,Interp_Sphere_Rastrigin_lam0.50,2,ES_1P1,500,easy,0,10,0.08333333333333333,0.0046521717321972985,0.2384041903808526,0.7489616792868763,0.6662327766476188,0.39955786372677027,1.410393890678463
cont,Interp_Sphere_Rastrigin_lam0.50,2,ES_1P1,500,med,0,10,0.08333333333333333,0.0046521717321972985,0.2384041903808526,0.7489616792868763,0.6662327766476188,0.39955786372677027,1.410393890678463
cont,Interp_Sphere_Rastrigin_lam0.50,2,ES_1P1,500,hard,0,10,0.08333333333333333,0.0046521717321972985,0.2384041903808526,0.7489616792868763,0.6662327766476188,0.39955786372677027,1.410393890678463
cont,Interp_Sphere_Rastrigin_lam0.50,2,ES_1P1,800,easy,0,10,0.08333333333333333,0.0046521717321972985,0.2384041903808526,1.0425289685321197,0.8554040653188397,0.3742524257540942,1.9779253798001837
cont,Interp_Sphere_Rastrigin_lam0.50,2,ES_1P1,800,med,0,10,0.08333333333333333,0.0046521717321972985,0.2384041903808526,1.0425289685321197,0.8554040653188397,0.3742524257540942,1.9779253798001837
cont,Interp_Sphere_Rastrigin_lam0.50,2,ES_1P1,800,hard,0,10,0.08333333333333333,0.0046521717321972985,0.2384041903808526,1.0425289685321197,0.8554040653188397,0.3742524257540942,1.9779253798001837
cont,Interp_Sphere_Rastrigin_lam0.50,2,ES_1P1,1000,easy,0,10,0.08333333333333333,0.0046521717321972985,0.2384041903808526,1.1707407385333612,1.1760949875247158,0.5346027348244001,2.0847495832609457
cont,Interp_Sphere_Rastrigin_lam0.50,2,ES_1P1,1000,med,0,10,0.08333333333333333,0.0046521717321972985,0.2384041903808526,1.1707407385333612,1.1760949875247158,0.5346027348244001,2.0847495832609457
cont,Interp_Sphere_Rastrigin_lam0.50,2,ES_1P1,1000,hard,0,10,0.08333333333333333,0.0046521717321972985,0.2384041903808526,1.1707407385333612,1.1760949875247158,0.5346027348244001,2.0847495832609457
cont,Interp_Sphere_Rastrigin_lam0.50,2,ES_1P1,2000,easy,0,10,0.08333333333333333,0.0046521717321972985,0.2384041903808526,0.8339605725315478,0.7751566435763946,0.5345987016176987,1.2295669430601661
cont,Interp_Sphere_Rastrigin_lam0.50,2,ES_1P1,2000,med,0,10,0.08333333333333333,0.0046521717321972985,0.2384041903808526,0.8339605725315478,0.7751566435763946,0.5345987016176987,1.2295669430601661
cont,Interp_Sphere_Rastrigin_lam0.50,2,ES_1P1,2000,hard,0,10,0.08333333333333333,0.0046521717321972985,0.2384041903808526,0.8339605725315478,0.7751566435763946,0.5345987016176987,1.2295669430601661
cont,Interp_Sphere_Rastrigin_lam0.50,2,ES_1P1,5000,easy,0,10,0.08333333333333333,0.0046521717321972985,0.2384041903808526,1.0317524768415836,0.9088072514493744,0.5345949717434226,2.1382997725480437
cont,Interp_Sphere_Rastrigin_lam0.50,2,ES_1P1,5000,med,0,10,0.08333333333333333,0.0046521717321972985,0.2384041903808526,1.0317524768415836,0.9088072514493744,0.5345949717434226,2.1382997725480437
cont,Interp_Sphere_Rastrigin_lam0.50,2,ES_1P1,5000,hard,0,10,0.08333333333333333,0.0046521717321972985,0.2384041903808526,1.0317524768415836,0.9088072514493744,0.5345949717434226,2.1382997725480437
cont,Interp_Sphere_Rastrigin_lam0.50,2,ES_1P1,10000,easy,0,10,0.08333333333333333,0.0046521717321972985,0.2384041903808526,0.8500002380104039,0.8018867651509815,0.48113845846849723,1.2295555581318582
cont,Interp_Sphere_Rastrigin_lam0.50,2,ES_1P1,10000,med,0,10,0.08333333333333333,0.0046521717321972985,0.2384041903808526,0.8500002380104039,0.8018867651509815,0.48113845846849723,1.2295555581318582
cont,Interp_Sphere_Rastrigin_lam0.50,2,ES_1P1,10000,hard,0,10,0.08333333333333333,0.0046521717321972985,0.2384041903808526,0.8500002380104039,0.8018867651509815,0.48113845846849723,1.2295555581318582
cont,Interp_Sphere_Rastrigin_lam0.50,2,PSO_GBEST,300,easy,0,10,0.08333333333333333,0.0046521717321972985,0.2384041903808526,2.1631703477695057,2.2400796365481632,1.1575427431841423,2.7376082354791733
cont,Interp_Sphere_Rastrigin_lam0.50,2,PSO_GBEST,300,med,0,10,0.08333333333333333,0.0046521717321972985,0.2384041903808526,2.1631703477695057,2.2400796365481632,1.1575427431841423,2.7376082354791733
cont,Interp_Sphere_Rastrigin_lam0.50,2,PSO_GBEST,300,hard,0,10,0.08333333333333333,0.0046521717321972985,0.2384041903808526,2.1631703477695057,2.2400796365481632,1.1575427431841423,2.7376082354791733
cont,Interp_Sphere_Rastrigin_lam0.50,2,PSO_GBEST,500,easy,0,10,0.08333333333333333,0.0046521717321972985,0.2384041903808526,1.628330601366565,1.6138135309677955,1.1895961514986466,2.2289945130139204
cont,Interp_Sphere_Rastrigin_lam0.50,2,PSO_GBEST,500,med,0,10,0.08333333333333333,0.0046521717321972985,0.2384041903808526,1.628330601366565,1.6138135309677955,1.1895961514986466,2.2289945130139204
cont,Interp_Sphere_Rastrigin_lam0.50,2,PSO_GBEST,500,hard,0,10,0.08333333333333333,0.0046521717321972985,0.2384041903808526,1.628330601366565,1.6138135309677955,1.1895961514986466,2.2289945130139204
cont,Interp_Sphere_Rastrigin_lam0.50,2,PSO_GBEST,800,easy,0,10,0.08333333333333333,0.0046521717321972985,0.2384041903808526,1.383885887687446,1.3191110987872168,0.9154837748272295,1.9204367270925515
cont,Interp_Sphere_Rastrigin_lam0.50,2,PSO_GBEST,800,med,0,10,0.08333333333333333,0.0046521717321972985,0.2384041903808526,1.383885887687446,1.3191110987872168,0.9154837748272295,1.9204367270925515
cont,Interp_Sphere_Rastrigin_lam0.50,2,PSO_GBEST,800,hard,0,10,0.08333333333333333,0.0046521717321972985,0.2384041903808526,1.383885887687446,1.3191110987872168,0.9154837748272295,1.9204367270925515
cont,Interp_Sphere_Rastrigin_lam0.50,2,PSO_GBEST,1000,easy,0,10,0.08333333333333333,0.0046521717321972985,0.2384041903808526,1.0902435279667475,1.0888019348153708,0.6191157901946808,1.6079416805321152
cont,Interp_Sphere_Rastrigin_lam0.50,2,PSO_GBEST,1000,med,0,10,0.08333333333333333,0.0046521717321972985,0.2384041903808526,1.0902435279667475,1.0888019348153708,0.6191157901946808,1.6079416805321152
cont,Interp_Sphere_Rastrigin_lam0.50,2,PSO_GBEST,1000,hard,0,10,0.08333333333333333,0.0046521717321972985,0.2384041903808526,1.0902435279667475,1.0888019348153708,0.6191157901946808,1.6079416805321152
cont,Interp_Sphere_Rastrigin_lam0.50,2,PSO_GBEST,2000,easy,0,10,0.08333333333333333,0.0046521717321972985,0.2384041903808526,0.4688109615896042,0.44704557099511144,0.21968251417902218,0.7531428144644874
cont,Interp_Sphere_Rastrigin_lam0.50,2,PSO_GBEST,2000,med,0,10,0.08333333333333333,0.0046521717321972985,0.2384041903808526,0.4688109615896042,0.44704557099511144,0.21968251417902218,0.7531428144644874
cont,Interp_Sphere_Rastrigin_lam0.50,2,PSO_GBEST,2000,hard,0,10,0.08333333333333333,0.0046521717321972985,0.2384041903808526,0.4688109615896042,0.44704557099511144,0.21968251417902218,0.7531428144644874
cont,Interp_Sphere_Rastrigin_lam0.50,2,PSO_GBEST,5000,easy,0,10,0.08333333333333333,0.0046521717321972985,0.2384041903808526,0.2944371837415645,0.24088193091332855,0.10834105934337208,0.5880590161633984
cont,Interp_Sphere_Rastrigin_lam0.50,2,PSO_GBEST,5000,med,0,10,0.08333333333333333,0.0046521717321972985,0.2384041903808526,0.2944371837415645,0.24088193091332855,0.10834105934337208,0.5880590161633984
cont,Interp_Sphere_Rastrigin_lam0.50,2,PSO_GBEST,5000,hard,0,10,0.08333333333333333,0.0046521717321972985,0.2384041903808526,0.2944371837415645,0.24088193091332855,0.10834105934337208,0.5880590161633984
cont,Interp_Sphere_Rastrigin_lam0.50,2,PSO_GBEST,10000,easy,0,10,0.08333333333333333,0.0046521717321972985,0.2384041903808526,0.22987963068981468,0.2138439290194539,0.10692364548022781,0.4276782153193372
cont,Interp_Sphere_Rastrigin_lam0.50,2,PSO_GBEST,10000,med,0,10,0.08333333333333333,0.0046521717321972985,0.2384041903808526,0.22987963068981468,0.2138439290194539,0.10692364548022781,0.4276782153193372
cont,Interp_Sphere_Rastrigin_lam0.50,2,PSO_GBEST,10000,hard,0,10,0.08333333333333333,0.0046521717321972985,0.2384041903808526,0.22987963068981468,0.2138439290194539,0.10692364548022781,0.4276782153193372
cont,Interp_Sphere_Rastrigin_lam0.50,3,ES_1P1,300,easy,0,10,0.08333333333333333,0.0046521717321972985,0.2384041903808526,1.826555962254639,1.8949571355236134,1.0842818846619164,2.549853848519838
cont,Interp_Sphere_Rastrigin_lam0.50,3,ES_1P1,300,med,0,10,0.08333333333333333,0.0046521717321972985,0.2384041903808526,1.826555962254639,1.8949571355236134,1.0842818846619164,2.549853848519838
cont,Interp_Sphere_Rastrigin_lam0.50,3,ES_1P1,300,hard,0,10,0.08333333333333333,0.0046521717321972985,0.2384041903808526,1.826555962254639,1.8949571355236134,1.0842818846619164,2.549853848519838
cont,Interp_Sphere_Rastrigin_lam0.50,3,ES_1P1,500,easy,0,10,0.08333333333333333,0.0046521717321972985,0.2384041903808526,1.295566078582922,1.342657972481339,0.6164432668256983,2.0893861725953515
cont,Interp_Sphere_Rastrigin_lam0.50,3,ES_1P1,500,med,0,10,0.08333333333333333,0.0046521717321972985,0.2384041903808526,1.295566078582922,1.342657972481339,0.6164432668256983,2.0893861725953515
cont,Interp_Sphere_Rastrigin_lam0.50,3,ES_1P1,500,hard,0,10,0.08333333333333333,0.0046521717321972985,0.2384041903808526,1.295566078582922,1.342657972481339,0.6164432668256983,2.0893861725953515
cont,Interp_Sphere_Rastrigin_lam0.50,3,ES_1P1,800,easy,0,10,0.08333333333333333,0.0046521717321972985,0.2384041903808526,1.0211224233719842,0.9623243158960555,0.5346298349903084,1.6572642351459597
cont,Interp_Sphere_Rastrigin_lam0.50,3,ES_1P1,800,med,0,10,0.08333333333333333,0.0046521717321972985,0.2384041903808526,1.0211224233719842,0.9623243158960555,0.5346298349903084,1.6572642351459597
cont,Interp_Sphere_Rastrigin_lam0.50,3,ES_1P1,800,hard,0,10,0.08333333333333333,0.0046521717321972985,0.2384041903808526,1.0211224233719842,0.9623243158960555,0.5346298349903084,1.6572642351459597
cont,Interp_Sphere_Rastrigin_lam0.50,3,ES_1P1,1000,easy,0,10,0.08333333333333333,0.0046521717321972985,0.2384041903808526,0.9248478290635338,0.9622723426894608,0.4811392454435854,1.2295532232344537
cont,Interp_Sphere_Rastrigin_lam0.50,3,ES_1P1,1000,med,0,10,0.08333333333333333,0.0046521717321972985,0.2384041903808526,0.9248478290635338,0.9622723426894608,0.4811392454435854,1.2295532232344537
cont,Interp_Sphere_Rastrigin_lam0.50,3,ES_1P1,1000,hard,0,10,0.08333333333333333,0.0046521717321972985,0.2384041903808526,0.9248478290635338,0.9622723426894608,0.4811392454435854,1.2295532232344537
cont,Interp_Sphere_Rastrigin_lam0.50,3,ES_1P1,2000,easy,0,10,0.08333333333333333,0.0046521717321972985,0.2384041903808526,0.8820775223927619,0.7217058227656186,0.21384097259678997,2.031429171070155
cont,Interp_Sphere_Rastrigin_lam0.50,3,ES_1P1,2000,med,0,10,0.08333333333333333,0.0046521717321972985,0.2384041903808526,0.8820775223927619,0.7217058227656186,0.21384097259678997,2.031429171070155
cont,Interp_Sphere_Rastrigin_lam0.50,3,ES_1P1,2000,hard,0,10,0.08333333333333333,0.0046521717321972985,0.2384041903808526,0.8820775223927619,0.7217058227656186,0.21384097259678997,2.031429171070155
cont,Interp_Sphere_Rastrigin_lam0.50,3,ES_1P1,5000,easy,0,10,0.08333333333333333,0.0046521717321972985,0.2384041903808526,0.8713762427736688,0.7751585085135186,0.5345987016176941,1.3898864027589546
cont,Interp_Sphere_Rastrigin_lam0.50,3,ES_1P1,5000,med,0,10,0.08333333333333333,0.0046521717321972985,0.2384041903808526,0.8713762427736688,0.7751585085135186,0.5345987016176941,1.3898864027589546
cont,Interp_Sphere_Rastrigin_lam0.50,3,ES_1P1,5000,hard,0,10,0.08333333333333333,0.0046521717321972985,0.2384041903808526,0.8713762427736688,0.7751585085135186,0.5345987016176941,1.3898864027589546
cont,Interp_Sphere_Rastrigin_lam0.50,3,ES_1P1,10000,easy,0,10,0.08333333333333333,0.0046521717321972985,0.2384041903808526,0.9141452838522787,0.9088053865122389,0.37421797217010433,1.8175457734014073
cont,Interp_Sphere_Rastrigin_lam0.50,3,ES_1P1,10000,med,0,10,0.08333333333333333,0.0046521717321972985,0.2384041903808526,0.9141452838522787,0.9088053865122389,0.37421797217010433,1.8175457734014073
cont,Interp_Sphere_Rastrigin_lam0.50,3,ES_1P1,10000,hard,0,10,0.08333333333333333,0.0046521717321972985,0.2384041903808526,0.9141452838522787,0.9088053865122389,0.37421797217010433,1.8175457734014073
cont,Interp_Sphere_Rastrigin_lam0.50,3,PSO_GBEST,300,easy,0,10,0.08333333333333333,0.0046521717321972985,0.2384041903808526,2.132097382516598,2.2244057767067273,1.4063533041588787,2.611755686889981
cont,Interp_Sphere_Rastrigin_lam0.50,3,PSO_GBEST,300,med,0,10,0.08333333333333333,0.0046521717321972985,0.2384041903808526,2.132097382516598,2.2244057767067273,1.4063533041588787,2.611755686889981
cont,Interp_Sphere_Rastrigin_lam0.50,3,PSO_GBEST,300,hard,0,10,0.08333333333333333,0.0046521717321972985,0.2384041903808526,2.132097382516598,2.2244057767067273,1.4063533041588787,2.611755686889981
cont,Interp_Sphere_Rastrigin_lam0.50,3,PSO_GBEST,500,easy,0,10,0.08333333333333333,0.0046521717321972985,0.2384041903808526,1.71261070067682,1.6729417040851833,1.353589126657554,2.2431819964237354
cont,Interp_Sphere_Rastrigin_lam0.50,3,PSO_GBEST,500,med,0,10,0.08333333333333333,0.0046521717321972985,0.2384041903808526,1.71261070067682,1.6729417040851833,1.353589126657554,2.2431819964237354
cont,Interp_Sphere_Rastrigin_lam0.50,3,PSO_GBEST,500,hard,0,10,0.08333333333333333,0.0046521717321972985,0.2384041903808526,1.71261070067682,1.6729417040851833,1.353589126657554,2.2431819964237354
cont,Interp_Sphere_Rastrigin_lam0.50,3,PSO_GBEST,800,easy,0,10,0.08333333333333333,0.0046521717321972985,0.2384041903808526,1.3124863706912961,1.307319022467303,0.6718713485769767,2.012572104509349
cont,Interp_Sphere_Rastrigin_lam0.50,3,PSO_GBEST,800,med,0,10,0.08333333333333333,0.0046521717321972985,0.2384041903808526,1.3124863706912961,1.307319022467303,0.6718713485769767,2.012572104509349
cont,Interp_Sphere_Rastrigin_lam0.50,3,PSO_GBEST,800,hard,0,10,0.08333333333333333,0.0046521717321972985,0.2384041903808526,1.3124863706912961,1.307319022467303,0.6718713485769767,2.012572104509349
cont,Interp_Sphere_Rastrigin_lam0.50,3,PSO_GBEST,1000,easy,0,10,0.08333333333333333,0.0046521717321972985,0.2384041903808526,0.9633414920715383,0.9644202924656622,0.7226176703327052,1.2814359691072783
cont,Interp_Sphere_Rastrigin_lam0.50,3,PSO_GBEST,1000,med,0,10,0.08333333333333333,0.0046521717321972985,0.2384041903808526,0.9633414920715383,0.9644202924656622,0.7226176703327052,1.2814359691072783
cont,Interp_Sphere_Rastrigin_lam0.50,3,PSO_GBEST,1000,hard,0,10,0.08333333333333333,0.0046521717321972985,0.2384041903808526,0.9633414920715383,0.9644202924656622,0.7226176703327052,1.2814359691072783
cont,Interp_Sphere_Rastrigin_lam0.50,3,PSO_GBEST,2000,easy,0,10,0.08333333333333333,0.0046521717321972985,0.2384041903808526,0.4554210299613997,0.38188416259774394,0.185398527020523,0.8423364460570701
cont,Interp_Sphere_Rastrigin_lam0.50,3,PSO_GBEST,2000,med,0,10,0.08333333333333333,0.0046521717321972985,0.2384041903808526,0.4554210299613997,0.38188416259774394,0.185398527020523,0.8423364460570701
cont,Interp_Sphere_Rastrigin_lam0.50,3,PSO_GBEST,2000,hard,0,10,0.08333333333333333,0.0046521717321972985,0.2384041903808526,0.4554210299613997,0.38188416259774394,0.185398527020523,0.8423364460570701
cont,Interp_Sphere_Rastrigin_lam0.50,3,PSO_GBEST,5000,easy,0,10,0.08333333333333333,0.0046521717321972985,0.2384041903808526,0.27753823908022296,0.2564976898108387,0.16050629490391374,0.4873561653830777
cont,Interp_Sphere_Rastrigin_lam0.50,3,PSO_GBEST,5000,med,0,10,0.08333333333333333,0.0046521717321972985,0.2384041903808526,0.27753823908022296,0.2564976898108387,0.16050629490391374,0.4873561653830777
cont,Interp_Sphere_Rastrigin_lam0.50,3,PSO_GBEST,5000,hard,0,10,0.08333333333333333,0.0046521717321972985,0.2384041903808526,0.27753823908022296,0.2564976898108387,0.16050629490391374,0.4873561653830777
cont,Interp_Sphere_Rastrigin_lam0.50,3,PSO_GBEST,10000,easy,0,10,0.08333333333333333,0.0046521717321972985,0.2384041903808526,0.26195814528964423,0.26730121574821064,0.10692048631015946,0.37421859990645545
cont,Interp_Sphere_Rastrigin_lam0.50,3,PSO_GBEST,10000,med,0,10,0.08333333333333333,0.0046521717321972985,0.2384041903808526,0.26195814528964423,0.26730121574821064,0.10692048631015946,0.37421859990645545
cont,Interp_Sphere_Rastrigin_lam0.50,3,PSO_GBEST,10000,hard,0,10,0.08333333333333333,0.0046521717321972985,0.2384041903808526,0.26195814528964423,0.26730121574821064,0.10692048631015946,0.37421859990645545
cont,Interp_Sphere_Rastrigin_lam0.50,4,ES_1P1,300,easy,0,10,0.08333333333333333,0.0046521717321972985,0.2384041903808526,1.5722202562338814,1.6304796651739926,1.0385665001828548,1.962499937247309
cont,Interp_Sphere_Rastrigin_lam0.50,4,ES_1P1,300,med,0,10,0.08333333333333333,0.0046521717321972985,0.2384041903808526,1.5722202562338814,1.6304796651739926,1.0385665001828548,1.962499937247309
cont,Interp_Sphere_Rastrigin_lam0.50,4,ES_1P1,300,hard,0,10,0.08333333333333333,0.0046521717321972985,0.2384041903808526,1.5722202562338814,1.6304796651739926,1.0385665001828548,1.962499937247309
cont,Interp_Sphere_Rastrigin_lam0.50,4,ES_1P1,500,easy,0,10,0.08333333333333333,0.0046521717321972985,0.2384041903808526,0.6906173932342579,0.6889179453045169,0.2842258198159914,1.148861914205419
cont,Interp_Sphere_Rastrigin_lam0.50,4,ES_1P1,500,med,0,10,0.08333333333333333,0.0046521717321972985,0.2384041903808526,0.6906173932342579,0.6889179453045169,0.2842258198159914,1.148861914205419
cont,Interp_Sphere_Rastrigin_lam0.50,4,ES_1P1,500,hard,0,10,0.08333333333333333,0.0046521717321972985,0.2384041903808526,0.6906173932342579,0.6889179453045169,0.2842258198159914,1.148861914205419
cont,Interp_Sphere_Rastrigin_lam0.50,4,ES_1P1,800,easy,0,10,0.08333333333333333,0.0046521717321972985,0.2384041903808526,0.9730257643947194,0.8821360854123103,0.3208295059498923,2.29875649327078
cont,Interp_Sphere_Rastrigin_lam0.50,4,ES_1P1,800,med,0,10,0.08333333333333333,0.0046521717321972985,0.2384041903808526,0.9730257643947194,0.8821360854123103,0.3208295059498923,2.29875649327078
cont,Interp_Sphere_Rastrigin_lam0.50,4,ES_1P1,800,hard,0,10,0.08333333333333333,0.0046521717321972985,0.2384041903808526,0.9730257643947194,0.8821360854123103,0.3208295059498923,2.29875649327078
cont,Interp_Sphere_Rastrigin_lam0.50,4,ES_1P1,1000,easy,0,10,0.08333333333333333,0.0046521717321972985,0.2384041903808526,1.0210717839038659,0.9889959164091285,0.4811418962476326,1.6037822014625593
cont,Interp_Sphere_Rastrigin_lam0.50,4,ES_1P1,1000,med,0,10,0.08333333333333333,0.0046521717321972985,0.2384041903808526,1.0210717839038659,0.9889959164091285,0.4811418962476326,1.6037822014625593
cont,Interp_Sphere_Rastrigin_lam0.50,4,ES_1P1,1000,hard,0,10,0.08333333333333333,0.0046521717321972985,0.2384041903808526,1.0210717839038659,0.9889959164091285,0.4811418962476326,1.6037822014625593
cont,Interp_Sphere_Rastrigin_lam0.50,4,ES_1P1,2000,easy,0,10,0.08333333333333333,0.0046521717321972985,0.2384041903808526,0.9943399106138285,0.9622713221255955,0.32076145889518176,1.9245086847717596
cont,Interp_Sphere_Rastrigin_lam0.50,4,ES_1P1,2000,med,0,10,0.08333333333333333,0.0046521717321972985,0.2384041903808526,0.9943399106138285,0.9622713221255955,0.32076145889518176,1.9245086847717596
cont,Interp_Sphere_Rastrigin_lam0.50,4,ES_1P1,2000,hard,0,10,0.08333333333333333,0.0046521717321972985,0.2384041903808526,0.9943399106138285,0.9622713221255955,0.32076145889518176,1.9245086847717596
cont,Interp_Sphere_Rastrigin_lam0.50,4,ES_1P1,5000,easy,0,10,0.08333333333333333,0.0046521717321972985,0.2384041903808526,0.967609023533816,0.9622637647242998,0.5880552148926194,1.6572111989000395
cont,Interp_Sphere_Rastrigin_lam0.50,4,ES_1P1,5000,med,0,10,0.08333333333333333,0.0046521717321972985,0.2384041903808526,0.967609023533816,0.9622637647242998,0.5880552148926194,1.6572111989000395
cont,Interp_Sphere_Rastrigin_lam0.50,4,ES_1P1,5000,hard,0,10,0.08333333333333333,0.0046521717321972985,0.2384041903808526,0.967609023533816,0.9622637647242998,0.5880552148926194,1.6572111989000395
cont,Interp_Sphere_Rastrigin_lam0.50,4,ES_1P1,10000,easy,0,10,0.08333333333333333,0.0046521717321972985,0.2384041903808526,1.026414172035651,0.935535508086837,0.5880589447668908,1.4968493141292987
cont,Interp_Sphere_Rastrigin_lam0.50,4,ES_1P1,10000,med,0,10,0.08333333333333333,0.0046521717321972985,0.2384041903808526,1.026414172035651,0.935535508086837,0.5880589447668908,1.4968493141292987
cont,Interp_Sphere_Rastrigin_lam0.50,4,ES_1P1,10000,hard,0,10,0.08333333333333333,0.0046521717321972985,0.2384041903808526,1.026414172035651,0.935535508086837,0.5880589447668908,1.4968493141292987
cont,Interp_Sphere_Rastrigin_lam0.50,4,PSO_GBEST,300,easy,0,10,0.08333333333333333,0.0046521717321972985,0.2384041903808526,1.9380518345186846,2.019064322815118,1.381742945724964,2.393256977477873
cont,Interp_Sphere_Rastrigin_lam0.50,4,PSO_GBEST,300,med,0,10,0.08333333333333333,0.0046521717321972985,0.2384041903808526,1.9380518345186846,2.019064322815118,1.381742945724964,2.393256977477873
cont,Interp_Sphere_Rastrigin_lam0.50,4,PSO_GBEST,300,hard,0,10,0.08333333333333333,0.0046521717321972985,0.2384041903808526,1.9380518345186846,2.019064322815118,1.381742945724964,2.393256977477873
cont,Interp_Sphere_Rastrigin_lam0.50,4,PSO_GBEST,500,easy,0,10,0.08333333333333333,0.0046521717321972985,0.2384041903808526,1.8196140166076802,1.863670004283468,1.5123409003017416,2.060772852920431
cont,Interp_Sphere_Rastrigin_lam0.50,4,PSO_GBEST,500,med,0,10,0.08333333333333333,0.0046521717321972985,0.2384041903808526,1.8196140166076802,1.863670004283468,1.5123409003017416,2.060772852920431
cont,Interp_Sphere_Rastrigin_lam0.50,4,PSO_GBEST,500,hard,0,10,0.08333333333333333,0.0046521717321972985,0.2384041903808526,1.8196140166076802,1.863670004283468,1.5123409003017416,2.060772852920431
cont,Interp_Sphere_Rastrigin_lam0.50,4,PSO_GBEST,800,easy,0,10,0.08333333333333333,0.0046521717321972985,0.2384041903808526,1.2652964177404777,1.1723954813564075,0.9467231435916366,1.7720047582448104
cont,Interp_Sphere_Rastrigin_lam0.50,4,PSO_GBEST,800,med,0,10,0.08333333333333333,0.0046521717321972985,0.2384041903808526,1.2652964177404777,1.1723954813564075,0.9467231435916366,1.7720047582448104
cont,Interp_Sphere_Rastrigin_lam0.50,4,PSO_GBEST,800,hard,0,10,0.08333333333333333,0.0046521717321972985,0.2384041903808526,1.2652964177404777,1.1723954813564075,0.9467231435916366,1.7720047582448104
cont,Interp_Sphere_Rastrigin_lam0.50,4,PSO_GBEST,1000,easy,0,10,0.08333333333333333,0.0046521717321972985,0.2384041903808526,1.0666079050330661,1.0933086532020444,0.8018869731059862,1.2244678024835336
cont,Interp_Sphere_Rastrigin_lam0.50,4,PSO_GBEST,1000,med,0,10,0.08333333333333333,0.0046521717321972985,0.2384041903808526,1.0666079050330661,1.0933086532020444,0.8018869731059862,1.2244678024835336
cont,Interp_Sphere_Rastrigin_lam0.50,4,PSO_GBEST,1000,hard,0,10,0.08333333333333333,0.0046521717321972985,0.2384041903808526,1.0666079050330661,1.0933086532020444,0.8018869731059862,1.2244678024835336
cont,Interp_Sphere_Rastrigin_lam0.50,4,PSO_GBEST,2000,easy,0,10,0.08333333333333333,0.0046521717321972985,0.2384041903808526,0.48386233475453855,0.4288638807869135,0.19947663261633042,1.0834471843048292
cont,Interp_Sphere_Rastrigin_lam0.50,4,PSO_GBEST,2000,med,0,10,0.08333333333333333,0.0046521717321972985,0.2384041903808526,0.48386233475453855,0.4288638807869135,0.19947663261633042,1.0834471843048292
cont,Interp_Sphere_Rastrigin_lam0.50,4,PSO_GBEST,2000,hard,0,10,0.08333333333333333,0.0046521717321972985,0.2384041903808526,0.48386233475453855,0.4288638807869135,0.19947663261633042,1.0834471843048292
cont,Interp_Sphere_Rastrigin_lam0.50,4,PSO_GBEST,5000,easy,1,10,0.16666666666666666,0.033319217684229845,0.3643594892472425,0.38628746159875793,0.373665693133031,0.05346727524659639,1.0797399760008763
cont,Interp_Sphere_Rastrigin_lam0.50,4,PSO_GBEST,5000,med,0,10,0.08333333333333333,0.0046521717321972985,0.2384041903808526,0.38628746159875793,0.373665693133031,0.05346727524659639,1.0797399760008763
cont,Interp_Sphere_Rastrigin_lam0.50,4,PSO_GBEST,5000,hard,0,10,0.08333333333333333,0.0046521717321972985,0.2384041903808526,0.38628746159875793,0.373665693133031,0.05346727524659639,1.0797399760008763
cont,Interp_Sphere_Rastrigin_lam0.50,4,PSO_GBEST,10000,easy,0,10,0.08333333333333333,0.0046521717321972985,0.2384041903808526,0.26015537786804627,0.24056922923782542,0.1069204862983962,0.6235284582189176
cont,Interp_Sphere_Rastrigin_lam0.50,4,PSO_GBEST,10000,med,0,10,0.08333333333333333,0.0046521717321972985,0.2384041903808526,0.26015537786804627,0.24056922923782542,0.1069204862983962,0.6235284582189176
cont,Interp_Sphere_Rastrigin_lam0.50,4,PSO_GBEST,10000,hard,0,10,0.08333333333333333,0.0046521717321972985,0.2384041903808526,0.26015537786804627,0.24056922923782542,0.1069204862983962,0.6235284582189176
cont,Interp_Sphere_Rastrigin_lam0.50,5,ES_1P1,300,easy,0,10,0.08333333333333333,0.0046521717321972985,0.2384041903808526,1.6493391644302107,1.502717356309905,1.1211389309026478,2.448621819335203
cont,Interp_Sphere_Rastrigin_lam0.50,5,ES_1P1,300,med,0,10,0.08333333333333333,0.0046521717321972985,0.2384041903808526,1.6493391644302107,1.502717356309905,1.1211389309026478,2.448621819335203
cont,Interp_Sphere_Rastrigin_lam0.50,5,ES_1P1,300,hard,0,10,0.08333333333333333,0.0046521717321972985,0.2384041903808526,1.6493391644302107,1.502717356309905,1.1211389309026478,2.448621819335203
cont,Interp_Sphere_Rastrigin_lam0.50,5,ES_1P1,500,easy,0,10,0.08333333333333333,0.0046521717321972985,0.2384041903808526,1.001969496363277,0.9302512242165689,0.34062832068778004,1.566314741064038
cont,Interp_Sphere_Rastrigin_lam0.50,5,ES_1P1,500,med,0,10,0.08333333333333333,0.0046521717321972985,0.2384041903808526,1.001969496363277,0.9302512242165689,0.34062832068778004,1.566314741064038
cont,Interp_Sphere_Rastrigin_lam0.50,5,ES_1P1,500,hard,0,10,0.08333333333333333,0.0046521717321972985,0.2384041903808526,1.001969496363277,0.9302512242165689,0.34062832068778004,1.566314741064038
cont,Interp_Sphere_Rastrigin_lam0.50,5,ES_1P1,800,easy,0,10,0.08333333333333333,0.0046521717321972985,0.2384041903808526,1.2242709774519045,1.2563762535921101,0.5346649751089372,1.9245063217486735
cont,Interp_Sphere_Rastrigin_lam0.50,5,ES_1P1,800,med,0,10,0.08333333333333333,0.0046521717321972985,0.2384041903808526,1.2242709774519045,1.2563762535921101,0.5346649751089372,1.9245063217486735
cont,Interp_Sphere_Rastrigin_lam0.50,5,ES_1P1,800,hard,0,10,0.08333333333333333,0.0046521717321972985,0.2384041903808526,1.2242709774519045,1.2563762535921101,0.5346649751089372,1.9245063217486735
cont,Interp_Sphere_Rastrigin_lam0.50,5,ES_1P1,1000,easy,0,10,0.08333333333333333,0.0046521717321972985,0.2384041903808526,1.0210727990554855,1.0157260581904517,0.5345995427043054,1.4968365722817174
cont,Interp_Sphere_Rastrigin_lam0.50,5,ES_1P1,1000,med,0,10,0.08333333333333333,0.0046521717321972985,0.2384041903808526,1.0210727990554855,1.0157260581904517,0.5345995427043054,1.4968365722817174
cont,Interp_Sphere_Rastrigin_lam0.50,5,ES_1P1,1000,hard,0,10,0.08333333333333333,0.0046521717321972985,0.2384041903808526,1.0210727990554855,1.0157260581904517,0.5345995427043054,1.4968365722817174
cont,Interp_Sphere_Rastrigin_lam0.50,5,ES_1P1,2000,easy,0,10,0.08333333333333333,0.0046521717321972985,0.2384041903808526,1.1386650791130837,1.0424691976925613,0.5880552148926264,2.512407762116209
cont,Interp_Sphere_Rastrigin_lam0.50,5,ES_1P1,2000,med,0,10,0.08333333333333333,0.0046521717321972985,0.2384041903808526,1.1386650791130837,1.0424691976925613,0.5880552148926264,2.512407762116209
cont,Interp_Sphere_Rastrigin_lam0.50,5,ES_1P1,2000,hard,0,10,0.08333333333333333,0.0046521717321972985,0.2384041903808526,1.1386650791130837,1.0424691976925613,0.5880552148926264,2.512407762116209
cont,Interp_Sphere_Rastrigin_lam0.50,5,ES_1P1,5000,easy,0,10,0.08333333333333333,0.0046521717321972985,0.2384041903808526,1.047781828511807,0.8820752649376405,0.4276782153193008,3.1004093623140343
cont,Interp_Sphere_Rastrigin_lam0.50,5,ES_1P1,5000,med,0,10,0.08333333333333333,0.0046521717321972985,0.2384041903808526,1.047781828511807,0.8820752649376405,0.4276782153193008,3.1004093623140343
cont,Interp_Sphere_Rastrigin_lam0.50,5,ES_1P1,5000,hard,0,10,0.08333333333333333,0.0046521717321972985,0.2384041903808526,1.047781828511807,0.8820752649376405,0.4276782153193008,3.1004093623140343
cont,Interp_Sphere_Rastrigin_lam0.50,5,ES_1P1,10000,easy,0,10,0.08333333333333333,0.0046521717321972985,0.2384041903808526,1.1974789777316137,1.122648321698907,0.6949757011910123,1.9779803128492535
cont,Interp_Sphere_Rastrigin_lam0.50,5,ES_1P1,10000,med,0,10,0.08333333333333333,0.0046521717321972985,0.2384041903808526,1.1974789777316137,1.122648321698907,0.6949757011910123,1.9779803128492535
cont,Interp_Sphere_Rastrigin_lam0.50,5,ES_1P1,10000,hard,0,10,0.08333333333333333,0.0046521717321972985,0.2384041903808526,1.1974789777316137,1.122648321698907,0.6949757011910123,1.9779803128492535
cont,Interp_Sphere_Rastrigin_lam0.50,5,PSO_GBEST,300,easy,0,10,0.08333333333333333,0.0046521717321972985,0.2384041903808526,2.1491654759927927,2.0614583205595998,1.728995906635976,2.6320724973028535
cont,Interp_Sphere_Rastrigin_lam0.50,5,PSO_GBEST,300,med,0,10,0.08333333333333333,0.0046521717321972985,0.2384041903808526,2.1491654759927927,2.0614583205595998,1.728995906635976,2.6320724973028535
cont,Interp_Sphere_Rastrigin_lam0.50,5,PSO_GBEST,300,hard,0,10,0.08333333333333333,0.0046521717321972985,0.2384041903808526,2.1491654759927927,2.0614583205595998,1.728995906635976,2.6320724973028535
cont,Interp_Sphere_Rastrigin_lam0.50,5,PSO_GBEST,500,easy,0,10,0.08333333333333333,0.0046521717321972985,0.2384041903808526,1.996633207491481,1.9267846012235188,1.3707495588508878,2.7471149042126255
cont,Interp_Sphere_Rastrigin_lam0.50,5,PSO_GBEST,500,med,0,10,0.08333333333333333,0.0046521717321972985,0.2384041903808526,1.996633207491481,1.9267846012235188,1.3707495588508878,2.7471149042126255
cont,Interp_Sphere_Rastrigin_lam0.50,5,PSO_GBEST,500,hard,0,10,0.08333333333333333,0.0046521717321972985,0.2384041903808526,1.996633207491481,1.9267846012235188,1.3707495588508878,2.7471149042126255
cont,Interp_Sphere_Rastrigin_lam0.50,5,PSO_GBEST,800,easy,0,10,0.08333333333333333,0.0046521717321972985,0.2384041903808526,1.390278110571217,1.3781609762439628,0.7431222602029877,1.8889584075739352
cont,Interp_Sphere_Rastrigin_lam0.50,5,PSO_GBEST,800,med,0,10,0.08333333333333333,0.0046521717321972985,0.2384041903808526,1.390278110571217,1.3781609762439628,0.7431222602029877,1.8889584075739352
cont,Interp_Sphere_Rastrigin_lam0.50,5,PSO_GBEST,800,hard,0,10,0.08333333333333333,0.0046521717321972985,0.2384041903808526,1.390278110571217,1.3781609762439628,0.7431222602029877,1.8889584075739352
cont,Interp_Sphere_Rastrigin_lam0.50,5,PSO_GBEST,1000,easy,0,10,0.08333333333333333,0.0046521717321972985,0.2384041903808526,1.0628986909216855,1.0956431448198822,0.7549321530170098,1.3969799740803264
cont,Interp_Sphere_Rastrigin_lam0.50,5,PSO_GBEST,1000,med,0,10,0.08333333333333333,0.0046521717321972985,0.2384041903808526,1.0628986909216855,1.0956431448198822,0.7549321530170098,1.3969799740803264
cont,Interp_Sphere_Rastrigin_lam0.50,5,PSO_GBEST,1000,hard,0,10,0.08333333333333333,0.0046521717321972985,0.2384041903808526,1.0628986909216855,1.0956431448198822,0.7549321530170098,1.3969799740803264
cont,Interp_Sphere_Rastrigin_lam0.50,5,PSO_GBEST,2000,easy,0,10,0.08333333333333333,0.0046521717321972985,0.2384041903808526,0.5893326962569818,0.563342985540211,0.29332381806189844,0.8832448997170046
cont,Interp_Sphere_Rastrigin_lam0.50,5,PSO_GBEST,2000,med,0,10,0.08333333333333333,0.0046521717321972985,0.2384041903808526,0.5893326962569818,0.563342985540211,0.29332381806189844,0.8832448997170046
cont,Interp_Sphere_Rastrigin_lam0.50,5,PSO_GBEST,2000,hard,0,10,0.08333333333333333,0.0046521717321972985,0.2384041903808526,0.5893326962569818,0.563342985540211,0.29332381806189844,0.8832448997170046
cont,Interp_Sphere_Rastrigin_lam0.50,5,PSO_GBEST,5000,easy,1,10,0.16666666666666666,0.033319217684229845,0.3643594892472425,0.39109095037324476,0.3227904192768989,0.05346628987683006,0.9088472047545122
cont,Interp_Sphere_Rastrigin_lam0.50,5,PSO_GBEST,5000,med,0,10,0.08333333333333333,0.0046521717321972985,0.2384041903808526,0.39109095037324476,0.3227904192768989,0.05346628987683006,0.9088472047545122
cont,Interp_Sphere_Rastrigin_lam0.50,5,PSO_GBEST,5000,hard,0,10,0.08333333333333333,0.0046521717321972985,0.2384041903808526,0.39109095037324476,0.3227904192768989,0.05346628987683006,0.9088472047545122
cont,Interp_Sphere_Rastrigin_lam0.50,5,PSO_GBEST,10000,easy,0,10,0.08333333333333333,0.0046521717321972985,0.2384041903808526,0.4080496835900786,0.3742179721732526,0.10692048630067863,0.8402197191287482
cont,Interp_Sphere_Rastrigin_lam0.50,5,PSO_GBEST,10000,med,0,10,0.08333333333333333,0.0046521717321972985,0.2384041903808526,0.4080496835900786,0.3742179721732526,0.10692048630067863,0.8402197191287482
cont,Interp_Sphere_Rastrigin_lam0.50,5,PSO_GBEST,10000,hard,0,10,0.08333333333333333,0.0046521717321972985,0.2384041903808526,0.4080496835900786,0.3742179721732526,0.10692048630067863,0.8402197191287482
cont,Interp_Sphere_Rastrigin_lam0.50,6,ES_1P1,300,easy,0,10,0.08333333333333333,0.0046521717321972985,0.2384041903808526,1.6325119070614342,1.572847738775796,1.1708013067328258,2.1839326391463056
cont,Interp_Sphere_Rastrigin_lam0.50,6,ES_1P1,300,med,0,10,0.08333333333333333,0.0046521717321972985,0.2384041903808526,1.6325119070614342,1.572847738775796,1.1708013067328258,2.1839326391463056
cont,Interp_Sphere_Rastrigin_lam0.50,6,ES_1P1,300,hard,0,10,0.08333333333333333,0.0046521717321972985,0.2384041903808526,1.6325119070614342,1.572847738775796,1.1708013067328258,2.1839326391463056
cont,Interp_Sphere_Rastrigin_lam0.50,6,ES_1P1,500,easy,0,10,0.08333333333333333,0.0046521717321972985,0.2384041903808526,1.062139007935524,0.9924605725388664,0.39067703467534787,1.9013315629242447
cont,Interp_Sphere_Rastrigin_lam0.50,6,ES_1P1,500,med,0,10,0.08333333333333333,0.0046521717321972985,0.2384041903808526,1.062139007935524,0.9924605725388664,0.39067703467534787,1.9013315629242447
cont,Interp_Sphere_Rastrigin_lam0.50,6,ES_1P1,500,hard,0,10,0.08333333333333333,0.0046521717321972985,0.2384041903808526,1.062139007935524,0.9924605725388664,0.39067703467534787,1.9013315629242447
cont,Interp_Sphere_Rastrigin_lam0.50,6,ES_1P1,800,easy,0,10,0.08333333333333333,0.0046521717321972985,0.2384041903808526,1.133384541204657,1.149418259848577,0.6415597251400978,1.764171413787278
cont,Interp_Sphere_Rastrigin_lam0.50,6,ES_1P1,800,med,0,10,0.08333333333333333,0.0046521717321972985,0.2384041903808526,1.133384541204657,1.149418259848577,0.6415597251400978,1.764171413787278
cont,Interp_Sphere_Rastrigin_lam0.50,6,ES_1P1,800,hard,0,10,0.08333333333333333,0.0046521717321972985,0.2384041903808526,1.133384541204657,1.149418259848577,0.6415597251400978,1.764171413787278
cont,Interp_Sphere_Rastrigin_lam0.50,6,ES_1P1,1000,easy,0,10,0.08333333333333333,0.0046521717321972985,0.2384041903808526,1.0371113386423183,0.8553538386609483,0.748438317171257,1.8710641772848269
cont,Interp_Sphere_Rastrigin_lam0.50,6,ES_1P1,1000,med,0,10,0.08333333333333333,0.0046521717321972985,0.2384041903808526,1.0371113386423183,0.8553538386609483,0.748438317171257,1.8710641772848269
cont,Interp_Sphere_Rastrigin_lam0.50,6,ES_1P1,1000,hard,0,10,0.08333333333333333,0.0046521717321972985,0.2384041903808526,1.0371113386423183,0.8553538386609483,0.748438317171257,1.8710641772848269
cont,Interp_Sphere_Rastrigin_lam0.50,6,ES_1P1,2000,easy,0,10,0.08333333333333333,0.0046521717321972985,0.2384041903808526,1.090563087397301,1.069182386085565,0.6949605863884443,1.7641316851984385
cont,Interp_Sphere_Rastrigin_lam0.50,6,ES_1P1,2000,med,0,10,0.08333333333333333,0.0046521717321972985,0.2384041903808526,1.090563087397301,1.069182386085565,0.6949605863884443,1.7641316851984385
cont,Interp_Sphere_Rastrigin_lam0.50,6,ES_1P1,2000,hard,0,10,0.08333333333333333,0.0046521717321972985,0.2384041903808526,1.090563087397301,1.069182386085565,0.6949605863884443,1.7641316851984385
cont,Interp_Sphere_Rastrigin_lam0.50,6,ES_1P1,5000,easy,0,10,0.08333333333333333,0.0046521717321972985,0.2384041903808526,0.8339613995602416,0.8286168867255796,0.4276819451935725,1.229555558131858
cont,Interp_Sphere_Rastrigin_lam0.50,6,ES_1P1,5000,med,0,10,0.08333333333333333,0.0046521717321972985,0.2384041903808526,0.8339613995602416,0.8286168867255796,0.4276819451935725,1.229555558131858
cont,Interp_Sphere_Rastrigin_lam0.50,6,ES_1P1,5000,hard,0,10,0.08333333333333333,0.0046521717321972985,0.2384041903808526,0.8339613995602416,0.8286168867255796,0.4276819451935725,1.229555558131858
cont,Interp_Sphere_Rastrigin_lam0.50,6,ES_1P1,10000,easy,0,10,0.08333333333333333,0.0046521717321972985,0.2384041903808526,1.021062766720705,0.9622637647242995,0.5880589447668908,1.5502634023322723
cont,Interp_Sphere_Rastrigin_lam0.50,6,ES_1P1,10000,med,0,10,0.08333333333333333,0.0046521717321972985,0.2384041903808526,1.021062766720705,0.9622637647242995,0.5880589447668908,1.5502634023322723
cont,Interp_Sphere_Rastrigin_lam0.50,6,ES_1P1,10000,hard,0,10,0.08333333333333333,0.0046521717321972985,0.2384041903808526,1.021062766720705,0.9622637647242995,0.5880589447668908,1.5502634023322723
cont,Interp_Sphere_Rastrigin_lam0.50,6,PSO_GBEST,300,easy,0,10,0.08333333333333333,0.0046521717321972985,0.2384041903808526,2.085664435550751,1.9393574718103728,1.759679434192888,2.600542698523938
cont,Interp_Sphere_Rastrigin_lam0.50,6,PSO_GBEST,300,med,0,10,0.08333333333333333,0.0046521717321972985,0.2384041903808526,2.085664435550751,1.9393574718103728,1.759679434192888,2.600542698523938
cont,Interp_Sphere_Rastrigin_lam0.50,6,PSO_GBEST,300,hard,0,10,0.08333333333333333,0.0046521717321972985,0.2384041903808526,2.085664435550751,1.9393574718103728,1.759679434192888,2.600542698523938
cont,Interp_Sphere_Rastrigin_lam0.50,6,PSO_GBEST,500,easy,0,10,0.08333333333333333,0.0046521717321972985,0.2384041903808526,1.75519901246522,1.8289913490331253,1.1295866726023327,2.0807499035605197
cont,Interp_Sphere_Rastrigin_lam0.50,6,PSO_GBEST,500,med,0,10,0.08333333333333333,0.0046521717321972985,0.2384041903808526,1.75519901246522,1.8289913490331253,1.1295866726023327,2.0807499035605197
cont,Interp_Sphere_Rastrigin_lam0.50,6,PSO_GBEST,500,hard,0,10,0.08333333333333333,0.0046521717321972985,0.2384041903808526,1.75519901246522,1.8289913490331253,1.1295866726023327,2.0807499035605197
cont,Interp_Sphere_Rastrigin_lam0.50,6,PSO_GBEST,800,easy,0,10,0.08333333333333333,0.0046521717321972985,0.2384041903808526,1.2828511606470712,1.2792670885120556,0.789018484830025,2.000220244217685
cont,Interp_Sphere_Rastrigin_lam0.50,6,PSO_GBEST,800,med,0,10,0.08333333333333333,0.0046521717321972985,0.2384041903808526,1.2828511606470712,1.2792670885120556,0.789018484830025,2.000220244217685
cont,Interp_Sphere_Rastrigin_lam0.50,6,PSO_GBEST,800,hard,0,10,0.08333333333333333,0.0046521717321972985,0.2384041903808526,1.2828511606470712,1.2792670885120556,0.789018484830025,2.000220244217685
cont,Interp_Sphere_Rastrigin_lam0.50,6,PSO_GBEST,1000,easy,0,10,0.08333333333333333,0.0046521717321972985,0.2384041903808526,1.1676978239440303,1.1317863276809401,0.6815971528162335,1.7036526603700977
cont,Interp_Sphere_Rastrigin_lam0.50,6,PSO_GBEST,1000,med,0,10,0.08333333333333333,0.0046521717321972985,0.2384041903808526,1.1676978239440303,1.1317863276809401,0.6815971528162335,1.7036526603700977
cont,Interp_Sphere_Rastrigin_lam0.50,6,PSO_GBEST,1000,hard,0,10,0.08333333333333333,0.0046521717321972985,0.2384041903808526,1.1676978239440303,1.1317863276809401,0.6815971528162335,1.7036526603700977
cont,Interp_Sphere_Rastrigin_lam0.50,6,PSO_GBEST,2000,easy,0,10,0.08333333333333333,0.0046521717321972985,0.2384041903808526,0.3445889060538461,0.3247318563510019,0.17405401703534512,0.6472344544053443
cont,Interp_Sphere_Rastrigin_lam0.50,6,PSO_GBEST,2000,med,0,10,0.08333333333333333,0.0046521717321972985,0.2384041903808526,0.3445889060538461,0.3247318563510019,0.17405401703534512,0.6472344544053443
cont,Interp_Sphere_Rastrigin_lam0.50,6,PSO_GBEST,2000,hard,0,10,0.08333333333333333,0.0046521717321972985,0.2384041903808526,0.3445889060538461,0.3247318563510019,0.17405401703534512,0.6472344544053443
cont,Interp_Sphere_Rastrigin_lam0.50,6,PSO_GBEST,5000,easy,1,10,0.16666666666666666,0.033319217684229845,0.3643594892472425,0.20902754333928814,0.21393196610603848,0.00040758452425158106,0.3748918629705792
cont,Interp_Sphere_Rastrigin_lam0.50,6,PSO_GBEST,5000,med,1,10,0.16666666666666666,0.033319217684229845,0.3643594892472425,0.20902754333928814,0.21393196610603848,0.00040758452425158106,0.3748918629705792
cont,Interp_Sphere_Rastrigin_lam0.50,6,PSO_GBEST,5000,hard,1,10,0.16666666666666666,0.033319217684229845,0.3643594892472425,0.20902754333928814,0.21393196610603848,0.00040758452425158106,0.3748918629705792
cont,Interp_Sphere_Rastrigin_lam0.50,6,PSO_GBEST,10000,easy,4,10,0.4166666666666667,0.19957614988383685,0.6501884654280824,0.1496886862965026,0.18711085102269362,2.84025560745274e-12,0.26730121602869483
cont,Interp_Sphere_Rastrigin_lam0.50,6,PSO_GBEST,10000,med,2,10,0.25,0.07882004566602895,0.47008679927917624,0.1496886862965026,0.18711085102269362,2.84025560745274e-12,0.26730121602869483
cont,Interp_Sphere_Rastrigin_lam0.50,6,PSO_GBEST,10000,hard,2,10,0.25,0.07882004566602895,0.47008679927917624,0.1496886862965026,0.18711085102269362,2.84025560745274e-12,0.26730121602869483
cont,Interp_Sphere_Rastrigin_lam0.50,7,ES_1P1,300,easy,0,10,0.08333333333333333,0.0046521717321972985,0.2384041903808526,1.6470048781259052,1.5322144376170637,1.1024591771364038,2.3645676786381618
cont,Interp_Sphere_Rastrigin_lam0.50,7,ES_1P1,300,med,0,10,0.08333333333333333,0.0046521717321972985,0.2384041903808526,1.6470048781259052,1.5322144376170637,1.1024591771364038,2.3645676786381618
cont,Interp_Sphere_Rastrigin_lam0.50,7,ES_1P1,300,hard,0,10,0.08333333333333333,0.0046521717321972985,0.2384041903808526,1.6470048781259052,1.5322144376170637,1.1024591771364038,2.3645676786381618
cont,Interp_Sphere_Rastrigin_lam0.50,7,ES_1P1,500,easy,0,10,0.08333333333333333,0.0046521717321972985,0.2384041903808526,1.0571563224663378,1.0519742436981574,0.5741886209201812,1.791531642700366
cont,Interp_Sphere_Rastrigin_lam0.50,7,ES_1P1,500,med,0,10,0.08333333333333333,0.0046521717321972985,0.2384041903808526,1.0571563224663378,1.0519742436981574,0.5741886209201812,1.791531642700366
cont,Interp_Sphere_Rastrigin_lam0.50,7,ES_1P1,500,hard,0,10,0.08333333333333333,0.0046521717321972985,0.2384041903808526,1.0571563224663378,1.0519742436981574,0.5741886209201812,1.791531642700366
cont,Interp_Sphere_Rastrigin_lam0.50,7,ES_1P1,800,easy,0,10,0.08333333333333333,0.0046521717321972985,0.2384041903808526,0.8593357257233606,0.8287574169147014,0.3208278156753044,1.5360949549815
cont,Interp_Sphere_Rastrigin_lam0.50,7,ES_1P1,800,med,0,10,0.08333333333333333,0.0046521717321972985,0.2384041903808526,0.8593357257233606,0.8287574169147014,0.3208278156753044,1.5360949549815
cont,Interp_Sphere_Rastrigin_lam0.50,7,ES_1P1,800,hard,0,10,0.08333333333333333,0.0046521717321972985,0.2384041903808526,0.8593357257233606,0.8287574169147014,0.3208278156753044,1.5360949549815
cont,Interp_Sphere_Rastrigin_lam0.50,7,ES_1P1,1000,easy,0,10,0.08333333333333333,0.0046521717321972985,0.2384041903808526,0.9836518011786282,0.8820759472745684,0.5346007301106187,1.4968515764842734
cont,Interp_Sphere_Rastrigin_lam0.50,7,ES_1P1,1000,med,0,10,0.08333333333333333,0.0046521717321972985,0.2384041903808526,0.9836518011786282,0.8820759472745684,0.5346007301106187,1.4968515764842734
cont,Interp_Sphere_Rastrigin_lam0.50,7,ES_1P1,1000,hard,0,10,0.08333333333333333,0.0046521717321972985,0.2384041903808526,0.9836518011786282,0.8820759472745684,0.5346007301106187,1.4968515764842734
cont,Interp_Sphere_Rastrigin_lam0.50,7,ES_1P1,2000,easy,0,10,0.08333333333333333,0.0046521717321972985,0.2384041903808526,0.9515708695352212,0.9622713221255987,0.3207614588951846,1.443404185782687
cont,Interp_Sphere_Rastrigin_lam0.50,7,ES_1P1,2000,med,0,10,0.08333333333333333,0.0046521717321972985,0.2384041903808526,0.9515708695352212,0.9622713221255987,0.3207614588951846,1.443404185782687
cont,Interp_Sphere_Rastrigin_lam0.50,7,ES_1P1,2000,hard,0,10,0.08333333333333333,0.0046521717321972985,0.2384041903808526,0.9515708695352212,0.9622713221255987,0.3207614588951846,1.443404185782687
cont,Interp_Sphere_Rastrigin_lam0.50,7,ES_1P1,5000,easy,0,10,0.08333333333333333,0.0046521717321972985,0.2384041903808526,1.0477997807755872,1.069189943486846,0.3742217020443759,1.7106865568518135
cont,Interp_Sphere_Rastrigin_lam0.50,7,ES_1P1,5000,med,0,10,0.08333333333333333,0.0046521717321972985,0.2384041903808526,1.0477997807755872,1.069189943486846,0.3742217020443759,1.7106865568518135
cont,Interp_Sphere_Rastrigin_lam0.50,7,ES_1P1,5000,hard,0,10,0.08333333333333333,0.0046521717321972985,0.2384041903808526,1.0477997807755872,1.069189943486846,0.3742217020443759,1.7106865568518135
cont,Interp_Sphere_Rastrigin_lam0.50,7,ES_1P1,10000,easy,0,10,0.08333333333333333,0.0046521717321972985,0.2384041903808526,0.9087992595373589,0.8820752649376405,0.2673012157459825,1.6037546856251146
cont,Interp_Sphere_Rastrigin_lam0.50,7,ES_1P1,10000,med,0,10,0.08333333333333333,0.0046521717321972985,0.2384041903808526,0.9087992595373589,0.8820752649376405,0.2673012157459825,1.6037546856251146
cont,Interp_Sphere_Rastrigin_lam0.50,7,ES_1P1,10000,hard,0,10,0.08333333333333333,0.0046521717321972985,0.2384041903808526,0.9087992595373589,0.8820752649376405,0.2673012157459825,1.6037546856251146
cont,Interp_Sphere_Rastrigin_lam0.50,7,PSO_GBEST,300,easy,0,10,0.08333333333333333,0.0046521717321972985,0.2384041903808526,2.341080006133517,2.400816342063554,1.775363213041812,3.0282610682554942
cont,Interp_Sphere_Rastrigin_lam0.50,7,PSO_GBEST,300,med,0,10,0.08333333333333333,0.0046521717321972985,0.2384041903808526,2.341080006133517,2.400816342063554,1.775363213041812,3.0282610682554942
cont,Interp_Sphere_Rastrigin_lam0.50,7,PSO_GBEST,300,hard,0,10,0.08333333333333333,0.0046521717321972985,0.2384041903808526,2.341080006133517,2.400816342063554,1.775363213041812,3.0282610682554942
cont,Interp_Sphere_Rastrigin_lam0.50,7,PSO_GBEST,500,easy,0,10,0.08333333333333333,0.0046521717321972985,0.2384041903808526,1.769902853134249,1.7744720903782438,1.3091204838154973,2.155796951763861
cont,Interp_Sphere_Rastrigin_lam0.50,7,PSO_GBEST,500,med,0,10,0.08333333333333333,0.0046521717321972985,0.2384041903808526,1.769902853134249,1.7744720903782438,1.3091204838154973,2.155796951763861
cont,Interp_Sphere_Rastrigin_lam0.50,7,PSO_GBEST,500,hard,0,10,0.08333333333333333,0.0046521717321972985,0.2384041903808526,1.769902853134249,1.7744720903782438,1.3091204838154973,2.155796951763861
cont,Interp_Sphere_Rastrigin_lam0.50,7,PSO_GBEST,800,easy,0,10,0.08333333333333333,0.0046521717321972985,0.2384041903808526,1.4521996875617358,1.4057711178385535,0.9249602544231521,2.055103327934382
cont,Interp_Sphere_Rastrigin_lam0.50,7,PSO_GBEST,800,med,0,10,0.08333333333333333,0.0046521717321972985,0.2384041903808526,1.4521996875617358,1.4057711178385535,0.9249602544231521,2.055103327934382
cont,Interp_Sphere_Rastrigin_lam0.50,7,PSO_GBEST,800,hard,0,10,0.08333333333333333,0.0046521717321972985,0.2384041903808526,1.4521996875617358,1.4057711178385535,0.9249602544231521,2.055103327934382
cont,Interp_Sphere_Rastrigin_lam0.50,7,PSO_GBEST,1000,easy,0,10,0.08333333333333333,0.0046521717321972985,0.2384041903808526,1.0682336497127314,1.1404675334647083,0.5079365930871993,1.2664990564927392
cont,Interp_Sphere_Rastrigin_lam0.50,7,PSO_GBEST,1000,med,0,10,0.08333333333333333,0.0046521717321972985,0.2384041903808526,1.0682336497127314,1.1404675334647083,0.5079365930871993,1.2664990564927392
cont,Interp_Sphere_Rastrigin_lam0.50,7,PSO_GBEST,1000,hard,0,10,0.08333333333333333,0.0046521717321972985,0.2384041903808526,1.0682336497127314,1.1404675334647083,0.5079365930871993,1.2664990564927392
cont,Interp_Sphere_Rastrigin_lam0.50,7,PSO_GBEST,2000,easy,0,10,0.08333333333333333,0.0046521717321972985,0.2384041903808526,0.5963055090872525,0.5320960262842216,0.27556785353843505,1.0595303015331277
cont,Interp_Sphere_Rastrigin_lam0.50,7,PSO_GBEST,2000,med,0,10,0.08333333333333333,0.0046521717321972985,0.2384041903808526,0.5963055090872525,0.5320960262842216,0.27556785353843505,1.0595303015331277
cont,Interp_Sphere_Rastrigin_lam0.50,7,PSO_GBEST,2000,hard,0,10,0.08333333333333333,0.0046521717321972985,0.2384041903808526,0.5963055090872525,0.5320960262842216,0.27556785353843505,1.0595303015331277
cont,Interp_Sphere_Rastrigin_lam0.50,7,PSO_GBEST,5000,easy,0,10,0.08333333333333333,0.0046521717321972985,0.2384041903808526,0.3325842515745653,0.3226272846609385,0.10736932775087185,0.730998698850392
cont,Interp_Sphere_Rastrigin_lam0.50,7,PSO_GBEST,5000,med,0,10,0.08333333333333333,0.0046521717321972985,0.2384041903808526,0.3325842515745653,0.3226272846609385,0.10736932775087185,0.730998698850392
cont,Interp_Sphere_Rastrigin_lam0.50,7,PSO_GBEST,5000,hard,0,10,0.08333333333333333,0.0046521717321972985,0.2384041903808526,0.3325842515745653,0.3226272846609385,0.10736932775087185,0.730998698850392
cont,Interp_Sphere_Rastrigin_lam0.50,7,PSO_GBEST,10000,easy,0,10,0.08333333333333333,0.0046521717321972985,0.2384041903808526,0.31541131248993304,0.29402947238386334,0.10692048630037393,0.7484208295376338
cont,Interp_Sphere_Rastrigin_lam0.50,7,PSO_GBEST,10000,med,0,10,0.08333333333333333,0.0046521717321972985,0.2384041903808526,0.31541131248993304,0.29402947238386334,0.10692048630037393,0.7484208295376338
cont,Interp_Sphere_Rastrigin_lam0.50,7,PSO_GBEST,10000,hard,0,10,0.08333333333333333,0.0046521717321972985,0.2384041903808526,0.31541131248993304,0.29402947238386334,0.10692048630037393,0.7484208295376338
cont,Interp_Sphere_Rastrigin_lam0.50,8,ES_1P1,300,easy,0,10,0.08333333333333333,0.0046521717321972985,0.2384041903808526,1.7962948601749638,1.7139207490763049,0.740787838933493,3.2571224307241837
cont,Interp_Sphere_Rastrigin_lam0.50,8,ES_1P1,300,med,0,10,0.08333333333333333,0.0046521717321972985,0.2384041903808526,1.7962948601749638,1.7139207490763049,0.740787838933493,3.2571224307241837
cont,Interp_Sphere_Rastrigin_lam0.50,8,ES_1P1,300,hard,0,10,0.08333333333333333,0.0046521717321972985,0.2384041903808526,1.7962948601749638,1.7139207490763049,0.740787838933493,3.2571224307241837
cont,Interp_Sphere_Rastrigin_lam0.50,8,ES_1P1,500,easy,0,10,0.08333333333333333,0.0046521717321972985,0.2384041903808526,0.8372070842488466,0.6318579118192333,0.39591030753263323,1.9565062900945818
cont,Interp_Sphere_Rastrigin_lam0.50,8,ES_1P1,500,med,0,10,0.08333333333333333,0.0046521717321972985,0.2384041903808526,0.8372070842488466,0.6318579118192333,0.39591030753263323,1.9565062900945818
cont,Interp_Sphere_Rastrigin_lam0.50,8,ES_1P1,500,hard,0,10,0.08333333333333333,0.0046521717321972985,0.2384041903808526,0.8372070842488466,0.6318579118192333,0.39591030753263323,1.9565062900945818
cont,Interp_Sphere_Rastrigin_lam0.50,8,ES_1P1,800,easy,0,10,0.08333333333333333,0.0046521717321972985,0.2384041903808526,0.9142505292798611,0.9356639859989413,0.6415674923454742,1.1227500496648748
cont,Interp_Sphere_Rastrigin_lam0.50,8,ES_1P1,800,med,0,10,0.08333333333333333,0.0046521717321972985,0.2384041903808526,0.9142505292798611,0.9356639859989413,0.6415674923454742,1.1227500496648748
cont,Interp_Sphere_Rastrigin_lam0.50,8,ES_1P1,800,hard,0,10,0.08333333333333333,0.0046521717321972985,0.2384041903808526,0.9142505292798611,0.9356639859989413,0.6415674923454742,1.1227500496648748
cont,Interp_Sphere_Rastrigin_lam0.50,8,ES_1P1,1000,easy,0,10,0.08333333333333333,0.0046521717321972985,0.2384041903808526,0.9794751226579269,0.8553538149088957,0.37422326807326245,1.7223880565180978
cont,Interp_Sphere_Rastrigin_lam0.50,8,ES_1P1,1000,med,0,10,0.08333333333333333,0.0046521717321972985,0.2384041903808526,0.9794751226579269,0.8553538149088957,0.37422326807326245,1.7223880565180978
cont,Interp_Sphere_Rastrigin_lam0.50,8,ES_1P1,1000,hard,0,10,0.08333333333333333,0.0046521717321972985,0.2384041903808526,0.9794751226579269,0.8553538149088957,0.37422326807326245,1.7223880565180978
cont,Interp_Sphere_Rastrigin_lam0.50,8,ES_1P1,2000,easy,0,10,0.08333333333333333,0.0046521717321972985,0.2384041903808526,1.1440087185572367,0.9355355080868466,0.3207614588951927,2.3521370152705616
cont,Interp_Sphere_Rastrigin_lam0.50,8,ES_1P1,2000,med,0,10,0.08333333333333333,0.0046521717321972985,0.2384041903808526,1.1440087185572367,0.9355355080868466,0.3207614588951927,2.3521370152705616
cont,Interp_Sphere_Rastrigin_lam0.50,8,ES_1P1,2000,hard,0,10,0.08333333333333333,0.0046521717321972985,0.2384041903808526,1.1440087185572367,0.9355355080868466,0.3207614588951927,2.3521370152705616
cont,Interp_Sphere_Rastrigin_lam0.50,8,ES_1P1,5000,easy,0,10,0.08333333333333333,0.0046521717321972985,0.2384041903808526,0.8992841817251189,0.9622637647242998,0.2138409725967859,1.3899174429025996
cont,Interp_Sphere_Rastrigin_lam0.50,8,ES_1P1,5000,med,0,10,0.08333333333333333,0.0046521717321972985,0.2384041903808526,0.8992841817251189,0.9622637647242998,0.2138409725967859,1.3899174429025996
cont,Interp_Sphere_Rastrigin_lam0.50,8,ES_1P1,5000,hard,0,10,0.08333333333333333,0.0046521717321972985,0.2384041903808526,0.8992841817251189,0.9622637647242998,0.2138409725967859,1.3899174429025996
cont,Interp_Sphere_Rastrigin_lam0.50,8,ES_1P1,10000,easy,0,10,0.08333333333333333,0.0046521717321972985,0.2384041903808526,0.9408765439197074,0.8820771298747763,0.4276782153193009,1.9779378877773026
cont,Interp_Sphere_Rastrigin_lam0.50,8,ES_1P1,10000,med,0,10,0.08333333333333333,0.0046521717321972985,0.2384041903808526,0.9408765439197074,0.8820771298747763,0.4276782153193009,1.9779378877773026
cont,Interp_Sphere_Rastrigin_lam0.50,8,ES_1P1,10000,hard,0,10,0.08333333333333333,0.0046521717321972985,0.2384041903808526,0.9408765439197074,0.8820771298747763,0.4276782153193009,1.9779378877773026
cont,Interp_Sphere_Rastrigin_lam0.50,8,PSO_GBEST,300,easy,0,10,0.08333333333333333,0.0046521717321972985,0.2384041903808526,2.2212405917828613,2.2334705945037494,1.442244805819157,2.874901032400319
cont,Interp_Sphere_Rastrigin_lam0.50,8,PSO_GBEST,300,med,0,10,0.08333333333333333,0.0046521717321972985,0.2384041903808526,2.2212405917828613,2.2334705945037494,1.442244805819157,2.874901032400319
cont,Interp_Sphere_Rastrigin_lam0.50,8,PSO_GBEST,300,hard,0,10,0.08333333333333333,0.0046521717321972985,0.2384041903808526,2.2212405917828613,2.2334705945037494,1.442244805819157,2.874901032400319
cont,Interp_Sphere_Rastrigin_lam0.50,8,PSO_GBEST,500,easy,0,10,0.08333333333333333,0.0046521717321972985,0.2384041903808526,1.9449438581466325,1.9719261005227262,1.5960143256734798,2.229695701945169
cont,Interp_Sphere_Rastrigin_lam0.50,8,PSO_GBEST,500,med,0,10,0.08333333333333333,0.0046521717321972985,0.2384041903808526,1.9449438581466325,1.9719261005227262,1.5960143256734798,2.229695701945169
cont,Interp_Sphere_Rastrigin_lam0.50,8,PSO_GBEST,500,hard,0,10,0.08333333333333333,0.0046521717321972985,0.2384041903808526,1.9449438581466325,1.9719261005227262,1.5960143256734798,2.229695701945169
cont,Interp_Sphere_Rastrigin_lam0.50,8,PSO_GBEST,800,easy,0,10,0.08333333333333333,0.0046521717321972985,0.2384041903808526,1.3479289999785946,1.342524066489537,0.9742511572199595,1.8521393214767101
cont,Interp_Sphere_Rastrigin_lam0.50,8,PSO_GBEST,800,med,0,10,0.08333333333333333,0.0046521717321972985,0.2384041903808526,1.3479289999785946,1.342524066489537,0.9742511572199595,1.8521393214767101
cont,Interp_Sphere_Rastrigin_lam0.50,8,PSO_GBEST,800,hard,0,10,0.08333333333333333,0.0046521717321972985,0.2384041903808526,1.3479289999785946,1.342524066489537,0.9742511572199595,1.8521393214767101
cont,Interp_Sphere_Rastrigin_lam0.50,8,PSO_GBEST,1000,easy,0,10,0.08333333333333333,0.0046521717321972985,0.2384041903808526,1.0703827539205975,1.0117370415802653,0.674292803314059,1.8279389150461234
cont,Interp_Sphere_Rastrigin_lam0.50,8,PSO_GBEST,1000,med,0,10,0.08333333333333333,0.0046521717321972985,0.2384041903808526,1.0703827539205975,1.0117370415802653,0.674292803314059,1.8279389150461234
cont,Interp_Sphere_Rastrigin_lam0.50,8,PSO_GBEST,1000,hard,0,10,0.08333333333333333,0.0046521717321972985,0.2384041903808526,1.0703827539205975,1.0117370415802653,0.674292803314059,1.8279389150461234
cont,Interp_Sphere_Rastrigin_lam0.50,8,PSO_GBEST,2000,easy,0,10,0.08333333333333333,0.0046521717321972985,0.2384041903808526,0.6181482135058639,0.6218688011182306,0.2322400243199807,1.0063664235325311
cont,Interp_Sphere_Rastrigin_lam0.50,8,PSO_GBEST,2000,med,0,10,0.08333333333333333,0.0046521717321972985,0.2384041903808526,0.6181482135058639,0.6218688011182306,0.2322400243199807,1.0063664235325311
cont,Interp_Sphere_Rastrigin_lam0.50,8,PSO_GBEST,2000,hard,0,10,0.08333333333333333,0.0046521717321972985,0.2384041903808526,0.6181482135058639,0.6218688011182306,0.2322400243199807,1.0063664235325311
cont,Interp_Sphere_Rastrigin_lam0.50,8,PSO_GBEST,5000,easy,0,10,0.08333333333333333,0.0046521717321972985,0.2384041903808526,0.36183650803630996,0.2955785858893746,0.10692169540492832,0.8135895203018153
cont,Interp_Sphere_Rastrigin_lam0.50,8,PSO_GBEST,5000,med,0,10,0.08333333333333333,0.0046521717321972985,0.2384041903808526,0.36183650803630996,0.2955785858893746,0.10692169540492832,0.8135895203018153
cont,Interp_Sphere_Rastrigin_lam0.50,8,PSO_GBEST,5000,hard,0,10,0.08333333333333333,0.0046521717321972985,0.2384041903808526,0.36183650803630996,0.2955785858893746,0.10692169540492832,0.8135895203018153
cont,Interp_Sphere_Rastrigin_lam0.50,8,PSO_GBEST,10000,easy,0,10,0.08333333333333333,0.0046521717321972985,0.2384041903808526,0.348746858201346,0.21384395293204217,0.1069204862983946,0.9087978291119803
cont,Interp_Sphere_Rastrigin_lam0.50,8,PSO_GBEST,10000,med,0,10,0.08333333333333333,0.0046521717321972985,0.2384041903808526,0.348746858201346,0.21384395293204217,0.1069204862983946,0.9087978291119803
cont,Interp_Sphere_Rastrigin_lam0.50,8,PSO_GBEST,10000,hard,0,10,0.08333333333333333,0.0046521717321972985,0.2384041903808526,0.348746858201346,0.21384395293204217,0.1069204862983946,0.9087978291119803
cont,Interp_Sphere_Rastrigin_lam0.50,9,ES_1P1,300,easy,0,10,0.08333333333333333,0.0046521717321972985,0.2384041903808526,1.5787639160810893,1.3837184004652139,0.9048946293412196,2.8343799774741827
cont,Interp_Sphere_Rastrigin_lam0.50,9,ES_1P1,300,med,0,10,0.08333333333333333,0.0046521717321972985,0.2384041903808526,1.5787639160810893,1.3837184004652139,0.9048946293412196,2.8343799774741827
cont,Interp_Sphere_Rastrigin_lam0.50,9,ES_1P1,300,hard,0,10,0.08333333333333333,0.0046521717321972985,0.2384041903808526,1.5787639160810893,1.3837184004652139,0.9048946293412196,2.8343799774741827
cont,Interp_Sphere_Rastrigin_lam0.50,9,ES_1P1,500,easy,0,10,0.08333333333333333,0.0046521717321972985,0.2384041903808526,0.9693483628491182,0.8041420305142476,0.401910417577792,2.402711065681244
cont,Interp_Sphere_Rastrigin_lam0.50,9,ES_1P1,500,med,0,10,0.08333333333333333,0.0046521717321972985,0.2384041903808526,0.9693483628491182,0.8041420305142476,0.401910417577792,2.402711065681244
cont,Interp_Sphere_Rastrigin_lam0.50,9,ES_1P1,500,hard,0,10,0.08333333333333333,0.0046521717321972985,0.2384041903808526,0.9693483628491182,0.8041420305142476,0.401910417577792,2.402711065681244
cont,Interp_Sphere_Rastrigin_lam0.50,9,ES_1P1,800,easy,0,10,0.08333333333333333,0.0046521717321972985,0.2384041903808526,0.8714567582969799,0.9088617348752361,0.3742805503111346,1.336520769227233
cont,Interp_Sphere_Rastrigin_lam0.50,9,ES_1P1,800,med,0,10,0.08333333333333333,0.0046521717321972985,0.2384041903808526,0.8714567582969799,0.9088617348752361,0.3742805503111346,1.336520769227233
cont,Interp_Sphere_Rastrigin_lam0.50,9,ES_1P1,800,hard,0,10,0.08333333333333333,0.0046521717321972985,0.2384041903808526,0.8714567582969799,0.9088617348752361,0.3742805503111346,1.336520769227233
cont,Interp_Sphere_Rastrigin_lam0.50,9,ES_1P1,1000,easy,0,10,0.08333333333333333,0.0046521717321972985,0.2384041903808526,0.9889904994438204,0.9622650845287917,0.26730411997539627,1.8710027812984091
cont,Interp_Sphere_Rastrigin_lam0.50,9,ES_1P1,1000,med,0,10,0.08333333333333333,0.0046521717321972985,0.2384041903808526,0.9889904994438204,0.9622650845287917,0.26730411997539627,1.8710027812984091
cont,Interp_Sphere_Rastrigin_lam0.50,9,ES_1P1,1000,hard,0,10,0.08333333333333333,0.0046521717321972985,0.2384041903808526,0.9889904994438204,0.9622650845287917,0.26730411997539627,1.8710027812984091
cont,Interp_Sphere_Rastrigin_lam0.50,9,ES_1P1,2000,easy,0,10,0.08333333333333333,0.0046521717321972985,0.2384041903808526,1.2669624094332854,1.1760703725724215,0.48113845846850145,2.405582143617224
cont,Interp_Sphere_Rastrigin_lam0.50,9,ES_1P1,2000,med,0,10,0.08333333333333333,0.0046521717321972985,0.2384041903808526,1.2669624094332854,1.1760703725724215,0.48113845846850145,2.405582143617224
cont,Interp_Sphere_Rastrigin_lam0.50,9,ES_1P1,2000,hard,0,10,0.08333333333333333,0.0046521717321972985,0.2384041903808526,1.2669624094332854,1.1760703725724215,0.48113845846850145,2.405582143617224
cont,Interp_Sphere_Rastrigin_lam0.50,9,ES_1P1,5000,easy,0,10,0.08333333333333333,0.0046521717321972985,0.2384041903808526,0.9782910951995566,0.6949757011910125,0.3207614588951796,2.4055821436171785
cont,Interp_Sphere_Rastrigin_lam0.50,9,ES_1P1,5000,med,0,10,0.08333333333333333,0.0046521717321972985,0.2384041903808526,0.9782910951995566,0.6949757011910125,0.3207614588951796,2.4055821436171785
cont,Interp_Sphere_Rastrigin_lam0.50,9,ES_1P1,5000,hard,0,10,0.08333333333333333,0.0046521717321972985,0.2384041903808526,0.9782910951995566,0.6949757011910125,0.3207614588951796,2.4055821436171785
cont,Interp_Sphere_Rastrigin_lam0.50,9,ES_1P1,10000,easy,0,10,0.08333333333333333,0.0046521717321972985,0.2384041903808526,0.9889889593401486,0.8286244441268684,0.32076145889517904,2.61945042648334
cont,Interp_Sphere_Rastrigin_lam0.50,9,ES_1P1,10000,med,0,10,0.08333333333333333,0.0046521717321972985,0.2384041903808526,0.9889889593401486,0.8286244441268684,0.32076145889517904,2.61945042648334
cont,Interp_Sphere_Rastrigin_lam0.50,9,ES_1P1,10000,hard,0,10,0.08333333333333333,0.0046521717321972985,0.2384041903808526,0.9889889593401486,0.8286244441268684,0.32076145889517904,2.61945042648334
cont,Interp_Sphere_Rastrigin_lam0.50,9,PSO_GBEST,300,easy,0,10,0.08333333333333333,0.0046521717321972985,0.2384041903808526,2.0275170224377272,1.9797937198824747,1.5450477534541134,2.7889782790537807
cont,Interp_Sphere_Rastrigin_lam0.50,9,PSO_GBEST,300,med,0,10,0.08333333333333333,0.0046521717321972985,0.2384041903808526,2.0275170224377272,1.9797937198824747,1.5450477534541134,2.7889782790537807
cont,Interp_Sphere_Rastrigin_lam0.50,9,PSO_GBEST,300,hard,0,10,0.08333333333333333,0.0046521717321972985,0.2384041903808526,2.0275170224377272,1.9797937198824747,1.5450477534541134,2.7889782790537807
cont,Interp_Sphere_Rastrigin_lam0.50,9,PSO_GBEST,500,easy,0,10,0.08333333333333333,0.0046521717321972985,0.2384041903808526,1.5658226688428298,1.5389551878469638,1.2136266562557314,1.8885557106813522
cont,Interp_Sphere_Rastrigin_lam0.50,9,PSO_GBEST,500,med,0,10,0.08333333333333333,0.0046521717321972985,0.2384041903808526,1.5658226688428298,1.5389551878469638,1.2136266562557314,1.8885557106813522
cont,Interp_Sphere_Rastrigin_lam0.50,9,PSO_GBEST,500,hard,0,10,0.08333333333333333,0.0046521717321972985,0.2384041903808526,1.5658226688428298,1.5389551878469638,1.2136266562557314,1.8885557106813522
cont,Interp_Sphere_Rastrigin_lam0.50,9,PSO_GBEST,800,easy,0,10,0.08333333333333333,0.0046521717321972985,0.2384041903808526,1.2494242082379996,1.1774025436658686,0.7428159185910863,1.7940818034868828
cont,Interp_Sphere_Rastrigin_lam0.50,9,PSO_GBEST,800,med,0,10,0.08333333333333333,0.0046521717321972985,0.2384041903808526,1.2494242082379996,1.1774025436658686,0.7428159185910863,1.7940818034868828
cont,Interp_Sphere_Rastrigin_lam0.50,9,PSO_GBEST,800,hard,0,10,0.08333333333333333,0.0046521717321972985,0.2384041903808526,1.2494242082379996,1.1774025436658686,0.7428159185910863,1.7940818034868828
cont,Interp_Sphere_Rastrigin_lam0.50,9,PSO_GBEST,1000,easy,0,10,0.08333333333333333,0.0046521717321972985,0.2384041903808526,1.0256047471442709,1.0514145115221358,0.7197925332078978,1.1816460629008239
cont,Interp_Sphere_Rastrigin_lam0.50,9,PSO_GBEST,1000,med,0,10,0.08333333333333333,0.0046521717321972985,0.2384041903808526,1.0256047471442709,1.0514145115221358,0.7197925332078978,1.1816460629008239
cont,Interp_Sphere_Rastrigin_lam0.50,9,PSO_GBEST,1000,hard,0,10,0.08333333333333333,0.0046521717321972985,0.2384041903808526,1.0256047471442709,1.0514145115221358,0.7197925332078978,1.1816460629008239
cont,Interp_Sphere_Rastrigin_lam0.50,9,PSO_GBEST,2000,easy,0,10,0.08333333333333333,0.0046521717321972985,0.2384041903808526,0.4740643982108348,0.47828841627718427,0.13528694431111632,0.763208917703089
cont,Interp_Sphere_Rastrigin_lam0.50,9,PSO_GBEST,2000,med,0,10,0.08333333333333333,0.0046521717321972985,0.2384041903808526,0.4740643982108348,0.47828841627718427,0.13528694431111632,0.763208917703089
cont,Interp_Sphere_Rastrigin_lam0.50,9,PSO_GBEST,2000,hard,0,10,0.08333333333333333,0.0046521717321972985,0.2384041903808526,0.4740643982108348,0.47828841627718427,0.13528694431111632,0.763208917703089
cont,Interp_Sphere_Rastrigin_lam0.50,9,PSO_GBEST,5000,easy,0,10,0.08333333333333333,0.0046521717321972985,0.2384041903808526,0.23956554684328935,0.1908321069805203,0.10751224604594053,0.4816239213757185
cont,Interp_Sphere_Rastrigin_lam0.50,9,PSO_GBEST,5000,med,0,10,0.08333333333333333,0.0046521717321972985,0.2384041903808526,0.23956554684328935,0.1908321069805203,0.10751224604594053,0.4816239213757185
cont,Interp_Sphere_Rastrigin_lam0.50,9,PSO_GBEST,5000,hard,0,10,0.08333333333333333,0.0046521717321972985,0.2384041903808526,0.23956554684328935,0.1908321069805203,0.10751224604594053,0.4816239213757185
cont,Interp_Sphere_Rastrigin_lam0.50,9,PSO_GBEST,10000,easy,1,10,0.16666666666666666,0.033319217684229845,0.3643594892472425,0.2566092097297451,0.18711851954555728,0.053460243149227135,0.6415154580423873
cont,Interp_Sphere_Rastrigin_lam0.50,9,PSO_GBEST,10000,med,0,10,0.08333333333333333,0.0046521717321972985,0.2384041903808526,0.2566092097297451,0.18711851954555728,0.053460243149227135,0.6415154580423873
cont,Interp_Sphere_Rastrigin_lam0.50,9,PSO_GBEST,10000,hard,0,10,0.08333333333333333,0.0046521717321972985,0.2384041903808526,0.2566092097297451,0.18711851954555728,0.053460243149227135,0.6415154580423873
cont,Interp_Sphere_Rastrigin_lam0.75,0,ES_1P1,300,easy,0,10,0.08333333333333333,0.0046521717321972985,0.2384041903808526,2.3335304391152176,2.3303783658245347,1.651017841958249,3.6232397799907856
cont,Interp_Sphere_Rastrigin_lam0.75,0,ES_1P1,300,med,0,10,0.08333333333333333,0.0046521717321972985,0.2384041903808526,2.3335304391152176,2.3303783658245347,1.651017841958249,3.6232397799907856
cont,Interp_Sphere_Rastrigin_lam0.75,0,ES_1P1,300,hard,0,10,0.08333333333333333,0.0046521717321972985,0.2384041903808526,2.3335304391152176,2.3303783658245347,1.651017841958249,3.6232397799907856
cont,Interp_Sphere_Rastrigin_lam0.75,0,ES_1P1,500,easy,0,10,0.08333333333333333,0.0046521717321972985,0.2384041903808526,1.3566929988653373,1.3592635944353617,0.7794392742921377,2.085510904950938
cont,Interp_Sphere_Rastrigin_lam0.75,0,ES_1P1,500,med,0,10,0.08333333333333333,0.0046521717321972985,0.2384041903808526,1.3566929988653373,1.3592635944353617,0.7794392742921377,2.085510904950938
cont,Interp_Sphere_Rastrigin_lam0.75,0,ES_1P1,500,hard,0,10,0.08333333333333333,0.0046521717321972985,0.2384041903808526,1.3566929988653373,1.3592635944353617,0.7794392742921377,2.085510904950938
cont,Interp_Sphere_Rastrigin_lam0.75,0,ES_1P1,800,easy,0,10,0.08333333333333333,0.0046521717321972985,0.2384041903808526,1.5898209973018436,1.4060160102048584,0.8849944005509077,3.78516088695154
cont,Interp_Sphere_Rastrigin_lam0.75,0,ES_1P1,800,med,0,10,0.08333333333333333,0.0046521717321972985,0.2384041903808526,1.5898209973018436,1.4060160102048584,0.8849944005509077,3.78516088695154
cont,Interp_Sphere_Rastrigin_lam0.75,0,ES_1P1,800,hard,0,10,0.08333333333333333,0.0046521717321972985,0.2384041903808526,1.5898209973018436,1.4060160102048584,0.8849944005509077,3.78516088695154
cont,Interp_Sphere_Rastrigin_lam0.75,0,ES_1P1,1000,easy,0,10,0.08333333333333333,0.0046521717321972985,0.2384041903808526,1.2878664806104616,1.278035687637467,0.7373316738081952,1.7204237045886268
cont,Interp_Sphere_Rastrigin_lam0.75,0,ES_1P1,1000,med,0,10,0.08333333333333333,0.0046521717321972985,0.2384041903808526,1.2878664806104616,1.278035687637467,0.7373316738081952,1.7204237045886268
cont,Interp_Sphere_Rastrigin_lam0.75,0,ES_1P1,1000,hard,0,10,0.08333333333333333,0.0046521717321972985,0.2384041903808526,1.2878664806104616,1.278035687637467,0.7373316738081952,1.7204237045886268
cont,Interp_Sphere_Rastrigin_lam0.75,0,ES_1P1,2000,easy,0,10,0.08333333333333333,0.0046521717321972985,0.2384041903808526,1.3164289593001555,1.1159562032075039,0.58986413138023,2.467717190684996
cont,Interp_Sphere_Rastrigin_lam0.75,0,ES_1P1,2000,med,0,10,0.08333333333333333,0.0046521717321972985,0.2384041903808526,1.3164289593001555,1.1159562032075039,0.58986413138023,2.467717190684996
cont,Interp_Sphere_Rastrigin_lam0.75,0,ES_1P1,2000,hard,0,10,0.08333333333333333,0.0046521717321972985,0.2384041903808526,1.3164289593001555,1.1159562032075039,0.58986413138023,2.467717190684996
cont,Interp_Sphere_Rastrigin_lam0.75,0,ES_1P1,5000,easy,0,10,0.08333333333333333,0.0046521717321972985,0.2384041903808526,1.233045613191156,1.155146974180455,0.49155396662238826,2.2769852237120856
cont,Interp_Sphere_Rastrigin_lam0.75,0,ES_1P1,5000,med,0,10,0.08333333333333333,0.0046521717321972985,0.2384041903808526,1.233045613191156,1.155146974180455,0.49155396662238826,2.2769852237120856
cont,Interp_Sphere_Rastrigin_lam0.75,0,ES_1P1,5000,hard,0,10,0.08333333333333333,0.0046521717321972985,0.2384041903808526,1.233045613191156,1.155146974180455,0.49155396662238826,2.2769852237120856
cont,Interp_Sphere_Rastrigin_lam0.75,0,ES_1P1,10000,easy,0,10,0.08333333333333333,0.0046521717321972985,0.2384041903808526,1.5804587947424262,1.3517629284169912,0.8356407218372552,2.66432239148514
cont,Interp_Sphere_Rastrigin_lam0.75,0,ES_1P1,10000,med,0,10,0.08333333333333333,0.0046521717321972985,0.2384041903808526,1.5804587947424262,1.3517629284169912,0.8356407218372552,2.66432239148514
cont,Interp_Sphere_Rastrigin_lam0.75,0,ES_1P1,10000,hard,0,10,0.08333333333333333,0.0046521717321972985,0.2384041903808526,1.5804587947424262,1.3517629284169912,0.8356407218372552,2.66432239148514
cont,Interp_Sphere_Rastrigin_lam0.75,0,PSO_GBEST,300,easy,0,10,0.08333333333333333,0.0046521717321972985,0.2384041903808526,2.7238604151911523,2.859761224165754,1.9688707290364245,3.146780409870649
cont,Interp_Sphere_Rastrigin_lam0.75,0,PSO_GBEST,300,med,0,10,0.08333333333333333,0.0046521717321972985,0.2384041903808526,2.7238604151911523,2.859761224165754,1.9688707290364245,3.146780409870649
cont,Interp_Sphere_Rastrigin_lam0.75,0,PSO_GBEST,300,hard,0,10,0.08333333333333333,0.0046521717321972985,0.2384041903808526,2.7238604151911523,2.859761224165754,1.9688707290364245,3.146780409870649
cont,Interp_Sphere_Rastrigin_lam0.75,0,PSO_GBEST,500,easy,0,10,0.08333333333333333,0.0046521717321972985,0.2384041903808526,2.1917892126421274,2.213893653763884,1.3870790312743122,3.1157436361207402
cont,Interp_Sphere_Rastrigin_lam0.75,0,PSO_GBEST,500,med,0,10,0.08333333333333333,0.0046521717321972985,0.2384041903808526,2.1917892126421274,2.213893653763884,1.3870790312743122,3.1157436361207402
cont,Interp_Sphere_Rastrigin_lam0.75,0,PSO_GBEST,500,hard,0,10,0.08333333333333333,0.0046521717321972985,0.2384041903808526,2.1917892126421274,2.213893653763884,1.3870790312743122,3.1157436361207402
cont,Interp_Sphere_Rastrigin_lam0.75,0,PSO_GBEST,800,easy,0,10,0.08333333333333333,0.0046521717321972985,0.2384041903808526,2.034286075857657,2.186455326173273,1.5190868054095918,2.6575018432707576
cont,Interp_Sphere_Rastrigin_lam0.75,0,PSO_GBEST,800,med,0,10,0.08333333333333333,0.0046521717321972985,0.2384041903808526,2.034286075857657,2.186455326173273,1.5190868054095918,2.6575018432707576
cont,Interp_Sphere_Rastrigin_lam0.75,0,PSO_GBEST,800,hard,0,10,0.08333333333333333,0.0046521717321972985,0.2384041903808526,2.034286075857657,2.186455326173273,1.5190868054095918,2.6575018432707576
cont,Interp_Sphere_Rastrigin_lam0.75,0,PSO_GBEST,1000,easy,0,10,0.08333333333333333,0.0046521717321972985,0.2384041903808526,1.7160587019654847,1.7399742613682436,1.2267473671610192,2.399192495483315
cont,Interp_Sphere_Rastrigin_lam0.75,0,PSO_GBEST,1000,med,0,10,0.08333333333333333,0.0046521717321972985,0.2384041903808526,1.7160587019654847,1.7399742613682436,1.2267473671610192,2.399192495483315
cont,Interp_Sphere_Rastrigin_lam0.75,0,PSO_GBEST,1000,hard,0,10,0.08333333333333333,0.0046521717321972985,0.2384041903808526,1.7160587019654847,1.7399742613682436,1.2267473671610192,2.399192495483315
cont,Interp_Sphere_Rastrigin_lam0.75,0,PSO_GBEST,2000,easy,0,10,0.08333333333333333,0.0046521717321972985,0.2384041903808526,0.8660957142640356,0.8040486546340538,0.35341970658455263,1.3726390391477397
cont,Interp_Sphere_Rastrigin_lam0.75,0,PSO_GBEST,2000,med,0,10,0.08333333333333333,0.0046521717321972985,0.2384041903808526,0.8660957142640356,0.8040486546340538,0.35341970658455263,1.3726390391477397
cont,Interp_Sphere_Rastrigin_lam0.75,0,PSO_GBEST,2000,hard,0,10,0.08333333333333333,0.0046521717321972985,0.2384041903808526,0.8660957142640356,0.8040486546340538,0.35341970658455263,1.3726390391477397
cont,Interp_Sphere_Rastrigin_lam0.75,0,PSO_GBEST,5000,easy,0,10,0.08333333333333333,0.0046521717321972985,0.2384041903808526,0.7099461065903947,0.6439303599204158,0.15476023503758513,1.0994916340545426
cont,Interp_Sphere_Rastrigin_lam0.75,0,PSO_GBEST,5000,med,0,10,0.08333333333333333,0.0046521717321972985,0.2384041903808526,0.7099461065903947,0.6439303599204158,0.15476023503758513,1.0994916340545426
cont,Interp_Sphere_Rastrigin_lam0.75,0,PSO_GBEST,5000,hard,0,10,0.08333333333333333,0.0046521717321972985,0.2384041903808526,0.7099461065903947,0.6439303599204158,0.15476023503758513,1.0994916340545426
cont,Interp_Sphere_Rastrigin_lam0.75,0,PSO_GBEST,10000,easy,0,10,0.08333333333333333,0.0046521717321972985,0.2384041903808526,0.5947123327199181,0.4915535935077111,0.19662208933513386,1.2605134753376726
cont,Interp_Sphere_Rastrigin_lam0.75,0,PSO_GBEST,10000,med,0,10,0.08333333333333333,0.0046521717321972985,0.2384041903808526,0.5947123327199181,0.4915535935077111,0.19662208933513386,1.2605134753376726
cont,Interp_Sphere_Rastrigin_lam0.75,0,PSO_GBEST,10000,hard,0,10,0.08333333333333333,0.0046521717321972985,0.2384041903808526,0.5947123327199181,0.4915535935077111,0.19662208933513386,1.2605134753376726
cont,Interp_Sphere_Rastrigin_lam0.75,1,ES_1P1,300,easy,0,10,0.08333333333333333,0.0046521717321972985,0.2384041903808526,2.239742726553774,1.9042010229062352,1.1535512554301819,3.6860773189295584
cont,Interp_Sphere_Rastrigin_lam0.75,1,ES_1P1,300,med,0,10,0.08333333333333333,0.0046521717321972985,0.2384041903808526,2.239742726553774,1.9042010229062352,1.1535512554301819,3.6860773189295584
cont,Interp_Sphere_Rastrigin_lam0.75,1,ES_1P1,300,hard,0,10,0.08333333333333333,0.0046521717321972985,0.2384041903808526,2.239742726553774,1.9042010229062352,1.1535512554301819,3.6860773189295584
cont,Interp_Sphere_Rastrigin_lam0.75,1,ES_1P1,500,easy,0,10,0.08333333333333333,0.0046521717321972985,0.2384041903808526,1.2577942303454268,1.380965976173564,0.6768954189230811,1.8281510703613288
cont,Interp_Sphere_Rastrigin_lam0.75,1,ES_1P1,500,med,0,10,0.08333333333333333,0.0046521717321972985,0.2384041903808526,1.2577942303454268,1.380965976173564,0.6768954189230811,1.8281510703613288
cont,Interp_Sphere_Rastrigin_lam0.75,1,ES_1P1,500,hard,0,10,0.08333333333333333,0.0046521717321972985,0.2384041903808526,1.2577942303454268,1.380965976173564,0.6768954189230811,1.8281510703613288
cont,Interp_Sphere_Rastrigin_lam0.75,1,ES_1P1,800,easy,0,10,0.08333333333333333,0.0046521717321972985,0.2384041903808526,1.4041507184226318,1.1171984776209851,0.540757623516775,2.457749370461739
cont,Interp_Sphere_Rastrigin_lam0.75,1,ES_1P1,800,med,0,10,0.08333333333333333,0.0046521717321972985,0.2384041903808526,1.4041507184226318,1.1171984776209851,0.540757623516775,2.457749370461739
cont,Interp_Sphere_Rastrigin_lam0.75,1,ES_1P1,800,hard,0,10,0.08333333333333333,0.0046521717321972985,0.2384041903808526,1.4041507184226318,1.1171984776209851,0.540757623516775,2.457749370461739
cont,Interp_Sphere_Rastrigin_lam0.75,1,ES_1P1,1000,easy,0,10,0.08333333333333333,0.0046521717321972985,0.2384041903808526,1.3963952209667494,1.2043036582180888,0.884794587483777,2.7748115611744915
cont,Interp_Sphere_Rastrigin_lam0.75,1,ES_1P1,1000,med,0,10,0.08333333333333333,0.0046521717321972985,0.2384041903808526,1.3963952209667494,1.2043036582180888,0.884794587483777,2.7748115611744915
cont,Interp_Sphere_Rastrigin_lam0.75,1,ES_1P1,1000,hard,0,10,0.08333333333333333,0.0046521717321972985,0.2384041903808526,1.3963952209667494,1.2043036582180888,0.884794587483777,2.7748115611744915
cont,Interp_Sphere_Rastrigin_lam0.75,1,ES_1P1,2000,easy,0,10,0.08333333333333333,0.0046521717321972985,0.2384041903808526,1.221278274900911,1.1797247117969953,0.2949320656901223,1.966282432079744
cont,Interp_Sphere_Rastrigin_lam0.75,1,ES_1P1,2000,med,0,10,0.08333333333333333,0.0046521717321972985,0.2384041903808526,1.221278274900911,1.1797247117969953,0.2949320656901223,1.966282432079744
cont,Interp_Sphere_Rastrigin_lam0.75,1,ES_1P1,2000,hard,0,10,0.08333333333333333,0.0046521717321972985,0.2384041903808526,1.221278274900911,1.1797247117969953,0.2949320656901223,1.966282432079744
cont,Interp_Sphere_Rastrigin_lam0.75,1,ES_1P1,5000,easy,0,10,0.08333333333333333,0.0046521717321972985,0.2384041903808526,1.0764971174905569,0.9339512794492395,0.2949328513984204,2.555994940425042
cont,Interp_Sphere_Rastrigin_lam0.75,1,ES_1P1,5000,med,0,10,0.08333333333333333,0.0046521717321972985,0.2384041903808526,1.0764971174905569,0.9339512794492395,0.2949328513984204,2.555994940425042
cont,Interp_Sphere_Rastrigin_lam0.75,1,ES_1P1,5000,hard,0,10,0.08333333333333333,0.0046521717321972985,0.2384041903808526,1.0764971174905569,0.9339512794492395,0.2949328513984204,2.555994940425042
cont,Interp_Sphere_Rastrigin_lam0.75,1,ES_1P1,10000,easy,0,10,0.08333333333333333,0.0046521717321972985,0.2384041903808526,1.3723341322344929,1.2645321512635235,0.6390196066132866,2.9051427006533626
cont,Interp_Sphere_Rastrigin_lam0.75,1,ES_1P1,10000,med,0,10,0.08333333333333333,0.0046521717321972985,0.2384041903808526,1.3723341322344929,1.2645321512635235,0.6390196066132866,2.9051427006533626
cont,Interp_Sphere_Rastrigin_lam0.75,1,ES_1P1,10000,hard,0,10,0.08333333333333333,0.0046521717321972985,0.2384041903808526,1.3723341322344929,1.2645321512635235,0.6390196066132866,2.9051427006533626
cont,Interp_Sphere_Rastrigin_lam0.75,1,PSO_GBEST,300,easy,0,10,0.08333333333333333,0.0046521717321972985,0.2384041903808526,2.6399132464730655,2.7773458513327527,1.8678460030350867,3.2002720650560215
cont,Interp_Sphere_Rastrigin_lam0.75,1,PSO_GBEST,300,med,0,10,0.08333333333333333,0.0046521717321972985,0.2384041903808526,2.6399132464730655,2.7773458513327527,1.8678460030350867,3.2002720650560215
cont,Interp_Sphere_Rastrigin_lam0.75,1,PSO_GBEST,300,hard,0,10,0.08333333333333333,0.0046521717321972985,0.2384041903808526,2.6399132464730655,2.7773458513327527,1.8678460030350867,3.2002720650560215
cont,Interp_Sphere_Rastrigin_lam0.75,1,PSO_GBEST,500,easy,0,10,0.08333333333333333,0.0046521717321972985,0.2384041903808526,2.4778350333037946,2.4674265988445043,1.9330577666589015,3.045657666054223
cont,Interp_Sphere_Rastrigin_lam0.75,1,PSO_GBEST,500,med,0,10,0.08333333333333333,0.0046521717321972985,0.2384041903808526,2.4778350333037946,2.4674265988445043,1.9330577666589015,3.045657666054223
cont,Interp_Sphere_Rastrigin_lam0.75,1,PSO_GBEST,500,hard,0,10,0.08333333333333333,0.0046521717321972985,0.2384041903808526,2.4778350333037946,2.4674265988445043,1.9330577666589015,3.045657666054223
cont,Interp_Sphere_Rastrigin_lam0.75,1,PSO_GBEST,800,easy,0,10,0.08333333333333333,0.0046521717321972985,0.2384041903808526,1.5412600303178403,1.5178864491742394,1.1039528088041881,2.0533935770194693
cont,Interp_Sphere_Rastrigin_lam0.75,1,PSO_GBEST,800,med,0,10,0.08333333333333333,0.0046521717321972985,0.2384041903808526,1.5412600303178403,1.5178864491742394,1.1039528088041881,2.0533935770194693
cont,Interp_Sphere_Rastrigin_lam0.75,1,PSO_GBEST,800,hard,0,10,0.08333333333333333,0.0046521717321972985,0.2384041903808526,1.5412600303178403,1.5178864491742394,1.1039528088041881,2.0533935770194693
cont,Interp_Sphere_Rastrigin_lam0.75,1,PSO_GBEST,1000,easy,0,10,0.08333333333333333,0.0046521717321972985,0.2384041903808526,1.712999947158795,1.6783890897251932,1.4198426434542288,2.1505617239865216
cont,Interp_Sphere_Rastrigin_lam0.75,1,PSO_GBEST,1000,med,0,10,0.08333333333333333,0.0046521717321972985,0.2384041903808526,1.712999947158795,1.6783890897251932,1.4198426434542288,2.1505617239865216
cont,Interp_Sphere_Rastrigin_lam0.75,1,PSO_GBEST,1000,hard,0,10,0.08333333333333333,0.0046521717321972985,0.2384041903808526,1.712999947158795,1.6783890897251932,1.4198426434542288,2.1505617239865216
cont,Interp_Sphere_Rastrigin_lam0.75,1,PSO_GBEST,2000,easy,0,10,0.08333333333333333,0.0046521717321972985,0.2384041903808526,0.7722699920820475,0.7532289046191023,0.3489634418696379,1.2731083963120509
cont,Interp_Sphere_Rastrigin_lam0.75,1,PSO_GBEST,2000,med,0,10,0.08333333333333333,0.0046521717321972985,0.2384041903808526,0.7722699920820475,0.7532289046191023,0.3489634418696379,1.2731083963120509
cont,Interp_Sphere_Rastrigin_lam0.75,1,PSO_GBEST,2000,hard,0,10,0.08333333333333333,0.0046521717321972985,0.2384041903808526,0.7722699920820475,0.7532289046191023,0.3489634418696379,1.2731083963120509
cont,Interp_Sphere_Rastrigin_lam0.75,1,PSO_GBEST,5000,easy,0,10,0.08333333333333333,0.0046521717321972985,0.2384041903808526,0.5303630082250183,0.5407297562630862,0.1968742616401694,1.0594205358805415
cont,Interp_Sphere_Rastrigin_lam0.75,1,PSO_GBEST,5000,med,0,10,0.08333333333333333,0.0046521717321972985,0.2384041903808526,0.5303630082250183,0.5407297562630862,0.1968742616401694,1.0594205358805415
cont,Interp_Sphere_Rastrigin_lam0.75,1,PSO_GBEST,5000,hard,0,10,0.08333333333333333,0.0046521717321972985,0.2384041903808526,0.5303630082250183,0.5407297562630862,0.1968742616401694,1.0594205358805415
cont,Interp_Sphere_Rastrigin_lam0.75,1,PSO_GBEST,10000,easy,0,10,0.08333333333333333,0.0046521717321972985,0.2384041903808526,0.6059349636933493,0.5929515175746839,0.1966219010678782,1.0353423918003888
cont,Interp_Sphere_Rastrigin_lam0.75,1,PSO_GBEST,10000,med,0,10,0.08333333333333333,0.0046521717321972985,0.2384041903808526,0.6059349636933493,0.5929515175746839,0.1966219010678782,1.0353423918003888
cont,Interp_Sphere_Rastrigin_lam0.75,1,PSO_GBEST,10000,hard,0,10,0.08333333333333333,0.0046521717321972985,0.2384041903808526,0.6059349636933493,0.5929515175746839,0.1966219010678782,1.0353423918003888
cont,Interp_Sphere_Rastrigin_lam0.75,2,ES_1P1,300,easy,0,10,0.08333333333333333,0.0046521717321972985,0.2384041903808526,2.5163381009774954,2.25952111360178,1.5502437099627124,4.908399202974655
cont,Interp_Sphere_Rastrigin_lam0.75,2,ES_1P1,300,med,0,10,0.08333333333333333,0.0046521717321972985,0.2384041903808526,2.5163381009774954,2.25952111360178,1.5502437099627124,4.908399202974655
cont,Interp_Sphere_Rastrigin_lam0.75,2,ES_1P1,300,hard,0,10,0.08333333333333333,0.0046521717321972985,0.2384041903808526,2.5163381009774954,2.25952111360178,1.5502437099627124,4.908399202974655
cont,Interp_Sphere_Rastrigin_lam0.75,2,ES_1P1,500,easy,0,10,0.08333333333333333,0.0046521717321972985,0.2384041903808526,1.3212180232361976,1.3208459223851277,0.5779276525765653,1.9782894041949461
cont,Interp_Sphere_Rastrigin_lam0.75,2,ES_1P1,500,med,0,10,0.08333333333333333,0.0046521717321972985,0.2384041903808526,1.3212180232361976,1.3208459223851277,0.5779276525765653,1.9782894041949461
cont,Interp_Sphere_Rastrigin_lam0.75,2,ES_1P1,500,hard,0,10,0.08333333333333333,0.0046521717321972985,0.2384041903808526,1.3212180232361976,1.3208459223851277,0.5779276525765653,1.9782894041949461
cont,Interp_Sphere_Rastrigin_lam0.75,2,ES_1P1,800,easy,0,10,0.08333333333333333,0.0046521717321972985,0.2384041903808526,1.3371919525430922,1.106062158178686,0.3933500700364017,2.9003016890340456
cont,Interp_Sphere_Rastrigin_lam0.75,2,ES_1P1,800,med,0,10,0.08333333333333333,0.0046521717321972985,0.2384041903808526,1.3371919525430922,1.106062158178686,0.3933500700364017,2.9003016890340456
cont,Interp_Sphere_Rastrigin_lam0.75,2,ES_1P1,800,hard,0,10,0.08333333333333333,0.0046521717321972985,0.2384041903808526,1.3371919525430922,1.106062158178686,0.3933500700364017,2.9003016890340456
cont,Interp_Sphere_Rastrigin_lam0.75,2,ES_1P1,1000,easy,0,10,0.08333333333333333,0.0046521717321972985,0.2384041903808526,1.3619488637855925,1.2288865387760382,0.9339502071432418,2.359437128404979
cont,Interp_Sphere_Rastrigin_lam0.75,2,ES_1P1,1000,med,0,10,0.08333333333333333,0.0046521717321972985,0.2384041903808526,1.3619488637855925,1.2288865387760382,0.9339502071432418,2.359437128404979
cont,Interp_Sphere_Rastrigin_lam0.75,2,ES_1P1,1000,hard,0,10,0.08333333333333333,0.0046521717321972985,0.2384041903808526,1.3619488637855925,1.2288865387760382,0.9339502071432418,2.359437128404979
cont,Interp_Sphere_Rastrigin_lam0.75,2,ES_1P1,2000,easy,0,10,0.08333333333333333,0.0046521717321972985,0.2384041903808526,1.7204121271147201,1.4500754889071379,0.8356407218372662,2.801771530882085
cont,Interp_Sphere_Rastrigin_lam0.75,2,ES_1P1,2000,med,0,10,0.08333333333333333,0.0046521717321972985,0.2384041903808526,1.7204121271147201,1.4500754889071379,0.8356407218372662,2.801771530882085
cont,Interp_Sphere_Rastrigin_lam0.75,2,ES_1P1,2000,hard,0,10,0.08333333333333333,0.0046521717321972985,0.2384041903808526,1.7204121271147201,1.4500754889071379,0.8356407218372662,2.801771530882085
cont,Interp_Sphere_Rastrigin_lam0.75,2,ES_1P1,5000,easy,0,10,0.08333333333333333,0.0046521717321972985,0.2384041903808526,1.522533237948356,1.17972471179699,0.8847961970703255,3.8340492643056368
cont,Interp_Sphere_Rastrigin_lam0.75,2,ES_1P1,5000,med,0,10,0.08333333333333333,0.0046521717321972985,0.2384041903808526,1.522533237948356,1.17972471179699,0.8847961970703255,3.8340492643056368
cont,Interp_Sphere_Rastrigin_lam0.75,2,ES_1P1,5000,hard,0,10,0.08333333333333333,0.0046521717321972985,0.2384041903808526,1.522533237948356,1.17972471179699,0.8847961970703255,3.8340492643056368
cont,Interp_Sphere_Rastrigin_lam0.75,2,ES_1P1,10000,easy,0,10,0.08333333333333333,0.0046521717321972985,0.2384041903808526,1.445151211011843,1.4746500374450229,0.3440883266314901,2.5560370112473665
cont,Interp_Sphere_Rastrigin_lam0.75,2,ES_1P1,10000,med,0,10,0.08333333333333333,0.0046521717321972985,0.2384041903808526,1.445151211011843,1.4746500374450229,0.3440883266314901,2.5560370112473665
cont,Interp_Sphere_Rastrigin_lam0.75,2,ES_1P1,10000,hard,0,10,0.08333333333333333,0.0046521717321972985,0.2384041903808526,1.445151211011843,1.4746500374450229,0.3440883266314901,2.5560370112473665
cont,Interp_Sphere_Rastrigin_lam0.75,2,PSO_GBEST,300,easy,0,10,0.08333333333333333,0.0046521717321972985,0.2384041903808526,2.750464134316597,2.870301518465478,1.4972283181333401,3.40674555630641
cont,Interp_Sphere_Rastrigin_lam0.75,2,PSO_GBEST,300,med,0,10,0.08333333333333333,0.0046521717321972985,0.2384041903808526,2.750464134316597,2.870301518465478,1.4972283181333401,3.40674555630641
cont,Interp_Sphere_Rastrigin_lam0.75,2,PSO_GBEST,300,hard,0,10,0.08333333333333333,0.0046521717321972985,0.2384041903808526,2.750464134316597,2.870301518465478,1.4972283181333401,3.40674555630641
cont,Interp_Sphere_Rastrigin_lam0.75,2,PSO_GBEST,500,easy,0,10,0.08333333333333333,0.0046521717321972985,0.2384041903808526,2.4860435722082186,2.4680131453299934,2.0403260398521432,2.981921728247229
cont,Interp_Sphere_Rastrigin_lam0.75,2,PSO_GBEST,500,med,0,10,0.08333333333333333,0.0046521717321972985,0.2384041903808526,2.4860435722082186,2.4680131453299934,2.0403260398521432,2.981921728247229
cont,Interp_Sphere_Rastrigin_lam0.75,2,PSO_GBEST,500,hard,0,10,0.08333333333333333,0.0046521717321972985,0.2384041903808526,2.4860435722082186,2.4680131453299934,2.0403260398521432,2.981921728247229
cont,Interp_Sphere_Rastrigin_lam0.75,2,PSO_GBEST,800,easy,0,10,0.08333333333333333,0.0046521717321972985,0.2384041903808526,1.9006175230327584,1.9312381333291695,1.50103509808507,2.3973211659949087
cont,Interp_Sphere_Rastrigin_lam0.75,2,PSO_GBEST,800,med,0,10,0.08333333333333333,0.0046521717321972985,0.2384041903808526,1.9006175230327584,1.9312381333291695,1.50103509808507,2.3973211659949087
cont,Interp_Sphere_Rastrigin_lam0.75,2,PSO_GBEST,800,hard,0,10,0.08333333333333333,0.0046521717321972985,0.2384041903808526,1.9006175230327584,1.9312381333291695,1.50103509808507,2.3973211659949087
cont,Interp_Sphere_Rastrigin_lam0.75,2,PSO_GBEST,1000,easy,0,10,0.08333333333333333,0.0046521717321972985,0.2384041903808526,1.6161053259411076,1.5110437546937194,0.8712042972649229,2.7567787086522504
cont,Interp_Sphere_Rastrigin_lam0.75,2,PSO_GBEST,1000,med,0,10,0.08333333333333333,0.0046521717321972985,0.2384041903808526,1.6161053259411076,1.5110437546937194,0.8712042972649229,2.7567787086522504
cont,Interp_Sphere_Rastrigin_lam0.75,2,PSO_GBEST,1000,hard,0,10,0.08333333333333333,0.0046521717321972985,0.2384041903808526,1.6161053259411076,1.5110437546937194,0.8712042972649229,2.7567787086522504
cont,Interp_Sphere_Rastrigin_lam0.75,2,PSO_GBEST,2000,easy,0,10,0.08333333333333333,0.0046521717321972985,0.2384041903808526,0.9634158806977038,0.9252687941933677,0.573469822778258,1.3661469198412424
cont,Interp_Sphere_Rastrigin_lam0.75,2,PSO_GBEST,2000,med,0,10,0.08333333333333333,0.0046521717321972985,0.2384041903808526,0.9634158806977038,0.9252687941933677,0.573469822778258,1.3661469198412424
cont,Interp_Sphere_Rastrigin_lam0.75,2,PSO_GBEST,2000,hard,0,10,0.08333333333333333,0.0046521717321972985,0.2384041903808526,0.9634158806977038,0.9252687941933677,0.573469822778258,1.3661469198412424
cont,Interp_Sphere_Rastrigin_lam0.75,2,PSO_GBEST,5000,easy,0,10,0.08333333333333333,0.0046521717321972985,0.2384041903808526,0.5314855892103422,0.44527543735595687,0.29506130772872236,1.1192917339328816
cont,Interp_Sphere_Rastrigin_lam0.75,2,PSO_GBEST,5000,med,0,10,0.08333333333333333,0.0046521717321972985,0.2384041903808526,0.5314855892103422,0.44527543735595687,0.29506130772872236,1.1192917339328816
cont,Interp_Sphere_Rastrigin_lam0.75,2,PSO_GBEST,5000,hard,0,10,0.08333333333333333,0.0046521717321972985,0.2384041903808526,0.5314855892103422,0.44527543735595687,0.29506130772872236,1.1192917339328816
cont,Interp_Sphere_Rastrigin_lam0.75,2,PSO_GBEST,10000,easy,0,10,0.08333333333333333,0.0046521717321972985,0.2384041903808526,0.40240686701770373,0.37667431846550603,0.1474664258062408,0.6276747375181042
cont,Interp_Sphere_Rastrigin_lam0.75,2,PSO_GBEST,10000,med,0,10,0.08333333333333333,0.0046521717321972985,0.2384041903808526,0.40240686701770373,0.37667431846550603,0.1474664258062408,0.6276747375181042
cont,Interp_Sphere_Rastrigin_lam0.75,2,PSO_GBEST,10000,hard,0,10,0.08333333333333333,0.0046521717321972985,0.2384041903808526,0.40240686701770373,0.37667431846550603,0.1474664258062408,0.6276747375181042
cont,Interp_Sphere_Rastrigin_lam0.75,3,ES_1P1,300,easy,0,10,0.08333333333333333,0.0046521717321972985,0.2384041903808526,2.5031584791502595,2.32087763029101,1.4558813256472263,4.362968940930859
cont,Interp_Sphere_Rastrigin_lam0.75,3,ES_1P1,300,med,0,10,0.08333333333333333,0.0046521717321972985,0.2384041903808526,2.5031584791502595,2.32087763029101,1.4558813256472263,4.362968940930859
cont,Interp_Sphere_Rastrigin_lam0.75,3,ES_1P1,300,hard,0,10,0.08333333333333333,0.0046521717321972985,0.2384041903808526,2.5031584791502595,2.32087763029101,1.4558813256472263,4.362968940930859
cont,Interp_Sphere_Rastrigin_lam0.75,3,ES_1P1,500,easy,0,10,0.08333333333333333,0.0046521717321972985,0.2384041903808526,1.3669053697244393,1.2762477103061929,0.8115615946682229,2.4766236890450246
cont,Interp_Sphere_Rastrigin_lam0.75,3,ES_1P1,500,med,0,10,0.08333333333333333,0.0046521717321972985,0.2384041903808526,1.3669053697244393,1.2762477103061929,0.8115615946682229,2.4766236890450246
cont,Interp_Sphere_Rastrigin_lam0.75,3,ES_1P1,500,hard,0,10,0.08333333333333333,0.0046521717321972985,0.2384041903808526,1.3669053697244393,1.2762477103061929,0.8115615946682229,2.4766236890450246
cont,Interp_Sphere_Rastrigin_lam0.75,3,ES_1P1,800,easy,0,10,0.08333333333333333,0.0046521717321972985,0.2384041903808526,1.478120339042073,1.1306525783122212,0.7865646138734474,2.7035576028050246
cont,Interp_Sphere_Rastrigin_lam0.75,3,ES_1P1,800,med,0,10,0.08333333333333333,0.0046521717321972985,0.2384041903808526,1.478120339042073,1.1306525783122212,0.7865646138734474,2.7035576028050246
cont,Interp_Sphere_Rastrigin_lam0.75,3,ES_1P1,800,hard,0,10,0.08333333333333333,0.0046521717321972985,0.2384041903808526,1.478120339042073,1.1306525783122212,0.7865646138734474,2.7035576028050246
cont,Interp_Sphere_Rastrigin_lam0.75,3,ES_1P1,1000,easy,0,10,0.08333333333333333,0.0046521717321972985,0.2384041903808526,1.3800033123758884,1.2534587909892871,0.5407136965151037,2.949270441819847
cont,Interp_Sphere_Rastrigin_lam0.75,3,ES_1P1,1000,med,0,10,0.08333333333333333,0.0046521717321972985,0.2384041903808526,1.3800033123758884,1.2534587909892871,0.5407136965151037,2.949270441819847
cont,Interp_Sphere_Rastrigin_lam0.75,3,ES_1P1,1000,hard,0,10,0.08333333333333333,0.0046521717321972985,0.2384041903808526,1.3800033123758884,1.2534587909892871,0.5407136965151037,2.949270441819847
cont,Interp_Sphere_Rastrigin_lam0.75,3,ES_1P1,2000,easy,0,10,0.08333333333333333,0.0046521717321972985,0.2384041903808526,1.657570982789381,1.5238083089025807,0.5407086561471584,2.5173733503918534
cont,Interp_Sphere_Rastrigin_lam0.75,3,ES_1P1,2000,med,0,10,0.08333333333333333,0.0046521717321972985,0.2384041903808526,1.657570982789381,1.5238083089025807,0.5407086561471584,2.5173733503918534
cont,Interp_Sphere_Rastrigin_lam0.75,3,ES_1P1,2000,hard,0,10,0.08333333333333333,0.0046521717321972985,0.2384041903808526,1.657570982789381,1.5238083089025807,0.5407086561471584,2.5173733503918534
cont,Interp_Sphere_Rastrigin_lam0.75,3,ES_1P1,5000,easy,0,10,0.08333333333333333,0.0046521717321972985,0.2384041903808526,1.335481605322561,1.3763442479663146,0.8847930389610376,1.9661984578638432
cont,Interp_Sphere_Rastrigin_lam0.75,3,ES_1P1,5000,med,0,10,0.08333333333333333,0.0046521717321972985,0.2384041903808526,1.335481605322561,1.3763442479663146,0.8847930389610376,1.9661984578638432
cont,Interp_Sphere_Rastrigin_lam0.75,3,ES_1P1,5000,hard,0,10,0.08333333333333333,0.0046521717321972985,0.2384041903808526,1.335481605322561,1.3763442479663146,0.8847930389610376,1.9661984578638432
cont,Interp_Sphere_Rastrigin_lam0.75,3,ES_1P1,10000,easy,0,10,0.08333333333333333,0.0046521717321972985,0.2384041903808526,1.2583702246296493,1.3271887727332445,0.7864820884948973,1.7695781283481864
cont,Interp_Sphere_Rastrigin_lam0.75,3,ES_1P1,10000,med,0,10,0.08333333333333333,0.0046521717321972985,0.2384041903808526,1.2583702246296493,1.3271887727332445,0.7864820884948973,1.7695781283481864
cont,Interp_Sphere_Rastrigin_lam0.75,3,ES_1P1,10000,hard,0,10,0.08333333333333333,0.0046521717321972985,0.2384041903808526,1.2583702246296493,1.3271887727332445,0.7864820884948973,1.7695781283481864
cont,Interp_Sphere_Rastrigin_lam0.75,3,PSO_GBEST,300,easy,0,10,0.08333333333333333,0.0046521717321972985,0.2384041903808526,3.0571358979329544,3.0053667209979347,2.3477188300394194,3.8291294709057957
cont,Interp_Sphere_Rastrigin_lam0.75,3,PSO_GBEST,300,med,0,10,0.08333333333333333,0.0046521717321972985,0.2384041903808526,3.0571358979329544,3.0053667209979347,2.3477188300394194,3.8291294709057957
cont,Interp_Sphere_Rastrigin_lam0.75,3,PSO_GBEST,300,hard,0,10,0.08333333333333333,0.0046521717321972985,0.2384041903808526,3.0571358979329544,3.0053667209979347,2.3477188300394194,3.8291294709057957
cont,Interp_Sphere_Rastrigin_lam0.75,3,PSO_GBEST,500,easy,0,10,0.08333333333333333,0.0046521717321972985,0.2384041903808526,2.5928036871527103,2.4275995630119063,1.9679824224937164,3.232905965939704
cont,Interp_Sphere_Rastrigin_lam0.75,3,PSO_GBEST,500,med,0,10,0.08333333333333333,0.0046521717321972985,0.2384041903808526,2.5928036871527103,2.4275995630119063,1.9679824224937164,3.232905965939704
cont,Interp_Sphere_Rastrigin_lam0.75,3,PSO_GBEST,500,hard,0,10,0.08333333333333333,0.0046521717321972985,0.2384041903808526,2.5928036871527103,2.4275995630119063,1.9679824224937164,3.232905965939704
cont,Interp_Sphere_Rastrigin_lam0.75,3,PSO_GBEST,800,easy,0,10,0.08333333333333333,0.0046521717321972985,0.2384041903808526,1.6924949550269504,1.6748098160077332,1.1793426100218698,2.57866159647802
cont,Interp_Sphere_Rastrigin_lam0.75,3,PSO_GBEST,800,med,0,10,0.08333333333333333,0.0046521717321972985,0.2384041903808526,1.6924949550269504,1.6748098160077332,1.1793426100218698,2.57866159647802
cont,Interp_Sphere_Rastrigin_lam0.75,3,PSO_GBEST,800,hard,0,10,0.08333333333333333,0.0046521717321972985,0.2384041903808526,1.6924949550269504,1.6748098160077332,1.1793426100218698,2.57866159647802
cont,Interp_Sphere_Rastrigin_lam0.75,3,PSO_GBEST,1000,easy,0,10,0.08333333333333333,0.0046521717321972985,0.2384041903808526,1.547062302200521,1.6414948198088162,0.7966912179267287,2.112306767549328
cont,Interp_Sphere_Rastrigin_lam0.75,3,PSO_GBEST,1000,med,0,10,0.08333333333333333,0.0046521717321972985,0.2384041903808526,1.547062302200521,1.6414948198088162,0.7966912179267287,2.112306767549328
cont,Interp_Sphere_Rastrigin_lam0.75,3,PSO_GBEST,1000,hard,0,10,0.08333333333333333,0.0046521717321972985,0.2384041903808526,1.547062302200521,1.6414948198088162,0.7966912179267287,2.112306767549328
cont,Interp_Sphere_Rastrigin_lam0.75,3,PSO_GBEST,2000,easy,0,10,0.08333333333333333,0.0046521717321972985,0.2384041903808526,0.7751812187793738,0.7617561829465038,0.22233436587315178,1.0846819830676782
cont,Interp_Sphere_Rastrigin_lam0.75,3,PSO_GBEST,2000,med,0,10,0.08333333333333333,0.0046521717321972985,0.2384041903808526,0.7751812187793738,0.7617561829465038,0.22233436587315178,1.0846819830676782
cont,Interp_Sphere_Rastrigin_lam0.75,3,PSO_GBEST,2000,hard,0,10,0.08333333333333333,0.0046521717321972985,0.2384041903808526,0.7751812187793738,0.7617561829465038,0.22233436587315178,1.0846819830676782
cont,Interp_Sphere_Rastrigin_lam0.75,3,PSO_GBEST,5000,easy,0,10,0.08333333333333333,0.0046521717321972985,0.2384041903808526,0.6370585062264704,0.5906988988618918,0.1988971929270284,1.1460520287781217
cont,Interp_Sphere_Rastrigin_lam0.75,3,PSO_GBEST,5000,med,0,10,0.08333333333333333,0.0046521717321972985,0.2384041903808526,0.6370585062264704,0.5906988988618918,0.1988971929270284,1.1460520287781217
cont,Interp_Sphere_Rastrigin_lam0.75,3,PSO_GBEST,5000,hard,0,10,0.08333333333333333,0.0046521717321972985,0.2384041903808526,0.6370585062264704,0.5906988988618918,0.1988971929270284,1.1460520287781217
cont,Interp_Sphere_Rastrigin_lam0.75,3,PSO_GBEST,10000,easy,0,10,0.08333333333333333,0.0046521717321972985,0.2384041903808526,0.44086047922734856,0.2949324595993321,0.147466425702123,1.1797243189428421
cont,Interp_Sphere_Rastrigin_lam0.75,3,PSO_GBEST,10000,med,0,10,0.08333333333333333,0.0046521717321972985,0.2384041903808526,0.44086047922734856,0.2949324595993321,0.147466425702123,1.1797243189428421
cont,Interp_Sphere_Rastrigin_lam0.75,3,PSO_GBEST,10000,hard,0,10,0.08333333333333333,0.0046521717321972985,0.2384041903808526,0.44086047922734856,0.2949324595993321,0.147466425702123,1.1797243189428421
cont,Interp_Sphere_Rastrigin_lam0.75,4,ES_1P1,300,easy,0,10,0.08333333333333333,0.0046521717321972985,0.2384041903808526,2.211314065520699,2.173708765661644,1.4893235414480515,3.3890966871067256
cont,Interp_Sphere_Rastrigin_lam0.75,4,ES_1P1,300,med,0,10,0.08333333333333333,0.0046521717321972985,0.2384041903808526,2.211314065520699,2.173708765661644,1.4893235414480515,3.3890966871067256
cont,Interp_Sphere_Rastrigin_lam0.75,4,ES_1P1,300,hard,0,10,0.08333333333333333,0.0046521717321972985,0.2384041903808526,2.211314065520699,2.173708765661644,1.4893235414480515,3.3890966871067256
cont,Interp_Sphere_Rastrigin_lam0.75,4,ES_1P1,500,easy,0,10,0.08333333333333333,0.0046521717321972985,0.2384041903808526,1.7305842876664417,1.5488895162540095,0.51410380180628,3.572008289763365
cont,Interp_Sphere_Rastrigin_lam0.75,4,ES_1P1,500,med,0,10,0.08333333333333333,0.0046521717321972985,0.2384041903808526,1.7305842876664417,1.5488895162540095,0.51410380180628,3.572008289763365
cont,Interp_Sphere_Rastrigin_lam0.75,4,ES_1P1,500,hard,0,10,0.08333333333333333,0.0046521717321972985,0.2384041903808526,1.7305842876664417,1.5488895162540095,0.51410380180628,3.572008289763365
cont,Interp_Sphere_Rastrigin_lam0.75,4,ES_1P1,800,easy,0,10,0.08333333333333333,0.0046521717321972985,0.2384041903808526,1.318232734525844,1.278191257950577,0.6391179701828258,2.06844000875032
cont,Interp_Sphere_Rastrigin_lam0.75,4,ES_1P1,800,med,0,10,0.08333333333333333,0.0046521717321972985,0.2384041903808526,1.318232734525844,1.278191257950577,0.6391179701828258,2.06844000875032
cont,Interp_Sphere_Rastrigin_lam0.75,4,ES_1P1,800,hard,0,10,0.08333333333333333,0.0046521717321972985,0.2384041903808526,1.318232734525844,1.278191257950577,0.6391179701828258,2.06844000875032
cont,Interp_Sphere_Rastrigin_lam0.75,4,ES_1P1,1000,easy,0,10,0.08333333333333333,0.0046521717321972985,0.2384041903808526,1.411527459413297,1.4765920732453623,0.7864881310755607,2.015352298630974
cont,Interp_Sphere_Rastrigin_lam0.75,4,ES_1P1,1000,med,0,10,0.08333333333333333,0.0046521717321972985,0.2384041903808526,1.411527459413297,1.4765920732453623,0.7864881310755607,2.015352298630974
cont,Interp_Sphere_Rastrigin_lam0.75,4,ES_1P1,1000,hard,0,10,0.08333333333333333,0.0046521717321972985,0.2384041903808526,1.411527459413297,1.4765920732453623,0.7864881310755607,2.015352298630974
cont,Interp_Sphere_Rastrigin_lam0.75,4,ES_1P1,2000,easy,0,10,0.08333333333333333,0.0046521717321972985,0.2384041903808526,1.8088225189267224,1.7941527078555402,0.7373297713711264,2.7526742301401974
cont,Interp_Sphere_Rastrigin_lam0.75,4,ES_1P1,2000,med,0,10,0.08333333333333333,0.0046521717321972985,0.2384041903808526,1.8088225189267224,1.7941527078555402,0.7373297713711264,2.7526742301401974
cont,Interp_Sphere_Rastrigin_lam0.75,4,ES_1P1,2000,hard,0,10,0.08333333333333333,0.0046521717321972985,0.2384041903808526,1.8088225189267224,1.7941527078555402,0.7373297713711264,2.7526742301401974
cont,Interp_Sphere_Rastrigin_lam0.75,4,ES_1P1,5000,easy,0,10,0.08333333333333333,0.0046521717321972985,0.2384041903808526,1.4897447640646866,1.3271919308425324,0.5407094418554589,2.506513081697541
cont,Interp_Sphere_Rastrigin_lam0.75,4,ES_1P1,5000,med,0,10,0.08333333333333333,0.0046521717321972985,0.2384041903808526,1.4897447640646866,1.3271919308425324,0.5407094418554589,2.506513081697541
cont,Interp_Sphere_Rastrigin_lam0.75,4,ES_1P1,5000,hard,0,10,0.08333333333333333,0.0046521717321972985,0.2384041903808526,1.4897447640646866,1.3271919308425324,0.5407094418554589,2.506513081697541
cont,Interp_Sphere_Rastrigin_lam0.75,4,ES_1P1,10000,easy,0,10,0.08333333333333333,0.0046521717321972985,0.2384041903808526,1.3580345911851845,1.27996489752568,0.6390196066132869,2.074184282438441
cont,Interp_Sphere_Rastrigin_lam0.75,4,ES_1P1,10000,med,0,10,0.08333333333333333,0.0046521717321972985,0.2384041903808526,1.3580345911851845,1.27996489752568,0.6390196066132869,2.074184282438441
cont,Interp_Sphere_Rastrigin_lam0.75,4,ES_1P1,10000,hard,0,10,0.08333333333333333,0.0046521717321972985,0.2384041903808526,1.3580345911851845,1.27996489752568,0.6390196066132869,2.074184282438441
cont,Interp_Sphere_Rastrigin_lam0.75,4,PSO_GBEST,300,easy,0,10,0.08333333333333333,0.0046521717321972985,0.2384041903808526,2.7622907784345068,2.698023705657649,2.3207022763161484,3.547548588589277
cont,Interp_Sphere_Rastrigin_lam0.75,4,PSO_GBEST,300,med,0,10,0.08333333333333333,0.0046521717321972985,0.2384041903808526,2.7622907784345068,2.698023705657649,2.3207022763161484,3.547548588589277
cont,Interp_Sphere_Rastrigin_lam0.75,4,PSO_GBEST,300,hard,0,10,0.08333333333333333,0.0046521717321972985,0.2384041903808526,2.7622907784345068,2.698023705657649,2.3207022763161484,3.547548588589277
cont,Interp_Sphere_Rastrigin_lam0.75,4,PSO_GBEST,500,easy,0,10,0.08333333333333333,0.0046521717321972985,0.2384041903808526,2.2002647048166075,2.2185928977739815,1.0879098935679936,2.863604062948666
cont,Interp_Sphere_Rastrigin_lam0.75,4,PSO_GBEST,500,med,0,10,0.08333333333333333,0.0046521717321972985,0.2384041903808526,2.2002647048166075,2.2185928977739815,1.0879098935679936,2.863604062948666
cont,Interp_Sphere_Rastrigin_lam0.75,4,PSO_GBEST,500,hard,0,10,0.08333333333333333,0.0046521717321972985,0.2384041903808526,2.2002647048166075,2.2185928977739815,1.0879098935679936,2.863604062948666
cont,Interp_Sphere_Rastrigin_lam0.75,4,PSO_GBEST,800,easy,0,10,0.08333333333333333,0.0046521717321972985,0.2384041903808526,1.7475673609236082,1.7629650324876822,1.2332989986699687,2.2340261273691686
cont,Interp_Sphere_Rastrigin_lam0.75,4,PSO_GBEST,800,med,0,10,0.08333333333333333,0.0046521717321972985,0.2384041903808526,1.7475673609236082,1.7629650324876822,1.2332989986699687,2.2340261273691686
cont,Interp_Sphere_Rastrigin_lam0.75,4,PSO_GBEST,800,hard,0,10,0.08333333333333333,0.0046521717321972985,0.2384041903808526,1.7475673609236082,1.7629650324876822,1.2332989986699687,2.2340261273691686
cont,Interp_Sphere_Rastrigin_lam0.75,4,PSO_GBEST,1000,easy,0,10,0.08333333333333333,0.0046521717321972985,0.2384041903808526,1.584454217006046,1.6206449649247205,0.8624497073232761,2.1741999882640073
cont,Interp_Sphere_Rastrigin_lam0.75,4,PSO_GBEST,1000,med,0,10,0.08333333333333333,0.0046521717321972985,0.2384041903808526,1.584454217006046,1.6206449649247205,0.8624497073232761,2.1741999882640073
cont,Interp_Sphere_Rastrigin_lam0.75,4,PSO_GBEST,1000,hard,0,10,0.08333333333333333,0.0046521717321972985,0.2384041903808526,1.584454217006046,1.6206449649247205,0.8624497073232761,2.1741999882640073
cont,Interp_Sphere_Rastrigin_lam0.75,4,PSO_GBEST,2000,easy,0,10,0.08333333333333333,0.0046521717321972985,0.2384041903808526,0.8736338980184319,0.9427071798061679,0.2581281297450996,1.216983757011563
cont,Interp_Sphere_Rastrigin_lam0.75,4,PSO_GBEST,2000,med,0,10,0.08333333333333333,0.0046521717321972985,0.2384041903808526,0.8736338980184319,0.9427071798061679,0.2581281297450996,1.216983757011563
cont,Interp_Sphere_Rastrigin_lam0.75,4,PSO_GBEST,2000,hard,0,10,0.08333333333333333,0.0046521717321972985,0.2384041903808526,0.8736338980184319,0.9427071798061679,0.2581281297450996,1.216983757011563
cont,Interp_Sphere_Rastrigin_lam0.75,4,PSO_GBEST,5000,easy,0,10,0.08333333333333333,0.0046521717321972985,0.2384041903808526,0.5002971523175302,0.49602922153957557,0.2461966139230095,0.8383817024026925
cont,Interp_Sphere_Rastrigin_lam0.75,4,PSO_GBEST,5000,med,0,10,0.08333333333333333,0.0046521717321972985,0.2384041903808526,0.5002971523175302,0.49602922153957557,0.2461966139230095,0.8383817024026925
cont,Interp_Sphere_Rastrigin_lam0.75,4,PSO_GBEST,5000,hard,0,10,0.08333333333333333,0.0046521717321972985,0.2384041903808526,0.5002971523175302,0.49602922153957557,0.2461966139230095,0.8383817024026925
cont,Interp_Sphere_Rastrigin_lam0.75,4,PSO_GBEST,10000,easy,0,10,0.08333333333333333,0.0046521717321972985,0.2384041903808526,0.518737476392537,0.49155357423137497,0.14746644361690545,1.2413958335000523
cont,Interp_Sphere_Rastrigin_lam0.75,4,PSO_GBEST,10000,med,0,10,0.08333333333333333,0.0046521717321972985,0.2384041903808526,0.518737476392537,0.49155357423137497,0.14746644361690545,1.2413958335000523
cont,Interp_Sphere_Rastrigin_lam0.75,4,PSO_GBEST,10000,hard,0,10,0.08333333333333333,0.0046521717321972985,0.2384041903808526,0.518737476392537,0.49155357423137497,0.14746644361690545,1.2413958335000523
cont,Interp_Sphere_Rastrigin_lam0.75,5,ES_1P1,300,easy,0,10,0.08333333333333333,0.0046521717321972985,0.2384041903808526,2.006772372692037,2.1625186192918786,1.208820269800337,2.9006058394151513
cont,Interp_Sphere_Rastrigin_lam0.75,5,ES_1P1,300,med,0,10,0.08333333333333333,0.0046521717321972985,0.2384041903808526,2.006772372692037,2.1625186192918786,1.208820269800337,2.9006058394151513
cont,Interp_Sphere_Rastrigin_lam0.75,5,ES_1P1,300,hard,0,10,0.08333333333333333,0.0046521717321972985,0.2384041903808526,2.006772372692037,2.1625186192918786,1.208820269800337,2.9006058394151513
cont,Interp_Sphere_Rastrigin_lam0.75,5,ES_1P1,500,easy,0,10,0.08333333333333333,0.0046521717321972985,0.2384041903808526,1.3995029003748196,1.2045714302942006,0.8203173469039511,2.588353369309237
cont,Interp_Sphere_Rastrigin_lam0.75,5,ES_1P1,500,med,0,10,0.08333333333333333,0.0046521717321972985,0.2384041903808526,1.3995029003748196,1.2045714302942006,0.8203173469039511,2.588353369309237
cont,Interp_Sphere_Rastrigin_lam0.75,5,ES_1P1,500,hard,0,10,0.08333333333333333,0.0046521717321972985,0.2384041903808526,1.3995029003748196,1.2045714302942006,0.8203173469039511,2.588353369309237
cont,Interp_Sphere_Rastrigin_lam0.75,5,ES_1P1,800,easy,0,10,0.08333333333333333,0.0046521717321972985,0.2384041903808526,1.582537944015375,1.302753149386692,1.0816256837889517,3.0930185035545614
cont,Interp_Sphere_Rastrigin_lam0.75,5,ES_1P1,800,med,0,10,0.08333333333333333,0.0046521717321972985,0.2384041903808526,1.582537944015375,1.302753149386692,1.0816256837889517,3.0930185035545614
cont,Interp_Sphere_Rastrigin_lam0.75,5,ES_1P1,800,hard,0,10,0.08333333333333333,0.0046521717321972985,0.2384041903808526,1.582537944015375,1.302753149386692,1.0816256837889517,3.0930185035545614
cont,Interp_Sphere_Rastrigin_lam0.75,5,ES_1P1,1000,easy,0,10,0.08333333333333333,0.0046521717321972985,0.2384041903808526,1.2682058481394853,1.3026144672685285,0.589866784085054,1.9170504732993485
cont,Interp_Sphere_Rastrigin_lam0.75,5,ES_1P1,1000,med,0,10,0.08333333333333333,0.0046521717321972985,0.2384041903808526,1.2682058481394853,1.3026144672685285,0.589866784085054,1.9170504732993485
cont,Interp_Sphere_Rastrigin_lam0.75,5,ES_1P1,1000,hard,0,10,0.08333333333333333,0.0046521717321972985,0.2384041903808526,1.2682058481394853,1.3026144672685285,0.589866784085054,1.9170504732993485
cont,Interp_Sphere_Rastrigin_lam0.75,5,ES_1P1,2000,easy,0,10,0.08333333333333333,0.0046521717321972985,0.2384041903808526,1.2190458444432104,1.0322586789519421,0.7864852466042137,2.457742950158374
cont,Interp_Sphere_Rastrigin_lam0.75,5,ES_1P1,2000,med,0,10,0.08333333333333333,0.0046521717321972985,0.2384041903808526,1.2190458444432104,1.0322586789519421,0.7864852466042137,2.457742950158374
cont,Interp_Sphere_Rastrigin_lam0.75,5,ES_1P1,2000,hard,0,10,0.08333333333333333,0.0046521717321972985,0.2384041903808526,1.2190458444432104,1.0322586789519421,0.7864852466042137,2.457742950158374
cont,Interp_Sphere_Rastrigin_lam0.75,5,ES_1P1,5000,easy,0,10,0.08333333333333333,0.0046521717321972985,0.2384041903808526,1.1252675723457768,1.0322586789519357,0.6390196066132867,1.8148724985715836
cont,Interp_Sphere_Rastrigin_lam0.75,5,ES_1P1,5000,med,0,10,0.08333333333333333,0.0046521717321972985,0.2384041903808526,1.1252675723457768,1.0322586789519357,0.6390196066132867,1.8148724985715836
cont,Interp_Sphere_Rastrigin_lam0.75,5,ES_1P1,5000,hard,0,10,0.08333333333333333,0.0046521717321972985,0.2384041903808526,1.1252675723457768,1.0322586789519357,0.6390196066132867,1.8148724985715836
cont,Interp_Sphere_Rastrigin_lam0.75,5,ES_1P1,10000,easy,0,10,0.08333333333333333,0.0046521717321972985,0.2384041903808526,1.4300261186093297,1.327190351787888,0.8356407218372548,2.6543503341144823
cont,Interp_Sphere_Rastrigin_lam0.75,5,ES_1P1,10000,med,0,10,0.08333333333333333,0.0046521717321972985,0.2384041903808526,1.4300261186093297,1.327190351787888,0.8356407218372548,2.6543503341144823
cont,Interp_Sphere_Rastrigin_lam0.75,5,ES_1P1,10000,hard,0,10,0.08333333333333333,0.0046521717321972985,0.2384041903808526,1.4300261186093297,1.327190351787888,0.8356407218372548,2.6543503341144823
cont,Interp_Sphere_Rastrigin_lam0.75,5,PSO_GBEST,300,easy,0,10,0.08333333333333333,0.0046521717321972985,0.2384041903808526,2.759700234897018,2.7695687988612434,1.9883494892029963,3.5279689101126595
cont,Interp_Sphere_Rastrigin_lam0.75,5,PSO_GBEST,300,med,0,10,0.08333333333333333,0.0046521717321972985,0.2384041903808526,2.759700234897018,2.7695687988612434,1.9883494892029963,3.5279689101126595
cont,Interp_Sphere_Rastrigin_lam0.75,5,PSO_GBEST,300,hard,0,10,0.08333333333333333,0.0046521717321972985,0.2384041903808526,2.759700234897018,2.7695687988612434,1.9883494892029963,3.5279689101126595
cont,Interp_Sphere_Rastrigin_lam0.75,5,PSO_GBEST,500,easy,0,10,0.08333333333333333,0.0046521717321972985,0.2384041903808526,2.1980835291284566,2.2137697316605633,1.2429978201988339,3.031731741754027
cont,Interp_Sphere_Rastrigin_lam0.75,5,PSO_GBEST,500,med,0,10,0.08333333333333333,0.0046521717321972985,0.2384041903808526,2.1980835291284566,2.2137697316605633,1.2429978201988339,3.031731741754027
cont,Interp_Sphere_Rastrigin_lam0.75,5,PSO_GBEST,500,hard,0,10,0.08333333333333333,0.0046521717321972985,0.2384041903808526,2.1980835291284566,2.2137697316605633,1.2429978201988339,3.031731741754027
cont,Interp_Sphere_Rastrigin_lam0.75,5,PSO_GBEST,800,easy,0,10,0.08333333333333333,0.0046521717321972985,0.2384041903808526,1.9674611595130287,2.0447458424928375,1.2901982629308781,2.5630794033577637
cont,Interp_Sphere_Rastrigin_lam0.75,5,PSO_GBEST,800,med,0,10,0.08333333333333333,0.0046521717321972985,0.2384041903808526,1.9674611595130287,2.0447458424928375,1.2901982629308781,2.5630794033577637
cont,Interp_Sphere_Rastrigin_lam0.75,5,PSO_GBEST,800,hard,0,10,0.08333333333333333,0.0046521717321972985,0.2384041903808526,1.9674611595130287,2.0447458424928375,1.2901982629308781,2.5630794033577637
cont,Interp_Sphere_Rastrigin_lam0.75,5,PSO_GBEST,1000,easy,0,10,0.08333333333333333,0.0046521717321972985,0.2384041903808526,1.5893163574413183,1.5192201621099692,0.8309086681757568,2.167153878555107
cont,Interp_Sphere_Rastrigin_lam0.75,5,PSO_GBEST,1000,med,0,10,0.08333333333333333,0.0046521717321972985,0.2384041903808526,1.5893163574413183,1.5192201621099692,0.8309086681757568,2.167153878555107
cont,Interp_Sphere_Rastrigin_lam0.75,5,PSO_GBEST,1000,hard,0,10,0.08333333333333333,0.0046521717321972985,0.2384041903808526,1.5893163574413183,1.5192201621099692,0.8309086681757568,2.167153878555107
cont,Interp_Sphere_Rastrigin_lam0.75,5,PSO_GBEST,2000,easy,0,10,0.08333333333333333,0.0046521717321972985,0.2384041903808526,0.8816153905555485,0.8157379097211621,0.5037586099889093,1.6141547225733515
cont,Interp_Sphere_Rastrigin_lam0.75,5,PSO_GBEST,2000,med,0,10,0.08333333333333333,0.0046521717321972985,0.2384041903808526,0.8816153905555485,0.8157379097211621,0.5037586099889093,1.6141547225733515
cont,Interp_Sphere_Rastrigin_lam0.75,5,PSO_GBEST,2000,hard,0,10,0.08333333333333333,0.0046521717321972985,0.2384041903808526,0.8816153905555485,0.8157379097211621,0.5037586099889093,1.6141547225733515
cont,Interp_Sphere_Rastrigin_lam0.75,5,PSO_GBEST,5000,easy,1,10,0.16666666666666666,0.033319217684229845,0.3643594892472425,0.33713025652772105,0.3142279694091903,0.09831852130919498,0.7687089193294976
cont,Interp_Sphere_Rastrigin_lam0.75,5,PSO_GBEST,5000,med,0,10,0.08333333333333333,0.0046521717321972985,0.2384041903808526,0.33713025652772105,0.3142279694091903,0.09831852130919498,0.7687089193294976
cont,Interp_Sphere_Rastrigin_lam0.75,5,PSO_GBEST,5000,hard,0,10,0.08333333333333333,0.0046521717321972985,0.2384041903808526,0.33713025652772105,0.3142279694091903,0.09831852130919498,0.7687089193294976
cont,Interp_Sphere_Rastrigin_lam0.75,5,PSO_GBEST,10000,easy,0,10,0.08333333333333333,0.0046521717321972985,0.2384041903808526,0.5445441898074553,0.5161309185584866,0.1966222952300714,1.3764032736810838
cont,Interp_Sphere_Rastrigin_lam0.75,5,PSO_GBEST,10000,med,0,10,0.08333333333333333,0.0046521717321972985,0.2384041903808526,0.5445441898074553,0.5161309185584866,0.1966222952300714,1.3764032736810838
cont,Interp_Sphere_Rastrigin_lam0.75,5,PSO_GBEST,10000,hard,0,10,0.08333333333333333,0.0046521717321972985,0.2384041903808526,0.5445441898074553,0.5161309185584866,0.1966222952300714,1.3764032736810838
cont,Interp_Sphere_Rastrigin_lam0.75,6,ES_1P1,300,easy,0,10,0.08333333333333333,0.0046521717321972985,0.2384041903808526,2.178692652880809,2.097782001229712,1.147566058499151,3.4568957424088236
cont,Interp_Sphere_Rastrigin_lam0.75,6,ES_1P1,300,med,0,10,0.08333333333333333,0.0046521717321972985,0.2384041903808526,2.178692652880809,2.097782001229712,1.147566058499151,3.4568957424088236
cont,Interp_Sphere_Rastrigin_lam0.75,6,ES_1P1,300,hard,0,10,0.08333333333333333,0.0046521717321972985,0.2384041903808526,2.178692652880809,2.097782001229712,1.147566058499151,3.4568957424088236
cont,Interp_Sphere_Rastrigin_lam0.75,6,ES_1P1,500,easy,0,10,0.08333333333333333,0.0046521717321972985,0.2384041903808526,1.771917114145986,1.6602955479300738,0.8475042887814169,4.142254032526251
cont,Interp_Sphere_Rastrigin_lam0.75,6,ES_1P1,500,med,0,10,0.08333333333333333,0.0046521717321972985,0.2384041903808526,1.771917114145986,1.6602955479300738,0.8475042887814169,4.142254032526251
cont,Interp_Sphere_Rastrigin_lam0.75,6,ES_1P1,500,hard,0,10,0.08333333333333333,0.0046521717321972985,0.2384041903808526,1.771917114145986,1.6602955479300738,0.8475042887814169,4.142254032526251
cont,Interp_Sphere_Rastrigin_lam0.75,6,ES_1P1,800,easy,0,10,0.08333333333333333,0.0046521717321972985,0.2384041903808526,1.4550499226357472,1.4501187711356542,0.835666727733412,1.86797944278933
cont,Interp_Sphere_Rastrigin_lam0.75,6,ES_1P1,800,med,0,10,0.08333333333333333,0.0046521717321972985,0.2384041903808526,1.4550499226357472,1.4501187711356542,0.835666727733412,1.86797944278933
cont,Interp_Sphere_Rastrigin_lam0.75,6,ES_1P1,800,hard,0,10,0.08333333333333333,0.0046521717321972985,0.2384041903808526,1.4550499226357472,1.4501187711356542,0.835666727733412,1.86797944278933
cont,Interp_Sphere_Rastrigin_lam0.75,6,ES_1P1,1000,easy,0,10,0.08333333333333333,0.0046521717321972985,0.2384041903808526,1.787380629809111,1.5483834903521407,0.9831076330874828,3.5882275561936074
cont,Interp_Sphere_Rastrigin_lam0.75,6,ES_1P1,1000,med,0,10,0.08333333333333333,0.0046521717321972985,0.2384041903808526,1.787380629809111,1.5483834903521407,0.9831076330874828,3.5882275561936074
cont,Interp_Sphere_Rastrigin_lam0.75,6,ES_1P1,1000,hard,0,10,0.08333333333333333,0.0046521717321972985,0.2384041903808526,1.787380629809111,1.5483834903521407,0.9831076330874828,3.5882275561936074
cont,Interp_Sphere_Rastrigin_lam0.75,6,ES_1P1,2000,easy,0,10,0.08333333333333333,0.0046521717321972985,0.2384041903808526,0.9782185978396039,0.8110617980203281,0.34408832663151656,2.457746108267716
cont,Interp_Sphere_Rastrigin_lam0.75,6,ES_1P1,2000,med,0,10,0.08333333333333333,0.0046521717321972985,0.2384041903808526,0.9782185978396039,0.8110617980203281,0.34408832663151656,2.457746108267716
cont,Interp_Sphere_Rastrigin_lam0.75,6,ES_1P1,2000,hard,0,10,0.08333333333333333,0.0046521717321972985,0.2384041903808526,0.9782185978396039,0.8110617980203281,0.34408832663151656,2.457746108267716
cont,Interp_Sphere_Rastrigin_lam0.75,6,ES_1P1,5000,easy,0,10,0.08333333333333333,0.0046521717321972985,0.2384041903808526,1.2712605624999775,1.1797243189428341,0.7864852466041852,1.917046988387062
cont,Interp_Sphere_Rastrigin_lam0.75,6,ES_1P1,5000,med,0,10,0.08333333333333333,0.0046521717321972985,0.2384041903808526,1.2712605624999775,1.1797243189428341,0.7864852466041852,1.917046988387062
cont,Interp_Sphere_Rastrigin_lam0.75,6,ES_1P1,5000,hard,0,10,0.08333333333333333,0.0046521717321972985,0.2384041903808526,1.2712605624999775,1.1797243189428341,0.7864852466041852,1.917046988387062
cont,Interp_Sphere_Rastrigin_lam0.75,6,ES_1P1,10000,easy,0,10,0.08333333333333333,0.0046521717321972985,0.2384041903808526,1.371426709952601,1.3517676965502674,0.6390196066132867,2.6543600596260486
cont,Interp_Sphere_Rastrigin_lam0.75,6,ES_1P1,10000,med,0,10,0.08333333333333333,0.0046521717321972985,0.2384041903808526,1.371426709952601,1.3517676965502674,0.6390196066132867,2.6543600596260486
cont,Interp_Sphere_Rastrigin_lam0.75,6,ES_1P1,10000,hard,0,10,0.08333333333333333,0.0046521717321972985,0.2384041903808526,1.371426709952601,1.3517676965502674,0.6390196066132867,2.6543600596260486
cont,Interp_Sphere_Rastrigin_lam0.75,6,PSO_GBEST,300,easy,0,10,0.08333333333333333,0.0046521717321972985,0.2384041903808526,2.739490068767963,2.739203225578501,2.3364963457556023,2.973900857565888
cont,Interp_Sphere_Rastrigin_lam0.75,6,PSO_GBEST,300,med,0,10,0.08333333333333333,0.0046521717321972985,0.2384041903808526,2.739490068767963,2.739203225578501,2.3364963457556023,2.973900857565888
cont,Interp_Sphere_Rastrigin_lam0.75,6,PSO_GBEST,300,hard,0,10,0.08333333333333333,0.0046521717321972985,0.2384041903808526,2.739490068767963,2.739203225578501,2.3364963457556023,2.973900857565888
cont,Interp_Sphere_Rastrigin_lam0.75,6,PSO_GBEST,500,easy,0,10,0.08333333333333333,0.0046521717321972985,0.2384041903808526,2.457343957320425,2.532763604174472,1.68871165324327,3.0798130291623163
cont,Interp_Sphere_Rastrigin_lam0.75,6,PSO_GBEST,500,med,0,10,0.08333333333333333,0.0046521717321972985,0.2384041903808526,2.457343957320425,2.532763604174472,1.68871165324327,3.0798130291623163
cont,Interp_Sphere_Rastrigin_lam0.75,6,PSO_GBEST,500,hard,0,10,0.08333333333333333,0.0046521717321972985,0.2384041903808526,2.457343957320425,2.532763604174472,1.68871165324327,3.0798130291623163
cont,Interp_Sphere_Rastrigin_lam0.75,6,PSO_GBEST,800,easy,0,10,0.08333333333333333,0.0046521717321972985,0.2384041903808526,1.9478102244853208,2.017162170451516,1.163213525269002,2.643800885364395
cont,Interp_Sphere_Rastrigin_lam0.75,6,PSO_GBEST,800,med,0,10,0.08333333333333333,0.0046521717321972985,0.2384041903808526,1.9478102244853208,2.017162170451516,1.163213525269002,2.643800885364395
cont,Interp_Sphere_Rastrigin_lam0.75,6,PSO_GBEST,800,hard,0,10,0.08333333333333333,0.0046521717321972985,0.2384041903808526,1.9478102244853208,2.017162170451516,1.163213525269002,2.643800885364395
cont,Interp_Sphere_Rastrigin_lam0.75,6,PSO_GBEST,1000,easy,0,10,0.08333333333333333,0.0046521717321972985,0.2384041903808526,1.5469044969896741,1.5830172210759774,0.9876099011790453,1.9290622544881095
cont,Interp_Sphere_Rastrigin_lam0.75,6,PSO_GBEST,1000,med,0,10,0.08333333333333333,0.0046521717321972985,0.2384041903808526,1.5469044969896741,1.5830172210759774,0.9876099011790453,1.9290622544881095
cont,Interp_Sphere_Rastrigin_lam0.75,6,PSO_GBEST,1000,hard,0,10,0.08333333333333333,0.0046521717321972985,0.2384041903808526,1.5469044969896741,1.5830172210759774,0.9876099011790453,1.9290622544881095
cont,Interp_Sphere_Rastrigin_lam0.75,6,PSO_GBEST,2000,easy,0,10,0.08333333333333333,0.0046521717321972985,0.2384041903808526,1.0036464842498813,0.7509819464014788,0.3822117008747708,2.230767701020213
cont,Interp_Sphere_Rastrigin_lam0.75,6,PSO_GBEST,2000,med,0,10,0.08333333333333333,0.0046521717321972985,0.2384041903808526,1.0036464842498813,0.7509819464014788,0.3822117008747708,2.230767701020213
cont,Interp_Sphere_Rastrigin_lam0.75,6,PSO_GBEST,2000,hard,0,10,0.08333333333333333,0.0046521717321972985,0.2384041903808526,1.0036464842498813,0.7509819464014788,0.3822117008747708,2.230767701020213
cont,Interp_Sphere_Rastrigin_lam0.75,6,PSO_GBEST,5000,easy,0,10,0.08333333333333333,0.0046521717321972985,0.2384041903808526,0.4845959842084729,0.49302831783323525,0.15664300489917032,0.703765582610751
cont,Interp_Sphere_Rastrigin_lam0.75,6,PSO_GBEST,5000,med,0,10,0.08333333333333333,0.0046521717321972985,0.2384041903808526,0.4845959842084729,0.49302831783323525,0.15664300489917032,0.703765582610751
cont,Interp_Sphere_Rastrigin_lam0.75,6,PSO_GBEST,5000,hard,0,10,0.08333333333333333,0.0046521717321972985,0.2384041903808526,0.4845959842084729,0.49302831783323525,0.15664300489917032,0.703765582610751
cont,Interp_Sphere_Rastrigin_lam0.75,6,PSO_GBEST,10000,easy,0,10,0.08333333333333333,0.0046521717321972985,0.2384041903808526,0.4580198903383638,0.42516534029456166,0.19662190095643414,1.1002087579678348
cont,Interp_Sphere_Rastrigin_lam0.75,6,PSO_GBEST,10000,med,0,10,0.08333333333333333,0.0046521717321972985,0.2384041903808526,0.4580198903383638,0.42516534029456166,0.19662190095643414,1.1002087579678348
cont,Interp_Sphere_Rastrigin_lam0.75,6,PSO_GBEST,10000,hard,0,10,0.08333333333333333,0.0046521717321972985,0.2384041903808526,0.4580198903383638,0.42516534029456166,0.19662190095643414,1.1002087579678348
cont,Interp_Sphere_Rastrigin_lam0.75,7,ES_1P1,300,easy,0,10,0.08333333333333333,0.0046521717321972985,0.2384041903808526,2.2847948810346974,2.1082124610331068,1.743234262427202,3.441835936883771
cont,Interp_Sphere_Rastrigin_lam0.75,7,ES_1P1,300,med,0,10,0.08333333333333333,0.0046521717321972985,0.2384041903808526,2.2847948810346974,2.1082124610331068,1.743234262427202,3.441835936883771
cont,Interp_Sphere_Rastrigin_lam0.75,7,ES_1P1,300,hard,0,10,0.08333333333333333,0.0046521717321972985,0.2384041903808526,2.2847948810346974,2.1082124610331068,1.743234262427202,3.441835936883771
cont,Interp_Sphere_Rastrigin_lam0.75,7,ES_1P1,500,easy,0,10,0.08333333333333333,0.0046521717321972985,0.2384041903808526,1.2924567169477086,1.4322405685081523,0.5638956694632029,1.9021950478706073
cont,Interp_Sphere_Rastrigin_lam0.75,7,ES_1P1,500,med,0,10,0.08333333333333333,0.0046521717321972985,0.2384041903808526,1.2924567169477086,1.4322405685081523,0.5638956694632029,1.9021950478706073
cont,Interp_Sphere_Rastrigin_lam0.75,7,ES_1P1,500,hard,0,10,0.08333333333333333,0.0046521717321972985,0.2384041903808526,1.2924567169477086,1.4322405685081523,0.5638956694632029,1.9021950478706073
cont,Interp_Sphere_Rastrigin_lam0.75,7,ES_1P1,800,easy,0,10,0.08333333333333333,0.0046521717321972985,0.2384041903808526,1.2438055612275647,1.1799948397355167,0.49163492224088795,2.0156860701955432
cont,Interp_Sphere_Rastrigin_lam0.75,7,ES_1P1,800,med,0,10,0.08333333333333333,0.0046521717321972985,0.2384041903808526,1.2438055612275647,1.1799948397355167,0.49163492224088795,2.0156860701955432
cont,Interp_Sphere_Rastrigin_lam0.75,7,ES_1P1,800,hard,0,10,0.08333333333333333,0.0046521717321972985,0.2384041903808526,1.2438055612275647,1.1799948397355167,0.49163492224088795,2.0156860701955432
cont,Interp_Sphere_Rastrigin_lam0.75,7,ES_1P1,1000,easy,0,10,0.08333333333333333,0.0046521717321972985,0.2384041903808526,1.4353288211379462,1.2288809650056387,0.83564459126573,2.9492980162938944
cont,Interp_Sphere_Rastrigin_lam0.75,7,ES_1P1,1000,med,0,10,0.08333333333333333,0.0046521717321972985,0.2384041903808526,1.4353288211379462,1.2288809650056387,0.83564459126573,2.9492980162938944
cont,Interp_Sphere_Rastrigin_lam0.75,7,ES_1P1,1000,hard,0,10,0.08333333333333333,0.0046521717321972985,0.2384041903808526,1.4353288211379462,1.2288809650056387,0.83564459126573,2.9492980162938944
cont,Interp_Sphere_Rastrigin_lam0.75,7,ES_1P1,2000,easy,0,10,0.08333333333333333,0.0046521717321972985,0.2384041903808526,1.614981105508651,1.8678855278508957,0.4423984913893231,2.998422022552539
cont,Interp_Sphere_Rastrigin_lam0.75,7,ES_1P1,2000,med,0,10,0.08333333333333333,0.0046521717321972985,0.2384041903808526,1.614981105508651,1.8678855278508957,0.4423984913893231,2.998422022552539
cont,Interp_Sphere_Rastrigin_lam0.75,7,ES_1P1,2000,hard,0,10,0.08333333333333333,0.0046521717321972985,0.2384041903808526,1.614981105508651,1.8678855278508957,0.4423984913893231,2.998422022552539
cont,Interp_Sphere_Rastrigin_lam0.75,7,ES_1P1,5000,easy,0,10,0.08333333333333333,0.0046521717321972985,0.2384041903808526,1.4599025213468815,1.4746500374450227,0.6881719237370691,2.310270146301894
cont,Interp_Sphere_Rastrigin_lam0.75,7,ES_1P1,5000,med,0,10,0.08333333333333333,0.0046521717321972985,0.2384041903808526,1.4599025213468815,1.4746500374450227,0.6881719237370691,2.310270146301894
cont,Interp_Sphere_Rastrigin_lam0.75,7,ES_1P1,5000,hard,0,10,0.08333333333333333,0.0046521717321972985,0.2384041903808526,1.4599025213468815,1.4746500374450227,0.6881719237370691,2.310270146301894
cont,Interp_Sphere_Rastrigin_lam0.75,7,ES_1P1,10000,easy,0,10,0.08333333333333333,0.0046521717321972985,0.2384041903808526,1.6171993160307234,1.6221156774359207,0.8356407218372549,2.211972675919906
cont,Interp_Sphere_Rastrigin_lam0.75,7,ES_1P1,10000,med,0,10,0.08333333333333333,0.0046521717321972985,0.2384041903808526,1.6171993160307234,1.6221156774359207,0.8356407218372549,2.211972675919906
cont,Interp_Sphere_Rastrigin_lam0.75,7,ES_1P1,10000,hard,0,10,0.08333333333333333,0.0046521717321972985,0.2384041903808526,1.6171993160307234,1.6221156774359207,0.8356407218372549,2.211972675919906
cont,Interp_Sphere_Rastrigin_lam0.75,7,PSO_GBEST,300,easy,0,10,0.08333333333333333,0.0046521717321972985,0.2384041903808526,2.9394657160020197,2.654219795173527,2.4040175914666535,4.205373900403784
cont,Interp_Sphere_Rastrigin_lam0.75,7,PSO_GBEST,300,med,0,10,0.08333333333333333,0.0046521717321972985,0.2384041903808526,2.9394657160020197,2.654219795173527,2.4040175914666535,4.205373900403784
cont,Interp_Sphere_Rastrigin_lam0.75,7,PSO_GBEST,300,hard,0,10,0.08333333333333333,0.0046521717321972985,0.2384041903808526,2.9394657160020197,2.654219795173527,2.4040175914666535,4.205373900403784
cont,Interp_Sphere_Rastrigin_lam0.75,7,PSO_GBEST,500,easy,0,10,0.08333333333333333,0.0046521717321972985,0.2384041903808526,2.094253606246721,2.1640994678861887,1.3514454234787072,2.8678579942311613
cont,Interp_Sphere_Rastrigin_lam0.75,7,PSO_GBEST,500,med,0,10,0.08333333333333333,0.0046521717321972985,0.2384041903808526,2.094253606246721,2.1640994678861887,1.3514454234787072,2.8678579942311613
cont,Interp_Sphere_Rastrigin_lam0.75,7,PSO_GBEST,500,hard,0,10,0.08333333333333333,0.0046521717321972985,0.2384041903808526,2.094253606246721,2.1640994678861887,1.3514454234787072,2.8678579942311613
cont,Interp_Sphere_Rastrigin_lam0.75,7,PSO_GBEST,800,easy,0,10,0.08333333333333333,0.0046521717321972985,0.2384041903808526,1.9776502773760396,1.88795354361289,1.5293544004667903,2.488377786212597
cont,Interp_Sphere_Rastrigin_lam0.75,7,PSO_GBEST,800,med,0,10,0.08333333333333333,0.0046521717321972985,0.2384041903808526,1.9776502773760396,1.88795354361289,1.5293544004667903,2.488377786212597
cont,Interp_Sphere_Rastrigin_lam0.75,7,PSO_GBEST,800,hard,0,10,0.08333333333333333,0.0046521717321972985,0.2384041903808526,1.9776502773760396,1.88795354361289,1.5293544004667903,2.488377786212597
cont,Interp_Sphere_Rastrigin_lam0.75,7,PSO_GBEST,1000,easy,0,10,0.08333333333333333,0.0046521717321972985,0.2384041903808526,1.6286259373637606,1.6680797342964262,1.079165065306328,2.0988635139430536
cont,Interp_Sphere_Rastrigin_lam0.75,7,PSO_GBEST,1000,med,0,10,0.08333333333333333,0.0046521717321972985,0.2384041903808526,1.6286259373637606,1.6680797342964262,1.079165065306328,2.0988635139430536
cont,Interp_Sphere_Rastrigin_lam0.75,7,PSO_GBEST,1000,hard,0,10,0.08333333333333333,0.0046521717321972985,0.2384041903808526,1.6286259373637606,1.6680797342964262,1.079165065306328,2.0988635139430536
cont,Interp_Sphere_Rastrigin_lam0.75,7,PSO_GBEST,2000,easy,0,10,0.08333333333333333,0.0046521717321972985,0.2384041903808526,0.8884023605052171,0.8114263632636047,0.3469495260320226,1.6981616513633448
cont,Interp_Sphere_Rastrigin_lam0.75,7,PSO_GBEST,2000,med,0,10,0.08333333333333333,0.0046521717321972985,0.2384041903808526,0.8884023605052171,0.8114263632636047,0.3469495260320226,1.6981616513633448
cont,Interp_Sphere_Rastrigin_lam0.75,7,PSO_GBEST,2000,hard,0,10,0.08333333333333333,0.0046521717321972985,0.2384041903808526,0.8884023605052171,0.8114263632636047,0.3469495260320226,1.6981616513633448
cont,Interp_Sphere_Rastrigin_lam0.75,7,PSO_GBEST,5000,easy,0,10,0.08333333333333333,0.0046521717321972985,0.2384041903808526,0.5241880848150562,0.426740589547902,0.2007720501215773,1.0732888715041213
cont,Interp_Sphere_Rastrigin_lam0.75,7,PSO_GBEST,5000,med,0,10,0.08333333333333333,0.0046521717321972985,0.2384041903808526,0.5241880848150562,0.426740589547902,0.2007720501215773,1.0732888715041213
cont,Interp_Sphere_Rastrigin_lam0.75,7,PSO_GBEST,5000,hard,0,10,0.08333333333333333,0.0046521717321972985,0.2384041903808526,0.5241880848150562,0.426740589547902,0.2007720501215773,1.0732888715041213
cont,Interp_Sphere_Rastrigin_lam0.75,7,PSO_GBEST,10000,easy,0,10,0.08333333333333333,0.0046521717321972985,0.2384041903808526,0.5538500725561811,0.5882624413334789,0.19662190093926518,0.9339477285541797
cont,Interp_Sphere_Rastrigin_lam0.75,7,PSO_GBEST,10000,med,0,10,0.08333333333333333,0.0046521717321972985,0.2384041903808526,0.5538500725561811,0.5882624413334789,0.19662190093926518,0.9339477285541797
cont,Interp_Sphere_Rastrigin_lam0.75,7,PSO_GBEST,10000,hard,0,10,0.08333333333333333,0.0046521717321972985,0.2384041903808526,0.5538500725561811,0.5882624413334789,0.19662190093926518,0.9339477285541797
cont,Interp_Sphere_Rastrigin_lam0.75,8,ES_1P1,300,easy,0,10,0.08333333333333333,0.0046521717321972985,0.2384041903808526,2.3125731274605377,2.019111273657429,1.387297152542239,3.6352245322856094
cont,Interp_Sphere_Rastrigin_lam0.75,8,ES_1P1,300,med,0,10,0.08333333333333333,0.0046521717321972985,0.2384041903808526,2.3125731274605377,2.019111273657429,1.387297152542239,3.6352245322856094
cont,Interp_Sphere_Rastrigin_lam0.75,8,ES_1P1,300,hard,0,10,0.08333333333333333,0.0046521717321972985,0.2384041903808526,2.3125731274605377,2.019111273657429,1.387297152542239,3.6352245322856094
cont,Interp_Sphere_Rastrigin_lam0.75,8,ES_1P1,500,easy,0,10,0.08333333333333333,0.0046521717321972985,0.2384041903808526,1.5203662533196445,1.5778932631862537,0.5232094100485323,2.244786689744347
cont,Interp_Sphere_Rastrigin_lam0.75,8,ES_1P1,500,med,0,10,0.08333333333333333,0.0046521717321972985,0.2384041903808526,1.5203662533196445,1.5778932631862537,0.5232094100485323,2.244786689744347
cont,Interp_Sphere_Rastrigin_lam0.75,8,ES_1P1,500,hard,0,10,0.08333333333333333,0.0046521717321972985,0.2384041903808526,1.5203662533196445,1.5778932631862537,0.5232094100485323,2.244786689744347
cont,Interp_Sphere_Rastrigin_lam0.75,8,ES_1P1,800,easy,0,10,0.08333333333333333,0.0046521717321972985,0.2384041903808526,1.4354576495886424,1.3518117529674027,0.6391948741940445,2.2120693201883928
cont,Interp_Sphere_Rastrigin_lam0.75,8,ES_1P1,800,med,0,10,0.08333333333333333,0.0046521717321972985,0.2384041903808526,1.4354576495886424,1.3518117529674027,0.6391948741940445,2.2120693201883928
cont,Interp_Sphere_Rastrigin_lam0.75,8,ES_1P1,800,hard,0,10,0.08333333333333333,0.0046521717321972985,0.2384041903808526,1.4354576495886424,1.3518117529674027,0.6391948741940445,2.2120693201883928
cont,Interp_Sphere_Rastrigin_lam0.75,8,ES_1P1,1000,easy,0,10,0.08333333333333333,0.0046521717321972985,0.2384041903808526,1.493498116975773,1.4255011004603144,0.786493467109781,2.302093811114963
cont,Interp_Sphere_Rastrigin_lam0.75,8,ES_1P1,1000,med,0,10,0.08333333333333333,0.0046521717321972985,0.2384041903808526,1.493498116975773,1.4255011004603144,0.786493467109781,2.302093811114963
cont,Interp_Sphere_Rastrigin_lam0.75,8,ES_1P1,1000,hard,0,10,0.08333333333333333,0.0046521717321972985,0.2384041903808526,1.493498116975773,1.4255011004603144,0.786493467109781,2.302093811114963
cont,Interp_Sphere_Rastrigin_lam0.75,8,ES_1P1,2000,easy,0,10,0.08333333333333333,0.0046521717321972985,0.2384041903808526,1.2280589700829982,1.2493605518621163,0.4915539666223996,1.6712743417476261
cont,Interp_Sphere_Rastrigin_lam0.75,8,ES_1P1,2000,med,0,10,0.08333333333333333,0.0046521717321972985,0.2384041903808526,1.2280589700829982,1.2493605518621163,0.4915539666223996,1.6712743417476261
cont,Interp_Sphere_Rastrigin_lam0.75,8,ES_1P1,2000,hard,0,10,0.08333333333333333,0.0046521717321972985,0.2384041903808526,1.2280589700829982,1.2493605518621163,0.4915539666223996,1.6712743417476261
cont,Interp_Sphere_Rastrigin_lam0.75,8,ES_1P1,5000,easy,0,10,0.08333333333333333,0.0046521717321972985,0.2384041903808526,1.1485916810583574,1.2288782151212603,0.688175081846357,1.4254905874250083
cont,Interp_Sphere_Rastrigin_lam0.75,8,ES_1P1,5000,med,0,10,0.08333333333333333,0.0046521717321972985,0.2384041903808526,1.1485916810583574,1.2288782151212603,0.688175081846357,1.4254905874250083
cont,Interp_Sphere_Rastrigin_lam0.75,8,ES_1P1,5000,hard,0,10,0.08333333333333333,0.0046521717321972985,0.2384041903808526,1.1485916810583574,1.2288782151212603,0.688175081846357,1.4254905874250083
cont,Interp_Sphere_Rastrigin_lam0.75,8,ES_1P1,10000,easy,0,10,0.08333333333333333,0.0046521717321972985,0.2384041903808526,1.597533455841905,1.179725897997478,0.7864820884948974,4.522190818581413
cont,Interp_Sphere_Rastrigin_lam0.75,8,ES_1P1,10000,med,0,10,0.08333333333333333,0.0046521717321972985,0.2384041903808526,1.597533455841905,1.179725897997478,0.7864820884948974,4.522190818581413
cont,Interp_Sphere_Rastrigin_lam0.75,8,ES_1P1,10000,hard,0,10,0.08333333333333333,0.0046521717321972985,0.2384041903808526,1.597533455841905,1.179725897997478,0.7864820884948974,4.522190818581413
cont,Interp_Sphere_Rastrigin_lam0.75,8,PSO_GBEST,300,easy,0,10,0.08333333333333333,0.0046521717321972985,0.2384041903808526,2.795170091368175,2.940034998597529,2.14331242789112,3.376881618151056
cont,Interp_Sphere_Rastrigin_lam0.75,8,PSO_GBEST,300,med,0,10,0.08333333333333333,0.0046521717321972985,0.2384041903808526,2.795170091368175,2.940034998597529,2.14331242789112,3.376881618151056
cont,Interp_Sphere_Rastrigin_lam0.75,8,PSO_GBEST,300,hard,0,10,0.08333333333333333,0.0046521717321972985,0.2384041903808526,2.795170091368175,2.940034998597529,2.14331242789112,3.376881618151056
cont,Interp_Sphere_Rastrigin_lam0.75,8,PSO_GBEST,500,easy,0,10,0.08333333333333333,0.0046521717321972985,0.2384041903808526,2.349906590005411,2.372627564569137,1.5034921732245283,3.2137830100892106
cont,Interp_Sphere_Rastrigin_lam0.75,8,PSO_GBEST,500,med,0,10,0.08333333333333333,0.0046521717321972985,0.2384041903808526,2.349906590005411,2.372627564569137,1.5034921732245283,3.2137830100892106
cont,Interp_Sphere_Rastrigin_lam0.75,8,PSO_GBEST,500,hard,0,10,0.08333333333333333,0.0046521717321972985,0.2384041903808526,2.349906590005411,2.372627564569137,1.5034921732245283,3.2137830100892106
cont,Interp_Sphere_Rastrigin_lam0.75,8,PSO_GBEST,800,easy,0,10,0.08333333333333333,0.0046521717321972985,0.2384041903808526,1.711036738705959,1.7508837324086945,0.9650146136162949,2.4153162840044926
cont,Interp_Sphere_Rastrigin_lam0.75,8,PSO_GBEST,800,med,0,10,0.08333333333333333,0.0046521717321972985,0.2384041903808526,1.711036738705959,1.7508837324086945,0.9650146136162949,2.4153162840044926
cont,Interp_Sphere_Rastrigin_lam0.75,8,PSO_GBEST,800,hard,0,10,0.08333333333333333,0.0046521717321972985,0.2384041903808526,1.711036738705959,1.7508837324086945,0.9650146136162949,2.4153162840044926
cont,Interp_Sphere_Rastrigin_lam0.75,8,PSO_GBEST,1000,easy,0,10,0.08333333333333333,0.0046521717321972985,0.2384041903808526,1.3774902878427575,1.317266645959356,1.0317399125644766,1.9380295979290862
cont,Interp_Sphere_Rastrigin_lam0.75,8,PSO_GBEST,1000,med,0,10,0.08333333333333333,0.0046521717321972985,0.2384041903808526,1.3774902878427575,1.317266645959356,1.0317399125644766,1.9380295979290862
cont,Interp_Sphere_Rastrigin_lam0.75,8,PSO_GBEST,1000,hard,0,10,0.08333333333333333,0.0046521717321972985,0.2384041903808526,1.3774902878427575,1.317266645959356,1.0317399125644766,1.9380295979290862
cont,Interp_Sphere_Rastrigin_lam0.75,8,PSO_GBEST,2000,easy,0,10,0.08333333333333333,0.0046521717321972985,0.2384041903808526,1.0410832100721037,0.9069111308984285,0.6147402389124312,1.6557023911105584
cont,Interp_Sphere_Rastrigin_lam0.75,8,PSO_GBEST,2000,med,0,10,0.08333333333333333,0.0046521717321972985,0.2384041903808526,1.0410832100721037,0.9069111308984285,0.6147402389124312,1.6557023911105584
cont,Interp_Sphere_Rastrigin_lam0.75,8,PSO_GBEST,2000,hard,0,10,0.08333333333333333,0.0046521717321972985,0.2384041903808526,1.0410832100721037,0.9069111308984285,0.6147402389124312,1.6557023911105584
cont,Interp_Sphere_Rastrigin_lam0.75,8,PSO_GBEST,5000,easy,0,10,0.08333333333333333,0.0046521717321972985,0.2384041903808526,0.45440296137880115,0.4941175877030023,0.2519562688646514,0.5899954396954907
cont,Interp_Sphere_Rastrigin_lam0.75,8,PSO_GBEST,5000,med,0,10,0.08333333333333333,0.0046521717321972985,0.2384041903808526,0.45440296137880115,0.4941175877030023,0.2519562688646514,0.5899954396954907
cont,Interp_Sphere_Rastrigin_lam0.75,8,PSO_GBEST,5000,hard,0,10,0.08333333333333333,0.0046521717321972985,0.2384041903808526,0.45440296137880115,0.4941175877030023,0.2519562688646514,0.5899954396954907
cont,Interp_Sphere_Rastrigin_lam0.75,8,PSO_GBEST,10000,easy,0,10,0.08333333333333333,0.0046521717321972985,0.2384041903808526,0.2998773464400736,0.34408754120573976,0.14746642575945387,0.4423977481744863
cont,Interp_Sphere_Rastrigin_lam0.75,8,PSO_GBEST,10000,med,0,10,0.08333333333333333,0.0046521717321972985,0.2384041903808526,0.2998773464400736,0.34408754120573976,0.14746642575945387,0.4423977481744863
cont,Interp_Sphere_Rastrigin_lam0.75,8,PSO_GBEST,10000,hard,0,10,0.08333333333333333,0.0046521717321972985,0.2384041903808526,0.2998773464400736,0.34408754120573976,0.14746642575945387,0.4423977481744863
cont,Interp_Sphere_Rastrigin_lam0.75,9,ES_1P1,300,easy,0,10,0.08333333333333333,0.0046521717321972985,0.2384041903808526,2.4927244413640546,2.2711949885609544,1.6787134552455945,4.121496153753397
cont,Interp_Sphere_Rastrigin_lam0.75,9,ES_1P1,300,med,0,10,0.08333333333333333,0.0046521717321972985,0.2384041903808526,2.4927244413640546,2.2711949885609544,1.6787134552455945,4.121496153753397
cont,Interp_Sphere_Rastrigin_lam0.75,9,ES_1P1,300,hard,0,10,0.08333333333333333,0.0046521717321972985,0.2384041903808526,2.4927244413640546,2.2711949885609544,1.6787134552455945,4.121496153753397
cont,Interp_Sphere_Rastrigin_lam0.75,9,ES_1P1,500,easy,0,10,0.08333333333333333,0.0046521717321972985,0.2384041903808526,1.2976937705292815,1.2404230249897967,0.6712492891115505,3.0122860984755704
cont,Interp_Sphere_Rastrigin_lam0.75,9,ES_1P1,500,med,0,10,0.08333333333333333,0.0046521717321972985,0.2384041903808526,1.2976937705292815,1.2404230249897967,0.6712492891115505,3.0122860984755704
cont,Interp_Sphere_Rastrigin_lam0.75,9,ES_1P1,500,hard,0,10,0.08333333333333333,0.0046521717321972985,0.2384041903808526,1.2976937705292815,1.2404230249897967,0.6712492891115505,3.0122860984755704
cont,Interp_Sphere_Rastrigin_lam0.75,9,ES_1P1,800,easy,0,10,0.08333333333333333,0.0046521717321972985,0.2384041903808526,1.0962630062188814,1.155245148081733,0.29503814161997566,1.8679553050396422
cont,Interp_Sphere_Rastrigin_lam0.75,9,ES_1P1,800,med,0,10,0.08333333333333333,0.0046521717321972985,0.2384041903808526,1.0962630062188814,1.155245148081733,0.29503814161997566,1.8679553050396422
cont,Interp_Sphere_Rastrigin_lam0.75,9,ES_1P1,800,hard,0,10,0.08333333333333333,0.0046521717321972985,0.2384041903808526,1.0962630062188814,1.155245148081733,0.29503814161997566,1.8679553050396422
cont,Interp_Sphere_Rastrigin_lam0.75,9,ES_1P1,1000,easy,0,10,0.08333333333333333,0.0046521717321972985,0.2384041903808526,1.2976975803014588,1.2288822349498139,0.4915560197860412,2.408592971232534
cont,Interp_Sphere_Rastrigin_lam0.75,9,ES_1P1,1000,med,0,10,0.08333333333333333,0.0046521717321972985,0.2384041903808526,1.2976975803014588,1.2288822349498139,0.4915560197860412,2.408592971232534
cont,Interp_Sphere_Rastrigin_lam0.75,9,ES_1P1,1000,hard,0,10,0.08333333333333333,0.0046521717321972985,0.2384041903808526,1.2976975803014588,1.2288822349498139,0.4915560197860412,2.408592971232534
cont,Interp_Sphere_Rastrigin_lam0.75,9,ES_1P1,2000,easy,0,10,0.08333333333333333,0.0046521717321972985,0.2384041903808526,1.5188908417382248,1.4254945622119615,0.7373297713711189,2.7035100043488636
cont,Interp_Sphere_Rastrigin_lam0.75,9,ES_1P1,2000,med,0,10,0.08333333333333333,0.0046521717321972985,0.2384041903808526,1.5188908417382248,1.4254945622119615,0.7373297713711189,2.7035100043488636
cont,Interp_Sphere_Rastrigin_lam0.75,9,ES_1P1,2000,hard,0,10,0.08333333333333333,0.0046521717321972985,0.2384041903808526,1.5188908417382248,1.4254945622119615,0.7373297713711189,2.7035100043488636
cont,Interp_Sphere_Rastrigin_lam0.75,9,ES_1P1,5000,easy,0,10,0.08333333333333333,0.0046521717321972985,0.2384041903808526,1.6172007739222092,1.6221152845817657,0.9831039894271776,2.45773894440208
cont,Interp_Sphere_Rastrigin_lam0.75,9,ES_1P1,5000,med,0,10,0.08333333333333333,0.0046521717321972985,0.2384041903808526,1.6172007739222092,1.6221152845817657,0.9831039894271776,2.45773894440208
cont,Interp_Sphere_Rastrigin_lam0.75,9,ES_1P1,5000,hard,0,10,0.08333333333333333,0.0046521717321972985,0.2384041903808526,1.6172007739222092,1.6221152845817657,0.9831039894271776,2.45773894440208
cont,Interp_Sphere_Rastrigin_lam0.75,9,ES_1P1,10000,easy,0,10,0.08333333333333333,0.0046521717321972985,0.2384041903808526,1.5807110970717253,1.4746532265236552,0.7373305570794271,2.801804065437853
cont,Interp_Sphere_Rastrigin_lam0.75,9,ES_1P1,10000,med,0,10,0.08333333333333333,0.0046521717321972985,0.2384041903808526,1.5807110970717253,1.4746532265236552,0.7373305570794271,2.801804065437853
cont,Interp_Sphere_Rastrigin_lam0.75,9,ES_1P1,10000,hard,0,10,0.08333333333333333,0.0046521717321972985,0.2384041903808526,1.5807110970717253,1.4746532265236552,0.7373305570794271,2.801804065437853
cont,Interp_Sphere_Rastrigin_lam0.75,9,PSO_GBEST,300,easy,0,10,0.08333333333333333,0.0046521717321972985,0.2384041903808526,2.8493995856470193,3.0156315648507137,1.799851503628661,3.4395365852167648
cont,Interp_Sphere_Rastrigin_lam0.75,9,PSO_GBEST,300,med,0,10,0.08333333333333333,0.0046521717321972985,0.2384041903808526,2.8493995856470193,3.0156315648507137,1.799851503628661,3.4395365852167648
cont,Interp_Sphere_Rastrigin_lam0.75,9,PSO_GBEST,300,hard,0,10,0.08333333333333333,0.0046521717321972985,0.2384041903808526,2.8493995856470193,3.0156315648507137,1.799851503628661,3.4395365852167648
cont,Interp_Sphere_Rastrigin_lam0.75,9,PSO_GBEST,500,easy,0,10,0.08333333333333333,0.0046521717321972985,0.2384041903808526,2.1852050126728644,2.235503836795239,1.361895692692375,2.8209230835334522
cont,Interp_Sphere_Rastrigin_lam0.75,9,PSO_GBEST,500,med,0,10,0.08333333333333333,0.0046521717321972985,0.2384041903808526,2.1852050126728644,2.235503836795239,1.361895692692375,2.8209230835334522
cont,Interp_Sphere_Rastrigin_lam0.75,9,PSO_GBEST,500,hard,0,10,0.08333333333333333,0.0046521717321972985,0.2384041903808526,2.1852050126728644,2.235503836795239,1.361895692692375,2.8209230835334522
cont,Interp_Sphere_Rastrigin_lam0.75,9,PSO_GBEST,800,easy,0,10,0.08333333333333333,0.0046521717321972985,0.2384041903808526,1.6978470329359658,1.7957940690467378,0.9714412057282111,2.5311708936551898
cont,Interp_Sphere_Rastrigin_lam0.75,9,PSO_GBEST,800,med,0,10,0.08333333333333333,0.0046521717321972985,0.2384041903808526,1.6978470329359658,1.7957940690467378,0.9714412057282111,2.5311708936551898
cont,Interp_Sphere_Rastrigin_lam0.75,9,PSO_GBEST,800,hard,0,10,0.08333333333333333,0.0046521717321972985,0.2384041903808526,1.6978470329359658,1.7957940690467378,0.9714412057282111,2.5311708936551898
cont,Interp_Sphere_Rastrigin_lam0.75,9,PSO_GBEST,1000,easy,0,10,0.08333333333333333,0.0046521717321972985,0.2384041903808526,1.6454443050044805,1.7484479287550663,1.0144748210212182,2.0857603185257787
cont,Interp_Sphere_Rastrigin_lam0.75,9,PSO_GBEST,1000,med,0,10,0.08333333333333333,0.0046521717321972985,0.2384041903808526,1.6454443050044805,1.7484479287550663,1.0144748210212182,2.0857603185257787
cont,Interp_Sphere_Rastrigin_lam0.75,9,PSO_GBEST,1000,hard,0,10,0.08333333333333333,0.0046521717321972985,0.2384041903808526,1.6454443050044805,1.7484479287550663,1.0144748210212182,2.0857603185257787
cont,Interp_Sphere_Rastrigin_lam0.75,9,PSO_GBEST,2000,easy,0,10,0.08333333333333333,0.0046521717321972985,0.2384041903808526,0.7518109635213178,0.6688378354746105,0.3699235448725034,1.189561588493668
cont,Interp_Sphere_Rastrigin_lam0.75,9,PSO_GBEST,2000,med,0,10,0.08333333333333333,0.0046521717321972985,0.2384041903808526,0.7518109635213178,0.6688378354746105,0.3699235448725034,1.189561588493668
cont,Interp_Sphere_Rastrigin_lam0.75,9,PSO_GBEST,2000,hard,0,10,0.08333333333333333,0.0046521717321972985,0.2384041903808526,0.7518109635213178,0.6688378354746105,0.3699235448725034,1.189561588493668
cont,Interp_Sphere_Rastrigin_lam0.75,9,PSO_GBEST,5000,easy,0,10,0.08333333333333333,0.0046521717321972985,0.2384041903808526,0.5373080397069218,0.5241194951118731,0.20792244637167745,0.8440835158060633
cont,Interp_Sphere_Rastrigin_lam0.75,9,PSO_GBEST,5000,med,0,10,0.08333333333333333,0.0046521717321972985,0.2384041903808526,0.5373080397069218,0.5241194951118731,0.20792244637167745,0.8440835158060633
cont,Interp_Sphere_Rastrigin_lam0.75,9,PSO_GBEST,5000,hard,0,10,0.08333333333333333,0.0046521717321972985,0.2384041903808526,0.5373080397069218,0.5241194951118731,0.20792244637167745,0.8440835158060633
cont,Interp_Sphere_Rastrigin_lam0.75,9,PSO_GBEST,10000,easy,0,10,0.08333333333333333,0.0046521717321972985,0.2384041903808526,0.5366391855777055,0.41782065862636036,0.1474664973149465,1.3356357412280324
cont,Interp_Sphere_Rastrigin_lam0.75,9,PSO_GBEST,10000,med,0,10,0.08333333333333333,0.0046521717321972985,0.2384041903808526,0.5366391855777055,0.41782065862636036,0.1474664973149465,1.3356357412280324
cont,Interp_Sphere_Rastrigin_lam0.75,9,PSO_GBEST,10000,hard,0,10,0.08333333333333333,0.0046521717321972985,0.2384041903808526,0.5366391855777055,0.41782065862636036,0.1474664973149465,1.3356357412280324
cont,Interp_Sphere_Rastrigin_lam1.00,0,ES_1P1,300,easy,0,10,0.08333333333333333,0.0046521717321972985,0.2384041903808526,2.797669286103379,2.9637948067083992,1.4971223877093218,3.826958755862712
cont,Interp_Sphere_Rastrigin_lam1.00,0,ES_1P1,300,med,0,10,0.08333333333333333,0.0046521717321972985,0.2384041903808526,2.797669286103379,2.9637948067083992,1.4971223877093218,3.826958755862712
cont,Interp_Sphere_Rastrigin_lam1.00,0,ES_1P1,300,hard,0,10,0.08333333333333333,0.0046521717321972985,0.2384041903808526,2.797669286103379,2.9637948067083992,1.4971223877093218,3.826958755862712
cont,Interp_Sphere_Rastrigin_lam1.00,0,ES_1P1,500,easy,0,10,0.08333333333333333,0.0046521717321972985,0.2384041903808526,1.7683109805056116,1.388444025423254,0.7676502260311217,3.2843201925603744
cont,Interp_Sphere_Rastrigin_lam1.00,0,ES_1P1,500,med,0,10,0.08333333333333333,0.0046521717321972985,0.2384041903808526,1.7683109805056116,1.388444025423254,0.7676502260311217,3.2843201925603744
cont,Interp_Sphere_Rastrigin_lam1.00,0,ES_1P1,500,hard,0,10,0.08333333333333333,0.0046521717321972985,0.2384041903808526,1.7683109805056116,1.388444025423254,0.7676502260311217,3.2843201925603744
cont,Interp_Sphere_Rastrigin_lam1.00,0,ES_1P1,800,easy,0,10,0.08333333333333333,0.0046521717321972985,0.2384041903808526,1.7522059165570396,1.7212368826580198,0.7153036656322845,2.5255978344822942
cont,Interp_Sphere_Rastrigin_lam1.00,0,ES_1P1,800,med,0,10,0.08333333333333333,0.0046521717321972985,0.2384041903808526,1.7522059165570396,1.7212368826580198,0.7153036656322845,2.5255978344822942
cont,Interp_Sphere_Rastrigin_lam1.00,0,ES_1P1,800,hard,0,10,0.08333333333333333,0.0046521717321972985,0.2384041903808526,1.7522059165570396,1.7212368826580198,0.7153036656322845,2.5255978344822942
cont,Interp_Sphere_Rastrigin_lam1.00,0,ES_1P1,1000,easy,0,10,0.08333333333333333,0.0046521717321972985,0.2384041903808526,1.636074810315438,1.6093255436350216,0.44703784871053087,3.240628538244325
cont,Interp_Sphere_Rastrigin_lam1.00,0,ES_1P1,1000,med,0,10,0.08333333333333333,0.0046521717321972985,0.2384041903808526,1.636074810315438,1.6093255436350216,0.44703784871053087,3.240628538244325
cont,Interp_Sphere_Rastrigin_lam1.00,0,ES_1P1,1000,hard,0,10,0.08333333333333333,0.0046521717321972985,0.2384041903808526,1.636074810315438,1.6093255436350216,0.44703784871053087,3.240628538244325
cont,Interp_Sphere_Rastrigin_lam1.00,0,ES_1P1,2000,easy,0,10,0.08333333333333333,0.0046521717321972985,0.2384041903808526,2.6291544733866923,2.4283470971896888,1.1622913395816876,4.849918327330443
cont,Interp_Sphere_Rastrigin_lam1.00,0,ES_1P1,2000,med,0,10,0.08333333333333333,0.0046521717321972985,0.2384041903808526,2.6291544733866923,2.4283470971896888,1.1622913395816876,4.849918327330443
cont,Interp_Sphere_Rastrigin_lam1.00,0,ES_1P1,2000,hard,0,10,0.08333333333333333,0.0046521717321972985,0.2384041903808526,2.6291544733866923,2.4283470971896888,1.1622913395816876,4.849918327330443
cont,Interp_Sphere_Rastrigin_lam1.00,0,ES_1P1,5000,easy,0,10,0.08333333333333333,0.0046521717321972985,0.2384041903808526,2.076435006232937,1.7881370770815244,1.0281814725482428,3.2186420106058264
cont,Interp_Sphere_Rastrigin_lam1.00,0,ES_1P1,5000,med,0,10,0.08333333333333333,0.0046521717321972985,0.2384041903808526,2.076435006232937,1.7881370770815244,1.0281814725482428,3.2186420106058264
cont,Interp_Sphere_Rastrigin_lam1.00,0,ES_1P1,5000,hard,0,10,0.08333333333333333,0.0046521717321972985,0.2384041903808526,2.076435006232937,1.7881370770815244,1.0281814725482428,3.2186420106058264
cont,Interp_Sphere_Rastrigin_lam1.00,0,ES_1P1,10000,easy,0,10,0.08333333333333333,0.0046521717321972985,0.2384041903808526,1.495213292256572,1.2850374339859822,0.5811462366856517,3.664882210720814
cont,Interp_Sphere_Rastrigin_lam1.00,0,ES_1P1,10000,med,0,10,0.08333333333333333,0.0046521717321972985,0.2384041903808526,1.495213292256572,1.2850374339859822,0.5811462366856517,3.664882210720814
cont,Interp_Sphere_Rastrigin_lam1.00,0,ES_1P1,10000,hard,0,10,0.08333333333333333,0.0046521717321972985,0.2384041903808526,1.495213292256572,1.2850374339859822,0.5811462366856517,3.664882210720814
cont,Interp_Sphere_Rastrigin_lam1.00,0,PSO_GBEST,300,easy,0,10,0.08333333333333333,0.0046521717321972985,0.2384041903808526,3.403671246799662,3.5188069908720214,2.6215322576825444,4.150421527143574
cont,Interp_Sphere_Rastrigin_lam1.00,0,PSO_GBEST,300,med,0,10,0.08333333333333333,0.0046521717321972985,0.2384041903808526,3.403671246799662,3.5188069908720214,2.6215322576825444,4.150421527143574
cont,Interp_Sphere_Rastrigin_lam1.00,0,PSO_GBEST,300,hard,0,10,0.08333333333333333,0.0046521717321972985,0.2384041903808526,3.403671246799662,3.5188069908720214,2.6215322576825444,4.150421527143574
cont,Interp_Sphere_Rastrigin_lam1.00,0,PSO_GBEST,500,easy,0,10,0.08333333333333333,0.0046521717321972985,0.2384041903808526,2.7976764745321714,2.8374648142266934,2.172199301552211,3.506942516220522
cont,Interp_Sphere_Rastrigin_lam1.00,0,PSO_GBEST,500,med,0,10,0.08333333333333333,0.0046521717321972985,0.2384041903808526,2.7976764745321714,2.8374648142266934,2.172199301552211,3.506942516220522
cont,Interp_Sphere_Rastrigin_lam1.00,0,PSO_GBEST,500,hard,0,10,0.08333333333333333,0.0046521717321972985,0.2384041903808526,2.7976764745321714,2.8374648142266934,2.172199301552211,3.506942516220522
cont,Interp_Sphere_Rastrigin_lam1.00,0,PSO_GBEST,800,easy,0,10,0.08333333333333333,0.0046521717321972985,0.2384041903808526,2.396961419916809,2.418972690833625,1.7813306179377648,2.8217921864607574
cont,Interp_Sphere_Rastrigin_lam1.00,0,PSO_GBEST,800,med,0,10,0.08333333333333333,0.0046521717321972985,0.2384041903808526,2.396961419916809,2.418972690833625,1.7813306179377648,2.8217921864607574
cont,Interp_Sphere_Rastrigin_lam1.00,0,PSO_GBEST,800,hard,0,10,0.08333333333333333,0.0046521717321972985,0.2384041903808526,2.396961419916809,2.418972690833625,1.7813306179377648,2.8217921864607574
cont,Interp_Sphere_Rastrigin_lam1.00,0,PSO_GBEST,1000,easy,0,10,0.08333333333333333,0.0046521717321972985,0.2384041903808526,1.987711420666301,2.014506579086566,1.4135280119913527,2.369638627268413
cont,Interp_Sphere_Rastrigin_lam1.00,0,PSO_GBEST,1000,med,0,10,0.08333333333333333,0.0046521717321972985,0.2384041903808526,1.987711420666301,2.014506579086566,1.4135280119913527,2.369638627268413
cont,Interp_Sphere_Rastrigin_lam1.00,0,PSO_GBEST,1000,hard,0,10,0.08333333333333333,0.0046521717321972985,0.2384041903808526,1.987711420666301,2.014506579086566,1.4135280119913527,2.369638627268413
cont,Interp_Sphere_Rastrigin_lam1.00,0,PSO_GBEST,2000,easy,0,10,0.08333333333333333,0.0046521717321972985,0.2384041903808526,1.547920243194773,1.4681422858716209,0.7532909140747895,2.2006236267035546
cont,Interp_Sphere_Rastrigin_lam1.00,0,PSO_GBEST,2000,med,0,10,0.08333333333333333,0.0046521717321972985,0.2384041903808526,1.547920243194773,1.4681422858716209,0.7532909140747895,2.2006236267035546
cont,Interp_Sphere_Rastrigin_lam1.00,0,PSO_GBEST,2000,hard,0,10,0.08333333333333333,0.0046521717321972985,0.2384041903808526,1.547920243194773,1.4681422858716209,0.7532909140747895,2.2006236267035546
cont,Interp_Sphere_Rastrigin_lam1.00,0,PSO_GBEST,5000,easy,0,10,0.08333333333333333,0.0046521717321972985,0.2384041903808526,0.7496641684491021,0.6493871344884414,0.2251568496343105,1.66248007794253
cont,Interp_Sphere_Rastrigin_lam1.00,0,PSO_GBEST,5000,med,0,10,0.08333333333333333,0.0046521717321972985,0.2384041903808526,0.7496641684491021,0.6493871344884414,0.2251568496343105,1.66248007794253
cont,Interp_Sphere_Rastrigin_lam1.00,0,PSO_GBEST,5000,hard,0,10,0.08333333333333333,0.0046521717321972985,0.2384041903808526,0.7496641684491021,0.6493871344884414,0.2251568496343105,1.66248007794253
cont,Interp_Sphere_Rastrigin_lam1.00,0,PSO_GBEST,10000,easy,0,10,0.08333333333333333,0.0046521717321972985,0.2384041903808526,0.8389683768068039,0.8163780065487627,0.312925140439102,1.2987584966646522
cont,Interp_Sphere_Rastrigin_lam1.00,0,PSO_GBEST,10000,med,0,10,0.08333333333333333,0.0046521717321972985,0.2384041903808526,0.8389683768068039,0.8163780065487627,0.312925140439102,1.2987584966646522
cont,Interp_Sphere_Rastrigin_lam1.00,0,PSO_GBEST,10000,hard,0,10,0.08333333333333333,0.0046521717321972985,0.2384041903808526,0.8389683768068039,0.8163780065487627,0.312925140439102,1.2987584966646522
cont,Interp_Sphere_Rastrigin_lam1.00,1,ES_1P1,300,easy,0,10,0.08333333333333333,0.0046521717321972985,0.2384041903808526,3.0662417688333004,3.0199528446216926,1.7760963596889696,4.396086189388582
cont,Interp_Sphere_Rastrigin_lam1.00,1,ES_1P1,300,med,0,10,0.08333333333333333,0.0046521717321972985,0.2384041903808526,3.0662417688333004,3.0199528446216926,1.7760963596889696,4.396086189388582
cont,Interp_Sphere_Rastrigin_lam1.00,1,ES_1P1,300,hard,0,10,0.08333333333333333,0.0046521717321972985,0.2384041903808526,3.0662417688333004,3.0199528446216926,1.7760963596889696,4.396086189388582
cont,Interp_Sphere_Rastrigin_lam1.00,1,ES_1P1,500,easy,0,10,0.08333333333333333,0.0046521717321972985,0.2384041903808526,1.5946698149659964,1.4564040500902178,0.7455641226866516,2.981599038457031
cont,Interp_Sphere_Rastrigin_lam1.00,1,ES_1P1,500,med,0,10,0.08333333333333333,0.0046521717321972985,0.2384041903808526,1.5946698149659964,1.4564040500902178,0.7455641226866516,2.981599038457031
cont,Interp_Sphere_Rastrigin_lam1.00,1,ES_1P1,500,hard,0,10,0.08333333333333333,0.0046521717321972985,0.2384041903808526,1.5946698149659964,1.4564040500902178,0.7455641226866516,2.981599038457031
cont,Interp_Sphere_Rastrigin_lam1.00,1,ES_1P1,800,easy,0,10,0.08333333333333333,0.0046521717321972985,0.2384041903808526,1.5979979182791388,1.631823621188603,0.6706881495059567,2.27495484137767
cont,Interp_Sphere_Rastrigin_lam1.00,1,ES_1P1,800,med,0,10,0.08333333333333333,0.0046521717321972985,0.2384041903808526,1.5979979182791388,1.631823621188603,0.6706881495059567,2.27495484137767
cont,Interp_Sphere_Rastrigin_lam1.00,1,ES_1P1,800,hard,0,10,0.08333333333333333,0.0046521717321972985,0.2384041903808526,1.5979979182791388,1.631823621188603,0.6706881495059567,2.27495484137767
cont,Interp_Sphere_Rastrigin_lam1.00,1,ES_1P1,1000,easy,0,10,0.08333333333333333,0.0046521717321972985,0.2384041903808526,2.0617031658731007,2.1408900041853562,1.0281829766788069,2.816308445775507
cont,Interp_Sphere_Rastrigin_lam1.00,1,ES_1P1,1000,med,0,10,0.08333333333333333,0.0046521717321972985,0.2384041903808526,2.0617031658731007,2.1408900041853562,1.0281829766788069,2.816308445775507
cont,Interp_Sphere_Rastrigin_lam1.00,1,ES_1P1,1000,hard,0,10,0.08333333333333333,0.0046521717321972985,0.2384041903808526,2.0617031658731007,2.1408900041853562,1.0281829766788069,2.816308445775507
cont,Interp_Sphere_Rastrigin_lam1.00,1,ES_1P1,2000,easy,0,10,0.08333333333333333,0.0046521717321972985,0.2384041903808526,1.6564349511253074,1.7657863060596137,0.8046639677918194,2.2351661459175216
cont,Interp_Sphere_Rastrigin_lam1.00,1,ES_1P1,2000,med,0,10,0.08333333333333333,0.0046521717321972985,0.2384041903808526,1.6564349511253074,1.7657863060596137,0.8046639677918194,2.2351661459175216
cont,Interp_Sphere_Rastrigin_lam1.00,1,ES_1P1,2000,hard,0,10,0.08333333333333333,0.0046521717321972985,0.2384041903808526,1.6564349511253074,1.7657863060596137,0.8046639677918194,2.2351661459175216
cont,Interp_Sphere_Rastrigin_lam1.00,1,ES_1P1,5000,easy,0,10,0.08333333333333333,0.0046521717321972985,0.2384041903808526,1.5640606490213673,1.519917799822734,0.8493673329332797,2.5480789039865748
cont,Interp_Sphere_Rastrigin_lam1.00,1,ES_1P1,5000,med,0,10,0.08333333333333333,0.0046521717321972985,0.2384041903808526,1.5640606490213673,1.519917799822734,0.8493673329332797,2.5480789039865748
cont,Interp_Sphere_Rastrigin_lam1.00,1,ES_1P1,5000,hard,0,10,0.08333333333333333,0.0046521717321972985,0.2384041903808526,1.5640606490213673,1.519917799822734,0.8493673329332797,2.5480789039865748
cont,Interp_Sphere_Rastrigin_lam1.00,1,ES_1P1,10000,easy,0,10,0.08333333333333333,0.0046521717321972985,0.2384041903808526,1.29919316804383,1.4947700837391853,0.5364426451945046,2.011649322251358
cont,Interp_Sphere_Rastrigin_lam1.00,1,ES_1P1,10000,med,0,10,0.08333333333333333,0.0046521717321972985,0.2384041903808526,1.29919316804383,1.4947700837391853,0.5364426451945046,2.011649322251358
cont,Interp_Sphere_Rastrigin_lam1.00,1,ES_1P1,10000,hard,0,10,0.08333333333333333,0.0046521717321972985,0.2384041903808526,1.29919316804383,1.4947700837391853,0.5364426451945046,2.011649322251358
cont,Interp_Sphere_Rastrigin_lam1.00,1,PSO_GBEST,300,easy,0,10,0.08333333333333333,0.0046521717321972985,0.2384041903808526,3.2624538924604485,3.1225689220178605,2.304201725398874,4.1759175635736066
cont,Interp_Sphere_Rastrigin_lam1.00,1,PSO_GBEST,300,med,0,10,0.08333333333333333,0.0046521717321972985,0.2384041903808526,3.2624538924604485,3.1225689220178605,2.304201725398874,4.1759175635736066
cont,Interp_Sphere_Rastrigin_lam1.00,1,PSO_GBEST,300,hard,0,10,0.08333333333333333,0.0046521717321972985,0.2384041903808526,3.2624538924604485,3.1225689220178605,2.304201725398874,4.1759175635736066
cont,Interp_Sphere_Rastrigin_lam1.00,1,PSO_GBEST,500,easy,0,10,0.08333333333333333,0.0046521717321972985,0.2384041903808526,2.781787613150822,2.9385033593837067,2.1986014841423787,3.4215695491015254
cont,Interp_Sphere_Rastrigin_lam1.00,1,PSO_GBEST,500,med,0,10,0.08333333333333333,0.0046521717321972985,0.2384041903808526,2.781787613150822,2.9385033593837067,2.1986014841423787,3.4215695491015254
cont,Interp_Sphere_Rastrigin_lam1.00,1,PSO_GBEST,500,hard,0,10,0.08333333333333333,0.0046521717321972985,0.2384041903808526,2.781787613150822,2.9385033593837067,2.1986014841423787,3.4215695491015254
cont,Interp_Sphere_Rastrigin_lam1.00,1,PSO_GBEST,800,easy,0,10,0.08333333333333333,0.0046521717321972985,0.2384041903808526,2.1657961560488097,2.10064230947898,1.8313948721064346,2.678632202327896
cont,Interp_Sphere_Rastrigin_lam1.00,1,PSO_GBEST,800,med,0,10,0.08333333333333333,0.0046521717321972985,0.2384041903808526,2.1657961560488097,2.10064230947898,1.8313948721064346,2.678632202327896
cont,Interp_Sphere_Rastrigin_lam1.00,1,PSO_GBEST,800,hard,0,10,0.08333333333333333,0.0046521717321972985,0.2384041903808526,2.1657961560488097,2.10064230947898,1.8313948721064346,2.678632202327896
cont,Interp_Sphere_Rastrigin_lam1.00,1,PSO_GBEST,1000,easy,0,10,0.08333333333333333,0.0046521717321972985,0.2384041903808526,1.7395529259610982,1.77088834922718,1.12698967785495,2.185385680562378
cont,Interp_Sphere_Rastrigin_lam1.00,1,PSO_GBEST,1000,med,0,10,0.08333333333333333,0.0046521717321972985,0.2384041903808526,1.7395529259610982,1.77088834922718,1.12698967785495,2.185385680562378
cont,Interp_Sphere_Rastrigin_lam1.00,1,PSO_GBEST,1000,hard,0,10,0.08333333333333333,0.0046521717321972985,0.2384041903808526,1.7395529259610982,1.77088834922718,1.12698967785495,2.185385680562378
cont,Interp_Sphere_Rastrigin_lam1.00,1,PSO_GBEST,2000,easy,0,10,0.08333333333333333,0.0046521717321972985,0.2384041903808526,1.4288696686135531,1.3372006598239077,0.865373436613107,2.043705449280475
cont,Interp_Sphere_Rastrigin_lam1.00,1,PSO_GBEST,2000,med,0,10,0.08333333333333333,0.0046521717321972985,0.2384041903808526,1.4288696686135531,1.3372006598239077,0.865373436613107,2.043705449280475
cont,Interp_Sphere_Rastrigin_lam1.00,1,PSO_GBEST,2000,hard,0,10,0.08333333333333333,0.0046521717321972985,0.2384041903808526,1.4288696686135531,1.3372006598239077,0.865373436613107,2.043705449280475
cont,Interp_Sphere_Rastrigin_lam1.00,1,PSO_GBEST,5000,easy,0,10,0.08333333333333333,0.0046521717321972985,0.2384041903808526,0.7493095889233288,0.7578269879266024,0.3779129552144996,1.1472710352674742
cont,Interp_Sphere_Rastrigin_lam1.00,1,PSO_GBEST,5000,med,0,10,0.08333333333333333,0.0046521717321972985,0.2384041903808526,0.7493095889233288,0.7578269879266024,0.3779129552144996,1.1472710352674742
cont,Interp_Sphere_Rastrigin_lam1.00,1,PSO_GBEST,5000,hard,0,10,0.08333333333333333,0.0046521717321972985,0.2384041903808526,0.7493095889233288,0.7578269879266024,0.3779129552144996,1.1472710352674742
cont,Interp_Sphere_Rastrigin_lam1.00,1,PSO_GBEST,10000,easy,0,10,0.08333333333333333,0.0046521717321972985,0.2384041903808526,0.668213593430705,0.674996926149426,0.31292514663081655,1.354184341098074
cont,Interp_Sphere_Rastrigin_lam1.00,1,PSO_GBEST,10000,med,0,10,0.08333333333333333,0.0046521717321972985,0.2384041903808526,0.668213593430705,0.674996926149426,0.31292514663081655,1.354184341098074
cont,Interp_Sphere_Rastrigin_lam1.00,1,PSO_GBEST,10000,hard,0,10,0.08333333333333333,0.0046521717321972985,0.2384041903808526,0.668213593430705,0.674996926149426,0.31292514663081655,1.354184341098074
cont,Interp_Sphere_Rastrigin_lam1.00,2,ES_1P1,300,easy,0,10,0.08333333333333333,0.0046521717321972985,0.2384041903808526,2.5439707755139755,2.4383191111635627,2.034432519501282,3.5832531767989635
cont,Interp_Sphere_Rastrigin_lam1.00,2,ES_1P1,300,med,0,10,0.08333333333333333,0.0046521717321972985,0.2384041903808526,2.5439707755139755,2.4383191111635627,2.034432519501282,3.5832531767989635
cont,Interp_Sphere_Rastrigin_lam1.00,2,ES_1P1,300,hard,0,10,0.08333333333333333,0.0046521717321972985,0.2384041903808526,2.5439707755139755,2.4383191111635627,2.034432519501282,3.5832531767989635
cont,Interp_Sphere_Rastrigin_lam1.00,2,ES_1P1,500,easy,0,10,0.08333333333333333,0.0046521717321972985,0.2384041903808526,2.0002655308234143,2.019874898180253,0.9309288396965274,2.8220472792011253
cont,Interp_Sphere_Rastrigin_lam1.00,2,ES_1P1,500,med,0,10,0.08333333333333333,0.0046521717321972985,0.2384041903808526,2.0002655308234143,2.019874898180253,0.9309288396965274,2.8220472792011253
cont,Interp_Sphere_Rastrigin_lam1.00,2,ES_1P1,500,hard,0,10,0.08333333333333333,0.0046521717321972985,0.2384041903808526,2.0002655308234143,2.019874898180253,0.9309288396965274,2.8220472792011253
cont,Interp_Sphere_Rastrigin_lam1.00,2,ES_1P1,800,easy,0,10,0.08333333333333333,0.0046521717321972985,0.2384041903808526,1.7239502538154603,1.8428073529849907,0.9389042226835319,2.1906212801294798
cont,Interp_Sphere_Rastrigin_lam1.00,2,ES_1P1,800,med,0,10,0.08333333333333333,0.0046521717321972985,0.2384041903808526,1.7239502538154603,1.8428073529849907,0.9389042226835319,2.1906212801294798
cont,Interp_Sphere_Rastrigin_lam1.00,2,ES_1P1,800,hard,0,10,0.08333333333333333,0.0046521717321972985,0.2384041903808526,1.7239502538154603,1.8428073529849907,0.9389042226835319,2.1906212801294798
cont,Interp_Sphere_Rastrigin_lam1.00,2,ES_1P1,1000,easy,0,10,0.08333333333333333,0.0046521717321972985,0.2384041903808526,1.7409126191448963,1.5520086278356666,1.1175921236045525,2.5927993340890336
cont,Interp_Sphere_Rastrigin_lam1.00,2,ES_1P1,1000,med,0,10,0.08333333333333333,0.0046521717321972985,0.2384041903808526,1.7409126191448963,1.5520086278356666,1.1175921236045525,2.5927993340890336
cont,Interp_Sphere_Rastrigin_lam1.00,2,ES_1P1,1000,hard,0,10,0.08333333333333333,0.0046521717321972985,0.2384041903808526,1.7409126191448963,1.5520086278356666,1.1175921236045525,2.5927993340890336
cont,Interp_Sphere_Rastrigin_lam1.00,2,ES_1P1,2000,easy,0,10,0.08333333333333333,0.0046521717321972985,0.2384041903808526,1.7792645068248212,1.7210827145684435,0.6705522858783015,2.771607682183275
cont,Interp_Sphere_Rastrigin_lam1.00,2,ES_1P1,2000,med,0,10,0.08333333333333333,0.0046521717321972985,0.2384041903808526,1.7792645068248212,1.7210827145684435,0.6705522858783015,2.771607682183275
cont,Interp_Sphere_Rastrigin_lam1.00,2,ES_1P1,2000,hard,0,10,0.08333333333333333,0.0046521717321972985,0.2384041903808526,1.7792645068248212,1.7210827145684435,0.6705522858783015,2.771607682183275
cont,Interp_Sphere_Rastrigin_lam1.00,2,ES_1P1,5000,easy,0,10,0.08333333333333333,0.0046521717321972985,0.2384041903808526,1.8865522881827996,1.6093216729420654,0.8046639677917568,4.158103796481774
cont,Interp_Sphere_Rastrigin_lam1.00,2,ES_1P1,5000,med,0,10,0.08333333333333333,0.0046521717321972985,0.2384041903808526,1.8865522881827996,1.6093216729420654,0.8046639677917568,4.158103796481774
cont,Interp_Sphere_Rastrigin_lam1.00,2,ES_1P1,5000,hard,0,10,0.08333333333333333,0.0046521717321972985,0.2384041903808526,1.8865522881827996,1.6093216729420654,0.8046639677917568,4.158103796481774
cont,Interp_Sphere_Rastrigin_lam1.00,2,ES_1P1,10000,easy,0,10,0.08333333333333333,0.0046521717321972985,0.2384041903808526,1.4663422396643593,1.2740487266910687,0.49173905370335996,2.995824764050971
cont,Interp_Sphere_Rastrigin_lam1.00,2,ES_1P1,10000,med,0,10,0.08333333333333333,0.0046521717321972985,0.2384041903808526,1.4663422396643593,1.2740487266910687,0.49173905370335996,2.995824764050971
cont,Interp_Sphere_Rastrigin_lam1.00,2,ES_1P1,10000,hard,0,10,0.08333333333333333,0.0046521717321972985,0.2384041903808526,1.4663422396643593,1.2740487266910687,0.49173905370335996,2.995824764050971
cont,Interp_Sphere_Rastrigin_lam1.00,2,PSO_GBEST,300,easy,0,10,0.08333333333333333,0.0046521717321972985,0.2384041903808526,3.613192956600495,3.706884561740587,2.6087184039900913,4.63353331861766
cont,Interp_Sphere_Rastrigin_lam1.00,2,PSO_GBEST,300,med,0,10,0.08333333333333333,0.0046521717321972985,0.2384041903808526,3.613192956600495,3.706884561740587,2.6087184039900913,4.63353331861766
cont,Interp_Sphere_Rastrigin_lam1.00,2,PSO_GBEST,300,hard,0,10,0.08333333333333333,0.0046521717321972985,0.2384041903808526,3.613192956600495,3.706884561740587,2.6087184039900913,4.63353331861766
cont,Interp_Sphere_Rastrigin_lam1.00,2,PSO_GBEST,500,easy,0,10,0.08333333333333333,0.0046521717321972985,0.2384041903808526,2.7238281704031335,2.436003256842893,2.1004556825973615,3.5720342867074217
cont,Interp_Sphere_Rastrigin_lam1.00,2,PSO_GBEST,500,med,0,10,0.08333333333333333,0.0046521717321972985,0.2384041903808526,2.7238281704031335,2.436003256842893,2.1004556825973615,3.5720342867074217
cont,Interp_Sphere_Rastrigin_lam1.00,2,PSO_GBEST,500,hard,0,10,0.08333333333333333,0.0046521717321972985,0.2384041903808526,2.7238281704031335,2.436003256842893,2.1004556825973615,3.5720342867074217
cont,Interp_Sphere_Rastrigin_lam1.00,2,PSO_GBEST,800,easy,0,10,0.08333333333333333,0.0046521717321972985,0.2384041903808526,2.3206941252909035,2.5046455216734618,1.517785660431956,2.90755911161017
cont,Interp_Sphere_Rastrigin_lam1.00,2,PSO_GBEST,800,med,0,10,0.08333333333333333,0.0046521717321972985,0.2384041903808526,2.3206941252909035,2.5046455216734618,1.517785660431956,2.90755911161017
cont,Interp_Sphere_Rastrigin_lam1.00,2,PSO_GBEST,800,hard,0,10,0.08333333333333333,0.0046521717321972985,0.2384041903808526,2.3206941252909035,2.5046455216734618,1.517785660431956,2.90755911161017
cont,Interp_Sphere_Rastrigin_lam1.00,2,PSO_GBEST,1000,easy,0,10,0.08333333333333333,0.0046521717321972985,0.2384041903808526,2.2000824316185663,2.181226782092775,1.6615449594455753,2.8031407061462836
cont,Interp_Sphere_Rastrigin_lam1.00,2,PSO_GBEST,1000,med,0,10,0.08333333333333333,0.0046521717321972985,0.2384041903808526,2.2000824316185663,2.181226782092775,1.6615449594455753,2.8031407061462836
cont,Interp_Sphere_Rastrigin_lam1.00,2,PSO_GBEST,1000,hard,0,10,0.08333333333333333,0.0046521717321972985,0.2384041903808526,2.2000824316185663,2.181226782092775,1.6615449594455753,2.8031407061462836
cont,Interp_Sphere_Rastrigin_lam1.00,2,PSO_GBEST,2000,easy,0,10,0.08333333333333333,0.0046521717321972985,0.2384041903808526,1.0581867435774535,0.9646464141708742,0.4692133815197499,1.8813935691533106
cont,Interp_Sphere_Rastrigin_lam1.00,2,PSO_GBEST,2000,med,0,10,0.08333333333333333,0.0046521717321972985,0.2384041903808526,1.0581867435774535,0.9646464141708742,0.4692133815197499,1.8813935691533106
cont,Interp_Sphere_Rastrigin_lam1.00,2,PSO_GBEST,2000,hard,0,10,0.08333333333333333,0.0046521717321972985,0.2384041903808526,1.0581867435774535,0.9646464141708742,0.4692133815197499,1.8813935691533106
cont,Interp_Sphere_Rastrigin_lam1.00,2,PSO_GBEST,5000,easy,0,10,0.08333333333333333,0.0046521717321972985,0.2384041903808526,0.8228050376189977,0.7039703620231237,0.17934439948067069,2.03162686077169
cont,Interp_Sphere_Rastrigin_lam1.00,2,PSO_GBEST,5000,med,0,10,0.08333333333333333,0.0046521717321972985,0.2384041903808526,0.8228050376189977,0.7039703620231237,0.17934439948067069,2.03162686077169
cont,Interp_Sphere_Rastrigin_lam1.00,2,PSO_GBEST,5000,hard,0,10,0.08333333333333333,0.0046521717321972985,0.2384041903808526,0.8228050376189977,0.7039703620231237,0.17934439948067069,2.03162686077169
cont,Interp_Sphere_Rastrigin_lam1.00,2,PSO_GBEST,10000,easy,0,10,0.08333333333333333,0.0046521717321972985,0.2384041903808526,0.45663535700381724,0.3576329117903359,0.22351797319844582,0.8500612226846012
cont,Interp_Sphere_Rastrigin_lam1.00,2,PSO_GBEST,10000,med,0,10,0.08333333333333333,0.0046521717321972985,0.2384041903808526,0.45663535700381724,0.3576329117903359,0.22351797319844582,0.8500612226846012
cont,Interp_Sphere_Rastrigin_lam1.00,2,PSO_GBEST,10000,hard,0,10,0.08333333333333333,0.0046521717321972985,0.2384041903808526,0.45663535700381724,0.3576329117903359,0.22351797319844582,0.8500612226846012
cont,Interp_Sphere_Rastrigin_lam1.00,3,ES_1P1,300,easy,0,10,0.08333333333333333,0.0046521717321972985,0.2384041903808526,3.078289998396952,3.0591799676165743,2.1598820507215453,4.219390196653099
cont,Interp_Sphere_Rastrigin_lam1.00,3,ES_1P1,300,med,0,10,0.08333333333333333,0.0046521717321972985,0.2384041903808526,3.078289998396952,3.0591799676165743,2.1598820507215453,4.219390196653099
cont,Interp_Sphere_Rastrigin_lam1.00,3,ES_1P1,300,hard,0,10,0.08333333333333333,0.0046521717321972985,0.2384041903808526,3.078289998396952,3.0591799676165743,2.1598820507215453,4.219390196653099
cont,Interp_Sphere_Rastrigin_lam1.00,3,ES_1P1,500,easy,0,10,0.08333333333333333,0.0046521717321972985,0.2384041903808526,1.5459637879551085,1.6889379115246288,0.598583261198877,2.893877765124306
cont,Interp_Sphere_Rastrigin_lam1.00,3,ES_1P1,500,med,0,10,0.08333333333333333,0.0046521717321972985,0.2384041903808526,1.5459637879551085,1.6889379115246288,0.598583261198877,2.893877765124306
cont,Interp_Sphere_Rastrigin_lam1.00,3,ES_1P1,500,hard,0,10,0.08333333333333333,0.0046521717321972985,0.2384041903808526,1.5459637879551085,1.6889379115246288,0.598583261198877,2.893877765124306
cont,Interp_Sphere_Rastrigin_lam1.00,3,ES_1P1,800,easy,0,10,0.08333333333333333,0.0046521717321972985,0.2384041903808526,1.6746021185648874,1.3462798832720213,0.4025155464965245,3.9788430149700713
cont,Interp_Sphere_Rastrigin_lam1.00,3,ES_1P1,800,med,0,10,0.08333333333333333,0.0046521717321972985,0.2384041903808526,1.6746021185648874,1.3462798832720213,0.4025155464965245,3.9788430149700713
cont,Interp_Sphere_Rastrigin_lam1.00,3,ES_1P1,800,hard,0,10,0.08333333333333333,0.0046521717321972985,0.2384041903808526,1.6746021185648874,1.3462798832720213,0.4025155464965245,3.9788430149700713
cont,Interp_Sphere_Rastrigin_lam1.00,3,ES_1P1,1000,easy,0,10,0.08333333333333333,0.0046521717321972985,0.2384041903808526,1.9416268124817297,1.7881418691366069,1.2517004279899662,3.851966363569669
cont,Interp_Sphere_Rastrigin_lam1.00,3,ES_1P1,1000,med,0,10,0.08333333333333333,0.0046521717321972985,0.2384041903808526,1.9416268124817297,1.7881418691366069,1.2517004279899662,3.851966363569669
cont,Interp_Sphere_Rastrigin_lam1.00,3,ES_1P1,1000,hard,0,10,0.08333333333333333,0.0046521717321972985,0.2384041903808526,1.9416268124817297,1.7881418691366069,1.2517004279899662,3.851966363569669
cont,Interp_Sphere_Rastrigin_lam1.00,3,ES_1P1,2000,easy,0,10,0.08333333333333333,0.0046521717321972985,0.2384041903808526,1.7756454381649458,1.6763796899721668,0.7599594688605862,3.7997761416293594
cont,Interp_Sphere_Rastrigin_lam1.00,3,ES_1P1,2000,med,0,10,0.08333333333333333,0.0046521717321972985,0.2384041903808526,1.7756454381649458,1.6763796899721668,0.7599594688605862,3.7997761416293594
cont,Interp_Sphere_Rastrigin_lam1.00,3,ES_1P1,2000,hard,0,10,0.08333333333333333,0.0046521717321972985,0.2384041903808526,1.7756454381649458,1.6763796899721668,0.7599594688605862,3.7997761416293594
cont,Interp_Sphere_Rastrigin_lam1.00,3,ES_1P1,5000,easy,0,10,0.08333333333333333,0.0046521717321972985,0.2384041903808526,2.428884854495899,2.4139798442428684,0.8493666518428766,4.559712279867306
cont,Interp_Sphere_Rastrigin_lam1.00,3,ES_1P1,5000,med,0,10,0.08333333333333333,0.0046521717321972985,0.2384041903808526,2.428884854495899,2.4139798442428684,0.8493666518428766,4.559712279867306
cont,Interp_Sphere_Rastrigin_lam1.00,3,ES_1P1,5000,hard,0,10,0.08333333333333333,0.0046521717321972985,0.2384041903808526,2.428884854495899,2.4139798442428684,0.8493666518428766,4.559712279867306
cont,Interp_Sphere_Rastrigin_lam1.00,3,ES_1P1,10000,easy,0,10,0.08333333333333333,0.0046521717321972985,0.2384041903808526,1.5117255768940827,1.5646203706990431,0.5364428715441268,2.05635931533638
cont,Interp_Sphere_Rastrigin_lam1.00,3,ES_1P1,10000,med,0,10,0.08333333333333333,0.0046521717321972985,0.2384041903808526,1.5117255768940827,1.5646203706990431,0.5364428715441268,2.05635931533638
cont,Interp_Sphere_Rastrigin_lam1.00,3,ES_1P1,10000,hard,0,10,0.08333333333333333,0.0046521717321972985,0.2384041903808526,1.5117255768940827,1.5646203706990431,0.5364428715441268,2.05635931533638
cont,Interp_Sphere_Rastrigin_lam1.00,3,PSO_GBEST,300,easy,0,10,0.08333333333333333,0.0046521717321972985,0.2384041903808526,3.2746882234358026,3.2038074642130385,2.5040041339589187,4.225080791219211
cont,Interp_Sphere_Rastrigin_lam1.00,3,PSO_GBEST,300,med,0,10,0.08333333333333333,0.0046521717321972985,0.2384041903808526,3.2746882234358026,3.2038074642130385,2.5040041339589187,4.225080791219211
cont,Interp_Sphere_Rastrigin_lam1.00,3,PSO_GBEST,300,hard,0,10,0.08333333333333333,0.0046521717321972985,0.2384041903808526,3.2746882234358026,3.2038074642130385,2.5040041339589187,4.225080791219211
cont,Interp_Sphere_Rastrigin_lam1.00,3,PSO_GBEST,500,easy,0,10,0.08333333333333333,0.0046521717321972985,0.2384041903808526,2.7864799458607834,2.975284520933882,1.2318850864088224,3.9630263480917027
cont,Interp_Sphere_Rastrigin_lam1.00,3,PSO_GBEST,500,med,0,10,0.08333333333333333,0.0046521717321972985,0.2384041903808526,2.7864799458607834,2.975284520933882,1.2318850864088224,3.9630263480917027
cont,Interp_Sphere_Rastrigin_lam1.00,3,PSO_GBEST,500,hard,0,10,0.08333333333333333,0.0046521717321972985,0.2384041903808526,2.7864799458607834,2.975284520933882,1.2318850864088224,3.9630263480917027
cont,Interp_Sphere_Rastrigin_lam1.00,3,PSO_GBEST,800,easy,0,10,0.08333333333333333,0.0046521717321972985,0.2384041903808526,2.443559474253158,2.454343855444563,1.8315205428795396,3.481984334996999
cont,Interp_Sphere_Rastrigin_lam1.00,3,PSO_GBEST,800,med,0,10,0.08333333333333333,0.0046521717321972985,0.2384041903808526,2.443559474253158,2.454343855444563,1.8315205428795396,3.481984334996999
cont,Interp_Sphere_Rastrigin_lam1.00,3,PSO_GBEST,800,hard,0,10,0.08333333333333333,0.0046521717321972985,0.2384041903808526,2.443559474253158,2.454343855444563,1.8315205428795396,3.481984334996999
cont,Interp_Sphere_Rastrigin_lam1.00,3,PSO_GBEST,1000,easy,0,10,0.08333333333333333,0.0046521717321972985,0.2384041903808526,2.1725403659903195,2.1875815048433367,1.6352856279584749,2.6195741311755047
cont,Interp_Sphere_Rastrigin_lam1.00,3,PSO_GBEST,1000,med,0,10,0.08333333333333333,0.0046521717321972985,0.2384041903808526,2.1725403659903195,2.1875815048433367,1.6352856279584749,2.6195741311755047
cont,Interp_Sphere_Rastrigin_lam1.00,3,PSO_GBEST,1000,hard,0,10,0.08333333333333333,0.0046521717321972985,0.2384041903808526,2.1725403659903195,2.1875815048433367,1.6352856279584749,2.6195741311755047
cont,Interp_Sphere_Rastrigin_lam1.00,3,PSO_GBEST,2000,easy,0,10,0.08333333333333333,0.0046521717321972985,0.2384041903808526,1.2023993745527668,1.1638141879642034,0.7508299445529308,1.7559033844882077
cont,Interp_Sphere_Rastrigin_lam1.00,3,PSO_GBEST,2000,med,0,10,0.08333333333333333,0.0046521717321972985,0.2384041903808526,1.2023993745527668,1.1638141879642034,0.7508299445529308,1.7559033844882077
cont,Interp_Sphere_Rastrigin_lam1.00,3,PSO_GBEST,2000,hard,0,10,0.08333333333333333,0.0046521717321972985,0.2384041903808526,1.2023993745527668,1.1638141879642034,0.7508299445529308,1.7559033844882077
cont,Interp_Sphere_Rastrigin_lam1.00,3,PSO_GBEST,5000,easy,0,10,0.08333333333333333,0.0046521717321972985,0.2384041903808526,0.6605578898062677,0.6504280775332003,0.23212731796566088,1.2162548540166183
cont,Interp_Sphere_Rastrigin_lam1.00,3,PSO_GBEST,5000,med,0,10,0.08333333333333333,0.0046521717321972985,0.2384041903808526,0.6605578898062677,0.6504280775332003,0.23212731796566088,1.2162548540166183
cont,Interp_Sphere_Rastrigin_lam1.00,3,PSO_GBEST,5000,hard,0,10,0.08333333333333333,0.0046521717321972985,0.2384041903808526,0.6605578898062677,0.6504280775332003,0.23212731796566088,1.2162548540166183
cont,Interp_Sphere_Rastrigin_lam1.00,3,PSO_GBEST,10000,easy,0,10,0.08333333333333333,0.0046521717321972985,0.2384041903808526,0.6155523303112176,0.5848882638095297,0.17881474995193167,1.6328284127270631
cont,Interp_Sphere_Rastrigin_lam1.00,3,PSO_GBEST,10000,med,0,10,0.08333333333333333,0.0046521717321972985,0.2384041903808526,0.6155523303112176,0.5848882638095297,0.17881474995193167,1.6328284127270631
cont,Interp_Sphere_Rastrigin_lam1.00,3,PSO_GBEST,10000,hard,0,10,0.08333333333333333,0.0046521717321972985,0.2384041903808526,0.6155523303112176,0.5848882638095297,0.17881474995193167,1.6328284127270631
cont,Interp_Sphere_Rastrigin_lam1.00,4,ES_1P1,300,easy,0,10,0.08333333333333333,0.0046521717321972985,0.2384041903808526,2.965806755272779,2.9005551361870507,1.9990293227574665,4.231449313613555
cont,Interp_Sphere_Rastrigin_lam1.00,4,ES_1P1,300,med,0,10,0.08333333333333333,0.0046521717321972985,0.2384041903808526,2.965806755272779,2.9005551361870507,1.9990293227574665,4.231449313613555
cont,Interp_Sphere_Rastrigin_lam1.00,4,ES_1P1,300,hard,0,10,0.08333333333333333,0.0046521717321972985,0.2384041903808526,2.965806755272779,2.9005551361870507,1.9990293227574665,4.231449313613555
cont,Interp_Sphere_Rastrigin_lam1.00,4,ES_1P1,500,easy,0,10,0.08333333333333333,0.0046521717321972985,0.2384041903808526,2.134170224441088,1.8290293277426228,0.9414590218444896,4.24391071401605
cont,Interp_Sphere_Rastrigin_lam1.00,4,ES_1P1,500,med,0,10,0.08333333333333333,0.0046521717321972985,0.2384041903808526,2.134170224441088,1.8290293277426228,0.9414590218444896,4.24391071401605
cont,Interp_Sphere_Rastrigin_lam1.00,4,ES_1P1,500,hard,0,10,0.08333333333333333,0.0046521717321972985,0.2384041903808526,2.134170224441088,1.8290293277426228,0.9414590218444896,4.24391071401605
cont,Interp_Sphere_Rastrigin_lam1.00,4,ES_1P1,800,easy,0,10,0.08333333333333333,0.0046521717321972985,0.2384041903808526,1.9327764121359998,2.1682367169865193,0.7153576729818858,2.9460905000214055
cont,Interp_Sphere_Rastrigin_lam1.00,4,ES_1P1,800,med,0,10,0.08333333333333333,0.0046521717321972985,0.2384041903808526,1.9327764121359998,2.1682367169865193,0.7153576729818858,2.9460905000214055
cont,Interp_Sphere_Rastrigin_lam1.00,4,ES_1P1,800,hard,0,10,0.08333333333333333,0.0046521717321972985,0.2384041903808526,1.9327764121359998,2.1682367169865193,0.7153576729818858,2.9460905000214055
cont,Interp_Sphere_Rastrigin_lam1.00,4,ES_1P1,1000,easy,0,10,0.08333333333333333,0.0046521717321972985,0.2384041903808526,1.5869755986101128,1.3634611553735894,0.8493694768027726,2.7716023481020313
cont,Interp_Sphere_Rastrigin_lam1.00,4,ES_1P1,1000,med,0,10,0.08333333333333333,0.0046521717321972985,0.2384041903808526,1.5869755986101128,1.3634611553735894,0.8493694768027726,2.7716023481020313
cont,Interp_Sphere_Rastrigin_lam1.00,4,ES_1P1,1000,hard,0,10,0.08333333333333333,0.0046521717321972985,0.2384041903808526,1.5869755986101128,1.3634611553735894,0.8493694768027726,2.7716023481020313
cont,Interp_Sphere_Rastrigin_lam1.00,4,ES_1P1,2000,easy,0,10,0.08333333333333333,0.0046521717321972985,0.2384041903808526,1.5538779908369746,1.7434334855903826,0.5811460103360511,2.299020101118287
cont,Interp_Sphere_Rastrigin_lam1.00,4,ES_1P1,2000,med,0,10,0.08333333333333333,0.0046521717321972985,0.2384041903808526,1.5538779908369746,1.7434334855903826,0.5811460103360511,2.299020101118287
cont,Interp_Sphere_Rastrigin_lam1.00,4,ES_1P1,2000,hard,0,10,0.08333333333333333,0.0046521717321972985,0.2384041903808526,1.5538779908369746,1.7434334855903826,0.5811460103360511,2.299020101118287
cont,Interp_Sphere_Rastrigin_lam1.00,4,ES_1P1,5000,easy,0,10,0.08333333333333333,0.0046521717321972985,0.2384041903808526,1.5158244574009256,1.4528615051459908,1.1175850175528523,2.3730546066122997
cont,Interp_Sphere_Rastrigin_lam1.00,4,ES_1P1,5000,med,0,10,0.08333333333333333,0.0046521717321972985,0.2384041903808526,1.5158244574009256,1.4528615051459908,1.1175850175528523,2.3730546066122997
cont,Interp_Sphere_Rastrigin_lam1.00,4,ES_1P1,5000,hard,0,10,0.08333333333333333,0.0046521717321972985,0.2384041903808526,1.5158244574009256,1.4528615051459908,1.1175850175528523,2.3730546066122997
cont,Interp_Sphere_Rastrigin_lam1.00,4,ES_1P1,10000,easy,0,10,0.08333333333333333,0.0046521717321972985,0.2384041903808526,2.2079877473235276,2.142984198879488,1.2069947047231766,3.710369866087016
cont,Interp_Sphere_Rastrigin_lam1.00,4,ES_1P1,10000,med,0,10,0.08333333333333333,0.0046521717321972985,0.2384041903808526,2.2079877473235276,2.142984198879488,1.2069947047231766,3.710369866087016
cont,Interp_Sphere_Rastrigin_lam1.00,4,ES_1P1,10000,hard,0,10,0.08333333333333333,0.0046521717321972985,0.2384041903808526,2.2079877473235276,2.142984198879488,1.2069947047231766,3.710369866087016
cont,Interp_Sphere_Rastrigin_lam1.00,4,PSO_GBEST,300,easy,0,10,0.08333333333333333,0.0046521717321972985,0.2384041903808526,3.383897312810228,3.2122267264821454,2.7505356063720896,4.587232854140007
cont,Interp_Sphere_Rastrigin_lam1.00,4,PSO_GBEST,300,med,0,10,0.08333333333333333,0.0046521717321972985,0.2384041903808526,3.383897312810228,3.2122267264821454,2.7505356063720896,4.587232854140007
cont,Interp_Sphere_Rastrigin_lam1.00,4,PSO_GBEST,300,hard,0,10,0.08333333333333333,0.0046521717321972985,0.2384041903808526,3.383897312810228,3.2122267264821454,2.7505356063720896,4.587232854140007
cont,Interp_Sphere_Rastrigin_lam1.00,4,PSO_GBEST,500,easy,0,10,0.08333333333333333,0.0046521717321972985,0.2384041903808526,3.167573411063352,3.136241154662378,2.556998868515383,4.273016212603194
cont,Interp_Sphere_Rastrigin_lam1.00,4,PSO_GBEST,500,med,0,10,0.08333333333333333,0.0046521717321972985,0.2384041903808526,3.167573411063352,3.136241154662378,2.556998868515383,4.273016212603194
cont,Interp_Sphere_Rastrigin_lam1.00,4,PSO_GBEST,500,hard,0,10,0.08333333333333333,0.0046521717321972985,0.2384041903808526,3.167573411063352,3.136241154662378,2.556998868515383,4.273016212603194
cont,Interp_Sphere_Rastrigin_lam1.00,4,PSO_GBEST,800,easy,0,10,0.08333333333333333,0.0046521717321972985,0.2384041903808526,2.4855663061220605,2.3151197361766664,2.0318602746344023,3.6162673984361544
cont,Interp_Sphere_Rastrigin_lam1.00,4,PSO_GBEST,800,med,0,10,0.08333333333333333,0.0046521717321972985,0.2384041903808526,2.4855663061220605,2.3151197361766664,2.0318602746344023,3.6162673984361544
cont,Interp_Sphere_Rastrigin_lam1.00,4,PSO_GBEST,800,hard,0,10,0.08333333333333333,0.0046521717321972985,0.2384041903808526,2.4855663061220605,2.3151197361766664,2.0318602746344023,3.6162673984361544
cont,Interp_Sphere_Rastrigin_lam1.00,4,PSO_GBEST,1000,easy,0,10,0.08333333333333333,0.0046521717321972985,0.2384041903808526,1.9777771549563752,2.0089461935653112,1.3108185048136065,2.596569679301444
cont,Interp_Sphere_Rastrigin_lam1.00,4,PSO_GBEST,1000,med,0,10,0.08333333333333333,0.0046521717321972985,0.2384041903808526,1.9777771549563752,2.0089461935653112,1.3108185048136065,2.596569679301444
cont,Interp_Sphere_Rastrigin_lam1.00,4,PSO_GBEST,1000,hard,0,10,0.08333333333333333,0.0046521717321972985,0.2384041903808526,1.9777771549563752,2.0089461935653112,1.3108185048136065,2.596569679301444
cont,Interp_Sphere_Rastrigin_lam1.00,4,PSO_GBEST,2000,easy,0,10,0.08333333333333333,0.0046521717321972985,0.2384041903808526,1.0997057239791466,0.9337626684992253,0.5561219402946876,1.7668101452710596
cont,Interp_Sphere_Rastrigin_lam1.00,4,PSO_GBEST,2000,med,0,10,0.08333333333333333,0.0046521717321972985,0.2384041903808526,1.0997057239791466,0.9337626684992253,0.5561219402946876,1.7668101452710596
cont,Interp_Sphere_Rastrigin_lam1.00,4,PSO_GBEST,2000,hard,0,10,0.08333333333333333,0.0046521717321972985,0.2384041903808526,1.0997057239791466,0.9337626684992253,0.5561219402946876,1.7668101452710596
cont,Interp_Sphere_Rastrigin_lam1.00,4,PSO_GBEST,5000,easy,0,10,0.08333333333333333,0.0046521717321972985,0.2384041903808526,0.6167660998702533,0.5403245663617383,0.23055262859453246,1.0282226481581052
cont,Interp_Sphere_Rastrigin_lam1.00,4,PSO_GBEST,5000,med,0,10,0.08333333333333333,0.0046521717321972985,0.2384041903808526,0.6167660998702533,0.5403245663617383,0.23055262859453246,1.0282226481581052
cont,Interp_Sphere_Rastrigin_lam1.00,4,PSO_GBEST,5000,hard,0,10,0.08333333333333333,0.0046521717321972985,0.2384041903808526,0.6167660998702533,0.5403245663617383,0.23055262859453246,1.0282226481581052
cont,Interp_Sphere_Rastrigin_lam1.00,4,PSO_GBEST,10000,easy,1,10,0.16666666666666666,0.033319217684229845,0.3643594892472425,0.5059518588933904,0.35762862038170484,0.044703591491155444,1.8072812989681182
cont,Interp_Sphere_Rastrigin_lam1.00,4,PSO_GBEST,10000,med,0,10,0.08333333333333333,0.0046521717321972985,0.2384041903808526,0.5059518588933904,0.35762862038170484,0.044703591491155444,1.8072812989681182
cont,Interp_Sphere_Rastrigin_lam1.00,4,PSO_GBEST,10000,hard,0,10,0.08333333333333333,0.0046521717321972985,0.2384041903808526,0.5059518588933904,0.35762862038170484,0.044703591491155444,1.8072812989681182
cont,Interp_Sphere_Rastrigin_lam1.00,5,ES_1P1,300,easy,0,10,0.08333333333333333,0.0046521717321972985,0.2384041903808526,2.99178799441722,2.841025343631733,1.385132358831414,4.554193911420395
cont,Interp_Sphere_Rastrigin_lam1.00,5,ES_1P1,300,med,0,10,0.08333333333333333,0.0046521717321972985,0.2384041903808526,2.99178799441722,2.841025343631733,1.385132358831414,4.554193911420395
cont,Interp_Sphere_Rastrigin_lam1.00,5,ES_1P1,300,hard,0,10,0.08333333333333333,0.0046521717321972985,0.2384041903808526,2.99178799441722,2.841025343631733,1.385132358831414,4.554193911420395
cont,Interp_Sphere_Rastrigin_lam1.00,5,ES_1P1,500,easy,0,10,0.08333333333333333,0.0046521717321972985,0.2384041903808526,1.9958338451540443,1.7843627581459585,1.4573448740567447,3.3257375837035807
cont,Interp_Sphere_Rastrigin_lam1.00,5,ES_1P1,500,med,0,10,0.08333333333333333,0.0046521717321972985,0.2384041903808526,1.9958338451540443,1.7843627581459585,1.4573448740567447,3.3257375837035807
cont,Interp_Sphere_Rastrigin_lam1.00,5,ES_1P1,500,hard,0,10,0.08333333333333333,0.0046521717321972985,0.2384041903808526,1.9958338451540443,1.7843627581459585,1.4573448740567447,3.3257375837035807
cont,Interp_Sphere_Rastrigin_lam1.00,5,ES_1P1,800,easy,0,10,0.08333333333333333,0.0046521717321972985,0.2384041903808526,1.9280587931392588,1.7211870065262458,1.2517470184569788,3.0845974764988875
cont,Interp_Sphere_Rastrigin_lam1.00,5,ES_1P1,800,med,0,10,0.08333333333333333,0.0046521717321972985,0.2384041903808526,1.9280587931392588,1.7211870065262458,1.2517470184569788,3.0845974764988875
cont,Interp_Sphere_Rastrigin_lam1.00,5,ES_1P1,800,hard,0,10,0.08333333333333333,0.0046521717321972985,0.2384041903808526,1.9280587931392588,1.7211870065262458,1.2517470184569788,3.0845974764988875
cont,Interp_Sphere_Rastrigin_lam1.00,5,ES_1P1,1000,easy,0,10,0.08333333333333333,0.0046521717321972985,0.2384041903808526,1.311002953741632,1.3411101201833517,0.5811518874758163,1.8447247847910297
cont,Interp_Sphere_Rastrigin_lam1.00,5,ES_1P1,1000,med,0,10,0.08333333333333333,0.0046521717321972985,0.2384041903808526,1.311002953741632,1.3411101201833517,0.5811518874758163,1.8447247847910297
cont,Interp_Sphere_Rastrigin_lam1.00,5,ES_1P1,1000,hard,0,10,0.08333333333333333,0.0046521717321972985,0.2384041903808526,1.311002953741632,1.3411101201833517,0.5811518874758163,1.8447247847910297
cont,Interp_Sphere_Rastrigin_lam1.00,5,ES_1P1,2000,easy,0,10,0.08333333333333333,0.0046521717321972985,0.2384041903808526,1.5005279572758172,1.698730120448881,0.49173905370337717,2.6822032297386307
cont,Interp_Sphere_Rastrigin_lam1.00,5,ES_1P1,2000,med,0,10,0.08333333333333333,0.0046521717321972985,0.2384041903808526,1.5005279572758172,1.698730120448881,0.49173905370337717,2.6822032297386307
cont,Interp_Sphere_Rastrigin_lam1.00,5,ES_1P1,2000,hard,0,10,0.08333333333333333,0.0046521717321972985,0.2384041903808526,1.5005279572758172,1.698730120448881,0.49173905370337717,2.6822032297386307
cont,Interp_Sphere_Rastrigin_lam1.00,5,ES_1P1,5000,easy,0,10,0.08333333333333333,0.0046521717321972985,0.2384041903808526,2.038475709507294,1.7657863060595766,1.1175868406504812,3.218641304654457
cont,Interp_Sphere_Rastrigin_lam1.00,5,ES_1P1,5000,med,0,10,0.08333333333333333,0.0046521717321972985,0.2384041903808526,2.038475709507294,1.7657863060595766,1.1175868406504812,3.218641304654457
cont,Interp_Sphere_Rastrigin_lam1.00,5,ES_1P1,5000,hard,0,10,0.08333333333333333,0.0046521717321972985,0.2384041903808526,2.038475709507294,1.7657863060595766,1.1175868406504812,3.218641304654457
cont,Interp_Sphere_Rastrigin_lam1.00,5,ES_1P1,10000,easy,0,10,0.08333333333333333,0.0046521717321972985,0.2384041903808526,1.9021422665311085,1.6763802609757215,0.7599594688605855,3.308043707651844
cont,Interp_Sphere_Rastrigin_lam1.00,5,ES_1P1,10000,med,0,10,0.08333333333333333,0.0046521717321972985,0.2384041903808526,1.9021422665311085,1.6763802609757215,0.7599594688605855,3.308043707651844
cont,Interp_Sphere_Rastrigin_lam1.00,5,ES_1P1,10000,hard,0,10,0.08333333333333333,0.0046521717321972985,0.2384041903808526,1.9021422665311085,1.6763802609757215,0.7599594688605855,3.308043707651844
cont,Interp_Sphere_Rastrigin_lam1.00,5,PSO_GBEST,300,easy,0,10,0.08333333333333333,0.0046521717321972985,0.2384041903808526,3.4995288795370443,3.4512543335971007,2.6636498369496286,4.412433002725518
cont,Interp_Sphere_Rastrigin_lam1.00,5,PSO_GBEST,300,med,0,10,0.08333333333333333,0.0046521717321972985,0.2384041903808526,3.4995288795370443,3.4512543335971007,2.6636498369496286,4.412433002725518
cont,Interp_Sphere_Rastrigin_lam1.00,5,PSO_GBEST,300,hard,0,10,0.08333333333333333,0.0046521717321972985,0.2384041903808526,3.4995288795370443,3.4512543335971007,2.6636498369496286,4.412433002725518
cont,Interp_Sphere_Rastrigin_lam1.00,5,PSO_GBEST,500,easy,0,10,0.08333333333333333,0.0046521717321972985,0.2384041903808526,3.0031759805031077,3.0568045854501564,2.342853169523348,3.7105951611366867
cont,Interp_Sphere_Rastrigin_lam1.00,5,PSO_GBEST,500,med,0,10,0.08333333333333333,0.0046521717321972985,0.2384041903808526,3.0031759805031077,3.0568045854501564,2.342853169523348,3.7105951611366867
cont,Interp_Sphere_Rastrigin_lam1.00,5,PSO_GBEST,500,hard,0,10,0.08333333333333333,0.0046521717321972985,0.2384041903808526,3.0031759805031077,3.0568045854501564,2.342853169523348,3.7105951611366867
cont,Interp_Sphere_Rastrigin_lam1.00,5,PSO_GBEST,800,easy,0,10,0.08333333333333333,0.0046521717321972985,0.2384041903808526,2.0522244526887414,2.0444999869801066,1.4708887051080128,2.7221681601743977
cont,Interp_Sphere_Rastrigin_lam1.00,5,PSO_GBEST,800,med,0,10,0.08333333333333333,0.0046521717321972985,0.2384041903808526,2.0522244526887414,2.0444999869801066,1.4708887051080128,2.7221681601743977
cont,Interp_Sphere_Rastrigin_lam1.00,5,PSO_GBEST,800,hard,0,10,0.08333333333333333,0.0046521717321972985,0.2384041903808526,2.0522244526887414,2.0444999869801066,1.4708887051080128,2.7221681601743977
cont,Interp_Sphere_Rastrigin_lam1.00,5,PSO_GBEST,1000,easy,0,10,0.08333333333333333,0.0046521717321972985,0.2384041903808526,2.1544105974517773,2.0590233659647135,1.1754873754074782,3.274625844214109
cont,Interp_Sphere_Rastrigin_lam1.00,5,PSO_GBEST,1000,med,0,10,0.08333333333333333,0.0046521717321972985,0.2384041903808526,2.1544105974517773,2.0590233659647135,1.1754873754074782,3.274625844214109
cont,Interp_Sphere_Rastrigin_lam1.00,5,PSO_GBEST,1000,hard,0,10,0.08333333333333333,0.0046521717321972985,0.2384041903808526,2.1544105974517773,2.0590233659647135,1.1754873754074782,3.274625844214109
cont,Interp_Sphere_Rastrigin_lam1.00,5,PSO_GBEST,2000,easy,0,10,0.08333333333333333,0.0046521717321972985,0.2384041903808526,1.088115170418766,1.018923663851742,0.4891349922740116,2.0412588961563514
cont,Interp_Sphere_Rastrigin_lam1.00,5,PSO_GBEST,2000,med,0,10,0.08333333333333333,0.0046521717321972985,0.2384041903808526,1.088115170418766,1.018923663851742,0.4891349922740116,2.0412588961563514
cont,Interp_Sphere_Rastrigin_lam1.00,5,PSO_GBEST,2000,hard,0,10,0.08333333333333333,0.0046521717321972985,0.2384041903808526,1.088115170418766,1.018923663851742,0.4891349922740116,2.0412588961563514
cont,Interp_Sphere_Rastrigin_lam1.00,5,PSO_GBEST,5000,easy,0,10,0.08333333333333333,0.0046521717321972985,0.2384041903808526,0.6140339996911831,0.429688423605338,0.2683843474115608,1.4541291187284502
cont,Interp_Sphere_Rastrigin_lam1.00,5,PSO_GBEST,5000,med,0,10,0.08333333333333333,0.0046521717321972985,0.2384041903808526,0.6140339996911831,0.429688423605338,0.2683843474115608,1.4541291187284502
cont,Interp_Sphere_Rastrigin_lam1.00,5,PSO_GBEST,5000,hard,0,10,0.08333333333333333,0.0046521717321972985,0.2384041903808526,0.6140339996911831,0.429688423605338,0.2683843474115608,1.4541291187284502
cont,Interp_Sphere_Rastrigin_lam1.00,5,PSO_GBEST,10000,easy,0,10,0.08333333333333333,0.0046521717321972985,0.2384041903808526,0.5660355453433585,0.44716911815587124,0.22351799153648047,1.4843633341018798
cont,Interp_Sphere_Rastrigin_lam1.00,5,PSO_GBEST,10000,med,0,10,0.08333333333333333,0.0046521717321972985,0.2384041903808526,0.5660355453433585,0.44716911815587124,0.22351799153648047,1.4843633341018798
cont,Interp_Sphere_Rastrigin_lam1.00,5,PSO_GBEST,10000,hard,0,10,0.08333333333333333,0.0046521717321972985,0.2384041903808526,0.5660355453433585,0.44716911815587124,0.22351799153648047,1.4843633341018798
cont,Interp_Sphere_Rastrigin_lam1.00,6,ES_1P1,300,easy,0,10,0.08333333333333333,0.0046521717321972985,0.2384041903808526,2.6955548566680845,2.7089051176610646,1.8216041767891333,3.237632000915342
cont,Interp_Sphere_Rastrigin_lam1.00,6,ES_1P1,300,med,0,10,0.08333333333333333,0.0046521717321972985,0.2384041903808526,2.6955548566680845,2.7089051176610646,1.8216041767891333,3.237632000915342
cont,Interp_Sphere_Rastrigin_lam1.00,6,ES_1P1,300,hard,0,10,0.08333333333333333,0.0046521717321972985,0.2384041903808526,2.6955548566680845,2.7089051176610646,1.8216041767891333,3.237632000915342
cont,Interp_Sphere_Rastrigin_lam1.00,6,ES_1P1,500,easy,0,10,0.08333333333333333,0.0046521717321972985,0.2384041903808526,1.9264651418495429,1.753804323086315,1.1493000867806633,3.555178069406668
cont,Interp_Sphere_Rastrigin_lam1.00,6,ES_1P1,500,med,0,10,0.08333333333333333,0.0046521717321972985,0.2384041903808526,1.9264651418495429,1.753804323086315,1.1493000867806633,3.555178069406668
cont,Interp_Sphere_Rastrigin_lam1.00,6,ES_1P1,500,hard,0,10,0.08333333333333333,0.0046521717321972985,0.2384041903808526,1.9264651418495429,1.753804323086315,1.1493000867806633,3.555178069406668
cont,Interp_Sphere_Rastrigin_lam1.00,6,ES_1P1,800,easy,0,10,0.08333333333333333,0.0046521717321972985,0.2384041903808526,1.901405767715032,1.8844156565966308,0.35775955475856047,3.5766173181835055
cont,Interp_Sphere_Rastrigin_lam1.00,6,ES_1P1,800,med,0,10,0.08333333333333333,0.0046521717321972985,0.2384041903808526,1.901405767715032,1.8844156565966308,0.35775955475856047,3.5766173181835055
cont,Interp_Sphere_Rastrigin_lam1.00,6,ES_1P1,800,hard,0,10,0.08333333333333333,0.0046521717321972985,0.2384041903808526,1.901405767715032,1.8844156565966308,0.35775955475856047,3.5766173181835055
cont,Interp_Sphere_Rastrigin_lam1.00,6,ES_1P1,1000,easy,0,10,0.08333333333333333,0.0046521717321972985,0.2384041903808526,2.0161275288908644,1.9445983962219293,0.804669705192561,3.397458995045354
cont,Interp_Sphere_Rastrigin_lam1.00,6,ES_1P1,1000,med,0,10,0.08333333333333333,0.0046521717321972985,0.2384041903808526,2.0161275288908644,1.9445983962219293,0.804669705192561,3.397458995045354
cont,Interp_Sphere_Rastrigin_lam1.00,6,ES_1P1,1000,hard,0,10,0.08333333333333333,0.0046521717321972985,0.2384041903808526,2.0161275288908644,1.9445983962219293,0.804669705192561,3.397458995045354
cont,Interp_Sphere_Rastrigin_lam1.00,6,ES_1P1,2000,easy,0,10,0.08333333333333333,0.0046521717321972985,0.2384041903808526,1.439451429057169,1.2069948178979963,0.5811462366856645,2.6375005456875074
cont,Interp_Sphere_Rastrigin_lam1.00,6,ES_1P1,2000,med,0,10,0.08333333333333333,0.0046521717321972985,0.2384041903808526,1.439451429057169,1.2069948178979963,0.5811462366856645,2.6375005456875074
cont,Interp_Sphere_Rastrigin_lam1.00,6,ES_1P1,2000,hard,0,10,0.08333333333333333,0.0046521717321972985,0.2384041903808526,1.439451429057169,1.2069948178979963,0.5811462366856645,2.6375005456875074
cont,Interp_Sphere_Rastrigin_lam1.00,6,ES_1P1,5000,easy,0,10,0.08333333333333333,0.0046521717321972985,0.2384041903808526,1.969505049186153,1.654028805775351,1.1175877480905079,4.649139610235261
cont,Interp_Sphere_Rastrigin_lam1.00,6,ES_1P1,5000,med,0,10,0.08333333333333333,0.0046521717321972985,0.2384041903808526,1.969505049186153,1.654028805775351,1.1175877480905079,4.649139610235261
cont,Interp_Sphere_Rastrigin_lam1.00,6,ES_1P1,5000,hard,0,10,0.08333333333333333,0.0046521717321972985,0.2384041903808526,1.969505049186153,1.654028805775351,1.1175877480905079,4.649139610235261
cont,Interp_Sphere_Rastrigin_lam1.00,6,ES_1P1,10000,easy,0,10,0.08333333333333333,0.0046521717321972985,0.2384041903808526,1.5480654180348645,1.5199181403679365,0.8940700169844003,2.369279449439873
cont,Interp_Sphere_Rastrigin_lam1.00,6,ES_1P1,10000,med,0,10,0.08333333333333333,0.0046521717321972985,0.2384041903808526,1.5480654180348645,1.5199181403679365,0.8940700169844003,2.369279449439873
cont,Interp_Sphere_Rastrigin_lam1.00,6,ES_1P1,10000,hard,0,10,0.08333333333333333,0.0046521717321972985,0.2384041903808526,1.5480654180348645,1.5199181403679365,0.8940700169844003,2.369279449439873
cont,Interp_Sphere_Rastrigin_lam1.00,6,PSO_GBEST,300,easy,0,10,0.08333333333333333,0.0046521717321972985,0.2384041903808526,3.6177249077728817,3.855204004760365,2.58288360681113,4.078249248737234
cont,Interp_Sphere_Rastrigin_lam1.00,6,PSO_GBEST,300,med,0,10,0.08333333333333333,0.0046521717321972985,0.2384041903808526,3.6177249077728817,3.855204004760365,2.58288360681113,4.078249248737234
cont,Interp_Sphere_Rastrigin_lam1.00,6,PSO_GBEST,300,hard,0,10,0.08333333333333333,0.0046521717321972985,0.2384041903808526,3.6177249077728817,3.855204004760365,2.58288360681113,4.078249248737234
cont,Interp_Sphere_Rastrigin_lam1.00,6,PSO_GBEST,500,easy,0,10,0.08333333333333333,0.0046521717321972985,0.2384041903808526,3.1079389027654916,2.9955104400035673,2.603524684637682,3.9456316066647235
cont,Interp_Sphere_Rastrigin_lam1.00,6,PSO_GBEST,500,med,0,10,0.08333333333333333,0.0046521717321972985,0.2384041903808526,3.1079389027654916,2.9955104400035673,2.603524684637682,3.9456316066647235
cont,Interp_Sphere_Rastrigin_lam1.00,6,PSO_GBEST,500,hard,0,10,0.08333333333333333,0.0046521717321972985,0.2384041903808526,3.1079389027654916,2.9955104400035673,2.603524684637682,3.9456316066647235
cont,Interp_Sphere_Rastrigin_lam1.00,6,PSO_GBEST,800,easy,0,10,0.08333333333333333,0.0046521717321972985,0.2384041903808526,2.408633837641539,2.6122254609706124,1.423680747351927,3.3444427679255133
cont,Interp_Sphere_Rastrigin_lam1.00,6,PSO_GBEST,800,med,0,10,0.08333333333333333,0.0046521717321972985,0.2384041903808526,2.408633837641539,2.6122254609706124,1.423680747351927,3.3444427679255133
cont,Interp_Sphere_Rastrigin_lam1.00,6,PSO_GBEST,800,hard,0,10,0.08333333333333333,0.0046521717321972985,0.2384041903808526,2.408633837641539,2.6122254609706124,1.423680747351927,3.3444427679255133
cont,Interp_Sphere_Rastrigin_lam1.00,6,PSO_GBEST,1000,easy,0,10,0.08333333333333333,0.0046521717321972985,0.2384041903808526,2.0526259488961367,2.032658465172248,1.4142598272442837,2.6154202609933166
cont,Interp_Sphere_Rastrigin_lam1.00,6,PSO_GBEST,1000,med,0,10,0.08333333333333333,0.0046521717321972985,0.2384041903808526,2.0526259488961367,2.032658465172248,1.4142598272442837,2.6154202609933166
cont,Interp_Sphere_Rastrigin_lam1.00,6,PSO_GBEST,1000,hard,0,10,0.08333333333333333,0.0046521717321972985,0.2384041903808526,2.0526259488961367,2.032658465172248,1.4142598272442837,2.6154202609933166
cont,Interp_Sphere_Rastrigin_lam1.00,6,PSO_GBEST,2000,easy,0,10,0.08333333333333333,0.0046521717321972985,0.2384041903808526,1.2757880662485719,1.1741135408075245,0.8074903730626235,1.9880085614610528
cont,Interp_Sphere_Rastrigin_lam1.00,6,PSO_GBEST,2000,med,0,10,0.08333333333333333,0.0046521717321972985,0.2384041903808526,1.2757880662485719,1.1741135408075245,0.8074903730626235,1.9880085614610528
cont,Interp_Sphere_Rastrigin_lam1.00,6,PSO_GBEST,2000,hard,0,10,0.08333333333333333,0.0046521717321972985,0.2384041903808526,1.2757880662485719,1.1741135408075245,0.8074903730626235,1.9880085614610528
cont,Interp_Sphere_Rastrigin_lam1.00,6,PSO_GBEST,5000,easy,0,10,0.08333333333333333,0.0046521717321972985,0.2384041903808526,0.6288193263493017,0.5715876245015687,0.2245272942734055,1.0152824514139427
cont,Interp_Sphere_Rastrigin_lam1.00,6,PSO_GBEST,5000,med,0,10,0.08333333333333333,0.0046521717321972985,0.2384041903808526,0.6288193263493017,0.5715876245015687,0.2245272942734055,1.0152824514139427
cont,Interp_Sphere_Rastrigin_lam1.00,6,PSO_GBEST,5000,hard,0,10,0.08333333333333333,0.0046521717321972985,0.2384041903808526,0.6288193263493017,0.5715876245015687,0.2245272942734055,1.0152824514139427
cont,Interp_Sphere_Rastrigin_lam1.00,6,PSO_GBEST,10000,easy,0,10,0.08333333333333333,0.0046521717321972985,0.2384041903808526,0.6399675178590438,0.6306420706549989,0.13411077447399627,1.2745417290428984
cont,Interp_Sphere_Rastrigin_lam1.00,6,PSO_GBEST,10000,med,0,10,0.08333333333333333,0.0046521717321972985,0.2384041903808526,0.6399675178590438,0.6306420706549989,0.13411077447399627,1.2745417290428984
cont,Interp_Sphere_Rastrigin_lam1.00,6,PSO_GBEST,10000,hard,0,10,0.08333333333333333,0.0046521717321972985,0.2384041903808526,0.6399675178590438,0.6306420706549989,0.13411077447399627,1.2745417290428984
cont,Interp_Sphere_Rastrigin_lam1.00,7,ES_1P1,300,easy,0,10,0.08333333333333333,0.0046521717321972985,0.2384041903808526,2.9648505265177922,2.9270930578619003,2.0064923680437516,4.058770499562801
cont,Interp_Sphere_Rastrigin_lam1.00,7,ES_1P1,300,med,0,10,0.08333333333333333,0.0046521717321972985,0.2384041903808526,2.9648505265177922,2.9270930578619003,2.0064923680437516,4.058770499562801
cont,Interp_Sphere_Rastrigin_lam1.00,7,ES_1P1,300,hard,0,10,0.08333333333333333,0.0046521717321972985,0.2384041903808526,2.9648505265177922,2.9270930578619003,2.0064923680437516,4.058770499562801
cont,Interp_Sphere_Rastrigin_lam1.00,7,ES_1P1,500,easy,0,10,0.08333333333333333,0.0046521717321972985,0.2384041903808526,1.7816801278434842,1.5510194894479983,1.0565655149212014,3.316538797024847
cont,Interp_Sphere_Rastrigin_lam1.00,7,ES_1P1,500,med,0,10,0.08333333333333333,0.0046521717321972985,0.2384041903808526,1.7816801278434842,1.5510194894479983,1.0565655149212014,3.316538797024847
cont,Interp_Sphere_Rastrigin_lam1.00,7,ES_1P1,500,hard,0,10,0.08333333333333333,0.0046521717321972985,0.2384041903808526,1.7816801278434842,1.5510194894479983,1.0565655149212014,3.316538797024847
cont,Interp_Sphere_Rastrigin_lam1.00,7,ES_1P1,800,easy,0,10,0.08333333333333333,0.0046521717321972985,0.2384041903808526,1.770360380652281,1.7658409221561697,1.1176775909192818,2.5928463537110447
cont,Interp_Sphere_Rastrigin_lam1.00,7,ES_1P1,800,med,0,10,0.08333333333333333,0.0046521717321972985,0.2384041903808526,1.770360380652281,1.7658409221561697,1.1176775909192818,2.5928463537110447
cont,Interp_Sphere_Rastrigin_lam1.00,7,ES_1P1,800,hard,0,10,0.08333333333333333,0.0046521717321972985,0.2384041903808526,1.770360380652281,1.7658409221561697,1.1176775909192818,2.5928463537110447
cont,Interp_Sphere_Rastrigin_lam1.00,7,ES_1P1,1000,easy,0,10,0.08333333333333333,0.0046521717321972985,0.2384041903808526,1.551210212673301,1.296403693229095,0.44703780782977887,3.0845222157819547
cont,Interp_Sphere_Rastrigin_lam1.00,7,ES_1P1,1000,med,0,10,0.08333333333333333,0.0046521717321972985,0.2384041903808526,1.551210212673301,1.296403693229095,0.44703780782977887,3.0845222157819547
cont,Interp_Sphere_Rastrigin_lam1.00,7,ES_1P1,1000,hard,0,10,0.08333333333333333,0.0046521717321972985,0.2384041903808526,1.551210212673301,1.296403693229095,0.44703780782977887,3.0845222157819547
cont,Interp_Sphere_Rastrigin_lam1.00,7,ES_1P1,2000,easy,0,10,0.08333333333333333,0.0046521717321972985,0.2384041903808526,1.363454930198849,1.2964000687166535,0.5811462366856568,2.6821979701519774
cont,Interp_Sphere_Rastrigin_lam1.00,7,ES_1P1,2000,med,0,10,0.08333333333333333,0.0046521717321972985,0.2384041903808526,1.363454930198849,1.2964000687166535,0.5811462366856568,2.6821979701519774
cont,Interp_Sphere_Rastrigin_lam1.00,7,ES_1P1,2000,hard,0,10,0.08333333333333333,0.0046521717321972985,0.2384041903808526,1.363454930198849,1.2964000687166535,0.5811462366856568,2.6821979701519774
cont,Interp_Sphere_Rastrigin_lam1.00,7,ES_1P1,5000,easy,0,10,0.08333333333333333,0.0046521717321972985,0.2384041903808526,1.549239847670814,1.4975660040771612,0.8046639677917568,2.5731115206835597
cont,Interp_Sphere_Rastrigin_lam1.00,7,ES_1P1,5000,med,0,10,0.08333333333333333,0.0046521717321972985,0.2384041903808526,1.549239847670814,1.4975660040771612,0.8046639677917568,2.5731115206835597
cont,Interp_Sphere_Rastrigin_lam1.00,7,ES_1P1,5000,hard,0,10,0.08333333333333333,0.0046521717321972985,0.2384041903808526,1.549239847670814,1.4975660040771612,0.8046639677917568,2.5731115206835597
cont,Interp_Sphere_Rastrigin_lam1.00,7,ES_1P1,10000,easy,0,10,0.08333333333333333,0.0046521717321972985,0.2384041903808526,1.653514201801692,1.698731031997669,0.7599603763006115,2.72690406583115
cont,Interp_Sphere_Rastrigin_lam1.00,7,ES_1P1,10000,med,0,10,0.08333333333333333,0.0046521717321972985,0.2384041903808526,1.653514201801692,1.698731031997669,0.7599603763006115,2.72690406583115
cont,Interp_Sphere_Rastrigin_lam1.00,7,ES_1P1,10000,hard,0,10,0.08333333333333333,0.0046521717321972985,0.2384041903808526,1.653514201801692,1.698731031997669,0.7599603763006115,2.72690406583115
cont,Interp_Sphere_Rastrigin_lam1.00,7,PSO_GBEST,300,easy,0,10,0.08333333333333333,0.0046521717321972985,0.2384041903808526,3.1726435671272384,3.07754710844757,2.599939266877216,3.866024670521683
cont,Interp_Sphere_Rastrigin_lam1.00,7,PSO_GBEST,300,med,0,10,0.08333333333333333,0.0046521717321972985,0.2384041903808526,3.1726435671272384,3.07754710844757,2.599939266877216,3.866024670521683
cont,Interp_Sphere_Rastrigin_lam1.00,7,PSO_GBEST,300,hard,0,10,0.08333333333333333,0.0046521717321972985,0.2384041903808526,3.1726435671272384,3.07754710844757,2.599939266877216,3.866024670521683
cont,Interp_Sphere_Rastrigin_lam1.00,7,PSO_GBEST,500,easy,0,10,0.08333333333333333,0.0046521717321972985,0.2384041903808526,2.9081375909957616,2.8898928082964703,2.0543163577052455,3.5019378753740042
cont,Interp_Sphere_Rastrigin_lam1.00,7,PSO_GBEST,500,med,0,10,0.08333333333333333,0.0046521717321972985,0.2384041903808526,2.9081375909957616,2.8898928082964703,2.0543163577052455,3.5019378753740042
cont,Interp_Sphere_Rastrigin_lam1.00,7,PSO_GBEST,500,hard,0,10,0.08333333333333333,0.0046521717321972985,0.2384041903808526,2.9081375909957616,2.8898928082964703,2.0543163577052455,3.5019378753740042
cont,Interp_Sphere_Rastrigin_lam1.00,7,PSO_GBEST,800,easy,0,10,0.08333333333333333,0.0046521717321972985,0.2384041903808526,2.3558080194393254,2.247134565304881,1.6721649541642434,3.1258289158027854
cont,Interp_Sphere_Rastrigin_lam1.00,7,PSO_GBEST,800,med,0,10,0.08333333333333333,0.0046521717321972985,0.2384041903808526,2.3558080194393254,2.247134565304881,1.6721649541642434,3.1258289158027854
cont,Interp_Sphere_Rastrigin_lam1.00,7,PSO_GBEST,800,hard,0,10,0.08333333333333333,0.0046521717321972985,0.2384041903808526,2.3558080194393254,2.247134565304881,1.6721649541642434,3.1258289158027854
cont,Interp_Sphere_Rastrigin_lam1.00,7,PSO_GBEST,1000,easy,0,10,0.08333333333333333,0.0046521717321972985,0.2384041903808526,2.1603303990547604,2.026134713471805,1.8906386082597908,2.790146643182222
cont,Interp_Sphere_Rastrigin_lam1.00,7,PSO_GBEST,1000,med,0,10,0.08333333333333333,0.0046521717321972985,0.2384041903808526,2.1603303990547604,2.026134713471805,1.8906386082597908,2.790146643182222
cont,Interp_Sphere_Rastrigin_lam1.00,7,PSO_GBEST,1000,hard,0,10,0.08333333333333333,0.0046521717321972985,0.2384041903808526,2.1603303990547604,2.026134713471805,1.8906386082597908,2.790146643182222
cont,Interp_Sphere_Rastrigin_lam1.00,7,PSO_GBEST,2000,easy,0,10,0.08333333333333333,0.0046521717321972985,0.2384041903808526,1.0538869974314544,1.076144363464199,0.698716059744096,1.2452910290830457
cont,Interp_Sphere_Rastrigin_lam1.00,7,PSO_GBEST,2000,med,0,10,0.08333333333333333,0.0046521717321972985,0.2384041903808526,1.0538869974314544,1.076144363464199,0.698716059744096,1.2452910290830457
cont,Interp_Sphere_Rastrigin_lam1.00,7,PSO_GBEST,2000,hard,0,10,0.08333333333333333,0.0046521717321972985,0.2384041903808526,1.0538869974314544,1.076144363464199,0.698716059744096,1.2452910290830457
cont,Interp_Sphere_Rastrigin_lam1.00,7,PSO_GBEST,5000,easy,0,10,0.08333333333333333,0.0046521717321972985,0.2384041903808526,0.6977697709895565,0.5398531516434026,0.27385228394863875,1.7780879968290064
cont,Interp_Sphere_Rastrigin_lam1.00,7,PSO_GBEST,5000,med,0,10,0.08333333333333333,0.0046521717321972985,0.2384041903808526,0.6977697709895565,0.5398531516434026,0.27385228394863875,1.7780879968290064
cont,Interp_Sphere_Rastrigin_lam1.00,7,PSO_GBEST,5000,hard,0,10,0.08333333333333333,0.0046521717321972985,0.2384041903808526,0.6977697709895565,0.5398531516434026,0.27385228394863875,1.7780879968290064
cont,Interp_Sphere_Rastrigin_lam1.00,7,PSO_GBEST,10000,easy,0,10,0.08333333333333333,0.0046521717321972985,0.2384041903808526,0.44436108886585873,0.35762877098166906,0.17881439438045368,1.2668580340717701
cont,Interp_Sphere_Rastrigin_lam1.00,7,PSO_GBEST,10000,med,0,10,0.08333333333333333,0.0046521717321972985,0.2384041903808526,0.44436108886585873,0.35762877098166906,0.17881439438045368,1.2668580340717701
cont,Interp_Sphere_Rastrigin_lam1.00,7,PSO_GBEST,10000,hard,0,10,0.08333333333333333,0.0046521717321972985,0.2384041903808526,0.44436108886585873,0.35762877098166906,0.17881439438045368,1.2668580340717701
cont,Interp_Sphere_Rastrigin_lam1.00,8,ES_1P1,300,easy,0,10,0.08333333333333333,0.0046521717321972985,0.2384041903808526,2.6653596906202286,2.55237490735564,2.1101314748801405,3.7718856327060277
cont,Interp_Sphere_Rastrigin_lam1.00,8,ES_1P1,300,med,0,10,0.08333333333333333,0.0046521717321972985,0.2384041903808526,2.6653596906202286,2.55237490735564,2.1101314748801405,3.7718856327060277
cont,Interp_Sphere_Rastrigin_lam1.00,8,ES_1P1,300,hard,0,10,0.08333333333333333,0.0046521717321972985,0.2384041903808526,2.6653596906202286,2.55237490735564,2.1101314748801405,3.7718856327060277
cont,Interp_Sphere_Rastrigin_lam1.00,8,ES_1P1,500,easy,0,10,0.08333333333333333,0.0046521717321972985,0.2384041903808526,1.9802004777421238,1.8410693226716885,0.4979765576117495,3.7490001630081244
cont,Interp_Sphere_Rastrigin_lam1.00,8,ES_1P1,500,med,0,10,0.08333333333333333,0.0046521717321972985,0.2384041903808526,1.9802004777421238,1.8410693226716885,0.4979765576117495,3.7490001630081244
cont,Interp_Sphere_Rastrigin_lam1.00,8,ES_1P1,500,hard,0,10,0.08333333333333333,0.0046521717321972985,0.2384041903808526,1.9802004777421238,1.8410693226716885,0.4979765576117495,3.7490001630081244
cont,Interp_Sphere_Rastrigin_lam1.00,8,ES_1P1,800,easy,0,10,0.08333333333333333,0.0046521717321972985,0.2384041903808526,1.9440359837630787,2.1681991140274035,0.8497562109326461,2.8163870895954406
cont,Interp_Sphere_Rastrigin_lam1.00,8,ES_1P1,800,med,0,10,0.08333333333333333,0.0046521717321972985,0.2384041903808526,1.9440359837630787,2.1681991140274035,0.8497562109326461,2.8163870895954406
cont,Interp_Sphere_Rastrigin_lam1.00,8,ES_1P1,800,hard,0,10,0.08333333333333333,0.0046521717321972985,0.2384041903808526,1.9440359837630787,2.1681991140274035,0.8497562109326461,2.8163870895954406
cont,Interp_Sphere_Rastrigin_lam1.00,8,ES_1P1,1000,easy,0,10,0.08333333333333333,0.0046521717321972985,0.2384041903808526,1.492734385925138,1.3634620495003582,0.44703829784762283,2.950420463943523
cont,Interp_Sphere_Rastrigin_lam1.00,8,ES_1P1,1000,med,0,10,0.08333333333333333,0.0046521717321972985,0.2384041903808526,1.492734385925138,1.3634620495003582,0.44703829784762283,2.950420463943523
cont,Interp_Sphere_Rastrigin_lam1.00,8,ES_1P1,1000,hard,0,10,0.08333333333333333,0.0046521717321972985,0.2384041903808526,1.492734385925138,1.3634620495003582,0.44703829784762283,2.950420463943523
cont,Interp_Sphere_Rastrigin_lam1.00,8,ES_1P1,2000,easy,0,10,0.08333333333333333,0.0046521717321972985,0.2384041903808526,1.73828240879222,1.4718158041071774,0.8493673329332855,3.7103688834289796
cont,Interp_Sphere_Rastrigin_lam1.00,8,ES_1P1,2000,med,0,10,0.08333333333333333,0.0046521717321972985,0.2384041903808526,1.73828240879222,1.4718158041071774,0.8493673329332855,3.7103688834289796
cont,Interp_Sphere_Rastrigin_lam1.00,8,ES_1P1,2000,hard,0,10,0.08333333333333333,0.0046521717321972985,0.2384041903808526,1.73828240879222,1.4718158041071774,0.8493673329332855,3.7103688834289796
cont,Interp_Sphere_Rastrigin_lam1.00,8,ES_1P1,5000,easy,0,10,0.08333333333333333,0.0046521717321972985,0.2384041903808526,1.9352901798960513,1.8076253333588435,0.9387742895659504,3.3080299300236105
cont,Interp_Sphere_Rastrigin_lam1.00,8,ES_1P1,5000,med,0,10,0.08333333333333333,0.0046521717321972985,0.2384041903808526,1.9352901798960513,1.8076253333588435,0.9387742895659504,3.3080299300236105
cont,Interp_Sphere_Rastrigin_lam1.00,8,ES_1P1,5000,hard,0,10,0.08333333333333333,0.0046521717321972985,0.2384041903808526,1.9352901798960513,1.8076253333588435,0.9387742895659504,3.3080299300236105
cont,Interp_Sphere_Rastrigin_lam1.00,8,ES_1P1,10000,easy,0,10,0.08333333333333333,0.0046521717321972985,0.2384041903808526,2.219108711634646,2.0797567666405357,1.2906711707912797,3.6209647325519754
cont,Interp_Sphere_Rastrigin_lam1.00,8,ES_1P1,10000,med,0,10,0.08333333333333333,0.0046521717321972985,0.2384041903808526,2.219108711634646,2.0797567666405357,1.2906711707912797,3.6209647325519754
cont,Interp_Sphere_Rastrigin_lam1.00,8,ES_1P1,10000,hard,0,10,0.08333333333333333,0.0046521717321972985,0.2384041903808526,2.219108711634646,2.0797567666405357,1.2906711707912797,3.6209647325519754
cont,Interp_Sphere_Rastrigin_lam1.00,8,PSO_GBEST,300,easy,0,10,0.08333333333333333,0.0046521717321972985,0.2384041903808526,3.3537662500368297,3.3053567190701023,2.8878230384936145,4.0116163399806215
cont,Interp_Sphere_Rastrigin_lam1.00,8,PSO_GBEST,300,med,0,10,0.08333333333333333,0.0046521717321972985,0.2384041903808526,3.3537662500368297,3.3053567190701023,2.8878230384936145,4.0116163399806215
cont,Interp_Sphere_Rastrigin_lam1.00,8,PSO_GBEST,300,hard,0,10,0.08333333333333333,0.0046521717321972985,0.2384041903808526,3.3537662500368297,3.3053567190701023,2.8878230384936145,4.0116163399806215
cont,Interp_Sphere_Rastrigin_lam1.00,8,PSO_GBEST,500,easy,0,10,0.08333333333333333,0.0046521717321972985,0.2384041903808526,3.0657908033875727,3.3108335777269398,1.9065393409439015,3.7724304810863756
cont,Interp_Sphere_Rastrigin_lam1.00,8,PSO_GBEST,500,med,0,10,0.08333333333333333,0.0046521717321972985,0.2384041903808526,3.0657908033875727,3.3108335777269398,1.9065393409439015,3.7724304810863756
cont,Interp_Sphere_Rastrigin_lam1.00,8,PSO_GBEST,500,hard,0,10,0.08333333333333333,0.0046521717321972985,0.2384041903808526,3.0657908033875727,3.3108335777269398,1.9065393409439015,3.7724304810863756
cont,Interp_Sphere_Rastrigin_lam1.00,8,PSO_GBEST,800,easy,0,10,0.08333333333333333,0.0046521717321972985,0.2384041903808526,2.242589738570096,2.337181196758057,1.2259203437055588,2.6112729769229737
cont,Interp_Sphere_Rastrigin_lam1.00,8,PSO_GBEST,800,med,0,10,0.08333333333333333,0.0046521717321972985,0.2384041903808526,2.242589738570096,2.337181196758057,1.2259203437055588,2.6112729769229737
cont,Interp_Sphere_Rastrigin_lam1.00,8,PSO_GBEST,800,hard,0,10,0.08333333333333333,0.0046521717321972985,0.2384041903808526,2.242589738570096,2.337181196758057,1.2259203437055588,2.6112729769229737
cont,Interp_Sphere_Rastrigin_lam1.00,8,PSO_GBEST,1000,easy,0,10,0.08333333333333333,0.0046521717321972985,0.2384041903808526,2.0738830871665046,2.134759020763792,1.283289674635953,2.8870356552671272
cont,Interp_Sphere_Rastrigin_lam1.00,8,PSO_GBEST,1000,med,0,10,0.08333333333333333,0.0046521717321972985,0.2384041903808526,2.0738830871665046,2.134759020763792,1.283289674635953,2.8870356552671272
cont,Interp_Sphere_Rastrigin_lam1.00,8,PSO_GBEST,1000,hard,0,10,0.08333333333333333,0.0046521717321972985,0.2384041903808526,2.0738830871665046,2.134759020763792,1.283289674635953,2.8870356552671272
cont,Interp_Sphere_Rastrigin_lam1.00,8,PSO_GBEST,2000,easy,0,10,0.08333333333333333,0.0046521717321972985,0.2384041903808526,1.2494094881579767,1.2921423174886595,0.7633018809508619,1.99289049240278
cont,Interp_Sphere_Rastrigin_lam1.00,8,PSO_GBEST,2000,med,0,10,0.08333333333333333,0.0046521717321972985,0.2384041903808526,1.2494094881579767,1.2921423174886595,0.7633018809508619,1.99289049240278
cont,Interp_Sphere_Rastrigin_lam1.00,8,PSO_GBEST,2000,hard,0,10,0.08333333333333333,0.0046521717321972985,0.2384041903808526,1.2494094881579767,1.2921423174886595,0.7633018809508619,1.99289049240278
cont,Interp_Sphere_Rastrigin_lam1.00,8,PSO_GBEST,5000,easy,0,10,0.08333333333333333,0.0046521717321972985,0.2384041903808526,0.7524459498967573,0.603503559140605,0.40233319005902124,1.7201665364624974
cont,Interp_Sphere_Rastrigin_lam1.00,8,PSO_GBEST,5000,med,0,10,0.08333333333333333,0.0046521717321972985,0.2384041903808526,0.7524459498967573,0.603503559140605,0.40233319005902124,1.7201665364624974
cont,Interp_Sphere_Rastrigin_lam1.00,8,PSO_GBEST,5000,hard,0,10,0.08333333333333333,0.0046521717321972985,0.2384041903808526,0.7524459498967573,0.603503559140605,0.40233319005902124,1.7201665364624974
cont,Interp_Sphere_Rastrigin_lam1.00,8,PSO_GBEST,10000,easy,0,10,0.08333333333333333,0.0046521717321972985,0.2384041903808526,0.759673064342704,0.5912133972147879,0.223517957748227,1.5284097035229223
cont,Interp_Sphere_Rastrigin_lam1.00,8,PSO_GBEST,10000,med,0,10,0.08333333333333333,0.0046521717321972985,0.2384041903808526,0.759673064342704,0.5912133972147879,0.223517957748227,1.5284097035229223
cont,Interp_Sphere_Rastrigin_lam1.00,8,PSO_GBEST,10000,hard,0,10,0.08333333333333333,0.0046521717321972985,0.2384041903808526,0.759673064342704,0.5912133972147879,0.223517957748227,1.5284097035229223
cont,Interp_Sphere_Rastrigin_lam1.00,9,ES_1P1,300,easy,0,10,0.08333333333333333,0.0046521717321972985,0.2384041903808526,3.009151405131038,2.9488670153254466,2.1916152417691404,3.9539619114617217
cont,Interp_Sphere_Rastrigin_lam1.00,9,ES_1P1,300,med,0,10,0.08333333333333333,0.0046521717321972985,0.2384041903808526,3.009151405131038,2.9488670153254466,2.1916152417691404,3.9539619114617217
cont,Interp_Sphere_Rastrigin_lam1.00,9,ES_1P1,300,hard,0,10,0.08333333333333333,0.0046521717321972985,0.2384041903808526,3.009151405131038,2.9488670153254466,2.1916152417691404,3.9539619114617217
cont,Interp_Sphere_Rastrigin_lam1.00,9,ES_1P1,500,easy,0,10,0.08333333333333333,0.0046521717321972985,0.2384041903808526,1.9012407142554373,2.159019624887941,0.7782535755347432,2.559215328265276
cont,Interp_Sphere_Rastrigin_lam1.00,9,ES_1P1,500,med,0,10,0.08333333333333333,0.0046521717321972985,0.2384041903808526,1.9012407142554373,2.159019624887941,0.7782535755347432,2.559215328265276
cont,Interp_Sphere_Rastrigin_lam1.00,9,ES_1P1,500,hard,0,10,0.08333333333333333,0.0046521717321972985,0.2384041903808526,1.9012407142554373,2.159019624887941,0.7782535755347432,2.559215328265276
cont,Interp_Sphere_Rastrigin_lam1.00,9,ES_1P1,800,easy,0,10,0.08333333333333333,0.0046521717321972985,0.2384041903808526,1.9268353352617027,1.8329563679552001,0.9836139364862176,3.3528579778325325
cont,Interp_Sphere_Rastrigin_lam1.00,9,ES_1P1,800,med,0,10,0.08333333333333333,0.0046521717321972985,0.2384041903808526,1.9268353352617027,1.8329563679552001,0.9836139364862176,3.3528579778325325
cont,Interp_Sphere_Rastrigin_lam1.00,9,ES_1P1,800,hard,0,10,0.08333333333333333,0.0046521717321972985,0.2384041903808526,1.9268353352617027,1.8329563679552001,0.9836139364862176,3.3528579778325325
cont,Interp_Sphere_Rastrigin_lam1.00,9,ES_1P1,1000,easy,0,10,0.08333333333333333,0.0046521717321972985,0.2384041903808526,1.9319169787045545,1.9893026647289216,0.5811511606019414,3.1812180274856563
cont,Interp_Sphere_Rastrigin_lam1.00,9,ES_1P1,1000,med,0,10,0.08333333333333333,0.0046521717321972985,0.2384041903808526,1.9319169787045545,1.9893026647289216,0.5811511606019414,3.1812180274856563
cont,Interp_Sphere_Rastrigin_lam1.00,9,ES_1P1,1000,hard,0,10,0.08333333333333333,0.0046521717321972985,0.2384041903808526,1.9319169787045545,1.9893026647289216,0.5811511606019414,3.1812180274856563
cont,Interp_Sphere_Rastrigin_lam1.00,9,ES_1P1,2000,easy,0,10,0.08333333333333333,0.0046521717321972985,0.2384041903808526,1.5891005573192343,1.2760435499026466,0.7152567848094695,3.9064908510389933
cont,Interp_Sphere_Rastrigin_lam1.00,9,ES_1P1,2000,med,0,10,0.08333333333333333,0.0046521717321972985,0.2384041903808526,1.5891005573192343,1.2760435499026466,0.7152567848094695,3.9064908510389933
cont,Interp_Sphere_Rastrigin_lam1.00,9,ES_1P1,2000,hard,0,10,0.08333333333333333,0.0046521717321972985,0.2384041903808526,1.5891005573192343,1.2760435499026466,0.7152567848094695,3.9064908510389933
cont,Interp_Sphere_Rastrigin_lam1.00,9,ES_1P1,5000,easy,0,10,0.08333333333333333,0.0046521717321972985,0.2384041903808526,1.4270426337158715,1.4752155736004164,0.8046630603517314,2.369281272537501
cont,Interp_Sphere_Rastrigin_lam1.00,9,ES_1P1,5000,med,0,10,0.08333333333333333,0.0046521717321972985,0.2384041903808526,1.4270426337158715,1.4752155736004164,0.8046630603517314,2.369281272537501
cont,Interp_Sphere_Rastrigin_lam1.00,9,ES_1P1,5000,hard,0,10,0.08333333333333333,0.0046521717321972985,0.2384041903808526,1.4270426337158715,1.4752155736004164,0.8046630603517314,2.369281272537501
cont,Interp_Sphere_Rastrigin_lam1.00,9,ES_1P1,10000,easy,0,10,0.08333333333333333,0.0046521717321972985,0.2384041903808526,1.8571950885781612,1.676379236252096,0.5364426451945058,3.4968836756444084
cont,Interp_Sphere_Rastrigin_lam1.00,9,ES_1P1,10000,med,0,10,0.08333333333333333,0.0046521717321972985,0.2384041903808526,1.8571950885781612,1.676379236252096,0.5364426451945058,3.4968836756444084
cont,Interp_Sphere_Rastrigin_lam1.00,9,ES_1P1,10000,hard,0,10,0.08333333333333333,0.0046521717321972985,0.2384041903808526,1.8571950885781612,1.676379236252096,0.5364426451945058,3.4968836756444084
cont,Interp_Sphere_Rastrigin_lam1.00,9,PSO_GBEST,300,easy,0,10,0.08333333333333333,0.0046521717321972985,0.2384041903808526,3.413157424290258,3.3855960191595296,2.384019979536386,4.4054644452680085
cont,Interp_Sphere_Rastrigin_lam1.00,9,PSO_GBEST,300,med,0,10,0.08333333333333333,0.0046521717321972985,0.2384041903808526,3.413157424290258,3.3855960191595296,2.384019979536386,4.4054644452680085
cont,Interp_Sphere_Rastrigin_lam1.00,9,PSO_GBEST,300,hard,0,10,0.08333333333333333,0.0046521717321972985,0.2384041903808526,3.413157424290258,3.3855960191595296,2.384019979536386,4.4054644452680085
cont,Interp_Sphere_Rastrigin_lam1.00,9,PSO_GBEST,500,easy,0,10,0.08333333333333333,0.0046521717321972985,0.2384041903808526,2.7063965180826366,2.6696636362829738,2.2341736668188514,3.241804314334014
cont,Interp_Sphere_Rastrigin_lam1.00,9,PSO_GBEST,500,med,0,10,0.08333333333333333,0.0046521717321972985,0.2384041903808526,2.7063965180826366,2.6696636362829738,2.2341736668188514,3.241804314334014
cont,Interp_Sphere_Rastrigin_lam1.00,9,PSO_GBEST,500,hard,0,10,0.08333333333333333,0.0046521717321972985,0.2384041903808526,2.7063965180826366,2.6696636362829738,2.2341736668188514,3.241804314334014
cont,Interp_Sphere_Rastrigin_lam1.00,9,PSO_GBEST,800,easy,0,10,0.08333333333333333,0.0046521717321972985,0.2384041903808526,2.479634945655075,2.5778355749556336,1.8498569287883337,3.302894060137783
cont,Interp_Sphere_Rastrigin_lam1.00,9,PSO_GBEST,800,med,0,10,0.08333333333333333,0.0046521717321972985,0.2384041903808526,2.479634945655075,2.5778355749556336,1.8498569287883337,3.302894060137783
cont,Interp_Sphere_Rastrigin_lam1.00,9,PSO_GBEST,800,hard,0,10,0.08333333333333333,0.0046521717321972985,0.2384041903808526,2.479634945655075,2.5778355749556336,1.8498569287883337,3.302894060137783
cont,Interp_Sphere_Rastrigin_lam1.00,9,PSO_GBEST,1000,easy,0,10,0.08333333333333333,0.0046521717321972985,0.2384041903808526,2.09430656623775,2.040953787419933,1.4976905337022317,2.9504424398625866
cont,Interp_Sphere_Rastrigin_lam1.00,9,PSO_GBEST,1000,med,0,10,0.08333333333333333,0.0046521717321972985,0.2384041903808526,2.09430656623775,2.040953787419933,1.4976905337022317,2.9504424398625866
cont,Interp_Sphere_Rastrigin_lam1.00,9,PSO_GBEST,1000,hard,0,10,0.08333333333333333,0.0046521717321972985,0.2384041903808526,2.09430656623775,2.040953787419933,1.4976905337022317,2.9504424398625866
cont,Interp_Sphere_Rastrigin_lam1.00,9,PSO_GBEST,2000,easy,0,10,0.08333333333333333,0.0046521717321972985,0.2384041903808526,1.5068475813669313,1.5081316290621685,0.7467325516352533,2.4412054163373336
cont,Interp_Sphere_Rastrigin_lam1.00,9,PSO_GBEST,2000,med,0,10,0.08333333333333333,0.0046521717321972985,0.2384041903808526,1.5068475813669313,1.5081316290621685,0.7467325516352533,2.4412054163373336
cont,Interp_Sphere_Rastrigin_lam1.00,9,PSO_GBEST,2000,hard,0,10,0.08333333333333333,0.0046521717321972985,0.2384041903808526,1.5068475813669313,1.5081316290621685,0.7467325516352533,2.4412054163373336
cont,Interp_Sphere_Rastrigin_lam1.00,9,PSO_GBEST,5000,easy,0,10,0.08333333333333333,0.0046521717321972985,0.2384041903808526,0.7610039958549807,0.638116912052324,0.2235408735063463,1.4414544015027635
cont,Interp_Sphere_Rastrigin_lam1.00,9,PSO_GBEST,5000,med,0,10,0.08333333333333333,0.0046521717321972985,0.2384041903808526,0.7610039958549807,0.638116912052324,0.2235408735063463,1.4414544015027635
cont,Interp_Sphere_Rastrigin_lam1.00,9,PSO_GBEST,5000,hard,0,10,0.08333333333333333,0.0046521717321972985,0.2384041903808526,0.7610039958549807,0.638116912052324,0.2235408735063463,1.4414544015027635
cont,Interp_Sphere_Rastrigin_lam1.00,9,PSO_GBEST,10000,easy,0,10,0.08333333333333333,0.0046521717321972985,0.2384041903808526,0.6214578487101956,0.5587944409400781,0.2682215491222091,1.296399157167818
cont,Interp_Sphere_Rastrigin_lam1.00,9,PSO_GBEST,10000,med,0,10,0.08333333333333333,0.0046521717321972985,0.2384041903808526,0.6214578487101956,0.5587944409400781,0.2682215491222091,1.296399157167818
cont,Interp_Sphere_Rastrigin_lam1.00,9,PSO_GBEST,10000,hard,0,10,0.08333333333333333,0.0046521717321972985,0.2384041903808526,0.6214578487101956,0.5587944409400781,0.2682215491222091,1.296399157167818
