domain,problem,instance_id,algo_variant,budget,target,successes,trials,beta_mean,beta_p05,beta_p95,mean_best,median_best,min_best,max_best
cont,Ackley,3,ALO,2000,easy,0,30,0.03125,0.0016532542666409576,0.09211405994732372,7.320323926171655,7.064195568098853,5.8432721951041735,9.642586829418219
cont,Ackley,3,ALO,2000,med,0,30,0.03125,0.0016532542666409576,0.09211405994732372,7.320323926171655,7.064195568098853,5.8432721951041735,9.642586829418219
cont,Ackley,3,ALO,2000,hard,0,30,0.03125,0.0016532542666409576,0.09211405994732372,7.320323926171655,7.064195568098853,5.8432721951041735,9.642586829418219
cont,Ackley,3,ALO,5000,easy,0,30,0.03125,0.0016532542666409576,0.09211405994732372,6.780900262806978,6.790605428487835,5.480900562449463,8.345635996786985
cont,Ackley,3,ALO,5000,med,0,30,0.03125,0.0016532542666409576,0.09211405994732372,6.780900262806978,6.790605428487835,5.480900562449463,8.345635996786985
cont,Ackley,3,ALO,5000,hard,0,30,0.03125,0.0016532542666409576,0.09211405994732372,6.780900262806978,6.790605428487835,5.480900562449463,8.345635996786985
cont,Ackley,3,ALO,8000,easy,0,30,0.03125,0.0016532542666409576,0.09211405994732372,6.722172784265154,6.60677497342053,4.579607400586326,8.666831128930099
cont,Ackley,3,ALO,8000,med,0,30,0.03125,0.0016532542666409576,0.09211405994732372,6.722172784265154,6.60677497342053,4.579607400586326,8.666831128930099
cont,Ackley,3,ALO,8000,hard,0,30,0.03125,0.0016532542666409576,0.09211405994732372,6.722172784265154,6.60677497342053,4.579607400586326,8.666831128930099
cont,Ackley,3,ALO,10000,easy,0,30,0.03125,0.0016532542666409576,0.09211405994732372,6.437419533301564,6.4209536172878305,4.3006796637204765,7.999176778872167
cont,Ackley,3,ALO,10000,med,0,30,0.03125,0.0016532542666409576,0.09211405994732372,6.437419533301564,6.4209536172878305,4.3006796637204765,7.999176778872167
cont,Ackley,3,ALO,10000,hard,0,30,0.03125,0.0016532542666409576,0.09211405994732372,6.437419533301564,6.4209536172878305,4.3006796637204765,7.999176778872167
cont,Ackley,3,BA,2000,easy,0,30,0.03125,0.0016532542666409576,0.09211405994732372,6.893711723484774,7.1412312150825015,4.684322197806608,8.455190635167005
cont,Ackley,3,BA,2000,med,0,30,0.03125,0.0016532542666409576,0.09211405994732372,6.893711723484774,7.1412312150825015,4.684322197806608,8.455190635167005
cont,Ackley,3,BA,2000,hard,0,30,0.03125,0.0016532542666409576,0.09211405994732372,6.893711723484774,7.1412312150825015,4.684322197806608,8.455190635167005
cont,Ackley,3,BA,5000,easy,0,30,0.03125,0.0016532542666409576,0.09211405994732372,6.099003668050202,6.303959217350124,3.580175951404382,7.961673743264839
cont,Ackley,3,BA,5000,med,0,30,0.03125,0.0016532542666409576,0.09211405994732372,6.099003668050202,6.303959217350124,3.580175951404382,7.961673743264839
cont,Ackley,3,BA,5000,hard,0,30,0.03125,0.0016532542666409576,0.09211405994732372,6.099003668050202,6.303959217350124,3.580175951404382,7.961673743264839
cont,Ackley,3,BA,8000,easy,0,30,0.03125,0.0016532542666409576,0.09211405994732372,5.825710484017946,5.603874617403477,3.404171847872164,8.280147260811107
cont,Ackley,3,BA,8000,med,0,30,0.03125,0.0016532542666409576,0.09211405994732372,5.825710484017946,5.603874617403477,3.404171847872164,8.280147260811107
cont,Ackley,3,BA,8000,hard,0,30,0.03125,0.0016532542666409576,0.09211405994732372,5.825710484017946,5.603874617403477,3.404171847872164,8.280147260811107
cont,Ackley,3,BA,10000,easy,0,30,0.03125,0.0016532542666409576,0.09211405994732372,5.741935545416562,5.6921262268660975,4.029673469006227,7.4044105240981235
cont,Ackley,3,BA,10000,med,0,30,0.03125,0.0016532542666409576,0.09211405994732372,5.741935545416562,5.6921262268660975,4.029673469006227,7.4044105240981235
cont,Ackley,3,BA,10000,hard,0,30,0.03125,0.0016532542666409576,0.09211405994732372,5.741935545416562,5.6921262268660975,4.029673469006227,7.4044105240981235
cont,Ackley,3,ES_1P1,2000,easy,8,30,0.28125,0.16061109125637793,0.4176603337442609,1.2995070359480443,1.6462236331031161,2.0473852391234004e-08,2.5799275570298836
cont,Ackley,3,ES_1P1,2000,med,8,30,0.28125,0.16061109125637793,0.4176603337442609,1.2995070359480443,1.6462236331031161,2.0473852391234004e-08,2.5799275570298836
cont,Ackley,3,ES_1P1,2000,hard,8,30,0.28125,0.16061109125637793,0.4176603337442609,1.2995070359480443,1.6462236331031161,2.0473852391234004e-08,2.5799275570298836
cont,Ackley,3,ES_1P1,5000,easy,12,30,0.40625,0.2688262762232274,0.5504433740305475,1.2390966222808724,1.1551485027098285,1.1444178937836114e-12,3.8857582710994234
cont,Ackley,3,ES_1P1,5000,med,12,30,0.40625,0.2688262762232274,0.5504433740305475,1.2390966222808724,1.1551485027098285,1.1444178937836114e-12,3.8857582710994234
cont,Ackley,3,ES_1P1,5000,hard,12,30,0.40625,0.2688262762232274,0.5504433740305475,1.2390966222808724,1.1551485027098285,1.1444178937836114e-12,3.8857582710994234
cont,Ackley,3,ES_1P1,8000,easy,11,30,0.375,0.24077485846609245,0.5182492532388523,1.1951475770947426,1.155148502709832,1.1444178937836114e-12,3.026594276648883
cont,Ackley,3,ES_1P1,8000,med,11,30,0.375,0.24077485846609245,0.5182492532388523,1.1951475770947426,1.155148502709832,1.1444178937836114e-12,3.026594276648883
cont,Ackley,3,ES_1P1,8000,hard,11,30,0.375,0.24077485846609245,0.5182492532388523,1.1951475770947426,1.155148502709832,1.1444178937836114e-12,3.026594276648883
cont,Ackley,3,ES_1P1,10000,easy,12,30,0.40625,0.2688262762232274,0.5504433740305475,0.9898237353744259,1.1551485027098285,1.1444178937836114e-12,2.57992755702988
cont,Ackley,3,ES_1P1,10000,med,12,30,0.40625,0.2688262762232274,0.5504433740305475,0.9898237353744259,1.1551485027098285,1.1444178937836114e-12,2.57992755702988
cont,Ackley,3,ES_1P1,10000,hard,12,30,0.40625,0.2688262762232274,0.5504433740305475,0.9898237353744259,1.1551485027098285,1.1444178937836114e-12,2.57992755702988
cont,Ackley,3,FA,2000,easy,0,30,0.03125,0.0016532542666409576,0.09211405994732372,6.136108862150195,6.142807830154865,4.124774689120571,6.908502844306987
cont,Ackley,3,FA,2000,med,0,30,0.03125,0.0016532542666409576,0.09211405994732372,6.136108862150195,6.142807830154865,4.124774689120571,6.908502844306987
cont,Ackley,3,FA,2000,hard,0,30,0.03125,0.0016532542666409576,0.09211405994732372,6.136108862150195,6.142807830154865,4.124774689120571,6.908502844306987
cont,Ackley,3,FA,5000,easy,0,30,0.03125,0.0016532542666409576,0.09211405994732372,5.515691904374094,5.693253218069156,3.977054030933687,6.08777219867013
cont,Ackley,3,FA,5000,med,0,30,0.03125,0.0016532542666409576,0.09211405994732372,5.515691904374094,5.693253218069156,3.977054030933687,6.08777219867013
cont,Ackley,3,FA,5000,hard,0,30,0.03125,0.0016532542666409576,0.09211405994732372,5.515691904374094,5.693253218069156,3.977054030933687,6.08777219867013
cont,Ackley,3,FA,8000,easy,0,30,0.03125,0.0016532542666409576,0.09211405994732372,5.449099984143675,5.600276769752529,4.118249077743467,6.295909217186967
cont,Ackley,3,FA,8000,med,0,30,0.03125,0.0016532542666409576,0.09211405994732372,5.449099984143675,5.600276769752529,4.118249077743467,6.295909217186967
cont,Ackley,3,FA,8000,hard,0,30,0.03125,0.0016532542666409576,0.09211405994732372,5.449099984143675,5.600276769752529,4.118249077743467,6.295909217186967
cont,Ackley,3,FA,10000,easy,0,30,0.03125,0.0016532542666409576,0.09211405994732372,5.2862546904779455,5.410367783540684,4.32032736484927,6.073848893016947
cont,Ackley,3,FA,10000,med,0,30,0.03125,0.0016532542666409576,0.09211405994732372,5.2862546904779455,5.410367783540684,4.32032736484927,6.073848893016947
cont,Ackley,3,FA,10000,hard,0,30,0.03125,0.0016532542666409576,0.09211405994732372,5.2862546904779455,5.410367783540684,4.32032736484927,6.073848893016947
cont,Ackley,3,GWO,2000,easy,3,30,0.125,0.04530017302264189,0.23150297514336832,0.5850680545357109,0.2375327950381796,0.07651368547389881,1.7609268930295525
cont,Ackley,3,GWO,2000,med,0,30,0.03125,0.0016532542666409576,0.09211405994732372,0.5850680545357109,0.2375327950381796,0.07651368547389881,1.7609268930295525
cont,Ackley,3,GWO,2000,hard,0,30,0.03125,0.0016532542666409576,0.09211405994732372,0.5850680545357109,0.2375327950381796,0.07651368547389881,1.7609268930295525
cont,Ackley,3,GWO,5000,easy,16,30,0.53125,0.3869822549447333,0.6732606351024929,0.6025648408963454,0.06943402786387454,0.03511480591207361,2.0217643964559646
cont,Ackley,3,GWO,5000,med,0,30,0.03125,0.0016532542666409576,0.09211405994732372,0.6025648408963454,0.06943402786387454,0.03511480591207361,2.0217643964559646
cont,Ackley,3,GWO,5000,hard,0,30,0.03125,0.0016532542666409576,0.09211405994732372,0.6025648408963454,0.06943402786387454,0.03511480591207361,2.0217643964559646
cont,Ackley,3,GWO,8000,easy,13,30,0.4375,0.29748724009093563,0.582026568673327,0.7398033075126688,1.1651023055977299,0.025106048947151738,2.017472780864225
cont,Ackley,3,GWO,8000,med,0,30,0.03125,0.0016532542666409576,0.09211405994732372,0.7398033075126688,1.1651023055977299,0.025106048947151738,2.017472780864225
cont,Ackley,3,GWO,8000,hard,0,30,0.03125,0.0016532542666409576,0.09211405994732372,0.7398033075126688,1.1651023055977299,0.025106048947151738,2.017472780864225
cont,Ackley,3,GWO,10000,easy,14,30,0.46875,0.3267393648975071,0.6130177450552665,0.7194844251133603,0.6337464605875263,0.020298281151550857,2.024965431212238
cont,Ackley,3,GWO,10000,med,0,30,0.03125,0.0016532542666409576,0.09211405994732372,0.7194844251133603,0.6337464605875263,0.020298281151550857,2.024965431212238
cont,Ackley,3,GWO,10000,hard,0,30,0.03125,0.0016532542666409576,0.09211405994732372,0.7194844251133603,0.6337464605875263,0.020298281151550857,2.024965431212238
cont,Ackley,3,MFO,2000,easy,0,30,0.03125,0.0016532542666409576,0.09211405994732372,4.190891342970554,3.9331722622249665,2.414973289905998,6.525053426781664
cont,Ackley,3,MFO,2000,med,0,30,0.03125,0.0016532542666409576,0.09211405994732372,4.190891342970554,3.9331722622249665,2.414973289905998,6.525053426781664
cont,Ackley,3,MFO,2000,hard,0,30,0.03125,0.0016532542666409576,0.09211405994732372,4.190891342970554,3.9331722622249665,2.414973289905998,6.525053426781664
cont,Ackley,3,MFO,5000,easy,0,30,0.03125,0.0016532542666409576,0.09211405994732372,3.977848995048108,4.066447580852918,2.031165915539486,5.7074062717340155
cont,Ackley,3,MFO,5000,med,0,30,0.03125,0.0016532542666409576,0.09211405994732372,3.977848995048108,4.066447580852918,2.031165915539486,5.7074062717340155
cont,Ackley,3,MFO,5000,hard,0,30,0.03125,0.0016532542666409576,0.09211405994732372,3.977848995048108,4.066447580852918,2.031165915539486,5.7074062717340155
cont,Ackley,3,MFO,8000,easy,0,30,0.03125,0.0016532542666409576,0.09211405994732372,3.6434806237987796,3.5582362135088954,2.2336398518240803,5.548510938089798
cont,Ackley,3,MFO,8000,med,0,30,0.03125,0.0016532542666409576,0.09211405994732372,3.6434806237987796,3.5582362135088954,2.2336398518240803,5.548510938089798
cont,Ackley,3,MFO,8000,hard,0,30,0.03125,0.0016532542666409576,0.09211405994732372,3.6434806237987796,3.5582362135088954,2.2336398518240803,5.548510938089798
cont,Ackley,3,MFO,10000,easy,0,30,0.03125,0.0016532542666409576,0.09211405994732372,3.7237098572794607,3.6568337794449914,2.257124205783598,5.98841169489544
cont,Ackley,3,MFO,10000,med,0,30,0.03125,0.0016532542666409576,0.09211405994732372,3.7237098572794607,3.6568337794449914,2.257124205783598,5.98841169489544
cont,Ackley,3,MFO,10000,hard,0,30,0.03125,0.0016532542666409576,0.09211405994732372,3.7237098572794607,3.6568337794449914,2.257124205783598,5.98841169489544
cont,Ackley,3,PSO_GBEST,2000,easy,17,30,0.5625,0.417973431326673,0.7025127599090644,0.5120465755532417,0.08831081382424921,0.03284686268523673,3.9426385907787567
cont,Ackley,3,PSO_GBEST,2000,med,0,30,0.03125,0.0016532542666409576,0.09211405994732372,0.5120465755532417,0.08831081382424921,0.03284686268523673,3.9426385907787567
cont,Ackley,3,PSO_GBEST,2000,hard,0,30,0.03125,0.0016532542666409576,0.09211405994732372,0.5120465755532417,0.08831081382424921,0.03284686268523673,3.9426385907787567
cont,Ackley,3,PSO_GBEST,5000,easy,25,30,0.8125,0.690356484642353,0.9121855328567512,0.422283854883097,0.00014858911190396284,6.173410938048463e-05,3.4138264469649156
cont,Ackley,3,PSO_GBEST,5000,med,25,30,0.8125,0.690356484642353,0.9121855328567512,0.422283854883097,0.00014858911190396284,6.173410938048463e-05,3.4138264469649156
cont,Ackley,3,PSO_GBEST,5000,hard,25,30,0.8125,0.690356484642353,0.9121855328567512,0.422283854883097,0.00014858911190396284,6.173410938048463e-05,3.4138264469649156
cont,Ackley,3,PSO_GBEST,8000,easy,23,30,0.75,0.6173897690830179,0.8645994152416211,0.6866304195169936,6.517699042696279e-07,8.663387207619166e-08,3.739991715951096
cont,Ackley,3,PSO_GBEST,8000,med,23,30,0.75,0.6173897690830179,0.8645994152416211,0.6866304195169936,6.517699042696279e-07,8.663387207619166e-08,3.739991715951096
cont,Ackley,3,PSO_GBEST,8000,hard,23,30,0.75,0.6173897690830179,0.8645994152416211,0.6866304195169936,6.517699042696279e-07,8.663387207619166e-08,3.739991715951096
cont,Ackley,3,PSO_GBEST,10000,easy,26,30,0.84375,0.7286288184424853,0.9342195294539822,0.4875704580876128,7.687547043389031e-09,2.3328579068504496e-09,4.809946725332001
cont,Ackley,3,PSO_GBEST,10000,med,26,30,0.84375,0.7286288184424853,0.9342195294539822,0.4875704580876128,7.687547043389031e-09,2.3328579068504496e-09,4.809946725332001
cont,Ackley,3,PSO_GBEST,10000,hard,26,30,0.84375,0.7286288184424853,0.9342195294539822,0.4875704580876128,7.687547043389031e-09,2.3328579068504496e-09,4.809946725332001
cont,Ackley,3,WOA,2000,easy,0,30,0.03125,0.0016532542666409576,0.09211405994732372,2.7384361226160125,2.482522735261551,0.4037434344514783,4.526944208836142
cont,Ackley,3,WOA,2000,med,0,30,0.03125,0.0016532542666409576,0.09211405994732372,2.7384361226160125,2.482522735261551,0.4037434344514783,4.526944208836142
cont,Ackley,3,WOA,2000,hard,0,30,0.03125,0.0016532542666409576,0.09211405994732372,2.7384361226160125,2.482522735261551,0.4037434344514783,4.526944208836142
cont,Ackley,3,WOA,5000,easy,1,30,0.0625,0.011585315861443594,0.14409039131834475,2.631041922280055,2.6310789576408813,0.047251622383946756,4.437190735508448
cont,Ackley,3,WOA,5000,med,0,30,0.03125,0.0016532542666409576,0.09211405994732372,2.631041922280055,2.6310789576408813,0.047251622383946756,4.437190735508448
cont,Ackley,3,WOA,5000,hard,0,30,0.03125,0.0016532542666409576,0.09211405994732372,2.631041922280055,2.6310789576408813,0.047251622383946756,4.437190735508448
cont,Ackley,3,WOA,8000,easy,3,30,0.125,0.04530017302264189,0.23150297514336832,2.3697741470579525,2.3316869589246676,0.019549017381152556,4.99139894848237
cont,Ackley,3,WOA,8000,med,0,30,0.03125,0.0016532542666409576,0.09211405994732372,2.3697741470579525,2.3316869589246676,0.019549017381152556,4.99139894848237
cont,Ackley,3,WOA,8000,hard,0,30,0.03125,0.0016532542666409576,0.09211405994732372,2.3697741470579525,2.3316869589246676,0.019549017381152556,4.99139894848237
cont,Ackley,3,WOA,10000,easy,1,30,0.0625,0.011585315861443594,0.14409039131834475,2.329189221663019,2.498613061810224,0.022393611184402307,3.892274306112221
cont,Ackley,3,WOA,10000,med,0,30,0.03125,0.0016532542666409576,0.09211405994732372,2.329189221663019,2.498613061810224,0.022393611184402307,3.892274306112221
cont,Ackley,3,WOA,10000,hard,0,30,0.03125,0.0016532542666409576,0.09211405994732372,2.329189221663019,2.498613061810224,0.022393611184402307,3.892274306112221
cont,Ackley,4,ALO,2000,easy,0,30,0.03125,0.0016532542666409576,0.09211405994732372,7.168393491275955,7.227547928904858,5.116467997504323,8.532326421689865
cont,Ackley,4,ALO,2000,med,0,30,0.03125,0.0016532542666409576,0.09211405994732372,7.168393491275955,7.227547928904858,5.116467997504323,8.532326421689865
cont,Ackley,4,ALO,2000,hard,0,30,0.03125,0.0016532542666409576,0.09211405994732372,7.168393491275955,7.227547928904858,5.116467997504323,8.532326421689865
cont,Ackley,4,ALO,5000,easy,0,30,0.03125,0.0016532542666409576,0.09211405994732372,6.893312681608207,7.108579576629786,5.317359320898074,8.416983395816136
cont,Ackley,4,ALO,5000,med,0,30,0.03125,0.0016532542666409576,0.09211405994732372,6.893312681608207,7.108579576629786,5.317359320898074,8.416983395816136
cont,Ackley,4,ALO,5000,hard,0,30,0.03125,0.0016532542666409576,0.09211405994732372,6.893312681608207,7.108579576629786,5.317359320898074,8.416983395816136
cont,Ackley,4,ALO,8000,easy,0,30,0.03125,0.0016532542666409576,0.09211405994732372,6.197268229303751,6.314429135875034,4.257341060252315,7.953947395262315
cont,Ackley,4,ALO,8000,med,0,30,0.03125,0.0016532542666409576,0.09211405994732372,6.197268229303751,6.314429135875034,4.257341060252315,7.953947395262315
cont,Ackley,4,ALO,8000,hard,0,30,0.03125,0.0016532542666409576,0.09211405994732372,6.197268229303751,6.314429135875034,4.257341060252315,7.953947395262315
cont,Ackley,4,ALO,10000,easy,0,30,0.03125,0.0016532542666409576,0.09211405994732372,6.12984002393746,6.259720115763436,4.436155096247006,7.565481033375104
cont,Ackley,4,ALO,10000,med,0,30,0.03125,0.0016532542666409576,0.09211405994732372,6.12984002393746,6.259720115763436,4.436155096247006,7.565481033375104
cont,Ackley,4,ALO,10000,hard,0,30,0.03125,0.0016532542666409576,0.09211405994732372,6.12984002393746,6.259720115763436,4.436155096247006,7.565481033375104
cont,Ackley,4,BA,2000,easy,0,30,0.03125,0.0016532542666409576,0.09211405994732372,6.535903282263444,6.570192032881922,5.309222039455928,8.056760977578003
cont,Ackley,4,BA,2000,med,0,30,0.03125,0.0016532542666409576,0.09211405994732372,6.535903282263444,6.570192032881922,5.309222039455928,8.056760977578003
cont,Ackley,4,BA,2000,hard,0,30,0.03125,0.0016532542666409576,0.09211405994732372,6.535903282263444,6.570192032881922,5.309222039455928,8.056760977578003
cont,Ackley,4,BA,5000,easy,0,30,0.03125,0.0016532542666409576,0.09211405994732372,5.557075779311316,5.381722761440823,3.574252864880688,7.404382355012572
cont,Ackley,4,BA,5000,med,0,30,0.03125,0.0016532542666409576,0.09211405994732372,5.557075779311316,5.381722761440823,3.574252864880688,7.404382355012572
cont,Ackley,4,BA,5000,hard,0,30,0.03125,0.0016532542666409576,0.09211405994732372,5.557075779311316,5.381722761440823,3.574252864880688,7.404382355012572
cont,Ackley,4,BA,8000,easy,0,30,0.03125,0.0016532542666409576,0.09211405994732372,5.4016590690227035,5.606010128568533,3.8857737374630337,7.294187473442124
cont,Ackley,4,BA,8000,med,0,30,0.03125,0.0016532542666409576,0.09211405994732372,5.4016590690227035,5.606010128568533,3.8857737374630337,7.294187473442124
cont,Ackley,4,BA,8000,hard,0,30,0.03125,0.0016532542666409576,0.09211405994732372,5.4016590690227035,5.606010128568533,3.8857737374630337,7.294187473442124
cont,Ackley,4,BA,10000,easy,0,30,0.03125,0.0016532542666409576,0.09211405994732372,5.7826327405903974,5.6920090222523285,3.222386935261494,7.767778809853281
cont,Ackley,4,BA,10000,med,0,30,0.03125,0.0016532542666409576,0.09211405994732372,5.7826327405903974,5.6920090222523285,3.222386935261494,7.767778809853281
cont,Ackley,4,BA,10000,hard,0,30,0.03125,0.0016532542666409576,0.09211405994732372,5.7826327405903974,5.6920090222523285,3.222386935261494,7.767778809853281
cont,Ackley,4,ES_1P1,2000,easy,11,30,0.375,0.24077485846609245,0.5182492532388523,1.1556008402152764,1.1551485027098392,2.544343091770429e-08,2.814349980772104
cont,Ackley,4,ES_1P1,2000,med,11,30,0.375,0.24077485846609245,0.5182492532388523,1.1556008402152764,1.1551485027098392,2.544343091770429e-08,2.814349980772104
cont,Ackley,4,ES_1P1,2000,hard,11,30,0.375,0.24077485846609245,0.5182492532388523,1.1556008402152764,1.1551485027098392,2.544343091770429e-08,2.814349980772104
cont,Ackley,4,ES_1P1,5000,easy,11,30,0.375,0.24077485846609245,0.5182492532388523,1.096101194774969,1.1551485027098303,1.2652101588628284e-12,3.5742396156801957
cont,Ackley,4,ES_1P1,5000,med,11,30,0.375,0.24077485846609245,0.5182492532388523,1.096101194774969,1.1551485027098303,1.2652101588628284e-12,3.5742396156801957
cont,Ackley,4,ES_1P1,5000,hard,11,30,0.375,0.24077485846609245,0.5182492532388523,1.096101194774969,1.1551485027098303,1.2652101588628284e-12,3.5742396156801957
cont,Ackley,4,ES_1P1,8000,easy,10,30,0.34375,0.21336046293527158,0.485416074399548,1.3118304178756994,1.6462236331031108,9.134915046615788e-13,3.404158349362277
cont,Ackley,4,ES_1P1,8000,med,10,30,0.34375,0.21336046293527158,0.485416074399548,1.3118304178756994,1.6462236331031108,9.134915046615788e-13,3.404158349362277
cont,Ackley,4,ES_1P1,8000,hard,10,30,0.34375,0.21336046293527158,0.485416074399548,1.3118304178756994,1.6462236331031108,9.134915046615788e-13,3.404158349362277
cont,Ackley,4,ES_1P1,10000,easy,11,30,0.375,0.24077485846609245,0.5182492532388523,1.2161867129568253,1.4006860679064723,1.0946799022804043e-12,3.5742396156801957
cont,Ackley,4,ES_1P1,10000,med,11,30,0.375,0.24077485846609245,0.5182492532388523,1.2161867129568253,1.4006860679064723,1.0946799022804043e-12,3.5742396156801957
cont,Ackley,4,ES_1P1,10000,hard,11,30,0.375,0.24077485846609245,0.5182492532388523,1.2161867129568253,1.4006860679064723,1.0946799022804043e-12,3.5742396156801957
cont,Ackley,4,FA,2000,easy,0,30,0.03125,0.0016532542666409576,0.09211405994732372,6.047389211432695,5.999302197541567,5.101251434824157,7.074751539743458
cont,Ackley,4,FA,2000,med,0,30,0.03125,0.0016532542666409576,0.09211405994732372,6.047389211432695,5.999302197541567,5.101251434824157,7.074751539743458
cont,Ackley,4,FA,2000,hard,0,30,0.03125,0.0016532542666409576,0.09211405994732372,6.047389211432695,5.999302197541567,5.101251434824157,7.074751539743458
cont,Ackley,4,FA,5000,easy,0,30,0.03125,0.0016532542666409576,0.09211405994732372,5.661869123546035,5.834127414512453,4.352546244525353,6.399967722020396
cont,Ackley,4,FA,5000,med,0,30,0.03125,0.0016532542666409576,0.09211405994732372,5.661869123546035,5.834127414512453,4.352546244525353,6.399967722020396
cont,Ackley,4,FA,5000,hard,0,30,0.03125,0.0016532542666409576,0.09211405994732372,5.661869123546035,5.834127414512453,4.352546244525353,6.399967722020396
cont,Ackley,4,FA,8000,easy,0,30,0.03125,0.0016532542666409576,0.09211405994732372,5.459579584223425,5.5914555162095,4.249715461256677,6.086542244701935
cont,Ackley,4,FA,8000,med,0,30,0.03125,0.0016532542666409576,0.09211405994732372,5.459579584223425,5.5914555162095,4.249715461256677,6.086542244701935
cont,Ackley,4,FA,8000,hard,0,30,0.03125,0.0016532542666409576,0.09211405994732372,5.459579584223425,5.5914555162095,4.249715461256677,6.086542244701935
cont,Ackley,4,FA,10000,easy,0,30,0.03125,0.0016532542666409576,0.09211405994732372,5.388269577077542,5.490952658022406,4.277269231236367,6.074238120036778
cont,Ackley,4,FA,10000,med,0,30,0.03125,0.0016532542666409576,0.09211405994732372,5.388269577077542,5.490952658022406,4.277269231236367,6.074238120036778
cont,Ackley,4,FA,10000,hard,0,30,0.03125,0.0016532542666409576,0.09211405994732372,5.388269577077542,5.490952658022406,4.277269231236367,6.074238120036778
cont,Ackley,4,GWO,2000,easy,0,30,0.03125,0.0016532542666409576,0.09211405994732372,0.6705148664544606,0.31127193646705686,0.11412949354445034,1.8991606931401042
cont,Ackley,4,GWO,2000,med,0,30,0.03125,0.0016532542666409576,0.09211405994732372,0.6705148664544606,0.31127193646705686,0.11412949354445034,1.8991606931401042
cont,Ackley,4,GWO,2000,hard,0,30,0.03125,0.0016532542666409576,0.09211405994732372,0.6705148664544606,0.31127193646705686,0.11412949354445034,1.8991606931401042
cont,Ackley,4,GWO,5000,easy,1,30,0.0625,0.011585315861443594,0.14409039131834475,0.6653149517365127,0.2877971854231718,0.0935707903061993,1.8809407412053685
cont,Ackley,4,GWO,5000,med,0,30,0.03125,0.0016532542666409576,0.09211405994732372,0.6653149517365127,0.2877971854231718,0.0935707903061993,1.8809407412053685
cont,Ackley,4,GWO,5000,hard,0,30,0.03125,0.0016532542666409576,0.09211405994732372,0.6653149517365127,0.2877971854231718,0.0935707903061993,1.8809407412053685
cont,Ackley,4,GWO,8000,easy,1,30,0.0625,0.011585315861443594,0.14409039131834475,0.6082951843233926,0.27427468341849215,0.08560261729602603,1.912848395016685
cont,Ackley,4,GWO,8000,med,0,30,0.03125,0.0016532542666409576,0.09211405994732372,0.6082951843233926,0.27427468341849215,0.08560261729602603,1.912848395016685
cont,Ackley,4,GWO,8000,hard,0,30,0.03125,0.0016532542666409576,0.09211405994732372,0.6082951843233926,0.27427468341849215,0.08560261729602603,1.912848395016685
cont,Ackley,4,GWO,10000,easy,0,30,0.03125,0.0016532542666409576,0.09211405994732372,0.6625152530185103,0.272608644463443,0.10843325521744562,1.8824270999649184
cont,Ackley,4,GWO,10000,med,0,30,0.03125,0.0016532542666409576,0.09211405994732372,0.6625152530185103,0.272608644463443,0.10843325521744562,1.8824270999649184
cont,Ackley,4,GWO,10000,hard,0,30,0.03125,0.0016532542666409576,0.09211405994732372,0.6625152530185103,0.272608644463443,0.10843325521744562,1.8824270999649184
cont,Ackley,4,MFO,2000,easy,0,30,0.03125,0.0016532542666409576,0.09211405994732372,4.335775964727105,4.176646901664643,1.8452917996787979,6.055310980150455
cont,Ackley,4,MFO,2000,med,0,30,0.03125,0.0016532542666409576,0.09211405994732372,4.335775964727105,4.176646901664643,1.8452917996787979,6.055310980150455
cont,Ackley,4,MFO,2000,hard,0,30,0.03125,0.0016532542666409576,0.09211405994732372,4.335775964727105,4.176646901664643,1.8452917996787979,6.055310980150455
cont,Ackley,4,MFO,5000,easy,0,30,0.03125,0.0016532542666409576,0.09211405994732372,4.064302973636425,4.065781863234179,2.3811377631084736,6.391082740580718
cont,Ackley,4,MFO,5000,med,0,30,0.03125,0.0016532542666409576,0.09211405994732372,4.064302973636425,4.065781863234179,2.3811377631084736,6.391082740580718
cont,Ackley,4,MFO,5000,hard,0,30,0.03125,0.0016532542666409576,0.09211405994732372,4.064302973636425,4.065781863234179,2.3811377631084736,6.391082740580718
cont,Ackley,4,MFO,8000,easy,0,30,0.03125,0.0016532542666409576,0.09211405994732372,3.879370463517143,3.695900735408961,2.741401846178651,5.250070115163016
cont,Ackley,4,MFO,8000,med,0,30,0.03125,0.0016532542666409576,0.09211405994732372,3.879370463517143,3.695900735408961,2.741401846178651,5.250070115163016
cont,Ackley,4,MFO,8000,hard,0,30,0.03125,0.0016532542666409576,0.09211405994732372,3.879370463517143,3.695900735408961,2.741401846178651,5.250070115163016
cont,Ackley,4,MFO,10000,easy,0,30,0.03125,0.0016532542666409576,0.09211405994732372,3.9886893778325048,3.9739714355595965,1.886258335609384,5.860515462605527
cont,Ackley,4,MFO,10000,med,0,30,0.03125,0.0016532542666409576,0.09211405994732372,3.9886893778325048,3.9739714355595965,1.886258335609384,5.860515462605527
cont,Ackley,4,MFO,10000,hard,0,30,0.03125,0.0016532542666409576,0.09211405994732372,3.9886893778325048,3.9739714355595965,1.886258335609384,5.860515462605527
cont,Ackley,4,PSO_GBEST,2000,easy,10,30,0.34375,0.21336046293527158,0.485416074399548,0.4785833162109866,0.12547832886923382,0.028952900644288793,3.3895727257493964
cont,Ackley,4,PSO_GBEST,2000,med,0,30,0.03125,0.0016532542666409576,0.09211405994732372,0.4785833162109866,0.12547832886923382,0.028952900644288793,3.3895727257493964
cont,Ackley,4,PSO_GBEST,2000,hard,0,30,0.03125,0.0016532542666409576,0.09211405994732372,0.4785833162109866,0.12547832886923382,0.028952900644288793,3.3895727257493964
cont,Ackley,4,PSO_GBEST,5000,easy,26,30,0.84375,0.7286288184424853,0.9342195294539822,0.410551690149375,0.00018703756695837015,5.1799227272386617e-05,4.664778618754099
cont,Ackley,4,PSO_GBEST,5000,med,26,30,0.84375,0.7286288184424853,0.9342195294539822,0.410551690149375,0.00018703756695837015,5.1799227272386617e-05,4.664778618754099
cont,Ackley,4,PSO_GBEST,5000,hard,24,30,0.78125,0.6533474562111927,0.8889112287407399,0.410551690149375,0.00018703756695837015,5.1799227272386617e-05,4.664778618754099
cont,Ackley,4,PSO_GBEST,8000,easy,28,30,0.90625,0.8105355325744613,0.9730998803088509,0.19062262873488195,4.5149379923614674e-07,5.913823786229955e-08,3.4038968779965697
cont,Ackley,4,PSO_GBEST,8000,med,28,30,0.90625,0.8105355325744613,0.9730998803088509,0.19062262873488195,4.5149379923614674e-07,5.913823786229955e-08,3.4038968779965697
cont,Ackley,4,PSO_GBEST,8000,hard,28,30,0.90625,0.8105355325744613,0.9730998803088509,0.19062262873488195,4.5149379923614674e-07,5.913823786229955e-08,3.4038968779965697
cont,Ackley,4,PSO_GBEST,10000,easy,27,30,0.875,0.7684970248566316,0.9546998269773581,0.22767255116243118,9.573865700218676e-09,2.7083655318449473e-09,2.861430615994671
cont,Ackley,4,PSO_GBEST,10000,med,27,30,0.875,0.7684970248566316,0.9546998269773581,0.22767255116243118,9.573865700218676e-09,2.7083655318449473e-09,2.861430615994671
cont,Ackley,4,PSO_GBEST,10000,hard,27,30,0.875,0.7684970248566316,0.9546998269773581,0.22767255116243118,9.573865700218676e-09,2.7083655318449473e-09,2.861430615994671
cont,Ackley,4,WOA,2000,easy,0,30,0.03125,0.0016532542666409576,0.09211405994732372,2.081266032410804,2.339237666248979,0.16110419440060086,4.005762077045237
cont,Ackley,4,WOA,2000,med,0,30,0.03125,0.0016532542666409576,0.09211405994732372,2.081266032410804,2.339237666248979,0.16110419440060086,4.005762077045237
cont,Ackley,4,WOA,2000,hard,0,30,0.03125,0.0016532542666409576,0.09211405994732372,2.081266032410804,2.339237666248979,0.16110419440060086,4.005762077045237
cont,Ackley,4,WOA,5000,easy,0,30,0.03125,0.0016532542666409576,0.09211405994732372,2.327858232061972,2.3145461262024782,0.3000430898403832,3.6517171577212193
cont,Ackley,4,WOA,5000,med,0,30,0.03125,0.0016532542666409576,0.09211405994732372,2.327858232061972,2.3145461262024782,0.3000430898403832,3.6517171577212193
cont,Ackley,4,WOA,5000,hard,0,30,0.03125,0.0016532542666409576,0.09211405994732372,2.327858232061972,2.3145461262024782,0.3000430898403832,3.6517171577212193
cont,Ackley,4,WOA,8000,easy,0,30,0.03125,0.0016532542666409576,0.09211405994732372,2.254101182119852,2.188697305161505,0.2625969819376235,3.7360257371507015
cont,Ackley,4,WOA,8000,med,0,30,0.03125,0.0016532542666409576,0.09211405994732372,2.254101182119852,2.188697305161505,0.2625969819376235,3.7360257371507015
cont,Ackley,4,WOA,8000,hard,0,30,0.03125,0.0016532542666409576,0.09211405994732372,2.254101182119852,2.188697305161505,0.2625969819376235,3.7360257371507015
cont,Ackley,4,WOA,10000,easy,4,30,0.15625,0.06578047054601774,0.2713711815575147,1.8173745934582473,2.039449827152874,0.02316631793297974,3.57768543239569
cont,Ackley,4,WOA,10000,med,0,30,0.03125,0.0016532542666409576,0.09211405994732372,1.8173745934582473,2.039449827152874,0.02316631793297974,3.57768543239569
cont,Ackley,4,WOA,10000,hard,0,30,0.03125,0.0016532542666409576,0.09211405994732372,1.8173745934582473,2.039449827152874,0.02316631793297974,3.57768543239569
cont,Ackley,5,ALO,2000,easy,0,30,0.03125,0.0016532542666409576,0.09211405994732372,7.1559345108648476,7.185090709566921,5.857799463257333,8.953504655567237
cont,Ackley,5,ALO,2000,med,0,30,0.03125,0.0016532542666409576,0.09211405994732372,7.1559345108648476,7.185090709566921,5.857799463257333,8.953504655567237
cont,Ackley,5,ALO,2000,hard,0,30,0.03125,0.0016532542666409576,0.09211405994732372,7.1559345108648476,7.185090709566921,5.857799463257333,8.953504655567237
cont,Ackley,5,ALO,5000,easy,0,30,0.03125,0.0016532542666409576,0.09211405994732372,6.393910288284913,6.387050997970009,3.9744893505661705,7.772314424706034
cont,Ackley,5,ALO,5000,med,0,30,0.03125,0.0016532542666409576,0.09211405994732372,6.393910288284913,6.387050997970009,3.9744893505661705,7.772314424706034
cont,Ackley,5,ALO,5000,hard,0,30,0.03125,0.0016532542666409576,0.09211405994732372,6.393910288284913,6.387050997970009,3.9744893505661705,7.772314424706034
cont,Ackley,5,ALO,8000,easy,0,30,0.03125,0.0016532542666409576,0.09211405994732372,5.828466659770441,5.8606237604319755,4.053678883471388,8.017658553444832
cont,Ackley,5,ALO,8000,med,0,30,0.03125,0.0016532542666409576,0.09211405994732372,5.828466659770441,5.8606237604319755,4.053678883471388,8.017658553444832
cont,Ackley,5,ALO,8000,hard,0,30,0.03125,0.0016532542666409576,0.09211405994732372,5.828466659770441,5.8606237604319755,4.053678883471388,8.017658553444832
cont,Ackley,5,ALO,10000,easy,0,30,0.03125,0.0016532542666409576,0.09211405994732372,5.585574434483561,5.535482305126461,3.1478449500059154,8.008709624442377
cont,Ackley,5,ALO,10000,med,0,30,0.03125,0.0016532542666409576,0.09211405994732372,5.585574434483561,5.535482305126461,3.1478449500059154,8.008709624442377
cont,Ackley,5,ALO,10000,hard,0,30,0.03125,0.0016532542666409576,0.09211405994732372,5.585574434483561,5.535482305126461,3.1478449500059154,8.008709624442377
cont,Ackley,5,BA,2000,easy,0,30,0.03125,0.0016532542666409576,0.09211405994732372,6.841837643019624,6.943135158136192,4.726278864729334,8.80914507700474
cont,Ackley,5,BA,2000,med,0,30,0.03125,0.0016532542666409576,0.09211405994732372,6.841837643019624,6.943135158136192,4.726278864729334,8.80914507700474
cont,Ackley,5,BA,2000,hard,0,30,0.03125,0.0016532542666409576,0.09211405994732372,6.841837643019624,6.943135158136192,4.726278864729334,8.80914507700474
cont,Ackley,5,BA,5000,easy,0,30,0.03125,0.0016532542666409576,0.09211405994732372,5.627128167711606,5.431418422815957,3.235189621491021,7.238011767642412
cont,Ackley,5,BA,5000,med,0,30,0.03125,0.0016532542666409576,0.09211405994732372,5.627128167711606,5.431418422815957,3.235189621491021,7.238011767642412
cont,Ackley,5,BA,5000,hard,0,30,0.03125,0.0016532542666409576,0.09211405994732372,5.627128167711606,5.431418422815957,3.235189621491021,7.238011767642412
cont,Ackley,5,BA,8000,easy,0,30,0.03125,0.0016532542666409576,0.09211405994732372,6.088647219172299,6.385731846956299,3.222761458992857,8.236181207041593
cont,Ackley,5,BA,8000,med,0,30,0.03125,0.0016532542666409576,0.09211405994732372,6.088647219172299,6.385731846956299,3.222761458992857,8.236181207041593
cont,Ackley,5,BA,8000,hard,0,30,0.03125,0.0016532542666409576,0.09211405994732372,6.088647219172299,6.385731846956299,3.222761458992857,8.236181207041593
cont,Ackley,5,BA,10000,easy,0,30,0.03125,0.0016532542666409576,0.09211405994732372,6.29346501648341,6.315969282248888,4.167129115413584,7.404435508890799
cont,Ackley,5,BA,10000,med,0,30,0.03125,0.0016532542666409576,0.09211405994732372,6.29346501648341,6.315969282248888,4.167129115413584,7.404435508890799
cont,Ackley,5,BA,10000,hard,0,30,0.03125,0.0016532542666409576,0.09211405994732372,6.29346501648341,6.315969282248888,4.167129115413584,7.404435508890799
cont,Ackley,5,ES_1P1,2000,easy,9,30,0.3125,0.18662163557046532,0.4519044172193684,1.2483651127767201,1.4006860679064936,2.4968926926050017e-08,3.4041583493622842
cont,Ackley,5,ES_1P1,2000,med,9,30,0.3125,0.18662163557046532,0.4519044172193684,1.2483651127767201,1.4006860679064936,2.4968926926050017e-08,3.4041583493622842
cont,Ackley,5,ES_1P1,2000,hard,9,30,0.3125,0.18662163557046532,0.4519044172193684,1.2483651127767201,1.4006860679064936,2.4968926926050017e-08,3.4041583493622842
cont,Ackley,5,ES_1P1,5000,easy,16,30,0.53125,0.3869822549447333,0.6732606351024929,1.0535243768111793,1.7181811529098923e-12,1.1941558852868184e-12,4.029776266582168
cont,Ackley,5,ES_1P1,5000,med,16,30,0.53125,0.3869822549447333,0.6732606351024929,1.0535243768111793,1.7181811529098923e-12,1.1941558852868184e-12,4.029776266582168
cont,Ackley,5,ES_1P1,5000,hard,16,30,0.53125,0.3869822549447333,0.6732606351024929,1.0535243768111793,1.7181811529098923e-12,1.1941558852868184e-12,4.029776266582168
cont,Ackley,5,ES_1P1,8000,easy,13,30,0.4375,0.29748724009093563,0.582026568673327,1.3377902214889401,1.4006860679064723,1.0236256287043943e-12,4.662243801610192
cont,Ackley,5,ES_1P1,8000,med,13,30,0.4375,0.29748724009093563,0.582026568673327,1.3377902214889401,1.4006860679064723,1.0236256287043943e-12,4.662243801610192
cont,Ackley,5,ES_1P1,8000,hard,13,30,0.4375,0.29748724009093563,0.582026568673327,1.3377902214889401,1.4006860679064723,1.0236256287043943e-12,4.662243801610192
cont,Ackley,5,ES_1P1,10000,easy,16,30,0.53125,0.3869822549447333,0.6732606351024929,1.0125548973409073,1.510347402700063e-12,9.561240688071848e-13,3.7343678229187103
cont,Ackley,5,ES_1P1,10000,med,16,30,0.53125,0.3869822549447333,0.6732606351024929,1.0125548973409073,1.510347402700063e-12,9.561240688071848e-13,3.7343678229187103
cont,Ackley,5,ES_1P1,10000,hard,16,30,0.53125,0.3869822549447333,0.6732606351024929,1.0125548973409073,1.510347402700063e-12,9.561240688071848e-13,3.7343678229187103
cont,Ackley,5,FA,2000,easy,0,30,0.03125,0.0016532542666409576,0.09211405994732372,6.0351756823717455,6.090497356258039,5.065555046005535,6.965168509605414
cont,Ackley,5,FA,2000,med,0,30,0.03125,0.0016532542666409576,0.09211405994732372,6.0351756823717455,6.090497356258039,5.065555046005535,6.965168509605414
cont,Ackley,5,FA,2000,hard,0,30,0.03125,0.0016532542666409576,0.09211405994732372,6.0351756823717455,6.090497356258039,5.065555046005535,6.965168509605414
cont,Ackley,5,FA,5000,easy,0,30,0.03125,0.0016532542666409576,0.09211405994732372,5.518416848189846,5.442771129241962,4.8501400477180105,6.193566909602193
cont,Ackley,5,FA,5000,med,0,30,0.03125,0.0016532542666409576,0.09211405994732372,5.518416848189846,5.442771129241962,4.8501400477180105,6.193566909602193
cont,Ackley,5,FA,5000,hard,0,30,0.03125,0.0016532542666409576,0.09211405994732372,5.518416848189846,5.442771129241962,4.8501400477180105,6.193566909602193
cont,Ackley,5,FA,8000,easy,0,30,0.03125,0.0016532542666409576,0.09211405994732372,5.165023770576405,5.166726045584925,4.223192256003536,6.104384361538468
cont,Ackley,5,FA,8000,med,0,30,0.03125,0.0016532542666409576,0.09211405994732372,5.165023770576405,5.166726045584925,4.223192256003536,6.104384361538468
cont,Ackley,5,FA,8000,hard,0,30,0.03125,0.0016532542666409576,0.09211405994732372,5.165023770576405,5.166726045584925,4.223192256003536,6.104384361538468
cont,Ackley,5,FA,10000,easy,0,30,0.03125,0.0016532542666409576,0.09211405994732372,5.394541645944385,5.509310211306309,4.150634552772441,6.344707234399092
cont,Ackley,5,FA,10000,med,0,30,0.03125,0.0016532542666409576,0.09211405994732372,5.394541645944385,5.509310211306309,4.150634552772441,6.344707234399092
cont,Ackley,5,FA,10000,hard,0,30,0.03125,0.0016532542666409576,0.09211405994732372,5.394541645944385,5.509310211306309,4.150634552772441,6.344707234399092
cont,Ackley,5,GWO,2000,easy,3,30,0.125,0.04530017302264189,0.23150297514336832,0.6968514343623519,0.7880409555385257,0.07007830795696224,1.821601111249095
cont,Ackley,5,GWO,2000,med,0,30,0.03125,0.0016532542666409576,0.09211405994732372,0.6968514343623519,0.7880409555385257,0.07007830795696224,1.821601111249095
cont,Ackley,5,GWO,2000,hard,0,30,0.03125,0.0016532542666409576,0.09211405994732372,0.6968514343623519,0.7880409555385257,0.07007830795696224,1.821601111249095
cont,Ackley,5,GWO,5000,easy,7,30,0.25,0.1354005847583789,0.3826102309169821,0.6276940782123149,0.542357342297811,0.05374611938533436,1.687176816032658
cont,Ackley,5,GWO,5000,med,0,30,0.03125,0.0016532542666409576,0.09211405994732372,0.6276940782123149,0.542357342297811,0.05374611938533436,1.687176816032658
cont,Ackley,5,GWO,5000,hard,0,30,0.03125,0.0016532542666409576,0.09211405994732372,0.6276940782123149,0.542357342297811,0.05374611938533436,1.687176816032658
cont,Ackley,5,GWO,8000,easy,9,30,0.3125,0.18662163557046532,0.4519044172193684,0.8166120622521416,0.8096020529715333,0.01307008374929497,1.6127899412384328
cont,Ackley,5,GWO,8000,med,0,30,0.03125,0.0016532542666409576,0.09211405994732372,0.8166120622521416,0.8096020529715333,0.01307008374929497,1.6127899412384328
cont,Ackley,5,GWO,8000,hard,0,30,0.03125,0.0016532542666409576,0.09211405994732372,0.8166120622521416,0.8096020529715333,0.01307008374929497,1.6127899412384328
cont,Ackley,5,GWO,10000,easy,6,30,0.21875,0.11108877125926007,0.3466525437888071,0.878173722609037,0.8555761740467127,0.010574465997326588,1.6361123760117242
cont,Ackley,5,GWO,10000,med,0,30,0.03125,0.0016532542666409576,0.09211405994732372,0.878173722609037,0.8555761740467127,0.010574465997326588,1.6361123760117242
cont,Ackley,5,GWO,10000,hard,0,30,0.03125,0.0016532542666409576,0.09211405994732372,0.878173722609037,0.8555761740467127,0.010574465997326588,1.6361123760117242
cont,Ackley,5,MFO,2000,easy,0,30,0.03125,0.0016532542666409576,0.09211405994732372,4.524228904914632,4.14873444201964,2.797587569228359,6.294139552960761
cont,Ackley,5,MFO,2000,med,0,30,0.03125,0.0016532542666409576,0.09211405994732372,4.524228904914632,4.14873444201964,2.797587569228359,6.294139552960761
cont,Ackley,5,MFO,2000,hard,0,30,0.03125,0.0016532542666409576,0.09211405994732372,4.524228904914632,4.14873444201964,2.797587569228359,6.294139552960761
cont,Ackley,5,MFO,5000,easy,0,30,0.03125,0.0016532542666409576,0.09211405994732372,4.037681872266979,4.0546749415362875,2.393771550808886,5.9455383008111085
cont,Ackley,5,MFO,5000,med,0,30,0.03125,0.0016532542666409576,0.09211405994732372,4.037681872266979,4.0546749415362875,2.393771550808886,5.9455383008111085
cont,Ackley,5,MFO,5000,hard,0,30,0.03125,0.0016532542666409576,0.09211405994732372,4.037681872266979,4.0546749415362875,2.393771550808886,5.9455383008111085
cont,Ackley,5,MFO,8000,easy,0,30,0.03125,0.0016532542666409576,0.09211405994732372,3.968598751099235,4.030222838729317,1.7909090553099607,6.677090115726077
cont,Ackley,5,MFO,8000,med,0,30,0.03125,0.0016532542666409576,0.09211405994732372,3.968598751099235,4.030222838729317,1.7909090553099607,6.677090115726077
cont,Ackley,5,MFO,8000,hard,0,30,0.03125,0.0016532542666409576,0.09211405994732372,3.968598751099235,4.030222838729317,1.7909090553099607,6.677090115726077
cont,Ackley,5,MFO,10000,easy,0,30,0.03125,0.0016532542666409576,0.09211405994732372,3.914573448816233,4.055729654902633,2.3953980119244034,5.545921632244166
cont,Ackley,5,MFO,10000,med,0,30,0.03125,0.0016532542666409576,0.09211405994732372,3.914573448816233,4.055729654902633,2.3953980119244034,5.545921632244166
cont,Ackley,5,MFO,10000,hard,0,30,0.03125,0.0016532542666409576,0.09211405994732372,3.914573448816233,4.055729654902633,2.3953980119244034,5.545921632244166
cont,Ackley,5,PSO_GBEST,2000,easy,9,30,0.3125,0.18662163557046532,0.4519044172193684,1.174247576285482,0.2673293923529365,0.03887826982608944,3.320716895141349
cont,Ackley,5,PSO_GBEST,2000,med,0,30,0.03125,0.0016532542666409576,0.09211405994732372,1.174247576285482,0.2673293923529365,0.03887826982608944,3.320716895141349
cont,Ackley,5,PSO_GBEST,2000,hard,0,30,0.03125,0.0016532542666409576,0.09211405994732372,1.174247576285482,0.2673293923529365,0.03887826982608944,3.320716895141349
cont,Ackley,5,PSO_GBEST,5000,easy,21,30,0.6875,0.5480955827806314,0.8133783644295347,0.7873379927651382,0.00022704184828237217,8.106359842274813e-05,3.3532800106475666
cont,Ackley,5,PSO_GBEST,5000,med,21,30,0.6875,0.5480955827806314,0.8133783644295347,0.7873379927651382,0.00022704184828237217,8.106359842274813e-05,3.3532800106475666
cont,Ackley,5,PSO_GBEST,5000,hard,21,30,0.6875,0.5480955827806314,0.8133783644295347,0.7873379927651382,0.00022704184828237217,8.106359842274813e-05,3.3532800106475666
cont,Ackley,5,PSO_GBEST,8000,easy,20,30,0.65625,0.5145839256004521,0.7866395370647284,0.9104492989601785,6.757876289675835e-07,1.4952456028893835e-07,3.5244765527758237
cont,Ackley,5,PSO_GBEST,8000,med,20,30,0.65625,0.5145839256004521,0.7866395370647284,0.9104492989601785,6.757876289675835e-07,1.4952456028893835e-07,3.5244765527758237
cont,Ackley,5,PSO_GBEST,8000,hard,20,30,0.65625,0.5145839256004521,0.7866395370647284,0.9104492989601785,6.757876289675835e-07,1.4952456028893835e-07,3.5244765527758237
cont,Ackley,5,PSO_GBEST,10000,easy,18,30,0.59375,0.4495566259694524,0.7311737237767726,1.1784312789940876,2.305216684206357e-08,1.3663954412379553e-09,4.099860732482757
cont,Ackley,5,PSO_GBEST,10000,med,18,30,0.59375,0.4495566259694524,0.7311737237767726,1.1784312789940876,2.305216684206357e-08,1.3663954412379553e-09,4.099860732482757
cont,Ackley,5,PSO_GBEST,10000,hard,18,30,0.59375,0.4495566259694524,0.7311737237767726,1.1784312789940876,2.305216684206357e-08,1.3663954412379553e-09,4.099860732482757
cont,Ackley,5,WOA,2000,easy,0,30,0.03125,0.0016532542666409576,0.09211405994732372,2.493597886097211,2.6501938881585496,0.31073765106876694,4.220042193572681
cont,Ackley,5,WOA,2000,med,0,30,0.03125,0.0016532542666409576,0.09211405994732372,2.493597886097211,2.6501938881585496,0.31073765106876694,4.220042193572681
cont,Ackley,5,WOA,2000,hard,0,30,0.03125,0.0016532542666409576,0.09211405994732372,2.493597886097211,2.6501938881585496,0.31073765106876694,4.220042193572681
cont,Ackley,5,WOA,5000,easy,0,30,0.03125,0.0016532542666409576,0.09211405994732372,2.5310193761309288,2.656055676359014,0.1136645382224164,3.9354262676468648
cont,Ackley,5,WOA,5000,med,0,30,0.03125,0.0016532542666409576,0.09211405994732372,2.5310193761309288,2.656055676359014,0.1136645382224164,3.9354262676468648
cont,Ackley,5,WOA,5000,hard,0,30,0.03125,0.0016532542666409576,0.09211405994732372,2.5310193761309288,2.656055676359014,0.1136645382224164,3.9354262676468648
cont,Ackley,5,WOA,8000,easy,1,30,0.0625,0.011585315861443594,0.14409039131834475,2.571466228993226,2.8165820994706157,0.04337673523480179,4.553873769860051
cont,Ackley,5,WOA,8000,med,0,30,0.03125,0.0016532542666409576,0.09211405994732372,2.571466228993226,2.8165820994706157,0.04337673523480179,4.553873769860051
cont,Ackley,5,WOA,8000,hard,0,30,0.03125,0.0016532542666409576,0.09211405994732372,2.571466228993226,2.8165820994706157,0.04337673523480179,4.553873769860051
cont,Ackley,5,WOA,10000,easy,2,30,0.09375,0.02690011969114915,0.18946446742553866,2.1045656181418844,2.169357696274244,0.06948081693307673,4.303327301232084
cont,Ackley,5,WOA,10000,med,0,30,0.03125,0.0016532542666409576,0.09211405994732372,2.1045656181418844,2.169357696274244,0.06948081693307673,4.303327301232084
cont,Ackley,5,WOA,10000,hard,0,30,0.03125,0.0016532542666409576,0.09211405994732372,2.1045656181418844,2.169357696274244,0.06948081693307673,4.303327301232084
cont,Ackley,8,ALO,2000,easy,0,30,0.03125,0.0016532542666409576,0.09211405994732372,7.152003046885042,7.242710001392413,4.657384226332901,8.784842351194431
cont,Ackley,8,ALO,2000,med,0,30,0.03125,0.0016532542666409576,0.09211405994732372,7.152003046885042,7.242710001392413,4.657384226332901,8.784842351194431
cont,Ackley,8,ALO,2000,hard,0,30,0.03125,0.0016532542666409576,0.09211405994732372,7.152003046885042,7.242710001392413,4.657384226332901,8.784842351194431
cont,Ackley,8,ALO,5000,easy,0,30,0.03125,0.0016532542666409576,0.09211405994732372,6.501688876779502,6.579909979702103,4.883851510719136,8.265874858335808
cont,Ackley,8,ALO,5000,med,0,30,0.03125,0.0016532542666409576,0.09211405994732372,6.501688876779502,6.579909979702103,4.883851510719136,8.265874858335808
cont,Ackley,8,ALO,5000,hard,0,30,0.03125,0.0016532542666409576,0.09211405994732372,6.501688876779502,6.579909979702103,4.883851510719136,8.265874858335808
cont,Ackley,8,ALO,8000,easy,0,30,0.03125,0.0016532542666409576,0.09211405994732372,6.483341330935984,6.407927415151365,4.995936264737278,8.088734975822053
cont,Ackley,8,ALO,8000,med,0,30,0.03125,0.0016532542666409576,0.09211405994732372,6.483341330935984,6.407927415151365,4.995936264737278,8.088734975822053
cont,Ackley,8,ALO,8000,hard,0,30,0.03125,0.0016532542666409576,0.09211405994732372,6.483341330935984,6.407927415151365,4.995936264737278,8.088734975822053
cont,Ackley,8,ALO,10000,easy,0,30,0.03125,0.0016532542666409576,0.09211405994732372,6.0994262975141,6.199496861457426,4.249703035944773,7.613965950515782
cont,Ackley,8,ALO,10000,med,0,30,0.03125,0.0016532542666409576,0.09211405994732372,6.0994262975141,6.199496861457426,4.249703035944773,7.613965950515782
cont,Ackley,8,ALO,10000,hard,0,30,0.03125,0.0016532542666409576,0.09211405994732372,6.0994262975141,6.199496861457426,4.249703035944773,7.613965950515782
cont,Ackley,8,BA,2000,easy,0,30,0.03125,0.0016532542666409576,0.09211405994732372,6.410048432880424,6.4672066809823825,4.75626115276803,8.17796198128583
cont,Ackley,8,BA,2000,med,0,30,0.03125,0.0016532542666409576,0.09211405994732372,6.410048432880424,6.4672066809823825,4.75626115276803,8.17796198128583
cont,Ackley,8,BA,2000,hard,0,30,0.03125,0.0016532542666409576,0.09211405994732372,6.410048432880424,6.4672066809823825,4.75626115276803,8.17796198128583
cont,Ackley,8,BA,5000,easy,0,30,0.03125,0.0016532542666409576,0.09211405994732372,5.482547136535994,5.380554141993716,4.085574134542657,6.885746936474
cont,Ackley,8,BA,5000,med,0,30,0.03125,0.0016532542666409576,0.09211405994732372,5.482547136535994,5.380554141993716,4.085574134542657,6.885746936474
cont,Ackley,8,BA,5000,hard,0,30,0.03125,0.0016532542666409576,0.09211405994732372,5.482547136535994,5.380554141993716,4.085574134542657,6.885746936474
cont,Ackley,8,BA,8000,easy,0,30,0.03125,0.0016532542666409576,0.09211405994732372,5.650438003149643,5.692069748054138,2.579935781676561,7.349716363973677
cont,Ackley,8,BA,8000,med,0,30,0.03125,0.0016532542666409576,0.09211405994732372,5.650438003149643,5.692069748054138,2.579935781676561,7.349716363973677
cont,Ackley,8,BA,8000,hard,0,30,0.03125,0.0016532542666409576,0.09211405994732372,5.650438003149643,5.692069748054138,2.579935781676561,7.349716363973677
cont,Ackley,8,BA,10000,easy,0,30,0.03125,0.0016532542666409576,0.09211405994732372,5.375709043308478,5.334794967123452,3.574246543919742,7.511611887492787
cont,Ackley,8,BA,10000,med,0,30,0.03125,0.0016532542666409576,0.09211405994732372,5.375709043308478,5.334794967123452,3.574246543919742,7.511611887492787
cont,Ackley,8,BA,10000,hard,0,30,0.03125,0.0016532542666409576,0.09211405994732372,5.375709043308478,5.334794967123452,3.574246543919742,7.511611887492787
cont,Ackley,8,ES_1P1,2000,easy,15,30,0.5,0.3565721369616578,0.6434278630383421,0.9604727141557718,0.5775743384965186,2.5017268701077455e-08,2.8143499807721146
cont,Ackley,8,ES_1P1,2000,med,15,30,0.5,0.3565721369616578,0.6434278630383421,0.9604727141557718,0.5775743384965186,2.5017268701077455e-08,2.8143499807721146
cont,Ackley,8,ES_1P1,2000,hard,15,30,0.5,0.3565721369616578,0.6434278630383421,0.9604727141557718,0.5775743384965186,2.5017268701077455e-08,2.8143499807721146
cont,Ackley,8,ES_1P1,5000,easy,12,30,0.40625,0.2688262762232274,0.5504433740305475,1.054199426824171,1.1551485027098303,1.0342837697407958e-12,3.2223819162600305
cont,Ackley,8,ES_1P1,5000,med,12,30,0.40625,0.2688262762232274,0.5504433740305475,1.054199426824171,1.1551485027098303,1.0342837697407958e-12,3.2223819162600305
cont,Ackley,8,ES_1P1,5000,hard,12,30,0.40625,0.2688262762232274,0.5504433740305475,1.054199426824171,1.1551485027098303,1.0342837697407958e-12,3.2223819162600305
cont,Ackley,8,ES_1P1,8000,easy,15,30,0.5,0.3565721369616578,0.6434278630383421,1.0738772168615787,0.5775742513557547,1.0094147739891923e-12,3.734200266336313
cont,Ackley,8,ES_1P1,8000,med,15,30,0.5,0.3565721369616578,0.6434278630383421,1.0738772168615787,0.5775742513557547,1.0094147739891923e-12,3.734200266336313
cont,Ackley,8,ES_1P1,8000,hard,15,30,0.5,0.3565721369616578,0.6434278630383421,1.0738772168615787,0.5775742513557547,1.0094147739891923e-12,3.734200266336313
cont,Ackley,8,ES_1P1,10000,easy,10,30,0.34375,0.21336046293527158,0.485416074399548,1.3440688953161843,1.646223633103109,9.063860773039778e-13,3.0271084229910987
cont,Ackley,8,ES_1P1,10000,med,10,30,0.34375,0.21336046293527158,0.485416074399548,1.3440688953161843,1.646223633103109,9.063860773039778e-13,3.0271084229910987
cont,Ackley,8,ES_1P1,10000,hard,10,30,0.34375,0.21336046293527158,0.485416074399548,1.3440688953161843,1.646223633103109,9.063860773039778e-13,3.0271084229910987
cont,Ackley,8,FA,2000,easy,0,30,0.03125,0.0016532542666409576,0.09211405994732372,6.128135154667101,6.204088346384353,4.815035427529878,7.007700606243281
cont,Ackley,8,FA,2000,med,0,30,0.03125,0.0016532542666409576,0.09211405994732372,6.128135154667101,6.204088346384353,4.815035427529878,7.007700606243281
cont,Ackley,8,FA,2000,hard,0,30,0.03125,0.0016532542666409576,0.09211405994732372,6.128135154667101,6.204088346384353,4.815035427529878,7.007700606243281
cont,Ackley,8,FA,5000,easy,0,30,0.03125,0.0016532542666409576,0.09211405994732372,5.76949934022402,5.86552432273499,4.693600678780271,6.375203690097681
cont,Ackley,8,FA,5000,med,0,30,0.03125,0.0016532542666409576,0.09211405994732372,5.76949934022402,5.86552432273499,4.693600678780271,6.375203690097681
cont,Ackley,8,FA,5000,hard,0,30,0.03125,0.0016532542666409576,0.09211405994732372,5.76949934022402,5.86552432273499,4.693600678780271,6.375203690097681
cont,Ackley,8,FA,8000,easy,0,30,0.03125,0.0016532542666409576,0.09211405994732372,5.555045561005594,5.638792313736447,4.415035804198542,6.2037354590080795
cont,Ackley,8,FA,8000,med,0,30,0.03125,0.0016532542666409576,0.09211405994732372,5.555045561005594,5.638792313736447,4.415035804198542,6.2037354590080795
cont,Ackley,8,FA,8000,hard,0,30,0.03125,0.0016532542666409576,0.09211405994732372,5.555045561005594,5.638792313736447,4.415035804198542,6.2037354590080795
cont,Ackley,8,FA,10000,easy,0,30,0.03125,0.0016532542666409576,0.09211405994732372,5.331627472312699,5.3684270326252985,4.494950839934372,6.298884593585779
cont,Ackley,8,FA,10000,med,0,30,0.03125,0.0016532542666409576,0.09211405994732372,5.331627472312699,5.3684270326252985,4.494950839934372,6.298884593585779
cont,Ackley,8,FA,10000,hard,0,30,0.03125,0.0016532542666409576,0.09211405994732372,5.331627472312699,5.3684270326252985,4.494950839934372,6.298884593585779
cont,Ackley,8,GWO,2000,easy,5,30,0.1875,0.08781446714324878,0.30964351535764695,0.6430636904703881,0.44511781238415304,0.06632755516700017,1.9579350554797483
cont,Ackley,8,GWO,2000,med,0,30,0.03125,0.0016532542666409576,0.09211405994732372,0.6430636904703881,0.44511781238415304,0.06632755516700017,1.9579350554797483
cont,Ackley,8,GWO,2000,hard,0,30,0.03125,0.0016532542666409576,0.09211405994732372,0.6430636904703881,0.44511781238415304,0.06632755516700017,1.9579350554797483
cont,Ackley,8,GWO,5000,easy,6,30,0.21875,0.11108877125926007,0.3466525437888071,0.6293351459309059,0.47329509711089957,0.02901980376260882,1.408609813347422
cont,Ackley,8,GWO,5000,med,0,30,0.03125,0.0016532542666409576,0.09211405994732372,0.6293351459309059,0.47329509711089957,0.02901980376260882,1.408609813347422
cont,Ackley,8,GWO,5000,hard,0,30,0.03125,0.0016532542666409576,0.09211405994732372,0.6293351459309059,0.47329509711089957,0.02901980376260882,1.408609813347422
cont,Ackley,8,GWO,8000,easy,1,30,0.0625,0.011585315861443594,0.14409039131834475,0.9095779712835551,0.8752949288555709,0.019960316685058377,2.0092887393272645
cont,Ackley,8,GWO,8000,med,0,30,0.03125,0.0016532542666409576,0.09211405994732372,0.9095779712835551,0.8752949288555709,0.019960316685058377,2.0092887393272645
cont,Ackley,8,GWO,8000,hard,0,30,0.03125,0.0016532542666409576,0.09211405994732372,0.9095779712835551,0.8752949288555709,0.019960316685058377,2.0092887393272645
cont,Ackley,8,GWO,10000,easy,5,30,0.1875,0.08781446714324878,0.30964351535764695,0.7680325990542046,0.47493367994306057,0.013796674712147183,1.94980745913529
cont,Ackley,8,GWO,10000,med,0,30,0.03125,0.0016532542666409576,0.09211405994732372,0.7680325990542046,0.47493367994306057,0.013796674712147183,1.94980745913529
cont,Ackley,8,GWO,10000,hard,0,30,0.03125,0.0016532542666409576,0.09211405994732372,0.7680325990542046,0.47493367994306057,0.013796674712147183,1.94980745913529
cont,Ackley,8,MFO,2000,easy,0,30,0.03125,0.0016532542666409576,0.09211405994732372,4.154142144308815,4.299203278293884,2.119504244783848,5.775817250753477
cont,Ackley,8,MFO,2000,med,0,30,0.03125,0.0016532542666409576,0.09211405994732372,4.154142144308815,4.299203278293884,2.119504244783848,5.775817250753477
cont,Ackley,8,MFO,2000,hard,0,30,0.03125,0.0016532542666409576,0.09211405994732372,4.154142144308815,4.299203278293884,2.119504244783848,5.775817250753477
cont,Ackley,8,MFO,5000,easy,0,30,0.03125,0.0016532542666409576,0.09211405994732372,3.816785288424766,3.9787251502908543,0.846588433976589,5.449331063855755
cont,Ackley,8,MFO,5000,med,0,30,0.03125,0.0016532542666409576,0.09211405994732372,3.816785288424766,3.9787251502908543,0.846588433976589,5.449331063855755
cont,Ackley,8,MFO,5000,hard,0,30,0.03125,0.0016532542666409576,0.09211405994732372,3.816785288424766,3.9787251502908543,0.846588433976589,5.449331063855755
cont,Ackley,8,MFO,8000,easy,0,30,0.03125,0.0016532542666409576,0.09211405994732372,3.3732191817866206,3.447362914957147,0.38595128917887367,6.073395708626041
cont,Ackley,8,MFO,8000,med,0,30,0.03125,0.0016532542666409576,0.09211405994732372,3.3732191817866206,3.447362914957147,0.38595128917887367,6.073395708626041
cont,Ackley,8,MFO,8000,hard,0,30,0.03125,0.0016532542666409576,0.09211405994732372,3.3732191817866206,3.447362914957147,0.38595128917887367,6.073395708626041
cont,Ackley,8,MFO,10000,easy,0,30,0.03125,0.0016532542666409576,0.09211405994732372,3.543231374202821,3.3920850291165725,2.0721489583816965,5.299135325548729
cont,Ackley,8,MFO,10000,med,0,30,0.03125,0.0016532542666409576,0.09211405994732372,3.543231374202821,3.3920850291165725,2.0721489583816965,5.299135325548729
cont,Ackley,8,MFO,10000,hard,0,30,0.03125,0.0016532542666409576,0.09211405994732372,3.543231374202821,3.3920850291165725,2.0721489583816965,5.299135325548729
cont,Ackley,8,PSO_GBEST,2000,easy,13,30,0.4375,0.29748724009093563,0.582026568673327,0.23915900708595927,0.11249712313586935,0.04287386099028767,3.610332614955962
cont,Ackley,8,PSO_GBEST,2000,med,0,30,0.03125,0.0016532542666409576,0.09211405994732372,0.23915900708595927,0.11249712313586935,0.04287386099028767,3.610332614955962
cont,Ackley,8,PSO_GBEST,2000,hard,0,30,0.03125,0.0016532542666409576,0.09211405994732372,0.23915900708595927,0.11249712313586935,0.04287386099028767,3.610332614955962
cont,Ackley,8,PSO_GBEST,5000,easy,30,30,0.96875,0.9078859400526763,0.998346745733359,0.0001953728970956507,0.00018208050848267376,4.675843378310063e-05,0.0009158719574462459
cont,Ackley,8,PSO_GBEST,5000,med,30,30,0.96875,0.9078859400526763,0.998346745733359,0.0001953728970956507,0.00018208050848267376,4.675843378310063e-05,0.0009158719574462459
cont,Ackley,8,PSO_GBEST,5000,hard,30,30,0.96875,0.9078859400526763,0.998346745733359,0.0001953728970956507,0.00018208050848267376,4.675843378310063e-05,0.0009158719574462459
cont,Ackley,8,PSO_GBEST,8000,easy,26,30,0.84375,0.7286288184424853,0.9342195294539822,0.310592471000788,4.3413476413789454e-07,1.1593661897180141e-07,3.603242087587916
cont,Ackley,8,PSO_GBEST,8000,med,26,30,0.84375,0.7286288184424853,0.9342195294539822,0.310592471000788,4.3413476413789454e-07,1.1593661897180141e-07,3.603242087587916
cont,Ackley,8,PSO_GBEST,8000,hard,26,30,0.84375,0.7286288184424853,0.9342195294539822,0.310592471000788,4.3413476413789454e-07,1.1593661897180141e-07,3.603242087587916
cont,Ackley,8,PSO_GBEST,10000,easy,28,30,0.90625,0.8105355325744613,0.9730998803088509,0.1519788842220713,7.882495101085851e-09,1.6059407137447579e-09,3.4042177226252055
cont,Ackley,8,PSO_GBEST,10000,med,28,30,0.90625,0.8105355325744613,0.9730998803088509,0.1519788842220713,7.882495101085851e-09,1.6059407137447579e-09,3.4042177226252055
cont,Ackley,8,PSO_GBEST,10000,hard,28,30,0.90625,0.8105355325744613,0.9730998803088509,0.1519788842220713,7.882495101085851e-09,1.6059407137447579e-09,3.4042177226252055
cont,Ackley,8,WOA,2000,easy,0,30,0.03125,0.0016532542666409576,0.09211405994732372,2.383328250274485,2.1897730178542365,0.3427479079536657,4.356068350995567
cont,Ackley,8,WOA,2000,med,0,30,0.03125,0.0016532542666409576,0.09211405994732372,2.383328250274485,2.1897730178542365,0.3427479079536657,4.356068350995567
cont,Ackley,8,WOA,2000,hard,0,30,0.03125,0.0016532542666409576,0.09211405994732372,2.383328250274485,2.1897730178542365,0.3427479079536657,4.356068350995567
cont,Ackley,8,WOA,5000,easy,1,30,0.0625,0.011585315861443594,0.14409039131834475,2.133006009984719,2.183725411457442,0.05988629287421121,4.037497042886418
cont,Ackley,8,WOA,5000,med,0,30,0.03125,0.0016532542666409576,0.09211405994732372,2.133006009984719,2.183725411457442,0.05988629287421121,4.037497042886418
cont,Ackley,8,WOA,5000,hard,0,30,0.03125,0.0016532542666409576,0.09211405994732372,2.133006009984719,2.183725411457442,0.05988629287421121,4.037497042886418
cont,Ackley,8,WOA,8000,easy,4,30,0.15625,0.06578047054601774,0.2713711815575147,1.9913745013297586,2.0437940090588005,0.04569601834751724,4.031100652893858
cont,Ackley,8,WOA,8000,med,0,30,0.03125,0.0016532542666409576,0.09211405994732372,1.9913745013297586,2.0437940090588005,0.04569601834751724,4.031100652893858
cont,Ackley,8,WOA,8000,hard,0,30,0.03125,0.0016532542666409576,0.09211405994732372,1.9913745013297586,2.0437940090588005,0.04569601834751724,4.031100652893858
cont,Ackley,8,WOA,10000,easy,7,30,0.25,0.1354005847583789,0.3826102309169821,1.996629640890774,2.1916437209380377,0.01724833597929676,4.444199453189604
cont,Ackley,8,WOA,10000,med,0,30,0.03125,0.0016532542666409576,0.09211405994732372,1.996629640890774,2.1916437209380377,0.01724833597929676,4.444199453189604
cont,Ackley,8,WOA,10000,hard,0,30,0.03125,0.0016532542666409576,0.09211405994732372,1.996629640890774,2.1916437209380377,0.01724833597929676,4.444199453189604
cont,Ackley,9,ALO,2000,easy,0,30,0.03125,0.0016532542666409576,0.09211405994732372,7.291278294464634,7.130815942064436,5.574158941074209,9.024067643204155
cont,Ackley,9,ALO,2000,med,0,30,0.03125,0.0016532542666409576,0.09211405994732372,7.291278294464634,7.130815942064436,5.574158941074209,9.024067643204155
cont,Ackley,9,ALO,2000,hard,0,30,0.03125,0.0016532542666409576,0.09211405994732372,7.291278294464634,7.130815942064436,5.574158941074209,9.024067643204155
cont,Ackley,9,ALO,5000,easy,0,30,0.03125,0.0016532542666409576,0.09211405994732372,6.910597962993835,6.941205522996572,5.049390558794965,8.644293088544043
cont,Ackley,9,ALO,5000,med,0,30,0.03125,0.0016532542666409576,0.09211405994732372,6.910597962993835,6.941205522996572,5.049390558794965,8.644293088544043
cont,Ackley,9,ALO,5000,hard,0,30,0.03125,0.0016532542666409576,0.09211405994732372,6.910597962993835,6.941205522996572,5.049390558794965,8.644293088544043
cont,Ackley,9,ALO,8000,easy,0,30,0.03125,0.0016532542666409576,0.09211405994732372,6.754004935137076,6.951541051743954,5.069604959669675,8.722040995896347
cont,Ackley,9,ALO,8000,med,0,30,0.03125,0.0016532542666409576,0.09211405994732372,6.754004935137076,6.951541051743954,5.069604959669675,8.722040995896347
cont,Ackley,9,ALO,8000,hard,0,30,0.03125,0.0016532542666409576,0.09211405994732372,6.754004935137076,6.951541051743954,5.069604959669675,8.722040995896347
cont,Ackley,9,ALO,10000,easy,0,30,0.03125,0.0016532542666409576,0.09211405994732372,5.950365706751811,6.279040568714546,3.949214183568842,7.422059374780442
cont,Ackley,9,ALO,10000,med,0,30,0.03125,0.0016532542666409576,0.09211405994732372,5.950365706751811,6.279040568714546,3.949214183568842,7.422059374780442
cont,Ackley,9,ALO,10000,hard,0,30,0.03125,0.0016532542666409576,0.09211405994732372,5.950365706751811,6.279040568714546,3.949214183568842,7.422059374780442
cont,Ackley,9,BA,2000,easy,0,30,0.03125,0.0016532542666409576,0.09211405994732372,6.489013289190014,6.544216820730513,3.653336784622909,8.086341146568106
cont,Ackley,9,BA,2000,med,0,30,0.03125,0.0016532542666409576,0.09211405994732372,6.489013289190014,6.544216820730513,3.653336784622909,8.086341146568106
cont,Ackley,9,BA,2000,hard,0,30,0.03125,0.0016532542666409576,0.09211405994732372,6.489013289190014,6.544216820730513,3.653336784622909,8.086341146568106
cont,Ackley,9,BA,5000,easy,0,30,0.03125,0.0016532542666409576,0.09211405994732372,5.510807465283708,5.288875507924464,3.830453434160113,7.511640270019374
cont,Ackley,9,BA,5000,med,0,30,0.03125,0.0016532542666409576,0.09211405994732372,5.510807465283708,5.288875507924464,3.830453434160113,7.511640270019374
cont,Ackley,9,BA,5000,hard,0,30,0.03125,0.0016532542666409576,0.09211405994732372,5.510807465283708,5.288875507924464,3.830453434160113,7.511640270019374
cont,Ackley,9,BA,8000,easy,0,30,0.03125,0.0016532542666409576,0.09211405994732372,5.224431185428501,5.2393781719270045,4.16712883261307,6.5595450309898204
cont,Ackley,9,BA,8000,med,0,30,0.03125,0.0016532542666409576,0.09211405994732372,5.224431185428501,5.2393781719270045,4.16712883261307,6.5595450309898204
cont,Ackley,9,BA,8000,hard,0,30,0.03125,0.0016532542666409576,0.09211405994732372,5.224431185428501,5.2393781719270045,4.16712883261307,6.5595450309898204
cont,Ackley,9,BA,10000,easy,0,30,0.03125,0.0016532542666409576,0.09211405994732372,5.436863441180309,5.381659971330151,3.57424302058665,7.349661715791068
cont,Ackley,9,BA,10000,med,0,30,0.03125,0.0016532542666409576,0.09211405994732372,5.436863441180309,5.381659971330151,3.57424302058665,7.349661715791068
cont,Ackley,9,BA,10000,hard,0,30,0.03125,0.0016532542666409576,0.09211405994732372,5.436863441180309,5.381659971330151,3.57424302058665,7.349661715791068
cont,Ackley,9,ES_1P1,2000,easy,8,30,0.28125,0.16061109125637793,0.4176603337442609,1.5983404316119143,1.6462236331031748,2.4178689717047064e-08,3.5740268983575274
cont,Ackley,9,ES_1P1,2000,med,8,30,0.28125,0.16061109125637793,0.4176603337442609,1.5983404316119143,1.6462236331031748,2.4178689717047064e-08,3.5740268983575274
cont,Ackley,9,ES_1P1,2000,hard,8,30,0.28125,0.16061109125637793,0.4176603337442609,1.5983404316119143,1.6462236331031748,2.4178689717047064e-08,3.5740268983575274
cont,Ackley,9,ES_1P1,5000,easy,14,30,0.46875,0.3267393648975071,0.6130177450552665,0.8627672955041297,1.1551485027098285,8.140155216551648e-13,3.222381916260027
cont,Ackley,9,ES_1P1,5000,med,14,30,0.46875,0.3267393648975071,0.6130177450552665,0.8627672955041297,1.1551485027098285,8.140155216551648e-13,3.222381916260027
cont,Ackley,9,ES_1P1,5000,hard,14,30,0.46875,0.3267393648975071,0.6130177450552665,0.8627672955041297,1.1551485027098285,8.140155216551648e-13,3.222381916260027
cont,Ackley,9,ES_1P1,8000,easy,9,30,0.3125,0.18662163557046532,0.4519044172193684,1.239146751721481,1.1551485027098285,9.738876372011873e-13,3.027108422991095
cont,Ackley,9,ES_1P1,8000,med,9,30,0.3125,0.18662163557046532,0.4519044172193684,1.239146751721481,1.1551485027098285,9.738876372011873e-13,3.027108422991095
cont,Ackley,9,ES_1P1,8000,hard,9,30,0.3125,0.18662163557046532,0.4519044172193684,1.239146751721481,1.1551485027098285,9.738876372011873e-13,3.027108422991095
cont,Ackley,9,ES_1P1,10000,easy,14,30,0.46875,0.3267393648975071,0.6130177450552665,1.2971390198280353,1.1551485027098303,9.809930645587883e-13,5.978255930505423
cont,Ackley,9,ES_1P1,10000,med,14,30,0.46875,0.3267393648975071,0.6130177450552665,1.2971390198280353,1.1551485027098303,9.809930645587883e-13,5.978255930505423
cont,Ackley,9,ES_1P1,10000,hard,14,30,0.46875,0.3267393648975071,0.6130177450552665,1.2971390198280353,1.1551485027098303,9.809930645587883e-13,5.978255930505423
cont,Ackley,9,FA,2000,easy,0,30,0.03125,0.0016532542666409576,0.09211405994732372,6.232930172455479,6.311584379057582,4.725234329949327,7.0476619750551315
cont,Ackley,9,FA,2000,med,0,30,0.03125,0.0016532542666409576,0.09211405994732372,6.232930172455479,6.311584379057582,4.725234329949327,7.0476619750551315
cont,Ackley,9,FA,2000,hard,0,30,0.03125,0.0016532542666409576,0.09211405994732372,6.232930172455479,6.311584379057582,4.725234329949327,7.0476619750551315
cont,Ackley,9,FA,5000,easy,0,30,0.03125,0.0016532542666409576,0.09211405994732372,5.644162365489937,5.658480834485701,4.604393035764293,6.709631214882041
cont,Ackley,9,FA,5000,med,0,30,0.03125,0.0016532542666409576,0.09211405994732372,5.644162365489937,5.658480834485701,4.604393035764293,6.709631214882041
cont,Ackley,9,FA,5000,hard,0,30,0.03125,0.0016532542666409576,0.09211405994732372,5.644162365489937,5.658480834485701,4.604393035764293,6.709631214882041
cont,Ackley,9,FA,8000,easy,0,30,0.03125,0.0016532542666409576,0.09211405994732372,5.410009664942705,5.4970576648632505,4.580521010424153,6.479887853125195
cont,Ackley,9,FA,8000,med,0,30,0.03125,0.0016532542666409576,0.09211405994732372,5.410009664942705,5.4970576648632505,4.580521010424153,6.479887853125195
cont,Ackley,9,FA,8000,hard,0,30,0.03125,0.0016532542666409576,0.09211405994732372,5.410009664942705,5.4970576648632505,4.580521010424153,6.479887853125195
cont,Ackley,9,FA,10000,easy,0,30,0.03125,0.0016532542666409576,0.09211405994732372,5.319277787967358,5.407120532557341,4.153715518163249,6.15266515492182
cont,Ackley,9,FA,10000,med,0,30,0.03125,0.0016532542666409576,0.09211405994732372,5.319277787967358,5.407120532557341,4.153715518163249,6.15266515492182
cont,Ackley,9,FA,10000,hard,0,30,0.03125,0.0016532542666409576,0.09211405994732372,5.319277787967358,5.407120532557341,4.153715518163249,6.15266515492182
cont,Ackley,9,GWO,2000,easy,3,30,0.125,0.04530017302264189,0.23150297514336832,0.5515312262483184,0.30516393686366294,0.07038498384309522,1.8531416982756537
cont,Ackley,9,GWO,2000,med,0,30,0.03125,0.0016532542666409576,0.09211405994732372,0.5515312262483184,0.30516393686366294,0.07038498384309522,1.8531416982756537
cont,Ackley,9,GWO,2000,hard,0,30,0.03125,0.0016532542666409576,0.09211405994732372,0.5515312262483184,0.30516393686366294,0.07038498384309522,1.8531416982756537
cont,Ackley,9,GWO,5000,easy,7,30,0.25,0.1354005847583789,0.3826102309169821,0.8056533690814923,0.8177360883673885,0.02239093420398719,1.8222089824860075
cont,Ackley,9,GWO,5000,med,0,30,0.03125,0.0016532542666409576,0.09211405994732372,0.8056533690814923,0.8177360883673885,0.02239093420398719,1.8222089824860075
cont,Ackley,9,GWO,5000,hard,0,30,0.03125,0.0016532542666409576,0.09211405994732372,0.8056533690814923,0.8177360883673885,0.02239093420398719,1.8222089824860075
cont,Ackley,9,GWO,8000,easy,5,30,0.1875,0.08781446714324878,0.30964351535764695,0.7913301226329653,0.7446081288497433,0.02246463293045453,1.8338097942600666
cont,Ackley,9,GWO,8000,med,0,30,0.03125,0.0016532542666409576,0.09211405994732372,0.7913301226329653,0.7446081288497433,0.02246463293045453,1.8338097942600666
cont,Ackley,9,GWO,8000,hard,0,30,0.03125,0.0016532542666409576,0.09211405994732372,0.7913301226329653,0.7446081288497433,0.02246463293045453,1.8338097942600666
cont,Ackley,9,GWO,10000,easy,6,30,0.21875,0.11108877125926007,0.3466525437888071,0.6129036150494909,0.6668792215295434,0.013360236478615395,1.8762312741014537
cont,Ackley,9,GWO,10000,med,0,30,0.03125,0.0016532542666409576,0.09211405994732372,0.6129036150494909,0.6668792215295434,0.013360236478615395,1.8762312741014537
cont,Ackley,9,GWO,10000,hard,0,30,0.03125,0.0016532542666409576,0.09211405994732372,0.6129036150494909,0.6668792215295434,0.013360236478615395,1.8762312741014537
cont,Ackley,9,MFO,2000,easy,0,30,0.03125,0.0016532542666409576,0.09211405994732372,4.322993560066335,4.3896808492500625,2.7929544664150083,5.575623881712982
cont,Ackley,9,MFO,2000,med,0,30,0.03125,0.0016532542666409576,0.09211405994732372,4.322993560066335,4.3896808492500625,2.7929544664150083,5.575623881712982
cont,Ackley,9,MFO,2000,hard,0,30,0.03125,0.0016532542666409576,0.09211405994732372,4.322993560066335,4.3896808492500625,2.7929544664150083,5.575623881712982
cont,Ackley,9,MFO,5000,easy,0,30,0.03125,0.0016532542666409576,0.09211405994732372,3.827235958989985,3.738056567330912,1.4625209135689876,5.702634968012639
cont,Ackley,9,MFO,5000,med,0,30,0.03125,0.0016532542666409576,0.09211405994732372,3.827235958989985,3.738056567330912,1.4625209135689876,5.702634968012639
cont,Ackley,9,MFO,5000,hard,0,30,0.03125,0.0016532542666409576,0.09211405994732372,3.827235958989985,3.738056567330912,1.4625209135689876,5.702634968012639
cont,Ackley,9,MFO,8000,easy,0,30,0.03125,0.0016532542666409576,0.09211405994732372,3.8844414839823584,3.8000024508522263,1.629325187684739,6.0600783789808474
cont,Ackley,9,MFO,8000,med,0,30,0.03125,0.0016532542666409576,0.09211405994732372,3.8844414839823584,3.8000024508522263,1.629325187684739,6.0600783789808474
cont,Ackley,9,MFO,8000,hard,0,30,0.03125,0.0016532542666409576,0.09211405994732372,3.8844414839823584,3.8000024508522263,1.629325187684739,6.0600783789808474
cont,Ackley,9,MFO,10000,easy,0,30,0.03125,0.0016532542666409576,0.09211405994732372,3.713361722471419,3.494012983133999,2.1256772765181435,6.10940956747956
cont,Ackley,9,MFO,10000,med,0,30,0.03125,0.0016532542666409576,0.09211405994732372,3.713361722471419,3.494012983133999,2.1256772765181435,6.10940956747956
cont,Ackley,9,MFO,10000,hard,0,30,0.03125,0.0016532542666409576,0.09211405994732372,3.713361722471419,3.494012983133999,2.1256772765181435,6.10940956747956
cont,Ackley,9,PSO_GBEST,2000,easy,15,30,0.5,0.3565721369616578,0.6434278630383421,0.23034276182491584,0.09819806579369095,0.042585929538426104,1.234740731908698
cont,Ackley,9,PSO_GBEST,2000,med,0,30,0.03125,0.0016532542666409576,0.09211405994732372,0.23034276182491584,0.09819806579369095,0.042585929538426104,1.234740731908698
cont,Ackley,9,PSO_GBEST,2000,hard,0,30,0.03125,0.0016532542666409576,0.09211405994732372,0.23034276182491584,0.09819806579369095,0.042585929538426104,1.234740731908698
cont,Ackley,9,PSO_GBEST,5000,easy,28,30,0.90625,0.8105355325744613,0.9730998803088509,0.15419613621769343,0.00016593125916353202,5.41021953890386e-05,3.465131351544248
cont,Ackley,9,PSO_GBEST,5000,med,28,30,0.90625,0.8105355325744613,0.9730998803088509,0.15419613621769343,0.00016593125916353202,5.41021953890386e-05,3.465131351544248
cont,Ackley,9,PSO_GBEST,5000,hard,28,30,0.90625,0.8105355325744613,0.9730998803088509,0.15419613621769343,0.00016593125916353202,5.41021953890386e-05,3.465131351544248
cont,Ackley,9,PSO_GBEST,8000,easy,30,30,0.96875,0.9078859400526763,0.998346745733359,6.476729748960963e-07,4.910937598801013e-07,5.104342948314411e-08,2.840472803189442e-06
cont,Ackley,9,PSO_GBEST,8000,med,30,30,0.96875,0.9078859400526763,0.998346745733359,6.476729748960963e-07,4.910937598801013e-07,5.104342948314411e-08,2.840472803189442e-06
cont,Ackley,9,PSO_GBEST,8000,hard,30,30,0.96875,0.9078859400526763,0.998346745733359,6.476729748960963e-07,4.910937598801013e-07,5.104342948314411e-08,2.840472803189442e-06
cont,Ackley,9,PSO_GBEST,10000,easy,29,30,0.9375,0.8559096086816552,0.9884146841385564,0.03850496154568133,9.080493246216292e-09,2.8446156541406253e-09,1.155148502709825
cont,Ackley,9,PSO_GBEST,10000,med,29,30,0.9375,0.8559096086816552,0.9884146841385564,0.03850496154568133,9.080493246216292e-09,2.8446156541406253e-09,1.155148502709825
cont,Ackley,9,PSO_GBEST,10000,hard,29,30,0.9375,0.8559096086816552,0.9884146841385564,0.03850496154568133,9.080493246216292e-09,2.8446156541406253e-09,1.155148502709825
cont,Ackley,9,WOA,2000,easy,0,30,0.03125,0.0016532542666409576,0.09211405994732372,2.934608818615728,2.73654290813804,1.6770096229391567,5.6615504229889275
cont,Ackley,9,WOA,2000,med,0,30,0.03125,0.0016532542666409576,0.09211405994732372,2.934608818615728,2.73654290813804,1.6770096229391567,5.6615504229889275
cont,Ackley,9,WOA,2000,hard,0,30,0.03125,0.0016532542666409576,0.09211405994732372,2.934608818615728,2.73654290813804,1.6770096229391567,5.6615504229889275
cont,Ackley,9,WOA,5000,easy,0,30,0.03125,0.0016532542666409576,0.09211405994732372,2.4248583245261037,2.643666201658608,0.13455889148371059,4.306247771416107
cont,Ackley,9,WOA,5000,med,0,30,0.03125,0.0016532542666409576,0.09211405994732372,2.4248583245261037,2.643666201658608,0.13455889148371059,4.306247771416107
cont,Ackley,9,WOA,5000,hard,0,30,0.03125,0.0016532542666409576,0.09211405994732372,2.4248583245261037,2.643666201658608,0.13455889148371059,4.306247771416107
cont,Ackley,9,WOA,8000,easy,2,30,0.09375,0.02690011969114915,0.18946446742553866,2.091980166842889,2.3220029118510284,0.05257404175321101,3.7471323582375615
cont,Ackley,9,WOA,8000,med,0,30,0.03125,0.0016532542666409576,0.09211405994732372,2.091980166842889,2.3220029118510284,0.05257404175321101,3.7471323582375615
cont,Ackley,9,WOA,8000,hard,0,30,0.03125,0.0016532542666409576,0.09211405994732372,2.091980166842889,2.3220029118510284,0.05257404175321101,3.7471323582375615
cont,Ackley,9,WOA,10000,easy,0,30,0.03125,0.0016532542666409576,0.09211405994732372,2.191779056926906,2.0185700106229203,0.24446775096489803,4.0321467041499695
cont,Ackley,9,WOA,10000,med,0,30,0.03125,0.0016532542666409576,0.09211405994732372,2.191779056926906,2.0185700106229203,0.24446775096489803,4.0321467041499695
cont,Ackley,9,WOA,10000,hard,0,30,0.03125,0.0016532542666409576,0.09211405994732372,2.191779056926906,2.0185700106229203,0.24446775096489803,4.0321467041499695
cont,Ackley,12,ALO,2000,easy,0,30,0.03125,0.0016532542666409576,0.09211405994732372,7.379639734123521,7.411745857227224,5.856521632555875,8.896786317190523
cont,Ackley,12,ALO,2000,med,0,30,0.03125,0.0016532542666409576,0.09211405994732372,7.379639734123521,7.411745857227224,5.856521632555875,8.896786317190523
cont,Ackley,12,ALO,2000,hard,0,30,0.03125,0.0016532542666409576,0.09211405994732372,7.379639734123521,7.411745857227224,5.856521632555875,8.896786317190523
cont,Ackley,12,ALO,5000,easy,0,30,0.03125,0.0016532542666409576,0.09211405994732372,6.856524615431504,6.820648900654752,5.051572598671747,8.941849387493084
cont,Ackley,12,ALO,5000,med,0,30,0.03125,0.0016532542666409576,0.09211405994732372,6.856524615431504,6.820648900654752,5.051572598671747,8.941849387493084
cont,Ackley,12,ALO,5000,hard,0,30,0.03125,0.0016532542666409576,0.09211405994732372,6.856524615431504,6.820648900654752,5.051572598671747,8.941849387493084
cont,Ackley,12,ALO,8000,easy,0,30,0.03125,0.0016532542666409576,0.09211405994732372,6.3041706433940385,6.384116434161571,4.647854461725576,7.79658711011481
cont,Ackley,12,ALO,8000,med,0,30,0.03125,0.0016532542666409576,0.09211405994732372,6.3041706433940385,6.384116434161571,4.647854461725576,7.79658711011481
cont,Ackley,12,ALO,8000,hard,0,30,0.03125,0.0016532542666409576,0.09211405994732372,6.3041706433940385,6.384116434161571,4.647854461725576,7.79658711011481
cont,Ackley,12,ALO,10000,easy,0,30,0.03125,0.0016532542666409576,0.09211405994732372,5.918601373497838,6.1495463645314,4.312289541497417,7.372982857692209
cont,Ackley,12,ALO,10000,med,0,30,0.03125,0.0016532542666409576,0.09211405994732372,5.918601373497838,6.1495463645314,4.312289541497417,7.372982857692209
cont,Ackley,12,ALO,10000,hard,0,30,0.03125,0.0016532542666409576,0.09211405994732372,5.918601373497838,6.1495463645314,4.312289541497417,7.372982857692209
cont,Ackley,12,BA,2000,easy,0,30,0.03125,0.0016532542666409576,0.09211405994732372,6.872293935944695,6.984490696525565,4.698113746065051,8.419970486210106
cont,Ackley,12,BA,2000,med,0,30,0.03125,0.0016532542666409576,0.09211405994732372,6.872293935944695,6.984490696525565,4.698113746065051,8.419970486210106
cont,Ackley,12,BA,2000,hard,0,30,0.03125,0.0016532542666409576,0.09211405994732372,6.872293935944695,6.984490696525565,4.698113746065051,8.419970486210106
cont,Ackley,12,BA,5000,easy,0,30,0.03125,0.0016532542666409576,0.09211405994732372,5.8871291774762975,6.17611934832671,3.5740317162020614,7.11152642194917
cont,Ackley,12,BA,5000,med,0,30,0.03125,0.0016532542666409576,0.09211405994732372,5.8871291774762975,6.17611934832671,3.5740317162020614,7.11152642194917
cont,Ackley,12,BA,5000,hard,0,30,0.03125,0.0016532542666409576,0.09211405994732372,5.8871291774762975,6.17611934832671,3.5740317162020614,7.11152642194917
cont,Ackley,12,BA,8000,easy,0,30,0.03125,0.0016532542666409576,0.09211405994732372,5.689361299240477,5.774042246280555,3.2223903188106466,7.56406355645823
cont,Ackley,12,BA,8000,med,0,30,0.03125,0.0016532542666409576,0.09211405994732372,5.689361299240477,5.774042246280555,3.2223903188106466,7.56406355645823
cont,Ackley,12,BA,8000,hard,0,30,0.03125,0.0016532542666409576,0.09211405994732372,5.689361299240477,5.774042246280555,3.2223903188106466,7.56406355645823
cont,Ackley,12,BA,10000,easy,0,30,0.03125,0.0016532542666409576,0.09211405994732372,5.500877280819186,5.425065247629744,3.5742508764386334,7.511504053388855
cont,Ackley,12,BA,10000,med,0,30,0.03125,0.0016532542666409576,0.09211405994732372,5.500877280819186,5.425065247629744,3.5742508764386334,7.511504053388855
cont,Ackley,12,BA,10000,hard,0,30,0.03125,0.0016532542666409576,0.09211405994732372,5.500877280819186,5.425065247629744,3.5742508764386334,7.511504053388855
cont,Ackley,12,ES_1P1,2000,easy,15,30,0.5,0.3565721369616578,0.6434278630383421,1.0538525569692967,0.5775743451333537,2.7734092800102417e-08,3.7343678229187103
cont,Ackley,12,ES_1P1,2000,med,15,30,0.5,0.3565721369616578,0.6434278630383421,1.0538525569692967,0.5775743451333537,2.7734092800102417e-08,3.7343678229187103
cont,Ackley,12,ES_1P1,2000,hard,15,30,0.5,0.3565721369616578,0.6434278630383421,1.0538525569692967,0.5775743451333537,2.7734092800102417e-08,3.7343678229187103
cont,Ackley,12,ES_1P1,5000,easy,14,30,0.46875,0.3267393648975071,0.6130177450552665,1.0617744421327098,1.1551485027098285,1.1621814621776139e-12,2.8143499807720613
cont,Ackley,12,ES_1P1,5000,med,14,30,0.46875,0.3267393648975071,0.6130177450552665,1.0617744421327098,1.1551485027098285,1.1621814621776139e-12,2.8143499807720613
cont,Ackley,12,ES_1P1,5000,hard,14,30,0.46875,0.3267393648975071,0.6130177450552665,1.0617744421327098,1.1551485027098285,1.1621814621776139e-12,2.8143499807720613
cont,Ackley,12,ES_1P1,8000,easy,17,30,0.5625,0.417973431326673,0.7025127599090644,0.8099726089159227,1.6187051699034782e-12,1.0982326159592048e-12,3.0265942766488902
cont,Ackley,12,ES_1P1,8000,med,17,30,0.5625,0.417973431326673,0.7025127599090644,0.8099726089159227,1.6187051699034782e-12,1.0982326159592048e-12,3.0265942766488902
cont,Ackley,12,ES_1P1,8000,hard,17,30,0.5625,0.417973431326673,0.7025127599090644,0.8099726089159227,1.6187051699034782e-12,1.0982326159592048e-12,3.0265942766488902
cont,Ackley,12,ES_1P1,10000,easy,12,30,0.40625,0.2688262762232274,0.5504433740305475,1.198371555300117,1.1551485027098303,8.317790900491673e-13,3.4041583493622807
cont,Ackley,12,ES_1P1,10000,med,12,30,0.40625,0.2688262762232274,0.5504433740305475,1.198371555300117,1.1551485027098303,8.317790900491673e-13,3.4041583493622807
cont,Ackley,12,ES_1P1,10000,hard,12,30,0.40625,0.2688262762232274,0.5504433740305475,1.198371555300117,1.1551485027098303,8.317790900491673e-13,3.4041583493622807
cont,Ackley,12,FA,2000,easy,0,30,0.03125,0.0016532542666409576,0.09211405994732372,6.02517900880185,6.095685199073747,3.974015374868497,6.590142403555237
cont,Ackley,12,FA,2000,med,0,30,0.03125,0.0016532542666409576,0.09211405994732372,6.02517900880185,6.095685199073747,3.974015374868497,6.590142403555237
cont,Ackley,12,FA,2000,hard,0,30,0.03125,0.0016532542666409576,0.09211405994732372,6.02517900880185,6.095685199073747,3.974015374868497,6.590142403555237
cont,Ackley,12,FA,5000,easy,0,30,0.03125,0.0016532542666409576,0.09211405994732372,5.6159922298980725,5.698998336353041,4.583119807731769,6.402145951693377
cont,Ackley,12,FA,5000,med,0,30,0.03125,0.0016532542666409576,0.09211405994732372,5.6159922298980725,5.698998336353041,4.583119807731769,6.402145951693377
cont,Ackley,12,FA,5000,hard,0,30,0.03125,0.0016532542666409576,0.09211405994732372,5.6159922298980725,5.698998336353041,4.583119807731769,6.402145951693377
cont,Ackley,12,FA,8000,easy,0,30,0.03125,0.0016532542666409576,0.09211405994732372,5.311190580444402,5.396028294865934,3.9549310356218936,6.053710659853326
cont,Ackley,12,FA,8000,med,0,30,0.03125,0.0016532542666409576,0.09211405994732372,5.311190580444402,5.396028294865934,3.9549310356218936,6.053710659853326
cont,Ackley,12,FA,8000,hard,0,30,0.03125,0.0016532542666409576,0.09211405994732372,5.311190580444402,5.396028294865934,3.9549310356218936,6.053710659853326
cont,Ackley,12,FA,10000,easy,0,30,0.03125,0.0016532542666409576,0.09211405994732372,5.228778766772678,5.2479045927053765,4.471297754048372,5.886955517273481
cont,Ackley,12,FA,10000,med,0,30,0.03125,0.0016532542666409576,0.09211405994732372,5.228778766772678,5.2479045927053765,4.471297754048372,5.886955517273481
cont,Ackley,12,FA,10000,hard,0,30,0.03125,0.0016532542666409576,0.09211405994732372,5.228778766772678,5.2479045927053765,4.471297754048372,5.886955517273481
cont,Ackley,12,GWO,2000,easy,5,30,0.1875,0.08781446714324878,0.30964351535764695,0.5508353507580565,0.3242215763259293,0.0597854636985109,2.046109129914765
cont,Ackley,12,GWO,2000,med,0,30,0.03125,0.0016532542666409576,0.09211405994732372,0.5508353507580565,0.3242215763259293,0.0597854636985109,2.046109129914765
cont,Ackley,12,GWO,2000,hard,0,30,0.03125,0.0016532542666409576,0.09211405994732372,0.5508353507580565,0.3242215763259293,0.0597854636985109,2.046109129914765
cont,Ackley,12,GWO,5000,easy,5,30,0.1875,0.08781446714324878,0.30964351535764695,0.7112972275567903,0.4368569996877505,0.04172694183061809,2.817655595510964
cont,Ackley,12,GWO,5000,med,0,30,0.03125,0.0016532542666409576,0.09211405994732372,0.7112972275567903,0.4368569996877505,0.04172694183061809,2.817655595510964
cont,Ackley,12,GWO,5000,hard,0,30,0.03125,0.0016532542666409576,0.09211405994732372,0.7112972275567903,0.4368569996877505,0.04172694183061809,2.817655595510964
cont,Ackley,12,GWO,8000,easy,7,30,0.25,0.1354005847583789,0.3826102309169821,0.6602240357092052,0.4324014608355573,0.02455089941986488,2.26022090867798
cont,Ackley,12,GWO,8000,med,0,30,0.03125,0.0016532542666409576,0.09211405994732372,0.6602240357092052,0.4324014608355573,0.02455089941986488,2.26022090867798
cont,Ackley,12,GWO,8000,hard,0,30,0.03125,0.0016532542666409576,0.09211405994732372,0.6602240357092052,0.4324014608355573,0.02455089941986488,2.26022090867798
cont,Ackley,12,GWO,10000,easy,3,30,0.125,0.04530017302264189,0.23150297514336832,0.5271485920927701,0.433465934643682,0.012447320963577813,1.8690638536157924
cont,Ackley,12,GWO,10000,med,0,30,0.03125,0.0016532542666409576,0.09211405994732372,0.5271485920927701,0.433465934643682,0.012447320963577813,1.8690638536157924
cont,Ackley,12,GWO,10000,hard,0,30,0.03125,0.0016532542666409576,0.09211405994732372,0.5271485920927701,0.433465934643682,0.012447320963577813,1.8690638536157924
cont,Ackley,12,MFO,2000,easy,0,30,0.03125,0.0016532542666409576,0.09211405994732372,4.307064049816669,4.303496360357833,2.407148887512879,6.426874370226141
cont,Ackley,12,MFO,2000,med,0,30,0.03125,0.0016532542666409576,0.09211405994732372,4.307064049816669,4.303496360357833,2.407148887512879,6.426874370226141
cont,Ackley,12,MFO,2000,hard,0,30,0.03125,0.0016532542666409576,0.09211405994732372,4.307064049816669,4.303496360357833,2.407148887512879,6.426874370226141
cont,Ackley,12,MFO,5000,easy,0,30,0.03125,0.0016532542666409576,0.09211405994732372,4.358974133031721,4.425707495274555,2.48069446703774,5.740341795873274
cont,Ackley,12,MFO,5000,med,0,30,0.03125,0.0016532542666409576,0.09211405994732372,4.358974133031721,4.425707495274555,2.48069446703774,5.740341795873274
cont,Ackley,12,MFO,5000,hard,0,30,0.03125,0.0016532542666409576,0.09211405994732372,4.358974133031721,4.425707495274555,2.48069446703774,5.740341795873274
cont,Ackley,12,MFO,8000,easy,0,30,0.03125,0.0016532542666409576,0.09211405994732372,3.8352583425375166,3.842723700177292,1.5173478066805477,5.9172233421445455
cont,Ackley,12,MFO,8000,med,0,30,0.03125,0.0016532542666409576,0.09211405994732372,3.8352583425375166,3.842723700177292,1.5173478066805477,5.9172233421445455
cont,Ackley,12,MFO,8000,hard,0,30,0.03125,0.0016532542666409576,0.09211405994732372,3.8352583425375166,3.842723700177292,1.5173478066805477,5.9172233421445455
cont,Ackley,12,MFO,10000,easy,0,30,0.03125,0.0016532542666409576,0.09211405994732372,4.064587620278955,4.052428271728218,2.5061179641842917,6.419950835921309
cont,Ackley,12,MFO,10000,med,0,30,0.03125,0.0016532542666409576,0.09211405994732372,4.064587620278955,4.052428271728218,2.5061179641842917,6.419950835921309
cont,Ackley,12,MFO,10000,hard,0,30,0.03125,0.0016532542666409576,0.09211405994732372,4.064587620278955,4.052428271728218,2.5061179641842917,6.419950835921309
cont,Ackley,12,PSO_GBEST,2000,easy,10,30,0.34375,0.21336046293527158,0.485416074399548,1.2258583860102343,0.23953492828220613,0.04010399016999289,3.8091881547395663
cont,Ackley,12,PSO_GBEST,2000,med,0,30,0.03125,0.0016532542666409576,0.09211405994732372,1.2258583860102343,0.23953492828220613,0.04010399016999289,3.8091881547395663
cont,Ackley,12,PSO_GBEST,2000,hard,0,30,0.03125,0.0016532542666409576,0.09211405994732372,1.2258583860102343,0.23953492828220613,0.04010399016999289,3.8091881547395663
cont,Ackley,12,PSO_GBEST,5000,easy,22,30,0.71875,0.5823396662557391,0.8393889087436222,0.6609716574185918,0.0003504316939477725,4.997454328092843e-05,3.7335294905296696
cont,Ackley,12,PSO_GBEST,5000,med,22,30,0.71875,0.5823396662557391,0.8393889087436222,0.6609716574185918,0.0003504316939477725,4.997454328092843e-05,3.7335294905296696
cont,Ackley,12,PSO_GBEST,5000,hard,22,30,0.71875,0.5823396662557391,0.8393889087436222,0.6609716574185918,0.0003504316939477725,4.997454328092843e-05,3.7335294905296696
cont,Ackley,12,PSO_GBEST,8000,easy,25,30,0.8125,0.690356484642353,0.9121855328567512,0.3852630428999697,4.556735260230482e-07,4.0694889680281676e-08,2.6006826620322845
cont,Ackley,12,PSO_GBEST,8000,med,25,30,0.8125,0.690356484642353,0.9121855328567512,0.3852630428999697,4.556735260230482e-07,4.0694889680281676e-08,2.6006826620322845
cont,Ackley,12,PSO_GBEST,8000,hard,25,30,0.8125,0.690356484642353,0.9121855328567512,0.3852630428999697,4.556735260230482e-07,4.0694889680281676e-08,2.6006826620322845
cont,Ackley,12,PSO_GBEST,10000,easy,18,30,0.59375,0.4495566259694524,0.7311737237767726,0.9265488645286306,1.7978955657582674e-08,2.869051218823415e-09,4.473995823476493
cont,Ackley,12,PSO_GBEST,10000,med,18,30,0.59375,0.4495566259694524,0.7311737237767726,0.9265488645286306,1.7978955657582674e-08,2.869051218823415e-09,4.473995823476493
cont,Ackley,12,PSO_GBEST,10000,hard,18,30,0.59375,0.4495566259694524,0.7311737237767726,0.9265488645286306,1.7978955657582674e-08,2.869051218823415e-09,4.473995823476493
cont,Ackley,12,WOA,2000,easy,0,30,0.03125,0.0016532542666409576,0.09211405994732372,3.221420758158916,3.298834375311453,0.5878605093551852,5.941171884229778
cont,Ackley,12,WOA,2000,med,0,30,0.03125,0.0016532542666409576,0.09211405994732372,3.221420758158916,3.298834375311453,0.5878605093551852,5.941171884229778
cont,Ackley,12,WOA,2000,hard,0,30,0.03125,0.0016532542666409576,0.09211405994732372,3.221420758158916,3.298834375311453,0.5878605093551852,5.941171884229778
cont,Ackley,12,WOA,5000,easy,1,30,0.0625,0.011585315861443594,0.14409039131834475,2.7141849003610043,2.822974009375948,0.08933486387942624,4.55191999219122
cont,Ackley,12,WOA,5000,med,0,30,0.03125,0.0016532542666409576,0.09211405994732372,2.7141849003610043,2.822974009375948,0.08933486387942624,4.55191999219122
cont,Ackley,12,WOA,5000,hard,0,30,0.03125,0.0016532542666409576,0.09211405994732372,2.7141849003610043,2.822974009375948,0.08933486387942624,4.55191999219122
cont,Ackley,12,WOA,8000,easy,1,30,0.0625,0.011585315861443594,0.14409039131834475,2.225883185781653,2.318094986848538,0.04331494556980475,4.892202655280364
cont,Ackley,12,WOA,8000,med,0,30,0.03125,0.0016532542666409576,0.09211405994732372,2.225883185781653,2.318094986848538,0.04331494556980475,4.892202655280364
cont,Ackley,12,WOA,8000,hard,0,30,0.03125,0.0016532542666409576,0.09211405994732372,2.225883185781653,2.318094986848538,0.04331494556980475,4.892202655280364
cont,Ackley,12,WOA,10000,easy,2,30,0.09375,0.02690011969114915,0.18946446742553866,2.6667457516728743,2.5844043489802595,0.007098993350862504,4.5484787004537495
cont,Ackley,12,WOA,10000,med,1,30,0.0625,0.011585315861443594,0.14409039131834475,2.6667457516728743,2.5844043489802595,0.007098993350862504,4.5484787004537495
cont,Ackley,12,WOA,10000,hard,0,30,0.03125,0.0016532542666409576,0.09211405994732372,2.6667457516728743,2.5844043489802595,0.007098993350862504,4.5484787004537495
cont,Ackley,13,ALO,2000,easy,0,30,0.03125,0.0016532542666409576,0.09211405994732372,7.106428069881998,7.115317621462181,5.549995029017907,8.571242359722318
cont,Ackley,13,ALO,2000,med,0,30,0.03125,0.0016532542666409576,0.09211405994732372,7.106428069881998,7.115317621462181,5.549995029017907,8.571242359722318
cont,Ackley,13,ALO,2000,hard,0,30,0.03125,0.0016532542666409576,0.09211405994732372,7.106428069881998,7.115317621462181,5.549995029017907,8.571242359722318
cont,Ackley,13,ALO,5000,easy,0,30,0.03125,0.0016532542666409576,0.09211405994732372,6.808350653175527,6.848005006154951,5.4679383193010125,8.231826240920427
cont,Ackley,13,ALO,5000,med,0,30,0.03125,0.0016532542666409576,0.09211405994732372,6.808350653175527,6.848005006154951,5.4679383193010125,8.231826240920427
cont,Ackley,13,ALO,5000,hard,0,30,0.03125,0.0016532542666409576,0.09211405994732372,6.808350653175527,6.848005006154951,5.4679383193010125,8.231826240920427
cont,Ackley,13,ALO,8000,easy,0,30,0.03125,0.0016532542666409576,0.09211405994732372,6.445601726537859,6.519189172784767,4.804078172253899,7.944508995069285
cont,Ackley,13,ALO,8000,med,0,30,0.03125,0.0016532542666409576,0.09211405994732372,6.445601726537859,6.519189172784767,4.804078172253899,7.944508995069285
cont,Ackley,13,ALO,8000,hard,0,30,0.03125,0.0016532542666409576,0.09211405994732372,6.445601726537859,6.519189172784767,4.804078172253899,7.944508995069285
cont,Ackley,13,ALO,10000,easy,0,30,0.03125,0.0016532542666409576,0.09211405994732372,6.324183121340723,6.320563471477547,4.327577862229592,7.885234973800895
cont,Ackley,13,ALO,10000,med,0,30,0.03125,0.0016532542666409576,0.09211405994732372,6.324183121340723,6.320563471477547,4.327577862229592,7.885234973800895
cont,Ackley,13,ALO,10000,hard,0,30,0.03125,0.0016532542666409576,0.09211405994732372,6.324183121340723,6.320563471477547,4.327577862229592,7.885234973800895
cont,Ackley,13,BA,2000,easy,0,30,0.03125,0.0016532542666409576,0.09211405994732372,6.419577872493516,6.44684603149982,4.4992670728328825,8.089069354974296
cont,Ackley,13,BA,2000,med,0,30,0.03125,0.0016532542666409576,0.09211405994732372,6.419577872493516,6.44684603149982,4.4992670728328825,8.089069354974296
cont,Ackley,13,BA,2000,hard,0,30,0.03125,0.0016532542666409576,0.09211405994732372,6.419577872493516,6.44684603149982,4.4992670728328825,8.089069354974296
cont,Ackley,13,BA,5000,easy,0,30,0.03125,0.0016532542666409576,0.09211405994732372,5.7544665457880315,5.978466758508558,3.804990743125107,7.349669562486106
cont,Ackley,13,BA,5000,med,0,30,0.03125,0.0016532542666409576,0.09211405994732372,5.7544665457880315,5.978466758508558,3.804990743125107,7.349669562486106
cont,Ackley,13,BA,5000,hard,0,30,0.03125,0.0016532542666409576,0.09211405994732372,5.7544665457880315,5.978466758508558,3.804990743125107,7.349669562486106
cont,Ackley,13,BA,8000,easy,0,30,0.03125,0.0016532542666409576,0.09211405994732372,5.503024572261124,5.605973821009531,3.222385492001092,7.865916592739708
cont,Ackley,13,BA,8000,med,0,30,0.03125,0.0016532542666409576,0.09211405994732372,5.503024572261124,5.605973821009531,3.222385492001092,7.865916592739708
cont,Ackley,13,BA,8000,hard,0,30,0.03125,0.0016532542666409576,0.09211405994732372,5.503024572261124,5.605973821009531,3.222385492001092,7.865916592739708
cont,Ackley,13,BA,10000,easy,0,30,0.03125,0.0016532542666409576,0.09211405994732372,5.61708811864545,5.427504294596186,4.167130415681445,7.914029652922393
cont,Ackley,13,BA,10000,med,0,30,0.03125,0.0016532542666409576,0.09211405994732372,5.61708811864545,5.427504294596186,4.167130415681445,7.914029652922393
cont,Ackley,13,BA,10000,hard,0,30,0.03125,0.0016532542666409576,0.09211405994732372,5.61708811864545,5.427504294596186,4.167130415681445,7.914029652922393
cont,Ackley,13,ES_1P1,2000,easy,10,30,0.34375,0.21336046293527158,0.485416074399548,1.6068470427284813,1.6462236331031233,3.119038227694659e-08,5.287797959553149
cont,Ackley,13,ES_1P1,2000,med,10,30,0.34375,0.21336046293527158,0.485416074399548,1.6068470427284813,1.6462236331031233,3.119038227694659e-08,5.287797959553149
cont,Ackley,13,ES_1P1,2000,hard,10,30,0.34375,0.21336046293527158,0.485416074399548,1.6068470427284813,1.6462236331031233,3.119038227694659e-08,5.287797959553149
cont,Ackley,13,ES_1P1,5000,easy,17,30,0.5625,0.417973431326673,0.7025127599090644,0.8419795300155035,1.7217338665886928e-12,1.0271783423831948e-12,3.7343678229187103
cont,Ackley,13,ES_1P1,5000,med,17,30,0.5625,0.417973431326673,0.7025127599090644,0.8419795300155035,1.7217338665886928e-12,1.0271783423831948e-12,3.7343678229187103
cont,Ackley,13,ES_1P1,5000,hard,17,30,0.5625,0.417973431326673,0.7025127599090644,0.8419795300155035,1.7217338665886928e-12,1.0271783423831948e-12,3.7343678229187103
cont,Ackley,13,ES_1P1,8000,easy,13,30,0.4375,0.29748724009093563,0.582026568673327,1.168504369303233,1.4006860679064723,1.0236256287043943e-12,3.222381916260027
cont,Ackley,13,ES_1P1,8000,med,13,30,0.4375,0.29748724009093563,0.582026568673327,1.168504369303233,1.4006860679064723,1.0236256287043943e-12,3.222381916260027
cont,Ackley,13,ES_1P1,8000,hard,13,30,0.4375,0.29748724009093563,0.582026568673327,1.168504369303233,1.4006860679064723,1.0236256287043943e-12,3.222381916260027
cont,Ackley,13,ES_1P1,10000,easy,13,30,0.4375,0.29748724009093563,0.582026568673327,1.3402608647074354,1.1551485027098303,9.063860773039778e-13,4.029776266582175
cont,Ackley,13,ES_1P1,10000,med,13,30,0.4375,0.29748724009093563,0.582026568673327,1.3402608647074354,1.1551485027098303,9.063860773039778e-13,4.029776266582175
cont,Ackley,13,ES_1P1,10000,hard,13,30,0.4375,0.29748724009093563,0.582026568673327,1.3402608647074354,1.1551485027098303,9.063860773039778e-13,4.029776266582175
cont,Ackley,13,FA,2000,easy,0,30,0.03125,0.0016532542666409576,0.09211405994732372,6.125253005916149,6.225688446248933,4.717182231823479,6.817530144928167
cont,Ackley,13,FA,2000,med,0,30,0.03125,0.0016532542666409576,0.09211405994732372,6.125253005916149,6.225688446248933,4.717182231823479,6.817530144928167
cont,Ackley,13,FA,2000,hard,0,30,0.03125,0.0016532542666409576,0.09211405994732372,6.125253005916149,6.225688446248933,4.717182231823479,6.817530144928167
cont,Ackley,13,FA,5000,easy,0,30,0.03125,0.0016532542666409576,0.09211405994732372,5.817603031790677,5.755768462243893,4.919509811809622,6.617479099672078
cont,Ackley,13,FA,5000,med,0,30,0.03125,0.0016532542666409576,0.09211405994732372,5.817603031790677,5.755768462243893,4.919509811809622,6.617479099672078
cont,Ackley,13,FA,5000,hard,0,30,0.03125,0.0016532542666409576,0.09211405994732372,5.817603031790677,5.755768462243893,4.919509811809622,6.617479099672078
cont,Ackley,13,FA,8000,easy,0,30,0.03125,0.0016532542666409576,0.09211405994732372,5.542874205541797,5.496256748742018,5.008119408637736,6.208045283785189
cont,Ackley,13,FA,8000,med,0,30,0.03125,0.0016532542666409576,0.09211405994732372,5.542874205541797,5.496256748742018,5.008119408637736,6.208045283785189
cont,Ackley,13,FA,8000,hard,0,30,0.03125,0.0016532542666409576,0.09211405994732372,5.542874205541797,5.496256748742018,5.008119408637736,6.208045283785189
cont,Ackley,13,FA,10000,easy,0,30,0.03125,0.0016532542666409576,0.09211405994732372,5.459436613846788,5.4542247708387706,4.725349288071087,6.064011987084189
cont,Ackley,13,FA,10000,med,0,30,0.03125,0.0016532542666409576,0.09211405994732372,5.459436613846788,5.4542247708387706,4.725349288071087,6.064011987084189
cont,Ackley,13,FA,10000,hard,0,30,0.03125,0.0016532542666409576,0.09211405994732372,5.459436613846788,5.4542247708387706,4.725349288071087,6.064011987084189
cont,Ackley,13,GWO,2000,easy,2,30,0.09375,0.02690011969114915,0.18946446742553866,0.7924843859158932,0.5779846598835872,0.08670785986342411,2.746706606464788
cont,Ackley,13,GWO,2000,med,0,30,0.03125,0.0016532542666409576,0.09211405994732372,0.7924843859158932,0.5779846598835872,0.08670785986342411,2.746706606464788
cont,Ackley,13,GWO,2000,hard,0,30,0.03125,0.0016532542666409576,0.09211405994732372,0.7924843859158932,0.5779846598835872,0.08670785986342411,2.746706606464788
cont,Ackley,13,GWO,5000,easy,0,30,0.03125,0.0016532542666409576,0.09211405994732372,0.795869350136356,0.562053068290409,0.10417632678434119,1.8893711603963728
cont,Ackley,13,GWO,5000,med,0,30,0.03125,0.0016532542666409576,0.09211405994732372,0.795869350136356,0.562053068290409,0.10417632678434119,1.8893711603963728
cont,Ackley,13,GWO,5000,hard,0,30,0.03125,0.0016532542666409576,0.09211405994732372,0.795869350136356,0.562053068290409,0.10417632678434119,1.8893711603963728
cont,Ackley,13,GWO,8000,easy,0,30,0.03125,0.0016532542666409576,0.09211405994732372,0.8346896922929974,0.5682779290989957,0.2764560657409274,2.0890399507244095
cont,Ackley,13,GWO,8000,med,0,30,0.03125,0.0016532542666409576,0.09211405994732372,0.8346896922929974,0.5682779290989957,0.2764560657409274,2.0890399507244095
cont,Ackley,13,GWO,8000,hard,0,30,0.03125,0.0016532542666409576,0.09211405994732372,0.8346896922929974,0.5682779290989957,0.2764560657409274,2.0890399507244095
cont,Ackley,13,GWO,10000,easy,0,30,0.03125,0.0016532542666409576,0.09211405994732372,0.8500724557668039,0.5777555170274682,0.2874088363903913,1.810840910782137
cont,Ackley,13,GWO,10000,med,0,30,0.03125,0.0016532542666409576,0.09211405994732372,0.8500724557668039,0.5777555170274682,0.2874088363903913,1.810840910782137
cont,Ackley,13,GWO,10000,hard,0,30,0.03125,0.0016532542666409576,0.09211405994732372,0.8500724557668039,0.5777555170274682,0.2874088363903913,1.810840910782137
cont,Ackley,13,MFO,2000,easy,0,30,0.03125,0.0016532542666409576,0.09211405994732372,3.824760086431743,3.806387745974011,2.14728125955584,5.543389613458782
cont,Ackley,13,MFO,2000,med,0,30,0.03125,0.0016532542666409576,0.09211405994732372,3.824760086431743,3.806387745974011,2.14728125955584,5.543389613458782
cont,Ackley,13,MFO,2000,hard,0,30,0.03125,0.0016532542666409576,0.09211405994732372,3.824760086431743,3.806387745974011,2.14728125955584,5.543389613458782
cont,Ackley,13,MFO,5000,easy,0,30,0.03125,0.0016532542666409576,0.09211405994732372,3.8198729545736527,3.9187477670314164,2.008999200947486,5.172904936203938
cont,Ackley,13,MFO,5000,med,0,30,0.03125,0.0016532542666409576,0.09211405994732372,3.8198729545736527,3.9187477670314164,2.008999200947486,5.172904936203938
cont,Ackley,13,MFO,5000,hard,0,30,0.03125,0.0016532542666409576,0.09211405994732372,3.8198729545736527,3.9187477670314164,2.008999200947486,5.172904936203938
cont,Ackley,13,MFO,8000,easy,0,30,0.03125,0.0016532542666409576,0.09211405994732372,3.6405266425781586,3.5982706110816562,1.8587832778188056,5.4961084934036855
cont,Ackley,13,MFO,8000,med,0,30,0.03125,0.0016532542666409576,0.09211405994732372,3.6405266425781586,3.5982706110816562,1.8587832778188056,5.4961084934036855
cont,Ackley,13,MFO,8000,hard,0,30,0.03125,0.0016532542666409576,0.09211405994732372,3.6405266425781586,3.5982706110816562,1.8587832778188056,5.4961084934036855
cont,Ackley,13,MFO,10000,easy,0,30,0.03125,0.0016532542666409576,0.09211405994732372,3.6032246398875896,3.788267382906828,1.8963893939186538,5.141025177893852
cont,Ackley,13,MFO,10000,med,0,30,0.03125,0.0016532542666409576,0.09211405994732372,3.6032246398875896,3.788267382906828,1.8963893939186538,5.141025177893852
cont,Ackley,13,MFO,10000,hard,0,30,0.03125,0.0016532542666409576,0.09211405994732372,3.6032246398875896,3.788267382906828,1.8963893939186538,5.141025177893852
cont,Ackley,13,PSO_GBEST,2000,easy,11,30,0.375,0.24077485846609245,0.5182492532388523,0.48979647713975,0.12711102795813334,0.04167021716709529,3.9116189614932435
cont,Ackley,13,PSO_GBEST,2000,med,0,30,0.03125,0.0016532542666409576,0.09211405994732372,0.48979647713975,0.12711102795813334,0.04167021716709529,3.9116189614932435
cont,Ackley,13,PSO_GBEST,2000,hard,0,30,0.03125,0.0016532542666409576,0.09211405994732372,0.48979647713975,0.12711102795813334,0.04167021716709529,3.9116189614932435
cont,Ackley,13,PSO_GBEST,5000,easy,27,30,0.875,0.7684970248566316,0.9546998269773581,0.22945331236404762,0.00017078644853230074,6.067898092299018e-05,3.408444772620936
cont,Ackley,13,PSO_GBEST,5000,med,27,30,0.875,0.7684970248566316,0.9546998269773581,0.22945331236404762,0.00017078644853230074,6.067898092299018e-05,3.408444772620936
cont,Ackley,13,PSO_GBEST,5000,hard,27,30,0.875,0.7684970248566316,0.9546998269773581,0.22945331236404762,0.00017078644853230074,6.067898092299018e-05,3.408444772620936
cont,Ackley,13,PSO_GBEST,8000,easy,25,30,0.8125,0.690356484642353,0.9121855328567512,0.33526079574928785,4.667376996003725e-07,1.0327977451041193e-07,3.645466527294943
cont,Ackley,13,PSO_GBEST,8000,med,25,30,0.8125,0.690356484642353,0.9121855328567512,0.33526079574928785,4.667376996003725e-07,1.0327977451041193e-07,3.645466527294943
cont,Ackley,13,PSO_GBEST,8000,hard,25,30,0.8125,0.690356484642353,0.9121855328567512,0.33526079574928785,4.667376996003725e-07,1.0327977451041193e-07,3.645466527294943
cont,Ackley,13,PSO_GBEST,10000,easy,28,30,0.90625,0.8105355325744613,0.9730998803088509,0.11566384070940959,7.279425506823145e-09,7.567888538062562e-10,2.314766487477091
cont,Ackley,13,PSO_GBEST,10000,med,28,30,0.90625,0.8105355325744613,0.9730998803088509,0.11566384070940959,7.279425506823145e-09,7.567888538062562e-10,2.314766487477091
cont,Ackley,13,PSO_GBEST,10000,hard,28,30,0.90625,0.8105355325744613,0.9730998803088509,0.11566384070940959,7.279425506823145e-09,7.567888538062562e-10,2.314766487477091
cont,Ackley,13,WOA,2000,easy,0,30,0.03125,0.0016532542666409576,0.09211405994732372,2.6254077258984285,2.652701395856296,0.1739632860179232,5.354970107464272
cont,Ackley,13,WOA,2000,med,0,30,0.03125,0.0016532542666409576,0.09211405994732372,2.6254077258984285,2.652701395856296,0.1739632860179232,5.354970107464272
cont,Ackley,13,WOA,2000,hard,0,30,0.03125,0.0016532542666409576,0.09211405994732372,2.6254077258984285,2.652701395856296,0.1739632860179232,5.354970107464272
cont,Ackley,13,WOA,5000,easy,0,30,0.03125,0.0016532542666409576,0.09211405994732372,2.341824846209043,2.068253689188085,0.28658297565954216,4.033603081450906
cont,Ackley,13,WOA,5000,med,0,30,0.03125,0.0016532542666409576,0.09211405994732372,2.341824846209043,2.068253689188085,0.28658297565954216,4.033603081450906
cont,Ackley,13,WOA,5000,hard,0,30,0.03125,0.0016532542666409576,0.09211405994732372,2.341824846209043,2.068253689188085,0.28658297565954216,4.033603081450906
cont,Ackley,13,WOA,8000,easy,2,30,0.09375,0.02690011969114915,0.18946446742553866,2.055056340459749,2.035477407190252,0.06007810274859127,4.298553782101035
cont,Ackley,13,WOA,8000,med,0,30,0.03125,0.0016532542666409576,0.09211405994732372,2.055056340459749,2.035477407190252,0.06007810274859127,4.298553782101035
cont,Ackley,13,WOA,8000,hard,0,30,0.03125,0.0016532542666409576,0.09211405994732372,2.055056340459749,2.035477407190252,0.06007810274859127,4.298553782101035
cont,Ackley,13,WOA,10000,easy,4,30,0.15625,0.06578047054601774,0.2713711815575147,1.9282789632745305,2.029497611598391,0.029247619902200928,4.190711412831849
cont,Ackley,13,WOA,10000,med,0,30,0.03125,0.0016532542666409576,0.09211405994732372,1.9282789632745305,2.029497611598391,0.029247619902200928,4.190711412831849
cont,Ackley,13,WOA,10000,hard,0,30,0.03125,0.0016532542666409576,0.09211405994732372,1.9282789632745305,2.029497611598391,0.029247619902200928,4.190711412831849
cont,Ackley,14,ALO,2000,easy,0,30,0.03125,0.0016532542666409576,0.09211405994732372,7.184125471031923,7.259751717038456,5.672918687499408,8.505499488919229
cont,Ackley,14,ALO,2000,med,0,30,0.03125,0.0016532542666409576,0.09211405994732372,7.184125471031923,7.259751717038456,5.672918687499408,8.505499488919229
cont,Ackley,14,ALO,2000,hard,0,30,0.03125,0.0016532542666409576,0.09211405994732372,7.184125471031923,7.259751717038456,5.672918687499408,8.505499488919229
cont,Ackley,14,ALO,5000,easy,0,30,0.03125,0.0016532542666409576,0.09211405994732372,6.611371596181267,6.660060872500601,4.937465824264077,7.5782641189716475
cont,Ackley,14,ALO,5000,med,0,30,0.03125,0.0016532542666409576,0.09211405994732372,6.611371596181267,6.660060872500601,4.937465824264077,7.5782641189716475
cont,Ackley,14,ALO,5000,hard,0,30,0.03125,0.0016532542666409576,0.09211405994732372,6.611371596181267,6.660060872500601,4.937465824264077,7.5782641189716475
cont,Ackley,14,ALO,8000,easy,0,30,0.03125,0.0016532542666409576,0.09211405994732372,6.368609946442253,6.355486331226636,4.555859205953691,8.103826720431316
cont,Ackley,14,ALO,8000,med,0,30,0.03125,0.0016532542666409576,0.09211405994732372,6.368609946442253,6.355486331226636,4.555859205953691,8.103826720431316
cont,Ackley,14,ALO,8000,hard,0,30,0.03125,0.0016532542666409576,0.09211405994732372,6.368609946442253,6.355486331226636,4.555859205953691,8.103826720431316
cont,Ackley,14,ALO,10000,easy,0,30,0.03125,0.0016532542666409576,0.09211405994732372,6.089832909606864,6.222687588700117,4.083151544953552,7.773550344621084
cont,Ackley,14,ALO,10000,med,0,30,0.03125,0.0016532542666409576,0.09211405994732372,6.089832909606864,6.222687588700117,4.083151544953552,7.773550344621084
cont,Ackley,14,ALO,10000,hard,0,30,0.03125,0.0016532542666409576,0.09211405994732372,6.089832909606864,6.222687588700117,4.083151544953552,7.773550344621084
cont,Ackley,14,BA,2000,easy,0,30,0.03125,0.0016532542666409576,0.09211405994732372,6.553632688231,6.60321958475231,4.805172911319506,8.905517559768986
cont,Ackley,14,BA,2000,med,0,30,0.03125,0.0016532542666409576,0.09211405994732372,6.553632688231,6.60321958475231,4.805172911319506,8.905517559768986
cont,Ackley,14,BA,2000,hard,0,30,0.03125,0.0016532542666409576,0.09211405994732372,6.553632688231,6.60321958475231,4.805172911319506,8.905517559768986
cont,Ackley,14,BA,5000,easy,0,30,0.03125,0.0016532542666409576,0.09211405994732372,5.874884709549735,5.820593941386431,3.8858469124335895,7.717887693681032
cont,Ackley,14,BA,5000,med,0,30,0.03125,0.0016532542666409576,0.09211405994732372,5.874884709549735,5.820593941386431,3.8858469124335895,7.717887693681032
cont,Ackley,14,BA,5000,hard,0,30,0.03125,0.0016532542666409576,0.09211405994732372,5.874884709549735,5.820593941386431,3.8858469124335895,7.717887693681032
cont,Ackley,14,BA,8000,easy,0,30,0.03125,0.0016532542666409576,0.09211405994732372,5.779453528877701,5.606068957584414,3.8857639537901183,7.564169166856809
cont,Ackley,14,BA,8000,med,0,30,0.03125,0.0016532542666409576,0.09211405994732372,5.779453528877701,5.606068957584414,3.8857639537901183,7.564169166856809
cont,Ackley,14,BA,8000,hard,0,30,0.03125,0.0016532542666409576,0.09211405994732372,5.779453528877701,5.606068957584414,3.8857639537901183,7.564169166856809
cont,Ackley,14,BA,10000,easy,0,30,0.03125,0.0016532542666409576,0.09211405994732372,5.6770396700389645,5.7741841512346745,3.4041620251835565,8.055260115425822
cont,Ackley,14,BA,10000,med,0,30,0.03125,0.0016532542666409576,0.09211405994732372,5.6770396700389645,5.7741841512346745,3.4041620251835565,8.055260115425822
cont,Ackley,14,BA,10000,hard,0,30,0.03125,0.0016532542666409576,0.09211405994732372,5.6770396700389645,5.7741841512346745,3.4041620251835565,8.055260115425822
cont,Ackley,14,ES_1P1,2000,easy,12,30,0.40625,0.2688262762232274,0.5504433740305475,1.2040850855127159,1.646223633103125,3.693492489631467e-08,3.4041583493622807
cont,Ackley,14,ES_1P1,2000,med,12,30,0.40625,0.2688262762232274,0.5504433740305475,1.2040850855127159,1.646223633103125,3.693492489631467e-08,3.4041583493622807
cont,Ackley,14,ES_1P1,2000,hard,12,30,0.40625,0.2688262762232274,0.5504433740305475,1.2040850855127159,1.646223633103125,3.693492489631467e-08,3.4041583493622807
cont,Ackley,14,ES_1P1,5000,easy,13,30,0.4375,0.29748724009093563,0.582026568673327,1.1467011569413048,1.155148502709832,1.1728396032140154e-12,3.8857582710994234
cont,Ackley,14,ES_1P1,5000,med,13,30,0.4375,0.29748724009093563,0.582026568673327,1.1467011569413048,1.155148502709832,1.1728396032140154e-12,3.8857582710994234
cont,Ackley,14,ES_1P1,5000,hard,13,30,0.4375,0.29748724009093563,0.582026568673327,1.1467011569413048,1.155148502709832,1.1728396032140154e-12,3.8857582710994234
cont,Ackley,14,ES_1P1,8000,easy,13,30,0.4375,0.29748724009093563,0.582026568673327,1.0779509846478017,1.1551485027098267,1.0627054791711998e-12,4.42448725418387
cont,Ackley,14,ES_1P1,8000,med,13,30,0.4375,0.29748724009093563,0.582026568673327,1.0779509846478017,1.1551485027098267,1.0627054791711998e-12,4.42448725418387
cont,Ackley,14,ES_1P1,8000,hard,13,30,0.4375,0.29748724009093563,0.582026568673327,1.0779509846478017,1.1551485027098267,1.0627054791711998e-12,4.42448725418387
cont,Ackley,14,ES_1P1,10000,easy,10,30,0.34375,0.21336046293527158,0.485416074399548,1.3756491117381837,1.6462236331031108,1.0556000518135988e-12,4.167124032814943
cont,Ackley,14,ES_1P1,10000,med,10,30,0.34375,0.21336046293527158,0.485416074399548,1.3756491117381837,1.6462236331031108,1.0556000518135988e-12,4.167124032814943
cont,Ackley,14,ES_1P1,10000,hard,10,30,0.34375,0.21336046293527158,0.485416074399548,1.3756491117381837,1.6462236331031108,1.0556000518135988e-12,4.167124032814943
cont,Ackley,14,FA,2000,easy,0,30,0.03125,0.0016532542666409576,0.09211405994732372,6.034894702965368,6.1094025257337705,4.501741643525364,7.133498587454582
cont,Ackley,14,FA,2000,med,0,30,0.03125,0.0016532542666409576,0.09211405994732372,6.034894702965368,6.1094025257337705,4.501741643525364,7.133498587454582
cont,Ackley,14,FA,2000,hard,0,30,0.03125,0.0016532542666409576,0.09211405994732372,6.034894702965368,6.1094025257337705,4.501741643525364,7.133498587454582
cont,Ackley,14,FA,5000,easy,0,30,0.03125,0.0016532542666409576,0.09211405994732372,5.496687492306673,5.496999391671245,4.261764834269584,6.3905032019565695
cont,Ackley,14,FA,5000,med,0,30,0.03125,0.0016532542666409576,0.09211405994732372,5.496687492306673,5.496999391671245,4.261764834269584,6.3905032019565695
cont,Ackley,14,FA,5000,hard,0,30,0.03125,0.0016532542666409576,0.09211405994732372,5.496687492306673,5.496999391671245,4.261764834269584,6.3905032019565695
cont,Ackley,14,FA,8000,easy,0,30,0.03125,0.0016532542666409576,0.09211405994732372,5.36829720000537,5.299027790048685,4.314740489635831,6.587483744526107
cont,Ackley,14,FA,8000,med,0,30,0.03125,0.0016532542666409576,0.09211405994732372,5.36829720000537,5.299027790048685,4.314740489635831,6.587483744526107
cont,Ackley,14,FA,8000,hard,0,30,0.03125,0.0016532542666409576,0.09211405994732372,5.36829720000537,5.299027790048685,4.314740489635831,6.587483744526107
cont,Ackley,14,FA,10000,easy,0,30,0.03125,0.0016532542666409576,0.09211405994732372,5.483212317187918,5.480588499754861,4.931376012641788,6.158778532974935
cont,Ackley,14,FA,10000,med,0,30,0.03125,0.0016532542666409576,0.09211405994732372,5.483212317187918,5.480588499754861,4.931376012641788,6.158778532974935
cont,Ackley,14,FA,10000,hard,0,30,0.03125,0.0016532542666409576,0.09211405994732372,5.483212317187918,5.480588499754861,4.931376012641788,6.158778532974935
cont,Ackley,14,GWO,2000,easy,8,30,0.28125,0.16061109125637793,0.4176603337442609,0.6590310770788186,0.1522443341104016,0.047315089872139726,2.678930293130606
cont,Ackley,14,GWO,2000,med,0,30,0.03125,0.0016532542666409576,0.09211405994732372,0.6590310770788186,0.1522443341104016,0.047315089872139726,2.678930293130606
cont,Ackley,14,GWO,2000,hard,0,30,0.03125,0.0016532542666409576,0.09211405994732372,0.6590310770788186,0.1522443341104016,0.047315089872139726,2.678930293130606
cont,Ackley,14,GWO,5000,easy,22,30,0.71875,0.5823396662557391,0.8393889087436222,0.314994774060758,0.03896041909463266,0.02236193103651063,1.4592090366652255
cont,Ackley,14,GWO,5000,med,0,30,0.03125,0.0016532542666409576,0.09211405994732372,0.314994774060758,0.03896041909463266,0.02236193103651063,1.4592090366652255
cont,Ackley,14,GWO,5000,hard,0,30,0.03125,0.0016532542666409576,0.09211405994732372,0.314994774060758,0.03896041909463266,0.02236193103651063,1.4592090366652255
cont,Ackley,14,GWO,8000,easy,26,30,0.84375,0.7286288184424853,0.9342195294539822,0.24880818315458728,0.025050465047915527,0.01634325070415743,3.0050656904566435
cont,Ackley,14,GWO,8000,med,0,30,0.03125,0.0016532542666409576,0.09211405994732372,0.24880818315458728,0.025050465047915527,0.01634325070415743,3.0050656904566435
cont,Ackley,14,GWO,8000,hard,0,30,0.03125,0.0016532542666409576,0.09211405994732372,0.24880818315458728,0.025050465047915527,0.01634325070415743,3.0050656904566435
cont,Ackley,14,GWO,10000,easy,30,30,0.96875,0.9078859400526763,0.998346745733359,0.022210383784758835,0.020034370433031246,0.014087466737255472,0.05176838519925342
cont,Ackley,14,GWO,10000,med,0,30,0.03125,0.0016532542666409576,0.09211405994732372,0.022210383784758835,0.020034370433031246,0.014087466737255472,0.05176838519925342
cont,Ackley,14,GWO,10000,hard,0,30,0.03125,0.0016532542666409576,0.09211405994732372,0.022210383784758835,0.020034370433031246,0.014087466737255472,0.05176838519925342
cont,Ackley,14,MFO,2000,easy,0,30,0.03125,0.0016532542666409576,0.09211405994732372,3.754027628497247,3.7601565158169916,2.2914516228225996,5.1124393869671785
cont,Ackley,14,MFO,2000,med,0,30,0.03125,0.0016532542666409576,0.09211405994732372,3.754027628497247,3.7601565158169916,2.2914516228225996,5.1124393869671785
cont,Ackley,14,MFO,2000,hard,0,30,0.03125,0.0016532542666409576,0.09211405994732372,3.754027628497247,3.7601565158169916,2.2914516228225996,5.1124393869671785
cont,Ackley,14,MFO,5000,easy,0,30,0.03125,0.0016532542666409576,0.09211405994732372,3.7678671443970875,3.798479614088102,2.3355393276211847,4.883074109528707
cont,Ackley,14,MFO,5000,med,0,30,0.03125,0.0016532542666409576,0.09211405994732372,3.7678671443970875,3.798479614088102,2.3355393276211847,4.883074109528707
cont,Ackley,14,MFO,5000,hard,0,30,0.03125,0.0016532542666409576,0.09211405994732372,3.7678671443970875,3.798479614088102,2.3355393276211847,4.883074109528707
cont,Ackley,14,MFO,8000,easy,0,30,0.03125,0.0016532542666409576,0.09211405994732372,3.6620606646133003,3.6883845976737093,1.7063099934164403,5.342073435894353
cont,Ackley,14,MFO,8000,med,0,30,0.03125,0.0016532542666409576,0.09211405994732372,3.6620606646133003,3.6883845976737093,1.7063099934164403,5.342073435894353
cont,Ackley,14,MFO,8000,hard,0,30,0.03125,0.0016532542666409576,0.09211405994732372,3.6620606646133003,3.6883845976737093,1.7063099934164403,5.342073435894353
cont,Ackley,14,MFO,10000,easy,0,30,0.03125,0.0016532542666409576,0.09211405994732372,3.6897519333132256,3.7264547676969024,2.0665064636274733,5.0788344481511025
cont,Ackley,14,MFO,10000,med,0,30,0.03125,0.0016532542666409576,0.09211405994732372,3.6897519333132256,3.7264547676969024,2.0665064636274733,5.0788344481511025
cont,Ackley,14,MFO,10000,hard,0,30,0.03125,0.0016532542666409576,0.09211405994732372,3.6897519333132256,3.7264547676969024,2.0665064636274733,5.0788344481511025
cont,Ackley,14,PSO_GBEST,2000,easy,14,30,0.46875,0.3267393648975071,0.6130177450552665,0.2852260588615627,0.11903892656157078,0.033205659172260926,1.9006964569370948
cont,Ackley,14,PSO_GBEST,2000,med,0,30,0.03125,0.0016532542666409576,0.09211405994732372,0.2852260588615627,0.11903892656157078,0.033205659172260926,1.9006964569370948
cont,Ackley,14,PSO_GBEST,2000,hard,0,30,0.03125,0.0016532542666409576,0.09211405994732372,0.2852260588615627,0.11903892656157078,0.033205659172260926,1.9006964569370948
cont,Ackley,14,PSO_GBEST,5000,easy,23,30,0.75,0.6173897690830179,0.8645994152416211,0.6052899809237496,0.00020058743887263475,4.440817821604881e-05,3.8851749078366677
cont,Ackley,14,PSO_GBEST,5000,med,23,30,0.75,0.6173897690830179,0.8645994152416211,0.6052899809237496,0.00020058743887263475,4.440817821604881e-05,3.8851749078366677
cont,Ackley,14,PSO_GBEST,5000,hard,23,30,0.75,0.6173897690830179,0.8645994152416211,0.6052899809237496,0.00020058743887263475,4.440817821604881e-05,3.8851749078366677
cont,Ackley,14,PSO_GBEST,8000,easy,28,30,0.90625,0.8105355325744613,0.9730998803088509,0.19843439446078068,5.208597664285719e-07,1.027607194892255e-07,3.0608648856801897
cont,Ackley,14,PSO_GBEST,8000,med,28,30,0.90625,0.8105355325744613,0.9730998803088509,0.19843439446078068,5.208597664285719e-07,1.027607194892255e-07,3.0608648856801897
cont,Ackley,14,PSO_GBEST,8000,hard,28,30,0.90625,0.8105355325744613,0.9730998803088509,0.19843439446078068,5.208597664285719e-07,1.027607194892255e-07,3.0608648856801897
cont,Ackley,14,PSO_GBEST,10000,easy,22,30,0.71875,0.5823396662557391,0.8393889087436222,0.8120689691560302,1.1170163904949959e-08,1.647592728915015e-09,4.243702211394179
cont,Ackley,14,PSO_GBEST,10000,med,22,30,0.71875,0.5823396662557391,0.8393889087436222,0.8120689691560302,1.1170163904949959e-08,1.647592728915015e-09,4.243702211394179
cont,Ackley,14,PSO_GBEST,10000,hard,22,30,0.71875,0.5823396662557391,0.8393889087436222,0.8120689691560302,1.1170163904949959e-08,1.647592728915015e-09,4.243702211394179
cont,Ackley,14,WOA,2000,easy,0,30,0.03125,0.0016532542666409576,0.09211405994732372,2.6939251133580644,2.583544719511988,1.1867765509902424,4.580957975383367
cont,Ackley,14,WOA,2000,med,0,30,0.03125,0.0016532542666409576,0.09211405994732372,2.6939251133580644,2.583544719511988,1.1867765509902424,4.580957975383367
cont,Ackley,14,WOA,2000,hard,0,30,0.03125,0.0016532542666409576,0.09211405994732372,2.6939251133580644,2.583544719511988,1.1867765509902424,4.580957975383367
cont,Ackley,14,WOA,5000,easy,3,30,0.125,0.04530017302264189,0.23150297514336832,2.2328536210205217,2.4538080376108327,0.05685481130036907,4.184106804567932
cont,Ackley,14,WOA,5000,med,0,30,0.03125,0.0016532542666409576,0.09211405994732372,2.2328536210205217,2.4538080376108327,0.05685481130036907,4.184106804567932
cont,Ackley,14,WOA,5000,hard,0,30,0.03125,0.0016532542666409576,0.09211405994732372,2.2328536210205217,2.4538080376108327,0.05685481130036907,4.184106804567932
cont,Ackley,14,WOA,8000,easy,1,30,0.0625,0.011585315861443594,0.14409039131834475,2.395392028755593,2.5855491518791074,0.019190729530635497,4.040081867224803
cont,Ackley,14,WOA,8000,med,0,30,0.03125,0.0016532542666409576,0.09211405994732372,2.395392028755593,2.5855491518791074,0.019190729530635497,4.040081867224803
cont,Ackley,14,WOA,8000,hard,0,30,0.03125,0.0016532542666409576,0.09211405994732372,2.395392028755593,2.5855491518791074,0.019190729530635497,4.040081867224803
cont,Ackley,14,WOA,10000,easy,2,30,0.09375,0.02690011969114915,0.18946446742553866,2.3706687820318524,2.317941769272404,0.02387193038618962,4.1675459018064736
cont,Ackley,14,WOA,10000,med,0,30,0.03125,0.0016532542666409576,0.09211405994732372,2.3706687820318524,2.317941769272404,0.02387193038618962,4.1675459018064736
cont,Ackley,14,WOA,10000,hard,0,30,0.03125,0.0016532542666409576,0.09211405994732372,2.3706687820318524,2.317941769272404,0.02387193038618962,4.1675459018064736
cont,Ackley,16,ALO,2000,easy,0,30,0.03125,0.0016532542666409576,0.09211405994732372,7.258832252765537,7.217816269243523,5.482464663243782,8.754054913035972
cont,Ackley,16,ALO,2000,med,0,30,0.03125,0.0016532542666409576,0.09211405994732372,7.258832252765537,7.217816269243523,5.482464663243782,8.754054913035972
cont,Ackley,16,ALO,2000,hard,0,30,0.03125,0.0016532542666409576,0.09211405994732372,7.258832252765537,7.217816269243523,5.482464663243782,8.754054913035972
cont,Ackley,16,ALO,5000,easy,0,30,0.03125,0.0016532542666409576,0.09211405994732372,6.7709585818351306,6.882727849133729,5.031201098699327,8.732464251213841
cont,Ackley,16,ALO,5000,med,0,30,0.03125,0.0016532542666409576,0.09211405994732372,6.7709585818351306,6.882727849133729,5.031201098699327,8.732464251213841
cont,Ackley,16,ALO,5000,hard,0,30,0.03125,0.0016532542666409576,0.09211405994732372,6.7709585818351306,6.882727849133729,5.031201098699327,8.732464251213841
cont,Ackley,16,ALO,8000,easy,0,30,0.03125,0.0016532542666409576,0.09211405994732372,6.30577086852887,6.232632746711905,4.76189814618111,8.307850965878119
cont,Ackley,16,ALO,8000,med,0,30,0.03125,0.0016532542666409576,0.09211405994732372,6.30577086852887,6.232632746711905,4.76189814618111,8.307850965878119
cont,Ackley,16,ALO,8000,hard,0,30,0.03125,0.0016532542666409576,0.09211405994732372,6.30577086852887,6.232632746711905,4.76189814618111,8.307850965878119
cont,Ackley,16,ALO,10000,easy,0,30,0.03125,0.0016532542666409576,0.09211405994732372,6.317050310574282,6.486652974473223,4.531509525372016,8.698119840516316
cont,Ackley,16,ALO,10000,med,0,30,0.03125,0.0016532542666409576,0.09211405994732372,6.317050310574282,6.486652974473223,4.531509525372016,8.698119840516316
cont,Ackley,16,ALO,10000,hard,0,30,0.03125,0.0016532542666409576,0.09211405994732372,6.317050310574282,6.486652974473223,4.531509525372016,8.698119840516316
cont,Ackley,16,BA,2000,easy,0,30,0.03125,0.0016532542666409576,0.09211405994732372,6.915817286544485,7.036558915271864,4.600375860345988,8.599680657708527
cont,Ackley,16,BA,2000,med,0,30,0.03125,0.0016532542666409576,0.09211405994732372,6.915817286544485,7.036558915271864,4.600375860345988,8.599680657708527
cont,Ackley,16,BA,2000,hard,0,30,0.03125,0.0016532542666409576,0.09211405994732372,6.915817286544485,7.036558915271864,4.600375860345988,8.599680657708527
cont,Ackley,16,BA,5000,easy,0,30,0.03125,0.0016532542666409576,0.09211405994732372,6.0287103313451365,5.915739725046022,3.8799816807931475,8.008757405161962
cont,Ackley,16,BA,5000,med,0,30,0.03125,0.0016532542666409576,0.09211405994732372,6.0287103313451365,5.915739725046022,3.8799816807931475,8.008757405161962
cont,Ackley,16,BA,5000,hard,0,30,0.03125,0.0016532542666409576,0.09211405994732372,6.0287103313451365,5.915739725046022,3.8799816807931475,8.008757405161962
cont,Ackley,16,BA,8000,easy,0,30,0.03125,0.0016532542666409576,0.09211405994732372,5.51894598962261,5.334882910587128,3.22239884771512,7.349661690384259
cont,Ackley,16,BA,8000,med,0,30,0.03125,0.0016532542666409576,0.09211405994732372,5.51894598962261,5.334882910587128,3.22239884771512,7.349661690384259
cont,Ackley,16,BA,8000,hard,0,30,0.03125,0.0016532542666409576,0.09211405994732372,5.51894598962261,5.334882910587128,3.22239884771512,7.349661690384259
cont,Ackley,16,BA,10000,easy,0,30,0.03125,0.0016532542666409576,0.09211405994732372,5.743115039857327,5.858085277940814,3.7342115303736425,7.564162799792074
cont,Ackley,16,BA,10000,med,0,30,0.03125,0.0016532542666409576,0.09211405994732372,5.743115039857327,5.858085277940814,3.7342115303736425,7.564162799792074
cont,Ackley,16,BA,10000,hard,0,30,0.03125,0.0016532542666409576,0.09211405994732372,5.743115039857327,5.858085277940814,3.7342115303736425,7.564162799792074
cont,Ackley,16,ES_1P1,2000,easy,9,30,0.3125,0.18662163557046532,0.4519044172193684,1.3923257098370025,1.6462236331031428,1.934712701157082e-08,2.5799275570298943
cont,Ackley,16,ES_1P1,2000,med,9,30,0.3125,0.18662163557046532,0.4519044172193684,1.3923257098370025,1.6462236331031428,1.934712701157082e-08,2.5799275570298943
cont,Ackley,16,ES_1P1,2000,hard,9,30,0.3125,0.18662163557046532,0.4519044172193684,1.3923257098370025,1.6462236331031428,1.934712701157082e-08,2.5799275570298943
cont,Ackley,16,ES_1P1,5000,easy,8,30,0.28125,0.16061109125637793,0.4176603337442609,1.3619056802017697,1.6462236331031126,1.2474465904688259e-12,3.0271084229910987
cont,Ackley,16,ES_1P1,5000,med,8,30,0.28125,0.16061109125637793,0.4176603337442609,1.3619056802017697,1.6462236331031126,1.2474465904688259e-12,3.0271084229910987
cont,Ackley,16,ES_1P1,5000,hard,8,30,0.28125,0.16061109125637793,0.4176603337442609,1.3619056802017697,1.6462236331031126,1.2474465904688259e-12,3.0271084229910987
cont,Ackley,16,ES_1P1,8000,easy,14,30,0.46875,0.3267393648975071,0.6130177450552665,0.9795379599595438,1.1551485027098267,1.1159961843532074e-12,5.196709957633065
cont,Ackley,16,ES_1P1,8000,med,14,30,0.46875,0.3267393648975071,0.6130177450552665,0.9795379599595438,1.1551485027098267,1.1159961843532074e-12,5.196709957633065
cont,Ackley,16,ES_1P1,8000,hard,14,30,0.46875,0.3267393648975071,0.6130177450552665,0.9795379599595438,1.1551485027098267,1.1159961843532074e-12,5.196709957633065
cont,Ackley,16,ES_1P1,10000,easy,12,30,0.40625,0.2688262762232274,0.5504433740305475,1.235367896893757,1.4006860679064723,9.845457782375888e-13,4.424213775514925
cont,Ackley,16,ES_1P1,10000,med,12,30,0.40625,0.2688262762232274,0.5504433740305475,1.235367896893757,1.4006860679064723,9.845457782375888e-13,4.424213775514925
cont,Ackley,16,ES_1P1,10000,hard,12,30,0.40625,0.2688262762232274,0.5504433740305475,1.235367896893757,1.4006860679064723,9.845457782375888e-13,4.424213775514925
cont,Ackley,16,FA,2000,easy,0,30,0.03125,0.0016532542666409576,0.09211405994732372,6.076664669798807,6.142454022386932,4.741260221377182,6.744753121388747
cont,Ackley,16,FA,2000,med,0,30,0.03125,0.0016532542666409576,0.09211405994732372,6.076664669798807,6.142454022386932,4.741260221377182,6.744753121388747
cont,Ackley,16,FA,2000,hard,0,30,0.03125,0.0016532542666409576,0.09211405994732372,6.076664669798807,6.142454022386932,4.741260221377182,6.744753121388747
cont,Ackley,16,FA,5000,easy,0,30,0.03125,0.0016532542666409576,0.09211405994732372,5.574327893095134,5.564193263643171,4.55486610826431,6.50004561861806
cont,Ackley,16,FA,5000,med,0,30,0.03125,0.0016532542666409576,0.09211405994732372,5.574327893095134,5.564193263643171,4.55486610826431,6.50004561861806
cont,Ackley,16,FA,5000,hard,0,30,0.03125,0.0016532542666409576,0.09211405994732372,5.574327893095134,5.564193263643171,4.55486610826431,6.50004561861806
cont,Ackley,16,FA,8000,easy,0,30,0.03125,0.0016532542666409576,0.09211405994732372,5.5130673320877674,5.54081057879052,4.9227136738424875,6.167774661698132
cont,Ackley,16,FA,8000,med,0,30,0.03125,0.0016532542666409576,0.09211405994732372,5.5130673320877674,5.54081057879052,4.9227136738424875,6.167774661698132
cont,Ackley,16,FA,8000,hard,0,30,0.03125,0.0016532542666409576,0.09211405994732372,5.5130673320877674,5.54081057879052,4.9227136738424875,6.167774661698132
cont,Ackley,16,FA,10000,easy,0,30,0.03125,0.0016532542666409576,0.09211405994732372,5.315237303158447,5.364870274507943,4.557045857481267,6.003060666171919
cont,Ackley,16,FA,10000,med,0,30,0.03125,0.0016532542666409576,0.09211405994732372,5.315237303158447,5.364870274507943,4.557045857481267,6.003060666171919
cont,Ackley,16,FA,10000,hard,0,30,0.03125,0.0016532542666409576,0.09211405994732372,5.315237303158447,5.364870274507943,4.557045857481267,6.003060666171919
cont,Ackley,16,GWO,2000,easy,6,30,0.21875,0.11108877125926007,0.3466525437888071,0.9464784056051593,1.1975449386580626,0.05941460391157394,2.3563761049315457
cont,Ackley,16,GWO,2000,med,0,30,0.03125,0.0016532542666409576,0.09211405994732372,0.9464784056051593,1.1975449386580626,0.05941460391157394,2.3563761049315457
cont,Ackley,16,GWO,2000,hard,0,30,0.03125,0.0016532542666409576,0.09211405994732372,0.9464784056051593,1.1975449386580626,0.05941460391157394,2.3563761049315457
cont,Ackley,16,GWO,5000,easy,11,30,0.375,0.24077485846609245,0.5182492532388523,0.936036719272781,1.1666129541887522,0.03120357950770769,2.1155482619229073
cont,Ackley,16,GWO,5000,med,0,30,0.03125,0.0016532542666409576,0.09211405994732372,0.936036719272781,1.1666129541887522,0.03120357950770769,2.1155482619229073
cont,Ackley,16,GWO,5000,hard,0,30,0.03125,0.0016532542666409576,0.09211405994732372,0.936036719272781,1.1666129541887522,0.03120357950770769,2.1155482619229073
cont,Ackley,16,GWO,8000,easy,7,30,0.25,0.1354005847583789,0.3826102309169821,1.1884251229375244,1.2330768595668276,0.012126320621295594,2.3483308619670535
cont,Ackley,16,GWO,8000,med,0,30,0.03125,0.0016532542666409576,0.09211405994732372,1.1884251229375244,1.2330768595668276,0.012126320621295594,2.3483308619670535
cont,Ackley,16,GWO,8000,hard,0,30,0.03125,0.0016532542666409576,0.09211405994732372,1.1884251229375244,1.2330768595668276,0.012126320621295594,2.3483308619670535
cont,Ackley,16,GWO,10000,easy,3,30,0.125,0.04530017302264189,0.23150297514336832,1.6220196264696627,1.7318228110656322,0.01113211735691566,2.5989944909888654
cont,Ackley,16,GWO,10000,med,0,30,0.03125,0.0016532542666409576,0.09211405994732372,1.6220196264696627,1.7318228110656322,0.01113211735691566,2.5989944909888654
cont,Ackley,16,GWO,10000,hard,0,30,0.03125,0.0016532542666409576,0.09211405994732372,1.6220196264696627,1.7318228110656322,0.01113211735691566,2.5989944909888654
cont,Ackley,16,MFO,2000,easy,0,30,0.03125,0.0016532542666409576,0.09211405994732372,4.293103916242787,4.31509738925655,2.522645728573775,6.858313155631686
cont,Ackley,16,MFO,2000,med,0,30,0.03125,0.0016532542666409576,0.09211405994732372,4.293103916242787,4.31509738925655,2.522645728573775,6.858313155631686
cont,Ackley,16,MFO,2000,hard,0,30,0.03125,0.0016532542666409576,0.09211405994732372,4.293103916242787,4.31509738925655,2.522645728573775,6.858313155631686
cont,Ackley,16,MFO,5000,easy,0,30,0.03125,0.0016532542666409576,0.09211405994732372,3.9965993004392533,3.8467147633202114,2.66671665712628,5.966812681321841
cont,Ackley,16,MFO,5000,med,0,30,0.03125,0.0016532542666409576,0.09211405994732372,3.9965993004392533,3.8467147633202114,2.66671665712628,5.966812681321841
cont,Ackley,16,MFO,5000,hard,0,30,0.03125,0.0016532542666409576,0.09211405994732372,3.9965993004392533,3.8467147633202114,2.66671665712628,5.966812681321841
cont,Ackley,16,MFO,8000,easy,0,30,0.03125,0.0016532542666409576,0.09211405994732372,3.4731802510450986,3.448191815213582,2.1542773844909147,5.046741272279977
cont,Ackley,16,MFO,8000,med,0,30,0.03125,0.0016532542666409576,0.09211405994732372,3.4731802510450986,3.448191815213582,2.1542773844909147,5.046741272279977
cont,Ackley,16,MFO,8000,hard,0,30,0.03125,0.0016532542666409576,0.09211405994732372,3.4731802510450986,3.448191815213582,2.1542773844909147,5.046741272279977
cont,Ackley,16,MFO,10000,easy,0,30,0.03125,0.0016532542666409576,0.09211405994732372,3.431435281514898,3.379573737382023,1.9038463318559598,5.428302788811198
cont,Ackley,16,MFO,10000,med,0,30,0.03125,0.0016532542666409576,0.09211405994732372,3.431435281514898,3.379573737382023,1.9038463318559598,5.428302788811198
cont,Ackley,16,MFO,10000,hard,0,30,0.03125,0.0016532542666409576,0.09211405994732372,3.431435281514898,3.379573737382023,1.9038463318559598,5.428302788811198
cont,Ackley,16,PSO_GBEST,2000,easy,12,30,0.40625,0.2688262762232274,0.5504433740305475,0.5479224745246197,0.1341614394281625,0.03326226839147184,3.7371304019830878
cont,Ackley,16,PSO_GBEST,2000,med,0,30,0.03125,0.0016532542666409576,0.09211405994732372,0.5479224745246197,0.1341614394281625,0.03326226839147184,3.7371304019830878
cont,Ackley,16,PSO_GBEST,2000,hard,0,30,0.03125,0.0016532542666409576,0.09211405994732372,0.5479224745246197,0.1341614394281625,0.03326226839147184,3.7371304019830878
cont,Ackley,16,PSO_GBEST,5000,easy,28,30,0.90625,0.8105355325744613,0.9730998803088509,0.17763846667486347,0.00015478380741962283,3.283782963636739e-05,2.7811687531881835
cont,Ackley,16,PSO_GBEST,5000,med,28,30,0.90625,0.8105355325744613,0.9730998803088509,0.17763846667486347,0.00015478380741962283,3.283782963636739e-05,2.7811687531881835
cont,Ackley,16,PSO_GBEST,5000,hard,28,30,0.90625,0.8105355325744613,0.9730998803088509,0.17763846667486347,0.00015478380741962283,3.283782963636739e-05,2.7811687531881835
cont,Ackley,16,PSO_GBEST,8000,easy,24,30,0.78125,0.6533474562111927,0.8889112287407399,0.5579426318865356,4.5306287121960054e-07,1.379794523082012e-07,3.4038918674307017
cont,Ackley,16,PSO_GBEST,8000,med,24,30,0.78125,0.6533474562111927,0.8889112287407399,0.5579426318865356,4.5306287121960054e-07,1.379794523082012e-07,3.4038918674307017
cont,Ackley,16,PSO_GBEST,8000,hard,24,30,0.78125,0.6533474562111927,0.8889112287407399,0.5579426318865356,4.5306287121960054e-07,1.379794523082012e-07,3.4038918674307017
cont,Ackley,16,PSO_GBEST,10000,easy,22,30,0.71875,0.5823396662557391,0.8393889087436222,0.57834520155336,1.2314917530176217e-08,1.3194498826862855e-09,2.7811685407996944
cont,Ackley,16,PSO_GBEST,10000,med,22,30,0.71875,0.5823396662557391,0.8393889087436222,0.57834520155336,1.2314917530176217e-08,1.3194498826862855e-09,2.7811685407996944
cont,Ackley,16,PSO_GBEST,10000,hard,22,30,0.71875,0.5823396662557391,0.8393889087436222,0.57834520155336,1.2314917530176217e-08,1.3194498826862855e-09,2.7811685407996944
cont,Ackley,16,WOA,2000,easy,0,30,0.03125,0.0016532542666409576,0.09211405994732372,2.8967812954378895,3.0154357798692524,1.374717447519004,4.7833481945712
cont,Ackley,16,WOA,2000,med,0,30,0.03125,0.0016532542666409576,0.09211405994732372,2.8967812954378895,3.0154357798692524,1.374717447519004,4.7833481945712
cont,Ackley,16,WOA,2000,hard,0,30,0.03125,0.0016532542666409576,0.09211405994732372,2.8967812954378895,3.0154357798692524,1.374717447519004,4.7833481945712
cont,Ackley,16,WOA,5000,easy,2,30,0.09375,0.02690011969114915,0.18946446742553866,2.4249245223179394,2.232895982959706,0.08500483424731842,4.456869102783095
cont,Ackley,16,WOA,5000,med,0,30,0.03125,0.0016532542666409576,0.09211405994732372,2.4249245223179394,2.232895982959706,0.08500483424731842,4.456869102783095
cont,Ackley,16,WOA,5000,hard,0,30,0.03125,0.0016532542666409576,0.09211405994732372,2.4249245223179394,2.232895982959706,0.08500483424731842,4.456869102783095
cont,Ackley,16,WOA,8000,easy,1,30,0.0625,0.011585315861443594,0.14409039131834475,2.2112353661322213,2.08232624867806,0.055080856705779,3.4101387695740226
cont,Ackley,16,WOA,8000,med,0,30,0.03125,0.0016532542666409576,0.09211405994732372,2.2112353661322213,2.08232624867806,0.055080856705779,3.4101387695740226
cont,Ackley,16,WOA,8000,hard,0,30,0.03125,0.0016532542666409576,0.09211405994732372,2.2112353661322213,2.08232624867806,0.055080856705779,3.4101387695740226
cont,Ackley,16,WOA,10000,easy,4,30,0.15625,0.06578047054601774,0.2713711815575147,2.027946254739468,2.0218109681499183,0.0185715623206133,4.428750382142439
cont,Ackley,16,WOA,10000,med,0,30,0.03125,0.0016532542666409576,0.09211405994732372,2.027946254739468,2.0218109681499183,0.0185715623206133,4.428750382142439
cont,Ackley,16,WOA,10000,hard,0,30,0.03125,0.0016532542666409576,0.09211405994732372,2.027946254739468,2.0218109681499183,0.0185715623206133,4.428750382142439
cont,Ackley,17,ALO,2000,easy,0,30,0.03125,0.0016532542666409576,0.09211405994732372,7.5771486786045985,7.7475704999348745,4.9743600896815465,8.772989231442088
cont,Ackley,17,ALO,2000,med,0,30,0.03125,0.0016532542666409576,0.09211405994732372,7.5771486786045985,7.7475704999348745,4.9743600896815465,8.772989231442088
cont,Ackley,17,ALO,2000,hard,0,30,0.03125,0.0016532542666409576,0.09211405994732372,7.5771486786045985,7.7475704999348745,4.9743600896815465,8.772989231442088
cont,Ackley,17,ALO,5000,easy,0,30,0.03125,0.0016532542666409576,0.09211405994732372,6.723313187766383,6.769159954784784,5.104737117460971,8.320539289192865
cont,Ackley,17,ALO,5000,med,0,30,0.03125,0.0016532542666409576,0.09211405994732372,6.723313187766383,6.769159954784784,5.104737117460971,8.320539289192865
cont,Ackley,17,ALO,5000,hard,0,30,0.03125,0.0016532542666409576,0.09211405994732372,6.723313187766383,6.769159954784784,5.104737117460971,8.320539289192865
cont,Ackley,17,ALO,8000,easy,0,30,0.03125,0.0016532542666409576,0.09211405994732372,6.230368862631138,6.192728632701527,3.4183022906235228,7.462842698756441
cont,Ackley,17,ALO,8000,med,0,30,0.03125,0.0016532542666409576,0.09211405994732372,6.230368862631138,6.192728632701527,3.4183022906235228,7.462842698756441
cont,Ackley,17,ALO,8000,hard,0,30,0.03125,0.0016532542666409576,0.09211405994732372,6.230368862631138,6.192728632701527,3.4183022906235228,7.462842698756441
cont,Ackley,17,ALO,10000,easy,0,30,0.03125,0.0016532542666409576,0.09211405994732372,5.938911238213216,5.976340585723278,3.619562915871317,7.565029056759611
cont,Ackley,17,ALO,10000,med,0,30,0.03125,0.0016532542666409576,0.09211405994732372,5.938911238213216,5.976340585723278,3.619562915871317,7.565029056759611
cont,Ackley,17,ALO,10000,hard,0,30,0.03125,0.0016532542666409576,0.09211405994732372,5.938911238213216,5.976340585723278,3.619562915871317,7.565029056759611
cont,Ackley,17,BA,2000,easy,0,30,0.03125,0.0016532542666409576,0.09211405994732372,6.294211267094416,6.227239521974534,3.888828923523285,8.54774344726597
cont,Ackley,17,BA,2000,med,0,30,0.03125,0.0016532542666409576,0.09211405994732372,6.294211267094416,6.227239521974534,3.888828923523285,8.54774344726597
cont,Ackley,17,BA,2000,hard,0,30,0.03125,0.0016532542666409576,0.09211405994732372,6.294211267094416,6.227239521974534,3.888828923523285,8.54774344726597
cont,Ackley,17,BA,5000,easy,0,30,0.03125,0.0016532542666409576,0.09211405994732372,5.700956670466579,5.559765621532465,4.186388911045771,6.820079367496119
cont,Ackley,17,BA,5000,med,0,30,0.03125,0.0016532542666409576,0.09211405994732372,5.700956670466579,5.559765621532465,4.186388911045771,6.820079367496119
cont,Ackley,17,BA,5000,hard,0,30,0.03125,0.0016532542666409576,0.09211405994732372,5.700956670466579,5.559765621532465,4.186388911045771,6.820079367496119
cont,Ackley,17,BA,8000,easy,0,30,0.03125,0.0016532542666409576,0.09211405994732372,5.631860187227354,5.9780210673274095,3.222760386786359,7.511610977899107
cont,Ackley,17,BA,8000,med,0,30,0.03125,0.0016532542666409576,0.09211405994732372,5.631860187227354,5.9780210673274095,3.222760386786359,7.511610977899107
cont,Ackley,17,BA,8000,hard,0,30,0.03125,0.0016532542666409576,0.09211405994732372,5.631860187227354,5.9780210673274095,3.222760386786359,7.511610977899107
cont,Ackley,17,BA,10000,easy,0,30,0.03125,0.0016532542666409576,0.09211405994732372,5.807757405353495,5.776047286038525,3.5742476352474495,7.767831500128423
cont,Ackley,17,BA,10000,med,0,30,0.03125,0.0016532542666409576,0.09211405994732372,5.807757405353495,5.776047286038525,3.5742476352474495,7.767831500128423
cont,Ackley,17,BA,10000,hard,0,30,0.03125,0.0016532542666409576,0.09211405994732372,5.807757405353495,5.776047286038525,3.5742476352474495,7.767831500128423
cont,Ackley,17,ES_1P1,2000,easy,11,30,0.375,0.24077485846609245,0.5182492532388523,1.3326739300983605,1.4006860679064759,3.203232923354449e-08,3.5742396156802134
cont,Ackley,17,ES_1P1,2000,med,11,30,0.375,0.24077485846609245,0.5182492532388523,1.3326739300983605,1.4006860679064759,3.203232923354449e-08,3.5742396156802134
cont,Ackley,17,ES_1P1,2000,hard,11,30,0.375,0.24077485846609245,0.5182492532388523,1.3326739300983605,1.4006860679064759,3.203232923354449e-08,3.5742396156802134
cont,Ackley,17,ES_1P1,5000,easy,15,30,0.5,0.3565721369616578,0.6434278630383421,0.8975762471150379,0.5775742513558346,1.1159961843532074e-12,3.222381916260034
cont,Ackley,17,ES_1P1,5000,med,15,30,0.5,0.3565721369616578,0.6434278630383421,0.8975762471150379,0.5775742513558346,1.1159961843532074e-12,3.222381916260034
cont,Ackley,17,ES_1P1,5000,hard,15,30,0.5,0.3565721369616578,0.6434278630383421,0.8975762471150379,0.5775742513558346,1.1159961843532074e-12,3.222381916260034
cont,Ackley,17,ES_1P1,8000,easy,7,30,0.25,0.1354005847583789,0.3826102309169821,1.6852203932403012,1.8297694346794544,1.1159961843532074e-12,5.473241697724642
cont,Ackley,17,ES_1P1,8000,med,7,30,0.25,0.1354005847583789,0.3826102309169821,1.6852203932403012,1.8297694346794544,1.1159961843532074e-12,5.473241697724642
cont,Ackley,17,ES_1P1,8000,hard,7,30,0.25,0.1354005847583789,0.3826102309169821,1.6852203932403012,1.8297694346794544,1.1159961843532074e-12,5.473241697724642
cont,Ackley,17,ES_1P1,10000,easy,10,30,0.34375,0.21336046293527158,0.485416074399548,1.421079172002001,1.6462236331031108,7.003286839335487e-13,3.404158349362277
cont,Ackley,17,ES_1P1,10000,med,10,30,0.34375,0.21336046293527158,0.485416074399548,1.421079172002001,1.6462236331031108,7.003286839335487e-13,3.404158349362277
cont,Ackley,17,ES_1P1,10000,hard,10,30,0.34375,0.21336046293527158,0.485416074399548,1.421079172002001,1.6462236331031108,7.003286839335487e-13,3.404158349362277
cont,Ackley,17,FA,2000,easy,0,30,0.03125,0.0016532542666409576,0.09211405994732372,6.157964654008484,6.088910034326744,5.382099320937378,7.123253666377169
cont,Ackley,17,FA,2000,med,0,30,0.03125,0.0016532542666409576,0.09211405994732372,6.157964654008484,6.088910034326744,5.382099320937378,7.123253666377169
cont,Ackley,17,FA,2000,hard,0,30,0.03125,0.0016532542666409576,0.09211405994732372,6.157964654008484,6.088910034326744,5.382099320937378,7.123253666377169
cont,Ackley,17,FA,5000,easy,0,30,0.03125,0.0016532542666409576,0.09211405994732372,5.79340044348785,5.783714533388318,4.710534463438254,6.738967720710065
cont,Ackley,17,FA,5000,med,0,30,0.03125,0.0016532542666409576,0.09211405994732372,5.79340044348785,5.783714533388318,4.710534463438254,6.738967720710065
cont,Ackley,17,FA,5000,hard,0,30,0.03125,0.0016532542666409576,0.09211405994732372,5.79340044348785,5.783714533388318,4.710534463438254,6.738967720710065
cont,Ackley,17,FA,8000,easy,0,30,0.03125,0.0016532542666409576,0.09211405994732372,5.533237408517122,5.554335743460735,4.636871892338732,6.424120099812164
cont,Ackley,17,FA,8000,med,0,30,0.03125,0.0016532542666409576,0.09211405994732372,5.533237408517122,5.554335743460735,4.636871892338732,6.424120099812164
cont,Ackley,17,FA,8000,hard,0,30,0.03125,0.0016532542666409576,0.09211405994732372,5.533237408517122,5.554335743460735,4.636871892338732,6.424120099812164
cont,Ackley,17,FA,10000,easy,0,30,0.03125,0.0016532542666409576,0.09211405994732372,5.366232820655796,5.428421241507104,4.069474894180857,5.9266877064955175
cont,Ackley,17,FA,10000,med,0,30,0.03125,0.0016532542666409576,0.09211405994732372,5.366232820655796,5.428421241507104,4.069474894180857,5.9266877064955175
cont,Ackley,17,FA,10000,hard,0,30,0.03125,0.0016532542666409576,0.09211405994732372,5.366232820655796,5.428421241507104,4.069474894180857,5.9266877064955175
cont,Ackley,17,GWO,2000,easy,3,30,0.125,0.04530017302264189,0.23150297514336832,0.7917941767892446,0.7310962238767122,0.08307887011887205,2.3926501771253723
cont,Ackley,17,GWO,2000,med,0,30,0.03125,0.0016532542666409576,0.09211405994732372,0.7917941767892446,0.7310962238767122,0.08307887011887205,2.3926501771253723
cont,Ackley,17,GWO,2000,hard,0,30,0.03125,0.0016532542666409576,0.09211405994732372,0.7917941767892446,0.7310962238767122,0.08307887011887205,2.3926501771253723
cont,Ackley,17,GWO,5000,easy,9,30,0.3125,0.18662163557046532,0.4519044172193684,0.7151369058053642,0.7248147083612229,0.02867380588082513,2.3542672670424207
cont,Ackley,17,GWO,5000,med,0,30,0.03125,0.0016532542666409576,0.09211405994732372,0.7151369058053642,0.7248147083612229,0.02867380588082513,2.3542672670424207
cont,Ackley,17,GWO,5000,hard,0,30,0.03125,0.0016532542666409576,0.09211405994732372,0.7151369058053642,0.7248147083612229,0.02867380588082513,2.3542672670424207
cont,Ackley,17,GWO,8000,easy,8,30,0.28125,0.16061109125637793,0.4176603337442609,0.7631621750756042,0.7697996841577806,0.022868895916577703,1.9011851762808196
cont,Ackley,17,GWO,8000,med,0,30,0.03125,0.0016532542666409576,0.09211405994732372,0.7631621750756042,0.7697996841577806,0.022868895916577703,1.9011851762808196
cont,Ackley,17,GWO,8000,hard,0,30,0.03125,0.0016532542666409576,0.09211405994732372,0.7631621750756042,0.7697996841577806,0.022868895916577703,1.9011851762808196
cont,Ackley,17,GWO,10000,easy,5,30,0.1875,0.08781446714324878,0.30964351535764695,0.8654776528534524,0.854809518562162,0.019402874838775563,1.9384248968599889
cont,Ackley,17,GWO,10000,med,0,30,0.03125,0.0016532542666409576,0.09211405994732372,0.8654776528534524,0.854809518562162,0.019402874838775563,1.9384248968599889
cont,Ackley,17,GWO,10000,hard,0,30,0.03125,0.0016532542666409576,0.09211405994732372,0.8654776528534524,0.854809518562162,0.019402874838775563,1.9384248968599889
cont,Ackley,17,MFO,2000,easy,0,30,0.03125,0.0016532542666409576,0.09211405994732372,4.059681841197315,3.9596941962427294,2.522035327781101,5.7822890541947345
cont,Ackley,17,MFO,2000,med,0,30,0.03125,0.0016532542666409576,0.09211405994732372,4.059681841197315,3.9596941962427294,2.522035327781101,5.7822890541947345
cont,Ackley,17,MFO,2000,hard,0,30,0.03125,0.0016532542666409576,0.09211405994732372,4.059681841197315,3.9596941962427294,2.522035327781101,5.7822890541947345
cont,Ackley,17,MFO,5000,easy,0,30,0.03125,0.0016532542666409576,0.09211405994732372,3.559913238722929,3.426343242703745,2.006882240281119,6.224790942524901
cont,Ackley,17,MFO,5000,med,0,30,0.03125,0.0016532542666409576,0.09211405994732372,3.559913238722929,3.426343242703745,2.006882240281119,6.224790942524901
cont,Ackley,17,MFO,5000,hard,0,30,0.03125,0.0016532542666409576,0.09211405994732372,3.559913238722929,3.426343242703745,2.006882240281119,6.224790942524901
cont,Ackley,17,MFO,8000,easy,0,30,0.03125,0.0016532542666409576,0.09211405994732372,3.6793358132828673,3.5773467114572584,1.488396495002672,6.049913875246002
cont,Ackley,17,MFO,8000,med,0,30,0.03125,0.0016532542666409576,0.09211405994732372,3.6793358132828673,3.5773467114572584,1.488396495002672,6.049913875246002
cont,Ackley,17,MFO,8000,hard,0,30,0.03125,0.0016532542666409576,0.09211405994732372,3.6793358132828673,3.5773467114572584,1.488396495002672,6.049913875246002
cont,Ackley,17,MFO,10000,easy,0,30,0.03125,0.0016532542666409576,0.09211405994732372,3.5760639227895314,3.5811009920034462,2.2294448263235265,4.779441779071242
cont,Ackley,17,MFO,10000,med,0,30,0.03125,0.0016532542666409576,0.09211405994732372,3.5760639227895314,3.5811009920034462,2.2294448263235265,4.779441779071242
cont,Ackley,17,MFO,10000,hard,0,30,0.03125,0.0016532542666409576,0.09211405994732372,3.5760639227895314,3.5811009920034462,2.2294448263235265,4.779441779071242
cont,Ackley,17,PSO_GBEST,2000,easy,14,30,0.46875,0.3267393648975071,0.6130177450552665,0.3403282675920329,0.1179734687779459,0.032592393781801565,3.411654406018567
cont,Ackley,17,PSO_GBEST,2000,med,0,30,0.03125,0.0016532542666409576,0.09211405994732372,0.3403282675920329,0.1179734687779459,0.032592393781801565,3.411654406018567
cont,Ackley,17,PSO_GBEST,2000,hard,0,30,0.03125,0.0016532542666409576,0.09211405994732372,0.3403282675920329,0.1179734687779459,0.032592393781801565,3.411654406018567
cont,Ackley,17,PSO_GBEST,5000,easy,24,30,0.78125,0.6533474562111927,0.8889112287407399,0.5758077933033916,0.0001608510372954619,6.553386295538033e-05,4.6771341916076565
cont,Ackley,17,PSO_GBEST,5000,med,24,30,0.78125,0.6533474562111927,0.8889112287407399,0.5758077933033916,0.0001608510372954619,6.553386295538033e-05,4.6771341916076565
cont,Ackley,17,PSO_GBEST,5000,hard,24,30,0.78125,0.6533474562111927,0.8889112287407399,0.5758077933033916,0.0001608510372954619,6.553386295538033e-05,4.6771341916076565
cont,Ackley,17,PSO_GBEST,8000,easy,21,30,0.6875,0.5480955827806314,0.8133783644295347,0.7190449072090253,7.816294638196553e-07,1.3936303533412797e-07,3.7335684980619672
cont,Ackley,17,PSO_GBEST,8000,med,21,30,0.6875,0.5480955827806314,0.8133783644295347,0.7190449072090253,7.816294638196553e-07,1.3936303533412797e-07,3.7335684980619672
cont,Ackley,17,PSO_GBEST,8000,hard,21,30,0.6875,0.5480955827806314,0.8133783644295347,0.7190449072090253,7.816294638196553e-07,1.3936303533412797e-07,3.7335684980619672
cont,Ackley,17,PSO_GBEST,10000,easy,25,30,0.8125,0.690356484642353,0.9121855328567512,0.41518208765329756,8.511362725727167e-09,7.569096460713354e-10,3.7335684956339077
cont,Ackley,17,PSO_GBEST,10000,med,25,30,0.8125,0.690356484642353,0.9121855328567512,0.41518208765329756,8.511362725727167e-09,7.569096460713354e-10,3.7335684956339077
cont,Ackley,17,PSO_GBEST,10000,hard,25,30,0.8125,0.690356484642353,0.9121855328567512,0.41518208765329756,8.511362725727167e-09,7.569096460713354e-10,3.7335684956339077
cont,Ackley,17,WOA,2000,easy,0,30,0.03125,0.0016532542666409576,0.09211405994732372,2.5685334368915673,2.5427057433780225,0.3805244651417721,5.314877769450717
cont,Ackley,17,WOA,2000,med,0,30,0.03125,0.0016532542666409576,0.09211405994732372,2.5685334368915673,2.5427057433780225,0.3805244651417721,5.314877769450717
cont,Ackley,17,WOA,2000,hard,0,30,0.03125,0.0016532542666409576,0.09211405994732372,2.5685334368915673,2.5427057433780225,0.3805244651417721,5.314877769450717
cont,Ackley,17,WOA,5000,easy,2,30,0.09375,0.02690011969114915,0.18946446742553866,2.469748117693909,2.586863366712891,0.055035421714418664,5.093692126207923
cont,Ackley,17,WOA,5000,med,0,30,0.03125,0.0016532542666409576,0.09211405994732372,2.469748117693909,2.586863366712891,0.055035421714418664,5.093692126207923
cont,Ackley,17,WOA,5000,hard,0,30,0.03125,0.0016532542666409576,0.09211405994732372,2.469748117693909,2.586863366712891,0.055035421714418664,5.093692126207923
cont,Ackley,17,WOA,8000,easy,3,30,0.125,0.04530017302264189,0.23150297514336832,2.331919877394589,2.3496313911994524,0.026172137164430342,3.747625690018254
cont,Ackley,17,WOA,8000,med,0,30,0.03125,0.0016532542666409576,0.09211405994732372,2.331919877394589,2.3496313911994524,0.026172137164430342,3.747625690018254
cont,Ackley,17,WOA,8000,hard,0,30,0.03125,0.0016532542666409576,0.09211405994732372,2.331919877394589,2.3496313911994524,0.026172137164430342,3.747625690018254
cont,Ackley,17,WOA,10000,easy,1,30,0.0625,0.011585315861443594,0.14409039131834475,2.4348611566983007,2.580110446335308,0.02496341327671603,4.067511602761282
cont,Ackley,17,WOA,10000,med,0,30,0.03125,0.0016532542666409576,0.09211405994732372,2.4348611566983007,2.580110446335308,0.02496341327671603,4.067511602761282
cont,Ackley,17,WOA,10000,hard,0,30,0.03125,0.0016532542666409576,0.09211405994732372,2.4348611566983007,2.580110446335308,0.02496341327671603,4.067511602761282
cont,Ackley,18,ALO,2000,easy,0,30,0.03125,0.0016532542666409576,0.09211405994732372,7.412009684736608,7.329673444865675,5.884100581629415,8.807036105978606
cont,Ackley,18,ALO,2000,med,0,30,0.03125,0.0016532542666409576,0.09211405994732372,7.412009684736608,7.329673444865675,5.884100581629415,8.807036105978606
cont,Ackley,18,ALO,2000,hard,0,30,0.03125,0.0016532542666409576,0.09211405994732372,7.412009684736608,7.329673444865675,5.884100581629415,8.807036105978606
cont,Ackley,18,ALO,5000,easy,0,30,0.03125,0.0016532542666409576,0.09211405994732372,6.963956567402743,7.0079048410516025,4.800498981608985,8.49957060135247
cont,Ackley,18,ALO,5000,med,0,30,0.03125,0.0016532542666409576,0.09211405994732372,6.963956567402743,7.0079048410516025,4.800498981608985,8.49957060135247
cont,Ackley,18,ALO,5000,hard,0,30,0.03125,0.0016532542666409576,0.09211405994732372,6.963956567402743,7.0079048410516025,4.800498981608985,8.49957060135247
cont,Ackley,18,ALO,8000,easy,0,30,0.03125,0.0016532542666409576,0.09211405994732372,6.462605593867007,6.3809767566420525,5.076146473312384,8.186339209684816
cont,Ackley,18,ALO,8000,med,0,30,0.03125,0.0016532542666409576,0.09211405994732372,6.462605593867007,6.3809767566420525,5.076146473312384,8.186339209684816
cont,Ackley,18,ALO,8000,hard,0,30,0.03125,0.0016532542666409576,0.09211405994732372,6.462605593867007,6.3809767566420525,5.076146473312384,8.186339209684816
cont,Ackley,18,ALO,10000,easy,0,30,0.03125,0.0016532542666409576,0.09211405994732372,5.9955406743407735,6.13981730754508,4.4405176720702535,7.294229819746741
cont,Ackley,18,ALO,10000,med,0,30,0.03125,0.0016532542666409576,0.09211405994732372,5.9955406743407735,6.13981730754508,4.4405176720702535,7.294229819746741
cont,Ackley,18,ALO,10000,hard,0,30,0.03125,0.0016532542666409576,0.09211405994732372,5.9955406743407735,6.13981730754508,4.4405176720702535,7.294229819746741
cont,Ackley,18,BA,2000,easy,0,30,0.03125,0.0016532542666409576,0.09211405994732372,6.536991882076249,6.625628938813605,4.984646696655378,7.801639503250566
cont,Ackley,18,BA,2000,med,0,30,0.03125,0.0016532542666409576,0.09211405994732372,6.536991882076249,6.625628938813605,4.984646696655378,7.801639503250566
cont,Ackley,18,BA,2000,hard,0,30,0.03125,0.0016532542666409576,0.09211405994732372,6.536991882076249,6.625628938813605,4.984646696655378,7.801639503250566
cont,Ackley,18,BA,5000,easy,0,30,0.03125,0.0016532542666409576,0.09211405994732372,5.6992962963052785,5.588150504853001,3.1547072573468182,7.404900830998891
cont,Ackley,18,BA,5000,med,0,30,0.03125,0.0016532542666409576,0.09211405994732372,5.6992962963052785,5.588150504853001,3.1547072573468182,7.404900830998891
cont,Ackley,18,BA,5000,hard,0,30,0.03125,0.0016532542666409576,0.09211405994732372,5.6992962963052785,5.588150504853001,3.1547072573468182,7.404900830998891
cont,Ackley,18,BA,8000,easy,0,30,0.03125,0.0016532542666409576,0.09211405994732372,5.457154821650425,5.561367188922908,3.57425052840015,6.88260293633282
cont,Ackley,18,BA,8000,med,0,30,0.03125,0.0016532542666409576,0.09211405994732372,5.457154821650425,5.561367188922908,3.57425052840015,6.88260293633282
cont,Ackley,18,BA,8000,hard,0,30,0.03125,0.0016532542666409576,0.09211405994732372,5.457154821650425,5.561367188922908,3.57425052840015,6.88260293633282
cont,Ackley,18,BA,10000,easy,0,30,0.03125,0.0016532542666409576,0.09211405994732372,5.472332094289933,5.427438881778052,3.222387372571881,7.86590115332665
cont,Ackley,18,BA,10000,med,0,30,0.03125,0.0016532542666409576,0.09211405994732372,5.472332094289933,5.427438881778052,3.222387372571881,7.86590115332665
cont,Ackley,18,BA,10000,hard,0,30,0.03125,0.0016532542666409576,0.09211405994732372,5.472332094289933,5.427438881778052,3.222387372571881,7.86590115332665
cont,Ackley,18,ES_1P1,2000,easy,12,30,0.40625,0.2688262762232274,0.5504433740305475,1.0894557273062013,1.155148502709889,2.4408258969543795e-08,3.2223819162600305
cont,Ackley,18,ES_1P1,2000,med,12,30,0.40625,0.2688262762232274,0.5504433740305475,1.0894557273062013,1.155148502709889,2.4408258969543795e-08,3.2223819162600305
cont,Ackley,18,ES_1P1,2000,hard,12,30,0.40625,0.2688262762232274,0.5504433740305475,1.0894557273062013,1.155148502709889,2.4408258969543795e-08,3.2223819162600305
cont,Ackley,18,ES_1P1,5000,easy,12,30,0.40625,0.2688262762232274,0.5504433740305475,1.2321315978486254,1.6462236331031108,1.0946799022804043e-12,2.8143499807720684
cont,Ackley,18,ES_1P1,5000,med,12,30,0.40625,0.2688262762232274,0.5504433740305475,1.2321315978486254,1.6462236331031108,1.0946799022804043e-12,2.8143499807720684
cont,Ackley,18,ES_1P1,5000,hard,12,30,0.40625,0.2688262762232274,0.5504433740305475,1.2321315978486254,1.6462236331031108,1.0946799022804043e-12,2.8143499807720684
cont,Ackley,18,ES_1P1,8000,easy,9,30,0.3125,0.18662163557046532,0.4519044172193684,1.4283935759370543,1.6462236331031126,9.596767824859853e-13,4.298440501475973
cont,Ackley,18,ES_1P1,8000,med,9,30,0.3125,0.18662163557046532,0.4519044172193684,1.4283935759370543,1.6462236331031126,9.596767824859853e-13,4.298440501475973
cont,Ackley,18,ES_1P1,8000,hard,9,30,0.3125,0.18662163557046532,0.4519044172193684,1.4283935759370543,1.6462236331031126,9.596767824859853e-13,4.298440501475973
cont,Ackley,18,ES_1P1,10000,easy,11,30,0.375,0.24077485846609245,0.5182492532388523,1.2904385627960557,1.6462236331031126,1.1799450305716164e-12,3.8857582710994234
cont,Ackley,18,ES_1P1,10000,med,11,30,0.375,0.24077485846609245,0.5182492532388523,1.2904385627960557,1.6462236331031126,1.1799450305716164e-12,3.8857582710994234
cont,Ackley,18,ES_1P1,10000,hard,11,30,0.375,0.24077485846609245,0.5182492532388523,1.2904385627960557,1.6462236331031126,1.1799450305716164e-12,3.8857582710994234
cont,Ackley,18,FA,2000,easy,0,30,0.03125,0.0016532542666409576,0.09211405994732372,6.322754886618828,6.37899453008221,5.210513535329319,7.102826756566559
cont,Ackley,18,FA,2000,med,0,30,0.03125,0.0016532542666409576,0.09211405994732372,6.322754886618828,6.37899453008221,5.210513535329319,7.102826756566559
cont,Ackley,18,FA,2000,hard,0,30,0.03125,0.0016532542666409576,0.09211405994732372,6.322754886618828,6.37899453008221,5.210513535329319,7.102826756566559
cont,Ackley,18,FA,5000,easy,0,30,0.03125,0.0016532542666409576,0.09211405994732372,5.633189122999583,5.6476886849783146,4.020435635223652,6.411507639493205
cont,Ackley,18,FA,5000,med,0,30,0.03125,0.0016532542666409576,0.09211405994732372,5.633189122999583,5.6476886849783146,4.020435635223652,6.411507639493205
cont,Ackley,18,FA,5000,hard,0,30,0.03125,0.0016532542666409576,0.09211405994732372,5.633189122999583,5.6476886849783146,4.020435635223652,6.411507639493205
cont,Ackley,18,FA,8000,easy,0,30,0.03125,0.0016532542666409576,0.09211405994732372,5.514343485559436,5.670367686086882,4.071650265320791,6.194018499904583
cont,Ackley,18,FA,8000,med,0,30,0.03125,0.0016532542666409576,0.09211405994732372,5.514343485559436,5.670367686086882,4.071650265320791,6.194018499904583
cont,Ackley,18,FA,8000,hard,0,30,0.03125,0.0016532542666409576,0.09211405994732372,5.514343485559436,5.670367686086882,4.071650265320791,6.194018499904583
cont,Ackley,18,FA,10000,easy,0,30,0.03125,0.0016532542666409576,0.09211405994732372,5.42715948300868,5.465067091811635,4.490678011865857,6.566563496383797
cont,Ackley,18,FA,10000,med,0,30,0.03125,0.0016532542666409576,0.09211405994732372,5.42715948300868,5.465067091811635,4.490678011865857,6.566563496383797
cont,Ackley,18,FA,10000,hard,0,30,0.03125,0.0016532542666409576,0.09211405994732372,5.42715948300868,5.465067091811635,4.490678011865857,6.566563496383797
cont,Ackley,18,GWO,2000,easy,0,30,0.03125,0.0016532542666409576,0.09211405994732372,0.5428505864222337,0.44685118008331814,0.10259014416481849,1.3767154499610865
cont,Ackley,18,GWO,2000,med,0,30,0.03125,0.0016532542666409576,0.09211405994732372,0.5428505864222337,0.44685118008331814,0.10259014416481849,1.3767154499610865
cont,Ackley,18,GWO,2000,hard,0,30,0.03125,0.0016532542666409576,0.09211405994732372,0.5428505864222337,0.44685118008331814,0.10259014416481849,1.3767154499610865
cont,Ackley,18,GWO,5000,easy,0,30,0.03125,0.0016532542666409576,0.09211405994732372,0.5049669347314677,0.3266746881160931,0.1459489786309658,1.5411956795950812
cont,Ackley,18,GWO,5000,med,0,30,0.03125,0.0016532542666409576,0.09211405994732372,0.5049669347314677,0.3266746881160931,0.1459489786309658,1.5411956795950812
cont,Ackley,18,GWO,5000,hard,0,30,0.03125,0.0016532542666409576,0.09211405994732372,0.5049669347314677,0.3266746881160931,0.1459489786309658,1.5411956795950812
cont,Ackley,18,GWO,8000,easy,0,30,0.03125,0.0016532542666409576,0.09211405994732372,0.6468111488441975,0.6310150302529078,0.24754074184025798,1.3979349169566793
cont,Ackley,18,GWO,8000,med,0,30,0.03125,0.0016532542666409576,0.09211405994732372,0.6468111488441975,0.6310150302529078,0.24754074184025798,1.3979349169566793
cont,Ackley,18,GWO,8000,hard,0,30,0.03125,0.0016532542666409576,0.09211405994732372,0.6468111488441975,0.6310150302529078,0.24754074184025798,1.3979349169566793
cont,Ackley,18,GWO,10000,easy,0,30,0.03125,0.0016532542666409576,0.09211405994732372,0.8565863202146026,0.71163188608578,0.2498234023055379,3.6631476940478334
cont,Ackley,18,GWO,10000,med,0,30,0.03125,0.0016532542666409576,0.09211405994732372,0.8565863202146026,0.71163188608578,0.2498234023055379,3.6631476940478334
cont,Ackley,18,GWO,10000,hard,0,30,0.03125,0.0016532542666409576,0.09211405994732372,0.8565863202146026,0.71163188608578,0.2498234023055379,3.6631476940478334
cont,Ackley,18,MFO,2000,easy,0,30,0.03125,0.0016532542666409576,0.09211405994732372,4.05226186147109,4.219124838108204,2.1493305202390265,6.138526926014865
cont,Ackley,18,MFO,2000,med,0,30,0.03125,0.0016532542666409576,0.09211405994732372,4.05226186147109,4.219124838108204,2.1493305202390265,6.138526926014865
cont,Ackley,18,MFO,2000,hard,0,30,0.03125,0.0016532542666409576,0.09211405994732372,4.05226186147109,4.219124838108204,2.1493305202390265,6.138526926014865
cont,Ackley,18,MFO,5000,easy,0,30,0.03125,0.0016532542666409576,0.09211405994732372,3.4359237631202983,3.5577600011179737,1.0507133657347372,5.163709973077367
cont,Ackley,18,MFO,5000,med,0,30,0.03125,0.0016532542666409576,0.09211405994732372,3.4359237631202983,3.5577600011179737,1.0507133657347372,5.163709973077367
cont,Ackley,18,MFO,5000,hard,0,30,0.03125,0.0016532542666409576,0.09211405994732372,3.4359237631202983,3.5577600011179737,1.0507133657347372,5.163709973077367
cont,Ackley,18,MFO,8000,easy,0,30,0.03125,0.0016532542666409576,0.09211405994732372,3.378797102525365,3.180212893039457,1.710896860853652,5.629459555741974
cont,Ackley,18,MFO,8000,med,0,30,0.03125,0.0016532542666409576,0.09211405994732372,3.378797102525365,3.180212893039457,1.710896860853652,5.629459555741974
cont,Ackley,18,MFO,8000,hard,0,30,0.03125,0.0016532542666409576,0.09211405994732372,3.378797102525365,3.180212893039457,1.710896860853652,5.629459555741974
cont,Ackley,18,MFO,10000,easy,0,30,0.03125,0.0016532542666409576,0.09211405994732372,3.081652278266638,3.0804386676566673,1.2648425820678892,4.770066803922063
cont,Ackley,18,MFO,10000,med,0,30,0.03125,0.0016532542666409576,0.09211405994732372,3.081652278266638,3.0804386676566673,1.2648425820678892,4.770066803922063
cont,Ackley,18,MFO,10000,hard,0,30,0.03125,0.0016532542666409576,0.09211405994732372,3.081652278266638,3.0804386676566673,1.2648425820678892,4.770066803922063
cont,Ackley,18,PSO_GBEST,2000,easy,12,30,0.40625,0.2688262762232274,0.5504433740305475,0.5584357312472423,0.11917872846881439,0.05218140807087268,3.901568244384937
cont,Ackley,18,PSO_GBEST,2000,med,0,30,0.03125,0.0016532542666409576,0.09211405994732372,0.5584357312472423,0.11917872846881439,0.05218140807087268,3.901568244384937
cont,Ackley,18,PSO_GBEST,2000,hard,0,30,0.03125,0.0016532542666409576,0.09211405994732372,0.5584357312472423,0.11917872846881439,0.05218140807087268,3.901568244384937
cont,Ackley,18,PSO_GBEST,5000,easy,28,30,0.90625,0.8105355325744613,0.9730998803088509,0.11585599987092658,0.00020941465361667966,3.3682906523058165e-05,2.3147665774305968
cont,Ackley,18,PSO_GBEST,5000,med,28,30,0.90625,0.8105355325744613,0.9730998803088509,0.11585599987092658,0.00020941465361667966,3.3682906523058165e-05,2.3147665774305968
cont,Ackley,18,PSO_GBEST,5000,hard,28,30,0.90625,0.8105355325744613,0.9730998803088509,0.11585599987092658,0.00020941465361667966,3.3682906523058165e-05,2.3147665774305968
cont,Ackley,18,PSO_GBEST,8000,easy,28,30,0.90625,0.8105355325744613,0.9730998803088509,0.2117741244412785,3.256076639424066e-07,6.242009620294198e-08,3.6340169869532457
cont,Ackley,18,PSO_GBEST,8000,med,28,30,0.90625,0.8105355325744613,0.9730998803088509,0.2117741244412785,3.256076639424066e-07,6.242009620294198e-08,3.6340169869532457
cont,Ackley,18,PSO_GBEST,8000,hard,28,30,0.90625,0.8105355325744613,0.9730998803088509,0.2117741244412785,3.256076639424066e-07,6.242009620294198e-08,3.6340169869532457
cont,Ackley,18,PSO_GBEST,10000,easy,27,30,0.875,0.7684970248566316,0.9546998269773581,0.22293139879843066,8.367692760913314e-09,1.7297741017330281e-09,2.813596980233957
cont,Ackley,18,PSO_GBEST,10000,med,27,30,0.875,0.7684970248566316,0.9546998269773581,0.22293139879843066,8.367692760913314e-09,1.7297741017330281e-09,2.813596980233957
cont,Ackley,18,PSO_GBEST,10000,hard,27,30,0.875,0.7684970248566316,0.9546998269773581,0.22293139879843066,8.367692760913314e-09,1.7297741017330281e-09,2.813596980233957
cont,Ackley,18,WOA,2000,easy,0,30,0.03125,0.0016532542666409576,0.09211405994732372,2.340784074474849,2.654443661171611,0.2344722149502343,3.7459242188494106
cont,Ackley,18,WOA,2000,med,0,30,0.03125,0.0016532542666409576,0.09211405994732372,2.340784074474849,2.654443661171611,0.2344722149502343,3.7459242188494106
cont,Ackley,18,WOA,2000,hard,0,30,0.03125,0.0016532542666409576,0.09211405994732372,2.340784074474849,2.654443661171611,0.2344722149502343,3.7459242188494106
cont,Ackley,18,WOA,5000,easy,0,30,0.03125,0.0016532542666409576,0.09211405994732372,1.7846119726727776,1.7122153675918175,0.12342654470777292,3.442628676828129
cont,Ackley,18,WOA,5000,med,0,30,0.03125,0.0016532542666409576,0.09211405994732372,1.7846119726727776,1.7122153675918175,0.12342654470777292,3.442628676828129
cont,Ackley,18,WOA,5000,hard,0,30,0.03125,0.0016532542666409576,0.09211405994732372,1.7846119726727776,1.7122153675918175,0.12342654470777292,3.442628676828129
cont,Ackley,18,WOA,8000,easy,2,30,0.09375,0.02690011969114915,0.18946446742553866,1.5737797888114218,1.6706883654348421,0.06232572903867295,4.183565919544531
cont,Ackley,18,WOA,8000,med,0,30,0.03125,0.0016532542666409576,0.09211405994732372,1.5737797888114218,1.6706883654348421,0.06232572903867295,4.183565919544531
cont,Ackley,18,WOA,8000,hard,0,30,0.03125,0.0016532542666409576,0.09211405994732372,1.5737797888114218,1.6706883654348421,0.06232572903867295,4.183565919544531
cont,Ackley,18,WOA,10000,easy,3,30,0.125,0.04530017302264189,0.23150297514336832,1.691130170960006,2.020940904158533,0.0565632757348955,3.406780231860712
cont,Ackley,18,WOA,10000,med,0,30,0.03125,0.0016532542666409576,0.09211405994732372,1.691130170960006,2.020940904158533,0.0565632757348955,3.406780231860712
cont,Ackley,18,WOA,10000,hard,0,30,0.03125,0.0016532542666409576,0.09211405994732372,1.691130170960006,2.020940904158533,0.0565632757348955,3.406780231860712
cont,Griewank,2,ALO,2000,easy,0,30,0.03125,0.0016532542666409576,0.09211405994732372,0.8844915183790601,0.9009009857146206,0.6312423463241464,0.9901789314513608
cont,Griewank,2,ALO,2000,med,0,30,0.03125,0.0016532542666409576,0.09211405994732372,0.8844915183790601,0.9009009857146206,0.6312423463241464,0.9901789314513608
cont,Griewank,2,ALO,2000,hard,0,30,0.03125,0.0016532542666409576,0.09211405994732372,0.8844915183790601,0.9009009857146206,0.6312423463241464,0.9901789314513608
cont,Griewank,2,ALO,5000,easy,0,30,0.03125,0.0016532542666409576,0.09211405994732372,0.8394919182783539,0.8576651903087902,0.5633794920659787,0.9820106485056743
cont,Griewank,2,ALO,5000,med,0,30,0.03125,0.0016532542666409576,0.09211405994732372,0.8394919182783539,0.8576651903087902,0.5633794920659787,0.9820106485056743
cont,Griewank,2,ALO,5000,hard,0,30,0.03125,0.0016532542666409576,0.09211405994732372,0.8394919182783539,0.8576651903087902,0.5633794920659787,0.9820106485056743
cont,Griewank,2,ALO,8000,easy,0,30,0.03125,0.0016532542666409576,0.09211405994732372,0.8137214392418587,0.8503032529215969,0.4030376524581669,0.9955699582068293
cont,Griewank,2,ALO,8000,med,0,30,0.03125,0.0016532542666409576,0.09211405994732372,0.8137214392418587,0.8503032529215969,0.4030376524581669,0.9955699582068293
cont,Griewank,2,ALO,8000,hard,0,30,0.03125,0.0016532542666409576,0.09211405994732372,0.8137214392418587,0.8503032529215969,0.4030376524581669,0.9955699582068293
cont,Griewank,2,ALO,10000,easy,0,30,0.03125,0.0016532542666409576,0.09211405994732372,0.7440534760364371,0.7857486334536505,0.19036444434280086,0.9808389975159922
cont,Griewank,2,ALO,10000,med,0,30,0.03125,0.0016532542666409576,0.09211405994732372,0.7440534760364371,0.7857486334536505,0.19036444434280086,0.9808389975159922
cont,Griewank,2,ALO,10000,hard,0,30,0.03125,0.0016532542666409576,0.09211405994732372,0.7440534760364371,0.7857486334536505,0.19036444434280086,0.9808389975159922
cont,Griewank,2,BA,2000,easy,0,30,0.03125,0.0016532542666409576,0.09211405994732372,0.850617731970779,0.8776825641873252,0.5607615479975243,0.9766999888694337
cont,Griewank,2,BA,2000,med,0,30,0.03125,0.0016532542666409576,0.09211405994732372,0.850617731970779,0.8776825641873252,0.5607615479975243,0.9766999888694337
cont,Griewank,2,BA,2000,hard,0,30,0.03125,0.0016532542666409576,0.09211405994732372,0.850617731970779,0.8776825641873252,0.5607615479975243,0.9766999888694337
cont,Griewank,2,BA,5000,easy,0,30,0.03125,0.0016532542666409576,0.09211405994732372,0.7115633388289248,0.7064847926183806,0.2719952083751964,0.9409821146853259
cont,Griewank,2,BA,5000,med,0,30,0.03125,0.0016532542666409576,0.09211405994732372,0.7115633388289248,0.7064847926183806,0.2719952083751964,0.9409821146853259
cont,Griewank,2,BA,5000,hard,0,30,0.03125,0.0016532542666409576,0.09211405994732372,0.7115633388289248,0.7064847926183806,0.2719952083751964,0.9409821146853259
cont,Griewank,2,BA,8000,easy,0,30,0.03125,0.0016532542666409576,0.09211405994732372,0.6224758396174154,0.6490350111676377,0.264828928123497,0.8818746051822983
cont,Griewank,2,BA,8000,med,0,30,0.03125,0.0016532542666409576,0.09211405994732372,0.6224758396174154,0.6490350111676377,0.264828928123497,0.8818746051822983
cont,Griewank,2,BA,8000,hard,0,30,0.03125,0.0016532542666409576,0.09211405994732372,0.6224758396174154,0.6490350111676377,0.264828928123497,0.8818746051822983
cont,Griewank,2,BA,10000,easy,0,30,0.03125,0.0016532542666409576,0.09211405994732372,0.5371129766294663,0.535528712439177,0.1847742710895227,0.8682926385230627
cont,Griewank,2,BA,10000,med,0,30,0.03125,0.0016532542666409576,0.09211405994732372,0.5371129766294663,0.535528712439177,0.1847742710895227,0.8682926385230627
cont,Griewank,2,BA,10000,hard,0,30,0.03125,0.0016532542666409576,0.09211405994732372,0.5371129766294663,0.535528712439177,0.1847742710895227,0.8682926385230627
cont,Griewank,2,ES_1P1,2000,easy,23,30,0.75,0.6173897690830179,0.8645994152416211,0.10044728515215855,0.032006069498713985,0.0,0.5283532532013875
cont,Griewank,2,ES_1P1,2000,med,9,30,0.3125,0.18662163557046532,0.4519044172193684,0.10044728515215855,0.032006069498713985,0.0,0.5283532532013875
cont,Griewank,2,ES_1P1,2000,hard,2,30,0.09375,0.02690011969114915,0.18946446742553866,0.10044728515215855,0.032006069498713985,0.0,0.5283532532013875
cont,Griewank,2,ES_1P1,5000,easy,15,30,0.5,0.3565721369616578,0.6434278630383421,0.21097549447339847,0.08743480132334996,0.007396040334115339,0.7870886036881585
cont,Griewank,2,ES_1P1,5000,med,1,30,0.0625,0.011585315861443594,0.14409039131834475,0.21097549447339847,0.08743480132334996,0.007396040334115339,0.7870886036881585
cont,Griewank,2,ES_1P1,5000,hard,0,30,0.03125,0.0016532542666409576,0.09211405994732372,0.21097549447339847,0.08743480132334996,0.007396040334115339,0.7870886036881585
cont,Griewank,2,ES_1P1,8000,easy,17,30,0.5625,0.417973431326673,0.7025127599090644,0.1609017925594294,0.0893103494438871,0.007396040334115006,0.5108396787991095
cont,Griewank,2,ES_1P1,8000,med,1,30,0.0625,0.011585315861443594,0.14409039131834475,0.1609017925594294,0.0893103494438871,0.007396040334115006,0.5108396787991095
cont,Griewank,2,ES_1P1,8000,hard,0,30,0.03125,0.0016532542666409576,0.09211405994732372,0.1609017925594294,0.0893103494438871,0.007396040334115006,0.5108396787991095
cont,Griewank,2,ES_1P1,10000,easy,14,30,0.46875,0.3267393648975071,0.6130177450552665,0.18612051425449744,0.12108728122171863,0.014772407722823067,0.6888703890276426
cont,Griewank,2,ES_1P1,10000,med,0,30,0.03125,0.0016532542666409576,0.09211405994732372,0.18612051425449744,0.12108728122171863,0.014772407722823067,0.6888703890276426
cont,Griewank,2,ES_1P1,10000,hard,0,30,0.03125,0.0016532542666409576,0.09211405994732372,0.18612051425449744,0.12108728122171863,0.014772407722823067,0.6888703890276426
cont,Griewank,2,FA,2000,easy,0,30,0.03125,0.0016532542666409576,0.09211405994732372,0.742593621208147,0.7807107058038496,0.4295694450357571,0.8682964675327487
cont,Griewank,2,FA,2000,med,0,30,0.03125,0.0016532542666409576,0.09211405994732372,0.742593621208147,0.7807107058038496,0.4295694450357571,0.8682964675327487
cont,Griewank,2,FA,2000,hard,0,30,0.03125,0.0016532542666409576,0.09211405994732372,0.742593621208147,0.7807107058038496,0.4295694450357571,0.8682964675327487
cont,Griewank,2,FA,5000,easy,0,30,0.03125,0.0016532542666409576,0.09211405994732372,0.6877021980649864,0.6902488541435586,0.4917768808267272,0.8076418450734205
cont,Griewank,2,FA,5000,med,0,30,0.03125,0.0016532542666409576,0.09211405994732372,0.6877021980649864,0.6902488541435586,0.4917768808267272,0.8076418450734205
cont,Griewank,2,FA,5000,hard,0,30,0.03125,0.0016532542666409576,0.09211405994732372,0.6877021980649864,0.6902488541435586,0.4917768808267272,0.8076418450734205
cont,Griewank,2,FA,8000,easy,0,30,0.03125,0.0016532542666409576,0.09211405994732372,0.617653224197393,0.6308556709584774,0.3821344471211259,0.7992334836378681
cont,Griewank,2,FA,8000,med,0,30,0.03125,0.0016532542666409576,0.09211405994732372,0.617653224197393,0.6308556709584774,0.3821344471211259,0.7992334836378681
cont,Griewank,2,FA,8000,hard,0,30,0.03125,0.0016532542666409576,0.09211405994732372,0.617653224197393,0.6308556709584774,0.3821344471211259,0.7992334836378681
cont,Griewank,2,FA,10000,easy,0,30,0.03125,0.0016532542666409576,0.09211405994732372,0.6003161535421526,0.6160860010104754,0.280843291031438,0.7535115769114229
cont,Griewank,2,FA,10000,med,0,30,0.03125,0.0016532542666409576,0.09211405994732372,0.6003161535421526,0.6160860010104754,0.280843291031438,0.7535115769114229
cont,Griewank,2,FA,10000,hard,0,30,0.03125,0.0016532542666409576,0.09211405994732372,0.6003161535421526,0.6160860010104754,0.280843291031438,0.7535115769114229
cont,Griewank,2,GWO,2000,easy,21,30,0.6875,0.5480955827806314,0.8133783644295347,0.09731300105148111,0.04578258032790733,0.0157612872204711,0.4607022912640919
cont,Griewank,2,GWO,2000,med,0,30,0.03125,0.0016532542666409576,0.09211405994732372,0.09731300105148111,0.04578258032790733,0.0157612872204711,0.4607022912640919
cont,Griewank,2,GWO,2000,hard,0,30,0.03125,0.0016532542666409576,0.09211405994732372,0.09731300105148111,0.04578258032790733,0.0157612872204711,0.4607022912640919
cont,Griewank,2,GWO,5000,easy,28,30,0.90625,0.8105355325744613,0.9730998803088509,0.054798814423731704,0.04294497554984639,0.01162156382213042,0.28971865322949597
cont,Griewank,2,GWO,5000,med,0,30,0.03125,0.0016532542666409576,0.09211405994732372,0.054798814423731704,0.04294497554984639,0.01162156382213042,0.28971865322949597
cont,Griewank,2,GWO,5000,hard,0,30,0.03125,0.0016532542666409576,0.09211405994732372,0.054798814423731704,0.04294497554984639,0.01162156382213042,0.28971865322949597
cont,Griewank,2,GWO,8000,easy,21,30,0.6875,0.5480955827806314,0.8133783644295347,0.11209523305037188,0.05648279505000797,0.018142403550018393,0.6270306128618717
cont,Griewank,2,GWO,8000,med,0,30,0.03125,0.0016532542666409576,0.09211405994732372,0.11209523305037188,0.05648279505000797,0.018142403550018393,0.6270306128618717
cont,Griewank,2,GWO,8000,hard,0,30,0.03125,0.0016532542666409576,0.09211405994732372,0.11209523305037188,0.05648279505000797,0.018142403550018393,0.6270306128618717
cont,Griewank,2,GWO,10000,easy,26,30,0.84375,0.7286288184424853,0.9342195294539822,0.06432512071527388,0.04380396334679165,0.00941073360683431,0.2980285150494123
cont,Griewank,2,GWO,10000,med,1,30,0.0625,0.011585315861443594,0.14409039131834475,0.06432512071527388,0.04380396334679165,0.00941073360683431,0.2980285150494123
cont,Griewank,2,GWO,10000,hard,0,30,0.03125,0.0016532542666409576,0.09211405994732372,0.06432512071527388,0.04380396334679165,0.00941073360683431,0.2980285150494123
cont,Griewank,2,MFO,2000,easy,0,30,0.03125,0.0016532542666409576,0.09211405994732372,0.4642328637195984,0.44159354560105696,0.23365638082154983,0.7801774630471834
cont,Griewank,2,MFO,2000,med,0,30,0.03125,0.0016532542666409576,0.09211405994732372,0.4642328637195984,0.44159354560105696,0.23365638082154983,0.7801774630471834
cont,Griewank,2,MFO,2000,hard,0,30,0.03125,0.0016532542666409576,0.09211405994732372,0.4642328637195984,0.44159354560105696,0.23365638082154983,0.7801774630471834
cont,Griewank,2,MFO,5000,easy,1,30,0.0625,0.011585315861443594,0.14409039131834475,0.32143019367556647,0.29242448292244516,0.0625950757540309,0.6206521392531064
cont,Griewank,2,MFO,5000,med,0,30,0.03125,0.0016532542666409576,0.09211405994732372,0.32143019367556647,0.29242448292244516,0.0625950757540309,0.6206521392531064
cont,Griewank,2,MFO,5000,hard,0,30,0.03125,0.0016532542666409576,0.09211405994732372,0.32143019367556647,0.29242448292244516,0.0625950757540309,0.6206521392531064
cont,Griewank,2,MFO,8000,easy,1,30,0.0625,0.011585315861443594,0.14409039131834475,0.28678041374086105,0.28258199795629957,0.09452610806328154,0.573401630606055
cont,Griewank,2,MFO,8000,med,0,30,0.03125,0.0016532542666409576,0.09211405994732372,0.28678041374086105,0.28258199795629957,0.09452610806328154,0.573401630606055
cont,Griewank,2,MFO,8000,hard,0,30,0.03125,0.0016532542666409576,0.09211405994732372,0.28678041374086105,0.28258199795629957,0.09452610806328154,0.573401630606055
cont,Griewank,2,MFO,10000,easy,3,30,0.125,0.04530017302264189,0.23150297514336832,0.2518323245955665,0.22683593322193435,0.032341326235828416,0.514884706384533
cont,Griewank,2,MFO,10000,med,0,30,0.03125,0.0016532542666409576,0.09211405994732372,0.2518323245955665,0.22683593322193435,0.032341326235828416,0.514884706384533
cont,Griewank,2,MFO,10000,hard,0,30,0.03125,0.0016532542666409576,0.09211405994732372,0.2518323245955665,0.22683593322193435,0.032341326235828416,0.514884706384533
cont,Griewank,2,PSO_GBEST,2000,easy,16,30,0.53125,0.3869822549447333,0.6732606351024929,0.11379604072555963,0.0954542431774989,0.00015545402274685927,0.5847520711522537
cont,Griewank,2,PSO_GBEST,2000,med,2,30,0.09375,0.02690011969114915,0.18946446742553866,0.11379604072555963,0.0954542431774989,0.00015545402274685927,0.5847520711522537
cont,Griewank,2,PSO_GBEST,2000,hard,1,30,0.0625,0.011585315861443594,0.14409039131834475,0.11379604072555963,0.0954542431774989,0.00015545402274685927,0.5847520711522537
cont,Griewank,2,PSO_GBEST,5000,easy,21,30,0.6875,0.5480955827806314,0.8133783644295347,0.09438461835636083,0.0714549642354721,0.009857292143829577,0.29084893218860774
cont,Griewank,2,PSO_GBEST,5000,med,1,30,0.0625,0.011585315861443594,0.14409039131834475,0.09438461835636083,0.0714549642354721,0.009857292143829577,0.29084893218860774
cont,Griewank,2,PSO_GBEST,5000,hard,0,30,0.03125,0.0016532542666409576,0.09211405994732372,0.09438461835636083,0.0714549642354721,0.009857292143829577,0.29084893218860774
cont,Griewank,2,PSO_GBEST,8000,easy,17,30,0.5625,0.417973431326673,0.7025127599090644,0.14403353568658434,0.060980488550637924,0.007396040334116893,0.5898847586899001
cont,Griewank,2,PSO_GBEST,8000,med,2,30,0.09375,0.02690011969114915,0.18946446742553866,0.14403353568658434,0.060980488550637924,0.007396040334116893,0.5898847586899001
cont,Griewank,2,PSO_GBEST,8000,hard,0,30,0.03125,0.0016532542666409576,0.09211405994732372,0.14403353568658434,0.060980488550637924,0.007396040334116893,0.5898847586899001
cont,Griewank,2,PSO_GBEST,10000,easy,22,30,0.71875,0.5823396662557391,0.8393889087436222,0.08652360990543878,0.04127627078229523,0.0,0.5892785548233778
cont,Griewank,2,PSO_GBEST,10000,med,6,30,0.21875,0.11108877125926007,0.3466525437888071,0.08652360990543878,0.04127627078229523,0.0,0.5892785548233778
cont,Griewank,2,PSO_GBEST,10000,hard,3,30,0.125,0.04530017302264189,0.23150297514336832,0.08652360990543878,0.04127627078229523,0.0,0.5892785548233778
cont,Griewank,2,WOA,2000,easy,15,30,0.5,0.3565721369616578,0.6434278630383421,0.13575781564307252,0.09922852870939403,0.017942594948266666,0.39234945008243216
cont,Griewank,2,WOA,2000,med,0,30,0.03125,0.0016532542666409576,0.09211405994732372,0.13575781564307252,0.09922852870939403,0.017942594948266666,0.39234945008243216
cont,Griewank,2,WOA,2000,hard,0,30,0.03125,0.0016532542666409576,0.09211405994732372,0.13575781564307252,0.09922852870939403,0.017942594948266666,0.39234945008243216
cont,Griewank,2,WOA,5000,easy,24,30,0.78125,0.6533474562111927,0.8889112287407399,0.07109107744838816,0.03916105391571245,0.009583369713399459,0.38992174946484004
cont,Griewank,2,WOA,5000,med,1,30,0.0625,0.011585315861443594,0.14409039131834475,0.07109107744838816,0.03916105391571245,0.009583369713399459,0.38992174946484004
cont,Griewank,2,WOA,5000,hard,0,30,0.03125,0.0016532542666409576,0.09211405994732372,0.07109107744838816,0.03916105391571245,0.009583369713399459,0.38992174946484004
cont,Griewank,2,WOA,8000,easy,16,30,0.53125,0.3869822549447333,0.6732606351024929,0.12463089588695887,0.0766617478154798,0.0009338154287391598,0.5296062155755715
cont,Griewank,2,WOA,8000,med,2,30,0.09375,0.02690011969114915,0.18946446742553866,0.12463089588695887,0.0766617478154798,0.0009338154287391598,0.5296062155755715
cont,Griewank,2,WOA,8000,hard,1,30,0.0625,0.011585315861443594,0.14409039131834475,0.12463089588695887,0.0766617478154798,0.0009338154287391598,0.5296062155755715
cont,Griewank,2,WOA,10000,easy,18,30,0.59375,0.4495566259694524,0.7311737237767726,0.11616588096397824,0.07097634232859151,0.0001287634184988784,0.4128509922185293
cont,Griewank,2,WOA,10000,med,2,30,0.09375,0.02690011969114915,0.18946446742553866,0.11616588096397824,0.07097634232859151,0.0001287634184988784,0.4128509922185293
cont,Griewank,2,WOA,10000,hard,1,30,0.0625,0.011585315861443594,0.14409039131834475,0.11616588096397824,0.07097634232859151,0.0001287634184988784,0.4128509922185293
cont,Griewank,3,ALO,2000,easy,0,30,0.03125,0.0016532542666409576,0.09211405994732372,0.9528713537230767,0.9656028331770048,0.800352421048109,1.0158613604013973
cont,Griewank,3,ALO,2000,med,0,30,0.03125,0.0016532542666409576,0.09211405994732372,0.9528713537230767,0.9656028331770048,0.800352421048109,1.0158613604013973
cont,Griewank,3,ALO,2000,hard,0,30,0.03125,0.0016532542666409576,0.09211405994732372,0.9528713537230767,0.9656028331770048,0.800352421048109,1.0158613604013973
cont,Griewank,3,ALO,5000,easy,0,30,0.03125,0.0016532542666409576,0.09211405994732372,0.8529729113720763,0.9046503562329455,0.46644696890821935,1.0148658253991838
cont,Griewank,3,ALO,5000,med,0,30,0.03125,0.0016532542666409576,0.09211405994732372,0.8529729113720763,0.9046503562329455,0.46644696890821935,1.0148658253991838
cont,Griewank,3,ALO,5000,hard,0,30,0.03125,0.0016532542666409576,0.09211405994732372,0.8529729113720763,0.9046503562329455,0.46644696890821935,1.0148658253991838
cont,Griewank,3,ALO,8000,easy,0,30,0.03125,0.0016532542666409576,0.09211405994732372,0.8269980497326427,0.8626976822347312,0.39268765710358144,0.9667133199922664
cont,Griewank,3,ALO,8000,med,0,30,0.03125,0.0016532542666409576,0.09211405994732372,0.8269980497326427,0.8626976822347312,0.39268765710358144,0.9667133199922664
cont,Griewank,3,ALO,8000,hard,0,30,0.03125,0.0016532542666409576,0.09211405994732372,0.8269980497326427,0.8626976822347312,0.39268765710358144,0.9667133199922664
cont,Griewank,3,ALO,10000,easy,0,30,0.03125,0.0016532542666409576,0.09211405994732372,0.7986014457200871,0.8070251254841592,0.5698853360472688,0.9761338602376674
cont,Griewank,3,ALO,10000,med,0,30,0.03125,0.0016532542666409576,0.09211405994732372,0.7986014457200871,0.8070251254841592,0.5698853360472688,0.9761338602376674
cont,Griewank,3,ALO,10000,hard,0,30,0.03125,0.0016532542666409576,0.09211405994732372,0.7986014457200871,0.8070251254841592,0.5698853360472688,0.9761338602376674
cont,Griewank,3,BA,2000,easy,0,30,0.03125,0.0016532542666409576,0.09211405994732372,0.9130955018082691,0.9274010073645327,0.8025635905930375,1.0102695060368605
cont,Griewank,3,BA,2000,med,0,30,0.03125,0.0016532542666409576,0.09211405994732372,0.9130955018082691,0.9274010073645327,0.8025635905930375,1.0102695060368605
cont,Griewank,3,BA,2000,hard,0,30,0.03125,0.0016532542666409576,0.09211405994732372,0.9130955018082691,0.9274010073645327,0.8025635905930375,1.0102695060368605
cont,Griewank,3,BA,5000,easy,0,30,0.03125,0.0016532542666409576,0.09211405994732372,0.8067086223846186,0.8320823327063462,0.5491975336761783,0.9740482764554165
cont,Griewank,3,BA,5000,med,0,30,0.03125,0.0016532542666409576,0.09211405994732372,0.8067086223846186,0.8320823327063462,0.5491975336761783,0.9740482764554165
cont,Griewank,3,BA,5000,hard,0,30,0.03125,0.0016532542666409576,0.09211405994732372,0.8067086223846186,0.8320823327063462,0.5491975336761783,0.9740482764554165
cont,Griewank,3,BA,8000,easy,1,30,0.0625,0.011585315861443594,0.14409039131834475,0.6395424947576756,0.7036323140758911,0.08322820905771589,0.944983224282178
cont,Griewank,3,BA,8000,med,0,30,0.03125,0.0016532542666409576,0.09211405994732372,0.6395424947576756,0.7036323140758911,0.08322820905771589,0.944983224282178
cont,Griewank,3,BA,8000,hard,0,30,0.03125,0.0016532542666409576,0.09211405994732372,0.6395424947576756,0.7036323140758911,0.08322820905771589,0.944983224282178
cont,Griewank,3,BA,10000,easy,0,30,0.03125,0.0016532542666409576,0.09211405994732372,0.6020540877927272,0.6000668848046604,0.27053738192429444,0.9111242273052798
cont,Griewank,3,BA,10000,med,0,30,0.03125,0.0016532542666409576,0.09211405994732372,0.6020540877927272,0.6000668848046604,0.27053738192429444,0.9111242273052798
cont,Griewank,3,BA,10000,hard,0,30,0.03125,0.0016532542666409576,0.09211405994732372,0.6020540877927272,0.6000668848046604,0.27053738192429444,0.9111242273052798
cont,Griewank,3,ES_1P1,2000,easy,10,30,0.34375,0.21336046293527158,0.485416074399548,0.2982020341340764,0.2924381470279824,3.3306690738754696e-16,0.7227201114859655
cont,Griewank,3,ES_1P1,2000,med,2,30,0.09375,0.02690011969114915,0.18946446742553866,0.2982020341340764,0.2924381470279824,3.3306690738754696e-16,0.7227201114859655
cont,Griewank,3,ES_1P1,2000,hard,1,30,0.0625,0.011585315861443594,0.14409039131834475,0.2982020341340764,0.2924381470279824,3.3306690738754696e-16,0.7227201114859655
cont,Griewank,3,ES_1P1,5000,easy,8,30,0.28125,0.16061109125637793,0.4176603337442609,0.2310637185766867,0.2559338144818439,1.1102230246251565e-16,0.5844882310829261
cont,Griewank,3,ES_1P1,5000,med,3,30,0.125,0.04530017302264189,0.23150297514336832,0.2310637185766867,0.2559338144818439,1.1102230246251565e-16,0.5844882310829261
cont,Griewank,3,ES_1P1,5000,hard,2,30,0.09375,0.02690011969114915,0.18946446742553866,0.2310637185766867,0.2559338144818439,1.1102230246251565e-16,0.5844882310829261
cont,Griewank,3,ES_1P1,8000,easy,16,30,0.53125,0.3869822549447333,0.6732606351024929,0.1865701023724239,0.05877479985264478,1.1102230246251565e-16,0.7661496725317085
cont,Griewank,3,ES_1P1,8000,med,4,30,0.15625,0.06578047054601774,0.2713711815575147,0.1865701023724239,0.05877479985264478,1.1102230246251565e-16,0.7661496725317085
cont,Griewank,3,ES_1P1,8000,hard,2,30,0.09375,0.02690011969114915,0.18946446742553866,0.1865701023724239,0.05877479985264478,1.1102230246251565e-16,0.7661496725317085
cont,Griewank,3,ES_1P1,10000,easy,4,30,0.15625,0.06578047054601774,0.2713711815575147,0.3148437490034019,0.2693346611093537,0.02710569282478159,0.6373250305662389
cont,Griewank,3,ES_1P1,10000,med,0,30,0.03125,0.0016532542666409576,0.09211405994732372,0.3148437490034019,0.2693346611093537,0.02710569282478159,0.6373250305662389
cont,Griewank,3,ES_1P1,10000,hard,0,30,0.03125,0.0016532542666409576,0.09211405994732372,0.3148437490034019,0.2693346611093537,0.02710569282478159,0.6373250305662389
cont,Griewank,3,FA,2000,easy,0,30,0.03125,0.0016532542666409576,0.09211405994732372,0.8015502462586106,0.8249389344867438,0.556827570115081,0.948689350724336
cont,Griewank,3,FA,2000,med,0,30,0.03125,0.0016532542666409576,0.09211405994732372,0.8015502462586106,0.8249389344867438,0.556827570115081,0.948689350724336
cont,Griewank,3,FA,2000,hard,0,30,0.03125,0.0016532542666409576,0.09211405994732372,0.8015502462586106,0.8249389344867438,0.556827570115081,0.948689350724336
cont,Griewank,3,FA,5000,easy,0,30,0.03125,0.0016532542666409576,0.09211405994732372,0.7467733795798165,0.7563095052374627,0.5987041959445892,0.8844396783189548
cont,Griewank,3,FA,5000,med,0,30,0.03125,0.0016532542666409576,0.09211405994732372,0.7467733795798165,0.7563095052374627,0.5987041959445892,0.8844396783189548
cont,Griewank,3,FA,5000,hard,0,30,0.03125,0.0016532542666409576,0.09211405994732372,0.7467733795798165,0.7563095052374627,0.5987041959445892,0.8844396783189548
cont,Griewank,3,FA,8000,easy,0,30,0.03125,0.0016532542666409576,0.09211405994732372,0.70480765493824,0.7129434373567534,0.5448090702900389,0.8329154108921282
cont,Griewank,3,FA,8000,med,0,30,0.03125,0.0016532542666409576,0.09211405994732372,0.70480765493824,0.7129434373567534,0.5448090702900389,0.8329154108921282
cont,Griewank,3,FA,8000,hard,0,30,0.03125,0.0016532542666409576,0.09211405994732372,0.70480765493824,0.7129434373567534,0.5448090702900389,0.8329154108921282
cont,Griewank,3,FA,10000,easy,0,30,0.03125,0.0016532542666409576,0.09211405994732372,0.7022520229237166,0.7155032703550902,0.5322653425444387,0.8304000707927293
cont,Griewank,3,FA,10000,med,0,30,0.03125,0.0016532542666409576,0.09211405994732372,0.7022520229237166,0.7155032703550902,0.5322653425444387,0.8304000707927293
cont,Griewank,3,FA,10000,hard,0,30,0.03125,0.0016532542666409576,0.09211405994732372,0.7022520229237166,0.7155032703550902,0.5322653425444387,0.8304000707927293
cont,Griewank,3,GWO,2000,easy,22,30,0.71875,0.5823396662557391,0.8393889087436222,0.08842528902225477,0.053073611305039625,0.005305062034668406,0.34809430956498744
cont,Griewank,3,GWO,2000,med,2,30,0.09375,0.02690011969114915,0.18946446742553866,0.08842528902225477,0.053073611305039625,0.005305062034668406,0.34809430956498744
cont,Griewank,3,GWO,2000,hard,0,30,0.03125,0.0016532542666409576,0.09211405994732372,0.08842528902225477,0.053073611305039625,0.005305062034668406,0.34809430956498744
cont,Griewank,3,GWO,5000,easy,17,30,0.5625,0.417973431326673,0.7025127599090644,0.11502024573228664,0.08514705047936494,0.0015740981547084365,0.31554590839800356
cont,Griewank,3,GWO,5000,med,2,30,0.09375,0.02690011969114915,0.18946446742553866,0.11502024573228664,0.08514705047936494,0.0015740981547084365,0.31554590839800356
cont,Griewank,3,GWO,5000,hard,0,30,0.03125,0.0016532542666409576,0.09211405994732372,0.11502024573228664,0.08514705047936494,0.0015740981547084365,0.31554590839800356
cont,Griewank,3,GWO,8000,easy,16,30,0.53125,0.3869822549447333,0.6732606351024929,0.12297750432987602,0.0918286427138984,0.0018069749798852452,0.3559609732135385
cont,Griewank,3,GWO,8000,med,1,30,0.0625,0.011585315861443594,0.14409039131834475,0.12297750432987602,0.0918286427138984,0.0018069749798852452,0.3559609732135385
cont,Griewank,3,GWO,8000,hard,0,30,0.03125,0.0016532542666409576,0.09211405994732372,0.12297750432987602,0.0918286427138984,0.0018069749798852452,0.3559609732135385
cont,Griewank,3,GWO,10000,easy,20,30,0.65625,0.5145839256004521,0.7866395370647284,0.0947937256688023,0.07171255955389028,0.008368204052762063,0.278210459950996
cont,Griewank,3,GWO,10000,med,2,30,0.09375,0.02690011969114915,0.18946446742553866,0.0947937256688023,0.07171255955389028,0.008368204052762063,0.278210459950996
cont,Griewank,3,GWO,10000,hard,0,30,0.03125,0.0016532542666409576,0.09211405994732372,0.0947937256688023,0.07171255955389028,0.008368204052762063,0.278210459950996
cont,Griewank,3,MFO,2000,easy,0,30,0.03125,0.0016532542666409576,0.09211405994732372,0.48382786814355155,0.4590394703410645,0.21895234218386184,0.8195880608509436
cont,Griewank,3,MFO,2000,med,0,30,0.03125,0.0016532542666409576,0.09211405994732372,0.48382786814355155,0.4590394703410645,0.21895234218386184,0.8195880608509436
cont,Griewank,3,MFO,2000,hard,0,30,0.03125,0.0016532542666409576,0.09211405994732372,0.48382786814355155,0.4590394703410645,0.21895234218386184,0.8195880608509436
cont,Griewank,3,MFO,5000,easy,1,30,0.0625,0.011585315861443594,0.14409039131834475,0.38634218119649805,0.3866127654858206,0.04380292628648519,0.5823159867837044
cont,Griewank,3,MFO,5000,med,0,30,0.03125,0.0016532542666409576,0.09211405994732372,0.38634218119649805,0.3866127654858206,0.04380292628648519,0.5823159867837044
cont,Griewank,3,MFO,5000,hard,0,30,0.03125,0.0016532542666409576,0.09211405994732372,0.38634218119649805,0.3866127654858206,0.04380292628648519,0.5823159867837044
cont,Griewank,3,MFO,8000,easy,1,30,0.0625,0.011585315861443594,0.14409039131834475,0.35474443646437875,0.3331995471080663,0.08659939322739729,0.9026505346542745
cont,Griewank,3,MFO,8000,med,0,30,0.03125,0.0016532542666409576,0.09211405994732372,0.35474443646437875,0.3331995471080663,0.08659939322739729,0.9026505346542745
cont,Griewank,3,MFO,8000,hard,0,30,0.03125,0.0016532542666409576,0.09211405994732372,0.35474443646437875,0.3331995471080663,0.08659939322739729,0.9026505346542745
cont,Griewank,3,MFO,10000,easy,4,30,0.15625,0.06578047054601774,0.2713711815575147,0.34113798519349486,0.2984199332839467,0.026069360206465775,0.8730340515801268
cont,Griewank,3,MFO,10000,med,0,30,0.03125,0.0016532542666409576,0.09211405994732372,0.34113798519349486,0.2984199332839467,0.026069360206465775,0.8730340515801268
cont,Griewank,3,MFO,10000,hard,0,30,0.03125,0.0016532542666409576,0.09211405994732372,0.34113798519349486,0.2984199332839467,0.026069360206465775,0.8730340515801268
cont,Griewank,3,PSO_GBEST,2000,easy,8,30,0.28125,0.16061109125637793,0.4176603337442609,0.17694335159682267,0.1635324863340591,0.0006738634045994063,0.5366164414801581
cont,Griewank,3,PSO_GBEST,2000,med,4,30,0.15625,0.06578047054601774,0.2713711815575147,0.17694335159682267,0.1635324863340591,0.0006738634045994063,0.5366164414801581
cont,Griewank,3,PSO_GBEST,2000,hard,3,30,0.125,0.04530017302264189,0.23150297514336832,0.17694335159682267,0.1635324863340591,0.0006738634045994063,0.5366164414801581
cont,Griewank,3,PSO_GBEST,5000,easy,13,30,0.4375,0.29748724009093563,0.582026568673327,0.15352219664646846,0.13598019267409905,1.144412109521653e-08,0.5203240960980919
cont,Griewank,3,PSO_GBEST,5000,med,3,30,0.125,0.04530017302264189,0.23150297514336832,0.15352219664646846,0.13598019267409905,1.144412109521653e-08,0.5203240960980919
cont,Griewank,3,PSO_GBEST,5000,hard,1,30,0.0625,0.011585315861443594,0.14409039131834475,0.15352219664646846,0.13598019267409905,1.144412109521653e-08,0.5203240960980919
cont,Griewank,3,PSO_GBEST,8000,easy,22,30,0.71875,0.5823396662557391,0.8393889087436222,0.11006614456863605,0.02587137694254288,2.986499936241671e-14,0.8847496675848117
cont,Griewank,3,PSO_GBEST,8000,med,6,30,0.21875,0.11108877125926007,0.3466525437888071,0.11006614456863605,0.02587137694254288,2.986499936241671e-14,0.8847496675848117
cont,Griewank,3,PSO_GBEST,8000,hard,3,30,0.125,0.04530017302264189,0.23150297514336832,0.11006614456863605,0.02587137694254288,2.986499936241671e-14,0.8847496675848117
cont,Griewank,3,PSO_GBEST,10000,easy,18,30,0.59375,0.4495566259694524,0.7311737237767726,0.1338397429372829,0.03079142167347132,0.0,0.6202222333291958
cont,Griewank,3,PSO_GBEST,10000,med,5,30,0.1875,0.08781446714324878,0.30964351535764695,0.1338397429372829,0.03079142167347132,0.0,0.6202222333291958
cont,Griewank,3,PSO_GBEST,10000,hard,2,30,0.09375,0.02690011969114915,0.18946446742553866,0.1338397429372829,0.03079142167347132,0.0,0.6202222333291958
cont,Griewank,3,WOA,2000,easy,8,30,0.28125,0.16061109125637793,0.4176603337442609,0.26769067314091455,0.22929164021374332,0.01677918689944624,0.6546764144407449
cont,Griewank,3,WOA,2000,med,0,30,0.03125,0.0016532542666409576,0.09211405994732372,0.26769067314091455,0.22929164021374332,0.01677918689944624,0.6546764144407449
cont,Griewank,3,WOA,2000,hard,0,30,0.03125,0.0016532542666409576,0.09211405994732372,0.26769067314091455,0.22929164021374332,0.01677918689944624,0.6546764144407449
cont,Griewank,3,WOA,5000,easy,15,30,0.5,0.3565721369616578,0.6434278630383421,0.16220409848752643,0.12914646829009768,0.0034784030862966553,0.7199241948734358
cont,Griewank,3,WOA,5000,med,4,30,0.15625,0.06578047054601774,0.2713711815575147,0.16220409848752643,0.12914646829009768,0.0034784030862966553,0.7199241948734358
cont,Griewank,3,WOA,5000,hard,0,30,0.03125,0.0016532542666409576,0.09211405994732372,0.16220409848752643,0.12914646829009768,0.0034784030862966553,0.7199241948734358
cont,Griewank,3,WOA,8000,easy,13,30,0.4375,0.29748724009093563,0.582026568673327,0.15345834026945357,0.1398056087114094,0.001229390204403602,0.44251580453833317
cont,Griewank,3,WOA,8000,med,6,30,0.21875,0.11108877125926007,0.3466525437888071,0.15345834026945357,0.1398056087114094,0.001229390204403602,0.44251580453833317
cont,Griewank,3,WOA,8000,hard,0,30,0.03125,0.0016532542666409576,0.09211405994732372,0.15345834026945357,0.1398056087114094,0.001229390204403602,0.44251580453833317
cont,Griewank,3,WOA,10000,easy,11,30,0.375,0.24077485846609245,0.5182492532388523,0.18958789624066974,0.1432816709765164,0.0015611520395348855,0.4895827678363378
cont,Griewank,3,WOA,10000,med,3,30,0.125,0.04530017302264189,0.23150297514336832,0.18958789624066974,0.1432816709765164,0.0015611520395348855,0.4895827678363378
cont,Griewank,3,WOA,10000,hard,0,30,0.03125,0.0016532542666409576,0.09211405994732372,0.18958789624066974,0.1432816709765164,0.0015611520395348855,0.4895827678363378
cont,Griewank,6,ALO,2000,easy,0,30,0.03125,0.0016532542666409576,0.09211405994732372,0.892474403046959,0.9063432882785487,0.6399636565184785,0.9860033900197301
cont,Griewank,6,ALO,2000,med,0,30,0.03125,0.0016532542666409576,0.09211405994732372,0.892474403046959,0.9063432882785487,0.6399636565184785,0.9860033900197301
cont,Griewank,6,ALO,2000,hard,0,30,0.03125,0.0016532542666409576,0.09211405994732372,0.892474403046959,0.9063432882785487,0.6399636565184785,0.9860033900197301
cont,Griewank,6,ALO,5000,easy,0,30,0.03125,0.0016532542666409576,0.09211405994732372,0.8918832314575679,0.9346731912682865,0.45125399388196186,0.9925224125598797
cont,Griewank,6,ALO,5000,med,0,30,0.03125,0.0016532542666409576,0.09211405994732372,0.8918832314575679,0.9346731912682865,0.45125399388196186,0.9925224125598797
cont,Griewank,6,ALO,5000,hard,0,30,0.03125,0.0016532542666409576,0.09211405994732372,0.8918832314575679,0.9346731912682865,0.45125399388196186,0.9925224125598797
cont,Griewank,6,ALO,8000,easy,0,30,0.03125,0.0016532542666409576,0.09211405994732372,0.8287238867301036,0.8796871493700799,0.5498827533602924,0.9897334542707179
cont,Griewank,6,ALO,8000,med,0,30,0.03125,0.0016532542666409576,0.09211405994732372,0.8287238867301036,0.8796871493700799,0.5498827533602924,0.9897334542707179
cont,Griewank,6,ALO,8000,hard,0,30,0.03125,0.0016532542666409576,0.09211405994732372,0.8287238867301036,0.8796871493700799,0.5498827533602924,0.9897334542707179
cont,Griewank,6,ALO,10000,easy,0,30,0.03125,0.0016532542666409576,0.09211405994732372,0.7521269160874015,0.7858275556591698,0.34674761757467054,0.9628500839407746
cont,Griewank,6,ALO,10000,med,0,30,0.03125,0.0016532542666409576,0.09211405994732372,0.7521269160874015,0.7858275556591698,0.34674761757467054,0.9628500839407746
cont,Griewank,6,ALO,10000,hard,0,30,0.03125,0.0016532542666409576,0.09211405994732372,0.7521269160874015,0.7858275556591698,0.34674761757467054,0.9628500839407746
cont,Griewank,6,BA,2000,easy,0,30,0.03125,0.0016532542666409576,0.09211405994732372,0.8510576667877989,0.8856655277912129,0.463237347712703,0.9972432192378782
cont,Griewank,6,BA,2000,med,0,30,0.03125,0.0016532542666409576,0.09211405994732372,0.8510576667877989,0.8856655277912129,0.463237347712703,0.9972432192378782
cont,Griewank,6,BA,2000,hard,0,30,0.03125,0.0016532542666409576,0.09211405994732372,0.8510576667877989,0.8856655277912129,0.463237347712703,0.9972432192378782
cont,Griewank,6,BA,5000,easy,0,30,0.03125,0.0016532542666409576,0.09211405994732372,0.7478340607812941,0.7808955919219043,0.5337663410972995,0.8791551559054502
cont,Griewank,6,BA,5000,med,0,30,0.03125,0.0016532542666409576,0.09211405994732372,0.7478340607812941,0.7808955919219043,0.5337663410972995,0.8791551559054502
cont,Griewank,6,BA,5000,hard,0,30,0.03125,0.0016532542666409576,0.09211405994732372,0.7478340607812941,0.7808955919219043,0.5337663410972995,0.8791551559054502
cont,Griewank,6,BA,8000,easy,0,30,0.03125,0.0016532542666409576,0.09211405994732372,0.6252311990510655,0.6128282850342724,0.31778663868999046,0.9367845607455834
cont,Griewank,6,BA,8000,med,0,30,0.03125,0.0016532542666409576,0.09211405994732372,0.6252311990510655,0.6128282850342724,0.31778663868999046,0.9367845607455834
cont,Griewank,6,BA,8000,hard,0,30,0.03125,0.0016532542666409576,0.09211405994732372,0.6252311990510655,0.6128282850342724,0.31778663868999046,0.9367845607455834
cont,Griewank,6,BA,10000,easy,1,30,0.0625,0.011585315861443594,0.14409039131834475,0.5600766853013355,0.5334640282924321,0.054190837241460676,0.8375103794714823
cont,Griewank,6,BA,10000,med,0,30,0.03125,0.0016532542666409576,0.09211405994732372,0.5600766853013355,0.5334640282924321,0.054190837241460676,0.8375103794714823
cont,Griewank,6,BA,10000,hard,0,30,0.03125,0.0016532542666409576,0.09211405994732372,0.5600766853013355,0.5334640282924321,0.054190837241460676,0.8375103794714823
cont,Griewank,6,ES_1P1,2000,easy,16,30,0.53125,0.3869822549447333,0.6732606351024929,0.1890978845486785,0.06341962414593716,1.1102230246251565e-16,0.7010128804068354
cont,Griewank,6,ES_1P1,2000,med,2,30,0.09375,0.02690011969114915,0.18946446742553866,0.1890978845486785,0.06341962414593716,1.1102230246251565e-16,0.7010128804068354
cont,Griewank,6,ES_1P1,2000,hard,2,30,0.09375,0.02690011969114915,0.18946446742553866,0.1890978845486785,0.06341962414593716,1.1102230246251565e-16,0.7010128804068354
cont,Griewank,6,ES_1P1,5000,easy,19,30,0.625,0.4817507467611476,0.7592251415339075,0.1397375755503067,0.03815060557687189,0.01231607251926159,0.746852978718586
cont,Griewank,6,ES_1P1,5000,med,0,30,0.03125,0.0016532542666409576,0.09211405994732372,0.1397375755503067,0.03815060557687189,0.01231607251926159,0.746852978718586
cont,Griewank,6,ES_1P1,5000,hard,0,30,0.03125,0.0016532542666409576,0.09211405994732372,0.1397375755503067,0.03815060557687189,0.01231607251926159,0.746852978718586
cont,Griewank,6,ES_1P1,8000,easy,16,30,0.53125,0.3869822549447333,0.6732606351024929,0.12406293482053041,0.09622722711085824,0.007396040334114895,0.5815184536024972
cont,Griewank,6,ES_1P1,8000,med,4,30,0.15625,0.06578047054601774,0.2713711815575147,0.12406293482053041,0.09622722711085824,0.007396040334114895,0.5815184536024972
cont,Griewank,6,ES_1P1,8000,hard,0,30,0.03125,0.0016532542666409576,0.09211405994732372,0.12406293482053041,0.09622722711085824,0.007396040334114895,0.5815184536024972
cont,Griewank,6,ES_1P1,10000,easy,15,30,0.5,0.3565721369616578,0.6434278630383421,0.19323469712580155,0.07920730263488662,1.1102230246251565e-16,0.7194345041516352
cont,Griewank,6,ES_1P1,10000,med,2,30,0.09375,0.02690011969114915,0.18946446742553866,0.19323469712580155,0.07920730263488662,1.1102230246251565e-16,0.7194345041516352
cont,Griewank,6,ES_1P1,10000,hard,1,30,0.0625,0.011585315861443594,0.14409039131834475,0.19323469712580155,0.07920730263488662,1.1102230246251565e-16,0.7194345041516352
cont,Griewank,6,FA,2000,easy,0,30,0.03125,0.0016532542666409576,0.09211405994732372,0.7320865856254841,0.746177052109277,0.5222757374139737,0.9137259959376304
cont,Griewank,6,FA,2000,med,0,30,0.03125,0.0016532542666409576,0.09211405994732372,0.7320865856254841,0.746177052109277,0.5222757374139737,0.9137259959376304
cont,Griewank,6,FA,2000,hard,0,30,0.03125,0.0016532542666409576,0.09211405994732372,0.7320865856254841,0.746177052109277,0.5222757374139737,0.9137259959376304
cont,Griewank,6,FA,5000,easy,0,30,0.03125,0.0016532542666409576,0.09211405994732372,0.6966163197639704,0.7246203134247287,0.40207281271715967,0.833264231056018
cont,Griewank,6,FA,5000,med,0,30,0.03125,0.0016532542666409576,0.09211405994732372,0.6966163197639704,0.7246203134247287,0.40207281271715967,0.833264231056018
cont,Griewank,6,FA,5000,hard,0,30,0.03125,0.0016532542666409576,0.09211405994732372,0.6966163197639704,0.7246203134247287,0.40207281271715967,0.833264231056018
cont,Griewank,6,FA,8000,easy,0,30,0.03125,0.0016532542666409576,0.09211405994732372,0.6532408717900943,0.6755587085057868,0.25504347585825715,0.8400111367773457
cont,Griewank,6,FA,8000,med,0,30,0.03125,0.0016532542666409576,0.09211405994732372,0.6532408717900943,0.6755587085057868,0.25504347585825715,0.8400111367773457
cont,Griewank,6,FA,8000,hard,0,30,0.03125,0.0016532542666409576,0.09211405994732372,0.6532408717900943,0.6755587085057868,0.25504347585825715,0.8400111367773457
cont,Griewank,6,FA,10000,easy,0,30,0.03125,0.0016532542666409576,0.09211405994732372,0.677367863748495,0.6814640899413615,0.5367083455573123,0.8093133132321995
cont,Griewank,6,FA,10000,med,0,30,0.03125,0.0016532542666409576,0.09211405994732372,0.677367863748495,0.6814640899413615,0.5367083455573123,0.8093133132321995
cont,Griewank,6,FA,10000,hard,0,30,0.03125,0.0016532542666409576,0.09211405994732372,0.677367863748495,0.6814640899413615,0.5367083455573123,0.8093133132321995
cont,Griewank,6,GWO,2000,easy,20,30,0.65625,0.5145839256004521,0.7866395370647284,0.08438352924643115,0.07695446090387098,0.00042144127705112666,0.20632708174873382
cont,Griewank,6,GWO,2000,med,2,30,0.09375,0.02690011969114915,0.18946446742553866,0.08438352924643115,0.07695446090387098,0.00042144127705112666,0.20632708174873382
cont,Griewank,6,GWO,2000,hard,1,30,0.0625,0.011585315861443594,0.14409039131834475,0.08438352924643115,0.07695446090387098,0.00042144127705112666,0.20632708174873382
cont,Griewank,6,GWO,5000,easy,18,30,0.59375,0.4495566259694524,0.7311737237767726,0.08693937241426723,0.08228725986933905,0.019036497050979206,0.20116039331265512
cont,Griewank,6,GWO,5000,med,0,30,0.03125,0.0016532542666409576,0.09211405994732372,0.08693937241426723,0.08228725986933905,0.019036497050979206,0.20116039331265512
cont,Griewank,6,GWO,5000,hard,0,30,0.03125,0.0016532542666409576,0.09211405994732372,0.08693937241426723,0.08228725986933905,0.019036497050979206,0.20116039331265512
cont,Griewank,6,GWO,8000,easy,17,30,0.5625,0.417973431326673,0.7025127599090644,0.11873378762584988,0.0800666952690891,8.049360137152295e-05,0.4313881077753571
cont,Griewank,6,GWO,8000,med,3,30,0.125,0.04530017302264189,0.23150297514336832,0.11873378762584988,0.0800666952690891,8.049360137152295e-05,0.4313881077753571
cont,Griewank,6,GWO,8000,hard,2,30,0.09375,0.02690011969114915,0.18946446742553866,0.11873378762584988,0.0800666952690891,8.049360137152295e-05,0.4313881077753571
cont,Griewank,6,GWO,10000,easy,12,30,0.40625,0.2688262762232274,0.5504433740305475,0.11518261832514748,0.11892221583576051,0.019546800139721654,0.2031940549906095
cont,Griewank,6,GWO,10000,med,0,30,0.03125,0.0016532542666409576,0.09211405994732372,0.11518261832514748,0.11892221583576051,0.019546800139721654,0.2031940549906095
cont,Griewank,6,GWO,10000,hard,0,30,0.03125,0.0016532542666409576,0.09211405994732372,0.11518261832514748,0.11892221583576051,0.019546800139721654,0.2031940549906095
cont,Griewank,6,MFO,2000,easy,0,30,0.03125,0.0016532542666409576,0.09211405994732372,0.4514020411458766,0.4343592382025836,0.18621246813380932,0.8609687705001066
cont,Griewank,6,MFO,2000,med,0,30,0.03125,0.0016532542666409576,0.09211405994732372,0.4514020411458766,0.4343592382025836,0.18621246813380932,0.8609687705001066
cont,Griewank,6,MFO,2000,hard,0,30,0.03125,0.0016532542666409576,0.09211405994732372,0.4514020411458766,0.4343592382025836,0.18621246813380932,0.8609687705001066
cont,Griewank,6,MFO,5000,easy,0,30,0.03125,0.0016532542666409576,0.09211405994732372,0.4411082132806356,0.4390976398108234,0.11124644687178042,0.8062634351146688
cont,Griewank,6,MFO,5000,med,0,30,0.03125,0.0016532542666409576,0.09211405994732372,0.4411082132806356,0.4390976398108234,0.11124644687178042,0.8062634351146688
cont,Griewank,6,MFO,5000,hard,0,30,0.03125,0.0016532542666409576,0.09211405994732372,0.4411082132806356,0.4390976398108234,0.11124644687178042,0.8062634351146688
cont,Griewank,6,MFO,8000,easy,2,30,0.09375,0.02690011969114915,0.18946446742553866,0.27806114905139395,0.2811866743773846,0.08421258414116706,0.6682062752086535
cont,Griewank,6,MFO,8000,med,0,30,0.03125,0.0016532542666409576,0.09211405994732372,0.27806114905139395,0.2811866743773846,0.08421258414116706,0.6682062752086535
cont,Griewank,6,MFO,8000,hard,0,30,0.03125,0.0016532542666409576,0.09211405994732372,0.27806114905139395,0.2811866743773846,0.08421258414116706,0.6682062752086535
cont,Griewank,6,MFO,10000,easy,3,30,0.125,0.04530017302264189,0.23150297514336832,0.28408691212880843,0.2086293762990865,0.06163505503382938,0.721417163623316
cont,Griewank,6,MFO,10000,med,0,30,0.03125,0.0016532542666409576,0.09211405994732372,0.28408691212880843,0.2086293762990865,0.06163505503382938,0.721417163623316
cont,Griewank,6,MFO,10000,hard,0,30,0.03125,0.0016532542666409576,0.09211405994732372,0.28408691212880843,0.2086293762990865,0.06163505503382938,0.721417163623316
cont,Griewank,6,PSO_GBEST,2000,easy,17,30,0.5625,0.417973431326673,0.7025127599090644,0.1143151606564319,0.05841095643316502,0.008131655813357064,0.46717226481582674
cont,Griewank,6,PSO_GBEST,2000,med,1,30,0.0625,0.011585315861443594,0.14409039131834475,0.1143151606564319,0.05841095643316502,0.008131655813357064,0.46717226481582674
cont,Griewank,6,PSO_GBEST,2000,hard,0,30,0.03125,0.0016532542666409576,0.09211405994732372,0.1143151606564319,0.05841095643316502,0.008131655813357064,0.46717226481582674
cont,Griewank,6,PSO_GBEST,5000,easy,20,30,0.65625,0.5145839256004521,0.7866395370647284,0.08302517447220548,0.03324898568257856,3.804912940275074e-09,0.3474998116455744
cont,Griewank,6,PSO_GBEST,5000,med,5,30,0.1875,0.08781446714324878,0.30964351535764695,0.08302517447220548,0.03324898568257856,3.804912940275074e-09,0.3474998116455744
cont,Griewank,6,PSO_GBEST,5000,hard,1,30,0.0625,0.011585315861443594,0.14409039131834475,0.08302517447220548,0.03324898568257856,3.804912940275074e-09,0.3474998116455744
cont,Griewank,6,PSO_GBEST,8000,easy,20,30,0.65625,0.5145839256004521,0.7866395370647284,0.10066026687059985,0.040834352189611955,2.7755575615628914e-15,0.3759568786009023
cont,Griewank,6,PSO_GBEST,8000,med,3,30,0.125,0.04530017302264189,0.23150297514336832,0.10066026687059985,0.040834352189611955,2.7755575615628914e-15,0.3759568786009023
cont,Griewank,6,PSO_GBEST,8000,hard,2,30,0.09375,0.02690011969114915,0.18946446742553866,0.10066026687059985,0.040834352189611955,2.7755575615628914e-15,0.3759568786009023
cont,Griewank,6,PSO_GBEST,10000,easy,20,30,0.65625,0.5145839256004521,0.7866395370647284,0.08846274888639605,0.04656490262239665,0.0,0.46835953959635224
cont,Griewank,6,PSO_GBEST,10000,med,6,30,0.21875,0.11108877125926007,0.3466525437888071,0.08846274888639605,0.04656490262239665,0.0,0.46835953959635224
cont,Griewank,6,PSO_GBEST,10000,hard,2,30,0.09375,0.02690011969114915,0.18946446742553866,0.08846274888639605,0.04656490262239665,0.0,0.46835953959635224
cont,Griewank,6,WOA,2000,easy,14,30,0.46875,0.3267393648975071,0.6130177450552665,0.18926103575419853,0.11758849931786064,0.009897933055427188,0.608849889846772
cont,Griewank,6,WOA,2000,med,1,30,0.0625,0.011585315861443594,0.14409039131834475,0.18926103575419853,0.11758849931786064,0.009897933055427188,0.608849889846772
cont,Griewank,6,WOA,2000,hard,0,30,0.03125,0.0016532542666409576,0.09211405994732372,0.18926103575419853,0.11758849931786064,0.009897933055427188,0.608849889846772
cont,Griewank,6,WOA,5000,easy,18,30,0.59375,0.4495566259694524,0.7311737237767726,0.1273975615799722,0.05022930387168112,0.00029207337567460634,0.5581031413557098
cont,Griewank,6,WOA,5000,med,1,30,0.0625,0.011585315861443594,0.14409039131834475,0.1273975615799722,0.05022930387168112,0.00029207337567460634,0.5581031413557098
cont,Griewank,6,WOA,5000,hard,1,30,0.0625,0.011585315861443594,0.14409039131834475,0.1273975615799722,0.05022930387168112,0.00029207337567460634,0.5581031413557098
cont,Griewank,6,WOA,8000,easy,18,30,0.59375,0.4495566259694524,0.7311737237767726,0.1132581823211247,0.04055636146849273,0.008143664056768474,0.5199616344847773
cont,Griewank,6,WOA,8000,med,2,30,0.09375,0.02690011969114915,0.18946446742553866,0.1132581823211247,0.04055636146849273,0.008143664056768474,0.5199616344847773
cont,Griewank,6,WOA,8000,hard,0,30,0.03125,0.0016532542666409576,0.09211405994732372,0.1132581823211247,0.04055636146849273,0.008143664056768474,0.5199616344847773
cont,Griewank,6,WOA,10000,easy,23,30,0.75,0.6173897690830179,0.8645994152416211,0.08300771295965749,0.03836480810166398,0.01006167662205304,0.5279344595323799
cont,Griewank,6,WOA,10000,med,0,30,0.03125,0.0016532542666409576,0.09211405994732372,0.08300771295965749,0.03836480810166398,0.01006167662205304,0.5279344595323799
cont,Griewank,6,WOA,10000,hard,0,30,0.03125,0.0016532542666409576,0.09211405994732372,0.08300771295965749,0.03836480810166398,0.01006167662205304,0.5279344595323799
cont,Griewank,8,ALO,2000,easy,0,30,0.03125,0.0016532542666409576,0.09211405994732372,0.9190013372460201,0.9511600071328141,0.7218801305275464,1.0043541937944078
cont,Griewank,8,ALO,2000,med,0,30,0.03125,0.0016532542666409576,0.09211405994732372,0.9190013372460201,0.9511600071328141,0.7218801305275464,1.0043541937944078
cont,Griewank,8,ALO,2000,hard,0,30,0.03125,0.0016532542666409576,0.09211405994732372,0.9190013372460201,0.9511600071328141,0.7218801305275464,1.0043541937944078
cont,Griewank,8,ALO,5000,easy,0,30,0.03125,0.0016532542666409576,0.09211405994732372,0.8030813791358595,0.8192074044253492,0.5344340512903851,0.9629116138357187
cont,Griewank,8,ALO,5000,med,0,30,0.03125,0.0016532542666409576,0.09211405994732372,0.8030813791358595,0.8192074044253492,0.5344340512903851,0.9629116138357187
cont,Griewank,8,ALO,5000,hard,0,30,0.03125,0.0016532542666409576,0.09211405994732372,0.8030813791358595,0.8192074044253492,0.5344340512903851,0.9629116138357187
cont,Griewank,8,ALO,8000,easy,0,30,0.03125,0.0016532542666409576,0.09211405994732372,0.8060270708264137,0.8432448639982454,0.3770253870094191,1.013492433513737
cont,Griewank,8,ALO,8000,med,0,30,0.03125,0.0016532542666409576,0.09211405994732372,0.8060270708264137,0.8432448639982454,0.3770253870094191,1.013492433513737
cont,Griewank,8,ALO,8000,hard,0,30,0.03125,0.0016532542666409576,0.09211405994732372,0.8060270708264137,0.8432448639982454,0.3770253870094191,1.013492433513737
cont,Griewank,8,ALO,10000,easy,0,30,0.03125,0.0016532542666409576,0.09211405994732372,0.7321340396323426,0.7385524665319898,0.29562281277915725,0.9224073663997445
cont,Griewank,8,ALO,10000,med,0,30,0.03125,0.0016532542666409576,0.09211405994732372,0.7321340396323426,0.7385524665319898,0.29562281277915725,0.9224073663997445
cont,Griewank,8,ALO,10000,hard,0,30,0.03125,0.0016532542666409576,0.09211405994732372,0.7321340396323426,0.7385524665319898,0.29562281277915725,0.9224073663997445
cont,Griewank,8,BA,2000,easy,0,30,0.03125,0.0016532542666409576,0.09211405994732372,0.8563705877955107,0.8585769328674528,0.5896452964017678,1.0057804277768376
cont,Griewank,8,BA,2000,med,0,30,0.03125,0.0016532542666409576,0.09211405994732372,0.8563705877955107,0.8585769328674528,0.5896452964017678,1.0057804277768376
cont,Griewank,8,BA,2000,hard,0,30,0.03125,0.0016532542666409576,0.09211405994732372,0.8563705877955107,0.8585769328674528,0.5896452964017678,1.0057804277768376
cont,Griewank,8,BA,5000,easy,0,30,0.03125,0.0016532542666409576,0.09211405994732372,0.7626255788403362,0.764459051555992,0.33224320645575023,0.9378215360344951
cont,Griewank,8,BA,5000,med,0,30,0.03125,0.0016532542666409576,0.09211405994732372,0.7626255788403362,0.764459051555992,0.33224320645575023,0.9378215360344951
cont,Griewank,8,BA,5000,hard,0,30,0.03125,0.0016532542666409576,0.09211405994732372,0.7626255788403362,0.764459051555992,0.33224320645575023,0.9378215360344951
cont,Griewank,8,BA,8000,easy,0,30,0.03125,0.0016532542666409576,0.09211405994732372,0.6089341908824885,0.6420621327635656,0.11222177835736602,0.9263038868962414
cont,Griewank,8,BA,8000,med,0,30,0.03125,0.0016532542666409576,0.09211405994732372,0.6089341908824885,0.6420621327635656,0.11222177835736602,0.9263038868962414
cont,Griewank,8,BA,8000,hard,0,30,0.03125,0.0016532542666409576,0.09211405994732372,0.6089341908824885,0.6420621327635656,0.11222177835736602,0.9263038868962414
cont,Griewank,8,BA,10000,easy,0,30,0.03125,0.0016532542666409576,0.09211405994732372,0.5208489374451657,0.5621351268964225,0.13134341246243508,0.890687902422344
cont,Griewank,8,BA,10000,med,0,30,0.03125,0.0016532542666409576,0.09211405994732372,0.5208489374451657,0.5621351268964225,0.13134341246243508,0.890687902422344
cont,Griewank,8,BA,10000,hard,0,30,0.03125,0.0016532542666409576,0.09211405994732372,0.5208489374451657,0.5621351268964225,0.13134341246243508,0.890687902422344
cont,Griewank,8,ES_1P1,2000,easy,17,30,0.5625,0.417973431326673,0.7025127599090644,0.18149338025898173,0.05422279700449445,0.0073960403341174485,0.7989273408401542
cont,Griewank,8,ES_1P1,2000,med,2,30,0.09375,0.02690011969114915,0.18946446742553866,0.18149338025898173,0.05422279700449445,0.0073960403341174485,0.7989273408401542
cont,Griewank,8,ES_1P1,2000,hard,0,30,0.03125,0.0016532542666409576,0.09211405994732372,0.18149338025898173,0.05422279700449445,0.0073960403341174485,0.7989273408401542
cont,Griewank,8,ES_1P1,5000,easy,16,30,0.53125,0.3869822549447333,0.6732606351024929,0.17472193911774928,0.06003761192374818,0.012316072519262145,0.7410234806531328
cont,Griewank,8,ES_1P1,5000,med,0,30,0.03125,0.0016532542666409576,0.09211405994732372,0.17472193911774928,0.06003761192374818,0.012316072519262145,0.7410234806531328
cont,Griewank,8,ES_1P1,5000,hard,0,30,0.03125,0.0016532542666409576,0.09211405994732372,0.17472193911774928,0.06003761192374818,0.012316072519262145,0.7410234806531328
cont,Griewank,8,ES_1P1,8000,easy,16,30,0.53125,0.3869822549447333,0.6732606351024929,0.17465570081084636,0.09586411671449918,1.1102230246251565e-16,0.7330539985102493
cont,Griewank,8,ES_1P1,8000,med,2,30,0.09375,0.02690011969114915,0.18946446742553866,0.17465570081084636,0.09586411671449918,1.1102230246251565e-16,0.7330539985102493
cont,Griewank,8,ES_1P1,8000,hard,2,30,0.09375,0.02690011969114915,0.18946446742553866,0.17465570081084636,0.09586411671449918,1.1102230246251565e-16,0.7330539985102493
cont,Griewank,8,ES_1P1,10000,easy,20,30,0.65625,0.5145839256004521,0.7866395370647284,0.12131458815507361,0.04067861327217309,2.220446049250313e-16,0.6323202332553841
cont,Griewank,8,ES_1P1,10000,med,2,30,0.09375,0.02690011969114915,0.18946446742553866,0.12131458815507361,0.04067861327217309,2.220446049250313e-16,0.6323202332553841
cont,Griewank,8,ES_1P1,10000,hard,1,30,0.0625,0.011585315861443594,0.14409039131834475,0.12131458815507361,0.04067861327217309,2.220446049250313e-16,0.6323202332553841
cont,Griewank,8,FA,2000,easy,0,30,0.03125,0.0016532542666409576,0.09211405994732372,0.7318833584400007,0.752423622962633,0.48720627639972325,0.8599219577663871
cont,Griewank,8,FA,2000,med,0,30,0.03125,0.0016532542666409576,0.09211405994732372,0.7318833584400007,0.752423622962633,0.48720627639972325,0.8599219577663871
cont,Griewank,8,FA,2000,hard,0,30,0.03125,0.0016532542666409576,0.09211405994732372,0.7318833584400007,0.752423622962633,0.48720627639972325,0.8599219577663871
cont,Griewank,8,FA,5000,easy,0,30,0.03125,0.0016532542666409576,0.09211405994732372,0.6818380004755276,0.7048282657461188,0.3265872107313321,0.8201754055312183
cont,Griewank,8,FA,5000,med,0,30,0.03125,0.0016532542666409576,0.09211405994732372,0.6818380004755276,0.7048282657461188,0.3265872107313321,0.8201754055312183
cont,Griewank,8,FA,5000,hard,0,30,0.03125,0.0016532542666409576,0.09211405994732372,0.6818380004755276,0.7048282657461188,0.3265872107313321,0.8201754055312183
cont,Griewank,8,FA,8000,easy,0,30,0.03125,0.0016532542666409576,0.09211405994732372,0.6167035760648568,0.6429515840588176,0.1250054723372681,0.74579989333839
cont,Griewank,8,FA,8000,med,0,30,0.03125,0.0016532542666409576,0.09211405994732372,0.6167035760648568,0.6429515840588176,0.1250054723372681,0.74579989333839
cont,Griewank,8,FA,8000,hard,0,30,0.03125,0.0016532542666409576,0.09211405994732372,0.6167035760648568,0.6429515840588176,0.1250054723372681,0.74579989333839
cont,Griewank,8,FA,10000,easy,0,30,0.03125,0.0016532542666409576,0.09211405994732372,0.6513754473903484,0.6532480743925794,0.5410749756514361,0.7595674341319738
cont,Griewank,8,FA,10000,med,0,30,0.03125,0.0016532542666409576,0.09211405994732372,0.6513754473903484,0.6532480743925794,0.5410749756514361,0.7595674341319738
cont,Griewank,8,FA,10000,hard,0,30,0.03125,0.0016532542666409576,0.09211405994732372,0.6513754473903484,0.6532480743925794,0.5410749756514361,0.7595674341319738
cont,Griewank,8,GWO,2000,easy,19,30,0.625,0.4817507467611476,0.7592251415339075,0.07969586829617423,0.04182962258401979,0.00018922243418084683,0.2863449620671241
cont,Griewank,8,GWO,2000,med,4,30,0.15625,0.06578047054601774,0.2713711815575147,0.07969586829617423,0.04182962258401979,0.00018922243418084683,0.2863449620671241
cont,Griewank,8,GWO,2000,hard,3,30,0.125,0.04530017302264189,0.23150297514336832,0.07969586829617423,0.04182962258401979,0.00018922243418084683,0.2863449620671241
cont,Griewank,8,GWO,5000,easy,20,30,0.65625,0.5145839256004521,0.7866395370647284,0.08894257333585867,0.0454445196136023,0.0026286724644717374,0.4576449960089858
cont,Griewank,8,GWO,5000,med,2,30,0.09375,0.02690011969114915,0.18946446742553866,0.08894257333585867,0.0454445196136023,0.0026286724644717374,0.4576449960089858
cont,Griewank,8,GWO,5000,hard,0,30,0.03125,0.0016532542666409576,0.09211405994732372,0.08894257333585867,0.0454445196136023,0.0026286724644717374,0.4576449960089858
cont,Griewank,8,GWO,8000,easy,17,30,0.5625,0.417973431326673,0.7025127599090644,0.0913736734322364,0.07266752051984215,0.0015539995217356273,0.28595818890532065
cont,Griewank,8,GWO,8000,med,4,30,0.15625,0.06578047054601774,0.2713711815575147,0.0913736734322364,0.07266752051984215,0.0015539995217356273,0.28595818890532065
cont,Griewank,8,GWO,8000,hard,0,30,0.03125,0.0016532542666409576,0.09211405994732372,0.0913736734322364,0.07266752051984215,0.0015539995217356273,0.28595818890532065
cont,Griewank,8,GWO,10000,easy,23,30,0.75,0.6173897690830179,0.8645994152416211,0.05671273665876415,0.02362459627248159,0.0009340037587015626,0.2759118662372252
cont,Griewank,8,GWO,10000,med,12,30,0.40625,0.2688262762232274,0.5504433740305475,0.05671273665876415,0.02362459627248159,0.0009340037587015626,0.2759118662372252
cont,Griewank,8,GWO,10000,hard,1,30,0.0625,0.011585315861443594,0.14409039131834475,0.05671273665876415,0.02362459627248159,0.0009340037587015626,0.2759118662372252
cont,Griewank,8,MFO,2000,easy,0,30,0.03125,0.0016532542666409576,0.09211405994732372,0.4796602275015965,0.4829149753285448,0.1525585024248588,0.7344840465032374
cont,Griewank,8,MFO,2000,med,0,30,0.03125,0.0016532542666409576,0.09211405994732372,0.4796602275015965,0.4829149753285448,0.1525585024248588,0.7344840465032374
cont,Griewank,8,MFO,2000,hard,0,30,0.03125,0.0016532542666409576,0.09211405994732372,0.4796602275015965,0.4829149753285448,0.1525585024248588,0.7344840465032374
cont,Griewank,8,MFO,5000,easy,0,30,0.03125,0.0016532542666409576,0.09211405994732372,0.40376214017703466,0.3874696487978923,0.17891627832655643,0.639029345270298
cont,Griewank,8,MFO,5000,med,0,30,0.03125,0.0016532542666409576,0.09211405994732372,0.40376214017703466,0.3874696487978923,0.17891627832655643,0.639029345270298
cont,Griewank,8,MFO,5000,hard,0,30,0.03125,0.0016532542666409576,0.09211405994732372,0.40376214017703466,0.3874696487978923,0.17891627832655643,0.639029345270298
cont,Griewank,8,MFO,8000,easy,1,30,0.0625,0.011585315861443594,0.14409039131834475,0.30620221668102726,0.29548776806448224,0.05758523895740264,0.6172564215287455
cont,Griewank,8,MFO,8000,med,0,30,0.03125,0.0016532542666409576,0.09211405994732372,0.30620221668102726,0.29548776806448224,0.05758523895740264,0.6172564215287455
cont,Griewank,8,MFO,8000,hard,0,30,0.03125,0.0016532542666409576,0.09211405994732372,0.30620221668102726,0.29548776806448224,0.05758523895740264,0.6172564215287455
cont,Griewank,8,MFO,10000,easy,4,30,0.15625,0.06578047054601774,0.2713711815575147,0.30015224609920604,0.32187150552707133,0.03500350731358892,0.6422922283048776
cont,Griewank,8,MFO,10000,med,0,30,0.03125,0.0016532542666409576,0.09211405994732372,0.30015224609920604,0.32187150552707133,0.03500350731358892,0.6422922283048776
cont,Griewank,8,MFO,10000,hard,0,30,0.03125,0.0016532542666409576,0.09211405994732372,0.30015224609920604,0.32187150552707133,0.03500350731358892,0.6422922283048776
cont,Griewank,8,PSO_GBEST,2000,easy,19,30,0.625,0.4817507467611476,0.7592251415339075,0.12309103583851459,0.05158959829340726,0.0004223125760651758,0.45758330081279963
cont,Griewank,8,PSO_GBEST,2000,med,1,30,0.0625,0.011585315861443594,0.14409039131834475,0.12309103583851459,0.05158959829340726,0.0004223125760651758,0.45758330081279963
cont,Griewank,8,PSO_GBEST,2000,hard,1,30,0.0625,0.011585315861443594,0.14409039131834475,0.12309103583851459,0.05158959829340726,0.0004223125760651758,0.45758330081279963
cont,Griewank,8,PSO_GBEST,5000,easy,21,30,0.6875,0.5480955827806314,0.8133783644295347,0.09117596095251596,0.04662993400808019,1.6818471060275897e-09,0.3043604593025565
cont,Griewank,8,PSO_GBEST,5000,med,4,30,0.15625,0.06578047054601774,0.2713711815575147,0.09117596095251596,0.04662993400808019,1.6818471060275897e-09,0.3043604593025565
cont,Griewank,8,PSO_GBEST,5000,hard,2,30,0.09375,0.02690011969114915,0.18946446742553866,0.09117596095251596,0.04662993400808019,1.6818471060275897e-09,0.3043604593025565
cont,Griewank,8,PSO_GBEST,8000,easy,20,30,0.65625,0.5145839256004521,0.7866395370647284,0.09275646713682158,0.03774686752463419,1.0658141036401503e-14,0.3042394373232016
cont,Griewank,8,PSO_GBEST,8000,med,5,30,0.1875,0.08781446714324878,0.30964351535764695,0.09275646713682158,0.03774686752463419,1.0658141036401503e-14,0.3042394373232016
cont,Griewank,8,PSO_GBEST,8000,hard,3,30,0.125,0.04530017302264189,0.23150297514336832,0.09275646713682158,0.03774686752463419,1.0658141036401503e-14,0.3042394373232016
cont,Griewank,8,PSO_GBEST,10000,easy,22,30,0.71875,0.5823396662557391,0.8393889087436222,0.08684262422288545,0.03329118502478995,0.0,0.3110059370679302
cont,Griewank,8,PSO_GBEST,10000,med,5,30,0.1875,0.08781446714324878,0.30964351535764695,0.08684262422288545,0.03329118502478995,0.0,0.3110059370679302
cont,Griewank,8,PSO_GBEST,10000,hard,1,30,0.0625,0.011585315861443594,0.14409039131834475,0.08684262422288545,0.03329118502478995,0.0,0.3110059370679302
cont,Griewank,8,WOA,2000,easy,14,30,0.46875,0.3267393648975071,0.6130177450552665,0.16952592642685435,0.10425749069561119,0.004023771763013273,0.4895908343646309
cont,Griewank,8,WOA,2000,med,1,30,0.0625,0.011585315861443594,0.14409039131834475,0.16952592642685435,0.10425749069561119,0.004023771763013273,0.4895908343646309
cont,Griewank,8,WOA,2000,hard,0,30,0.03125,0.0016532542666409576,0.09211405994732372,0.16952592642685435,0.10425749069561119,0.004023771763013273,0.4895908343646309
cont,Griewank,8,WOA,5000,easy,19,30,0.625,0.4817507467611476,0.7592251415339075,0.12205950637150562,0.05847148746603825,0.008869501469701446,0.5550645323378806
cont,Griewank,8,WOA,5000,med,1,30,0.0625,0.011585315861443594,0.14409039131834475,0.12205950637150562,0.05847148746603825,0.008869501469701446,0.5550645323378806
cont,Griewank,8,WOA,5000,hard,0,30,0.03125,0.0016532542666409576,0.09211405994732372,0.12205950637150562,0.05847148746603825,0.008869501469701446,0.5550645323378806
cont,Griewank,8,WOA,8000,easy,19,30,0.625,0.4817507467611476,0.7592251415339075,0.12408526932196731,0.06276960739581644,0.010661270172752979,0.3452333574640378
cont,Griewank,8,WOA,8000,med,0,30,0.03125,0.0016532542666409576,0.09211405994732372,0.12408526932196731,0.06276960739581644,0.010661270172752979,0.3452333574640378
cont,Griewank,8,WOA,8000,hard,0,30,0.03125,0.0016532542666409576,0.09211405994732372,0.12408526932196731,0.06276960739581644,0.010661270172752979,0.3452333574640378
cont,Griewank,8,WOA,10000,easy,17,30,0.5625,0.417973431326673,0.7025127599090644,0.1406159812514129,0.051319190981045704,0.007504097419038014,0.4573378020461767
cont,Griewank,8,WOA,10000,med,2,30,0.09375,0.02690011969114915,0.18946446742553866,0.1406159812514129,0.051319190981045704,0.007504097419038014,0.4573378020461767
cont,Griewank,8,WOA,10000,hard,0,30,0.03125,0.0016532542666409576,0.09211405994732372,0.1406159812514129,0.051319190981045704,0.007504097419038014,0.4573378020461767
cont,Griewank,9,ALO,2000,easy,0,30,0.03125,0.0016532542666409576,0.09211405994732372,0.8946150152781271,0.9253232983855508,0.38216961309318986,1.0020823692341125
cont,Griewank,9,ALO,2000,med,0,30,0.03125,0.0016532542666409576,0.09211405994732372,0.8946150152781271,0.9253232983855508,0.38216961309318986,1.0020823692341125
cont,Griewank,9,ALO,2000,hard,0,30,0.03125,0.0016532542666409576,0.09211405994732372,0.8946150152781271,0.9253232983855508,0.38216961309318986,1.0020823692341125
cont,Griewank,9,ALO,5000,easy,0,30,0.03125,0.0016532542666409576,0.09211405994732372,0.8568676932586127,0.874124096595105,0.643734270173176,0.9765277072463073
cont,Griewank,9,ALO,5000,med,0,30,0.03125,0.0016532542666409576,0.09211405994732372,0.8568676932586127,0.874124096595105,0.643734270173176,0.9765277072463073
cont,Griewank,9,ALO,5000,hard,0,30,0.03125,0.0016532542666409576,0.09211405994732372,0.8568676932586127,0.874124096595105,0.643734270173176,0.9765277072463073
cont,Griewank,9,ALO,8000,easy,0,30,0.03125,0.0016532542666409576,0.09211405994732372,0.8050564302557394,0.8238990516922625,0.5405635095376085,0.9867875512883467
cont,Griewank,9,ALO,8000,med,0,30,0.03125,0.0016532542666409576,0.09211405994732372,0.8050564302557394,0.8238990516922625,0.5405635095376085,0.9867875512883467
cont,Griewank,9,ALO,8000,hard,0,30,0.03125,0.0016532542666409576,0.09211405994732372,0.8050564302557394,0.8238990516922625,0.5405635095376085,0.9867875512883467
cont,Griewank,9,ALO,10000,easy,0,30,0.03125,0.0016532542666409576,0.09211405994732372,0.7724913048226557,0.7880127131841062,0.44941692264352384,0.9769625657554619
cont,Griewank,9,ALO,10000,med,0,30,0.03125,0.0016532542666409576,0.09211405994732372,0.7724913048226557,0.7880127131841062,0.44941692264352384,0.9769625657554619
cont,Griewank,9,ALO,10000,hard,0,30,0.03125,0.0016532542666409576,0.09211405994732372,0.7724913048226557,0.7880127131841062,0.44941692264352384,0.9769625657554619
cont,Griewank,9,BA,2000,easy,0,30,0.03125,0.0016532542666409576,0.09211405994732372,0.8899154661920833,0.9401334541314363,0.6254321085361657,1.0146396256829924
cont,Griewank,9,BA,2000,med,0,30,0.03125,0.0016532542666409576,0.09211405994732372,0.8899154661920833,0.9401334541314363,0.6254321085361657,1.0146396256829924
cont,Griewank,9,BA,2000,hard,0,30,0.03125,0.0016532542666409576,0.09211405994732372,0.8899154661920833,0.9401334541314363,0.6254321085361657,1.0146396256829924
cont,Griewank,9,BA,5000,easy,0,30,0.03125,0.0016532542666409576,0.09211405994732372,0.8147067110138563,0.867137361390865,0.5135782803965236,0.9603914887228151
cont,Griewank,9,BA,5000,med,0,30,0.03125,0.0016532542666409576,0.09211405994732372,0.8147067110138563,0.867137361390865,0.5135782803965236,0.9603914887228151
cont,Griewank,9,BA,5000,hard,0,30,0.03125,0.0016532542666409576,0.09211405994732372,0.8147067110138563,0.867137361390865,0.5135782803965236,0.9603914887228151
cont,Griewank,9,BA,8000,easy,0,30,0.03125,0.0016532542666409576,0.09211405994732372,0.6626235475448699,0.6868104932611385,0.2478131254242516,0.9265844157337074
cont,Griewank,9,BA,8000,med,0,30,0.03125,0.0016532542666409576,0.09211405994732372,0.6626235475448699,0.6868104932611385,0.2478131254242516,0.9265844157337074
cont,Griewank,9,BA,8000,hard,0,30,0.03125,0.0016532542666409576,0.09211405994732372,0.6626235475448699,0.6868104932611385,0.2478131254242516,0.9265844157337074
cont,Griewank,9,BA,10000,easy,1,30,0.0625,0.011585315861443594,0.14409039131834475,0.5659115720024314,0.5997030204610697,0.02361621808274339,0.8671505238799502
cont,Griewank,9,BA,10000,med,0,30,0.03125,0.0016532542666409576,0.09211405994732372,0.5659115720024314,0.5997030204610697,0.02361621808274339,0.8671505238799502
cont,Griewank,9,BA,10000,hard,0,30,0.03125,0.0016532542666409576,0.09211405994732372,0.5659115720024314,0.5997030204610697,0.02361621808274339,0.8671505238799502
cont,Griewank,9,ES_1P1,2000,easy,17,30,0.5625,0.417973431326673,0.7025127599090644,0.1524260516791214,0.06804728270415733,0.007396040334115672,0.800243670697407
cont,Griewank,9,ES_1P1,2000,med,2,30,0.09375,0.02690011969114915,0.18946446742553866,0.1524260516791214,0.06804728270415733,0.007396040334115672,0.800243670697407
cont,Griewank,9,ES_1P1,2000,hard,0,30,0.03125,0.0016532542666409576,0.09211405994732372,0.1524260516791214,0.06804728270415733,0.007396040334115672,0.800243670697407
cont,Griewank,9,ES_1P1,5000,easy,18,30,0.59375,0.4495566259694524,0.7311737237767726,0.13932233052964166,0.08490766399818855,1.1102230246251565e-16,0.862407073758839
cont,Griewank,9,ES_1P1,5000,med,6,30,0.21875,0.11108877125926007,0.3466525437888071,0.13932233052964166,0.08490766399818855,1.1102230246251565e-16,0.862407073758839
cont,Griewank,9,ES_1P1,5000,hard,2,30,0.09375,0.02690011969114915,0.18946446742553866,0.13932233052964166,0.08490766399818855,1.1102230246251565e-16,0.862407073758839
cont,Griewank,9,ES_1P1,8000,easy,16,30,0.53125,0.3869822549447333,0.6732606351024929,0.16252984547715849,0.06312496529587885,0.007396040334115339,0.8334785156486271
cont,Griewank,9,ES_1P1,8000,med,2,30,0.09375,0.02690011969114915,0.18946446742553866,0.16252984547715849,0.06312496529587885,0.007396040334115339,0.8334785156486271
cont,Griewank,9,ES_1P1,8000,hard,0,30,0.03125,0.0016532542666409576,0.09211405994732372,0.16252984547715849,0.06312496529587885,0.007396040334115339,0.8334785156486271
cont,Griewank,9,ES_1P1,10000,easy,16,30,0.53125,0.3869822549447333,0.6732606351024929,0.14674704902452082,0.09230853977191794,0.0,0.5997321546007297
cont,Griewank,9,ES_1P1,10000,med,5,30,0.1875,0.08781446714324878,0.30964351535764695,0.14674704902452082,0.09230853977191794,0.0,0.5997321546007297
cont,Griewank,9,ES_1P1,10000,hard,2,30,0.09375,0.02690011969114915,0.18946446742553866,0.14674704902452082,0.09230853977191794,0.0,0.5997321546007297
cont,Griewank,9,FA,2000,easy,0,30,0.03125,0.0016532542666409576,0.09211405994732372,0.7996680091881136,0.8023602544978854,0.505504671303326,0.9116706419206233
cont,Griewank,9,FA,2000,med,0,30,0.03125,0.0016532542666409576,0.09211405994732372,0.7996680091881136,0.8023602544978854,0.505504671303326,0.9116706419206233
cont,Griewank,9,FA,2000,hard,0,30,0.03125,0.0016532542666409576,0.09211405994732372,0.7996680091881136,0.8023602544978854,0.505504671303326,0.9116706419206233
cont,Griewank,9,FA,5000,easy,0,30,0.03125,0.0016532542666409576,0.09211405994732372,0.7042919795465004,0.726956151794711,0.4343619561723232,0.8358017279201493
cont,Griewank,9,FA,5000,med,0,30,0.03125,0.0016532542666409576,0.09211405994732372,0.7042919795465004,0.726956151794711,0.4343619561723232,0.8358017279201493
cont,Griewank,9,FA,5000,hard,0,30,0.03125,0.0016532542666409576,0.09211405994732372,0.7042919795465004,0.726956151794711,0.4343619561723232,0.8358017279201493
cont,Griewank,9,FA,8000,easy,0,30,0.03125,0.0016532542666409576,0.09211405994732372,0.6982537215022898,0.7251958359788151,0.5008873265513131,0.8337009080201397
cont,Griewank,9,FA,8000,med,0,30,0.03125,0.0016532542666409576,0.09211405994732372,0.6982537215022898,0.7251958359788151,0.5008873265513131,0.8337009080201397
cont,Griewank,9,FA,8000,hard,0,30,0.03125,0.0016532542666409576,0.09211405994732372,0.6982537215022898,0.7251958359788151,0.5008873265513131,0.8337009080201397
cont,Griewank,9,FA,10000,easy,0,30,0.03125,0.0016532542666409576,0.09211405994732372,0.6690317549251065,0.6976619176711504,0.4228248803180321,0.7930096475749042
cont,Griewank,9,FA,10000,med,0,30,0.03125,0.0016532542666409576,0.09211405994732372,0.6690317549251065,0.6976619176711504,0.4228248803180321,0.7930096475749042
cont,Griewank,9,FA,10000,hard,0,30,0.03125,0.0016532542666409576,0.09211405994732372,0.6690317549251065,0.6976619176711504,0.4228248803180321,0.7930096475749042
cont,Griewank,9,GWO,2000,easy,18,30,0.59375,0.4495566259694524,0.7311737237767726,0.12004177186366824,0.08009414876331183,0.006301600611276825,0.41288620628464434
cont,Griewank,9,GWO,2000,med,3,30,0.125,0.04530017302264189,0.23150297514336832,0.12004177186366824,0.08009414876331183,0.006301600611276825,0.41288620628464434
cont,Griewank,9,GWO,2000,hard,0,30,0.03125,0.0016532542666409576,0.09211405994732372,0.12004177186366824,0.08009414876331183,0.006301600611276825,0.41288620628464434
cont,Griewank,9,GWO,5000,easy,19,30,0.625,0.4817507467611476,0.7592251415339075,0.10170975931361706,0.0798876979173273,0.001163149429449395,0.40349510317536486
cont,Griewank,9,GWO,5000,med,3,30,0.125,0.04530017302264189,0.23150297514336832,0.10170975931361706,0.0798876979173273,0.001163149429449395,0.40349510317536486
cont,Griewank,9,GWO,5000,hard,0,30,0.03125,0.0016532542666409576,0.09211405994732372,0.10170975931361706,0.0798876979173273,0.001163149429449395,0.40349510317536486
cont,Griewank,9,GWO,8000,easy,14,30,0.46875,0.3267393648975071,0.6130177450552665,0.11423994219148557,0.12101024078792477,0.0003918272183449645,0.3727866793897996
cont,Griewank,9,GWO,8000,med,2,30,0.09375,0.02690011969114915,0.18946446742553866,0.11423994219148557,0.12101024078792477,0.0003918272183449645,0.3727866793897996
cont,Griewank,9,GWO,8000,hard,2,30,0.09375,0.02690011969114915,0.18946446742553866,0.11423994219148557,0.12101024078792477,0.0003918272183449645,0.3727866793897996
cont,Griewank,9,GWO,10000,easy,16,30,0.53125,0.3869822549447333,0.6732606351024929,0.12014655335499633,0.09573875892476935,0.0003717468313805261,0.3689834380252972
cont,Griewank,9,GWO,10000,med,1,30,0.0625,0.011585315861443594,0.14409039131834475,0.12014655335499633,0.09573875892476935,0.0003717468313805261,0.3689834380252972
cont,Griewank,9,GWO,10000,hard,1,30,0.0625,0.011585315861443594,0.14409039131834475,0.12014655335499633,0.09573875892476935,0.0003717468313805261,0.3689834380252972
cont,Griewank,9,MFO,2000,easy,0,30,0.03125,0.0016532542666409576,0.09211405994732372,0.5373260418545084,0.5487249888580784,0.310891533587799,0.8461641120320794
cont,Griewank,9,MFO,2000,med,0,30,0.03125,0.0016532542666409576,0.09211405994732372,0.5373260418545084,0.5487249888580784,0.310891533587799,0.8461641120320794
cont,Griewank,9,MFO,2000,hard,0,30,0.03125,0.0016532542666409576,0.09211405994732372,0.5373260418545084,0.5487249888580784,0.310891533587799,0.8461641120320794
cont,Griewank,9,MFO,5000,easy,0,30,0.03125,0.0016532542666409576,0.09211405994732372,0.363154317715085,0.3272146690561349,0.10261311245809812,0.6974124987429353
cont,Griewank,9,MFO,5000,med,0,30,0.03125,0.0016532542666409576,0.09211405994732372,0.363154317715085,0.3272146690561349,0.10261311245809812,0.6974124987429353
cont,Griewank,9,MFO,5000,hard,0,30,0.03125,0.0016532542666409576,0.09211405994732372,0.363154317715085,0.3272146690561349,0.10261311245809812,0.6974124987429353
cont,Griewank,9,MFO,8000,easy,1,30,0.0625,0.011585315861443594,0.14409039131834475,0.31984324290688393,0.29514905315726025,0.0438510868033446,0.574243016221001
cont,Griewank,9,MFO,8000,med,0,30,0.03125,0.0016532542666409576,0.09211405994732372,0.31984324290688393,0.29514905315726025,0.0438510868033446,0.574243016221001
cont,Griewank,9,MFO,8000,hard,0,30,0.03125,0.0016532542666409576,0.09211405994732372,0.31984324290688393,0.29514905315726025,0.0438510868033446,0.574243016221001
cont,Griewank,9,MFO,10000,easy,3,30,0.125,0.04530017302264189,0.23150297514336832,0.2799786286648941,0.22635423167580465,0.044199569377573966,0.5953717295912943
cont,Griewank,9,MFO,10000,med,0,30,0.03125,0.0016532542666409576,0.09211405994732372,0.2799786286648941,0.22635423167580465,0.044199569377573966,0.5953717295912943
cont,Griewank,9,MFO,10000,hard,0,30,0.03125,0.0016532542666409576,0.09211405994732372,0.2799786286648941,0.22635423167580465,0.044199569377573966,0.5953717295912943
cont,Griewank,9,PSO_GBEST,2000,easy,20,30,0.65625,0.5145839256004521,0.7866395370647284,0.0893283189679097,0.03534430555519824,0.007591798245898507,0.3084879415595956
cont,Griewank,9,PSO_GBEST,2000,med,2,30,0.09375,0.02690011969114915,0.18946446742553866,0.0893283189679097,0.03534430555519824,0.007591798245898507,0.3084879415595956
cont,Griewank,9,PSO_GBEST,2000,hard,0,30,0.03125,0.0016532542666409576,0.09211405994732372,0.0893283189679097,0.03534430555519824,0.007591798245898507,0.3084879415595956
cont,Griewank,9,PSO_GBEST,5000,easy,19,30,0.625,0.4817507467611476,0.7592251415339075,0.08600940887909235,0.04697936125109059,1.6610578468245762e-09,0.29512183121925684
cont,Griewank,9,PSO_GBEST,5000,med,6,30,0.21875,0.11108877125926007,0.3466525437888071,0.08600940887909235,0.04697936125109059,1.6610578468245762e-09,0.29512183121925684
cont,Griewank,9,PSO_GBEST,5000,hard,1,30,0.0625,0.011585315861443594,0.14409039131834475,0.08600940887909235,0.04697936125109059,1.6610578468245762e-09,0.29512183121925684
cont,Griewank,9,PSO_GBEST,8000,easy,19,30,0.625,0.4817507467611476,0.7592251415339075,0.0982325500661923,0.06928272427169502,0.007396040334116338,0.49044894105217407
cont,Griewank,9,PSO_GBEST,8000,med,6,30,0.21875,0.11108877125926007,0.3466525437888071,0.0982325500661923,0.06928272427169502,0.007396040334116338,0.49044894105217407
cont,Griewank,9,PSO_GBEST,8000,hard,0,30,0.03125,0.0016532542666409576,0.09211405994732372,0.0982325500661923,0.06928272427169502,0.007396040334116338,0.49044894105217407
cont,Griewank,9,PSO_GBEST,10000,easy,20,30,0.65625,0.5145839256004521,0.7866395370647284,0.0930445895311978,0.05572055650478125,0.0,0.33616163933828036
cont,Griewank,9,PSO_GBEST,10000,med,3,30,0.125,0.04530017302264189,0.23150297514336832,0.0930445895311978,0.05572055650478125,0.0,0.33616163933828036
cont,Griewank,9,PSO_GBEST,10000,hard,1,30,0.0625,0.011585315861443594,0.14409039131834475,0.0930445895311978,0.05572055650478125,0.0,0.33616163933828036
cont,Griewank,9,WOA,2000,easy,13,30,0.4375,0.29748724009093563,0.582026568673327,0.20960545858200047,0.13045697375824322,0.03038766771632917,0.6754641835142707
cont,Griewank,9,WOA,2000,med,0,30,0.03125,0.0016532542666409576,0.09211405994732372,0.20960545858200047,0.13045697375824322,0.03038766771632917,0.6754641835142707
cont,Griewank,9,WOA,2000,hard,0,30,0.03125,0.0016532542666409576,0.09211405994732372,0.20960545858200047,0.13045697375824322,0.03038766771632917,0.6754641835142707
cont,Griewank,9,WOA,5000,easy,15,30,0.5,0.3565721369616578,0.6434278630383421,0.14242338657361794,0.10632846564540499,0.008748669039298718,0.634407399866622
cont,Griewank,9,WOA,5000,med,1,30,0.0625,0.011585315861443594,0.14409039131834475,0.14242338657361794,0.10632846564540499,0.008748669039298718,0.634407399866622
cont,Griewank,9,WOA,5000,hard,0,30,0.03125,0.0016532542666409576,0.09211405994732372,0.14242338657361794,0.10632846564540499,0.008748669039298718,0.634407399866622
cont,Griewank,9,WOA,8000,easy,16,30,0.53125,0.3869822549447333,0.6732606351024929,0.14032579157865716,0.07720728054726334,0.004105298459309292,0.6627204931658597
cont,Griewank,9,WOA,8000,med,2,30,0.09375,0.02690011969114915,0.18946446742553866,0.14032579157865716,0.07720728054726334,0.004105298459309292,0.6627204931658597
cont,Griewank,9,WOA,8000,hard,0,30,0.03125,0.0016532542666409576,0.09211405994732372,0.14032579157865716,0.07720728054726334,0.004105298459309292,0.6627204931658597
cont,Griewank,9,WOA,10000,easy,17,30,0.5625,0.417973431326673,0.7025127599090644,0.13602952388422304,0.06732744924541417,0.0007160956134405483,0.5246082206235281
cont,Griewank,9,WOA,10000,med,1,30,0.0625,0.011585315861443594,0.14409039131834475,0.13602952388422304,0.06732744924541417,0.0007160956134405483,0.5246082206235281
cont,Griewank,9,WOA,10000,hard,1,30,0.0625,0.011585315861443594,0.14409039131834475,0.13602952388422304,0.06732744924541417,0.0007160956134405483,0.5246082206235281
cont,Griewank,10,ALO,2000,easy,0,30,0.03125,0.0016532542666409576,0.09211405994732372,0.880640426092627,0.9008665621919796,0.6118361486331304,0.9990241698632496
cont,Griewank,10,ALO,2000,med,0,30,0.03125,0.0016532542666409576,0.09211405994732372,0.880640426092627,0.9008665621919796,0.6118361486331304,0.9990241698632496
cont,Griewank,10,ALO,2000,hard,0,30,0.03125,0.0016532542666409576,0.09211405994732372,0.880640426092627,0.9008665621919796,0.6118361486331304,0.9990241698632496
cont,Griewank,10,ALO,5000,easy,0,30,0.03125,0.0016532542666409576,0.09211405994732372,0.814312909106961,0.8267196753651931,0.38584362124690885,1.016659272767534
cont,Griewank,10,ALO,5000,med,0,30,0.03125,0.0016532542666409576,0.09211405994732372,0.814312909106961,0.8267196753651931,0.38584362124690885,1.016659272767534
cont,Griewank,10,ALO,5000,hard,0,30,0.03125,0.0016532542666409576,0.09211405994732372,0.814312909106961,0.8267196753651931,0.38584362124690885,1.016659272767534
cont,Griewank,10,ALO,8000,easy,0,30,0.03125,0.0016532542666409576,0.09211405994732372,0.8014457533496215,0.8079471847501466,0.48674584954425837,1.0126229162401055
cont,Griewank,10,ALO,8000,med,0,30,0.03125,0.0016532542666409576,0.09211405994732372,0.8014457533496215,0.8079471847501466,0.48674584954425837,1.0126229162401055
cont,Griewank,10,ALO,8000,hard,0,30,0.03125,0.0016532542666409576,0.09211405994732372,0.8014457533496215,0.8079471847501466,0.48674584954425837,1.0126229162401055
cont,Griewank,10,ALO,10000,easy,0,30,0.03125,0.0016532542666409576,0.09211405994732372,0.7424550956327509,0.7825692996948159,0.31687286977206974,0.9378969784971823
cont,Griewank,10,ALO,10000,med,0,30,0.03125,0.0016532542666409576,0.09211405994732372,0.7424550956327509,0.7825692996948159,0.31687286977206974,0.9378969784971823
cont,Griewank,10,ALO,10000,hard,0,30,0.03125,0.0016532542666409576,0.09211405994732372,0.7424550956327509,0.7825692996948159,0.31687286977206974,0.9378969784971823
cont,Griewank,10,BA,2000,easy,0,30,0.03125,0.0016532542666409576,0.09211405994732372,0.8732087666637566,0.8831798395060825,0.6425065722215457,0.9916463118959817
cont,Griewank,10,BA,2000,med,0,30,0.03125,0.0016532542666409576,0.09211405994732372,0.8732087666637566,0.8831798395060825,0.6425065722215457,0.9916463118959817
cont,Griewank,10,BA,2000,hard,0,30,0.03125,0.0016532542666409576,0.09211405994732372,0.8732087666637566,0.8831798395060825,0.6425065722215457,0.9916463118959817
cont,Griewank,10,BA,5000,easy,0,30,0.03125,0.0016532542666409576,0.09211405994732372,0.7505641596562314,0.7611854018110877,0.34454829629133754,1.0107855957165475
cont,Griewank,10,BA,5000,med,0,30,0.03125,0.0016532542666409576,0.09211405994732372,0.7505641596562314,0.7611854018110877,0.34454829629133754,1.0107855957165475
cont,Griewank,10,BA,5000,hard,0,30,0.03125,0.0016532542666409576,0.09211405994732372,0.7505641596562314,0.7611854018110877,0.34454829629133754,1.0107855957165475
cont,Griewank,10,BA,8000,easy,0,30,0.03125,0.0016532542666409576,0.09211405994732372,0.6417326568156466,0.6419784760896632,0.3287933086602999,0.9598629438660943
cont,Griewank,10,BA,8000,med,0,30,0.03125,0.0016532542666409576,0.09211405994732372,0.6417326568156466,0.6419784760896632,0.3287933086602999,0.9598629438660943
cont,Griewank,10,BA,8000,hard,0,30,0.03125,0.0016532542666409576,0.09211405994732372,0.6417326568156466,0.6419784760896632,0.3287933086602999,0.9598629438660943
cont,Griewank,10,BA,10000,easy,0,30,0.03125,0.0016532542666409576,0.09211405994732372,0.6055666464885635,0.6532847340878112,0.23338885281896626,0.8711415135661225
cont,Griewank,10,BA,10000,med,0,30,0.03125,0.0016532542666409576,0.09211405994732372,0.6055666464885635,0.6532847340878112,0.23338885281896626,0.8711415135661225
cont,Griewank,10,BA,10000,hard,0,30,0.03125,0.0016532542666409576,0.09211405994732372,0.6055666464885635,0.6532847340878112,0.23338885281896626,0.8711415135661225
cont,Griewank,10,ES_1P1,2000,easy,20,30,0.65625,0.5145839256004521,0.7866395370647284,0.1544664754690178,0.03327776357209267,0.007396040334116227,0.6412651250195617
cont,Griewank,10,ES_1P1,2000,med,4,30,0.15625,0.06578047054601774,0.2713711815575147,0.1544664754690178,0.03327776357209267,0.007396040334116227,0.6412651250195617
cont,Griewank,10,ES_1P1,2000,hard,0,30,0.03125,0.0016532542666409576,0.09211405994732372,0.1544664754690178,0.03327776357209267,0.007396040334116227,0.6412651250195617
cont,Griewank,10,ES_1P1,5000,easy,17,30,0.5625,0.417973431326673,0.7025127599090644,0.2245050801306517,0.043099435936323205,1.1102230246251565e-16,0.7942466178484084
cont,Griewank,10,ES_1P1,5000,med,4,30,0.15625,0.06578047054601774,0.2713711815575147,0.2245050801306517,0.043099435936323205,1.1102230246251565e-16,0.7942466178484084
cont,Griewank,10,ES_1P1,5000,hard,2,30,0.09375,0.02690011969114915,0.18946446742553866,0.2245050801306517,0.043099435936323205,1.1102230246251565e-16,0.7942466178484084
cont,Griewank,10,ES_1P1,8000,easy,14,30,0.46875,0.3267393648975071,0.6130177450552665,0.22603146364568308,0.16352654267515654,0.009864672061006163,0.7123032142794482
cont,Griewank,10,ES_1P1,8000,med,1,30,0.0625,0.011585315861443594,0.14409039131834475,0.22603146364568308,0.16352654267515654,0.009864672061006163,0.7123032142794482
cont,Griewank,10,ES_1P1,8000,hard,0,30,0.03125,0.0016532542666409576,0.09211405994732372,0.22603146364568308,0.16352654267515654,0.009864672061006163,0.7123032142794482
cont,Griewank,10,ES_1P1,10000,easy,13,30,0.4375,0.29748724009093563,0.582026568673327,0.23508721235439295,0.17211869320439616,0.00739604033411545,0.7639888999664639
cont,Griewank,10,ES_1P1,10000,med,3,30,0.125,0.04530017302264189,0.23150297514336832,0.23508721235439295,0.17211869320439616,0.00739604033411545,0.7639888999664639
cont,Griewank,10,ES_1P1,10000,hard,0,30,0.03125,0.0016532542666409576,0.09211405994732372,0.23508721235439295,0.17211869320439616,0.00739604033411545,0.7639888999664639
cont,Griewank,10,FA,2000,easy,0,30,0.03125,0.0016532542666409576,0.09211405994732372,0.74801978923238,0.757219644116833,0.5715697855533337,0.8791249645844066
cont,Griewank,10,FA,2000,med,0,30,0.03125,0.0016532542666409576,0.09211405994732372,0.74801978923238,0.757219644116833,0.5715697855533337,0.8791249645844066
cont,Griewank,10,FA,2000,hard,0,30,0.03125,0.0016532542666409576,0.09211405994732372,0.74801978923238,0.757219644116833,0.5715697855533337,0.8791249645844066
cont,Griewank,10,FA,5000,easy,0,30,0.03125,0.0016532542666409576,0.09211405994732372,0.6522712446491984,0.7026390607023321,0.2781934050694804,0.8081972400560008
cont,Griewank,10,FA,5000,med,0,30,0.03125,0.0016532542666409576,0.09211405994732372,0.6522712446491984,0.7026390607023321,0.2781934050694804,0.8081972400560008
cont,Griewank,10,FA,5000,hard,0,30,0.03125,0.0016532542666409576,0.09211405994732372,0.6522712446491984,0.7026390607023321,0.2781934050694804,0.8081972400560008
cont,Griewank,10,FA,8000,easy,0,30,0.03125,0.0016532542666409576,0.09211405994732372,0.6212400713816532,0.6242626612032498,0.37028435819020245,0.7873285965857556
cont,Griewank,10,FA,8000,med,0,30,0.03125,0.0016532542666409576,0.09211405994732372,0.6212400713816532,0.6242626612032498,0.37028435819020245,0.7873285965857556
cont,Griewank,10,FA,8000,hard,0,30,0.03125,0.0016532542666409576,0.09211405994732372,0.6212400713816532,0.6242626612032498,0.37028435819020245,0.7873285965857556
cont,Griewank,10,FA,10000,easy,0,30,0.03125,0.0016532542666409576,0.09211405994732372,0.645171511196077,0.6547929259670078,0.4578871664008193,0.7978897775455437
cont,Griewank,10,FA,10000,med,0,30,0.03125,0.0016532542666409576,0.09211405994732372,0.645171511196077,0.6547929259670078,0.4578871664008193,0.7978897775455437
cont,Griewank,10,FA,10000,hard,0,30,0.03125,0.0016532542666409576,0.09211405994732372,0.645171511196077,0.6547929259670078,0.4578871664008193,0.7978897775455437
cont,Griewank,10,GWO,2000,easy,25,30,0.8125,0.690356484642353,0.9121855328567512,0.06285144232294905,0.035103959830762144,0.007669828891365138,0.35248209667993535
cont,Griewank,10,GWO,2000,med,1,30,0.0625,0.011585315861443594,0.14409039131834475,0.06285144232294905,0.035103959830762144,0.007669828891365138,0.35248209667993535
cont,Griewank,10,GWO,2000,hard,0,30,0.03125,0.0016532542666409576,0.09211405994732372,0.06285144232294905,0.035103959830762144,0.007669828891365138,0.35248209667993535
cont,Griewank,10,GWO,5000,easy,29,30,0.9375,0.8559096086816552,0.9884146841385564,0.04755415505755381,0.036967422863657395,0.009472596519384258,0.16527236708254223
cont,Griewank,10,GWO,5000,med,1,30,0.0625,0.011585315861443594,0.14409039131834475,0.04755415505755381,0.036967422863657395,0.009472596519384258,0.16527236708254223
cont,Griewank,10,GWO,5000,hard,0,30,0.03125,0.0016532542666409576,0.09211405994732372,0.04755415505755381,0.036967422863657395,0.009472596519384258,0.16527236708254223
cont,Griewank,10,GWO,8000,easy,19,30,0.625,0.4817507467611476,0.7592251415339075,0.08359062684374839,0.04603631289632354,0.0038708717755129296,0.26781302868591506
cont,Griewank,10,GWO,8000,med,2,30,0.09375,0.02690011969114915,0.18946446742553866,0.08359062684374839,0.04603631289632354,0.0038708717755129296,0.26781302868591506
cont,Griewank,10,GWO,8000,hard,0,30,0.03125,0.0016532542666409576,0.09211405994732372,0.08359062684374839,0.04603631289632354,0.0038708717755129296,0.26781302868591506
cont,Griewank,10,GWO,10000,easy,25,30,0.8125,0.690356484642353,0.9121855328567512,0.05820310377424268,0.03688275125666374,0.002420055261761478,0.17437781171247413
cont,Griewank,10,GWO,10000,med,1,30,0.0625,0.011585315861443594,0.14409039131834475,0.05820310377424268,0.03688275125666374,0.002420055261761478,0.17437781171247413
cont,Griewank,10,GWO,10000,hard,0,30,0.03125,0.0016532542666409576,0.09211405994732372,0.05820310377424268,0.03688275125666374,0.002420055261761478,0.17437781171247413
cont,Griewank,10,MFO,2000,easy,0,30,0.03125,0.0016532542666409576,0.09211405994732372,0.532055027877314,0.5492939183429842,0.24301251700078375,0.8269190441538213
cont,Griewank,10,MFO,2000,med,0,30,0.03125,0.0016532542666409576,0.09211405994732372,0.532055027877314,0.5492939183429842,0.24301251700078375,0.8269190441538213
cont,Griewank,10,MFO,2000,hard,0,30,0.03125,0.0016532542666409576,0.09211405994732372,0.532055027877314,0.5492939183429842,0.24301251700078375,0.8269190441538213
cont,Griewank,10,MFO,5000,easy,0,30,0.03125,0.0016532542666409576,0.09211405994732372,0.43848474952146244,0.4124640821770993,0.15586346435935616,0.8451023177052597
cont,Griewank,10,MFO,5000,med,0,30,0.03125,0.0016532542666409576,0.09211405994732372,0.43848474952146244,0.4124640821770993,0.15586346435935616,0.8451023177052597
cont,Griewank,10,MFO,5000,hard,0,30,0.03125,0.0016532542666409576,0.09211405994732372,0.43848474952146244,0.4124640821770993,0.15586346435935616,0.8451023177052597
cont,Griewank,10,MFO,8000,easy,1,30,0.0625,0.011585315861443594,0.14409039131834475,0.37660641493840863,0.38844500772656465,0.05250888097033768,0.6611337686700018
cont,Griewank,10,MFO,8000,med,0,30,0.03125,0.0016532542666409576,0.09211405994732372,0.37660641493840863,0.38844500772656465,0.05250888097033768,0.6611337686700018
cont,Griewank,10,MFO,8000,hard,0,30,0.03125,0.0016532542666409576,0.09211405994732372,0.37660641493840863,0.38844500772656465,0.05250888097033768,0.6611337686700018
cont,Griewank,10,MFO,10000,easy,2,30,0.09375,0.02690011969114915,0.18946446742553866,0.31508249864468146,0.2836631325453796,0.039745697534981916,0.835727598406136
cont,Griewank,10,MFO,10000,med,0,30,0.03125,0.0016532542666409576,0.09211405994732372,0.31508249864468146,0.2836631325453796,0.039745697534981916,0.835727598406136
cont,Griewank,10,MFO,10000,hard,0,30,0.03125,0.0016532542666409576,0.09211405994732372,0.31508249864468146,0.2836631325453796,0.039745697534981916,0.835727598406136
cont,Griewank,10,PSO_GBEST,2000,easy,19,30,0.625,0.4817507467611476,0.7592251415339075,0.13676363957572235,0.04209702264004411,0.007831879389914254,0.6486264083393578
cont,Griewank,10,PSO_GBEST,2000,med,1,30,0.0625,0.011585315861443594,0.14409039131834475,0.13676363957572235,0.04209702264004411,0.007831879389914254,0.6486264083393578
cont,Griewank,10,PSO_GBEST,2000,hard,0,30,0.03125,0.0016532542666409576,0.09211405994732372,0.13676363957572235,0.04209702264004411,0.007831879389914254,0.6486264083393578
cont,Griewank,10,PSO_GBEST,5000,easy,26,30,0.84375,0.7286288184424853,0.9342195294539822,0.052709864990327336,0.02463706273998323,0.007396041375542062,0.4198835074526891
cont,Griewank,10,PSO_GBEST,5000,med,9,30,0.3125,0.18662163557046532,0.4519044172193684,0.052709864990327336,0.02463706273998323,0.007396041375542062,0.4198835074526891
cont,Griewank,10,PSO_GBEST,5000,hard,0,30,0.03125,0.0016532542666409576,0.09211405994732372,0.052709864990327336,0.02463706273998323,0.007396041375542062,0.4198835074526891
cont,Griewank,10,PSO_GBEST,8000,easy,19,30,0.625,0.4817507467611476,0.7592251415339075,0.07904314879834752,0.025864559989673963,6.106226635438361e-15,0.40264131722104524
cont,Griewank,10,PSO_GBEST,8000,med,7,30,0.25,0.1354005847583789,0.3826102309169821,0.07904314879834752,0.025864559989673963,6.106226635438361e-15,0.40264131722104524
cont,Griewank,10,PSO_GBEST,8000,hard,3,30,0.125,0.04530017302264189,0.23150297514336832,0.07904314879834752,0.025864559989673963,6.106226635438361e-15,0.40264131722104524
cont,Griewank,10,PSO_GBEST,10000,easy,22,30,0.71875,0.5823396662557391,0.8393889087436222,0.07584856080593644,0.03755139948374131,0.0,0.5160799235430484
cont,Griewank,10,PSO_GBEST,10000,med,5,30,0.1875,0.08781446714324878,0.30964351535764695,0.07584856080593644,0.03755139948374131,0.0,0.5160799235430484
cont,Griewank,10,PSO_GBEST,10000,hard,1,30,0.0625,0.011585315861443594,0.14409039131834475,0.07584856080593644,0.03755139948374131,0.0,0.5160799235430484
cont,Griewank,10,WOA,2000,easy,18,30,0.59375,0.4495566259694524,0.7311737237767726,0.17042242460132043,0.065314473144507,0.020638860002620163,0.5428907387145205
cont,Griewank,10,WOA,2000,med,0,30,0.03125,0.0016532542666409576,0.09211405994732372,0.17042242460132043,0.065314473144507,0.020638860002620163,0.5428907387145205
cont,Griewank,10,WOA,2000,hard,0,30,0.03125,0.0016532542666409576,0.09211405994732372,0.17042242460132043,0.065314473144507,0.020638860002620163,0.5428907387145205
cont,Griewank,10,WOA,5000,easy,24,30,0.78125,0.6533474562111927,0.8889112287407399,0.08845321537683419,0.04413870087052035,0.008860219486108378,0.48286295392673784
cont,Griewank,10,WOA,5000,med,2,30,0.09375,0.02690011969114915,0.18946446742553866,0.08845321537683419,0.04413870087052035,0.008860219486108378,0.48286295392673784
cont,Griewank,10,WOA,5000,hard,0,30,0.03125,0.0016532542666409576,0.09211405994732372,0.08845321537683419,0.04413870087052035,0.008860219486108378,0.48286295392673784
cont,Griewank,10,WOA,8000,easy,25,30,0.8125,0.690356484642353,0.9121855328567512,0.06702598466344627,0.036691485935515744,0.009951114779738313,0.39853075888354905
cont,Griewank,10,WOA,8000,med,1,30,0.0625,0.011585315861443594,0.14409039131834475,0.06702598466344627,0.036691485935515744,0.009951114779738313,0.39853075888354905
cont,Griewank,10,WOA,8000,hard,0,30,0.03125,0.0016532542666409576,0.09211405994732372,0.06702598466344627,0.036691485935515744,0.009951114779738313,0.39853075888354905
cont,Griewank,10,WOA,10000,easy,24,30,0.78125,0.6533474562111927,0.8889112287407399,0.07822655060587522,0.039749766778740425,0.00037427304124248995,0.3787466055462254
cont,Griewank,10,WOA,10000,med,2,30,0.09375,0.02690011969114915,0.18946446742553866,0.07822655060587522,0.039749766778740425,0.00037427304124248995,0.3787466055462254
cont,Griewank,10,WOA,10000,hard,1,30,0.0625,0.011585315861443594,0.14409039131834475,0.07822655060587522,0.039749766778740425,0.00037427304124248995,0.3787466055462254
cont,Griewank,11,ALO,2000,easy,0,30,0.03125,0.0016532542666409576,0.09211405994732372,0.8882701832601145,0.9328916661251643,0.41924323403883124,1.0071421840317905
cont,Griewank,11,ALO,2000,med,0,30,0.03125,0.0016532542666409576,0.09211405994732372,0.8882701832601145,0.9328916661251643,0.41924323403883124,1.0071421840317905
cont,Griewank,11,ALO,2000,hard,0,30,0.03125,0.0016532542666409576,0.09211405994732372,0.8882701832601145,0.9328916661251643,0.41924323403883124,1.0071421840317905
cont,Griewank,11,ALO,5000,easy,0,30,0.03125,0.0016532542666409576,0.09211405994732372,0.8424115136294431,0.8607829616904683,0.5159221156714144,0.992526103922924
cont,Griewank,11,ALO,5000,med,0,30,0.03125,0.0016532542666409576,0.09211405994732372,0.8424115136294431,0.8607829616904683,0.5159221156714144,0.992526103922924
cont,Griewank,11,ALO,5000,hard,0,30,0.03125,0.0016532542666409576,0.09211405994732372,0.8424115136294431,0.8607829616904683,0.5159221156714144,0.992526103922924
cont,Griewank,11,ALO,8000,easy,0,30,0.03125,0.0016532542666409576,0.09211405994732372,0.7754056665288879,0.7937274337503335,0.4153367379773243,0.9849699540840711
cont,Griewank,11,ALO,8000,med,0,30,0.03125,0.0016532542666409576,0.09211405994732372,0.7754056665288879,0.7937274337503335,0.4153367379773243,0.9849699540840711
cont,Griewank,11,ALO,8000,hard,0,30,0.03125,0.0016532542666409576,0.09211405994732372,0.7754056665288879,0.7937274337503335,0.4153367379773243,0.9849699540840711
cont,Griewank,11,ALO,10000,easy,0,30,0.03125,0.0016532542666409576,0.09211405994732372,0.7745407070132058,0.8098855063599852,0.29848977858335946,0.9691916164857372
cont,Griewank,11,ALO,10000,med,0,30,0.03125,0.0016532542666409576,0.09211405994732372,0.7745407070132058,0.8098855063599852,0.29848977858335946,0.9691916164857372
cont,Griewank,11,ALO,10000,hard,0,30,0.03125,0.0016532542666409576,0.09211405994732372,0.7745407070132058,0.8098855063599852,0.29848977858335946,0.9691916164857372
cont,Griewank,11,BA,2000,easy,0,30,0.03125,0.0016532542666409576,0.09211405994732372,0.8292746957608845,0.875742087179952,0.48793658396185746,0.9973789139316427
cont,Griewank,11,BA,2000,med,0,30,0.03125,0.0016532542666409576,0.09211405994732372,0.8292746957608845,0.875742087179952,0.48793658396185746,0.9973789139316427
cont,Griewank,11,BA,2000,hard,0,30,0.03125,0.0016532542666409576,0.09211405994732372,0.8292746957608845,0.875742087179952,0.48793658396185746,0.9973789139316427
cont,Griewank,11,BA,5000,easy,1,30,0.0625,0.011585315861443594,0.14409039131834475,0.7715897227215837,0.8319264942052953,0.07124776059759075,0.9730719306372917
cont,Griewank,11,BA,5000,med,0,30,0.03125,0.0016532542666409576,0.09211405994732372,0.7715897227215837,0.8319264942052953,0.07124776059759075,0.9730719306372917
cont,Griewank,11,BA,5000,hard,0,30,0.03125,0.0016532542666409576,0.09211405994732372,0.7715897227215837,0.8319264942052953,0.07124776059759075,0.9730719306372917
cont,Griewank,11,BA,8000,easy,0,30,0.03125,0.0016532542666409576,0.09211405994732372,0.5995741680945237,0.6259953114790466,0.16255456067365448,0.8713110227470743
cont,Griewank,11,BA,8000,med,0,30,0.03125,0.0016532542666409576,0.09211405994732372,0.5995741680945237,0.6259953114790466,0.16255456067365448,0.8713110227470743
cont,Griewank,11,BA,8000,hard,0,30,0.03125,0.0016532542666409576,0.09211405994732372,0.5995741680945237,0.6259953114790466,0.16255456067365448,0.8713110227470743
cont,Griewank,11,BA,10000,easy,0,30,0.03125,0.0016532542666409576,0.09211405994732372,0.5963123729140142,0.5933097400867209,0.23358119657173315,0.8878257816126744
cont,Griewank,11,BA,10000,med,0,30,0.03125,0.0016532542666409576,0.09211405994732372,0.5963123729140142,0.5933097400867209,0.23358119657173315,0.8878257816126744
cont,Griewank,11,BA,10000,hard,0,30,0.03125,0.0016532542666409576,0.09211405994732372,0.5963123729140142,0.5933097400867209,0.23358119657173315,0.8878257816126744
cont,Griewank,11,ES_1P1,2000,easy,16,30,0.53125,0.3869822549447333,0.6732606351024929,0.17584772001794277,0.09040033903321987,3.3306690738754696e-16,0.726176585370919
cont,Griewank,11,ES_1P1,2000,med,4,30,0.15625,0.06578047054601774,0.2713711815575147,0.17584772001794277,0.09040033903321987,3.3306690738754696e-16,0.726176585370919
cont,Griewank,11,ES_1P1,2000,hard,1,30,0.0625,0.011585315861443594,0.14409039131834475,0.17584772001794277,0.09040033903321987,3.3306690738754696e-16,0.726176585370919
cont,Griewank,11,ES_1P1,5000,easy,12,30,0.40625,0.2688262762232274,0.5504433740305475,0.21181665121531748,0.14226994094203566,0.007396040334114895,0.7512135709919072
cont,Griewank,11,ES_1P1,5000,med,6,30,0.21875,0.11108877125926007,0.3466525437888071,0.21181665121531748,0.14226994094203566,0.007396040334114895,0.7512135709919072
cont,Griewank,11,ES_1P1,5000,hard,0,30,0.03125,0.0016532542666409576,0.09211405994732372,0.21181665121531748,0.14226994094203566,0.007396040334114895,0.7512135709919072
cont,Griewank,11,ES_1P1,8000,easy,16,30,0.53125,0.3869822549447333,0.6732606351024929,0.16191292231728,0.08424546141765826,0.0,0.5173476932812894
cont,Griewank,11,ES_1P1,8000,med,2,30,0.09375,0.02690011969114915,0.18946446742553866,0.16191292231728,0.08424546141765826,0.0,0.5173476932812894
cont,Griewank,11,ES_1P1,8000,hard,1,30,0.0625,0.011585315861443594,0.14409039131834475,0.16191292231728,0.08424546141765826,0.0,0.5173476932812894
cont,Griewank,11,ES_1P1,10000,easy,10,30,0.34375,0.21336046293527158,0.485416074399548,0.24515643306456114,0.1385778569518466,0.009864672061006385,0.8335417974881965
cont,Griewank,11,ES_1P1,10000,med,1,30,0.0625,0.011585315861443594,0.14409039131834475,0.24515643306456114,0.1385778569518466,0.009864672061006385,0.8335417974881965
cont,Griewank,11,ES_1P1,10000,hard,0,30,0.03125,0.0016532542666409576,0.09211405994732372,0.24515643306456114,0.1385778569518466,0.009864672061006385,0.8335417974881965
cont,Griewank,11,FA,2000,easy,0,30,0.03125,0.0016532542666409576,0.09211405994732372,0.7320969438529767,0.7449830518882974,0.511591356226512,0.909001616892835
cont,Griewank,11,FA,2000,med,0,30,0.03125,0.0016532542666409576,0.09211405994732372,0.7320969438529767,0.7449830518882974,0.511591356226512,0.909001616892835
cont,Griewank,11,FA,2000,hard,0,30,0.03125,0.0016532542666409576,0.09211405994732372,0.7320969438529767,0.7449830518882974,0.511591356226512,0.909001616892835
cont,Griewank,11,FA,5000,easy,0,30,0.03125,0.0016532542666409576,0.09211405994732372,0.6157696533076558,0.6339762198274177,0.40550400646744056,0.8096697412444052
cont,Griewank,11,FA,5000,med,0,30,0.03125,0.0016532542666409576,0.09211405994732372,0.6157696533076558,0.6339762198274177,0.40550400646744056,0.8096697412444052
cont,Griewank,11,FA,5000,hard,0,30,0.03125,0.0016532542666409576,0.09211405994732372,0.6157696533076558,0.6339762198274177,0.40550400646744056,0.8096697412444052
cont,Griewank,11,FA,8000,easy,0,30,0.03125,0.0016532542666409576,0.09211405994732372,0.6073067066201214,0.608718927384087,0.4729290129013749,0.7226083678421433
cont,Griewank,11,FA,8000,med,0,30,0.03125,0.0016532542666409576,0.09211405994732372,0.6073067066201214,0.608718927384087,0.4729290129013749,0.7226083678421433
cont,Griewank,11,FA,8000,hard,0,30,0.03125,0.0016532542666409576,0.09211405994732372,0.6073067066201214,0.608718927384087,0.4729290129013749,0.7226083678421433
cont,Griewank,11,FA,10000,easy,0,30,0.03125,0.0016532542666409576,0.09211405994732372,0.5817104293384516,0.5838554551825147,0.39693512032898404,0.7191445357406276
cont,Griewank,11,FA,10000,med,0,30,0.03125,0.0016532542666409576,0.09211405994732372,0.5817104293384516,0.5838554551825147,0.39693512032898404,0.7191445357406276
cont,Griewank,11,FA,10000,hard,0,30,0.03125,0.0016532542666409576,0.09211405994732372,0.5817104293384516,0.5838554551825147,0.39693512032898404,0.7191445357406276
cont,Griewank,11,GWO,2000,easy,21,30,0.6875,0.5480955827806314,0.8133783644295347,0.09249615586800179,0.05301123368857691,0.0007859709820101646,0.35310092409082783
cont,Griewank,11,GWO,2000,med,2,30,0.09375,0.02690011969114915,0.18946446742553866,0.09249615586800179,0.05301123368857691,0.0007859709820101646,0.35310092409082783
cont,Griewank,11,GWO,2000,hard,1,30,0.0625,0.011585315861443594,0.14409039131834475,0.09249615586800179,0.05301123368857691,0.0007859709820101646,0.35310092409082783
cont,Griewank,11,GWO,5000,easy,25,30,0.8125,0.690356484642353,0.9121855328567512,0.07857654740327528,0.07389944068864185,3.338564230104257e-05,0.4332408712143224
cont,Griewank,11,GWO,5000,med,4,30,0.15625,0.06578047054601774,0.2713711815575147,0.07857654740327528,0.07389944068864185,3.338564230104257e-05,0.4332408712143224
cont,Griewank,11,GWO,5000,hard,3,30,0.125,0.04530017302264189,0.23150297514336832,0.07857654740327528,0.07389944068864185,3.338564230104257e-05,0.4332408712143224
cont,Griewank,11,GWO,8000,easy,19,30,0.625,0.4817507467611476,0.7592251415339075,0.08897360147844272,0.08219895345973016,5.091386684186183e-05,0.3086891268691674
cont,Griewank,11,GWO,8000,med,2,30,0.09375,0.02690011969114915,0.18946446742553866,0.08897360147844272,0.08219895345973016,5.091386684186183e-05,0.3086891268691674
cont,Griewank,11,GWO,8000,hard,2,30,0.09375,0.02690011969114915,0.18946446742553866,0.08897360147844272,0.08219895345973016,5.091386684186183e-05,0.3086891268691674
cont,Griewank,11,GWO,10000,easy,23,30,0.75,0.6173897690830179,0.8645994152416211,0.08483952609929739,0.08156540601493173,0.015008818912972566,0.3653904020859582
cont,Griewank,11,GWO,10000,med,0,30,0.03125,0.0016532542666409576,0.09211405994732372,0.08483952609929739,0.08156540601493173,0.015008818912972566,0.3653904020859582
cont,Griewank,11,GWO,10000,hard,0,30,0.03125,0.0016532542666409576,0.09211405994732372,0.08483952609929739,0.08156540601493173,0.015008818912972566,0.3653904020859582
cont,Griewank,11,MFO,2000,easy,0,30,0.03125,0.0016532542666409576,0.09211405994732372,0.5687959993948344,0.6068769713026454,0.1318211715922608,0.834922591960522
cont,Griewank,11,MFO,2000,med,0,30,0.03125,0.0016532542666409576,0.09211405994732372,0.5687959993948344,0.6068769713026454,0.1318211715922608,0.834922591960522
cont,Griewank,11,MFO,2000,hard,0,30,0.03125,0.0016532542666409576,0.09211405994732372,0.5687959993948344,0.6068769713026454,0.1318211715922608,0.834922591960522
cont,Griewank,11,MFO,5000,easy,0,30,0.03125,0.0016532542666409576,0.09211405994732372,0.39125163852633543,0.3798715546153287,0.13589848470408872,0.7857648560648404
cont,Griewank,11,MFO,5000,med,0,30,0.03125,0.0016532542666409576,0.09211405994732372,0.39125163852633543,0.3798715546153287,0.13589848470408872,0.7857648560648404
cont,Griewank,11,MFO,5000,hard,0,30,0.03125,0.0016532542666409576,0.09211405994732372,0.39125163852633543,0.3798715546153287,0.13589848470408872,0.7857648560648404
cont,Griewank,11,MFO,8000,easy,2,30,0.09375,0.02690011969114915,0.18946446742553866,0.3505692020755176,0.3295328436971855,0.06724144032432144,0.7721128060087556
cont,Griewank,11,MFO,8000,med,0,30,0.03125,0.0016532542666409576,0.09211405994732372,0.3505692020755176,0.3295328436971855,0.06724144032432144,0.7721128060087556
cont,Griewank,11,MFO,8000,hard,0,30,0.03125,0.0016532542666409576,0.09211405994732372,0.3505692020755176,0.3295328436971855,0.06724144032432144,0.7721128060087556
cont,Griewank,11,MFO,10000,easy,2,30,0.09375,0.02690011969114915,0.18946446742553866,0.3279165109144735,0.3311736624969858,0.05120197733123133,0.6333409072451688
cont,Griewank,11,MFO,10000,med,0,30,0.03125,0.0016532542666409576,0.09211405994732372,0.3279165109144735,0.3311736624969858,0.05120197733123133,0.6333409072451688
cont,Griewank,11,MFO,10000,hard,0,30,0.03125,0.0016532542666409576,0.09211405994732372,0.3279165109144735,0.3311736624969858,0.05120197733123133,0.6333409072451688
cont,Griewank,11,PSO_GBEST,2000,easy,16,30,0.53125,0.3869822549447333,0.6732606351024929,0.1143007607449312,0.08137410372771114,0.01259810599655442,0.3858647631208528
cont,Griewank,11,PSO_GBEST,2000,med,0,30,0.03125,0.0016532542666409576,0.09211405994732372,0.1143007607449312,0.08137410372771114,0.01259810599655442,0.3858647631208528
cont,Griewank,11,PSO_GBEST,2000,hard,0,30,0.03125,0.0016532542666409576,0.09211405994732372,0.1143007607449312,0.08137410372771114,0.01259810599655442,0.3858647631208528
cont,Griewank,11,PSO_GBEST,5000,easy,15,30,0.5,0.3565721369616578,0.6434278630383421,0.14608066603421535,0.09517545317109893,1.1883115158539681e-08,0.5785492895531401
cont,Griewank,11,PSO_GBEST,5000,med,4,30,0.15625,0.06578047054601774,0.2713711815575147,0.14608066603421535,0.09517545317109893,1.1883115158539681e-08,0.5785492895531401
cont,Griewank,11,PSO_GBEST,5000,hard,1,30,0.0625,0.011585315861443594,0.14409039131834475,0.14608066603421535,0.09517545317109893,1.1883115158539681e-08,0.5785492895531401
cont,Griewank,11,PSO_GBEST,8000,easy,18,30,0.59375,0.4495566259694524,0.7311737237767726,0.14206977139846003,0.0842454614176742,0.0073960403341170045,0.5849504091242932
cont,Griewank,11,PSO_GBEST,8000,med,2,30,0.09375,0.02690011969114915,0.18946446742553866,0.14206977139846003,0.0842454614176742,0.0073960403341170045,0.5849504091242932
cont,Griewank,11,PSO_GBEST,8000,hard,0,30,0.03125,0.0016532542666409576,0.09211405994732372,0.14206977139846003,0.0842454614176742,0.0073960403341170045,0.5849504091242932
cont,Griewank,11,PSO_GBEST,10000,easy,18,30,0.59375,0.4495566259694524,0.7311737237767726,0.10814827923055227,0.06489182458572057,0.0,0.339439443762635
cont,Griewank,11,PSO_GBEST,10000,med,2,30,0.09375,0.02690011969114915,0.18946446742553866,0.10814827923055227,0.06489182458572057,0.0,0.339439443762635
cont,Griewank,11,PSO_GBEST,10000,hard,1,30,0.0625,0.011585315861443594,0.14409039131834475,0.10814827923055227,0.06489182458572057,0.0,0.339439443762635
cont,Griewank,11,WOA,2000,easy,9,30,0.3125,0.18662163557046532,0.4519044172193684,0.1879210095665334,0.1462986565423149,0.0032645212439313953,0.5458182498083147
cont,Griewank,11,WOA,2000,med,1,30,0.0625,0.011585315861443594,0.14409039131834475,0.1879210095665334,0.1462986565423149,0.0032645212439313953,0.5458182498083147
cont,Griewank,11,WOA,2000,hard,0,30,0.03125,0.0016532542666409576,0.09211405994732372,0.1879210095665334,0.1462986565423149,0.0032645212439313953,0.5458182498083147
cont,Griewank,11,WOA,5000,easy,16,30,0.53125,0.3869822549447333,0.6732606351024929,0.14633556932079136,0.09145178315267793,0.008739240238169077,0.5104853757293908
cont,Griewank,11,WOA,5000,med,1,30,0.0625,0.011585315861443594,0.14409039131834475,0.14633556932079136,0.09145178315267793,0.008739240238169077,0.5104853757293908
cont,Griewank,11,WOA,5000,hard,0,30,0.03125,0.0016532542666409576,0.09211405994732372,0.14633556932079136,0.09145178315267793,0.008739240238169077,0.5104853757293908
cont,Griewank,11,WOA,8000,easy,19,30,0.625,0.4817507467611476,0.7592251415339075,0.12409973094261298,0.055069376418689364,0.007634641262172059,0.3938167088513672
cont,Griewank,11,WOA,8000,med,2,30,0.09375,0.02690011969114915,0.18946446742553866,0.12409973094261298,0.055069376418689364,0.007634641262172059,0.3938167088513672
cont,Griewank,11,WOA,8000,hard,0,30,0.03125,0.0016532542666409576,0.09211405994732372,0.12409973094261298,0.055069376418689364,0.007634641262172059,0.3938167088513672
cont,Griewank,11,WOA,10000,easy,19,30,0.625,0.4817507467611476,0.7592251415339075,0.1035596713085627,0.05871213492162608,0.00026335352072337503,0.3969455512497657
cont,Griewank,11,WOA,10000,med,2,30,0.09375,0.02690011969114915,0.18946446742553866,0.1035596713085627,0.05871213492162608,0.00026335352072337503,0.3969455512497657
cont,Griewank,11,WOA,10000,hard,2,30,0.09375,0.02690011969114915,0.18946446742553866,0.1035596713085627,0.05871213492162608,0.00026335352072337503,0.3969455512497657
cont,Griewank,12,ALO,2000,easy,0,30,0.03125,0.0016532542666409576,0.09211405994732372,0.9072565926857853,0.9280635553068803,0.5513835109154976,1.0061188376019081
cont,Griewank,12,ALO,2000,med,0,30,0.03125,0.0016532542666409576,0.09211405994732372,0.9072565926857853,0.9280635553068803,0.5513835109154976,1.0061188376019081
cont,Griewank,12,ALO,2000,hard,0,30,0.03125,0.0016532542666409576,0.09211405994732372,0.9072565926857853,0.9280635553068803,0.5513835109154976,1.0061188376019081
cont,Griewank,12,ALO,5000,easy,0,30,0.03125,0.0016532542666409576,0.09211405994732372,0.8374688919191332,0.8514081111660438,0.5388805539217739,0.9991581293343993
cont,Griewank,12,ALO,5000,med,0,30,0.03125,0.0016532542666409576,0.09211405994732372,0.8374688919191332,0.8514081111660438,0.5388805539217739,0.9991581293343993
cont,Griewank,12,ALO,5000,hard,0,30,0.03125,0.0016532542666409576,0.09211405994732372,0.8374688919191332,0.8514081111660438,0.5388805539217739,0.9991581293343993
cont,Griewank,12,ALO,8000,easy,0,30,0.03125,0.0016532542666409576,0.09211405994732372,0.797420501278991,0.8288278949268912,0.5089403795985917,0.9767025589704074
cont,Griewank,12,ALO,8000,med,0,30,0.03125,0.0016532542666409576,0.09211405994732372,0.797420501278991,0.8288278949268912,0.5089403795985917,0.9767025589704074
cont,Griewank,12,ALO,8000,hard,0,30,0.03125,0.0016532542666409576,0.09211405994732372,0.797420501278991,0.8288278949268912,0.5089403795985917,0.9767025589704074
cont,Griewank,12,ALO,10000,easy,1,30,0.0625,0.011585315861443594,0.14409039131834475,0.7594007925460526,0.8041616014730759,0.08962934003563627,0.9411173705275757
cont,Griewank,12,ALO,10000,med,0,30,0.03125,0.0016532542666409576,0.09211405994732372,0.7594007925460526,0.8041616014730759,0.08962934003563627,0.9411173705275757
cont,Griewank,12,ALO,10000,hard,0,30,0.03125,0.0016532542666409576,0.09211405994732372,0.7594007925460526,0.8041616014730759,0.08962934003563627,0.9411173705275757
cont,Griewank,12,BA,2000,easy,0,30,0.03125,0.0016532542666409576,0.09211405994732372,0.882121780728673,0.9133990425579475,0.44162858529741866,0.9926603861880022
cont,Griewank,12,BA,2000,med,0,30,0.03125,0.0016532542666409576,0.09211405994732372,0.882121780728673,0.9133990425579475,0.44162858529741866,0.9926603861880022
cont,Griewank,12,BA,2000,hard,0,30,0.03125,0.0016532542666409576,0.09211405994732372,0.882121780728673,0.9133990425579475,0.44162858529741866,0.9926603861880022
cont,Griewank,12,BA,5000,easy,0,30,0.03125,0.0016532542666409576,0.09211405994732372,0.7560752135335619,0.7602863531776505,0.481069996863532,0.9333973672996871
cont,Griewank,12,BA,5000,med,0,30,0.03125,0.0016532542666409576,0.09211405994732372,0.7560752135335619,0.7602863531776505,0.481069996863532,0.9333973672996871
cont,Griewank,12,BA,5000,hard,0,30,0.03125,0.0016532542666409576,0.09211405994732372,0.7560752135335619,0.7602863531776505,0.481069996863532,0.9333973672996871
cont,Griewank,12,BA,8000,easy,0,30,0.03125,0.0016532542666409576,0.09211405994732372,0.6225709723779407,0.6415688013287388,0.36042072983589635,0.9573306743318675
cont,Griewank,12,BA,8000,med,0,30,0.03125,0.0016532542666409576,0.09211405994732372,0.6225709723779407,0.6415688013287388,0.36042072983589635,0.9573306743318675
cont,Griewank,12,BA,8000,hard,0,30,0.03125,0.0016532542666409576,0.09211405994732372,0.6225709723779407,0.6415688013287388,0.36042072983589635,0.9573306743318675
cont,Griewank,12,BA,10000,easy,0,30,0.03125,0.0016532542666409576,0.09211405994732372,0.5402979129897922,0.5429691624495872,0.12170557818088357,0.8751094851627959
cont,Griewank,12,BA,10000,med,0,30,0.03125,0.0016532542666409576,0.09211405994732372,0.5402979129897922,0.5429691624495872,0.12170557818088357,0.8751094851627959
cont,Griewank,12,BA,10000,hard,0,30,0.03125,0.0016532542666409576,0.09211405994732372,0.5402979129897922,0.5429691624495872,0.12170557818088357,0.8751094851627959
cont,Griewank,12,ES_1P1,2000,easy,23,30,0.75,0.6173897690830179,0.8645994152416211,0.12462728242691551,0.04310856329616264,5.551115123125783e-16,0.7698241366236
cont,Griewank,12,ES_1P1,2000,med,7,30,0.25,0.1354005847583789,0.3826102309169821,0.12462728242691551,0.04310856329616264,5.551115123125783e-16,0.7698241366236
cont,Griewank,12,ES_1P1,2000,hard,2,30,0.09375,0.02690011969114915,0.18946446742553866,0.12462728242691551,0.04310856329616264,5.551115123125783e-16,0.7698241366236
cont,Griewank,12,ES_1P1,5000,easy,23,30,0.75,0.6173897690830179,0.8645994152416211,0.12022021573812595,0.053659522287907935,0.007396040334115117,0.6781770981683567
cont,Griewank,12,ES_1P1,5000,med,2,30,0.09375,0.02690011969114915,0.18946446742553866,0.12022021573812595,0.053659522287907935,0.007396040334115117,0.6781770981683567
cont,Griewank,12,ES_1P1,5000,hard,0,30,0.03125,0.0016532542666409576,0.09211405994732372,0.12022021573812595,0.053659522287907935,0.007396040334115117,0.6781770981683567
cont,Griewank,12,ES_1P1,8000,easy,21,30,0.6875,0.5480955827806314,0.8133783644295347,0.12384463405440425,0.050696252829369626,1.1102230246251565e-16,0.7559889460030511
cont,Griewank,12,ES_1P1,8000,med,3,30,0.125,0.04530017302264189,0.23150297514336832,0.12384463405440425,0.050696252829369626,1.1102230246251565e-16,0.7559889460030511
cont,Griewank,12,ES_1P1,8000,hard,2,30,0.09375,0.02690011969114915,0.18946446742553866,0.12384463405440425,0.050696252829369626,1.1102230246251565e-16,0.7559889460030511
cont,Griewank,12,ES_1P1,10000,easy,18,30,0.59375,0.4495566259694524,0.7311737237767726,0.24272694393910454,0.08606498980499733,0.0,0.8637200150930894
cont,Griewank,12,ES_1P1,10000,med,4,30,0.15625,0.06578047054601774,0.2713711815575147,0.24272694393910454,0.08606498980499733,0.0,0.8637200150930894
cont,Griewank,12,ES_1P1,10000,hard,2,30,0.09375,0.02690011969114915,0.18946446742553866,0.24272694393910454,0.08606498980499733,0.0,0.8637200150930894
cont,Griewank,12,FA,2000,easy,0,30,0.03125,0.0016532542666409576,0.09211405994732372,0.7469786856006492,0.7894543823607514,0.4041500590183693,0.9205861261794889
cont,Griewank,12,FA,2000,med,0,30,0.03125,0.0016532542666409576,0.09211405994732372,0.7469786856006492,0.7894543823607514,0.4041500590183693,0.9205861261794889
cont,Griewank,12,FA,2000,hard,0,30,0.03125,0.0016532542666409576,0.09211405994732372,0.7469786856006492,0.7894543823607514,0.4041500590183693,0.9205861261794889
cont,Griewank,12,FA,5000,easy,0,30,0.03125,0.0016532542666409576,0.09211405994732372,0.7021032369475431,0.7221862859804946,0.5064628683074377,0.8092747483480586
cont,Griewank,12,FA,5000,med,0,30,0.03125,0.0016532542666409576,0.09211405994732372,0.7021032369475431,0.7221862859804946,0.5064628683074377,0.8092747483480586
cont,Griewank,12,FA,5000,hard,0,30,0.03125,0.0016532542666409576,0.09211405994732372,0.7021032369475431,0.7221862859804946,0.5064628683074377,0.8092747483480586
cont,Griewank,12,FA,8000,easy,0,30,0.03125,0.0016532542666409576,0.09211405994732372,0.6403620175062842,0.6747400821481266,0.2629253632990317,0.8309751691023018
cont,Griewank,12,FA,8000,med,0,30,0.03125,0.0016532542666409576,0.09211405994732372,0.6403620175062842,0.6747400821481266,0.2629253632990317,0.8309751691023018
cont,Griewank,12,FA,8000,hard,0,30,0.03125,0.0016532542666409576,0.09211405994732372,0.6403620175062842,0.6747400821481266,0.2629253632990317,0.8309751691023018
cont,Griewank,12,FA,10000,easy,0,30,0.03125,0.0016532542666409576,0.09211405994732372,0.6344772497503783,0.6303774071264026,0.4842567783689993,0.7522150068466443
cont,Griewank,12,FA,10000,med,0,30,0.03125,0.0016532542666409576,0.09211405994732372,0.6344772497503783,0.6303774071264026,0.4842567783689993,0.7522150068466443
cont,Griewank,12,FA,10000,hard,0,30,0.03125,0.0016532542666409576,0.09211405994732372,0.6344772497503783,0.6303774071264026,0.4842567783689993,0.7522150068466443
cont,Griewank,12,GWO,2000,easy,22,30,0.71875,0.5823396662557391,0.8393889087436222,0.07397412536938323,0.012700671550137432,0.0002762212646189033,0.5049814342176902
cont,Griewank,12,GWO,2000,med,10,30,0.34375,0.21336046293527158,0.485416074399548,0.07397412536938323,0.012700671550137432,0.0002762212646189033,0.5049814342176902
cont,Griewank,12,GWO,2000,hard,7,30,0.25,0.1354005847583789,0.3826102309169821,0.07397412536938323,0.012700671550137432,0.0002762212646189033,0.5049814342176902
cont,Griewank,12,GWO,5000,easy,22,30,0.71875,0.5823396662557391,0.8393889087436222,0.06744264004505643,0.020127761083165663,7.606470856136305e-05,0.33814552870367587
cont,Griewank,12,GWO,5000,med,9,30,0.3125,0.18662163557046532,0.4519044172193684,0.06744264004505643,0.020127761083165663,7.606470856136305e-05,0.33814552870367587
cont,Griewank,12,GWO,5000,hard,3,30,0.125,0.04530017302264189,0.23150297514336832,0.06744264004505643,0.020127761083165663,7.606470856136305e-05,0.33814552870367587
cont,Griewank,12,GWO,8000,easy,21,30,0.6875,0.5480955827806314,0.8133783644295347,0.055687335554403784,0.017310735011325573,1.869915006647016e-05,0.188347499886095
cont,Griewank,12,GWO,8000,med,9,30,0.3125,0.18662163557046532,0.4519044172193684,0.055687335554403784,0.017310735011325573,1.869915006647016e-05,0.188347499886095
cont,Griewank,12,GWO,8000,hard,8,30,0.28125,0.16061109125637793,0.4176603337442609,0.055687335554403784,0.017310735011325573,1.869915006647016e-05,0.188347499886095
cont,Griewank,12,GWO,10000,easy,14,30,0.46875,0.3267393648975071,0.6130177450552665,0.12274360756454551,0.1350298132106209,8.795671164407715e-06,0.3927867599971403
cont,Griewank,12,GWO,10000,med,4,30,0.15625,0.06578047054601774,0.2713711815575147,0.12274360756454551,0.1350298132106209,8.795671164407715e-06,0.3927867599971403
cont,Griewank,12,GWO,10000,hard,3,30,0.125,0.04530017302264189,0.23150297514336832,0.12274360756454551,0.1350298132106209,8.795671164407715e-06,0.3927867599971403
cont,Griewank,12,MFO,2000,easy,0,30,0.03125,0.0016532542666409576,0.09211405994732372,0.4509486037670856,0.43516153894768833,0.1232468302557378,0.8396492802668264
cont,Griewank,12,MFO,2000,med,0,30,0.03125,0.0016532542666409576,0.09211405994732372,0.4509486037670856,0.43516153894768833,0.1232468302557378,0.8396492802668264
cont,Griewank,12,MFO,2000,hard,0,30,0.03125,0.0016532542666409576,0.09211405994732372,0.4509486037670856,0.43516153894768833,0.1232468302557378,0.8396492802668264
cont,Griewank,12,MFO,5000,easy,0,30,0.03125,0.0016532542666409576,0.09211405994732372,0.4046436170599289,0.38244338065021855,0.1555422625930385,0.8289783821490713
cont,Griewank,12,MFO,5000,med,0,30,0.03125,0.0016532542666409576,0.09211405994732372,0.4046436170599289,0.38244338065021855,0.1555422625930385,0.8289783821490713
cont,Griewank,12,MFO,5000,hard,0,30,0.03125,0.0016532542666409576,0.09211405994732372,0.4046436170599289,0.38244338065021855,0.1555422625930385,0.8289783821490713
cont,Griewank,12,MFO,8000,easy,1,30,0.0625,0.011585315861443594,0.14409039131834475,0.33779739366918465,0.29503867573922093,0.0783739078311888,0.6843660136553655
cont,Griewank,12,MFO,8000,med,0,30,0.03125,0.0016532542666409576,0.09211405994732372,0.33779739366918465,0.29503867573922093,0.0783739078311888,0.6843660136553655
cont,Griewank,12,MFO,8000,hard,0,30,0.03125,0.0016532542666409576,0.09211405994732372,0.33779739366918465,0.29503867573922093,0.0783739078311888,0.6843660136553655
cont,Griewank,12,MFO,10000,easy,5,30,0.1875,0.08781446714324878,0.30964351535764695,0.234196604852563,0.18996236290363794,0.05859804011274805,0.642317181256653
cont,Griewank,12,MFO,10000,med,0,30,0.03125,0.0016532542666409576,0.09211405994732372,0.234196604852563,0.18996236290363794,0.05859804011274805,0.642317181256653
cont,Griewank,12,MFO,10000,hard,0,30,0.03125,0.0016532542666409576,0.09211405994732372,0.234196604852563,0.18996236290363794,0.05859804011274805,0.642317181256653
cont,Griewank,12,PSO_GBEST,2000,easy,21,30,0.6875,0.5480955827806314,0.8133783644295347,0.09829303772992135,0.074590827734694,0.010232024087800884,0.5628101170032509
cont,Griewank,12,PSO_GBEST,2000,med,0,30,0.03125,0.0016532542666409576,0.09211405994732372,0.09829303772992135,0.074590827734694,0.010232024087800884,0.5628101170032509
cont,Griewank,12,PSO_GBEST,2000,hard,0,30,0.03125,0.0016532542666409576,0.09211405994732372,0.09829303772992135,0.074590827734694,0.010232024087800884,0.5628101170032509
cont,Griewank,12,PSO_GBEST,5000,easy,23,30,0.75,0.6173897690830179,0.8645994152416211,0.08011493861013341,0.06516593171232804,0.012316073960218055,0.5617756577706645
cont,Griewank,12,PSO_GBEST,5000,med,0,30,0.03125,0.0016532542666409576,0.09211405994732372,0.08011493861013341,0.06516593171232804,0.012316073960218055,0.5617756577706645
cont,Griewank,12,PSO_GBEST,5000,hard,0,30,0.03125,0.0016532542666409576,0.09211405994732372,0.08011493861013341,0.06516593171232804,0.012316073960218055,0.5617756577706645
cont,Griewank,12,PSO_GBEST,8000,easy,28,30,0.90625,0.8105355325744613,0.9730998803088509,0.05337522236624279,0.04240707115019693,4.2521541843143495e-13,0.3132700115831225
cont,Griewank,12,PSO_GBEST,8000,med,5,30,0.1875,0.08781446714324878,0.30964351535764695,0.05337522236624279,0.04240707115019693,4.2521541843143495e-13,0.3132700115831225
cont,Griewank,12,PSO_GBEST,8000,hard,1,30,0.0625,0.011585315861443594,0.14409039131834475,0.05337522236624279,0.04240707115019693,4.2521541843143495e-13,0.3132700115831225
cont,Griewank,12,PSO_GBEST,10000,easy,27,30,0.875,0.7684970248566316,0.9546998269773581,0.06756969777224388,0.030312645422352957,0.0,0.5784120215853832
cont,Griewank,12,PSO_GBEST,10000,med,8,30,0.28125,0.16061109125637793,0.4176603337442609,0.06756969777224388,0.030312645422352957,0.0,0.5784120215853832
cont,Griewank,12,PSO_GBEST,10000,hard,3,30,0.125,0.04530017302264189,0.23150297514336832,0.06756969777224388,0.030312645422352957,0.0,0.5784120215853832
cont,Griewank,12,WOA,2000,easy,18,30,0.59375,0.4495566259694524,0.7311737237767726,0.09052599468920006,0.08662231655783897,0.01743303028632759,0.17158944947946064
cont,Griewank,12,WOA,2000,med,0,30,0.03125,0.0016532542666409576,0.09211405994732372,0.09052599468920006,0.08662231655783897,0.01743303028632759,0.17158944947946064
cont,Griewank,12,WOA,2000,hard,0,30,0.03125,0.0016532542666409576,0.09211405994732372,0.09052599468920006,0.08662231655783897,0.01743303028632759,0.17158944947946064
cont,Griewank,12,WOA,5000,easy,25,30,0.8125,0.690356484642353,0.9121855328567512,0.07990002986244749,0.04442164199564497,0.00016827749076575582,0.5557279727461393
cont,Griewank,12,WOA,5000,med,3,30,0.125,0.04530017302264189,0.23150297514336832,0.07990002986244749,0.04442164199564497,0.00016827749076575582,0.5557279727461393
cont,Griewank,12,WOA,5000,hard,1,30,0.0625,0.011585315861443594,0.14409039131834475,0.07990002986244749,0.04442164199564497,0.00016827749076575582,0.5557279727461393
cont,Griewank,12,WOA,8000,easy,21,30,0.6875,0.5480955827806314,0.8133783644295347,0.09016530903256599,0.06362418025985755,0.009929097235824247,0.31331439620229573
cont,Griewank,12,WOA,8000,med,1,30,0.0625,0.011585315861443594,0.14409039131834475,0.09016530903256599,0.06362418025985755,0.009929097235824247,0.31331439620229573
cont,Griewank,12,WOA,8000,hard,0,30,0.03125,0.0016532542666409576,0.09211405994732372,0.09016530903256599,0.06362418025985755,0.009929097235824247,0.31331439620229573
cont,Griewank,12,WOA,10000,easy,23,30,0.75,0.6173897690830179,0.8645994152416211,0.06648796637477908,0.050744227727248015,6.583387686653897e-05,0.2807927260216557
cont,Griewank,12,WOA,10000,med,4,30,0.15625,0.06578047054601774,0.2713711815575147,0.06648796637477908,0.050744227727248015,6.583387686653897e-05,0.2807927260216557
cont,Griewank,12,WOA,10000,hard,1,30,0.0625,0.011585315861443594,0.14409039131834475,0.06648796637477908,0.050744227727248015,6.583387686653897e-05,0.2807927260216557
cont,Griewank,13,ALO,2000,easy,0,30,0.03125,0.0016532542666409576,0.09211405994732372,0.905163781673156,0.928487538366247,0.6302209871547313,1.0147077768805315
cont,Griewank,13,ALO,2000,med,0,30,0.03125,0.0016532542666409576,0.09211405994732372,0.905163781673156,0.928487538366247,0.6302209871547313,1.0147077768805315
cont,Griewank,13,ALO,2000,hard,0,30,0.03125,0.0016532542666409576,0.09211405994732372,0.905163781673156,0.928487538366247,0.6302209871547313,1.0147077768805315
cont,Griewank,13,ALO,5000,easy,0,30,0.03125,0.0016532542666409576,0.09211405994732372,0.8329078871286003,0.8517126765154629,0.36025672767114014,1.0080728410092246
cont,Griewank,13,ALO,5000,med,0,30,0.03125,0.0016532542666409576,0.09211405994732372,0.8329078871286003,0.8517126765154629,0.36025672767114014,1.0080728410092246
cont,Griewank,13,ALO,5000,hard,0,30,0.03125,0.0016532542666409576,0.09211405994732372,0.8329078871286003,0.8517126765154629,0.36025672767114014,1.0080728410092246
cont,Griewank,13,ALO,8000,easy,0,30,0.03125,0.0016532542666409576,0.09211405994732372,0.8040056353144394,0.7938665334507399,0.6342051302197779,1.0115145313980562
cont,Griewank,13,ALO,8000,med,0,30,0.03125,0.0016532542666409576,0.09211405994732372,0.8040056353144394,0.7938665334507399,0.6342051302197779,1.0115145313980562
cont,Griewank,13,ALO,8000,hard,0,30,0.03125,0.0016532542666409576,0.09211405994732372,0.8040056353144394,0.7938665334507399,0.6342051302197779,1.0115145313980562
cont,Griewank,13,ALO,10000,easy,0,30,0.03125,0.0016532542666409576,0.09211405994732372,0.7427228515935772,0.7682771414509566,0.48100591602448073,0.9935850497646685
cont,Griewank,13,ALO,10000,med,0,30,0.03125,0.0016532542666409576,0.09211405994732372,0.7427228515935772,0.7682771414509566,0.48100591602448073,0.9935850497646685
cont,Griewank,13,ALO,10000,hard,0,30,0.03125,0.0016532542666409576,0.09211405994732372,0.7427228515935772,0.7682771414509566,0.48100591602448073,0.9935850497646685
cont,Griewank,13,BA,2000,easy,0,30,0.03125,0.0016532542666409576,0.09211405994732372,0.8498250771509746,0.8737207816983746,0.5998180812169566,0.9996455113083227
cont,Griewank,13,BA,2000,med,0,30,0.03125,0.0016532542666409576,0.09211405994732372,0.8498250771509746,0.8737207816983746,0.5998180812169566,0.9996455113083227
cont,Griewank,13,BA,2000,hard,0,30,0.03125,0.0016532542666409576,0.09211405994732372,0.8498250771509746,0.8737207816983746,0.5998180812169566,0.9996455113083227
cont,Griewank,13,BA,5000,easy,0,30,0.03125,0.0016532542666409576,0.09211405994732372,0.7445057097488673,0.7669645534549816,0.48822175736015594,0.9445839120632646
cont,Griewank,13,BA,5000,med,0,30,0.03125,0.0016532542666409576,0.09211405994732372,0.7445057097488673,0.7669645534549816,0.48822175736015594,0.9445839120632646
cont,Griewank,13,BA,5000,hard,0,30,0.03125,0.0016532542666409576,0.09211405994732372,0.7445057097488673,0.7669645534549816,0.48822175736015594,0.9445839120632646
cont,Griewank,13,BA,8000,easy,0,30,0.03125,0.0016532542666409576,0.09211405994732372,0.6468882912152529,0.6646163945278348,0.24169555851902502,0.9946499868892178
cont,Griewank,13,BA,8000,med,0,30,0.03125,0.0016532542666409576,0.09211405994732372,0.6468882912152529,0.6646163945278348,0.24169555851902502,0.9946499868892178
cont,Griewank,13,BA,8000,hard,0,30,0.03125,0.0016532542666409576,0.09211405994732372,0.6468882912152529,0.6646163945278348,0.24169555851902502,0.9946499868892178
cont,Griewank,13,BA,10000,easy,0,30,0.03125,0.0016532542666409576,0.09211405994732372,0.542341010522183,0.5346549713334073,0.1619154130190369,0.9281032812752334
cont,Griewank,13,BA,10000,med,0,30,0.03125,0.0016532542666409576,0.09211405994732372,0.542341010522183,0.5346549713334073,0.1619154130190369,0.9281032812752334
cont,Griewank,13,BA,10000,hard,0,30,0.03125,0.0016532542666409576,0.09211405994732372,0.542341010522183,0.5346549713334073,0.1619154130190369,0.9281032812752334
cont,Griewank,13,ES_1P1,2000,easy,20,30,0.65625,0.5145839256004521,0.7866395370647284,0.14928177430728756,0.06495538927596406,4.440892098500626e-16,0.7725147852448648
cont,Griewank,13,ES_1P1,2000,med,4,30,0.15625,0.06578047054601774,0.2713711815575147,0.14928177430728756,0.06495538927596406,4.440892098500626e-16,0.7725147852448648
cont,Griewank,13,ES_1P1,2000,hard,1,30,0.0625,0.011585315861443594,0.14409039131834475,0.14928177430728756,0.06495538927596406,4.440892098500626e-16,0.7725147852448648
cont,Griewank,13,ES_1P1,5000,easy,10,30,0.34375,0.21336046293527158,0.485416074399548,0.2578609860902888,0.13780168074861426,0.0,0.6547830813328466
cont,Griewank,13,ES_1P1,5000,med,1,30,0.0625,0.011585315861443594,0.14409039131834475,0.2578609860902888,0.13780168074861426,0.0,0.6547830813328466
cont,Griewank,13,ES_1P1,5000,hard,1,30,0.0625,0.011585315861443594,0.14409039131834475,0.2578609860902888,0.13780168074861426,0.0,0.6547830813328466
cont,Griewank,13,ES_1P1,8000,easy,19,30,0.625,0.4817507467611476,0.7592251415339075,0.11646545965824263,0.04427187231250407,0.009864672061006385,0.6633905417546075
cont,Griewank,13,ES_1P1,8000,med,1,30,0.0625,0.011585315861443594,0.14409039131834475,0.11646545965824263,0.04427187231250407,0.009864672061006385,0.6633905417546075
cont,Griewank,13,ES_1P1,8000,hard,0,30,0.03125,0.0016532542666409576,0.09211405994732372,0.11646545965824263,0.04427187231250407,0.009864672061006385,0.6633905417546075
cont,Griewank,13,ES_1P1,10000,easy,12,30,0.40625,0.2688262762232274,0.5504433740305475,0.1872473241266034,0.10679719332180998,0.009864672061006274,0.684419437152056
cont,Griewank,13,ES_1P1,10000,med,1,30,0.0625,0.011585315861443594,0.14409039131834475,0.1872473241266034,0.10679719332180998,0.009864672061006274,0.684419437152056
cont,Griewank,13,ES_1P1,10000,hard,0,30,0.03125,0.0016532542666409576,0.09211405994732372,0.1872473241266034,0.10679719332180998,0.009864672061006274,0.684419437152056
cont,Griewank,13,FA,2000,easy,0,30,0.03125,0.0016532542666409576,0.09211405994732372,0.7022336374220399,0.7294822527644683,0.41717751159970795,0.8549727824018676
cont,Griewank,13,FA,2000,med,0,30,0.03125,0.0016532542666409576,0.09211405994732372,0.7022336374220399,0.7294822527644683,0.41717751159970795,0.8549727824018676
cont,Griewank,13,FA,2000,hard,0,30,0.03125,0.0016532542666409576,0.09211405994732372,0.7022336374220399,0.7294822527644683,0.41717751159970795,0.8549727824018676
cont,Griewank,13,FA,5000,easy,0,30,0.03125,0.0016532542666409576,0.09211405994732372,0.6571998530146088,0.6640914893323286,0.4921866405502947,0.766871861001628
cont,Griewank,13,FA,5000,med,0,30,0.03125,0.0016532542666409576,0.09211405994732372,0.6571998530146088,0.6640914893323286,0.4921866405502947,0.766871861001628
cont,Griewank,13,FA,5000,hard,0,30,0.03125,0.0016532542666409576,0.09211405994732372,0.6571998530146088,0.6640914893323286,0.4921866405502947,0.766871861001628
cont,Griewank,13,FA,8000,easy,0,30,0.03125,0.0016532542666409576,0.09211405994732372,0.6206718006788421,0.6279385356097482,0.4692875464545433,0.7491866309081501
cont,Griewank,13,FA,8000,med,0,30,0.03125,0.0016532542666409576,0.09211405994732372,0.6206718006788421,0.6279385356097482,0.4692875464545433,0.7491866309081501
cont,Griewank,13,FA,8000,hard,0,30,0.03125,0.0016532542666409576,0.09211405994732372,0.6206718006788421,0.6279385356097482,0.4692875464545433,0.7491866309081501
cont,Griewank,13,FA,10000,easy,0,30,0.03125,0.0016532542666409576,0.09211405994732372,0.5878169607915396,0.5939685216038645,0.38248960846616864,0.7385626392201584
cont,Griewank,13,FA,10000,med,0,30,0.03125,0.0016532542666409576,0.09211405994732372,0.5878169607915396,0.5939685216038645,0.38248960846616864,0.7385626392201584
cont,Griewank,13,FA,10000,hard,0,30,0.03125,0.0016532542666409576,0.09211405994732372,0.5878169607915396,0.5939685216038645,0.38248960846616864,0.7385626392201584
cont,Griewank,13,GWO,2000,easy,21,30,0.6875,0.5480955827806314,0.8133783644295347,0.08161777560960488,0.05178310152458254,0.0082372877915744,0.32316913532698455
cont,Griewank,13,GWO,2000,med,1,30,0.0625,0.011585315861443594,0.14409039131834475,0.08161777560960488,0.05178310152458254,0.0082372877915744,0.32316913532698455
cont,Griewank,13,GWO,2000,hard,0,30,0.03125,0.0016532542666409576,0.09211405994732372,0.08161777560960488,0.05178310152458254,0.0082372877915744,0.32316913532698455
cont,Griewank,13,GWO,5000,easy,21,30,0.6875,0.5480955827806314,0.8133783644295347,0.08757297223494831,0.04694797788394156,0.00134078588909603,0.6664299276368476
cont,Griewank,13,GWO,5000,med,3,30,0.125,0.04530017302264189,0.23150297514336832,0.08757297223494831,0.04694797788394156,0.00134078588909603,0.6664299276368476
cont,Griewank,13,GWO,5000,hard,0,30,0.03125,0.0016532542666409576,0.09211405994732372,0.08757297223494831,0.04694797788394156,0.00134078588909603,0.6664299276368476
cont,Griewank,13,GWO,8000,easy,22,30,0.71875,0.5823396662557391,0.8393889087436222,0.06248301917714385,0.04752143262001107,4.100814220253657e-05,0.20661491911212004
cont,Griewank,13,GWO,8000,med,3,30,0.125,0.04530017302264189,0.23150297514336832,0.06248301917714385,0.04752143262001107,4.100814220253657e-05,0.20661491911212004
cont,Griewank,13,GWO,8000,hard,2,30,0.09375,0.02690011969114915,0.18946446742553866,0.06248301917714385,0.04752143262001107,4.100814220253657e-05,0.20661491911212004
cont,Griewank,13,GWO,10000,easy,19,30,0.625,0.4817507467611476,0.7592251415339075,0.08071042647215178,0.046617224158715664,1.4361648271399297e-05,0.26767737282878856
cont,Griewank,13,GWO,10000,med,5,30,0.1875,0.08781446714324878,0.30964351535764695,0.08071042647215178,0.046617224158715664,1.4361648271399297e-05,0.26767737282878856
cont,Griewank,13,GWO,10000,hard,2,30,0.09375,0.02690011969114915,0.18946446742553866,0.08071042647215178,0.046617224158715664,1.4361648271399297e-05,0.26767737282878856
cont,Griewank,13,MFO,2000,easy,0,30,0.03125,0.0016532542666409576,0.09211405994732372,0.494311175839622,0.5032548755601265,0.14470779859519334,0.7618527369339639
cont,Griewank,13,MFO,2000,med,0,30,0.03125,0.0016532542666409576,0.09211405994732372,0.494311175839622,0.5032548755601265,0.14470779859519334,0.7618527369339639
cont,Griewank,13,MFO,2000,hard,0,30,0.03125,0.0016532542666409576,0.09211405994732372,0.494311175839622,0.5032548755601265,0.14470779859519334,0.7618527369339639
cont,Griewank,13,MFO,5000,easy,0,30,0.03125,0.0016532542666409576,0.09211405994732372,0.3936977404946983,0.3797953670138821,0.13088844423151336,0.7243182898757339
cont,Griewank,13,MFO,5000,med,0,30,0.03125,0.0016532542666409576,0.09211405994732372,0.3936977404946983,0.3797953670138821,0.13088844423151336,0.7243182898757339
cont,Griewank,13,MFO,5000,hard,0,30,0.03125,0.0016532542666409576,0.09211405994732372,0.3936977404946983,0.3797953670138821,0.13088844423151336,0.7243182898757339
cont,Griewank,13,MFO,8000,easy,1,30,0.0625,0.011585315861443594,0.14409039131834475,0.3359290048241499,0.3088428697244848,0.09601291264671885,0.6279692480241759
cont,Griewank,13,MFO,8000,med,0,30,0.03125,0.0016532542666409576,0.09211405994732372,0.3359290048241499,0.3088428697244848,0.09601291264671885,0.6279692480241759
cont,Griewank,13,MFO,8000,hard,0,30,0.03125,0.0016532542666409576,0.09211405994732372,0.3359290048241499,0.3088428697244848,0.09601291264671885,0.6279692480241759
cont,Griewank,13,MFO,10000,easy,0,30,0.03125,0.0016532542666409576,0.09211405994732372,0.3223380015343624,0.28858105433340436,0.1288027697552332,0.607080444672397
cont,Griewank,13,MFO,10000,med,0,30,0.03125,0.0016532542666409576,0.09211405994732372,0.3223380015343624,0.28858105433340436,0.1288027697552332,0.607080444672397
cont,Griewank,13,MFO,10000,hard,0,30,0.03125,0.0016532542666409576,0.09211405994732372,0.3223380015343624,0.28858105433340436,0.1288027697552332,0.607080444672397
cont,Griewank,13,PSO_GBEST,2000,easy,13,30,0.4375,0.29748724009093563,0.582026568673327,0.1326399560339619,0.10335684182319427,0.01009076395689168,0.4134714849860981
cont,Griewank,13,PSO_GBEST,2000,med,0,30,0.03125,0.0016532542666409576,0.09211405994732372,0.1326399560339619,0.10335684182319427,0.01009076395689168,0.4134714849860981
cont,Griewank,13,PSO_GBEST,2000,hard,0,30,0.03125,0.0016532542666409576,0.09211405994732372,0.1326399560339619,0.10335684182319427,0.01009076395689168,0.4134714849860981
cont,Griewank,13,PSO_GBEST,5000,easy,20,30,0.65625,0.5145839256004521,0.7866395370647284,0.10812702381434143,0.03884987612529822,0.007396040885273347,0.46294508697472136
cont,Griewank,13,PSO_GBEST,5000,med,1,30,0.0625,0.011585315861443594,0.14409039131834475,0.10812702381434143,0.03884987612529822,0.007396040885273347,0.46294508697472136
cont,Griewank,13,PSO_GBEST,5000,hard,0,30,0.03125,0.0016532542666409576,0.09211405994732372,0.10812702381434143,0.03884987612529822,0.007396040885273347,0.46294508697472136
cont,Griewank,13,PSO_GBEST,8000,easy,17,30,0.5625,0.417973431326673,0.7025127599090644,0.09999364616509557,0.09156721956951147,5.88418203051333e-15,0.45308424760498434
cont,Griewank,13,PSO_GBEST,8000,med,3,30,0.125,0.04530017302264189,0.23150297514336832,0.09999364616509557,0.09156721956951147,5.88418203051333e-15,0.45308424760498434
cont,Griewank,13,PSO_GBEST,8000,hard,1,30,0.0625,0.011585315861443594,0.14409039131834475,0.09999364616509557,0.09156721956951147,5.88418203051333e-15,0.45308424760498434
cont,Griewank,13,PSO_GBEST,10000,easy,22,30,0.71875,0.5823396662557391,0.8393889087436222,0.08981004123326378,0.046902264083977574,0.01969735601034117,0.45327202753769313
cont,Griewank,13,PSO_GBEST,10000,med,0,30,0.03125,0.0016532542666409576,0.09211405994732372,0.08981004123326378,0.046902264083977574,0.01969735601034117,0.45327202753769313
cont,Griewank,13,PSO_GBEST,10000,hard,0,30,0.03125,0.0016532542666409576,0.09211405994732372,0.08981004123326378,0.046902264083977574,0.01969735601034117,0.45327202753769313
cont,Griewank,13,WOA,2000,easy,8,30,0.28125,0.16061109125637793,0.4176603337442609,0.24717751905412658,0.17909533274600814,0.016845486714544777,0.5953985338332982
cont,Griewank,13,WOA,2000,med,0,30,0.03125,0.0016532542666409576,0.09211405994732372,0.24717751905412658,0.17909533274600814,0.016845486714544777,0.5953985338332982
cont,Griewank,13,WOA,2000,hard,0,30,0.03125,0.0016532542666409576,0.09211405994732372,0.24717751905412658,0.17909533274600814,0.016845486714544777,0.5953985338332982
cont,Griewank,13,WOA,5000,easy,16,30,0.53125,0.3869822549447333,0.6732606351024929,0.13173866281112023,0.09488364775244329,0.012809249234806752,0.5245863681345664
cont,Griewank,13,WOA,5000,med,0,30,0.03125,0.0016532542666409576,0.09211405994732372,0.13173866281112023,0.09488364775244329,0.012809249234806752,0.5245863681345664
cont,Griewank,13,WOA,5000,hard,0,30,0.03125,0.0016532542666409576,0.09211405994732372,0.13173866281112023,0.09488364775244329,0.012809249234806752,0.5245863681345664
cont,Griewank,13,WOA,8000,easy,14,30,0.46875,0.3267393648975071,0.6130177450552665,0.12818048237675828,0.10236165245973011,0.010234930303391176,0.46056091391410714
cont,Griewank,13,WOA,8000,med,0,30,0.03125,0.0016532542666409576,0.09211405994732372,0.12818048237675828,0.10236165245973011,0.010234930303391176,0.46056091391410714
cont,Griewank,13,WOA,8000,hard,0,30,0.03125,0.0016532542666409576,0.09211405994732372,0.12818048237675828,0.10236165245973011,0.010234930303391176,0.46056091391410714
cont,Griewank,13,WOA,10000,easy,17,30,0.5625,0.417973431326673,0.7025127599090644,0.12985281900499557,0.0783821870633497,0.009870535838295336,0.47903149571279247
cont,Griewank,13,WOA,10000,med,1,30,0.0625,0.011585315861443594,0.14409039131834475,0.12985281900499557,0.0783821870633497,0.009870535838295336,0.47903149571279247
cont,Griewank,13,WOA,10000,hard,0,30,0.03125,0.0016532542666409576,0.09211405994732372,0.12985281900499557,0.0783821870633497,0.009870535838295336,0.47903149571279247
cont,Griewank,15,ALO,2000,easy,0,30,0.03125,0.0016532542666409576,0.09211405994732372,0.8958043282877947,0.9281487117220268,0.48606099021069626,1.0089462887536877
cont,Griewank,15,ALO,2000,med,0,30,0.03125,0.0016532542666409576,0.09211405994732372,0.8958043282877947,0.9281487117220268,0.48606099021069626,1.0089462887536877
cont,Griewank,15,ALO,2000,hard,0,30,0.03125,0.0016532542666409576,0.09211405994732372,0.8958043282877947,0.9281487117220268,0.48606099021069626,1.0089462887536877
cont,Griewank,15,ALO,5000,easy,0,30,0.03125,0.0016532542666409576,0.09211405994732372,0.854276040148687,0.8752358951439798,0.5714588969945509,0.9639957474120996
cont,Griewank,15,ALO,5000,med,0,30,0.03125,0.0016532542666409576,0.09211405994732372,0.854276040148687,0.8752358951439798,0.5714588969945509,0.9639957474120996
cont,Griewank,15,ALO,5000,hard,0,30,0.03125,0.0016532542666409576,0.09211405994732372,0.854276040148687,0.8752358951439798,0.5714588969945509,0.9639957474120996
cont,Griewank,15,ALO,8000,easy,0,30,0.03125,0.0016532542666409576,0.09211405994732372,0.7890882146354234,0.8338234264361177,0.26696593591105267,0.9681624100388548
cont,Griewank,15,ALO,8000,med,0,30,0.03125,0.0016532542666409576,0.09211405994732372,0.7890882146354234,0.8338234264361177,0.26696593591105267,0.9681624100388548
cont,Griewank,15,ALO,8000,hard,0,30,0.03125,0.0016532542666409576,0.09211405994732372,0.7890882146354234,0.8338234264361177,0.26696593591105267,0.9681624100388548
cont,Griewank,15,ALO,10000,easy,0,30,0.03125,0.0016532542666409576,0.09211405994732372,0.737996341283814,0.7740642298743113,0.4604070746893345,0.9562071113770984
cont,Griewank,15,ALO,10000,med,0,30,0.03125,0.0016532542666409576,0.09211405994732372,0.737996341283814,0.7740642298743113,0.4604070746893345,0.9562071113770984
cont,Griewank,15,ALO,10000,hard,0,30,0.03125,0.0016532542666409576,0.09211405994732372,0.737996341283814,0.7740642298743113,0.4604070746893345,0.9562071113770984
cont,Griewank,15,BA,2000,easy,0,30,0.03125,0.0016532542666409576,0.09211405994732372,0.8807431246379316,0.8811768874070969,0.7463358243661085,0.9911591111471965
cont,Griewank,15,BA,2000,med,0,30,0.03125,0.0016532542666409576,0.09211405994732372,0.8807431246379316,0.8811768874070969,0.7463358243661085,0.9911591111471965
cont,Griewank,15,BA,2000,hard,0,30,0.03125,0.0016532542666409576,0.09211405994732372,0.8807431246379316,0.8811768874070969,0.7463358243661085,0.9911591111471965
cont,Griewank,15,BA,5000,easy,0,30,0.03125,0.0016532542666409576,0.09211405994732372,0.7187368692391903,0.7354324502736138,0.44793751881868404,0.9887559685177716
cont,Griewank,15,BA,5000,med,0,30,0.03125,0.0016532542666409576,0.09211405994732372,0.7187368692391903,0.7354324502736138,0.44793751881868404,0.9887559685177716
cont,Griewank,15,BA,5000,hard,0,30,0.03125,0.0016532542666409576,0.09211405994732372,0.7187368692391903,0.7354324502736138,0.44793751881868404,0.9887559685177716
cont,Griewank,15,BA,8000,easy,0,30,0.03125,0.0016532542666409576,0.09211405994732372,0.6837048855938833,0.6980122520583284,0.37276934492399527,0.9201747513087897
cont,Griewank,15,BA,8000,med,0,30,0.03125,0.0016532542666409576,0.09211405994732372,0.6837048855938833,0.6980122520583284,0.37276934492399527,0.9201747513087897
cont,Griewank,15,BA,8000,hard,0,30,0.03125,0.0016532542666409576,0.09211405994732372,0.6837048855938833,0.6980122520583284,0.37276934492399527,0.9201747513087897
cont,Griewank,15,BA,10000,easy,0,30,0.03125,0.0016532542666409576,0.09211405994732372,0.4889558175305035,0.4789287187774794,0.21342395256401825,0.8888540267934795
cont,Griewank,15,BA,10000,med,0,30,0.03125,0.0016532542666409576,0.09211405994732372,0.4889558175305035,0.4789287187774794,0.21342395256401825,0.8888540267934795
cont,Griewank,15,BA,10000,hard,0,30,0.03125,0.0016532542666409576,0.09211405994732372,0.4889558175305035,0.4789287187774794,0.21342395256401825,0.8888540267934795
cont,Griewank,15,ES_1P1,2000,easy,15,30,0.5,0.3565721369616578,0.6434278630383421,0.20550626022969895,0.15158619158538095,0.007396040334117671,0.6353226622061874
cont,Griewank,15,ES_1P1,2000,med,1,30,0.0625,0.011585315861443594,0.14409039131834475,0.20550626022969895,0.15158619158538095,0.007396040334117671,0.6353226622061874
cont,Griewank,15,ES_1P1,2000,hard,0,30,0.03125,0.0016532542666409576,0.09211405994732372,0.20550626022969895,0.15158619158538095,0.007396040334117671,0.6353226622061874
cont,Griewank,15,ES_1P1,5000,easy,21,30,0.6875,0.5480955827806314,0.8133783644295347,0.13023186142107984,0.06560872815400182,0.009857284607820871,0.7467747972916197
cont,Griewank,15,ES_1P1,5000,med,1,30,0.0625,0.011585315861443594,0.14409039131834475,0.13023186142107984,0.06560872815400182,0.009857284607820871,0.7467747972916197
cont,Griewank,15,ES_1P1,5000,hard,0,30,0.03125,0.0016532542666409576,0.09211405994732372,0.13023186142107984,0.06560872815400182,0.009857284607820871,0.7467747972916197
cont,Griewank,15,ES_1P1,8000,easy,21,30,0.6875,0.5480955827806314,0.8133783644295347,0.13986593691622975,0.05715882711381959,0.007396040334114895,0.8253777013846152
cont,Griewank,15,ES_1P1,8000,med,2,30,0.09375,0.02690011969114915,0.18946446742553866,0.13986593691622975,0.05715882711381959,0.007396040334114895,0.8253777013846152
cont,Griewank,15,ES_1P1,8000,hard,0,30,0.03125,0.0016532542666409576,0.09211405994732372,0.13986593691622975,0.05715882711381959,0.007396040334114895,0.8253777013846152
cont,Griewank,15,ES_1P1,10000,easy,16,30,0.53125,0.3869822549447333,0.6732606351024929,0.24699333801893333,0.08406613283033121,3.3306690738754696e-16,0.7753957371534694
cont,Griewank,15,ES_1P1,10000,med,2,30,0.09375,0.02690011969114915,0.18946446742553866,0.24699333801893333,0.08406613283033121,3.3306690738754696e-16,0.7753957371534694
cont,Griewank,15,ES_1P1,10000,hard,1,30,0.0625,0.011585315861443594,0.14409039131834475,0.24699333801893333,0.08406613283033121,3.3306690738754696e-16,0.7753957371534694
cont,Griewank,15,FA,2000,easy,0,30,0.03125,0.0016532542666409576,0.09211405994732372,0.7660169905663018,0.8036162640372371,0.3729839488600204,0.9238496399367675
cont,Griewank,15,FA,2000,med,0,30,0.03125,0.0016532542666409576,0.09211405994732372,0.7660169905663018,0.8036162640372371,0.3729839488600204,0.9238496399367675
cont,Griewank,15,FA,2000,hard,0,30,0.03125,0.0016532542666409576,0.09211405994732372,0.7660169905663018,0.8036162640372371,0.3729839488600204,0.9238496399367675
cont,Griewank,15,FA,5000,easy,0,30,0.03125,0.0016532542666409576,0.09211405994732372,0.7446155113112811,0.7559085281133027,0.4873697206303935,0.8778712718329815
cont,Griewank,15,FA,5000,med,0,30,0.03125,0.0016532542666409576,0.09211405994732372,0.7446155113112811,0.7559085281133027,0.4873697206303935,0.8778712718329815
cont,Griewank,15,FA,5000,hard,0,30,0.03125,0.0016532542666409576,0.09211405994732372,0.7446155113112811,0.7559085281133027,0.4873697206303935,0.8778712718329815
cont,Griewank,15,FA,8000,easy,0,30,0.03125,0.0016532542666409576,0.09211405994732372,0.6973296548801787,0.7220357094580225,0.5503926075913322,0.8019932630290438
cont,Griewank,15,FA,8000,med,0,30,0.03125,0.0016532542666409576,0.09211405994732372,0.6973296548801787,0.7220357094580225,0.5503926075913322,0.8019932630290438
cont,Griewank,15,FA,8000,hard,0,30,0.03125,0.0016532542666409576,0.09211405994732372,0.6973296548801787,0.7220357094580225,0.5503926075913322,0.8019932630290438
cont,Griewank,15,FA,10000,easy,0,30,0.03125,0.0016532542666409576,0.09211405994732372,0.6899977043551577,0.7037245298866602,0.5287942002942686,0.8468037423626052
cont,Griewank,15,FA,10000,med,0,30,0.03125,0.0016532542666409576,0.09211405994732372,0.6899977043551577,0.7037245298866602,0.5287942002942686,0.8468037423626052
cont,Griewank,15,FA,10000,hard,0,30,0.03125,0.0016532542666409576,0.09211405994732372,0.6899977043551577,0.7037245298866602,0.5287942002942686,0.8468037423626052
cont,Griewank,15,GWO,2000,easy,27,30,0.875,0.7684970248566316,0.9546998269773581,0.04654092951646386,0.020606585627674312,0.0015704342375039149,0.31216034432704687
cont,Griewank,15,GWO,2000,med,6,30,0.21875,0.11108877125926007,0.3466525437888071,0.04654092951646386,0.020606585627674312,0.0015704342375039149,0.31216034432704687
cont,Griewank,15,GWO,2000,hard,0,30,0.03125,0.0016532542666409576,0.09211405994732372,0.04654092951646386,0.020606585627674312,0.0015704342375039149,0.31216034432704687
cont,Griewank,15,GWO,5000,easy,28,30,0.90625,0.8105355325744613,0.9730998803088509,0.03315526832753344,0.016440063393964643,0.0018824124597328629,0.327165776508375
cont,Griewank,15,GWO,5000,med,5,30,0.1875,0.08781446714324878,0.30964351535764695,0.03315526832753344,0.016440063393964643,0.0018824124597328629,0.327165776508375
cont,Griewank,15,GWO,5000,hard,0,30,0.03125,0.0016532542666409576,0.09211405994732372,0.03315526832753344,0.016440063393964643,0.0018824124597328629,0.327165776508375
cont,Griewank,15,GWO,8000,easy,28,30,0.90625,0.8105355325744613,0.9730998803088509,0.0332606183693014,0.011571053793929698,0.0016100184681345775,0.3302828475230818
cont,Griewank,15,GWO,8000,med,14,30,0.46875,0.3267393648975071,0.6130177450552665,0.0332606183693014,0.011571053793929698,0.0016100184681345775,0.3302828475230818
cont,Griewank,15,GWO,8000,hard,0,30,0.03125,0.0016532542666409576,0.09211405994732372,0.0332606183693014,0.011571053793929698,0.0016100184681345775,0.3302828475230818
cont,Griewank,15,GWO,10000,easy,29,30,0.9375,0.8559096086816552,0.9884146841385564,0.02397246795417893,0.015870029272148867,0.002510434380597726,0.2636273661675239
cont,Griewank,15,GWO,10000,med,9,30,0.3125,0.18662163557046532,0.4519044172193684,0.02397246795417893,0.015870029272148867,0.002510434380597726,0.2636273661675239
cont,Griewank,15,GWO,10000,hard,0,30,0.03125,0.0016532542666409576,0.09211405994732372,0.02397246795417893,0.015870029272148867,0.002510434380597726,0.2636273661675239
cont,Griewank,15,MFO,2000,easy,0,30,0.03125,0.0016532542666409576,0.09211405994732372,0.559166966325829,0.5534142763982103,0.26178828207902893,0.8179179719656327
cont,Griewank,15,MFO,2000,med,0,30,0.03125,0.0016532542666409576,0.09211405994732372,0.559166966325829,0.5534142763982103,0.26178828207902893,0.8179179719656327
cont,Griewank,15,MFO,2000,hard,0,30,0.03125,0.0016532542666409576,0.09211405994732372,0.559166966325829,0.5534142763982103,0.26178828207902893,0.8179179719656327
cont,Griewank,15,MFO,5000,easy,0,30,0.03125,0.0016532542666409576,0.09211405994732372,0.4366089713374763,0.4235826446369734,0.2069221015620033,0.8366890993172101
cont,Griewank,15,MFO,5000,med,0,30,0.03125,0.0016532542666409576,0.09211405994732372,0.4366089713374763,0.4235826446369734,0.2069221015620033,0.8366890993172101
cont,Griewank,15,MFO,5000,hard,0,30,0.03125,0.0016532542666409576,0.09211405994732372,0.4366089713374763,0.4235826446369734,0.2069221015620033,0.8366890993172101
cont,Griewank,15,MFO,8000,easy,3,30,0.125,0.04530017302264189,0.23150297514336832,0.3044308946511254,0.2366172635619389,0.08750496881750569,0.8388370535120151
cont,Griewank,15,MFO,8000,med,0,30,0.03125,0.0016532542666409576,0.09211405994732372,0.3044308946511254,0.2366172635619389,0.08750496881750569,0.8388370535120151
cont,Griewank,15,MFO,8000,hard,0,30,0.03125,0.0016532542666409576,0.09211405994732372,0.3044308946511254,0.2366172635619389,0.08750496881750569,0.8388370535120151
cont,Griewank,15,MFO,10000,easy,1,30,0.0625,0.011585315861443594,0.14409039131834475,0.2907828631396724,0.26209203106124174,0.07805479648351055,0.49305183445286593
cont,Griewank,15,MFO,10000,med,0,30,0.03125,0.0016532542666409576,0.09211405994732372,0.2907828631396724,0.26209203106124174,0.07805479648351055,0.49305183445286593
cont,Griewank,15,MFO,10000,hard,0,30,0.03125,0.0016532542666409576,0.09211405994732372,0.2907828631396724,0.26209203106124174,0.07805479648351055,0.49305183445286593
cont,Griewank,15,PSO_GBEST,2000,easy,22,30,0.71875,0.5823396662557391,0.8393889087436222,0.09638803029035756,0.05371905270197602,0.007630322503582421,0.41202762087591294
cont,Griewank,15,PSO_GBEST,2000,med,1,30,0.0625,0.011585315861443594,0.14409039131834475,0.09638803029035756,0.05371905270197602,0.007630322503582421,0.41202762087591294
cont,Griewank,15,PSO_GBEST,2000,hard,0,30,0.03125,0.0016532542666409576,0.09211405994732372,0.09638803029035756,0.05371905270197602,0.007630322503582421,0.41202762087591294
cont,Griewank,15,PSO_GBEST,5000,easy,20,30,0.65625,0.5145839256004521,0.7866395370647284,0.14394979453140497,0.06774470233721186,3.6273477554971123e-09,0.6287033682541817
cont,Griewank,15,PSO_GBEST,5000,med,2,30,0.09375,0.02690011969114915,0.18946446742553866,0.14394979453140497,0.06774470233721186,3.6273477554971123e-09,0.6287033682541817
cont,Griewank,15,PSO_GBEST,5000,hard,1,30,0.0625,0.011585315861443594,0.14409039131834475,0.14394979453140497,0.06774470233721186,3.6273477554971123e-09,0.6287033682541817
cont,Griewank,15,PSO_GBEST,8000,easy,25,30,0.8125,0.690356484642353,0.9121855328567512,0.09062992963460141,0.04221802893345189,5.67323965583455e-14,0.4332660961782233
cont,Griewank,15,PSO_GBEST,8000,med,3,30,0.125,0.04530017302264189,0.23150297514336832,0.09062992963460141,0.04221802893345189,5.67323965583455e-14,0.4332660961782233
cont,Griewank,15,PSO_GBEST,8000,hard,1,30,0.0625,0.011585315861443594,0.14409039131834475,0.09062992963460141,0.04221802893345189,5.67323965583455e-14,0.4332660961782233
cont,Griewank,15,PSO_GBEST,10000,easy,22,30,0.71875,0.5823396662557391,0.8393889087436222,0.11636942209136233,0.058646373631671356,0.0,0.46054599689584164
cont,Griewank,15,PSO_GBEST,10000,med,3,30,0.125,0.04530017302264189,0.23150297514336832,0.11636942209136233,0.058646373631671356,0.0,0.46054599689584164
cont,Griewank,15,PSO_GBEST,10000,hard,2,30,0.09375,0.02690011969114915,0.18946446742553866,0.11636942209136233,0.058646373631671356,0.0,0.46054599689584164
cont,Griewank,15,WOA,2000,easy,15,30,0.5,0.3565721369616578,0.6434278630383421,0.17409297112704533,0.09716741268270185,0.01925663478781181,0.6477395857582533
cont,Griewank,15,WOA,2000,med,0,30,0.03125,0.0016532542666409576,0.09211405994732372,0.17409297112704533,0.09716741268270185,0.01925663478781181,0.6477395857582533
cont,Griewank,15,WOA,2000,hard,0,30,0.03125,0.0016532542666409576,0.09211405994732372,0.17409297112704533,0.09716741268270185,0.01925663478781181,0.6477395857582533
cont,Griewank,15,WOA,5000,easy,21,30,0.6875,0.5480955827806314,0.8133783644295347,0.1414898063560466,0.05702734967681661,0.01373889734541478,0.4436826986476966
cont,Griewank,15,WOA,5000,med,0,30,0.03125,0.0016532542666409576,0.09211405994732372,0.1414898063560466,0.05702734967681661,0.01373889734541478,0.4436826986476966
cont,Griewank,15,WOA,5000,hard,0,30,0.03125,0.0016532542666409576,0.09211405994732372,0.1414898063560466,0.05702734967681661,0.01373889734541478,0.4436826986476966
cont,Griewank,15,WOA,8000,easy,19,30,0.625,0.4817507467611476,0.7592251415339075,0.1463557286054759,0.053347946580998895,0.010316691808505696,0.49232362083855485
cont,Griewank,15,WOA,8000,med,0,30,0.03125,0.0016532542666409576,0.09211405994732372,0.1463557286054759,0.053347946580998895,0.010316691808505696,0.49232362083855485
cont,Griewank,15,WOA,8000,hard,0,30,0.03125,0.0016532542666409576,0.09211405994732372,0.1463557286054759,0.053347946580998895,0.010316691808505696,0.49232362083855485
cont,Griewank,15,WOA,10000,easy,18,30,0.59375,0.4495566259694524,0.7311737237767726,0.15165353952638272,0.08162832492073435,0.015043776113682461,0.38318830825060357
cont,Griewank,15,WOA,10000,med,0,30,0.03125,0.0016532542666409576,0.09211405994732372,0.15165353952638272,0.08162832492073435,0.015043776113682461,0.38318830825060357
cont,Griewank,15,WOA,10000,hard,0,30,0.03125,0.0016532542666409576,0.09211405994732372,0.15165353952638272,0.08162832492073435,0.015043776113682461,0.38318830825060357
cont,Griewank,16,ALO,2000,easy,0,30,0.03125,0.0016532542666409576,0.09211405994732372,0.8993455061057407,0.9517308881363208,0.49226551831597487,1.0081918558687013
cont,Griewank,16,ALO,2000,med,0,30,0.03125,0.0016532542666409576,0.09211405994732372,0.8993455061057407,0.9517308881363208,0.49226551831597487,1.0081918558687013
cont,Griewank,16,ALO,2000,hard,0,30,0.03125,0.0016532542666409576,0.09211405994732372,0.8993455061057407,0.9517308881363208,0.49226551831597487,1.0081918558687013
cont,Griewank,16,ALO,5000,easy,0,30,0.03125,0.0016532542666409576,0.09211405994732372,0.8935224304024149,0.9096028103422877,0.6703081754183627,1.011048874152938
cont,Griewank,16,ALO,5000,med,0,30,0.03125,0.0016532542666409576,0.09211405994732372,0.8935224304024149,0.9096028103422877,0.6703081754183627,1.011048874152938
cont,Griewank,16,ALO,5000,hard,0,30,0.03125,0.0016532542666409576,0.09211405994732372,0.8935224304024149,0.9096028103422877,0.6703081754183627,1.011048874152938
cont,Griewank,16,ALO,8000,easy,0,30,0.03125,0.0016532542666409576,0.09211405994732372,0.8079788177658671,0.8402811225442015,0.39310002144709855,0.9686128494712343
cont,Griewank,16,ALO,8000,med,0,30,0.03125,0.0016532542666409576,0.09211405994732372,0.8079788177658671,0.8402811225442015,0.39310002144709855,0.9686128494712343
cont,Griewank,16,ALO,8000,hard,0,30,0.03125,0.0016532542666409576,0.09211405994732372,0.8079788177658671,0.8402811225442015,0.39310002144709855,0.9686128494712343
cont,Griewank,16,ALO,10000,easy,0,30,0.03125,0.0016532542666409576,0.09211405994732372,0.8284134664161245,0.8348825931511126,0.5985070807092414,0.9359291679340405
cont,Griewank,16,ALO,10000,med,0,30,0.03125,0.0016532542666409576,0.09211405994732372,0.8284134664161245,0.8348825931511126,0.5985070807092414,0.9359291679340405
cont,Griewank,16,ALO,10000,hard,0,30,0.03125,0.0016532542666409576,0.09211405994732372,0.8284134664161245,0.8348825931511126,0.5985070807092414,0.9359291679340405
cont,Griewank,16,BA,2000,easy,0,30,0.03125,0.0016532542666409576,0.09211405994732372,0.9159854903081214,0.946093358780713,0.701671986650676,1.0027741446852783
cont,Griewank,16,BA,2000,med,0,30,0.03125,0.0016532542666409576,0.09211405994732372,0.9159854903081214,0.946093358780713,0.701671986650676,1.0027741446852783
cont,Griewank,16,BA,2000,hard,0,30,0.03125,0.0016532542666409576,0.09211405994732372,0.9159854903081214,0.946093358780713,0.701671986650676,1.0027741446852783
cont,Griewank,16,BA,5000,easy,0,30,0.03125,0.0016532542666409576,0.09211405994732372,0.7358769854850414,0.7955453386975135,0.16780635510065323,0.956335619943136
cont,Griewank,16,BA,5000,med,0,30,0.03125,0.0016532542666409576,0.09211405994732372,0.7358769854850414,0.7955453386975135,0.16780635510065323,0.956335619943136
cont,Griewank,16,BA,5000,hard,0,30,0.03125,0.0016532542666409576,0.09211405994732372,0.7358769854850414,0.7955453386975135,0.16780635510065323,0.956335619943136
cont,Griewank,16,BA,8000,easy,0,30,0.03125,0.0016532542666409576,0.09211405994732372,0.681257953480542,0.7516314503071746,0.28919396554430477,0.9335504823979721
cont,Griewank,16,BA,8000,med,0,30,0.03125,0.0016532542666409576,0.09211405994732372,0.681257953480542,0.7516314503071746,0.28919396554430477,0.9335504823979721
cont,Griewank,16,BA,8000,hard,0,30,0.03125,0.0016532542666409576,0.09211405994732372,0.681257953480542,0.7516314503071746,0.28919396554430477,0.9335504823979721
cont,Griewank,16,BA,10000,easy,0,30,0.03125,0.0016532542666409576,0.09211405994732372,0.606268538056778,0.5811206598834768,0.31512468330177135,0.8798325843555683
cont,Griewank,16,BA,10000,med,0,30,0.03125,0.0016532542666409576,0.09211405994732372,0.606268538056778,0.5811206598834768,0.31512468330177135,0.8798325843555683
cont,Griewank,16,BA,10000,hard,0,30,0.03125,0.0016532542666409576,0.09211405994732372,0.606268538056778,0.5811206598834768,0.31512468330177135,0.8798325843555683
cont,Griewank,16,ES_1P1,2000,easy,12,30,0.40625,0.2688262762232274,0.5504433740305475,0.21760521492815996,0.14108699700617083,6.661338147750939e-16,0.7647908158204368
cont,Griewank,16,ES_1P1,2000,med,4,30,0.15625,0.06578047054601774,0.2713711815575147,0.21760521492815996,0.14108699700617083,6.661338147750939e-16,0.7647908158204368
cont,Griewank,16,ES_1P1,2000,hard,1,30,0.0625,0.011585315861443594,0.14409039131834475,0.21760521492815996,0.14108699700617083,6.661338147750939e-16,0.7647908158204368
cont,Griewank,16,ES_1P1,5000,easy,14,30,0.46875,0.3267393648975071,0.6130177450552665,0.2574948592393888,0.12363170274291191,0.007396040334115006,0.841695820851585
cont,Griewank,16,ES_1P1,5000,med,2,30,0.09375,0.02690011969114915,0.18946446742553866,0.2574948592393888,0.12363170274291191,0.007396040334115006,0.841695820851585
cont,Griewank,16,ES_1P1,5000,hard,0,30,0.03125,0.0016532542666409576,0.09211405994732372,0.2574948592393888,0.12363170274291191,0.007396040334115006,0.841695820851585
cont,Griewank,16,ES_1P1,8000,easy,14,30,0.46875,0.3267393648975071,0.6130177450552665,0.27987367209174213,0.19868356058461534,0.0,0.8573872238934979
cont,Griewank,16,ES_1P1,8000,med,5,30,0.1875,0.08781446714324878,0.30964351535764695,0.27987367209174213,0.19868356058461534,0.0,0.8573872238934979
cont,Griewank,16,ES_1P1,8000,hard,1,30,0.0625,0.011585315861443594,0.14409039131834475,0.27987367209174213,0.19868356058461534,0.0,0.8573872238934979
cont,Griewank,16,ES_1P1,10000,easy,10,30,0.34375,0.21336046293527158,0.485416074399548,0.26650550613755886,0.20237285197569183,1.1102230246251565e-16,0.6643829036985904
cont,Griewank,16,ES_1P1,10000,med,4,30,0.15625,0.06578047054601774,0.2713711815575147,0.26650550613755886,0.20237285197569183,1.1102230246251565e-16,0.6643829036985904
cont,Griewank,16,ES_1P1,10000,hard,1,30,0.0625,0.011585315861443594,0.14409039131834475,0.26650550613755886,0.20237285197569183,1.1102230246251565e-16,0.6643829036985904
cont,Griewank,16,FA,2000,easy,0,30,0.03125,0.0016532542666409576,0.09211405994732372,0.826611881259592,0.8395209449727774,0.5583925204725956,0.9345805847173975
cont,Griewank,16,FA,2000,med,0,30,0.03125,0.0016532542666409576,0.09211405994732372,0.826611881259592,0.8395209449727774,0.5583925204725956,0.9345805847173975
cont,Griewank,16,FA,2000,hard,0,30,0.03125,0.0016532542666409576,0.09211405994732372,0.826611881259592,0.8395209449727774,0.5583925204725956,0.9345805847173975
cont,Griewank,16,FA,5000,easy,0,30,0.03125,0.0016532542666409576,0.09211405994732372,0.7574073207684805,0.7594221547134914,0.5095862130747,0.9148370149469152
cont,Griewank,16,FA,5000,med,0,30,0.03125,0.0016532542666409576,0.09211405994732372,0.7574073207684805,0.7594221547134914,0.5095862130747,0.9148370149469152
cont,Griewank,16,FA,5000,hard,0,30,0.03125,0.0016532542666409576,0.09211405994732372,0.7574073207684805,0.7594221547134914,0.5095862130747,0.9148370149469152
cont,Griewank,16,FA,8000,easy,0,30,0.03125,0.0016532542666409576,0.09211405994732372,0.7274350790395993,0.7411540403438979,0.488432025451904,0.8477591936698681
cont,Griewank,16,FA,8000,med,0,30,0.03125,0.0016532542666409576,0.09211405994732372,0.7274350790395993,0.7411540403438979,0.488432025451904,0.8477591936698681
cont,Griewank,16,FA,8000,hard,0,30,0.03125,0.0016532542666409576,0.09211405994732372,0.7274350790395993,0.7411540403438979,0.488432025451904,0.8477591936698681
cont,Griewank,16,FA,10000,easy,0,30,0.03125,0.0016532542666409576,0.09211405994732372,0.7120435816918067,0.7235931112905085,0.5252595840158865,0.8210984424118636
cont,Griewank,16,FA,10000,med,0,30,0.03125,0.0016532542666409576,0.09211405994732372,0.7120435816918067,0.7235931112905085,0.5252595840158865,0.8210984424118636
cont,Griewank,16,FA,10000,hard,0,30,0.03125,0.0016532542666409576,0.09211405994732372,0.7120435816918067,0.7235931112905085,0.5252595840158865,0.8210984424118636
cont,Griewank,16,GWO,2000,easy,17,30,0.5625,0.417973431326673,0.7025127599090644,0.10673335898997695,0.09112886780390478,0.0025757303885353133,0.2968594789287099
cont,Griewank,16,GWO,2000,med,2,30,0.09375,0.02690011969114915,0.18946446742553866,0.10673335898997695,0.09112886780390478,0.0025757303885353133,0.2968594789287099
cont,Griewank,16,GWO,2000,hard,0,30,0.03125,0.0016532542666409576,0.09211405994732372,0.10673335898997695,0.09112886780390478,0.0025757303885353133,0.2968594789287099
cont,Griewank,16,GWO,5000,easy,17,30,0.5625,0.417973431326673,0.7025127599090644,0.11361117027129417,0.08463596406511137,0.027641068445070416,0.5103693528208703
cont,Griewank,16,GWO,5000,med,0,30,0.03125,0.0016532542666409576,0.09211405994732372,0.11361117027129417,0.08463596406511137,0.027641068445070416,0.5103693528208703
cont,Griewank,16,GWO,5000,hard,0,30,0.03125,0.0016532542666409576,0.09211405994732372,0.11361117027129417,0.08463596406511137,0.027641068445070416,0.5103693528208703
cont,Griewank,16,GWO,8000,easy,20,30,0.65625,0.5145839256004521,0.7866395370647284,0.08375817223079185,0.07661404766280727,0.002060990382162897,0.23055650149680873
cont,Griewank,16,GWO,8000,med,2,30,0.09375,0.02690011969114915,0.18946446742553866,0.08375817223079185,0.07661404766280727,0.002060990382162897,0.23055650149680873
cont,Griewank,16,GWO,8000,hard,0,30,0.03125,0.0016532542666409576,0.09211405994732372,0.08375817223079185,0.07661404766280727,0.002060990382162897,0.23055650149680873
cont,Griewank,16,GWO,10000,easy,14,30,0.46875,0.3267393648975071,0.6130177450552665,0.11526002034062587,0.10471261846007657,0.018104959700991907,0.2668064441286708
cont,Griewank,16,GWO,10000,med,0,30,0.03125,0.0016532542666409576,0.09211405994732372,0.11526002034062587,0.10471261846007657,0.018104959700991907,0.2668064441286708
cont,Griewank,16,GWO,10000,hard,0,30,0.03125,0.0016532542666409576,0.09211405994732372,0.11526002034062587,0.10471261846007657,0.018104959700991907,0.2668064441286708
cont,Griewank,16,MFO,2000,easy,0,30,0.03125,0.0016532542666409576,0.09211405994732372,0.5226175696483808,0.5070225333008045,0.175108744864792,0.7982590783113422
cont,Griewank,16,MFO,2000,med,0,30,0.03125,0.0016532542666409576,0.09211405994732372,0.5226175696483808,0.5070225333008045,0.175108744864792,0.7982590783113422
cont,Griewank,16,MFO,2000,hard,0,30,0.03125,0.0016532542666409576,0.09211405994732372,0.5226175696483808,0.5070225333008045,0.175108744864792,0.7982590783113422
cont,Griewank,16,MFO,5000,easy,0,30,0.03125,0.0016532542666409576,0.09211405994732372,0.42974457260764426,0.41957739043642933,0.13898499568739198,0.7950676189841309
cont,Griewank,16,MFO,5000,med,0,30,0.03125,0.0016532542666409576,0.09211405994732372,0.42974457260764426,0.41957739043642933,0.13898499568739198,0.7950676189841309
cont,Griewank,16,MFO,5000,hard,0,30,0.03125,0.0016532542666409576,0.09211405994732372,0.42974457260764426,0.41957739043642933,0.13898499568739198,0.7950676189841309
cont,Griewank,16,MFO,8000,easy,1,30,0.0625,0.011585315861443594,0.14409039131834475,0.3017528167867278,0.2980288909127333,0.07645825287344121,0.5435872781620534
cont,Griewank,16,MFO,8000,med,0,30,0.03125,0.0016532542666409576,0.09211405994732372,0.3017528167867278,0.2980288909127333,0.07645825287344121,0.5435872781620534
cont,Griewank,16,MFO,8000,hard,0,30,0.03125,0.0016532542666409576,0.09211405994732372,0.3017528167867278,0.2980288909127333,0.07645825287344121,0.5435872781620534
cont,Griewank,16,MFO,10000,easy,4,30,0.15625,0.06578047054601774,0.2713711815575147,0.30428277640069507,0.3405882950064585,0.08144051599665125,0.5117509236116987
cont,Griewank,16,MFO,10000,med,0,30,0.03125,0.0016532542666409576,0.09211405994732372,0.30428277640069507,0.3405882950064585,0.08144051599665125,0.5117509236116987
cont,Griewank,16,MFO,10000,hard,0,30,0.03125,0.0016532542666409576,0.09211405994732372,0.30428277640069507,0.3405882950064585,0.08144051599665125,0.5117509236116987
cont,Griewank,16,PSO_GBEST,2000,easy,19,30,0.625,0.4817507467611476,0.7592251415339075,0.1220599302785038,0.03673632089605716,0.0030767802007698464,0.6620267709808674
cont,Griewank,16,PSO_GBEST,2000,med,1,30,0.0625,0.011585315861443594,0.14409039131834475,0.1220599302785038,0.03673632089605716,0.0030767802007698464,0.6620267709808674
cont,Griewank,16,PSO_GBEST,2000,hard,0,30,0.03125,0.0016532542666409576,0.09211405994732372,0.1220599302785038,0.03673632089605716,0.0030767802007698464,0.6620267709808674
cont,Griewank,16,PSO_GBEST,5000,easy,20,30,0.65625,0.5145839256004521,0.7866395370647284,0.10289963488281824,0.03714439849337303,2.884902428057501e-09,0.4335920839096794
cont,Griewank,16,PSO_GBEST,5000,med,7,30,0.25,0.1354005847583789,0.3826102309169821,0.10289963488281824,0.03714439849337303,2.884902428057501e-09,0.4335920839096794
cont,Griewank,16,PSO_GBEST,5000,hard,2,30,0.09375,0.02690011969114915,0.18946446742553866,0.10289963488281824,0.03714439849337303,2.884902428057501e-09,0.4335920839096794
cont,Griewank,16,PSO_GBEST,8000,easy,16,30,0.53125,0.3869822549447333,0.6732606351024929,0.11231079982734456,0.08036038386545563,8.881784197001252e-16,0.49389039648763533
cont,Griewank,16,PSO_GBEST,8000,med,6,30,0.21875,0.11108877125926007,0.3466525437888071,0.11231079982734456,0.08036038386545563,8.881784197001252e-16,0.49389039648763533
cont,Griewank,16,PSO_GBEST,8000,hard,5,30,0.1875,0.08781446714324878,0.30964351535764695,0.11231079982734456,0.08036038386545563,8.881784197001252e-16,0.49389039648763533
cont,Griewank,16,PSO_GBEST,10000,easy,19,30,0.625,0.4817507467611476,0.7592251415339075,0.11573880237815785,0.055818309730932436,0.0,0.6653986663878656
cont,Griewank,16,PSO_GBEST,10000,med,6,30,0.21875,0.11108877125926007,0.3466525437888071,0.11573880237815785,0.055818309730932436,0.0,0.6653986663878656
cont,Griewank,16,PSO_GBEST,10000,hard,1,30,0.0625,0.011585315861443594,0.14409039131834475,0.11573880237815785,0.055818309730932436,0.0,0.6653986663878656
cont,Griewank,16,WOA,2000,easy,9,30,0.3125,0.18662163557046532,0.4519044172193684,0.20650289673425018,0.1325195650611361,0.01067650413781529,0.5700162674133098
cont,Griewank,16,WOA,2000,med,0,30,0.03125,0.0016532542666409576,0.09211405994732372,0.20650289673425018,0.1325195650611361,0.01067650413781529,0.5700162674133098
cont,Griewank,16,WOA,2000,hard,0,30,0.03125,0.0016532542666409576,0.09211405994732372,0.20650289673425018,0.1325195650611361,0.01067650413781529,0.5700162674133098
cont,Griewank,16,WOA,5000,easy,19,30,0.625,0.4817507467611476,0.7592251415339075,0.15104184523333403,0.06466770712516762,0.0010294618442162617,0.6548170140516079
cont,Griewank,16,WOA,5000,med,3,30,0.125,0.04530017302264189,0.23150297514336832,0.15104184523333403,0.06466770712516762,0.0010294618442162617,0.6548170140516079
cont,Griewank,16,WOA,5000,hard,0,30,0.03125,0.0016532542666409576,0.09211405994732372,0.15104184523333403,0.06466770712516762,0.0010294618442162617,0.6548170140516079
cont,Griewank,16,WOA,8000,easy,18,30,0.59375,0.4495566259694524,0.7311737237767726,0.10389700614244246,0.045297765711697247,0.0001283567752785597,0.5328054988961346
cont,Griewank,16,WOA,8000,med,3,30,0.125,0.04530017302264189,0.23150297514336832,0.10389700614244246,0.045297765711697247,0.0001283567752785597,0.5328054988961346
cont,Griewank,16,WOA,8000,hard,1,30,0.0625,0.011585315861443594,0.14409039131834475,0.10389700614244246,0.045297765711697247,0.0001283567752785597,0.5328054988961346
cont,Griewank,16,WOA,10000,easy,24,30,0.78125,0.6533474562111927,0.8889112287407399,0.05585973721718604,0.01577458536818993,3.252257522778912e-05,0.4167515790761037
cont,Griewank,16,WOA,10000,med,6,30,0.21875,0.11108877125926007,0.3466525437888071,0.05585973721718604,0.01577458536818993,3.252257522778912e-05,0.4167515790761037
cont,Griewank,16,WOA,10000,hard,4,30,0.15625,0.06578047054601774,0.2713711815575147,0.05585973721718604,0.01577458536818993,3.252257522778912e-05,0.4167515790761037
cont,Griewank,17,ALO,2000,easy,0,30,0.03125,0.0016532542666409576,0.09211405994732372,0.9031856053113355,0.9125485530719184,0.7082308186772731,0.9924077203972752
cont,Griewank,17,ALO,2000,med,0,30,0.03125,0.0016532542666409576,0.09211405994732372,0.9031856053113355,0.9125485530719184,0.7082308186772731,0.9924077203972752
cont,Griewank,17,ALO,2000,hard,0,30,0.03125,0.0016532542666409576,0.09211405994732372,0.9031856053113355,0.9125485530719184,0.7082308186772731,0.9924077203972752
cont,Griewank,17,ALO,5000,easy,0,30,0.03125,0.0016532542666409576,0.09211405994732372,0.8497875561182802,0.8593019927542122,0.6850737198695551,0.9793240844208922
cont,Griewank,17,ALO,5000,med,0,30,0.03125,0.0016532542666409576,0.09211405994732372,0.8497875561182802,0.8593019927542122,0.6850737198695551,0.9793240844208922
cont,Griewank,17,ALO,5000,hard,0,30,0.03125,0.0016532542666409576,0.09211405994732372,0.8497875561182802,0.8593019927542122,0.6850737198695551,0.9793240844208922
cont,Griewank,17,ALO,8000,easy,0,30,0.03125,0.0016532542666409576,0.09211405994732372,0.8165996798789161,0.8131886383383369,0.6085701105053888,0.9621457356373933
cont,Griewank,17,ALO,8000,med,0,30,0.03125,0.0016532542666409576,0.09211405994732372,0.8165996798789161,0.8131886383383369,0.6085701105053888,0.9621457356373933
cont,Griewank,17,ALO,8000,hard,0,30,0.03125,0.0016532542666409576,0.09211405994732372,0.8165996798789161,0.8131886383383369,0.6085701105053888,0.9621457356373933
cont,Griewank,17,ALO,10000,easy,0,30,0.03125,0.0016532542666409576,0.09211405994732372,0.7613901461009114,0.7863890960341574,0.49990297201949185,0.9745523135923332
cont,Griewank,17,ALO,10000,med,0,30,0.03125,0.0016532542666409576,0.09211405994732372,0.7613901461009114,0.7863890960341574,0.49990297201949185,0.9745523135923332
cont,Griewank,17,ALO,10000,hard,0,30,0.03125,0.0016532542666409576,0.09211405994732372,0.7613901461009114,0.7863890960341574,0.49990297201949185,0.9745523135923332
cont,Griewank,17,BA,2000,easy,0,30,0.03125,0.0016532542666409576,0.09211405994732372,0.8526872168805848,0.8801455349653099,0.5963988433601597,1.0142917054682068
cont,Griewank,17,BA,2000,med,0,30,0.03125,0.0016532542666409576,0.09211405994732372,0.8526872168805848,0.8801455349653099,0.5963988433601597,1.0142917054682068
cont,Griewank,17,BA,2000,hard,0,30,0.03125,0.0016532542666409576,0.09211405994732372,0.8526872168805848,0.8801455349653099,0.5963988433601597,1.0142917054682068
cont,Griewank,17,BA,5000,easy,0,30,0.03125,0.0016532542666409576,0.09211405994732372,0.7390957231025295,0.7823324126637612,0.3430287561313041,0.9175328285322637
cont,Griewank,17,BA,5000,med,0,30,0.03125,0.0016532542666409576,0.09211405994732372,0.7390957231025295,0.7823324126637612,0.3430287561313041,0.9175328285322637
cont,Griewank,17,BA,5000,hard,0,30,0.03125,0.0016532542666409576,0.09211405994732372,0.7390957231025295,0.7823324126637612,0.3430287561313041,0.9175328285322637
cont,Griewank,17,BA,8000,easy,0,30,0.03125,0.0016532542666409576,0.09211405994732372,0.6741127633972895,0.7108084004007718,0.12391271804944448,0.8846455425714819
cont,Griewank,17,BA,8000,med,0,30,0.03125,0.0016532542666409576,0.09211405994732372,0.6741127633972895,0.7108084004007718,0.12391271804944448,0.8846455425714819
cont,Griewank,17,BA,8000,hard,0,30,0.03125,0.0016532542666409576,0.09211405994732372,0.6741127633972895,0.7108084004007718,0.12391271804944448,0.8846455425714819
cont,Griewank,17,BA,10000,easy,0,30,0.03125,0.0016532542666409576,0.09211405994732372,0.5746615271695222,0.5647772360431881,0.11062060516028704,0.8527149896720845
cont,Griewank,17,BA,10000,med,0,30,0.03125,0.0016532542666409576,0.09211405994732372,0.5746615271695222,0.5647772360431881,0.11062060516028704,0.8527149896720845
cont,Griewank,17,BA,10000,hard,0,30,0.03125,0.0016532542666409576,0.09211405994732372,0.5746615271695222,0.5647772360431881,0.11062060516028704,0.8527149896720845
cont,Griewank,17,ES_1P1,2000,easy,12,30,0.40625,0.2688262762232274,0.5504433740305475,0.1856773038406036,0.13387948963676982,0.0123160725192617,0.6756928794231346
cont,Griewank,17,ES_1P1,2000,med,0,30,0.03125,0.0016532542666409576,0.09211405994732372,0.1856773038406036,0.13387948963676982,0.0123160725192617,0.6756928794231346
cont,Griewank,17,ES_1P1,2000,hard,0,30,0.03125,0.0016532542666409576,0.09211405994732372,0.1856773038406036,0.13387948963676982,0.0123160725192617,0.6756928794231346
cont,Griewank,17,ES_1P1,5000,easy,12,30,0.40625,0.2688262762232274,0.5504433740305475,0.24241235853855378,0.13843985313774537,0.012316072519261811,0.7603728184807808
cont,Griewank,17,ES_1P1,5000,med,0,30,0.03125,0.0016532542666409576,0.09211405994732372,0.24241235853855378,0.13843985313774537,0.012316072519261811,0.7603728184807808
cont,Griewank,17,ES_1P1,5000,hard,0,30,0.03125,0.0016532542666409576,0.09211405994732372,0.24241235853855378,0.13843985313774537,0.012316072519261811,0.7603728184807808
cont,Griewank,17,ES_1P1,8000,easy,9,30,0.3125,0.18662163557046532,0.4519044172193684,0.2671310688781024,0.23455975340536256,0.007396040334115228,0.6609552610271621
cont,Griewank,17,ES_1P1,8000,med,1,30,0.0625,0.011585315861443594,0.14409039131834475,0.2671310688781024,0.23455975340536256,0.007396040334115228,0.6609552610271621
cont,Griewank,17,ES_1P1,8000,hard,0,30,0.03125,0.0016532542666409576,0.09211405994732372,0.2671310688781024,0.23455975340536256,0.007396040334115228,0.6609552610271621
cont,Griewank,17,ES_1P1,10000,easy,10,30,0.34375,0.21336046293527158,0.485416074399548,0.24077460725863775,0.14127420401470436,0.014772407722822956,0.8437708292007754
cont,Griewank,17,ES_1P1,10000,med,0,30,0.03125,0.0016532542666409576,0.09211405994732372,0.24077460725863775,0.14127420401470436,0.014772407722822956,0.8437708292007754
cont,Griewank,17,ES_1P1,10000,hard,0,30,0.03125,0.0016532542666409576,0.09211405994732372,0.24077460725863775,0.14127420401470436,0.014772407722822956,0.8437708292007754
cont,Griewank,17,FA,2000,easy,0,30,0.03125,0.0016532542666409576,0.09211405994732372,0.7527241955802098,0.7689021062576409,0.5906813907103012,0.8776262877797161
cont,Griewank,17,FA,2000,med,0,30,0.03125,0.0016532542666409576,0.09211405994732372,0.7527241955802098,0.7689021062576409,0.5906813907103012,0.8776262877797161
cont,Griewank,17,FA,2000,hard,0,30,0.03125,0.0016532542666409576,0.09211405994732372,0.7527241955802098,0.7689021062576409,0.5906813907103012,0.8776262877797161
cont,Griewank,17,FA,5000,easy,0,30,0.03125,0.0016532542666409576,0.09211405994732372,0.6900138644851277,0.665791292716656,0.45752094680768585,0.8518929772887621
cont,Griewank,17,FA,5000,med,0,30,0.03125,0.0016532542666409576,0.09211405994732372,0.6900138644851277,0.665791292716656,0.45752094680768585,0.8518929772887621
cont,Griewank,17,FA,5000,hard,0,30,0.03125,0.0016532542666409576,0.09211405994732372,0.6900138644851277,0.665791292716656,0.45752094680768585,0.8518929772887621
cont,Griewank,17,FA,8000,easy,0,30,0.03125,0.0016532542666409576,0.09211405994732372,0.6689893492223311,0.6740293548813764,0.540519266523562,0.8092559242002128
cont,Griewank,17,FA,8000,med,0,30,0.03125,0.0016532542666409576,0.09211405994732372,0.6689893492223311,0.6740293548813764,0.540519266523562,0.8092559242002128
cont,Griewank,17,FA,8000,hard,0,30,0.03125,0.0016532542666409576,0.09211405994732372,0.6689893492223311,0.6740293548813764,0.540519266523562,0.8092559242002128
cont,Griewank,17,FA,10000,easy,0,30,0.03125,0.0016532542666409576,0.09211405994732372,0.627840013271573,0.6294353570136473,0.4225299904885297,0.7687928419269227
cont,Griewank,17,FA,10000,med,0,30,0.03125,0.0016532542666409576,0.09211405994732372,0.627840013271573,0.6294353570136473,0.4225299904885297,0.7687928419269227
cont,Griewank,17,FA,10000,hard,0,30,0.03125,0.0016532542666409576,0.09211405994732372,0.627840013271573,0.6294353570136473,0.4225299904885297,0.7687928419269227
cont,Griewank,17,GWO,2000,easy,23,30,0.75,0.6173897690830179,0.8645994152416211,0.09214076951194462,0.07016700926691766,0.015275635826412226,0.3937345078030742
cont,Griewank,17,GWO,2000,med,0,30,0.03125,0.0016532542666409576,0.09211405994732372,0.09214076951194462,0.07016700926691766,0.015275635826412226,0.3937345078030742
cont,Griewank,17,GWO,2000,hard,0,30,0.03125,0.0016532542666409576,0.09211405994732372,0.09214076951194462,0.07016700926691766,0.015275635826412226,0.3937345078030742
cont,Griewank,17,GWO,5000,easy,19,30,0.625,0.4817507467611476,0.7592251415339075,0.10669555075497929,0.08056224534829037,0.019576377083215246,0.29833636758330473
cont,Griewank,17,GWO,5000,med,0,30,0.03125,0.0016532542666409576,0.09211405994732372,0.10669555075497929,0.08056224534829037,0.019576377083215246,0.29833636758330473
cont,Griewank,17,GWO,5000,hard,0,30,0.03125,0.0016532542666409576,0.09211405994732372,0.10669555075497929,0.08056224534829037,0.019576377083215246,0.29833636758330473
cont,Griewank,17,GWO,8000,easy,17,30,0.5625,0.417973431326673,0.7025127599090644,0.11264153839204141,0.0896139096619536,0.002600910649860233,0.2975849393869293
cont,Griewank,17,GWO,8000,med,1,30,0.0625,0.011585315861443594,0.14409039131834475,0.11264153839204141,0.0896139096619536,0.002600910649860233,0.2975849393869293
cont,Griewank,17,GWO,8000,hard,0,30,0.03125,0.0016532542666409576,0.09211405994732372,0.11264153839204141,0.0896139096619536,0.002600910649860233,0.2975849393869293
cont,Griewank,17,GWO,10000,easy,16,30,0.53125,0.3869822549447333,0.6732606351024929,0.1275217136142037,0.08661354385815612,0.01627646592026666,0.31202996434321006
cont,Griewank,17,GWO,10000,med,0,30,0.03125,0.0016532542666409576,0.09211405994732372,0.1275217136142037,0.08661354385815612,0.01627646592026666,0.31202996434321006
cont,Griewank,17,GWO,10000,hard,0,30,0.03125,0.0016532542666409576,0.09211405994732372,0.1275217136142037,0.08661354385815612,0.01627646592026666,0.31202996434321006
cont,Griewank,17,MFO,2000,easy,0,30,0.03125,0.0016532542666409576,0.09211405994732372,0.45584608958594325,0.4314707761034557,0.18760438003793123,0.7741415911320786
cont,Griewank,17,MFO,2000,med,0,30,0.03125,0.0016532542666409576,0.09211405994732372,0.45584608958594325,0.4314707761034557,0.18760438003793123,0.7741415911320786
cont,Griewank,17,MFO,2000,hard,0,30,0.03125,0.0016532542666409576,0.09211405994732372,0.45584608958594325,0.4314707761034557,0.18760438003793123,0.7741415911320786
cont,Griewank,17,MFO,5000,easy,0,30,0.03125,0.0016532542666409576,0.09211405994732372,0.38100680587883606,0.37083094970185376,0.16573610581548026,0.6657980381286358
cont,Griewank,17,MFO,5000,med,0,30,0.03125,0.0016532542666409576,0.09211405994732372,0.38100680587883606,0.37083094970185376,0.16573610581548026,0.6657980381286358
cont,Griewank,17,MFO,5000,hard,0,30,0.03125,0.0016532542666409576,0.09211405994732372,0.38100680587883606,0.37083094970185376,0.16573610581548026,0.6657980381286358
cont,Griewank,17,MFO,8000,easy,1,30,0.0625,0.011585315861443594,0.14409039131834475,0.33247253138662836,0.31322267309272195,0.07361024685992679,0.6489457049779908
cont,Griewank,17,MFO,8000,med,0,30,0.03125,0.0016532542666409576,0.09211405994732372,0.33247253138662836,0.31322267309272195,0.07361024685992679,0.6489457049779908
cont,Griewank,17,MFO,8000,hard,0,30,0.03125,0.0016532542666409576,0.09211405994732372,0.33247253138662836,0.31322267309272195,0.07361024685992679,0.6489457049779908
cont,Griewank,17,MFO,10000,easy,5,30,0.1875,0.08781446714324878,0.30964351535764695,0.3061038495076519,0.28431747524583,0.03833764424988617,0.7791982074585136
cont,Griewank,17,MFO,10000,med,0,30,0.03125,0.0016532542666409576,0.09211405994732372,0.3061038495076519,0.28431747524583,0.03833764424988617,0.7791982074585136
cont,Griewank,17,MFO,10000,hard,0,30,0.03125,0.0016532542666409576,0.09211405994732372,0.3061038495076519,0.28431747524583,0.03833764424988617,0.7791982074585136
cont,Griewank,17,PSO_GBEST,2000,easy,10,30,0.34375,0.21336046293527158,0.485416074399548,0.16132400181952244,0.12837391368732576,0.0008751814613496833,0.41644767356208257
cont,Griewank,17,PSO_GBEST,2000,med,2,30,0.09375,0.02690011969114915,0.18946446742553866,0.16132400181952244,0.12837391368732576,0.0008751814613496833,0.41644767356208257
cont,Griewank,17,PSO_GBEST,2000,hard,1,30,0.0625,0.011585315861443594,0.14409039131834475,0.16132400181952244,0.12837391368732576,0.0008751814613496833,0.41644767356208257
cont,Griewank,17,PSO_GBEST,5000,easy,18,30,0.59375,0.4495566259694524,0.7311737237767726,0.12291243148256849,0.04282903656669168,3.225158184960719e-08,0.4281582666428403
cont,Griewank,17,PSO_GBEST,5000,med,5,30,0.1875,0.08781446714324878,0.30964351535764695,0.12291243148256849,0.04282903656669168,3.225158184960719e-08,0.4281582666428403
cont,Griewank,17,PSO_GBEST,5000,hard,1,30,0.0625,0.011585315861443594,0.14409039131834475,0.12291243148256849,0.04282903656669168,3.225158184960719e-08,0.4281582666428403
cont,Griewank,17,PSO_GBEST,8000,easy,12,30,0.40625,0.2688262762232274,0.5504433740305475,0.1383102100346437,0.11433179435862262,0.007396040334120779,0.6140421985958504
cont,Griewank,17,PSO_GBEST,8000,med,5,30,0.1875,0.08781446714324878,0.30964351535764695,0.1383102100346437,0.11433179435862262,0.007396040334120779,0.6140421985958504
cont,Griewank,17,PSO_GBEST,8000,hard,0,30,0.03125,0.0016532542666409576,0.09211405994732372,0.1383102100346437,0.11433179435862262,0.007396040334120779,0.6140421985958504
cont,Griewank,17,PSO_GBEST,10000,easy,17,30,0.5625,0.417973431326673,0.7025127599090644,0.10803475341316476,0.04789378648815773,0.0,0.5649536207001886
cont,Griewank,17,PSO_GBEST,10000,med,4,30,0.15625,0.06578047054601774,0.2713711815575147,0.10803475341316476,0.04789378648815773,0.0,0.5649536207001886
cont,Griewank,17,PSO_GBEST,10000,hard,2,30,0.09375,0.02690011969114915,0.18946446742553866,0.10803475341316476,0.04789378648815773,0.0,0.5649536207001886
cont,Griewank,17,WOA,2000,easy,11,30,0.375,0.24077485846609245,0.5182492532388523,0.19667467910622968,0.14793011586010268,0.015670833343808477,0.6202073511731313
cont,Griewank,17,WOA,2000,med,0,30,0.03125,0.0016532542666409576,0.09211405994732372,0.19667467910622968,0.14793011586010268,0.015670833343808477,0.6202073511731313
cont,Griewank,17,WOA,2000,hard,0,30,0.03125,0.0016532542666409576,0.09211405994732372,0.19667467910622968,0.14793011586010268,0.015670833343808477,0.6202073511731313
cont,Griewank,17,WOA,5000,easy,12,30,0.40625,0.2688262762232274,0.5504433740305475,0.14886458260719873,0.1329037324751139,0.01095764528629517,0.5023384066675443
cont,Griewank,17,WOA,5000,med,0,30,0.03125,0.0016532542666409576,0.09211405994732372,0.14886458260719873,0.1329037324751139,0.01095764528629517,0.5023384066675443
cont,Griewank,17,WOA,5000,hard,0,30,0.03125,0.0016532542666409576,0.09211405994732372,0.14886458260719873,0.1329037324751139,0.01095764528629517,0.5023384066675443
cont,Griewank,17,WOA,8000,easy,9,30,0.3125,0.18662163557046532,0.4519044172193684,0.17644380112382618,0.14083949233130982,0.009980202693652629,0.5426038226614989
cont,Griewank,17,WOA,8000,med,1,30,0.0625,0.011585315861443594,0.14409039131834475,0.17644380112382618,0.14083949233130982,0.009980202693652629,0.5426038226614989
cont,Griewank,17,WOA,8000,hard,0,30,0.03125,0.0016532542666409576,0.09211405994732372,0.17644380112382618,0.14083949233130982,0.009980202693652629,0.5426038226614989
cont,Griewank,17,WOA,10000,easy,10,30,0.34375,0.21336046293527158,0.485416074399548,0.18878187756315182,0.1591328416844804,0.0074615805278887,0.6052795501913423
cont,Griewank,17,WOA,10000,med,2,30,0.09375,0.02690011969114915,0.18946446742553866,0.18878187756315182,0.1591328416844804,0.0074615805278887,0.6052795501913423
cont,Griewank,17,WOA,10000,hard,0,30,0.03125,0.0016532542666409576,0.09211405994732372,0.18878187756315182,0.1591328416844804,0.0074615805278887,0.6052795501913423
cont,Griewank,18,ALO,2000,easy,0,30,0.03125,0.0016532542666409576,0.09211405994732372,0.883424024744058,0.9271605101502531,0.513863827223624,1.005199806115547
cont,Griewank,18,ALO,2000,med,0,30,0.03125,0.0016532542666409576,0.09211405994732372,0.883424024744058,0.9271605101502531,0.513863827223624,1.005199806115547
cont,Griewank,18,ALO,2000,hard,0,30,0.03125,0.0016532542666409576,0.09211405994732372,0.883424024744058,0.9271605101502531,0.513863827223624,1.005199806115547
cont,Griewank,18,ALO,5000,easy,0,30,0.03125,0.0016532542666409576,0.09211405994732372,0.8488252687296416,0.8636502316654053,0.5223532982781954,0.9998074089091499
cont,Griewank,18,ALO,5000,med,0,30,0.03125,0.0016532542666409576,0.09211405994732372,0.8488252687296416,0.8636502316654053,0.5223532982781954,0.9998074089091499
cont,Griewank,18,ALO,5000,hard,0,30,0.03125,0.0016532542666409576,0.09211405994732372,0.8488252687296416,0.8636502316654053,0.5223532982781954,0.9998074089091499
cont,Griewank,18,ALO,8000,easy,0,30,0.03125,0.0016532542666409576,0.09211405994732372,0.7495698413677181,0.7925718515431165,0.2839973121085565,0.9453822790477064
cont,Griewank,18,ALO,8000,med,0,30,0.03125,0.0016532542666409576,0.09211405994732372,0.7495698413677181,0.7925718515431165,0.2839973121085565,0.9453822790477064
cont,Griewank,18,ALO,8000,hard,0,30,0.03125,0.0016532542666409576,0.09211405994732372,0.7495698413677181,0.7925718515431165,0.2839973121085565,0.9453822790477064
cont,Griewank,18,ALO,10000,easy,0,30,0.03125,0.0016532542666409576,0.09211405994732372,0.7140381692775704,0.747542860439635,0.28290697489792027,0.9523468931536033
cont,Griewank,18,ALO,10000,med,0,30,0.03125,0.0016532542666409576,0.09211405994732372,0.7140381692775704,0.747542860439635,0.28290697489792027,0.9523468931536033
cont,Griewank,18,ALO,10000,hard,0,30,0.03125,0.0016532542666409576,0.09211405994732372,0.7140381692775704,0.747542860439635,0.28290697489792027,0.9523468931536033
cont,Griewank,18,BA,2000,easy,0,30,0.03125,0.0016532542666409576,0.09211405994732372,0.8391704504261591,0.8609602880166203,0.5795610590766753,0.9962576772366364
cont,Griewank,18,BA,2000,med,0,30,0.03125,0.0016532542666409576,0.09211405994732372,0.8391704504261591,0.8609602880166203,0.5795610590766753,0.9962576772366364
cont,Griewank,18,BA,2000,hard,0,30,0.03125,0.0016532542666409576,0.09211405994732372,0.8391704504261591,0.8609602880166203,0.5795610590766753,0.9962576772366364
cont,Griewank,18,BA,5000,easy,0,30,0.03125,0.0016532542666409576,0.09211405994732372,0.7142170175126956,0.7271965197082964,0.3643350334453528,0.9207303011441504
cont,Griewank,18,BA,5000,med,0,30,0.03125,0.0016532542666409576,0.09211405994732372,0.7142170175126956,0.7271965197082964,0.3643350334453528,0.9207303011441504
cont,Griewank,18,BA,5000,hard,0,30,0.03125,0.0016532542666409576,0.09211405994732372,0.7142170175126956,0.7271965197082964,0.3643350334453528,0.9207303011441504
cont,Griewank,18,BA,8000,easy,0,30,0.03125,0.0016532542666409576,0.09211405994732372,0.592769772593967,0.6085403076650899,0.2612755319712996,0.8923094069559573
cont,Griewank,18,BA,8000,med,0,30,0.03125,0.0016532542666409576,0.09211405994732372,0.592769772593967,0.6085403076650899,0.2612755319712996,0.8923094069559573
cont,Griewank,18,BA,8000,hard,0,30,0.03125,0.0016532542666409576,0.09211405994732372,0.592769772593967,0.6085403076650899,0.2612755319712996,0.8923094069559573
cont,Griewank,18,BA,10000,easy,0,30,0.03125,0.0016532542666409576,0.09211405994732372,0.5408458073270697,0.5117674005981749,0.13039297272681494,0.923439088234626
cont,Griewank,18,BA,10000,med,0,30,0.03125,0.0016532542666409576,0.09211405994732372,0.5408458073270697,0.5117674005981749,0.13039297272681494,0.923439088234626
cont,Griewank,18,BA,10000,hard,0,30,0.03125,0.0016532542666409576,0.09211405994732372,0.5408458073270697,0.5117674005981749,0.13039297272681494,0.923439088234626
cont,Griewank,18,ES_1P1,2000,easy,12,30,0.40625,0.2688262762232274,0.5504433740305475,0.12678061645012867,0.11275752096850328,4.440892098500626e-16,0.3446074504258432
cont,Griewank,18,ES_1P1,2000,med,4,30,0.15625,0.06578047054601774,0.2713711815575147,0.12678061645012867,0.11275752096850328,4.440892098500626e-16,0.3446074504258432
cont,Griewank,18,ES_1P1,2000,hard,2,30,0.09375,0.02690011969114915,0.18946446742553866,0.12678061645012867,0.11275752096850328,4.440892098500626e-16,0.3446074504258432
cont,Griewank,18,ES_1P1,5000,easy,18,30,0.59375,0.4495566259694524,0.7311737237767726,0.10186845555264545,0.08095995787225096,1.1102230246251565e-16,0.2546287621795841
cont,Griewank,18,ES_1P1,5000,med,4,30,0.15625,0.06578047054601774,0.2713711815575147,0.10186845555264545,0.08095995787225096,1.1102230246251565e-16,0.2546287621795841
cont,Griewank,18,ES_1P1,5000,hard,1,30,0.0625,0.011585315861443594,0.14409039131834475,0.10186845555264545,0.08095995787225096,1.1102230246251565e-16,0.2546287621795841
cont,Griewank,18,ES_1P1,8000,easy,22,30,0.71875,0.5823396662557391,0.8393889087436222,0.08642223674225652,0.07656515062564889,0.007396040334115006,0.2914078175864926
cont,Griewank,18,ES_1P1,8000,med,1,30,0.0625,0.011585315861443594,0.14409039131834475,0.08642223674225652,0.07656515062564889,0.007396040334115006,0.2914078175864926
cont,Griewank,18,ES_1P1,8000,hard,0,30,0.03125,0.0016532542666409576,0.09211405994732372,0.08642223674225652,0.07656515062564889,0.007396040334115006,0.2914078175864926
cont,Griewank,18,ES_1P1,10000,easy,19,30,0.625,0.4817507467611476,0.7592251415339075,0.09873286400868644,0.07933504429694932,0.007396040334115117,0.3036365614140125
cont,Griewank,18,ES_1P1,10000,med,1,30,0.0625,0.011585315861443594,0.14409039131834475,0.09873286400868644,0.07933504429694932,0.007396040334115117,0.3036365614140125
cont,Griewank,18,ES_1P1,10000,hard,0,30,0.03125,0.0016532542666409576,0.09211405994732372,0.09873286400868644,0.07933504429694932,0.007396040334115117,0.3036365614140125
cont,Griewank,18,FA,2000,easy,0,30,0.03125,0.0016532542666409576,0.09211405994732372,0.6854072273944467,0.6905954533780732,0.4767830099595468,0.8221910042749265
cont,Griewank,18,FA,2000,med,0,30,0.03125,0.0016532542666409576,0.09211405994732372,0.6854072273944467,0.6905954533780732,0.4767830099595468,0.8221910042749265
cont,Griewank,18,FA,2000,hard,0,30,0.03125,0.0016532542666409576,0.09211405994732372,0.6854072273944467,0.6905954533780732,0.4767830099595468,0.8221910042749265
cont,Griewank,18,FA,5000,easy,0,30,0.03125,0.0016532542666409576,0.09211405994732372,0.5900565962207419,0.6024728903074448,0.44685536194029607,0.7839427810807015
cont,Griewank,18,FA,5000,med,0,30,0.03125,0.0016532542666409576,0.09211405994732372,0.5900565962207419,0.6024728903074448,0.44685536194029607,0.7839427810807015
cont,Griewank,18,FA,5000,hard,0,30,0.03125,0.0016532542666409576,0.09211405994732372,0.5900565962207419,0.6024728903074448,0.44685536194029607,0.7839427810807015
cont,Griewank,18,FA,8000,easy,0,30,0.03125,0.0016532542666409576,0.09211405994732372,0.5525562867691466,0.5559608310472057,0.32459021858846693,0.7033909197426058
cont,Griewank,18,FA,8000,med,0,30,0.03125,0.0016532542666409576,0.09211405994732372,0.5525562867691466,0.5559608310472057,0.32459021858846693,0.7033909197426058
cont,Griewank,18,FA,8000,hard,0,30,0.03125,0.0016532542666409576,0.09211405994732372,0.5525562867691466,0.5559608310472057,0.32459021858846693,0.7033909197426058
cont,Griewank,18,FA,10000,easy,0,30,0.03125,0.0016532542666409576,0.09211405994732372,0.5293894358635557,0.5603750666537907,0.2645728860973775,0.7293167043258433
cont,Griewank,18,FA,10000,med,0,30,0.03125,0.0016532542666409576,0.09211405994732372,0.5293894358635557,0.5603750666537907,0.2645728860973775,0.7293167043258433
cont,Griewank,18,FA,10000,hard,0,30,0.03125,0.0016532542666409576,0.09211405994732372,0.5293894358635557,0.5603750666537907,0.2645728860973775,0.7293167043258433
cont,Griewank,18,GWO,2000,easy,24,30,0.78125,0.6533474562111927,0.8889112287407399,0.07133203744837555,0.053344321724912935,0.015369672000581924,0.2290240405747198
cont,Griewank,18,GWO,2000,med,0,30,0.03125,0.0016532542666409576,0.09211405994732372,0.07133203744837555,0.053344321724912935,0.015369672000581924,0.2290240405747198
cont,Griewank,18,GWO,2000,hard,0,30,0.03125,0.0016532542666409576,0.09211405994732372,0.07133203744837555,0.053344321724912935,0.015369672000581924,0.2290240405747198
cont,Griewank,18,GWO,5000,easy,19,30,0.625,0.4817507467611476,0.7592251415339075,0.1029555371725318,0.07672729043797738,0.010208082486527048,0.42057794009161464
cont,Griewank,18,GWO,5000,med,0,30,0.03125,0.0016532542666409576,0.09211405994732372,0.1029555371725318,0.07672729043797738,0.010208082486527048,0.42057794009161464
cont,Griewank,18,GWO,5000,hard,0,30,0.03125,0.0016532542666409576,0.09211405994732372,0.1029555371725318,0.07672729043797738,0.010208082486527048,0.42057794009161464
cont,Griewank,18,GWO,8000,easy,25,30,0.8125,0.690356484642353,0.9121855328567512,0.06884637847862078,0.04442162199550609,0.022567026101729337,0.3926066235806732
cont,Griewank,18,GWO,8000,med,0,30,0.03125,0.0016532542666409576,0.09211405994732372,0.06884637847862078,0.04442162199550609,0.022567026101729337,0.3926066235806732
cont,Griewank,18,GWO,8000,hard,0,30,0.03125,0.0016532542666409576,0.09211405994732372,0.06884637847862078,0.04442162199550609,0.022567026101729337,0.3926066235806732
cont,Griewank,18,GWO,10000,easy,22,30,0.71875,0.5823396662557391,0.8393889087436222,0.09794636353510484,0.07513825153676146,0.02337026986776758,0.33747699760596206
cont,Griewank,18,GWO,10000,med,0,30,0.03125,0.0016532542666409576,0.09211405994732372,0.09794636353510484,0.07513825153676146,0.02337026986776758,0.33747699760596206
cont,Griewank,18,GWO,10000,hard,0,30,0.03125,0.0016532542666409576,0.09211405994732372,0.09794636353510484,0.07513825153676146,0.02337026986776758,0.33747699760596206
cont,Griewank,18,MFO,2000,easy,0,30,0.03125,0.0016532542666409576,0.09211405994732372,0.4693809040338265,0.46732985496215435,0.19104763932331592,0.839971918641074
cont,Griewank,18,MFO,2000,med,0,30,0.03125,0.0016532542666409576,0.09211405994732372,0.4693809040338265,0.46732985496215435,0.19104763932331592,0.839971918641074
cont,Griewank,18,MFO,2000,hard,0,30,0.03125,0.0016532542666409576,0.09211405994732372,0.4693809040338265,0.46732985496215435,0.19104763932331592,0.839971918641074
cont,Griewank,18,MFO,5000,easy,0,30,0.03125,0.0016532542666409576,0.09211405994732372,0.3572754969431674,0.33957310071486574,0.10040416161664145,0.690044951364298
cont,Griewank,18,MFO,5000,med,0,30,0.03125,0.0016532542666409576,0.09211405994732372,0.3572754969431674,0.33957310071486574,0.10040416161664145,0.690044951364298
cont,Griewank,18,MFO,5000,hard,0,30,0.03125,0.0016532542666409576,0.09211405994732372,0.3572754969431674,0.33957310071486574,0.10040416161664145,0.690044951364298
cont,Griewank,18,MFO,8000,easy,1,30,0.0625,0.011585315861443594,0.14409039131834475,0.272152775832598,0.2742982546792005,0.09806562862620938,0.49660371272731085
cont,Griewank,18,MFO,8000,med,0,30,0.03125,0.0016532542666409576,0.09211405994732372,0.272152775832598,0.2742982546792005,0.09806562862620938,0.49660371272731085
cont,Griewank,18,MFO,8000,hard,0,30,0.03125,0.0016532542666409576,0.09211405994732372,0.272152775832598,0.2742982546792005,0.09806562862620938,0.49660371272731085
cont,Griewank,18,MFO,10000,easy,2,30,0.09375,0.02690011969114915,0.18946446742553866,0.3171987400256592,0.28767185967030817,0.09018758175583808,0.7997216812243741
cont,Griewank,18,MFO,10000,med,0,30,0.03125,0.0016532542666409576,0.09211405994732372,0.3171987400256592,0.28767185967030817,0.09018758175583808,0.7997216812243741
cont,Griewank,18,MFO,10000,hard,0,30,0.03125,0.0016532542666409576,0.09211405994732372,0.3171987400256592,0.28767185967030817,0.09018758175583808,0.7997216812243741
cont,Griewank,18,PSO_GBEST,2000,easy,16,30,0.53125,0.3869822549447333,0.6732606351024929,0.11306114733463986,0.09362299548758923,0.0003293965590475123,0.3640450093229648
cont,Griewank,18,PSO_GBEST,2000,med,1,30,0.0625,0.011585315861443594,0.14409039131834475,0.11306114733463986,0.09362299548758923,0.0003293965590475123,0.3640450093229648
cont,Griewank,18,PSO_GBEST,2000,hard,1,30,0.0625,0.011585315861443594,0.14409039131834475,0.11306114733463986,0.09362299548758923,0.0003293965590475123,0.3640450093229648
cont,Griewank,18,PSO_GBEST,5000,easy,19,30,0.625,0.4817507467611476,0.7592251415339075,0.09448693666145694,0.060990007489372,9.47472555967721e-09,0.27010177330873375
cont,Griewank,18,PSO_GBEST,5000,med,2,30,0.09375,0.02690011969114915,0.18946446742553866,0.09448693666145694,0.060990007489372,9.47472555967721e-09,0.27010177330873375
cont,Griewank,18,PSO_GBEST,5000,hard,1,30,0.0625,0.011585315861443594,0.14409039131834475,0.09448693666145694,0.060990007489372,9.47472555967721e-09,0.27010177330873375
cont,Griewank,18,PSO_GBEST,8000,easy,15,30,0.5,0.3565721369616578,0.6434278630383421,0.10239242749651221,0.09766307156282122,1.0090817070818048e-12,0.28796892802110796
cont,Griewank,18,PSO_GBEST,8000,med,5,30,0.1875,0.08781446714324878,0.30964351535764695,0.10239242749651221,0.09766307156282122,1.0090817070818048e-12,0.28796892802110796
cont,Griewank,18,PSO_GBEST,8000,hard,1,30,0.0625,0.011585315861443594,0.14409039131834475,0.10239242749651221,0.09766307156282122,1.0090817070818048e-12,0.28796892802110796
cont,Griewank,18,PSO_GBEST,10000,easy,17,30,0.5625,0.417973431326673,0.7025127599090644,0.12829562235083505,0.0954971318495928,0.01722629385971286,0.3204285757675589
cont,Griewank,18,PSO_GBEST,10000,med,0,30,0.03125,0.0016532542666409576,0.09211405994732372,0.12829562235083505,0.0954971318495928,0.01722629385971286,0.3204285757675589
cont,Griewank,18,PSO_GBEST,10000,hard,0,30,0.03125,0.0016532542666409576,0.09211405994732372,0.12829562235083505,0.0954971318495928,0.01722629385971286,0.3204285757675589
cont,Griewank,18,WOA,2000,easy,8,30,0.28125,0.16061109125637793,0.4176603337442609,0.1584123155354036,0.15946204492988192,0.016758078616100236,0.4519921820317415
cont,Griewank,18,WOA,2000,med,0,30,0.03125,0.0016532542666409576,0.09211405994732372,0.1584123155354036,0.15946204492988192,0.016758078616100236,0.4519921820317415
cont,Griewank,18,WOA,2000,hard,0,30,0.03125,0.0016532542666409576,0.09211405994732372,0.1584123155354036,0.15946204492988192,0.016758078616100236,0.4519921820317415
cont,Griewank,18,WOA,5000,easy,13,30,0.4375,0.29748724009093563,0.582026568673327,0.10406994154897276,0.11928193520542613,0.0013321110044831608,0.27952346358509295
cont,Griewank,18,WOA,5000,med,2,30,0.09375,0.02690011969114915,0.18946446742553866,0.10406994154897276,0.11928193520542613,0.0013321110044831608,0.27952346358509295
cont,Griewank,18,WOA,5000,hard,0,30,0.03125,0.0016532542666409576,0.09211405994732372,0.10406994154897276,0.11928193520542613,0.0013321110044831608,0.27952346358509295
cont,Griewank,18,WOA,8000,easy,14,30,0.46875,0.3267393648975071,0.6130177450552665,0.13387707568596433,0.1075810281618289,0.004653500828764923,0.3159888869459334
cont,Griewank,18,WOA,8000,med,1,30,0.0625,0.011585315861443594,0.14409039131834475,0.13387707568596433,0.1075810281618289,0.004653500828764923,0.3159888869459334
cont,Griewank,18,WOA,8000,hard,0,30,0.03125,0.0016532542666409576,0.09211405994732372,0.13387707568596433,0.1075810281618289,0.004653500828764923,0.3159888869459334
cont,Griewank,18,WOA,10000,easy,14,30,0.46875,0.3267393648975071,0.6130177450552665,0.1428511413669262,0.12122522408361769,0.007802741469800978,0.3208202204008028
cont,Griewank,18,WOA,10000,med,1,30,0.0625,0.011585315861443594,0.14409039131834475,0.1428511413669262,0.12122522408361769,0.007802741469800978,0.3208202204008028
cont,Griewank,18,WOA,10000,hard,0,30,0.03125,0.0016532542666409576,0.09211405994732372,0.1428511413669262,0.12122522408361769,0.007802741469800978,0.3208202204008028
cont,Rastrigin,0,ALO,2000,easy,0,30,0.03125,0.0016532542666409576,0.09211405994732372,97.86530370513404,97.1522807769424,52.49983442362831,138.21355109178512
cont,Rastrigin,0,ALO,2000,med,0,30,0.03125,0.0016532542666409576,0.09211405994732372,97.86530370513404,97.1522807769424,52.49983442362831,138.21355109178512
cont,Rastrigin,0,ALO,2000,hard,0,30,0.03125,0.0016532542666409576,0.09211405994732372,97.86530370513404,97.1522807769424,52.49983442362831,138.21355109178512
cont,Rastrigin,0,ALO,5000,easy,0,30,0.03125,0.0016532542666409576,0.09211405994732372,74.38614843583359,73.75928211431176,30.57484334701887,109.11655120427658
cont,Rastrigin,0,ALO,5000,med,0,30,0.03125,0.0016532542666409576,0.09211405994732372,74.38614843583359,73.75928211431176,30.57484334701887,109.11655120427658
cont,Rastrigin,0,ALO,5000,hard,0,30,0.03125,0.0016532542666409576,0.09211405994732372,74.38614843583359,73.75928211431176,30.57484334701887,109.11655120427658
cont,Rastrigin,0,ALO,8000,easy,0,30,0.03125,0.0016532542666409576,0.09211405994732372,61.43470548785608,59.80468796098665,20.965548584206175,101.01257675846992
cont,Rastrigin,0,ALO,8000,med,0,30,0.03125,0.0016532542666409576,0.09211405994732372,61.43470548785608,59.80468796098665,20.965548584206175,101.01257675846992
cont,Rastrigin,0,ALO,8000,hard,0,30,0.03125,0.0016532542666409576,0.09211405994732372,61.43470548785608,59.80468796098665,20.965548584206175,101.01257675846992
cont,Rastrigin,0,ALO,10000,easy,0,30,0.03125,0.0016532542666409576,0.09211405994732372,50.19425512438375,47.675644106700474,16.921889029698136,88.67314874937597
cont,Rastrigin,0,ALO,10000,med,0,30,0.03125,0.0016532542666409576,0.09211405994732372,50.19425512438375,47.675644106700474,16.921889029698136,88.67314874937597
cont,Rastrigin,0,ALO,10000,hard,0,30,0.03125,0.0016532542666409576,0.09211405994732372,50.19425512438375,47.675644106700474,16.921889029698136,88.67314874937597
cont,Rastrigin,0,BA,2000,easy,0,30,0.03125,0.0016532542666409576,0.09211405994732372,65.42672532568898,62.749335545400726,35.88459483152782,106.62538445814994
cont,Rastrigin,0,BA,2000,med,0,30,0.03125,0.0016532542666409576,0.09211405994732372,65.42672532568898,62.749335545400726,35.88459483152782,106.62538445814994
cont,Rastrigin,0,BA,2000,hard,0,30,0.03125,0.0016532542666409576,0.09211405994732372,65.42672532568898,62.749335545400726,35.88459483152782,106.62538445814994
cont,Rastrigin,0,BA,5000,easy,0,30,0.03125,0.0016532542666409576,0.09211405994732372,47.32888145481652,43.77846527602057,19.899837049060935,102.9789078805845
cont,Rastrigin,0,BA,5000,med,0,30,0.03125,0.0016532542666409576,0.09211405994732372,47.32888145481652,43.77846527602057,19.899837049060935,102.9789078805845
cont,Rastrigin,0,BA,5000,hard,0,30,0.03125,0.0016532542666409576,0.09211405994732372,47.32888145481652,43.77846527602057,19.899837049060935,102.9789078805845
cont,Rastrigin,0,BA,8000,easy,0,30,0.03125,0.0016532542666409576,0.09211405994732372,44.275734366882006,38.80349511974548,12.934824593457776,117.40445762049134
cont,Rastrigin,0,BA,8000,med,0,30,0.03125,0.0016532542666409576,0.09211405994732372,44.275734366882006,38.80349511974548,12.934824593457776,117.40445762049134
cont,Rastrigin,0,BA,8000,hard,0,30,0.03125,0.0016532542666409576,0.09211405994732372,44.275734366882006,38.80349511974548,12.934824593457776,117.40445762049134
cont,Rastrigin,0,BA,10000,easy,0,30,0.03125,0.0016532542666409576,0.09211405994732372,43.33086957934911,40.295988330291976,11.939818656227217,112.93735165006026
cont,Rastrigin,0,BA,10000,med,0,30,0.03125,0.0016532542666409576,0.09211405994732372,43.33086957934911,40.295988330291976,11.939818656227217,112.93735165006026
cont,Rastrigin,0,BA,10000,hard,0,30,0.03125,0.0016532542666409576,0.09211405994732372,43.33086957934911,40.295988330291976,11.939818656227217,112.93735165006026
cont,Rastrigin,0,ES_1P1,2000,easy,0,30,0.03125,0.0016532542666409576,0.09211405994732372,42.36619485257945,40.79315463726972,17.909242876403695,81.58618213731421
cont,Rastrigin,0,ES_1P1,2000,med,0,30,0.03125,0.0016532542666409576,0.09211405994732372,42.36619485257945,40.79315463726972,17.909242876403695,81.58618213731421
cont,Rastrigin,0,ES_1P1,2000,hard,0,30,0.03125,0.0016532542666409576,0.09211405994732372,42.36619485257945,40.79315463726972,17.909242876403695,81.58618213731421
cont,Rastrigin,0,ES_1P1,5000,easy,0,30,0.03125,0.0016532542666409576,0.09211405994732372,37.5041585938345,35.61097147333344,13.929416723667941,75.13240421325173
cont,Rastrigin,0,ES_1P1,5000,med,0,30,0.03125,0.0016532542666409576,0.09211405994732372,37.5041585938345,35.61097147333344,13.929416723667941,75.13240421325173
cont,Rastrigin,0,ES_1P1,5000,hard,0,30,0.03125,0.0016532542666409576,0.09211405994732372,37.5041585938345,35.61097147333344,13.929416723667941,75.13240421325173
cont,Rastrigin,0,ES_1P1,8000,easy,0,30,0.03125,0.0016532542666409576,0.09211405994732372,39.253085149909126,32.33609621627905,9.949585533113833,113.42434287955626
cont,Rastrigin,0,ES_1P1,8000,med,0,30,0.03125,0.0016532542666409576,0.09211405994732372,39.253085149909126,32.33609621627905,9.949585533113833,113.42434287955626
cont,Rastrigin,0,ES_1P1,8000,hard,0,30,0.03125,0.0016532542666409576,0.09211405994732372,39.253085149909126,32.33609621627905,9.949585533113833,113.42434287955626
cont,Rastrigin,0,ES_1P1,10000,easy,0,30,0.03125,0.0016532542666409576,0.09211405994732372,40.97630924727478,38.30581009668046,14.924350546227686,108.57167050933761
cont,Rastrigin,0,ES_1P1,10000,med,0,30,0.03125,0.0016532542666409576,0.09211405994732372,40.97630924727478,38.30581009668046,14.924350546227686,108.57167050933761
cont,Rastrigin,0,ES_1P1,10000,hard,0,30,0.03125,0.0016532542666409576,0.09211405994732372,40.97630924727478,38.30581009668046,14.924350546227686,108.57167050933761
cont,Rastrigin,0,FA,2000,easy,0,30,0.03125,0.0016532542666409576,0.09211405994732372,88.60113429925279,88.60790784548475,72.48835369224294,109.03769466419827
cont,Rastrigin,0,FA,2000,med,0,30,0.03125,0.0016532542666409576,0.09211405994732372,88.60113429925279,88.60790784548475,72.48835369224294,109.03769466419827
cont,Rastrigin,0,FA,2000,hard,0,30,0.03125,0.0016532542666409576,0.09211405994732372,88.60113429925279,88.60790784548475,72.48835369224294,109.03769466419827
cont,Rastrigin,0,FA,5000,easy,0,30,0.03125,0.0016532542666409576,0.09211405994732372,81.92074114892895,82.58831091230061,53.823820776661535,98.44209683567306
cont,Rastrigin,0,FA,5000,med,0,30,0.03125,0.0016532542666409576,0.09211405994732372,81.92074114892895,82.58831091230061,53.823820776661535,98.44209683567306
cont,Rastrigin,0,FA,5000,hard,0,30,0.03125,0.0016532542666409576,0.09211405994732372,81.92074114892895,82.58831091230061,53.823820776661535,98.44209683567306
cont,Rastrigin,0,FA,8000,easy,0,30,0.03125,0.0016532542666409576,0.09211405994732372,73.35852099062708,74.56362058572944,44.649421445095555,89.38596735418463
cont,Rastrigin,0,FA,8000,med,0,30,0.03125,0.0016532542666409576,0.09211405994732372,73.35852099062708,74.56362058572944,44.649421445095555,89.38596735418463
cont,Rastrigin,0,FA,8000,hard,0,30,0.03125,0.0016532542666409576,0.09211405994732372,73.35852099062708,74.56362058572944,44.649421445095555,89.38596735418463
cont,Rastrigin,0,FA,10000,easy,0,30,0.03125,0.0016532542666409576,0.09211405994732372,74.2571570666827,74.06079090888008,55.94796550524423,88.834169246251
cont,Rastrigin,0,FA,10000,med,0,30,0.03125,0.0016532542666409576,0.09211405994732372,74.2571570666827,74.06079090888008,55.94796550524423,88.834169246251
cont,Rastrigin,0,FA,10000,hard,0,30,0.03125,0.0016532542666409576,0.09211405994732372,74.2571570666827,74.06079090888008,55.94796550524423,88.834169246251
cont,Rastrigin,0,GWO,2000,easy,0,30,0.03125,0.0016532542666409576,0.09211405994732372,14.470604086580291,14.601232224170566,4.299455912650856,27.875742725348957
cont,Rastrigin,0,GWO,2000,med,0,30,0.03125,0.0016532542666409576,0.09211405994732372,14.470604086580291,14.601232224170566,4.299455912650856,27.875742725348957
cont,Rastrigin,0,GWO,2000,hard,0,30,0.03125,0.0016532542666409576,0.09211405994732372,14.470604086580291,14.601232224170566,4.299455912650856,27.875742725348957
cont,Rastrigin,0,GWO,5000,easy,0,30,0.03125,0.0016532542666409576,0.09211405994732372,15.032521883313965,15.32064713411787,5.858983806945858,22.732543822533785
cont,Rastrigin,0,GWO,5000,med,0,30,0.03125,0.0016532542666409576,0.09211405994732372,15.032521883313965,15.32064713411787,5.858983806945858,22.732543822533785
cont,Rastrigin,0,GWO,5000,hard,0,30,0.03125,0.0016532542666409576,0.09211405994732372,15.032521883313965,15.32064713411787,5.858983806945858,22.732543822533785
cont,Rastrigin,0,GWO,8000,easy,0,30,0.03125,0.0016532542666409576,0.09211405994732372,20.653602640189895,19.79154631543299,12.942907844312998,32.331296271256235
cont,Rastrigin,0,GWO,8000,med,0,30,0.03125,0.0016532542666409576,0.09211405994732372,20.653602640189895,19.79154631543299,12.942907844312998,32.331296271256235
cont,Rastrigin,0,GWO,8000,hard,0,30,0.03125,0.0016532542666409576,0.09211405994732372,20.653602640189895,19.79154631543299,12.942907844312998,32.331296271256235
cont,Rastrigin,0,GWO,10000,easy,0,30,0.03125,0.0016532542666409576,0.09211405994732372,17.815113231083885,17.448524895995,11.3767410976115,29.011234516364738
cont,Rastrigin,0,GWO,10000,med,0,30,0.03125,0.0016532542666409576,0.09211405994732372,17.815113231083885,17.448524895995,11.3767410976115,29.011234516364738
cont,Rastrigin,0,GWO,10000,hard,0,30,0.03125,0.0016532542666409576,0.09211405994732372,17.815113231083885,17.448524895995,11.3767410976115,29.011234516364738
cont,Rastrigin,0,MFO,2000,easy,0,30,0.03125,0.0016532542666409576,0.09211405994732372,44.69153395732513,44.507178186623406,24.76615889857625,62.83622393344225
cont,Rastrigin,0,MFO,2000,med,0,30,0.03125,0.0016532542666409576,0.09211405994732372,44.69153395732513,44.507178186623406,24.76615889857625,62.83622393344225
cont,Rastrigin,0,MFO,2000,hard,0,30,0.03125,0.0016532542666409576,0.09211405994732372,44.69153395732513,44.507178186623406,24.76615889857625,62.83622393344225
cont,Rastrigin,0,MFO,5000,easy,0,30,0.03125,0.0016532542666409576,0.09211405994732372,36.904403490667235,36.10178252868211,19.36483652696576,58.654944760197594
cont,Rastrigin,0,MFO,5000,med,0,30,0.03125,0.0016532542666409576,0.09211405994732372,36.904403490667235,36.10178252868211,19.36483652696576,58.654944760197594
cont,Rastrigin,0,MFO,5000,hard,0,30,0.03125,0.0016532542666409576,0.09211405994732372,36.904403490667235,36.10178252868211,19.36483652696576,58.654944760197594
cont,Rastrigin,0,MFO,8000,easy,0,30,0.03125,0.0016532542666409576,0.09211405994732372,34.791832264646686,36.576782208211355,14.559330907099195,57.234211588407064
cont,Rastrigin,0,MFO,8000,med,0,30,0.03125,0.0016532542666409576,0.09211405994732372,34.791832264646686,36.576782208211355,14.559330907099195,57.234211588407064
cont,Rastrigin,0,MFO,8000,hard,0,30,0.03125,0.0016532542666409576,0.09211405994732372,34.791832264646686,36.576782208211355,14.559330907099195,57.234211588407064
cont,Rastrigin,0,MFO,10000,easy,0,30,0.03125,0.0016532542666409576,0.09211405994732372,30.543976980915154,30.3411578501985,14.161824914123883,52.02050531371096
cont,Rastrigin,0,MFO,10000,med,0,30,0.03125,0.0016532542666409576,0.09211405994732372,30.543976980915154,30.3411578501985,14.161824914123883,52.02050531371096
cont,Rastrigin,0,MFO,10000,hard,0,30,0.03125,0.0016532542666409576,0.09211405994732372,30.543976980915154,30.3411578501985,14.161824914123883,52.02050531371096
cont,Rastrigin,0,PSO_GBEST,2000,easy,0,30,0.03125,0.0016532542666409576,0.09211405994732372,23.322836908846146,21.10600635075714,13.10692370674056,41.88822453927026
cont,Rastrigin,0,PSO_GBEST,2000,med,0,30,0.03125,0.0016532542666409576,0.09211405994732372,23.322836908846146,21.10600635075714,13.10692370674056,41.88822453927026
cont,Rastrigin,0,PSO_GBEST,2000,hard,0,30,0.03125,0.0016532542666409576,0.09211405994732372,23.322836908846146,21.10600635075714,13.10692370674056,41.88822453927026
cont,Rastrigin,0,PSO_GBEST,5000,easy,0,30,0.03125,0.0016532542666409576,0.09211405994732372,14.194817663758043,12.935007429271323,4.003722274245632,27.893104729426753
cont,Rastrigin,0,PSO_GBEST,5000,med,0,30,0.03125,0.0016532542666409576,0.09211405994732372,14.194817663758043,12.935007429271323,4.003722274245632,27.893104729426753
cont,Rastrigin,0,PSO_GBEST,5000,hard,0,30,0.03125,0.0016532542666409576,0.09211405994732372,14.194817663758043,12.935007429271323,4.003722274245632,27.893104729426753
cont,Rastrigin,0,PSO_GBEST,8000,easy,0,30,0.03125,0.0016532542666409576,0.09211405994732372,11.97114202575336,11.73250658167651,2.984882808588452,25.454105161548597
cont,Rastrigin,0,PSO_GBEST,8000,med,0,30,0.03125,0.0016532542666409576,0.09211405994732372,11.97114202575336,11.73250658167651,2.984882808588452,25.454105161548597
cont,Rastrigin,0,PSO_GBEST,8000,hard,0,30,0.03125,0.0016532542666409576,0.09211405994732372,11.97114202575336,11.73250658167651,2.984882808588452,25.454105161548597
cont,Rastrigin,0,PSO_GBEST,10000,easy,0,30,0.03125,0.0016532542666409576,0.09211405994732372,9.64468806153391,8.954624134446462,1.98991832900073,23.46418688807441
cont,Rastrigin,0,PSO_GBEST,10000,med,0,30,0.03125,0.0016532542666409576,0.09211405994732372,9.64468806153391,8.954624134446462,1.98991832900073,23.46418688807441
cont,Rastrigin,0,PSO_GBEST,10000,hard,0,30,0.03125,0.0016532542666409576,0.09211405994732372,9.64468806153391,8.954624134446462,1.98991832900073,23.46418688807441
cont,Rastrigin,0,WOA,2000,easy,0,30,0.03125,0.0016532542666409576,0.09211405994732372,37.93513929002636,33.14797344472459,14.450169007496342,88.32371940984739
cont,Rastrigin,0,WOA,2000,med,0,30,0.03125,0.0016532542666409576,0.09211405994732372,37.93513929002636,33.14797344472459,14.450169007496342,88.32371940984739
cont,Rastrigin,0,WOA,2000,hard,0,30,0.03125,0.0016532542666409576,0.09211405994732372,37.93513929002636,33.14797344472459,14.450169007496342,88.32371940984739
cont,Rastrigin,0,WOA,5000,easy,0,30,0.03125,0.0016532542666409576,0.09211405994732372,38.060872139903495,36.716253515179616,15.071463000588452,81.81260649313187
cont,Rastrigin,0,WOA,5000,med,0,30,0.03125,0.0016532542666409576,0.09211405994732372,38.060872139903495,36.716253515179616,15.071463000588452,81.81260649313187
cont,Rastrigin,0,WOA,5000,hard,0,30,0.03125,0.0016532542666409576,0.09211405994732372,38.060872139903495,36.716253515179616,15.071463000588452,81.81260649313187
cont,Rastrigin,0,WOA,8000,easy,0,30,0.03125,0.0016532542666409576,0.09211405994732372,37.694439745368406,37.26238620242951,9.782905044712265,73.63444229754
cont,Rastrigin,0,WOA,8000,med,0,30,0.03125,0.0016532542666409576,0.09211405994732372,37.694439745368406,37.26238620242951,9.782905044712265,73.63444229754
cont,Rastrigin,0,WOA,8000,hard,0,30,0.03125,0.0016532542666409576,0.09211405994732372,37.694439745368406,37.26238620242951,9.782905044712265,73.63444229754
cont,Rastrigin,0,WOA,10000,easy,0,30,0.03125,0.0016532542666409576,0.09211405994732372,32.828117331233855,29.889021711579908,14.353898177596221,73.07179735243362
cont,Rastrigin,0,WOA,10000,med,0,30,0.03125,0.0016532542666409576,0.09211405994732372,32.828117331233855,29.889021711579908,14.353898177596221,73.07179735243362
cont,Rastrigin,0,WOA,10000,hard,0,30,0.03125,0.0016532542666409576,0.09211405994732372,32.828117331233855,29.889021711579908,14.353898177596221,73.07179735243362
cont,Rastrigin,1,ALO,2000,easy,0,30,0.03125,0.0016532542666409576,0.09211405994732372,99.67921468913238,101.44863780457206,69.46887096758958,148.67435983851107
cont,Rastrigin,1,ALO,2000,med,0,30,0.03125,0.0016532542666409576,0.09211405994732372,99.67921468913238,101.44863780457206,69.46887096758958,148.67435983851107
cont,Rastrigin,1,ALO,2000,hard,0,30,0.03125,0.0016532542666409576,0.09211405994732372,99.67921468913238,101.44863780457206,69.46887096758958,148.67435983851107
cont,Rastrigin,1,ALO,5000,easy,0,30,0.03125,0.0016532542666409576,0.09211405994732372,80.38783989762902,81.1511398963883,52.34685241665927,114.72468269862404
cont,Rastrigin,1,ALO,5000,med,0,30,0.03125,0.0016532542666409576,0.09211405994732372,80.38783989762902,81.1511398963883,52.34685241665927,114.72468269862404
cont,Rastrigin,1,ALO,5000,hard,0,30,0.03125,0.0016532542666409576,0.09211405994732372,80.38783989762902,81.1511398963883,52.34685241665927,114.72468269862404
cont,Rastrigin,1,ALO,8000,easy,0,30,0.03125,0.0016532542666409576,0.09211405994732372,53.3888799826881,53.638110199132726,24.424739353677438,84.42605706352242
cont,Rastrigin,1,ALO,8000,med,0,30,0.03125,0.0016532542666409576,0.09211405994732372,53.3888799826881,53.638110199132726,24.424739353677438,84.42605706352242
cont,Rastrigin,1,ALO,8000,hard,0,30,0.03125,0.0016532542666409576,0.09211405994732372,53.3888799826881,53.638110199132726,24.424739353677438,84.42605706352242
cont,Rastrigin,1,ALO,10000,easy,0,30,0.03125,0.0016532542666409576,0.09211405994732372,55.32132222447391,52.26076376662748,29.473777344723942,84.72815515345823
cont,Rastrigin,1,ALO,10000,med,0,30,0.03125,0.0016532542666409576,0.09211405994732372,55.32132222447391,52.26076376662748,29.473777344723942,84.72815515345823
cont,Rastrigin,1,ALO,10000,hard,0,30,0.03125,0.0016532542666409576,0.09211405994732372,55.32132222447391,52.26076376662748,29.473777344723942,84.72815515345823
cont,Rastrigin,1,BA,2000,easy,0,30,0.03125,0.0016532542666409576,0.09211405994732372,74.57768336021212,74.34317893945135,26.149374464917514,126.24015829412824
cont,Rastrigin,1,BA,2000,med,0,30,0.03125,0.0016532542666409576,0.09211405994732372,74.57768336021212,74.34317893945135,26.149374464917514,126.24015829412824
cont,Rastrigin,1,BA,2000,hard,0,30,0.03125,0.0016532542666409576,0.09211405994732372,74.57768336021212,74.34317893945135,26.149374464917514,126.24015829412824
cont,Rastrigin,1,BA,5000,easy,0,30,0.03125,0.0016532542666409576,0.09211405994732372,46.71940904808058,45.87926728670402,21.66649693944653,76.61173547349765
cont,Rastrigin,1,BA,5000,med,0,30,0.03125,0.0016532542666409576,0.09211405994732372,46.71940904808058,45.87926728670402,21.66649693944653,76.61173547349765
cont,Rastrigin,1,BA,5000,hard,0,30,0.03125,0.0016532542666409576,0.09211405994732372,46.71940904808058,45.87926728670402,21.66649693944653,76.61173547349765
cont,Rastrigin,1,BA,8000,easy,0,30,0.03125,0.0016532542666409576,0.09211405994732372,42.06935856498022,36.813604067320526,9.949934434538193,89.54534566368021
cont,Rastrigin,1,BA,8000,med,0,30,0.03125,0.0016532542666409576,0.09211405994732372,42.06935856498022,36.813604067320526,9.949934434538193,89.54534566368021
cont,Rastrigin,1,BA,8000,hard,0,30,0.03125,0.0016532542666409576,0.09211405994732372,42.06935856498022,36.813604067320526,9.949934434538193,89.54534566368021
cont,Rastrigin,1,BA,10000,easy,0,30,0.03125,0.0016532542666409576,0.09211405994732372,42.085036220386336,42.285723147902274,10.944779799605044,100.43771645674536
cont,Rastrigin,1,BA,10000,med,0,30,0.03125,0.0016532542666409576,0.09211405994732372,42.085036220386336,42.285723147902274,10.944779799605044,100.43771645674536
cont,Rastrigin,1,BA,10000,hard,0,30,0.03125,0.0016532542666409576,0.09211405994732372,42.085036220386336,42.285723147902274,10.944779799605044,100.43771645674536
cont,Rastrigin,1,ES_1P1,2000,easy,0,30,0.03125,0.0016532542666409576,0.09211405994732372,39.76838749386685,36.81338421975606,13.929416723668197,88.55068239216749
cont,Rastrigin,1,ES_1P1,2000,med,0,30,0.03125,0.0016532542666409576,0.09211405994732372,39.76838749386685,36.81338421975606,13.929416723668197,88.55068239216749
cont,Rastrigin,1,ES_1P1,2000,hard,0,30,0.03125,0.0016532542666409576,0.09211405994732372,39.76838749386685,36.81338421975606,13.929416723668197,88.55068239216749
cont,Rastrigin,1,ES_1P1,5000,easy,0,30,0.03125,0.0016532542666409576,0.09211405994732372,41.60817322832325,41.180520039562126,16.914288857128724,83.57547908372365
cont,Rastrigin,1,ES_1P1,5000,med,0,30,0.03125,0.0016532542666409576,0.09211405994732372,41.60817322832325,41.180520039562126,16.914288857128724,83.57547908372365
cont,Rastrigin,1,ES_1P1,5000,hard,0,30,0.03125,0.0016532542666409576,0.09211405994732372,41.60817322832325,41.180520039562126,16.914288857128724,83.57547908372365
cont,Rastrigin,1,ES_1P1,8000,easy,0,30,0.03125,0.0016532542666409576,0.09211405994732372,40.597772012117524,38.80328204577941,10.94454459020713,72.63137615255252
cont,Rastrigin,1,ES_1P1,8000,med,0,30,0.03125,0.0016532542666409576,0.09211405994732372,40.597772012117524,38.80328204577941,10.94454459020713,72.63137615255252
cont,Rastrigin,1,ES_1P1,8000,hard,0,30,0.03125,0.0016532542666409576,0.09211405994732372,40.597772012117524,38.80328204577941,10.94454459020713,72.63137615255252
cont,Rastrigin,1,ES_1P1,10000,easy,0,30,0.03125,0.0016532542666409576,0.09211405994732372,35.694983663076414,35.320968349739864,11.939498609481348,79.54382603571423
cont,Rastrigin,1,ES_1P1,10000,med,0,30,0.03125,0.0016532542666409576,0.09211405994732372,35.694983663076414,35.320968349739864,11.939498609481348,79.54382603571423
cont,Rastrigin,1,ES_1P1,10000,hard,0,30,0.03125,0.0016532542666409576,0.09211405994732372,35.694983663076414,35.320968349739864,11.939498609481348,79.54382603571423
cont,Rastrigin,1,FA,2000,easy,0,30,0.03125,0.0016532542666409576,0.09211405994732372,83.98178325469276,84.83148069521178,67.03977353367665,108.946967111392
cont,Rastrigin,1,FA,2000,med,0,30,0.03125,0.0016532542666409576,0.09211405994732372,83.98178325469276,84.83148069521178,67.03977353367665,108.946967111392
cont,Rastrigin,1,FA,2000,hard,0,30,0.03125,0.0016532542666409576,0.09211405994732372,83.98178325469276,84.83148069521178,67.03977353367665,108.946967111392
cont,Rastrigin,1,FA,5000,easy,0,30,0.03125,0.0016532542666409576,0.09211405994732372,78.32639092602335,78.09407476300461,55.96530639701913,98.69178302765569
cont,Rastrigin,1,FA,5000,med,0,30,0.03125,0.0016532542666409576,0.09211405994732372,78.32639092602335,78.09407476300461,55.96530639701913,98.69178302765569
cont,Rastrigin,1,FA,5000,hard,0,30,0.03125,0.0016532542666409576,0.09211405994732372,78.32639092602335,78.09407476300461,55.96530639701913,98.69178302765569
cont,Rastrigin,1,FA,8000,easy,0,30,0.03125,0.0016532542666409576,0.09211405994732372,77.40139108846742,80.19630669079481,51.91976530902923,90.92848475509889
cont,Rastrigin,1,FA,8000,med,0,30,0.03125,0.0016532542666409576,0.09211405994732372,77.40139108846742,80.19630669079481,51.91976530902923,90.92848475509889
cont,Rastrigin,1,FA,8000,hard,0,30,0.03125,0.0016532542666409576,0.09211405994732372,77.40139108846742,80.19630669079481,51.91976530902923,90.92848475509889
cont,Rastrigin,1,FA,10000,easy,0,30,0.03125,0.0016532542666409576,0.09211405994732372,75.01683449483563,77.89615896806171,57.814222975044906,85.72966266658435
cont,Rastrigin,1,FA,10000,med,0,30,0.03125,0.0016532542666409576,0.09211405994732372,75.01683449483563,77.89615896806171,57.814222975044906,85.72966266658435
cont,Rastrigin,1,FA,10000,hard,0,30,0.03125,0.0016532542666409576,0.09211405994732372,75.01683449483563,77.89615896806171,57.814222975044906,85.72966266658435
cont,Rastrigin,1,GWO,2000,easy,0,30,0.03125,0.0016532542666409576,0.09211405994732372,17.314693962141007,15.789165488696717,8.044159895488107,30.030212422806997
cont,Rastrigin,1,GWO,2000,med,0,30,0.03125,0.0016532542666409576,0.09211405994732372,17.314693962141007,15.789165488696717,8.044159895488107,30.030212422806997
cont,Rastrigin,1,GWO,2000,hard,0,30,0.03125,0.0016532542666409576,0.09211405994732372,17.314693962141007,15.789165488696717,8.044159895488107,30.030212422806997
cont,Rastrigin,1,GWO,5000,easy,0,30,0.03125,0.0016532542666409576,0.09211405994732372,27.725837896952516,27.06582887758053,15.662699067355177,48.96484217777199
cont,Rastrigin,1,GWO,5000,med,0,30,0.03125,0.0016532542666409576,0.09211405994732372,27.725837896952516,27.06582887758053,15.662699067355177,48.96484217777199
cont,Rastrigin,1,GWO,5000,hard,0,30,0.03125,0.0016532542666409576,0.09211405994732372,27.725837896952516,27.06582887758053,15.662699067355177,48.96484217777199
cont,Rastrigin,1,GWO,8000,easy,0,30,0.03125,0.0016532542666409576,0.09211405994732372,27.647579708439647,28.12340692458674,16.950879307757802,37.63970335160831
cont,Rastrigin,1,GWO,8000,med,0,30,0.03125,0.0016532542666409576,0.09211405994732372,27.647579708439647,28.12340692458674,16.950879307757802,37.63970335160831
cont,Rastrigin,1,GWO,8000,hard,0,30,0.03125,0.0016532542666409576,0.09211405994732372,27.647579708439647,28.12340692458674,16.950879307757802,37.63970335160831
cont,Rastrigin,1,GWO,10000,easy,0,30,0.03125,0.0016532542666409576,0.09211405994732372,30.04247846737822,27.849660949490236,21.89925227261017,46.23561223311687
cont,Rastrigin,1,GWO,10000,med,0,30,0.03125,0.0016532542666409576,0.09211405994732372,30.04247846737822,27.849660949490236,21.89925227261017,46.23561223311687
cont,Rastrigin,1,GWO,10000,hard,0,30,0.03125,0.0016532542666409576,0.09211405994732372,30.04247846737822,27.849660949490236,21.89925227261017,46.23561223311687
cont,Rastrigin,1,MFO,2000,easy,0,30,0.03125,0.0016532542666409576,0.09211405994732372,47.7341176393363,48.13643821091307,27.34799917166096,84.76463531205971
cont,Rastrigin,1,MFO,2000,med,0,30,0.03125,0.0016532542666409576,0.09211405994732372,47.7341176393363,48.13643821091307,27.34799917166096,84.76463531205971
cont,Rastrigin,1,MFO,2000,hard,0,30,0.03125,0.0016532542666409576,0.09211405994732372,47.7341176393363,48.13643821091307,27.34799917166096,84.76463531205971
cont,Rastrigin,1,MFO,5000,easy,0,30,0.03125,0.0016532542666409576,0.09211405994732372,39.40349818221548,35.23810958740286,20.6012336065523,64.74787281438354
cont,Rastrigin,1,MFO,5000,med,0,30,0.03125,0.0016532542666409576,0.09211405994732372,39.40349818221548,35.23810958740286,20.6012336065523,64.74787281438354
cont,Rastrigin,1,MFO,5000,hard,0,30,0.03125,0.0016532542666409576,0.09211405994732372,39.40349818221548,35.23810958740286,20.6012336065523,64.74787281438354
cont,Rastrigin,1,MFO,8000,easy,0,30,0.03125,0.0016532542666409576,0.09211405994732372,36.25944250898274,34.90627301324272,18.879187367539558,56.88730097987789
cont,Rastrigin,1,MFO,8000,med,0,30,0.03125,0.0016532542666409576,0.09211405994732372,36.25944250898274,34.90627301324272,18.879187367539558,56.88730097987789
cont,Rastrigin,1,MFO,8000,hard,0,30,0.03125,0.0016532542666409576,0.09211405994732372,36.25944250898274,34.90627301324272,18.879187367539558,56.88730097987789
cont,Rastrigin,1,MFO,10000,easy,0,30,0.03125,0.0016532542666409576,0.09211405994732372,37.58790463623939,37.36148649098732,18.156884931866955,77.08777045741815
cont,Rastrigin,1,MFO,10000,med,0,30,0.03125,0.0016532542666409576,0.09211405994732372,37.58790463623939,37.36148649098732,18.156884931866955,77.08777045741815
cont,Rastrigin,1,MFO,10000,hard,0,30,0.03125,0.0016532542666409576,0.09211405994732372,37.58790463623939,37.36148649098732,18.156884931866955,77.08777045741815
cont,Rastrigin,1,PSO_GBEST,2000,easy,0,30,0.03125,0.0016532542666409576,0.09211405994732372,28.05521204279282,26.707408353923157,15.047406494697782,47.59965755049138
cont,Rastrigin,1,PSO_GBEST,2000,med,0,30,0.03125,0.0016532542666409576,0.09211405994732372,28.05521204279282,26.707408353923157,15.047406494697782,47.59965755049138
cont,Rastrigin,1,PSO_GBEST,2000,hard,0,30,0.03125,0.0016532542666409576,0.09211405994732372,28.05521204279282,26.707408353923157,15.047406494697782,47.59965755049138
cont,Rastrigin,1,PSO_GBEST,5000,easy,0,30,0.03125,0.0016532542666409576,0.09211405994732372,18.17851041089631,18.90690330614519,2.9867373904545786,32.44872892284104
cont,Rastrigin,1,PSO_GBEST,5000,med,0,30,0.03125,0.0016532542666409576,0.09211405994732372,18.17851041089631,18.90690330614519,2.9867373904545786,32.44872892284104
cont,Rastrigin,1,PSO_GBEST,5000,hard,0,30,0.03125,0.0016532542666409576,0.09211405994732372,18.17851041089631,18.90690330614519,2.9867373904545786,32.44872892284104
cont,Rastrigin,1,PSO_GBEST,8000,easy,0,30,0.03125,0.0016532542666409576,0.09211405994732372,12.217714848516847,10.44707141791104,0.994961165594745,28.801304910456537
cont,Rastrigin,1,PSO_GBEST,8000,med,0,30,0.03125,0.0016532542666409576,0.09211405994732372,12.217714848516847,10.44707141791104,0.994961165594745,28.801304910456537
cont,Rastrigin,1,PSO_GBEST,8000,hard,0,30,0.03125,0.0016532542666409576,0.09211405994732372,12.217714848516847,10.44707141791104,0.994961165594745,28.801304910456537
cont,Rastrigin,1,PSO_GBEST,10000,easy,0,30,0.03125,0.0016532542666409576,0.09211405994732372,14.075432657821791,14.426876145431876,1.9899182274308345,37.52423042439382
cont,Rastrigin,1,PSO_GBEST,10000,med,0,30,0.03125,0.0016532542666409576,0.09211405994732372,14.075432657821791,14.426876145431876,1.9899182274308345,37.52423042439382
cont,Rastrigin,1,PSO_GBEST,10000,hard,0,30,0.03125,0.0016532542666409576,0.09211405994732372,14.075432657821791,14.426876145431876,1.9899182274308345,37.52423042439382
cont,Rastrigin,1,WOA,2000,easy,0,30,0.03125,0.0016532542666409576,0.09211405994732372,38.07048124869577,40.30003208621391,15.793259051014914,59.79078880684794
cont,Rastrigin,1,WOA,2000,med,0,30,0.03125,0.0016532542666409576,0.09211405994732372,38.07048124869577,40.30003208621391,15.793259051014914,59.79078880684794
cont,Rastrigin,1,WOA,2000,hard,0,30,0.03125,0.0016532542666409576,0.09211405994732372,38.07048124869577,40.30003208621391,15.793259051014914,59.79078880684794
cont,Rastrigin,1,WOA,5000,easy,0,30,0.03125,0.0016532542666409576,0.09211405994732372,37.88721488947055,39.45641161343471,17.03068518689068,78.7103795472105
cont,Rastrigin,1,WOA,5000,med,0,30,0.03125,0.0016532542666409576,0.09211405994732372,37.88721488947055,39.45641161343471,17.03068518689068,78.7103795472105
cont,Rastrigin,1,WOA,5000,hard,0,30,0.03125,0.0016532542666409576,0.09211405994732372,37.88721488947055,39.45641161343471,17.03068518689068,78.7103795472105
cont,Rastrigin,1,WOA,8000,easy,0,30,0.03125,0.0016532542666409576,0.09211405994732372,38.76212644219966,39.73365532093747,16.982350299566747,64.97967877668097
cont,Rastrigin,1,WOA,8000,med,0,30,0.03125,0.0016532542666409576,0.09211405994732372,38.76212644219966,39.73365532093747,16.982350299566747,64.97967877668097
cont,Rastrigin,1,WOA,8000,hard,0,30,0.03125,0.0016532542666409576,0.09211405994732372,38.76212644219966,39.73365532093747,16.982350299566747,64.97967877668097
cont,Rastrigin,1,WOA,10000,easy,0,30,0.03125,0.0016532542666409576,0.09211405994732372,36.18358207335593,33.959576158607675,14.972676205403246,69.78711434043339
cont,Rastrigin,1,WOA,10000,med,0,30,0.03125,0.0016532542666409576,0.09211405994732372,36.18358207335593,33.959576158607675,14.972676205403246,69.78711434043339
cont,Rastrigin,1,WOA,10000,hard,0,30,0.03125,0.0016532542666409576,0.09211405994732372,36.18358207335593,33.959576158607675,14.972676205403246,69.78711434043339
cont,Rastrigin,2,ALO,2000,easy,0,30,0.03125,0.0016532542666409576,0.09211405994732372,96.20603786113885,95.9764653185436,66.33981101600278,135.23993078140091
cont,Rastrigin,2,ALO,2000,med,0,30,0.03125,0.0016532542666409576,0.09211405994732372,96.20603786113885,95.9764653185436,66.33981101600278,135.23993078140091
cont,Rastrigin,2,ALO,2000,hard,0,30,0.03125,0.0016532542666409576,0.09211405994732372,96.20603786113885,95.9764653185436,66.33981101600278,135.23993078140091
cont,Rastrigin,2,ALO,5000,easy,0,30,0.03125,0.0016532542666409576,0.09211405994732372,72.39791052649626,73.25380662110388,39.272203743293176,113.26969364566864
cont,Rastrigin,2,ALO,5000,med,0,30,0.03125,0.0016532542666409576,0.09211405994732372,72.39791052649626,73.25380662110388,39.272203743293176,113.26969364566864
cont,Rastrigin,2,ALO,5000,hard,0,30,0.03125,0.0016532542666409576,0.09211405994732372,72.39791052649626,73.25380662110388,39.272203743293176,113.26969364566864
cont,Rastrigin,2,ALO,8000,easy,0,30,0.03125,0.0016532542666409576,0.09211405994732372,57.99419457401588,56.70569792708109,30.783364524512862,92.53027978070091
cont,Rastrigin,2,ALO,8000,med,0,30,0.03125,0.0016532542666409576,0.09211405994732372,57.99419457401588,56.70569792708109,30.783364524512862,92.53027978070091
cont,Rastrigin,2,ALO,8000,hard,0,30,0.03125,0.0016532542666409576,0.09211405994732372,57.99419457401588,56.70569792708109,30.783364524512862,92.53027978070091
cont,Rastrigin,2,ALO,10000,easy,0,30,0.03125,0.0016532542666409576,0.09211405994732372,50.877326334011904,47.80119582434696,16.51314195923858,93.52553697108307
cont,Rastrigin,2,ALO,10000,med,0,30,0.03125,0.0016532542666409576,0.09211405994732372,50.877326334011904,47.80119582434696,16.51314195923858,93.52553697108307
cont,Rastrigin,2,ALO,10000,hard,0,30,0.03125,0.0016532542666409576,0.09211405994732372,50.877326334011904,47.80119582434696,16.51314195923858,93.52553697108307
cont,Rastrigin,2,BA,2000,easy,0,30,0.03125,0.0016532542666409576,0.09211405994732372,68.45980884465796,65.80458737059278,49.13757407480624,107.22314261115554
cont,Rastrigin,2,BA,2000,med,0,30,0.03125,0.0016532542666409576,0.09211405994732372,68.45980884465796,65.80458737059278,49.13757407480624,107.22314261115554
cont,Rastrigin,2,BA,2000,hard,0,30,0.03125,0.0016532542666409576,0.09211405994732372,68.45980884465796,65.80458737059278,49.13757407480624,107.22314261115554
cont,Rastrigin,2,BA,5000,easy,0,30,0.03125,0.0016532542666409576,0.09211405994732372,36.78961133607576,37.80893922361592,7.960559635499905,66.66229857346866
cont,Rastrigin,2,BA,5000,med,0,30,0.03125,0.0016532542666409576,0.09211405994732372,36.78961133607576,37.80893922361592,7.960559635499905,66.66229857346866
cont,Rastrigin,2,BA,5000,hard,0,30,0.03125,0.0016532542666409576,0.09211405994732372,36.78961133607576,37.80893922361592,7.960559635499905,66.66229857346866
cont,Rastrigin,2,BA,8000,easy,0,30,0.03125,0.0016532542666409576,0.09211405994732372,46.663674827828,38.30614153889544,17.90994639463848,99.49543548325354
cont,Rastrigin,2,BA,8000,med,0,30,0.03125,0.0016532542666409576,0.09211405994732372,46.663674827828,38.30614153889544,17.90994639463848,99.49543548325354
cont,Rastrigin,2,BA,8000,hard,0,30,0.03125,0.0016532542666409576,0.09211405994732372,46.663674827828,38.30614153889544,17.90994639463848,99.49543548325354
cont,Rastrigin,2,BA,10000,easy,0,30,0.03125,0.0016532542666409576,0.09211405994732372,53.429242061264254,51.24033790257204,20.89442880387125,95.5158249075926
cont,Rastrigin,2,BA,10000,med,0,30,0.03125,0.0016532542666409576,0.09211405994732372,53.429242061264254,51.24033790257204,20.89442880387125,95.5158249075926
cont,Rastrigin,2,BA,10000,hard,0,30,0.03125,0.0016532542666409576,0.09211405994732372,53.429242061264254,51.24033790257204,20.89442880387125,95.5158249075926
cont,Rastrigin,2,ES_1P1,2000,easy,0,30,0.03125,0.0016532542666409576,0.09211405994732372,40.69365666608975,38.80325671979787,17.90922771750766,74.62131613756657
cont,Rastrigin,2,ES_1P1,2000,med,0,30,0.03125,0.0016532542666409576,0.09211405994732372,40.69365666608975,38.80325671979787,17.90922771750766,74.62131613756657
cont,Rastrigin,2,ES_1P1,2000,hard,0,30,0.03125,0.0016532542666409576,0.09211405994732372,40.69365666608975,38.80325671979787,17.90922771750766,74.62131613756657
cont,Rastrigin,2,ES_1P1,5000,easy,0,30,0.03125,0.0016532542666409576,0.09211405994732372,38.160383634270396,36.813320559694596,12.934457666574644,78.60131000385286
cont,Rastrigin,2,ES_1P1,5000,med,0,30,0.03125,0.0016532542666409576,0.09211405994732372,38.160383634270396,36.813320559694596,12.934457666574644,78.60131000385286
cont,Rastrigin,2,ES_1P1,5000,hard,0,30,0.03125,0.0016532542666409576,0.09211405994732372,38.160383634270396,36.813320559694596,12.934457666574644,78.60131000385286
cont,Rastrigin,2,ES_1P1,8000,easy,0,30,0.03125,0.0016532542666409576,0.09211405994732372,41.16963534229394,37.31086374830244,10.944544590207158,101.57251850610658
cont,Rastrigin,2,ES_1P1,8000,med,0,30,0.03125,0.0016532542666409576,0.09211405994732372,41.16963534229394,37.31086374830244,10.944544590207158,101.57251850610658
cont,Rastrigin,2,ES_1P1,8000,hard,0,30,0.03125,0.0016532542666409576,0.09211405994732372,41.16963534229394,37.31086374830244,10.944544590207158,101.57251850610658
cont,Rastrigin,2,ES_1P1,10000,easy,0,30,0.03125,0.0016532542666409576,0.09211405994732372,37.054270889384014,33.33105275446281,13.929416723667913,69.64653937470156
cont,Rastrigin,2,ES_1P1,10000,med,0,30,0.03125,0.0016532542666409576,0.09211405994732372,37.054270889384014,33.33105275446281,13.929416723667913,69.64653937470156
cont,Rastrigin,2,ES_1P1,10000,hard,0,30,0.03125,0.0016532542666409576,0.09211405994732372,37.054270889384014,33.33105275446281,13.929416723667913,69.64653937470156
cont,Rastrigin,2,FA,2000,easy,0,30,0.03125,0.0016532542666409576,0.09211405994732372,85.6289108899766,88.52129578622218,58.966090408309846,99.23510570586899
cont,Rastrigin,2,FA,2000,med,0,30,0.03125,0.0016532542666409576,0.09211405994732372,85.6289108899766,88.52129578622218,58.966090408309846,99.23510570586899
cont,Rastrigin,2,FA,2000,hard,0,30,0.03125,0.0016532542666409576,0.09211405994732372,85.6289108899766,88.52129578622218,58.966090408309846,99.23510570586899
cont,Rastrigin,2,FA,5000,easy,0,30,0.03125,0.0016532542666409576,0.09211405994732372,82.59769661360944,83.52196097755433,59.44122501776109,98.23484968731837
cont,Rastrigin,2,FA,5000,med,0,30,0.03125,0.0016532542666409576,0.09211405994732372,82.59769661360944,83.52196097755433,59.44122501776109,98.23484968731837
cont,Rastrigin,2,FA,5000,hard,0,30,0.03125,0.0016532542666409576,0.09211405994732372,82.59769661360944,83.52196097755433,59.44122501776109,98.23484968731837
cont,Rastrigin,2,FA,8000,easy,0,30,0.03125,0.0016532542666409576,0.09211405994732372,78.24914837459106,79.68036102444658,59.296844844052806,91.14910184110607
cont,Rastrigin,2,FA,8000,med,0,30,0.03125,0.0016532542666409576,0.09211405994732372,78.24914837459106,79.68036102444658,59.296844844052806,91.14910184110607
cont,Rastrigin,2,FA,8000,hard,0,30,0.03125,0.0016532542666409576,0.09211405994732372,78.24914837459106,79.68036102444658,59.296844844052806,91.14910184110607
cont,Rastrigin,2,FA,10000,easy,0,30,0.03125,0.0016532542666409576,0.09211405994732372,72.6417717406064,72.63074074207361,54.199981255720964,88.75723112214024
cont,Rastrigin,2,FA,10000,med,0,30,0.03125,0.0016532542666409576,0.09211405994732372,72.6417717406064,72.63074074207361,54.199981255720964,88.75723112214024
cont,Rastrigin,2,FA,10000,hard,0,30,0.03125,0.0016532542666409576,0.09211405994732372,72.6417717406064,72.63074074207361,54.199981255720964,88.75723112214024
cont,Rastrigin,2,GWO,2000,easy,0,30,0.03125,0.0016532542666409576,0.09211405994732372,15.24687120633569,14.741946794494098,5.770581260661459,34.125242439147925
cont,Rastrigin,2,GWO,2000,med,0,30,0.03125,0.0016532542666409576,0.09211405994732372,15.24687120633569,14.741946794494098,5.770581260661459,34.125242439147925
cont,Rastrigin,2,GWO,2000,hard,0,30,0.03125,0.0016532542666409576,0.09211405994732372,15.24687120633569,14.741946794494098,5.770581260661459,34.125242439147925
cont,Rastrigin,2,GWO,5000,easy,0,30,0.03125,0.0016532542666409576,0.09211405994732372,17.20214585436458,16.436855806238192,9.794213994261511,27.925700978940654
cont,Rastrigin,2,GWO,5000,med,0,30,0.03125,0.0016532542666409576,0.09211405994732372,17.20214585436458,16.436855806238192,9.794213994261511,27.925700978940654
cont,Rastrigin,2,GWO,5000,hard,0,30,0.03125,0.0016532542666409576,0.09211405994732372,17.20214585436458,16.436855806238192,9.794213994261511,27.925700978940654
cont,Rastrigin,2,GWO,8000,easy,0,30,0.03125,0.0016532542666409576,0.09211405994732372,17.07974580108545,17.930031829504003,6.0458602645920365,23.87396018514717
cont,Rastrigin,2,GWO,8000,med,0,30,0.03125,0.0016532542666409576,0.09211405994732372,17.07974580108545,17.930031829504003,6.0458602645920365,23.87396018514717
cont,Rastrigin,2,GWO,8000,hard,0,30,0.03125,0.0016532542666409576,0.09211405994732372,17.07974580108545,17.930031829504003,6.0458602645920365,23.87396018514717
cont,Rastrigin,2,GWO,10000,easy,0,30,0.03125,0.0016532542666409576,0.09211405994732372,17.84409169062497,16.958082024774896,8.991956295496948,30.637303339484887
cont,Rastrigin,2,GWO,10000,med,0,30,0.03125,0.0016532542666409576,0.09211405994732372,17.84409169062497,16.958082024774896,8.991956295496948,30.637303339484887
cont,Rastrigin,2,GWO,10000,hard,0,30,0.03125,0.0016532542666409576,0.09211405994732372,17.84409169062497,16.958082024774896,8.991956295496948,30.637303339484887
cont,Rastrigin,2,MFO,2000,easy,0,30,0.03125,0.0016532542666409576,0.09211405994732372,47.60792403583381,46.33468571934708,20.37300158086599,71.59863759812976
cont,Rastrigin,2,MFO,2000,med,0,30,0.03125,0.0016532542666409576,0.09211405994732372,47.60792403583381,46.33468571934708,20.37300158086599,71.59863759812976
cont,Rastrigin,2,MFO,2000,hard,0,30,0.03125,0.0016532542666409576,0.09211405994732372,47.60792403583381,46.33468571934708,20.37300158086599,71.59863759812976
cont,Rastrigin,2,MFO,5000,easy,0,30,0.03125,0.0016532542666409576,0.09211405994732372,36.6763881958192,32.84586334611853,17.042064451262917,71.07228287207026
cont,Rastrigin,2,MFO,5000,med,0,30,0.03125,0.0016532542666409576,0.09211405994732372,36.6763881958192,32.84586334611853,17.042064451262917,71.07228287207026
cont,Rastrigin,2,MFO,5000,hard,0,30,0.03125,0.0016532542666409576,0.09211405994732372,36.6763881958192,32.84586334611853,17.042064451262917,71.07228287207026
cont,Rastrigin,2,MFO,8000,easy,0,30,0.03125,0.0016532542666409576,0.09211405994732372,30.89121088088169,27.25690845216228,10.164847868096913,64.55240203543752
cont,Rastrigin,2,MFO,8000,med,0,30,0.03125,0.0016532542666409576,0.09211405994732372,30.89121088088169,27.25690845216228,10.164847868096913,64.55240203543752
cont,Rastrigin,2,MFO,8000,hard,0,30,0.03125,0.0016532542666409576,0.09211405994732372,30.89121088088169,27.25690845216228,10.164847868096913,64.55240203543752
cont,Rastrigin,2,MFO,10000,easy,0,30,0.03125,0.0016532542666409576,0.09211405994732372,34.66690129310602,37.20408134939102,13.20522070353529,51.174434610508754
cont,Rastrigin,2,MFO,10000,med,0,30,0.03125,0.0016532542666409576,0.09211405994732372,34.66690129310602,37.20408134939102,13.20522070353529,51.174434610508754
cont,Rastrigin,2,MFO,10000,hard,0,30,0.03125,0.0016532542666409576,0.09211405994732372,34.66690129310602,37.20408134939102,13.20522070353529,51.174434610508754
cont,Rastrigin,2,PSO_GBEST,2000,easy,0,30,0.03125,0.0016532542666409576,0.09211405994732372,26.117389563806217,26.102196961478256,12.851865359027457,48.54609487868803
cont,Rastrigin,2,PSO_GBEST,2000,med,0,30,0.03125,0.0016532542666409576,0.09211405994732372,26.117389563806217,26.102196961478256,12.851865359027457,48.54609487868803
cont,Rastrigin,2,PSO_GBEST,2000,hard,0,30,0.03125,0.0016532542666409576,0.09211405994732372,26.117389563806217,26.102196961478256,12.851865359027457,48.54609487868803
cont,Rastrigin,2,PSO_GBEST,5000,easy,0,30,0.03125,0.0016532542666409576,0.09211405994732372,14.260537156109582,14.440861542093657,3.6814123022871286,28.121938610897246
cont,Rastrigin,2,PSO_GBEST,5000,med,0,30,0.03125,0.0016532542666409576,0.09211405994732372,14.260537156109582,14.440861542093657,3.6814123022871286,28.121938610897246
cont,Rastrigin,2,PSO_GBEST,5000,hard,0,30,0.03125,0.0016532542666409576,0.09211405994732372,14.260537156109582,14.440861542093657,3.6814123022871286,28.121938610897246
cont,Rastrigin,2,PSO_GBEST,8000,easy,0,30,0.03125,0.0016532542666409576,0.09211405994732372,12.94840565395834,12.349120039265394,3.9864193014726084,25.33546578528005
cont,Rastrigin,2,PSO_GBEST,8000,med,0,30,0.03125,0.0016532542666409576,0.09211405994732372,12.94840565395834,12.349120039265394,3.9864193014726084,25.33546578528005
cont,Rastrigin,2,PSO_GBEST,8000,hard,0,30,0.03125,0.0016532542666409576,0.09211405994732372,12.94840565395834,12.349120039265394,3.9864193014726084,25.33546578528005
cont,Rastrigin,2,PSO_GBEST,10000,easy,0,30,0.03125,0.0016532542666409576,0.09211405994732372,10.239532952566606,8.95462649367444,0.9949590606795908,39.204883471940256
cont,Rastrigin,2,PSO_GBEST,10000,med,0,30,0.03125,0.0016532542666409576,0.09211405994732372,10.239532952566606,8.95462649367444,0.9949590606795908,39.204883471940256
cont,Rastrigin,2,PSO_GBEST,10000,hard,0,30,0.03125,0.0016532542666409576,0.09211405994732372,10.239532952566606,8.95462649367444,0.9949590606795908,39.204883471940256
cont,Rastrigin,2,WOA,2000,easy,0,30,0.03125,0.0016532542666409576,0.09211405994732372,38.43587914296135,35.626277219526806,17.713713151864695,79.43295256136619
cont,Rastrigin,2,WOA,2000,med,0,30,0.03125,0.0016532542666409576,0.09211405994732372,38.43587914296135,35.626277219526806,17.713713151864695,79.43295256136619
cont,Rastrigin,2,WOA,2000,hard,0,30,0.03125,0.0016532542666409576,0.09211405994732372,38.43587914296135,35.626277219526806,17.713713151864695,79.43295256136619
cont,Rastrigin,2,WOA,5000,easy,0,30,0.03125,0.0016532542666409576,0.09211405994732372,41.30698557603709,40.95360600582019,15.462726698282793,73.8009743701628
cont,Rastrigin,2,WOA,5000,med,0,30,0.03125,0.0016532542666409576,0.09211405994732372,41.30698557603709,40.95360600582019,15.462726698282793,73.8009743701628
cont,Rastrigin,2,WOA,5000,hard,0,30,0.03125,0.0016532542666409576,0.09211405994732372,41.30698557603709,40.95360600582019,15.462726698282793,73.8009743701628
cont,Rastrigin,2,WOA,8000,easy,0,30,0.03125,0.0016532542666409576,0.09211405994732372,37.65985163146978,36.934351705943016,18.95661403651988,65.42526040053008
cont,Rastrigin,2,WOA,8000,med,0,30,0.03125,0.0016532542666409576,0.09211405994732372,37.65985163146978,36.934351705943016,18.95661403651988,65.42526040053008
cont,Rastrigin,2,WOA,8000,hard,0,30,0.03125,0.0016532542666409576,0.09211405994732372,37.65985163146978,36.934351705943016,18.95661403651988,65.42526040053008
cont,Rastrigin,2,WOA,10000,easy,0,30,0.03125,0.0016532542666409576,0.09211405994732372,34.67763790630826,33.66680134653401,13.51001361091133,65.67914969751425
cont,Rastrigin,2,WOA,10000,med,0,30,0.03125,0.0016532542666409576,0.09211405994732372,34.67763790630826,33.66680134653401,13.51001361091133,65.67914969751425
cont,Rastrigin,2,WOA,10000,hard,0,30,0.03125,0.0016532542666409576,0.09211405994732372,34.67763790630826,33.66680134653401,13.51001361091133,65.67914969751425
cont,Rastrigin,6,ALO,2000,easy,0,30,0.03125,0.0016532542666409576,0.09211405994732372,94.5393355900135,96.25389956009258,50.324376151079036,129.41135410399374
cont,Rastrigin,6,ALO,2000,med,0,30,0.03125,0.0016532542666409576,0.09211405994732372,94.5393355900135,96.25389956009258,50.324376151079036,129.41135410399374
cont,Rastrigin,6,ALO,2000,hard,0,30,0.03125,0.0016532542666409576,0.09211405994732372,94.5393355900135,96.25389956009258,50.324376151079036,129.41135410399374
cont,Rastrigin,6,ALO,5000,easy,0,30,0.03125,0.0016532542666409576,0.09211405994732372,78.18290214249946,82.45809343547185,45.97740705302167,109.5197163924522
cont,Rastrigin,6,ALO,5000,med,0,30,0.03125,0.0016532542666409576,0.09211405994732372,78.18290214249946,82.45809343547185,45.97740705302167,109.5197163924522
cont,Rastrigin,6,ALO,5000,hard,0,30,0.03125,0.0016532542666409576,0.09211405994732372,78.18290214249946,82.45809343547185,45.97740705302167,109.5197163924522
cont,Rastrigin,6,ALO,8000,easy,0,30,0.03125,0.0016532542666409576,0.09211405994732372,59.0036482560798,56.62954817484612,23.881588975413422,96.50987174435198
cont,Rastrigin,6,ALO,8000,med,0,30,0.03125,0.0016532542666409576,0.09211405994732372,59.0036482560798,56.62954817484612,23.881588975413422,96.50987174435198
cont,Rastrigin,6,ALO,8000,hard,0,30,0.03125,0.0016532542666409576,0.09211405994732372,59.0036482560798,56.62954817484612,23.881588975413422,96.50987174435198
cont,Rastrigin,6,ALO,10000,easy,0,30,0.03125,0.0016532542666409576,0.09211405994732372,58.32283284517704,55.28950208561787,30.2173111586268,91.5355831303973
cont,Rastrigin,6,ALO,10000,med,0,30,0.03125,0.0016532542666409576,0.09211405994732372,58.32283284517704,55.28950208561787,30.2173111586268,91.5355831303973
cont,Rastrigin,6,ALO,10000,hard,0,30,0.03125,0.0016532542666409576,0.09211405994732372,58.32283284517704,55.28950208561787,30.2173111586268,91.5355831303973
cont,Rastrigin,6,BA,2000,easy,0,30,0.03125,0.0016532542666409576,0.09211405994732372,75.24669960444176,76.61913957064542,23.70528235993362,122.056686310684
cont,Rastrigin,6,BA,2000,med,0,30,0.03125,0.0016532542666409576,0.09211405994732372,75.24669960444176,76.61913957064542,23.70528235993362,122.056686310684
cont,Rastrigin,6,BA,2000,hard,0,30,0.03125,0.0016532542666409576,0.09211405994732372,75.24669960444176,76.61913957064542,23.70528235993362,122.056686310684
cont,Rastrigin,6,BA,5000,easy,0,30,0.03125,0.0016532542666409576,0.09211405994732372,47.35406056145249,46.26596107824075,7.960298764023051,98.50055837582319
cont,Rastrigin,6,BA,5000,med,0,30,0.03125,0.0016532542666409576,0.09211405994732372,47.35406056145249,46.26596107824075,7.960298764023051,98.50055837582319
cont,Rastrigin,6,BA,5000,hard,0,30,0.03125,0.0016532542666409576,0.09211405994732372,47.35406056145249,46.26596107824075,7.960298764023051,98.50055837582319
cont,Rastrigin,6,BA,8000,easy,0,30,0.03125,0.0016532542666409576,0.09211405994732372,47.55908393532418,48.75307038581154,17.90952282964281,86.56124665006098
cont,Rastrigin,6,BA,8000,med,0,30,0.03125,0.0016532542666409576,0.09211405994732372,47.55908393532418,48.75307038581154,17.90952282964281,86.56124665006098
cont,Rastrigin,6,BA,8000,hard,0,30,0.03125,0.0016532542666409576,0.09211405994732372,47.55908393532418,48.75307038581154,17.90952282964281,86.56124665006098
cont,Rastrigin,6,BA,10000,easy,0,30,0.03125,0.0016532542666409576,0.09211405994732372,45.96711005938531,46.265578918234745,16.914659416812626,85.56558709604253
cont,Rastrigin,6,BA,10000,med,0,30,0.03125,0.0016532542666409576,0.09211405994732372,45.96711005938531,46.265578918234745,16.914659416812626,85.56558709604253
cont,Rastrigin,6,BA,10000,hard,0,30,0.03125,0.0016532542666409576,0.09211405994732372,45.96711005938531,46.265578918234745,16.914659416812626,85.56558709604253
cont,Rastrigin,6,ES_1P1,2000,easy,0,30,0.03125,0.0016532542666409576,0.09211405994732372,47.29345001484694,42.78308033090457,19.899140793877223,99.49495642824176
cont,Rastrigin,6,ES_1P1,2000,med,0,30,0.03125,0.0016532542666409576,0.09211405994732372,47.29345001484694,42.78308033090457,19.899140793877223,99.49495642824176
cont,Rastrigin,6,ES_1P1,2000,hard,0,30,0.03125,0.0016532542666409576,0.09211405994732372,47.29345001484694,42.78308033090457,19.899140793877223,99.49495642824176
cont,Rastrigin,6,ES_1P1,5000,easy,0,30,0.03125,0.0016532542666409576,0.09211405994732372,34.690735763876354,32.83355293775322,10.94454459020713,85.56531622815541
cont,Rastrigin,6,ES_1P1,5000,med,0,30,0.03125,0.0016532542666409576,0.09211405994732372,34.690735763876354,32.83355293775322,10.94454459020713,85.56531622815541
cont,Rastrigin,6,ES_1P1,5000,hard,0,30,0.03125,0.0016532542666409576,0.09211405994732372,34.690735763876354,32.83355293775322,10.94454459020713,85.56531622815541
cont,Rastrigin,6,ES_1P1,8000,easy,0,30,0.03125,0.0016532542666409576,0.09211405994732372,40.129834533193375,37.808259696736236,15.919329800035428,77.60630533261457
cont,Rastrigin,6,ES_1P1,8000,med,0,30,0.03125,0.0016532542666409576,0.09211405994732372,40.129834533193375,37.808259696736236,15.919329800035428,77.60630533261457
cont,Rastrigin,6,ES_1P1,8000,hard,0,30,0.03125,0.0016532542666409576,0.09211405994732372,40.129834533193375,37.808259696736236,15.919329800035428,77.60630533261457
cont,Rastrigin,6,ES_1P1,10000,easy,0,30,0.03125,0.0016532542666409576,0.09211405994732372,45.2041080341022,44.7729934072713,10.944544590207158,84.57099349773407
cont,Rastrigin,6,ES_1P1,10000,med,0,30,0.03125,0.0016532542666409576,0.09211405994732372,45.2041080341022,44.7729934072713,10.944544590207158,84.57099349773407
cont,Rastrigin,6,ES_1P1,10000,hard,0,30,0.03125,0.0016532542666409576,0.09211405994732372,45.2041080341022,44.7729934072713,10.944544590207158,84.57099349773407
cont,Rastrigin,6,FA,2000,easy,0,30,0.03125,0.0016532542666409576,0.09211405994732372,83.86279803160033,87.05012163174423,54.14891041465269,100.43032056319856
cont,Rastrigin,6,FA,2000,med,0,30,0.03125,0.0016532542666409576,0.09211405994732372,83.86279803160033,87.05012163174423,54.14891041465269,100.43032056319856
cont,Rastrigin,6,FA,2000,hard,0,30,0.03125,0.0016532542666409576,0.09211405994732372,83.86279803160033,87.05012163174423,54.14891041465269,100.43032056319856
cont,Rastrigin,6,FA,5000,easy,0,30,0.03125,0.0016532542666409576,0.09211405994732372,75.71331827628806,75.15817937299984,67.63324092504433,89.59830820343964
cont,Rastrigin,6,FA,5000,med,0,30,0.03125,0.0016532542666409576,0.09211405994732372,75.71331827628806,75.15817937299984,67.63324092504433,89.59830820343964
cont,Rastrigin,6,FA,5000,hard,0,30,0.03125,0.0016532542666409576,0.09211405994732372,75.71331827628806,75.15817937299984,67.63324092504433,89.59830820343964
cont,Rastrigin,6,FA,8000,easy,0,30,0.03125,0.0016532542666409576,0.09211405994732372,74.39506839032407,75.41077006463516,44.39930903752512,86.75544117256959
cont,Rastrigin,6,FA,8000,med,0,30,0.03125,0.0016532542666409576,0.09211405994732372,74.39506839032407,75.41077006463516,44.39930903752512,86.75544117256959
cont,Rastrigin,6,FA,8000,hard,0,30,0.03125,0.0016532542666409576,0.09211405994732372,74.39506839032407,75.41077006463516,44.39930903752512,86.75544117256959
cont,Rastrigin,6,FA,10000,easy,0,30,0.03125,0.0016532542666409576,0.09211405994732372,72.07588277066299,72.04341004050278,56.5561296719962,91.31880796064306
cont,Rastrigin,6,FA,10000,med,0,30,0.03125,0.0016532542666409576,0.09211405994732372,72.07588277066299,72.04341004050278,56.5561296719962,91.31880796064306
cont,Rastrigin,6,FA,10000,hard,0,30,0.03125,0.0016532542666409576,0.09211405994732372,72.07588277066299,72.04341004050278,56.5561296719962,91.31880796064306
cont,Rastrigin,6,GWO,2000,easy,0,30,0.03125,0.0016532542666409576,0.09211405994732372,11.776289288976539,10.549642978810795,4.880589032342826,21.865365787028253
cont,Rastrigin,6,GWO,2000,med,0,30,0.03125,0.0016532542666409576,0.09211405994732372,11.776289288976539,10.549642978810795,4.880589032342826,21.865365787028253
cont,Rastrigin,6,GWO,2000,hard,0,30,0.03125,0.0016532542666409576,0.09211405994732372,11.776289288976539,10.549642978810795,4.880589032342826,21.865365787028253
cont,Rastrigin,6,GWO,5000,easy,0,30,0.03125,0.0016532542666409576,0.09211405994732372,13.959262259168401,13.634923583763843,6.2780689576804605,24.286476990861814
cont,Rastrigin,6,GWO,5000,med,0,30,0.03125,0.0016532542666409576,0.09211405994732372,13.959262259168401,13.634923583763843,6.2780689576804605,24.286476990861814
cont,Rastrigin,6,GWO,5000,hard,0,30,0.03125,0.0016532542666409576,0.09211405994732372,13.959262259168401,13.634923583763843,6.2780689576804605,24.286476990861814
cont,Rastrigin,6,GWO,8000,easy,0,30,0.03125,0.0016532542666409576,0.09211405994732372,12.409848002083457,12.143778937527905,5.713308942008595,21.080544219386525
cont,Rastrigin,6,GWO,8000,med,0,30,0.03125,0.0016532542666409576,0.09211405994732372,12.409848002083457,12.143778937527905,5.713308942008595,21.080544219386525
cont,Rastrigin,6,GWO,8000,hard,0,30,0.03125,0.0016532542666409576,0.09211405994732372,12.409848002083457,12.143778937527905,5.713308942008595,21.080544219386525
cont,Rastrigin,6,GWO,10000,easy,0,30,0.03125,0.0016532542666409576,0.09211405994732372,12.778498781273454,11.807879757496544,6.3624745323814835,22.705119536146597
cont,Rastrigin,6,GWO,10000,med,0,30,0.03125,0.0016532542666409576,0.09211405994732372,12.778498781273454,11.807879757496544,6.3624745323814835,22.705119536146597
cont,Rastrigin,6,GWO,10000,hard,0,30,0.03125,0.0016532542666409576,0.09211405994732372,12.778498781273454,11.807879757496544,6.3624745323814835,22.705119536146597
cont,Rastrigin,6,MFO,2000,easy,0,30,0.03125,0.0016532542666409576,0.09211405994732372,48.50708290610044,43.17184274546947,24.45231710147776,87.68693354023294
cont,Rastrigin,6,MFO,2000,med,0,30,0.03125,0.0016532542666409576,0.09211405994732372,48.50708290610044,43.17184274546947,24.45231710147776,87.68693354023294
cont,Rastrigin,6,MFO,2000,hard,0,30,0.03125,0.0016532542666409576,0.09211405994732372,48.50708290610044,43.17184274546947,24.45231710147776,87.68693354023294
cont,Rastrigin,6,MFO,5000,easy,0,30,0.03125,0.0016532542666409576,0.09211405994732372,38.3335684268069,39.91824217120375,12.702148690253935,63.91524794839288
cont,Rastrigin,6,MFO,5000,med,0,30,0.03125,0.0016532542666409576,0.09211405994732372,38.3335684268069,39.91824217120375,12.702148690253935,63.91524794839288
cont,Rastrigin,6,MFO,5000,hard,0,30,0.03125,0.0016532542666409576,0.09211405994732372,38.3335684268069,39.91824217120375,12.702148690253935,63.91524794839288
cont,Rastrigin,6,MFO,8000,easy,0,30,0.03125,0.0016532542666409576,0.09211405994732372,35.03663247610316,34.81589081021428,14.342333204952737,63.698820583930306
cont,Rastrigin,6,MFO,8000,med,0,30,0.03125,0.0016532542666409576,0.09211405994732372,35.03663247610316,34.81589081021428,14.342333204952737,63.698820583930306
cont,Rastrigin,6,MFO,8000,hard,0,30,0.03125,0.0016532542666409576,0.09211405994732372,35.03663247610316,34.81589081021428,14.342333204952737,63.698820583930306
cont,Rastrigin,6,MFO,10000,easy,0,30,0.03125,0.0016532542666409576,0.09211405994732372,32.71273171850103,29.57483952402628,14.20712416837658,64.33147750335695
cont,Rastrigin,6,MFO,10000,med,0,30,0.03125,0.0016532542666409576,0.09211405994732372,32.71273171850103,29.57483952402628,14.20712416837658,64.33147750335695
cont,Rastrigin,6,MFO,10000,hard,0,30,0.03125,0.0016532542666409576,0.09211405994732372,32.71273171850103,29.57483952402628,14.20712416837658,64.33147750335695
cont,Rastrigin,6,PSO_GBEST,2000,easy,0,30,0.03125,0.0016532542666409576,0.09211405994732372,31.24258397015227,30.71752902401898,13.5060382519504,60.05876290131648
cont,Rastrigin,6,PSO_GBEST,2000,med,0,30,0.03125,0.0016532542666409576,0.09211405994732372,31.24258397015227,30.71752902401898,13.5060382519504,60.05876290131648
cont,Rastrigin,6,PSO_GBEST,2000,hard,0,30,0.03125,0.0016532542666409576,0.09211405994732372,31.24258397015227,30.71752902401898,13.5060382519504,60.05876290131648
cont,Rastrigin,6,PSO_GBEST,5000,easy,0,30,0.03125,0.0016532542666409576,0.09211405994732372,17.768677187886592,16.480431518355147,2.985307575139899,40.860421980951166
cont,Rastrigin,6,PSO_GBEST,5000,med,0,30,0.03125,0.0016532542666409576,0.09211405994732372,17.768677187886592,16.480431518355147,2.985307575139899,40.860421980951166
cont,Rastrigin,6,PSO_GBEST,5000,hard,0,30,0.03125,0.0016532542666409576,0.09211405994732372,17.768677187886592,16.480431518355147,2.985307575139899,40.860421980951166
cont,Rastrigin,6,PSO_GBEST,8000,easy,0,30,0.03125,0.0016532542666409576,0.09211405994732372,11.760180778378468,10.447070945392042,1.0032169105261062,31.249082511770922
cont,Rastrigin,6,PSO_GBEST,8000,med,0,30,0.03125,0.0016532542666409576,0.09211405994732372,11.760180778378468,10.447070945392042,1.0032169105261062,31.249082511770922
cont,Rastrigin,6,PSO_GBEST,8000,hard,0,30,0.03125,0.0016532542666409576,0.09211405994732372,11.760180778378468,10.447070945392042,1.0032169105261062,31.249082511770922
cont,Rastrigin,6,PSO_GBEST,10000,easy,0,30,0.03125,0.0016532542666409576,0.09211405994732372,14.215737871559291,11.942502790893755,1.9899242697598396,35.6305145598574
cont,Rastrigin,6,PSO_GBEST,10000,med,0,30,0.03125,0.0016532542666409576,0.09211405994732372,14.215737871559291,11.942502790893755,1.9899242697598396,35.6305145598574
cont,Rastrigin,6,PSO_GBEST,10000,hard,0,30,0.03125,0.0016532542666409576,0.09211405994732372,14.215737871559291,11.942502790893755,1.9899242697598396,35.6305145598574
cont,Rastrigin,6,WOA,2000,easy,0,30,0.03125,0.0016532542666409576,0.09211405994732372,44.994456062779946,41.30336355883116,17.089808533519005,103.86179417476629
cont,Rastrigin,6,WOA,2000,med,0,30,0.03125,0.0016532542666409576,0.09211405994732372,44.994456062779946,41.30336355883116,17.089808533519005,103.86179417476629
cont,Rastrigin,6,WOA,2000,hard,0,30,0.03125,0.0016532542666409576,0.09211405994732372,44.994456062779946,41.30336355883116,17.089808533519005,103.86179417476629
cont,Rastrigin,6,WOA,5000,easy,0,30,0.03125,0.0016532542666409576,0.09211405994732372,35.618592121904186,33.83578605327252,11.706402724051287,70.9348209706205
cont,Rastrigin,6,WOA,5000,med,0,30,0.03125,0.0016532542666409576,0.09211405994732372,35.618592121904186,33.83578605327252,11.706402724051287,70.9348209706205
cont,Rastrigin,6,WOA,5000,hard,0,30,0.03125,0.0016532542666409576,0.09211405994732372,35.618592121904186,33.83578605327252,11.706402724051287,70.9348209706205
cont,Rastrigin,6,WOA,8000,easy,0,30,0.03125,0.0016532542666409576,0.09211405994732372,30.411989569624847,30.504216434127166,7.093059283898839,68.66256562947746
cont,Rastrigin,6,WOA,8000,med,0,30,0.03125,0.0016532542666409576,0.09211405994732372,30.411989569624847,30.504216434127166,7.093059283898839,68.66256562947746
cont,Rastrigin,6,WOA,8000,hard,0,30,0.03125,0.0016532542666409576,0.09211405994732372,30.411989569624847,30.504216434127166,7.093059283898839,68.66256562947746
cont,Rastrigin,6,WOA,10000,easy,0,30,0.03125,0.0016532542666409576,0.09211405994732372,30.43233957010243,30.458273171681817,4.052240208407724,67.67837339130091
cont,Rastrigin,6,WOA,10000,med,0,30,0.03125,0.0016532542666409576,0.09211405994732372,30.43233957010243,30.458273171681817,4.052240208407724,67.67837339130091
cont,Rastrigin,6,WOA,10000,hard,0,30,0.03125,0.0016532542666409576,0.09211405994732372,30.43233957010243,30.458273171681817,4.052240208407724,67.67837339130091
cont,Rastrigin,9,ALO,2000,easy,0,30,0.03125,0.0016532542666409576,0.09211405994732372,97.53338713981633,99.72839016908021,59.547829068860636,126.17369415320144
cont,Rastrigin,9,ALO,2000,med,0,30,0.03125,0.0016532542666409576,0.09211405994732372,97.53338713981633,99.72839016908021,59.547829068860636,126.17369415320144
cont,Rastrigin,9,ALO,2000,hard,0,30,0.03125,0.0016532542666409576,0.09211405994732372,97.53338713981633,99.72839016908021,59.547829068860636,126.17369415320144
cont,Rastrigin,9,ALO,5000,easy,0,30,0.03125,0.0016532542666409576,0.09211405994732372,76.5385424938987,75.85579155979488,30.48458146275398,127.12419632461034
cont,Rastrigin,9,ALO,5000,med,0,30,0.03125,0.0016532542666409576,0.09211405994732372,76.5385424938987,75.85579155979488,30.48458146275398,127.12419632461034
cont,Rastrigin,9,ALO,5000,hard,0,30,0.03125,0.0016532542666409576,0.09211405994732372,76.5385424938987,75.85579155979488,30.48458146275398,127.12419632461034
cont,Rastrigin,9,ALO,8000,easy,0,30,0.03125,0.0016532542666409576,0.09211405994732372,60.72643681951569,59.68841950748394,23.913912394710948,115.41428874133078
cont,Rastrigin,9,ALO,8000,med,0,30,0.03125,0.0016532542666409576,0.09211405994732372,60.72643681951569,59.68841950748394,23.913912394710948,115.41428874133078
cont,Rastrigin,9,ALO,8000,hard,0,30,0.03125,0.0016532542666409576,0.09211405994732372,60.72643681951569,59.68841950748394,23.913912394710948,115.41428874133078
cont,Rastrigin,9,ALO,10000,easy,0,30,0.03125,0.0016532542666409576,0.09211405994732372,48.032181903373974,48.86436315307398,13.711602304549373,81.71984616946614
cont,Rastrigin,9,ALO,10000,med,0,30,0.03125,0.0016532542666409576,0.09211405994732372,48.032181903373974,48.86436315307398,13.711602304549373,81.71984616946614
cont,Rastrigin,9,ALO,10000,hard,0,30,0.03125,0.0016532542666409576,0.09211405994732372,48.032181903373974,48.86436315307398,13.711602304549373,81.71984616946614
cont,Rastrigin,9,BA,2000,easy,0,30,0.03125,0.0016532542666409576,0.09211405994732372,71.37023573950243,70.28431088018384,32.88317180985206,107.48977657782946
cont,Rastrigin,9,BA,2000,med,0,30,0.03125,0.0016532542666409576,0.09211405994732372,71.37023573950243,70.28431088018384,32.88317180985206,107.48977657782946
cont,Rastrigin,9,BA,2000,hard,0,30,0.03125,0.0016532542666409576,0.09211405994732372,71.37023573950243,70.28431088018384,32.88317180985206,107.48977657782946
cont,Rastrigin,9,BA,5000,easy,0,30,0.03125,0.0016532542666409576,0.09211405994732372,45.134636135960385,42.607190764828914,24.8743612346842,73.6266792249695
cont,Rastrigin,9,BA,5000,med,0,30,0.03125,0.0016532542666409576,0.09211405994732372,45.134636135960385,42.607190764828914,24.8743612346842,73.6266792249695
cont,Rastrigin,9,BA,5000,hard,0,30,0.03125,0.0016532542666409576,0.09211405994732372,45.134636135960385,42.607190764828914,24.8743612346842,73.6266792249695
cont,Rastrigin,9,BA,8000,easy,0,30,0.03125,0.0016532542666409576,0.09211405994732372,37.775412848221215,34.823794205463514,7.960027950063903,66.6621630748256
cont,Rastrigin,9,BA,8000,med,0,30,0.03125,0.0016532542666409576,0.09211405994732372,37.775412848221215,34.823794205463514,7.960027950063903,66.6621630748256
cont,Rastrigin,9,BA,8000,hard,0,30,0.03125,0.0016532542666409576,0.09211405994732372,37.775412848221215,34.823794205463514,7.960027950063903,66.6621630748256
cont,Rastrigin,9,BA,10000,easy,0,30,0.03125,0.0016532542666409576,0.09211405994732372,48.68493770088421,46.26570433309545,13.929675884593692,94.52032512875152
cont,Rastrigin,9,BA,10000,med,0,30,0.03125,0.0016532542666409576,0.09211405994732372,48.68493770088421,46.26570433309545,13.929675884593692,94.52032512875152
cont,Rastrigin,9,BA,10000,hard,0,30,0.03125,0.0016532542666409576,0.09211405994732372,48.68493770088421,46.26570433309545,13.929675884593692,94.52032512875152
cont,Rastrigin,9,ES_1P1,2000,easy,0,30,0.03125,0.0016532542666409576,0.09211405994732372,39.561762171913266,38.803299815033746,10.944544590211109,71.63658126240821
cont,Rastrigin,9,ES_1P1,2000,med,0,30,0.03125,0.0016532542666409576,0.09211405994732372,39.561762171913266,38.803299815033746,10.944544590211109,71.63658126240821
cont,Rastrigin,9,ES_1P1,2000,hard,0,30,0.03125,0.0016532542666409576,0.09211405994732372,39.561762171913266,38.803299815033746,10.944544590211109,71.63658126240821
cont,Rastrigin,9,ES_1P1,5000,easy,0,30,0.03125,0.0016532542666409576,0.09211405994732372,43.27080848199737,39.3007489570593,12.934457666574644,107.51180282888117
cont,Rastrigin,9,ES_1P1,5000,med,0,30,0.03125,0.0016532542666409576,0.09211405994732372,43.27080848199737,39.3007489570593,12.934457666574644,107.51180282888117
cont,Rastrigin,9,ES_1P1,5000,hard,0,30,0.03125,0.0016532542666409576,0.09211405994732372,43.27080848199737,39.3007489570593,12.934457666574644,107.51180282888117
cont,Rastrigin,9,ES_1P1,8000,easy,0,30,0.03125,0.0016532542666409576,0.09211405994732372,35.68036770770162,33.3309714165967,3.9798362283731734,82.58108042136658
cont,Rastrigin,9,ES_1P1,8000,med,0,30,0.03125,0.0016532542666409576,0.09211405994732372,35.68036770770162,33.3309714165967,3.9798362283731734,82.58108042136658
cont,Rastrigin,9,ES_1P1,8000,hard,0,30,0.03125,0.0016532542666409576,0.09211405994732372,35.68036770770162,33.3309714165967,3.9798362283731734,82.58108042136658
cont,Rastrigin,9,ES_1P1,10000,easy,0,30,0.03125,0.0016532542666409576,0.09211405994732372,41.1108158370109,37.75397115293657,11.939503647300441,84.46215256793329
cont,Rastrigin,9,ES_1P1,10000,med,0,30,0.03125,0.0016532542666409576,0.09211405994732372,41.1108158370109,37.75397115293657,11.939503647300441,84.46215256793329
cont,Rastrigin,9,ES_1P1,10000,hard,0,30,0.03125,0.0016532542666409576,0.09211405994732372,41.1108158370109,37.75397115293657,11.939503647300441,84.46215256793329
cont,Rastrigin,9,FA,2000,easy,0,30,0.03125,0.0016532542666409576,0.09211405994732372,85.39340958806373,86.22316696997012,63.86433314792767,109.44829798180673
cont,Rastrigin,9,FA,2000,med,0,30,0.03125,0.0016532542666409576,0.09211405994732372,85.39340958806373,86.22316696997012,63.86433314792767,109.44829798180673
cont,Rastrigin,9,FA,2000,hard,0,30,0.03125,0.0016532542666409576,0.09211405994732372,85.39340958806373,86.22316696997012,63.86433314792767,109.44829798180673
cont,Rastrigin,9,FA,5000,easy,0,30,0.03125,0.0016532542666409576,0.09211405994732372,80.13212559327481,82.38129590372954,60.34604855644445,96.90105242728028
cont,Rastrigin,9,FA,5000,med,0,30,0.03125,0.0016532542666409576,0.09211405994732372,80.13212559327481,82.38129590372954,60.34604855644445,96.90105242728028
cont,Rastrigin,9,FA,5000,hard,0,30,0.03125,0.0016532542666409576,0.09211405994732372,80.13212559327481,82.38129590372954,60.34604855644445,96.90105242728028
cont,Rastrigin,9,FA,8000,easy,0,30,0.03125,0.0016532542666409576,0.09211405994732372,73.9562719425934,72.79664210273127,50.6230252977882,90.44995295889959
cont,Rastrigin,9,FA,8000,med,0,30,0.03125,0.0016532542666409576,0.09211405994732372,73.9562719425934,72.79664210273127,50.6230252977882,90.44995295889959
cont,Rastrigin,9,FA,8000,hard,0,30,0.03125,0.0016532542666409576,0.09211405994732372,73.9562719425934,72.79664210273127,50.6230252977882,90.44995295889959
cont,Rastrigin,9,FA,10000,easy,0,30,0.03125,0.0016532542666409576,0.09211405994732372,74.67345316953109,74.05190926614904,51.81011641065104,90.55477436399826
cont,Rastrigin,9,FA,10000,med,0,30,0.03125,0.0016532542666409576,0.09211405994732372,74.67345316953109,74.05190926614904,51.81011641065104,90.55477436399826
cont,Rastrigin,9,FA,10000,hard,0,30,0.03125,0.0016532542666409576,0.09211405994732372,74.67345316953109,74.05190926614904,51.81011641065104,90.55477436399826
cont,Rastrigin,9,GWO,2000,easy,0,30,0.03125,0.0016532542666409576,0.09211405994732372,15.238452528916197,13.932393117422599,4.635656254987836,30.303505818876104
cont,Rastrigin,9,GWO,2000,med,0,30,0.03125,0.0016532542666409576,0.09211405994732372,15.238452528916197,13.932393117422599,4.635656254987836,30.303505818876104
cont,Rastrigin,9,GWO,2000,hard,0,30,0.03125,0.0016532542666409576,0.09211405994732372,15.238452528916197,13.932393117422599,4.635656254987836,30.303505818876104
cont,Rastrigin,9,GWO,5000,easy,0,30,0.03125,0.0016532542666409576,0.09211405994732372,14.77446984156401,13.440451571373728,9.705950649491413,27.795029639470897
cont,Rastrigin,9,GWO,5000,med,0,30,0.03125,0.0016532542666409576,0.09211405994732372,14.77446984156401,13.440451571373728,9.705950649491413,27.795029639470897
cont,Rastrigin,9,GWO,5000,hard,0,30,0.03125,0.0016532542666409576,0.09211405994732372,14.77446984156401,13.440451571373728,9.705950649491413,27.795029639470897
cont,Rastrigin,9,GWO,8000,easy,0,30,0.03125,0.0016532542666409576,0.09211405994732372,16.906142696761407,16.560214265378974,10.173493274231234,30.34342119022503
cont,Rastrigin,9,GWO,8000,med,0,30,0.03125,0.0016532542666409576,0.09211405994732372,16.906142696761407,16.560214265378974,10.173493274231234,30.34342119022503
cont,Rastrigin,9,GWO,8000,hard,0,30,0.03125,0.0016532542666409576,0.09211405994732372,16.906142696761407,16.560214265378974,10.173493274231234,30.34342119022503
cont,Rastrigin,9,GWO,10000,easy,0,30,0.03125,0.0016532542666409576,0.09211405994732372,17.434206159253456,16.471646165078056,8.144288782881034,37.08845593643174
cont,Rastrigin,9,GWO,10000,med,0,30,0.03125,0.0016532542666409576,0.09211405994732372,17.434206159253456,16.471646165078056,8.144288782881034,37.08845593643174
cont,Rastrigin,9,GWO,10000,hard,0,30,0.03125,0.0016532542666409576,0.09211405994732372,17.434206159253456,16.471646165078056,8.144288782881034,37.08845593643174
cont,Rastrigin,9,MFO,2000,easy,0,30,0.03125,0.0016532542666409576,0.09211405994732372,44.82086065369764,46.379094369961216,23.706382442216054,66.62035539255035
cont,Rastrigin,9,MFO,2000,med,0,30,0.03125,0.0016532542666409576,0.09211405994732372,44.82086065369764,46.379094369961216,23.706382442216054,66.62035539255035
cont,Rastrigin,9,MFO,2000,hard,0,30,0.03125,0.0016532542666409576,0.09211405994732372,44.82086065369764,46.379094369961216,23.706382442216054,66.62035539255035
cont,Rastrigin,9,MFO,5000,easy,0,30,0.03125,0.0016532542666409576,0.09211405994732372,34.58369416862009,31.970155338201906,21.536588861479146,65.93625433866461
cont,Rastrigin,9,MFO,5000,med,0,30,0.03125,0.0016532542666409576,0.09211405994732372,34.58369416862009,31.970155338201906,21.536588861479146,65.93625433866461
cont,Rastrigin,9,MFO,5000,hard,0,30,0.03125,0.0016532542666409576,0.09211405994732372,34.58369416862009,31.970155338201906,21.536588861479146,65.93625433866461
cont,Rastrigin,9,MFO,8000,easy,0,30,0.03125,0.0016532542666409576,0.09211405994732372,31.41527217500701,29.68612235629488,8.004581479389259,60.667301684289676
cont,Rastrigin,9,MFO,8000,med,0,30,0.03125,0.0016532542666409576,0.09211405994732372,31.41527217500701,29.68612235629488,8.004581479389259,60.667301684289676
cont,Rastrigin,9,MFO,8000,hard,0,30,0.03125,0.0016532542666409576,0.09211405994732372,31.41527217500701,29.68612235629488,8.004581479389259,60.667301684289676
cont,Rastrigin,9,MFO,10000,easy,0,30,0.03125,0.0016532542666409576,0.09211405994732372,32.30672355517144,32.01975829493401,11.220767431277338,59.10885710056399
cont,Rastrigin,9,MFO,10000,med,0,30,0.03125,0.0016532542666409576,0.09211405994732372,32.30672355517144,32.01975829493401,11.220767431277338,59.10885710056399
cont,Rastrigin,9,MFO,10000,hard,0,30,0.03125,0.0016532542666409576,0.09211405994732372,32.30672355517144,32.01975829493401,11.220767431277338,59.10885710056399
cont,Rastrigin,9,PSO_GBEST,2000,easy,0,30,0.03125,0.0016532542666409576,0.09211405994732372,24.77720970002341,21.876900230863384,9.733592291798686,51.02385867680443
cont,Rastrigin,9,PSO_GBEST,2000,med,0,30,0.03125,0.0016532542666409576,0.09211405994732372,24.77720970002341,21.876900230863384,9.733592291798686,51.02385867680443
cont,Rastrigin,9,PSO_GBEST,2000,hard,0,30,0.03125,0.0016532542666409576,0.09211405994732372,24.77720970002341,21.876900230863384,9.733592291798686,51.02385867680443
cont,Rastrigin,9,PSO_GBEST,5000,easy,0,30,0.03125,0.0016532542666409576,0.09211405994732372,15.593877458961883,13.111929023609157,4.097995041672064,40.28849675321209
cont,Rastrigin,9,PSO_GBEST,5000,med,0,30,0.03125,0.0016532542666409576,0.09211405994732372,15.593877458961883,13.111929023609157,4.097995041672064,40.28849675321209
cont,Rastrigin,9,PSO_GBEST,5000,hard,0,30,0.03125,0.0016532542666409576,0.09211405994732372,15.593877458961883,13.111929023609157,4.097995041672064,40.28849675321209
cont,Rastrigin,9,PSO_GBEST,8000,easy,0,30,0.03125,0.0016532542666409576,0.09211405994732372,15.321957752176584,13.9294142147739,4.985380888051083,37.83223720005202
cont,Rastrigin,9,PSO_GBEST,8000,med,0,30,0.03125,0.0016532542666409576,0.09211405994732372,15.321957752176584,13.9294142147739,4.985380888051083,37.83223720005202
cont,Rastrigin,9,PSO_GBEST,8000,hard,0,30,0.03125,0.0016532542666409576,0.09211405994732372,15.321957752176584,13.9294142147739,4.985380888051083,37.83223720005202
cont,Rastrigin,9,PSO_GBEST,10000,easy,0,30,0.03125,0.0016532542666409576,0.09211405994732372,14.239502281289328,11.939498644218574,1.9899278402531309,36.87039065522193
cont,Rastrigin,9,PSO_GBEST,10000,med,0,30,0.03125,0.0016532542666409576,0.09211405994732372,14.239502281289328,11.939498644218574,1.9899278402531309,36.87039065522193
cont,Rastrigin,9,PSO_GBEST,10000,hard,0,30,0.03125,0.0016532542666409576,0.09211405994732372,14.239502281289328,11.939498644218574,1.9899278402531309,36.87039065522193
cont,Rastrigin,9,WOA,2000,easy,0,30,0.03125,0.0016532542666409576,0.09211405994732372,38.829337147065594,35.01933498403,15.252571916832508,77.17200826559954
cont,Rastrigin,9,WOA,2000,med,0,30,0.03125,0.0016532542666409576,0.09211405994732372,38.829337147065594,35.01933498403,15.252571916832508,77.17200826559954
cont,Rastrigin,9,WOA,2000,hard,0,30,0.03125,0.0016532542666409576,0.09211405994732372,38.829337147065594,35.01933498403,15.252571916832508,77.17200826559954
cont,Rastrigin,9,WOA,5000,easy,0,30,0.03125,0.0016532542666409576,0.09211405994732372,34.71183243850826,33.3563019406437,10.023448475931971,62.773890644317234
cont,Rastrigin,9,WOA,5000,med,0,30,0.03125,0.0016532542666409576,0.09211405994732372,34.71183243850826,33.3563019406437,10.023448475931971,62.773890644317234
cont,Rastrigin,9,WOA,5000,hard,0,30,0.03125,0.0016532542666409576,0.09211405994732372,34.71183243850826,33.3563019406437,10.023448475931971,62.773890644317234
cont,Rastrigin,9,WOA,8000,easy,0,30,0.03125,0.0016532542666409576,0.09211405994732372,33.27953682688987,33.408009784053924,15.026869032654744,56.34942259930181
cont,Rastrigin,9,WOA,8000,med,0,30,0.03125,0.0016532542666409576,0.09211405994732372,33.27953682688987,33.408009784053924,15.026869032654744,56.34942259930181
cont,Rastrigin,9,WOA,8000,hard,0,30,0.03125,0.0016532542666409576,0.09211405994732372,33.27953682688987,33.408009784053924,15.026869032654744,56.34942259930181
cont,Rastrigin,9,WOA,10000,easy,0,30,0.03125,0.0016532542666409576,0.09211405994732372,30.898199654620846,32.29897797335131,8.731327898789203,59.98715962697173
cont,Rastrigin,9,WOA,10000,med,0,30,0.03125,0.0016532542666409576,0.09211405994732372,30.898199654620846,32.29897797335131,8.731327898789203,59.98715962697173
cont,Rastrigin,9,WOA,10000,hard,0,30,0.03125,0.0016532542666409576,0.09211405994732372,30.898199654620846,32.29897797335131,8.731327898789203,59.98715962697173
cont,Rastrigin,10,ALO,2000,easy,0,30,0.03125,0.0016532542666409576,0.09211405994732372,98.59023706002746,101.57820641501328,63.89514145996698,121.02596920022525
cont,Rastrigin,10,ALO,2000,med,0,30,0.03125,0.0016532542666409576,0.09211405994732372,98.59023706002746,101.57820641501328,63.89514145996698,121.02596920022525
cont,Rastrigin,10,ALO,2000,hard,0,30,0.03125,0.0016532542666409576,0.09211405994732372,98.59023706002746,101.57820641501328,63.89514145996698,121.02596920022525
cont,Rastrigin,10,ALO,5000,easy,0,30,0.03125,0.0016532542666409576,0.09211405994732372,72.24017075987992,73.16128373555352,34.13004806398612,101.8539163586714
cont,Rastrigin,10,ALO,5000,med,0,30,0.03125,0.0016532542666409576,0.09211405994732372,72.24017075987992,73.16128373555352,34.13004806398612,101.8539163586714
cont,Rastrigin,10,ALO,5000,hard,0,30,0.03125,0.0016532542666409576,0.09211405994732372,72.24017075987992,73.16128373555352,34.13004806398612,101.8539163586714
cont,Rastrigin,10,ALO,8000,easy,0,30,0.03125,0.0016532542666409576,0.09211405994732372,60.311971569190746,63.744628773052625,28.83471915489963,96.99556155920034
cont,Rastrigin,10,ALO,8000,med,0,30,0.03125,0.0016532542666409576,0.09211405994732372,60.311971569190746,63.744628773052625,28.83471915489963,96.99556155920034
cont,Rastrigin,10,ALO,8000,hard,0,30,0.03125,0.0016532542666409576,0.09211405994732372,60.311971569190746,63.744628773052625,28.83471915489963,96.99556155920034
cont,Rastrigin,10,ALO,10000,easy,0,30,0.03125,0.0016532542666409576,0.09211405994732372,52.880303286786365,50.81681539452318,25.276830021881935,91.93593955458493
cont,Rastrigin,10,ALO,10000,med,0,30,0.03125,0.0016532542666409576,0.09211405994732372,52.880303286786365,50.81681539452318,25.276830021881935,91.93593955458493
cont,Rastrigin,10,ALO,10000,hard,0,30,0.03125,0.0016532542666409576,0.09211405994732372,52.880303286786365,50.81681539452318,25.276830021881935,91.93593955458493
cont,Rastrigin,10,BA,2000,easy,0,30,0.03125,0.0016532542666409576,0.09211405994732372,69.61485950097486,69.95409651008586,41.18197872761647,102.76600731458859
cont,Rastrigin,10,BA,2000,med,0,30,0.03125,0.0016532542666409576,0.09211405994732372,69.61485950097486,69.95409651008586,41.18197872761647,102.76600731458859
cont,Rastrigin,10,BA,2000,hard,0,30,0.03125,0.0016532542666409576,0.09211405994732372,69.61485950097486,69.95409651008586,41.18197872761647,102.76600731458859
cont,Rastrigin,10,BA,5000,easy,0,30,0.03125,0.0016532542666409576,0.09211405994732372,47.921513782861105,48.918493206995464,11.939932731369538,76.61129038191248
cont,Rastrigin,10,BA,5000,med,0,30,0.03125,0.0016532542666409576,0.09211405994732372,47.921513782861105,48.918493206995464,11.939932731369538,76.61129038191248
cont,Rastrigin,10,BA,5000,hard,0,30,0.03125,0.0016532542666409576,0.09211405994732372,47.921513782861105,48.918493206995464,11.939932731369538,76.61129038191248
cont,Rastrigin,10,BA,8000,easy,0,30,0.03125,0.0016532542666409576,0.09211405994732372,44.50787655204361,41.78827671869077,5.97008290037887,86.56101531572875
cont,Rastrigin,10,BA,8000,med,0,30,0.03125,0.0016532542666409576,0.09211405994732372,44.50787655204361,41.78827671869077,5.97008290037887,86.56101531572875
cont,Rastrigin,10,BA,8000,hard,0,30,0.03125,0.0016532542666409576,0.09211405994732372,44.50787655204361,41.78827671869077,5.97008290037887,86.56101531572875
cont,Rastrigin,10,BA,10000,easy,0,30,0.03125,0.0016532542666409576,0.09211405994732372,49.58209158782589,50.24550459158864,16.91456221161326,84.57130987124535
cont,Rastrigin,10,BA,10000,med,0,30,0.03125,0.0016532542666409576,0.09211405994732372,49.58209158782589,50.24550459158864,16.91456221161326,84.57130987124535
cont,Rastrigin,10,BA,10000,hard,0,30,0.03125,0.0016532542666409576,0.09211405994732372,49.58209158782589,50.24550459158864,16.91456221161326,84.57130987124535
cont,Rastrigin,10,ES_1P1,2000,easy,0,30,0.03125,0.0016532542666409576,0.09211405994732372,37.31082445835573,35.32091767505734,6.964708361834269,74.62149397219424
cont,Rastrigin,10,ES_1P1,2000,med,0,30,0.03125,0.0016532542666409576,0.09211405994732372,37.31082445835573,35.32091767505734,6.964708361834269,74.62149397219424
cont,Rastrigin,10,ES_1P1,2000,hard,0,30,0.03125,0.0016532542666409576,0.09211405994732372,37.31082445835573,35.32091767505734,6.964708361834269,74.62149397219424
cont,Rastrigin,10,ES_1P1,5000,easy,0,30,0.03125,0.0016532542666409576,0.09211405994732372,47.42794359313057,47.26038095164729,13.929416723667941,91.05998449703361
cont,Rastrigin,10,ES_1P1,5000,med,0,30,0.03125,0.0016532542666409576,0.09211405994732372,47.42794359313057,47.26038095164729,13.929416723667941,91.05998449703361
cont,Rastrigin,10,ES_1P1,5000,hard,0,30,0.03125,0.0016532542666409576,0.09211405994732372,47.42794359313057,47.26038095164729,13.929416723667941,91.05998449703361
cont,Rastrigin,10,ES_1P1,8000,easy,0,30,0.03125,0.0016532542666409576,0.09211405994732372,38.537916169350936,38.30584048320067,5.969754342559753,98.50001253004305
cont,Rastrigin,10,ES_1P1,8000,med,0,30,0.03125,0.0016532542666409576,0.09211405994732372,38.537916169350936,38.30584048320067,5.969754342559753,98.50001253004305
cont,Rastrigin,10,ES_1P1,8000,hard,0,30,0.03125,0.0016532542666409576,0.09211405994732372,38.537916169350936,38.30584048320067,5.969754342559753,98.50001253004305
cont,Rastrigin,10,ES_1P1,10000,easy,0,30,0.03125,0.0016532542666409576,0.09211405994732372,38.17311011113191,34.823491340102755,9.949585533113861,80.59097776062035
cont,Rastrigin,10,ES_1P1,10000,med,0,30,0.03125,0.0016532542666409576,0.09211405994732372,38.17311011113191,34.823491340102755,9.949585533113861,80.59097776062035
cont,Rastrigin,10,ES_1P1,10000,hard,0,30,0.03125,0.0016532542666409576,0.09211405994732372,38.17311011113191,34.823491340102755,9.949585533113861,80.59097776062035
cont,Rastrigin,10,FA,2000,easy,0,30,0.03125,0.0016532542666409576,0.09211405994732372,89.6877597610579,91.10687158021805,65.6709039396217,104.7223189247822
cont,Rastrigin,10,FA,2000,med,0,30,0.03125,0.0016532542666409576,0.09211405994732372,89.6877597610579,91.10687158021805,65.6709039396217,104.7223189247822
cont,Rastrigin,10,FA,2000,hard,0,30,0.03125,0.0016532542666409576,0.09211405994732372,89.6877597610579,91.10687158021805,65.6709039396217,104.7223189247822
cont,Rastrigin,10,FA,5000,easy,0,30,0.03125,0.0016532542666409576,0.09211405994732372,80.09883411178302,80.88930826896596,52.955066276758984,97.20538370408136
cont,Rastrigin,10,FA,5000,med,0,30,0.03125,0.0016532542666409576,0.09211405994732372,80.09883411178302,80.88930826896596,52.955066276758984,97.20538370408136
cont,Rastrigin,10,FA,5000,hard,0,30,0.03125,0.0016532542666409576,0.09211405994732372,80.09883411178302,80.88930826896596,52.955066276758984,97.20538370408136
cont,Rastrigin,10,FA,8000,easy,0,30,0.03125,0.0016532542666409576,0.09211405994732372,77.83836580430085,80.41080594238093,49.81378471735395,94.36646197533686
cont,Rastrigin,10,FA,8000,med,0,30,0.03125,0.0016532542666409576,0.09211405994732372,77.83836580430085,80.41080594238093,49.81378471735395,94.36646197533686
cont,Rastrigin,10,FA,8000,hard,0,30,0.03125,0.0016532542666409576,0.09211405994732372,77.83836580430085,80.41080594238093,49.81378471735395,94.36646197533686
cont,Rastrigin,10,FA,10000,easy,0,30,0.03125,0.0016532542666409576,0.09211405994732372,74.13258352846665,76.35846020406507,57.37624194422255,86.65552011695075
cont,Rastrigin,10,FA,10000,med,0,30,0.03125,0.0016532542666409576,0.09211405994732372,74.13258352846665,76.35846020406507,57.37624194422255,86.65552011695075
cont,Rastrigin,10,FA,10000,hard,0,30,0.03125,0.0016532542666409576,0.09211405994732372,74.13258352846665,76.35846020406507,57.37624194422255,86.65552011695075
cont,Rastrigin,10,GWO,2000,easy,0,30,0.03125,0.0016532542666409576,0.09211405994732372,16.272669374212946,15.905152689812269,6.208944591561632,44.871225444132904
cont,Rastrigin,10,GWO,2000,med,0,30,0.03125,0.0016532542666409576,0.09211405994732372,16.272669374212946,15.905152689812269,6.208944591561632,44.871225444132904
cont,Rastrigin,10,GWO,2000,hard,0,30,0.03125,0.0016532542666409576,0.09211405994732372,16.272669374212946,15.905152689812269,6.208944591561632,44.871225444132904
cont,Rastrigin,10,GWO,5000,easy,0,30,0.03125,0.0016532542666409576,0.09211405994732372,21.396978877849214,21.48104499795999,9.061796388754374,47.82089818205023
cont,Rastrigin,10,GWO,5000,med,0,30,0.03125,0.0016532542666409576,0.09211405994732372,21.396978877849214,21.48104499795999,9.061796388754374,47.82089818205023
cont,Rastrigin,10,GWO,5000,hard,0,30,0.03125,0.0016532542666409576,0.09211405994732372,21.396978877849214,21.48104499795999,9.061796388754374,47.82089818205023
cont,Rastrigin,10,GWO,8000,easy,0,30,0.03125,0.0016532542666409576,0.09211405994732372,25.967454782990917,26.07765565872201,15.968797141656196,38.71548370486085
cont,Rastrigin,10,GWO,8000,med,0,30,0.03125,0.0016532542666409576,0.09211405994732372,25.967454782990917,26.07765565872201,15.968797141656196,38.71548370486085
cont,Rastrigin,10,GWO,8000,hard,0,30,0.03125,0.0016532542666409576,0.09211405994732372,25.967454782990917,26.07765565872201,15.968797141656196,38.71548370486085
cont,Rastrigin,10,GWO,10000,easy,0,30,0.03125,0.0016532542666409576,0.09211405994732372,28.167692525056957,28.223611482990613,17.037716944975458,39.908368060977786
cont,Rastrigin,10,GWO,10000,med,0,30,0.03125,0.0016532542666409576,0.09211405994732372,28.167692525056957,28.223611482990613,17.037716944975458,39.908368060977786
cont,Rastrigin,10,GWO,10000,hard,0,30,0.03125,0.0016532542666409576,0.09211405994732372,28.167692525056957,28.223611482990613,17.037716944975458,39.908368060977786
cont,Rastrigin,10,MFO,2000,easy,0,30,0.03125,0.0016532542666409576,0.09211405994732372,47.85027242799963,47.3907110967762,10.822984232077147,76.0028721181943
cont,Rastrigin,10,MFO,2000,med,0,30,0.03125,0.0016532542666409576,0.09211405994732372,47.85027242799963,47.3907110967762,10.822984232077147,76.0028721181943
cont,Rastrigin,10,MFO,2000,hard,0,30,0.03125,0.0016532542666409576,0.09211405994732372,47.85027242799963,47.3907110967762,10.822984232077147,76.0028721181943
cont,Rastrigin,10,MFO,5000,easy,0,30,0.03125,0.0016532542666409576,0.09211405994732372,37.7857542268941,37.16259312029253,20.950176793052435,64.69162863913681
cont,Rastrigin,10,MFO,5000,med,0,30,0.03125,0.0016532542666409576,0.09211405994732372,37.7857542268941,37.16259312029253,20.950176793052435,64.69162863913681
cont,Rastrigin,10,MFO,5000,hard,0,30,0.03125,0.0016532542666409576,0.09211405994732372,37.7857542268941,37.16259312029253,20.950176793052435,64.69162863913681
cont,Rastrigin,10,MFO,8000,easy,0,30,0.03125,0.0016532542666409576,0.09211405994732372,36.92496540648653,34.28192620276692,18.04561026156,68.314408932568
cont,Rastrigin,10,MFO,8000,med,0,30,0.03125,0.0016532542666409576,0.09211405994732372,36.92496540648653,34.28192620276692,18.04561026156,68.314408932568
cont,Rastrigin,10,MFO,8000,hard,0,30,0.03125,0.0016532542666409576,0.09211405994732372,36.92496540648653,34.28192620276692,18.04561026156,68.314408932568
cont,Rastrigin,10,MFO,10000,easy,0,30,0.03125,0.0016532542666409576,0.09211405994732372,32.13666317672838,31.829147226831367,12.158294009497297,67.3837738536841
cont,Rastrigin,10,MFO,10000,med,0,30,0.03125,0.0016532542666409576,0.09211405994732372,32.13666317672838,31.829147226831367,12.158294009497297,67.3837738536841
cont,Rastrigin,10,MFO,10000,hard,0,30,0.03125,0.0016532542666409576,0.09211405994732372,32.13666317672838,31.829147226831367,12.158294009497297,67.3837738536841
cont,Rastrigin,10,PSO_GBEST,2000,easy,0,30,0.03125,0.0016532542666409576,0.09211405994732372,24.013192963663602,21.685406494103695,9.939642858523726,55.294365301423056
cont,Rastrigin,10,PSO_GBEST,2000,med,0,30,0.03125,0.0016532542666409576,0.09211405994732372,24.013192963663602,21.685406494103695,9.939642858523726,55.294365301423056
cont,Rastrigin,10,PSO_GBEST,2000,hard,0,30,0.03125,0.0016532542666409576,0.09211405994732372,24.013192963663602,21.685406494103695,9.939642858523726,55.294365301423056
cont,Rastrigin,10,PSO_GBEST,5000,easy,0,30,0.03125,0.0016532542666409576,0.09211405994732372,15.387390916392967,15.421894714551016,5.995387798671786,33.25226838869298
cont,Rastrigin,10,PSO_GBEST,5000,med,0,30,0.03125,0.0016532542666409576,0.09211405994732372,15.387390916392967,15.421894714551016,5.995387798671786,33.25226838869298
cont,Rastrigin,10,PSO_GBEST,5000,hard,0,30,0.03125,0.0016532542666409576,0.09211405994732372,15.387390916392967,15.421894714551016,5.995387798671786,33.25226838869298
cont,Rastrigin,10,PSO_GBEST,8000,easy,0,30,0.03125,0.0016532542666409576,0.09211405994732372,11.854178838781175,9.949996680855051,1.990152144325748,33.20729350372875
cont,Rastrigin,10,PSO_GBEST,8000,med,0,30,0.03125,0.0016532542666409576,0.09211405994732372,11.854178838781175,9.949996680855051,1.990152144325748,33.20729350372875
cont,Rastrigin,10,PSO_GBEST,8000,hard,0,30,0.03125,0.0016532542666409576,0.09211405994732372,11.854178838781175,9.949996680855051,1.990152144325748,33.20729350372875
cont,Rastrigin,10,PSO_GBEST,10000,easy,0,30,0.03125,0.0016532542666409576,0.09211405994732372,12.222471403906928,12.436968056992662,1.9899181142227462,24.873910845125025
cont,Rastrigin,10,PSO_GBEST,10000,med,0,30,0.03125,0.0016532542666409576,0.09211405994732372,12.222471403906928,12.436968056992662,1.9899181142227462,24.873910845125025
cont,Rastrigin,10,PSO_GBEST,10000,hard,0,30,0.03125,0.0016532542666409576,0.09211405994732372,12.222471403906928,12.436968056992662,1.9899181142227462,24.873910845125025
cont,Rastrigin,10,WOA,2000,easy,0,30,0.03125,0.0016532542666409576,0.09211405994732372,49.65908014353118,46.08159846350583,27.383391044238238,88.17224380386625
cont,Rastrigin,10,WOA,2000,med,0,30,0.03125,0.0016532542666409576,0.09211405994732372,49.65908014353118,46.08159846350583,27.383391044238238,88.17224380386625
cont,Rastrigin,10,WOA,2000,hard,0,30,0.03125,0.0016532542666409576,0.09211405994732372,49.65908014353118,46.08159846350583,27.383391044238238,88.17224380386625
cont,Rastrigin,10,WOA,5000,easy,0,30,0.03125,0.0016532542666409576,0.09211405994732372,33.64921357218088,31.800241406770326,11.744593496007795,49.00390937550845
cont,Rastrigin,10,WOA,5000,med,0,30,0.03125,0.0016532542666409576,0.09211405994732372,33.64921357218088,31.800241406770326,11.744593496007795,49.00390937550845
cont,Rastrigin,10,WOA,5000,hard,0,30,0.03125,0.0016532542666409576,0.09211405994732372,33.64921357218088,31.800241406770326,11.744593496007795,49.00390937550845
cont,Rastrigin,10,WOA,8000,easy,0,30,0.03125,0.0016532542666409576,0.09211405994732372,36.34461069268378,32.980772700072876,14.929788728471621,67.97133667602587
cont,Rastrigin,10,WOA,8000,med,0,30,0.03125,0.0016532542666409576,0.09211405994732372,36.34461069268378,32.980772700072876,14.929788728471621,67.97133667602587
cont,Rastrigin,10,WOA,8000,hard,0,30,0.03125,0.0016532542666409576,0.09211405994732372,36.34461069268378,32.980772700072876,14.929788728471621,67.97133667602587
cont,Rastrigin,10,WOA,10000,easy,0,30,0.03125,0.0016532542666409576,0.09211405994732372,42.22287631921771,38.54592386232308,17.958259528209894,88.56786741845723
cont,Rastrigin,10,WOA,10000,med,0,30,0.03125,0.0016532542666409576,0.09211405994732372,42.22287631921771,38.54592386232308,17.958259528209894,88.56786741845723
cont,Rastrigin,10,WOA,10000,hard,0,30,0.03125,0.0016532542666409576,0.09211405994732372,42.22287631921771,38.54592386232308,17.958259528209894,88.56786741845723
cont,Rastrigin,11,ALO,2000,easy,0,30,0.03125,0.0016532542666409576,0.09211405994732372,97.38270134219034,95.87485731404966,65.67737149820222,147.42110610062434
cont,Rastrigin,11,ALO,2000,med,0,30,0.03125,0.0016532542666409576,0.09211405994732372,97.38270134219034,95.87485731404966,65.67737149820222,147.42110610062434
cont,Rastrigin,11,ALO,2000,hard,0,30,0.03125,0.0016532542666409576,0.09211405994732372,97.38270134219034,95.87485731404966,65.67737149820222,147.42110610062434
cont,Rastrigin,11,ALO,5000,easy,0,30,0.03125,0.0016532542666409576,0.09211405994732372,74.28129660198796,73.30846991636646,47.59049597014079,101.57530187033326
cont,Rastrigin,11,ALO,5000,med,0,30,0.03125,0.0016532542666409576,0.09211405994732372,74.28129660198796,73.30846991636646,47.59049597014079,101.57530187033326
cont,Rastrigin,11,ALO,5000,hard,0,30,0.03125,0.0016532542666409576,0.09211405994732372,74.28129660198796,73.30846991636646,47.59049597014079,101.57530187033326
cont,Rastrigin,11,ALO,8000,easy,0,30,0.03125,0.0016532542666409576,0.09211405994732372,55.83424754056101,55.37213527786454,33.639626259227086,84.97719832646781
cont,Rastrigin,11,ALO,8000,med,0,30,0.03125,0.0016532542666409576,0.09211405994732372,55.83424754056101,55.37213527786454,33.639626259227086,84.97719832646781
cont,Rastrigin,11,ALO,8000,hard,0,30,0.03125,0.0016532542666409576,0.09211405994732372,55.83424754056101,55.37213527786454,33.639626259227086,84.97719832646781
cont,Rastrigin,11,ALO,10000,easy,0,30,0.03125,0.0016532542666409576,0.09211405994732372,56.08597359428559,58.41264511485673,22.23391316069811,97.50541397662826
cont,Rastrigin,11,ALO,10000,med,0,30,0.03125,0.0016532542666409576,0.09211405994732372,56.08597359428559,58.41264511485673,22.23391316069811,97.50541397662826
cont,Rastrigin,11,ALO,10000,hard,0,30,0.03125,0.0016532542666409576,0.09211405994732372,56.08597359428559,58.41264511485673,22.23391316069811,97.50541397662826
cont,Rastrigin,11,BA,2000,easy,0,30,0.03125,0.0016532542666409576,0.09211405994732372,70.13031173710591,71.31104674796603,30.593158612069374,104.68324619324126
cont,Rastrigin,11,BA,2000,med,0,30,0.03125,0.0016532542666409576,0.09211405994732372,70.13031173710591,71.31104674796603,30.593158612069374,104.68324619324126
cont,Rastrigin,11,BA,2000,hard,0,30,0.03125,0.0016532542666409576,0.09211405994732372,70.13031173710591,71.31104674796603,30.593158612069374,104.68324619324126
cont,Rastrigin,11,BA,5000,easy,0,30,0.03125,0.0016532542666409576,0.09211405994732372,47.95377515465826,43.44810727266048,22.8852118340846,94.52005962215318
cont,Rastrigin,11,BA,5000,med,0,30,0.03125,0.0016532542666409576,0.09211405994732372,47.95377515465826,43.44810727266048,22.8852118340846,94.52005962215318
cont,Rastrigin,11,BA,5000,hard,0,30,0.03125,0.0016532542666409576,0.09211405994732372,47.95377515465826,43.44810727266048,22.8852118340846,94.52005962215318
cont,Rastrigin,11,BA,8000,easy,0,30,0.03125,0.0016532542666409576,0.09211405994732372,42.5843221577884,36.31616319321224,21.889338380962585,85.56592760477017
cont,Rastrigin,11,BA,8000,med,0,30,0.03125,0.0016532542666409576,0.09211405994732372,42.5843221577884,36.31616319321224,21.889338380962585,85.56592760477017
cont,Rastrigin,11,BA,8000,hard,0,30,0.03125,0.0016532542666409576,0.09211405994732372,42.5843221577884,36.31616319321224,21.889338380962585,85.56592760477017
cont,Rastrigin,11,BA,10000,easy,0,30,0.03125,0.0016532542666409576,0.09211405994732372,43.479731115246565,38.30611929224247,16.9145849634601,92.53016106152889
cont,Rastrigin,11,BA,10000,med,0,30,0.03125,0.0016532542666409576,0.09211405994732372,43.479731115246565,38.30611929224247,16.9145849634601,92.53016106152889
cont,Rastrigin,11,BA,10000,hard,0,30,0.03125,0.0016532542666409576,0.09211405994732372,43.479731115246565,38.30611929224247,16.9145849634601,92.53016106152889
cont,Rastrigin,11,ES_1P1,2000,easy,0,30,0.03125,0.0016532542666409576,0.09211405994732372,42.02023860220228,38.80328962522735,12.934457666574744,73.6262895955031
cont,Rastrigin,11,ES_1P1,2000,med,0,30,0.03125,0.0016532542666409576,0.09211405994732372,42.02023860220228,38.80328962522735,12.934457666574744,73.6262895955031
cont,Rastrigin,11,ES_1P1,2000,hard,0,30,0.03125,0.0016532542666409576,0.09211405994732372,42.02023860220228,38.80328962522735,12.934457666574744,73.6262895955031
cont,Rastrigin,11,ES_1P1,5000,easy,0,30,0.03125,0.0016532542666409576,0.09211405994732372,42.74986071035001,40.29573840067277,15.919329800035442,109.44426297805103
cont,Rastrigin,11,ES_1P1,5000,med,0,30,0.03125,0.0016532542666409576,0.09211405994732372,42.74986071035001,40.29573840067277,15.919329800035442,109.44426297805103
cont,Rastrigin,11,ES_1P1,5000,hard,0,30,0.03125,0.0016532542666409576,0.09211405994732372,42.74986071035001,40.29573840067277,15.919329800035442,109.44426297805103
cont,Rastrigin,11,ES_1P1,8000,easy,0,30,0.03125,0.0016532542666409576,0.09211405994732372,39.267547856115854,34.32595861796343,11.939498609481348,83.57603444064077
cont,Rastrigin,11,ES_1P1,8000,med,0,30,0.03125,0.0016532542666409576,0.09211405994732372,39.267547856115854,34.32595861796343,11.939498609481348,83.57603444064077
cont,Rastrigin,11,ES_1P1,8000,hard,0,30,0.03125,0.0016532542666409576,0.09211405994732372,39.267547856115854,34.32595861796343,11.939498609481348,83.57603444064077
cont,Rastrigin,11,ES_1P1,10000,easy,0,30,0.03125,0.0016532542666409576,0.09211405994732372,37.41030149786846,34.32596880776916,12.934457666574644,99.49470771728978
cont,Rastrigin,11,ES_1P1,10000,med,0,30,0.03125,0.0016532542666409576,0.09211405994732372,37.41030149786846,34.32596880776916,12.934457666574644,99.49470771728978
cont,Rastrigin,11,ES_1P1,10000,hard,0,30,0.03125,0.0016532542666409576,0.09211405994732372,37.41030149786846,34.32596880776916,12.934457666574644,99.49470771728978
cont,Rastrigin,11,FA,2000,easy,0,30,0.03125,0.0016532542666409576,0.09211405994732372,80.93888084153542,82.09382959987343,63.91381991674662,96.97473465135528
cont,Rastrigin,11,FA,2000,med,0,30,0.03125,0.0016532542666409576,0.09211405994732372,80.93888084153542,82.09382959987343,63.91381991674662,96.97473465135528
cont,Rastrigin,11,FA,2000,hard,0,30,0.03125,0.0016532542666409576,0.09211405994732372,80.93888084153542,82.09382959987343,63.91381991674662,96.97473465135528
cont,Rastrigin,11,FA,5000,easy,0,30,0.03125,0.0016532542666409576,0.09211405994732372,70.47219237601468,73.87219383059846,30.758948938100886,90.74926766868339
cont,Rastrigin,11,FA,5000,med,0,30,0.03125,0.0016532542666409576,0.09211405994732372,70.47219237601468,73.87219383059846,30.758948938100886,90.74926766868339
cont,Rastrigin,11,FA,5000,hard,0,30,0.03125,0.0016532542666409576,0.09211405994732372,70.47219237601468,73.87219383059846,30.758948938100886,90.74926766868339
cont,Rastrigin,11,FA,8000,easy,0,30,0.03125,0.0016532542666409576,0.09211405994732372,72.18481651788898,73.20130850467727,53.80801061999486,82.53544156375914
cont,Rastrigin,11,FA,8000,med,0,30,0.03125,0.0016532542666409576,0.09211405994732372,72.18481651788898,73.20130850467727,53.80801061999486,82.53544156375914
cont,Rastrigin,11,FA,8000,hard,0,30,0.03125,0.0016532542666409576,0.09211405994732372,72.18481651788898,73.20130850467727,53.80801061999486,82.53544156375914
cont,Rastrigin,11,FA,10000,easy,0,30,0.03125,0.0016532542666409576,0.09211405994732372,65.54937625179424,66.48292494561147,45.66841892840929,80.206219487843
cont,Rastrigin,11,FA,10000,med,0,30,0.03125,0.0016532542666409576,0.09211405994732372,65.54937625179424,66.48292494561147,45.66841892840929,80.206219487843
cont,Rastrigin,11,FA,10000,hard,0,30,0.03125,0.0016532542666409576,0.09211405994732372,65.54937625179424,66.48292494561147,45.66841892840929,80.206219487843
cont,Rastrigin,11,GWO,2000,easy,0,30,0.03125,0.0016532542666409576,0.09211405994732372,12.864760883330511,12.558725059435453,5.725711058106825,22.187245677200252
cont,Rastrigin,11,GWO,2000,med,0,30,0.03125,0.0016532542666409576,0.09211405994732372,12.864760883330511,12.558725059435453,5.725711058106825,22.187245677200252
cont,Rastrigin,11,GWO,2000,hard,0,30,0.03125,0.0016532542666409576,0.09211405994732372,12.864760883330511,12.558725059435453,5.725711058106825,22.187245677200252
cont,Rastrigin,11,GWO,5000,easy,0,30,0.03125,0.0016532542666409576,0.09211405994732372,17.38349218727751,17.355359682097593,7.488507794947154,25.772929092516534
cont,Rastrigin,11,GWO,5000,med,0,30,0.03125,0.0016532542666409576,0.09211405994732372,17.38349218727751,17.355359682097593,7.488507794947154,25.772929092516534
cont,Rastrigin,11,GWO,5000,hard,0,30,0.03125,0.0016532542666409576,0.09211405994732372,17.38349218727751,17.355359682097593,7.488507794947154,25.772929092516534
cont,Rastrigin,11,GWO,8000,easy,0,30,0.03125,0.0016532542666409576,0.09211405994732372,20.747700781696764,21.719421696734898,12.409829538105583,30.43804168625877
cont,Rastrigin,11,GWO,8000,med,0,30,0.03125,0.0016532542666409576,0.09211405994732372,20.747700781696764,21.719421696734898,12.409829538105583,30.43804168625877
cont,Rastrigin,11,GWO,8000,hard,0,30,0.03125,0.0016532542666409576,0.09211405994732372,20.747700781696764,21.719421696734898,12.409829538105583,30.43804168625877
cont,Rastrigin,11,GWO,10000,easy,0,30,0.03125,0.0016532542666409576,0.09211405994732372,22.51820321472313,21.792810780743316,12.00070438520872,36.02091203339125
cont,Rastrigin,11,GWO,10000,med,0,30,0.03125,0.0016532542666409576,0.09211405994732372,22.51820321472313,21.792810780743316,12.00070438520872,36.02091203339125
cont,Rastrigin,11,GWO,10000,hard,0,30,0.03125,0.0016532542666409576,0.09211405994732372,22.51820321472313,21.792810780743316,12.00070438520872,36.02091203339125
cont,Rastrigin,11,MFO,2000,easy,0,30,0.03125,0.0016532542666409576,0.09211405994732372,50.048054708098185,49.19200919112319,23.32524520233966,82.31292818304377
cont,Rastrigin,11,MFO,2000,med,0,30,0.03125,0.0016532542666409576,0.09211405994732372,50.048054708098185,49.19200919112319,23.32524520233966,82.31292818304377
cont,Rastrigin,11,MFO,2000,hard,0,30,0.03125,0.0016532542666409576,0.09211405994732372,50.048054708098185,49.19200919112319,23.32524520233966,82.31292818304377
cont,Rastrigin,11,MFO,5000,easy,0,30,0.03125,0.0016532542666409576,0.09211405994732372,42.03299336287287,42.806582298531495,20.89777530504078,64.51576401354407
cont,Rastrigin,11,MFO,5000,med,0,30,0.03125,0.0016532542666409576,0.09211405994732372,42.03299336287287,42.806582298531495,20.89777530504078,64.51576401354407
cont,Rastrigin,11,MFO,5000,hard,0,30,0.03125,0.0016532542666409576,0.09211405994732372,42.03299336287287,42.806582298531495,20.89777530504078,64.51576401354407
cont,Rastrigin,11,MFO,8000,easy,0,30,0.03125,0.0016532542666409576,0.09211405994732372,38.07794362059271,36.169482262479406,19.354908443709064,67.84368235890021
cont,Rastrigin,11,MFO,8000,med,0,30,0.03125,0.0016532542666409576,0.09211405994732372,38.07794362059271,36.169482262479406,19.354908443709064,67.84368235890021
cont,Rastrigin,11,MFO,8000,hard,0,30,0.03125,0.0016532542666409576,0.09211405994732372,38.07794362059271,36.169482262479406,19.354908443709064,67.84368235890021
cont,Rastrigin,11,MFO,10000,easy,0,30,0.03125,0.0016532542666409576,0.09211405994732372,35.03504121010691,35.32590159304337,10.681743590752305,88.90713231040829
cont,Rastrigin,11,MFO,10000,med,0,30,0.03125,0.0016532542666409576,0.09211405994732372,35.03504121010691,35.32590159304337,10.681743590752305,88.90713231040829
cont,Rastrigin,11,MFO,10000,hard,0,30,0.03125,0.0016532542666409576,0.09211405994732372,35.03504121010691,35.32590159304337,10.681743590752305,88.90713231040829
cont,Rastrigin,11,PSO_GBEST,2000,easy,0,30,0.03125,0.0016532542666409576,0.09211405994732372,26.973168841129322,27.16113260024772,11.42398922552033,49.840096323578045
cont,Rastrigin,11,PSO_GBEST,2000,med,0,30,0.03125,0.0016532542666409576,0.09211405994732372,26.973168841129322,27.16113260024772,11.42398922552033,49.840096323578045
cont,Rastrigin,11,PSO_GBEST,2000,hard,0,30,0.03125,0.0016532542666409576,0.09211405994732372,26.973168841129322,27.16113260024772,11.42398922552033,49.840096323578045
cont,Rastrigin,11,PSO_GBEST,5000,easy,0,30,0.03125,0.0016532542666409576,0.09211405994732372,15.875826988146532,14.738056740212947,4.0279831313324195,41.873730378524684
cont,Rastrigin,11,PSO_GBEST,5000,med,0,30,0.03125,0.0016532542666409576,0.09211405994732372,15.875826988146532,14.738056740212947,4.0279831313324195,41.873730378524684
cont,Rastrigin,11,PSO_GBEST,5000,hard,0,30,0.03125,0.0016532542666409576,0.09211405994732372,15.875826988146532,14.738056740212947,4.0279831313324195,41.873730378524684
cont,Rastrigin,11,PSO_GBEST,8000,easy,0,30,0.03125,0.0016532542666409576,0.09211405994732372,18.32424304453742,16.09803206579973,3.979836574997549,40.35398744957076
cont,Rastrigin,11,PSO_GBEST,8000,med,0,30,0.03125,0.0016532542666409576,0.09211405994732372,18.32424304453742,16.09803206579973,3.979836574997549,40.35398744957076
cont,Rastrigin,11,PSO_GBEST,8000,hard,0,30,0.03125,0.0016532542666409576,0.09211405994732372,18.32424304453742,16.09803206579973,3.979836574997549,40.35398744957076
cont,Rastrigin,11,PSO_GBEST,10000,easy,0,30,0.03125,0.0016532542666409576,0.09211405994732372,13.974890279019743,13.217070951245383,2.9848771801805043,29.791180889334072
cont,Rastrigin,11,PSO_GBEST,10000,med,0,30,0.03125,0.0016532542666409576,0.09211405994732372,13.974890279019743,13.217070951245383,2.9848771801805043,29.791180889334072
cont,Rastrigin,11,PSO_GBEST,10000,hard,0,30,0.03125,0.0016532542666409576,0.09211405994732372,13.974890279019743,13.217070951245383,2.9848771801805043,29.791180889334072
cont,Rastrigin,11,WOA,2000,easy,0,30,0.03125,0.0016532542666409576,0.09211405994732372,35.60282072333265,31.976934353105925,6.8725362198368884,65.29366712396165
cont,Rastrigin,11,WOA,2000,med,0,30,0.03125,0.0016532542666409576,0.09211405994732372,35.60282072333265,31.976934353105925,6.8725362198368884,65.29366712396165
cont,Rastrigin,11,WOA,2000,hard,0,30,0.03125,0.0016532542666409576,0.09211405994732372,35.60282072333265,31.976934353105925,6.8725362198368884,65.29366712396165
cont,Rastrigin,11,WOA,5000,easy,0,30,0.03125,0.0016532542666409576,0.09211405994732372,38.015892118307384,38.65367248595361,16.389390907925872,59.134794944679264
cont,Rastrigin,11,WOA,5000,med,0,30,0.03125,0.0016532542666409576,0.09211405994732372,38.015892118307384,38.65367248595361,16.389390907925872,59.134794944679264
cont,Rastrigin,11,WOA,5000,hard,0,30,0.03125,0.0016532542666409576,0.09211405994732372,38.015892118307384,38.65367248595361,16.389390907925872,59.134794944679264
cont,Rastrigin,11,WOA,8000,easy,0,30,0.03125,0.0016532542666409576,0.09211405994732372,33.551567312441826,33.93896885749833,11.004647889911396,62.93214704940006
cont,Rastrigin,11,WOA,8000,med,0,30,0.03125,0.0016532542666409576,0.09211405994732372,33.551567312441826,33.93896885749833,11.004647889911396,62.93214704940006
cont,Rastrigin,11,WOA,8000,hard,0,30,0.03125,0.0016532542666409576,0.09211405994732372,33.551567312441826,33.93896885749833,11.004647889911396,62.93214704940006
cont,Rastrigin,11,WOA,10000,easy,0,30,0.03125,0.0016532542666409576,0.09211405994732372,37.53166658579652,37.186929667456326,8.97540770309115,71.70077692110502
cont,Rastrigin,11,WOA,10000,med,0,30,0.03125,0.0016532542666409576,0.09211405994732372,37.53166658579652,37.186929667456326,8.97540770309115,71.70077692110502
cont,Rastrigin,11,WOA,10000,hard,0,30,0.03125,0.0016532542666409576,0.09211405994732372,37.53166658579652,37.186929667456326,8.97540770309115,71.70077692110502
cont,Rastrigin,12,ALO,2000,easy,0,30,0.03125,0.0016532542666409576,0.09211405994732372,99.61971425076113,99.32651908851929,72.58231759529568,146.04285378094423
cont,Rastrigin,12,ALO,2000,med,0,30,0.03125,0.0016532542666409576,0.09211405994732372,99.61971425076113,99.32651908851929,72.58231759529568,146.04285378094423
cont,Rastrigin,12,ALO,2000,hard,0,30,0.03125,0.0016532542666409576,0.09211405994732372,99.61971425076113,99.32651908851929,72.58231759529568,146.04285378094423
cont,Rastrigin,12,ALO,5000,easy,0,30,0.03125,0.0016532542666409576,0.09211405994732372,77.02868290422467,76.1302567751113,43.72587790298974,124.3645536825525
cont,Rastrigin,12,ALO,5000,med,0,30,0.03125,0.0016532542666409576,0.09211405994732372,77.02868290422467,76.1302567751113,43.72587790298974,124.3645536825525
cont,Rastrigin,12,ALO,5000,hard,0,30,0.03125,0.0016532542666409576,0.09211405994732372,77.02868290422467,76.1302567751113,43.72587790298974,124.3645536825525
cont,Rastrigin,12,ALO,8000,easy,0,30,0.03125,0.0016532542666409576,0.09211405994732372,59.136960348814846,58.40534176786187,8.613552560490689,103.53612980538499
cont,Rastrigin,12,ALO,8000,med,0,30,0.03125,0.0016532542666409576,0.09211405994732372,59.136960348814846,58.40534176786187,8.613552560490689,103.53612980538499
cont,Rastrigin,12,ALO,8000,hard,0,30,0.03125,0.0016532542666409576,0.09211405994732372,59.136960348814846,58.40534176786187,8.613552560490689,103.53612980538499
cont,Rastrigin,12,ALO,10000,easy,0,30,0.03125,0.0016532542666409576,0.09211405994732372,57.42306316074601,58.11922881898008,26.187598023489812,87.11490654121634
cont,Rastrigin,12,ALO,10000,med,0,30,0.03125,0.0016532542666409576,0.09211405994732372,57.42306316074601,58.11922881898008,26.187598023489812,87.11490654121634
cont,Rastrigin,12,ALO,10000,hard,0,30,0.03125,0.0016532542666409576,0.09211405994732372,57.42306316074601,58.11922881898008,26.187598023489812,87.11490654121634
cont,Rastrigin,12,BA,2000,easy,0,30,0.03125,0.0016532542666409576,0.09211405994732372,72.97774974862475,71.99730021181304,30.507259267999387,102.91953054396781
cont,Rastrigin,12,BA,2000,med,0,30,0.03125,0.0016532542666409576,0.09211405994732372,72.97774974862475,71.99730021181304,30.507259267999387,102.91953054396781
cont,Rastrigin,12,BA,2000,hard,0,30,0.03125,0.0016532542666409576,0.09211405994732372,72.97774974862475,71.99730021181304,30.507259267999387,102.91953054396781
cont,Rastrigin,12,BA,5000,easy,0,30,0.03125,0.0016532542666409576,0.09211405994732372,47.09129527691732,45.795625262366244,18.904588127177618,78.60172323699322
cont,Rastrigin,12,BA,5000,med,0,30,0.03125,0.0016532542666409576,0.09211405994732372,47.09129527691732,45.795625262366244,18.904588127177618,78.60172323699322
cont,Rastrigin,12,BA,5000,hard,0,30,0.03125,0.0016532542666409576,0.09211405994732372,47.09129527691732,45.795625262366244,18.904588127177618,78.60172323699322
cont,Rastrigin,12,BA,8000,easy,0,30,0.03125,0.0016532542666409576,0.09211405994732372,51.83911525515801,52.73270483105418,19.899445971185955,85.56614024419495
cont,Rastrigin,12,BA,8000,med,0,30,0.03125,0.0016532542666409576,0.09211405994732372,51.83911525515801,52.73270483105418,19.899445971185955,85.56614024419495
cont,Rastrigin,12,BA,8000,hard,0,30,0.03125,0.0016532542666409576,0.09211405994732372,51.83911525515801,52.73270483105418,19.899445971185955,85.56614024419495
cont,Rastrigin,12,BA,10000,easy,0,30,0.03125,0.0016532542666409576,0.09211405994732372,43.94406857955692,42.78330264688703,9.949735137790995,75.61671720392701
cont,Rastrigin,12,BA,10000,med,0,30,0.03125,0.0016532542666409576,0.09211405994732372,43.94406857955692,42.78330264688703,9.949735137790995,75.61671720392701
cont,Rastrigin,12,BA,10000,hard,0,30,0.03125,0.0016532542666409576,0.09211405994732372,43.94406857955692,42.78330264688703,9.949735137790995,75.61671720392701
cont,Rastrigin,12,ES_1P1,2000,easy,0,30,0.03125,0.0016532542666409576,0.09211405994732372,39.589920083661845,34.32598142503701,15.919329800035513,72.63158089582731
cont,Rastrigin,12,ES_1P1,2000,med,0,30,0.03125,0.0016532542666409576,0.09211405994732372,39.589920083661845,34.32598142503701,15.919329800035513,72.63158089582731
cont,Rastrigin,12,ES_1P1,2000,hard,0,30,0.03125,0.0016532542666409576,0.09211405994732372,39.589920083661845,34.32598142503701,15.919329800035513,72.63158089582731
cont,Rastrigin,12,ES_1P1,5000,easy,0,30,0.03125,0.0016532542666409576,0.09211405994732372,37.17814844783723,33.331002079779665,12.934457666574644,83.57591234123447
cont,Rastrigin,12,ES_1P1,5000,med,0,30,0.03125,0.0016532542666409576,0.09211405994732372,37.17814844783723,33.331002079779665,12.934457666574644,83.57591234123447
cont,Rastrigin,12,ES_1P1,5000,hard,0,30,0.03125,0.0016532542666409576,0.09211405994732372,37.17814844783723,33.331002079779665,12.934457666574644,83.57591234123447
cont,Rastrigin,12,ES_1P1,8000,easy,0,30,0.03125,0.0016532542666409576,0.09211405994732372,45.91324954864605,44.27545282902149,8.954626476020564,108.44963527577669
cont,Rastrigin,12,ES_1P1,8000,med,0,30,0.03125,0.0016532542666409576,0.09211405994732372,45.91324954864605,44.27545282902149,8.954626476020564,108.44963527577669
cont,Rastrigin,12,ES_1P1,8000,hard,0,30,0.03125,0.0016532542666409576,0.09211405994732372,45.91324954864605,44.27545282902149,8.954626476020564,108.44963527577669
cont,Rastrigin,12,ES_1P1,10000,easy,0,30,0.03125,0.0016532542666409576,0.09211405994732372,36.5148178129626,30.843639861385718,12.934457666574644,88.5501883616162
cont,Rastrigin,12,ES_1P1,10000,med,0,30,0.03125,0.0016532542666409576,0.09211405994732372,36.5148178129626,30.843639861385718,12.934457666574644,88.5501883616162
cont,Rastrigin,12,ES_1P1,10000,hard,0,30,0.03125,0.0016532542666409576,0.09211405994732372,36.5148178129626,30.843639861385718,12.934457666574644,88.5501883616162
cont,Rastrigin,12,FA,2000,easy,0,30,0.03125,0.0016532542666409576,0.09211405994732372,83.88732249795292,85.46279668114548,62.13741546062419,106.35172303878906
cont,Rastrigin,12,FA,2000,med,0,30,0.03125,0.0016532542666409576,0.09211405994732372,83.88732249795292,85.46279668114548,62.13741546062419,106.35172303878906
cont,Rastrigin,12,FA,2000,hard,0,30,0.03125,0.0016532542666409576,0.09211405994732372,83.88732249795292,85.46279668114548,62.13741546062419,106.35172303878906
cont,Rastrigin,12,FA,5000,easy,0,30,0.03125,0.0016532542666409576,0.09211405994732372,76.2127133435728,78.73949743673981,58.20266543038376,85.47548124816012
cont,Rastrigin,12,FA,5000,med,0,30,0.03125,0.0016532542666409576,0.09211405994732372,76.2127133435728,78.73949743673981,58.20266543038376,85.47548124816012
cont,Rastrigin,12,FA,5000,hard,0,30,0.03125,0.0016532542666409576,0.09211405994732372,76.2127133435728,78.73949743673981,58.20266543038376,85.47548124816012
cont,Rastrigin,12,FA,8000,easy,0,30,0.03125,0.0016532542666409576,0.09211405994732372,73.70311370075783,75.03841794829883,52.56982747636269,89.3149604119735
cont,Rastrigin,12,FA,8000,med,0,30,0.03125,0.0016532542666409576,0.09211405994732372,73.70311370075783,75.03841794829883,52.56982747636269,89.3149604119735
cont,Rastrigin,12,FA,8000,hard,0,30,0.03125,0.0016532542666409576,0.09211405994732372,73.70311370075783,75.03841794829883,52.56982747636269,89.3149604119735
cont,Rastrigin,12,FA,10000,easy,0,30,0.03125,0.0016532542666409576,0.09211405994732372,73.29051835070646,73.20753735603121,59.21723658545362,90.84276501525964
cont,Rastrigin,12,FA,10000,med,0,30,0.03125,0.0016532542666409576,0.09211405994732372,73.29051835070646,73.20753735603121,59.21723658545362,90.84276501525964
cont,Rastrigin,12,FA,10000,hard,0,30,0.03125,0.0016532542666409576,0.09211405994732372,73.29051835070646,73.20753735603121,59.21723658545362,90.84276501525964
cont,Rastrigin,12,GWO,2000,easy,0,30,0.03125,0.0016532542666409576,0.09211405994732372,16.351057847484906,15.013665939228254,7.373438661768773,26.810710006445476
cont,Rastrigin,12,GWO,2000,med,0,30,0.03125,0.0016532542666409576,0.09211405994732372,16.351057847484906,15.013665939228254,7.373438661768773,26.810710006445476
cont,Rastrigin,12,GWO,2000,hard,0,30,0.03125,0.0016532542666409576,0.09211405994732372,16.351057847484906,15.013665939228254,7.373438661768773,26.810710006445476
cont,Rastrigin,12,GWO,5000,easy,0,30,0.03125,0.0016532542666409576,0.09211405994732372,17.235415385585757,16.572033609783382,8.536415316784101,31.579581655969093
cont,Rastrigin,12,GWO,5000,med,0,30,0.03125,0.0016532542666409576,0.09211405994732372,17.235415385585757,16.572033609783382,8.536415316784101,31.579581655969093
cont,Rastrigin,12,GWO,5000,hard,0,30,0.03125,0.0016532542666409576,0.09211405994732372,17.235415385585757,16.572033609783382,8.536415316784101,31.579581655969093
cont,Rastrigin,12,GWO,8000,easy,0,30,0.03125,0.0016532542666409576,0.09211405994732372,21.655832002251707,20.629630851608127,12.637606599202627,33.190184483625586
cont,Rastrigin,12,GWO,8000,med,0,30,0.03125,0.0016532542666409576,0.09211405994732372,21.655832002251707,20.629630851608127,12.637606599202627,33.190184483625586
cont,Rastrigin,12,GWO,8000,hard,0,30,0.03125,0.0016532542666409576,0.09211405994732372,21.655832002251707,20.629630851608127,12.637606599202627,33.190184483625586
cont,Rastrigin,12,GWO,10000,easy,0,30,0.03125,0.0016532542666409576,0.09211405994732372,21.87956526563631,20.63439284100972,12.190403082776442,38.501544550570415
cont,Rastrigin,12,GWO,10000,med,0,30,0.03125,0.0016532542666409576,0.09211405994732372,21.87956526563631,20.63439284100972,12.190403082776442,38.501544550570415
cont,Rastrigin,12,GWO,10000,hard,0,30,0.03125,0.0016532542666409576,0.09211405994732372,21.87956526563631,20.63439284100972,12.190403082776442,38.501544550570415
cont,Rastrigin,12,MFO,2000,easy,0,30,0.03125,0.0016532542666409576,0.09211405994732372,45.64487783701944,45.98643235477484,22.874981799657746,73.12843669139232
cont,Rastrigin,12,MFO,2000,med,0,30,0.03125,0.0016532542666409576,0.09211405994732372,45.64487783701944,45.98643235477484,22.874981799657746,73.12843669139232
cont,Rastrigin,12,MFO,2000,hard,0,30,0.03125,0.0016532542666409576,0.09211405994732372,45.64487783701944,45.98643235477484,22.874981799657746,73.12843669139232
cont,Rastrigin,12,MFO,5000,easy,0,30,0.03125,0.0016532542666409576,0.09211405994732372,41.86701808356239,40.83223141651834,20.332655858361733,70.77778798960566
cont,Rastrigin,12,MFO,5000,med,0,30,0.03125,0.0016532542666409576,0.09211405994732372,41.86701808356239,40.83223141651834,20.332655858361733,70.77778798960566
cont,Rastrigin,12,MFO,5000,hard,0,30,0.03125,0.0016532542666409576,0.09211405994732372,41.86701808356239,40.83223141651834,20.332655858361733,70.77778798960566
cont,Rastrigin,12,MFO,8000,easy,0,30,0.03125,0.0016532542666409576,0.09211405994732372,37.89514006206089,35.40006806086878,19.126993280292055,64.34685678323616
cont,Rastrigin,12,MFO,8000,med,0,30,0.03125,0.0016532542666409576,0.09211405994732372,37.89514006206089,35.40006806086878,19.126993280292055,64.34685678323616
cont,Rastrigin,12,MFO,8000,hard,0,30,0.03125,0.0016532542666409576,0.09211405994732372,37.89514006206089,35.40006806086878,19.126993280292055,64.34685678323616
cont,Rastrigin,12,MFO,10000,easy,0,30,0.03125,0.0016532542666409576,0.09211405994732372,35.67893586252402,35.74903794808364,18.820766995863295,58.35030251968215
cont,Rastrigin,12,MFO,10000,med,0,30,0.03125,0.0016532542666409576,0.09211405994732372,35.67893586252402,35.74903794808364,18.820766995863295,58.35030251968215
cont,Rastrigin,12,MFO,10000,hard,0,30,0.03125,0.0016532542666409576,0.09211405994732372,35.67893586252402,35.74903794808364,18.820766995863295,58.35030251968215
cont,Rastrigin,12,PSO_GBEST,2000,easy,0,30,0.03125,0.0016532542666409576,0.09211405994732372,27.140426896600363,25.76024750571724,12.858817349370952,47.99038662878309
cont,Rastrigin,12,PSO_GBEST,2000,med,0,30,0.03125,0.0016532542666409576,0.09211405994732372,27.140426896600363,25.76024750571724,12.858817349370952,47.99038662878309
cont,Rastrigin,12,PSO_GBEST,2000,hard,0,30,0.03125,0.0016532542666409576,0.09211405994732372,27.140426896600363,25.76024750571724,12.858817349370952,47.99038662878309
cont,Rastrigin,12,PSO_GBEST,5000,easy,0,30,0.03125,0.0016532542666409576,0.09211405994732372,15.186619102108596,13.451547582511822,5.807473062396269,28.74929948076023
cont,Rastrigin,12,PSO_GBEST,5000,med,0,30,0.03125,0.0016532542666409576,0.09211405994732372,15.186619102108596,13.451547582511822,5.807473062396269,28.74929948076023
cont,Rastrigin,12,PSO_GBEST,5000,hard,0,30,0.03125,0.0016532542666409576,0.09211405994732372,15.186619102108596,13.451547582511822,5.807473062396269,28.74929948076023
cont,Rastrigin,12,PSO_GBEST,8000,easy,0,30,0.03125,0.0016532542666409576,0.09211405994732372,13.660044978280894,11.401210561294931,3.979844227572883,33.50235175842663
cont,Rastrigin,12,PSO_GBEST,8000,med,0,30,0.03125,0.0016532542666409576,0.09211405994732372,13.660044978280894,11.401210561294931,3.979844227572883,33.50235175842663
cont,Rastrigin,12,PSO_GBEST,8000,hard,0,30,0.03125,0.0016532542666409576,0.09211405994732372,13.660044978280894,11.401210561294931,3.979844227572883,33.50235175842663
cont,Rastrigin,12,PSO_GBEST,10000,easy,0,30,0.03125,0.0016532542666409576,0.09211405994732372,14.078145351452246,11.38978311923762,0.9949590571152953,29.626994435037034
cont,Rastrigin,12,PSO_GBEST,10000,med,0,30,0.03125,0.0016532542666409576,0.09211405994732372,14.078145351452246,11.38978311923762,0.9949590571152953,29.626994435037034
cont,Rastrigin,12,PSO_GBEST,10000,hard,0,30,0.03125,0.0016532542666409576,0.09211405994732372,14.078145351452246,11.38978311923762,0.9949590571152953,29.626994435037034
cont,Rastrigin,12,WOA,2000,easy,0,30,0.03125,0.0016532542666409576,0.09211405994732372,42.077270618713165,40.04783604448041,22.501104935304724,63.672879801525525
cont,Rastrigin,12,WOA,2000,med,0,30,0.03125,0.0016532542666409576,0.09211405994732372,42.077270618713165,40.04783604448041,22.501104935304724,63.672879801525525
cont,Rastrigin,12,WOA,2000,hard,0,30,0.03125,0.0016532542666409576,0.09211405994732372,42.077270618713165,40.04783604448041,22.501104935304724,63.672879801525525
cont,Rastrigin,12,WOA,5000,easy,0,30,0.03125,0.0016532542666409576,0.09211405994732372,37.576484086754725,33.48423754248808,9.381347080995596,107.55782602763989
cont,Rastrigin,12,WOA,5000,med,0,30,0.03125,0.0016532542666409576,0.09211405994732372,37.576484086754725,33.48423754248808,9.381347080995596,107.55782602763989
cont,Rastrigin,12,WOA,5000,hard,0,30,0.03125,0.0016532542666409576,0.09211405994732372,37.576484086754725,33.48423754248808,9.381347080995596,107.55782602763989
cont,Rastrigin,12,WOA,8000,easy,0,30,0.03125,0.0016532542666409576,0.09211405994732372,32.31376076131572,32.6445061964994,15.058910795880479,55.78632776540864
cont,Rastrigin,12,WOA,8000,med,0,30,0.03125,0.0016532542666409576,0.09211405994732372,32.31376076131572,32.6445061964994,15.058910795880479,55.78632776540864
cont,Rastrigin,12,WOA,8000,hard,0,30,0.03125,0.0016532542666409576,0.09211405994732372,32.31376076131572,32.6445061964994,15.058910795880479,55.78632776540864
cont,Rastrigin,12,WOA,10000,easy,0,30,0.03125,0.0016532542666409576,0.09211405994732372,33.93034589364995,28.491378475448514,18.53516846676088,76.77000598137617
cont,Rastrigin,12,WOA,10000,med,0,30,0.03125,0.0016532542666409576,0.09211405994732372,33.93034589364995,28.491378475448514,18.53516846676088,76.77000598137617
cont,Rastrigin,12,WOA,10000,hard,0,30,0.03125,0.0016532542666409576,0.09211405994732372,33.93034589364995,28.491378475448514,18.53516846676088,76.77000598137617
cont,Rastrigin,13,ALO,2000,easy,0,30,0.03125,0.0016532542666409576,0.09211405994732372,94.77320011871574,95.7084356830868,57.59004731928593,125.08229911696142
cont,Rastrigin,13,ALO,2000,med,0,30,0.03125,0.0016532542666409576,0.09211405994732372,94.77320011871574,95.7084356830868,57.59004731928593,125.08229911696142
cont,Rastrigin,13,ALO,2000,hard,0,30,0.03125,0.0016532542666409576,0.09211405994732372,94.77320011871574,95.7084356830868,57.59004731928593,125.08229911696142
cont,Rastrigin,13,ALO,5000,easy,0,30,0.03125,0.0016532542666409576,0.09211405994732372,71.09058323816295,69.58506440017491,45.21767770831609,107.90758524324058
cont,Rastrigin,13,ALO,5000,med,0,30,0.03125,0.0016532542666409576,0.09211405994732372,71.09058323816295,69.58506440017491,45.21767770831609,107.90758524324058
cont,Rastrigin,13,ALO,5000,hard,0,30,0.03125,0.0016532542666409576,0.09211405994732372,71.09058323816295,69.58506440017491,45.21767770831609,107.90758524324058
cont,Rastrigin,13,ALO,8000,easy,0,30,0.03125,0.0016532542666409576,0.09211405994732372,62.93741120431718,61.48174899521037,30.181095949225423,93.24422648154972
cont,Rastrigin,13,ALO,8000,med,0,30,0.03125,0.0016532542666409576,0.09211405994732372,62.93741120431718,61.48174899521037,30.181095949225423,93.24422648154972
cont,Rastrigin,13,ALO,8000,hard,0,30,0.03125,0.0016532542666409576,0.09211405994732372,62.93741120431718,61.48174899521037,30.181095949225423,93.24422648154972
cont,Rastrigin,13,ALO,10000,easy,0,30,0.03125,0.0016532542666409576,0.09211405994732372,56.76535770785568,58.56543780310167,27.798901440726127,105.62774589546619
cont,Rastrigin,13,ALO,10000,med,0,30,0.03125,0.0016532542666409576,0.09211405994732372,56.76535770785568,58.56543780310167,27.798901440726127,105.62774589546619
cont,Rastrigin,13,ALO,10000,hard,0,30,0.03125,0.0016532542666409576,0.09211405994732372,56.76535770785568,58.56543780310167,27.798901440726127,105.62774589546619
cont,Rastrigin,13,BA,2000,easy,0,30,0.03125,0.0016532542666409576,0.09211405994732372,71.51862946425541,69.34711926955046,19.841283951867567,104.08858108271939
cont,Rastrigin,13,BA,2000,med,0,30,0.03125,0.0016532542666409576,0.09211405994732372,71.51862946425541,69.34711926955046,19.841283951867567,104.08858108271939
cont,Rastrigin,13,BA,2000,hard,0,30,0.03125,0.0016532542666409576,0.09211405994732372,71.51862946425541,69.34711926955046,19.841283951867567,104.08858108271939
cont,Rastrigin,13,BA,5000,easy,0,30,0.03125,0.0016532542666409576,0.09211405994732372,46.41386811950387,43.28106441561232,14.924448051444685,102.48024998029094
cont,Rastrigin,13,BA,5000,med,0,30,0.03125,0.0016532542666409576,0.09211405994732372,46.41386811950387,43.28106441561232,14.924448051444685,102.48024998029094
cont,Rastrigin,13,BA,5000,hard,0,30,0.03125,0.0016532542666409576,0.09211405994732372,46.41386811950387,43.28106441561232,14.924448051444685,102.48024998029094
cont,Rastrigin,13,BA,8000,easy,0,30,0.03125,0.0016532542666409576,0.09211405994732372,52.964984288489596,48.25568232511492,21.889387722377805,94.52061410563267
cont,Rastrigin,13,BA,8000,med,0,30,0.03125,0.0016532542666409576,0.09211405994732372,52.964984288489596,48.25568232511492,21.889387722377805,94.52061410563267
cont,Rastrigin,13,BA,8000,hard,0,30,0.03125,0.0016532542666409576,0.09211405994732372,52.964984288489596,48.25568232511492,21.889387722377805,94.52061410563267
cont,Rastrigin,13,BA,10000,easy,0,30,0.03125,0.0016532542666409576,0.09211405994732372,48.686647054180845,46.763076758514025,14.924635125920446,94.52070339117117
cont,Rastrigin,13,BA,10000,med,0,30,0.03125,0.0016532542666409576,0.09211405994732372,48.686647054180845,46.763076758514025,14.924635125920446,94.52070339117117
cont,Rastrigin,13,BA,10000,hard,0,30,0.03125,0.0016532542666409576,0.09211405994732372,48.686647054180845,46.763076758514025,14.924635125920446,94.52070339117117
cont,Rastrigin,13,ES_1P1,2000,easy,0,30,0.03125,0.0016532542666409576,0.09211405994732372,39.93975748694559,35.32093796322067,16.914288857128895,80.5911623071803
cont,Rastrigin,13,ES_1P1,2000,med,0,30,0.03125,0.0016532542666409576,0.09211405994732372,39.93975748694559,35.32093796322067,16.914288857128895,80.5911623071803
cont,Rastrigin,13,ES_1P1,2000,hard,0,30,0.03125,0.0016532542666409576,0.09211405994732372,39.93975748694559,35.32093796322067,16.914288857128895,80.5911623071803
cont,Rastrigin,13,ES_1P1,5000,easy,0,30,0.03125,0.0016532542666409576,0.09211405994732372,37.707994782042356,34.82349134010274,15.91932980003547,72.63158089582663
cont,Rastrigin,13,ES_1P1,5000,med,0,30,0.03125,0.0016532542666409576,0.09211405994732372,37.707994782042356,34.82349134010274,15.91932980003547,72.63158089582663
cont,Rastrigin,13,ES_1P1,5000,hard,0,30,0.03125,0.0016532542666409576,0.09211405994732372,37.707994782042356,34.82349134010274,15.91932980003547,72.63158089582663
cont,Rastrigin,13,ES_1P1,8000,easy,0,30,0.03125,0.0016532542666409576,0.09211405994732372,44.316584730295624,43.77797581938438,11.939498609481376,73.62633520964582
cont,Rastrigin,13,ES_1P1,8000,med,0,30,0.03125,0.0016532542666409576,0.09211405994732372,44.316584730295624,43.77797581938438,11.939498609481376,73.62633520964582
cont,Rastrigin,13,ES_1P1,8000,hard,0,30,0.03125,0.0016532542666409576,0.09211405994732372,44.316584730295624,43.77797581938438,11.939498609481376,73.62633520964582
cont,Rastrigin,13,ES_1P1,10000,easy,0,30,0.03125,0.0016532542666409576,0.09211405994732372,36.34902620785987,35.818417491766326,11.939498609481348,67.65654532857924
cont,Rastrigin,13,ES_1P1,10000,med,0,30,0.03125,0.0016532542666409576,0.09211405994732372,36.34902620785987,35.818417491766326,11.939498609481348,67.65654532857924
cont,Rastrigin,13,ES_1P1,10000,hard,0,30,0.03125,0.0016532542666409576,0.09211405994732372,36.34902620785987,35.818417491766326,11.939498609481348,67.65654532857924
cont,Rastrigin,13,FA,2000,easy,0,30,0.03125,0.0016532542666409576,0.09211405994732372,86.70207797244562,88.92475896017805,61.91397510968347,99.63199109509243
cont,Rastrigin,13,FA,2000,med,0,30,0.03125,0.0016532542666409576,0.09211405994732372,86.70207797244562,88.92475896017805,61.91397510968347,99.63199109509243
cont,Rastrigin,13,FA,2000,hard,0,30,0.03125,0.0016532542666409576,0.09211405994732372,86.70207797244562,88.92475896017805,61.91397510968347,99.63199109509243
cont,Rastrigin,13,FA,5000,easy,0,30,0.03125,0.0016532542666409576,0.09211405994732372,74.00672636714339,73.78379157492512,57.3567240710779,87.18955165411116
cont,Rastrigin,13,FA,5000,med,0,30,0.03125,0.0016532542666409576,0.09211405994732372,74.00672636714339,73.78379157492512,57.3567240710779,87.18955165411116
cont,Rastrigin,13,FA,5000,hard,0,30,0.03125,0.0016532542666409576,0.09211405994732372,74.00672636714339,73.78379157492512,57.3567240710779,87.18955165411116
cont,Rastrigin,13,FA,8000,easy,0,30,0.03125,0.0016532542666409576,0.09211405994732372,71.52116895210598,73.16996565179672,51.70405093095144,86.28616003417189
cont,Rastrigin,13,FA,8000,med,0,30,0.03125,0.0016532542666409576,0.09211405994732372,71.52116895210598,73.16996565179672,51.70405093095144,86.28616003417189
cont,Rastrigin,13,FA,8000,hard,0,30,0.03125,0.0016532542666409576,0.09211405994732372,71.52116895210598,73.16996565179672,51.70405093095144,86.28616003417189
cont,Rastrigin,13,FA,10000,easy,0,30,0.03125,0.0016532542666409576,0.09211405994732372,70.32309675608353,70.23331548842299,53.985747520485035,85.0332651664867
cont,Rastrigin,13,FA,10000,med,0,30,0.03125,0.0016532542666409576,0.09211405994732372,70.32309675608353,70.23331548842299,53.985747520485035,85.0332651664867
cont,Rastrigin,13,FA,10000,hard,0,30,0.03125,0.0016532542666409576,0.09211405994732372,70.32309675608353,70.23331548842299,53.985747520485035,85.0332651664867
cont,Rastrigin,13,GWO,2000,easy,0,30,0.03125,0.0016532542666409576,0.09211405994732372,16.641456729561074,15.070924491990397,6.548795033299342,35.96367015101022
cont,Rastrigin,13,GWO,2000,med,0,30,0.03125,0.0016532542666409576,0.09211405994732372,16.641456729561074,15.070924491990397,6.548795033299342,35.96367015101022
cont,Rastrigin,13,GWO,2000,hard,0,30,0.03125,0.0016532542666409576,0.09211405994732372,16.641456729561074,15.070924491990397,6.548795033299342,35.96367015101022
cont,Rastrigin,13,GWO,5000,easy,0,30,0.03125,0.0016532542666409576,0.09211405994732372,19.359278010170932,17.23257733341225,7.0874333117644,37.456002994958325
cont,Rastrigin,13,GWO,5000,med,0,30,0.03125,0.0016532542666409576,0.09211405994732372,19.359278010170932,17.23257733341225,7.0874333117644,37.456002994958325
cont,Rastrigin,13,GWO,5000,hard,0,30,0.03125,0.0016532542666409576,0.09211405994732372,19.359278010170932,17.23257733341225,7.0874333117644,37.456002994958325
cont,Rastrigin,13,GWO,8000,easy,0,30,0.03125,0.0016532542666409576,0.09211405994732372,22.332196484274583,22.558320433615457,11.235744126175348,41.50787205600231
cont,Rastrigin,13,GWO,8000,med,0,30,0.03125,0.0016532542666409576,0.09211405994732372,22.332196484274583,22.558320433615457,11.235744126175348,41.50787205600231
cont,Rastrigin,13,GWO,8000,hard,0,30,0.03125,0.0016532542666409576,0.09211405994732372,22.332196484274583,22.558320433615457,11.235744126175348,41.50787205600231
cont,Rastrigin,13,GWO,10000,easy,0,30,0.03125,0.0016532542666409576,0.09211405994732372,22.105930149406323,21.006013680912524,14.410571399180697,34.92164394381395
cont,Rastrigin,13,GWO,10000,med,0,30,0.03125,0.0016532542666409576,0.09211405994732372,22.105930149406323,21.006013680912524,14.410571399180697,34.92164394381395
cont,Rastrigin,13,GWO,10000,hard,0,30,0.03125,0.0016532542666409576,0.09211405994732372,22.105930149406323,21.006013680912524,14.410571399180697,34.92164394381395
cont,Rastrigin,13,MFO,2000,easy,0,30,0.03125,0.0016532542666409576,0.09211405994732372,49.03677058046047,47.828528213298796,28.27093405618129,86.07562857666775
cont,Rastrigin,13,MFO,2000,med,0,30,0.03125,0.0016532542666409576,0.09211405994732372,49.03677058046047,47.828528213298796,28.27093405618129,86.07562857666775
cont,Rastrigin,13,MFO,2000,hard,0,30,0.03125,0.0016532542666409576,0.09211405994732372,49.03677058046047,47.828528213298796,28.27093405618129,86.07562857666775
cont,Rastrigin,13,MFO,5000,easy,0,30,0.03125,0.0016532542666409576,0.09211405994732372,39.69322051134366,39.16816392537392,20.775746575187128,76.34700997043112
cont,Rastrigin,13,MFO,5000,med,0,30,0.03125,0.0016532542666409576,0.09211405994732372,39.69322051134366,39.16816392537392,20.775746575187128,76.34700997043112
cont,Rastrigin,13,MFO,5000,hard,0,30,0.03125,0.0016532542666409576,0.09211405994732372,39.69322051134366,39.16816392537392,20.775746575187128,76.34700997043112
cont,Rastrigin,13,MFO,8000,easy,0,30,0.03125,0.0016532542666409576,0.09211405994732372,34.82078277992857,33.53803696004679,16.204463121867036,72.91168591522425
cont,Rastrigin,13,MFO,8000,med,0,30,0.03125,0.0016532542666409576,0.09211405994732372,34.82078277992857,33.53803696004679,16.204463121867036,72.91168591522425
cont,Rastrigin,13,MFO,8000,hard,0,30,0.03125,0.0016532542666409576,0.09211405994732372,34.82078277992857,33.53803696004679,16.204463121867036,72.91168591522425
cont,Rastrigin,13,MFO,10000,easy,0,30,0.03125,0.0016532542666409576,0.09211405994732372,36.29124213121051,34.56461330946592,11.32224272978793,68.39148120320203
cont,Rastrigin,13,MFO,10000,med,0,30,0.03125,0.0016532542666409576,0.09211405994732372,36.29124213121051,34.56461330946592,11.32224272978793,68.39148120320203
cont,Rastrigin,13,MFO,10000,hard,0,30,0.03125,0.0016532542666409576,0.09211405994732372,36.29124213121051,34.56461330946592,11.32224272978793,68.39148120320203
cont,Rastrigin,13,PSO_GBEST,2000,easy,0,30,0.03125,0.0016532542666409576,0.09211405994732372,22.58962623730586,21.393252755428513,13.415564472972932,45.53087283003488
cont,Rastrigin,13,PSO_GBEST,2000,med,0,30,0.03125,0.0016532542666409576,0.09211405994732372,22.58962623730586,21.393252755428513,13.415564472972932,45.53087283003488
cont,Rastrigin,13,PSO_GBEST,2000,hard,0,30,0.03125,0.0016532542666409576,0.09211405994732372,22.58962623730586,21.393252755428513,13.415564472972932,45.53087283003488
cont,Rastrigin,13,PSO_GBEST,5000,easy,0,30,0.03125,0.0016532542666409576,0.09211405994732372,18.960225321579035,14.842578976184953,2.2798305321019257,43.90874057976673
cont,Rastrigin,13,PSO_GBEST,5000,med,0,30,0.03125,0.0016532542666409576,0.09211405994732372,18.960225321579035,14.842578976184953,2.2798305321019257,43.90874057976673
cont,Rastrigin,13,PSO_GBEST,5000,hard,0,30,0.03125,0.0016532542666409576,0.09211405994732372,18.960225321579035,14.842578976184953,2.2798305321019257,43.90874057976673
cont,Rastrigin,13,PSO_GBEST,8000,easy,0,30,0.03125,0.0016532542666409576,0.09211405994732372,15.192825607127476,15.806448003521666,2.984891744974277,30.617860608692908
cont,Rastrigin,13,PSO_GBEST,8000,med,0,30,0.03125,0.0016532542666409576,0.09211405994732372,15.192825607127476,15.806448003521666,2.984891744974277,30.617860608692908
cont,Rastrigin,13,PSO_GBEST,8000,hard,0,30,0.03125,0.0016532542666409576,0.09211405994732372,15.192825607127476,15.806448003521666,2.984891744974277,30.617860608692908
cont,Rastrigin,13,PSO_GBEST,10000,easy,0,30,0.03125,0.0016532542666409576,0.09211405994732372,11.980115461435727,10.944544595527105,3.9798362284004725,24.64811109876328
cont,Rastrigin,13,PSO_GBEST,10000,med,0,30,0.03125,0.0016532542666409576,0.09211405994732372,11.980115461435727,10.944544595527105,3.9798362284004725,24.64811109876328
cont,Rastrigin,13,PSO_GBEST,10000,hard,0,30,0.03125,0.0016532542666409576,0.09211405994732372,11.980115461435727,10.944544595527105,3.9798362284004725,24.64811109876328
cont,Rastrigin,13,WOA,2000,easy,0,30,0.03125,0.0016532542666409576,0.09211405994732372,39.32253659660725,36.53238945433821,16.53804525757029,66.52860558500396
cont,Rastrigin,13,WOA,2000,med,0,30,0.03125,0.0016532542666409576,0.09211405994732372,39.32253659660725,36.53238945433821,16.53804525757029,66.52860558500396
cont,Rastrigin,13,WOA,2000,hard,0,30,0.03125,0.0016532542666409576,0.09211405994732372,39.32253659660725,36.53238945433821,16.53804525757029,66.52860558500396
cont,Rastrigin,13,WOA,5000,easy,0,30,0.03125,0.0016532542666409576,0.09211405994732372,37.240098926642084,37.512491612546484,14.013313418901092,60.92151618694298
cont,Rastrigin,13,WOA,5000,med,0,30,0.03125,0.0016532542666409576,0.09211405994732372,37.240098926642084,37.512491612546484,14.013313418901092,60.92151618694298
cont,Rastrigin,13,WOA,5000,hard,0,30,0.03125,0.0016532542666409576,0.09211405994732372,37.240098926642084,37.512491612546484,14.013313418901092,60.92151618694298
cont,Rastrigin,13,WOA,8000,easy,0,30,0.03125,0.0016532542666409576,0.09211405994732372,37.35164685628184,35.357778837700174,18.690174646556656,62.91506021001552
cont,Rastrigin,13,WOA,8000,med,0,30,0.03125,0.0016532542666409576,0.09211405994732372,37.35164685628184,35.357778837700174,18.690174646556656,62.91506021001552
cont,Rastrigin,13,WOA,8000,hard,0,30,0.03125,0.0016532542666409576,0.09211405994732372,37.35164685628184,35.357778837700174,18.690174646556656,62.91506021001552
cont,Rastrigin,13,WOA,10000,easy,0,30,0.03125,0.0016532542666409576,0.09211405994732372,32.5375449856168,32.90705487751036,10.024731050361467,58.733880517802376
cont,Rastrigin,13,WOA,10000,med,0,30,0.03125,0.0016532542666409576,0.09211405994732372,32.5375449856168,32.90705487751036,10.024731050361467,58.733880517802376
cont,Rastrigin,13,WOA,10000,hard,0,30,0.03125,0.0016532542666409576,0.09211405994732372,32.5375449856168,32.90705487751036,10.024731050361467,58.733880517802376
cont,Rastrigin,17,ALO,2000,easy,0,30,0.03125,0.0016532542666409576,0.09211405994732372,93.65089627872074,94.92545382126244,57.23923935494889,128.59754250462393
cont,Rastrigin,17,ALO,2000,med,0,30,0.03125,0.0016532542666409576,0.09211405994732372,93.65089627872074,94.92545382126244,57.23923935494889,128.59754250462393
cont,Rastrigin,17,ALO,2000,hard,0,30,0.03125,0.0016532542666409576,0.09211405994732372,93.65089627872074,94.92545382126244,57.23923935494889,128.59754250462393
cont,Rastrigin,17,ALO,5000,easy,0,30,0.03125,0.0016532542666409576,0.09211405994732372,72.87373505863548,71.21686707053635,46.875161140772214,102.26299274066778
cont,Rastrigin,17,ALO,5000,med,0,30,0.03125,0.0016532542666409576,0.09211405994732372,72.87373505863548,71.21686707053635,46.875161140772214,102.26299274066778
cont,Rastrigin,17,ALO,5000,hard,0,30,0.03125,0.0016532542666409576,0.09211405994732372,72.87373505863548,71.21686707053635,46.875161140772214,102.26299274066778
cont,Rastrigin,17,ALO,8000,easy,0,30,0.03125,0.0016532542666409576,0.09211405994732372,63.53962907443888,61.06537994628654,27.790117603671305,95.52326090461499
cont,Rastrigin,17,ALO,8000,med,0,30,0.03125,0.0016532542666409576,0.09211405994732372,63.53962907443888,61.06537994628654,27.790117603671305,95.52326090461499
cont,Rastrigin,17,ALO,8000,hard,0,30,0.03125,0.0016532542666409576,0.09211405994732372,63.53962907443888,61.06537994628654,27.790117603671305,95.52326090461499
cont,Rastrigin,17,ALO,10000,easy,0,30,0.03125,0.0016532542666409576,0.09211405994732372,54.059990170705184,51.7084744558743,9.957021583757651,105.61590643149697
cont,Rastrigin,17,ALO,10000,med,0,30,0.03125,0.0016532542666409576,0.09211405994732372,54.059990170705184,51.7084744558743,9.957021583757651,105.61590643149697
cont,Rastrigin,17,ALO,10000,hard,0,30,0.03125,0.0016532542666409576,0.09211405994732372,54.059990170705184,51.7084744558743,9.957021583757651,105.61590643149697
cont,Rastrigin,17,BA,2000,easy,0,30,0.03125,0.0016532542666409576,0.09211405994732372,69.72689552842989,72.24583061419241,34.832978400715774,107.2535968372599
cont,Rastrigin,17,BA,2000,med,0,30,0.03125,0.0016532542666409576,0.09211405994732372,69.72689552842989,72.24583061419241,34.832978400715774,107.2535968372599
cont,Rastrigin,17,BA,2000,hard,0,30,0.03125,0.0016532542666409576,0.09211405994732372,69.72689552842989,72.24583061419241,34.832978400715774,107.2535968372599
cont,Rastrigin,17,BA,5000,easy,0,30,0.03125,0.0016532542666409576,0.09211405994732372,52.07464024989396,44.35101542280937,15.919876382352953,124.36862695214494
cont,Rastrigin,17,BA,5000,med,0,30,0.03125,0.0016532542666409576,0.09211405994732372,52.07464024989396,44.35101542280937,15.919876382352953,124.36862695214494
cont,Rastrigin,17,BA,5000,hard,0,30,0.03125,0.0016532542666409576,0.09211405994732372,52.07464024989396,44.35101542280937,15.919876382352953,124.36862695214494
cont,Rastrigin,17,BA,8000,easy,0,30,0.03125,0.0016532542666409576,0.09211405994732372,43.51679262461961,42.28582541856578,12.93489814886226,94.52065228601532
cont,Rastrigin,17,BA,8000,med,0,30,0.03125,0.0016532542666409576,0.09211405994732372,43.51679262461961,42.28582541856578,12.93489814886226,94.52065228601532
cont,Rastrigin,17,BA,8000,hard,0,30,0.03125,0.0016532542666409576,0.09211405994732372,43.51679262461961,42.28582541856578,12.93489814886226,94.52065228601532
cont,Rastrigin,17,BA,10000,easy,0,30,0.03125,0.0016532542666409576,0.09211405994732372,44.37518272534151,41.78836230935936,19.899384489479814,82.58130319943069
cont,Rastrigin,17,BA,10000,med,0,30,0.03125,0.0016532542666409576,0.09211405994732372,44.37518272534151,41.78836230935936,19.899384489479814,82.58130319943069
cont,Rastrigin,17,BA,10000,hard,0,30,0.03125,0.0016532542666409576,0.09211405994732372,44.37518272534151,41.78836230935936,19.899384489479814,82.58130319943069
cont,Rastrigin,17,ES_1P1,2000,easy,0,30,0.03125,0.0016532542666409576,0.09211405994732372,46.630871163335954,45.27048564453352,13.929411685849175,86.56017338255694
cont,Rastrigin,17,ES_1P1,2000,med,0,30,0.03125,0.0016532542666409576,0.09211405994732372,46.630871163335954,45.27048564453352,13.929411685849175,86.56017338255694
cont,Rastrigin,17,ES_1P1,2000,hard,0,30,0.03125,0.0016532542666409576,0.09211405994732372,46.630871163335954,45.27048564453352,13.929411685849175,86.56017338255694
cont,Rastrigin,17,ES_1P1,5000,easy,0,30,0.03125,0.0016532542666409576,0.09211405994732372,39.398707228676706,36.813343643429896,6.964708361833999,74.6211265531878
cont,Rastrigin,17,ES_1P1,5000,med,0,30,0.03125,0.0016532542666409576,0.09211405994732372,39.398707228676706,36.813343643429896,6.964708361833999,74.6211265531878
cont,Rastrigin,17,ES_1P1,5000,hard,0,30,0.03125,0.0016532542666409576,0.09211405994732372,39.398707228676706,36.813343643429896,6.964708361833999,74.6211265531878
cont,Rastrigin,17,ES_1P1,8000,easy,0,30,0.03125,0.0016532542666409576,0.09211405994732372,36.98677092926606,37.31085355849672,12.934457666574673,80.5912438302604
cont,Rastrigin,17,ES_1P1,8000,med,0,30,0.03125,0.0016532542666409576,0.09211405994732372,36.98677092926606,37.31085355849672,12.934457666574673,80.5912438302604
cont,Rastrigin,17,ES_1P1,8000,hard,0,30,0.03125,0.0016532542666409576,0.09211405994732372,36.98677092926606,37.31085355849672,12.934457666574673,80.5912438302604
cont,Rastrigin,17,ES_1P1,10000,easy,0,30,0.03125,0.0016532542666409576,0.09211405994732372,40.97706674736535,40.793174833983976,17.909222679688483,67.65679568599836
cont,Rastrigin,17,ES_1P1,10000,med,0,30,0.03125,0.0016532542666409576,0.09211405994732372,40.97706674736535,40.793174833983976,17.909222679688483,67.65679568599836
cont,Rastrigin,17,ES_1P1,10000,hard,0,30,0.03125,0.0016532542666409576,0.09211405994732372,40.97706674736535,40.793174833983976,17.909222679688483,67.65679568599836
cont,Rastrigin,17,FA,2000,easy,0,30,0.03125,0.0016532542666409576,0.09211405994732372,92.44174765807976,91.94132217306863,76.57286359846974,108.77844783640231
cont,Rastrigin,17,FA,2000,med,0,30,0.03125,0.0016532542666409576,0.09211405994732372,92.44174765807976,91.94132217306863,76.57286359846974,108.77844783640231
cont,Rastrigin,17,FA,2000,hard,0,30,0.03125,0.0016532542666409576,0.09211405994732372,92.44174765807976,91.94132217306863,76.57286359846974,108.77844783640231
cont,Rastrigin,17,FA,5000,easy,0,30,0.03125,0.0016532542666409576,0.09211405994732372,82.76077351317025,83.3067491907224,63.19624340856683,97.80413805247323
cont,Rastrigin,17,FA,5000,med,0,30,0.03125,0.0016532542666409576,0.09211405994732372,82.76077351317025,83.3067491907224,63.19624340856683,97.80413805247323
cont,Rastrigin,17,FA,5000,hard,0,30,0.03125,0.0016532542666409576,0.09211405994732372,82.76077351317025,83.3067491907224,63.19624340856683,97.80413805247323
cont,Rastrigin,17,FA,8000,easy,0,30,0.03125,0.0016532542666409576,0.09211405994732372,75.46944912109626,79.65202669977111,19.628747805504517,91.57964913879572
cont,Rastrigin,17,FA,8000,med,0,30,0.03125,0.0016532542666409576,0.09211405994732372,75.46944912109626,79.65202669977111,19.628747805504517,91.57964913879572
cont,Rastrigin,17,FA,8000,hard,0,30,0.03125,0.0016532542666409576,0.09211405994732372,75.46944912109626,79.65202669977111,19.628747805504517,91.57964913879572
cont,Rastrigin,17,FA,10000,easy,0,30,0.03125,0.0016532542666409576,0.09211405994732372,74.92885748863678,75.61729703405967,57.464632030374595,91.87720133808591
cont,Rastrigin,17,FA,10000,med,0,30,0.03125,0.0016532542666409576,0.09211405994732372,74.92885748863678,75.61729703405967,57.464632030374595,91.87720133808591
cont,Rastrigin,17,FA,10000,hard,0,30,0.03125,0.0016532542666409576,0.09211405994732372,74.92885748863678,75.61729703405967,57.464632030374595,91.87720133808591
cont,Rastrigin,17,GWO,2000,easy,0,30,0.03125,0.0016532542666409576,0.09211405994732372,14.37146975631727,13.809048905124072,8.801136533753748,25.02294673732206
cont,Rastrigin,17,GWO,2000,med,0,30,0.03125,0.0016532542666409576,0.09211405994732372,14.37146975631727,13.809048905124072,8.801136533753748,25.02294673732206
cont,Rastrigin,17,GWO,2000,hard,0,30,0.03125,0.0016532542666409576,0.09211405994732372,14.37146975631727,13.809048905124072,8.801136533753748,25.02294673732206
cont,Rastrigin,17,GWO,5000,easy,0,30,0.03125,0.0016532542666409576,0.09211405994732372,16.649649569610666,17.520956231782883,10.270335331465233,25.33710366878617
cont,Rastrigin,17,GWO,5000,med,0,30,0.03125,0.0016532542666409576,0.09211405994732372,16.649649569610666,17.520956231782883,10.270335331465233,25.33710366878617
cont,Rastrigin,17,GWO,5000,hard,0,30,0.03125,0.0016532542666409576,0.09211405994732372,16.649649569610666,17.520956231782883,10.270335331465233,25.33710366878617
cont,Rastrigin,17,GWO,8000,easy,0,30,0.03125,0.0016532542666409576,0.09211405994732372,20.81992621743164,21.35618224156766,11.231369808217366,29.875172662823672
cont,Rastrigin,17,GWO,8000,med,0,30,0.03125,0.0016532542666409576,0.09211405994732372,20.81992621743164,21.35618224156766,11.231369808217366,29.875172662823672
cont,Rastrigin,17,GWO,8000,hard,0,30,0.03125,0.0016532542666409576,0.09211405994732372,20.81992621743164,21.35618224156766,11.231369808217366,29.875172662823672
cont,Rastrigin,17,GWO,10000,easy,0,30,0.03125,0.0016532542666409576,0.09211405994732372,20.631824451124025,19.545201834933266,11.119914222233561,30.715081505460503
cont,Rastrigin,17,GWO,10000,med,0,30,0.03125,0.0016532542666409576,0.09211405994732372,20.631824451124025,19.545201834933266,11.119914222233561,30.715081505460503
cont,Rastrigin,17,GWO,10000,hard,0,30,0.03125,0.0016532542666409576,0.09211405994732372,20.631824451124025,19.545201834933266,11.119914222233561,30.715081505460503
cont,Rastrigin,17,MFO,2000,easy,0,30,0.03125,0.0016532542666409576,0.09211405994732372,44.973010227998,43.51629768611093,26.662719357736833,63.91601780686806
cont,Rastrigin,17,MFO,2000,med,0,30,0.03125,0.0016532542666409576,0.09211405994732372,44.973010227998,43.51629768611093,26.662719357736833,63.91601780686806
cont,Rastrigin,17,MFO,2000,hard,0,30,0.03125,0.0016532542666409576,0.09211405994732372,44.973010227998,43.51629768611093,26.662719357736833,63.91601780686806
cont,Rastrigin,17,MFO,5000,easy,0,30,0.03125,0.0016532542666409576,0.09211405994732372,34.76784828117036,35.3701586145067,18.308803274643083,56.58440061480072
cont,Rastrigin,17,MFO,5000,med,0,30,0.03125,0.0016532542666409576,0.09211405994732372,34.76784828117036,35.3701586145067,18.308803274643083,56.58440061480072
cont,Rastrigin,17,MFO,5000,hard,0,30,0.03125,0.0016532542666409576,0.09211405994732372,34.76784828117036,35.3701586145067,18.308803274643083,56.58440061480072
cont,Rastrigin,17,MFO,8000,easy,0,30,0.03125,0.0016532542666409576,0.09211405994732372,31.893024112844195,30.47093133451412,12.712223434739087,58.55223649566191
cont,Rastrigin,17,MFO,8000,med,0,30,0.03125,0.0016532542666409576,0.09211405994732372,31.893024112844195,30.47093133451412,12.712223434739087,58.55223649566191
cont,Rastrigin,17,MFO,8000,hard,0,30,0.03125,0.0016532542666409576,0.09211405994732372,31.893024112844195,30.47093133451412,12.712223434739087,58.55223649566191
cont,Rastrigin,17,MFO,10000,easy,0,30,0.03125,0.0016532542666409576,0.09211405994732372,24.97741466780205,25.039137903705658,13.49732631938842,41.39866753627284
cont,Rastrigin,17,MFO,10000,med,0,30,0.03125,0.0016532542666409576,0.09211405994732372,24.97741466780205,25.039137903705658,13.49732631938842,41.39866753627284
cont,Rastrigin,17,MFO,10000,hard,0,30,0.03125,0.0016532542666409576,0.09211405994732372,24.97741466780205,25.039137903705658,13.49732631938842,41.39866753627284
cont,Rastrigin,17,PSO_GBEST,2000,easy,0,30,0.03125,0.0016532542666409576,0.09211405994732372,25.297980073044894,24.879277028050964,7.544474614013893,44.76004170000595
cont,Rastrigin,17,PSO_GBEST,2000,med,0,30,0.03125,0.0016532542666409576,0.09211405994732372,25.297980073044894,24.879277028050964,7.544474614013893,44.76004170000595
cont,Rastrigin,17,PSO_GBEST,2000,hard,0,30,0.03125,0.0016532542666409576,0.09211405994732372,25.297980073044894,24.879277028050964,7.544474614013893,44.76004170000595
cont,Rastrigin,17,PSO_GBEST,5000,easy,0,30,0.03125,0.0016532542666409576,0.09211405994732372,13.91540892641295,10.978539977527006,1.990158357211456,37.87411729134351
cont,Rastrigin,17,PSO_GBEST,5000,med,0,30,0.03125,0.0016532542666409576,0.09211405994732372,13.91540892641295,10.978539977527006,1.990158357211456,37.87411729134351
cont,Rastrigin,17,PSO_GBEST,5000,hard,0,30,0.03125,0.0016532542666409576,0.09211405994732372,13.91540892641295,10.978539977527006,1.990158357211456,37.87411729134351
cont,Rastrigin,17,PSO_GBEST,8000,easy,0,30,0.03125,0.0016532542666409576,0.09211405994732372,12.997382973547646,11.44202164175777,3.9798362285170725,31.858792543740634
cont,Rastrigin,17,PSO_GBEST,8000,med,0,30,0.03125,0.0016532542666409576,0.09211405994732372,12.997382973547646,11.44202164175777,3.9798362285170725,31.858792543740634
cont,Rastrigin,17,PSO_GBEST,8000,hard,0,30,0.03125,0.0016532542666409576,0.09211405994732372,12.997382973547646,11.44202164175777,3.9798362285170725,31.858792543740634
cont,Rastrigin,17,PSO_GBEST,10000,easy,0,30,0.03125,0.0016532542666409576,0.09211405994732372,10.054409271101065,7.959667522253845,1.990021675816564,31.838573592777607
cont,Rastrigin,17,PSO_GBEST,10000,med,0,30,0.03125,0.0016532542666409576,0.09211405994732372,10.054409271101065,7.959667522253845,1.990021675816564,31.838573592777607
cont,Rastrigin,17,PSO_GBEST,10000,hard,0,30,0.03125,0.0016532542666409576,0.09211405994732372,10.054409271101065,7.959667522253845,1.990021675816564,31.838573592777607
cont,Rastrigin,17,WOA,2000,easy,0,30,0.03125,0.0016532542666409576,0.09211405994732372,42.946156646785816,41.354025651199514,16.98464394520336,89.48879099072765
cont,Rastrigin,17,WOA,2000,med,0,30,0.03125,0.0016532542666409576,0.09211405994732372,42.946156646785816,41.354025651199514,16.98464394520336,89.48879099072765
cont,Rastrigin,17,WOA,2000,hard,0,30,0.03125,0.0016532542666409576,0.09211405994732372,42.946156646785816,41.354025651199514,16.98464394520336,89.48879099072765
cont,Rastrigin,17,WOA,5000,easy,0,30,0.03125,0.0016532542666409576,0.09211405994732372,35.95945881894638,33.192246655298106,14.952239418727771,68.75754093186421
cont,Rastrigin,17,WOA,5000,med,0,30,0.03125,0.0016532542666409576,0.09211405994732372,35.95945881894638,33.192246655298106,14.952239418727771,68.75754093186421
cont,Rastrigin,17,WOA,5000,hard,0,30,0.03125,0.0016532542666409576,0.09211405994732372,35.95945881894638,33.192246655298106,14.952239418727771,68.75754093186421
cont,Rastrigin,17,WOA,8000,easy,0,30,0.03125,0.0016532542666409576,0.09211405994732372,34.00298993030198,35.40960264276477,11.963226338305901,60.04372967936997
cont,Rastrigin,17,WOA,8000,med,0,30,0.03125,0.0016532542666409576,0.09211405994732372,34.00298993030198,35.40960264276477,11.963226338305901,60.04372967936997
cont,Rastrigin,17,WOA,8000,hard,0,30,0.03125,0.0016532542666409576,0.09211405994732372,34.00298993030198,35.40960264276477,11.963226338305901,60.04372967936997
cont,Rastrigin,17,WOA,10000,easy,0,30,0.03125,0.0016532542666409576,0.09211405994732372,31.97252575726435,31.39296932241014,7.986646176482424,95.52567857045234
cont,Rastrigin,17,WOA,10000,med,0,30,0.03125,0.0016532542666409576,0.09211405994732372,31.97252575726435,31.39296932241014,7.986646176482424,95.52567857045234
cont,Rastrigin,17,WOA,10000,hard,0,30,0.03125,0.0016532542666409576,0.09211405994732372,31.97252575726435,31.39296932241014,7.986646176482424,95.52567857045234
cont,Rastrigin,18,ALO,2000,easy,0,30,0.03125,0.0016532542666409576,0.09211405994732372,96.74206256376343,97.55926722872667,63.706646954240824,131.98793389927042
cont,Rastrigin,18,ALO,2000,med,0,30,0.03125,0.0016532542666409576,0.09211405994732372,96.74206256376343,97.55926722872667,63.706646954240824,131.98793389927042
cont,Rastrigin,18,ALO,2000,hard,0,30,0.03125,0.0016532542666409576,0.09211405994732372,96.74206256376343,97.55926722872667,63.706646954240824,131.98793389927042
cont,Rastrigin,18,ALO,5000,easy,0,30,0.03125,0.0016532542666409576,0.09211405994732372,67.79358056117842,68.34436937421393,34.723351848264144,94.2156111751042
cont,Rastrigin,18,ALO,5000,med,0,30,0.03125,0.0016532542666409576,0.09211405994732372,67.79358056117842,68.34436937421393,34.723351848264144,94.2156111751042
cont,Rastrigin,18,ALO,5000,hard,0,30,0.03125,0.0016532542666409576,0.09211405994732372,67.79358056117842,68.34436937421393,34.723351848264144,94.2156111751042
cont,Rastrigin,18,ALO,8000,easy,0,30,0.03125,0.0016532542666409576,0.09211405994732372,51.56002888504088,50.36024591453176,17.094571567966938,92.46518826872123
cont,Rastrigin,18,ALO,8000,med,0,30,0.03125,0.0016532542666409576,0.09211405994732372,51.56002888504088,50.36024591453176,17.094571567966938,92.46518826872123
cont,Rastrigin,18,ALO,8000,hard,0,30,0.03125,0.0016532542666409576,0.09211405994732372,51.56002888504088,50.36024591453176,17.094571567966938,92.46518826872123
cont,Rastrigin,18,ALO,10000,easy,0,30,0.03125,0.0016532542666409576,0.09211405994732372,53.14250567797883,49.758482469539736,24.12965398739088,79.43353257915152
cont,Rastrigin,18,ALO,10000,med,0,30,0.03125,0.0016532542666409576,0.09211405994732372,53.14250567797883,49.758482469539736,24.12965398739088,79.43353257915152
cont,Rastrigin,18,ALO,10000,hard,0,30,0.03125,0.0016532542666409576,0.09211405994732372,53.14250567797883,49.758482469539736,24.12965398739088,79.43353257915152
cont,Rastrigin,18,BA,2000,easy,0,30,0.03125,0.0016532542666409576,0.09211405994732372,59.095675974148705,61.929797090928886,23.858433046667415,96.88392049213036
cont,Rastrigin,18,BA,2000,med,0,30,0.03125,0.0016532542666409576,0.09211405994732372,59.095675974148705,61.929797090928886,23.858433046667415,96.88392049213036
cont,Rastrigin,18,BA,2000,hard,0,30,0.03125,0.0016532542666409576,0.09211405994732372,59.095675974148705,61.929797090928886,23.858433046667415,96.88392049213036
cont,Rastrigin,18,BA,5000,easy,0,30,0.03125,0.0016532542666409576,0.09211405994732372,44.41541010546214,42.988318791436825,20.89460078153604,72.63184833212878
cont,Rastrigin,18,BA,5000,med,0,30,0.03125,0.0016532542666409576,0.09211405994732372,44.41541010546214,42.988318791436825,20.89460078153604,72.63184833212878
cont,Rastrigin,18,BA,5000,hard,0,30,0.03125,0.0016532542666409576,0.09211405994732372,44.41541010546214,42.988318791436825,20.89460078153604,72.63184833212878
cont,Rastrigin,18,BA,8000,easy,0,30,0.03125,0.0016532542666409576,0.09211405994732372,38.74777747929723,34.82379026359405,9.949995666732875,86.955482160146
cont,Rastrigin,18,BA,8000,med,0,30,0.03125,0.0016532542666409576,0.09211405994732372,38.74777747929723,34.82379026359405,9.949995666732875,86.955482160146
cont,Rastrigin,18,BA,8000,hard,0,30,0.03125,0.0016532542666409576,0.09211405994732372,38.74777747929723,34.82379026359405,9.949995666732875,86.955482160146
cont,Rastrigin,18,BA,10000,easy,0,30,0.03125,0.0016532542666409576,0.09211405994732372,39.57992754421248,37.808634732458636,11.939825686220942,86.56108662326228
cont,Rastrigin,18,BA,10000,med,0,30,0.03125,0.0016532542666409576,0.09211405994732372,39.57992754421248,37.808634732458636,11.939825686220942,86.56108662326228
cont,Rastrigin,18,BA,10000,hard,0,30,0.03125,0.0016532542666409576,0.09211405994732372,39.57992754421248,37.808634732458636,11.939825686220942,86.56108662326228
cont,Rastrigin,18,ES_1P1,2000,easy,0,30,0.03125,0.0016532542666409576,0.09211405994732372,39.59612510601611,36.825055386262164,18.904201933497816,91.53555956344748
cont,Rastrigin,18,ES_1P1,2000,med,0,30,0.03125,0.0016532542666409576,0.09211405994732372,39.59612510601611,36.825055386262164,18.904201933497816,91.53555956344748
cont,Rastrigin,18,ES_1P1,2000,hard,0,30,0.03125,0.0016532542666409576,0.09211405994732372,39.59612510601611,36.825055386262164,18.904201933497816,91.53555956344748
cont,Rastrigin,18,ES_1P1,5000,easy,0,30,0.03125,0.0016532542666409576,0.09211405994732372,42.15896895972023,40.77390674940232,24.87386523066303,66.0545529918592
cont,Rastrigin,18,ES_1P1,5000,med,0,30,0.03125,0.0016532542666409576,0.09211405994732372,42.15896895972023,40.77390674940232,24.87386523066303,66.0545529918592
cont,Rastrigin,18,ES_1P1,5000,hard,0,30,0.03125,0.0016532542666409576,0.09211405994732372,42.15896895972023,40.77390674940232,24.87386523066303,66.0545529918592
cont,Rastrigin,18,ES_1P1,8000,easy,0,30,0.03125,0.0016532542666409576,0.09211405994732372,41.50018597782082,39.79815472718752,12.934452628755565,81.60948407689624
cont,Rastrigin,18,ES_1P1,8000,med,0,30,0.03125,0.0016532542666409576,0.09211405994732372,41.50018597782082,39.79815472718752,12.934452628755565,81.60948407689624
cont,Rastrigin,18,ES_1P1,8000,hard,0,30,0.03125,0.0016532542666409576,0.09211405994732372,41.50018597782082,39.79815472718752,12.934452628755565,81.60948407689624
cont,Rastrigin,18,ES_1P1,10000,easy,0,30,0.03125,0.0016532542666409576,0.09211405994732372,38.037369251405046,37.31087384665967,8.954626476020564,71.63671852070917
cont,Rastrigin,18,ES_1P1,10000,med,0,30,0.03125,0.0016532542666409576,0.09211405994732372,38.037369251405046,37.31087384665967,8.954626476020564,71.63671852070917
cont,Rastrigin,18,ES_1P1,10000,hard,0,30,0.03125,0.0016532542666409576,0.09211405994732372,38.037369251405046,37.31087384665967,8.954626476020564,71.63671852070917
cont,Rastrigin,18,FA,2000,easy,0,30,0.03125,0.0016532542666409576,0.09211405994732372,88.17329029816828,88.81005138097186,54.87365404145851,106.3220150192024
cont,Rastrigin,18,FA,2000,med,0,30,0.03125,0.0016532542666409576,0.09211405994732372,88.17329029816828,88.81005138097186,54.87365404145851,106.3220150192024
cont,Rastrigin,18,FA,2000,hard,0,30,0.03125,0.0016532542666409576,0.09211405994732372,88.17329029816828,88.81005138097186,54.87365404145851,106.3220150192024
cont,Rastrigin,18,FA,5000,easy,0,30,0.03125,0.0016532542666409576,0.09211405994732372,80.91587794068555,81.11307542256773,60.00826984110388,101.60222157404736
cont,Rastrigin,18,FA,5000,med,0,30,0.03125,0.0016532542666409576,0.09211405994732372,80.91587794068555,81.11307542256773,60.00826984110388,101.60222157404736
cont,Rastrigin,18,FA,5000,hard,0,30,0.03125,0.0016532542666409576,0.09211405994732372,80.91587794068555,81.11307542256773,60.00826984110388,101.60222157404736
cont,Rastrigin,18,FA,8000,easy,0,30,0.03125,0.0016532542666409576,0.09211405994732372,78.42616823001121,80.29613395101283,57.68877037241722,94.4179972888866
cont,Rastrigin,18,FA,8000,med,0,30,0.03125,0.0016532542666409576,0.09211405994732372,78.42616823001121,80.29613395101283,57.68877037241722,94.4179972888866
cont,Rastrigin,18,FA,8000,hard,0,30,0.03125,0.0016532542666409576,0.09211405994732372,78.42616823001121,80.29613395101283,57.68877037241722,94.4179972888866
cont,Rastrigin,18,FA,10000,easy,0,30,0.03125,0.0016532542666409576,0.09211405994732372,75.95084996105547,77.65892057023143,58.352129101700044,94.09043952667426
cont,Rastrigin,18,FA,10000,med,0,30,0.03125,0.0016532542666409576,0.09211405994732372,75.95084996105547,77.65892057023143,58.352129101700044,94.09043952667426
cont,Rastrigin,18,FA,10000,hard,0,30,0.03125,0.0016532542666409576,0.09211405994732372,75.95084996105547,77.65892057023143,58.352129101700044,94.09043952667426
cont,Rastrigin,18,GWO,2000,easy,0,30,0.03125,0.0016532542666409576,0.09211405994732372,12.865337023678068,12.347216456521608,3.2365323569482314,30.494989461494214
cont,Rastrigin,18,GWO,2000,med,0,30,0.03125,0.0016532542666409576,0.09211405994732372,12.865337023678068,12.347216456521608,3.2365323569482314,30.494989461494214
cont,Rastrigin,18,GWO,2000,hard,0,30,0.03125,0.0016532542666409576,0.09211405994732372,12.865337023678068,12.347216456521608,3.2365323569482314,30.494989461494214
cont,Rastrigin,18,GWO,5000,easy,0,30,0.03125,0.0016532542666409576,0.09211405994732372,12.373283853799064,11.678100832499318,4.7592464205446845,22.150760744099287
cont,Rastrigin,18,GWO,5000,med,0,30,0.03125,0.0016532542666409576,0.09211405994732372,12.373283853799064,11.678100832499318,4.7592464205446845,22.150760744099287
cont,Rastrigin,18,GWO,5000,hard,0,30,0.03125,0.0016532542666409576,0.09211405994732372,12.373283853799064,11.678100832499318,4.7592464205446845,22.150760744099287
cont,Rastrigin,18,GWO,8000,easy,0,30,0.03125,0.0016532542666409576,0.09211405994732372,14.675846080848844,13.830327106149191,6.761274351608648,34.598134023468745
cont,Rastrigin,18,GWO,8000,med,0,30,0.03125,0.0016532542666409576,0.09211405994732372,14.675846080848844,13.830327106149191,6.761274351608648,34.598134023468745
cont,Rastrigin,18,GWO,8000,hard,0,30,0.03125,0.0016532542666409576,0.09211405994732372,14.675846080848844,13.830327106149191,6.761274351608648,34.598134023468745
cont,Rastrigin,18,GWO,10000,easy,0,30,0.03125,0.0016532542666409576,0.09211405994732372,14.807946574197167,14.117015018824567,8.311232003919216,22.348291073001306
cont,Rastrigin,18,GWO,10000,med,0,30,0.03125,0.0016532542666409576,0.09211405994732372,14.807946574197167,14.117015018824567,8.311232003919216,22.348291073001306
cont,Rastrigin,18,GWO,10000,hard,0,30,0.03125,0.0016532542666409576,0.09211405994732372,14.807946574197167,14.117015018824567,8.311232003919216,22.348291073001306
cont,Rastrigin,18,MFO,2000,easy,0,30,0.03125,0.0016532542666409576,0.09211405994732372,41.005177219125855,41.6563344327334,23.442006280374443,65.25264406347017
cont,Rastrigin,18,MFO,2000,med,0,30,0.03125,0.0016532542666409576,0.09211405994732372,41.005177219125855,41.6563344327334,23.442006280374443,65.25264406347017
cont,Rastrigin,18,MFO,2000,hard,0,30,0.03125,0.0016532542666409576,0.09211405994732372,41.005177219125855,41.6563344327334,23.442006280374443,65.25264406347017
cont,Rastrigin,18,MFO,5000,easy,0,30,0.03125,0.0016532542666409576,0.09211405994732372,33.692630424181786,30.93515982517625,15.105549840816877,58.23630618079977
cont,Rastrigin,18,MFO,5000,med,0,30,0.03125,0.0016532542666409576,0.09211405994732372,33.692630424181786,30.93515982517625,15.105549840816877,58.23630618079977
cont,Rastrigin,18,MFO,5000,hard,0,30,0.03125,0.0016532542666409576,0.09211405994732372,33.692630424181786,30.93515982517625,15.105549840816877,58.23630618079977
cont,Rastrigin,18,MFO,8000,easy,0,30,0.03125,0.0016532542666409576,0.09211405994732372,29.45959278485252,27.214584660783935,10.310031607807034,58.64561756075999
cont,Rastrigin,18,MFO,8000,med,0,30,0.03125,0.0016532542666409576,0.09211405994732372,29.45959278485252,27.214584660783935,10.310031607807034,58.64561756075999
cont,Rastrigin,18,MFO,8000,hard,0,30,0.03125,0.0016532542666409576,0.09211405994732372,29.45959278485252,27.214584660783935,10.310031607807034,58.64561756075999
cont,Rastrigin,18,MFO,10000,easy,0,30,0.03125,0.0016532542666409576,0.09211405994732372,30.238057766024674,29.228140495318293,8.551984106750552,54.586719000090355
cont,Rastrigin,18,MFO,10000,med,0,30,0.03125,0.0016532542666409576,0.09211405994732372,30.238057766024674,29.228140495318293,8.551984106750552,54.586719000090355
cont,Rastrigin,18,MFO,10000,hard,0,30,0.03125,0.0016532542666409576,0.09211405994732372,30.238057766024674,29.228140495318293,8.551984106750552,54.586719000090355
cont,Rastrigin,18,PSO_GBEST,2000,easy,0,30,0.03125,0.0016532542666409576,0.09211405994732372,26.066547375152414,25.09123372915146,9.602529810256215,60.09034808692918
cont,Rastrigin,18,PSO_GBEST,2000,med,0,30,0.03125,0.0016532542666409576,0.09211405994732372,26.066547375152414,25.09123372915146,9.602529810256215,60.09034808692918
cont,Rastrigin,18,PSO_GBEST,2000,hard,0,30,0.03125,0.0016532542666409576,0.09211405994732372,26.066547375152414,25.09123372915146,9.602529810256215,60.09034808692918
cont,Rastrigin,18,PSO_GBEST,5000,easy,0,30,0.03125,0.0016532542666409576,0.09211405994732372,14.975507905240676,13.893809353651335,4.0103580661699425,30.92802466901216
cont,Rastrigin,18,PSO_GBEST,5000,med,0,30,0.03125,0.0016532542666409576,0.09211405994732372,14.975507905240676,13.893809353651335,4.0103580661699425,30.92802466901216
cont,Rastrigin,18,PSO_GBEST,5000,hard,0,30,0.03125,0.0016532542666409576,0.09211405994732372,14.975507905240676,13.893809353651335,4.0103580661699425,30.92802466901216
cont,Rastrigin,18,PSO_GBEST,8000,easy,0,30,0.03125,0.0016532542666409576,0.09211405994732372,12.416420683855067,10.447065287093515,2.9852734579765894,51.73730181956526
cont,Rastrigin,18,PSO_GBEST,8000,med,0,30,0.03125,0.0016532542666409576,0.09211405994732372,12.416420683855067,10.447065287093515,2.9852734579765894,51.73730181956526
cont,Rastrigin,18,PSO_GBEST,8000,hard,0,30,0.03125,0.0016532542666409576,0.09211405994732372,12.416420683855067,10.447065287093515,2.9852734579765894,51.73730181956526
cont,Rastrigin,18,PSO_GBEST,10000,easy,0,30,0.03125,0.0016532542666409576,0.09211405994732372,12.056317623262675,9.949753185493478,1.9899853594012171,40.042194983930145
cont,Rastrigin,18,PSO_GBEST,10000,med,0,30,0.03125,0.0016532542666409576,0.09211405994732372,12.056317623262675,9.949753185493478,1.9899853594012171,40.042194983930145
cont,Rastrigin,18,PSO_GBEST,10000,hard,0,30,0.03125,0.0016532542666409576,0.09211405994732372,12.056317623262675,9.949753185493478,1.9899853594012171,40.042194983930145
cont,Rastrigin,18,WOA,2000,easy,0,30,0.03125,0.0016532542666409576,0.09211405994732372,34.335808339627924,31.550768585415476,12.877247566651661,83.4765075091573
cont,Rastrigin,18,WOA,2000,med,0,30,0.03125,0.0016532542666409576,0.09211405994732372,34.335808339627924,31.550768585415476,12.877247566651661,83.4765075091573
cont,Rastrigin,18,WOA,2000,hard,0,30,0.03125,0.0016532542666409576,0.09211405994732372,34.335808339627924,31.550768585415476,12.877247566651661,83.4765075091573
cont,Rastrigin,18,WOA,5000,easy,0,30,0.03125,0.0016532542666409576,0.09211405994732372,34.33916181446562,29.60441822336641,13.541734088868552,65.86671887316385
cont,Rastrigin,18,WOA,5000,med,0,30,0.03125,0.0016532542666409576,0.09211405994732372,34.33916181446562,29.60441822336641,13.541734088868552,65.86671887316385
cont,Rastrigin,18,WOA,5000,hard,0,30,0.03125,0.0016532542666409576,0.09211405994732372,34.33916181446562,29.60441822336641,13.541734088868552,65.86671887316385
cont,Rastrigin,18,WOA,8000,easy,0,30,0.03125,0.0016532542666409576,0.09211405994732372,34.03370656641919,29.794642799154346,8.96772958923971,79.62212079244094
cont,Rastrigin,18,WOA,8000,med,0,30,0.03125,0.0016532542666409576,0.09211405994732372,34.03370656641919,29.794642799154346,8.96772958923971,79.62212079244094
cont,Rastrigin,18,WOA,8000,hard,0,30,0.03125,0.0016532542666409576,0.09211405994732372,34.03370656641919,29.794642799154346,8.96772958923971,79.62212079244094
cont,Rastrigin,18,WOA,10000,easy,0,30,0.03125,0.0016532542666409576,0.09211405994732372,30.4466759059843,27.38433656809555,9.356703278408276,75.04737725786256
cont,Rastrigin,18,WOA,10000,med,0,30,0.03125,0.0016532542666409576,0.09211405994732372,30.4466759059843,27.38433656809555,9.356703278408276,75.04737725786256
cont,Rastrigin,18,WOA,10000,hard,0,30,0.03125,0.0016532542666409576,0.09211405994732372,30.4466759059843,27.38433656809555,9.356703278408276,75.04737725786256
cont,Rastrigin,19,ALO,2000,easy,0,30,0.03125,0.0016532542666409576,0.09211405994732372,97.40412863536997,95.5974216655026,67.00243963522387,135.19156445856225
cont,Rastrigin,19,ALO,2000,med,0,30,0.03125,0.0016532542666409576,0.09211405994732372,97.40412863536997,95.5974216655026,67.00243963522387,135.19156445856225
cont,Rastrigin,19,ALO,2000,hard,0,30,0.03125,0.0016532542666409576,0.09211405994732372,97.40412863536997,95.5974216655026,67.00243963522387,135.19156445856225
cont,Rastrigin,19,ALO,5000,easy,0,30,0.03125,0.0016532542666409576,0.09211405994732372,73.42471877569076,74.17794182944198,40.69958783002857,97.05158733406452
cont,Rastrigin,19,ALO,5000,med,0,30,0.03125,0.0016532542666409576,0.09211405994732372,73.42471877569076,74.17794182944198,40.69958783002857,97.05158733406452
cont,Rastrigin,19,ALO,5000,hard,0,30,0.03125,0.0016532542666409576,0.09211405994732372,73.42471877569076,74.17794182944198,40.69958783002857,97.05158733406452
cont,Rastrigin,19,ALO,8000,easy,0,30,0.03125,0.0016532542666409576,0.09211405994732372,60.70474374868829,61.3380070460627,32.23529358137989,102.48008276462804
cont,Rastrigin,19,ALO,8000,med,0,30,0.03125,0.0016532542666409576,0.09211405994732372,60.70474374868829,61.3380070460627,32.23529358137989,102.48008276462804
cont,Rastrigin,19,ALO,8000,hard,0,30,0.03125,0.0016532542666409576,0.09211405994732372,60.70474374868829,61.3380070460627,32.23529358137989,102.48008276462804
cont,Rastrigin,19,ALO,10000,easy,0,30,0.03125,0.0016532542666409576,0.09211405994732372,47.94506310354021,46.19226420649339,15.82425921107631,116.47264946250547
cont,Rastrigin,19,ALO,10000,med,0,30,0.03125,0.0016532542666409576,0.09211405994732372,47.94506310354021,46.19226420649339,15.82425921107631,116.47264946250547
cont,Rastrigin,19,ALO,10000,hard,0,30,0.03125,0.0016532542666409576,0.09211405994732372,47.94506310354021,46.19226420649339,15.82425921107631,116.47264946250547
cont,Rastrigin,19,BA,2000,easy,0,30,0.03125,0.0016532542666409576,0.09211405994732372,72.87893045470643,71.70542222312297,26.252255226938374,109.28916537918192
cont,Rastrigin,19,BA,2000,med,0,30,0.03125,0.0016532542666409576,0.09211405994732372,72.87893045470643,71.70542222312297,26.252255226938374,109.28916537918192
cont,Rastrigin,19,BA,2000,hard,0,30,0.03125,0.0016532542666409576,0.09211405994732372,72.87893045470643,71.70542222312297,26.252255226938374,109.28916537918192
cont,Rastrigin,19,BA,5000,easy,0,30,0.03125,0.0016532542666409576,0.09211405994732372,48.74381840692674,47.75805259925963,14.907624476150787,90.54048787386282
cont,Rastrigin,19,BA,5000,med,0,30,0.03125,0.0016532542666409576,0.09211405994732372,48.74381840692674,47.75805259925963,14.907624476150787,90.54048787386282
cont,Rastrigin,19,BA,5000,hard,0,30,0.03125,0.0016532542666409576,0.09211405994732372,48.74381840692674,47.75805259925963,14.907624476150787,90.54048787386282
cont,Rastrigin,19,BA,8000,easy,0,30,0.03125,0.0016532542666409576,0.09211405994732372,47.46310887316852,48.255605579353855,9.949944919625963,91.53538887817946
cont,Rastrigin,19,BA,8000,med,0,30,0.03125,0.0016532542666409576,0.09211405994732372,47.46310887316852,48.255605579353855,9.949944919625963,91.53538887817946
cont,Rastrigin,19,BA,8000,hard,0,30,0.03125,0.0016532542666409576,0.09211405994732372,47.46310887316852,48.255605579353855,9.949944919625963,91.53538887817946
cont,Rastrigin,19,BA,10000,easy,0,30,0.03125,0.0016532542666409576,0.09211405994732372,47.075756547886265,42.285862878461344,23.879227421801886,84.00107550580726
cont,Rastrigin,19,BA,10000,med,0,30,0.03125,0.0016532542666409576,0.09211405994732372,47.075756547886265,42.285862878461344,23.879227421801886,84.00107550580726
cont,Rastrigin,19,BA,10000,hard,0,30,0.03125,0.0016532542666409576,0.09211405994732372,47.075756547886265,42.285862878461344,23.879227421801886,84.00107550580726
cont,Rastrigin,19,ES_1P1,2000,easy,0,30,0.03125,0.0016532542666409576,0.09211405994732372,43.79915028199914,43.778036869087686,12.934457666575113,86.56510000154562
cont,Rastrigin,19,ES_1P1,2000,med,0,30,0.03125,0.0016532542666409576,0.09211405994732372,43.79915028199914,43.778036869087686,12.934457666575113,86.56510000154562
cont,Rastrigin,19,ES_1P1,2000,hard,0,30,0.03125,0.0016532542666409576,0.09211405994732372,43.79915028199914,43.778036869087686,12.934457666575113,86.56510000154562
cont,Rastrigin,19,ES_1P1,5000,easy,0,30,0.03125,0.0016532542666409576,0.09211405994732372,37.08110983863676,36.03090365426266,11.939503647300427,70.32324307358851
cont,Rastrigin,19,ES_1P1,5000,med,0,30,0.03125,0.0016532542666409576,0.09211405994732372,37.08110983863676,36.03090365426266,11.939503647300427,70.32324307358851
cont,Rastrigin,19,ES_1P1,5000,hard,0,30,0.03125,0.0016532542666409576,0.09211405994732372,37.08110983863676,36.03090365426266,11.939503647300427,70.32324307358851
cont,Rastrigin,19,ES_1P1,8000,easy,0,30,0.03125,0.0016532542666409576,0.09211405994732372,45.20291619364877,40.793235607024336,14.92437074294213,94.52050818216938
cont,Rastrigin,19,ES_1P1,8000,med,0,30,0.03125,0.0016532542666409576,0.09211405994732372,45.20291619364877,40.793235607024336,14.92437074294213,94.52050818216938
cont,Rastrigin,19,ES_1P1,8000,hard,0,30,0.03125,0.0016532542666409576,0.09211405994732372,45.20291619364877,40.793235607024336,14.92437074294213,94.52050818216938
cont,Rastrigin,19,ES_1P1,10000,easy,0,30,0.03125,0.0016532542666409576,0.09211405994732372,39.37059111024993,38.30583290375296,8.954621438201514,72.31301889165434
cont,Rastrigin,19,ES_1P1,10000,med,0,30,0.03125,0.0016532542666409576,0.09211405994732372,39.37059111024993,38.30583290375296,8.954621438201514,72.31301889165434
cont,Rastrigin,19,ES_1P1,10000,hard,0,30,0.03125,0.0016532542666409576,0.09211405994732372,39.37059111024993,38.30583290375296,8.954621438201514,72.31301889165434
cont,Rastrigin,19,FA,2000,easy,0,30,0.03125,0.0016532542666409576,0.09211405994732372,81.74024332563823,82.85349488881843,53.53365739247867,99.25011997038152
cont,Rastrigin,19,FA,2000,med,0,30,0.03125,0.0016532542666409576,0.09211405994732372,81.74024332563823,82.85349488881843,53.53365739247867,99.25011997038152
cont,Rastrigin,19,FA,2000,hard,0,30,0.03125,0.0016532542666409576,0.09211405994732372,81.74024332563823,82.85349488881843,53.53365739247867,99.25011997038152
cont,Rastrigin,19,FA,5000,easy,0,30,0.03125,0.0016532542666409576,0.09211405994732372,73.29774991435661,75.28015344002657,50.784842759356756,93.19119593004787
cont,Rastrigin,19,FA,5000,med,0,30,0.03125,0.0016532542666409576,0.09211405994732372,73.29774991435661,75.28015344002657,50.784842759356756,93.19119593004787
cont,Rastrigin,19,FA,5000,hard,0,30,0.03125,0.0016532542666409576,0.09211405994732372,73.29774991435661,75.28015344002657,50.784842759356756,93.19119593004787
cont,Rastrigin,19,FA,8000,easy,0,30,0.03125,0.0016532542666409576,0.09211405994732372,72.38799713788849,74.06287302230936,51.38441908979985,89.39033064167575
cont,Rastrigin,19,FA,8000,med,0,30,0.03125,0.0016532542666409576,0.09211405994732372,72.38799713788849,74.06287302230936,51.38441908979985,89.39033064167575
cont,Rastrigin,19,FA,8000,hard,0,30,0.03125,0.0016532542666409576,0.09211405994732372,72.38799713788849,74.06287302230936,51.38441908979985,89.39033064167575
cont,Rastrigin,19,FA,10000,easy,0,30,0.03125,0.0016532542666409576,0.09211405994732372,71.10298713484208,71.43823518213956,52.69175168075833,88.98849228872372
cont,Rastrigin,19,FA,10000,med,0,30,0.03125,0.0016532542666409576,0.09211405994732372,71.10298713484208,71.43823518213956,52.69175168075833,88.98849228872372
cont,Rastrigin,19,FA,10000,hard,0,30,0.03125,0.0016532542666409576,0.09211405994732372,71.10298713484208,71.43823518213956,52.69175168075833,88.98849228872372
cont,Rastrigin,19,GWO,2000,easy,0,30,0.03125,0.0016532542666409576,0.09211405994732372,15.387941286553083,13.59035618601144,5.831404333755415,27.143525002184816
cont,Rastrigin,19,GWO,2000,med,0,30,0.03125,0.0016532542666409576,0.09211405994732372,15.387941286553083,13.59035618601144,5.831404333755415,27.143525002184816
cont,Rastrigin,19,GWO,2000,hard,0,30,0.03125,0.0016532542666409576,0.09211405994732372,15.387941286553083,13.59035618601144,5.831404333755415,27.143525002184816
cont,Rastrigin,19,GWO,5000,easy,0,30,0.03125,0.0016532542666409576,0.09211405994732372,23.996108743635546,22.43223493016216,15.15305632869331,41.67145738446047
cont,Rastrigin,19,GWO,5000,med,0,30,0.03125,0.0016532542666409576,0.09211405994732372,23.996108743635546,22.43223493016216,15.15305632869331,41.67145738446047
cont,Rastrigin,19,GWO,5000,hard,0,30,0.03125,0.0016532542666409576,0.09211405994732372,23.996108743635546,22.43223493016216,15.15305632869331,41.67145738446047
cont,Rastrigin,19,GWO,8000,easy,0,30,0.03125,0.0016532542666409576,0.09211405994732372,24.814777008537096,24.873442743444016,9.963685071107207,37.08039454414906
cont,Rastrigin,19,GWO,8000,med,0,30,0.03125,0.0016532542666409576,0.09211405994732372,24.814777008537096,24.873442743444016,9.963685071107207,37.08039454414906
cont,Rastrigin,19,GWO,8000,hard,0,30,0.03125,0.0016532542666409576,0.09211405994732372,24.814777008537096,24.873442743444016,9.963685071107207,37.08039454414906
cont,Rastrigin,19,GWO,10000,easy,0,30,0.03125,0.0016532542666409576,0.09211405994732372,27.46458667942074,27.966336976393734,12.972551035121285,37.61196367104967
cont,Rastrigin,19,GWO,10000,med,0,30,0.03125,0.0016532542666409576,0.09211405994732372,27.46458667942074,27.966336976393734,12.972551035121285,37.61196367104967
cont,Rastrigin,19,GWO,10000,hard,0,30,0.03125,0.0016532542666409576,0.09211405994732372,27.46458667942074,27.966336976393734,12.972551035121285,37.61196367104967
cont,Rastrigin,19,MFO,2000,easy,0,30,0.03125,0.0016532542666409576,0.09211405994732372,50.82765405793421,48.65151609814883,22.243637346564782,84.51124913161392
cont,Rastrigin,19,MFO,2000,med,0,30,0.03125,0.0016532542666409576,0.09211405994732372,50.82765405793421,48.65151609814883,22.243637346564782,84.51124913161392
cont,Rastrigin,19,MFO,2000,hard,0,30,0.03125,0.0016532542666409576,0.09211405994732372,50.82765405793421,48.65151609814883,22.243637346564782,84.51124913161392
cont,Rastrigin,19,MFO,5000,easy,0,30,0.03125,0.0016532542666409576,0.09211405994732372,38.29296835370626,37.85568681302493,15.994496828290053,76.87416741440202
cont,Rastrigin,19,MFO,5000,med,0,30,0.03125,0.0016532542666409576,0.09211405994732372,38.29296835370626,37.85568681302493,15.994496828290053,76.87416741440202
cont,Rastrigin,19,MFO,5000,hard,0,30,0.03125,0.0016532542666409576,0.09211405994732372,38.29296835370626,37.85568681302493,15.994496828290053,76.87416741440202
cont,Rastrigin,19,MFO,8000,easy,0,30,0.03125,0.0016532542666409576,0.09211405994732372,37.03378310080134,33.24808178143301,17.154927467114646,75.94523865773584
cont,Rastrigin,19,MFO,8000,med,0,30,0.03125,0.0016532542666409576,0.09211405994732372,37.03378310080134,33.24808178143301,17.154927467114646,75.94523865773584
cont,Rastrigin,19,MFO,8000,hard,0,30,0.03125,0.0016532542666409576,0.09211405994732372,37.03378310080134,33.24808178143301,17.154927467114646,75.94523865773584
cont,Rastrigin,19,MFO,10000,easy,0,30,0.03125,0.0016532542666409576,0.09211405994732372,35.56306757724222,35.39015812961947,11.388571027600648,54.307571806501215
cont,Rastrigin,19,MFO,10000,med,0,30,0.03125,0.0016532542666409576,0.09211405994732372,35.56306757724222,35.39015812961947,11.388571027600648,54.307571806501215
cont,Rastrigin,19,MFO,10000,hard,0,30,0.03125,0.0016532542666409576,0.09211405994732372,35.56306757724222,35.39015812961947,11.388571027600648,54.307571806501215
cont,Rastrigin,19,PSO_GBEST,2000,easy,0,30,0.03125,0.0016532542666409576,0.09211405994732372,27.82755622536023,25.99179347030845,9.794437489561375,45.04479210104108
cont,Rastrigin,19,PSO_GBEST,2000,med,0,30,0.03125,0.0016532542666409576,0.09211405994732372,27.82755622536023,25.99179347030845,9.794437489561375,45.04479210104108
cont,Rastrigin,19,PSO_GBEST,2000,hard,0,30,0.03125,0.0016532542666409576,0.09211405994732372,27.82755622536023,25.99179347030845,9.794437489561375,45.04479210104108
cont,Rastrigin,19,PSO_GBEST,5000,easy,0,30,0.03125,0.0016532542666409576,0.09211405994732372,14.518156207164827,12.252034909409467,6.306211819478008,35.84526624890792
cont,Rastrigin,19,PSO_GBEST,5000,med,0,30,0.03125,0.0016532542666409576,0.09211405994732372,14.518156207164827,12.252034909409467,6.306211819478008,35.84526624890792
cont,Rastrigin,19,PSO_GBEST,5000,hard,0,30,0.03125,0.0016532542666409576,0.09211405994732372,14.518156207164827,12.252034909409467,6.306211819478008,35.84526624890792
cont,Rastrigin,19,PSO_GBEST,8000,easy,0,30,0.03125,0.0016532542666409576,0.09211405994732372,13.586118573640501,11.442033459213363,3.9799876815141744,41.80625376855568
cont,Rastrigin,19,PSO_GBEST,8000,med,0,30,0.03125,0.0016532542666409576,0.09211405994732372,13.586118573640501,11.442033459213363,3.9799876815141744,41.80625376855568
cont,Rastrigin,19,PSO_GBEST,8000,hard,0,30,0.03125,0.0016532542666409576,0.09211405994732372,13.586118573640501,11.442033459213363,3.9799876815141744,41.80625376855568
cont,Rastrigin,19,PSO_GBEST,10000,easy,0,30,0.03125,0.0016532542666409576,0.09211405994732372,15.718375054651577,16.62928034600204,0.9949590570942775,40.70260176089172
cont,Rastrigin,19,PSO_GBEST,10000,med,0,30,0.03125,0.0016532542666409576,0.09211405994732372,15.718375054651577,16.62928034600204,0.9949590570942775,40.70260176089172
cont,Rastrigin,19,PSO_GBEST,10000,hard,0,30,0.03125,0.0016532542666409576,0.09211405994732372,15.718375054651577,16.62928034600204,0.9949590570942775,40.70260176089172
cont,Rastrigin,19,WOA,2000,easy,0,30,0.03125,0.0016532542666409576,0.09211405994732372,40.69090862016228,37.60620276467023,25.282984250122098,74.7950849969923
cont,Rastrigin,19,WOA,2000,med,0,30,0.03125,0.0016532542666409576,0.09211405994732372,40.69090862016228,37.60620276467023,25.282984250122098,74.7950849969923
cont,Rastrigin,19,WOA,2000,hard,0,30,0.03125,0.0016532542666409576,0.09211405994732372,40.69090862016228,37.60620276467023,25.282984250122098,74.7950849969923
cont,Rastrigin,19,WOA,5000,easy,0,30,0.03125,0.0016532542666409576,0.09211405994732372,35.123916527540196,30.897136687531507,16.096419096591305,75.96118187783603
cont,Rastrigin,19,WOA,5000,med,0,30,0.03125,0.0016532542666409576,0.09211405994732372,35.123916527540196,30.897136687531507,16.096419096591305,75.96118187783603
cont,Rastrigin,19,WOA,5000,hard,0,30,0.03125,0.0016532542666409576,0.09211405994732372,35.123916527540196,30.897136687531507,16.096419096591305,75.96118187783603
cont,Rastrigin,19,WOA,8000,easy,0,30,0.03125,0.0016532542666409576,0.09211405994732372,32.63402419516746,29.06898991051365,12.965593393652696,55.78172878134399
cont,Rastrigin,19,WOA,8000,med,0,30,0.03125,0.0016532542666409576,0.09211405994732372,32.63402419516746,29.06898991051365,12.965593393652696,55.78172878134399
cont,Rastrigin,19,WOA,8000,hard,0,30,0.03125,0.0016532542666409576,0.09211405994732372,32.63402419516746,29.06898991051365,12.965593393652696,55.78172878134399
cont,Rastrigin,19,WOA,10000,easy,0,30,0.03125,0.0016532542666409576,0.09211405994732372,31.10001216714805,29.119053912414913,9.203197095378073,66.72770645823903
cont,Rastrigin,19,WOA,10000,med,0,30,0.03125,0.0016532542666409576,0.09211405994732372,31.10001216714805,29.119053912414913,9.203197095378073,66.72770645823903
cont,Rastrigin,19,WOA,10000,hard,0,30,0.03125,0.0016532542666409576,0.09211405994732372,31.10001216714805,29.119053912414913,9.203197095378073,66.72770645823903
cont,Rosenbrock,1,ALO,2000,easy,0,30,0.03125,0.0016532542666409576,0.09211405994732372,23610.16019316678,20055.50187053019,3683.4784080736467,67119.95219328562
cont,Rosenbrock,1,ALO,2000,med,0,30,0.03125,0.0016532542666409576,0.09211405994732372,23610.16019316678,20055.50187053019,3683.4784080736467,67119.95219328562
cont,Rosenbrock,1,ALO,2000,hard,0,30,0.03125,0.0016532542666409576,0.09211405994732372,23610.16019316678,20055.50187053019,3683.4784080736467,67119.95219328562
cont,Rosenbrock,1,ALO,5000,easy,0,30,0.03125,0.0016532542666409576,0.09211405994732372,15673.042803364864,15102.929154878886,4116.382932941547,32333.456694171906
cont,Rosenbrock,1,ALO,5000,med,0,30,0.03125,0.0016532542666409576,0.09211405994732372,15673.042803364864,15102.929154878886,4116.382932941547,32333.456694171906
cont,Rosenbrock,1,ALO,5000,hard,0,30,0.03125,0.0016532542666409576,0.09211405994732372,15673.042803364864,15102.929154878886,4116.382932941547,32333.456694171906
cont,Rosenbrock,1,ALO,8000,easy,0,30,0.03125,0.0016532542666409576,0.09211405994732372,14896.902159095796,12034.043377705493,4421.989846467994,46639.66898038772
cont,Rosenbrock,1,ALO,8000,med,0,30,0.03125,0.0016532542666409576,0.09211405994732372,14896.902159095796,12034.043377705493,4421.989846467994,46639.66898038772
cont,Rosenbrock,1,ALO,8000,hard,0,30,0.03125,0.0016532542666409576,0.09211405994732372,14896.902159095796,12034.043377705493,4421.989846467994,46639.66898038772
cont,Rosenbrock,1,ALO,10000,easy,0,30,0.03125,0.0016532542666409576,0.09211405994732372,12436.05985385918,10730.0641337536,1468.8351256510207,30086.74017793433
cont,Rosenbrock,1,ALO,10000,med,0,30,0.03125,0.0016532542666409576,0.09211405994732372,12436.05985385918,10730.0641337536,1468.8351256510207,30086.74017793433
cont,Rosenbrock,1,ALO,10000,hard,0,30,0.03125,0.0016532542666409576,0.09211405994732372,12436.05985385918,10730.0641337536,1468.8351256510207,30086.74017793433
cont,Rosenbrock,1,BA,2000,easy,0,30,0.03125,0.0016532542666409576,0.09211405994732372,17127.784318462815,13938.837064450336,2192.4949115628133,49556.886375204434
cont,Rosenbrock,1,BA,2000,med,0,30,0.03125,0.0016532542666409576,0.09211405994732372,17127.784318462815,13938.837064450336,2192.4949115628133,49556.886375204434
cont,Rosenbrock,1,BA,2000,hard,0,30,0.03125,0.0016532542666409576,0.09211405994732372,17127.784318462815,13938.837064450336,2192.4949115628133,49556.886375204434
cont,Rosenbrock,1,BA,5000,easy,0,30,0.03125,0.0016532542666409576,0.09211405994732372,13842.095818861892,9448.527691699514,1287.7251010369318,38629.05441639047
cont,Rosenbrock,1,BA,5000,med,0,30,0.03125,0.0016532542666409576,0.09211405994732372,13842.095818861892,9448.527691699514,1287.7251010369318,38629.05441639047
cont,Rosenbrock,1,BA,5000,hard,0,30,0.03125,0.0016532542666409576,0.09211405994732372,13842.095818861892,9448.527691699514,1287.7251010369318,38629.05441639047
cont,Rosenbrock,1,BA,8000,easy,0,30,0.03125,0.0016532542666409576,0.09211405994732372,8072.360816278911,5782.005896855151,92.94327448356474,38777.459983518565
cont,Rosenbrock,1,BA,8000,med,0,30,0.03125,0.0016532542666409576,0.09211405994732372,8072.360816278911,5782.005896855151,92.94327448356474,38777.459983518565
cont,Rosenbrock,1,BA,8000,hard,0,30,0.03125,0.0016532542666409576,0.09211405994732372,8072.360816278911,5782.005896855151,92.94327448356474,38777.459983518565
cont,Rosenbrock,1,BA,10000,easy,0,30,0.03125,0.0016532542666409576,0.09211405994732372,7238.434479720992,5291.078210349149,552.5464302951507,24295.24138542481
cont,Rosenbrock,1,BA,10000,med,0,30,0.03125,0.0016532542666409576,0.09211405994732372,7238.434479720992,5291.078210349149,552.5464302951507,24295.24138542481
cont,Rosenbrock,1,BA,10000,hard,0,30,0.03125,0.0016532542666409576,0.09211405994732372,7238.434479720992,5291.078210349149,552.5464302951507,24295.24138542481
cont,Rosenbrock,1,ES_1P1,2000,easy,0,30,0.03125,0.0016532542666409576,0.09211405994732372,6.718455079929682,6.86027435991936,2.766579430204231,9.547717921546434
cont,Rosenbrock,1,ES_1P1,2000,med,0,30,0.03125,0.0016532542666409576,0.09211405994732372,6.718455079929682,6.86027435991936,2.766579430204231,9.547717921546434
cont,Rosenbrock,1,ES_1P1,2000,hard,0,30,0.03125,0.0016532542666409576,0.09211405994732372,6.718455079929682,6.86027435991936,2.766579430204231,9.547717921546434
cont,Rosenbrock,1,ES_1P1,5000,easy,0,30,0.03125,0.0016532542666409576,0.09211405994732372,4.065430992022628,3.646777173780008,0.7094405521991749,8.643038412512658
cont,Rosenbrock,1,ES_1P1,5000,med,0,30,0.03125,0.0016532542666409576,0.09211405994732372,4.065430992022628,3.646777173780008,0.7094405521991749,8.643038412512658
cont,Rosenbrock,1,ES_1P1,5000,hard,0,30,0.03125,0.0016532542666409576,0.09211405994732372,4.065430992022628,3.646777173780008,0.7094405521991749,8.643038412512658
cont,Rosenbrock,1,ES_1P1,8000,easy,0,30,0.03125,0.0016532542666409576,0.09211405994732372,2.854252448894987,2.171573325045929,0.1025218919738123,8.48225285321332
cont,Rosenbrock,1,ES_1P1,8000,med,0,30,0.03125,0.0016532542666409576,0.09211405994732372,2.854252448894987,2.171573325045929,0.1025218919738123,8.48225285321332
cont,Rosenbrock,1,ES_1P1,8000,hard,0,30,0.03125,0.0016532542666409576,0.09211405994732372,2.854252448894987,2.171573325045929,0.1025218919738123,8.48225285321332
cont,Rosenbrock,1,ES_1P1,10000,easy,0,30,0.03125,0.0016532542666409576,0.09211405994732372,2.354740980241948,1.3573872566281864,0.35472731346922615,8.434888640760471
cont,Rosenbrock,1,ES_1P1,10000,med,0,30,0.03125,0.0016532542666409576,0.09211405994732372,2.354740980241948,1.3573872566281864,0.35472731346922615,8.434888640760471
cont,Rosenbrock,1,ES_1P1,10000,hard,0,30,0.03125,0.0016532542666409576,0.09211405994732372,2.354740980241948,1.3573872566281864,0.35472731346922615,8.434888640760471
cont,Rosenbrock,1,FA,2000,easy,0,30,0.03125,0.0016532542666409576,0.09211405994732372,5310.83267828042,5155.929277522606,1929.0519125656801,9456.500789893125
cont,Rosenbrock,1,FA,2000,med,0,30,0.03125,0.0016532542666409576,0.09211405994732372,5310.83267828042,5155.929277522606,1929.0519125656801,9456.500789893125
cont,Rosenbrock,1,FA,2000,hard,0,30,0.03125,0.0016532542666409576,0.09211405994732372,5310.83267828042,5155.929277522606,1929.0519125656801,9456.500789893125
cont,Rosenbrock,1,FA,5000,easy,0,30,0.03125,0.0016532542666409576,0.09211405994732372,3418.032774539613,3644.398179359502,296.4257739585838,6234.458938469746
cont,Rosenbrock,1,FA,5000,med,0,30,0.03125,0.0016532542666409576,0.09211405994732372,3418.032774539613,3644.398179359502,296.4257739585838,6234.458938469746
cont,Rosenbrock,1,FA,5000,hard,0,30,0.03125,0.0016532542666409576,0.09211405994732372,3418.032774539613,3644.398179359502,296.4257739585838,6234.458938469746
cont,Rosenbrock,1,FA,8000,easy,0,30,0.03125,0.0016532542666409576,0.09211405994732372,2935.5534261419116,3193.8289640358644,590.8850309376667,5710.085801887764
cont,Rosenbrock,1,FA,8000,med,0,30,0.03125,0.0016532542666409576,0.09211405994732372,2935.5534261419116,3193.8289640358644,590.8850309376667,5710.085801887764
cont,Rosenbrock,1,FA,8000,hard,0,30,0.03125,0.0016532542666409576,0.09211405994732372,2935.5534261419116,3193.8289640358644,590.8850309376667,5710.085801887764
cont,Rosenbrock,1,FA,10000,easy,0,30,0.03125,0.0016532542666409576,0.09211405994732372,2871.7908434880433,2936.209976098536,963.0527250093935,6233.19205405007
cont,Rosenbrock,1,FA,10000,med,0,30,0.03125,0.0016532542666409576,0.09211405994732372,2871.7908434880433,2936.209976098536,963.0527250093935,6233.19205405007
cont,Rosenbrock,1,FA,10000,hard,0,30,0.03125,0.0016532542666409576,0.09211405994732372,2871.7908434880433,2936.209976098536,963.0527250093935,6233.19205405007
cont,Rosenbrock,1,GWO,2000,easy,0,30,0.03125,0.0016532542666409576,0.09211405994732372,12.538344381097165,9.013131099867087,3.7169124384520815,117.35668239013897
cont,Rosenbrock,1,GWO,2000,med,0,30,0.03125,0.0016532542666409576,0.09211405994732372,12.538344381097165,9.013131099867087,3.7169124384520815,117.35668239013897
cont,Rosenbrock,1,GWO,2000,hard,0,30,0.03125,0.0016532542666409576,0.09211405994732372,12.538344381097165,9.013131099867087,3.7169124384520815,117.35668239013897
cont,Rosenbrock,1,GWO,5000,easy,0,30,0.03125,0.0016532542666409576,0.09211405994732372,10.694703595018572,7.244828906381244,5.575600619804106,64.9297252359068
cont,Rosenbrock,1,GWO,5000,med,0,30,0.03125,0.0016532542666409576,0.09211405994732372,10.694703595018572,7.244828906381244,5.575600619804106,64.9297252359068
cont,Rosenbrock,1,GWO,5000,hard,0,30,0.03125,0.0016532542666409576,0.09211405994732372,10.694703595018572,7.244828906381244,5.575600619804106,64.9297252359068
cont,Rosenbrock,1,GWO,8000,easy,0,30,0.03125,0.0016532542666409576,0.09211405994732372,18.960897069306434,6.923313193369458,6.060822239150822,243.5262991822108
cont,Rosenbrock,1,GWO,8000,med,0,30,0.03125,0.0016532542666409576,0.09211405994732372,18.960897069306434,6.923313193369458,6.060822239150822,243.5262991822108
cont,Rosenbrock,1,GWO,8000,hard,0,30,0.03125,0.0016532542666409576,0.09211405994732372,18.960897069306434,6.923313193369458,6.060822239150822,243.5262991822108
cont,Rosenbrock,1,GWO,10000,easy,0,30,0.03125,0.0016532542666409576,0.09211405994732372,30.99488210763091,6.916798563135204,6.551784553385145,497.49206914686187
cont,Rosenbrock,1,GWO,10000,med,0,30,0.03125,0.0016532542666409576,0.09211405994732372,30.99488210763091,6.916798563135204,6.551784553385145,497.49206914686187
cont,Rosenbrock,1,GWO,10000,hard,0,30,0.03125,0.0016532542666409576,0.09211405994732372,30.99488210763091,6.916798563135204,6.551784553385145,497.49206914686187
cont,Rosenbrock,1,MFO,2000,easy,0,30,0.03125,0.0016532542666409576,0.09211405994732372,3043.1894592132307,2533.783321923264,254.24124188446126,11641.499652374667
cont,Rosenbrock,1,MFO,2000,med,0,30,0.03125,0.0016532542666409576,0.09211405994732372,3043.1894592132307,2533.783321923264,254.24124188446126,11641.499652374667
cont,Rosenbrock,1,MFO,2000,hard,0,30,0.03125,0.0016532542666409576,0.09211405994732372,3043.1894592132307,2533.783321923264,254.24124188446126,11641.499652374667
cont,Rosenbrock,1,MFO,5000,easy,0,30,0.03125,0.0016532542666409576,0.09211405994732372,1072.6952325737743,1061.0137481081474,94.37677662792116,3865.809965221608
cont,Rosenbrock,1,MFO,5000,med,0,30,0.03125,0.0016532542666409576,0.09211405994732372,1072.6952325737743,1061.0137481081474,94.37677662792116,3865.809965221608
cont,Rosenbrock,1,MFO,5000,hard,0,30,0.03125,0.0016532542666409576,0.09211405994732372,1072.6952325737743,1061.0137481081474,94.37677662792116,3865.809965221608
cont,Rosenbrock,1,MFO,8000,easy,0,30,0.03125,0.0016532542666409576,0.09211405994732372,730.4406321865422,326.72498797101906,13.180527015912284,5053.741460548418
cont,Rosenbrock,1,MFO,8000,med,0,30,0.03125,0.0016532542666409576,0.09211405994732372,730.4406321865422,326.72498797101906,13.180527015912284,5053.741460548418
cont,Rosenbrock,1,MFO,8000,hard,0,30,0.03125,0.0016532542666409576,0.09211405994732372,730.4406321865422,326.72498797101906,13.180527015912284,5053.741460548418
cont,Rosenbrock,1,MFO,10000,easy,0,30,0.03125,0.0016532542666409576,0.09211405994732372,713.3453544750976,496.3940519109709,30.001077466468804,4153.235200396915
cont,Rosenbrock,1,MFO,10000,med,0,30,0.03125,0.0016532542666409576,0.09211405994732372,713.3453544750976,496.3940519109709,30.001077466468804,4153.235200396915
cont,Rosenbrock,1,MFO,10000,hard,0,30,0.03125,0.0016532542666409576,0.09211405994732372,713.3453544750976,496.3940519109709,30.001077466468804,4153.235200396915
cont,Rosenbrock,1,PSO_GBEST,2000,easy,0,30,0.03125,0.0016532542666409576,0.09211405994732372,337.6890029649776,11.173957384349496,6.092856306449865,4003.115497648077
cont,Rosenbrock,1,PSO_GBEST,2000,med,0,30,0.03125,0.0016532542666409576,0.09211405994732372,337.6890029649776,11.173957384349496,6.092856306449865,4003.115497648077
cont,Rosenbrock,1,PSO_GBEST,2000,hard,0,30,0.03125,0.0016532542666409576,0.09211405994732372,337.6890029649776,11.173957384349496,6.092856306449865,4003.115497648077
cont,Rosenbrock,1,PSO_GBEST,5000,easy,0,30,0.03125,0.0016532542666409576,0.09211405994732372,271.197836246358,5.972797823894872,0.2695376406549229,7793.57613471349
cont,Rosenbrock,1,PSO_GBEST,5000,med,0,30,0.03125,0.0016532542666409576,0.09211405994732372,271.197836246358,5.972797823894872,0.2695376406549229,7793.57613471349
cont,Rosenbrock,1,PSO_GBEST,5000,hard,0,30,0.03125,0.0016532542666409576,0.09211405994732372,271.197836246358,5.972797823894872,0.2695376406549229,7793.57613471349
cont,Rosenbrock,1,PSO_GBEST,8000,easy,1,30,0.0625,0.011585315861443594,0.14409039131834475,469.1383784356581,4.328164874423123,0.06285460864897134,6970.647316398032
cont,Rosenbrock,1,PSO_GBEST,8000,med,0,30,0.03125,0.0016532542666409576,0.09211405994732372,469.1383784356581,4.328164874423123,0.06285460864897134,6970.647316398032
cont,Rosenbrock,1,PSO_GBEST,8000,hard,0,30,0.03125,0.0016532542666409576,0.09211405994732372,469.1383784356581,4.328164874423123,0.06285460864897134,6970.647316398032
cont,Rosenbrock,1,PSO_GBEST,10000,easy,2,30,0.09375,0.02690011969114915,0.18946446742553866,76.05182645924947,4.123234582770449,0.008693727227512126,1597.7014930397954
cont,Rosenbrock,1,PSO_GBEST,10000,med,1,30,0.0625,0.011585315861443594,0.14409039131834475,76.05182645924947,4.123234582770449,0.008693727227512126,1597.7014930397954
cont,Rosenbrock,1,PSO_GBEST,10000,hard,0,30,0.03125,0.0016532542666409576,0.09211405994732372,76.05182645924947,4.123234582770449,0.008693727227512126,1597.7014930397954
cont,Rosenbrock,1,WOA,2000,easy,0,30,0.03125,0.0016532542666409576,0.09211405994732372,71.88663866475385,25.730914114515286,7.882766220415235,995.4978504121104
cont,Rosenbrock,1,WOA,2000,med,0,30,0.03125,0.0016532542666409576,0.09211405994732372,71.88663866475385,25.730914114515286,7.882766220415235,995.4978504121104
cont,Rosenbrock,1,WOA,2000,hard,0,30,0.03125,0.0016532542666409576,0.09211405994732372,71.88663866475385,25.730914114515286,7.882766220415235,995.4978504121104
cont,Rosenbrock,1,WOA,5000,easy,0,30,0.03125,0.0016532542666409576,0.09211405994732372,12.455633017529443,7.488943094333818,0.5044596689390042,77.35333480886324
cont,Rosenbrock,1,WOA,5000,med,0,30,0.03125,0.0016532542666409576,0.09211405994732372,12.455633017529443,7.488943094333818,0.5044596689390042,77.35333480886324
cont,Rosenbrock,1,WOA,5000,hard,0,30,0.03125,0.0016532542666409576,0.09211405994732372,12.455633017529443,7.488943094333818,0.5044596689390042,77.35333480886324
cont,Rosenbrock,1,WOA,8000,easy,0,30,0.03125,0.0016532542666409576,0.09211405994732372,8.696248356564881,7.333191423772851,0.44186470914455234,74.7255793817436
cont,Rosenbrock,1,WOA,8000,med,0,30,0.03125,0.0016532542666409576,0.09211405994732372,8.696248356564881,7.333191423772851,0.44186470914455234,74.7255793817436
cont,Rosenbrock,1,WOA,8000,hard,0,30,0.03125,0.0016532542666409576,0.09211405994732372,8.696248356564881,7.333191423772851,0.44186470914455234,74.7255793817436
cont,Rosenbrock,1,WOA,10000,easy,0,30,0.03125,0.0016532542666409576,0.09211405994732372,6.243525602899193,6.6364795588913115,0.22559985117127854,18.05220210232186
cont,Rosenbrock,1,WOA,10000,med,0,30,0.03125,0.0016532542666409576,0.09211405994732372,6.243525602899193,6.6364795588913115,0.22559985117127854,18.05220210232186
cont,Rosenbrock,1,WOA,10000,hard,0,30,0.03125,0.0016532542666409576,0.09211405994732372,6.243525602899193,6.6364795588913115,0.22559985117127854,18.05220210232186
cont,Rosenbrock,2,ALO,2000,easy,0,30,0.03125,0.0016532542666409576,0.09211405994732372,15283.456900187399,11253.004041118866,4874.018103865203,51878.4776205624
cont,Rosenbrock,2,ALO,2000,med,0,30,0.03125,0.0016532542666409576,0.09211405994732372,15283.456900187399,11253.004041118866,4874.018103865203,51878.4776205624
cont,Rosenbrock,2,ALO,2000,hard,0,30,0.03125,0.0016532542666409576,0.09211405994732372,15283.456900187399,11253.004041118866,4874.018103865203,51878.4776205624
cont,Rosenbrock,2,ALO,5000,easy,0,30,0.03125,0.0016532542666409576,0.09211405994732372,12218.264538216481,10978.914226206745,3883.0563856287326,25717.00329012825
cont,Rosenbrock,2,ALO,5000,med,0,30,0.03125,0.0016532542666409576,0.09211405994732372,12218.264538216481,10978.914226206745,3883.0563856287326,25717.00329012825
cont,Rosenbrock,2,ALO,5000,hard,0,30,0.03125,0.0016532542666409576,0.09211405994732372,12218.264538216481,10978.914226206745,3883.0563856287326,25717.00329012825
cont,Rosenbrock,2,ALO,8000,easy,0,30,0.03125,0.0016532542666409576,0.09211405994732372,11075.913511935285,9659.335927684118,863.5345742446525,29609.84853612484
cont,Rosenbrock,2,ALO,8000,med,0,30,0.03125,0.0016532542666409576,0.09211405994732372,11075.913511935285,9659.335927684118,863.5345742446525,29609.84853612484
cont,Rosenbrock,2,ALO,8000,hard,0,30,0.03125,0.0016532542666409576,0.09211405994732372,11075.913511935285,9659.335927684118,863.5345742446525,29609.84853612484
cont,Rosenbrock,2,ALO,10000,easy,0,30,0.03125,0.0016532542666409576,0.09211405994732372,8942.927511035534,7083.474528152952,1059.2693444738056,24616.235519640875
cont,Rosenbrock,2,ALO,10000,med,0,30,0.03125,0.0016532542666409576,0.09211405994732372,8942.927511035534,7083.474528152952,1059.2693444738056,24616.235519640875
cont,Rosenbrock,2,ALO,10000,hard,0,30,0.03125,0.0016532542666409576,0.09211405994732372,8942.927511035534,7083.474528152952,1059.2693444738056,24616.235519640875
cont,Rosenbrock,2,BA,2000,easy,0,30,0.03125,0.0016532542666409576,0.09211405994732372,10754.946141353583,7967.942524425243,871.1944448008828,40156.302991781624
cont,Rosenbrock,2,BA,2000,med,0,30,0.03125,0.0016532542666409576,0.09211405994732372,10754.946141353583,7967.942524425243,871.1944448008828,40156.302991781624
cont,Rosenbrock,2,BA,2000,hard,0,30,0.03125,0.0016532542666409576,0.09211405994732372,10754.946141353583,7967.942524425243,871.1944448008828,40156.302991781624
cont,Rosenbrock,2,BA,5000,easy,0,30,0.03125,0.0016532542666409576,0.09211405994732372,6087.749970728714,3735.806246786836,708.3071944491819,19714.490091780946
cont,Rosenbrock,2,BA,5000,med,0,30,0.03125,0.0016532542666409576,0.09211405994732372,6087.749970728714,3735.806246786836,708.3071944491819,19714.490091780946
cont,Rosenbrock,2,BA,5000,hard,0,30,0.03125,0.0016532542666409576,0.09211405994732372,6087.749970728714,3735.806246786836,708.3071944491819,19714.490091780946
cont,Rosenbrock,2,BA,8000,easy,0,30,0.03125,0.0016532542666409576,0.09211405994732372,4043.648234555951,2285.389415242834,108.52009683637024,13854.523319583092
cont,Rosenbrock,2,BA,8000,med,0,30,0.03125,0.0016532542666409576,0.09211405994732372,4043.648234555951,2285.389415242834,108.52009683637024,13854.523319583092
cont,Rosenbrock,2,BA,8000,hard,0,30,0.03125,0.0016532542666409576,0.09211405994732372,4043.648234555951,2285.389415242834,108.52009683637024,13854.523319583092
cont,Rosenbrock,2,BA,10000,easy,0,30,0.03125,0.0016532542666409576,0.09211405994732372,3174.4704130562764,1429.951524847245,109.331326394575,17304.780271832384
cont,Rosenbrock,2,BA,10000,med,0,30,0.03125,0.0016532542666409576,0.09211405994732372,3174.4704130562764,1429.951524847245,109.331326394575,17304.780271832384
cont,Rosenbrock,2,BA,10000,hard,0,30,0.03125,0.0016532542666409576,0.09211405994732372,3174.4704130562764,1429.951524847245,109.331326394575,17304.780271832384
cont,Rosenbrock,2,ES_1P1,2000,easy,1,30,0.0625,0.011585315861443594,0.14409039131834475,18.977251672378923,6.1909660804367,0.09629355954222493,195.32046490809483
cont,Rosenbrock,2,ES_1P1,2000,med,0,30,0.03125,0.0016532542666409576,0.09211405994732372,18.977251672378923,6.1909660804367,0.09629355954222493,195.32046490809483
cont,Rosenbrock,2,ES_1P1,2000,hard,0,30,0.03125,0.0016532542666409576,0.09211405994732372,18.977251672378923,6.1909660804367,0.09629355954222493,195.32046490809483
cont,Rosenbrock,2,ES_1P1,5000,easy,1,30,0.0625,0.011585315861443594,0.14409039131834475,11.359788200018821,4.317743734750818,0.04256218582609465,91.08388835305995
cont,Rosenbrock,2,ES_1P1,5000,med,0,30,0.03125,0.0016532542666409576,0.09211405994732372,11.359788200018821,4.317743734750818,0.04256218582609465,91.08388835305995
cont,Rosenbrock,2,ES_1P1,5000,hard,0,30,0.03125,0.0016532542666409576,0.09211405994732372,11.359788200018821,4.317743734750818,0.04256218582609465,91.08388835305995
cont,Rosenbrock,2,ES_1P1,8000,easy,0,30,0.03125,0.0016532542666409576,0.09211405994732372,8.781623923603714,2.6453812581119465,0.325401890450849,94.37514040480245
cont,Rosenbrock,2,ES_1P1,8000,med,0,30,0.03125,0.0016532542666409576,0.09211405994732372,8.781623923603714,2.6453812581119465,0.325401890450849,94.37514040480245
cont,Rosenbrock,2,ES_1P1,8000,hard,0,30,0.03125,0.0016532542666409576,0.09211405994732372,8.781623923603714,2.6453812581119465,0.325401890450849,94.37514040480245
cont,Rosenbrock,2,ES_1P1,10000,easy,1,30,0.0625,0.011585315861443594,0.14409039131834475,2.4264532613798364,1.5523738354331291,0.013628703015435893,6.686593255423394
cont,Rosenbrock,2,ES_1P1,10000,med,0,30,0.03125,0.0016532542666409576,0.09211405994732372,2.4264532613798364,1.5523738354331291,0.013628703015435893,6.686593255423394
cont,Rosenbrock,2,ES_1P1,10000,hard,0,30,0.03125,0.0016532542666409576,0.09211405994732372,2.4264532613798364,1.5523738354331291,0.013628703015435893,6.686593255423394
cont,Rosenbrock,2,FA,2000,easy,0,30,0.03125,0.0016532542666409576,0.09211405994732372,5090.786089119085,4616.702675501839,1226.3061047063052,11654.686153156917
cont,Rosenbrock,2,FA,2000,med,0,30,0.03125,0.0016532542666409576,0.09211405994732372,5090.786089119085,4616.702675501839,1226.3061047063052,11654.686153156917
cont,Rosenbrock,2,FA,2000,hard,0,30,0.03125,0.0016532542666409576,0.09211405994732372,5090.786089119085,4616.702675501839,1226.3061047063052,11654.686153156917
cont,Rosenbrock,2,FA,5000,easy,0,30,0.03125,0.0016532542666409576,0.09211405994732372,3430.7558191874864,3422.800855358176,1106.4959839923376,6960.7581448445535
cont,Rosenbrock,2,FA,5000,med,0,30,0.03125,0.0016532542666409576,0.09211405994732372,3430.7558191874864,3422.800855358176,1106.4959839923376,6960.7581448445535
cont,Rosenbrock,2,FA,5000,hard,0,30,0.03125,0.0016532542666409576,0.09211405994732372,3430.7558191874864,3422.800855358176,1106.4959839923376,6960.7581448445535
cont,Rosenbrock,2,FA,8000,easy,0,30,0.03125,0.0016532542666409576,0.09211405994732372,3554.10590123626,3422.937253023285,599.041842692329,6106.5356522190505
cont,Rosenbrock,2,FA,8000,med,0,30,0.03125,0.0016532542666409576,0.09211405994732372,3554.10590123626,3422.937253023285,599.041842692329,6106.5356522190505
cont,Rosenbrock,2,FA,8000,hard,0,30,0.03125,0.0016532542666409576,0.09211405994732372,3554.10590123626,3422.937253023285,599.041842692329,6106.5356522190505
cont,Rosenbrock,2,FA,10000,easy,0,30,0.03125,0.0016532542666409576,0.09211405994732372,3443.0804439783633,3235.4522842386696,1479.9549248474993,7319.222130885963
cont,Rosenbrock,2,FA,10000,med,0,30,0.03125,0.0016532542666409576,0.09211405994732372,3443.0804439783633,3235.4522842386696,1479.9549248474993,7319.222130885963
cont,Rosenbrock,2,FA,10000,hard,0,30,0.03125,0.0016532542666409576,0.09211405994732372,3443.0804439783633,3235.4522842386696,1479.9549248474993,7319.222130885963
cont,Rosenbrock,2,GWO,2000,easy,0,30,0.03125,0.0016532542666409576,0.09211405994732372,60.62430398775124,74.23750877847601,1.1053053215855468,148.1517072343012
cont,Rosenbrock,2,GWO,2000,med,0,30,0.03125,0.0016532542666409576,0.09211405994732372,60.62430398775124,74.23750877847601,1.1053053215855468,148.1517072343012
cont,Rosenbrock,2,GWO,2000,hard,0,30,0.03125,0.0016532542666409576,0.09211405994732372,60.62430398775124,74.23750877847601,1.1053053215855468,148.1517072343012
cont,Rosenbrock,2,GWO,5000,easy,0,30,0.03125,0.0016532542666409576,0.09211405994732372,38.46290588484257,10.49153503459614,1.62330334082221,146.66494744012343
cont,Rosenbrock,2,GWO,5000,med,0,30,0.03125,0.0016532542666409576,0.09211405994732372,38.46290588484257,10.49153503459614,1.62330334082221,146.66494744012343
cont,Rosenbrock,2,GWO,5000,hard,0,30,0.03125,0.0016532542666409576,0.09211405994732372,38.46290588484257,10.49153503459614,1.62330334082221,146.66494744012343
cont,Rosenbrock,2,GWO,8000,easy,0,30,0.03125,0.0016532542666409576,0.09211405994732372,33.38048801778624,10.30004908594994,1.124587053795139,94.19475051641545
cont,Rosenbrock,2,GWO,8000,med,0,30,0.03125,0.0016532542666409576,0.09211405994732372,33.38048801778624,10.30004908594994,1.124587053795139,94.19475051641545
cont,Rosenbrock,2,GWO,8000,hard,0,30,0.03125,0.0016532542666409576,0.09211405994732372,33.38048801778624,10.30004908594994,1.124587053795139,94.19475051641545
cont,Rosenbrock,2,GWO,10000,easy,0,30,0.03125,0.0016532542666409576,0.09211405994732372,42.62836717384908,22.112522786917594,3.041429575507446,141.33395716977265
cont,Rosenbrock,2,GWO,10000,med,0,30,0.03125,0.0016532542666409576,0.09211405994732372,42.62836717384908,22.112522786917594,3.041429575507446,141.33395716977265
cont,Rosenbrock,2,GWO,10000,hard,0,30,0.03125,0.0016532542666409576,0.09211405994732372,42.62836717384908,22.112522786917594,3.041429575507446,141.33395716977265
cont,Rosenbrock,2,MFO,2000,easy,0,30,0.03125,0.0016532542666409576,0.09211405994732372,859.7417857531697,517.0111790553372,65.55248067816385,4369.854774959778
cont,Rosenbrock,2,MFO,2000,med,0,30,0.03125,0.0016532542666409576,0.09211405994732372,859.7417857531697,517.0111790553372,65.55248067816385,4369.854774959778
cont,Rosenbrock,2,MFO,2000,hard,0,30,0.03125,0.0016532542666409576,0.09211405994732372,859.7417857531697,517.0111790553372,65.55248067816385,4369.854774959778
cont,Rosenbrock,2,MFO,5000,easy,0,30,0.03125,0.0016532542666409576,0.09211405994732372,428.0261143634987,263.2657321999484,4.958971695083931,1741.6282771875717
cont,Rosenbrock,2,MFO,5000,med,0,30,0.03125,0.0016532542666409576,0.09211405994732372,428.0261143634987,263.2657321999484,4.958971695083931,1741.6282771875717
cont,Rosenbrock,2,MFO,5000,hard,0,30,0.03125,0.0016532542666409576,0.09211405994732372,428.0261143634987,263.2657321999484,4.958971695083931,1741.6282771875717
cont,Rosenbrock,2,MFO,8000,easy,0,30,0.03125,0.0016532542666409576,0.09211405994732372,526.8204145196,242.59696395061417,17.071803912398643,3952.426774183937
cont,Rosenbrock,2,MFO,8000,med,0,30,0.03125,0.0016532542666409576,0.09211405994732372,526.8204145196,242.59696395061417,17.071803912398643,3952.426774183937
cont,Rosenbrock,2,MFO,8000,hard,0,30,0.03125,0.0016532542666409576,0.09211405994732372,526.8204145196,242.59696395061417,17.071803912398643,3952.426774183937
cont,Rosenbrock,2,MFO,10000,easy,0,30,0.03125,0.0016532542666409576,0.09211405994732372,331.91459949613187,154.23029605983788,1.255129456236321,2213.8798380390776
cont,Rosenbrock,2,MFO,10000,med,0,30,0.03125,0.0016532542666409576,0.09211405994732372,331.91459949613187,154.23029605983788,1.255129456236321,2213.8798380390776
cont,Rosenbrock,2,MFO,10000,hard,0,30,0.03125,0.0016532542666409576,0.09211405994732372,331.91459949613187,154.23029605983788,1.255129456236321,2213.8798380390776
cont,Rosenbrock,2,PSO_GBEST,2000,easy,0,30,0.03125,0.0016532542666409576,0.09211405994732372,100.40378935818275,9.817898959453123,2.3134828183697795,1012.073621997515
cont,Rosenbrock,2,PSO_GBEST,2000,med,0,30,0.03125,0.0016532542666409576,0.09211405994732372,100.40378935818275,9.817898959453123,2.3134828183697795,1012.073621997515
cont,Rosenbrock,2,PSO_GBEST,2000,hard,0,30,0.03125,0.0016532542666409576,0.09211405994732372,100.40378935818275,9.817898959453123,2.3134828183697795,1012.073621997515
cont,Rosenbrock,2,PSO_GBEST,5000,easy,2,30,0.09375,0.02690011969114915,0.18946446742553866,60.595040215771164,5.749094540874681,0.007220321257325249,1008.9788447141589
cont,Rosenbrock,2,PSO_GBEST,5000,med,1,30,0.0625,0.011585315861443594,0.14409039131834475,60.595040215771164,5.749094540874681,0.007220321257325249,1008.9788447141589
cont,Rosenbrock,2,PSO_GBEST,5000,hard,0,30,0.03125,0.0016532542666409576,0.09211405994732372,60.595040215771164,5.749094540874681,0.007220321257325249,1008.9788447141589
cont,Rosenbrock,2,PSO_GBEST,8000,easy,1,30,0.0625,0.011585315861443594,0.14409039131834475,85.61163753171337,4.452826812596746,0.011947890291019081,1006.3973530284359
cont,Rosenbrock,2,PSO_GBEST,8000,med,0,30,0.03125,0.0016532542666409576,0.09211405994732372,85.61163753171337,4.452826812596746,0.011947890291019081,1006.3973530284359
cont,Rosenbrock,2,PSO_GBEST,8000,hard,0,30,0.03125,0.0016532542666409576,0.09211405994732372,85.61163753171337,4.452826812596746,0.011947890291019081,1006.3973530284359
cont,Rosenbrock,2,PSO_GBEST,10000,easy,0,30,0.03125,0.0016532542666409576,0.09211405994732372,74.68530638655193,4.002418483017157,0.10922926148703875,1009.9305211880067
cont,Rosenbrock,2,PSO_GBEST,10000,med,0,30,0.03125,0.0016532542666409576,0.09211405994732372,74.68530638655193,4.002418483017157,0.10922926148703875,1009.9305211880067
cont,Rosenbrock,2,PSO_GBEST,10000,hard,0,30,0.03125,0.0016532542666409576,0.09211405994732372,74.68530638655193,4.002418483017157,0.10922926148703875,1009.9305211880067
cont,Rosenbrock,2,WOA,2000,easy,0,30,0.03125,0.0016532542666409576,0.09211405994732372,96.41149384963566,76.72417196072965,4.919390069941712,574.8865871185313
cont,Rosenbrock,2,WOA,2000,med,0,30,0.03125,0.0016532542666409576,0.09211405994732372,96.41149384963566,76.72417196072965,4.919390069941712,574.8865871185313
cont,Rosenbrock,2,WOA,2000,hard,0,30,0.03125,0.0016532542666409576,0.09211405994732372,96.41149384963566,76.72417196072965,4.919390069941712,574.8865871185313
cont,Rosenbrock,2,WOA,5000,easy,0,30,0.03125,0.0016532542666409576,0.09211405994732372,55.991888367530755,21.00049382015259,0.6675721895935983,206.09055111875097
cont,Rosenbrock,2,WOA,5000,med,0,30,0.03125,0.0016532542666409576,0.09211405994732372,55.991888367530755,21.00049382015259,0.6675721895935983,206.09055111875097
cont,Rosenbrock,2,WOA,5000,hard,0,30,0.03125,0.0016532542666409576,0.09211405994732372,55.991888367530755,21.00049382015259,0.6675721895935983,206.09055111875097
cont,Rosenbrock,2,WOA,8000,easy,0,30,0.03125,0.0016532542666409576,0.09211405994732372,50.77896785006794,8.317541798082607,0.9203580016008285,204.79341739782444
cont,Rosenbrock,2,WOA,8000,med,0,30,0.03125,0.0016532542666409576,0.09211405994732372,50.77896785006794,8.317541798082607,0.9203580016008285,204.79341739782444
cont,Rosenbrock,2,WOA,8000,hard,0,30,0.03125,0.0016532542666409576,0.09211405994732372,50.77896785006794,8.317541798082607,0.9203580016008285,204.79341739782444
cont,Rosenbrock,2,WOA,10000,easy,0,30,0.03125,0.0016532542666409576,0.09211405994732372,37.81918622535563,8.457591003243765,0.8268717402965085,203.31984048214017
cont,Rosenbrock,2,WOA,10000,med,0,30,0.03125,0.0016532542666409576,0.09211405994732372,37.81918622535563,8.457591003243765,0.8268717402965085,203.31984048214017
cont,Rosenbrock,2,WOA,10000,hard,0,30,0.03125,0.0016532542666409576,0.09211405994732372,37.81918622535563,8.457591003243765,0.8268717402965085,203.31984048214017
cont,Rosenbrock,4,ALO,2000,easy,0,30,0.03125,0.0016532542666409576,0.09211405994732372,18308.032482951316,15017.383383515647,3310.8158306228893,47686.332766364256
cont,Rosenbrock,4,ALO,2000,med,0,30,0.03125,0.0016532542666409576,0.09211405994732372,18308.032482951316,15017.383383515647,3310.8158306228893,47686.332766364256
cont,Rosenbrock,4,ALO,2000,hard,0,30,0.03125,0.0016532542666409576,0.09211405994732372,18308.032482951316,15017.383383515647,3310.8158306228893,47686.332766364256
cont,Rosenbrock,4,ALO,5000,easy,0,30,0.03125,0.0016532542666409576,0.09211405994732372,15367.604711462382,13908.73363138927,2451.8154042450046,35984.40396744832
cont,Rosenbrock,4,ALO,5000,med,0,30,0.03125,0.0016532542666409576,0.09211405994732372,15367.604711462382,13908.73363138927,2451.8154042450046,35984.40396744832
cont,Rosenbrock,4,ALO,5000,hard,0,30,0.03125,0.0016532542666409576,0.09211405994732372,15367.604711462382,13908.73363138927,2451.8154042450046,35984.40396744832
cont,Rosenbrock,4,ALO,8000,easy,0,30,0.03125,0.0016532542666409576,0.09211405994732372,11118.643551827878,9184.982215681526,2212.338246930411,51522.6480734033
cont,Rosenbrock,4,ALO,8000,med,0,30,0.03125,0.0016532542666409576,0.09211405994732372,11118.643551827878,9184.982215681526,2212.338246930411,51522.6480734033
cont,Rosenbrock,4,ALO,8000,hard,0,30,0.03125,0.0016532542666409576,0.09211405994732372,11118.643551827878,9184.982215681526,2212.338246930411,51522.6480734033
cont,Rosenbrock,4,ALO,10000,easy,0,30,0.03125,0.0016532542666409576,0.09211405994732372,11029.145469843103,8117.650382992679,729.022468824462,37442.119260734034
cont,Rosenbrock,4,ALO,10000,med,0,30,0.03125,0.0016532542666409576,0.09211405994732372,11029.145469843103,8117.650382992679,729.022468824462,37442.119260734034
cont,Rosenbrock,4,ALO,10000,hard,0,30,0.03125,0.0016532542666409576,0.09211405994732372,11029.145469843103,8117.650382992679,729.022468824462,37442.119260734034
cont,Rosenbrock,4,BA,2000,easy,0,30,0.03125,0.0016532542666409576,0.09211405994732372,17478.658503282953,12482.08465381289,2402.327862907018,49235.340128478325
cont,Rosenbrock,4,BA,2000,med,0,30,0.03125,0.0016532542666409576,0.09211405994732372,17478.658503282953,12482.08465381289,2402.327862907018,49235.340128478325
cont,Rosenbrock,4,BA,2000,hard,0,30,0.03125,0.0016532542666409576,0.09211405994732372,17478.658503282953,12482.08465381289,2402.327862907018,49235.340128478325
cont,Rosenbrock,4,BA,5000,easy,0,30,0.03125,0.0016532542666409576,0.09211405994732372,8669.1050477583,6411.083476218657,680.7292330859539,25683.304392991184
cont,Rosenbrock,4,BA,5000,med,0,30,0.03125,0.0016532542666409576,0.09211405994732372,8669.1050477583,6411.083476218657,680.7292330859539,25683.304392991184
cont,Rosenbrock,4,BA,5000,hard,0,30,0.03125,0.0016532542666409576,0.09211405994732372,8669.1050477583,6411.083476218657,680.7292330859539,25683.304392991184
cont,Rosenbrock,4,BA,8000,easy,0,30,0.03125,0.0016532542666409576,0.09211405994732372,4797.806499520757,2949.10029977826,205.65963718818193,16253.663556206053
cont,Rosenbrock,4,BA,8000,med,0,30,0.03125,0.0016532542666409576,0.09211405994732372,4797.806499520757,2949.10029977826,205.65963718818193,16253.663556206053
cont,Rosenbrock,4,BA,8000,hard,0,30,0.03125,0.0016532542666409576,0.09211405994732372,4797.806499520757,2949.10029977826,205.65963718818193,16253.663556206053
cont,Rosenbrock,4,BA,10000,easy,0,30,0.03125,0.0016532542666409576,0.09211405994732372,3603.2866927754408,2196.7302479849136,299.71975631471145,13852.22715140111
cont,Rosenbrock,4,BA,10000,med,0,30,0.03125,0.0016532542666409576,0.09211405994732372,3603.2866927754408,2196.7302479849136,299.71975631471145,13852.22715140111
cont,Rosenbrock,4,BA,10000,hard,0,30,0.03125,0.0016532542666409576,0.09211405994732372,3603.2866927754408,2196.7302479849136,299.71975631471145,13852.22715140111
cont,Rosenbrock,4,ES_1P1,2000,easy,0,30,0.03125,0.0016532542666409576,0.09211405994732372,35.959156116050195,7.108902693378449,2.7220591876968703,206.87221001778553
cont,Rosenbrock,4,ES_1P1,2000,med,0,30,0.03125,0.0016532542666409576,0.09211405994732372,35.959156116050195,7.108902693378449,2.7220591876968703,206.87221001778553
cont,Rosenbrock,4,ES_1P1,2000,hard,0,30,0.03125,0.0016532542666409576,0.09211405994732372,35.959156116050195,7.108902693378449,2.7220591876968703,206.87221001778553
cont,Rosenbrock,4,ES_1P1,5000,easy,0,30,0.03125,0.0016532542666409576,0.09211405994732372,10.033088430465599,3.972058442267251,2.312984981579672,100.65190117887526
cont,Rosenbrock,4,ES_1P1,5000,med,0,30,0.03125,0.0016532542666409576,0.09211405994732372,10.033088430465599,3.972058442267251,2.312984981579672,100.65190117887526
cont,Rosenbrock,4,ES_1P1,5000,hard,0,30,0.03125,0.0016532542666409576,0.09211405994732372,10.033088430465599,3.972058442267251,2.312984981579672,100.65190117887526
cont,Rosenbrock,4,ES_1P1,8000,easy,0,30,0.03125,0.0016532542666409576,0.09211405994732372,11.907857630884271,2.641657524145052,0.6608814671893096,112.663944137531
cont,Rosenbrock,4,ES_1P1,8000,med,0,30,0.03125,0.0016532542666409576,0.09211405994732372,11.907857630884271,2.641657524145052,0.6608814671893096,112.663944137531
cont,Rosenbrock,4,ES_1P1,8000,hard,0,30,0.03125,0.0016532542666409576,0.09211405994732372,11.907857630884271,2.641657524145052,0.6608814671893096,112.663944137531
cont,Rosenbrock,4,ES_1P1,10000,easy,0,30,0.03125,0.0016532542666409576,0.09211405994732372,17.265817356320326,2.4208222525129064,0.5231270022742618,128.15417442029357
cont,Rosenbrock,4,ES_1P1,10000,med,0,30,0.03125,0.0016532542666409576,0.09211405994732372,17.265817356320326,2.4208222525129064,0.5231270022742618,128.15417442029357
cont,Rosenbrock,4,ES_1P1,10000,hard,0,30,0.03125,0.0016532542666409576,0.09211405994732372,17.265817356320326,2.4208222525129064,0.5231270022742618,128.15417442029357
cont,Rosenbrock,4,FA,2000,easy,0,30,0.03125,0.0016532542666409576,0.09211405994732372,6153.832269839156,5667.567768281955,1691.5350512334153,11465.006966249011
cont,Rosenbrock,4,FA,2000,med,0,30,0.03125,0.0016532542666409576,0.09211405994732372,6153.832269839156,5667.567768281955,1691.5350512334153,11465.006966249011
cont,Rosenbrock,4,FA,2000,hard,0,30,0.03125,0.0016532542666409576,0.09211405994732372,6153.832269839156,5667.567768281955,1691.5350512334153,11465.006966249011
cont,Rosenbrock,4,FA,5000,easy,0,30,0.03125,0.0016532542666409576,0.09211405994732372,3490.1275670921955,3388.787561667213,875.7474157684178,6748.799424338461
cont,Rosenbrock,4,FA,5000,med,0,30,0.03125,0.0016532542666409576,0.09211405994732372,3490.1275670921955,3388.787561667213,875.7474157684178,6748.799424338461
cont,Rosenbrock,4,FA,5000,hard,0,30,0.03125,0.0016532542666409576,0.09211405994732372,3490.1275670921955,3388.787561667213,875.7474157684178,6748.799424338461
cont,Rosenbrock,4,FA,8000,easy,0,30,0.03125,0.0016532542666409576,0.09211405994732372,2744.679758473083,2592.6536632277666,605.7189014219402,5156.683317691488
cont,Rosenbrock,4,FA,8000,med,0,30,0.03125,0.0016532542666409576,0.09211405994732372,2744.679758473083,2592.6536632277666,605.7189014219402,5156.683317691488
cont,Rosenbrock,4,FA,8000,hard,0,30,0.03125,0.0016532542666409576,0.09211405994732372,2744.679758473083,2592.6536632277666,605.7189014219402,5156.683317691488
cont,Rosenbrock,4,FA,10000,easy,0,30,0.03125,0.0016532542666409576,0.09211405994732372,2553.8050230527488,2687.77569307217,1185.5768162390627,5012.644240816774
cont,Rosenbrock,4,FA,10000,med,0,30,0.03125,0.0016532542666409576,0.09211405994732372,2553.8050230527488,2687.77569307217,1185.5768162390627,5012.644240816774
cont,Rosenbrock,4,FA,10000,hard,0,30,0.03125,0.0016532542666409576,0.09211405994732372,2553.8050230527488,2687.77569307217,1185.5768162390627,5012.644240816774
cont,Rosenbrock,4,GWO,2000,easy,0,30,0.03125,0.0016532542666409576,0.09211405994732372,55.732644217898695,10.85172171151235,3.821866480657577,237.34641505256633
cont,Rosenbrock,4,GWO,2000,med,0,30,0.03125,0.0016532542666409576,0.09211405994732372,55.732644217898695,10.85172171151235,3.821866480657577,237.34641505256633
cont,Rosenbrock,4,GWO,2000,hard,0,30,0.03125,0.0016532542666409576,0.09211405994732372,55.732644217898695,10.85172171151235,3.821866480657577,237.34641505256633
cont,Rosenbrock,4,GWO,5000,easy,0,30,0.03125,0.0016532542666409576,0.09211405994732372,40.60919267221389,9.44193225980336,4.901823263618965,187.7313104426692
cont,Rosenbrock,4,GWO,5000,med,0,30,0.03125,0.0016532542666409576,0.09211405994732372,40.60919267221389,9.44193225980336,4.901823263618965,187.7313104426692
cont,Rosenbrock,4,GWO,5000,hard,0,30,0.03125,0.0016532542666409576,0.09211405994732372,40.60919267221389,9.44193225980336,4.901823263618965,187.7313104426692
cont,Rosenbrock,4,GWO,8000,easy,0,30,0.03125,0.0016532542666409576,0.09211405994732372,29.35091896648741,8.764747677494654,3.3172553098748234,203.44747361206498
cont,Rosenbrock,4,GWO,8000,med,0,30,0.03125,0.0016532542666409576,0.09211405994732372,29.35091896648741,8.764747677494654,3.3172553098748234,203.44747361206498
cont,Rosenbrock,4,GWO,8000,hard,0,30,0.03125,0.0016532542666409576,0.09211405994732372,29.35091896648741,8.764747677494654,3.3172553098748234,203.44747361206498
cont,Rosenbrock,4,GWO,10000,easy,0,30,0.03125,0.0016532542666409576,0.09211405994732372,29.478554171806785,8.577976098529923,4.579011327832853,171.74511913440105
cont,Rosenbrock,4,GWO,10000,med,0,30,0.03125,0.0016532542666409576,0.09211405994732372,29.478554171806785,8.577976098529923,4.579011327832853,171.74511913440105
cont,Rosenbrock,4,GWO,10000,hard,0,30,0.03125,0.0016532542666409576,0.09211405994732372,29.478554171806785,8.577976098529923,4.579011327832853,171.74511913440105
cont,Rosenbrock,4,MFO,2000,easy,0,30,0.03125,0.0016532542666409576,0.09211405994732372,1258.0258273007944,863.5896876467948,198.14303083582678,8237.726436749683
cont,Rosenbrock,4,MFO,2000,med,0,30,0.03125,0.0016532542666409576,0.09211405994732372,1258.0258273007944,863.5896876467948,198.14303083582678,8237.726436749683
cont,Rosenbrock,4,MFO,2000,hard,0,30,0.03125,0.0016532542666409576,0.09211405994732372,1258.0258273007944,863.5896876467948,198.14303083582678,8237.726436749683
cont,Rosenbrock,4,MFO,5000,easy,0,30,0.03125,0.0016532542666409576,0.09211405994732372,1181.5779805030782,561.7768042922935,26.283215918985544,9083.82460638701
cont,Rosenbrock,4,MFO,5000,med,0,30,0.03125,0.0016532542666409576,0.09211405994732372,1181.5779805030782,561.7768042922935,26.283215918985544,9083.82460638701
cont,Rosenbrock,4,MFO,5000,hard,0,30,0.03125,0.0016532542666409576,0.09211405994732372,1181.5779805030782,561.7768042922935,26.283215918985544,9083.82460638701
cont,Rosenbrock,4,MFO,8000,easy,0,30,0.03125,0.0016532542666409576,0.09211405994732372,769.4861659206838,470.6490462303698,54.20547245849363,2668.855654142217
cont,Rosenbrock,4,MFO,8000,med,0,30,0.03125,0.0016532542666409576,0.09211405994732372,769.4861659206838,470.6490462303698,54.20547245849363,2668.855654142217
cont,Rosenbrock,4,MFO,8000,hard,0,30,0.03125,0.0016532542666409576,0.09211405994732372,769.4861659206838,470.6490462303698,54.20547245849363,2668.855654142217
cont,Rosenbrock,4,MFO,10000,easy,0,30,0.03125,0.0016532542666409576,0.09211405994732372,672.593851216109,293.0412772800012,39.06047571491357,5741.405239041122
cont,Rosenbrock,4,MFO,10000,med,0,30,0.03125,0.0016532542666409576,0.09211405994732372,672.593851216109,293.0412772800012,39.06047571491357,5741.405239041122
cont,Rosenbrock,4,MFO,10000,hard,0,30,0.03125,0.0016532542666409576,0.09211405994732372,672.593851216109,293.0412772800012,39.06047571491357,5741.405239041122
cont,Rosenbrock,4,PSO_GBEST,2000,easy,0,30,0.03125,0.0016532542666409576,0.09211405994732372,91.38134338683663,9.646255839191255,6.5296573833955565,786.6667419998937
cont,Rosenbrock,4,PSO_GBEST,2000,med,0,30,0.03125,0.0016532542666409576,0.09211405994732372,91.38134338683663,9.646255839191255,6.5296573833955565,786.6667419998937
cont,Rosenbrock,4,PSO_GBEST,2000,hard,0,30,0.03125,0.0016532542666409576,0.09211405994732372,91.38134338683663,9.646255839191255,6.5296573833955565,786.6667419998937
cont,Rosenbrock,4,PSO_GBEST,5000,easy,0,30,0.03125,0.0016532542666409576,0.09211405994732372,204.12088917030678,6.265648791153781,0.1552105034562104,3319.8705422954813
cont,Rosenbrock,4,PSO_GBEST,5000,med,0,30,0.03125,0.0016532542666409576,0.09211405994732372,204.12088917030678,6.265648791153781,0.1552105034562104,3319.8705422954813
cont,Rosenbrock,4,PSO_GBEST,5000,hard,0,30,0.03125,0.0016532542666409576,0.09211405994732372,204.12088917030678,6.265648791153781,0.1552105034562104,3319.8705422954813
cont,Rosenbrock,4,PSO_GBEST,8000,easy,0,30,0.03125,0.0016532542666409576,0.09211405994732372,106.20455541797364,4.624242321341795,0.12868909925674749,1339.4708556657108
cont,Rosenbrock,4,PSO_GBEST,8000,med,0,30,0.03125,0.0016532542666409576,0.09211405994732372,106.20455541797364,4.624242321341795,0.12868909925674749,1339.4708556657108
cont,Rosenbrock,4,PSO_GBEST,8000,hard,0,30,0.03125,0.0016532542666409576,0.09211405994732372,106.20455541797364,4.624242321341795,0.12868909925674749,1339.4708556657108
cont,Rosenbrock,4,PSO_GBEST,10000,easy,3,30,0.125,0.04530017302264189,0.23150297514336832,174.46181302787818,3.9120109229247095,0.0498362944817315,3947.356889754422
cont,Rosenbrock,4,PSO_GBEST,10000,med,0,30,0.03125,0.0016532542666409576,0.09211405994732372,174.46181302787818,3.9120109229247095,0.0498362944817315,3947.356889754422
cont,Rosenbrock,4,PSO_GBEST,10000,hard,0,30,0.03125,0.0016532542666409576,0.09211405994732372,174.46181302787818,3.9120109229247095,0.0498362944817315,3947.356889754422
cont,Rosenbrock,4,WOA,2000,easy,0,30,0.03125,0.0016532542666409576,0.09211405994732372,111.27330569703152,79.56001644949265,7.91395079427761,478.4174225202671
cont,Rosenbrock,4,WOA,2000,med,0,30,0.03125,0.0016532542666409576,0.09211405994732372,111.27330569703152,79.56001644949265,7.91395079427761,478.4174225202671
cont,Rosenbrock,4,WOA,2000,hard,0,30,0.03125,0.0016532542666409576,0.09211405994732372,111.27330569703152,79.56001644949265,7.91395079427761,478.4174225202671
cont,Rosenbrock,4,WOA,5000,easy,0,30,0.03125,0.0016532542666409576,0.09211405994732372,65.351994000174,10.971329379468362,1.1552361571599157,313.4373902307805
cont,Rosenbrock,4,WOA,5000,med,0,30,0.03125,0.0016532542666409576,0.09211405994732372,65.351994000174,10.971329379468362,1.1552361571599157,313.4373902307805
cont,Rosenbrock,4,WOA,5000,hard,0,30,0.03125,0.0016532542666409576,0.09211405994732372,65.351994000174,10.971329379468362,1.1552361571599157,313.4373902307805
cont,Rosenbrock,4,WOA,8000,easy,0,30,0.03125,0.0016532542666409576,0.09211405994732372,62.19147897994792,11.497828381044386,3.6743628184603265,303.23729976818856
cont,Rosenbrock,4,WOA,8000,med,0,30,0.03125,0.0016532542666409576,0.09211405994732372,62.19147897994792,11.497828381044386,3.6743628184603265,303.23729976818856
cont,Rosenbrock,4,WOA,8000,hard,0,30,0.03125,0.0016532542666409576,0.09211405994732372,62.19147897994792,11.497828381044386,3.6743628184603265,303.23729976818856
cont,Rosenbrock,4,WOA,10000,easy,0,30,0.03125,0.0016532542666409576,0.09211405994732372,99.28667712479181,43.61725901648408,0.4201385400846587,304.2672746323104
cont,Rosenbrock,4,WOA,10000,med,0,30,0.03125,0.0016532542666409576,0.09211405994732372,99.28667712479181,43.61725901648408,0.4201385400846587,304.2672746323104
cont,Rosenbrock,4,WOA,10000,hard,0,30,0.03125,0.0016532542666409576,0.09211405994732372,99.28667712479181,43.61725901648408,0.4201385400846587,304.2672746323104
cont,Rosenbrock,5,ALO,2000,easy,0,30,0.03125,0.0016532542666409576,0.09211405994732372,16182.69647597716,12236.39081407802,1711.4084565390547,46485.191437188034
cont,Rosenbrock,5,ALO,2000,med,0,30,0.03125,0.0016532542666409576,0.09211405994732372,16182.69647597716,12236.39081407802,1711.4084565390547,46485.191437188034
cont,Rosenbrock,5,ALO,2000,hard,0,30,0.03125,0.0016532542666409576,0.09211405994732372,16182.69647597716,12236.39081407802,1711.4084565390547,46485.191437188034
cont,Rosenbrock,5,ALO,5000,easy,0,30,0.03125,0.0016532542666409576,0.09211405994732372,15141.511729761987,15648.903025256863,3055.9224324356774,39082.941202208
cont,Rosenbrock,5,ALO,5000,med,0,30,0.03125,0.0016532542666409576,0.09211405994732372,15141.511729761987,15648.903025256863,3055.9224324356774,39082.941202208
cont,Rosenbrock,5,ALO,5000,hard,0,30,0.03125,0.0016532542666409576,0.09211405994732372,15141.511729761987,15648.903025256863,3055.9224324356774,39082.941202208
cont,Rosenbrock,5,ALO,8000,easy,0,30,0.03125,0.0016532542666409576,0.09211405994732372,10879.1612167386,8520.74152349269,1415.479575848254,37169.224261081654
cont,Rosenbrock,5,ALO,8000,med,0,30,0.03125,0.0016532542666409576,0.09211405994732372,10879.1612167386,8520.74152349269,1415.479575848254,37169.224261081654
cont,Rosenbrock,5,ALO,8000,hard,0,30,0.03125,0.0016532542666409576,0.09211405994732372,10879.1612167386,8520.74152349269,1415.479575848254,37169.224261081654
cont,Rosenbrock,5,ALO,10000,easy,0,30,0.03125,0.0016532542666409576,0.09211405994732372,7833.279786829658,6331.876080747045,729.919336007277,38824.09862629163
cont,Rosenbrock,5,ALO,10000,med,0,30,0.03125,0.0016532542666409576,0.09211405994732372,7833.279786829658,6331.876080747045,729.919336007277,38824.09862629163
cont,Rosenbrock,5,ALO,10000,hard,0,30,0.03125,0.0016532542666409576,0.09211405994732372,7833.279786829658,6331.876080747045,729.919336007277,38824.09862629163
cont,Rosenbrock,5,BA,2000,easy,0,30,0.03125,0.0016532542666409576,0.09211405994732372,16221.022541853803,13908.317929210385,2152.367775144195,37075.894180351825
cont,Rosenbrock,5,BA,2000,med,0,30,0.03125,0.0016532542666409576,0.09211405994732372,16221.022541853803,13908.317929210385,2152.367775144195,37075.894180351825
cont,Rosenbrock,5,BA,2000,hard,0,30,0.03125,0.0016532542666409576,0.09211405994732372,16221.022541853803,13908.317929210385,2152.367775144195,37075.894180351825
cont,Rosenbrock,5,BA,5000,easy,0,30,0.03125,0.0016532542666409576,0.09211405994732372,10195.143696343319,9788.491348234646,730.9428498310557,31278.525211766602
cont,Rosenbrock,5,BA,5000,med,0,30,0.03125,0.0016532542666409576,0.09211405994732372,10195.143696343319,9788.491348234646,730.9428498310557,31278.525211766602
cont,Rosenbrock,5,BA,5000,hard,0,30,0.03125,0.0016532542666409576,0.09211405994732372,10195.143696343319,9788.491348234646,730.9428498310557,31278.525211766602
cont,Rosenbrock,5,BA,8000,easy,0,30,0.03125,0.0016532542666409576,0.09211405994732372,7867.9274093121085,5797.28644010746,419.702598405383,26326.577924045036
cont,Rosenbrock,5,BA,8000,med,0,30,0.03125,0.0016532542666409576,0.09211405994732372,7867.9274093121085,5797.28644010746,419.702598405383,26326.577924045036
cont,Rosenbrock,5,BA,8000,hard,0,30,0.03125,0.0016532542666409576,0.09211405994732372,7867.9274093121085,5797.28644010746,419.702598405383,26326.577924045036
cont,Rosenbrock,5,BA,10000,easy,0,30,0.03125,0.0016532542666409576,0.09211405994732372,5371.612396615263,3635.7967258342824,174.71037773439704,20838.11256180251
cont,Rosenbrock,5,BA,10000,med,0,30,0.03125,0.0016532542666409576,0.09211405994732372,5371.612396615263,3635.7967258342824,174.71037773439704,20838.11256180251
cont,Rosenbrock,5,BA,10000,hard,0,30,0.03125,0.0016532542666409576,0.09211405994732372,5371.612396615263,3635.7967258342824,174.71037773439704,20838.11256180251
cont,Rosenbrock,5,ES_1P1,2000,easy,0,30,0.03125,0.0016532542666409576,0.09211405994732372,15.856485413084272,6.205795762939502,0.2732503991739702,138.81246523744892
cont,Rosenbrock,5,ES_1P1,2000,med,0,30,0.03125,0.0016532542666409576,0.09211405994732372,15.856485413084272,6.205795762939502,0.2732503991739702,138.81246523744892
cont,Rosenbrock,5,ES_1P1,2000,hard,0,30,0.03125,0.0016532542666409576,0.09211405994732372,15.856485413084272,6.205795762939502,0.2732503991739702,138.81246523744892
cont,Rosenbrock,5,ES_1P1,5000,easy,0,30,0.03125,0.0016532542666409576,0.09211405994732372,7.051021632542099,3.8743410015196984,1.600360404825932,93.91520130500128
cont,Rosenbrock,5,ES_1P1,5000,med,0,30,0.03125,0.0016532542666409576,0.09211405994732372,7.051021632542099,3.8743410015196984,1.600360404825932,93.91520130500128
cont,Rosenbrock,5,ES_1P1,5000,hard,0,30,0.03125,0.0016532542666409576,0.09211405994732372,7.051021632542099,3.8743410015196984,1.600360404825932,93.91520130500128
cont,Rosenbrock,5,ES_1P1,8000,easy,1,30,0.0625,0.011585315861443594,0.14409039131834475,16.20217799805945,2.2902397401776193,0.05932746034392143,96.25701059861531
cont,Rosenbrock,5,ES_1P1,8000,med,0,30,0.03125,0.0016532542666409576,0.09211405994732372,16.20217799805945,2.2902397401776193,0.05932746034392143,96.25701059861531
cont,Rosenbrock,5,ES_1P1,8000,hard,0,30,0.03125,0.0016532542666409576,0.09211405994732372,16.20217799805945,2.2902397401776193,0.05932746034392143,96.25701059861531
cont,Rosenbrock,5,ES_1P1,10000,easy,0,30,0.03125,0.0016532542666409576,0.09211405994732372,1.7963283050934018,1.4575132926293164,0.12081341779585464,5.257587655605434
cont,Rosenbrock,5,ES_1P1,10000,med,0,30,0.03125,0.0016532542666409576,0.09211405994732372,1.7963283050934018,1.4575132926293164,0.12081341779585464,5.257587655605434
cont,Rosenbrock,5,ES_1P1,10000,hard,0,30,0.03125,0.0016532542666409576,0.09211405994732372,1.7963283050934018,1.4575132926293164,0.12081341779585464,5.257587655605434
cont,Rosenbrock,5,FA,2000,easy,0,30,0.03125,0.0016532542666409576,0.09211405994732372,4914.134089110953,4689.649450250925,2518.4804240538638,8718.161023258945
cont,Rosenbrock,5,FA,2000,med,0,30,0.03125,0.0016532542666409576,0.09211405994732372,4914.134089110953,4689.649450250925,2518.4804240538638,8718.161023258945
cont,Rosenbrock,5,FA,2000,hard,0,30,0.03125,0.0016532542666409576,0.09211405994732372,4914.134089110953,4689.649450250925,2518.4804240538638,8718.161023258945
cont,Rosenbrock,5,FA,5000,easy,0,30,0.03125,0.0016532542666409576,0.09211405994732372,3110.7903891782935,3185.72066956622,1131.534465762631,5089.525828154033
cont,Rosenbrock,5,FA,5000,med,0,30,0.03125,0.0016532542666409576,0.09211405994732372,3110.7903891782935,3185.72066956622,1131.534465762631,5089.525828154033
cont,Rosenbrock,5,FA,5000,hard,0,30,0.03125,0.0016532542666409576,0.09211405994732372,3110.7903891782935,3185.72066956622,1131.534465762631,5089.525828154033
cont,Rosenbrock,5,FA,8000,easy,0,30,0.03125,0.0016532542666409576,0.09211405994732372,2559.4294540263895,2398.591973149657,1013.1938922288857,4546.9903820850905
cont,Rosenbrock,5,FA,8000,med,0,30,0.03125,0.0016532542666409576,0.09211405994732372,2559.4294540263895,2398.591973149657,1013.1938922288857,4546.9903820850905
cont,Rosenbrock,5,FA,8000,hard,0,30,0.03125,0.0016532542666409576,0.09211405994732372,2559.4294540263895,2398.591973149657,1013.1938922288857,4546.9903820850905
cont,Rosenbrock,5,FA,10000,easy,0,30,0.03125,0.0016532542666409576,0.09211405994732372,2510.7264705058024,2491.775215129768,228.5334783030322,4386.158379660867
cont,Rosenbrock,5,FA,10000,med,0,30,0.03125,0.0016532542666409576,0.09211405994732372,2510.7264705058024,2491.775215129768,228.5334783030322,4386.158379660867
cont,Rosenbrock,5,FA,10000,hard,0,30,0.03125,0.0016532542666409576,0.09211405994732372,2510.7264705058024,2491.775215129768,228.5334783030322,4386.158379660867
cont,Rosenbrock,5,GWO,2000,easy,0,30,0.03125,0.0016532542666409576,0.09211405994732372,73.3318890957885,78.67628186598301,8.725567895911663,188.3926731166336
cont,Rosenbrock,5,GWO,2000,med,0,30,0.03125,0.0016532542666409576,0.09211405994732372,73.3318890957885,78.67628186598301,8.725567895911663,188.3926731166336
cont,Rosenbrock,5,GWO,2000,hard,0,30,0.03125,0.0016532542666409576,0.09211405994732372,73.3318890957885,78.67628186598301,8.725567895911663,188.3926731166336
cont,Rosenbrock,5,GWO,5000,easy,0,30,0.03125,0.0016532542666409576,0.09211405994732372,61.837633578752815,76.25009673174654,8.499655121449347,189.93370484719105
cont,Rosenbrock,5,GWO,5000,med,0,30,0.03125,0.0016532542666409576,0.09211405994732372,61.837633578752815,76.25009673174654,8.499655121449347,189.93370484719105
cont,Rosenbrock,5,GWO,5000,hard,0,30,0.03125,0.0016532542666409576,0.09211405994732372,61.837633578752815,76.25009673174654,8.499655121449347,189.93370484719105
cont,Rosenbrock,5,GWO,8000,easy,0,30,0.03125,0.0016532542666409576,0.09211405994732372,76.04339737214607,76.32264713929123,12.93989653844589,187.23025643852654
cont,Rosenbrock,5,GWO,8000,med,0,30,0.03125,0.0016532542666409576,0.09211405994732372,76.04339737214607,76.32264713929123,12.93989653844589,187.23025643852654
cont,Rosenbrock,5,GWO,8000,hard,0,30,0.03125,0.0016532542666409576,0.09211405994732372,76.04339737214607,76.32264713929123,12.93989653844589,187.23025643852654
cont,Rosenbrock,5,GWO,10000,easy,0,30,0.03125,0.0016532542666409576,0.09211405994732372,81.28827260151367,77.96459516285,3.8373879023624933,186.24479313847905
cont,Rosenbrock,5,GWO,10000,med,0,30,0.03125,0.0016532542666409576,0.09211405994732372,81.28827260151367,77.96459516285,3.8373879023624933,186.24479313847905
cont,Rosenbrock,5,GWO,10000,hard,0,30,0.03125,0.0016532542666409576,0.09211405994732372,81.28827260151367,77.96459516285,3.8373879023624933,186.24479313847905
cont,Rosenbrock,5,MFO,2000,easy,0,30,0.03125,0.0016532542666409576,0.09211405994732372,1671.620713221204,1284.7843958465426,151.1482859330246,6241.305260901074
cont,Rosenbrock,5,MFO,2000,med,0,30,0.03125,0.0016532542666409576,0.09211405994732372,1671.620713221204,1284.7843958465426,151.1482859330246,6241.305260901074
cont,Rosenbrock,5,MFO,2000,hard,0,30,0.03125,0.0016532542666409576,0.09211405994732372,1671.620713221204,1284.7843958465426,151.1482859330246,6241.305260901074
cont,Rosenbrock,5,MFO,5000,easy,0,30,0.03125,0.0016532542666409576,0.09211405994732372,1080.9820600716948,798.5489610647687,7.774551428175171,5210.778168130781
cont,Rosenbrock,5,MFO,5000,med,0,30,0.03125,0.0016532542666409576,0.09211405994732372,1080.9820600716948,798.5489610647687,7.774551428175171,5210.778168130781
cont,Rosenbrock,5,MFO,5000,hard,0,30,0.03125,0.0016532542666409576,0.09211405994732372,1080.9820600716948,798.5489610647687,7.774551428175171,5210.778168130781
cont,Rosenbrock,5,MFO,8000,easy,0,30,0.03125,0.0016532542666409576,0.09211405994732372,564.2410177071386,413.26291599460876,79.95437034254057,2704.264142389166
cont,Rosenbrock,5,MFO,8000,med,0,30,0.03125,0.0016532542666409576,0.09211405994732372,564.2410177071386,413.26291599460876,79.95437034254057,2704.264142389166
cont,Rosenbrock,5,MFO,8000,hard,0,30,0.03125,0.0016532542666409576,0.09211405994732372,564.2410177071386,413.26291599460876,79.95437034254057,2704.264142389166
cont,Rosenbrock,5,MFO,10000,easy,0,30,0.03125,0.0016532542666409576,0.09211405994732372,371.38228457936935,245.42121512939812,14.726326240116263,1838.3871514655693
cont,Rosenbrock,5,MFO,10000,med,0,30,0.03125,0.0016532542666409576,0.09211405994732372,371.38228457936935,245.42121512939812,14.726326240116263,1838.3871514655693
cont,Rosenbrock,5,MFO,10000,hard,0,30,0.03125,0.0016532542666409576,0.09211405994732372,371.38228457936935,245.42121512939812,14.726326240116263,1838.3871514655693
cont,Rosenbrock,5,PSO_GBEST,2000,easy,0,30,0.03125,0.0016532542666409576,0.09211405994732372,282.28471605955303,9.909721755399165,5.169913567889091,3897.837165200562
cont,Rosenbrock,5,PSO_GBEST,2000,med,0,30,0.03125,0.0016532542666409576,0.09211405994732372,282.28471605955303,9.909721755399165,5.169913567889091,3897.837165200562
cont,Rosenbrock,5,PSO_GBEST,2000,hard,0,30,0.03125,0.0016532542666409576,0.09211405994732372,282.28471605955303,9.909721755399165,5.169913567889091,3897.837165200562
cont,Rosenbrock,5,PSO_GBEST,5000,easy,2,30,0.09375,0.02690011969114915,0.18946446742553866,220.42337975099605,6.461603503453376,0.020611097823435738,1391.677809299689
cont,Rosenbrock,5,PSO_GBEST,5000,med,0,30,0.03125,0.0016532542666409576,0.09211405994732372,220.42337975099605,6.461603503453376,0.020611097823435738,1391.677809299689
cont,Rosenbrock,5,PSO_GBEST,5000,hard,0,30,0.03125,0.0016532542666409576,0.09211405994732372,220.42337975099605,6.461603503453376,0.020611097823435738,1391.677809299689
cont,Rosenbrock,5,PSO_GBEST,8000,easy,1,30,0.0625,0.011585315861443594,0.14409039131834475,477.5606016159494,4.949399595004923,0.0006753048606437135,5176.129586528928
cont,Rosenbrock,5,PSO_GBEST,8000,med,1,30,0.0625,0.011585315861443594,0.14409039131834475,477.5606016159494,4.949399595004923,0.0006753048606437135,5176.129586528928
cont,Rosenbrock,5,PSO_GBEST,8000,hard,1,30,0.0625,0.011585315861443594,0.14409039131834475,477.5606016159494,4.949399595004923,0.0006753048606437135,5176.129586528928
cont,Rosenbrock,5,PSO_GBEST,10000,easy,0,30,0.03125,0.0016532542666409576,0.09211405994732372,58.85510999480003,4.139201189375258,0.36908290130942967,875.6093227227782
cont,Rosenbrock,5,PSO_GBEST,10000,med,0,30,0.03125,0.0016532542666409576,0.09211405994732372,58.85510999480003,4.139201189375258,0.36908290130942967,875.6093227227782
cont,Rosenbrock,5,PSO_GBEST,10000,hard,0,30,0.03125,0.0016532542666409576,0.09211405994732372,58.85510999480003,4.139201189375258,0.36908290130942967,875.6093227227782
cont,Rosenbrock,5,WOA,2000,easy,0,30,0.03125,0.0016532542666409576,0.09211405994732372,108.99370823951057,111.42611734629395,4.57515925998291,301.2308094847378
cont,Rosenbrock,5,WOA,2000,med,0,30,0.03125,0.0016532542666409576,0.09211405994732372,108.99370823951057,111.42611734629395,4.57515925998291,301.2308094847378
cont,Rosenbrock,5,WOA,2000,hard,0,30,0.03125,0.0016532542666409576,0.09211405994732372,108.99370823951057,111.42611734629395,4.57515925998291,301.2308094847378
cont,Rosenbrock,5,WOA,5000,easy,0,30,0.03125,0.0016532542666409576,0.09211405994732372,74.27792898016737,71.81410411287177,1.9160467474917886,215.89697254858612
cont,Rosenbrock,5,WOA,5000,med,0,30,0.03125,0.0016532542666409576,0.09211405994732372,74.27792898016737,71.81410411287177,1.9160467474917886,215.89697254858612
cont,Rosenbrock,5,WOA,5000,hard,0,30,0.03125,0.0016532542666409576,0.09211405994732372,74.27792898016737,71.81410411287177,1.9160467474917886,215.89697254858612
cont,Rosenbrock,5,WOA,8000,easy,0,30,0.03125,0.0016532542666409576,0.09211405994732372,63.100238225869845,8.84257482477263,0.5410276361803883,212.5507646318578
cont,Rosenbrock,5,WOA,8000,med,0,30,0.03125,0.0016532542666409576,0.09211405994732372,63.100238225869845,8.84257482477263,0.5410276361803883,212.5507646318578
cont,Rosenbrock,5,WOA,8000,hard,0,30,0.03125,0.0016532542666409576,0.09211405994732372,63.100238225869845,8.84257482477263,0.5410276361803883,212.5507646318578
cont,Rosenbrock,5,WOA,10000,easy,0,30,0.03125,0.0016532542666409576,0.09211405994732372,70.94773942480478,39.08604839185743,1.3164514807774257,214.41020323141177
cont,Rosenbrock,5,WOA,10000,med,0,30,0.03125,0.0016532542666409576,0.09211405994732372,70.94773942480478,39.08604839185743,1.3164514807774257,214.41020323141177
cont,Rosenbrock,5,WOA,10000,hard,0,30,0.03125,0.0016532542666409576,0.09211405994732372,70.94773942480478,39.08604839185743,1.3164514807774257,214.41020323141177
cont,Rosenbrock,6,ALO,2000,easy,0,30,0.03125,0.0016532542666409576,0.09211405994732372,15261.969510382442,12609.784606882398,1495.8143171128622,35535.22983513797
cont,Rosenbrock,6,ALO,2000,med,0,30,0.03125,0.0016532542666409576,0.09211405994732372,15261.969510382442,12609.784606882398,1495.8143171128622,35535.22983513797
cont,Rosenbrock,6,ALO,2000,hard,0,30,0.03125,0.0016532542666409576,0.09211405994732372,15261.969510382442,12609.784606882398,1495.8143171128622,35535.22983513797
cont,Rosenbrock,6,ALO,5000,easy,0,30,0.03125,0.0016532542666409576,0.09211405994732372,15822.706938276553,14622.93778930179,1433.7800283748477,40615.08335200551
cont,Rosenbrock,6,ALO,5000,med,0,30,0.03125,0.0016532542666409576,0.09211405994732372,15822.706938276553,14622.93778930179,1433.7800283748477,40615.08335200551
cont,Rosenbrock,6,ALO,5000,hard,0,30,0.03125,0.0016532542666409576,0.09211405994732372,15822.706938276553,14622.93778930179,1433.7800283748477,40615.08335200551
cont,Rosenbrock,6,ALO,8000,easy,0,30,0.03125,0.0016532542666409576,0.09211405994732372,14216.740698742904,12627.281418182098,3408.6750783072607,35368.79888202164
cont,Rosenbrock,6,ALO,8000,med,0,30,0.03125,0.0016532542666409576,0.09211405994732372,14216.740698742904,12627.281418182098,3408.6750783072607,35368.79888202164
cont,Rosenbrock,6,ALO,8000,hard,0,30,0.03125,0.0016532542666409576,0.09211405994732372,14216.740698742904,12627.281418182098,3408.6750783072607,35368.79888202164
cont,Rosenbrock,6,ALO,10000,easy,0,30,0.03125,0.0016532542666409576,0.09211405994732372,9946.87559477935,8085.142455349465,1021.5825555243089,38483.430728564315
cont,Rosenbrock,6,ALO,10000,med,0,30,0.03125,0.0016532542666409576,0.09211405994732372,9946.87559477935,8085.142455349465,1021.5825555243089,38483.430728564315
cont,Rosenbrock,6,ALO,10000,hard,0,30,0.03125,0.0016532542666409576,0.09211405994732372,9946.87559477935,8085.142455349465,1021.5825555243089,38483.430728564315
cont,Rosenbrock,6,BA,2000,easy,0,30,0.03125,0.0016532542666409576,0.09211405994732372,10757.349456991644,9239.076239267823,2064.4840381152158,32933.57950057845
cont,Rosenbrock,6,BA,2000,med,0,30,0.03125,0.0016532542666409576,0.09211405994732372,10757.349456991644,9239.076239267823,2064.4840381152158,32933.57950057845
cont,Rosenbrock,6,BA,2000,hard,0,30,0.03125,0.0016532542666409576,0.09211405994732372,10757.349456991644,9239.076239267823,2064.4840381152158,32933.57950057845
cont,Rosenbrock,6,BA,5000,easy,0,30,0.03125,0.0016532542666409576,0.09211405994732372,4337.081064116053,3253.752836815049,435.7396723508914,12835.774980361346
cont,Rosenbrock,6,BA,5000,med,0,30,0.03125,0.0016532542666409576,0.09211405994732372,4337.081064116053,3253.752836815049,435.7396723508914,12835.774980361346
cont,Rosenbrock,6,BA,5000,hard,0,30,0.03125,0.0016532542666409576,0.09211405994732372,4337.081064116053,3253.752836815049,435.7396723508914,12835.774980361346
cont,Rosenbrock,6,BA,8000,easy,0,30,0.03125,0.0016532542666409576,0.09211405994732372,5280.0903641063205,3710.3773171225885,489.5532939681988,29494.3475451367
cont,Rosenbrock,6,BA,8000,med,0,30,0.03125,0.0016532542666409576,0.09211405994732372,5280.0903641063205,3710.3773171225885,489.5532939681988,29494.3475451367
cont,Rosenbrock,6,BA,8000,hard,0,30,0.03125,0.0016532542666409576,0.09211405994732372,5280.0903641063205,3710.3773171225885,489.5532939681988,29494.3475451367
cont,Rosenbrock,6,BA,10000,easy,0,30,0.03125,0.0016532542666409576,0.09211405994732372,3130.0620966171336,2582.266392773703,247.4043014620175,10854.337406570421
cont,Rosenbrock,6,BA,10000,med,0,30,0.03125,0.0016532542666409576,0.09211405994732372,3130.0620966171336,2582.266392773703,247.4043014620175,10854.337406570421
cont,Rosenbrock,6,BA,10000,hard,0,30,0.03125,0.0016532542666409576,0.09211405994732372,3130.0620966171336,2582.266392773703,247.4043014620175,10854.337406570421
cont,Rosenbrock,6,ES_1P1,2000,easy,0,30,0.03125,0.0016532542666409576,0.09211405994732372,8.932860583961121,6.639456468374155,0.25636582896069976,77.37913238257974
cont,Rosenbrock,6,ES_1P1,2000,med,0,30,0.03125,0.0016532542666409576,0.09211405994732372,8.932860583961121,6.639456468374155,0.25636582896069976,77.37913238257974
cont,Rosenbrock,6,ES_1P1,2000,hard,0,30,0.03125,0.0016532542666409576,0.09211405994732372,8.932860583961121,6.639456468374155,0.25636582896069976,77.37913238257974
cont,Rosenbrock,6,ES_1P1,5000,easy,0,30,0.03125,0.0016532542666409576,0.09211405994732372,7.516197350804398,4.100584090389869,2.1481730423598524,80.18442317162035
cont,Rosenbrock,6,ES_1P1,5000,med,0,30,0.03125,0.0016532542666409576,0.09211405994732372,7.516197350804398,4.100584090389869,2.1481730423598524,80.18442317162035
cont,Rosenbrock,6,ES_1P1,5000,hard,0,30,0.03125,0.0016532542666409576,0.09211405994732372,7.516197350804398,4.100584090389869,2.1481730423598524,80.18442317162035
cont,Rosenbrock,6,ES_1P1,8000,easy,2,30,0.09375,0.02690011969114915,0.18946446742553866,2.6240855438508848,2.3202849096081404,0.05152575068183062,7.633344115743653
cont,Rosenbrock,6,ES_1P1,8000,med,0,30,0.03125,0.0016532542666409576,0.09211405994732372,2.6240855438508848,2.3202849096081404,0.05152575068183062,7.633344115743653
cont,Rosenbrock,6,ES_1P1,8000,hard,0,30,0.03125,0.0016532542666409576,0.09211405994732372,2.6240855438508848,2.3202849096081404,0.05152575068183062,7.633344115743653
cont,Rosenbrock,6,ES_1P1,10000,easy,1,30,0.0625,0.011585315861443594,0.14409039131834475,1.414268965602462,1.1862272072252458,0.05762579615651493,6.8052458006544025
cont,Rosenbrock,6,ES_1P1,10000,med,0,30,0.03125,0.0016532542666409576,0.09211405994732372,1.414268965602462,1.1862272072252458,0.05762579615651493,6.8052458006544025
cont,Rosenbrock,6,ES_1P1,10000,hard,0,30,0.03125,0.0016532542666409576,0.09211405994732372,1.414268965602462,1.1862272072252458,0.05762579615651493,6.8052458006544025
cont,Rosenbrock,6,FA,2000,easy,0,30,0.03125,0.0016532542666409576,0.09211405994732372,6467.007596794627,5933.665465504949,1354.6860168791773,14551.62163681258
cont,Rosenbrock,6,FA,2000,med,0,30,0.03125,0.0016532542666409576,0.09211405994732372,6467.007596794627,5933.665465504949,1354.6860168791773,14551.62163681258
cont,Rosenbrock,6,FA,2000,hard,0,30,0.03125,0.0016532542666409576,0.09211405994732372,6467.007596794627,5933.665465504949,1354.6860168791773,14551.62163681258
cont,Rosenbrock,6,FA,5000,easy,0,30,0.03125,0.0016532542666409576,0.09211405994732372,4123.941869191219,3503.6842973325993,240.63848852968403,9717.015806806698
cont,Rosenbrock,6,FA,5000,med,0,30,0.03125,0.0016532542666409576,0.09211405994732372,4123.941869191219,3503.6842973325993,240.63848852968403,9717.015806806698
cont,Rosenbrock,6,FA,5000,hard,0,30,0.03125,0.0016532542666409576,0.09211405994732372,4123.941869191219,3503.6842973325993,240.63848852968403,9717.015806806698
cont,Rosenbrock,6,FA,8000,easy,0,30,0.03125,0.0016532542666409576,0.09211405994732372,3167.266717970312,3216.9348365811675,644.7340909910731,7197.463038446699
cont,Rosenbrock,6,FA,8000,med,0,30,0.03125,0.0016532542666409576,0.09211405994732372,3167.266717970312,3216.9348365811675,644.7340909910731,7197.463038446699
cont,Rosenbrock,6,FA,8000,hard,0,30,0.03125,0.0016532542666409576,0.09211405994732372,3167.266717970312,3216.9348365811675,644.7340909910731,7197.463038446699
cont,Rosenbrock,6,FA,10000,easy,0,30,0.03125,0.0016532542666409576,0.09211405994732372,3583.470389460987,3198.531768480232,1072.6052481942406,6056.647633167424
cont,Rosenbrock,6,FA,10000,med,0,30,0.03125,0.0016532542666409576,0.09211405994732372,3583.470389460987,3198.531768480232,1072.6052481942406,6056.647633167424
cont,Rosenbrock,6,FA,10000,hard,0,30,0.03125,0.0016532542666409576,0.09211405994732372,3583.470389460987,3198.531768480232,1072.6052481942406,6056.647633167424
cont,Rosenbrock,6,GWO,2000,easy,0,30,0.03125,0.0016532542666409576,0.09211405994732372,26.029795554552543,9.692111822497342,4.676590538530401,181.71088074891387
cont,Rosenbrock,6,GWO,2000,med,0,30,0.03125,0.0016532542666409576,0.09211405994732372,26.029795554552543,9.692111822497342,4.676590538530401,181.71088074891387
cont,Rosenbrock,6,GWO,2000,hard,0,30,0.03125,0.0016532542666409576,0.09211405994732372,26.029795554552543,9.692111822497342,4.676590538530401,181.71088074891387
cont,Rosenbrock,6,GWO,5000,easy,0,30,0.03125,0.0016532542666409576,0.09211405994732372,25.77659019983328,9.04823360433417,2.688850321417924,121.39370712089324
cont,Rosenbrock,6,GWO,5000,med,0,30,0.03125,0.0016532542666409576,0.09211405994732372,25.77659019983328,9.04823360433417,2.688850321417924,121.39370712089324
cont,Rosenbrock,6,GWO,5000,hard,0,30,0.03125,0.0016532542666409576,0.09211405994732372,25.77659019983328,9.04823360433417,2.688850321417924,121.39370712089324
cont,Rosenbrock,6,GWO,8000,easy,0,30,0.03125,0.0016532542666409576,0.09211405994732372,27.381298248331735,13.43085924507535,5.836979368785883,93.5776488162807
cont,Rosenbrock,6,GWO,8000,med,0,30,0.03125,0.0016532542666409576,0.09211405994732372,27.381298248331735,13.43085924507535,5.836979368785883,93.5776488162807
cont,Rosenbrock,6,GWO,8000,hard,0,30,0.03125,0.0016532542666409576,0.09211405994732372,27.381298248331735,13.43085924507535,5.836979368785883,93.5776488162807
cont,Rosenbrock,6,GWO,10000,easy,0,30,0.03125,0.0016532542666409576,0.09211405994732372,31.643036451483475,14.045399780905061,8.23667411952292,98.09194719348561
cont,Rosenbrock,6,GWO,10000,med,0,30,0.03125,0.0016532542666409576,0.09211405994732372,31.643036451483475,14.045399780905061,8.23667411952292,98.09194719348561
cont,Rosenbrock,6,GWO,10000,hard,0,30,0.03125,0.0016532542666409576,0.09211405994732372,31.643036451483475,14.045399780905061,8.23667411952292,98.09194719348561
cont,Rosenbrock,6,MFO,2000,easy,0,30,0.03125,0.0016532542666409576,0.09211405994732372,1473.4568341740055,984.8385702456467,28.00151221887734,8582.667502340992
cont,Rosenbrock,6,MFO,2000,med,0,30,0.03125,0.0016532542666409576,0.09211405994732372,1473.4568341740055,984.8385702456467,28.00151221887734,8582.667502340992
cont,Rosenbrock,6,MFO,2000,hard,0,30,0.03125,0.0016532542666409576,0.09211405994732372,1473.4568341740055,984.8385702456467,28.00151221887734,8582.667502340992
cont,Rosenbrock,6,MFO,5000,easy,0,30,0.03125,0.0016532542666409576,0.09211405994732372,747.1265466958952,602.7110471758631,60.26848431950565,3360.584034735826
cont,Rosenbrock,6,MFO,5000,med,0,30,0.03125,0.0016532542666409576,0.09211405994732372,747.1265466958952,602.7110471758631,60.26848431950565,3360.584034735826
cont,Rosenbrock,6,MFO,5000,hard,0,30,0.03125,0.0016532542666409576,0.09211405994732372,747.1265466958952,602.7110471758631,60.26848431950565,3360.584034735826
cont,Rosenbrock,6,MFO,8000,easy,0,30,0.03125,0.0016532542666409576,0.09211405994732372,823.7861202850339,283.1132888606882,27.967714271988434,4147.026550049934
cont,Rosenbrock,6,MFO,8000,med,0,30,0.03125,0.0016532542666409576,0.09211405994732372,823.7861202850339,283.1132888606882,27.967714271988434,4147.026550049934
cont,Rosenbrock,6,MFO,8000,hard,0,30,0.03125,0.0016532542666409576,0.09211405994732372,823.7861202850339,283.1132888606882,27.967714271988434,4147.026550049934
cont,Rosenbrock,6,MFO,10000,easy,0,30,0.03125,0.0016532542666409576,0.09211405994732372,464.69454550078893,231.75265341214717,9.394739941236972,1852.1184093335446
cont,Rosenbrock,6,MFO,10000,med,0,30,0.03125,0.0016532542666409576,0.09211405994732372,464.69454550078893,231.75265341214717,9.394739941236972,1852.1184093335446
cont,Rosenbrock,6,MFO,10000,hard,0,30,0.03125,0.0016532542666409576,0.09211405994732372,464.69454550078893,231.75265341214717,9.394739941236972,1852.1184093335446
cont,Rosenbrock,6,PSO_GBEST,2000,easy,0,30,0.03125,0.0016532542666409576,0.09211405994732372,307.4924743159746,9.517966383935049,1.7190633661324748,4037.373588999197
cont,Rosenbrock,6,PSO_GBEST,2000,med,0,30,0.03125,0.0016532542666409576,0.09211405994732372,307.4924743159746,9.517966383935049,1.7190633661324748,4037.373588999197
cont,Rosenbrock,6,PSO_GBEST,2000,hard,0,30,0.03125,0.0016532542666409576,0.09211405994732372,307.4924743159746,9.517966383935049,1.7190633661324748,4037.373588999197
cont,Rosenbrock,6,PSO_GBEST,5000,easy,0,30,0.03125,0.0016532542666409576,0.09211405994732372,26.542957215691235,6.025725492779994,0.30183419130171885,358.9859811811675
cont,Rosenbrock,6,PSO_GBEST,5000,med,0,30,0.03125,0.0016532542666409576,0.09211405994732372,26.542957215691235,6.025725492779994,0.30183419130171885,358.9859811811675
cont,Rosenbrock,6,PSO_GBEST,5000,hard,0,30,0.03125,0.0016532542666409576,0.09211405994732372,26.542957215691235,6.025725492779994,0.30183419130171885,358.9859811811675
cont,Rosenbrock,6,PSO_GBEST,8000,easy,0,30,0.03125,0.0016532542666409576,0.09211405994732372,17.006066277429717,4.42551940507183,0.5856935288440874,355.9539745370929
cont,Rosenbrock,6,PSO_GBEST,8000,med,0,30,0.03125,0.0016532542666409576,0.09211405994732372,17.006066277429717,4.42551940507183,0.5856935288440874,355.9539745370929
cont,Rosenbrock,6,PSO_GBEST,8000,hard,0,30,0.03125,0.0016532542666409576,0.09211405994732372,17.006066277429717,4.42551940507183,0.5856935288440874,355.9539745370929
cont,Rosenbrock,6,PSO_GBEST,10000,easy,0,30,0.03125,0.0016532542666409576,0.09211405994732372,44.710811340973045,4.183911000421752,0.5884555233758604,356.0315250989928
cont,Rosenbrock,6,PSO_GBEST,10000,med,0,30,0.03125,0.0016532542666409576,0.09211405994732372,44.710811340973045,4.183911000421752,0.5884555233758604,356.0315250989928
cont,Rosenbrock,6,PSO_GBEST,10000,hard,0,30,0.03125,0.0016532542666409576,0.09211405994732372,44.710811340973045,4.183911000421752,0.5884555233758604,356.0315250989928
cont,Rosenbrock,6,WOA,2000,easy,0,30,0.03125,0.0016532542666409576,0.09211405994732372,51.359789343673924,27.77152871431685,6.843962205249348,247.64977213861374
cont,Rosenbrock,6,WOA,2000,med,0,30,0.03125,0.0016532542666409576,0.09211405994732372,51.359789343673924,27.77152871431685,6.843962205249348,247.64977213861374
cont,Rosenbrock,6,WOA,2000,hard,0,30,0.03125,0.0016532542666409576,0.09211405994732372,51.359789343673924,27.77152871431685,6.843962205249348,247.64977213861374
cont,Rosenbrock,6,WOA,5000,easy,0,30,0.03125,0.0016532542666409576,0.09211405994732372,23.470111679862715,9.423159628545418,0.8993040178197309,79.26571706513491
cont,Rosenbrock,6,WOA,5000,med,0,30,0.03125,0.0016532542666409576,0.09211405994732372,23.470111679862715,9.423159628545418,0.8993040178197309,79.26571706513491
cont,Rosenbrock,6,WOA,5000,hard,0,30,0.03125,0.0016532542666409576,0.09211405994732372,23.470111679862715,9.423159628545418,0.8993040178197309,79.26571706513491
cont,Rosenbrock,6,WOA,8000,easy,0,30,0.03125,0.0016532542666409576,0.09211405994732372,20.50736546616385,9.102591564561983,3.0921075271720255,112.61801751686987
cont,Rosenbrock,6,WOA,8000,med,0,30,0.03125,0.0016532542666409576,0.09211405994732372,20.50736546616385,9.102591564561983,3.0921075271720255,112.61801751686987
cont,Rosenbrock,6,WOA,8000,hard,0,30,0.03125,0.0016532542666409576,0.09211405994732372,20.50736546616385,9.102591564561983,3.0921075271720255,112.61801751686987
cont,Rosenbrock,6,WOA,10000,easy,0,30,0.03125,0.0016532542666409576,0.09211405994732372,22.70113879957544,8.83994690500511,0.2712373964138187,88.62880508301615
cont,Rosenbrock,6,WOA,10000,med,0,30,0.03125,0.0016532542666409576,0.09211405994732372,22.70113879957544,8.83994690500511,0.2712373964138187,88.62880508301615
cont,Rosenbrock,6,WOA,10000,hard,0,30,0.03125,0.0016532542666409576,0.09211405994732372,22.70113879957544,8.83994690500511,0.2712373964138187,88.62880508301615
cont,Rosenbrock,7,ALO,2000,easy,0,30,0.03125,0.0016532542666409576,0.09211405994732372,13260.300480142325,11573.89509617171,2479.462057878457,42629.50686554954
cont,Rosenbrock,7,ALO,2000,med,0,30,0.03125,0.0016532542666409576,0.09211405994732372,13260.300480142325,11573.89509617171,2479.462057878457,42629.50686554954
cont,Rosenbrock,7,ALO,2000,hard,0,30,0.03125,0.0016532542666409576,0.09211405994732372,13260.300480142325,11573.89509617171,2479.462057878457,42629.50686554954
cont,Rosenbrock,7,ALO,5000,easy,0,30,0.03125,0.0016532542666409576,0.09211405994732372,12506.629627223101,10974.279471803238,1480.9634114824864,45752.14748152799
cont,Rosenbrock,7,ALO,5000,med,0,30,0.03125,0.0016532542666409576,0.09211405994732372,12506.629627223101,10974.279471803238,1480.9634114824864,45752.14748152799
cont,Rosenbrock,7,ALO,5000,hard,0,30,0.03125,0.0016532542666409576,0.09211405994732372,12506.629627223101,10974.279471803238,1480.9634114824864,45752.14748152799
cont,Rosenbrock,7,ALO,8000,easy,0,30,0.03125,0.0016532542666409576,0.09211405994732372,10758.275919699658,7900.91482956889,1052.9038303619081,32366.174450376402
cont,Rosenbrock,7,ALO,8000,med,0,30,0.03125,0.0016532542666409576,0.09211405994732372,10758.275919699658,7900.91482956889,1052.9038303619081,32366.174450376402
cont,Rosenbrock,7,ALO,8000,hard,0,30,0.03125,0.0016532542666409576,0.09211405994732372,10758.275919699658,7900.91482956889,1052.9038303619081,32366.174450376402
cont,Rosenbrock,7,ALO,10000,easy,0,30,0.03125,0.0016532542666409576,0.09211405994732372,10925.4361965172,8382.165731764939,584.6803566957362,39804.119609353256
cont,Rosenbrock,7,ALO,10000,med,0,30,0.03125,0.0016532542666409576,0.09211405994732372,10925.4361965172,8382.165731764939,584.6803566957362,39804.119609353256
cont,Rosenbrock,7,ALO,10000,hard,0,30,0.03125,0.0016532542666409576,0.09211405994732372,10925.4361965172,8382.165731764939,584.6803566957362,39804.119609353256
cont,Rosenbrock,7,BA,2000,easy,0,30,0.03125,0.0016532542666409576,0.09211405994732372,12937.537222131052,10777.221860019872,2926.329015138005,34432.68411593982
cont,Rosenbrock,7,BA,2000,med,0,30,0.03125,0.0016532542666409576,0.09211405994732372,12937.537222131052,10777.221860019872,2926.329015138005,34432.68411593982
cont,Rosenbrock,7,BA,2000,hard,0,30,0.03125,0.0016532542666409576,0.09211405994732372,12937.537222131052,10777.221860019872,2926.329015138005,34432.68411593982
cont,Rosenbrock,7,BA,5000,easy,0,30,0.03125,0.0016532542666409576,0.09211405994732372,5235.422686080882,3809.080374736627,823.1625690344003,22559.26651104293
cont,Rosenbrock,7,BA,5000,med,0,30,0.03125,0.0016532542666409576,0.09211405994732372,5235.422686080882,3809.080374736627,823.1625690344003,22559.26651104293
cont,Rosenbrock,7,BA,5000,hard,0,30,0.03125,0.0016532542666409576,0.09211405994732372,5235.422686080882,3809.080374736627,823.1625690344003,22559.26651104293
cont,Rosenbrock,7,BA,8000,easy,0,30,0.03125,0.0016532542666409576,0.09211405994732372,3601.244907667148,2151.4610542328546,177.99624328012052,20169.107676561416
cont,Rosenbrock,7,BA,8000,med,0,30,0.03125,0.0016532542666409576,0.09211405994732372,3601.244907667148,2151.4610542328546,177.99624328012052,20169.107676561416
cont,Rosenbrock,7,BA,8000,hard,0,30,0.03125,0.0016532542666409576,0.09211405994732372,3601.244907667148,2151.4610542328546,177.99624328012052,20169.107676561416
cont,Rosenbrock,7,BA,10000,easy,0,30,0.03125,0.0016532542666409576,0.09211405994732372,2171.0802865589953,1427.5222322468699,97.53993022008146,12292.959189210216
cont,Rosenbrock,7,BA,10000,med,0,30,0.03125,0.0016532542666409576,0.09211405994732372,2171.0802865589953,1427.5222322468699,97.53993022008146,12292.959189210216
cont,Rosenbrock,7,BA,10000,hard,0,30,0.03125,0.0016532542666409576,0.09211405994732372,2171.0802865589953,1427.5222322468699,97.53993022008146,12292.959189210216
cont,Rosenbrock,7,ES_1P1,2000,easy,1,30,0.0625,0.011585315861443594,0.14409039131834475,23.782297060500095,6.847618219850538,0.04319328587776587,185.16127448372265
cont,Rosenbrock,7,ES_1P1,2000,med,0,30,0.03125,0.0016532542666409576,0.09211405994732372,23.782297060500095,6.847618219850538,0.04319328587776587,185.16127448372265
cont,Rosenbrock,7,ES_1P1,2000,hard,0,30,0.03125,0.0016532542666409576,0.09211405994732372,23.782297060500095,6.847618219850538,0.04319328587776587,185.16127448372265
cont,Rosenbrock,7,ES_1P1,5000,easy,0,30,0.03125,0.0016532542666409576,0.09211405994732372,8.07898280138877,4.357851629484461,0.21039762417198757,83.80664268049149
cont,Rosenbrock,7,ES_1P1,5000,med,0,30,0.03125,0.0016532542666409576,0.09211405994732372,8.07898280138877,4.357851629484461,0.21039762417198757,83.80664268049149
cont,Rosenbrock,7,ES_1P1,5000,hard,0,30,0.03125,0.0016532542666409576,0.09211405994732372,8.07898280138877,4.357851629484461,0.21039762417198757,83.80664268049149
cont,Rosenbrock,7,ES_1P1,8000,easy,0,30,0.03125,0.0016532542666409576,0.09211405994732372,18.738367521248055,3.7704685374753772,0.29419780048151845,118.72482056397409
cont,Rosenbrock,7,ES_1P1,8000,med,0,30,0.03125,0.0016532542666409576,0.09211405994732372,18.738367521248055,3.7704685374753772,0.29419780048151845,118.72482056397409
cont,Rosenbrock,7,ES_1P1,8000,hard,0,30,0.03125,0.0016532542666409576,0.09211405994732372,18.738367521248055,3.7704685374753772,0.29419780048151845,118.72482056397409
cont,Rosenbrock,7,ES_1P1,10000,easy,0,30,0.03125,0.0016532542666409576,0.09211405994732372,5.510434600194437,1.9383071948930644,0.2767224885650043,72.80208397468489
cont,Rosenbrock,7,ES_1P1,10000,med,0,30,0.03125,0.0016532542666409576,0.09211405994732372,5.510434600194437,1.9383071948930644,0.2767224885650043,72.80208397468489
cont,Rosenbrock,7,ES_1P1,10000,hard,0,30,0.03125,0.0016532542666409576,0.09211405994732372,5.510434600194437,1.9383071948930644,0.2767224885650043,72.80208397468489
cont,Rosenbrock,7,FA,2000,easy,0,30,0.03125,0.0016532542666409576,0.09211405994732372,5808.381036410355,5895.764089475098,2638.628396848103,10018.413498026226
cont,Rosenbrock,7,FA,2000,med,0,30,0.03125,0.0016532542666409576,0.09211405994732372,5808.381036410355,5895.764089475098,2638.628396848103,10018.413498026226
cont,Rosenbrock,7,FA,2000,hard,0,30,0.03125,0.0016532542666409576,0.09211405994732372,5808.381036410355,5895.764089475098,2638.628396848103,10018.413498026226
cont,Rosenbrock,7,FA,5000,easy,0,30,0.03125,0.0016532542666409576,0.09211405994732372,3665.291506956012,3415.3484839697503,1014.3642216667744,8977.266020620913
cont,Rosenbrock,7,FA,5000,med,0,30,0.03125,0.0016532542666409576,0.09211405994732372,3665.291506956012,3415.3484839697503,1014.3642216667744,8977.266020620913
cont,Rosenbrock,7,FA,5000,hard,0,30,0.03125,0.0016532542666409576,0.09211405994732372,3665.291506956012,3415.3484839697503,1014.3642216667744,8977.266020620913
cont,Rosenbrock,7,FA,8000,easy,0,30,0.03125,0.0016532542666409576,0.09211405994732372,3213.863905182123,2858.8051749798765,930.248932827398,6204.208055857316
cont,Rosenbrock,7,FA,8000,med,0,30,0.03125,0.0016532542666409576,0.09211405994732372,3213.863905182123,2858.8051749798765,930.248932827398,6204.208055857316
cont,Rosenbrock,7,FA,8000,hard,0,30,0.03125,0.0016532542666409576,0.09211405994732372,3213.863905182123,2858.8051749798765,930.248932827398,6204.208055857316
cont,Rosenbrock,7,FA,10000,easy,0,30,0.03125,0.0016532542666409576,0.09211405994732372,2947.175501453515,2596.9249724920082,499.77619904860165,5578.192252000567
cont,Rosenbrock,7,FA,10000,med,0,30,0.03125,0.0016532542666409576,0.09211405994732372,2947.175501453515,2596.9249724920082,499.77619904860165,5578.192252000567
cont,Rosenbrock,7,FA,10000,hard,0,30,0.03125,0.0016532542666409576,0.09211405994732372,2947.175501453515,2596.9249724920082,499.77619904860165,5578.192252000567
cont,Rosenbrock,7,GWO,2000,easy,0,30,0.03125,0.0016532542666409576,0.09211405994732372,83.69334566644305,57.41054559444185,9.960541091587473,322.95543361500347
cont,Rosenbrock,7,GWO,2000,med,0,30,0.03125,0.0016532542666409576,0.09211405994732372,83.69334566644305,57.41054559444185,9.960541091587473,322.95543361500347
cont,Rosenbrock,7,GWO,2000,hard,0,30,0.03125,0.0016532542666409576,0.09211405994732372,83.69334566644305,57.41054559444185,9.960541091587473,322.95543361500347
cont,Rosenbrock,7,GWO,5000,easy,0,30,0.03125,0.0016532542666409576,0.09211405994732372,42.93861357461435,48.83422835547781,8.559156965821096,123.26632390833555
cont,Rosenbrock,7,GWO,5000,med,0,30,0.03125,0.0016532542666409576,0.09211405994732372,42.93861357461435,48.83422835547781,8.559156965821096,123.26632390833555
cont,Rosenbrock,7,GWO,5000,hard,0,30,0.03125,0.0016532542666409576,0.09211405994732372,42.93861357461435,48.83422835547781,8.559156965821096,123.26632390833555
cont,Rosenbrock,7,GWO,8000,easy,0,30,0.03125,0.0016532542666409576,0.09211405994732372,45.9073673282419,50.87446652986066,8.034766267239162,283.6943485857172
cont,Rosenbrock,7,GWO,8000,med,0,30,0.03125,0.0016532542666409576,0.09211405994732372,45.9073673282419,50.87446652986066,8.034766267239162,283.6943485857172
cont,Rosenbrock,7,GWO,8000,hard,0,30,0.03125,0.0016532542666409576,0.09211405994732372,45.9073673282419,50.87446652986066,8.034766267239162,283.6943485857172
cont,Rosenbrock,7,GWO,10000,easy,0,30,0.03125,0.0016532542666409576,0.09211405994732372,60.60842561598564,53.157177912325295,9.956791215392498,257.6979587964123
cont,Rosenbrock,7,GWO,10000,med,0,30,0.03125,0.0016532542666409576,0.09211405994732372,60.60842561598564,53.157177912325295,9.956791215392498,257.6979587964123
cont,Rosenbrock,7,GWO,10000,hard,0,30,0.03125,0.0016532542666409576,0.09211405994732372,60.60842561598564,53.157177912325295,9.956791215392498,257.6979587964123
cont,Rosenbrock,7,MFO,2000,easy,0,30,0.03125,0.0016532542666409576,0.09211405994732372,1148.3089313995104,1030.1571330382585,77.3739593893154,3231.521252339993
cont,Rosenbrock,7,MFO,2000,med,0,30,0.03125,0.0016532542666409576,0.09211405994732372,1148.3089313995104,1030.1571330382585,77.3739593893154,3231.521252339993
cont,Rosenbrock,7,MFO,2000,hard,0,30,0.03125,0.0016532542666409576,0.09211405994732372,1148.3089313995104,1030.1571330382585,77.3739593893154,3231.521252339993
cont,Rosenbrock,7,MFO,5000,easy,0,30,0.03125,0.0016532542666409576,0.09211405994732372,432.7368806955878,318.29701259130053,42.43213067748003,1802.4156160521277
cont,Rosenbrock,7,MFO,5000,med,0,30,0.03125,0.0016532542666409576,0.09211405994732372,432.7368806955878,318.29701259130053,42.43213067748003,1802.4156160521277
cont,Rosenbrock,7,MFO,5000,hard,0,30,0.03125,0.0016532542666409576,0.09211405994732372,432.7368806955878,318.29701259130053,42.43213067748003,1802.4156160521277
cont,Rosenbrock,7,MFO,8000,easy,0,30,0.03125,0.0016532542666409576,0.09211405994732372,425.4637224855962,225.68084552355788,13.42449329570687,1737.7866134136748
cont,Rosenbrock,7,MFO,8000,med,0,30,0.03125,0.0016532542666409576,0.09211405994732372,425.4637224855962,225.68084552355788,13.42449329570687,1737.7866134136748
cont,Rosenbrock,7,MFO,8000,hard,0,30,0.03125,0.0016532542666409576,0.09211405994732372,425.4637224855962,225.68084552355788,13.42449329570687,1737.7866134136748
cont,Rosenbrock,7,MFO,10000,easy,0,30,0.03125,0.0016532542666409576,0.09211405994732372,457.3556210021413,284.61310255899843,60.42725714691727,1646.3495047250851
cont,Rosenbrock,7,MFO,10000,med,0,30,0.03125,0.0016532542666409576,0.09211405994732372,457.3556210021413,284.61310255899843,60.42725714691727,1646.3495047250851
cont,Rosenbrock,7,MFO,10000,hard,0,30,0.03125,0.0016532542666409576,0.09211405994732372,457.3556210021413,284.61310255899843,60.42725714691727,1646.3495047250851
cont,Rosenbrock,7,PSO_GBEST,2000,easy,0,30,0.03125,0.0016532542666409576,0.09211405994732372,72.30259062057324,10.294031555091593,3.5360773223613253,788.3294409463936
cont,Rosenbrock,7,PSO_GBEST,2000,med,0,30,0.03125,0.0016532542666409576,0.09211405994732372,72.30259062057324,10.294031555091593,3.5360773223613253,788.3294409463936
cont,Rosenbrock,7,PSO_GBEST,2000,hard,0,30,0.03125,0.0016532542666409576,0.09211405994732372,72.30259062057324,10.294031555091593,3.5360773223613253,788.3294409463936
cont,Rosenbrock,7,PSO_GBEST,5000,easy,0,30,0.03125,0.0016532542666409576,0.09211405994732372,79.96217132637193,6.095470623969852,3.8574562831443187,785.6878753709486
cont,Rosenbrock,7,PSO_GBEST,5000,med,0,30,0.03125,0.0016532542666409576,0.09211405994732372,79.96217132637193,6.095470623969852,3.8574562831443187,785.6878753709486
cont,Rosenbrock,7,PSO_GBEST,5000,hard,0,30,0.03125,0.0016532542666409576,0.09211405994732372,79.96217132637193,6.095470623969852,3.8574562831443187,785.6878753709486
cont,Rosenbrock,7,PSO_GBEST,8000,easy,0,30,0.03125,0.0016532542666409576,0.09211405994732372,44.68532770546835,5.076127948912307,0.14615466811146538,786.4951212878941
cont,Rosenbrock,7,PSO_GBEST,8000,med,0,30,0.03125,0.0016532542666409576,0.09211405994732372,44.68532770546835,5.076127948912307,0.14615466811146538,786.4951212878941
cont,Rosenbrock,7,PSO_GBEST,8000,hard,0,30,0.03125,0.0016532542666409576,0.09211405994732372,44.68532770546835,5.076127948912307,0.14615466811146538,786.4951212878941
cont,Rosenbrock,7,PSO_GBEST,10000,easy,0,30,0.03125,0.0016532542666409576,0.09211405994732372,32.36142426005714,4.011934292399744,0.10816680660166281,783.6489062756763
cont,Rosenbrock,7,PSO_GBEST,10000,med,0,30,0.03125,0.0016532542666409576,0.09211405994732372,32.36142426005714,4.011934292399744,0.10816680660166281,783.6489062756763
cont,Rosenbrock,7,PSO_GBEST,10000,hard,0,30,0.03125,0.0016532542666409576,0.09211405994732372,32.36142426005714,4.011934292399744,0.10816680660166281,783.6489062756763
cont,Rosenbrock,7,WOA,2000,easy,0,30,0.03125,0.0016532542666409576,0.09211405994732372,109.74905357768965,55.467220878145255,7.785969145111552,520.1876293409179
cont,Rosenbrock,7,WOA,2000,med,0,30,0.03125,0.0016532542666409576,0.09211405994732372,109.74905357768965,55.467220878145255,7.785969145111552,520.1876293409179
cont,Rosenbrock,7,WOA,2000,hard,0,30,0.03125,0.0016532542666409576,0.09211405994732372,109.74905357768965,55.467220878145255,7.785969145111552,520.1876293409179
cont,Rosenbrock,7,WOA,5000,easy,0,30,0.03125,0.0016532542666409576,0.09211405994732372,54.224025889161545,14.524688143144614,3.8580943965010945,222.60541131494978
cont,Rosenbrock,7,WOA,5000,med,0,30,0.03125,0.0016532542666409576,0.09211405994732372,54.224025889161545,14.524688143144614,3.8580943965010945,222.60541131494978
cont,Rosenbrock,7,WOA,5000,hard,0,30,0.03125,0.0016532542666409576,0.09211405994732372,54.224025889161545,14.524688143144614,3.8580943965010945,222.60541131494978
cont,Rosenbrock,7,WOA,8000,easy,0,30,0.03125,0.0016532542666409576,0.09211405994732372,73.20686193551732,63.955553623502645,3.386332602421398,298.0300427940583
cont,Rosenbrock,7,WOA,8000,med,0,30,0.03125,0.0016532542666409576,0.09211405994732372,73.20686193551732,63.955553623502645,3.386332602421398,298.0300427940583
cont,Rosenbrock,7,WOA,8000,hard,0,30,0.03125,0.0016532542666409576,0.09211405994732372,73.20686193551732,63.955553623502645,3.386332602421398,298.0300427940583
cont,Rosenbrock,7,WOA,10000,easy,0,30,0.03125,0.0016532542666409576,0.09211405994732372,62.687724730690334,48.30692329229409,0.3382290181276282,289.39346819537633
cont,Rosenbrock,7,WOA,10000,med,0,30,0.03125,0.0016532542666409576,0.09211405994732372,62.687724730690334,48.30692329229409,0.3382290181276282,289.39346819537633
cont,Rosenbrock,7,WOA,10000,hard,0,30,0.03125,0.0016532542666409576,0.09211405994732372,62.687724730690334,48.30692329229409,0.3382290181276282,289.39346819537633
cont,Rosenbrock,11,ALO,2000,easy,0,30,0.03125,0.0016532542666409576,0.09211405994732372,19123.18784400376,17563.8266982367,6272.332815711649,40753.40048806895
cont,Rosenbrock,11,ALO,2000,med,0,30,0.03125,0.0016532542666409576,0.09211405994732372,19123.18784400376,17563.8266982367,6272.332815711649,40753.40048806895
cont,Rosenbrock,11,ALO,2000,hard,0,30,0.03125,0.0016532542666409576,0.09211405994732372,19123.18784400376,17563.8266982367,6272.332815711649,40753.40048806895
cont,Rosenbrock,11,ALO,5000,easy,0,30,0.03125,0.0016532542666409576,0.09211405994732372,16189.69879868223,13691.56770351548,2638.79842007998,42783.23660642638
cont,Rosenbrock,11,ALO,5000,med,0,30,0.03125,0.0016532542666409576,0.09211405994732372,16189.69879868223,13691.56770351548,2638.79842007998,42783.23660642638
cont,Rosenbrock,11,ALO,5000,hard,0,30,0.03125,0.0016532542666409576,0.09211405994732372,16189.69879868223,13691.56770351548,2638.79842007998,42783.23660642638
cont,Rosenbrock,11,ALO,8000,easy,0,30,0.03125,0.0016532542666409576,0.09211405994732372,11058.405365357969,9555.483417968131,931.0748928807365,23640.33526785493
cont,Rosenbrock,11,ALO,8000,med,0,30,0.03125,0.0016532542666409576,0.09211405994732372,11058.405365357969,9555.483417968131,931.0748928807365,23640.33526785493
cont,Rosenbrock,11,ALO,8000,hard,0,30,0.03125,0.0016532542666409576,0.09211405994732372,11058.405365357969,9555.483417968131,931.0748928807365,23640.33526785493
cont,Rosenbrock,11,ALO,10000,easy,0,30,0.03125,0.0016532542666409576,0.09211405994732372,9717.19192677354,9708.283407604431,1057.704393806353,19482.205036439584
cont,Rosenbrock,11,ALO,10000,med,0,30,0.03125,0.0016532542666409576,0.09211405994732372,9717.19192677354,9708.283407604431,1057.704393806353,19482.205036439584
cont,Rosenbrock,11,ALO,10000,hard,0,30,0.03125,0.0016532542666409576,0.09211405994732372,9717.19192677354,9708.283407604431,1057.704393806353,19482.205036439584
cont,Rosenbrock,11,BA,2000,easy,0,30,0.03125,0.0016532542666409576,0.09211405994732372,8717.289599858312,8628.036847484584,1416.3593879625355,21800.02110680315
cont,Rosenbrock,11,BA,2000,med,0,30,0.03125,0.0016532542666409576,0.09211405994732372,8717.289599858312,8628.036847484584,1416.3593879625355,21800.02110680315
cont,Rosenbrock,11,BA,2000,hard,0,30,0.03125,0.0016532542666409576,0.09211405994732372,8717.289599858312,8628.036847484584,1416.3593879625355,21800.02110680315
cont,Rosenbrock,11,BA,5000,easy,0,30,0.03125,0.0016532542666409576,0.09211405994732372,5723.554456095247,4256.971755796457,900.6975531768197,14607.84606504355
cont,Rosenbrock,11,BA,5000,med,0,30,0.03125,0.0016532542666409576,0.09211405994732372,5723.554456095247,4256.971755796457,900.6975531768197,14607.84606504355
cont,Rosenbrock,11,BA,5000,hard,0,30,0.03125,0.0016532542666409576,0.09211405994732372,5723.554456095247,4256.971755796457,900.6975531768197,14607.84606504355
cont,Rosenbrock,11,BA,8000,easy,0,30,0.03125,0.0016532542666409576,0.09211405994732372,4343.126753980348,2951.9156729717383,339.1600444014407,25269.430265201827
cont,Rosenbrock,11,BA,8000,med,0,30,0.03125,0.0016532542666409576,0.09211405994732372,4343.126753980348,2951.9156729717383,339.1600444014407,25269.430265201827
cont,Rosenbrock,11,BA,8000,hard,0,30,0.03125,0.0016532542666409576,0.09211405994732372,4343.126753980348,2951.9156729717383,339.1600444014407,25269.430265201827
cont,Rosenbrock,11,BA,10000,easy,0,30,0.03125,0.0016532542666409576,0.09211405994732372,1767.299477826875,1505.46664537445,150.16126360563473,8187.26225390222
cont,Rosenbrock,11,BA,10000,med,0,30,0.03125,0.0016532542666409576,0.09211405994732372,1767.299477826875,1505.46664537445,150.16126360563473,8187.26225390222
cont,Rosenbrock,11,BA,10000,hard,0,30,0.03125,0.0016532542666409576,0.09211405994732372,1767.299477826875,1505.46664537445,150.16126360563473,8187.26225390222
cont,Rosenbrock,11,ES_1P1,2000,easy,0,30,0.03125,0.0016532542666409576,0.09211405994732372,8.865019084674008,6.670992687602862,0.2870824150364949,83.37969009510019
cont,Rosenbrock,11,ES_1P1,2000,med,0,30,0.03125,0.0016532542666409576,0.09211405994732372,8.865019084674008,6.670992687602862,0.2870824150364949,83.37969009510019
cont,Rosenbrock,11,ES_1P1,2000,hard,0,30,0.03125,0.0016532542666409576,0.09211405994732372,8.865019084674008,6.670992687602862,0.2870824150364949,83.37969009510019
cont,Rosenbrock,11,ES_1P1,5000,easy,2,30,0.09375,0.02690011969114915,0.18946446742553866,6.59416070020871,4.0321900330602585,0.04104395058992595,77.89000980703615
cont,Rosenbrock,11,ES_1P1,5000,med,0,30,0.03125,0.0016532542666409576,0.09211405994732372,6.59416070020871,4.0321900330602585,0.04104395058992595,77.89000980703615
cont,Rosenbrock,11,ES_1P1,5000,hard,0,30,0.03125,0.0016532542666409576,0.09211405994732372,6.59416070020871,4.0321900330602585,0.04104395058992595,77.89000980703615
cont,Rosenbrock,11,ES_1P1,8000,easy,0,30,0.03125,0.0016532542666409576,0.09211405994732372,2.546893753698778,1.9624614089866832,0.800384200895348,9.509469845157557
cont,Rosenbrock,11,ES_1P1,8000,med,0,30,0.03125,0.0016532542666409576,0.09211405994732372,2.546893753698778,1.9624614089866832,0.800384200895348,9.509469845157557
cont,Rosenbrock,11,ES_1P1,8000,hard,0,30,0.03125,0.0016532542666409576,0.09211405994732372,2.546893753698778,1.9624614089866832,0.800384200895348,9.509469845157557
cont,Rosenbrock,11,ES_1P1,10000,easy,0,30,0.03125,0.0016532542666409576,0.09211405994732372,1.6602730950931606,1.179022027573503,0.2698149815295364,5.441087942240359
cont,Rosenbrock,11,ES_1P1,10000,med,0,30,0.03125,0.0016532542666409576,0.09211405994732372,1.6602730950931606,1.179022027573503,0.2698149815295364,5.441087942240359
cont,Rosenbrock,11,ES_1P1,10000,hard,0,30,0.03125,0.0016532542666409576,0.09211405994732372,1.6602730950931606,1.179022027573503,0.2698149815295364,5.441087942240359
cont,Rosenbrock,11,FA,2000,easy,0,30,0.03125,0.0016532542666409576,0.09211405994732372,5356.036937457927,4966.396571645797,2079.4500035275296,11269.343165313057
cont,Rosenbrock,11,FA,2000,med,0,30,0.03125,0.0016532542666409576,0.09211405994732372,5356.036937457927,4966.396571645797,2079.4500035275296,11269.343165313057
cont,Rosenbrock,11,FA,2000,hard,0,30,0.03125,0.0016532542666409576,0.09211405994732372,5356.036937457927,4966.396571645797,2079.4500035275296,11269.343165313057
cont,Rosenbrock,11,FA,5000,easy,0,30,0.03125,0.0016532542666409576,0.09211405994732372,3626.0519687640945,3179.9250954797994,1311.4255508753295,7948.0021075316545
cont,Rosenbrock,11,FA,5000,med,0,30,0.03125,0.0016532542666409576,0.09211405994732372,3626.0519687640945,3179.9250954797994,1311.4255508753295,7948.0021075316545
cont,Rosenbrock,11,FA,5000,hard,0,30,0.03125,0.0016532542666409576,0.09211405994732372,3626.0519687640945,3179.9250954797994,1311.4255508753295,7948.0021075316545
cont,Rosenbrock,11,FA,8000,easy,0,30,0.03125,0.0016532542666409576,0.09211405994732372,3172.248308462333,3013.69214138641,693.7042476172297,7418.368563038099
cont,Rosenbrock,11,FA,8000,med,0,30,0.03125,0.0016532542666409576,0.09211405994732372,3172.248308462333,3013.69214138641,693.7042476172297,7418.368563038099
cont,Rosenbrock,11,FA,8000,hard,0,30,0.03125,0.0016532542666409576,0.09211405994732372,3172.248308462333,3013.69214138641,693.7042476172297,7418.368563038099
cont,Rosenbrock,11,FA,10000,easy,0,30,0.03125,0.0016532542666409576,0.09211405994732372,3056.6940305887697,2877.7085065659126,1468.093325887507,6108.1673337837765
cont,Rosenbrock,11,FA,10000,med,0,30,0.03125,0.0016532542666409576,0.09211405994732372,3056.6940305887697,2877.7085065659126,1468.093325887507,6108.1673337837765
cont,Rosenbrock,11,FA,10000,hard,0,30,0.03125,0.0016532542666409576,0.09211405994732372,3056.6940305887697,2877.7085065659126,1468.093325887507,6108.1673337837765
cont,Rosenbrock,11,GWO,2000,easy,0,30,0.03125,0.0016532542666409576,0.09211405994732372,16.959500510569928,15.223639576726546,6.076214519986866,63.935053285321885
cont,Rosenbrock,11,GWO,2000,med,0,30,0.03125,0.0016532542666409576,0.09211405994732372,16.959500510569928,15.223639576726546,6.076214519986866,63.935053285321885
cont,Rosenbrock,11,GWO,2000,hard,0,30,0.03125,0.0016532542666409576,0.09211405994732372,16.959500510569928,15.223639576726546,6.076214519986866,63.935053285321885
cont,Rosenbrock,11,GWO,5000,easy,0,30,0.03125,0.0016532542666409576,0.09211405994732372,19.24473237520446,17.20620173421264,6.687059164285704,39.11619873148891
cont,Rosenbrock,11,GWO,5000,med,0,30,0.03125,0.0016532542666409576,0.09211405994732372,19.24473237520446,17.20620173421264,6.687059164285704,39.11619873148891
cont,Rosenbrock,11,GWO,5000,hard,0,30,0.03125,0.0016532542666409576,0.09211405994732372,19.24473237520446,17.20620173421264,6.687059164285704,39.11619873148891
cont,Rosenbrock,11,GWO,8000,easy,0,30,0.03125,0.0016532542666409576,0.09211405994732372,20.630116284461568,17.077644907875218,6.829030922550254,40.18325416429322
cont,Rosenbrock,11,GWO,8000,med,0,30,0.03125,0.0016532542666409576,0.09211405994732372,20.630116284461568,17.077644907875218,6.829030922550254,40.18325416429322
cont,Rosenbrock,11,GWO,8000,hard,0,30,0.03125,0.0016532542666409576,0.09211405994732372,20.630116284461568,17.077644907875218,6.829030922550254,40.18325416429322
cont,Rosenbrock,11,GWO,10000,easy,0,30,0.03125,0.0016532542666409576,0.09211405994732372,33.84933023376234,25.690181389892256,7.020092238424626,129.22061669572832
cont,Rosenbrock,11,GWO,10000,med,0,30,0.03125,0.0016532542666409576,0.09211405994732372,33.84933023376234,25.690181389892256,7.020092238424626,129.22061669572832
cont,Rosenbrock,11,GWO,10000,hard,0,30,0.03125,0.0016532542666409576,0.09211405994732372,33.84933023376234,25.690181389892256,7.020092238424626,129.22061669572832
cont,Rosenbrock,11,MFO,2000,easy,0,30,0.03125,0.0016532542666409576,0.09211405994732372,1289.006844748931,643.9722105898329,50.7769403613538,7612.848230487997
cont,Rosenbrock,11,MFO,2000,med,0,30,0.03125,0.0016532542666409576,0.09211405994732372,1289.006844748931,643.9722105898329,50.7769403613538,7612.848230487997
cont,Rosenbrock,11,MFO,2000,hard,0,30,0.03125,0.0016532542666409576,0.09211405994732372,1289.006844748931,643.9722105898329,50.7769403613538,7612.848230487997
cont,Rosenbrock,11,MFO,5000,easy,0,30,0.03125,0.0016532542666409576,0.09211405994732372,535.2015144468841,285.4684520372353,22.99530338450883,2022.889605294054
cont,Rosenbrock,11,MFO,5000,med,0,30,0.03125,0.0016532542666409576,0.09211405994732372,535.2015144468841,285.4684520372353,22.99530338450883,2022.889605294054
cont,Rosenbrock,11,MFO,5000,hard,0,30,0.03125,0.0016532542666409576,0.09211405994732372,535.2015144468841,285.4684520372353,22.99530338450883,2022.889605294054
cont,Rosenbrock,11,MFO,8000,easy,0,30,0.03125,0.0016532542666409576,0.09211405994732372,517.2433764490429,225.1753907471534,29.389387221838255,3978.2588348470968
cont,Rosenbrock,11,MFO,8000,med,0,30,0.03125,0.0016532542666409576,0.09211405994732372,517.2433764490429,225.1753907471534,29.389387221838255,3978.2588348470968
cont,Rosenbrock,11,MFO,8000,hard,0,30,0.03125,0.0016532542666409576,0.09211405994732372,517.2433764490429,225.1753907471534,29.389387221838255,3978.2588348470968
cont,Rosenbrock,11,MFO,10000,easy,0,30,0.03125,0.0016532542666409576,0.09211405994732372,325.02542402394266,204.39998152325785,26.918888858744282,1303.8678462499581
cont,Rosenbrock,11,MFO,10000,med,0,30,0.03125,0.0016532542666409576,0.09211405994732372,325.02542402394266,204.39998152325785,26.918888858744282,1303.8678462499581
cont,Rosenbrock,11,MFO,10000,hard,0,30,0.03125,0.0016532542666409576,0.09211405994732372,325.02542402394266,204.39998152325785,26.918888858744282,1303.8678462499581
cont,Rosenbrock,11,PSO_GBEST,2000,easy,0,30,0.03125,0.0016532542666409576,0.09211405994732372,174.2511224206307,10.180191272552833,7.194940896455412,3567.89381291021
cont,Rosenbrock,11,PSO_GBEST,2000,med,0,30,0.03125,0.0016532542666409576,0.09211405994732372,174.2511224206307,10.180191272552833,7.194940896455412,3567.89381291021
cont,Rosenbrock,11,PSO_GBEST,2000,hard,0,30,0.03125,0.0016532542666409576,0.09211405994732372,174.2511224206307,10.180191272552833,7.194940896455412,3567.89381291021
cont,Rosenbrock,11,PSO_GBEST,5000,easy,1,30,0.0625,0.011585315861443594,0.14409039131834475,93.54365433694369,6.29285240903369,0.055993961498725264,1930.0443701359634
cont,Rosenbrock,11,PSO_GBEST,5000,med,0,30,0.03125,0.0016532542666409576,0.09211405994732372,93.54365433694369,6.29285240903369,0.055993961498725264,1930.0443701359634
cont,Rosenbrock,11,PSO_GBEST,5000,hard,0,30,0.03125,0.0016532542666409576,0.09211405994732372,93.54365433694369,6.29285240903369,0.055993961498725264,1930.0443701359634
cont,Rosenbrock,11,PSO_GBEST,8000,easy,2,30,0.09375,0.02690011969114915,0.18946446742553866,4.462535713175277,4.633825106763667,0.0694620462107641,9.229736572871177
cont,Rosenbrock,11,PSO_GBEST,8000,med,0,30,0.03125,0.0016532542666409576,0.09211405994732372,4.462535713175277,4.633825106763667,0.0694620462107641,9.229736572871177
cont,Rosenbrock,11,PSO_GBEST,8000,hard,0,30,0.03125,0.0016532542666409576,0.09211405994732372,4.462535713175277,4.633825106763667,0.0694620462107641,9.229736572871177
cont,Rosenbrock,11,PSO_GBEST,10000,easy,2,30,0.09375,0.02690011969114915,0.18946446742553866,18.204634201709272,3.600684680112149,0.014353507510363139,182.8865248791813
cont,Rosenbrock,11,PSO_GBEST,10000,med,0,30,0.03125,0.0016532542666409576,0.09211405994732372,18.204634201709272,3.600684680112149,0.014353507510363139,182.8865248791813
cont,Rosenbrock,11,PSO_GBEST,10000,hard,0,30,0.03125,0.0016532542666409576,0.09211405994732372,18.204634201709272,3.600684680112149,0.014353507510363139,182.8865248791813
cont,Rosenbrock,11,WOA,2000,easy,0,30,0.03125,0.0016532542666409576,0.09211405994732372,39.30696341236102,22.658988956423585,7.977606771164601,147.7011126947586
cont,Rosenbrock,11,WOA,2000,med,0,30,0.03125,0.0016532542666409576,0.09211405994732372,39.30696341236102,22.658988956423585,7.977606771164601,147.7011126947586
cont,Rosenbrock,11,WOA,2000,hard,0,30,0.03125,0.0016532542666409576,0.09211405994732372,39.30696341236102,22.658988956423585,7.977606771164601,147.7011126947586
cont,Rosenbrock,11,WOA,5000,easy,0,30,0.03125,0.0016532542666409576,0.09211405994732372,19.028814402458767,11.180908320444194,0.34987692103209433,84.84300918950618
cont,Rosenbrock,11,WOA,5000,med,0,30,0.03125,0.0016532542666409576,0.09211405994732372,19.028814402458767,11.180908320444194,0.34987692103209433,84.84300918950618
cont,Rosenbrock,11,WOA,5000,hard,0,30,0.03125,0.0016532542666409576,0.09211405994732372,19.028814402458767,11.180908320444194,0.34987692103209433,84.84300918950618
cont,Rosenbrock,11,WOA,8000,easy,0,30,0.03125,0.0016532542666409576,0.09211405994732372,17.636936510683828,9.520650260964224,0.40327638153772616,102.24400990443814
cont,Rosenbrock,11,WOA,8000,med,0,30,0.03125,0.0016532542666409576,0.09211405994732372,17.636936510683828,9.520650260964224,0.40327638153772616,102.24400990443814
cont,Rosenbrock,11,WOA,8000,hard,0,30,0.03125,0.0016532542666409576,0.09211405994732372,17.636936510683828,9.520650260964224,0.40327638153772616,102.24400990443814
cont,Rosenbrock,11,WOA,10000,easy,0,30,0.03125,0.0016532542666409576,0.09211405994732372,13.78791187311353,8.68871282068747,0.608198348515987,96.76502622277646
cont,Rosenbrock,11,WOA,10000,med,0,30,0.03125,0.0016532542666409576,0.09211405994732372,13.78791187311353,8.68871282068747,0.608198348515987,96.76502622277646
cont,Rosenbrock,11,WOA,10000,hard,0,30,0.03125,0.0016532542666409576,0.09211405994732372,13.78791187311353,8.68871282068747,0.608198348515987,96.76502622277646
cont,Rosenbrock,12,ALO,2000,easy,0,30,0.03125,0.0016532542666409576,0.09211405994732372,18276.901540042203,17144.23954268528,8761.34233104704,35424.630867434105
cont,Rosenbrock,12,ALO,2000,med,0,30,0.03125,0.0016532542666409576,0.09211405994732372,18276.901540042203,17144.23954268528,8761.34233104704,35424.630867434105
cont,Rosenbrock,12,ALO,2000,hard,0,30,0.03125,0.0016532542666409576,0.09211405994732372,18276.901540042203,17144.23954268528,8761.34233104704,35424.630867434105
cont,Rosenbrock,12,ALO,5000,easy,0,30,0.03125,0.0016532542666409576,0.09211405994732372,17107.593573086702,13851.536984752627,2690.6993369253055,65979.82830476953
cont,Rosenbrock,12,ALO,5000,med,0,30,0.03125,0.0016532542666409576,0.09211405994732372,17107.593573086702,13851.536984752627,2690.6993369253055,65979.82830476953
cont,Rosenbrock,12,ALO,5000,hard,0,30,0.03125,0.0016532542666409576,0.09211405994732372,17107.593573086702,13851.536984752627,2690.6993369253055,65979.82830476953
cont,Rosenbrock,12,ALO,8000,easy,0,30,0.03125,0.0016532542666409576,0.09211405994732372,15086.28449919159,11765.018295269141,1101.5752740109383,82783.3425476373
cont,Rosenbrock,12,ALO,8000,med,0,30,0.03125,0.0016532542666409576,0.09211405994732372,15086.28449919159,11765.018295269141,1101.5752740109383,82783.3425476373
cont,Rosenbrock,12,ALO,8000,hard,0,30,0.03125,0.0016532542666409576,0.09211405994732372,15086.28449919159,11765.018295269141,1101.5752740109383,82783.3425476373
cont,Rosenbrock,12,ALO,10000,easy,0,30,0.03125,0.0016532542666409576,0.09211405994732372,12156.694515168627,11124.336579104456,715.5709577278676,47772.28938810808
cont,Rosenbrock,12,ALO,10000,med,0,30,0.03125,0.0016532542666409576,0.09211405994732372,12156.694515168627,11124.336579104456,715.5709577278676,47772.28938810808
cont,Rosenbrock,12,ALO,10000,hard,0,30,0.03125,0.0016532542666409576,0.09211405994732372,12156.694515168627,11124.336579104456,715.5709577278676,47772.28938810808
cont,Rosenbrock,12,BA,2000,easy,0,30,0.03125,0.0016532542666409576,0.09211405994732372,28293.514172412826,19902.565048233973,2954.0235953945717,79591.09712379663
cont,Rosenbrock,12,BA,2000,med,0,30,0.03125,0.0016532542666409576,0.09211405994732372,28293.514172412826,19902.565048233973,2954.0235953945717,79591.09712379663
cont,Rosenbrock,12,BA,2000,hard,0,30,0.03125,0.0016532542666409576,0.09211405994732372,28293.514172412826,19902.565048233973,2954.0235953945717,79591.09712379663
cont,Rosenbrock,12,BA,5000,easy,0,30,0.03125,0.0016532542666409576,0.09211405994732372,12370.70580853838,9005.950044724332,1382.2247357135404,39573.0955766421
cont,Rosenbrock,12,BA,5000,med,0,30,0.03125,0.0016532542666409576,0.09211405994732372,12370.70580853838,9005.950044724332,1382.2247357135404,39573.0955766421
cont,Rosenbrock,12,BA,5000,hard,0,30,0.03125,0.0016532542666409576,0.09211405994732372,12370.70580853838,9005.950044724332,1382.2247357135404,39573.0955766421
cont,Rosenbrock,12,BA,8000,easy,0,30,0.03125,0.0016532542666409576,0.09211405994732372,11923.4548469708,8850.989145564892,213.7407150006673,50550.327047276034
cont,Rosenbrock,12,BA,8000,med,0,30,0.03125,0.0016532542666409576,0.09211405994732372,11923.4548469708,8850.989145564892,213.7407150006673,50550.327047276034
cont,Rosenbrock,12,BA,8000,hard,0,30,0.03125,0.0016532542666409576,0.09211405994732372,11923.4548469708,8850.989145564892,213.7407150006673,50550.327047276034
cont,Rosenbrock,12,BA,10000,easy,0,30,0.03125,0.0016532542666409576,0.09211405994732372,8047.732585559716,6660.282861450038,527.6920977283921,31204.280354034814
cont,Rosenbrock,12,BA,10000,med,0,30,0.03125,0.0016532542666409576,0.09211405994732372,8047.732585559716,6660.282861450038,527.6920977283921,31204.280354034814
cont,Rosenbrock,12,BA,10000,hard,0,30,0.03125,0.0016532542666409576,0.09211405994732372,8047.732585559716,6660.282861450038,527.6920977283921,31204.280354034814
cont,Rosenbrock,12,ES_1P1,2000,easy,0,30,0.03125,0.0016532542666409576,0.09211405994732372,9.166804932990336,7.117369508394374,4.471651932014145,64.78308804191687
cont,Rosenbrock,12,ES_1P1,2000,med,0,30,0.03125,0.0016532542666409576,0.09211405994732372,9.166804932990336,7.117369508394374,4.471651932014145,64.78308804191687
cont,Rosenbrock,12,ES_1P1,2000,hard,0,30,0.03125,0.0016532542666409576,0.09211405994732372,9.166804932990336,7.117369508394374,4.471651932014145,64.78308804191687
cont,Rosenbrock,12,ES_1P1,5000,easy,0,30,0.03125,0.0016532542666409576,0.09211405994732372,4.455099455784283,4.014033900733207,0.6715541190396528,9.241500345839421
cont,Rosenbrock,12,ES_1P1,5000,med,0,30,0.03125,0.0016532542666409576,0.09211405994732372,4.455099455784283,4.014033900733207,0.6715541190396528,9.241500345839421
cont,Rosenbrock,12,ES_1P1,5000,hard,0,30,0.03125,0.0016532542666409576,0.09211405994732372,4.455099455784283,4.014033900733207,0.6715541190396528,9.241500345839421
cont,Rosenbrock,12,ES_1P1,8000,easy,0,30,0.03125,0.0016532542666409576,0.09211405994732372,2.8123334928063453,2.2655689229021654,0.1664449236150479,7.567224295937115
cont,Rosenbrock,12,ES_1P1,8000,med,0,30,0.03125,0.0016532542666409576,0.09211405994732372,2.8123334928063453,2.2655689229021654,0.1664449236150479,7.567224295937115
cont,Rosenbrock,12,ES_1P1,8000,hard,0,30,0.03125,0.0016532542666409576,0.09211405994732372,2.8123334928063453,2.2655689229021654,0.1664449236150479,7.567224295937115
cont,Rosenbrock,12,ES_1P1,10000,easy,0,30,0.03125,0.0016532542666409576,0.09211405994732372,1.6213266321995834,1.2112014134968363,0.1347753655749898,5.4424416938397
cont,Rosenbrock,12,ES_1P1,10000,med,0,30,0.03125,0.0016532542666409576,0.09211405994732372,1.6213266321995834,1.2112014134968363,0.1347753655749898,5.4424416938397
cont,Rosenbrock,12,ES_1P1,10000,hard,0,30,0.03125,0.0016532542666409576,0.09211405994732372,1.6213266321995834,1.2112014134968363,0.1347753655749898,5.4424416938397
cont,Rosenbrock,12,FA,2000,easy,0,30,0.03125,0.0016532542666409576,0.09211405994732372,4630.588609297223,4894.554716339059,1934.886188946564,8450.158125867329
cont,Rosenbrock,12,FA,2000,med,0,30,0.03125,0.0016532542666409576,0.09211405994732372,4630.588609297223,4894.554716339059,1934.886188946564,8450.158125867329
cont,Rosenbrock,12,FA,2000,hard,0,30,0.03125,0.0016532542666409576,0.09211405994732372,4630.588609297223,4894.554716339059,1934.886188946564,8450.158125867329
cont,Rosenbrock,12,FA,5000,easy,0,30,0.03125,0.0016532542666409576,0.09211405994732372,3221.8022345279187,2883.19230521561,1201.508080855703,7034.4842191565485
cont,Rosenbrock,12,FA,5000,med,0,30,0.03125,0.0016532542666409576,0.09211405994732372,3221.8022345279187,2883.19230521561,1201.508080855703,7034.4842191565485
cont,Rosenbrock,12,FA,5000,hard,0,30,0.03125,0.0016532542666409576,0.09211405994732372,3221.8022345279187,2883.19230521561,1201.508080855703,7034.4842191565485
cont,Rosenbrock,12,FA,8000,easy,0,30,0.03125,0.0016532542666409576,0.09211405994732372,2880.430210142146,2630.860668889344,880.4834655976147,5127.036337905974
cont,Rosenbrock,12,FA,8000,med,0,30,0.03125,0.0016532542666409576,0.09211405994732372,2880.430210142146,2630.860668889344,880.4834655976147,5127.036337905974
cont,Rosenbrock,12,FA,8000,hard,0,30,0.03125,0.0016532542666409576,0.09211405994732372,2880.430210142146,2630.860668889344,880.4834655976147,5127.036337905974
cont,Rosenbrock,12,FA,10000,easy,0,30,0.03125,0.0016532542666409576,0.09211405994732372,2514.299522246596,2379.7949397736493,742.9028360750574,5790.3749247008145
cont,Rosenbrock,12,FA,10000,med,0,30,0.03125,0.0016532542666409576,0.09211405994732372,2514.299522246596,2379.7949397736493,742.9028360750574,5790.3749247008145
cont,Rosenbrock,12,FA,10000,hard,0,30,0.03125,0.0016532542666409576,0.09211405994732372,2514.299522246596,2379.7949397736493,742.9028360750574,5790.3749247008145
cont,Rosenbrock,12,GWO,2000,easy,0,30,0.03125,0.0016532542666409576,0.09211405994732372,22.444283734581667,8.267176724985724,5.03694264935153,158.28229711941734
cont,Rosenbrock,12,GWO,2000,med,0,30,0.03125,0.0016532542666409576,0.09211405994732372,22.444283734581667,8.267176724985724,5.03694264935153,158.28229711941734
cont,Rosenbrock,12,GWO,2000,hard,0,30,0.03125,0.0016532542666409576,0.09211405994732372,22.444283734581667,8.267176724985724,5.03694264935153,158.28229711941734
cont,Rosenbrock,12,GWO,5000,easy,0,30,0.03125,0.0016532542666409576,0.09211405994732372,36.62044088192335,7.956026566393916,2.9625394934227582,180.44000386130352
cont,Rosenbrock,12,GWO,5000,med,0,30,0.03125,0.0016532542666409576,0.09211405994732372,36.62044088192335,7.956026566393916,2.9625394934227582,180.44000386130352
cont,Rosenbrock,12,GWO,5000,hard,0,30,0.03125,0.0016532542666409576,0.09211405994732372,36.62044088192335,7.956026566393916,2.9625394934227582,180.44000386130352
cont,Rosenbrock,12,GWO,8000,easy,0,30,0.03125,0.0016532542666409576,0.09211405994732372,50.21086026872912,8.425003053350888,4.302365831817701,259.4856453656382
cont,Rosenbrock,12,GWO,8000,med,0,30,0.03125,0.0016532542666409576,0.09211405994732372,50.21086026872912,8.425003053350888,4.302365831817701,259.4856453656382
cont,Rosenbrock,12,GWO,8000,hard,0,30,0.03125,0.0016532542666409576,0.09211405994732372,50.21086026872912,8.425003053350888,4.302365831817701,259.4856453656382
cont,Rosenbrock,12,GWO,10000,easy,0,30,0.03125,0.0016532542666409576,0.09211405994732372,36.162262055793676,8.049561388405309,4.028723228086158,171.1645327429936
cont,Rosenbrock,12,GWO,10000,med,0,30,0.03125,0.0016532542666409576,0.09211405994732372,36.162262055793676,8.049561388405309,4.028723228086158,171.1645327429936
cont,Rosenbrock,12,GWO,10000,hard,0,30,0.03125,0.0016532542666409576,0.09211405994732372,36.162262055793676,8.049561388405309,4.028723228086158,171.1645327429936
cont,Rosenbrock,12,MFO,2000,easy,0,30,0.03125,0.0016532542666409576,0.09211405994732372,3065.926088832028,1326.210705387093,166.2165006610401,18417.272106502038
cont,Rosenbrock,12,MFO,2000,med,0,30,0.03125,0.0016532542666409576,0.09211405994732372,3065.926088832028,1326.210705387093,166.2165006610401,18417.272106502038
cont,Rosenbrock,12,MFO,2000,hard,0,30,0.03125,0.0016532542666409576,0.09211405994732372,3065.926088832028,1326.210705387093,166.2165006610401,18417.272106502038
cont,Rosenbrock,12,MFO,5000,easy,0,30,0.03125,0.0016532542666409576,0.09211405994732372,924.1090254332394,722.199907436957,42.86703605285793,3756.146991930781
cont,Rosenbrock,12,MFO,5000,med,0,30,0.03125,0.0016532542666409576,0.09211405994732372,924.1090254332394,722.199907436957,42.86703605285793,3756.146991930781
cont,Rosenbrock,12,MFO,5000,hard,0,30,0.03125,0.0016532542666409576,0.09211405994732372,924.1090254332394,722.199907436957,42.86703605285793,3756.146991930781
cont,Rosenbrock,12,MFO,8000,easy,0,30,0.03125,0.0016532542666409576,0.09211405994732372,1069.7246032476112,413.60510652685855,19.45354533827335,5803.115841341331
cont,Rosenbrock,12,MFO,8000,med,0,30,0.03125,0.0016532542666409576,0.09211405994732372,1069.7246032476112,413.60510652685855,19.45354533827335,5803.115841341331
cont,Rosenbrock,12,MFO,8000,hard,0,30,0.03125,0.0016532542666409576,0.09211405994732372,1069.7246032476112,413.60510652685855,19.45354533827335,5803.115841341331
cont,Rosenbrock,12,MFO,10000,easy,0,30,0.03125,0.0016532542666409576,0.09211405994732372,1010.3911426985545,741.0110934282034,49.27574950721928,3256.062091878207
cont,Rosenbrock,12,MFO,10000,med,0,30,0.03125,0.0016532542666409576,0.09211405994732372,1010.3911426985545,741.0110934282034,49.27574950721928,3256.062091878207
cont,Rosenbrock,12,MFO,10000,hard,0,30,0.03125,0.0016532542666409576,0.09211405994732372,1010.3911426985545,741.0110934282034,49.27574950721928,3256.062091878207
cont,Rosenbrock,12,PSO_GBEST,2000,easy,0,30,0.03125,0.0016532542666409576,0.09211405994732372,1162.7263684011882,23.7777361832161,4.63440392907663,12575.196852672849
cont,Rosenbrock,12,PSO_GBEST,2000,med,0,30,0.03125,0.0016532542666409576,0.09211405994732372,1162.7263684011882,23.7777361832161,4.63440392907663,12575.196852672849
cont,Rosenbrock,12,PSO_GBEST,2000,hard,0,30,0.03125,0.0016532542666409576,0.09211405994732372,1162.7263684011882,23.7777361832161,4.63440392907663,12575.196852672849
cont,Rosenbrock,12,PSO_GBEST,5000,easy,0,30,0.03125,0.0016532542666409576,0.09211405994732372,854.9523972052933,6.808566754164056,0.37531406944825607,7474.168337840205
cont,Rosenbrock,12,PSO_GBEST,5000,med,0,30,0.03125,0.0016532542666409576,0.09211405994732372,854.9523972052933,6.808566754164056,0.37531406944825607,7474.168337840205
cont,Rosenbrock,12,PSO_GBEST,5000,hard,0,30,0.03125,0.0016532542666409576,0.09211405994732372,854.9523972052933,6.808566754164056,0.37531406944825607,7474.168337840205
cont,Rosenbrock,12,PSO_GBEST,8000,easy,0,30,0.03125,0.0016532542666409576,0.09211405994732372,657.8601268345608,5.234984751894383,0.22368271030533557,5257.222961308281
cont,Rosenbrock,12,PSO_GBEST,8000,med,0,30,0.03125,0.0016532542666409576,0.09211405994732372,657.8601268345608,5.234984751894383,0.22368271030533557,5257.222961308281
cont,Rosenbrock,12,PSO_GBEST,8000,hard,0,30,0.03125,0.0016532542666409576,0.09211405994732372,657.8601268345608,5.234984751894383,0.22368271030533557,5257.222961308281
cont,Rosenbrock,12,PSO_GBEST,10000,easy,1,30,0.0625,0.011585315861443594,0.14409039131834475,659.5044972178758,4.269734036986462,0.08346351772815783,7038.421366321882
cont,Rosenbrock,12,PSO_GBEST,10000,med,0,30,0.03125,0.0016532542666409576,0.09211405994732372,659.5044972178758,4.269734036986462,0.08346351772815783,7038.421366321882
cont,Rosenbrock,12,PSO_GBEST,10000,hard,0,30,0.03125,0.0016532542666409576,0.09211405994732372,659.5044972178758,4.269734036986462,0.08346351772815783,7038.421366321882
cont,Rosenbrock,12,WOA,2000,easy,0,30,0.03125,0.0016532542666409576,0.09211405994732372,60.12410448487506,20.8585080889166,5.807741237439187,522.6791884996252
cont,Rosenbrock,12,WOA,2000,med,0,30,0.03125,0.0016532542666409576,0.09211405994732372,60.12410448487506,20.8585080889166,5.807741237439187,522.6791884996252
cont,Rosenbrock,12,WOA,2000,hard,0,30,0.03125,0.0016532542666409576,0.09211405994732372,60.12410448487506,20.8585080889166,5.807741237439187,522.6791884996252
cont,Rosenbrock,12,WOA,5000,easy,0,30,0.03125,0.0016532542666409576,0.09211405994732372,18.925533862728738,8.591362129220869,3.967060046055919,75.28918660631929
cont,Rosenbrock,12,WOA,5000,med,0,30,0.03125,0.0016532542666409576,0.09211405994732372,18.925533862728738,8.591362129220869,3.967060046055919,75.28918660631929
cont,Rosenbrock,12,WOA,5000,hard,0,30,0.03125,0.0016532542666409576,0.09211405994732372,18.925533862728738,8.591362129220869,3.967060046055919,75.28918660631929
cont,Rosenbrock,12,WOA,8000,easy,1,30,0.0625,0.011585315861443594,0.14409039131834475,10.797829818001613,8.089289290214474,0.061315086719631914,66.93941420042634
cont,Rosenbrock,12,WOA,8000,med,0,30,0.03125,0.0016532542666409576,0.09211405994732372,10.797829818001613,8.089289290214474,0.061315086719631914,66.93941420042634
cont,Rosenbrock,12,WOA,8000,hard,0,30,0.03125,0.0016532542666409576,0.09211405994732372,10.797829818001613,8.089289290214474,0.061315086719631914,66.93941420042634
cont,Rosenbrock,12,WOA,10000,easy,0,30,0.03125,0.0016532542666409576,0.09211405994732372,6.421694164127916,7.173299030582056,0.15850509701143553,9.607370657064333
cont,Rosenbrock,12,WOA,10000,med,0,30,0.03125,0.0016532542666409576,0.09211405994732372,6.421694164127916,7.173299030582056,0.15850509701143553,9.607370657064333
cont,Rosenbrock,12,WOA,10000,hard,0,30,0.03125,0.0016532542666409576,0.09211405994732372,6.421694164127916,7.173299030582056,0.15850509701143553,9.607370657064333
cont,Rosenbrock,13,ALO,2000,easy,0,30,0.03125,0.0016532542666409576,0.09211405994732372,17349.40845288584,13994.81794368814,1536.1501131681628,54427.63558302695
cont,Rosenbrock,13,ALO,2000,med,0,30,0.03125,0.0016532542666409576,0.09211405994732372,17349.40845288584,13994.81794368814,1536.1501131681628,54427.63558302695
cont,Rosenbrock,13,ALO,2000,hard,0,30,0.03125,0.0016532542666409576,0.09211405994732372,17349.40845288584,13994.81794368814,1536.1501131681628,54427.63558302695
cont,Rosenbrock,13,ALO,5000,easy,0,30,0.03125,0.0016532542666409576,0.09211405994732372,14992.615965041437,13713.071919902726,1196.5083120814147,37946.873051583025
cont,Rosenbrock,13,ALO,5000,med,0,30,0.03125,0.0016532542666409576,0.09211405994732372,14992.615965041437,13713.071919902726,1196.5083120814147,37946.873051583025
cont,Rosenbrock,13,ALO,5000,hard,0,30,0.03125,0.0016532542666409576,0.09211405994732372,14992.615965041437,13713.071919902726,1196.5083120814147,37946.873051583025
cont,Rosenbrock,13,ALO,8000,easy,0,30,0.03125,0.0016532542666409576,0.09211405994732372,12464.940469410923,9041.997347447,289.7522303955706,39888.26139884452
cont,Rosenbrock,13,ALO,8000,med,0,30,0.03125,0.0016532542666409576,0.09211405994732372,12464.940469410923,9041.997347447,289.7522303955706,39888.26139884452
cont,Rosenbrock,13,ALO,8000,hard,0,30,0.03125,0.0016532542666409576,0.09211405994732372,12464.940469410923,9041.997347447,289.7522303955706,39888.26139884452
cont,Rosenbrock,13,ALO,10000,easy,0,30,0.03125,0.0016532542666409576,0.09211405994732372,8324.054701582569,6601.812224508172,1011.3490645824922,34095.95060665974
cont,Rosenbrock,13,ALO,10000,med,0,30,0.03125,0.0016532542666409576,0.09211405994732372,8324.054701582569,6601.812224508172,1011.3490645824922,34095.95060665974
cont,Rosenbrock,13,ALO,10000,hard,0,30,0.03125,0.0016532542666409576,0.09211405994732372,8324.054701582569,6601.812224508172,1011.3490645824922,34095.95060665974
cont,Rosenbrock,13,BA,2000,easy,0,30,0.03125,0.0016532542666409576,0.09211405994732372,15488.165339549741,13144.322447674444,2813.318183874805,38151.54062790142
cont,Rosenbrock,13,BA,2000,med,0,30,0.03125,0.0016532542666409576,0.09211405994732372,15488.165339549741,13144.322447674444,2813.318183874805,38151.54062790142
cont,Rosenbrock,13,BA,2000,hard,0,30,0.03125,0.0016532542666409576,0.09211405994732372,15488.165339549741,13144.322447674444,2813.318183874805,38151.54062790142
cont,Rosenbrock,13,BA,5000,easy,0,30,0.03125,0.0016532542666409576,0.09211405994732372,9692.639463201896,8167.638760239586,817.4965960785565,42268.109193062985
cont,Rosenbrock,13,BA,5000,med,0,30,0.03125,0.0016532542666409576,0.09211405994732372,9692.639463201896,8167.638760239586,817.4965960785565,42268.109193062985
cont,Rosenbrock,13,BA,5000,hard,0,30,0.03125,0.0016532542666409576,0.09211405994732372,9692.639463201896,8167.638760239586,817.4965960785565,42268.109193062985
cont,Rosenbrock,13,BA,8000,easy,0,30,0.03125,0.0016532542666409576,0.09211405994732372,5746.459328311291,4544.44814870433,386.44972141197553,28280.012064762304
cont,Rosenbrock,13,BA,8000,med,0,30,0.03125,0.0016532542666409576,0.09211405994732372,5746.459328311291,4544.44814870433,386.44972141197553,28280.012064762304
cont,Rosenbrock,13,BA,8000,hard,0,30,0.03125,0.0016532542666409576,0.09211405994732372,5746.459328311291,4544.44814870433,386.44972141197553,28280.012064762304
cont,Rosenbrock,13,BA,10000,easy,0,30,0.03125,0.0016532542666409576,0.09211405994732372,2742.7463549528406,1855.6198295192798,361.98505410666627,13106.228163297897
cont,Rosenbrock,13,BA,10000,med,0,30,0.03125,0.0016532542666409576,0.09211405994732372,2742.7463549528406,1855.6198295192798,361.98505410666627,13106.228163297897
cont,Rosenbrock,13,BA,10000,hard,0,30,0.03125,0.0016532542666409576,0.09211405994732372,2742.7463549528406,1855.6198295192798,361.98505410666627,13106.228163297897
cont,Rosenbrock,13,ES_1P1,2000,easy,0,30,0.03125,0.0016532542666409576,0.09211405994732372,19.858906013401754,7.5283073297710335,2.1136521710271663,131.9387431902908
cont,Rosenbrock,13,ES_1P1,2000,med,0,30,0.03125,0.0016532542666409576,0.09211405994732372,19.858906013401754,7.5283073297710335,2.1136521710271663,131.9387431902908
cont,Rosenbrock,13,ES_1P1,2000,hard,0,30,0.03125,0.0016532542666409576,0.09211405994732372,19.858906013401754,7.5283073297710335,2.1136521710271663,131.9387431902908
cont,Rosenbrock,13,ES_1P1,5000,easy,1,30,0.0625,0.011585315861443594,0.14409039131834475,22.12909615015421,5.22070698774632,0.00021572509457416732,134.08803084044973
cont,Rosenbrock,13,ES_1P1,5000,med,1,30,0.0625,0.011585315861443594,0.14409039131834475,22.12909615015421,5.22070698774632,0.00021572509457416732,134.08803084044973
cont,Rosenbrock,13,ES_1P1,5000,hard,1,30,0.0625,0.011585315861443594,0.14409039131834475,22.12909615015421,5.22070698774632,0.00021572509457416732,134.08803084044973
cont,Rosenbrock,13,ES_1P1,8000,easy,0,30,0.03125,0.0016532542666409576,0.09211405994732372,3.379305821908818,2.9839672964823665,0.11335076849116363,7.191845235491273
cont,Rosenbrock,13,ES_1P1,8000,med,0,30,0.03125,0.0016532542666409576,0.09211405994732372,3.379305821908818,2.9839672964823665,0.11335076849116363,7.191845235491273
cont,Rosenbrock,13,ES_1P1,8000,hard,0,30,0.03125,0.0016532542666409576,0.09211405994732372,3.379305821908818,2.9839672964823665,0.11335076849116363,7.191845235491273
cont,Rosenbrock,13,ES_1P1,10000,easy,0,30,0.03125,0.0016532542666409576,0.09211405994732372,13.808160340321985,2.1672134628473114,0.3365955701159753,98.55327442212598
cont,Rosenbrock,13,ES_1P1,10000,med,0,30,0.03125,0.0016532542666409576,0.09211405994732372,13.808160340321985,2.1672134628473114,0.3365955701159753,98.55327442212598
cont,Rosenbrock,13,ES_1P1,10000,hard,0,30,0.03125,0.0016532542666409576,0.09211405994732372,13.808160340321985,2.1672134628473114,0.3365955701159753,98.55327442212598
cont,Rosenbrock,13,FA,2000,easy,0,30,0.03125,0.0016532542666409576,0.09211405994732372,4340.084320237927,4909.983277119872,603.6795647017819,7891.17861961662
cont,Rosenbrock,13,FA,2000,med,0,30,0.03125,0.0016532542666409576,0.09211405994732372,4340.084320237927,4909.983277119872,603.6795647017819,7891.17861961662
cont,Rosenbrock,13,FA,2000,hard,0,30,0.03125,0.0016532542666409576,0.09211405994732372,4340.084320237927,4909.983277119872,603.6795647017819,7891.17861961662
cont,Rosenbrock,13,FA,5000,easy,0,30,0.03125,0.0016532542666409576,0.09211405994732372,3007.284289220783,3043.614135111006,920.2194473493992,4819.209490019265
cont,Rosenbrock,13,FA,5000,med,0,30,0.03125,0.0016532542666409576,0.09211405994732372,3007.284289220783,3043.614135111006,920.2194473493992,4819.209490019265
cont,Rosenbrock,13,FA,5000,hard,0,30,0.03125,0.0016532542666409576,0.09211405994732372,3007.284289220783,3043.614135111006,920.2194473493992,4819.209490019265
cont,Rosenbrock,13,FA,8000,easy,0,30,0.03125,0.0016532542666409576,0.09211405994732372,2922.8788188969843,3069.1708943586555,613.8417724074984,4966.261104850699
cont,Rosenbrock,13,FA,8000,med,0,30,0.03125,0.0016532542666409576,0.09211405994732372,2922.8788188969843,3069.1708943586555,613.8417724074984,4966.261104850699
cont,Rosenbrock,13,FA,8000,hard,0,30,0.03125,0.0016532542666409576,0.09211405994732372,2922.8788188969843,3069.1708943586555,613.8417724074984,4966.261104850699
cont,Rosenbrock,13,FA,10000,easy,0,30,0.03125,0.0016532542666409576,0.09211405994732372,2474.0921502703204,2367.823766644316,772.6957842578732,4476.877288520942
cont,Rosenbrock,13,FA,10000,med,0,30,0.03125,0.0016532542666409576,0.09211405994732372,2474.0921502703204,2367.823766644316,772.6957842578732,4476.877288520942
cont,Rosenbrock,13,FA,10000,hard,0,30,0.03125,0.0016532542666409576,0.09211405994732372,2474.0921502703204,2367.823766644316,772.6957842578732,4476.877288520942
cont,Rosenbrock,13,GWO,2000,easy,0,30,0.03125,0.0016532542666409576,0.09211405994732372,69.27719821813456,75.30071973401192,8.17926961585681,109.26468563509398
cont,Rosenbrock,13,GWO,2000,med,0,30,0.03125,0.0016532542666409576,0.09211405994732372,69.27719821813456,75.30071973401192,8.17926961585681,109.26468563509398
cont,Rosenbrock,13,GWO,2000,hard,0,30,0.03125,0.0016532542666409576,0.09211405994732372,69.27719821813456,75.30071973401192,8.17926961585681,109.26468563509398
cont,Rosenbrock,13,GWO,5000,easy,0,30,0.03125,0.0016532542666409576,0.09211405994732372,69.26898219950034,72.46279841142317,7.728094434455915,97.85501835196783
cont,Rosenbrock,13,GWO,5000,med,0,30,0.03125,0.0016532542666409576,0.09211405994732372,69.26898219950034,72.46279841142317,7.728094434455915,97.85501835196783
cont,Rosenbrock,13,GWO,5000,hard,0,30,0.03125,0.0016532542666409576,0.09211405994732372,69.26898219950034,72.46279841142317,7.728094434455915,97.85501835196783
cont,Rosenbrock,13,GWO,8000,easy,0,30,0.03125,0.0016532542666409576,0.09211405994732372,81.18883079380085,82.74512490507493,57.40466356461087,104.69388353978758
cont,Rosenbrock,13,GWO,8000,med,0,30,0.03125,0.0016532542666409576,0.09211405994732372,81.18883079380085,82.74512490507493,57.40466356461087,104.69388353978758
cont,Rosenbrock,13,GWO,8000,hard,0,30,0.03125,0.0016532542666409576,0.09211405994732372,81.18883079380085,82.74512490507493,57.40466356461087,104.69388353978758
cont,Rosenbrock,13,GWO,10000,easy,0,30,0.03125,0.0016532542666409576,0.09211405994732372,73.41050271293442,72.86656417273491,27.665027437611567,95.31843506504126
cont,Rosenbrock,13,GWO,10000,med,0,30,0.03125,0.0016532542666409576,0.09211405994732372,73.41050271293442,72.86656417273491,27.665027437611567,95.31843506504126
cont,Rosenbrock,13,GWO,10000,hard,0,30,0.03125,0.0016532542666409576,0.09211405994732372,73.41050271293442,72.86656417273491,27.665027437611567,95.31843506504126
cont,Rosenbrock,13,MFO,2000,easy,0,30,0.03125,0.0016532542666409576,0.09211405994732372,1233.7177450576562,885.1368215729383,136.71639487953001,7028.178623888479
cont,Rosenbrock,13,MFO,2000,med,0,30,0.03125,0.0016532542666409576,0.09211405994732372,1233.7177450576562,885.1368215729383,136.71639487953001,7028.178623888479
cont,Rosenbrock,13,MFO,2000,hard,0,30,0.03125,0.0016532542666409576,0.09211405994732372,1233.7177450576562,885.1368215729383,136.71639487953001,7028.178623888479
cont,Rosenbrock,13,MFO,5000,easy,0,30,0.03125,0.0016532542666409576,0.09211405994732372,691.3016286223487,376.04647215394556,47.67470984633076,6728.042837410988
cont,Rosenbrock,13,MFO,5000,med,0,30,0.03125,0.0016532542666409576,0.09211405994732372,691.3016286223487,376.04647215394556,47.67470984633076,6728.042837410988
cont,Rosenbrock,13,MFO,5000,hard,0,30,0.03125,0.0016532542666409576,0.09211405994732372,691.3016286223487,376.04647215394556,47.67470984633076,6728.042837410988
cont,Rosenbrock,13,MFO,8000,easy,0,30,0.03125,0.0016532542666409576,0.09211405994732372,515.1325266796954,182.6779438867124,35.65348264238224,2477.4639562628513
cont,Rosenbrock,13,MFO,8000,med,0,30,0.03125,0.0016532542666409576,0.09211405994732372,515.1325266796954,182.6779438867124,35.65348264238224,2477.4639562628513
cont,Rosenbrock,13,MFO,8000,hard,0,30,0.03125,0.0016532542666409576,0.09211405994732372,515.1325266796954,182.6779438867124,35.65348264238224,2477.4639562628513
cont,Rosenbrock,13,MFO,10000,easy,0,30,0.03125,0.0016532542666409576,0.09211405994732372,505.1917264471869,268.7266400769572,74.80553151014233,2255.283655189037
cont,Rosenbrock,13,MFO,10000,med,0,30,0.03125,0.0016532542666409576,0.09211405994732372,505.1917264471869,268.7266400769572,74.80553151014233,2255.283655189037
cont,Rosenbrock,13,MFO,10000,hard,0,30,0.03125,0.0016532542666409576,0.09211405994732372,505.1917264471869,268.7266400769572,74.80553151014233,2255.283655189037
cont,Rosenbrock,13,PSO_GBEST,2000,easy,0,30,0.03125,0.0016532542666409576,0.09211405994732372,122.43459382060952,9.557664666527767,4.154923592136986,868.3787774888094
cont,Rosenbrock,13,PSO_GBEST,2000,med,0,30,0.03125,0.0016532542666409576,0.09211405994732372,122.43459382060952,9.557664666527767,4.154923592136986,868.3787774888094
cont,Rosenbrock,13,PSO_GBEST,2000,hard,0,30,0.03125,0.0016532542666409576,0.09211405994732372,122.43459382060952,9.557664666527767,4.154923592136986,868.3787774888094
cont,Rosenbrock,13,PSO_GBEST,5000,easy,0,30,0.03125,0.0016532542666409576,0.09211405994732372,256.17922653514466,5.333322437436896,0.4686478386396746,2752.0407945231636
cont,Rosenbrock,13,PSO_GBEST,5000,med,0,30,0.03125,0.0016532542666409576,0.09211405994732372,256.17922653514466,5.333322437436896,0.4686478386396746,2752.0407945231636
cont,Rosenbrock,13,PSO_GBEST,5000,hard,0,30,0.03125,0.0016532542666409576,0.09211405994732372,256.17922653514466,5.333322437436896,0.4686478386396746,2752.0407945231636
cont,Rosenbrock,13,PSO_GBEST,8000,easy,1,30,0.0625,0.011585315861443594,0.14409039131834475,274.71254966114,4.863465567365789,0.009606153144439323,3732.9545932106143
cont,Rosenbrock,13,PSO_GBEST,8000,med,1,30,0.0625,0.011585315861443594,0.14409039131834475,274.71254966114,4.863465567365789,0.009606153144439323,3732.9545932106143
cont,Rosenbrock,13,PSO_GBEST,8000,hard,0,30,0.03125,0.0016532542666409576,0.09211405994732372,274.71254966114,4.863465567365789,0.009606153144439323,3732.9545932106143
cont,Rosenbrock,13,PSO_GBEST,10000,easy,1,30,0.0625,0.011585315861443594,0.14409039131834475,158.9258335765195,4.179380956674805,1.684641233709227e-06,1343.5647290907086
cont,Rosenbrock,13,PSO_GBEST,10000,med,1,30,0.0625,0.011585315861443594,0.14409039131834475,158.9258335765195,4.179380956674805,1.684641233709227e-06,1343.5647290907086
cont,Rosenbrock,13,PSO_GBEST,10000,hard,1,30,0.0625,0.011585315861443594,0.14409039131834475,158.9258335765195,4.179380956674805,1.684641233709227e-06,1343.5647290907086
cont,Rosenbrock,13,WOA,2000,easy,0,30,0.03125,0.0016532542666409576,0.09211405994732372,118.81603763685149,93.35080957239657,11.44619135682846,445.1743179590435
cont,Rosenbrock,13,WOA,2000,med,0,30,0.03125,0.0016532542666409576,0.09211405994732372,118.81603763685149,93.35080957239657,11.44619135682846,445.1743179590435
cont,Rosenbrock,13,WOA,2000,hard,0,30,0.03125,0.0016532542666409576,0.09211405994732372,118.81603763685149,93.35080957239657,11.44619135682846,445.1743179590435
cont,Rosenbrock,13,WOA,5000,easy,0,30,0.03125,0.0016532542666409576,0.09211405994732372,87.10922957650297,81.03516189235773,1.6265465327323139,317.43066057353303
cont,Rosenbrock,13,WOA,5000,med,0,30,0.03125,0.0016532542666409576,0.09211405994732372,87.10922957650297,81.03516189235773,1.6265465327323139,317.43066057353303
cont,Rosenbrock,13,WOA,5000,hard,0,30,0.03125,0.0016532542666409576,0.09211405994732372,87.10922957650297,81.03516189235773,1.6265465327323139,317.43066057353303
cont,Rosenbrock,13,WOA,8000,easy,0,30,0.03125,0.0016532542666409576,0.09211405994732372,64.67761286163133,70.55625950296862,1.1472311581627856,279.6720972045858
cont,Rosenbrock,13,WOA,8000,med,0,30,0.03125,0.0016532542666409576,0.09211405994732372,64.67761286163133,70.55625950296862,1.1472311581627856,279.6720972045858
cont,Rosenbrock,13,WOA,8000,hard,0,30,0.03125,0.0016532542666409576,0.09211405994732372,64.67761286163133,70.55625950296862,1.1472311581627856,279.6720972045858
cont,Rosenbrock,13,WOA,10000,easy,0,30,0.03125,0.0016532542666409576,0.09211405994732372,85.1025044027158,79.96470793995229,0.6315796388180345,280.5076497057889
cont,Rosenbrock,13,WOA,10000,med,0,30,0.03125,0.0016532542666409576,0.09211405994732372,85.1025044027158,79.96470793995229,0.6315796388180345,280.5076497057889
cont,Rosenbrock,13,WOA,10000,hard,0,30,0.03125,0.0016532542666409576,0.09211405994732372,85.1025044027158,79.96470793995229,0.6315796388180345,280.5076497057889
cont,Rosenbrock,15,ALO,2000,easy,0,30,0.03125,0.0016532542666409576,0.09211405994732372,15128.58635560459,12873.978465356122,3839.010199688524,48418.45899523742
cont,Rosenbrock,15,ALO,2000,med,0,30,0.03125,0.0016532542666409576,0.09211405994732372,15128.58635560459,12873.978465356122,3839.010199688524,48418.45899523742
cont,Rosenbrock,15,ALO,2000,hard,0,30,0.03125,0.0016532542666409576,0.09211405994732372,15128.58635560459,12873.978465356122,3839.010199688524,48418.45899523742
cont,Rosenbrock,15,ALO,5000,easy,0,30,0.03125,0.0016532542666409576,0.09211405994732372,14655.274467508158,14590.288655900184,1548.76013599808,33550.7321032617
cont,Rosenbrock,15,ALO,5000,med,0,30,0.03125,0.0016532542666409576,0.09211405994732372,14655.274467508158,14590.288655900184,1548.76013599808,33550.7321032617
cont,Rosenbrock,15,ALO,5000,hard,0,30,0.03125,0.0016532542666409576,0.09211405994732372,14655.274467508158,14590.288655900184,1548.76013599808,33550.7321032617
cont,Rosenbrock,15,ALO,8000,easy,0,30,0.03125,0.0016532542666409576,0.09211405994732372,8798.571128230456,7293.238418463943,2026.9435652902798,25219.703136178578
cont,Rosenbrock,15,ALO,8000,med,0,30,0.03125,0.0016532542666409576,0.09211405994732372,8798.571128230456,7293.238418463943,2026.9435652902798,25219.703136178578
cont,Rosenbrock,15,ALO,8000,hard,0,30,0.03125,0.0016532542666409576,0.09211405994732372,8798.571128230456,7293.238418463943,2026.9435652902798,25219.703136178578
cont,Rosenbrock,15,ALO,10000,easy,0,30,0.03125,0.0016532542666409576,0.09211405994732372,9226.432789471244,9087.440308139483,1285.1793155682808,23128.527534232362
cont,Rosenbrock,15,ALO,10000,med,0,30,0.03125,0.0016532542666409576,0.09211405994732372,9226.432789471244,9087.440308139483,1285.1793155682808,23128.527534232362
cont,Rosenbrock,15,ALO,10000,hard,0,30,0.03125,0.0016532542666409576,0.09211405994732372,9226.432789471244,9087.440308139483,1285.1793155682808,23128.527534232362
cont,Rosenbrock,15,BA,2000,easy,0,30,0.03125,0.0016532542666409576,0.09211405994732372,9733.837301940972,6992.3143727052575,1431.1332283461206,33307.66523748195
cont,Rosenbrock,15,BA,2000,med,0,30,0.03125,0.0016532542666409576,0.09211405994732372,9733.837301940972,6992.3143727052575,1431.1332283461206,33307.66523748195
cont,Rosenbrock,15,BA,2000,hard,0,30,0.03125,0.0016532542666409576,0.09211405994732372,9733.837301940972,6992.3143727052575,1431.1332283461206,33307.66523748195
cont,Rosenbrock,15,BA,5000,easy,0,30,0.03125,0.0016532542666409576,0.09211405994732372,6349.468935210768,5198.399996434568,931.3919203480201,18964.864573806033
cont,Rosenbrock,15,BA,5000,med,0,30,0.03125,0.0016532542666409576,0.09211405994732372,6349.468935210768,5198.399996434568,931.3919203480201,18964.864573806033
cont,Rosenbrock,15,BA,5000,hard,0,30,0.03125,0.0016532542666409576,0.09211405994732372,6349.468935210768,5198.399996434568,931.3919203480201,18964.864573806033
cont,Rosenbrock,15,BA,8000,easy,0,30,0.03125,0.0016532542666409576,0.09211405994732372,4239.434561970026,2881.1453447065205,262.6700148350517,31142.797353070284
cont,Rosenbrock,15,BA,8000,med,0,30,0.03125,0.0016532542666409576,0.09211405994732372,4239.434561970026,2881.1453447065205,262.6700148350517,31142.797353070284
cont,Rosenbrock,15,BA,8000,hard,0,30,0.03125,0.0016532542666409576,0.09211405994732372,4239.434561970026,2881.1453447065205,262.6700148350517,31142.797353070284
cont,Rosenbrock,15,BA,10000,easy,0,30,0.03125,0.0016532542666409576,0.09211405994732372,2642.128102561177,1735.2980403046747,63.496883094336994,13573.889053816873
cont,Rosenbrock,15,BA,10000,med,0,30,0.03125,0.0016532542666409576,0.09211405994732372,2642.128102561177,1735.2980403046747,63.496883094336994,13573.889053816873
cont,Rosenbrock,15,BA,10000,hard,0,30,0.03125,0.0016532542666409576,0.09211405994732372,2642.128102561177,1735.2980403046747,63.496883094336994,13573.889053816873
cont,Rosenbrock,15,ES_1P1,2000,easy,1,30,0.0625,0.011585315861443594,0.14409039131834475,29.588293806292075,7.187839750557805,0.0007967810796040176,199.91998253112882
cont,Rosenbrock,15,ES_1P1,2000,med,1,30,0.0625,0.011585315861443594,0.14409039131834475,29.588293806292075,7.187839750557805,0.0007967810796040176,199.91998253112882
cont,Rosenbrock,15,ES_1P1,2000,hard,1,30,0.0625,0.011585315861443594,0.14409039131834475,29.588293806292075,7.187839750557805,0.0007967810796040176,199.91998253112882
cont,Rosenbrock,15,ES_1P1,5000,easy,0,30,0.03125,0.0016532542666409576,0.09211405994732372,11.571973127469715,4.6555556507725555,1.736154305187979,141.04099285443934
cont,Rosenbrock,15,ES_1P1,5000,med,0,30,0.03125,0.0016532542666409576,0.09211405994732372,11.571973127469715,4.6555556507725555,1.736154305187979,141.04099285443934
cont,Rosenbrock,15,ES_1P1,5000,hard,0,30,0.03125,0.0016532542666409576,0.09211405994732372,11.571973127469715,4.6555556507725555,1.736154305187979,141.04099285443934
cont,Rosenbrock,15,ES_1P1,8000,easy,1,30,0.0625,0.011585315861443594,0.14409039131834475,22.196373636388515,3.498826271252029,0.018845148884629615,129.1139413752769
cont,Rosenbrock,15,ES_1P1,8000,med,0,30,0.03125,0.0016532542666409576,0.09211405994732372,22.196373636388515,3.498826271252029,0.018845148884629615,129.1139413752769
cont,Rosenbrock,15,ES_1P1,8000,hard,0,30,0.03125,0.0016532542666409576,0.09211405994732372,22.196373636388515,3.498826271252029,0.018845148884629615,129.1139413752769
cont,Rosenbrock,15,ES_1P1,10000,easy,0,30,0.03125,0.0016532542666409576,0.09211405994732372,5.485133552853778,1.557890242939539,0.53092829896193,102.61701600142054
cont,Rosenbrock,15,ES_1P1,10000,med,0,30,0.03125,0.0016532542666409576,0.09211405994732372,5.485133552853778,1.557890242939539,0.53092829896193,102.61701600142054
cont,Rosenbrock,15,ES_1P1,10000,hard,0,30,0.03125,0.0016532542666409576,0.09211405994732372,5.485133552853778,1.557890242939539,0.53092829896193,102.61701600142054
cont,Rosenbrock,15,FA,2000,easy,0,30,0.03125,0.0016532542666409576,0.09211405994732372,6124.022076246372,5151.49183025592,2486.581983887379,11281.151118076043
cont,Rosenbrock,15,FA,2000,med,0,30,0.03125,0.0016532542666409576,0.09211405994732372,6124.022076246372,5151.49183025592,2486.581983887379,11281.151118076043
cont,Rosenbrock,15,FA,2000,hard,0,30,0.03125,0.0016532542666409576,0.09211405994732372,6124.022076246372,5151.49183025592,2486.581983887379,11281.151118076043
cont,Rosenbrock,15,FA,5000,easy,0,30,0.03125,0.0016532542666409576,0.09211405994732372,4042.4229437897257,4365.635990338784,1481.2987920710407,6482.483783117443
cont,Rosenbrock,15,FA,5000,med,0,30,0.03125,0.0016532542666409576,0.09211405994732372,4042.4229437897257,4365.635990338784,1481.2987920710407,6482.483783117443
cont,Rosenbrock,15,FA,5000,hard,0,30,0.03125,0.0016532542666409576,0.09211405994732372,4042.4229437897257,4365.635990338784,1481.2987920710407,6482.483783117443
cont,Rosenbrock,15,FA,8000,easy,0,30,0.03125,0.0016532542666409576,0.09211405994732372,2880.7109631746366,3005.588917341032,737.0082636796428,6655.971988966045
cont,Rosenbrock,15,FA,8000,med,0,30,0.03125,0.0016532542666409576,0.09211405994732372,2880.7109631746366,3005.588917341032,737.0082636796428,6655.971988966045
cont,Rosenbrock,15,FA,8000,hard,0,30,0.03125,0.0016532542666409576,0.09211405994732372,2880.7109631746366,3005.588917341032,737.0082636796428,6655.971988966045
cont,Rosenbrock,15,FA,10000,easy,0,30,0.03125,0.0016532542666409576,0.09211405994732372,2458.6704496468074,2217.6711406758805,610.9188017498949,4656.1731632117335
cont,Rosenbrock,15,FA,10000,med,0,30,0.03125,0.0016532542666409576,0.09211405994732372,2458.6704496468074,2217.6711406758805,610.9188017498949,4656.1731632117335
cont,Rosenbrock,15,FA,10000,hard,0,30,0.03125,0.0016532542666409576,0.09211405994732372,2458.6704496468074,2217.6711406758805,610.9188017498949,4656.1731632117335
cont,Rosenbrock,15,GWO,2000,easy,0,30,0.03125,0.0016532542666409576,0.09211405994732372,61.800883445547264,31.208745570505616,7.626024271236092,175.96613928738282
cont,Rosenbrock,15,GWO,2000,med,0,30,0.03125,0.0016532542666409576,0.09211405994732372,61.800883445547264,31.208745570505616,7.626024271236092,175.96613928738282
cont,Rosenbrock,15,GWO,2000,hard,0,30,0.03125,0.0016532542666409576,0.09211405994732372,61.800883445547264,31.208745570505616,7.626024271236092,175.96613928738282
cont,Rosenbrock,15,GWO,5000,easy,0,30,0.03125,0.0016532542666409576,0.09211405994732372,59.48930198043916,23.256128992138706,11.497600904089675,265.7405389945356
cont,Rosenbrock,15,GWO,5000,med,0,30,0.03125,0.0016532542666409576,0.09211405994732372,59.48930198043916,23.256128992138706,11.497600904089675,265.7405389945356
cont,Rosenbrock,15,GWO,5000,hard,0,30,0.03125,0.0016532542666409576,0.09211405994732372,59.48930198043916,23.256128992138706,11.497600904089675,265.7405389945356
cont,Rosenbrock,15,GWO,8000,easy,0,30,0.03125,0.0016532542666409576,0.09211405994732372,57.874869966046305,26.824887805986457,9.327551243690305,206.91011150799912
cont,Rosenbrock,15,GWO,8000,med,0,30,0.03125,0.0016532542666409576,0.09211405994732372,57.874869966046305,26.824887805986457,9.327551243690305,206.91011150799912
cont,Rosenbrock,15,GWO,8000,hard,0,30,0.03125,0.0016532542666409576,0.09211405994732372,57.874869966046305,26.824887805986457,9.327551243690305,206.91011150799912
cont,Rosenbrock,15,GWO,10000,easy,0,30,0.03125,0.0016532542666409576,0.09211405994732372,63.17524738753254,23.0261885324286,8.744470917749968,332.06336780893764
cont,Rosenbrock,15,GWO,10000,med,0,30,0.03125,0.0016532542666409576,0.09211405994732372,63.17524738753254,23.0261885324286,8.744470917749968,332.06336780893764
cont,Rosenbrock,15,GWO,10000,hard,0,30,0.03125,0.0016532542666409576,0.09211405994732372,63.17524738753254,23.0261885324286,8.744470917749968,332.06336780893764
cont,Rosenbrock,15,MFO,2000,easy,0,30,0.03125,0.0016532542666409576,0.09211405994732372,1112.5167057773717,920.7379994315031,102.31447384426973,7108.2563773524225
cont,Rosenbrock,15,MFO,2000,med,0,30,0.03125,0.0016532542666409576,0.09211405994732372,1112.5167057773717,920.7379994315031,102.31447384426973,7108.2563773524225
cont,Rosenbrock,15,MFO,2000,hard,0,30,0.03125,0.0016532542666409576,0.09211405994732372,1112.5167057773717,920.7379994315031,102.31447384426973,7108.2563773524225
cont,Rosenbrock,15,MFO,5000,easy,0,30,0.03125,0.0016532542666409576,0.09211405994732372,682.8489541119658,412.24542821810496,92.14906329903287,4166.608604066175
cont,Rosenbrock,15,MFO,5000,med,0,30,0.03125,0.0016532542666409576,0.09211405994732372,682.8489541119658,412.24542821810496,92.14906329903287,4166.608604066175
cont,Rosenbrock,15,MFO,5000,hard,0,30,0.03125,0.0016532542666409576,0.09211405994732372,682.8489541119658,412.24542821810496,92.14906329903287,4166.608604066175
cont,Rosenbrock,15,MFO,8000,easy,0,30,0.03125,0.0016532542666409576,0.09211405994732372,472.5274282243669,309.93510004783053,18.623560771275066,1491.4287531856057
cont,Rosenbrock,15,MFO,8000,med,0,30,0.03125,0.0016532542666409576,0.09211405994732372,472.5274282243669,309.93510004783053,18.623560771275066,1491.4287531856057
cont,Rosenbrock,15,MFO,8000,hard,0,30,0.03125,0.0016532542666409576,0.09211405994732372,472.5274282243669,309.93510004783053,18.623560771275066,1491.4287531856057
cont,Rosenbrock,15,MFO,10000,easy,0,30,0.03125,0.0016532542666409576,0.09211405994732372,364.0047255982708,173.47962284737594,12.807722849182788,2278.559185592624
cont,Rosenbrock,15,MFO,10000,med,0,30,0.03125,0.0016532542666409576,0.09211405994732372,364.0047255982708,173.47962284737594,12.807722849182788,2278.559185592624
cont,Rosenbrock,15,MFO,10000,hard,0,30,0.03125,0.0016532542666409576,0.09211405994732372,364.0047255982708,173.47962284737594,12.807722849182788,2278.559185592624
cont,Rosenbrock,15,PSO_GBEST,2000,easy,0,30,0.03125,0.0016532542666409576,0.09211405994732372,63.698735753487604,9.52399186503672,4.546944861177721,429.8852405650047
cont,Rosenbrock,15,PSO_GBEST,2000,med,0,30,0.03125,0.0016532542666409576,0.09211405994732372,63.698735753487604,9.52399186503672,4.546944861177721,429.8852405650047
cont,Rosenbrock,15,PSO_GBEST,2000,hard,0,30,0.03125,0.0016532542666409576,0.09211405994732372,63.698735753487604,9.52399186503672,4.546944861177721,429.8852405650047
cont,Rosenbrock,15,PSO_GBEST,5000,easy,1,30,0.0625,0.011585315861443594,0.14409039131834475,138.75045490828586,5.821155912758893,0.004005414852402811,3932.454369781897
cont,Rosenbrock,15,PSO_GBEST,5000,med,1,30,0.0625,0.011585315861443594,0.14409039131834475,138.75045490828586,5.821155912758893,0.004005414852402811,3932.454369781897
cont,Rosenbrock,15,PSO_GBEST,5000,hard,0,30,0.03125,0.0016532542666409576,0.09211405994732372,138.75045490828586,5.821155912758893,0.004005414852402811,3932.454369781897
cont,Rosenbrock,15,PSO_GBEST,8000,easy,0,30,0.03125,0.0016532542666409576,0.09211405994732372,76.30298769550316,4.723836475152887,0.2717256919373208,787.0235159942981
cont,Rosenbrock,15,PSO_GBEST,8000,med,0,30,0.03125,0.0016532542666409576,0.09211405994732372,76.30298769550316,4.723836475152887,0.2717256919373208,787.0235159942981
cont,Rosenbrock,15,PSO_GBEST,8000,hard,0,30,0.03125,0.0016532542666409576,0.09211405994732372,76.30298769550316,4.723836475152887,0.2717256919373208,787.0235159942981
cont,Rosenbrock,15,PSO_GBEST,10000,easy,1,30,0.0625,0.011585315861443594,0.14409039131834475,3.711749709736301,4.039187937643586,0.060664657712621944,8.874901311401572
cont,Rosenbrock,15,PSO_GBEST,10000,med,0,30,0.03125,0.0016532542666409576,0.09211405994732372,3.711749709736301,4.039187937643586,0.060664657712621944,8.874901311401572
cont,Rosenbrock,15,PSO_GBEST,10000,hard,0,30,0.03125,0.0016532542666409576,0.09211405994732372,3.711749709736301,4.039187937643586,0.060664657712621944,8.874901311401572
cont,Rosenbrock,15,WOA,2000,easy,0,30,0.03125,0.0016532542666409576,0.09211405994732372,111.49816362820181,95.0645691245551,8.618790396735305,322.1164622493626
cont,Rosenbrock,15,WOA,2000,med,0,30,0.03125,0.0016532542666409576,0.09211405994732372,111.49816362820181,95.0645691245551,8.618790396735305,322.1164622493626
cont,Rosenbrock,15,WOA,2000,hard,0,30,0.03125,0.0016532542666409576,0.09211405994732372,111.49816362820181,95.0645691245551,8.618790396735305,322.1164622493626
cont,Rosenbrock,15,WOA,5000,easy,0,30,0.03125,0.0016532542666409576,0.09211405994732372,62.52327941654887,55.09870840366817,4.329743192465771,267.62696564948556
cont,Rosenbrock,15,WOA,5000,med,0,30,0.03125,0.0016532542666409576,0.09211405994732372,62.52327941654887,55.09870840366817,4.329743192465771,267.62696564948556
cont,Rosenbrock,15,WOA,5000,hard,0,30,0.03125,0.0016532542666409576,0.09211405994732372,62.52327941654887,55.09870840366817,4.329743192465771,267.62696564948556
cont,Rosenbrock,15,WOA,8000,easy,0,30,0.03125,0.0016532542666409576,0.09211405994732372,62.3247390171463,10.626092886404255,3.388310541870763,295.7830351784014
cont,Rosenbrock,15,WOA,8000,med,0,30,0.03125,0.0016532542666409576,0.09211405994732372,62.3247390171463,10.626092886404255,3.388310541870763,295.7830351784014
cont,Rosenbrock,15,WOA,8000,hard,0,30,0.03125,0.0016532542666409576,0.09211405994732372,62.3247390171463,10.626092886404255,3.388310541870763,295.7830351784014
cont,Rosenbrock,15,WOA,10000,easy,0,30,0.03125,0.0016532542666409576,0.09211405994732372,37.25538441149983,9.243819870343511,3.1065257500025103,269.5677501278868
cont,Rosenbrock,15,WOA,10000,med,0,30,0.03125,0.0016532542666409576,0.09211405994732372,37.25538441149983,9.243819870343511,3.1065257500025103,269.5677501278868
cont,Rosenbrock,15,WOA,10000,hard,0,30,0.03125,0.0016532542666409576,0.09211405994732372,37.25538441149983,9.243819870343511,3.1065257500025103,269.5677501278868
cont,Rosenbrock,16,ALO,2000,easy,0,30,0.03125,0.0016532542666409576,0.09211405994732372,17165.367652788893,15604.716601121443,2863.627735169635,47551.08464920422
cont,Rosenbrock,16,ALO,2000,med,0,30,0.03125,0.0016532542666409576,0.09211405994732372,17165.367652788893,15604.716601121443,2863.627735169635,47551.08464920422
cont,Rosenbrock,16,ALO,2000,hard,0,30,0.03125,0.0016532542666409576,0.09211405994732372,17165.367652788893,15604.716601121443,2863.627735169635,47551.08464920422
cont,Rosenbrock,16,ALO,5000,easy,0,30,0.03125,0.0016532542666409576,0.09211405994732372,13249.246994876257,8434.742681106376,1666.6372413422764,52027.356751856
cont,Rosenbrock,16,ALO,5000,med,0,30,0.03125,0.0016532542666409576,0.09211405994732372,13249.246994876257,8434.742681106376,1666.6372413422764,52027.356751856
cont,Rosenbrock,16,ALO,5000,hard,0,30,0.03125,0.0016532542666409576,0.09211405994732372,13249.246994876257,8434.742681106376,1666.6372413422764,52027.356751856
cont,Rosenbrock,16,ALO,8000,easy,0,30,0.03125,0.0016532542666409576,0.09211405994732372,13611.838213779021,10819.426737368176,1537.0632699539376,45267.491096153135
cont,Rosenbrock,16,ALO,8000,med,0,30,0.03125,0.0016532542666409576,0.09211405994732372,13611.838213779021,10819.426737368176,1537.0632699539376,45267.491096153135
cont,Rosenbrock,16,ALO,8000,hard,0,30,0.03125,0.0016532542666409576,0.09211405994732372,13611.838213779021,10819.426737368176,1537.0632699539376,45267.491096153135
cont,Rosenbrock,16,ALO,10000,easy,0,30,0.03125,0.0016532542666409576,0.09211405994732372,7169.083169102214,5965.581611005284,261.0715262498572,23200.41780615714
cont,Rosenbrock,16,ALO,10000,med,0,30,0.03125,0.0016532542666409576,0.09211405994732372,7169.083169102214,5965.581611005284,261.0715262498572,23200.41780615714
cont,Rosenbrock,16,ALO,10000,hard,0,30,0.03125,0.0016532542666409576,0.09211405994732372,7169.083169102214,5965.581611005284,261.0715262498572,23200.41780615714
cont,Rosenbrock,16,BA,2000,easy,0,30,0.03125,0.0016532542666409576,0.09211405994732372,9571.900020173203,7304.822933828022,1020.6440851155457,28441.94979427307
cont,Rosenbrock,16,BA,2000,med,0,30,0.03125,0.0016532542666409576,0.09211405994732372,9571.900020173203,7304.822933828022,1020.6440851155457,28441.94979427307
cont,Rosenbrock,16,BA,2000,hard,0,30,0.03125,0.0016532542666409576,0.09211405994732372,9571.900020173203,7304.822933828022,1020.6440851155457,28441.94979427307
cont,Rosenbrock,16,BA,5000,easy,0,30,0.03125,0.0016532542666409576,0.09211405994732372,5950.245402626789,4282.467368157404,577.1820484818546,20205.761572314063
cont,Rosenbrock,16,BA,5000,med,0,30,0.03125,0.0016532542666409576,0.09211405994732372,5950.245402626789,4282.467368157404,577.1820484818546,20205.761572314063
cont,Rosenbrock,16,BA,5000,hard,0,30,0.03125,0.0016532542666409576,0.09211405994732372,5950.245402626789,4282.467368157404,577.1820484818546,20205.761572314063
cont,Rosenbrock,16,BA,8000,easy,0,30,0.03125,0.0016532542666409576,0.09211405994732372,4306.402201068263,3651.054121041361,322.7164645011956,11876.966416105619
cont,Rosenbrock,16,BA,8000,med,0,30,0.03125,0.0016532542666409576,0.09211405994732372,4306.402201068263,3651.054121041361,322.7164645011956,11876.966416105619
cont,Rosenbrock,16,BA,8000,hard,0,30,0.03125,0.0016532542666409576,0.09211405994732372,4306.402201068263,3651.054121041361,322.7164645011956,11876.966416105619
cont,Rosenbrock,16,BA,10000,easy,0,30,0.03125,0.0016532542666409576,0.09211405994732372,2341.3926139414257,1242.222472256497,208.10202231300366,11865.020717758185
cont,Rosenbrock,16,BA,10000,med,0,30,0.03125,0.0016532542666409576,0.09211405994732372,2341.3926139414257,1242.222472256497,208.10202231300366,11865.020717758185
cont,Rosenbrock,16,BA,10000,hard,0,30,0.03125,0.0016532542666409576,0.09211405994732372,2341.3926139414257,1242.222472256497,208.10202231300366,11865.020717758185
cont,Rosenbrock,16,ES_1P1,2000,easy,0,30,0.03125,0.0016532542666409576,0.09211405994732372,27.071254490968457,6.471036529145085,0.6636162050245422,132.37472757790323
cont,Rosenbrock,16,ES_1P1,2000,med,0,30,0.03125,0.0016532542666409576,0.09211405994732372,27.071254490968457,6.471036529145085,0.6636162050245422,132.37472757790323
cont,Rosenbrock,16,ES_1P1,2000,hard,0,30,0.03125,0.0016532542666409576,0.09211405994732372,27.071254490968457,6.471036529145085,0.6636162050245422,132.37472757790323
cont,Rosenbrock,16,ES_1P1,5000,easy,0,30,0.03125,0.0016532542666409576,0.09211405994732372,13.645754359926196,4.617182711871864,0.2262868674007631,107.64646217996739
cont,Rosenbrock,16,ES_1P1,5000,med,0,30,0.03125,0.0016532542666409576,0.09211405994732372,13.645754359926196,4.617182711871864,0.2262868674007631,107.64646217996739
cont,Rosenbrock,16,ES_1P1,5000,hard,0,30,0.03125,0.0016532542666409576,0.09211405994732372,13.645754359926196,4.617182711871864,0.2262868674007631,107.64646217996739
cont,Rosenbrock,16,ES_1P1,8000,easy,0,30,0.03125,0.0016532542666409576,0.09211405994732372,16.932376826568103,2.1650847578547205,0.5994892145962223,107.98285214604176
cont,Rosenbrock,16,ES_1P1,8000,med,0,30,0.03125,0.0016532542666409576,0.09211405994732372,16.932376826568103,2.1650847578547205,0.5994892145962223,107.98285214604176
cont,Rosenbrock,16,ES_1P1,8000,hard,0,30,0.03125,0.0016532542666409576,0.09211405994732372,16.932376826568103,2.1650847578547205,0.5994892145962223,107.98285214604176
cont,Rosenbrock,16,ES_1P1,10000,easy,1,30,0.0625,0.011585315861443594,0.14409039131834475,5.222502443794396,1.5884462634267655,0.0065714381945662075,75.73357660207431
cont,Rosenbrock,16,ES_1P1,10000,med,1,30,0.0625,0.011585315861443594,0.14409039131834475,5.222502443794396,1.5884462634267655,0.0065714381945662075,75.73357660207431
cont,Rosenbrock,16,ES_1P1,10000,hard,0,30,0.03125,0.0016532542666409576,0.09211405994732372,5.222502443794396,1.5884462634267655,0.0065714381945662075,75.73357660207431
cont,Rosenbrock,16,FA,2000,easy,0,30,0.03125,0.0016532542666409576,0.09211405994732372,5579.282347981844,5181.378482443202,2120.8659927725357,10067.640191433138
cont,Rosenbrock,16,FA,2000,med,0,30,0.03125,0.0016532542666409576,0.09211405994732372,5579.282347981844,5181.378482443202,2120.8659927725357,10067.640191433138
cont,Rosenbrock,16,FA,2000,hard,0,30,0.03125,0.0016532542666409576,0.09211405994732372,5579.282347981844,5181.378482443202,2120.8659927725357,10067.640191433138
cont,Rosenbrock,16,FA,5000,easy,0,30,0.03125,0.0016532542666409576,0.09211405994732372,3603.2234882534653,3291.2822960441763,1303.3539850294515,7092.993486635775
cont,Rosenbrock,16,FA,5000,med,0,30,0.03125,0.0016532542666409576,0.09211405994732372,3603.2234882534653,3291.2822960441763,1303.3539850294515,7092.993486635775
cont,Rosenbrock,16,FA,5000,hard,0,30,0.03125,0.0016532542666409576,0.09211405994732372,3603.2234882534653,3291.2822960441763,1303.3539850294515,7092.993486635775
cont,Rosenbrock,16,FA,8000,easy,0,30,0.03125,0.0016532542666409576,0.09211405994732372,2923.4120117947728,2901.639502342484,1196.5997505399664,5036.313875121755
cont,Rosenbrock,16,FA,8000,med,0,30,0.03125,0.0016532542666409576,0.09211405994732372,2923.4120117947728,2901.639502342484,1196.5997505399664,5036.313875121755
cont,Rosenbrock,16,FA,8000,hard,0,30,0.03125,0.0016532542666409576,0.09211405994732372,2923.4120117947728,2901.639502342484,1196.5997505399664,5036.313875121755
cont,Rosenbrock,16,FA,10000,easy,0,30,0.03125,0.0016532542666409576,0.09211405994732372,3126.499147302634,3098.3728835218308,779.9598866573381,6004.934056622758
cont,Rosenbrock,16,FA,10000,med,0,30,0.03125,0.0016532542666409576,0.09211405994732372,3126.499147302634,3098.3728835218308,779.9598866573381,6004.934056622758
cont,Rosenbrock,16,FA,10000,hard,0,30,0.03125,0.0016532542666409576,0.09211405994732372,3126.499147302634,3098.3728835218308,779.9598866573381,6004.934056622758
cont,Rosenbrock,16,GWO,2000,easy,0,30,0.03125,0.0016532542666409576,0.09211405994732372,55.675815914027,68.49219243656566,8.111695711383561,100.94861908303446
cont,Rosenbrock,16,GWO,2000,med,0,30,0.03125,0.0016532542666409576,0.09211405994732372,55.675815914027,68.49219243656566,8.111695711383561,100.94861908303446
cont,Rosenbrock,16,GWO,2000,hard,0,30,0.03125,0.0016532542666409576,0.09211405994732372,55.675815914027,68.49219243656566,8.111695711383561,100.94861908303446
cont,Rosenbrock,16,GWO,5000,easy,0,30,0.03125,0.0016532542666409576,0.09211405994732372,45.93035759682771,31.66768597206798,0.3449691885373305,222.6462529576582
cont,Rosenbrock,16,GWO,5000,med,0,30,0.03125,0.0016532542666409576,0.09211405994732372,45.93035759682771,31.66768597206798,0.3449691885373305,222.6462529576582
cont,Rosenbrock,16,GWO,5000,hard,0,30,0.03125,0.0016532542666409576,0.09211405994732372,45.93035759682771,31.66768597206798,0.3449691885373305,222.6462529576582
cont,Rosenbrock,16,GWO,8000,easy,1,30,0.0625,0.011585315861443594,0.14409039131834475,26.350008805396744,7.4452349739349994,0.09372395365354871,95.36679090225941
cont,Rosenbrock,16,GWO,8000,med,0,30,0.03125,0.0016532542666409576,0.09211405994732372,26.350008805396744,7.4452349739349994,0.09372395365354871,95.36679090225941
cont,Rosenbrock,16,GWO,8000,hard,0,30,0.03125,0.0016532542666409576,0.09211405994732372,26.350008805396744,7.4452349739349994,0.09372395365354871,95.36679090225941
cont,Rosenbrock,16,GWO,10000,easy,0,30,0.03125,0.0016532542666409576,0.09211405994732372,29.70059808113647,6.763799433206332,0.1007521495211836,97.71602463181682
cont,Rosenbrock,16,GWO,10000,med,0,30,0.03125,0.0016532542666409576,0.09211405994732372,29.70059808113647,6.763799433206332,0.1007521495211836,97.71602463181682
cont,Rosenbrock,16,GWO,10000,hard,0,30,0.03125,0.0016532542666409576,0.09211405994732372,29.70059808113647,6.763799433206332,0.1007521495211836,97.71602463181682
cont,Rosenbrock,16,MFO,2000,easy,0,30,0.03125,0.0016532542666409576,0.09211405994732372,941.913597542822,598.4084422655076,164.5349929294117,4103.075272096676
cont,Rosenbrock,16,MFO,2000,med,0,30,0.03125,0.0016532542666409576,0.09211405994732372,941.913597542822,598.4084422655076,164.5349929294117,4103.075272096676
cont,Rosenbrock,16,MFO,2000,hard,0,30,0.03125,0.0016532542666409576,0.09211405994732372,941.913597542822,598.4084422655076,164.5349929294117,4103.075272096676
cont,Rosenbrock,16,MFO,5000,easy,0,30,0.03125,0.0016532542666409576,0.09211405994732372,528.1745983976524,421.30796725110724,42.6199055755214,2053.347261141034
cont,Rosenbrock,16,MFO,5000,med,0,30,0.03125,0.0016532542666409576,0.09211405994732372,528.1745983976524,421.30796725110724,42.6199055755214,2053.347261141034
cont,Rosenbrock,16,MFO,5000,hard,0,30,0.03125,0.0016532542666409576,0.09211405994732372,528.1745983976524,421.30796725110724,42.6199055755214,2053.347261141034
cont,Rosenbrock,16,MFO,8000,easy,0,30,0.03125,0.0016532542666409576,0.09211405994732372,465.7754329211932,286.995120418975,18.213613194796118,1848.2669639988019
cont,Rosenbrock,16,MFO,8000,med,0,30,0.03125,0.0016532542666409576,0.09211405994732372,465.7754329211932,286.995120418975,18.213613194796118,1848.2669639988019
cont,Rosenbrock,16,MFO,8000,hard,0,30,0.03125,0.0016532542666409576,0.09211405994732372,465.7754329211932,286.995120418975,18.213613194796118,1848.2669639988019
cont,Rosenbrock,16,MFO,10000,easy,0,30,0.03125,0.0016532542666409576,0.09211405994732372,283.266166465054,191.83694953176916,8.696541530936658,1269.441909614178
cont,Rosenbrock,16,MFO,10000,med,0,30,0.03125,0.0016532542666409576,0.09211405994732372,283.266166465054,191.83694953176916,8.696541530936658,1269.441909614178
cont,Rosenbrock,16,MFO,10000,hard,0,30,0.03125,0.0016532542666409576,0.09211405994732372,283.266166465054,191.83694953176916,8.696541530936658,1269.441909614178
cont,Rosenbrock,16,PSO_GBEST,2000,easy,0,30,0.03125,0.0016532542666409576,0.09211405994732372,60.27907411268599,38.47383923970865,3.419681241733618,268.22054191256353
cont,Rosenbrock,16,PSO_GBEST,2000,med,0,30,0.03125,0.0016532542666409576,0.09211405994732372,60.27907411268599,38.47383923970865,3.419681241733618,268.22054191256353
cont,Rosenbrock,16,PSO_GBEST,2000,hard,0,30,0.03125,0.0016532542666409576,0.09211405994732372,60.27907411268599,38.47383923970865,3.419681241733618,268.22054191256353
cont,Rosenbrock,16,PSO_GBEST,5000,easy,0,30,0.03125,0.0016532542666409576,0.09211405994732372,58.37484874087473,5.979080930026285,4.202985528896679,570.7895763329213
cont,Rosenbrock,16,PSO_GBEST,5000,med,0,30,0.03125,0.0016532542666409576,0.09211405994732372,58.37484874087473,5.979080930026285,4.202985528896679,570.7895763329213
cont,Rosenbrock,16,PSO_GBEST,5000,hard,0,30,0.03125,0.0016532542666409576,0.09211405994732372,58.37484874087473,5.979080930026285,4.202985528896679,570.7895763329213
cont,Rosenbrock,16,PSO_GBEST,8000,easy,0,30,0.03125,0.0016532542666409576,0.09211405994732372,7.228540810737721,4.631082171072096,0.5165523439398957,81.91431065252912
cont,Rosenbrock,16,PSO_GBEST,8000,med,0,30,0.03125,0.0016532542666409576,0.09211405994732372,7.228540810737721,4.631082171072096,0.5165523439398957,81.91431065252912
cont,Rosenbrock,16,PSO_GBEST,8000,hard,0,30,0.03125,0.0016532542666409576,0.09211405994732372,7.228540810737721,4.631082171072096,0.5165523439398957,81.91431065252912
cont,Rosenbrock,16,PSO_GBEST,10000,easy,1,30,0.0625,0.011585315861443594,0.14409039131834475,35.01151974555979,3.8036782861940464,0.008838033186005644,758.3183015341801
cont,Rosenbrock,16,PSO_GBEST,10000,med,1,30,0.0625,0.011585315861443594,0.14409039131834475,35.01151974555979,3.8036782861940464,0.008838033186005644,758.3183015341801
cont,Rosenbrock,16,PSO_GBEST,10000,hard,0,30,0.03125,0.0016532542666409576,0.09211405994732372,35.01151974555979,3.8036782861940464,0.008838033186005644,758.3183015341801
cont,Rosenbrock,16,WOA,2000,easy,0,30,0.03125,0.0016532542666409576,0.09211405994732372,155.25433061262083,96.8284086221716,3.1191977722768804,800.840261668506
cont,Rosenbrock,16,WOA,2000,med,0,30,0.03125,0.0016532542666409576,0.09211405994732372,155.25433061262083,96.8284086221716,3.1191977722768804,800.840261668506
cont,Rosenbrock,16,WOA,2000,hard,0,30,0.03125,0.0016532542666409576,0.09211405994732372,155.25433061262083,96.8284086221716,3.1191977722768804,800.840261668506
cont,Rosenbrock,16,WOA,5000,easy,0,30,0.03125,0.0016532542666409576,0.09211405994732372,88.08659357282644,13.754334206991775,5.051800071185506,312.5946067373859
cont,Rosenbrock,16,WOA,5000,med,0,30,0.03125,0.0016532542666409576,0.09211405994732372,88.08659357282644,13.754334206991775,5.051800071185506,312.5946067373859
cont,Rosenbrock,16,WOA,5000,hard,0,30,0.03125,0.0016532542666409576,0.09211405994732372,88.08659357282644,13.754334206991775,5.051800071185506,312.5946067373859
cont,Rosenbrock,16,WOA,8000,easy,0,30,0.03125,0.0016532542666409576,0.09211405994732372,53.355611299213855,9.50718257905821,3.87930200460453,294.06570166542315
cont,Rosenbrock,16,WOA,8000,med,0,30,0.03125,0.0016532542666409576,0.09211405994732372,53.355611299213855,9.50718257905821,3.87930200460453,294.06570166542315
cont,Rosenbrock,16,WOA,8000,hard,0,30,0.03125,0.0016532542666409576,0.09211405994732372,53.355611299213855,9.50718257905821,3.87930200460453,294.06570166542315
cont,Rosenbrock,16,WOA,10000,easy,0,30,0.03125,0.0016532542666409576,0.09211405994732372,73.12901465790772,72.62311283655862,1.378376393936281,268.3854747451937
cont,Rosenbrock,16,WOA,10000,med,0,30,0.03125,0.0016532542666409576,0.09211405994732372,73.12901465790772,72.62311283655862,1.378376393936281,268.3854747451937
cont,Rosenbrock,16,WOA,10000,hard,0,30,0.03125,0.0016532542666409576,0.09211405994732372,73.12901465790772,72.62311283655862,1.378376393936281,268.3854747451937
cont,Rosenbrock,17,ALO,2000,easy,0,30,0.03125,0.0016532542666409576,0.09211405994732372,13331.46845500149,12075.556346058394,2700.160128036978,29993.64485414595
cont,Rosenbrock,17,ALO,2000,med,0,30,0.03125,0.0016532542666409576,0.09211405994732372,13331.46845500149,12075.556346058394,2700.160128036978,29993.64485414595
cont,Rosenbrock,17,ALO,2000,hard,0,30,0.03125,0.0016532542666409576,0.09211405994732372,13331.46845500149,12075.556346058394,2700.160128036978,29993.64485414595
cont,Rosenbrock,17,ALO,5000,easy,0,30,0.03125,0.0016532542666409576,0.09211405994732372,18515.205119102513,16288.253720944136,659.326802682679,47938.926557286206
cont,Rosenbrock,17,ALO,5000,med,0,30,0.03125,0.0016532542666409576,0.09211405994732372,18515.205119102513,16288.253720944136,659.326802682679,47938.926557286206
cont,Rosenbrock,17,ALO,5000,hard,0,30,0.03125,0.0016532542666409576,0.09211405994732372,18515.205119102513,16288.253720944136,659.326802682679,47938.926557286206
cont,Rosenbrock,17,ALO,8000,easy,0,30,0.03125,0.0016532542666409576,0.09211405994732372,17959.465030627212,15373.472056754774,1789.4364244177677,68241.66201451165
cont,Rosenbrock,17,ALO,8000,med,0,30,0.03125,0.0016532542666409576,0.09211405994732372,17959.465030627212,15373.472056754774,1789.4364244177677,68241.66201451165
cont,Rosenbrock,17,ALO,8000,hard,0,30,0.03125,0.0016532542666409576,0.09211405994732372,17959.465030627212,15373.472056754774,1789.4364244177677,68241.66201451165
cont,Rosenbrock,17,ALO,10000,easy,0,30,0.03125,0.0016532542666409576,0.09211405994732372,12250.41641512431,9004.25693870944,1128.0891948384763,55130.859282376776
cont,Rosenbrock,17,ALO,10000,med,0,30,0.03125,0.0016532542666409576,0.09211405994732372,12250.41641512431,9004.25693870944,1128.0891948384763,55130.859282376776
cont,Rosenbrock,17,ALO,10000,hard,0,30,0.03125,0.0016532542666409576,0.09211405994732372,12250.41641512431,9004.25693870944,1128.0891948384763,55130.859282376776
cont,Rosenbrock,17,BA,2000,easy,0,30,0.03125,0.0016532542666409576,0.09211405994732372,17885.059798624625,13540.90907920265,2902.7908007087394,66340.88877642064
cont,Rosenbrock,17,BA,2000,med,0,30,0.03125,0.0016532542666409576,0.09211405994732372,17885.059798624625,13540.90907920265,2902.7908007087394,66340.88877642064
cont,Rosenbrock,17,BA,2000,hard,0,30,0.03125,0.0016532542666409576,0.09211405994732372,17885.059798624625,13540.90907920265,2902.7908007087394,66340.88877642064
cont,Rosenbrock,17,BA,5000,easy,0,30,0.03125,0.0016532542666409576,0.09211405994732372,9237.399445513987,6027.434969171842,590.6032396179987,37914.27119133019
cont,Rosenbrock,17,BA,5000,med,0,30,0.03125,0.0016532542666409576,0.09211405994732372,9237.399445513987,6027.434969171842,590.6032396179987,37914.27119133019
cont,Rosenbrock,17,BA,5000,hard,0,30,0.03125,0.0016532542666409576,0.09211405994732372,9237.399445513987,6027.434969171842,590.6032396179987,37914.27119133019
cont,Rosenbrock,17,BA,8000,easy,0,30,0.03125,0.0016532542666409576,0.09211405994732372,6055.97409252742,3942.524222793261,224.28542923588182,23582.137596702978
cont,Rosenbrock,17,BA,8000,med,0,30,0.03125,0.0016532542666409576,0.09211405994732372,6055.97409252742,3942.524222793261,224.28542923588182,23582.137596702978
cont,Rosenbrock,17,BA,8000,hard,0,30,0.03125,0.0016532542666409576,0.09211405994732372,6055.97409252742,3942.524222793261,224.28542923588182,23582.137596702978
cont,Rosenbrock,17,BA,10000,easy,0,30,0.03125,0.0016532542666409576,0.09211405994732372,3593.7032593413037,2162.935480380126,481.36991098080165,12703.523475349812
cont,Rosenbrock,17,BA,10000,med,0,30,0.03125,0.0016532542666409576,0.09211405994732372,3593.7032593413037,2162.935480380126,481.36991098080165,12703.523475349812
cont,Rosenbrock,17,BA,10000,hard,0,30,0.03125,0.0016532542666409576,0.09211405994732372,3593.7032593413037,2162.935480380126,481.36991098080165,12703.523475349812
cont,Rosenbrock,17,ES_1P1,2000,easy,1,30,0.0625,0.011585315861443594,0.14409039131834475,8.643586097470067,6.644601636166923,0.014546242108523014,73.03505919561482
cont,Rosenbrock,17,ES_1P1,2000,med,0,30,0.03125,0.0016532542666409576,0.09211405994732372,8.643586097470067,6.644601636166923,0.014546242108523014,73.03505919561482
cont,Rosenbrock,17,ES_1P1,2000,hard,0,30,0.03125,0.0016532542666409576,0.09211405994732372,8.643586097470067,6.644601636166923,0.014546242108523014,73.03505919561482
cont,Rosenbrock,17,ES_1P1,5000,easy,0,30,0.03125,0.0016532542666409576,0.09211405994732372,8.767706496246122,4.046262072623225,1.0273731438338165,70.50649507040818
cont,Rosenbrock,17,ES_1P1,5000,med,0,30,0.03125,0.0016532542666409576,0.09211405994732372,8.767706496246122,4.046262072623225,1.0273731438338165,70.50649507040818
cont,Rosenbrock,17,ES_1P1,5000,hard,0,30,0.03125,0.0016532542666409576,0.09211405994732372,8.767706496246122,4.046262072623225,1.0273731438338165,70.50649507040818
cont,Rosenbrock,17,ES_1P1,8000,easy,1,30,0.0625,0.011585315861443594,0.14409039131834475,3.078929259514705,2.4486182911411927,0.0997267142008653,9.571763041143983
cont,Rosenbrock,17,ES_1P1,8000,med,0,30,0.03125,0.0016532542666409576,0.09211405994732372,3.078929259514705,2.4486182911411927,0.0997267142008653,9.571763041143983
cont,Rosenbrock,17,ES_1P1,8000,hard,0,30,0.03125,0.0016532542666409576,0.09211405994732372,3.078929259514705,2.4486182911411927,0.0997267142008653,9.571763041143983
cont,Rosenbrock,17,ES_1P1,10000,easy,0,30,0.03125,0.0016532542666409576,0.09211405994732372,2.1594060103895605,1.3496972254159716,0.10212624679434368,7.033862813827583
cont,Rosenbrock,17,ES_1P1,10000,med,0,30,0.03125,0.0016532542666409576,0.09211405994732372,2.1594060103895605,1.3496972254159716,0.10212624679434368,7.033862813827583
cont,Rosenbrock,17,ES_1P1,10000,hard,0,30,0.03125,0.0016532542666409576,0.09211405994732372,2.1594060103895605,1.3496972254159716,0.10212624679434368,7.033862813827583
cont,Rosenbrock,17,FA,2000,easy,0,30,0.03125,0.0016532542666409576,0.09211405994732372,5618.420694825573,5759.480794806556,456.3991885627121,8635.088735939404
cont,Rosenbrock,17,FA,2000,med,0,30,0.03125,0.0016532542666409576,0.09211405994732372,5618.420694825573,5759.480794806556,456.3991885627121,8635.088735939404
cont,Rosenbrock,17,FA,2000,hard,0,30,0.03125,0.0016532542666409576,0.09211405994732372,5618.420694825573,5759.480794806556,456.3991885627121,8635.088735939404
cont,Rosenbrock,17,FA,5000,easy,0,30,0.03125,0.0016532542666409576,0.09211405994732372,3048.154362583091,2905.65041083441,1189.2091315734617,5540.77609686064
cont,Rosenbrock,17,FA,5000,med,0,30,0.03125,0.0016532542666409576,0.09211405994732372,3048.154362583091,2905.65041083441,1189.2091315734617,5540.77609686064
cont,Rosenbrock,17,FA,5000,hard,0,30,0.03125,0.0016532542666409576,0.09211405994732372,3048.154362583091,2905.65041083441,1189.2091315734617,5540.77609686064
cont,Rosenbrock,17,FA,8000,easy,0,30,0.03125,0.0016532542666409576,0.09211405994732372,3176.9404777703653,2947.097110865565,1438.2803364358244,5728.301912966646
cont,Rosenbrock,17,FA,8000,med,0,30,0.03125,0.0016532542666409576,0.09211405994732372,3176.9404777703653,2947.097110865565,1438.2803364358244,5728.301912966646
cont,Rosenbrock,17,FA,8000,hard,0,30,0.03125,0.0016532542666409576,0.09211405994732372,3176.9404777703653,2947.097110865565,1438.2803364358244,5728.301912966646
cont,Rosenbrock,17,FA,10000,easy,0,30,0.03125,0.0016532542666409576,0.09211405994732372,2489.3753745852755,2131.8440571288074,740.352729229208,5791.654814024939
cont,Rosenbrock,17,FA,10000,med,0,30,0.03125,0.0016532542666409576,0.09211405994732372,2489.3753745852755,2131.8440571288074,740.352729229208,5791.654814024939
cont,Rosenbrock,17,FA,10000,hard,0,30,0.03125,0.0016532542666409576,0.09211405994732372,2489.3753745852755,2131.8440571288074,740.352729229208,5791.654814024939
cont,Rosenbrock,17,GWO,2000,easy,0,30,0.03125,0.0016532542666409576,0.09211405994732372,41.402451530995066,24.07521757251552,8.918070871738266,426.26054082988554
cont,Rosenbrock,17,GWO,2000,med,0,30,0.03125,0.0016532542666409576,0.09211405994732372,41.402451530995066,24.07521757251552,8.918070871738266,426.26054082988554
cont,Rosenbrock,17,GWO,2000,hard,0,30,0.03125,0.0016532542666409576,0.09211405994732372,41.402451530995066,24.07521757251552,8.918070871738266,426.26054082988554
cont,Rosenbrock,17,GWO,5000,easy,0,30,0.03125,0.0016532542666409576,0.09211405994732372,63.53588154874922,23.15876858863152,16.603803745504038,455.14427652235173
cont,Rosenbrock,17,GWO,5000,med,0,30,0.03125,0.0016532542666409576,0.09211405994732372,63.53588154874922,23.15876858863152,16.603803745504038,455.14427652235173
cont,Rosenbrock,17,GWO,5000,hard,0,30,0.03125,0.0016532542666409576,0.09211405994732372,63.53588154874922,23.15876858863152,16.603803745504038,455.14427652235173
cont,Rosenbrock,17,GWO,8000,easy,0,30,0.03125,0.0016532542666409576,0.09211405994732372,31.036234159609545,30.87321975075177,16.065500393779892,109.52291733640602
cont,Rosenbrock,17,GWO,8000,med,0,30,0.03125,0.0016532542666409576,0.09211405994732372,31.036234159609545,30.87321975075177,16.065500393779892,109.52291733640602
cont,Rosenbrock,17,GWO,8000,hard,0,30,0.03125,0.0016532542666409576,0.09211405994732372,31.036234159609545,30.87321975075177,16.065500393779892,109.52291733640602
cont,Rosenbrock,17,GWO,10000,easy,0,30,0.03125,0.0016532542666409576,0.09211405994732372,27.07544321254269,28.896291213745588,13.471885411829314,34.21752482668268
cont,Rosenbrock,17,GWO,10000,med,0,30,0.03125,0.0016532542666409576,0.09211405994732372,27.07544321254269,28.896291213745588,13.471885411829314,34.21752482668268
cont,Rosenbrock,17,GWO,10000,hard,0,30,0.03125,0.0016532542666409576,0.09211405994732372,27.07544321254269,28.896291213745588,13.471885411829314,34.21752482668268
cont,Rosenbrock,17,MFO,2000,easy,0,30,0.03125,0.0016532542666409576,0.09211405994732372,1801.4270316697955,1301.663280416984,51.06105223076349,7711.66372450073
cont,Rosenbrock,17,MFO,2000,med,0,30,0.03125,0.0016532542666409576,0.09211405994732372,1801.4270316697955,1301.663280416984,51.06105223076349,7711.66372450073
cont,Rosenbrock,17,MFO,2000,hard,0,30,0.03125,0.0016532542666409576,0.09211405994732372,1801.4270316697955,1301.663280416984,51.06105223076349,7711.66372450073
cont,Rosenbrock,17,MFO,5000,easy,0,30,0.03125,0.0016532542666409576,0.09211405994732372,874.3326199868719,514.9511209799093,75.2117331063823,3918.2079920163815
cont,Rosenbrock,17,MFO,5000,med,0,30,0.03125,0.0016532542666409576,0.09211405994732372,874.3326199868719,514.9511209799093,75.2117331063823,3918.2079920163815
cont,Rosenbrock,17,MFO,5000,hard,0,30,0.03125,0.0016532542666409576,0.09211405994732372,874.3326199868719,514.9511209799093,75.2117331063823,3918.2079920163815
cont,Rosenbrock,17,MFO,8000,easy,0,30,0.03125,0.0016532542666409576,0.09211405994732372,897.7651532172116,592.2940955004777,26.633434792365122,5840.498126985675
cont,Rosenbrock,17,MFO,8000,med,0,30,0.03125,0.0016532542666409576,0.09211405994732372,897.7651532172116,592.2940955004777,26.633434792365122,5840.498126985675
cont,Rosenbrock,17,MFO,8000,hard,0,30,0.03125,0.0016532542666409576,0.09211405994732372,897.7651532172116,592.2940955004777,26.633434792365122,5840.498126985675
cont,Rosenbrock,17,MFO,10000,easy,0,30,0.03125,0.0016532542666409576,0.09211405994732372,511.8735082646537,293.208554993715,36.13814919832351,4425.073724864244
cont,Rosenbrock,17,MFO,10000,med,0,30,0.03125,0.0016532542666409576,0.09211405994732372,511.8735082646537,293.208554993715,36.13814919832351,4425.073724864244
cont,Rosenbrock,17,MFO,10000,hard,0,30,0.03125,0.0016532542666409576,0.09211405994732372,511.8735082646537,293.208554993715,36.13814919832351,4425.073724864244
cont,Rosenbrock,17,PSO_GBEST,2000,easy,0,30,0.03125,0.0016532542666409576,0.09211405994732372,424.44073607947144,11.39988216565248,5.344284081415762,4997.0226973398385
cont,Rosenbrock,17,PSO_GBEST,2000,med,0,30,0.03125,0.0016532542666409576,0.09211405994732372,424.44073607947144,11.39988216565248,5.344284081415762,4997.0226973398385
cont,Rosenbrock,17,PSO_GBEST,2000,hard,0,30,0.03125,0.0016532542666409576,0.09211405994732372,424.44073607947144,11.39988216565248,5.344284081415762,4997.0226973398385
cont,Rosenbrock,17,PSO_GBEST,5000,easy,0,30,0.03125,0.0016532542666409576,0.09211405994732372,60.302746720653104,5.964399561121312,0.15090828855623895,1268.116042093023
cont,Rosenbrock,17,PSO_GBEST,5000,med,0,30,0.03125,0.0016532542666409576,0.09211405994732372,60.302746720653104,5.964399561121312,0.15090828855623895,1268.116042093023
cont,Rosenbrock,17,PSO_GBEST,5000,hard,0,30,0.03125,0.0016532542666409576,0.09211405994732372,60.302746720653104,5.964399561121312,0.15090828855623895,1268.116042093023
cont,Rosenbrock,17,PSO_GBEST,8000,easy,0,30,0.03125,0.0016532542666409576,0.09211405994732372,32.58933867618107,4.72963910641778,0.6317350693837839,828.1437058120122
cont,Rosenbrock,17,PSO_GBEST,8000,med,0,30,0.03125,0.0016532542666409576,0.09211405994732372,32.58933867618107,4.72963910641778,0.6317350693837839,828.1437058120122
cont,Rosenbrock,17,PSO_GBEST,8000,hard,0,30,0.03125,0.0016532542666409576,0.09211405994732372,32.58933867618107,4.72963910641778,0.6317350693837839,828.1437058120122
cont,Rosenbrock,17,PSO_GBEST,10000,easy,1,30,0.0625,0.011585315861443594,0.14409039131834475,296.293384441796,4.537077911339369,0.008888080419923124,4991.8984100359685
cont,Rosenbrock,17,PSO_GBEST,10000,med,1,30,0.0625,0.011585315861443594,0.14409039131834475,296.293384441796,4.537077911339369,0.008888080419923124,4991.8984100359685
cont,Rosenbrock,17,PSO_GBEST,10000,hard,0,30,0.03125,0.0016532542666409576,0.09211405994732372,296.293384441796,4.537077911339369,0.008888080419923124,4991.8984100359685
cont,Rosenbrock,17,WOA,2000,easy,0,30,0.03125,0.0016532542666409576,0.09211405994732372,43.639534296756665,27.122970346434915,5.113652572296055,202.9190218235096
cont,Rosenbrock,17,WOA,2000,med,0,30,0.03125,0.0016532542666409576,0.09211405994732372,43.639534296756665,27.122970346434915,5.113652572296055,202.9190218235096
cont,Rosenbrock,17,WOA,2000,hard,0,30,0.03125,0.0016532542666409576,0.09211405994732372,43.639534296756665,27.122970346434915,5.113652572296055,202.9190218235096
cont,Rosenbrock,17,WOA,5000,easy,0,30,0.03125,0.0016532542666409576,0.09211405994732372,23.081108219405312,16.638199624098583,0.526285923092392,87.16086143213006
cont,Rosenbrock,17,WOA,5000,med,0,30,0.03125,0.0016532542666409576,0.09211405994732372,23.081108219405312,16.638199624098583,0.526285923092392,87.16086143213006
cont,Rosenbrock,17,WOA,5000,hard,0,30,0.03125,0.0016532542666409576,0.09211405994732372,23.081108219405312,16.638199624098583,0.526285923092392,87.16086143213006
cont,Rosenbrock,17,WOA,8000,easy,1,30,0.0625,0.011585315861443594,0.14409039131834475,18.860930606965265,9.14384023683084,0.06425312529163725,72.08580981711077
cont,Rosenbrock,17,WOA,8000,med,0,30,0.03125,0.0016532542666409576,0.09211405994732372,18.860930606965265,9.14384023683084,0.06425312529163725,72.08580981711077
cont,Rosenbrock,17,WOA,8000,hard,0,30,0.03125,0.0016532542666409576,0.09211405994732372,18.860930606965265,9.14384023683084,0.06425312529163725,72.08580981711077
cont,Rosenbrock,17,WOA,10000,easy,0,30,0.03125,0.0016532542666409576,0.09211405994732372,15.340213592146569,8.336970190879999,0.3825477981240716,68.92915627334497
cont,Rosenbrock,17,WOA,10000,med,0,30,0.03125,0.0016532542666409576,0.09211405994732372,15.340213592146569,8.336970190879999,0.3825477981240716,68.92915627334497
cont,Rosenbrock,17,WOA,10000,hard,0,30,0.03125,0.0016532542666409576,0.09211405994732372,15.340213592146569,8.336970190879999,0.3825477981240716,68.92915627334497
cont,Sphere,0,ALO,2000,easy,0,30,0.03125,0.0016532542666409576,0.09211405994732372,29.9508642731156,32.11250900723496,10.201221322812357,50.87526170199641
cont,Sphere,0,ALO,2000,med,0,30,0.03125,0.0016532542666409576,0.09211405994732372,29.9508642731156,32.11250900723496,10.201221322812357,50.87526170199641
cont,Sphere,0,ALO,2000,hard,0,30,0.03125,0.0016532542666409576,0.09211405994732372,29.9508642731156,32.11250900723496,10.201221322812357,50.87526170199641
cont,Sphere,0,ALO,5000,easy,0,30,0.03125,0.0016532542666409576,0.09211405994732372,27.049036116550024,27.00643900360086,10.854610139440373,38.5379249060956
cont,Sphere,0,ALO,5000,med,0,30,0.03125,0.0016532542666409576,0.09211405994732372,27.049036116550024,27.00643900360086,10.854610139440373,38.5379249060956
cont,Sphere,0,ALO,5000,hard,0,30,0.03125,0.0016532542666409576,0.09211405994732372,27.049036116550024,27.00643900360086,10.854610139440373,38.5379249060956
cont,Sphere,0,ALO,8000,easy,0,30,0.03125,0.0016532542666409576,0.09211405994732372,21.6369399940029,20.423285884575936,10.42345187449821,46.942874957626785
cont,Sphere,0,ALO,8000,med,0,30,0.03125,0.0016532542666409576,0.09211405994732372,21.6369399940029,20.423285884575936,10.42345187449821,46.942874957626785
cont,Sphere,0,ALO,8000,hard,0,30,0.03125,0.0016532542666409576,0.09211405994732372,21.6369399940029,20.423285884575936,10.42345187449821,46.942874957626785
cont,Sphere,0,ALO,10000,easy,0,30,0.03125,0.0016532542666409576,0.09211405994732372,23.426678501664227,24.29847227224522,7.464876350432815,39.24198200664729
cont,Sphere,0,ALO,10000,med,0,30,0.03125,0.0016532542666409576,0.09211405994732372,23.426678501664227,24.29847227224522,7.464876350432815,39.24198200664729
cont,Sphere,0,ALO,10000,hard,0,30,0.03125,0.0016532542666409576,0.09211405994732372,23.426678501664227,24.29847227224522,7.464876350432815,39.24198200664729
cont,Sphere,0,BA,2000,easy,0,30,0.03125,0.0016532542666409576,0.09211405994732372,28.652437295008244,26.907596275216733,13.26888054266192,55.70747887990706
cont,Sphere,0,BA,2000,med,0,30,0.03125,0.0016532542666409576,0.09211405994732372,28.652437295008244,26.907596275216733,13.26888054266192,55.70747887990706
cont,Sphere,0,BA,2000,hard,0,30,0.03125,0.0016532542666409576,0.09211405994732372,28.652437295008244,26.907596275216733,13.26888054266192,55.70747887990706
cont,Sphere,0,BA,5000,easy,0,30,0.03125,0.0016532542666409576,0.09211405994732372,20.6765733988635,19.52170091640934,8.852999691635063,34.904364216192576
cont,Sphere,0,BA,5000,med,0,30,0.03125,0.0016532542666409576,0.09211405994732372,20.6765733988635,19.52170091640934,8.852999691635063,34.904364216192576
cont,Sphere,0,BA,5000,hard,0,30,0.03125,0.0016532542666409576,0.09211405994732372,20.6765733988635,19.52170091640934,8.852999691635063,34.904364216192576
cont,Sphere,0,BA,8000,easy,0,30,0.03125,0.0016532542666409576,0.09211405994732372,16.202200591582994,16.529663091210537,0.7475102502855507,40.78743087222811
cont,Sphere,0,BA,8000,med,0,30,0.03125,0.0016532542666409576,0.09211405994732372,16.202200591582994,16.529663091210537,0.7475102502855507,40.78743087222811
cont,Sphere,0,BA,8000,hard,0,30,0.03125,0.0016532542666409576,0.09211405994732372,16.202200591582994,16.529663091210537,0.7475102502855507,40.78743087222811
cont,Sphere,0,BA,10000,easy,0,30,0.03125,0.0016532542666409576,0.09211405994732372,14.854562704230894,12.714929033965003,4.1984389402209334,41.79147447409508
cont,Sphere,0,BA,10000,med,0,30,0.03125,0.0016532542666409576,0.09211405994732372,14.854562704230894,12.714929033965003,4.1984389402209334,41.79147447409508
cont,Sphere,0,BA,10000,hard,0,30,0.03125,0.0016532542666409576,0.09211405994732372,14.854562704230894,12.714929033965003,4.1984389402209334,41.79147447409508
cont,Sphere,0,ES_1P1,2000,easy,30,30,0.96875,0.9078859400526763,0.998346745733359,3.425812759899273e-15,2.200905127252547e-15,3.124707178505884e-16,1.8321973530638558e-14
cont,Sphere,0,ES_1P1,2000,med,30,30,0.96875,0.9078859400526763,0.998346745733359,3.425812759899273e-15,2.200905127252547e-15,3.124707178505884e-16,1.8321973530638558e-14
cont,Sphere,0,ES_1P1,2000,hard,30,30,0.96875,0.9078859400526763,0.998346745733359,3.425812759899273e-15,2.200905127252547e-15,3.124707178505884e-16,1.8321973530638558e-14
cont,Sphere,0,ES_1P1,5000,easy,30,30,0.96875,0.9078859400526763,0.998346745733359,1.3785141639005648e-24,1.3540867911747193e-24,5.132767514282762e-25,2.1818638596092918e-24
cont,Sphere,0,ES_1P1,5000,med,30,30,0.96875,0.9078859400526763,0.998346745733359,1.3785141639005648e-24,1.3540867911747193e-24,5.132767514282762e-25,2.1818638596092918e-24
cont,Sphere,0,ES_1P1,5000,hard,30,30,0.96875,0.9078859400526763,0.998346745733359,1.3785141639005648e-24,1.3540867911747193e-24,5.132767514282762e-25,2.1818638596092918e-24
cont,Sphere,0,ES_1P1,8000,easy,30,30,0.96875,0.9078859400526763,0.998346745733359,1.1235571620057317e-24,1.2099727013244806e-24,3.725139399186427e-25,1.7081934538124228e-24
cont,Sphere,0,ES_1P1,8000,med,30,30,0.96875,0.9078859400526763,0.998346745733359,1.1235571620057317e-24,1.2099727013244806e-24,3.725139399186427e-25,1.7081934538124228e-24
cont,Sphere,0,ES_1P1,8000,hard,30,30,0.96875,0.9078859400526763,0.998346745733359,1.1235571620057317e-24,1.2099727013244806e-24,3.725139399186427e-25,1.7081934538124228e-24
cont,Sphere,0,ES_1P1,10000,easy,30,30,0.96875,0.9078859400526763,0.998346745733359,1.0138120053775347e-24,1.0519906586275862e-24,5.244066420286197e-25,1.388347741356639e-24
cont,Sphere,0,ES_1P1,10000,med,30,30,0.96875,0.9078859400526763,0.998346745733359,1.0138120053775347e-24,1.0519906586275862e-24,5.244066420286197e-25,1.388347741356639e-24
cont,Sphere,0,ES_1P1,10000,hard,30,30,0.96875,0.9078859400526763,0.998346745733359,1.0138120053775347e-24,1.0519906586275862e-24,5.244066420286197e-25,1.388347741356639e-24
cont,Sphere,0,FA,2000,easy,0,30,0.03125,0.0016532542666409576,0.09211405994732372,16.06485414196989,16.718019318037136,7.454417409206328,24.486397308968158
cont,Sphere,0,FA,2000,med,0,30,0.03125,0.0016532542666409576,0.09211405994732372,16.06485414196989,16.718019318037136,7.454417409206328,24.486397308968158
cont,Sphere,0,FA,2000,hard,0,30,0.03125,0.0016532542666409576,0.09211405994732372,16.06485414196989,16.718019318037136,7.454417409206328,24.486397308968158
cont,Sphere,0,FA,5000,easy,0,30,0.03125,0.0016532542666409576,0.09211405994732372,12.191584919559107,11.399710133911157,6.647471660543923,19.72015022087732
cont,Sphere,0,FA,5000,med,0,30,0.03125,0.0016532542666409576,0.09211405994732372,12.191584919559107,11.399710133911157,6.647471660543923,19.72015022087732
cont,Sphere,0,FA,5000,hard,0,30,0.03125,0.0016532542666409576,0.09211405994732372,12.191584919559107,11.399710133911157,6.647471660543923,19.72015022087732
cont,Sphere,0,FA,8000,easy,0,30,0.03125,0.0016532542666409576,0.09211405994732372,12.19376969237757,12.089256996013123,5.29478644952908,16.82857691929815
cont,Sphere,0,FA,8000,med,0,30,0.03125,0.0016532542666409576,0.09211405994732372,12.19376969237757,12.089256996013123,5.29478644952908,16.82857691929815
cont,Sphere,0,FA,8000,hard,0,30,0.03125,0.0016532542666409576,0.09211405994732372,12.19376969237757,12.089256996013123,5.29478644952908,16.82857691929815
cont,Sphere,0,FA,10000,easy,0,30,0.03125,0.0016532542666409576,0.09211405994732372,10.31963041522664,10.54187656964821,3.940610639416011,15.396246588933032
cont,Sphere,0,FA,10000,med,0,30,0.03125,0.0016532542666409576,0.09211405994732372,10.31963041522664,10.54187656964821,3.940610639416011,15.396246588933032
cont,Sphere,0,FA,10000,hard,0,30,0.03125,0.0016532542666409576,0.09211405994732372,10.31963041522664,10.54187656964821,3.940610639416011,15.396246588933032
cont,Sphere,0,GWO,2000,easy,11,30,0.375,0.24077485846609245,0.5182492532388523,0.21463409735691646,0.1465399817347649,0.0028069959137608028,2.6849711327279016
cont,Sphere,0,GWO,2000,med,7,30,0.25,0.1354005847583789,0.3826102309169821,0.21463409735691646,0.1465399817347649,0.0028069959137608028,2.6849711327279016
cont,Sphere,0,GWO,2000,hard,0,30,0.03125,0.0016532542666409576,0.09211405994732372,0.21463409735691646,0.1465399817347649,0.0028069959137608028,2.6849711327279016
cont,Sphere,0,GWO,5000,easy,2,30,0.09375,0.02690011969114915,0.18946446742553866,0.32660517134255296,0.2271084121332419,0.006389131546734426,0.8158052915413462
cont,Sphere,0,GWO,5000,med,1,30,0.0625,0.011585315861443594,0.14409039131834475,0.32660517134255296,0.2271084121332419,0.006389131546734426,0.8158052915413462
cont,Sphere,0,GWO,5000,hard,0,30,0.03125,0.0016532542666409576,0.09211405994732372,0.32660517134255296,0.2271084121332419,0.006389131546734426,0.8158052915413462
cont,Sphere,0,GWO,8000,easy,0,30,0.03125,0.0016532542666409576,0.09211405994732372,0.401829779577557,0.2846426167426598,0.12488864639934735,0.8093525427361685
cont,Sphere,0,GWO,8000,med,0,30,0.03125,0.0016532542666409576,0.09211405994732372,0.401829779577557,0.2846426167426598,0.12488864639934735,0.8093525427361685
cont,Sphere,0,GWO,8000,hard,0,30,0.03125,0.0016532542666409576,0.09211405994732372,0.401829779577557,0.2846426167426598,0.12488864639934735,0.8093525427361685
cont,Sphere,0,GWO,10000,easy,0,30,0.03125,0.0016532542666409576,0.09211405994732372,0.45535812773060186,0.2908193214288491,0.1240094441761168,0.8017339845366084
cont,Sphere,0,GWO,10000,med,0,30,0.03125,0.0016532542666409576,0.09211405994732372,0.45535812773060186,0.2908193214288491,0.1240094441761168,0.8017339845366084
cont,Sphere,0,GWO,10000,hard,0,30,0.03125,0.0016532542666409576,0.09211405994732372,0.45535812773060186,0.2908193214288491,0.1240094441761168,0.8017339845366084
cont,Sphere,0,MFO,2000,easy,0,30,0.03125,0.0016532542666409576,0.09211405994732372,6.301341210996386,6.446793180339647,1.1614199581672326,12.385824220966661
cont,Sphere,0,MFO,2000,med,0,30,0.03125,0.0016532542666409576,0.09211405994732372,6.301341210996386,6.446793180339647,1.1614199581672326,12.385824220966661
cont,Sphere,0,MFO,2000,hard,0,30,0.03125,0.0016532542666409576,0.09211405994732372,6.301341210996386,6.446793180339647,1.1614199581672326,12.385824220966661
cont,Sphere,0,MFO,5000,easy,0,30,0.03125,0.0016532542666409576,0.09211405994732372,4.5681660287048675,3.5730944471242205,0.969147217080152,12.099312510306454
cont,Sphere,0,MFO,5000,med,0,30,0.03125,0.0016532542666409576,0.09211405994732372,4.5681660287048675,3.5730944471242205,0.969147217080152,12.099312510306454
cont,Sphere,0,MFO,5000,hard,0,30,0.03125,0.0016532542666409576,0.09211405994732372,4.5681660287048675,3.5730944471242205,0.969147217080152,12.099312510306454
cont,Sphere,0,MFO,8000,easy,0,30,0.03125,0.0016532542666409576,0.09211405994732372,3.6850916506958105,3.4929112035895646,0.7699440694755112,16.813899426480667
cont,Sphere,0,MFO,8000,med,0,30,0.03125,0.0016532542666409576,0.09211405994732372,3.6850916506958105,3.4929112035895646,0.7699440694755112,16.813899426480667
cont,Sphere,0,MFO,8000,hard,0,30,0.03125,0.0016532542666409576,0.09211405994732372,3.6850916506958105,3.4929112035895646,0.7699440694755112,16.813899426480667
cont,Sphere,0,MFO,10000,easy,0,30,0.03125,0.0016532542666409576,0.09211405994732372,2.7789885937666248,2.3777156269884068,0.3306188659533852,6.287485229214662
cont,Sphere,0,MFO,10000,med,0,30,0.03125,0.0016532542666409576,0.09211405994732372,2.7789885937666248,2.3777156269884068,0.3306188659533852,6.287485229214662
cont,Sphere,0,MFO,10000,hard,0,30,0.03125,0.0016532542666409576,0.09211405994732372,2.7789885937666248,2.3777156269884068,0.3306188659533852,6.287485229214662
cont,Sphere,0,PSO_GBEST,2000,easy,24,30,0.78125,0.6533474562111927,0.8889112287407399,1.2218891910979293,0.004297219421661884,0.0007187538097937021,8.16227416766159
cont,Sphere,0,PSO_GBEST,2000,med,23,30,0.75,0.6173897690830179,0.8645994152416211,1.2218891910979293,0.004297219421661884,0.0007187538097937021,8.16227416766159
cont,Sphere,0,PSO_GBEST,2000,hard,2,30,0.09375,0.02690011969114915,0.18946446742553866,1.2218891910979293,0.004297219421661884,0.0007187538097937021,8.16227416766159
cont,Sphere,0,PSO_GBEST,5000,easy,30,30,0.96875,0.9078859400526763,0.998346745733359,3.583524386443503e-08,1.4997551413571727e-08,1.9868894579853127e-09,1.9680559860002167e-07
cont,Sphere,0,PSO_GBEST,5000,med,30,30,0.96875,0.9078859400526763,0.998346745733359,3.583524386443503e-08,1.4997551413571727e-08,1.9868894579853127e-09,1.9680559860002167e-07
cont,Sphere,0,PSO_GBEST,5000,hard,30,30,0.96875,0.9078859400526763,0.998346745733359,3.583524386443503e-08,1.4997551413571727e-08,1.9868894579853127e-09,1.9680559860002167e-07
cont,Sphere,0,PSO_GBEST,8000,easy,28,30,0.90625,0.8105355325744613,0.9730998803088509,0.3788644577021728,1.0685060148958994e-13,1.0837770691054193e-14,6.58333788217912
cont,Sphere,0,PSO_GBEST,8000,med,28,30,0.90625,0.8105355325744613,0.9730998803088509,0.3788644577021728,1.0685060148958994e-13,1.0837770691054193e-14,6.58333788217912
cont,Sphere,0,PSO_GBEST,8000,hard,28,30,0.90625,0.8105355325744613,0.9730998803088509,0.3788644577021728,1.0685060148958994e-13,1.0837770691054193e-14,6.58333788217912
cont,Sphere,0,PSO_GBEST,10000,easy,26,30,0.84375,0.7286288184424853,0.9342195294539822,0.8533332626506918,1.9573226930441038e-17,5.089130703927397e-19,7.650726266282887
cont,Sphere,0,PSO_GBEST,10000,med,26,30,0.84375,0.7286288184424853,0.9342195294539822,0.8533332626506918,1.9573226930441038e-17,5.089130703927397e-19,7.650726266282887
cont,Sphere,0,PSO_GBEST,10000,hard,26,30,0.84375,0.7286288184424853,0.9342195294539822,0.8533332626506918,1.9573226930441038e-17,5.089130703927397e-19,7.650726266282887
cont,Sphere,0,WOA,2000,easy,16,30,0.53125,0.3869822549447333,0.6732606351024929,0.16302700528860972,0.08804095465844175,0.012811240709411616,0.7400151690283497
cont,Sphere,0,WOA,2000,med,0,30,0.03125,0.0016532542666409576,0.09211405994732372,0.16302700528860972,0.08804095465844175,0.012811240709411616,0.7400151690283497
cont,Sphere,0,WOA,2000,hard,0,30,0.03125,0.0016532542666409576,0.09211405994732372,0.16302700528860972,0.08804095465844175,0.012811240709411616,0.7400151690283497
cont,Sphere,0,WOA,5000,easy,28,30,0.90625,0.8105355325744613,0.9730998803088509,0.024475921097890613,0.007327485244779851,0.001120266743338069,0.1977757390255857
cont,Sphere,0,WOA,5000,med,19,30,0.625,0.4817507467611476,0.7592251415339075,0.024475921097890613,0.007327485244779851,0.001120266743338069,0.1977757390255857
cont,Sphere,0,WOA,5000,hard,0,30,0.03125,0.0016532542666409576,0.09211405994732372,0.024475921097890613,0.007327485244779851,0.001120266743338069,0.1977757390255857
cont,Sphere,0,WOA,8000,easy,30,30,0.96875,0.9078859400526763,0.998346745733359,0.006422356612242422,0.0017308690563652225,0.0001935111854970303,0.09921865594983807
cont,Sphere,0,WOA,8000,med,27,30,0.875,0.7684970248566316,0.9546998269773581,0.006422356612242422,0.0017308690563652225,0.0001935111854970303,0.09921865594983807
cont,Sphere,0,WOA,8000,hard,8,30,0.28125,0.16061109125637793,0.4176603337442609,0.006422356612242422,0.0017308690563652225,0.0001935111854970303,0.09921865594983807
cont,Sphere,0,WOA,10000,easy,30,30,0.96875,0.9078859400526763,0.998346745733359,0.0019210332823651037,0.0011369012262180444,7.179718267532265e-05,0.011994337828134586
cont,Sphere,0,WOA,10000,med,29,30,0.9375,0.8559096086816552,0.9884146841385564,0.0019210332823651037,0.0011369012262180444,7.179718267532265e-05,0.011994337828134586
cont,Sphere,0,WOA,10000,hard,14,30,0.46875,0.3267393648975071,0.6130177450552665,0.0019210332823651037,0.0011369012262180444,7.179718267532265e-05,0.011994337828134586
cont,Sphere,1,ALO,2000,easy,0,30,0.03125,0.0016532542666409576,0.09211405994732372,29.620400102516665,29.489592881716113,13.364630389019142,48.310778837045504
cont,Sphere,1,ALO,2000,med,0,30,0.03125,0.0016532542666409576,0.09211405994732372,29.620400102516665,29.489592881716113,13.364630389019142,48.310778837045504
cont,Sphere,1,ALO,2000,hard,0,30,0.03125,0.0016532542666409576,0.09211405994732372,29.620400102516665,29.489592881716113,13.364630389019142,48.310778837045504
cont,Sphere,1,ALO,5000,easy,0,30,0.03125,0.0016532542666409576,0.09211405994732372,27.807708837044967,26.31867981869175,10.327920615957252,59.399528371328394
cont,Sphere,1,ALO,5000,med,0,30,0.03125,0.0016532542666409576,0.09211405994732372,27.807708837044967,26.31867981869175,10.327920615957252,59.399528371328394
cont,Sphere,1,ALO,5000,hard,0,30,0.03125,0.0016532542666409576,0.09211405994732372,27.807708837044967,26.31867981869175,10.327920615957252,59.399528371328394
cont,Sphere,1,ALO,8000,easy,0,30,0.03125,0.0016532542666409576,0.09211405994732372,24.20604051130835,23.739945479402206,7.731876366709612,47.871508779940086
cont,Sphere,1,ALO,8000,med,0,30,0.03125,0.0016532542666409576,0.09211405994732372,24.20604051130835,23.739945479402206,7.731876366709612,47.871508779940086
cont,Sphere,1,ALO,8000,hard,0,30,0.03125,0.0016532542666409576,0.09211405994732372,24.20604051130835,23.739945479402206,7.731876366709612,47.871508779940086
cont,Sphere,1,ALO,10000,easy,0,30,0.03125,0.0016532542666409576,0.09211405994732372,25.32377559513089,25.20939416536858,11.64944496852588,44.37109207124082
cont,Sphere,1,ALO,10000,med,0,30,0.03125,0.0016532542666409576,0.09211405994732372,25.32377559513089,25.20939416536858,11.64944496852588,44.37109207124082
cont,Sphere,1,ALO,10000,hard,0,30,0.03125,0.0016532542666409576,0.09211405994732372,25.32377559513089,25.20939416536858,11.64944496852588,44.37109207124082
cont,Sphere,1,BA,2000,easy,0,30,0.03125,0.0016532542666409576,0.09211405994732372,22.2994656014888,22.118944330555543,8.2325285423,46.108309238330534
cont,Sphere,1,BA,2000,med,0,30,0.03125,0.0016532542666409576,0.09211405994732372,22.2994656014888,22.118944330555543,8.2325285423,46.108309238330534
cont,Sphere,1,BA,2000,hard,0,30,0.03125,0.0016532542666409576,0.09211405994732372,22.2994656014888,22.118944330555543,8.2325285423,46.108309238330534
cont,Sphere,1,BA,5000,easy,0,30,0.03125,0.0016532542666409576,0.09211405994732372,18.772255377678444,18.300230216585536,6.470011978272103,32.89013158567373
cont,Sphere,1,BA,5000,med,0,30,0.03125,0.0016532542666409576,0.09211405994732372,18.772255377678444,18.300230216585536,6.470011978272103,32.89013158567373
cont,Sphere,1,BA,5000,hard,0,30,0.03125,0.0016532542666409576,0.09211405994732372,18.772255377678444,18.300230216585536,6.470011978272103,32.89013158567373
cont,Sphere,1,BA,8000,easy,0,30,0.03125,0.0016532542666409576,0.09211405994732372,13.32829320864455,12.19314495795276,1.3699027557931531,27.269350087867586
cont,Sphere,1,BA,8000,med,0,30,0.03125,0.0016532542666409576,0.09211405994732372,13.32829320864455,12.19314495795276,1.3699027557931531,27.269350087867586
cont,Sphere,1,BA,8000,hard,0,30,0.03125,0.0016532542666409576,0.09211405994732372,13.32829320864455,12.19314495795276,1.3699027557931531,27.269350087867586
cont,Sphere,1,BA,10000,easy,0,30,0.03125,0.0016532542666409576,0.09211405994732372,9.114312581349955,8.442652375547123,0.965840193160835,23.256852191999354
cont,Sphere,1,BA,10000,med,0,30,0.03125,0.0016532542666409576,0.09211405994732372,9.114312581349955,8.442652375547123,0.965840193160835,23.256852191999354
cont,Sphere,1,BA,10000,hard,0,30,0.03125,0.0016532542666409576,0.09211405994732372,9.114312581349955,8.442652375547123,0.965840193160835,23.256852191999354
cont,Sphere,1,ES_1P1,2000,easy,30,30,0.96875,0.9078859400526763,0.998346745733359,3.4968945878835693e-15,2.162694966839761e-15,4.638725475907035e-16,1.7170591729488455e-14
cont,Sphere,1,ES_1P1,2000,med,30,30,0.96875,0.9078859400526763,0.998346745733359,3.4968945878835693e-15,2.162694966839761e-15,4.638725475907035e-16,1.7170591729488455e-14
cont,Sphere,1,ES_1P1,2000,hard,30,30,0.96875,0.9078859400526763,0.998346745733359,3.4968945878835693e-15,2.162694966839761e-15,4.638725475907035e-16,1.7170591729488455e-14
cont,Sphere,1,ES_1P1,5000,easy,30,30,0.96875,0.9078859400526763,0.998346745733359,1.3620338248172276e-24,1.3866139934132403e-24,6.166144608984176e-25,1.9832827052873574e-24
cont,Sphere,1,ES_1P1,5000,med,30,30,0.96875,0.9078859400526763,0.998346745733359,1.3620338248172276e-24,1.3866139934132403e-24,6.166144608984176e-25,1.9832827052873574e-24
cont,Sphere,1,ES_1P1,5000,hard,30,30,0.96875,0.9078859400526763,0.998346745733359,1.3620338248172276e-24,1.3866139934132403e-24,6.166144608984176e-25,1.9832827052873574e-24
cont,Sphere,1,ES_1P1,8000,easy,30,30,0.96875,0.9078859400526763,0.998346745733359,1.1539434648787382e-24,1.208316129366184e-24,1.308055954338583e-25,1.8505501222365346e-24
cont,Sphere,1,ES_1P1,8000,med,30,30,0.96875,0.9078859400526763,0.998346745733359,1.1539434648787382e-24,1.208316129366184e-24,1.308055954338583e-25,1.8505501222365346e-24
cont,Sphere,1,ES_1P1,8000,hard,30,30,0.96875,0.9078859400526763,0.998346745733359,1.1539434648787382e-24,1.208316129366184e-24,1.308055954338583e-25,1.8505501222365346e-24
cont,Sphere,1,ES_1P1,10000,easy,30,30,0.96875,0.9078859400526763,0.998346745733359,9.821541315495377e-25,9.695238679102642e-25,5.756280890098018e-25,1.4780509018152709e-24
cont,Sphere,1,ES_1P1,10000,med,30,30,0.96875,0.9078859400526763,0.998346745733359,9.821541315495377e-25,9.695238679102642e-25,5.756280890098018e-25,1.4780509018152709e-24
cont,Sphere,1,ES_1P1,10000,hard,30,30,0.96875,0.9078859400526763,0.998346745733359,9.821541315495377e-25,9.695238679102642e-25,5.756280890098018e-25,1.4780509018152709e-24
cont,Sphere,1,FA,2000,easy,0,30,0.03125,0.0016532542666409576,0.09211405994732372,17.262357714217398,17.541594062846357,11.970374165344507,22.38679054804954
cont,Sphere,1,FA,2000,med,0,30,0.03125,0.0016532542666409576,0.09211405994732372,17.262357714217398,17.541594062846357,11.970374165344507,22.38679054804954
cont,Sphere,1,FA,2000,hard,0,30,0.03125,0.0016532542666409576,0.09211405994732372,17.262357714217398,17.541594062846357,11.970374165344507,22.38679054804954
cont,Sphere,1,FA,5000,easy,0,30,0.03125,0.0016532542666409576,0.09211405994732372,11.598295473751502,11.67394228595643,1.974411090262198,17.129877875968482
cont,Sphere,1,FA,5000,med,0,30,0.03125,0.0016532542666409576,0.09211405994732372,11.598295473751502,11.67394228595643,1.974411090262198,17.129877875968482
cont,Sphere,1,FA,5000,hard,0,30,0.03125,0.0016532542666409576,0.09211405994732372,11.598295473751502,11.67394228595643,1.974411090262198,17.129877875968482
cont,Sphere,1,FA,8000,easy,0,30,0.03125,0.0016532542666409576,0.09211405994732372,11.279279491972124,11.16712894554037,6.94705337765337,18.378201778562108
cont,Sphere,1,FA,8000,med,0,30,0.03125,0.0016532542666409576,0.09211405994732372,11.279279491972124,11.16712894554037,6.94705337765337,18.378201778562108
cont,Sphere,1,FA,8000,hard,0,30,0.03125,0.0016532542666409576,0.09211405994732372,11.279279491972124,11.16712894554037,6.94705337765337,18.378201778562108
cont,Sphere,1,FA,10000,easy,0,30,0.03125,0.0016532542666409576,0.09211405994732372,11.54740131164268,11.84419180356333,7.588280581571061,15.54207281588143
cont,Sphere,1,FA,10000,med,0,30,0.03125,0.0016532542666409576,0.09211405994732372,11.54740131164268,11.84419180356333,7.588280581571061,15.54207281588143
cont,Sphere,1,FA,10000,hard,0,30,0.03125,0.0016532542666409576,0.09211405994732372,11.54740131164268,11.84419180356333,7.588280581571061,15.54207281588143
cont,Sphere,1,GWO,2000,easy,22,30,0.71875,0.5823396662557391,0.8393889087436222,0.2478362440483607,0.010321213368633111,0.0012302055962065041,1.7178036293747396
cont,Sphere,1,GWO,2000,med,15,30,0.5,0.3565721369616578,0.6434278630383421,0.2478362440483607,0.010321213368633111,0.0012302055962065041,1.7178036293747396
cont,Sphere,1,GWO,2000,hard,0,30,0.03125,0.0016532542666409576,0.09211405994732372,0.2478362440483607,0.010321213368633111,0.0012302055962065041,1.7178036293747396
cont,Sphere,1,GWO,5000,easy,27,30,0.875,0.7684970248566316,0.9546998269773581,0.05804907770795243,0.0022393950247892565,0.0007091292048132757,0.5672081730515572
cont,Sphere,1,GWO,5000,med,27,30,0.875,0.7684970248566316,0.9546998269773581,0.05804907770795243,0.0022393950247892565,0.0007091292048132757,0.5672081730515572
cont,Sphere,1,GWO,5000,hard,3,30,0.125,0.04530017302264189,0.23150297514336832,0.05804907770795243,0.0022393950247892565,0.0007091292048132757,0.5672081730515572
cont,Sphere,1,GWO,8000,easy,26,30,0.84375,0.7286288184424853,0.9342195294539822,0.07501011252258213,0.0020306770479011278,0.0002965739674514671,0.5607647885840462
cont,Sphere,1,GWO,8000,med,25,30,0.8125,0.690356484642353,0.9121855328567512,0.07501011252258213,0.0020306770479011278,0.0002965739674514671,0.5607647885840462
cont,Sphere,1,GWO,8000,hard,3,30,0.125,0.04530017302264189,0.23150297514336832,0.07501011252258213,0.0020306770479011278,0.0002965739674514671,0.5607647885840462
cont,Sphere,1,GWO,10000,easy,27,30,0.875,0.7684970248566316,0.9546998269773581,0.06664321467162063,0.0019552668402291833,0.00029186603609739683,0.8509396842293302
cont,Sphere,1,GWO,10000,med,27,30,0.875,0.7684970248566316,0.9546998269773581,0.06664321467162063,0.0019552668402291833,0.00029186603609739683,0.8509396842293302
cont,Sphere,1,GWO,10000,hard,3,30,0.125,0.04530017302264189,0.23150297514336832,0.06664321467162063,0.0019552668402291833,0.00029186603609739683,0.8509396842293302
cont,Sphere,1,MFO,2000,easy,0,30,0.03125,0.0016532542666409576,0.09211405994732372,5.746199081753848,5.468835828735332,1.5782527776481468,13.573890641250783
cont,Sphere,1,MFO,2000,med,0,30,0.03125,0.0016532542666409576,0.09211405994732372,5.746199081753848,5.468835828735332,1.5782527776481468,13.573890641250783
cont,Sphere,1,MFO,2000,hard,0,30,0.03125,0.0016532542666409576,0.09211405994732372,5.746199081753848,5.468835828735332,1.5782527776481468,13.573890641250783
cont,Sphere,1,MFO,5000,easy,0,30,0.03125,0.0016532542666409576,0.09211405994732372,3.5916133608737364,3.207411624566176,0.11561078472190557,8.687454934036344
cont,Sphere,1,MFO,5000,med,0,30,0.03125,0.0016532542666409576,0.09211405994732372,3.5916133608737364,3.207411624566176,0.11561078472190557,8.687454934036344
cont,Sphere,1,MFO,5000,hard,0,30,0.03125,0.0016532542666409576,0.09211405994732372,3.5916133608737364,3.207411624566176,0.11561078472190557,8.687454934036344
cont,Sphere,1,MFO,8000,easy,0,30,0.03125,0.0016532542666409576,0.09211405994732372,2.8104773660885294,1.911269716262761,0.28235777884596724,10.000010463755208
cont,Sphere,1,MFO,8000,med,0,30,0.03125,0.0016532542666409576,0.09211405994732372,2.8104773660885294,1.911269716262761,0.28235777884596724,10.000010463755208
cont,Sphere,1,MFO,8000,hard,0,30,0.03125,0.0016532542666409576,0.09211405994732372,2.8104773660885294,1.911269716262761,0.28235777884596724,10.000010463755208
cont,Sphere,1,MFO,10000,easy,0,30,0.03125,0.0016532542666409576,0.09211405994732372,2.685784339918868,2.0855138161617934,0.5583640850719218,9.981701940355517
cont,Sphere,1,MFO,10000,med,0,30,0.03125,0.0016532542666409576,0.09211405994732372,2.685784339918868,2.0855138161617934,0.5583640850719218,9.981701940355517
cont,Sphere,1,MFO,10000,hard,0,30,0.03125,0.0016532542666409576,0.09211405994732372,2.685784339918868,2.0855138161617934,0.5583640850719218,9.981701940355517
cont,Sphere,1,PSO_GBEST,2000,easy,29,30,0.9375,0.8559096086816552,0.9884146841385564,0.1759406711671919,0.0020220252800629617,0.0003756248562591725,5.147620721262851
cont,Sphere,1,PSO_GBEST,2000,med,27,30,0.875,0.7684970248566316,0.9546998269773581,0.1759406711671919,0.0020220252800629617,0.0003756248562591725,5.147620721262851
cont,Sphere,1,PSO_GBEST,2000,hard,5,30,0.1875,0.08781446714324878,0.30964351535764695,0.1759406711671919,0.0020220252800629617,0.0003756248562591725,5.147620721262851
cont,Sphere,1,PSO_GBEST,5000,easy,30,30,0.96875,0.9078859400526763,0.998346745733359,3.355767802635104e-08,1.3519195322998246e-08,5.894115174779406e-10,2.6384057208949345e-07
cont,Sphere,1,PSO_GBEST,5000,med,30,30,0.96875,0.9078859400526763,0.998346745733359,3.355767802635104e-08,1.3519195322998246e-08,5.894115174779406e-10,2.6384057208949345e-07
cont,Sphere,1,PSO_GBEST,5000,hard,30,30,0.96875,0.9078859400526763,0.998346745733359,3.355767802635104e-08,1.3519195322998246e-08,5.894115174779406e-10,2.6384057208949345e-07
cont,Sphere,1,PSO_GBEST,8000,easy,30,30,0.96875,0.9078859400526763,0.998346745733359,2.747981986743202e-13,8.499246039809934e-14,1.9150567685207767e-15,3.337818191882759e-12
cont,Sphere,1,PSO_GBEST,8000,med,30,30,0.96875,0.9078859400526763,0.998346745733359,2.747981986743202e-13,8.499246039809934e-14,1.9150567685207767e-15,3.337818191882759e-12
cont,Sphere,1,PSO_GBEST,8000,hard,30,30,0.96875,0.9078859400526763,0.998346745733359,2.747981986743202e-13,8.499246039809934e-14,1.9150567685207767e-15,3.337818191882759e-12
cont,Sphere,1,PSO_GBEST,10000,easy,29,30,0.9375,0.8559096086816552,0.9884146841385564,0.13983133492656175,2.14775132831868e-17,2.1207235317550217e-18,4.194940047796849
cont,Sphere,1,PSO_GBEST,10000,med,29,30,0.9375,0.8559096086816552,0.9884146841385564,0.13983133492656175,2.14775132831868e-17,2.1207235317550217e-18,4.194940047796849
cont,Sphere,1,PSO_GBEST,10000,hard,29,30,0.9375,0.8559096086816552,0.9884146841385564,0.13983133492656175,2.14775132831868e-17,2.1207235317550217e-18,4.194940047796849
cont,Sphere,1,WOA,2000,easy,24,30,0.78125,0.6533474562111927,0.8889112287407399,0.07867820748964445,0.06165136872971885,0.003923662528123963,0.49573301927316415
cont,Sphere,1,WOA,2000,med,1,30,0.0625,0.011585315861443594,0.14409039131834475,0.07867820748964445,0.06165136872971885,0.003923662528123963,0.49573301927316415
cont,Sphere,1,WOA,2000,hard,0,30,0.03125,0.0016532542666409576,0.09211405994732372,0.07867820748964445,0.06165136872971885,0.003923662528123963,0.49573301927316415
cont,Sphere,1,WOA,5000,easy,30,30,0.96875,0.9078859400526763,0.998346745733359,0.011998492312085463,0.008157213154303938,0.00027278100227857006,0.052653175383670196
cont,Sphere,1,WOA,5000,med,18,30,0.59375,0.4495566259694524,0.7311737237767726,0.011998492312085463,0.008157213154303938,0.00027278100227857006,0.052653175383670196
cont,Sphere,1,WOA,5000,hard,4,30,0.15625,0.06578047054601774,0.2713711815575147,0.011998492312085463,0.008157213154303938,0.00027278100227857006,0.052653175383670196
cont,Sphere,1,WOA,8000,easy,30,30,0.96875,0.9078859400526763,0.998346745733359,0.0026737982258230714,0.0014549542130211468,8.585766790341198e-05,0.012325091870529515
cont,Sphere,1,WOA,8000,med,29,30,0.9375,0.8559096086816552,0.9884146841385564,0.0026737982258230714,0.0014549542130211468,8.585766790341198e-05,0.012325091870529515
cont,Sphere,1,WOA,8000,hard,12,30,0.40625,0.2688262762232274,0.5504433740305475,0.0026737982258230714,0.0014549542130211468,8.585766790341198e-05,0.012325091870529515
cont,Sphere,1,WOA,10000,easy,30,30,0.96875,0.9078859400526763,0.998346745733359,0.002179850304972218,0.0004119921654468447,4.479110196450505e-05,0.021614284871613265
cont,Sphere,1,WOA,10000,med,28,30,0.90625,0.8105355325744613,0.9730998803088509,0.002179850304972218,0.0004119921654468447,4.479110196450505e-05,0.021614284871613265
cont,Sphere,1,WOA,10000,hard,19,30,0.625,0.4817507467611476,0.7592251415339075,0.002179850304972218,0.0004119921654468447,4.479110196450505e-05,0.021614284871613265
cont,Sphere,2,ALO,2000,easy,0,30,0.03125,0.0016532542666409576,0.09211405994732372,30.30003753896165,30.833886367412298,12.286322871346412,47.69809734864731
cont,Sphere,2,ALO,2000,med,0,30,0.03125,0.0016532542666409576,0.09211405994732372,30.30003753896165,30.833886367412298,12.286322871346412,47.69809734864731
cont,Sphere,2,ALO,2000,hard,0,30,0.03125,0.0016532542666409576,0.09211405994732372,30.30003753896165,30.833886367412298,12.286322871346412,47.69809734864731
cont,Sphere,2,ALO,5000,easy,0,30,0.03125,0.0016532542666409576,0.09211405994732372,26.82138755799798,27.17941953369451,11.449863953798895,43.650814420934445
cont,Sphere,2,ALO,5000,med,0,30,0.03125,0.0016532542666409576,0.09211405994732372,26.82138755799798,27.17941953369451,11.449863953798895,43.650814420934445
cont,Sphere,2,ALO,5000,hard,0,30,0.03125,0.0016532542666409576,0.09211405994732372,26.82138755799798,27.17941953369451,11.449863953798895,43.650814420934445
cont,Sphere,2,ALO,8000,easy,0,30,0.03125,0.0016532542666409576,0.09211405994732372,25.58111846063364,25.94483001759358,7.97823734652022,42.34322323292321
cont,Sphere,2,ALO,8000,med,0,30,0.03125,0.0016532542666409576,0.09211405994732372,25.58111846063364,25.94483001759358,7.97823734652022,42.34322323292321
cont,Sphere,2,ALO,8000,hard,0,30,0.03125,0.0016532542666409576,0.09211405994732372,25.58111846063364,25.94483001759358,7.97823734652022,42.34322323292321
cont,Sphere,2,ALO,10000,easy,0,30,0.03125,0.0016532542666409576,0.09211405994732372,21.920713528747033,18.430796716266563,8.505397360849877,48.973305982507156
cont,Sphere,2,ALO,10000,med,0,30,0.03125,0.0016532542666409576,0.09211405994732372,21.920713528747033,18.430796716266563,8.505397360849877,48.973305982507156
cont,Sphere,2,ALO,10000,hard,0,30,0.03125,0.0016532542666409576,0.09211405994732372,21.920713528747033,18.430796716266563,8.505397360849877,48.973305982507156
cont,Sphere,2,BA,2000,easy,0,30,0.03125,0.0016532542666409576,0.09211405994732372,25.557513155133513,24.56835408286084,10.901336754232904,48.01395924476388
cont,Sphere,2,BA,2000,med,0,30,0.03125,0.0016532542666409576,0.09211405994732372,25.557513155133513,24.56835408286084,10.901336754232904,48.01395924476388
cont,Sphere,2,BA,2000,hard,0,30,0.03125,0.0016532542666409576,0.09211405994732372,25.557513155133513,24.56835408286084,10.901336754232904,48.01395924476388
cont,Sphere,2,BA,5000,easy,0,30,0.03125,0.0016532542666409576,0.09211405994732372,19.714906995943124,17.316605394301174,1.497166527585284,40.115987105702864
cont,Sphere,2,BA,5000,med,0,30,0.03125,0.0016532542666409576,0.09211405994732372,19.714906995943124,17.316605394301174,1.497166527585284,40.115987105702864
cont,Sphere,2,BA,5000,hard,0,30,0.03125,0.0016532542666409576,0.09211405994732372,19.714906995943124,17.316605394301174,1.497166527585284,40.115987105702864
cont,Sphere,2,BA,8000,easy,0,30,0.03125,0.0016532542666409576,0.09211405994732372,15.790509739106106,13.346599527326891,1.5115593129678673,30.4735676572236
cont,Sphere,2,BA,8000,med,0,30,0.03125,0.0016532542666409576,0.09211405994732372,15.790509739106106,13.346599527326891,1.5115593129678673,30.4735676572236
cont,Sphere,2,BA,8000,hard,0,30,0.03125,0.0016532542666409576,0.09211405994732372,15.790509739106106,13.346599527326891,1.5115593129678673,30.4735676572236
cont,Sphere,2,BA,10000,easy,0,30,0.03125,0.0016532542666409576,0.09211405994732372,11.588870178333885,12.490721427514256,0.9969469372081483,23.696954267676503
cont,Sphere,2,BA,10000,med,0,30,0.03125,0.0016532542666409576,0.09211405994732372,11.588870178333885,12.490721427514256,0.9969469372081483,23.696954267676503
cont,Sphere,2,BA,10000,hard,0,30,0.03125,0.0016532542666409576,0.09211405994732372,11.588870178333885,12.490721427514256,0.9969469372081483,23.696954267676503
cont,Sphere,2,ES_1P1,2000,easy,30,30,0.96875,0.9078859400526763,0.998346745733359,3.0563482839122515e-15,2.27364213414335e-15,2.420536065263271e-16,9.978753896549518e-15
cont,Sphere,2,ES_1P1,2000,med,30,30,0.96875,0.9078859400526763,0.998346745733359,3.0563482839122515e-15,2.27364213414335e-15,2.420536065263271e-16,9.978753896549518e-15
cont,Sphere,2,ES_1P1,2000,hard,30,30,0.96875,0.9078859400526763,0.998346745733359,3.0563482839122515e-15,2.27364213414335e-15,2.420536065263271e-16,9.978753896549518e-15
cont,Sphere,2,ES_1P1,5000,easy,30,30,0.96875,0.9078859400526763,0.998346745733359,1.5060521805000622e-24,1.5472921065354976e-24,7.976137360467948e-25,2.801595532830305e-24
cont,Sphere,2,ES_1P1,5000,med,30,30,0.96875,0.9078859400526763,0.998346745733359,1.5060521805000622e-24,1.5472921065354976e-24,7.976137360467948e-25,2.801595532830305e-24
cont,Sphere,2,ES_1P1,5000,hard,30,30,0.96875,0.9078859400526763,0.998346745733359,1.5060521805000622e-24,1.5472921065354976e-24,7.976137360467948e-25,2.801595532830305e-24
cont,Sphere,2,ES_1P1,8000,easy,30,30,0.96875,0.9078859400526763,0.998346745733359,1.156033021519842e-24,1.0835339263686792e-24,5.513746871568239e-25,2.072074433555393e-24
cont,Sphere,2,ES_1P1,8000,med,30,30,0.96875,0.9078859400526763,0.998346745733359,1.156033021519842e-24,1.0835339263686792e-24,5.513746871568239e-25,2.072074433555393e-24
cont,Sphere,2,ES_1P1,8000,hard,30,30,0.96875,0.9078859400526763,0.998346745733359,1.156033021519842e-24,1.0835339263686792e-24,5.513746871568239e-25,2.072074433555393e-24
cont,Sphere,2,ES_1P1,10000,easy,30,30,0.96875,0.9078859400526763,0.998346745733359,9.38249719471554e-25,9.903744558725152e-25,4.815160196186287e-25,1.5002644487083787e-24
cont,Sphere,2,ES_1P1,10000,med,30,30,0.96875,0.9078859400526763,0.998346745733359,9.38249719471554e-25,9.903744558725152e-25,4.815160196186287e-25,1.5002644487083787e-24
cont,Sphere,2,ES_1P1,10000,hard,30,30,0.96875,0.9078859400526763,0.998346745733359,9.38249719471554e-25,9.903744558725152e-25,4.815160196186287e-25,1.5002644487083787e-24
cont,Sphere,2,FA,2000,easy,0,30,0.03125,0.0016532542666409576,0.09211405994732372,15.391989012796266,16.166435093622134,7.288292337326517,22.432184656748063
cont,Sphere,2,FA,2000,med,0,30,0.03125,0.0016532542666409576,0.09211405994732372,15.391989012796266,16.166435093622134,7.288292337326517,22.432184656748063
cont,Sphere,2,FA,2000,hard,0,30,0.03125,0.0016532542666409576,0.09211405994732372,15.391989012796266,16.166435093622134,7.288292337326517,22.432184656748063
cont,Sphere,2,FA,5000,easy,0,30,0.03125,0.0016532542666409576,0.09211405994732372,12.305536260467203,12.471216336254075,4.412110413617963,20.384100144706803
cont,Sphere,2,FA,5000,med,0,30,0.03125,0.0016532542666409576,0.09211405994732372,12.305536260467203,12.471216336254075,4.412110413617963,20.384100144706803
cont,Sphere,2,FA,5000,hard,0,30,0.03125,0.0016532542666409576,0.09211405994732372,12.305536260467203,12.471216336254075,4.412110413617963,20.384100144706803
cont,Sphere,2,FA,8000,easy,0,30,0.03125,0.0016532542666409576,0.09211405994732372,11.773678739175994,11.8951538608226,6.175123761189922,15.710699400506456
cont,Sphere,2,FA,8000,med,0,30,0.03125,0.0016532542666409576,0.09211405994732372,11.773678739175994,11.8951538608226,6.175123761189922,15.710699400506456
cont,Sphere,2,FA,8000,hard,0,30,0.03125,0.0016532542666409576,0.09211405994732372,11.773678739175994,11.8951538608226,6.175123761189922,15.710699400506456
cont,Sphere,2,FA,10000,easy,0,30,0.03125,0.0016532542666409576,0.09211405994732372,11.041556926209202,11.297236916719768,2.1988008894262827,17.212472454972932
cont,Sphere,2,FA,10000,med,0,30,0.03125,0.0016532542666409576,0.09211405994732372,11.041556926209202,11.297236916719768,2.1988008894262827,17.212472454972932
cont,Sphere,2,FA,10000,hard,0,30,0.03125,0.0016532542666409576,0.09211405994732372,11.041556926209202,11.297236916719768,2.1988008894262827,17.212472454972932
cont,Sphere,2,GWO,2000,easy,27,30,0.875,0.7684970248566316,0.9546998269773581,0.1304012741489218,0.022249590608908548,0.0015139287895654136,1.3234478385007467
cont,Sphere,2,GWO,2000,med,11,30,0.375,0.24077485846609245,0.5182492532388523,0.1304012741489218,0.022249590608908548,0.0015139287895654136,1.3234478385007467
cont,Sphere,2,GWO,2000,hard,0,30,0.03125,0.0016532542666409576,0.09211405994732372,0.1304012741489218,0.022249590608908548,0.0015139287895654136,1.3234478385007467
cont,Sphere,2,GWO,5000,easy,25,30,0.8125,0.690356484642353,0.9121855328567512,0.19259274178530003,0.02575001313658558,0.0006800369672931832,1.322884861435269
cont,Sphere,2,GWO,5000,med,5,30,0.1875,0.08781446714324878,0.30964351535764695,0.19259274178530003,0.02575001313658558,0.0006800369672931832,1.322884861435269
cont,Sphere,2,GWO,5000,hard,1,30,0.0625,0.011585315861443594,0.14409039131834475,0.19259274178530003,0.02575001313658558,0.0006800369672931832,1.322884861435269
cont,Sphere,2,GWO,8000,easy,25,30,0.8125,0.690356484642353,0.9121855328567512,0.20253927592246787,0.025250162343260378,0.000726389007888807,2.600899094376156
cont,Sphere,2,GWO,8000,med,5,30,0.1875,0.08781446714324878,0.30964351535764695,0.20253927592246787,0.025250162343260378,0.000726389007888807,2.600899094376156
cont,Sphere,2,GWO,8000,hard,1,30,0.0625,0.011585315861443594,0.14409039131834475,0.20253927592246787,0.025250162343260378,0.000726389007888807,2.600899094376156
cont,Sphere,2,GWO,10000,easy,26,30,0.84375,0.7286288184424853,0.9342195294539822,0.16453404466765484,0.02517853511871064,0.0007181389613789506,1.2931723560664878
cont,Sphere,2,GWO,10000,med,2,30,0.09375,0.02690011969114915,0.18946446742553866,0.16453404466765484,0.02517853511871064,0.0007181389613789506,1.2931723560664878
cont,Sphere,2,GWO,10000,hard,1,30,0.0625,0.011585315861443594,0.14409039131834475,0.16453404466765484,0.02517853511871064,0.0007181389613789506,1.2931723560664878
cont,Sphere,2,MFO,2000,easy,0,30,0.03125,0.0016532542666409576,0.09211405994732372,6.904868574839468,5.79433952773332,1.8300281618174246,16.047576534208968
cont,Sphere,2,MFO,2000,med,0,30,0.03125,0.0016532542666409576,0.09211405994732372,6.904868574839468,5.79433952773332,1.8300281618174246,16.047576534208968
cont,Sphere,2,MFO,2000,hard,0,30,0.03125,0.0016532542666409576,0.09211405994732372,6.904868574839468,5.79433952773332,1.8300281618174246,16.047576534208968
cont,Sphere,2,MFO,5000,easy,0,30,0.03125,0.0016532542666409576,0.09211405994732372,3.5201537091537602,3.175582955351657,1.1394816844666058,7.969321919691933
cont,Sphere,2,MFO,5000,med,0,30,0.03125,0.0016532542666409576,0.09211405994732372,3.5201537091537602,3.175582955351657,1.1394816844666058,7.969321919691933
cont,Sphere,2,MFO,5000,hard,0,30,0.03125,0.0016532542666409576,0.09211405994732372,3.5201537091537602,3.175582955351657,1.1394816844666058,7.969321919691933
cont,Sphere,2,MFO,8000,easy,0,30,0.03125,0.0016532542666409576,0.09211405994732372,3.5079002027127455,3.089244552001646,0.4168585026695058,11.59180458336916
cont,Sphere,2,MFO,8000,med,0,30,0.03125,0.0016532542666409576,0.09211405994732372,3.5079002027127455,3.089244552001646,0.4168585026695058,11.59180458336916
cont,Sphere,2,MFO,8000,hard,0,30,0.03125,0.0016532542666409576,0.09211405994732372,3.5079002027127455,3.089244552001646,0.4168585026695058,11.59180458336916
cont,Sphere,2,MFO,10000,easy,0,30,0.03125,0.0016532542666409576,0.09211405994732372,2.3842508130391717,1.739799999857483,0.3508559667521724,6.916055567190247
cont,Sphere,2,MFO,10000,med,0,30,0.03125,0.0016532542666409576,0.09211405994732372,2.3842508130391717,1.739799999857483,0.3508559667521724,6.916055567190247
cont,Sphere,2,MFO,10000,hard,0,30,0.03125,0.0016532542666409576,0.09211405994732372,2.3842508130391717,1.739799999857483,0.3508559667521724,6.916055567190247
cont,Sphere,2,PSO_GBEST,2000,easy,26,30,0.84375,0.7286288184424853,0.9342195294539822,0.7835729054941586,0.003185018908949881,0.0005563389561247304,11.492978435863908
cont,Sphere,2,PSO_GBEST,2000,med,25,30,0.8125,0.690356484642353,0.9121855328567512,0.7835729054941586,0.003185018908949881,0.0005563389561247304,11.492978435863908
cont,Sphere,2,PSO_GBEST,2000,hard,1,30,0.0625,0.011585315861443594,0.14409039131834475,0.7835729054941586,0.003185018908949881,0.0005563389561247304,11.492978435863908
cont,Sphere,2,PSO_GBEST,5000,easy,29,30,0.9375,0.8559096086816552,0.9884146841385564,0.16583024497569795,1.9261704967380873e-08,1.2676854137537973e-09,4.974906661982071
cont,Sphere,2,PSO_GBEST,5000,med,29,30,0.9375,0.8559096086816552,0.9884146841385564,0.16583024497569795,1.9261704967380873e-08,1.2676854137537973e-09,4.974906661982071
cont,Sphere,2,PSO_GBEST,5000,hard,29,30,0.9375,0.8559096086816552,0.9884146841385564,0.16583024497569795,1.9261704967380873e-08,1.2676854137537973e-09,4.974906661982071
cont,Sphere,2,PSO_GBEST,8000,easy,28,30,0.90625,0.8105355325744613,0.9730998803088509,0.3721830878655911,6.302275407859515e-14,6.073000018680279e-15,6.190585978293128
cont,Sphere,2,PSO_GBEST,8000,med,28,30,0.90625,0.8105355325744613,0.9730998803088509,0.3721830878655911,6.302275407859515e-14,6.073000018680279e-15,6.190585978293128
cont,Sphere,2,PSO_GBEST,8000,hard,28,30,0.90625,0.8105355325744613,0.9730998803088509,0.3721830878655911,6.302275407859515e-14,6.073000018680279e-15,6.190585978293128
cont,Sphere,2,PSO_GBEST,10000,easy,28,30,0.90625,0.8105355325744613,0.9730998803088509,0.35909155760302125,1.8762719818366427e-17,1.8604875782084222e-18,5.7978400704218505
cont,Sphere,2,PSO_GBEST,10000,med,28,30,0.90625,0.8105355325744613,0.9730998803088509,0.35909155760302125,1.8762719818366427e-17,1.8604875782084222e-18,5.7978400704218505
cont,Sphere,2,PSO_GBEST,10000,hard,28,30,0.90625,0.8105355325744613,0.9730998803088509,0.35909155760302125,1.8762719818366427e-17,1.8604875782084222e-18,5.7978400704218505
cont,Sphere,2,WOA,2000,easy,20,30,0.65625,0.5145839256004521,0.7866395370647284,0.17000356252941837,0.051700734682259816,0.006445861873260267,1.7328055749244666
cont,Sphere,2,WOA,2000,med,2,30,0.09375,0.02690011969114915,0.18946446742553866,0.17000356252941837,0.051700734682259816,0.006445861873260267,1.7328055749244666
cont,Sphere,2,WOA,2000,hard,0,30,0.03125,0.0016532542666409576,0.09211405994732372,0.17000356252941837,0.051700734682259816,0.006445861873260267,1.7328055749244666
cont,Sphere,2,WOA,5000,easy,29,30,0.9375,0.8559096086816552,0.9884146841385564,0.01489242922654258,0.005635693104185937,0.0010565915410753162,0.10757965054957341
cont,Sphere,2,WOA,5000,med,20,30,0.65625,0.5145839256004521,0.7866395370647284,0.01489242922654258,0.005635693104185937,0.0010565915410753162,0.10757965054957341
cont,Sphere,2,WOA,5000,hard,0,30,0.03125,0.0016532542666409576,0.09211405994732372,0.01489242922654258,0.005635693104185937,0.0010565915410753162,0.10757965054957341
cont,Sphere,2,WOA,8000,easy,30,30,0.96875,0.9078859400526763,0.998346745733359,0.0027233107822901953,0.0016954975803198172,0.00010170846209221976,0.014470128190592804
cont,Sphere,2,WOA,8000,med,28,30,0.90625,0.8105355325744613,0.9730998803088509,0.0027233107822901953,0.0016954975803198172,0.00010170846209221976,0.014470128190592804
cont,Sphere,2,WOA,8000,hard,10,30,0.34375,0.21336046293527158,0.485416074399548,0.0027233107822901953,0.0016954975803198172,0.00010170846209221976,0.014470128190592804
cont,Sphere,2,WOA,10000,easy,30,30,0.96875,0.9078859400526763,0.998346745733359,0.0010596537542601739,0.00038976607634249444,1.807141613846177e-05,0.00505700683644216
cont,Sphere,2,WOA,10000,med,30,30,0.96875,0.9078859400526763,0.998346745733359,0.0010596537542601739,0.00038976607634249444,1.807141613846177e-05,0.00505700683644216
cont,Sphere,2,WOA,10000,hard,21,30,0.6875,0.5480955827806314,0.8133783644295347,0.0010596537542601739,0.00038976607634249444,1.807141613846177e-05,0.00505700683644216
cont,Sphere,3,ALO,2000,easy,0,30,0.03125,0.0016532542666409576,0.09211405994732372,29.025012334175823,29.436899561287657,14.396144856605153,46.94391954707221
cont,Sphere,3,ALO,2000,med,0,30,0.03125,0.0016532542666409576,0.09211405994732372,29.025012334175823,29.436899561287657,14.396144856605153,46.94391954707221
cont,Sphere,3,ALO,2000,hard,0,30,0.03125,0.0016532542666409576,0.09211405994732372,29.025012334175823,29.436899561287657,14.396144856605153,46.94391954707221
cont,Sphere,3,ALO,5000,easy,0,30,0.03125,0.0016532542666409576,0.09211405994732372,25.730675489994177,25.550934871486277,8.408708253308856,44.35645149006209
cont,Sphere,3,ALO,5000,med,0,30,0.03125,0.0016532542666409576,0.09211405994732372,25.730675489994177,25.550934871486277,8.408708253308856,44.35645149006209
cont,Sphere,3,ALO,5000,hard,0,30,0.03125,0.0016532542666409576,0.09211405994732372,25.730675489994177,25.550934871486277,8.408708253308856,44.35645149006209
cont,Sphere,3,ALO,8000,easy,0,30,0.03125,0.0016532542666409576,0.09211405994732372,23.73224626168655,22.313035141023647,8.435684418208279,39.16493795602778
cont,Sphere,3,ALO,8000,med,0,30,0.03125,0.0016532542666409576,0.09211405994732372,23.73224626168655,22.313035141023647,8.435684418208279,39.16493795602778
cont,Sphere,3,ALO,8000,hard,0,30,0.03125,0.0016532542666409576,0.09211405994732372,23.73224626168655,22.313035141023647,8.435684418208279,39.16493795602778
cont,Sphere,3,ALO,10000,easy,0,30,0.03125,0.0016532542666409576,0.09211405994732372,23.764409052690674,23.29735270235324,6.054661568140124,40.496310303748984
cont,Sphere,3,ALO,10000,med,0,30,0.03125,0.0016532542666409576,0.09211405994732372,23.764409052690674,23.29735270235324,6.054661568140124,40.496310303748984
cont,Sphere,3,ALO,10000,hard,0,30,0.03125,0.0016532542666409576,0.09211405994732372,23.764409052690674,23.29735270235324,6.054661568140124,40.496310303748984
cont,Sphere,3,BA,2000,easy,0,30,0.03125,0.0016532542666409576,0.09211405994732372,27.819046712232623,27.238912232626426,9.764582383869753,46.18015306870963
cont,Sphere,3,BA,2000,med,0,30,0.03125,0.0016532542666409576,0.09211405994732372,27.819046712232623,27.238912232626426,9.764582383869753,46.18015306870963
cont,Sphere,3,BA,2000,hard,0,30,0.03125,0.0016532542666409576,0.09211405994732372,27.819046712232623,27.238912232626426,9.764582383869753,46.18015306870963
cont,Sphere,3,BA,5000,easy,0,30,0.03125,0.0016532542666409576,0.09211405994732372,18.46219887796273,19.290264348853647,6.831761032302607,31.68701868265386
cont,Sphere,3,BA,5000,med,0,30,0.03125,0.0016532542666409576,0.09211405994732372,18.46219887796273,19.290264348853647,6.831761032302607,31.68701868265386
cont,Sphere,3,BA,5000,hard,0,30,0.03125,0.0016532542666409576,0.09211405994732372,18.46219887796273,19.290264348853647,6.831761032302607,31.68701868265386
cont,Sphere,3,BA,8000,easy,0,30,0.03125,0.0016532542666409576,0.09211405994732372,14.750980033655793,14.347543885450275,4.591291065561176,27.741173231351794
cont,Sphere,3,BA,8000,med,0,30,0.03125,0.0016532542666409576,0.09211405994732372,14.750980033655793,14.347543885450275,4.591291065561176,27.741173231351794
cont,Sphere,3,BA,8000,hard,0,30,0.03125,0.0016532542666409576,0.09211405994732372,14.750980033655793,14.347543885450275,4.591291065561176,27.741173231351794
cont,Sphere,3,BA,10000,easy,0,30,0.03125,0.0016532542666409576,0.09211405994732372,10.715767141467412,10.094570692223776,2.5026018835094392,20.087864864556515
cont,Sphere,3,BA,10000,med,0,30,0.03125,0.0016532542666409576,0.09211405994732372,10.715767141467412,10.094570692223776,2.5026018835094392,20.087864864556515
cont,Sphere,3,BA,10000,hard,0,30,0.03125,0.0016532542666409576,0.09211405994732372,10.715767141467412,10.094570692223776,2.5026018835094392,20.087864864556515
cont,Sphere,3,ES_1P1,2000,easy,30,30,0.96875,0.9078859400526763,0.998346745733359,3.4003772886868546e-15,1.858130184958425e-15,1.851837081228293e-16,1.958985337022735e-14
cont,Sphere,3,ES_1P1,2000,med,30,30,0.96875,0.9078859400526763,0.998346745733359,3.4003772886868546e-15,1.858130184958425e-15,1.851837081228293e-16,1.958985337022735e-14
cont,Sphere,3,ES_1P1,2000,hard,30,30,0.96875,0.9078859400526763,0.998346745733359,3.4003772886868546e-15,1.858130184958425e-15,1.851837081228293e-16,1.958985337022735e-14
cont,Sphere,3,ES_1P1,5000,easy,30,30,0.96875,0.9078859400526763,0.998346745733359,1.4437026803295309e-24,1.377521145915048e-24,9.088332130400567e-25,2.1058028964633128e-24
cont,Sphere,3,ES_1P1,5000,med,30,30,0.96875,0.9078859400526763,0.998346745733359,1.4437026803295309e-24,1.377521145915048e-24,9.088332130400567e-25,2.1058028964633128e-24
cont,Sphere,3,ES_1P1,5000,hard,30,30,0.96875,0.9078859400526763,0.998346745733359,1.4437026803295309e-24,1.377521145915048e-24,9.088332130400567e-25,2.1058028964633128e-24
cont,Sphere,3,ES_1P1,8000,easy,30,30,0.96875,0.9078859400526763,0.998346745733359,1.1433309251329112e-24,1.2066028344858312e-24,4.5678248694533715e-25,1.574988091745515e-24
cont,Sphere,3,ES_1P1,8000,med,30,30,0.96875,0.9078859400526763,0.998346745733359,1.1433309251329112e-24,1.2066028344858312e-24,4.5678248694533715e-25,1.574988091745515e-24
cont,Sphere,3,ES_1P1,8000,hard,30,30,0.96875,0.9078859400526763,0.998346745733359,1.1433309251329112e-24,1.2066028344858312e-24,4.5678248694533715e-25,1.574988091745515e-24
cont,Sphere,3,ES_1P1,10000,easy,30,30,0.96875,0.9078859400526763,0.998346745733359,1.0263373061718768e-24,1.0350205955898453e-24,5.871193629826918e-25,1.70423151566434e-24
cont,Sphere,3,ES_1P1,10000,med,30,30,0.96875,0.9078859400526763,0.998346745733359,1.0263373061718768e-24,1.0350205955898453e-24,5.871193629826918e-25,1.70423151566434e-24
cont,Sphere,3,ES_1P1,10000,hard,30,30,0.96875,0.9078859400526763,0.998346745733359,1.0263373061718768e-24,1.0350205955898453e-24,5.871193629826918e-25,1.70423151566434e-24
cont,Sphere,3,FA,2000,easy,0,30,0.03125,0.0016532542666409576,0.09211405994732372,16.339930878575952,15.692009221492226,6.218445501242121,27.691804008704167
cont,Sphere,3,FA,2000,med,0,30,0.03125,0.0016532542666409576,0.09211405994732372,16.339930878575952,15.692009221492226,6.218445501242121,27.691804008704167
cont,Sphere,3,FA,2000,hard,0,30,0.03125,0.0016532542666409576,0.09211405994732372,16.339930878575952,15.692009221492226,6.218445501242121,27.691804008704167
cont,Sphere,3,FA,5000,easy,0,30,0.03125,0.0016532542666409576,0.09211405994732372,12.691306988428597,12.235352744909422,6.840337606248172,19.322524695981432
cont,Sphere,3,FA,5000,med,0,30,0.03125,0.0016532542666409576,0.09211405994732372,12.691306988428597,12.235352744909422,6.840337606248172,19.322524695981432
cont,Sphere,3,FA,5000,hard,0,30,0.03125,0.0016532542666409576,0.09211405994732372,12.691306988428597,12.235352744909422,6.840337606248172,19.322524695981432
cont,Sphere,3,FA,8000,easy,0,30,0.03125,0.0016532542666409576,0.09211405994732372,11.684732392381568,12.070940132381715,3.505546714378548,16.521257992425667
cont,Sphere,3,FA,8000,med,0,30,0.03125,0.0016532542666409576,0.09211405994732372,11.684732392381568,12.070940132381715,3.505546714378548,16.521257992425667
cont,Sphere,3,FA,8000,hard,0,30,0.03125,0.0016532542666409576,0.09211405994732372,11.684732392381568,12.070940132381715,3.505546714378548,16.521257992425667
cont,Sphere,3,FA,10000,easy,0,30,0.03125,0.0016532542666409576,0.09211405994732372,12.380507954284045,12.675304259814059,6.378910988910615,17.92670080588382
cont,Sphere,3,FA,10000,med,0,30,0.03125,0.0016532542666409576,0.09211405994732372,12.380507954284045,12.675304259814059,6.378910988910615,17.92670080588382
cont,Sphere,3,FA,10000,hard,0,30,0.03125,0.0016532542666409576,0.09211405994732372,12.380507954284045,12.675304259814059,6.378910988910615,17.92670080588382
cont,Sphere,3,GWO,2000,easy,27,30,0.875,0.7684970248566316,0.9546998269773581,0.05579256919190077,0.025325939641876544,0.0010906097018155616,0.6889139011582404
cont,Sphere,3,GWO,2000,med,5,30,0.1875,0.08781446714324878,0.30964351535764695,0.05579256919190077,0.025325939641876544,0.0010906097018155616,0.6889139011582404
cont,Sphere,3,GWO,2000,hard,0,30,0.03125,0.0016532542666409576,0.09211405994732372,0.05579256919190077,0.025325939641876544,0.0010906097018155616,0.6889139011582404
cont,Sphere,3,GWO,5000,easy,24,30,0.78125,0.6533474562111927,0.8889112287407399,0.3157795814038957,0.03923107656306769,0.007258374692471349,2.673208586648417
cont,Sphere,3,GWO,5000,med,3,30,0.125,0.04530017302264189,0.23150297514336832,0.3157795814038957,0.03923107656306769,0.007258374692471349,2.673208586648417
cont,Sphere,3,GWO,5000,hard,0,30,0.03125,0.0016532542666409576,0.09211405994732372,0.3157795814038957,0.03923107656306769,0.007258374692471349,2.673208586648417
cont,Sphere,3,GWO,8000,easy,29,30,0.9375,0.8559096086816552,0.9884146841385564,0.06273877558086353,0.03858053013215082,0.008796492472465254,0.8721913982334123
cont,Sphere,3,GWO,8000,med,2,30,0.09375,0.02690011969114915,0.18946446742553866,0.06273877558086353,0.03858053013215082,0.008796492472465254,0.8721913982334123
cont,Sphere,3,GWO,8000,hard,0,30,0.03125,0.0016532542666409576,0.09211405994732372,0.06273877558086353,0.03858053013215082,0.008796492472465254,0.8721913982334123
cont,Sphere,3,GWO,10000,easy,29,30,0.9375,0.8559096086816552,0.9884146841385564,0.06524485036571087,0.039153068363730156,0.007175030063945495,0.8834341456754634
cont,Sphere,3,GWO,10000,med,1,30,0.0625,0.011585315861443594,0.14409039131834475,0.06524485036571087,0.039153068363730156,0.007175030063945495,0.8834341456754634
cont,Sphere,3,GWO,10000,hard,0,30,0.03125,0.0016532542666409576,0.09211405994732372,0.06524485036571087,0.039153068363730156,0.007175030063945495,0.8834341456754634
cont,Sphere,3,MFO,2000,easy,0,30,0.03125,0.0016532542666409576,0.09211405994732372,5.684714915992717,4.385574954176624,1.280581700519048,15.173451352243724
cont,Sphere,3,MFO,2000,med,0,30,0.03125,0.0016532542666409576,0.09211405994732372,5.684714915992717,4.385574954176624,1.280581700519048,15.173451352243724
cont,Sphere,3,MFO,2000,hard,0,30,0.03125,0.0016532542666409576,0.09211405994732372,5.684714915992717,4.385574954176624,1.280581700519048,15.173451352243724
cont,Sphere,3,MFO,5000,easy,0,30,0.03125,0.0016532542666409576,0.09211405994732372,4.4734984532144155,3.9209915892214964,0.8148389156140964,14.201353172373652
cont,Sphere,3,MFO,5000,med,0,30,0.03125,0.0016532542666409576,0.09211405994732372,4.4734984532144155,3.9209915892214964,0.8148389156140964,14.201353172373652
cont,Sphere,3,MFO,5000,hard,0,30,0.03125,0.0016532542666409576,0.09211405994732372,4.4734984532144155,3.9209915892214964,0.8148389156140964,14.201353172373652
cont,Sphere,3,MFO,8000,easy,0,30,0.03125,0.0016532542666409576,0.09211405994732372,3.3637779315677445,2.753665174836155,0.5046766108227958,10.735107545804922
cont,Sphere,3,MFO,8000,med,0,30,0.03125,0.0016532542666409576,0.09211405994732372,3.3637779315677445,2.753665174836155,0.5046766108227958,10.735107545804922
cont,Sphere,3,MFO,8000,hard,0,30,0.03125,0.0016532542666409576,0.09211405994732372,3.3637779315677445,2.753665174836155,0.5046766108227958,10.735107545804922
cont,Sphere,3,MFO,10000,easy,0,30,0.03125,0.0016532542666409576,0.09211405994732372,2.008512137005019,1.711733142103191,0.1192517305003811,6.704949224766399
cont,Sphere,3,MFO,10000,med,0,30,0.03125,0.0016532542666409576,0.09211405994732372,2.008512137005019,1.711733142103191,0.1192517305003811,6.704949224766399
cont,Sphere,3,MFO,10000,hard,0,30,0.03125,0.0016532542666409576,0.09211405994732372,2.008512137005019,1.711733142103191,0.1192517305003811,6.704949224766399
cont,Sphere,3,PSO_GBEST,2000,easy,30,30,0.96875,0.9078859400526763,0.998346745733359,0.004340390177662283,0.0035208334933992357,0.0009602315792971966,0.011174427040279624
cont,Sphere,3,PSO_GBEST,2000,med,28,30,0.90625,0.8105355325744613,0.9730998803088509,0.004340390177662283,0.0035208334933992357,0.0009602315792971966,0.011174427040279624
cont,Sphere,3,PSO_GBEST,2000,hard,1,30,0.0625,0.011585315861443594,0.14409039131834475,0.004340390177662283,0.0035208334933992357,0.0009602315792971966,0.011174427040279624
cont,Sphere,3,PSO_GBEST,5000,easy,29,30,0.9375,0.8559096086816552,0.9884146841385564,0.47210592021869846,1.605170641793506e-08,8.490739175047412e-10,14.16317566980626
cont,Sphere,3,PSO_GBEST,5000,med,29,30,0.9375,0.8559096086816552,0.9884146841385564,0.47210592021869846,1.605170641793506e-08,8.490739175047412e-10,14.16317566980626
cont,Sphere,3,PSO_GBEST,5000,hard,29,30,0.9375,0.8559096086816552,0.9884146841385564,0.47210592021869846,1.605170641793506e-08,8.490739175047412e-10,14.16317566980626
cont,Sphere,3,PSO_GBEST,8000,easy,29,30,0.9375,0.8559096086816552,0.9884146841385564,0.2173493216378864,1.1190043302549023e-13,8.221689021907943e-15,6.520479649125934
cont,Sphere,3,PSO_GBEST,8000,med,29,30,0.9375,0.8559096086816552,0.9884146841385564,0.2173493216378864,1.1190043302549023e-13,8.221689021907943e-15,6.520479649125934
cont,Sphere,3,PSO_GBEST,8000,hard,29,30,0.9375,0.8559096086816552,0.9884146841385564,0.2173493216378864,1.1190043302549023e-13,8.221689021907943e-15,6.520479649125934
cont,Sphere,3,PSO_GBEST,10000,easy,30,30,0.96875,0.9078859400526763,0.998346745733359,9.846834313845419e-17,2.1623181609004306e-17,9.21488528068558e-19,1.217071621110996e-15
cont,Sphere,3,PSO_GBEST,10000,med,30,30,0.96875,0.9078859400526763,0.998346745733359,9.846834313845419e-17,2.1623181609004306e-17,9.21488528068558e-19,1.217071621110996e-15
cont,Sphere,3,PSO_GBEST,10000,hard,30,30,0.96875,0.9078859400526763,0.998346745733359,9.846834313845419e-17,2.1623181609004306e-17,9.21488528068558e-19,1.217071621110996e-15
cont,Sphere,3,WOA,2000,easy,24,30,0.78125,0.6533474562111927,0.8889112287407399,0.0768855903149542,0.05941736544324114,0.007101923789259441,0.39162214843020543
cont,Sphere,3,WOA,2000,med,2,30,0.09375,0.02690011969114915,0.18946446742553866,0.0768855903149542,0.05941736544324114,0.007101923789259441,0.39162214843020543
cont,Sphere,3,WOA,2000,hard,0,30,0.03125,0.0016532542666409576,0.09211405994732372,0.0768855903149542,0.05941736544324114,0.007101923789259441,0.39162214843020543
cont,Sphere,3,WOA,5000,easy,28,30,0.90625,0.8105355325744613,0.9730998803088509,0.027719034171665016,0.018362596376180707,0.001327049074207432,0.12803199741541696
cont,Sphere,3,WOA,5000,med,10,30,0.34375,0.21336046293527158,0.485416074399548,0.027719034171665016,0.018362596376180707,0.001327049074207432,0.12803199741541696
cont,Sphere,3,WOA,5000,hard,0,30,0.03125,0.0016532542666409576,0.09211405994732372,0.027719034171665016,0.018362596376180707,0.001327049074207432,0.12803199741541696
cont,Sphere,3,WOA,8000,easy,30,30,0.96875,0.9078859400526763,0.998346745733359,0.007538019408515623,0.004285450457004734,8.171215991294628e-05,0.028228721791455236
cont,Sphere,3,WOA,8000,med,21,30,0.6875,0.5480955827806314,0.8133783644295347,0.007538019408515623,0.004285450457004734,8.171215991294628e-05,0.028228721791455236
cont,Sphere,3,WOA,8000,hard,3,30,0.125,0.04530017302264189,0.23150297514336832,0.007538019408515623,0.004285450457004734,8.171215991294628e-05,0.028228721791455236
cont,Sphere,3,WOA,10000,easy,30,30,0.96875,0.9078859400526763,0.998346745733359,0.005398526889035671,0.0019426555664806761,2.33831424371629e-05,0.03691569886910329
cont,Sphere,3,WOA,10000,med,25,30,0.8125,0.690356484642353,0.9121855328567512,0.005398526889035671,0.0019426555664806761,2.33831424371629e-05,0.03691569886910329
cont,Sphere,3,WOA,10000,hard,14,30,0.46875,0.3267393648975071,0.6130177450552665,0.005398526889035671,0.0019426555664806761,2.33831424371629e-05,0.03691569886910329
cont,Sphere,4,ALO,2000,easy,0,30,0.03125,0.0016532542666409576,0.09211405994732372,29.199895537545196,30.616372278087,8.713955929222402,51.02585897199472
cont,Sphere,4,ALO,2000,med,0,30,0.03125,0.0016532542666409576,0.09211405994732372,29.199895537545196,30.616372278087,8.713955929222402,51.02585897199472
cont,Sphere,4,ALO,2000,hard,0,30,0.03125,0.0016532542666409576,0.09211405994732372,29.199895537545196,30.616372278087,8.713955929222402,51.02585897199472
cont,Sphere,4,ALO,5000,easy,0,30,0.03125,0.0016532542666409576,0.09211405994732372,30.635443778629217,31.964508691679406,11.069258928558996,51.625386411796256
cont,Sphere,4,ALO,5000,med,0,30,0.03125,0.0016532542666409576,0.09211405994732372,30.635443778629217,31.964508691679406,11.069258928558996,51.625386411796256
cont,Sphere,4,ALO,5000,hard,0,30,0.03125,0.0016532542666409576,0.09211405994732372,30.635443778629217,31.964508691679406,11.069258928558996,51.625386411796256
cont,Sphere,4,ALO,8000,easy,0,30,0.03125,0.0016532542666409576,0.09211405994732372,21.624256662876476,21.51133448423858,6.473256027945767,45.7502504348987
cont,Sphere,4,ALO,8000,med,0,30,0.03125,0.0016532542666409576,0.09211405994732372,21.624256662876476,21.51133448423858,6.473256027945767,45.7502504348987
cont,Sphere,4,ALO,8000,hard,0,30,0.03125,0.0016532542666409576,0.09211405994732372,21.624256662876476,21.51133448423858,6.473256027945767,45.7502504348987
cont,Sphere,4,ALO,10000,easy,0,30,0.03125,0.0016532542666409576,0.09211405994732372,25.49209804342646,24.061892419640877,10.86067162706101,47.030801259160945
cont,Sphere,4,ALO,10000,med,0,30,0.03125,0.0016532542666409576,0.09211405994732372,25.49209804342646,24.061892419640877,10.86067162706101,47.030801259160945
cont,Sphere,4,ALO,10000,hard,0,30,0.03125,0.0016532542666409576,0.09211405994732372,25.49209804342646,24.061892419640877,10.86067162706101,47.030801259160945
cont,Sphere,4,BA,2000,easy,0,30,0.03125,0.0016532542666409576,0.09211405994732372,26.901057836282693,23.87681650650214,10.214727383898548,48.861580159280514
cont,Sphere,4,BA,2000,med,0,30,0.03125,0.0016532542666409576,0.09211405994732372,26.901057836282693,23.87681650650214,10.214727383898548,48.861580159280514
cont,Sphere,4,BA,2000,hard,0,30,0.03125,0.0016532542666409576,0.09211405994732372,26.901057836282693,23.87681650650214,10.214727383898548,48.861580159280514
cont,Sphere,4,BA,5000,easy,0,30,0.03125,0.0016532542666409576,0.09211405994732372,24.68069838519269,25.799987019801,10.636683435573596,42.71558746562301
cont,Sphere,4,BA,5000,med,0,30,0.03125,0.0016532542666409576,0.09211405994732372,24.68069838519269,25.799987019801,10.636683435573596,42.71558746562301
cont,Sphere,4,BA,5000,hard,0,30,0.03125,0.0016532542666409576,0.09211405994732372,24.68069838519269,25.799987019801,10.636683435573596,42.71558746562301
cont,Sphere,4,BA,8000,easy,0,30,0.03125,0.0016532542666409576,0.09211405994732372,15.713988848371876,14.393524030802283,4.978471339143972,34.74942510245752
cont,Sphere,4,BA,8000,med,0,30,0.03125,0.0016532542666409576,0.09211405994732372,15.713988848371876,14.393524030802283,4.978471339143972,34.74942510245752
cont,Sphere,4,BA,8000,hard,0,30,0.03125,0.0016532542666409576,0.09211405994732372,15.713988848371876,14.393524030802283,4.978471339143972,34.74942510245752
cont,Sphere,4,BA,10000,easy,0,30,0.03125,0.0016532542666409576,0.09211405994732372,12.315219589654685,12.24560822967305,2.4708934139678704,32.90499667058938
cont,Sphere,4,BA,10000,med,0,30,0.03125,0.0016532542666409576,0.09211405994732372,12.315219589654685,12.24560822967305,2.4708934139678704,32.90499667058938
cont,Sphere,4,BA,10000,hard,0,30,0.03125,0.0016532542666409576,0.09211405994732372,12.315219589654685,12.24560822967305,2.4708934139678704,32.90499667058938
cont,Sphere,4,ES_1P1,2000,easy,30,30,0.96875,0.9078859400526763,0.998346745733359,4.404117295935301e-15,2.2252098301690617e-15,4.2602475327671615e-16,4.4112813244863977e-14
cont,Sphere,4,ES_1P1,2000,med,30,30,0.96875,0.9078859400526763,0.998346745733359,4.404117295935301e-15,2.2252098301690617e-15,4.2602475327671615e-16,4.4112813244863977e-14
cont,Sphere,4,ES_1P1,2000,hard,30,30,0.96875,0.9078859400526763,0.998346745733359,4.404117295935301e-15,2.2252098301690617e-15,4.2602475327671615e-16,4.4112813244863977e-14
cont,Sphere,4,ES_1P1,5000,easy,30,30,0.96875,0.9078859400526763,0.998346745733359,1.4101600771338527e-24,1.4471408917325098e-24,7.578284360864431e-25,1.973064464363249e-24
cont,Sphere,4,ES_1P1,5000,med,30,30,0.96875,0.9078859400526763,0.998346745733359,1.4101600771338527e-24,1.4471408917325098e-24,7.578284360864431e-25,1.973064464363249e-24
cont,Sphere,4,ES_1P1,5000,hard,30,30,0.96875,0.9078859400526763,0.998346745733359,1.4101600771338527e-24,1.4471408917325098e-24,7.578284360864431e-25,1.973064464363249e-24
cont,Sphere,4,ES_1P1,8000,easy,30,30,0.96875,0.9078859400526763,0.998346745733359,1.1635927122186019e-24,1.169000594028591e-24,5.516131149728231e-25,1.6019481849015717e-24
cont,Sphere,4,ES_1P1,8000,med,30,30,0.96875,0.9078859400526763,0.998346745733359,1.1635927122186019e-24,1.169000594028591e-24,5.516131149728231e-25,1.6019481849015717e-24
cont,Sphere,4,ES_1P1,8000,hard,30,30,0.96875,0.9078859400526763,0.998346745733359,1.1635927122186019e-24,1.169000594028591e-24,5.516131149728231e-25,1.6019481849015717e-24
cont,Sphere,4,ES_1P1,10000,easy,30,30,0.96875,0.9078859400526763,0.998346745733359,1.0759791134598498e-24,1.1000803042705473e-24,4.703863840114098e-25,1.8360339140335875e-24
cont,Sphere,4,ES_1P1,10000,med,30,30,0.96875,0.9078859400526763,0.998346745733359,1.0759791134598498e-24,1.1000803042705473e-24,4.703863840114098e-25,1.8360339140335875e-24
cont,Sphere,4,ES_1P1,10000,hard,30,30,0.96875,0.9078859400526763,0.998346745733359,1.0759791134598498e-24,1.1000803042705473e-24,4.703863840114098e-25,1.8360339140335875e-24
cont,Sphere,4,FA,2000,easy,0,30,0.03125,0.0016532542666409576,0.09211405994732372,15.22422195931838,15.508876147320162,9.669240801777514,20.692663359894414
cont,Sphere,4,FA,2000,med,0,30,0.03125,0.0016532542666409576,0.09211405994732372,15.22422195931838,15.508876147320162,9.669240801777514,20.692663359894414
cont,Sphere,4,FA,2000,hard,0,30,0.03125,0.0016532542666409576,0.09211405994732372,15.22422195931838,15.508876147320162,9.669240801777514,20.692663359894414
cont,Sphere,4,FA,5000,easy,0,30,0.03125,0.0016532542666409576,0.09211405994732372,12.386944418763118,12.800920381012455,6.080022927903775,16.064334979210482
cont,Sphere,4,FA,5000,med,0,30,0.03125,0.0016532542666409576,0.09211405994732372,12.386944418763118,12.800920381012455,6.080022927903775,16.064334979210482
cont,Sphere,4,FA,5000,hard,0,30,0.03125,0.0016532542666409576,0.09211405994732372,12.386944418763118,12.800920381012455,6.080022927903775,16.064334979210482
cont,Sphere,4,FA,8000,easy,0,30,0.03125,0.0016532542666409576,0.09211405994732372,10.357594583721786,10.690669928354488,4.714044061285428,16.235604526165247
cont,Sphere,4,FA,8000,med,0,30,0.03125,0.0016532542666409576,0.09211405994732372,10.357594583721786,10.690669928354488,4.714044061285428,16.235604526165247
cont,Sphere,4,FA,8000,hard,0,30,0.03125,0.0016532542666409576,0.09211405994732372,10.357594583721786,10.690669928354488,4.714044061285428,16.235604526165247
cont,Sphere,4,FA,10000,easy,0,30,0.03125,0.0016532542666409576,0.09211405994732372,10.175909521303845,9.904654461008098,5.385706962828907,14.427763750809596
cont,Sphere,4,FA,10000,med,0,30,0.03125,0.0016532542666409576,0.09211405994732372,10.175909521303845,9.904654461008098,5.385706962828907,14.427763750809596
cont,Sphere,4,FA,10000,hard,0,30,0.03125,0.0016532542666409576,0.09211405994732372,10.175909521303845,9.904654461008098,5.385706962828907,14.427763750809596
cont,Sphere,4,GWO,2000,easy,20,30,0.65625,0.5145839256004521,0.7866395370647284,0.4342252818928877,0.06572016295651628,0.0016391831680573421,6.718830163385118
cont,Sphere,4,GWO,2000,med,5,30,0.1875,0.08781446714324878,0.30964351535764695,0.4342252818928877,0.06572016295651628,0.0016391831680573421,6.718830163385118
cont,Sphere,4,GWO,2000,hard,0,30,0.03125,0.0016532542666409576,0.09211405994732372,0.4342252818928877,0.06572016295651628,0.0016391831680573421,6.718830163385118
cont,Sphere,4,GWO,5000,easy,19,30,0.625,0.4817507467611476,0.7592251415339075,0.31288121798515706,0.05145131477810607,0.0042266566317800645,1.5747997435779735
cont,Sphere,4,GWO,5000,med,3,30,0.125,0.04530017302264189,0.23150297514336832,0.31288121798515706,0.05145131477810607,0.0042266566317800645,1.5747997435779735
cont,Sphere,4,GWO,5000,hard,0,30,0.03125,0.0016532542666409576,0.09211405994732372,0.31288121798515706,0.05145131477810607,0.0042266566317800645,1.5747997435779735
cont,Sphere,4,GWO,8000,easy,17,30,0.5625,0.417973431326673,0.7025127599090644,0.25114166194102105,0.04931297612610799,0.015137583071537328,0.8516768359703812
cont,Sphere,4,GWO,8000,med,0,30,0.03125,0.0016532542666409576,0.09211405994732372,0.25114166194102105,0.04931297612610799,0.015137583071537328,0.8516768359703812
cont,Sphere,4,GWO,8000,hard,0,30,0.03125,0.0016532542666409576,0.09211405994732372,0.25114166194102105,0.04931297612610799,0.015137583071537328,0.8516768359703812
cont,Sphere,4,GWO,10000,easy,17,30,0.5625,0.417973431326673,0.7025127599090644,0.3081850146691912,0.060016952709747065,0.010014307038133,1.4193280124426066
cont,Sphere,4,GWO,10000,med,0,30,0.03125,0.0016532542666409576,0.09211405994732372,0.3081850146691912,0.060016952709747065,0.010014307038133,1.4193280124426066
cont,Sphere,4,GWO,10000,hard,0,30,0.03125,0.0016532542666409576,0.09211405994732372,0.3081850146691912,0.060016952709747065,0.010014307038133,1.4193280124426066
cont,Sphere,4,MFO,2000,easy,0,30,0.03125,0.0016532542666409576,0.09211405994732372,6.547643981956961,6.795723944647577,1.1943187026520257,12.878694990738822
cont,Sphere,4,MFO,2000,med,0,30,0.03125,0.0016532542666409576,0.09211405994732372,6.547643981956961,6.795723944647577,1.1943187026520257,12.878694990738822
cont,Sphere,4,MFO,2000,hard,0,30,0.03125,0.0016532542666409576,0.09211405994732372,6.547643981956961,6.795723944647577,1.1943187026520257,12.878694990738822
cont,Sphere,4,MFO,5000,easy,0,30,0.03125,0.0016532542666409576,0.09211405994732372,3.941010882481749,3.5639191270623063,0.8684404677467142,8.91003157057979
cont,Sphere,4,MFO,5000,med,0,30,0.03125,0.0016532542666409576,0.09211405994732372,3.941010882481749,3.5639191270623063,0.8684404677467142,8.91003157057979
cont,Sphere,4,MFO,5000,hard,0,30,0.03125,0.0016532542666409576,0.09211405994732372,3.941010882481749,3.5639191270623063,0.8684404677467142,8.91003157057979
cont,Sphere,4,MFO,8000,easy,0,30,0.03125,0.0016532542666409576,0.09211405994732372,3.6103606874767604,2.9840357691093664,0.25066764212107323,12.269039157569884
cont,Sphere,4,MFO,8000,med,0,30,0.03125,0.0016532542666409576,0.09211405994732372,3.6103606874767604,2.9840357691093664,0.25066764212107323,12.269039157569884
cont,Sphere,4,MFO,8000,hard,0,30,0.03125,0.0016532542666409576,0.09211405994732372,3.6103606874767604,2.9840357691093664,0.25066764212107323,12.269039157569884
cont,Sphere,4,MFO,10000,easy,0,30,0.03125,0.0016532542666409576,0.09211405994732372,2.67856855519665,1.8909803865140002,0.22521231861659552,6.461963237611024
cont,Sphere,4,MFO,10000,med,0,30,0.03125,0.0016532542666409576,0.09211405994732372,2.67856855519665,1.8909803865140002,0.22521231861659552,6.461963237611024
cont,Sphere,4,MFO,10000,hard,0,30,0.03125,0.0016532542666409576,0.09211405994732372,2.67856855519665,1.8909803865140002,0.22521231861659552,6.461963237611024
cont,Sphere,4,PSO_GBEST,2000,easy,27,30,0.875,0.7684970248566316,0.9546998269773581,0.6369092931401382,0.0028431785484739802,0.000522866268376869,9.58720817644967
cont,Sphere,4,PSO_GBEST,2000,med,25,30,0.8125,0.690356484642353,0.9121855328567512,0.6369092931401382,0.0028431785484739802,0.000522866268376869,9.58720817644967
cont,Sphere,4,PSO_GBEST,2000,hard,3,30,0.125,0.04530017302264189,0.23150297514336832,0.6369092931401382,0.0028431785484739802,0.000522866268376869,9.58720817644967
cont,Sphere,4,PSO_GBEST,5000,easy,24,30,0.78125,0.6533474562111927,0.8889112287407399,0.9387552613687089,2.4097694346368425e-08,6.275199746309622e-10,4.702337114479841
cont,Sphere,4,PSO_GBEST,5000,med,24,30,0.78125,0.6533474562111927,0.8889112287407399,0.9387552613687089,2.4097694346368425e-08,6.275199746309622e-10,4.702337114479841
cont,Sphere,4,PSO_GBEST,5000,hard,24,30,0.78125,0.6533474562111927,0.8889112287407399,0.9387552613687089,2.4097694346368425e-08,6.275199746309622e-10,4.702337114479841
cont,Sphere,4,PSO_GBEST,8000,easy,24,30,0.78125,0.6533474562111927,0.8889112287407399,0.9684037046027559,8.510892792072549e-14,2.5086581401550064e-15,5.147064373751521
cont,Sphere,4,PSO_GBEST,8000,med,24,30,0.78125,0.6533474562111927,0.8889112287407399,0.9684037046027559,8.510892792072549e-14,2.5086581401550064e-15,5.147064373751521
cont,Sphere,4,PSO_GBEST,8000,hard,24,30,0.78125,0.6533474562111927,0.8889112287407399,0.9684037046027559,8.510892792072549e-14,2.5086581401550064e-15,5.147064373751521
cont,Sphere,4,PSO_GBEST,10000,easy,27,30,0.875,0.7684970248566316,0.9546998269773581,0.5268337752482191,2.804204574605557e-17,7.178809498529049e-19,5.981294788670303
cont,Sphere,4,PSO_GBEST,10000,med,27,30,0.875,0.7684970248566316,0.9546998269773581,0.5268337752482191,2.804204574605557e-17,7.178809498529049e-19,5.981294788670303
cont,Sphere,4,PSO_GBEST,10000,hard,27,30,0.875,0.7684970248566316,0.9546998269773581,0.5268337752482191,2.804204574605557e-17,7.178809498529049e-19,5.981294788670303
cont,Sphere,4,WOA,2000,easy,14,30,0.46875,0.3267393648975071,0.6130177450552665,0.20570000361347338,0.13423930295001862,0.012396075354666069,0.9137325548606252
cont,Sphere,4,WOA,2000,med,0,30,0.03125,0.0016532542666409576,0.09211405994732372,0.20570000361347338,0.13423930295001862,0.012396075354666069,0.9137325548606252
cont,Sphere,4,WOA,2000,hard,0,30,0.03125,0.0016532542666409576,0.09211405994732372,0.20570000361347338,0.13423930295001862,0.012396075354666069,0.9137325548606252
cont,Sphere,4,WOA,5000,easy,30,30,0.96875,0.9078859400526763,0.998346745733359,0.02069363487654499,0.010406130119770523,7.815362054518034e-05,0.0848720311565534
cont,Sphere,4,WOA,5000,med,14,30,0.46875,0.3267393648975071,0.6130177450552665,0.02069363487654499,0.010406130119770523,7.815362054518034e-05,0.0848720311565534
cont,Sphere,4,WOA,5000,hard,4,30,0.15625,0.06578047054601774,0.2713711815575147,0.02069363487654499,0.010406130119770523,7.815362054518034e-05,0.0848720311565534
cont,Sphere,4,WOA,8000,easy,30,30,0.96875,0.9078859400526763,0.998346745733359,0.003296746293502929,0.001873022505744222,0.00015826095675153704,0.011106654874455637
cont,Sphere,4,WOA,8000,med,28,30,0.90625,0.8105355325744613,0.9730998803088509,0.003296746293502929,0.001873022505744222,0.00015826095675153704,0.011106654874455637
cont,Sphere,4,WOA,8000,hard,10,30,0.34375,0.21336046293527158,0.485416074399548,0.003296746293502929,0.001873022505744222,0.00015826095675153704,0.011106654874455637
cont,Sphere,4,WOA,10000,easy,30,30,0.96875,0.9078859400526763,0.998346745733359,0.0027982475806217827,0.0006579996560590598,3.3493139549485316e-05,0.026685832876078803
cont,Sphere,4,WOA,10000,med,28,30,0.90625,0.8105355325744613,0.9730998803088509,0.0027982475806217827,0.0006579996560590598,3.3493139549485316e-05,0.026685832876078803
cont,Sphere,4,WOA,10000,hard,17,30,0.5625,0.417973431326673,0.7025127599090644,0.0027982475806217827,0.0006579996560590598,3.3493139549485316e-05,0.026685832876078803
cont,Sphere,7,ALO,2000,easy,0,30,0.03125,0.0016532542666409576,0.09211405994732372,31.75098989074908,31.978117549966093,11.25553426981748,50.884160460110515
cont,Sphere,7,ALO,2000,med,0,30,0.03125,0.0016532542666409576,0.09211405994732372,31.75098989074908,31.978117549966093,11.25553426981748,50.884160460110515
cont,Sphere,7,ALO,2000,hard,0,30,0.03125,0.0016532542666409576,0.09211405994732372,31.75098989074908,31.978117549966093,11.25553426981748,50.884160460110515
cont,Sphere,7,ALO,5000,easy,0,30,0.03125,0.0016532542666409576,0.09211405994732372,27.974197514773337,27.48052198539738,10.399379052775886,55.073042838497514
cont,Sphere,7,ALO,5000,med,0,30,0.03125,0.0016532542666409576,0.09211405994732372,27.974197514773337,27.48052198539738,10.399379052775886,55.073042838497514
cont,Sphere,7,ALO,5000,hard,0,30,0.03125,0.0016532542666409576,0.09211405994732372,27.974197514773337,27.48052198539738,10.399379052775886,55.073042838497514
cont,Sphere,7,ALO,8000,easy,0,30,0.03125,0.0016532542666409576,0.09211405994732372,24.02540472129868,24.447648937435552,6.710013126995953,42.81061038405996
cont,Sphere,7,ALO,8000,med,0,30,0.03125,0.0016532542666409576,0.09211405994732372,24.02540472129868,24.447648937435552,6.710013126995953,42.81061038405996
cont,Sphere,7,ALO,8000,hard,0,30,0.03125,0.0016532542666409576,0.09211405994732372,24.02540472129868,24.447648937435552,6.710013126995953,42.81061038405996
cont,Sphere,7,ALO,10000,easy,0,30,0.03125,0.0016532542666409576,0.09211405994732372,26.814536239946722,26.260921731257916,7.334470451295516,44.396202335949496
cont,Sphere,7,ALO,10000,med,0,30,0.03125,0.0016532542666409576,0.09211405994732372,26.814536239946722,26.260921731257916,7.334470451295516,44.396202335949496
cont,Sphere,7,ALO,10000,hard,0,30,0.03125,0.0016532542666409576,0.09211405994732372,26.814536239946722,26.260921731257916,7.334470451295516,44.396202335949496
cont,Sphere,7,BA,2000,easy,0,30,0.03125,0.0016532542666409576,0.09211405994732372,25.62853272574078,25.944357563056116,8.378930740023605,44.13932262150277
cont,Sphere,7,BA,2000,med,0,30,0.03125,0.0016532542666409576,0.09211405994732372,25.62853272574078,25.944357563056116,8.378930740023605,44.13932262150277
cont,Sphere,7,BA,2000,hard,0,30,0.03125,0.0016532542666409576,0.09211405994732372,25.62853272574078,25.944357563056116,8.378930740023605,44.13932262150277
cont,Sphere,7,BA,5000,easy,0,30,0.03125,0.0016532542666409576,0.09211405994732372,21.88705479702296,20.604617980144667,3.7888709118823054,43.20921898442969
cont,Sphere,7,BA,5000,med,0,30,0.03125,0.0016532542666409576,0.09211405994732372,21.88705479702296,20.604617980144667,3.7888709118823054,43.20921898442969
cont,Sphere,7,BA,5000,hard,0,30,0.03125,0.0016532542666409576,0.09211405994732372,21.88705479702296,20.604617980144667,3.7888709118823054,43.20921898442969
cont,Sphere,7,BA,8000,easy,0,30,0.03125,0.0016532542666409576,0.09211405994732372,13.678155565372778,12.828728033426653,3.5059608624017247,35.5113070170105
cont,Sphere,7,BA,8000,med,0,30,0.03125,0.0016532542666409576,0.09211405994732372,13.678155565372778,12.828728033426653,3.5059608624017247,35.5113070170105
cont,Sphere,7,BA,8000,hard,0,30,0.03125,0.0016532542666409576,0.09211405994732372,13.678155565372778,12.828728033426653,3.5059608624017247,35.5113070170105
cont,Sphere,7,BA,10000,easy,0,30,0.03125,0.0016532542666409576,0.09211405994732372,11.41222196333009,10.95993200689025,0.19143492270580859,26.129254534426828
cont,Sphere,7,BA,10000,med,0,30,0.03125,0.0016532542666409576,0.09211405994732372,11.41222196333009,10.95993200689025,0.19143492270580859,26.129254534426828
cont,Sphere,7,BA,10000,hard,0,30,0.03125,0.0016532542666409576,0.09211405994732372,11.41222196333009,10.95993200689025,0.19143492270580859,26.129254534426828
cont,Sphere,7,ES_1P1,2000,easy,30,30,0.96875,0.9078859400526763,0.998346745733359,2.75437931271777e-15,1.878894715472848e-15,3.258709130296366e-16,1.2793639920088828e-14
cont,Sphere,7,ES_1P1,2000,med,30,30,0.96875,0.9078859400526763,0.998346745733359,2.75437931271777e-15,1.878894715472848e-15,3.258709130296366e-16,1.2793639920088828e-14
cont,Sphere,7,ES_1P1,2000,hard,30,30,0.96875,0.9078859400526763,0.998346745733359,2.75437931271777e-15,1.878894715472848e-15,3.258709130296366e-16,1.2793639920088828e-14
cont,Sphere,7,ES_1P1,5000,easy,30,30,0.96875,0.9078859400526763,0.998346745733359,1.44954564997474e-24,1.4653363105565906e-24,3.7441344302270503e-25,2.2017622973941365e-24
cont,Sphere,7,ES_1P1,5000,med,30,30,0.96875,0.9078859400526763,0.998346745733359,1.44954564997474e-24,1.4653363105565906e-24,3.7441344302270503e-25,2.2017622973941365e-24
cont,Sphere,7,ES_1P1,5000,hard,30,30,0.96875,0.9078859400526763,0.998346745733359,1.44954564997474e-24,1.4653363105565906e-24,3.7441344302270503e-25,2.2017622973941365e-24
cont,Sphere,7,ES_1P1,8000,easy,30,30,0.96875,0.9078859400526763,0.998346745733359,1.0481231858924082e-24,1.0844765300243147e-24,2.6580250736847247e-25,1.6944783797440085e-24
cont,Sphere,7,ES_1P1,8000,med,30,30,0.96875,0.9078859400526763,0.998346745733359,1.0481231858924082e-24,1.0844765300243147e-24,2.6580250736847247e-25,1.6944783797440085e-24
cont,Sphere,7,ES_1P1,8000,hard,30,30,0.96875,0.9078859400526763,0.998346745733359,1.0481231858924082e-24,1.0844765300243147e-24,2.6580250736847247e-25,1.6944783797440085e-24
cont,Sphere,7,ES_1P1,10000,easy,30,30,0.96875,0.9078859400526763,0.998346745733359,1.0674413100930928e-24,1.040712914000226e-24,6.197652329354803e-25,1.6083094051668784e-24
cont,Sphere,7,ES_1P1,10000,med,30,30,0.96875,0.9078859400526763,0.998346745733359,1.0674413100930928e-24,1.040712914000226e-24,6.197652329354803e-25,1.6083094051668784e-24
cont,Sphere,7,ES_1P1,10000,hard,30,30,0.96875,0.9078859400526763,0.998346745733359,1.0674413100930928e-24,1.040712914000226e-24,6.197652329354803e-25,1.6083094051668784e-24
cont,Sphere,7,FA,2000,easy,0,30,0.03125,0.0016532542666409576,0.09211405994732372,16.602606871299493,17.408671618638998,8.756773736646899,21.838669163258917
cont,Sphere,7,FA,2000,med,0,30,0.03125,0.0016532542666409576,0.09211405994732372,16.602606871299493,17.408671618638998,8.756773736646899,21.838669163258917
cont,Sphere,7,FA,2000,hard,0,30,0.03125,0.0016532542666409576,0.09211405994732372,16.602606871299493,17.408671618638998,8.756773736646899,21.838669163258917
cont,Sphere,7,FA,5000,easy,0,30,0.03125,0.0016532542666409576,0.09211405994732372,13.205183759940773,13.69560874122969,7.022543788039263,17.468717381431812
cont,Sphere,7,FA,5000,med,0,30,0.03125,0.0016532542666409576,0.09211405994732372,13.205183759940773,13.69560874122969,7.022543788039263,17.468717381431812
cont,Sphere,7,FA,5000,hard,0,30,0.03125,0.0016532542666409576,0.09211405994732372,13.205183759940773,13.69560874122969,7.022543788039263,17.468717381431812
cont,Sphere,7,FA,8000,easy,0,30,0.03125,0.0016532542666409576,0.09211405994732372,11.5436423796671,12.064757575916914,5.60105589961998,16.415167458379916
cont,Sphere,7,FA,8000,med,0,30,0.03125,0.0016532542666409576,0.09211405994732372,11.5436423796671,12.064757575916914,5.60105589961998,16.415167458379916
cont,Sphere,7,FA,8000,hard,0,30,0.03125,0.0016532542666409576,0.09211405994732372,11.5436423796671,12.064757575916914,5.60105589961998,16.415167458379916
cont,Sphere,7,FA,10000,easy,0,30,0.03125,0.0016532542666409576,0.09211405994732372,11.58745642730605,11.720438354924962,7.775335228714058,15.78828587698097
cont,Sphere,7,FA,10000,med,0,30,0.03125,0.0016532542666409576,0.09211405994732372,11.58745642730605,11.720438354924962,7.775335228714058,15.78828587698097
cont,Sphere,7,FA,10000,hard,0,30,0.03125,0.0016532542666409576,0.09211405994732372,11.58745642730605,11.720438354924962,7.775335228714058,15.78828587698097
cont,Sphere,7,GWO,2000,easy,14,30,0.46875,0.3267393648975071,0.6130177450552665,0.15480210493629323,0.12610006445000507,0.004623586525530244,0.5865068548829921
cont,Sphere,7,GWO,2000,med,2,30,0.09375,0.02690011969114915,0.18946446742553866,0.15480210493629323,0.12610006445000507,0.004623586525530244,0.5865068548829921
cont,Sphere,7,GWO,2000,hard,0,30,0.03125,0.0016532542666409576,0.09211405994732372,0.15480210493629323,0.12610006445000507,0.004623586525530244,0.5865068548829921
cont,Sphere,7,GWO,5000,easy,8,30,0.28125,0.16061109125637793,0.4176603337442609,0.2984069009276604,0.17232556100038718,0.018010228954048794,1.034438541971891
cont,Sphere,7,GWO,5000,med,0,30,0.03125,0.0016532542666409576,0.09211405994732372,0.2984069009276604,0.17232556100038718,0.018010228954048794,1.034438541971891
cont,Sphere,7,GWO,5000,hard,0,30,0.03125,0.0016532542666409576,0.09211405994732372,0.2984069009276604,0.17232556100038718,0.018010228954048794,1.034438541971891
cont,Sphere,7,GWO,8000,easy,4,30,0.15625,0.06578047054601774,0.2713711815575147,0.3596378534729295,0.18222362664988428,0.01835885947764125,1.0795586581330832
cont,Sphere,7,GWO,8000,med,0,30,0.03125,0.0016532542666409576,0.09211405994732372,0.3596378534729295,0.18222362664988428,0.01835885947764125,1.0795586581330832
cont,Sphere,7,GWO,8000,hard,0,30,0.03125,0.0016532542666409576,0.09211405994732372,0.3596378534729295,0.18222362664988428,0.01835885947764125,1.0795586581330832
cont,Sphere,7,GWO,10000,easy,7,30,0.25,0.1354005847583789,0.3826102309169821,0.31871940842314717,0.16891940690885326,0.0014647655305590028,1.0318947393423379
cont,Sphere,7,GWO,10000,med,2,30,0.09375,0.02690011969114915,0.18946446742553866,0.31871940842314717,0.16891940690885326,0.0014647655305590028,1.0318947393423379
cont,Sphere,7,GWO,10000,hard,0,30,0.03125,0.0016532542666409576,0.09211405994732372,0.31871940842314717,0.16891940690885326,0.0014647655305590028,1.0318947393423379
cont,Sphere,7,MFO,2000,easy,0,30,0.03125,0.0016532542666409576,0.09211405994732372,5.84511846732684,5.829703943007143,0.9793452814589568,10.829425971412434
cont,Sphere,7,MFO,2000,med,0,30,0.03125,0.0016532542666409576,0.09211405994732372,5.84511846732684,5.829703943007143,0.9793452814589568,10.829425971412434
cont,Sphere,7,MFO,2000,hard,0,30,0.03125,0.0016532542666409576,0.09211405994732372,5.84511846732684,5.829703943007143,0.9793452814589568,10.829425971412434
cont,Sphere,7,MFO,5000,easy,0,30,0.03125,0.0016532542666409576,0.09211405994732372,3.3661791856687873,2.84647585560406,1.0814957011654793,7.519552319501049
cont,Sphere,7,MFO,5000,med,0,30,0.03125,0.0016532542666409576,0.09211405994732372,3.3661791856687873,2.84647585560406,1.0814957011654793,7.519552319501049
cont,Sphere,7,MFO,5000,hard,0,30,0.03125,0.0016532542666409576,0.09211405994732372,3.3661791856687873,2.84647585560406,1.0814957011654793,7.519552319501049
cont,Sphere,7,MFO,8000,easy,0,30,0.03125,0.0016532542666409576,0.09211405994732372,2.427478903011292,2.159005560838251,0.17462415523314184,6.9687916770564815
cont,Sphere,7,MFO,8000,med,0,30,0.03125,0.0016532542666409576,0.09211405994732372,2.427478903011292,2.159005560838251,0.17462415523314184,6.9687916770564815
cont,Sphere,7,MFO,8000,hard,0,30,0.03125,0.0016532542666409576,0.09211405994732372,2.427478903011292,2.159005560838251,0.17462415523314184,6.9687916770564815
cont,Sphere,7,MFO,10000,easy,0,30,0.03125,0.0016532542666409576,0.09211405994732372,2.50291493501494,2.2952460447501473,0.19773401811580044,5.10086114007158
cont,Sphere,7,MFO,10000,med,0,30,0.03125,0.0016532542666409576,0.09211405994732372,2.50291493501494,2.2952460447501473,0.19773401811580044,5.10086114007158
cont,Sphere,7,MFO,10000,hard,0,30,0.03125,0.0016532542666409576,0.09211405994732372,2.50291493501494,2.2952460447501473,0.19773401811580044,5.10086114007158
cont,Sphere,7,PSO_GBEST,2000,easy,27,30,0.875,0.7684970248566316,0.9546998269773581,0.49642721239546195,0.003891642265950389,0.0012566958798629676,4.946405442530972
cont,Sphere,7,PSO_GBEST,2000,med,25,30,0.8125,0.690356484642353,0.9121855328567512,0.49642721239546195,0.003891642265950389,0.0012566958798629676,4.946405442530972
cont,Sphere,7,PSO_GBEST,2000,hard,0,30,0.03125,0.0016532542666409576,0.09211405994732372,0.49642721239546195,0.003891642265950389,0.0012566958798629676,4.946405442530972
cont,Sphere,7,PSO_GBEST,5000,easy,26,30,0.84375,0.7286288184424853,0.9342195294539822,0.7379502309613024,1.5274452827542087e-08,1.1618780327540278e-09,7.399743461520588
cont,Sphere,7,PSO_GBEST,5000,med,26,30,0.84375,0.7286288184424853,0.9342195294539822,0.7379502309613024,1.5274452827542087e-08,1.1618780327540278e-09,7.399743461520588
cont,Sphere,7,PSO_GBEST,5000,hard,26,30,0.84375,0.7286288184424853,0.9342195294539822,0.7379502309613024,1.5274452827542087e-08,1.1618780327540278e-09,7.399743461520588
cont,Sphere,7,PSO_GBEST,8000,easy,29,30,0.9375,0.8559096086816552,0.9884146841385564,0.16376403091957528,6.497451773561562e-14,3.0579300131583655e-15,4.912920927584048
cont,Sphere,7,PSO_GBEST,8000,med,29,30,0.9375,0.8559096086816552,0.9884146841385564,0.16376403091957528,6.497451773561562e-14,3.0579300131583655e-15,4.912920927584048
cont,Sphere,7,PSO_GBEST,8000,hard,29,30,0.9375,0.8559096086816552,0.9884146841385564,0.16376403091957528,6.497451773561562e-14,3.0579300131583655e-15,4.912920927584048
cont,Sphere,7,PSO_GBEST,10000,easy,28,30,0.90625,0.8105355325744613,0.9730998803088509,0.4006782403330844,2.6614788058171393e-17,1.0871428201530164e-18,7.107426282408502
cont,Sphere,7,PSO_GBEST,10000,med,28,30,0.90625,0.8105355325744613,0.9730998803088509,0.4006782403330844,2.6614788058171393e-17,1.0871428201530164e-18,7.107426282408502
cont,Sphere,7,PSO_GBEST,10000,hard,28,30,0.90625,0.8105355325744613,0.9730998803088509,0.4006782403330844,2.6614788058171393e-17,1.0871428201530164e-18,7.107426282408502
cont,Sphere,7,WOA,2000,easy,15,30,0.5,0.3565721369616578,0.6434278630383421,0.17263972683338202,0.10407438733066718,0.019253978412363502,0.9815523926752299
cont,Sphere,7,WOA,2000,med,0,30,0.03125,0.0016532542666409576,0.09211405994732372,0.17263972683338202,0.10407438733066718,0.019253978412363502,0.9815523926752299
cont,Sphere,7,WOA,2000,hard,0,30,0.03125,0.0016532542666409576,0.09211405994732372,0.17263972683338202,0.10407438733066718,0.019253978412363502,0.9815523926752299
cont,Sphere,7,WOA,5000,easy,30,30,0.96875,0.9078859400526763,0.998346745733359,0.01997598855032518,0.012212029627383837,0.001845735466904335,0.07572110521023138
cont,Sphere,7,WOA,5000,med,14,30,0.46875,0.3267393648975071,0.6130177450552665,0.01997598855032518,0.012212029627383837,0.001845735466904335,0.07572110521023138
cont,Sphere,7,WOA,5000,hard,0,30,0.03125,0.0016532542666409576,0.09211405994732372,0.01997598855032518,0.012212029627383837,0.001845735466904335,0.07572110521023138
cont,Sphere,7,WOA,8000,easy,30,30,0.96875,0.9078859400526763,0.998346745733359,0.008126456869967182,0.002275235140032382,0.000315188112851194,0.06106591212350917
cont,Sphere,7,WOA,8000,med,23,30,0.75,0.6173897690830179,0.8645994152416211,0.008126456869967182,0.002275235140032382,0.000315188112851194,0.06106591212350917
cont,Sphere,7,WOA,8000,hard,7,30,0.25,0.1354005847583789,0.3826102309169821,0.008126456869967182,0.002275235140032382,0.000315188112851194,0.06106591212350917
cont,Sphere,7,WOA,10000,easy,30,30,0.96875,0.9078859400526763,0.998346745733359,0.0013339862641405355,0.0009122502000909355,7.25384201797269e-05,0.008337341995592714
cont,Sphere,7,WOA,10000,med,30,30,0.96875,0.9078859400526763,0.998346745733359,0.0013339862641405355,0.0009122502000909355,7.25384201797269e-05,0.008337341995592714
cont,Sphere,7,WOA,10000,hard,17,30,0.5625,0.417973431326673,0.7025127599090644,0.0013339862641405355,0.0009122502000909355,7.25384201797269e-05,0.008337341995592714
cont,Sphere,9,ALO,2000,easy,0,30,0.03125,0.0016532542666409576,0.09211405994732372,27.33567585495195,25.891414299554853,10.04919276022833,51.56505250083805
cont,Sphere,9,ALO,2000,med,0,30,0.03125,0.0016532542666409576,0.09211405994732372,27.33567585495195,25.891414299554853,10.04919276022833,51.56505250083805
cont,Sphere,9,ALO,2000,hard,0,30,0.03125,0.0016532542666409576,0.09211405994732372,27.33567585495195,25.891414299554853,10.04919276022833,51.56505250083805
cont,Sphere,9,ALO,5000,easy,0,30,0.03125,0.0016532542666409576,0.09211405994732372,29.633795700795485,29.244993558824213,9.79433656535575,46.91177812251552
cont,Sphere,9,ALO,5000,med,0,30,0.03125,0.0016532542666409576,0.09211405994732372,29.633795700795485,29.244993558824213,9.79433656535575,46.91177812251552
cont,Sphere,9,ALO,5000,hard,0,30,0.03125,0.0016532542666409576,0.09211405994732372,29.633795700795485,29.244993558824213,9.79433656535575,46.91177812251552
cont,Sphere,9,ALO,8000,easy,0,30,0.03125,0.0016532542666409576,0.09211405994732372,26.74487943044436,26.058532021295548,10.30424153098872,46.52619732217717
cont,Sphere,9,ALO,8000,med,0,30,0.03125,0.0016532542666409576,0.09211405994732372,26.74487943044436,26.058532021295548,10.30424153098872,46.52619732217717
cont,Sphere,9,ALO,8000,hard,0,30,0.03125,0.0016532542666409576,0.09211405994732372,26.74487943044436,26.058532021295548,10.30424153098872,46.52619732217717
cont,Sphere,9,ALO,10000,easy,0,30,0.03125,0.0016532542666409576,0.09211405994732372,20.908440314854715,18.879267660494882,11.005836447661505,37.51360036174449
cont,Sphere,9,ALO,10000,med,0,30,0.03125,0.0016532542666409576,0.09211405994732372,20.908440314854715,18.879267660494882,11.005836447661505,37.51360036174449
cont,Sphere,9,ALO,10000,hard,0,30,0.03125,0.0016532542666409576,0.09211405994732372,20.908440314854715,18.879267660494882,11.005836447661505,37.51360036174449
cont,Sphere,9,BA,2000,easy,0,30,0.03125,0.0016532542666409576,0.09211405994732372,23.326162354510128,22.65277210123583,6.768869751819554,58.33749051273589
cont,Sphere,9,BA,2000,med,0,30,0.03125,0.0016532542666409576,0.09211405994732372,23.326162354510128,22.65277210123583,6.768869751819554,58.33749051273589
cont,Sphere,9,BA,2000,hard,0,30,0.03125,0.0016532542666409576,0.09211405994732372,23.326162354510128,22.65277210123583,6.768869751819554,58.33749051273589
cont,Sphere,9,BA,5000,easy,0,30,0.03125,0.0016532542666409576,0.09211405994732372,19.30816611103637,17.967141139801992,5.209300794463161,44.72015394532113
cont,Sphere,9,BA,5000,med,0,30,0.03125,0.0016532542666409576,0.09211405994732372,19.30816611103637,17.967141139801992,5.209300794463161,44.72015394532113
cont,Sphere,9,BA,5000,hard,0,30,0.03125,0.0016532542666409576,0.09211405994732372,19.30816611103637,17.967141139801992,5.209300794463161,44.72015394532113
cont,Sphere,9,BA,8000,easy,0,30,0.03125,0.0016532542666409576,0.09211405994732372,16.18971909832998,15.226297754504516,2.3902344447039887,29.93282610158549
cont,Sphere,9,BA,8000,med,0,30,0.03125,0.0016532542666409576,0.09211405994732372,16.18971909832998,15.226297754504516,2.3902344447039887,29.93282610158549
cont,Sphere,9,BA,8000,hard,0,30,0.03125,0.0016532542666409576,0.09211405994732372,16.18971909832998,15.226297754504516,2.3902344447039887,29.93282610158549
cont,Sphere,9,BA,10000,easy,0,30,0.03125,0.0016532542666409576,0.09211405994732372,8.989852028026984,8.173225563241086,0.4227960752580495,25.083222748125273
cont,Sphere,9,BA,10000,med,0,30,0.03125,0.0016532542666409576,0.09211405994732372,8.989852028026984,8.173225563241086,0.4227960752580495,25.083222748125273
cont,Sphere,9,BA,10000,hard,0,30,0.03125,0.0016532542666409576,0.09211405994732372,8.989852028026984,8.173225563241086,0.4227960752580495,25.083222748125273
cont,Sphere,9,ES_1P1,2000,easy,30,30,0.96875,0.9078859400526763,0.998346745733359,3.330349192410719e-15,1.959874480251279e-15,2.898052015721348e-16,1.9084255531508392e-14
cont,Sphere,9,ES_1P1,2000,med,30,30,0.96875,0.9078859400526763,0.998346745733359,3.330349192410719e-15,1.959874480251279e-15,2.898052015721348e-16,1.9084255531508392e-14
cont,Sphere,9,ES_1P1,2000,hard,30,30,0.96875,0.9078859400526763,0.998346745733359,3.330349192410719e-15,1.959874480251279e-15,2.898052015721348e-16,1.9084255531508392e-14
cont,Sphere,9,ES_1P1,5000,easy,30,30,0.96875,0.9078859400526763,0.998346745733359,1.4508571766559375e-24,1.4811228528582436e-24,6.790752809528233e-25,2.0084634072603362e-24
cont,Sphere,9,ES_1P1,5000,med,30,30,0.96875,0.9078859400526763,0.998346745733359,1.4508571766559375e-24,1.4811228528582436e-24,6.790752809528233e-25,2.0084634072603362e-24
cont,Sphere,9,ES_1P1,5000,hard,30,30,0.96875,0.9078859400526763,0.998346745733359,1.4508571766559375e-24,1.4811228528582436e-24,6.790752809528233e-25,2.0084634072603362e-24
cont,Sphere,9,ES_1P1,8000,easy,30,30,0.96875,0.9078859400526763,0.998346745733359,1.0448853262082048e-24,1.0980304761713497e-24,2.516602612680211e-25,1.5138426523282493e-24
cont,Sphere,9,ES_1P1,8000,med,30,30,0.96875,0.9078859400526763,0.998346745733359,1.0448853262082048e-24,1.0980304761713497e-24,2.516602612680211e-25,1.5138426523282493e-24
cont,Sphere,9,ES_1P1,8000,hard,30,30,0.96875,0.9078859400526763,0.998346745733359,1.0448853262082048e-24,1.0980304761713497e-24,2.516602612680211e-25,1.5138426523282493e-24
cont,Sphere,9,ES_1P1,10000,easy,30,30,0.96875,0.9078859400526763,0.998346745733359,1.0821429810644903e-24,1.1104508939088282e-24,3.244906610511932e-25,1.6149134836574284e-24
cont,Sphere,9,ES_1P1,10000,med,30,30,0.96875,0.9078859400526763,0.998346745733359,1.0821429810644903e-24,1.1104508939088282e-24,3.244906610511932e-25,1.6149134836574284e-24
cont,Sphere,9,ES_1P1,10000,hard,30,30,0.96875,0.9078859400526763,0.998346745733359,1.0821429810644903e-24,1.1104508939088282e-24,3.244906610511932e-25,1.6149134836574284e-24
cont,Sphere,9,FA,2000,easy,0,30,0.03125,0.0016532542666409576,0.09211405994732372,16.68459289431119,17.122221036649492,7.088363940574593,25.684767981192387
cont,Sphere,9,FA,2000,med,0,30,0.03125,0.0016532542666409576,0.09211405994732372,16.68459289431119,17.122221036649492,7.088363940574593,25.684767981192387
cont,Sphere,9,FA,2000,hard,0,30,0.03125,0.0016532542666409576,0.09211405994732372,16.68459289431119,17.122221036649492,7.088363940574593,25.684767981192387
cont,Sphere,9,FA,5000,easy,0,30,0.03125,0.0016532542666409576,0.09211405994732372,11.723915933616054,11.192224034750046,4.395308625697957,20.9868615706986
cont,Sphere,9,FA,5000,med,0,30,0.03125,0.0016532542666409576,0.09211405994732372,11.723915933616054,11.192224034750046,4.395308625697957,20.9868615706986
cont,Sphere,9,FA,5000,hard,0,30,0.03125,0.0016532542666409576,0.09211405994732372,11.723915933616054,11.192224034750046,4.395308625697957,20.9868615706986
cont,Sphere,9,FA,8000,easy,0,30,0.03125,0.0016532542666409576,0.09211405994732372,12.028554066862576,11.86594889161654,5.861652163247698,20.11988776168032
cont,Sphere,9,FA,8000,med,0,30,0.03125,0.0016532542666409576,0.09211405994732372,12.028554066862576,11.86594889161654,5.861652163247698,20.11988776168032
cont,Sphere,9,FA,8000,hard,0,30,0.03125,0.0016532542666409576,0.09211405994732372,12.028554066862576,11.86594889161654,5.861652163247698,20.11988776168032
cont,Sphere,9,FA,10000,easy,0,30,0.03125,0.0016532542666409576,0.09211405994732372,11.830676145009138,11.715826443244545,5.055446372143836,16.80089804977483
cont,Sphere,9,FA,10000,med,0,30,0.03125,0.0016532542666409576,0.09211405994732372,11.830676145009138,11.715826443244545,5.055446372143836,16.80089804977483
cont,Sphere,9,FA,10000,hard,0,30,0.03125,0.0016532542666409576,0.09211405994732372,11.830676145009138,11.715826443244545,5.055446372143836,16.80089804977483
cont,Sphere,9,GWO,2000,easy,18,30,0.59375,0.4495566259694524,0.7311737237767726,0.13472404596146267,0.021594500970151073,0.0008919035249116001,0.4563862368887958
cont,Sphere,9,GWO,2000,med,11,30,0.375,0.24077485846609245,0.5182492532388523,0.13472404596146267,0.021594500970151073,0.0008919035249116001,0.4563862368887958
cont,Sphere,9,GWO,2000,hard,2,30,0.09375,0.02690011969114915,0.18946446742553866,0.13472404596146267,0.021594500970151073,0.0008919035249116001,0.4563862368887958
cont,Sphere,9,GWO,5000,easy,14,30,0.46875,0.3267393648975071,0.6130177450552665,0.2578270320778863,0.16375250675643163,0.00018483878726280648,0.8151807010739944
cont,Sphere,9,GWO,5000,med,13,30,0.4375,0.29748724009093563,0.582026568673327,0.2578270320778863,0.16375250675643163,0.00018483878726280648,0.8151807010739944
cont,Sphere,9,GWO,5000,hard,13,30,0.4375,0.29748724009093563,0.582026568673327,0.2578270320778863,0.16375250675643163,0.00018483878726280648,0.8151807010739944
cont,Sphere,9,GWO,8000,easy,7,30,0.25,0.1354005847583789,0.3826102309169821,0.32141665000777536,0.2734750373905193,0.00011519341554102698,0.7866048587373025
cont,Sphere,9,GWO,8000,med,7,30,0.25,0.1354005847583789,0.3826102309169821,0.32141665000777536,0.2734750373905193,0.00011519341554102698,0.7866048587373025
cont,Sphere,9,GWO,8000,hard,7,30,0.25,0.1354005847583789,0.3826102309169821,0.32141665000777536,0.2734750373905193,0.00011519341554102698,0.7866048587373025
cont,Sphere,9,GWO,10000,easy,5,30,0.1875,0.08781446714324878,0.30964351535764695,0.4331452357941802,0.4667371937469613,0.00013821260969480568,1.154977854442401
cont,Sphere,9,GWO,10000,med,5,30,0.1875,0.08781446714324878,0.30964351535764695,0.4331452357941802,0.4667371937469613,0.00013821260969480568,1.154977854442401
cont,Sphere,9,GWO,10000,hard,5,30,0.1875,0.08781446714324878,0.30964351535764695,0.4331452357941802,0.4667371937469613,0.00013821260969480568,1.154977854442401
cont,Sphere,9,MFO,2000,easy,0,30,0.03125,0.0016532542666409576,0.09211405994732372,5.478458575326465,5.241893033313376,0.904054618542905,13.45797775691028
cont,Sphere,9,MFO,2000,med,0,30,0.03125,0.0016532542666409576,0.09211405994732372,5.478458575326465,5.241893033313376,0.904054618542905,13.45797775691028
cont,Sphere,9,MFO,2000,hard,0,30,0.03125,0.0016532542666409576,0.09211405994732372,5.478458575326465,5.241893033313376,0.904054618542905,13.45797775691028
cont,Sphere,9,MFO,5000,easy,0,30,0.03125,0.0016532542666409576,0.09211405994732372,4.3815806597324265,4.308796630963631,0.8237832172723887,8.39677733520296
cont,Sphere,9,MFO,5000,med,0,30,0.03125,0.0016532542666409576,0.09211405994732372,4.3815806597324265,4.308796630963631,0.8237832172723887,8.39677733520296
cont,Sphere,9,MFO,5000,hard,0,30,0.03125,0.0016532542666409576,0.09211405994732372,4.3815806597324265,4.308796630963631,0.8237832172723887,8.39677733520296
cont,Sphere,9,MFO,8000,easy,0,30,0.03125,0.0016532542666409576,0.09211405994732372,2.846343340519333,1.8644459485701064,0.43425941294252013,8.67185666930132
cont,Sphere,9,MFO,8000,med,0,30,0.03125,0.0016532542666409576,0.09211405994732372,2.846343340519333,1.8644459485701064,0.43425941294252013,8.67185666930132
cont,Sphere,9,MFO,8000,hard,0,30,0.03125,0.0016532542666409576,0.09211405994732372,2.846343340519333,1.8644459485701064,0.43425941294252013,8.67185666930132
cont,Sphere,9,MFO,10000,easy,0,30,0.03125,0.0016532542666409576,0.09211405994732372,2.009120970887486,1.6810604720810618,0.2811751879911063,8.486535092309659
cont,Sphere,9,MFO,10000,med,0,30,0.03125,0.0016532542666409576,0.09211405994732372,2.009120970887486,1.6810604720810618,0.2811751879911063,8.486535092309659
cont,Sphere,9,MFO,10000,hard,0,30,0.03125,0.0016532542666409576,0.09211405994732372,2.009120970887486,1.6810604720810618,0.2811751879911063,8.486535092309659
cont,Sphere,9,PSO_GBEST,2000,easy,30,30,0.96875,0.9078859400526763,0.998346745733359,0.0041764863929929985,0.0033301125410618443,0.0009849115014737824,0.015899795319123323
cont,Sphere,9,PSO_GBEST,2000,med,28,30,0.90625,0.8105355325744613,0.9730998803088509,0.0041764863929929985,0.0033301125410618443,0.0009849115014737824,0.015899795319123323
cont,Sphere,9,PSO_GBEST,2000,hard,1,30,0.0625,0.011585315861443594,0.14409039131834475,0.0041764863929929985,0.0033301125410618443,0.0009849115014737824,0.015899795319123323
cont,Sphere,9,PSO_GBEST,5000,easy,30,30,0.96875,0.9078859400526763,0.998346745733359,2.327616662008074e-08,1.52951586471971e-08,5.949832340047563e-10,1.3519204127058388e-07
cont,Sphere,9,PSO_GBEST,5000,med,30,30,0.96875,0.9078859400526763,0.998346745733359,2.327616662008074e-08,1.52951586471971e-08,5.949832340047563e-10,1.3519204127058388e-07
cont,Sphere,9,PSO_GBEST,5000,hard,30,30,0.96875,0.9078859400526763,0.998346745733359,2.327616662008074e-08,1.52951586471971e-08,5.949832340047563e-10,1.3519204127058388e-07
cont,Sphere,9,PSO_GBEST,8000,easy,29,30,0.9375,0.8559096086816552,0.9884146841385564,0.15693927873367963,6.33431087332774e-14,2.2587788411437807e-15,4.708178362006055
cont,Sphere,9,PSO_GBEST,8000,med,29,30,0.9375,0.8559096086816552,0.9884146841385564,0.15693927873367963,6.33431087332774e-14,2.2587788411437807e-15,4.708178362006055
cont,Sphere,9,PSO_GBEST,8000,hard,29,30,0.9375,0.8559096086816552,0.9884146841385564,0.15693927873367963,6.33431087332774e-14,2.2587788411437807e-15,4.708178362006055
cont,Sphere,9,PSO_GBEST,10000,easy,28,30,0.90625,0.8105355325744613,0.9730998803088509,0.42368604738740906,4.283792266957774e-17,2.5225664056497838e-18,8.002403059616235
cont,Sphere,9,PSO_GBEST,10000,med,28,30,0.90625,0.8105355325744613,0.9730998803088509,0.42368604738740906,4.283792266957774e-17,2.5225664056497838e-18,8.002403059616235
cont,Sphere,9,PSO_GBEST,10000,hard,28,30,0.90625,0.8105355325744613,0.9730998803088509,0.42368604738740906,4.283792266957774e-17,2.5225664056497838e-18,8.002403059616235
cont,Sphere,9,WOA,2000,easy,15,30,0.5,0.3565721369616578,0.6434278630383421,0.14087292978078692,0.09733928968589832,0.004993595541378789,0.6500836311165707
cont,Sphere,9,WOA,2000,med,7,30,0.25,0.1354005847583789,0.3826102309169821,0.14087292978078692,0.09733928968589832,0.004993595541378789,0.6500836311165707
cont,Sphere,9,WOA,2000,hard,0,30,0.03125,0.0016532542666409576,0.09211405994732372,0.14087292978078692,0.09733928968589832,0.004993595541378789,0.6500836311165707
cont,Sphere,9,WOA,5000,easy,30,30,0.96875,0.9078859400526763,0.998346745733359,0.004811549783702518,0.0023663531487796174,0.00018486659073842603,0.030213120129010427
cont,Sphere,9,WOA,5000,med,29,30,0.9375,0.8559096086816552,0.9884146841385564,0.004811549783702518,0.0023663531487796174,0.00018486659073842603,0.030213120129010427
cont,Sphere,9,WOA,5000,hard,3,30,0.125,0.04530017302264189,0.23150297514336832,0.004811549783702518,0.0023663531487796174,0.00018486659073842603,0.030213120129010427
cont,Sphere,9,WOA,8000,easy,30,30,0.96875,0.9078859400526763,0.998346745733359,0.0022934788800760366,0.0004837895140269219,6.523406557636681e-05,0.05220009948711155
cont,Sphere,9,WOA,8000,med,29,30,0.9375,0.8559096086816552,0.9884146841385564,0.0022934788800760366,0.0004837895140269219,6.523406557636681e-05,0.05220009948711155
cont,Sphere,9,WOA,8000,hard,25,30,0.8125,0.690356484642353,0.9121855328567512,0.0022934788800760366,0.0004837895140269219,6.523406557636681e-05,0.05220009948711155
cont,Sphere,9,WOA,10000,easy,30,30,0.96875,0.9078859400526763,0.998346745733359,0.0002947669546477342,0.00020653657864074743,8.81561188277171e-06,0.0008792875517049352
cont,Sphere,9,WOA,10000,med,30,30,0.96875,0.9078859400526763,0.998346745733359,0.0002947669546477342,0.00020653657864074743,8.81561188277171e-06,0.0008792875517049352
cont,Sphere,9,WOA,10000,hard,30,30,0.96875,0.9078859400526763,0.998346745733359,0.0002947669546477342,0.00020653657864074743,8.81561188277171e-06,0.0008792875517049352
cont,Sphere,10,ALO,2000,easy,0,30,0.03125,0.0016532542666409576,0.09211405994732372,28.33252801668901,26.077716961321514,14.759973543696805,60.41991226192843
cont,Sphere,10,ALO,2000,med,0,30,0.03125,0.0016532542666409576,0.09211405994732372,28.33252801668901,26.077716961321514,14.759973543696805,60.41991226192843
cont,Sphere,10,ALO,2000,hard,0,30,0.03125,0.0016532542666409576,0.09211405994732372,28.33252801668901,26.077716961321514,14.759973543696805,60.41991226192843
cont,Sphere,10,ALO,5000,easy,0,30,0.03125,0.0016532542666409576,0.09211405994732372,25.029129599395322,24.465789369674802,9.258096495018142,42.98266479408324
cont,Sphere,10,ALO,5000,med,0,30,0.03125,0.0016532542666409576,0.09211405994732372,25.029129599395322,24.465789369674802,9.258096495018142,42.98266479408324
cont,Sphere,10,ALO,5000,hard,0,30,0.03125,0.0016532542666409576,0.09211405994732372,25.029129599395322,24.465789369674802,9.258096495018142,42.98266479408324
cont,Sphere,10,ALO,8000,easy,0,30,0.03125,0.0016532542666409576,0.09211405994732372,22.51549650260034,22.219104208567988,6.3185337304485545,38.0788558095572
cont,Sphere,10,ALO,8000,med,0,30,0.03125,0.0016532542666409576,0.09211405994732372,22.51549650260034,22.219104208567988,6.3185337304485545,38.0788558095572
cont,Sphere,10,ALO,8000,hard,0,30,0.03125,0.0016532542666409576,0.09211405994732372,22.51549650260034,22.219104208567988,6.3185337304485545,38.0788558095572
cont,Sphere,10,ALO,10000,easy,0,30,0.03125,0.0016532542666409576,0.09211405994732372,20.879971477712083,19.896011590932034,6.892315173649656,33.31215676279824
cont,Sphere,10,ALO,10000,med,0,30,0.03125,0.0016532542666409576,0.09211405994732372,20.879971477712083,19.896011590932034,6.892315173649656,33.31215676279824
cont,Sphere,10,ALO,10000,hard,0,30,0.03125,0.0016532542666409576,0.09211405994732372,20.879971477712083,19.896011590932034,6.892315173649656,33.31215676279824
cont,Sphere,10,BA,2000,easy,0,30,0.03125,0.0016532542666409576,0.09211405994732372,22.004369257719198,21.12849543534668,6.814887187720484,53.10968596824388
cont,Sphere,10,BA,2000,med,0,30,0.03125,0.0016532542666409576,0.09211405994732372,22.004369257719198,21.12849543534668,6.814887187720484,53.10968596824388
cont,Sphere,10,BA,2000,hard,0,30,0.03125,0.0016532542666409576,0.09211405994732372,22.004369257719198,21.12849543534668,6.814887187720484,53.10968596824388
cont,Sphere,10,BA,5000,easy,0,30,0.03125,0.0016532542666409576,0.09211405994732372,19.223191039048494,17.87045681925666,2.8193647309809236,35.94828926154546
cont,Sphere,10,BA,5000,med,0,30,0.03125,0.0016532542666409576,0.09211405994732372,19.223191039048494,17.87045681925666,2.8193647309809236,35.94828926154546
cont,Sphere,10,BA,5000,hard,0,30,0.03125,0.0016532542666409576,0.09211405994732372,19.223191039048494,17.87045681925666,2.8193647309809236,35.94828926154546
cont,Sphere,10,BA,8000,easy,0,30,0.03125,0.0016532542666409576,0.09211405994732372,10.841391732867162,10.919474774946538,2.306376297607522,24.80725903655625
cont,Sphere,10,BA,8000,med,0,30,0.03125,0.0016532542666409576,0.09211405994732372,10.841391732867162,10.919474774946538,2.306376297607522,24.80725903655625
cont,Sphere,10,BA,8000,hard,0,30,0.03125,0.0016532542666409576,0.09211405994732372,10.841391732867162,10.919474774946538,2.306376297607522,24.80725903655625
cont,Sphere,10,BA,10000,easy,0,30,0.03125,0.0016532542666409576,0.09211405994732372,11.181633187881623,9.662226371190654,2.505403280849122,28.567427397092516
cont,Sphere,10,BA,10000,med,0,30,0.03125,0.0016532542666409576,0.09211405994732372,11.181633187881623,9.662226371190654,2.505403280849122,28.567427397092516
cont,Sphere,10,BA,10000,hard,0,30,0.03125,0.0016532542666409576,0.09211405994732372,11.181633187881623,9.662226371190654,2.505403280849122,28.567427397092516
cont,Sphere,10,ES_1P1,2000,easy,30,30,0.96875,0.9078859400526763,0.998346745733359,3.3712600024079477e-15,1.868977901640234e-15,5.867271540283897e-16,2.5152029769158593e-14
cont,Sphere,10,ES_1P1,2000,med,30,30,0.96875,0.9078859400526763,0.998346745733359,3.3712600024079477e-15,1.868977901640234e-15,5.867271540283897e-16,2.5152029769158593e-14
cont,Sphere,10,ES_1P1,2000,hard,30,30,0.96875,0.9078859400526763,0.998346745733359,3.3712600024079477e-15,1.868977901640234e-15,5.867271540283897e-16,2.5152029769158593e-14
cont,Sphere,10,ES_1P1,5000,easy,30,30,0.96875,0.9078859400526763,0.998346745733359,1.4675619042353633e-24,1.5164714219020775e-24,8.636111859878018e-25,2.267431355479582e-24
cont,Sphere,10,ES_1P1,5000,med,30,30,0.96875,0.9078859400526763,0.998346745733359,1.4675619042353633e-24,1.5164714219020775e-24,8.636111859878018e-25,2.267431355479582e-24
cont,Sphere,10,ES_1P1,5000,hard,30,30,0.96875,0.9078859400526763,0.998346745733359,1.4675619042353633e-24,1.5164714219020775e-24,8.636111859878018e-25,2.267431355479582e-24
cont,Sphere,10,ES_1P1,8000,easy,30,30,0.96875,0.9078859400526763,0.998346745733359,1.1815602066836607e-24,1.1553837701207316e-24,7.391482961324711e-25,1.6560950304421663e-24
cont,Sphere,10,ES_1P1,8000,med,30,30,0.96875,0.9078859400526763,0.998346745733359,1.1815602066836607e-24,1.1553837701207316e-24,7.391482961324711e-25,1.6560950304421663e-24
cont,Sphere,10,ES_1P1,8000,hard,30,30,0.96875,0.9078859400526763,0.998346745733359,1.1815602066836607e-24,1.1553837701207316e-24,7.391482961324711e-25,1.6560950304421663e-24
cont,Sphere,10,ES_1P1,10000,easy,30,30,0.96875,0.9078859400526763,0.998346745733359,1.0691215490004001e-24,1.014432083431824e-24,6.194328605679098e-25,1.6476742268573078e-24
cont,Sphere,10,ES_1P1,10000,med,30,30,0.96875,0.9078859400526763,0.998346745733359,1.0691215490004001e-24,1.014432083431824e-24,6.194328605679098e-25,1.6476742268573078e-24
cont,Sphere,10,ES_1P1,10000,hard,30,30,0.96875,0.9078859400526763,0.998346745733359,1.0691215490004001e-24,1.014432083431824e-24,6.194328605679098e-25,1.6476742268573078e-24
cont,Sphere,10,FA,2000,easy,0,30,0.03125,0.0016532542666409576,0.09211405994732372,18.10617553023756,18.406780466254684,8.966117943462201,26.78418701285627
cont,Sphere,10,FA,2000,med,0,30,0.03125,0.0016532542666409576,0.09211405994732372,18.10617553023756,18.406780466254684,8.966117943462201,26.78418701285627
cont,Sphere,10,FA,2000,hard,0,30,0.03125,0.0016532542666409576,0.09211405994732372,18.10617553023756,18.406780466254684,8.966117943462201,26.78418701285627
cont,Sphere,10,FA,5000,easy,0,30,0.03125,0.0016532542666409576,0.09211405994732372,13.120637711275087,12.337686963431594,8.04757623843586,21.52230601101236
cont,Sphere,10,FA,5000,med,0,30,0.03125,0.0016532542666409576,0.09211405994732372,13.120637711275087,12.337686963431594,8.04757623843586,21.52230601101236
cont,Sphere,10,FA,5000,hard,0,30,0.03125,0.0016532542666409576,0.09211405994732372,13.120637711275087,12.337686963431594,8.04757623843586,21.52230601101236
cont,Sphere,10,FA,8000,easy,0,30,0.03125,0.0016532542666409576,0.09211405994732372,11.676511779168631,11.69840337166152,5.398620979647726,18.30137668935206
cont,Sphere,10,FA,8000,med,0,30,0.03125,0.0016532542666409576,0.09211405994732372,11.676511779168631,11.69840337166152,5.398620979647726,18.30137668935206
cont,Sphere,10,FA,8000,hard,0,30,0.03125,0.0016532542666409576,0.09211405994732372,11.676511779168631,11.69840337166152,5.398620979647726,18.30137668935206
cont,Sphere,10,FA,10000,easy,0,30,0.03125,0.0016532542666409576,0.09211405994732372,11.250365325713027,11.290754151177985,5.352263806773386,15.626502959429796
cont,Sphere,10,FA,10000,med,0,30,0.03125,0.0016532542666409576,0.09211405994732372,11.250365325713027,11.290754151177985,5.352263806773386,15.626502959429796
cont,Sphere,10,FA,10000,hard,0,30,0.03125,0.0016532542666409576,0.09211405994732372,11.250365325713027,11.290754151177985,5.352263806773386,15.626502959429796
cont,Sphere,10,GWO,2000,easy,16,30,0.53125,0.3869822549447333,0.6732606351024929,0.21911547084067975,0.08099638244411539,0.0014560603820013111,1.3842700735820315
cont,Sphere,10,GWO,2000,med,9,30,0.3125,0.18662163557046532,0.4519044172193684,0.21911547084067975,0.08099638244411539,0.0014560603820013111,1.3842700735820315
cont,Sphere,10,GWO,2000,hard,0,30,0.03125,0.0016532542666409576,0.09211405994732372,0.21911547084067975,0.08099638244411539,0.0014560603820013111,1.3842700735820315
cont,Sphere,10,GWO,5000,easy,16,30,0.53125,0.3869822549447333,0.6732606351024929,0.14298321918011103,0.04566339501962629,0.00019408630993869108,0.7127899440535012
cont,Sphere,10,GWO,5000,med,15,30,0.5,0.3565721369616578,0.6434278630383421,0.14298321918011103,0.04566339501962629,0.00019408630993869108,0.7127899440535012
cont,Sphere,10,GWO,5000,hard,9,30,0.3125,0.18662163557046532,0.4519044172193684,0.14298321918011103,0.04566339501962629,0.00019408630993869108,0.7127899440535012
cont,Sphere,10,GWO,8000,easy,3,30,0.125,0.04530017302264189,0.23150297514336832,0.33484234511218797,0.16700761217901844,0.00035775284237617714,1.887443733573435
cont,Sphere,10,GWO,8000,med,3,30,0.125,0.04530017302264189,0.23150297514336832,0.33484234511218797,0.16700761217901844,0.00035775284237617714,1.887443733573435
cont,Sphere,10,GWO,8000,hard,3,30,0.125,0.04530017302264189,0.23150297514336832,0.33484234511218797,0.16700761217901844,0.00035775284237617714,1.887443733573435
cont,Sphere,10,GWO,10000,easy,4,30,0.15625,0.06578047054601774,0.2713711815575147,0.41964375510132246,0.1633785036360014,5.4422160817137454e-05,2.3428641738957485
cont,Sphere,10,GWO,10000,med,4,30,0.15625,0.06578047054601774,0.2713711815575147,0.41964375510132246,0.1633785036360014,5.4422160817137454e-05,2.3428641738957485
cont,Sphere,10,GWO,10000,hard,4,30,0.15625,0.06578047054601774,0.2713711815575147,0.41964375510132246,0.1633785036360014,5.4422160817137454e-05,2.3428641738957485
cont,Sphere,10,MFO,2000,easy,0,30,0.03125,0.0016532542666409576,0.09211405994732372,5.256396768245316,4.534297245756022,0.464400759567914,16.909715858497286
cont,Sphere,10,MFO,2000,med,0,30,0.03125,0.0016532542666409576,0.09211405994732372,5.256396768245316,4.534297245756022,0.464400759567914,16.909715858497286
cont,Sphere,10,MFO,2000,hard,0,30,0.03125,0.0016532542666409576,0.09211405994732372,5.256396768245316,4.534297245756022,0.464400759567914,16.909715858497286
cont,Sphere,10,MFO,5000,easy,0,30,0.03125,0.0016532542666409576,0.09211405994732372,3.329482711883013,2.657687671383611,0.5587622733231816,8.45623791836392
cont,Sphere,10,MFO,5000,med,0,30,0.03125,0.0016532542666409576,0.09211405994732372,3.329482711883013,2.657687671383611,0.5587622733231816,8.45623791836392
cont,Sphere,10,MFO,5000,hard,0,30,0.03125,0.0016532542666409576,0.09211405994732372,3.329482711883013,2.657687671383611,0.5587622733231816,8.45623791836392
cont,Sphere,10,MFO,8000,easy,0,30,0.03125,0.0016532542666409576,0.09211405994732372,2.3865427887334083,2.2171037270407563,0.10496361010469867,5.755110816214854
cont,Sphere,10,MFO,8000,med,0,30,0.03125,0.0016532542666409576,0.09211405994732372,2.3865427887334083,2.2171037270407563,0.10496361010469867,5.755110816214854
cont,Sphere,10,MFO,8000,hard,0,30,0.03125,0.0016532542666409576,0.09211405994732372,2.3865427887334083,2.2171037270407563,0.10496361010469867,5.755110816214854
cont,Sphere,10,MFO,10000,easy,0,30,0.03125,0.0016532542666409576,0.09211405994732372,1.9562632561840105,1.3684058660573164,0.25950628436673845,8.443873439614489
cont,Sphere,10,MFO,10000,med,0,30,0.03125,0.0016532542666409576,0.09211405994732372,1.9562632561840105,1.3684058660573164,0.25950628436673845,8.443873439614489
cont,Sphere,10,MFO,10000,hard,0,30,0.03125,0.0016532542666409576,0.09211405994732372,1.9562632561840105,1.3684058660573164,0.25950628436673845,8.443873439614489
cont,Sphere,10,PSO_GBEST,2000,easy,30,30,0.96875,0.9078859400526763,0.998346745733359,0.0036111240624020296,0.0032210746817067986,0.0009087361915321443,0.010477148054040831
cont,Sphere,10,PSO_GBEST,2000,med,29,30,0.9375,0.8559096086816552,0.9884146841385564,0.0036111240624020296,0.0032210746817067986,0.0009087361915321443,0.010477148054040831
cont,Sphere,10,PSO_GBEST,2000,hard,1,30,0.0625,0.011585315861443594,0.14409039131834475,0.0036111240624020296,0.0032210746817067986,0.0009087361915321443,0.010477148054040831
cont,Sphere,10,PSO_GBEST,5000,easy,30,30,0.96875,0.9078859400526763,0.998346745733359,2.237473462310483e-08,1.5617130574137982e-08,9.93019095770763e-10,1.7310515152655298e-07
cont,Sphere,10,PSO_GBEST,5000,med,30,30,0.96875,0.9078859400526763,0.998346745733359,2.237473462310483e-08,1.5617130574137982e-08,9.93019095770763e-10,1.7310515152655298e-07
cont,Sphere,10,PSO_GBEST,5000,hard,30,30,0.96875,0.9078859400526763,0.998346745733359,2.237473462310483e-08,1.5617130574137982e-08,9.93019095770763e-10,1.7310515152655298e-07
cont,Sphere,10,PSO_GBEST,8000,easy,28,30,0.90625,0.8105355325744613,0.9730998803088509,0.49816683113695404,1.026064045014952e-13,2.0481121697393845e-15,8.0258781924793
cont,Sphere,10,PSO_GBEST,8000,med,28,30,0.90625,0.8105355325744613,0.9730998803088509,0.49816683113695404,1.026064045014952e-13,2.0481121697393845e-15,8.0258781924793
cont,Sphere,10,PSO_GBEST,8000,hard,28,30,0.90625,0.8105355325744613,0.9730998803088509,0.49816683113695404,1.026064045014952e-13,2.0481121697393845e-15,8.0258781924793
cont,Sphere,10,PSO_GBEST,10000,easy,30,30,0.96875,0.9078859400526763,0.998346745733359,7.733874968190397e-17,2.918126935059467e-17,3.322153389663359e-18,8.940272809736466e-16
cont,Sphere,10,PSO_GBEST,10000,med,30,30,0.96875,0.9078859400526763,0.998346745733359,7.733874968190397e-17,2.918126935059467e-17,3.322153389663359e-18,8.940272809736466e-16
cont,Sphere,10,PSO_GBEST,10000,hard,30,30,0.96875,0.9078859400526763,0.998346745733359,7.733874968190397e-17,2.918126935059467e-17,3.322153389663359e-18,8.940272809736466e-16
cont,Sphere,10,WOA,2000,easy,23,30,0.75,0.6173897690830179,0.8645994152416211,0.15396923898251613,0.0321115175224891,0.0037186604136966455,1.1728881866104228
cont,Sphere,10,WOA,2000,med,4,30,0.15625,0.06578047054601774,0.2713711815575147,0.15396923898251613,0.0321115175224891,0.0037186604136966455,1.1728881866104228
cont,Sphere,10,WOA,2000,hard,0,30,0.03125,0.0016532542666409576,0.09211405994732372,0.15396923898251613,0.0321115175224891,0.0037186604136966455,1.1728881866104228
cont,Sphere,10,WOA,5000,easy,26,30,0.84375,0.7286288184424853,0.9342195294539822,0.03318199982194706,0.002516594105254187,0.00033704634048850065,0.37375411320823065
cont,Sphere,10,WOA,5000,med,21,30,0.6875,0.5480955827806314,0.8133783644295347,0.03318199982194706,0.002516594105254187,0.00033704634048850065,0.37375411320823065
cont,Sphere,10,WOA,5000,hard,7,30,0.25,0.1354005847583789,0.3826102309169821,0.03318199982194706,0.002516594105254187,0.00033704634048850065,0.37375411320823065
cont,Sphere,10,WOA,8000,easy,30,30,0.96875,0.9078859400526763,0.998346745733359,0.0009199349931713131,0.0005938192154408602,3.607381454945754e-05,0.0025081864147948095
cont,Sphere,10,WOA,8000,med,30,30,0.96875,0.9078859400526763,0.998346745733359,0.0009199349931713131,0.0005938192154408602,3.607381454945754e-05,0.0025081864147948095
cont,Sphere,10,WOA,8000,hard,19,30,0.625,0.4817507467611476,0.7592251415339075,0.0009199349931713131,0.0005938192154408602,3.607381454945754e-05,0.0025081864147948095
cont,Sphere,10,WOA,10000,easy,30,30,0.96875,0.9078859400526763,0.998346745733359,0.0005718804777658633,0.0003224097532627606,1.403832475603764e-05,0.0027794815414734384
cont,Sphere,10,WOA,10000,med,30,30,0.96875,0.9078859400526763,0.998346745733359,0.0005718804777658633,0.0003224097532627606,1.403832475603764e-05,0.0027794815414734384
cont,Sphere,10,WOA,10000,hard,24,30,0.78125,0.6533474562111927,0.8889112287407399,0.0005718804777658633,0.0003224097532627606,1.403832475603764e-05,0.0027794815414734384
cont,Sphere,11,ALO,2000,easy,0,30,0.03125,0.0016532542666409576,0.09211405994732372,28.845789708950555,26.664634683864023,12.794139690290434,48.65142026213652
cont,Sphere,11,ALO,2000,med,0,30,0.03125,0.0016532542666409576,0.09211405994732372,28.845789708950555,26.664634683864023,12.794139690290434,48.65142026213652
cont,Sphere,11,ALO,2000,hard,0,30,0.03125,0.0016532542666409576,0.09211405994732372,28.845789708950555,26.664634683864023,12.794139690290434,48.65142026213652
cont,Sphere,11,ALO,5000,easy,0,30,0.03125,0.0016532542666409576,0.09211405994732372,26.273112976952714,24.948930235565946,10.23844710294207,45.37487242726127
cont,Sphere,11,ALO,5000,med,0,30,0.03125,0.0016532542666409576,0.09211405994732372,26.273112976952714,24.948930235565946,10.23844710294207,45.37487242726127
cont,Sphere,11,ALO,5000,hard,0,30,0.03125,0.0016532542666409576,0.09211405994732372,26.273112976952714,24.948930235565946,10.23844710294207,45.37487242726127
cont,Sphere,11,ALO,8000,easy,0,30,0.03125,0.0016532542666409576,0.09211405994732372,23.178388051239104,21.47351061402582,9.58903692188957,40.762931745278884
cont,Sphere,11,ALO,8000,med,0,30,0.03125,0.0016532542666409576,0.09211405994732372,23.178388051239104,21.47351061402582,9.58903692188957,40.762931745278884
cont,Sphere,11,ALO,8000,hard,0,30,0.03125,0.0016532542666409576,0.09211405994732372,23.178388051239104,21.47351061402582,9.58903692188957,40.762931745278884
cont,Sphere,11,ALO,10000,easy,0,30,0.03125,0.0016532542666409576,0.09211405994732372,22.23837325241654,21.245676290273835,5.965179543320894,35.31234031787872
cont,Sphere,11,ALO,10000,med,0,30,0.03125,0.0016532542666409576,0.09211405994732372,22.23837325241654,21.245676290273835,5.965179543320894,35.31234031787872
cont,Sphere,11,ALO,10000,hard,0,30,0.03125,0.0016532542666409576,0.09211405994732372,22.23837325241654,21.245676290273835,5.965179543320894,35.31234031787872
cont,Sphere,11,BA,2000,easy,0,30,0.03125,0.0016532542666409576,0.09211405994732372,20.367851032144827,20.489219676018507,6.325936489523582,44.047577384983484
cont,Sphere,11,BA,2000,med,0,30,0.03125,0.0016532542666409576,0.09211405994732372,20.367851032144827,20.489219676018507,6.325936489523582,44.047577384983484
cont,Sphere,11,BA,2000,hard,0,30,0.03125,0.0016532542666409576,0.09211405994732372,20.367851032144827,20.489219676018507,6.325936489523582,44.047577384983484
cont,Sphere,11,BA,5000,easy,0,30,0.03125,0.0016532542666409576,0.09211405994732372,15.072004014264198,14.088216311688047,5.161788652757413,32.58969908722592
cont,Sphere,11,BA,5000,med,0,30,0.03125,0.0016532542666409576,0.09211405994732372,15.072004014264198,14.088216311688047,5.161788652757413,32.58969908722592
cont,Sphere,11,BA,5000,hard,0,30,0.03125,0.0016532542666409576,0.09211405994732372,15.072004014264198,14.088216311688047,5.161788652757413,32.58969908722592
cont,Sphere,11,BA,8000,easy,0,30,0.03125,0.0016532542666409576,0.09211405994732372,9.885954302719858,9.107440909343023,3.020351793832653,22.31150494107638
cont,Sphere,11,BA,8000,med,0,30,0.03125,0.0016532542666409576,0.09211405994732372,9.885954302719858,9.107440909343023,3.020351793832653,22.31150494107638
cont,Sphere,11,BA,8000,hard,0,30,0.03125,0.0016532542666409576,0.09211405994732372,9.885954302719858,9.107440909343023,3.020351793832653,22.31150494107638
cont,Sphere,11,BA,10000,easy,0,30,0.03125,0.0016532542666409576,0.09211405994732372,8.424332746785867,8.709142043481886,0.18403029396878912,19.380030453039623
cont,Sphere,11,BA,10000,med,0,30,0.03125,0.0016532542666409576,0.09211405994732372,8.424332746785867,8.709142043481886,0.18403029396878912,19.380030453039623
cont,Sphere,11,BA,10000,hard,0,30,0.03125,0.0016532542666409576,0.09211405994732372,8.424332746785867,8.709142043481886,0.18403029396878912,19.380030453039623
cont,Sphere,11,ES_1P1,2000,easy,30,30,0.96875,0.9078859400526763,0.998346745733359,3.752511946387059e-15,1.6032673747622316e-15,3.0519525805988173e-16,1.8170786363541762e-14
cont,Sphere,11,ES_1P1,2000,med,30,30,0.96875,0.9078859400526763,0.998346745733359,3.752511946387059e-15,1.6032673747622316e-15,3.0519525805988173e-16,1.8170786363541762e-14
cont,Sphere,11,ES_1P1,2000,hard,30,30,0.96875,0.9078859400526763,0.998346745733359,3.752511946387059e-15,1.6032673747622316e-15,3.0519525805988173e-16,1.8170786363541762e-14
cont,Sphere,11,ES_1P1,5000,easy,30,30,0.96875,0.9078859400526763,0.998346745733359,1.4532179359757463e-24,1.3901510122895421e-24,5.839687156977413e-25,2.1533566698178037e-24
cont,Sphere,11,ES_1P1,5000,med,30,30,0.96875,0.9078859400526763,0.998346745733359,1.4532179359757463e-24,1.3901510122895421e-24,5.839687156977413e-25,2.1533566698178037e-24
cont,Sphere,11,ES_1P1,5000,hard,30,30,0.96875,0.9078859400526763,0.998346745733359,1.4532179359757463e-24,1.3901510122895421e-24,5.839687156977413e-25,2.1533566698178037e-24
cont,Sphere,11,ES_1P1,8000,easy,30,30,0.96875,0.9078859400526763,0.998346745733359,1.0654534910062402e-24,1.1617621812367219e-24,2.8731004806627307e-25,1.871797373839389e-24
cont,Sphere,11,ES_1P1,8000,med,30,30,0.96875,0.9078859400526763,0.998346745733359,1.0654534910062402e-24,1.1617621812367219e-24,2.8731004806627307e-25,1.871797373839389e-24
cont,Sphere,11,ES_1P1,8000,hard,30,30,0.96875,0.9078859400526763,0.998346745733359,1.0654534910062402e-24,1.1617621812367219e-24,2.8731004806627307e-25,1.871797373839389e-24
cont,Sphere,11,ES_1P1,10000,easy,30,30,0.96875,0.9078859400526763,0.998346745733359,1.0396976005573256e-24,1.0348791119613057e-24,4.61761195348249e-25,1.544487252268342e-24
cont,Sphere,11,ES_1P1,10000,med,30,30,0.96875,0.9078859400526763,0.998346745733359,1.0396976005573256e-24,1.0348791119613057e-24,4.61761195348249e-25,1.544487252268342e-24
cont,Sphere,11,ES_1P1,10000,hard,30,30,0.96875,0.9078859400526763,0.998346745733359,1.0396976005573256e-24,1.0348791119613057e-24,4.61761195348249e-25,1.544487252268342e-24
cont,Sphere,11,FA,2000,easy,0,30,0.03125,0.0016532542666409576,0.09211405994732372,17.022166005359534,16.93374727514657,8.37972640853001,26.504956176883073
cont,Sphere,11,FA,2000,med,0,30,0.03125,0.0016532542666409576,0.09211405994732372,17.022166005359534,16.93374727514657,8.37972640853001,26.504956176883073
cont,Sphere,11,FA,2000,hard,0,30,0.03125,0.0016532542666409576,0.09211405994732372,17.022166005359534,16.93374727514657,8.37972640853001,26.504956176883073
cont,Sphere,11,FA,5000,easy,0,30,0.03125,0.0016532542666409576,0.09211405994732372,13.417839590439332,12.809618402027816,7.151079488394251,22.815266298317287
cont,Sphere,11,FA,5000,med,0,30,0.03125,0.0016532542666409576,0.09211405994732372,13.417839590439332,12.809618402027816,7.151079488394251,22.815266298317287
cont,Sphere,11,FA,5000,hard,0,30,0.03125,0.0016532542666409576,0.09211405994732372,13.417839590439332,12.809618402027816,7.151079488394251,22.815266298317287
cont,Sphere,11,FA,8000,easy,0,30,0.03125,0.0016532542666409576,0.09211405994732372,11.743393372681883,12.261230295090094,6.011544976147983,19.64736600622131
cont,Sphere,11,FA,8000,med,0,30,0.03125,0.0016532542666409576,0.09211405994732372,11.743393372681883,12.261230295090094,6.011544976147983,19.64736600622131
cont,Sphere,11,FA,8000,hard,0,30,0.03125,0.0016532542666409576,0.09211405994732372,11.743393372681883,12.261230295090094,6.011544976147983,19.64736600622131
cont,Sphere,11,FA,10000,easy,0,30,0.03125,0.0016532542666409576,0.09211405994732372,11.79814734817175,11.690735887833746,6.924403493959779,17.581097792985325
cont,Sphere,11,FA,10000,med,0,30,0.03125,0.0016532542666409576,0.09211405994732372,11.79814734817175,11.690735887833746,6.924403493959779,17.581097792985325
cont,Sphere,11,FA,10000,hard,0,30,0.03125,0.0016532542666409576,0.09211405994732372,11.79814734817175,11.690735887833746,6.924403493959779,17.581097792985325
cont,Sphere,11,GWO,2000,easy,25,30,0.8125,0.690356484642353,0.9121855328567512,0.058105365171199005,0.02998193821205474,0.0008016471696009928,0.4974507050549071
cont,Sphere,11,GWO,2000,med,8,30,0.28125,0.16061109125637793,0.4176603337442609,0.058105365171199005,0.02998193821205474,0.0008016471696009928,0.4974507050549071
cont,Sphere,11,GWO,2000,hard,1,30,0.0625,0.011585315861443594,0.14409039131834475,0.058105365171199005,0.02998193821205474,0.0008016471696009928,0.4974507050549071
cont,Sphere,11,GWO,5000,easy,19,30,0.625,0.4817507467611476,0.7592251415339075,0.13719124974226557,0.0587586053626277,0.0004028555540677319,1.1620081771936879
cont,Sphere,11,GWO,5000,med,3,30,0.125,0.04530017302264189,0.23150297514336832,0.13719124974226557,0.0587586053626277,0.0004028555540677319,1.1620081771936879
cont,Sphere,11,GWO,5000,hard,2,30,0.09375,0.02690011969114915,0.18946446742553866,0.13719124974226557,0.0587586053626277,0.0004028555540677319,1.1620081771936879
cont,Sphere,11,GWO,8000,easy,13,30,0.4375,0.29748724009093563,0.582026568673327,0.15887025720445758,0.10386266650198409,0.0006480336599260941,0.6257539083454083
cont,Sphere,11,GWO,8000,med,2,30,0.09375,0.02690011969114915,0.18946446742553866,0.15887025720445758,0.10386266650198409,0.0006480336599260941,0.6257539083454083
cont,Sphere,11,GWO,8000,hard,1,30,0.0625,0.011585315861443594,0.14409039131834475,0.15887025720445758,0.10386266650198409,0.0006480336599260941,0.6257539083454083
cont,Sphere,11,GWO,10000,easy,13,30,0.4375,0.29748724009093563,0.582026568673327,0.13500422836302717,0.10233604073586414,0.01931510296907297,0.5103556004417935
cont,Sphere,11,GWO,10000,med,0,30,0.03125,0.0016532542666409576,0.09211405994732372,0.13500422836302717,0.10233604073586414,0.01931510296907297,0.5103556004417935
cont,Sphere,11,GWO,10000,hard,0,30,0.03125,0.0016532542666409576,0.09211405994732372,0.13500422836302717,0.10233604073586414,0.01931510296907297,0.5103556004417935
cont,Sphere,11,MFO,2000,easy,0,30,0.03125,0.0016532542666409576,0.09211405994732372,4.457694514497759,3.68460485808027,1.7347412138700296,14.147343275715427
cont,Sphere,11,MFO,2000,med,0,30,0.03125,0.0016532542666409576,0.09211405994732372,4.457694514497759,3.68460485808027,1.7347412138700296,14.147343275715427
cont,Sphere,11,MFO,2000,hard,0,30,0.03125,0.0016532542666409576,0.09211405994732372,4.457694514497759,3.68460485808027,1.7347412138700296,14.147343275715427
cont,Sphere,11,MFO,5000,easy,0,30,0.03125,0.0016532542666409576,0.09211405994732372,3.350806101318766,2.720400627433855,0.9494156978065198,8.028675649929928
cont,Sphere,11,MFO,5000,med,0,30,0.03125,0.0016532542666409576,0.09211405994732372,3.350806101318766,2.720400627433855,0.9494156978065198,8.028675649929928
cont,Sphere,11,MFO,5000,hard,0,30,0.03125,0.0016532542666409576,0.09211405994732372,3.350806101318766,2.720400627433855,0.9494156978065198,8.028675649929928
cont,Sphere,11,MFO,8000,easy,0,30,0.03125,0.0016532542666409576,0.09211405994732372,2.3295137473122414,1.9329374758335973,0.4064803083332224,5.863632333658076
cont,Sphere,11,MFO,8000,med,0,30,0.03125,0.0016532542666409576,0.09211405994732372,2.3295137473122414,1.9329374758335973,0.4064803083332224,5.863632333658076
cont,Sphere,11,MFO,8000,hard,0,30,0.03125,0.0016532542666409576,0.09211405994732372,2.3295137473122414,1.9329374758335973,0.4064803083332224,5.863632333658076
cont,Sphere,11,MFO,10000,easy,1,30,0.0625,0.011585315861443594,0.14409039131834475,1.71771493188741,1.2377447175974696,0.06843262142180281,5.470283550283164
cont,Sphere,11,MFO,10000,med,0,30,0.03125,0.0016532542666409576,0.09211405994732372,1.71771493188741,1.2377447175974696,0.06843262142180281,5.470283550283164
cont,Sphere,11,MFO,10000,hard,0,30,0.03125,0.0016532542666409576,0.09211405994732372,1.71771493188741,1.2377447175974696,0.06843262142180281,5.470283550283164
cont,Sphere,11,PSO_GBEST,2000,easy,30,30,0.96875,0.9078859400526763,0.998346745733359,0.004088959689019534,0.004233785270701983,0.0008247783192472657,0.012856311429017423
cont,Sphere,11,PSO_GBEST,2000,med,29,30,0.9375,0.8559096086816552,0.9884146841385564,0.004088959689019534,0.004233785270701983,0.0008247783192472657,0.012856311429017423
cont,Sphere,11,PSO_GBEST,2000,hard,1,30,0.0625,0.011585315861443594,0.14409039131834475,0.004088959689019534,0.004233785270701983,0.0008247783192472657,0.012856311429017423
cont,Sphere,11,PSO_GBEST,5000,easy,30,30,0.96875,0.9078859400526763,0.998346745733359,2.3854235382327404e-08,1.799965928863323e-08,2.2197387830658233e-09,1.1433235578332224e-07
cont,Sphere,11,PSO_GBEST,5000,med,30,30,0.96875,0.9078859400526763,0.998346745733359,2.3854235382327404e-08,1.799965928863323e-08,2.2197387830658233e-09,1.1433235578332224e-07
cont,Sphere,11,PSO_GBEST,5000,hard,30,30,0.96875,0.9078859400526763,0.998346745733359,2.3854235382327404e-08,1.799965928863323e-08,2.2197387830658233e-09,1.1433235578332224e-07
cont,Sphere,11,PSO_GBEST,8000,easy,30,30,0.96875,0.9078859400526763,0.998346745733359,2.297522558150646e-13,6.248536037147493e-14,3.125542075293997e-15,1.8140083271519694e-12
cont,Sphere,11,PSO_GBEST,8000,med,30,30,0.96875,0.9078859400526763,0.998346745733359,2.297522558150646e-13,6.248536037147493e-14,3.125542075293997e-15,1.8140083271519694e-12
cont,Sphere,11,PSO_GBEST,8000,hard,30,30,0.96875,0.9078859400526763,0.998346745733359,2.297522558150646e-13,6.248536037147493e-14,3.125542075293997e-15,1.8140083271519694e-12
cont,Sphere,11,PSO_GBEST,10000,easy,30,30,0.96875,0.9078859400526763,0.998346745733359,5.227262351021779e-17,1.8928095131137967e-17,1.782497346809849e-18,6.670571003147846e-16
cont,Sphere,11,PSO_GBEST,10000,med,30,30,0.96875,0.9078859400526763,0.998346745733359,5.227262351021779e-17,1.8928095131137967e-17,1.782497346809849e-18,6.670571003147846e-16
cont,Sphere,11,PSO_GBEST,10000,hard,30,30,0.96875,0.9078859400526763,0.998346745733359,5.227262351021779e-17,1.8928095131137967e-17,1.782497346809849e-18,6.670571003147846e-16
cont,Sphere,11,WOA,2000,easy,20,30,0.65625,0.5145839256004521,0.7866395370647284,0.11639317273068671,0.053233707119602305,0.006748794917994968,0.5888882170424327
cont,Sphere,11,WOA,2000,med,1,30,0.0625,0.011585315861443594,0.14409039131834475,0.11639317273068671,0.053233707119602305,0.006748794917994968,0.5888882170424327
cont,Sphere,11,WOA,2000,hard,0,30,0.03125,0.0016532542666409576,0.09211405994732372,0.11639317273068671,0.053233707119602305,0.006748794917994968,0.5888882170424327
cont,Sphere,11,WOA,5000,easy,30,30,0.96875,0.9078859400526763,0.998346745733359,0.010274497288703166,0.004350310590087645,0.0004548242184710496,0.07313219639966163
cont,Sphere,11,WOA,5000,med,20,30,0.65625,0.5145839256004521,0.7866395370647284,0.010274497288703166,0.004350310590087645,0.0004548242184710496,0.07313219639966163
cont,Sphere,11,WOA,5000,hard,7,30,0.25,0.1354005847583789,0.3826102309169821,0.010274497288703166,0.004350310590087645,0.0004548242184710496,0.07313219639966163
cont,Sphere,11,WOA,8000,easy,30,30,0.96875,0.9078859400526763,0.998346745733359,0.0024115731042246968,0.0006681803010805038,8.458003412981286e-05,0.04517237410973939
cont,Sphere,11,WOA,8000,med,29,30,0.9375,0.8559096086816552,0.9884146841385564,0.0024115731042246968,0.0006681803010805038,8.458003412981286e-05,0.04517237410973939
cont,Sphere,11,WOA,8000,hard,18,30,0.59375,0.4495566259694524,0.7311737237767726,0.0024115731042246968,0.0006681803010805038,8.458003412981286e-05,0.04517237410973939
cont,Sphere,11,WOA,10000,easy,30,30,0.96875,0.9078859400526763,0.998346745733359,0.0013899039929251222,0.00043416184053720805,6.202299868394859e-05,0.012593386181711182
cont,Sphere,11,WOA,10000,med,29,30,0.9375,0.8559096086816552,0.9884146841385564,0.0013899039929251222,0.00043416184053720805,6.202299868394859e-05,0.012593386181711182
cont,Sphere,11,WOA,10000,hard,22,30,0.71875,0.5823396662557391,0.8393889087436222,0.0013899039929251222,0.00043416184053720805,6.202299868394859e-05,0.012593386181711182
cont,Sphere,12,ALO,2000,easy,0,30,0.03125,0.0016532542666409576,0.09211405994732372,29.490066303243673,27.014856064684814,13.332699999573812,48.36616727645562
cont,Sphere,12,ALO,2000,med,0,30,0.03125,0.0016532542666409576,0.09211405994732372,29.490066303243673,27.014856064684814,13.332699999573812,48.36616727645562
cont,Sphere,12,ALO,2000,hard,0,30,0.03125,0.0016532542666409576,0.09211405994732372,29.490066303243673,27.014856064684814,13.332699999573812,48.36616727645562
cont,Sphere,12,ALO,5000,easy,0,30,0.03125,0.0016532542666409576,0.09211405994732372,27.376805519392803,27.099956371588583,8.498274915497658,51.49719748032525
cont,Sphere,12,ALO,5000,med,0,30,0.03125,0.0016532542666409576,0.09211405994732372,27.376805519392803,27.099956371588583,8.498274915497658,51.49719748032525
cont,Sphere,12,ALO,5000,hard,0,30,0.03125,0.0016532542666409576,0.09211405994732372,27.376805519392803,27.099956371588583,8.498274915497658,51.49719748032525
cont,Sphere,12,ALO,8000,easy,0,30,0.03125,0.0016532542666409576,0.09211405994732372,26.819640604280547,26.592027283647727,7.3943157477669486,47.83780922057475
cont,Sphere,12,ALO,8000,med,0,30,0.03125,0.0016532542666409576,0.09211405994732372,26.819640604280547,26.592027283647727,7.3943157477669486,47.83780922057475
cont,Sphere,12,ALO,8000,hard,0,30,0.03125,0.0016532542666409576,0.09211405994732372,26.819640604280547,26.592027283647727,7.3943157477669486,47.83780922057475
cont,Sphere,12,ALO,10000,easy,0,30,0.03125,0.0016532542666409576,0.09211405994732372,21.660221763875583,21.802708786336048,8.874011439339727,39.96027974496635
cont,Sphere,12,ALO,10000,med,0,30,0.03125,0.0016532542666409576,0.09211405994732372,21.660221763875583,21.802708786336048,8.874011439339727,39.96027974496635
cont,Sphere,12,ALO,10000,hard,0,30,0.03125,0.0016532542666409576,0.09211405994732372,21.660221763875583,21.802708786336048,8.874011439339727,39.96027974496635
cont,Sphere,12,BA,2000,easy,0,30,0.03125,0.0016532542666409576,0.09211405994732372,29.979070676899394,28.322974314097664,12.389812998744409,51.2954107896507
cont,Sphere,12,BA,2000,med,0,30,0.03125,0.0016532542666409576,0.09211405994732372,29.979070676899394,28.322974314097664,12.389812998744409,51.2954107896507
cont,Sphere,12,BA,2000,hard,0,30,0.03125,0.0016532542666409576,0.09211405994732372,29.979070676899394,28.322974314097664,12.389812998744409,51.2954107896507
cont,Sphere,12,BA,5000,easy,0,30,0.03125,0.0016532542666409576,0.09211405994732372,22.074378008173596,21.892224856566646,3.8485867324717185,47.04735322318843
cont,Sphere,12,BA,5000,med,0,30,0.03125,0.0016532542666409576,0.09211405994732372,22.074378008173596,21.892224856566646,3.8485867324717185,47.04735322318843
cont,Sphere,12,BA,5000,hard,0,30,0.03125,0.0016532542666409576,0.09211405994732372,22.074378008173596,21.892224856566646,3.8485867324717185,47.04735322318843
cont,Sphere,12,BA,8000,easy,0,30,0.03125,0.0016532542666409576,0.09211405994732372,17.396608971451673,16.590279096943952,2.252829014700741,38.69189769729443
cont,Sphere,12,BA,8000,med,0,30,0.03125,0.0016532542666409576,0.09211405994732372,17.396608971451673,16.590279096943952,2.252829014700741,38.69189769729443
cont,Sphere,12,BA,8000,hard,0,30,0.03125,0.0016532542666409576,0.09211405994732372,17.396608971451673,16.590279096943952,2.252829014700741,38.69189769729443
cont,Sphere,12,BA,10000,easy,0,30,0.03125,0.0016532542666409576,0.09211405994732372,15.158252028201733,15.835174758436292,4.058300797509719,33.55892233488324
cont,Sphere,12,BA,10000,med,0,30,0.03125,0.0016532542666409576,0.09211405994732372,15.158252028201733,15.835174758436292,4.058300797509719,33.55892233488324
cont,Sphere,12,BA,10000,hard,0,30,0.03125,0.0016532542666409576,0.09211405994732372,15.158252028201733,15.835174758436292,4.058300797509719,33.55892233488324
cont,Sphere,12,ES_1P1,2000,easy,30,30,0.96875,0.9078859400526763,0.998346745733359,5.012150775022975e-15,2.1533731547168123e-15,5.851759483348019e-16,4.135761583413959e-14
cont,Sphere,12,ES_1P1,2000,med,30,30,0.96875,0.9078859400526763,0.998346745733359,5.012150775022975e-15,2.1533731547168123e-15,5.851759483348019e-16,4.135761583413959e-14
cont,Sphere,12,ES_1P1,2000,hard,30,30,0.96875,0.9078859400526763,0.998346745733359,5.012150775022975e-15,2.1533731547168123e-15,5.851759483348019e-16,4.135761583413959e-14
cont,Sphere,12,ES_1P1,5000,easy,30,30,0.96875,0.9078859400526763,0.998346745733359,1.3570438559994628e-24,1.2598730161676332e-24,4.432549429867238e-25,2.2069248612325154e-24
cont,Sphere,12,ES_1P1,5000,med,30,30,0.96875,0.9078859400526763,0.998346745733359,1.3570438559994628e-24,1.2598730161676332e-24,4.432549429867238e-25,2.2069248612325154e-24
cont,Sphere,12,ES_1P1,5000,hard,30,30,0.96875,0.9078859400526763,0.998346745733359,1.3570438559994628e-24,1.2598730161676332e-24,4.432549429867238e-25,2.2069248612325154e-24
cont,Sphere,12,ES_1P1,8000,easy,30,30,0.96875,0.9078859400526763,0.998346745733359,1.1524123403237931e-24,1.1491493145643645e-24,5.351413872711574e-25,1.6354766900589454e-24
cont,Sphere,12,ES_1P1,8000,med,30,30,0.96875,0.9078859400526763,0.998346745733359,1.1524123403237931e-24,1.1491493145643645e-24,5.351413872711574e-25,1.6354766900589454e-24
cont,Sphere,12,ES_1P1,8000,hard,30,30,0.96875,0.9078859400526763,0.998346745733359,1.1524123403237931e-24,1.1491493145643645e-24,5.351413872711574e-25,1.6354766900589454e-24
cont,Sphere,12,ES_1P1,10000,easy,30,30,0.96875,0.9078859400526763,0.998346745733359,1.0266186120254893e-24,1.0574996548925015e-24,3.681103211304727e-25,1.6665388863073917e-24
cont,Sphere,12,ES_1P1,10000,med,30,30,0.96875,0.9078859400526763,0.998346745733359,1.0266186120254893e-24,1.0574996548925015e-24,3.681103211304727e-25,1.6665388863073917e-24
cont,Sphere,12,ES_1P1,10000,hard,30,30,0.96875,0.9078859400526763,0.998346745733359,1.0266186120254893e-24,1.0574996548925015e-24,3.681103211304727e-25,1.6665388863073917e-24
cont,Sphere,12,FA,2000,easy,0,30,0.03125,0.0016532542666409576,0.09211405994732372,16.057170715215058,15.787876824975909,11.764132784070448,22.651352743929664
cont,Sphere,12,FA,2000,med,0,30,0.03125,0.0016532542666409576,0.09211405994732372,16.057170715215058,15.787876824975909,11.764132784070448,22.651352743929664
cont,Sphere,12,FA,2000,hard,0,30,0.03125,0.0016532542666409576,0.09211405994732372,16.057170715215058,15.787876824975909,11.764132784070448,22.651352743929664
cont,Sphere,12,FA,5000,easy,0,30,0.03125,0.0016532542666409576,0.09211405994732372,13.244884052153825,13.089339290743322,8.309731344069872,18.09941145281451
cont,Sphere,12,FA,5000,med,0,30,0.03125,0.0016532542666409576,0.09211405994732372,13.244884052153825,13.089339290743322,8.309731344069872,18.09941145281451
cont,Sphere,12,FA,5000,hard,0,30,0.03125,0.0016532542666409576,0.09211405994732372,13.244884052153825,13.089339290743322,8.309731344069872,18.09941145281451
cont,Sphere,12,FA,8000,easy,0,30,0.03125,0.0016532542666409576,0.09211405994732372,10.824132893580222,10.681833630873104,3.8890063515941486,15.172710094102566
cont,Sphere,12,FA,8000,med,0,30,0.03125,0.0016532542666409576,0.09211405994732372,10.824132893580222,10.681833630873104,3.8890063515941486,15.172710094102566
cont,Sphere,12,FA,8000,hard,0,30,0.03125,0.0016532542666409576,0.09211405994732372,10.824132893580222,10.681833630873104,3.8890063515941486,15.172710094102566
cont,Sphere,12,FA,10000,easy,0,30,0.03125,0.0016532542666409576,0.09211405994732372,10.323080051444864,10.664630842082333,5.691986147857023,14.21582478592009
cont,Sphere,12,FA,10000,med,0,30,0.03125,0.0016532542666409576,0.09211405994732372,10.323080051444864,10.664630842082333,5.691986147857023,14.21582478592009
cont,Sphere,12,FA,10000,hard,0,30,0.03125,0.0016532542666409576,0.09211405994732372,10.323080051444864,10.664630842082333,5.691986147857023,14.21582478592009
cont,Sphere,12,GWO,2000,easy,20,30,0.65625,0.5145839256004521,0.7866395370647284,0.11169529028983559,0.0777148658873359,0.003893457142447454,0.3832101993845574
cont,Sphere,12,GWO,2000,med,4,30,0.15625,0.06578047054601774,0.2713711815575147,0.11169529028983559,0.0777148658873359,0.003893457142447454,0.3832101993845574
cont,Sphere,12,GWO,2000,hard,0,30,0.03125,0.0016532542666409576,0.09211405994732372,0.11169529028983559,0.0777148658873359,0.003893457142447454,0.3832101993845574
cont,Sphere,12,GWO,5000,easy,2,30,0.09375,0.02690011969114915,0.18946446742553866,0.20086580579316513,0.20451502897649615,0.005914728508624453,0.32642358758354
cont,Sphere,12,GWO,5000,med,1,30,0.0625,0.011585315861443594,0.14409039131834475,0.20086580579316513,0.20451502897649615,0.005914728508624453,0.32642358758354
cont,Sphere,12,GWO,5000,hard,0,30,0.03125,0.0016532542666409576,0.09211405994732372,0.20086580579316513,0.20451502897649615,0.005914728508624453,0.32642358758354
cont,Sphere,12,GWO,8000,easy,4,30,0.15625,0.06578047054601774,0.2713711815575147,0.33140963285176495,0.19796467158639663,0.013481336300205966,2.3041590160718255
cont,Sphere,12,GWO,8000,med,0,30,0.03125,0.0016532542666409576,0.09211405994732372,0.33140963285176495,0.19796467158639663,0.013481336300205966,2.3041590160718255
cont,Sphere,12,GWO,8000,hard,0,30,0.03125,0.0016532542666409576,0.09211405994732372,0.33140963285176495,0.19796467158639663,0.013481336300205966,2.3041590160718255
cont,Sphere,12,GWO,10000,easy,1,30,0.0625,0.011585315861443594,0.14409039131834475,0.29502929061781735,0.2633803783610117,0.07013604451632306,2.301222971827367
cont,Sphere,12,GWO,10000,med,0,30,0.03125,0.0016532542666409576,0.09211405994732372,0.29502929061781735,0.2633803783610117,0.07013604451632306,2.301222971827367
cont,Sphere,12,GWO,10000,hard,0,30,0.03125,0.0016532542666409576,0.09211405994732372,0.29502929061781735,0.2633803783610117,0.07013604451632306,2.301222971827367
cont,Sphere,12,MFO,2000,easy,0,30,0.03125,0.0016532542666409576,0.09211405994732372,8.372951807997003,6.723798259135972,2.960092754335982,24.143038502665412
cont,Sphere,12,MFO,2000,med,0,30,0.03125,0.0016532542666409576,0.09211405994732372,8.372951807997003,6.723798259135972,2.960092754335982,24.143038502665412
cont,Sphere,12,MFO,2000,hard,0,30,0.03125,0.0016532542666409576,0.09211405994732372,8.372951807997003,6.723798259135972,2.960092754335982,24.143038502665412
cont,Sphere,12,MFO,5000,easy,0,30,0.03125,0.0016532542666409576,0.09211405994732372,4.248844289718348,3.9263716927335057,1.5020451639728285,10.278677822437386
cont,Sphere,12,MFO,5000,med,0,30,0.03125,0.0016532542666409576,0.09211405994732372,4.248844289718348,3.9263716927335057,1.5020451639728285,10.278677822437386
cont,Sphere,12,MFO,5000,hard,0,30,0.03125,0.0016532542666409576,0.09211405994732372,4.248844289718348,3.9263716927335057,1.5020451639728285,10.278677822437386
cont,Sphere,12,MFO,8000,easy,0,30,0.03125,0.0016532542666409576,0.09211405994732372,4.145069705977522,3.502188275722723,0.8119466118532388,11.325921961226062
cont,Sphere,12,MFO,8000,med,0,30,0.03125,0.0016532542666409576,0.09211405994732372,4.145069705977522,3.502188275722723,0.8119466118532388,11.325921961226062
cont,Sphere,12,MFO,8000,hard,0,30,0.03125,0.0016532542666409576,0.09211405994732372,4.145069705977522,3.502188275722723,0.8119466118532388,11.325921961226062
cont,Sphere,12,MFO,10000,easy,0,30,0.03125,0.0016532542666409576,0.09211405994732372,3.0164857853520326,2.503437446857903,0.3757150101083281,14.51890259897248
cont,Sphere,12,MFO,10000,med,0,30,0.03125,0.0016532542666409576,0.09211405994732372,3.0164857853520326,2.503437446857903,0.3757150101083281,14.51890259897248
cont,Sphere,12,MFO,10000,hard,0,30,0.03125,0.0016532542666409576,0.09211405994732372,3.0164857853520326,2.503437446857903,0.3757150101083281,14.51890259897248
cont,Sphere,12,PSO_GBEST,2000,easy,29,30,0.9375,0.8559096086816552,0.9884146841385564,0.18902706582145704,0.003298262941709402,0.000682420378783517,5.5469665853493275
cont,Sphere,12,PSO_GBEST,2000,med,27,30,0.875,0.7684970248566316,0.9546998269773581,0.18902706582145704,0.003298262941709402,0.000682420378783517,5.5469665853493275
cont,Sphere,12,PSO_GBEST,2000,hard,2,30,0.09375,0.02690011969114915,0.18946446742553866,0.18902706582145704,0.003298262941709402,0.000682420378783517,5.5469665853493275
cont,Sphere,12,PSO_GBEST,5000,easy,26,30,0.84375,0.7286288184424853,0.9342195294539822,0.6893551700554184,1.715822868280342e-08,4.5608727933940126e-10,6.394663407640733
cont,Sphere,12,PSO_GBEST,5000,med,26,30,0.84375,0.7286288184424853,0.9342195294539822,0.6893551700554184,1.715822868280342e-08,4.5608727933940126e-10,6.394663407640733
cont,Sphere,12,PSO_GBEST,5000,hard,26,30,0.84375,0.7286288184424853,0.9342195294539822,0.6893551700554184,1.715822868280342e-08,4.5608727933940126e-10,6.394663407640733
cont,Sphere,12,PSO_GBEST,8000,easy,22,30,0.71875,0.5823396662557391,0.8393889087436222,1.3221118510765584,1.3940977287692982e-13,1.942738092259783e-15,5.545686916183759
cont,Sphere,12,PSO_GBEST,8000,med,22,30,0.71875,0.5823396662557391,0.8393889087436222,1.3221118510765584,1.3940977287692982e-13,1.942738092259783e-15,5.545686916183759
cont,Sphere,12,PSO_GBEST,8000,hard,22,30,0.71875,0.5823396662557391,0.8393889087436222,1.3221118510765584,1.3940977287692982e-13,1.942738092259783e-15,5.545686916183759
cont,Sphere,12,PSO_GBEST,10000,easy,23,30,0.75,0.6173897690830179,0.8645994152416211,1.085628252957243,4.553109194970033e-17,1.7397928619901306e-18,5.545686916183754
cont,Sphere,12,PSO_GBEST,10000,med,23,30,0.75,0.6173897690830179,0.8645994152416211,1.085628252957243,4.553109194970033e-17,1.7397928619901306e-18,5.545686916183754
cont,Sphere,12,PSO_GBEST,10000,hard,23,30,0.75,0.6173897690830179,0.8645994152416211,1.085628252957243,4.553109194970033e-17,1.7397928619901306e-18,5.545686916183754
cont,Sphere,12,WOA,2000,easy,13,30,0.4375,0.29748724009093563,0.582026568673327,0.18251162697871545,0.10480674997926301,0.01692228192804838,1.1511286138200492
cont,Sphere,12,WOA,2000,med,0,30,0.03125,0.0016532542666409576,0.09211405994732372,0.18251162697871545,0.10480674997926301,0.01692228192804838,1.1511286138200492
cont,Sphere,12,WOA,2000,hard,0,30,0.03125,0.0016532542666409576,0.09211405994732372,0.18251162697871545,0.10480674997926301,0.01692228192804838,1.1511286138200492
cont,Sphere,12,WOA,5000,easy,30,30,0.96875,0.9078859400526763,0.998346745733359,0.014692432248810807,0.010295521619817751,0.0002577317727261953,0.07041638870240292
cont,Sphere,12,WOA,5000,med,15,30,0.5,0.3565721369616578,0.6434278630383421,0.014692432248810807,0.010295521619817751,0.0002577317727261953,0.07041638870240292
cont,Sphere,12,WOA,5000,hard,1,30,0.0625,0.011585315861443594,0.14409039131834475,0.014692432248810807,0.010295521619817751,0.0002577317727261953,0.07041638870240292
cont,Sphere,12,WOA,8000,easy,30,30,0.96875,0.9078859400526763,0.998346745733359,0.0045651766674422055,0.0031005226399218756,0.00035764896408277484,0.02230515690364462
cont,Sphere,12,WOA,8000,med,27,30,0.875,0.7684970248566316,0.9546998269773581,0.0045651766674422055,0.0031005226399218756,0.00035764896408277484,0.02230515690364462
cont,Sphere,12,WOA,8000,hard,6,30,0.21875,0.11108877125926007,0.3466525437888071,0.0045651766674422055,0.0031005226399218756,0.00035764896408277484,0.02230515690364462
cont,Sphere,12,WOA,10000,easy,30,30,0.96875,0.9078859400526763,0.998346745733359,0.002495343867307535,0.0011389172561624829,2.3444859962836694e-05,0.017951372296425683
cont,Sphere,12,WOA,10000,med,29,30,0.9375,0.8559096086816552,0.9884146841385564,0.002495343867307535,0.0011389172561624829,2.3444859962836694e-05,0.017951372296425683
cont,Sphere,12,WOA,10000,hard,14,30,0.46875,0.3267393648975071,0.6130177450552665,0.002495343867307535,0.0011389172561624829,2.3444859962836694e-05,0.017951372296425683
cont,Sphere,13,ALO,2000,easy,0,30,0.03125,0.0016532542666409576,0.09211405994732372,31.440776147571977,31.835909866746306,15.161787487395179,44.57689570526131
cont,Sphere,13,ALO,2000,med,0,30,0.03125,0.0016532542666409576,0.09211405994732372,31.440776147571977,31.835909866746306,15.161787487395179,44.57689570526131
cont,Sphere,13,ALO,2000,hard,0,30,0.03125,0.0016532542666409576,0.09211405994732372,31.440776147571977,31.835909866746306,15.161787487395179,44.57689570526131
cont,Sphere,13,ALO,5000,easy,0,30,0.03125,0.0016532542666409576,0.09211405994732372,30.333448345140376,32.51328162083027,14.807633197999667,46.34581553822985
cont,Sphere,13,ALO,5000,med,0,30,0.03125,0.0016532542666409576,0.09211405994732372,30.333448345140376,32.51328162083027,14.807633197999667,46.34581553822985
cont,Sphere,13,ALO,5000,hard,0,30,0.03125,0.0016532542666409576,0.09211405994732372,30.333448345140376,32.51328162083027,14.807633197999667,46.34581553822985
cont,Sphere,13,ALO,8000,easy,0,30,0.03125,0.0016532542666409576,0.09211405994732372,22.50148648180841,22.454329501376755,10.045410664891495,41.49623490217112
cont,Sphere,13,ALO,8000,med,0,30,0.03125,0.0016532542666409576,0.09211405994732372,22.50148648180841,22.454329501376755,10.045410664891495,41.49623490217112
cont,Sphere,13,ALO,8000,hard,0,30,0.03125,0.0016532542666409576,0.09211405994732372,22.50148648180841,22.454329501376755,10.045410664891495,41.49623490217112
cont,Sphere,13,ALO,10000,easy,0,30,0.03125,0.0016532542666409576,0.09211405994732372,20.8611287292124,18.859176839172385,10.996809221701556,34.39183047768238
cont,Sphere,13,ALO,10000,med,0,30,0.03125,0.0016532542666409576,0.09211405994732372,20.8611287292124,18.859176839172385,10.996809221701556,34.39183047768238
cont,Sphere,13,ALO,10000,hard,0,30,0.03125,0.0016532542666409576,0.09211405994732372,20.8611287292124,18.859176839172385,10.996809221701556,34.39183047768238
cont,Sphere,13,BA,2000,easy,0,30,0.03125,0.0016532542666409576,0.09211405994732372,22.47033797610454,20.809995694007533,6.701196757561951,51.91721259970693
cont,Sphere,13,BA,2000,med,0,30,0.03125,0.0016532542666409576,0.09211405994732372,22.47033797610454,20.809995694007533,6.701196757561951,51.91721259970693
cont,Sphere,13,BA,2000,hard,0,30,0.03125,0.0016532542666409576,0.09211405994732372,22.47033797610454,20.809995694007533,6.701196757561951,51.91721259970693
cont,Sphere,13,BA,5000,easy,0,30,0.03125,0.0016532542666409576,0.09211405994732372,15.702728736092268,15.52626169475381,3.414535281595577,32.08065070326552
cont,Sphere,13,BA,5000,med,0,30,0.03125,0.0016532542666409576,0.09211405994732372,15.702728736092268,15.52626169475381,3.414535281595577,32.08065070326552
cont,Sphere,13,BA,5000,hard,0,30,0.03125,0.0016532542666409576,0.09211405994732372,15.702728736092268,15.52626169475381,3.414535281595577,32.08065070326552
cont,Sphere,13,BA,8000,easy,0,30,0.03125,0.0016532542666409576,0.09211405994732372,11.139462036206433,10.159929096325378,2.988730446602016,21.021273734401973
cont,Sphere,13,BA,8000,med,0,30,0.03125,0.0016532542666409576,0.09211405994732372,11.139462036206433,10.159929096325378,2.988730446602016,21.021273734401973
cont,Sphere,13,BA,8000,hard,0,30,0.03125,0.0016532542666409576,0.09211405994732372,11.139462036206433,10.159929096325378,2.988730446602016,21.021273734401973
cont,Sphere,13,BA,10000,easy,0,30,0.03125,0.0016532542666409576,0.09211405994732372,10.83222275217127,10.024032948404663,2.0550136223677833,24.284588305198113
cont,Sphere,13,BA,10000,med,0,30,0.03125,0.0016532542666409576,0.09211405994732372,10.83222275217127,10.024032948404663,2.0550136223677833,24.284588305198113
cont,Sphere,13,BA,10000,hard,0,30,0.03125,0.0016532542666409576,0.09211405994732372,10.83222275217127,10.024032948404663,2.0550136223677833,24.284588305198113
cont,Sphere,13,ES_1P1,2000,easy,30,30,0.96875,0.9078859400526763,0.998346745733359,2.6982680676679224e-15,1.6038374219045316e-15,4.87410685768364e-16,1.1163455344596785e-14
cont,Sphere,13,ES_1P1,2000,med,30,30,0.96875,0.9078859400526763,0.998346745733359,2.6982680676679224e-15,1.6038374219045316e-15,4.87410685768364e-16,1.1163455344596785e-14
cont,Sphere,13,ES_1P1,2000,hard,30,30,0.96875,0.9078859400526763,0.998346745733359,2.6982680676679224e-15,1.6038374219045316e-15,4.87410685768364e-16,1.1163455344596785e-14
cont,Sphere,13,ES_1P1,5000,easy,30,30,0.96875,0.9078859400526763,0.998346745733359,1.4181306145140437e-24,1.4640944299542902e-24,8.503941396844506e-25,2.5754246678460216e-24
cont,Sphere,13,ES_1P1,5000,med,30,30,0.96875,0.9078859400526763,0.998346745733359,1.4181306145140437e-24,1.4640944299542902e-24,8.503941396844506e-25,2.5754246678460216e-24
cont,Sphere,13,ES_1P1,5000,hard,30,30,0.96875,0.9078859400526763,0.998346745733359,1.4181306145140437e-24,1.4640944299542902e-24,8.503941396844506e-25,2.5754246678460216e-24
cont,Sphere,13,ES_1P1,8000,easy,30,30,0.96875,0.9078859400526763,0.998346745733359,1.1321256527165178e-24,1.1981721897119204e-24,6.984915215871171e-25,1.5488981075938333e-24
cont,Sphere,13,ES_1P1,8000,med,30,30,0.96875,0.9078859400526763,0.998346745733359,1.1321256527165178e-24,1.1981721897119204e-24,6.984915215871171e-25,1.5488981075938333e-24
cont,Sphere,13,ES_1P1,8000,hard,30,30,0.96875,0.9078859400526763,0.998346745733359,1.1321256527165178e-24,1.1981721897119204e-24,6.984915215871171e-25,1.5488981075938333e-24
cont,Sphere,13,ES_1P1,10000,easy,30,30,0.96875,0.9078859400526763,0.998346745733359,1.049602883502026e-24,1.0715275552821478e-24,4.058755365240572e-25,1.5807601037888435e-24
cont,Sphere,13,ES_1P1,10000,med,30,30,0.96875,0.9078859400526763,0.998346745733359,1.049602883502026e-24,1.0715275552821478e-24,4.058755365240572e-25,1.5807601037888435e-24
cont,Sphere,13,ES_1P1,10000,hard,30,30,0.96875,0.9078859400526763,0.998346745733359,1.049602883502026e-24,1.0715275552821478e-24,4.058755365240572e-25,1.5807601037888435e-24
cont,Sphere,13,FA,2000,easy,0,30,0.03125,0.0016532542666409576,0.09211405994732372,17.19695944579928,17.16114804801956,10.064502043176763,24.89205878247564
cont,Sphere,13,FA,2000,med,0,30,0.03125,0.0016532542666409576,0.09211405994732372,17.19695944579928,17.16114804801956,10.064502043176763,24.89205878247564
cont,Sphere,13,FA,2000,hard,0,30,0.03125,0.0016532542666409576,0.09211405994732372,17.19695944579928,17.16114804801956,10.064502043176763,24.89205878247564
cont,Sphere,13,FA,5000,easy,0,30,0.03125,0.0016532542666409576,0.09211405994732372,13.455220724986237,13.722560556257093,6.713641235276373,19.006560180576404
cont,Sphere,13,FA,5000,med,0,30,0.03125,0.0016532542666409576,0.09211405994732372,13.455220724986237,13.722560556257093,6.713641235276373,19.006560180576404
cont,Sphere,13,FA,5000,hard,0,30,0.03125,0.0016532542666409576,0.09211405994732372,13.455220724986237,13.722560556257093,6.713641235276373,19.006560180576404
cont,Sphere,13,FA,8000,easy,0,30,0.03125,0.0016532542666409576,0.09211405994732372,12.29429386271532,12.422850439906952,5.432873733054708,19.494704135891833
cont,Sphere,13,FA,8000,med,0,30,0.03125,0.0016532542666409576,0.09211405994732372,12.29429386271532,12.422850439906952,5.432873733054708,19.494704135891833
cont,Sphere,13,FA,8000,hard,0,30,0.03125,0.0016532542666409576,0.09211405994732372,12.29429386271532,12.422850439906952,5.432873733054708,19.494704135891833
cont,Sphere,13,FA,10000,easy,0,30,0.03125,0.0016532542666409576,0.09211405994732372,11.812916520110745,12.740734500173055,5.913901530185968,16.23796256202583
cont,Sphere,13,FA,10000,med,0,30,0.03125,0.0016532542666409576,0.09211405994732372,11.812916520110745,12.740734500173055,5.913901530185968,16.23796256202583
cont,Sphere,13,FA,10000,hard,0,30,0.03125,0.0016532542666409576,0.09211405994732372,11.812916520110745,12.740734500173055,5.913901530185968,16.23796256202583
cont,Sphere,13,GWO,2000,easy,16,30,0.53125,0.3869822549447333,0.6732606351024929,0.16151761926669966,0.0820740906138371,0.002813187662317376,1.554310459242031
cont,Sphere,13,GWO,2000,med,2,30,0.09375,0.02690011969114915,0.18946446742553866,0.16151761926669966,0.0820740906138371,0.002813187662317376,1.554310459242031
cont,Sphere,13,GWO,2000,hard,0,30,0.03125,0.0016532542666409576,0.09211405994732372,0.16151761926669966,0.0820740906138371,0.002813187662317376,1.554310459242031
cont,Sphere,13,GWO,5000,easy,15,30,0.5,0.3565721369616578,0.6434278630383421,0.11256394939126481,0.09901937379216658,0.0005124661989019018,0.4766238133958522
cont,Sphere,13,GWO,5000,med,3,30,0.125,0.04530017302264189,0.23150297514336832,0.11256394939126481,0.09901937379216658,0.0005124661989019018,0.4766238133958522
cont,Sphere,13,GWO,5000,hard,1,30,0.0625,0.011585315861443594,0.14409039131834475,0.11256394939126481,0.09901937379216658,0.0005124661989019018,0.4766238133958522
cont,Sphere,13,GWO,8000,easy,7,30,0.25,0.1354005847583789,0.3826102309169821,0.2297292347289632,0.16072526361771972,0.002153682577104048,1.7707963126830866
cont,Sphere,13,GWO,8000,med,2,30,0.09375,0.02690011969114915,0.18946446742553866,0.2297292347289632,0.16072526361771972,0.002153682577104048,1.7707963126830866
cont,Sphere,13,GWO,8000,hard,0,30,0.03125,0.0016532542666409576,0.09211405994732372,0.2297292347289632,0.16072526361771972,0.002153682577104048,1.7707963126830866
cont,Sphere,13,GWO,10000,easy,12,30,0.40625,0.2688262762232274,0.5504433740305475,0.15216941865337075,0.14857604777080308,0.0012256337399544027,0.4860840605977089
cont,Sphere,13,GWO,10000,med,3,30,0.125,0.04530017302264189,0.23150297514336832,0.15216941865337075,0.14857604777080308,0.0012256337399544027,0.4860840605977089
cont,Sphere,13,GWO,10000,hard,0,30,0.03125,0.0016532542666409576,0.09211405994732372,0.15216941865337075,0.14857604777080308,0.0012256337399544027,0.4860840605977089
cont,Sphere,13,MFO,2000,easy,0,30,0.03125,0.0016532542666409576,0.09211405994732372,4.708539314266738,4.423389030168565,0.9333669612567952,11.000200270191481
cont,Sphere,13,MFO,2000,med,0,30,0.03125,0.0016532542666409576,0.09211405994732372,4.708539314266738,4.423389030168565,0.9333669612567952,11.000200270191481
cont,Sphere,13,MFO,2000,hard,0,30,0.03125,0.0016532542666409576,0.09211405994732372,4.708539314266738,4.423389030168565,0.9333669612567952,11.000200270191481
cont,Sphere,13,MFO,5000,easy,0,30,0.03125,0.0016532542666409576,0.09211405994732372,2.8574129675922526,2.7852832288104485,1.029014548416906,6.387030115547994
cont,Sphere,13,MFO,5000,med,0,30,0.03125,0.0016532542666409576,0.09211405994732372,2.8574129675922526,2.7852832288104485,1.029014548416906,6.387030115547994
cont,Sphere,13,MFO,5000,hard,0,30,0.03125,0.0016532542666409576,0.09211405994732372,2.8574129675922526,2.7852832288104485,1.029014548416906,6.387030115547994
cont,Sphere,13,MFO,8000,easy,0,30,0.03125,0.0016532542666409576,0.09211405994732372,2.612562265499029,1.7591207571890348,0.11543004157655351,9.735002622822797
cont,Sphere,13,MFO,8000,med,0,30,0.03125,0.0016532542666409576,0.09211405994732372,2.612562265499029,1.7591207571890348,0.11543004157655351,9.735002622822797
cont,Sphere,13,MFO,8000,hard,0,30,0.03125,0.0016532542666409576,0.09211405994732372,2.612562265499029,1.7591207571890348,0.11543004157655351,9.735002622822797
cont,Sphere,13,MFO,10000,easy,0,30,0.03125,0.0016532542666409576,0.09211405994732372,2.0295808821381667,1.5756898067859701,0.22815526829667046,7.0766703873125305
cont,Sphere,13,MFO,10000,med,0,30,0.03125,0.0016532542666409576,0.09211405994732372,2.0295808821381667,1.5756898067859701,0.22815526829667046,7.0766703873125305
cont,Sphere,13,MFO,10000,hard,0,30,0.03125,0.0016532542666409576,0.09211405994732372,2.0295808821381667,1.5756898067859701,0.22815526829667046,7.0766703873125305
cont,Sphere,13,PSO_GBEST,2000,easy,27,30,0.875,0.7684970248566316,0.9546998269773581,0.5434685636192201,0.0033887005555518217,0.0004408670503803333,5.391579339218961
cont,Sphere,13,PSO_GBEST,2000,med,25,30,0.8125,0.690356484642353,0.9121855328567512,0.5434685636192201,0.0033887005555518217,0.0004408670503803333,5.391579339218961
cont,Sphere,13,PSO_GBEST,2000,hard,4,30,0.15625,0.06578047054601774,0.2713711815575147,0.5434685636192201,0.0033887005555518217,0.0004408670503803333,5.391579339218961
cont,Sphere,13,PSO_GBEST,5000,easy,30,30,0.96875,0.9078859400526763,0.998346745733359,2.6087160840392833e-08,1.532793260136002e-08,2.9352240905027516e-09,9.24427830262724e-08
cont,Sphere,13,PSO_GBEST,5000,med,30,30,0.96875,0.9078859400526763,0.998346745733359,2.6087160840392833e-08,1.532793260136002e-08,2.9352240905027516e-09,9.24427830262724e-08
cont,Sphere,13,PSO_GBEST,5000,hard,30,30,0.96875,0.9078859400526763,0.998346745733359,2.6087160840392833e-08,1.532793260136002e-08,2.9352240905027516e-09,9.24427830262724e-08
cont,Sphere,13,PSO_GBEST,8000,easy,28,30,0.90625,0.8105355325744613,0.9730998803088509,0.5445693198549081,1.1059755761590017e-13,6.1692492197910354e-15,10.948898404281676
cont,Sphere,13,PSO_GBEST,8000,med,28,30,0.90625,0.8105355325744613,0.9730998803088509,0.5445693198549081,1.1059755761590017e-13,6.1692492197910354e-15,10.948898404281676
cont,Sphere,13,PSO_GBEST,8000,hard,28,30,0.90625,0.8105355325744613,0.9730998803088509,0.5445693198549081,1.1059755761590017e-13,6.1692492197910354e-15,10.948898404281676
cont,Sphere,13,PSO_GBEST,10000,easy,28,30,0.90625,0.8105355325744613,0.9730998803088509,0.5445693198547353,2.9687659072448236e-17,3.585769811424524e-18,10.948898404281676
cont,Sphere,13,PSO_GBEST,10000,med,28,30,0.90625,0.8105355325744613,0.9730998803088509,0.5445693198547353,2.9687659072448236e-17,3.585769811424524e-18,10.948898404281676
cont,Sphere,13,PSO_GBEST,10000,hard,28,30,0.90625,0.8105355325744613,0.9730998803088509,0.5445693198547353,2.9687659072448236e-17,3.585769811424524e-18,10.948898404281676
cont,Sphere,13,WOA,2000,easy,19,30,0.625,0.4817507467611476,0.7592251415339075,0.08939601385875241,0.05402305735898587,0.0068282919359611725,0.2757638379050853
cont,Sphere,13,WOA,2000,med,1,30,0.0625,0.011585315861443594,0.14409039131834475,0.08939601385875241,0.05402305735898587,0.0068282919359611725,0.2757638379050853
cont,Sphere,13,WOA,2000,hard,0,30,0.03125,0.0016532542666409576,0.09211405994732372,0.08939601385875241,0.05402305735898587,0.0068282919359611725,0.2757638379050853
cont,Sphere,13,WOA,5000,easy,30,30,0.96875,0.9078859400526763,0.998346745733359,0.014967333761036395,0.009777971116457396,0.0011950596881477099,0.08584242306869629
cont,Sphere,13,WOA,5000,med,15,30,0.5,0.3565721369616578,0.6434278630383421,0.014967333761036395,0.009777971116457396,0.0011950596881477099,0.08584242306869629
cont,Sphere,13,WOA,5000,hard,0,30,0.03125,0.0016532542666409576,0.09211405994732372,0.014967333761036395,0.009777971116457396,0.0011950596881477099,0.08584242306869629
cont,Sphere,13,WOA,8000,easy,30,30,0.96875,0.9078859400526763,0.998346745733359,0.00526119847705068,0.002971633622023701,0.0002208535224356829,0.02119205839341128
cont,Sphere,13,WOA,8000,med,25,30,0.8125,0.690356484642353,0.9121855328567512,0.00526119847705068,0.002971633622023701,0.0002208535224356829,0.02119205839341128
cont,Sphere,13,WOA,8000,hard,9,30,0.3125,0.18662163557046532,0.4519044172193684,0.00526119847705068,0.002971633622023701,0.0002208535224356829,0.02119205839341128
cont,Sphere,13,WOA,10000,easy,30,30,0.96875,0.9078859400526763,0.998346745733359,0.004068018687884809,0.0027621172202444543,5.843656185913604e-05,0.0187639768817233
cont,Sphere,13,WOA,10000,med,27,30,0.875,0.7684970248566316,0.9546998269773581,0.004068018687884809,0.0027621172202444543,5.843656185913604e-05,0.0187639768817233
cont,Sphere,13,WOA,10000,hard,9,30,0.3125,0.18662163557046532,0.4519044172193684,0.004068018687884809,0.0027621172202444543,5.843656185913604e-05,0.0187639768817233
cont,Sphere,18,ALO,2000,easy,0,30,0.03125,0.0016532542666409576,0.09211405994732372,29.95886136994831,29.738922287137953,9.934162114848412,49.5937571217472
cont,Sphere,18,ALO,2000,med,0,30,0.03125,0.0016532542666409576,0.09211405994732372,29.95886136994831,29.738922287137953,9.934162114848412,49.5937571217472
cont,Sphere,18,ALO,2000,hard,0,30,0.03125,0.0016532542666409576,0.09211405994732372,29.95886136994831,29.738922287137953,9.934162114848412,49.5937571217472
cont,Sphere,18,ALO,5000,easy,0,30,0.03125,0.0016532542666409576,0.09211405994732372,28.16506164023824,27.326378720159823,6.617660488341079,52.91810620048781
cont,Sphere,18,ALO,5000,med,0,30,0.03125,0.0016532542666409576,0.09211405994732372,28.16506164023824,27.326378720159823,6.617660488341079,52.91810620048781
cont,Sphere,18,ALO,5000,hard,0,30,0.03125,0.0016532542666409576,0.09211405994732372,28.16506164023824,27.326378720159823,6.617660488341079,52.91810620048781
cont,Sphere,18,ALO,8000,easy,0,30,0.03125,0.0016532542666409576,0.09211405994732372,24.004653147063785,24.062635830836015,11.479839952888963,43.15637242250815
cont,Sphere,18,ALO,8000,med,0,30,0.03125,0.0016532542666409576,0.09211405994732372,24.004653147063785,24.062635830836015,11.479839952888963,43.15637242250815
cont,Sphere,18,ALO,8000,hard,0,30,0.03125,0.0016532542666409576,0.09211405994732372,24.004653147063785,24.062635830836015,11.479839952888963,43.15637242250815
cont,Sphere,18,ALO,10000,easy,0,30,0.03125,0.0016532542666409576,0.09211405994732372,19.953106369415625,19.752996257021415,2.5971388642254087,42.48169047768984
cont,Sphere,18,ALO,10000,med,0,30,0.03125,0.0016532542666409576,0.09211405994732372,19.953106369415625,19.752996257021415,2.5971388642254087,42.48169047768984
cont,Sphere,18,ALO,10000,hard,0,30,0.03125,0.0016532542666409576,0.09211405994732372,19.953106369415625,19.752996257021415,2.5971388642254087,42.48169047768984
cont,Sphere,18,BA,2000,easy,0,30,0.03125,0.0016532542666409576,0.09211405994732372,26.564558407001467,26.336111446397652,11.62739208121565,42.90958816270917
cont,Sphere,18,BA,2000,med,0,30,0.03125,0.0016532542666409576,0.09211405994732372,26.564558407001467,26.336111446397652,11.62739208121565,42.90958816270917
cont,Sphere,18,BA,2000,hard,0,30,0.03125,0.0016532542666409576,0.09211405994732372,26.564558407001467,26.336111446397652,11.62739208121565,42.90958816270917
cont,Sphere,18,BA,5000,easy,0,30,0.03125,0.0016532542666409576,0.09211405994732372,18.71607554147172,17.472532607066288,5.273647099474986,32.554424403574515
cont,Sphere,18,BA,5000,med,0,30,0.03125,0.0016532542666409576,0.09211405994732372,18.71607554147172,17.472532607066288,5.273647099474986,32.554424403574515
cont,Sphere,18,BA,5000,hard,0,30,0.03125,0.0016532542666409576,0.09211405994732372,18.71607554147172,17.472532607066288,5.273647099474986,32.554424403574515
cont,Sphere,18,BA,8000,easy,0,30,0.03125,0.0016532542666409576,0.09211405994732372,15.702152828213023,15.017942507797496,1.1847554418118857,33.3629147220381
cont,Sphere,18,BA,8000,med,0,30,0.03125,0.0016532542666409576,0.09211405994732372,15.702152828213023,15.017942507797496,1.1847554418118857,33.3629147220381
cont,Sphere,18,BA,8000,hard,0,30,0.03125,0.0016532542666409576,0.09211405994732372,15.702152828213023,15.017942507797496,1.1847554418118857,33.3629147220381
cont,Sphere,18,BA,10000,easy,0,30,0.03125,0.0016532542666409576,0.09211405994732372,11.353605655536814,10.094630479373969,0.3857681450032927,29.58329282166323
cont,Sphere,18,BA,10000,med,0,30,0.03125,0.0016532542666409576,0.09211405994732372,11.353605655536814,10.094630479373969,0.3857681450032927,29.58329282166323
cont,Sphere,18,BA,10000,hard,0,30,0.03125,0.0016532542666409576,0.09211405994732372,11.353605655536814,10.094630479373969,0.3857681450032927,29.58329282166323
cont,Sphere,18,ES_1P1,2000,easy,30,30,0.96875,0.9078859400526763,0.998346745733359,3.4414210049832005e-15,1.9427847246888957e-15,4.3440969149218104e-16,2.484594814312848e-14
cont,Sphere,18,ES_1P1,2000,med,30,30,0.96875,0.9078859400526763,0.998346745733359,3.4414210049832005e-15,1.9427847246888957e-15,4.3440969149218104e-16,2.484594814312848e-14
cont,Sphere,18,ES_1P1,2000,hard,30,30,0.96875,0.9078859400526763,0.998346745733359,3.4414210049832005e-15,1.9427847246888957e-15,4.3440969149218104e-16,2.484594814312848e-14
cont,Sphere,18,ES_1P1,5000,easy,30,30,0.96875,0.9078859400526763,0.998346745733359,1.4314612303912719e-24,1.559539947564746e-24,6.1205815207314065e-25,2.0395669187505425e-24
cont,Sphere,18,ES_1P1,5000,med,30,30,0.96875,0.9078859400526763,0.998346745733359,1.4314612303912719e-24,1.559539947564746e-24,6.1205815207314065e-25,2.0395669187505425e-24
cont,Sphere,18,ES_1P1,5000,hard,30,30,0.96875,0.9078859400526763,0.998346745733359,1.4314612303912719e-24,1.559539947564746e-24,6.1205815207314065e-25,2.0395669187505425e-24
cont,Sphere,18,ES_1P1,8000,easy,30,30,0.96875,0.9078859400526763,0.998346745733359,1.0356792211881446e-24,1.024571043136808e-24,4.543748842329746e-25,1.757407293267686e-24
cont,Sphere,18,ES_1P1,8000,med,30,30,0.96875,0.9078859400526763,0.998346745733359,1.0356792211881446e-24,1.024571043136808e-24,4.543748842329746e-25,1.757407293267686e-24
cont,Sphere,18,ES_1P1,8000,hard,30,30,0.96875,0.9078859400526763,0.998346745733359,1.0356792211881446e-24,1.024571043136808e-24,4.543748842329746e-25,1.757407293267686e-24
cont,Sphere,18,ES_1P1,10000,easy,30,30,0.96875,0.9078859400526763,0.998346745733359,1.0149803129345961e-24,1.0038502133564092e-24,4.776581425469289e-25,1.495637899677286e-24
cont,Sphere,18,ES_1P1,10000,med,30,30,0.96875,0.9078859400526763,0.998346745733359,1.0149803129345961e-24,1.0038502133564092e-24,4.776581425469289e-25,1.495637899677286e-24
cont,Sphere,18,ES_1P1,10000,hard,30,30,0.96875,0.9078859400526763,0.998346745733359,1.0149803129345961e-24,1.0038502133564092e-24,4.776581425469289e-25,1.495637899677286e-24
cont,Sphere,18,FA,2000,easy,0,30,0.03125,0.0016532542666409576,0.09211405994732372,16.843724201317368,17.516127223573974,10.967000548078943,21.9148088249938
cont,Sphere,18,FA,2000,med,0,30,0.03125,0.0016532542666409576,0.09211405994732372,16.843724201317368,17.516127223573974,10.967000548078943,21.9148088249938
cont,Sphere,18,FA,2000,hard,0,30,0.03125,0.0016532542666409576,0.09211405994732372,16.843724201317368,17.516127223573974,10.967000548078943,21.9148088249938
cont,Sphere,18,FA,5000,easy,0,30,0.03125,0.0016532542666409576,0.09211405994732372,12.536039106085354,12.641163645964888,4.480366061918227,18.704336226487555
cont,Sphere,18,FA,5000,med,0,30,0.03125,0.0016532542666409576,0.09211405994732372,12.536039106085354,12.641163645964888,4.480366061918227,18.704336226487555
cont,Sphere,18,FA,5000,hard,0,30,0.03125,0.0016532542666409576,0.09211405994732372,12.536039106085354,12.641163645964888,4.480366061918227,18.704336226487555
cont,Sphere,18,FA,8000,easy,0,30,0.03125,0.0016532542666409576,0.09211405994732372,11.224085346949181,11.299608689514308,7.079237204902814,19.901802182656304
cont,Sphere,18,FA,8000,med,0,30,0.03125,0.0016532542666409576,0.09211405994732372,11.224085346949181,11.299608689514308,7.079237204902814,19.901802182656304
cont,Sphere,18,FA,8000,hard,0,30,0.03125,0.0016532542666409576,0.09211405994732372,11.224085346949181,11.299608689514308,7.079237204902814,19.901802182656304
cont,Sphere,18,FA,10000,easy,0,30,0.03125,0.0016532542666409576,0.09211405994732372,10.89395983763111,10.508470496033585,6.711451291038674,19.847114394274488
cont,Sphere,18,FA,10000,med,0,30,0.03125,0.0016532542666409576,0.09211405994732372,10.89395983763111,10.508470496033585,6.711451291038674,19.847114394274488
cont,Sphere,18,FA,10000,hard,0,30,0.03125,0.0016532542666409576,0.09211405994732372,10.89395983763111,10.508470496033585,6.711451291038674,19.847114394274488
cont,Sphere,18,GWO,2000,easy,16,30,0.53125,0.3869822549447333,0.6732606351024929,0.20894665651140312,0.06731265150495176,0.0019888209694386466,0.8383654348576264
cont,Sphere,18,GWO,2000,med,10,30,0.34375,0.21336046293527158,0.485416074399548,0.20894665651140312,0.06731265150495176,0.0019888209694386466,0.8383654348576264
cont,Sphere,18,GWO,2000,hard,0,30,0.03125,0.0016532542666409576,0.09211405994732372,0.20894665651140312,0.06731265150495176,0.0019888209694386466,0.8383654348576264
cont,Sphere,18,GWO,5000,easy,23,30,0.75,0.6173897690830179,0.8645994152416211,0.15004628772265222,0.0033221012029247005,0.0007378579768833681,1.457420193864396
cont,Sphere,18,GWO,5000,med,19,30,0.625,0.4817507467611476,0.7592251415339075,0.15004628772265222,0.0033221012029247005,0.0007378579768833681,1.457420193864396
cont,Sphere,18,GWO,5000,hard,2,30,0.09375,0.02690011969114915,0.18946446742553866,0.15004628772265222,0.0033221012029247005,0.0007378579768833681,1.457420193864396
cont,Sphere,18,GWO,8000,easy,22,30,0.71875,0.5823396662557391,0.8393889087436222,0.15805664039602565,0.0020276596533973313,0.00011864633274658986,1.4217508636538307
cont,Sphere,18,GWO,8000,med,20,30,0.65625,0.5145839256004521,0.7866395370647284,0.15805664039602565,0.0020276596533973313,0.00011864633274658986,1.4217508636538307
cont,Sphere,18,GWO,8000,hard,1,30,0.0625,0.011585315861443594,0.14409039131834475,0.15805664039602565,0.0020276596533973313,0.00011864633274658986,1.4217508636538307
cont,Sphere,18,GWO,10000,easy,18,30,0.59375,0.4495566259694524,0.7311737237767726,0.3385233663088208,0.002588500043984915,8.739843156680408e-05,2.470400373268873
cont,Sphere,18,GWO,10000,med,18,30,0.59375,0.4495566259694524,0.7311737237767726,0.3385233663088208,0.002588500043984915,8.739843156680408e-05,2.470400373268873
cont,Sphere,18,GWO,10000,hard,1,30,0.0625,0.011585315861443594,0.14409039131834475,0.3385233663088208,0.002588500043984915,8.739843156680408e-05,2.470400373268873
cont,Sphere,18,MFO,2000,easy,0,30,0.03125,0.0016532542666409576,0.09211405994732372,6.123544429702714,4.803974486923142,1.2055252893535684,17.866304481868198
cont,Sphere,18,MFO,2000,med,0,30,0.03125,0.0016532542666409576,0.09211405994732372,6.123544429702714,4.803974486923142,1.2055252893535684,17.866304481868198
cont,Sphere,18,MFO,2000,hard,0,30,0.03125,0.0016532542666409576,0.09211405994732372,6.123544429702714,4.803974486923142,1.2055252893535684,17.866304481868198
cont,Sphere,18,MFO,5000,easy,0,30,0.03125,0.0016532542666409576,0.09211405994732372,3.719759183573696,3.4054323327908946,0.6593247819854278,11.396761261794762
cont,Sphere,18,MFO,5000,med,0,30,0.03125,0.0016532542666409576,0.09211405994732372,3.719759183573696,3.4054323327908946,0.6593247819854278,11.396761261794762
cont,Sphere,18,MFO,5000,hard,0,30,0.03125,0.0016532542666409576,0.09211405994732372,3.719759183573696,3.4054323327908946,0.6593247819854278,11.396761261794762
cont,Sphere,18,MFO,8000,easy,0,30,0.03125,0.0016532542666409576,0.09211405994732372,2.770604984454155,2.1933389111527504,0.40999072898255706,9.327803809215164
cont,Sphere,18,MFO,8000,med,0,30,0.03125,0.0016532542666409576,0.09211405994732372,2.770604984454155,2.1933389111527504,0.40999072898255706,9.327803809215164
cont,Sphere,18,MFO,8000,hard,0,30,0.03125,0.0016532542666409576,0.09211405994732372,2.770604984454155,2.1933389111527504,0.40999072898255706,9.327803809215164
cont,Sphere,18,MFO,10000,easy,0,30,0.03125,0.0016532542666409576,0.09211405994732372,2.8234488377106626,2.6308998974907944,0.6173045785163007,8.155491062938186
cont,Sphere,18,MFO,10000,med,0,30,0.03125,0.0016532542666409576,0.09211405994732372,2.8234488377106626,2.6308998974907944,0.6173045785163007,8.155491062938186
cont,Sphere,18,MFO,10000,hard,0,30,0.03125,0.0016532542666409576,0.09211405994732372,2.8234488377106626,2.6308998974907944,0.6173045785163007,8.155491062938186
cont,Sphere,18,PSO_GBEST,2000,easy,27,30,0.875,0.7684970248566316,0.9546998269773581,0.638159861315943,0.0031469584545363556,0.00034005757580573946,6.807118346680676
cont,Sphere,18,PSO_GBEST,2000,med,25,30,0.8125,0.690356484642353,0.9121855328567512,0.638159861315943,0.0031469584545363556,0.00034005757580573946,6.807118346680676
cont,Sphere,18,PSO_GBEST,2000,hard,2,30,0.09375,0.02690011969114915,0.18946446742553866,0.638159861315943,0.0031469584545363556,0.00034005757580573946,6.807118346680676
cont,Sphere,18,PSO_GBEST,5000,easy,29,30,0.9375,0.8559096086816552,0.9884146841385564,0.18017988171849403,1.924082480152868e-08,1.2189160187249249e-09,5.405395763184085
cont,Sphere,18,PSO_GBEST,5000,med,29,30,0.9375,0.8559096086816552,0.9884146841385564,0.18017988171849403,1.924082480152868e-08,1.2189160187249249e-09,5.405395763184085
cont,Sphere,18,PSO_GBEST,5000,hard,29,30,0.9375,0.8559096086816552,0.9884146841385564,0.18017988171849403,1.924082480152868e-08,1.2189160187249249e-09,5.405395763184085
cont,Sphere,18,PSO_GBEST,8000,easy,30,30,0.96875,0.9078859400526763,0.998346745733359,1.0624575723372021e-13,6.92596137221164e-14,2.775876728332245e-15,4.755033422988151e-13
cont,Sphere,18,PSO_GBEST,8000,med,30,30,0.96875,0.9078859400526763,0.998346745733359,1.0624575723372021e-13,6.92596137221164e-14,2.775876728332245e-15,4.755033422988151e-13
cont,Sphere,18,PSO_GBEST,8000,hard,30,30,0.96875,0.9078859400526763,0.998346745733359,1.0624575723372021e-13,6.92596137221164e-14,2.775876728332245e-15,4.755033422988151e-13
cont,Sphere,18,PSO_GBEST,10000,easy,26,30,0.84375,0.7286288184424853,0.9342195294539822,0.6821470925073124,3.167839284041254e-17,5.958376846739007e-20,6.804521538759182
cont,Sphere,18,PSO_GBEST,10000,med,26,30,0.84375,0.7286288184424853,0.9342195294539822,0.6821470925073124,3.167839284041254e-17,5.958376846739007e-20,6.804521538759182
cont,Sphere,18,PSO_GBEST,10000,hard,26,30,0.84375,0.7286288184424853,0.9342195294539822,0.6821470925073124,3.167839284041254e-17,5.958376846739007e-20,6.804521538759182
cont,Sphere,18,WOA,2000,easy,16,30,0.53125,0.3869822549447333,0.6732606351024929,0.22900169187606512,0.08966919969445748,0.008526993823774412,1.3484437934303932
cont,Sphere,18,WOA,2000,med,1,30,0.0625,0.011585315861443594,0.14409039131834475,0.22900169187606512,0.08966919969445748,0.008526993823774412,1.3484437934303932
cont,Sphere,18,WOA,2000,hard,0,30,0.03125,0.0016532542666409576,0.09211405994732372,0.22900169187606512,0.08966919969445748,0.008526993823774412,1.3484437934303932
cont,Sphere,18,WOA,5000,easy,30,30,0.96875,0.9078859400526763,0.998346745733359,0.015372052450338179,0.008680289276195192,0.0013044670328941673,0.0482918626100466
cont,Sphere,18,WOA,5000,med,15,30,0.5,0.3565721369616578,0.6434278630383421,0.015372052450338179,0.008680289276195192,0.0013044670328941673,0.0482918626100466
cont,Sphere,18,WOA,5000,hard,0,30,0.03125,0.0016532542666409576,0.09211405994732372,0.015372052450338179,0.008680289276195192,0.0013044670328941673,0.0482918626100466
cont,Sphere,18,WOA,8000,easy,30,30,0.96875,0.9078859400526763,0.998346745733359,0.0045030785497906615,0.0028264896624298763,3.505181770703588e-05,0.02794328988008284
cont,Sphere,18,WOA,8000,med,26,30,0.84375,0.7286288184424853,0.9342195294539822,0.0045030785497906615,0.0028264896624298763,3.505181770703588e-05,0.02794328988008284
cont,Sphere,18,WOA,8000,hard,10,30,0.34375,0.21336046293527158,0.485416074399548,0.0045030785497906615,0.0028264896624298763,3.505181770703588e-05,0.02794328988008284
cont,Sphere,18,WOA,10000,easy,30,30,0.96875,0.9078859400526763,0.998346745733359,0.002836907798184696,0.001095942759317885,8.114287705501007e-05,0.015583280872466593
cont,Sphere,18,WOA,10000,med,26,30,0.84375,0.7286288184424853,0.9342195294539822,0.002836907798184696,0.001095942759317885,8.114287705501007e-05,0.015583280872466593
cont,Sphere,18,WOA,10000,hard,13,30,0.4375,0.29748724009093563,0.582026568673327,0.002836907798184696,0.001095942759317885,8.114287705501007e-05,0.015583280872466593
