instance_id,problem,domain,budget,target,algo_variant,algo_base,successes,trials,succ_rate,beta_mean,beta_p05,beta_p95,mean_best,median_best,min_best,max_best
bin_knapsack01_002,knapsack01,bin,300,easy,"GA(pop=100,pc=0.9,pm=0.02)",GA,3,3,1.0,0.8,0.4728708045015879,0.9872585449014338,-3506.6666666666665,-4582.0,-6226.0,288.0
bin_knapsack01_002,knapsack01,bin,300,easy,"GA(pop=50,pc=0.9,pm=0.02)",GA,3,3,1.0,0.8,0.4728708045015879,0.9872585449014338,365.3333333333333,360.0,324.0,412.0
bin_knapsack01_002,knapsack01,bin,300,easy,"GA(pop=50,pc=0.9,pm=0.05)",GA,3,3,1.0,0.8,0.4728708045015879,0.9872585449014338,355.0,355.0,353.0,357.0
bin_knapsack01_002,knapsack01,bin,300,easy,HC(flips=1),HC,3,3,1.0,0.8,0.4728708045015879,0.9872585449014338,307.0,273.0,261.0,387.0
bin_knapsack01_002,knapsack01,bin,300,easy,HC(flips=2),HC,3,3,1.0,0.8,0.4728708045015879,0.9872585449014338,551.6666666666666,549.0,521.0,585.0
bin_knapsack01_002,knapsack01,bin,300,easy,RS_BIN,RS_BIN,1,3,0.3333333333333333,0.4,0.09761146288641434,0.7513953742698181,-7384.666666666667,-7110.0,-9778.0,-5266.0
bin_knapsack01_002,knapsack01,bin,300,easy,"SA(T0=1.0,alpha=0.995,flips=1)",SA,3,3,1.0,0.8,0.4728708045015879,0.9872585449014338,320.6666666666667,323.0,306.0,333.0
bin_knapsack01_002,knapsack01,bin,300,easy,"SA(T0=2.0,alpha=0.99,flips=1)",SA,3,3,1.0,0.8,0.4728708045015879,0.9872585449014338,393.6666666666667,378.0,350.0,453.0
bin_knapsack01_002,knapsack01,bin,300,easy,"SA(T0=2.0,alpha=0.995,flips=2)",SA,3,3,1.0,0.8,0.4728708045015879,0.9872585449014338,524.0,520.0,484.0,568.0
bin_knapsack01_002,knapsack01,bin,300,easy,TABU(tenure=12),TABU,3,3,1.0,0.8,0.4728708045015879,0.9872585449014338,434.6666666666667,430.0,418.0,456.0
bin_knapsack01_002,knapsack01,bin,300,easy,TABU(tenure=7),TABU,3,3,1.0,0.8,0.4728708045015879,0.9872585449014338,36.0,371.0,-768.0,505.0
bin_knapsack01_002,knapsack01,bin,300,easy,"UMDA(pop=100,elite=0.2)",UMDA,3,3,1.0,0.8,0.4728708045015879,0.9872585449014338,377.6666666666667,380.0,299.0,454.0
bin_knapsack01_002,knapsack01,bin,300,easy,"UMDA(pop=50,elite=0.2)",UMDA,3,3,1.0,0.8,0.4728708045015879,0.9872585449014338,409.0,401.0,398.0,428.0
bin_knapsack01_002,knapsack01,bin,300,hard,"GA(pop=100,pc=0.9,pm=0.02)",GA,3,3,1.0,0.8,0.4728708045015879,0.9872585449014338,-2532.3333333333335,-2157.0,-3973.0,-1467.0
bin_knapsack01_002,knapsack01,bin,300,hard,"GA(pop=50,pc=0.9,pm=0.02)",GA,3,3,1.0,0.8,0.4728708045015879,0.9872585449014338,328.6666666666667,343.0,286.0,357.0
bin_knapsack01_002,knapsack01,bin,300,hard,"GA(pop=50,pc=0.9,pm=0.05)",GA,3,3,1.0,0.8,0.4728708045015879,0.9872585449014338,362.3333333333333,363.0,358.0,366.0
bin_knapsack01_002,knapsack01,bin,300,hard,HC(flips=1),HC,3,3,1.0,0.8,0.4728708045015879,0.9872585449014338,340.3333333333333,330.0,286.0,405.0
bin_knapsack01_002,knapsack01,bin,300,hard,HC(flips=2),HC,3,3,1.0,0.8,0.4728708045015879,0.9872585449014338,511.0,509.0,494.0,530.0
bin_knapsack01_002,knapsack01,bin,300,hard,RS_BIN,RS_BIN,0,3,0.0,0.2,0.012741455098566192,0.527129195498412,-6653.0,-6922.0,-7378.0,-5659.0
bin_knapsack01_002,knapsack01,bin,300,hard,"SA(T0=1.0,alpha=0.995,flips=1)",SA,3,3,1.0,0.8,0.4728708045015879,0.9872585449014338,339.3333333333333,344.0,307.0,367.0
bin_knapsack01_002,knapsack01,bin,300,hard,"SA(T0=2.0,alpha=0.99,flips=1)",SA,3,3,1.0,0.8,0.4728708045015879,0.9872585449014338,303.0,295.0,260.0,354.0
bin_knapsack01_002,knapsack01,bin,300,hard,"SA(T0=2.0,alpha=0.995,flips=2)",SA,3,3,1.0,0.8,0.4728708045015879,0.9872585449014338,543.6666666666666,532.0,517.0,582.0
bin_knapsack01_002,knapsack01,bin,300,hard,TABU(tenure=12),TABU,3,3,1.0,0.8,0.4728708045015879,0.9872585449014338,-890.6666666666666,-151.0,-3017.0,496.0
bin_knapsack01_002,knapsack01,bin,300,hard,TABU(tenure=7),TABU,3,3,1.0,0.8,0.4728708045015879,0.9872585449014338,441.0,446.0,400.0,477.0
bin_knapsack01_002,knapsack01,bin,300,hard,"UMDA(pop=100,elite=0.2)",UMDA,3,3,1.0,0.8,0.4728708045015879,0.9872585449014338,401.0,419.0,355.0,429.0
bin_knapsack01_002,knapsack01,bin,300,hard,"UMDA(pop=50,elite=0.2)",UMDA,3,3,1.0,0.8,0.4728708045015879,0.9872585449014338,445.6666666666667,441.0,437.0,459.0
bin_knapsack01_002,knapsack01,bin,300,med,"GA(pop=100,pc=0.9,pm=0.02)",GA,3,3,1.0,0.8,0.4728708045015879,0.9872585449014338,-2203.0,-2262.0,-3304.0,-1043.0
bin_knapsack01_002,knapsack01,bin,300,med,"GA(pop=50,pc=0.9,pm=0.02)",GA,3,3,1.0,0.8,0.4728708045015879,0.9872585449014338,38.0,352.0,-630.0,392.0
bin_knapsack01_002,knapsack01,bin,300,med,"GA(pop=50,pc=0.9,pm=0.05)",GA,3,3,1.0,0.8,0.4728708045015879,0.9872585449014338,338.6666666666667,342.0,244.0,430.0
bin_knapsack01_002,knapsack01,bin,300,med,HC(flips=1),HC,3,3,1.0,0.8,0.4728708045015879,0.9872585449014338,277.0,313.0,205.0,313.0
bin_knapsack01_002,knapsack01,bin,300,med,HC(flips=2),HC,3,3,1.0,0.8,0.4728708045015879,0.9872585449014338,536.3333333333334,546.0,515.0,548.0
bin_knapsack01_002,knapsack01,bin,300,med,RS_BIN,RS_BIN,1,3,0.3333333333333333,0.4,0.09761146288641434,0.7513953742698181,-5667.333333333333,-5473.0,-7386.0,-4143.0
bin_knapsack01_002,knapsack01,bin,300,med,"SA(T0=1.0,alpha=0.995,flips=1)",SA,3,3,1.0,0.8,0.4728708045015879,0.9872585449014338,292.3333333333333,280.0,250.0,347.0
bin_knapsack01_002,knapsack01,bin,300,med,"SA(T0=2.0,alpha=0.99,flips=1)",SA,3,3,1.0,0.8,0.4728708045015879,0.9872585449014338,331.3333333333333,354.0,271.0,369.0
bin_knapsack01_002,knapsack01,bin,300,med,"SA(T0=2.0,alpha=0.995,flips=2)",SA,3,3,1.0,0.8,0.4728708045015879,0.9872585449014338,507.6666666666667,509.0,495.0,519.0
bin_knapsack01_002,knapsack01,bin,300,med,TABU(tenure=12),TABU,3,3,1.0,0.8,0.4728708045015879,0.9872585449014338,466.3333333333333,477.0,417.0,505.0
bin_knapsack01_002,knapsack01,bin,300,med,TABU(tenure=7),TABU,3,3,1.0,0.8,0.4728708045015879,0.9872585449014338,434.0,434.0,421.0,447.0
bin_knapsack01_002,knapsack01,bin,300,med,"UMDA(pop=100,elite=0.2)",UMDA,3,3,1.0,0.8,0.4728708045015879,0.9872585449014338,370.3333333333333,368.0,339.0,404.0
bin_knapsack01_002,knapsack01,bin,300,med,"UMDA(pop=50,elite=0.2)",UMDA,3,3,1.0,0.8,0.4728708045015879,0.9872585449014338,468.6666666666667,467.0,433.0,506.0
bin_knapsack01_002,knapsack01,bin,800,easy,"GA(pop=100,pc=0.9,pm=0.02)",GA,3,3,1.0,0.8,0.4728708045015879,0.9872585449014338,432.0,423.0,422.0,451.0
bin_knapsack01_002,knapsack01,bin,800,easy,"GA(pop=50,pc=0.9,pm=0.02)",GA,3,3,1.0,0.8,0.4728708045015879,0.9872585449014338,458.3333333333333,467.0,436.0,472.0
bin_knapsack01_002,knapsack01,bin,800,easy,"GA(pop=50,pc=0.9,pm=0.05)",GA,3,3,1.0,0.8,0.4728708045015879,0.9872585449014338,457.6666666666667,465.0,441.0,467.0
bin_knapsack01_002,knapsack01,bin,800,easy,HC(flips=1),HC,3,3,1.0,0.8,0.4728708045015879,0.9872585449014338,282.3333333333333,284.0,264.0,299.0
bin_knapsack01_002,knapsack01,bin,800,easy,HC(flips=2),HC,3,3,1.0,0.8,0.4728708045015879,0.9872585449014338,565.3333333333334,562.0,558.0,576.0
bin_knapsack01_002,knapsack01,bin,800,easy,RS_BIN,RS_BIN,1,3,0.3333333333333333,0.4,0.09761146288641434,0.7513953742698181,-4484.333333333333,-5976.0,-6694.0,-783.0
bin_knapsack01_002,knapsack01,bin,800,easy,"SA(T0=1.0,alpha=0.995,flips=1)",SA,3,3,1.0,0.8,0.4728708045015879,0.9872585449014338,292.0,293.0,281.0,302.0
bin_knapsack01_002,knapsack01,bin,800,easy,"SA(T0=2.0,alpha=0.99,flips=1)",SA,3,3,1.0,0.8,0.4728708045015879,0.9872585449014338,251.66666666666666,248.0,245.0,262.0
bin_knapsack01_002,knapsack01,bin,800,easy,"SA(T0=2.0,alpha=0.995,flips=2)",SA,3,3,1.0,0.8,0.4728708045015879,0.9872585449014338,590.3333333333334,597.0,567.0,607.0
bin_knapsack01_002,knapsack01,bin,800,easy,TABU(tenure=12),TABU,3,3,1.0,0.8,0.4728708045015879,0.9872585449014338,586.6666666666666,583.0,576.0,601.0
bin_knapsack01_002,knapsack01,bin,800,easy,TABU(tenure=7),TABU,3,3,1.0,0.8,0.4728708045015879,0.9872585449014338,584.6666666666666,603.0,542.0,609.0
bin_knapsack01_002,knapsack01,bin,800,easy,"UMDA(pop=100,elite=0.2)",UMDA,3,3,1.0,0.8,0.4728708045015879,0.9872585449014338,512.6666666666666,510.0,496.0,532.0
bin_knapsack01_002,knapsack01,bin,800,easy,"UMDA(pop=50,elite=0.2)",UMDA,3,3,1.0,0.8,0.4728708045015879,0.9872585449014338,584.6666666666666,582.0,573.0,599.0
bin_knapsack01_002,knapsack01,bin,800,hard,"GA(pop=100,pc=0.9,pm=0.02)",GA,3,3,1.0,0.8,0.4728708045015879,0.9872585449014338,416.6666666666667,424.0,380.0,446.0
bin_knapsack01_002,knapsack01,bin,800,hard,"GA(pop=50,pc=0.9,pm=0.02)",GA,3,3,1.0,0.8,0.4728708045015879,0.9872585449014338,431.0,436.0,403.0,454.0
bin_knapsack01_002,knapsack01,bin,800,hard,"GA(pop=50,pc=0.9,pm=0.05)",GA,3,3,1.0,0.8,0.4728708045015879,0.9872585449014338,440.3333333333333,430.0,427.0,464.0
bin_knapsack01_002,knapsack01,bin,800,hard,HC(flips=1),HC,3,3,1.0,0.8,0.4728708045015879,0.9872585449014338,299.6666666666667,274.0,271.0,354.0
bin_knapsack01_002,knapsack01,bin,800,hard,HC(flips=2),HC,3,3,1.0,0.8,0.4728708045015879,0.9872585449014338,547.3333333333334,558.0,507.0,577.0
bin_knapsack01_002,knapsack01,bin,800,hard,RS_BIN,RS_BIN,0,3,0.0,0.2,0.012741455098566192,0.527129195498412,-4685.333333333333,-5263.0,-5454.0,-3339.0
bin_knapsack01_002,knapsack01,bin,800,hard,"SA(T0=1.0,alpha=0.995,flips=1)",SA,3,3,1.0,0.8,0.4728708045015879,0.9872585449014338,319.6666666666667,326.0,301.0,332.0
bin_knapsack01_002,knapsack01,bin,800,hard,"SA(T0=2.0,alpha=0.99,flips=1)",SA,3,3,1.0,0.8,0.4728708045015879,0.9872585449014338,294.6666666666667,308.0,228.0,348.0
bin_knapsack01_002,knapsack01,bin,800,hard,"SA(T0=2.0,alpha=0.995,flips=2)",SA,3,3,1.0,0.8,0.4728708045015879,0.9872585449014338,586.6666666666666,585.0,585.0,590.0
bin_knapsack01_002,knapsack01,bin,800,hard,TABU(tenure=12),TABU,3,3,1.0,0.8,0.4728708045015879,0.9872585449014338,570.0,557.0,553.0,600.0
bin_knapsack01_002,knapsack01,bin,800,hard,TABU(tenure=7),TABU,3,3,1.0,0.8,0.4728708045015879,0.9872585449014338,569.0,587.0,526.0,594.0
bin_knapsack01_002,knapsack01,bin,800,hard,"UMDA(pop=100,elite=0.2)",UMDA,3,3,1.0,0.8,0.4728708045015879,0.9872585449014338,546.3333333333334,541.0,540.0,558.0
bin_knapsack01_002,knapsack01,bin,800,hard,"UMDA(pop=50,elite=0.2)",UMDA,3,3,1.0,0.8,0.4728708045015879,0.9872585449014338,546.3333333333334,551.0,526.0,562.0
bin_knapsack01_002,knapsack01,bin,800,med,"GA(pop=100,pc=0.9,pm=0.02)",GA,3,3,1.0,0.8,0.4728708045015879,0.9872585449014338,392.6666666666667,385.0,375.0,418.0
bin_knapsack01_002,knapsack01,bin,800,med,"GA(pop=50,pc=0.9,pm=0.02)",GA,3,3,1.0,0.8,0.4728708045015879,0.9872585449014338,462.3333333333333,446.0,407.0,534.0
bin_knapsack01_002,knapsack01,bin,800,med,"GA(pop=50,pc=0.9,pm=0.05)",GA,3,3,1.0,0.8,0.4728708045015879,0.9872585449014338,442.3333333333333,451.0,419.0,457.0
bin_knapsack01_002,knapsack01,bin,800,med,HC(flips=1),HC,3,3,1.0,0.8,0.4728708045015879,0.9872585449014338,300.0,292.0,286.0,322.0
bin_knapsack01_002,knapsack01,bin,800,med,HC(flips=2),HC,3,3,1.0,0.8,0.4728708045015879,0.9872585449014338,587.3333333333334,572.0,567.0,623.0
bin_knapsack01_002,knapsack01,bin,800,med,RS_BIN,RS_BIN,3,3,1.0,0.8,0.4728708045015879,0.9872585449014338,-2111.0,-2127.0,-2966.0,-1240.0
bin_knapsack01_002,knapsack01,bin,800,med,"SA(T0=1.0,alpha=0.995,flips=1)",SA,3,3,1.0,0.8,0.4728708045015879,0.9872585449014338,342.3333333333333,363.0,272.0,392.0
bin_knapsack01_002,knapsack01,bin,800,med,"SA(T0=2.0,alpha=0.99,flips=1)",SA,3,3,1.0,0.8,0.4728708045015879,0.9872585449014338,321.3333333333333,303.0,300.0,361.0
bin_knapsack01_002,knapsack01,bin,800,med,"SA(T0=2.0,alpha=0.995,flips=2)",SA,3,3,1.0,0.8,0.4728708045015879,0.9872585449014338,560.0,559.0,559.0,562.0
bin_knapsack01_002,knapsack01,bin,800,med,TABU(tenure=12),TABU,3,3,1.0,0.8,0.4728708045015879,0.9872585449014338,580.3333333333334,580.0,569.0,592.0
bin_knapsack01_002,knapsack01,bin,800,med,TABU(tenure=7),TABU,3,3,1.0,0.8,0.4728708045015879,0.9872585449014338,558.6666666666666,550.0,548.0,578.0
bin_knapsack01_002,knapsack01,bin,800,med,"UMDA(pop=100,elite=0.2)",UMDA,3,3,1.0,0.8,0.4728708045015879,0.9872585449014338,527.6666666666666,522.0,518.0,543.0
bin_knapsack01_002,knapsack01,bin,800,med,"UMDA(pop=50,elite=0.2)",UMDA,3,3,1.0,0.8,0.4728708045015879,0.9872585449014338,560.0,566.0,547.0,567.0
bin_knapsack01_005,knapsack01,bin,300,easy,"GA(pop=100,pc=0.9,pm=0.02)",GA,2,3,0.6666666666666666,0.6,0.2486046257301818,0.9023885371135856,-5524.333333333333,-5495.0,-7329.0,-3749.0
bin_knapsack01_005,knapsack01,bin,300,easy,"GA(pop=50,pc=0.9,pm=0.02)",GA,3,3,1.0,0.8,0.4728708045015879,0.9872585449014338,380.0,391.0,350.0,399.0
bin_knapsack01_005,knapsack01,bin,300,easy,"GA(pop=50,pc=0.9,pm=0.05)",GA,3,3,1.0,0.8,0.4728708045015879,0.9872585449014338,-2238.3333333333335,-2564.0,-4446.0,295.0
bin_knapsack01_005,knapsack01,bin,300,easy,HC(flips=1),HC,3,3,1.0,0.8,0.4728708045015879,0.9872585449014338,241.33333333333334,237.0,204.0,283.0
bin_knapsack01_005,knapsack01,bin,300,easy,HC(flips=2),HC,3,3,1.0,0.8,0.4728708045015879,0.9872585449014338,497.3333333333333,482.0,480.0,530.0
bin_knapsack01_005,knapsack01,bin,300,easy,RS_BIN,RS_BIN,1,3,0.3333333333333333,0.4,0.09761146288641434,0.7513953742698181,-8283.333333333334,-8976.0,-10707.0,-5167.0
bin_knapsack01_005,knapsack01,bin,300,easy,"SA(T0=1.0,alpha=0.995,flips=1)",SA,3,3,1.0,0.8,0.4728708045015879,0.9872585449014338,277.6666666666667,279.0,244.0,310.0
bin_knapsack01_005,knapsack01,bin,300,easy,"SA(T0=2.0,alpha=0.99,flips=1)",SA,3,3,1.0,0.8,0.4728708045015879,0.9872585449014338,252.66666666666666,273.0,185.0,300.0
bin_knapsack01_005,knapsack01,bin,300,easy,"SA(T0=2.0,alpha=0.995,flips=2)",SA,3,3,1.0,0.8,0.4728708045015879,0.9872585449014338,485.6666666666667,473.0,432.0,552.0
bin_knapsack01_005,knapsack01,bin,300,easy,TABU(tenure=12),TABU,3,3,1.0,0.8,0.4728708045015879,0.9872585449014338,447.3333333333333,454.0,418.0,470.0
bin_knapsack01_005,knapsack01,bin,300,easy,TABU(tenure=7),TABU,3,3,1.0,0.8,0.4728708045015879,0.9872585449014338,411.0,421.0,389.0,423.0
bin_knapsack01_005,knapsack01,bin,300,easy,"UMDA(pop=100,elite=0.2)",UMDA,3,3,1.0,0.8,0.4728708045015879,0.9872585449014338,433.0,437.0,411.0,451.0
bin_knapsack01_005,knapsack01,bin,300,easy,"UMDA(pop=50,elite=0.2)",UMDA,3,3,1.0,0.8,0.4728708045015879,0.9872585449014338,420.6666666666667,409.0,397.0,456.0
bin_knapsack01_005,knapsack01,bin,300,hard,"GA(pop=100,pc=0.9,pm=0.02)",GA,2,3,0.6666666666666666,0.6,0.2486046257301818,0.9023885371135856,-1583.0,147.0,-5234.0,338.0
bin_knapsack01_005,knapsack01,bin,300,hard,"GA(pop=50,pc=0.9,pm=0.02)",GA,3,3,1.0,0.8,0.4728708045015879,0.9872585449014338,-240.0,354.0,-1487.0,413.0
bin_knapsack01_005,knapsack01,bin,300,hard,"GA(pop=50,pc=0.9,pm=0.05)",GA,2,3,0.6666666666666666,0.6,0.2486046257301818,0.9023885371135856,-2199.0,-1792.0,-3954.0,-851.0
bin_knapsack01_005,knapsack01,bin,300,hard,HC(flips=1),HC,3,3,1.0,0.8,0.4728708045015879,0.9872585449014338,330.6666666666667,332.0,325.0,335.0
bin_knapsack01_005,knapsack01,bin,300,hard,HC(flips=2),HC,3,3,1.0,0.8,0.4728708045015879,0.9872585449014338,517.0,523.0,497.0,531.0
bin_knapsack01_005,knapsack01,bin,300,hard,RS_BIN,RS_BIN,0,3,0.0,0.2,0.012741455098566192,0.527129195498412,-8501.666666666666,-8902.0,-9210.0,-7393.0
bin_knapsack01_005,knapsack01,bin,300,hard,"SA(T0=1.0,alpha=0.995,flips=1)",SA,3,3,1.0,0.8,0.4728708045015879,0.9872585449014338,328.6666666666667,327.0,308.0,351.0
bin_knapsack01_005,knapsack01,bin,300,hard,"SA(T0=2.0,alpha=0.99,flips=1)",SA,3,3,1.0,0.8,0.4728708045015879,0.9872585449014338,277.3333333333333,269.0,220.0,343.0
bin_knapsack01_005,knapsack01,bin,300,hard,"SA(T0=2.0,alpha=0.995,flips=2)",SA,3,3,1.0,0.8,0.4728708045015879,0.9872585449014338,488.6666666666667,482.0,481.0,503.0
bin_knapsack01_005,knapsack01,bin,300,hard,TABU(tenure=12),TABU,3,3,1.0,0.8,0.4728708045015879,0.9872585449014338,-177.33333333333334,398.0,-1386.0,456.0
bin_knapsack01_005,knapsack01,bin,300,hard,TABU(tenure=7),TABU,3,3,1.0,0.8,0.4728708045015879,0.9872585449014338,408.6666666666667,399.0,390.0,437.0
bin_knapsack01_005,knapsack01,bin,300,hard,"UMDA(pop=100,elite=0.2)",UMDA,3,3,1.0,0.8,0.4728708045015879,0.9872585449014338,370.6666666666667,357.0,332.0,423.0
bin_knapsack01_005,knapsack01,bin,300,hard,"UMDA(pop=50,elite=0.2)",UMDA,3,3,1.0,0.8,0.4728708045015879,0.9872585449014338,429.3333333333333,423.0,412.0,453.0
bin_knapsack01_005,knapsack01,bin,300,med,"GA(pop=100,pc=0.9,pm=0.02)",GA,2,3,0.6666666666666666,0.6,0.2486046257301818,0.9023885371135856,-3534.3333333333335,-3400.0,-5651.0,-1552.0
bin_knapsack01_005,knapsack01,bin,300,med,"GA(pop=50,pc=0.9,pm=0.02)",GA,3,3,1.0,0.8,0.4728708045015879,0.9872585449014338,-340.3333333333333,254.0,-1594.0,319.0
bin_knapsack01_005,knapsack01,bin,300,med,"GA(pop=50,pc=0.9,pm=0.05)",GA,3,3,1.0,0.8,0.4728708045015879,0.9872585449014338,-1671.0,-1765.0,-3538.0,290.0
bin_knapsack01_005,knapsack01,bin,300,med,HC(flips=1),HC,3,3,1.0,0.8,0.4728708045015879,0.9872585449014338,273.3333333333333,290.0,210.0,320.0
bin_knapsack01_005,knapsack01,bin,300,med,HC(flips=2),HC,3,3,1.0,0.8,0.4728708045015879,0.9872585449014338,502.0,512.0,461.0,533.0
bin_knapsack01_005,knapsack01,bin,300,med,RS_BIN,RS_BIN,0,3,0.0,0.2,0.012741455098566192,0.527129195498412,-8422.333333333334,-8249.0,-9594.0,-7424.0
bin_knapsack01_005,knapsack01,bin,300,med,"SA(T0=1.0,alpha=0.995,flips=1)",SA,3,3,1.0,0.8,0.4728708045015879,0.9872585449014338,327.0,343.0,294.0,344.0
bin_knapsack01_005,knapsack01,bin,300,med,"SA(T0=2.0,alpha=0.99,flips=1)",SA,3,3,1.0,0.8,0.4728708045015879,0.9872585449014338,280.6666666666667,251.0,250.0,341.0
bin_knapsack01_005,knapsack01,bin,300,med,"SA(T0=2.0,alpha=0.995,flips=2)",SA,3,3,1.0,0.8,0.4728708045015879,0.9872585449014338,467.3333333333333,462.0,424.0,516.0
bin_knapsack01_005,knapsack01,bin,300,med,TABU(tenure=12),TABU,3,3,1.0,0.8,0.4728708045015879,0.9872585449014338,430.3333333333333,452.0,384.0,455.0
bin_knapsack01_005,knapsack01,bin,300,med,TABU(tenure=7),TABU,3,3,1.0,0.8,0.4728708045015879,0.9872585449014338,442.0,457.0,411.0,458.0
bin_knapsack01_005,knapsack01,bin,300,med,"UMDA(pop=100,elite=0.2)",UMDA,3,3,1.0,0.8,0.4728708045015879,0.9872585449014338,360.6666666666667,384.0,300.0,398.0
bin_knapsack01_005,knapsack01,bin,300,med,"UMDA(pop=50,elite=0.2)",UMDA,3,3,1.0,0.8,0.4728708045015879,0.9872585449014338,422.3333333333333,415.0,396.0,456.0
bin_knapsack01_005,knapsack01,bin,800,easy,"GA(pop=100,pc=0.9,pm=0.02)",GA,3,3,1.0,0.8,0.4728708045015879,0.9872585449014338,344.0,354.0,315.0,363.0
bin_knapsack01_005,knapsack01,bin,800,easy,"GA(pop=50,pc=0.9,pm=0.02)",GA,3,3,1.0,0.8,0.4728708045015879,0.9872585449014338,439.3333333333333,439.0,429.0,450.0
bin_knapsack01_005,knapsack01,bin,800,easy,"GA(pop=50,pc=0.9,pm=0.05)",GA,3,3,1.0,0.8,0.4728708045015879,0.9872585449014338,405.6666666666667,404.0,385.0,428.0
bin_knapsack01_005,knapsack01,bin,800,easy,HC(flips=1),HC,3,3,1.0,0.8,0.4728708045015879,0.9872585449014338,296.3333333333333,290.0,287.0,312.0
bin_knapsack01_005,knapsack01,bin,800,easy,HC(flips=2),HC,3,3,1.0,0.8,0.4728708045015879,0.9872585449014338,550.0,564.0,514.0,572.0
bin_knapsack01_005,knapsack01,bin,800,easy,RS_BIN,RS_BIN,3,3,1.0,0.8,0.4728708045015879,0.9872585449014338,-3769.6666666666665,-3604.0,-4414.0,-3291.0
bin_knapsack01_005,knapsack01,bin,800,easy,"SA(T0=1.0,alpha=0.995,flips=1)",SA,3,3,1.0,0.8,0.4728708045015879,0.9872585449014338,274.0,280.0,225.0,317.0
bin_knapsack01_005,knapsack01,bin,800,easy,"SA(T0=2.0,alpha=0.99,flips=1)",SA,3,3,1.0,0.8,0.4728708045015879,0.9872585449014338,298.6666666666667,282.0,270.0,344.0
bin_knapsack01_005,knapsack01,bin,800,easy,"SA(T0=2.0,alpha=0.995,flips=2)",SA,3,3,1.0,0.8,0.4728708045015879,0.9872585449014338,544.6666666666666,547.0,540.0,547.0
bin_knapsack01_005,knapsack01,bin,800,easy,TABU(tenure=12),TABU,3,3,1.0,0.8,0.4728708045015879,0.9872585449014338,542.3333333333334,555.0,513.0,559.0
bin_knapsack01_005,knapsack01,bin,800,easy,TABU(tenure=7),TABU,3,3,1.0,0.8,0.4728708045015879,0.9872585449014338,528.6666666666666,521.0,508.0,557.0
bin_knapsack01_005,knapsack01,bin,800,easy,"UMDA(pop=100,elite=0.2)",UMDA,3,3,1.0,0.8,0.4728708045015879,0.9872585449014338,498.3333333333333,506.0,474.0,515.0
bin_knapsack01_005,knapsack01,bin,800,easy,"UMDA(pop=50,elite=0.2)",UMDA,3,3,1.0,0.8,0.4728708045015879,0.9872585449014338,538.3333333333334,537.0,534.0,544.0
bin_knapsack01_005,knapsack01,bin,800,hard,"GA(pop=100,pc=0.9,pm=0.02)",GA,3,3,1.0,0.8,0.4728708045015879,0.9872585449014338,380.6666666666667,369.0,365.0,408.0
bin_knapsack01_005,knapsack01,bin,800,hard,"GA(pop=50,pc=0.9,pm=0.02)",GA,3,3,1.0,0.8,0.4728708045015879,0.9872585449014338,414.6666666666667,403.0,398.0,443.0
bin_knapsack01_005,knapsack01,bin,800,hard,"GA(pop=50,pc=0.9,pm=0.05)",GA,3,3,1.0,0.8,0.4728708045015879,0.9872585449014338,428.0,410.0,390.0,484.0
bin_knapsack01_005,knapsack01,bin,800,hard,HC(flips=1),HC,3,3,1.0,0.8,0.4728708045015879,0.9872585449014338,288.6666666666667,273.0,270.0,323.0
bin_knapsack01_005,knapsack01,bin,800,hard,HC(flips=2),HC,3,3,1.0,0.8,0.4728708045015879,0.9872585449014338,553.6666666666666,552.0,544.0,565.0
bin_knapsack01_005,knapsack01,bin,800,hard,RS_BIN,RS_BIN,0,3,0.0,0.2,0.012741455098566192,0.527129195498412,-7009.666666666667,-7176.0,-8352.0,-5501.0
bin_knapsack01_005,knapsack01,bin,800,hard,"SA(T0=1.0,alpha=0.995,flips=1)",SA,3,3,1.0,0.8,0.4728708045015879,0.9872585449014338,285.0,282.0,270.0,303.0
bin_knapsack01_005,knapsack01,bin,800,hard,"SA(T0=2.0,alpha=0.99,flips=1)",SA,3,3,1.0,0.8,0.4728708045015879,0.9872585449014338,268.6666666666667,252.0,211.0,343.0
bin_knapsack01_005,knapsack01,bin,800,hard,"SA(T0=2.0,alpha=0.995,flips=2)",SA,3,3,1.0,0.8,0.4728708045015879,0.9872585449014338,546.0,539.0,529.0,570.0
bin_knapsack01_005,knapsack01,bin,800,hard,TABU(tenure=12),TABU,3,3,1.0,0.8,0.4728708045015879,0.9872585449014338,526.0,527.0,521.0,530.0
bin_knapsack01_005,knapsack01,bin,800,hard,TABU(tenure=7),TABU,3,3,1.0,0.8,0.4728708045015879,0.9872585449014338,525.6666666666666,527.0,498.0,552.0
bin_knapsack01_005,knapsack01,bin,800,hard,"UMDA(pop=100,elite=0.2)",UMDA,3,3,1.0,0.8,0.4728708045015879,0.9872585449014338,507.3333333333333,514.0,487.0,521.0
bin_knapsack01_005,knapsack01,bin,800,hard,"UMDA(pop=50,elite=0.2)",UMDA,3,3,1.0,0.8,0.4728708045015879,0.9872585449014338,526.3333333333334,524.0,504.0,551.0
bin_knapsack01_005,knapsack01,bin,800,med,"GA(pop=100,pc=0.9,pm=0.02)",GA,3,3,1.0,0.8,0.4728708045015879,0.9872585449014338,415.3333333333333,431.0,376.0,439.0
bin_knapsack01_005,knapsack01,bin,800,med,"GA(pop=50,pc=0.9,pm=0.02)",GA,3,3,1.0,0.8,0.4728708045015879,0.9872585449014338,417.6666666666667,415.0,413.0,425.0
bin_knapsack01_005,knapsack01,bin,800,med,"GA(pop=50,pc=0.9,pm=0.05)",GA,3,3,1.0,0.8,0.4728708045015879,0.9872585449014338,431.3333333333333,427.0,421.0,446.0
bin_knapsack01_005,knapsack01,bin,800,med,HC(flips=1),HC,3,3,1.0,0.8,0.4728708045015879,0.9872585449014338,284.3333333333333,272.0,258.0,323.0
bin_knapsack01_005,knapsack01,bin,800,med,HC(flips=2),HC,3,3,1.0,0.8,0.4728708045015879,0.9872585449014338,564.3333333333334,564.0,561.0,568.0
bin_knapsack01_005,knapsack01,bin,800,med,RS_BIN,RS_BIN,1,3,0.3333333333333333,0.4,0.09761146288641434,0.7513953742698181,-4669.333333333333,-6376.0,-7881.0,249.0
bin_knapsack01_005,knapsack01,bin,800,med,"SA(T0=1.0,alpha=0.995,flips=1)",SA,3,3,1.0,0.8,0.4728708045015879,0.9872585449014338,300.3333333333333,322.0,226.0,353.0
bin_knapsack01_005,knapsack01,bin,800,med,"SA(T0=2.0,alpha=0.99,flips=1)",SA,3,3,1.0,0.8,0.4728708045015879,0.9872585449014338,272.3333333333333,294.0,209.0,314.0
bin_knapsack01_005,knapsack01,bin,800,med,"SA(T0=2.0,alpha=0.995,flips=2)",SA,3,3,1.0,0.8,0.4728708045015879,0.9872585449014338,548.0,562.0,512.0,570.0
bin_knapsack01_005,knapsack01,bin,800,med,TABU(tenure=12),TABU,3,3,1.0,0.8,0.4728708045015879,0.9872585449014338,534.0,540.0,519.0,543.0
bin_knapsack01_005,knapsack01,bin,800,med,TABU(tenure=7),TABU,3,3,1.0,0.8,0.4728708045015879,0.9872585449014338,541.0,552.0,517.0,554.0
bin_knapsack01_005,knapsack01,bin,800,med,"UMDA(pop=100,elite=0.2)",UMDA,3,3,1.0,0.8,0.4728708045015879,0.9872585449014338,482.6666666666667,485.0,461.0,502.0
bin_knapsack01_005,knapsack01,bin,800,med,"UMDA(pop=50,elite=0.2)",UMDA,3,3,1.0,0.8,0.4728708045015879,0.9872585449014338,521.6666666666666,515.0,504.0,546.0
bin_knapsack01_008,knapsack01,bin,300,easy,"GA(pop=100,pc=0.9,pm=0.02)",GA,3,3,1.0,0.8,0.4728708045015879,0.9872585449014338,-2118.0,-2635.0,-4081.0,362.0
bin_knapsack01_008,knapsack01,bin,300,easy,"GA(pop=50,pc=0.9,pm=0.02)",GA,3,3,1.0,0.8,0.4728708045015879,0.9872585449014338,-217.33333333333334,302.0,-1341.0,387.0
bin_knapsack01_008,knapsack01,bin,300,easy,"GA(pop=50,pc=0.9,pm=0.05)",GA,3,3,1.0,0.8,0.4728708045015879,0.9872585449014338,-944.6666666666666,-382.0,-2387.0,-65.0
bin_knapsack01_008,knapsack01,bin,300,easy,HC(flips=1),HC,3,3,1.0,0.8,0.4728708045015879,0.9872585449014338,352.6666666666667,330.0,320.0,408.0
bin_knapsack01_008,knapsack01,bin,300,easy,HC(flips=2),HC,3,3,1.0,0.8,0.4728708045015879,0.9872585449014338,517.6666666666666,525.0,498.0,530.0
bin_knapsack01_008,knapsack01,bin,300,easy,RS_BIN,RS_BIN,3,3,1.0,0.8,0.4728708045015879,0.9872585449014338,-3808.0,-5340.0,-5492.0,-592.0
bin_knapsack01_008,knapsack01,bin,300,easy,"SA(T0=1.0,alpha=0.995,flips=1)",SA,3,3,1.0,0.8,0.4728708045015879,0.9872585449014338,280.6666666666667,283.0,243.0,316.0
bin_knapsack01_008,knapsack01,bin,300,easy,"SA(T0=2.0,alpha=0.99,flips=1)",SA,3,3,1.0,0.8,0.4728708045015879,0.9872585449014338,322.0,300.0,258.0,408.0
bin_knapsack01_008,knapsack01,bin,300,easy,"SA(T0=2.0,alpha=0.995,flips=2)",SA,3,3,1.0,0.8,0.4728708045015879,0.9872585449014338,545.3333333333334,540.0,524.0,572.0
bin_knapsack01_008,knapsack01,bin,300,easy,TABU(tenure=12),TABU,3,3,1.0,0.8,0.4728708045015879,0.9872585449014338,-173.66666666666666,396.0,-1350.0,433.0
bin_knapsack01_008,knapsack01,bin,300,easy,TABU(tenure=7),TABU,3,3,1.0,0.8,0.4728708045015879,0.9872585449014338,-2972.3333333333335,-4109.0,-5230.0,422.0
bin_knapsack01_008,knapsack01,bin,300,easy,"UMDA(pop=100,elite=0.2)",UMDA,3,3,1.0,0.8,0.4728708045015879,0.9872585449014338,381.3333333333333,381.0,375.0,388.0
bin_knapsack01_008,knapsack01,bin,300,easy,"UMDA(pop=50,elite=0.2)",UMDA,3,3,1.0,0.8,0.4728708045015879,0.9872585449014338,419.3333333333333,426.0,389.0,443.0
bin_knapsack01_008,knapsack01,bin,300,hard,"GA(pop=100,pc=0.9,pm=0.02)",GA,3,3,1.0,0.8,0.4728708045015879,0.9872585449014338,-1995.3333333333333,-2054.0,-4019.0,87.0
bin_knapsack01_008,knapsack01,bin,300,hard,"GA(pop=50,pc=0.9,pm=0.02)",GA,3,3,1.0,0.8,0.4728708045015879,0.9872585449014338,103.33333333333333,359.0,-437.0,388.0
bin_knapsack01_008,knapsack01,bin,300,hard,"GA(pop=50,pc=0.9,pm=0.05)",GA,3,3,1.0,0.8,0.4728708045015879,0.9872585449014338,148.66666666666666,314.0,-189.0,321.0
bin_knapsack01_008,knapsack01,bin,300,hard,HC(flips=1),HC,3,3,1.0,0.8,0.4728708045015879,0.9872585449014338,287.0,287.0,261.0,313.0
bin_knapsack01_008,knapsack01,bin,300,hard,HC(flips=2),HC,3,3,1.0,0.8,0.4728708045015879,0.9872585449014338,536.3333333333334,538.0,519.0,552.0
bin_knapsack01_008,knapsack01,bin,300,hard,RS_BIN,RS_BIN,1,3,0.3333333333333333,0.4,0.09761146288641434,0.7513953742698181,-3140.0,-4476.0,-5286.0,342.0
bin_knapsack01_008,knapsack01,bin,300,hard,"SA(T0=1.0,alpha=0.995,flips=1)",SA,3,3,1.0,0.8,0.4728708045015879,0.9872585449014338,334.0,329.0,315.0,358.0
bin_knapsack01_008,knapsack01,bin,300,hard,"SA(T0=2.0,alpha=0.99,flips=1)",SA,3,3,1.0,0.8,0.4728708045015879,0.9872585449014338,365.6666666666667,353.0,329.0,415.0
bin_knapsack01_008,knapsack01,bin,300,hard,"SA(T0=2.0,alpha=0.995,flips=2)",SA,3,3,1.0,0.8,0.4728708045015879,0.9872585449014338,511.0,515.0,498.0,520.0
bin_knapsack01_008,knapsack01,bin,300,hard,TABU(tenure=12),TABU,3,3,1.0,0.8,0.4728708045015879,0.9872585449014338,421.0,416.0,404.0,443.0
bin_knapsack01_008,knapsack01,bin,300,hard,TABU(tenure=7),TABU,3,3,1.0,0.8,0.4728708045015879,0.9872585449014338,436.3333333333333,419.0,393.0,497.0
bin_knapsack01_008,knapsack01,bin,300,hard,"UMDA(pop=100,elite=0.2)",UMDA,3,3,1.0,0.8,0.4728708045015879,0.9872585449014338,402.6666666666667,415.0,350.0,443.0
bin_knapsack01_008,knapsack01,bin,300,hard,"UMDA(pop=50,elite=0.2)",UMDA,3,3,1.0,0.8,0.4728708045015879,0.9872585449014338,452.3333333333333,468.0,407.0,482.0
bin_knapsack01_008,knapsack01,bin,300,med,"GA(pop=100,pc=0.9,pm=0.02)",GA,3,3,1.0,0.8,0.4728708045015879,0.9872585449014338,-2496.3333333333335,-2187.0,-3797.0,-1505.0
bin_knapsack01_008,knapsack01,bin,300,med,"GA(pop=50,pc=0.9,pm=0.02)",GA,3,3,1.0,0.8,0.4728708045015879,0.9872585449014338,323.0,336.0,276.0,357.0
bin_knapsack01_008,knapsack01,bin,300,med,"GA(pop=50,pc=0.9,pm=0.05)",GA,3,3,1.0,0.8,0.4728708045015879,0.9872585449014338,-149.33333333333334,138.0,-922.0,336.0
bin_knapsack01_008,knapsack01,bin,300,med,HC(flips=1),HC,3,3,1.0,0.8,0.4728708045015879,0.9872585449014338,353.3333333333333,364.0,285.0,411.0
bin_knapsack01_008,knapsack01,bin,300,med,HC(flips=2),HC,3,3,1.0,0.8,0.4728708045015879,0.9872585449014338,520.3333333333334,518.0,498.0,545.0
bin_knapsack01_008,knapsack01,bin,300,med,RS_BIN,RS_BIN,2,3,0.6666666666666666,0.6,0.2486046257301818,0.9023885371135856,-5003.0,-4636.0,-6624.0,-3749.0
bin_knapsack01_008,knapsack01,bin,300,med,"SA(T0=1.0,alpha=0.995,flips=1)",SA,3,3,1.0,0.8,0.4728708045015879,0.9872585449014338,331.3333333333333,313.0,310.0,371.0
bin_knapsack01_008,knapsack01,bin,300,med,"SA(T0=2.0,alpha=0.99,flips=1)",SA,3,3,1.0,0.8,0.4728708045015879,0.9872585449014338,321.6666666666667,307.0,285.0,373.0
bin_knapsack01_008,knapsack01,bin,300,med,"SA(T0=2.0,alpha=0.995,flips=2)",SA,3,3,1.0,0.8,0.4728708045015879,0.9872585449014338,523.6666666666666,520.0,505.0,546.0
bin_knapsack01_008,knapsack01,bin,300,med,TABU(tenure=12),TABU,3,3,1.0,0.8,0.4728708045015879,0.9872585449014338,452.6666666666667,465.0,416.0,477.0
bin_knapsack01_008,knapsack01,bin,300,med,TABU(tenure=7),TABU,3,3,1.0,0.8,0.4728708045015879,0.9872585449014338,322.0,362.0,147.0,457.0
bin_knapsack01_008,knapsack01,bin,300,med,"UMDA(pop=100,elite=0.2)",UMDA,3,3,1.0,0.8,0.4728708045015879,0.9872585449014338,425.0,413.0,410.0,452.0
bin_knapsack01_008,knapsack01,bin,300,med,"UMDA(pop=50,elite=0.2)",UMDA,3,3,1.0,0.8,0.4728708045015879,0.9872585449014338,460.0,452.0,424.0,504.0
bin_knapsack01_008,knapsack01,bin,800,easy,"GA(pop=100,pc=0.9,pm=0.02)",GA,3,3,1.0,0.8,0.4728708045015879,0.9872585449014338,414.6666666666667,416.0,403.0,425.0
bin_knapsack01_008,knapsack01,bin,800,easy,"GA(pop=50,pc=0.9,pm=0.02)",GA,3,3,1.0,0.8,0.4728708045015879,0.9872585449014338,437.0,449.0,393.0,469.0
bin_knapsack01_008,knapsack01,bin,800,easy,"GA(pop=50,pc=0.9,pm=0.05)",GA,3,3,1.0,0.8,0.4728708045015879,0.9872585449014338,458.0,451.0,447.0,476.0
bin_knapsack01_008,knapsack01,bin,800,easy,HC(flips=1),HC,3,3,1.0,0.8,0.4728708045015879,0.9872585449014338,323.3333333333333,322.0,315.0,333.0
bin_knapsack01_008,knapsack01,bin,800,easy,HC(flips=2),HC,3,3,1.0,0.8,0.4728708045015879,0.9872585449014338,556.6666666666666,555.0,544.0,571.0
bin_knapsack01_008,knapsack01,bin,800,easy,RS_BIN,RS_BIN,1,3,0.3333333333333333,0.4,0.09761146288641434,0.7513953742698181,-3184.6666666666665,-3632.0,-3700.0,-2222.0
bin_knapsack01_008,knapsack01,bin,800,easy,"SA(T0=1.0,alpha=0.995,flips=1)",SA,3,3,1.0,0.8,0.4728708045015879,0.9872585449014338,314.6666666666667,317.0,281.0,346.0
bin_knapsack01_008,knapsack01,bin,800,easy,"SA(T0=2.0,alpha=0.99,flips=1)",SA,3,3,1.0,0.8,0.4728708045015879,0.9872585449014338,327.0,337.0,272.0,372.0
bin_knapsack01_008,knapsack01,bin,800,easy,"SA(T0=2.0,alpha=0.995,flips=2)",SA,3,3,1.0,0.8,0.4728708045015879,0.9872585449014338,561.0,564.0,541.0,578.0
bin_knapsack01_008,knapsack01,bin,800,easy,TABU(tenure=12),TABU,3,3,1.0,0.8,0.4728708045015879,0.9872585449014338,562.3333333333334,572.0,533.0,582.0
bin_knapsack01_008,knapsack01,bin,800,easy,TABU(tenure=7),TABU,3,3,1.0,0.8,0.4728708045015879,0.9872585449014338,580.6666666666666,583.0,574.0,585.0
bin_knapsack01_008,knapsack01,bin,800,easy,"UMDA(pop=100,elite=0.2)",UMDA,3,3,1.0,0.8,0.4728708045015879,0.9872585449014338,526.3333333333334,522.0,521.0,536.0
bin_knapsack01_008,knapsack01,bin,800,easy,"UMDA(pop=50,elite=0.2)",UMDA,3,3,1.0,0.8,0.4728708045015879,0.9872585449014338,541.0,541.0,540.0,542.0
bin_knapsack01_008,knapsack01,bin,800,hard,"GA(pop=100,pc=0.9,pm=0.02)",GA,3,3,1.0,0.8,0.4728708045015879,0.9872585449014338,408.3333333333333,402.0,398.0,425.0
bin_knapsack01_008,knapsack01,bin,800,hard,"GA(pop=50,pc=0.9,pm=0.02)",GA,3,3,1.0,0.8,0.4728708045015879,0.9872585449014338,489.0,485.0,464.0,518.0
bin_knapsack01_008,knapsack01,bin,800,hard,"GA(pop=50,pc=0.9,pm=0.05)",GA,3,3,1.0,0.8,0.4728708045015879,0.9872585449014338,431.6666666666667,434.0,416.0,445.0
bin_knapsack01_008,knapsack01,bin,800,hard,HC(flips=1),HC,3,3,1.0,0.8,0.4728708045015879,0.9872585449014338,375.6666666666667,374.0,318.0,435.0
bin_knapsack01_008,knapsack01,bin,800,hard,HC(flips=2),HC,3,3,1.0,0.8,0.4728708045015879,0.9872585449014338,564.3333333333334,573.0,547.0,573.0
bin_knapsack01_008,knapsack01,bin,800,hard,RS_BIN,RS_BIN,0,3,0.0,0.2,0.012741455098566192,0.527129195498412,-5066.0,-4512.0,-6330.0,-4356.0
bin_knapsack01_008,knapsack01,bin,800,hard,"SA(T0=1.0,alpha=0.995,flips=1)",SA,3,3,1.0,0.8,0.4728708045015879,0.9872585449014338,311.6666666666667,334.0,258.0,343.0
bin_knapsack01_008,knapsack01,bin,800,hard,"SA(T0=2.0,alpha=0.99,flips=1)",SA,3,3,1.0,0.8,0.4728708045015879,0.9872585449014338,315.6666666666667,320.0,290.0,337.0
bin_knapsack01_008,knapsack01,bin,800,hard,"SA(T0=2.0,alpha=0.995,flips=2)",SA,3,3,1.0,0.8,0.4728708045015879,0.9872585449014338,576.3333333333334,580.0,564.0,585.0
bin_knapsack01_008,knapsack01,bin,800,hard,TABU(tenure=12),TABU,3,3,1.0,0.8,0.4728708045015879,0.9872585449014338,562.3333333333334,563.0,552.0,572.0
bin_knapsack01_008,knapsack01,bin,800,hard,TABU(tenure=7),TABU,3,3,1.0,0.8,0.4728708045015879,0.9872585449014338,525.3333333333334,528.0,486.0,562.0
bin_knapsack01_008,knapsack01,bin,800,hard,"UMDA(pop=100,elite=0.2)",UMDA,3,3,1.0,0.8,0.4728708045015879,0.9872585449014338,516.0,516.0,515.0,517.0
bin_knapsack01_008,knapsack01,bin,800,hard,"UMDA(pop=50,elite=0.2)",UMDA,3,3,1.0,0.8,0.4728708045015879,0.9872585449014338,535.0,532.0,531.0,542.0
bin_knapsack01_008,knapsack01,bin,800,med,"GA(pop=100,pc=0.9,pm=0.02)",GA,3,3,1.0,0.8,0.4728708045015879,0.9872585449014338,454.6666666666667,450.0,444.0,470.0
bin_knapsack01_008,knapsack01,bin,800,med,"GA(pop=50,pc=0.9,pm=0.02)",GA,3,3,1.0,0.8,0.4728708045015879,0.9872585449014338,455.0,460.0,443.0,462.0
bin_knapsack01_008,knapsack01,bin,800,med,"GA(pop=50,pc=0.9,pm=0.05)",GA,3,3,1.0,0.8,0.4728708045015879,0.9872585449014338,421.3333333333333,424.0,415.0,425.0
bin_knapsack01_008,knapsack01,bin,800,med,HC(flips=1),HC,3,3,1.0,0.8,0.4728708045015879,0.9872585449014338,348.0,351.0,337.0,356.0
bin_knapsack01_008,knapsack01,bin,800,med,HC(flips=2),HC,3,3,1.0,0.8,0.4728708045015879,0.9872585449014338,568.6666666666666,566.0,565.0,575.0
bin_knapsack01_008,knapsack01,bin,800,med,RS_BIN,RS_BIN,1,3,0.3333333333333333,0.4,0.09761146288641434,0.7513953742698181,-2927.3333333333335,-3468.0,-4001.0,-1313.0
bin_knapsack01_008,knapsack01,bin,800,med,"SA(T0=1.0,alpha=0.995,flips=1)",SA,3,3,1.0,0.8,0.4728708045015879,0.9872585449014338,324.3333333333333,311.0,263.0,399.0
bin_knapsack01_008,knapsack01,bin,800,med,"SA(T0=2.0,alpha=0.99,flips=1)",SA,3,3,1.0,0.8,0.4728708045015879,0.9872585449014338,289.0,312.0,234.0,321.0
bin_knapsack01_008,knapsack01,bin,800,med,"SA(T0=2.0,alpha=0.995,flips=2)",SA,3,3,1.0,0.8,0.4728708045015879,0.9872585449014338,567.0,571.0,555.0,575.0
bin_knapsack01_008,knapsack01,bin,800,med,TABU(tenure=12),TABU,3,3,1.0,0.8,0.4728708045015879,0.9872585449014338,549.0,557.0,516.0,574.0
bin_knapsack01_008,knapsack01,bin,800,med,TABU(tenure=7),TABU,3,3,1.0,0.8,0.4728708045015879,0.9872585449014338,539.3333333333334,543.0,511.0,564.0
bin_knapsack01_008,knapsack01,bin,800,med,"UMDA(pop=100,elite=0.2)",UMDA,3,3,1.0,0.8,0.4728708045015879,0.9872585449014338,518.0,515.0,504.0,535.0
bin_knapsack01_008,knapsack01,bin,800,med,"UMDA(pop=50,elite=0.2)",UMDA,3,3,1.0,0.8,0.4728708045015879,0.9872585449014338,512.0,511.0,488.0,537.0
bin_knapsack01_011,knapsack01,bin,300,easy,"GA(pop=100,pc=0.9,pm=0.02)",GA,3,3,1.0,0.8,0.4728708045015879,0.9872585449014338,-2248.3333333333335,-2540.0,-2670.0,-1535.0
bin_knapsack01_011,knapsack01,bin,300,easy,"GA(pop=50,pc=0.9,pm=0.02)",GA,3,3,1.0,0.8,0.4728708045015879,0.9872585449014338,421.6666666666667,449.0,354.0,462.0
bin_knapsack01_011,knapsack01,bin,300,easy,"GA(pop=50,pc=0.9,pm=0.05)",GA,3,3,1.0,0.8,0.4728708045015879,0.9872585449014338,338.6666666666667,368.0,224.0,424.0
bin_knapsack01_011,knapsack01,bin,300,easy,HC(flips=1),HC,3,3,1.0,0.8,0.4728708045015879,0.9872585449014338,331.0,332.0,318.0,343.0
bin_knapsack01_011,knapsack01,bin,300,easy,HC(flips=2),HC,3,3,1.0,0.8,0.4728708045015879,0.9872585449014338,580.6666666666666,591.0,543.0,608.0
bin_knapsack01_011,knapsack01,bin,300,easy,RS_BIN,RS_BIN,2,3,0.6666666666666666,0.6,0.2486046257301818,0.9023885371135856,-3533.6666666666665,-3646.0,-5101.0,-1854.0
bin_knapsack01_011,knapsack01,bin,300,easy,"SA(T0=1.0,alpha=0.995,flips=1)",SA,3,3,1.0,0.8,0.4728708045015879,0.9872585449014338,300.0,315.0,248.0,337.0
bin_knapsack01_011,knapsack01,bin,300,easy,"SA(T0=2.0,alpha=0.99,flips=1)",SA,3,3,1.0,0.8,0.4728708045015879,0.9872585449014338,314.3333333333333,333.0,268.0,342.0
bin_knapsack01_011,knapsack01,bin,300,easy,"SA(T0=2.0,alpha=0.995,flips=2)",SA,3,3,1.0,0.8,0.4728708045015879,0.9872585449014338,561.0,561.0,539.0,583.0
bin_knapsack01_011,knapsack01,bin,300,easy,TABU(tenure=12),TABU,3,3,1.0,0.8,0.4728708045015879,0.9872585449014338,66.0,477.0,-768.0,489.0
bin_knapsack01_011,knapsack01,bin,300,easy,TABU(tenure=7),TABU,3,3,1.0,0.8,0.4728708045015879,0.9872585449014338,465.3333333333333,456.0,427.0,513.0
bin_knapsack01_011,knapsack01,bin,300,easy,"UMDA(pop=100,elite=0.2)",UMDA,3,3,1.0,0.8,0.4728708045015879,0.9872585449014338,442.6666666666667,449.0,424.0,455.0
bin_knapsack01_011,knapsack01,bin,300,easy,"UMDA(pop=50,elite=0.2)",UMDA,3,3,1.0,0.8,0.4728708045015879,0.9872585449014338,494.3333333333333,492.0,469.0,522.0
bin_knapsack01_011,knapsack01,bin,300,hard,"GA(pop=100,pc=0.9,pm=0.02)",GA,1,3,0.3333333333333333,0.4,0.09761146288641434,0.7513953742698181,-3201.3333333333335,-3444.0,-4046.0,-2114.0
bin_knapsack01_011,knapsack01,bin,300,hard,"GA(pop=50,pc=0.9,pm=0.02)",GA,3,3,1.0,0.8,0.4728708045015879,0.9872585449014338,384.0,373.0,371.0,408.0
bin_knapsack01_011,knapsack01,bin,300,hard,"GA(pop=50,pc=0.9,pm=0.05)",GA,3,3,1.0,0.8,0.4728708045015879,0.9872585449014338,347.3333333333333,349.0,297.0,396.0
bin_knapsack01_011,knapsack01,bin,300,hard,HC(flips=1),HC,3,3,1.0,0.8,0.4728708045015879,0.9872585449014338,297.0,286.0,276.0,329.0
bin_knapsack01_011,knapsack01,bin,300,hard,HC(flips=2),HC,3,3,1.0,0.8,0.4728708045015879,0.9872585449014338,564.3333333333334,557.0,535.0,601.0
bin_knapsack01_011,knapsack01,bin,300,hard,RS_BIN,RS_BIN,0,3,0.0,0.2,0.012741455098566192,0.527129195498412,-3701.6666666666665,-3758.0,-4260.0,-3087.0
bin_knapsack01_011,knapsack01,bin,300,hard,"SA(T0=1.0,alpha=0.995,flips=1)",SA,3,3,1.0,0.8,0.4728708045015879,0.9872585449014338,372.6666666666667,398.0,312.0,408.0
bin_knapsack01_011,knapsack01,bin,300,hard,"SA(T0=2.0,alpha=0.99,flips=1)",SA,3,3,1.0,0.8,0.4728708045015879,0.9872585449014338,303.6666666666667,300.0,296.0,315.0
bin_knapsack01_011,knapsack01,bin,300,hard,"SA(T0=2.0,alpha=0.995,flips=2)",SA,3,3,1.0,0.8,0.4728708045015879,0.9872585449014338,538.6666666666666,529.0,527.0,560.0
bin_knapsack01_011,knapsack01,bin,300,hard,TABU(tenure=12),TABU,3,3,1.0,0.8,0.4728708045015879,0.9872585449014338,-140.0,422.0,-1344.0,502.0
bin_knapsack01_011,knapsack01,bin,300,hard,TABU(tenure=7),TABU,3,3,1.0,0.8,0.4728708045015879,0.9872585449014338,463.6666666666667,483.0,415.0,493.0
bin_knapsack01_011,knapsack01,bin,300,hard,"UMDA(pop=100,elite=0.2)",UMDA,3,3,1.0,0.8,0.4728708045015879,0.9872585449014338,412.6666666666667,424.0,377.0,437.0
bin_knapsack01_011,knapsack01,bin,300,hard,"UMDA(pop=50,elite=0.2)",UMDA,3,3,1.0,0.8,0.4728708045015879,0.9872585449014338,469.0,474.0,456.0,477.0
bin_knapsack01_011,knapsack01,bin,300,med,"GA(pop=100,pc=0.9,pm=0.02)",GA,2,3,0.6666666666666666,0.6,0.2486046257301818,0.9023885371135856,-2405.0,-2333.0,-3219.0,-1663.0
bin_knapsack01_011,knapsack01,bin,300,med,"GA(pop=50,pc=0.9,pm=0.02)",GA,3,3,1.0,0.8,0.4728708045015879,0.9872585449014338,-150.33333333333334,286.0,-1080.0,343.0
bin_knapsack01_011,knapsack01,bin,300,med,"GA(pop=50,pc=0.9,pm=0.05)",GA,3,3,1.0,0.8,0.4728708045015879,0.9872585449014338,185.33333333333334,322.0,-136.0,370.0
bin_knapsack01_011,knapsack01,bin,300,med,HC(flips=1),HC,3,3,1.0,0.8,0.4728708045015879,0.9872585449014338,294.6666666666667,291.0,250.0,343.0
bin_knapsack01_011,knapsack01,bin,300,med,HC(flips=2),HC,3,3,1.0,0.8,0.4728708045015879,0.9872585449014338,529.6666666666666,552.0,481.0,556.0
bin_knapsack01_011,knapsack01,bin,300,med,RS_BIN,RS_BIN,1,3,0.3333333333333333,0.4,0.09761146288641434,0.7513953742698181,-3264.3333333333335,-3589.0,-5269.0,-935.0
bin_knapsack01_011,knapsack01,bin,300,med,"SA(T0=1.0,alpha=0.995,flips=1)",SA,3,3,1.0,0.8,0.4728708045015879,0.9872585449014338,308.3333333333333,340.0,237.0,348.0
bin_knapsack01_011,knapsack01,bin,300,med,"SA(T0=2.0,alpha=0.99,flips=1)",SA,3,3,1.0,0.8,0.4728708045015879,0.9872585449014338,307.3333333333333,305.0,284.0,333.0
bin_knapsack01_011,knapsack01,bin,300,med,"SA(T0=2.0,alpha=0.995,flips=2)",SA,3,3,1.0,0.8,0.4728708045015879,0.9872585449014338,551.0,561.0,529.0,563.0
bin_knapsack01_011,knapsack01,bin,300,med,TABU(tenure=12),TABU,3,3,1.0,0.8,0.4728708045015879,0.9872585449014338,478.6666666666667,468.0,443.0,525.0
bin_knapsack01_011,knapsack01,bin,300,med,TABU(tenure=7),TABU,3,3,1.0,0.8,0.4728708045015879,0.9872585449014338,443.6666666666667,445.0,378.0,508.0
bin_knapsack01_011,knapsack01,bin,300,med,"UMDA(pop=100,elite=0.2)",UMDA,3,3,1.0,0.8,0.4728708045015879,0.9872585449014338,439.3333333333333,450.0,411.0,457.0
bin_knapsack01_011,knapsack01,bin,300,med,"UMDA(pop=50,elite=0.2)",UMDA,3,3,1.0,0.8,0.4728708045015879,0.9872585449014338,466.6666666666667,441.0,435.0,524.0
bin_knapsack01_011,knapsack01,bin,800,easy,"GA(pop=100,pc=0.9,pm=0.02)",GA,3,3,1.0,0.8,0.4728708045015879,0.9872585449014338,442.0,441.0,424.0,461.0
bin_knapsack01_011,knapsack01,bin,800,easy,"GA(pop=50,pc=0.9,pm=0.02)",GA,3,3,1.0,0.8,0.4728708045015879,0.9872585449014338,503.0,502.0,501.0,506.0
bin_knapsack01_011,knapsack01,bin,800,easy,"GA(pop=50,pc=0.9,pm=0.05)",GA,3,3,1.0,0.8,0.4728708045015879,0.9872585449014338,461.6666666666667,458.0,446.0,481.0
bin_knapsack01_011,knapsack01,bin,800,easy,HC(flips=1),HC,3,3,1.0,0.8,0.4728708045015879,0.9872585449014338,387.6666666666667,376.0,373.0,414.0
bin_knapsack01_011,knapsack01,bin,800,easy,HC(flips=2),HC,3,3,1.0,0.8,0.4728708045015879,0.9872585449014338,608.0,603.0,599.0,622.0
bin_knapsack01_011,knapsack01,bin,800,easy,RS_BIN,RS_BIN,3,3,1.0,0.8,0.4728708045015879,0.9872585449014338,-2760.6666666666665,-3270.0,-3376.0,-1636.0
bin_knapsack01_011,knapsack01,bin,800,easy,"SA(T0=1.0,alpha=0.995,flips=1)",SA,3,3,1.0,0.8,0.4728708045015879,0.9872585449014338,264.0,265.0,208.0,319.0
bin_knapsack01_011,knapsack01,bin,800,easy,"SA(T0=2.0,alpha=0.99,flips=1)",SA,3,3,1.0,0.8,0.4728708045015879,0.9872585449014338,317.6666666666667,313.0,267.0,373.0
bin_knapsack01_011,knapsack01,bin,800,easy,"SA(T0=2.0,alpha=0.995,flips=2)",SA,3,3,1.0,0.8,0.4728708045015879,0.9872585449014338,619.6666666666666,613.0,609.0,637.0
bin_knapsack01_011,knapsack01,bin,800,easy,TABU(tenure=12),TABU,3,3,1.0,0.8,0.4728708045015879,0.9872585449014338,594.3333333333334,598.0,585.0,600.0
bin_knapsack01_011,knapsack01,bin,800,easy,TABU(tenure=7),TABU,3,3,1.0,0.8,0.4728708045015879,0.9872585449014338,606.0,617.0,579.0,622.0
bin_knapsack01_011,knapsack01,bin,800,easy,"UMDA(pop=100,elite=0.2)",UMDA,3,3,1.0,0.8,0.4728708045015879,0.9872585449014338,557.6666666666666,557.0,549.0,567.0
bin_knapsack01_011,knapsack01,bin,800,easy,"UMDA(pop=50,elite=0.2)",UMDA,3,3,1.0,0.8,0.4728708045015879,0.9872585449014338,596.3333333333334,594.0,578.0,617.0
bin_knapsack01_011,knapsack01,bin,800,hard,"GA(pop=100,pc=0.9,pm=0.02)",GA,3,3,1.0,0.8,0.4728708045015879,0.9872585449014338,437.6666666666667,434.0,424.0,455.0
bin_knapsack01_011,knapsack01,bin,800,hard,"GA(pop=50,pc=0.9,pm=0.02)",GA,3,3,1.0,0.8,0.4728708045015879,0.9872585449014338,472.3333333333333,451.0,444.0,522.0
bin_knapsack01_011,knapsack01,bin,800,hard,"GA(pop=50,pc=0.9,pm=0.05)",GA,3,3,1.0,0.8,0.4728708045015879,0.9872585449014338,477.6666666666667,483.0,460.0,490.0
bin_knapsack01_011,knapsack01,bin,800,hard,HC(flips=1),HC,3,3,1.0,0.8,0.4728708045015879,0.9872585449014338,365.3333333333333,381.0,333.0,382.0
bin_knapsack01_011,knapsack01,bin,800,hard,HC(flips=2),HC,3,3,1.0,0.8,0.4728708045015879,0.9872585449014338,623.3333333333334,627.0,613.0,630.0
bin_knapsack01_011,knapsack01,bin,800,hard,RS_BIN,RS_BIN,2,3,0.6666666666666666,0.6,0.2486046257301818,0.9023885371135856,-1786.6666666666667,-957.0,-3493.0,-910.0
bin_knapsack01_011,knapsack01,bin,800,hard,"SA(T0=1.0,alpha=0.995,flips=1)",SA,3,3,1.0,0.8,0.4728708045015879,0.9872585449014338,313.3333333333333,305.0,297.0,338.0
bin_knapsack01_011,knapsack01,bin,800,hard,"SA(T0=2.0,alpha=0.99,flips=1)",SA,3,3,1.0,0.8,0.4728708045015879,0.9872585449014338,347.6666666666667,316.0,310.0,417.0
bin_knapsack01_011,knapsack01,bin,800,hard,"SA(T0=2.0,alpha=0.995,flips=2)",SA,3,3,1.0,0.8,0.4728708045015879,0.9872585449014338,600.0,604.0,579.0,617.0
bin_knapsack01_011,knapsack01,bin,800,hard,TABU(tenure=12),TABU,3,3,1.0,0.8,0.4728708045015879,0.9872585449014338,589.0,599.0,568.0,600.0
bin_knapsack01_011,knapsack01,bin,800,hard,TABU(tenure=7),TABU,3,3,1.0,0.8,0.4728708045015879,0.9872585449014338,606.3333333333334,601.0,600.0,618.0
bin_knapsack01_011,knapsack01,bin,800,hard,"UMDA(pop=100,elite=0.2)",UMDA,3,3,1.0,0.8,0.4728708045015879,0.9872585449014338,550.0,525.0,515.0,610.0
bin_knapsack01_011,knapsack01,bin,800,hard,"UMDA(pop=50,elite=0.2)",UMDA,3,3,1.0,0.8,0.4728708045015879,0.9872585449014338,579.0,579.0,578.0,580.0
bin_knapsack01_011,knapsack01,bin,800,med,"GA(pop=100,pc=0.9,pm=0.02)",GA,3,3,1.0,0.8,0.4728708045015879,0.9872585449014338,443.0,441.0,430.0,458.0
bin_knapsack01_011,knapsack01,bin,800,med,"GA(pop=50,pc=0.9,pm=0.02)",GA,3,3,1.0,0.8,0.4728708045015879,0.9872585449014338,498.0,498.0,489.0,507.0
bin_knapsack01_011,knapsack01,bin,800,med,"GA(pop=50,pc=0.9,pm=0.05)",GA,3,3,1.0,0.8,0.4728708045015879,0.9872585449014338,484.0,467.0,452.0,533.0
bin_knapsack01_011,knapsack01,bin,800,med,HC(flips=1),HC,3,3,1.0,0.8,0.4728708045015879,0.9872585449014338,322.6666666666667,334.0,293.0,341.0
bin_knapsack01_011,knapsack01,bin,800,med,HC(flips=2),HC,3,3,1.0,0.8,0.4728708045015879,0.9872585449014338,615.0,613.0,597.0,635.0
bin_knapsack01_011,knapsack01,bin,800,med,RS_BIN,RS_BIN,2,3,0.6666666666666666,0.6,0.2486046257301818,0.9023885371135856,-1715.6666666666667,-2350.0,-3206.0,409.0
bin_knapsack01_011,knapsack01,bin,800,med,"SA(T0=1.0,alpha=0.995,flips=1)",SA,3,3,1.0,0.8,0.4728708045015879,0.9872585449014338,395.6666666666667,397.0,369.0,421.0
bin_knapsack01_011,knapsack01,bin,800,med,"SA(T0=2.0,alpha=0.99,flips=1)",SA,3,3,1.0,0.8,0.4728708045015879,0.9872585449014338,337.6666666666667,301.0,266.0,446.0
bin_knapsack01_011,knapsack01,bin,800,med,"SA(T0=2.0,alpha=0.995,flips=2)",SA,3,3,1.0,0.8,0.4728708045015879,0.9872585449014338,607.3333333333334,613.0,587.0,622.0
bin_knapsack01_011,knapsack01,bin,800,med,TABU(tenure=12),TABU,3,3,1.0,0.8,0.4728708045015879,0.9872585449014338,602.3333333333334,596.0,579.0,632.0
bin_knapsack01_011,knapsack01,bin,800,med,TABU(tenure=7),TABU,3,3,1.0,0.8,0.4728708045015879,0.9872585449014338,597.0,584.0,583.0,624.0
bin_knapsack01_011,knapsack01,bin,800,med,"UMDA(pop=100,elite=0.2)",UMDA,3,3,1.0,0.8,0.4728708045015879,0.9872585449014338,549.6666666666666,543.0,538.0,568.0
bin_knapsack01_011,knapsack01,bin,800,med,"UMDA(pop=50,elite=0.2)",UMDA,3,3,1.0,0.8,0.4728708045015879,0.9872585449014338,586.6666666666666,591.0,557.0,612.0
bin_leadingones_001,leadingones,bin,300,easy,"GA(pop=100,pc=0.9,pm=0.02)",GA,2,3,0.6666666666666666,0.6,0.2486046257301818,0.9023885371135856,9.666666666666666,9.0,8.0,12.0
bin_leadingones_001,leadingones,bin,300,easy,"GA(pop=50,pc=0.9,pm=0.02)",GA,2,3,0.6666666666666666,0.6,0.2486046257301818,0.9023885371135856,10.0,9.0,8.0,13.0
bin_leadingones_001,leadingones,bin,300,easy,"GA(pop=50,pc=0.9,pm=0.05)",GA,3,3,1.0,0.8,0.4728708045015879,0.9872585449014338,11.0,11.0,11.0,11.0
bin_leadingones_001,leadingones,bin,300,easy,HC(flips=1),HC,1,3,0.3333333333333333,0.4,0.09761146288641434,0.7513953742698181,7.0,7.0,4.0,10.0
bin_leadingones_001,leadingones,bin,300,easy,HC(flips=2),HC,2,3,0.6666666666666666,0.6,0.2486046257301818,0.9023885371135856,8.333333333333334,9.0,5.0,11.0
bin_leadingones_001,leadingones,bin,300,easy,RS_BIN,RS_BIN,1,3,0.3333333333333333,0.4,0.09761146288641434,0.7513953742698181,7.333333333333333,7.0,6.0,9.0
bin_leadingones_001,leadingones,bin,300,easy,"SA(T0=1.0,alpha=0.995,flips=1)",SA,1,3,0.3333333333333333,0.4,0.09761146288641434,0.7513953742698181,9.0,8.0,4.0,15.0
bin_leadingones_001,leadingones,bin,300,easy,"SA(T0=2.0,alpha=0.99,flips=1)",SA,2,3,0.6666666666666666,0.6,0.2486046257301818,0.9023885371135856,11.666666666666666,15.0,3.0,17.0
bin_leadingones_001,leadingones,bin,300,easy,"SA(T0=2.0,alpha=0.995,flips=2)",SA,1,3,0.3333333333333333,0.4,0.09761146288641434,0.7513953742698181,9.0,7.0,6.0,14.0
bin_leadingones_001,leadingones,bin,300,easy,TABU(tenure=12),TABU,0,3,0.0,0.2,0.012741455098566192,0.527129195498412,3.6666666666666665,4.0,3.0,4.0
bin_leadingones_001,leadingones,bin,300,easy,TABU(tenure=7),TABU,2,3,0.6666666666666666,0.6,0.2486046257301818,0.9023885371135856,9.333333333333334,10.0,4.0,14.0
bin_leadingones_001,leadingones,bin,300,easy,"UMDA(pop=100,elite=0.2)",UMDA,2,3,0.6666666666666666,0.6,0.2486046257301818,0.9023885371135856,9.0,9.0,7.0,11.0
bin_leadingones_001,leadingones,bin,300,easy,"UMDA(pop=50,elite=0.2)",UMDA,1,3,0.3333333333333333,0.4,0.09761146288641434,0.7513953742698181,7.333333333333333,8.0,4.0,10.0
bin_leadingones_001,leadingones,bin,300,hard,"GA(pop=100,pc=0.9,pm=0.02)",GA,1,3,0.3333333333333333,0.4,0.09761146288641434,0.7513953742698181,9.0,9.0,7.0,11.0
bin_leadingones_001,leadingones,bin,300,hard,"GA(pop=50,pc=0.9,pm=0.02)",GA,0,3,0.0,0.2,0.012741455098566192,0.527129195498412,7.666666666666667,7.0,6.0,10.0
bin_leadingones_001,leadingones,bin,300,hard,"GA(pop=50,pc=0.9,pm=0.05)",GA,1,3,0.3333333333333333,0.4,0.09761146288641434,0.7513953742698181,11.0,10.0,10.0,13.0
bin_leadingones_001,leadingones,bin,300,hard,HC(flips=1),HC,2,3,0.6666666666666666,0.6,0.2486046257301818,0.9023885371135856,9.333333333333334,12.0,1.0,15.0
bin_leadingones_001,leadingones,bin,300,hard,HC(flips=2),HC,3,3,1.0,0.8,0.4728708045015879,0.9872585449014338,20.0,20.0,18.0,22.0
bin_leadingones_001,leadingones,bin,300,hard,RS_BIN,RS_BIN,1,3,0.3333333333333333,0.4,0.09761146288641434,0.7513953742698181,9.666666666666666,10.0,8.0,11.0
bin_leadingones_001,leadingones,bin,300,hard,"SA(T0=1.0,alpha=0.995,flips=1)",SA,1,3,0.3333333333333333,0.4,0.09761146288641434,0.7513953742698181,6.333333333333333,6.0,2.0,11.0
bin_leadingones_001,leadingones,bin,300,hard,"SA(T0=2.0,alpha=0.99,flips=1)",SA,0,3,0.0,0.2,0.012741455098566192,0.527129195498412,6.0,6.0,4.0,8.0
bin_leadingones_001,leadingones,bin,300,hard,"SA(T0=2.0,alpha=0.995,flips=2)",SA,1,3,0.3333333333333333,0.4,0.09761146288641434,0.7513953742698181,9.0,7.0,7.0,13.0
bin_leadingones_001,leadingones,bin,300,hard,TABU(tenure=12),TABU,2,3,0.6666666666666666,0.6,0.2486046257301818,0.9023885371135856,12.333333333333334,14.0,3.0,20.0
bin_leadingones_001,leadingones,bin,300,hard,TABU(tenure=7),TABU,2,3,0.6666666666666666,0.6,0.2486046257301818,0.9023885371135856,11.666666666666666,11.0,8.0,16.0
bin_leadingones_001,leadingones,bin,300,hard,"UMDA(pop=100,elite=0.2)",UMDA,2,3,0.6666666666666666,0.6,0.2486046257301818,0.9023885371135856,12.333333333333334,13.0,9.0,15.0
bin_leadingones_001,leadingones,bin,300,hard,"UMDA(pop=50,elite=0.2)",UMDA,2,3,0.6666666666666666,0.6,0.2486046257301818,0.9023885371135856,14.333333333333334,16.0,10.0,17.0
bin_leadingones_001,leadingones,bin,300,med,"GA(pop=100,pc=0.9,pm=0.02)",GA,1,3,0.3333333333333333,0.4,0.09761146288641434,0.7513953742698181,7.333333333333333,7.0,6.0,9.0
bin_leadingones_001,leadingones,bin,300,med,"GA(pop=50,pc=0.9,pm=0.02)",GA,2,3,0.6666666666666666,0.6,0.2486046257301818,0.9023885371135856,8.666666666666666,9.0,7.0,10.0
bin_leadingones_001,leadingones,bin,300,med,"GA(pop=50,pc=0.9,pm=0.05)",GA,2,3,0.6666666666666666,0.6,0.2486046257301818,0.9023885371135856,10.0,10.0,8.0,12.0
bin_leadingones_001,leadingones,bin,300,med,HC(flips=1),HC,0,3,0.0,0.2,0.012741455098566192,0.527129195498412,5.0,6.0,1.0,8.0
bin_leadingones_001,leadingones,bin,300,med,HC(flips=2),HC,3,3,1.0,0.8,0.4728708045015879,0.9872585449014338,13.0,14.0,11.0,14.0
bin_leadingones_001,leadingones,bin,300,med,RS_BIN,RS_BIN,1,3,0.3333333333333333,0.4,0.09761146288641434,0.7513953742698181,8.666666666666666,8.0,8.0,10.0
bin_leadingones_001,leadingones,bin,300,med,"SA(T0=1.0,alpha=0.995,flips=1)",SA,2,3,0.6666666666666666,0.6,0.2486046257301818,0.9023885371135856,10.333333333333334,11.0,4.0,16.0
bin_leadingones_001,leadingones,bin,300,med,"SA(T0=2.0,alpha=0.99,flips=1)",SA,1,3,0.3333333333333333,0.4,0.09761146288641434,0.7513953742698181,9.0,7.0,6.0,14.0
bin_leadingones_001,leadingones,bin,300,med,"SA(T0=2.0,alpha=0.995,flips=2)",SA,2,3,0.6666666666666666,0.6,0.2486046257301818,0.9023885371135856,16.0,20.0,8.0,20.0
bin_leadingones_001,leadingones,bin,300,med,TABU(tenure=12),TABU,1,3,0.3333333333333333,0.4,0.09761146288641434,0.7513953742698181,5.333333333333333,5.0,1.0,10.0
bin_leadingones_001,leadingones,bin,300,med,TABU(tenure=7),TABU,0,3,0.0,0.2,0.012741455098566192,0.527129195498412,7.0,7.0,6.0,8.0
bin_leadingones_001,leadingones,bin,300,med,"UMDA(pop=100,elite=0.2)",UMDA,3,3,1.0,0.8,0.4728708045015879,0.9872585449014338,12.333333333333334,12.0,12.0,13.0
bin_leadingones_001,leadingones,bin,300,med,"UMDA(pop=50,elite=0.2)",UMDA,3,3,1.0,0.8,0.4728708045015879,0.9872585449014338,14.0,15.0,10.0,17.0
bin_leadingones_001,leadingones,bin,800,easy,"GA(pop=100,pc=0.9,pm=0.02)",GA,0,3,0.0,0.2,0.012741455098566192,0.527129195498412,9.666666666666666,10.0,9.0,10.0
bin_leadingones_001,leadingones,bin,800,easy,"GA(pop=50,pc=0.9,pm=0.02)",GA,3,3,1.0,0.8,0.4728708045015879,0.9872585449014338,14.666666666666666,14.0,14.0,16.0
bin_leadingones_001,leadingones,bin,800,easy,"GA(pop=50,pc=0.9,pm=0.05)",GA,3,3,1.0,0.8,0.4728708045015879,0.9872585449014338,14.0,14.0,12.0,16.0
bin_leadingones_001,leadingones,bin,800,easy,HC(flips=1),HC,3,3,1.0,0.8,0.4728708045015879,0.9872585449014338,21.0,19.0,19.0,25.0
bin_leadingones_001,leadingones,bin,800,easy,HC(flips=2),HC,3,3,1.0,0.8,0.4728708045015879,0.9872585449014338,33.0,30.0,29.0,40.0
bin_leadingones_001,leadingones,bin,800,easy,RS_BIN,RS_BIN,1,3,0.3333333333333333,0.4,0.09761146288641434,0.7513953742698181,10.333333333333334,10.0,10.0,11.0
bin_leadingones_001,leadingones,bin,800,easy,"SA(T0=1.0,alpha=0.995,flips=1)",SA,3,3,1.0,0.8,0.4728708045015879,0.9872585449014338,19.333333333333332,17.0,11.0,30.0
bin_leadingones_001,leadingones,bin,800,easy,"SA(T0=2.0,alpha=0.99,flips=1)",SA,2,3,0.6666666666666666,0.6,0.2486046257301818,0.9023885371135856,14.0,16.0,7.0,19.0
bin_leadingones_001,leadingones,bin,800,easy,"SA(T0=2.0,alpha=0.995,flips=2)",SA,3,3,1.0,0.8,0.4728708045015879,0.9872585449014338,35.0,35.0,28.0,42.0
bin_leadingones_001,leadingones,bin,800,easy,TABU(tenure=12),TABU,3,3,1.0,0.8,0.4728708045015879,0.9872585449014338,24.0,25.0,19.0,28.0
bin_leadingones_001,leadingones,bin,800,easy,TABU(tenure=7),TABU,3,3,1.0,0.8,0.4728708045015879,0.9872585449014338,17.666666666666668,18.0,17.0,18.0
bin_leadingones_001,leadingones,bin,800,easy,"UMDA(pop=100,elite=0.2)",UMDA,3,3,1.0,0.8,0.4728708045015879,0.9872585449014338,21.333333333333332,22.0,18.0,24.0
bin_leadingones_001,leadingones,bin,800,easy,"UMDA(pop=50,elite=0.2)",UMDA,2,3,0.6666666666666666,0.6,0.2486046257301818,0.9023885371135856,10.0,11.0,5.0,14.0
bin_leadingones_001,leadingones,bin,800,hard,"GA(pop=100,pc=0.9,pm=0.02)",GA,2,3,0.6666666666666666,0.6,0.2486046257301818,0.9023885371135856,13.0,12.0,9.0,18.0
bin_leadingones_001,leadingones,bin,800,hard,"GA(pop=50,pc=0.9,pm=0.02)",GA,2,3,0.6666666666666666,0.6,0.2486046257301818,0.9023885371135856,12.666666666666666,12.0,11.0,15.0
bin_leadingones_001,leadingones,bin,800,hard,"GA(pop=50,pc=0.9,pm=0.05)",GA,3,3,1.0,0.8,0.4728708045015879,0.9872585449014338,19.0,22.0,12.0,23.0
bin_leadingones_001,leadingones,bin,800,hard,HC(flips=1),HC,2,3,0.6666666666666666,0.6,0.2486046257301818,0.9023885371135856,16.333333333333332,15.0,9.0,25.0
bin_leadingones_001,leadingones,bin,800,hard,HC(flips=2),HC,3,3,1.0,0.8,0.4728708045015879,0.9872585449014338,27.666666666666668,28.0,24.0,31.0
bin_leadingones_001,leadingones,bin,800,hard,RS_BIN,RS_BIN,0,3,0.0,0.2,0.012741455098566192,0.527129195498412,10.666666666666666,11.0,10.0,11.0
bin_leadingones_001,leadingones,bin,800,hard,"SA(T0=1.0,alpha=0.995,flips=1)",SA,3,3,1.0,0.8,0.4728708045015879,0.9872585449014338,25.666666666666668,26.0,25.0,26.0
bin_leadingones_001,leadingones,bin,800,hard,"SA(T0=2.0,alpha=0.99,flips=1)",SA,3,3,1.0,0.8,0.4728708045015879,0.9872585449014338,24.0,24.0,14.0,34.0
bin_leadingones_001,leadingones,bin,800,hard,"SA(T0=2.0,alpha=0.995,flips=2)",SA,3,3,1.0,0.8,0.4728708045015879,0.9872585449014338,29.666666666666668,28.0,24.0,37.0
bin_leadingones_001,leadingones,bin,800,hard,TABU(tenure=12),TABU,3,3,1.0,0.8,0.4728708045015879,0.9872585449014338,19.666666666666668,18.0,16.0,25.0
bin_leadingones_001,leadingones,bin,800,hard,TABU(tenure=7),TABU,3,3,1.0,0.8,0.4728708045015879,0.9872585449014338,20.666666666666668,17.0,16.0,29.0
bin_leadingones_001,leadingones,bin,800,hard,"UMDA(pop=100,elite=0.2)",UMDA,3,3,1.0,0.8,0.4728708045015879,0.9872585449014338,15.0,15.0,14.0,16.0
bin_leadingones_001,leadingones,bin,800,hard,"UMDA(pop=50,elite=0.2)",UMDA,1,3,0.3333333333333333,0.4,0.09761146288641434,0.7513953742698181,9.333333333333334,10.0,6.0,12.0
bin_leadingones_001,leadingones,bin,800,med,"GA(pop=100,pc=0.9,pm=0.02)",GA,2,3,0.6666666666666666,0.6,0.2486046257301818,0.9023885371135856,12.333333333333334,12.0,9.0,16.0
bin_leadingones_001,leadingones,bin,800,med,"GA(pop=50,pc=0.9,pm=0.02)",GA,3,3,1.0,0.8,0.4728708045015879,0.9872585449014338,14.333333333333334,14.0,12.0,17.0
bin_leadingones_001,leadingones,bin,800,med,"GA(pop=50,pc=0.9,pm=0.05)",GA,3,3,1.0,0.8,0.4728708045015879,0.9872585449014338,15.666666666666666,14.0,12.0,21.0
bin_leadingones_001,leadingones,bin,800,med,HC(flips=1),HC,3,3,1.0,0.8,0.4728708045015879,0.9872585449014338,21.333333333333332,24.0,15.0,25.0
bin_leadingones_001,leadingones,bin,800,med,HC(flips=2),HC,3,3,1.0,0.8,0.4728708045015879,0.9872585449014338,33.0,32.0,25.0,42.0
bin_leadingones_001,leadingones,bin,800,med,RS_BIN,RS_BIN,0,3,0.0,0.2,0.012741455098566192,0.527129195498412,8.333333333333334,9.0,7.0,9.0
bin_leadingones_001,leadingones,bin,800,med,"SA(T0=1.0,alpha=0.995,flips=1)",SA,3,3,1.0,0.8,0.4728708045015879,0.9872585449014338,24.666666666666668,26.0,13.0,35.0
bin_leadingones_001,leadingones,bin,800,med,"SA(T0=2.0,alpha=0.99,flips=1)",SA,3,3,1.0,0.8,0.4728708045015879,0.9872585449014338,19.666666666666668,21.0,12.0,26.0
bin_leadingones_001,leadingones,bin,800,med,"SA(T0=2.0,alpha=0.995,flips=2)",SA,3,3,1.0,0.8,0.4728708045015879,0.9872585449014338,34.666666666666664,34.0,30.0,40.0
bin_leadingones_001,leadingones,bin,800,med,TABU(tenure=12),TABU,3,3,1.0,0.8,0.4728708045015879,0.9872585449014338,16.333333333333332,17.0,11.0,21.0
bin_leadingones_001,leadingones,bin,800,med,TABU(tenure=7),TABU,3,3,1.0,0.8,0.4728708045015879,0.9872585449014338,17.666666666666668,17.0,15.0,21.0
bin_leadingones_001,leadingones,bin,800,med,"UMDA(pop=100,elite=0.2)",UMDA,3,3,1.0,0.8,0.4728708045015879,0.9872585449014338,17.333333333333332,17.0,16.0,19.0
bin_leadingones_001,leadingones,bin,800,med,"UMDA(pop=50,elite=0.2)",UMDA,2,3,0.6666666666666666,0.6,0.2486046257301818,0.9023885371135856,16.666666666666668,21.0,8.0,21.0
bin_leadingones_004,leadingones,bin,300,easy,"GA(pop=100,pc=0.9,pm=0.02)",GA,1,3,0.3333333333333333,0.4,0.09761146288641434,0.7513953742698181,7.333333333333333,7.0,7.0,8.0
bin_leadingones_004,leadingones,bin,300,easy,"GA(pop=50,pc=0.9,pm=0.02)",GA,3,3,1.0,0.8,0.4728708045015879,0.9872585449014338,13.0,11.0,10.0,18.0
bin_leadingones_004,leadingones,bin,300,easy,"GA(pop=50,pc=0.9,pm=0.05)",GA,3,3,1.0,0.8,0.4728708045015879,0.9872585449014338,9.0,9.0,8.0,10.0
bin_leadingones_004,leadingones,bin,300,easy,HC(flips=1),HC,2,3,0.6666666666666666,0.6,0.2486046257301818,0.9023885371135856,9.666666666666666,11.0,5.0,13.0
bin_leadingones_004,leadingones,bin,300,easy,HC(flips=2),HC,2,3,0.6666666666666666,0.6,0.2486046257301818,0.9023885371135856,11.0,13.0,5.0,15.0
bin_leadingones_004,leadingones,bin,300,easy,RS_BIN,RS_BIN,2,3,0.6666666666666666,0.6,0.2486046257301818,0.9023885371135856,8.333333333333334,8.0,7.0,10.0
bin_leadingones_004,leadingones,bin,300,easy,"SA(T0=1.0,alpha=0.995,flips=1)",SA,1,3,0.3333333333333333,0.4,0.09761146288641434,0.7513953742698181,6.666666666666667,6.0,5.0,9.0
bin_leadingones_004,leadingones,bin,300,easy,"SA(T0=2.0,alpha=0.99,flips=1)",SA,1,3,0.3333333333333333,0.4,0.09761146288641434,0.7513953742698181,4.666666666666667,2.0,2.0,10.0
bin_leadingones_004,leadingones,bin,300,easy,"SA(T0=2.0,alpha=0.995,flips=2)",SA,1,3,0.3333333333333333,0.4,0.09761146288641434,0.7513953742698181,7.333333333333333,7.0,5.0,10.0
bin_leadingones_004,leadingones,bin,300,easy,TABU(tenure=12),TABU,1,3,0.3333333333333333,0.4,0.09761146288641434,0.7513953742698181,7.0,6.0,4.0,11.0
bin_leadingones_004,leadingones,bin,300,easy,TABU(tenure=7),TABU,3,3,1.0,0.8,0.4728708045015879,0.9872585449014338,12.333333333333334,13.0,10.0,14.0
bin_leadingones_004,leadingones,bin,300,easy,"UMDA(pop=100,elite=0.2)",UMDA,3,3,1.0,0.8,0.4728708045015879,0.9872585449014338,10.0,10.0,9.0,11.0
bin_leadingones_004,leadingones,bin,300,easy,"UMDA(pop=50,elite=0.2)",UMDA,3,3,1.0,0.8,0.4728708045015879,0.9872585449014338,11.666666666666666,12.0,9.0,14.0
bin_leadingones_004,leadingones,bin,300,hard,"GA(pop=100,pc=0.9,pm=0.02)",GA,0,3,0.0,0.2,0.012741455098566192,0.527129195498412,7.666666666666667,7.0,7.0,9.0
bin_leadingones_004,leadingones,bin,300,hard,"GA(pop=50,pc=0.9,pm=0.02)",GA,0,3,0.0,0.2,0.012741455098566192,0.527129195498412,8.0,7.0,7.0,10.0
bin_leadingones_004,leadingones,bin,300,hard,"GA(pop=50,pc=0.9,pm=0.05)",GA,2,3,0.6666666666666666,0.6,0.2486046257301818,0.9023885371135856,11.666666666666666,12.0,10.0,13.0
bin_leadingones_004,leadingones,bin,300,hard,HC(flips=1),HC,0,3,0.0,0.2,0.012741455098566192,0.527129195498412,2.3333333333333335,2.0,2.0,3.0
bin_leadingones_004,leadingones,bin,300,hard,HC(flips=2),HC,1,3,0.3333333333333333,0.4,0.09761146288641434,0.7513953742698181,9.666666666666666,8.0,5.0,16.0
bin_leadingones_004,leadingones,bin,300,hard,RS_BIN,RS_BIN,0,3,0.0,0.2,0.012741455098566192,0.527129195498412,8.333333333333334,7.0,7.0,11.0
bin_leadingones_004,leadingones,bin,300,hard,"SA(T0=1.0,alpha=0.995,flips=1)",SA,0,3,0.0,0.2,0.012741455098566192,0.527129195498412,8.333333333333334,8.0,8.0,9.0
bin_leadingones_004,leadingones,bin,300,hard,"SA(T0=2.0,alpha=0.99,flips=1)",SA,0,3,0.0,0.2,0.012741455098566192,0.527129195498412,8.0,10.0,4.0,10.0
bin_leadingones_004,leadingones,bin,300,hard,"SA(T0=2.0,alpha=0.995,flips=2)",SA,1,3,0.3333333333333333,0.4,0.09761146288641434,0.7513953742698181,6.666666666666667,5.0,3.0,12.0
bin_leadingones_004,leadingones,bin,300,hard,TABU(tenure=12),TABU,1,3,0.3333333333333333,0.4,0.09761146288641434,0.7513953742698181,8.333333333333334,8.0,3.0,14.0
bin_leadingones_004,leadingones,bin,300,hard,TABU(tenure=7),TABU,1,3,0.3333333333333333,0.4,0.09761146288641434,0.7513953742698181,8.666666666666666,7.0,6.0,13.0
bin_leadingones_004,leadingones,bin,300,hard,"UMDA(pop=100,elite=0.2)",UMDA,3,3,1.0,0.8,0.4728708045015879,0.9872585449014338,14.333333333333334,15.0,13.0,15.0
bin_leadingones_004,leadingones,bin,300,hard,"UMDA(pop=50,elite=0.2)",UMDA,3,3,1.0,0.8,0.4728708045015879,0.9872585449014338,14.666666666666666,14.0,13.0,17.0
bin_leadingones_004,leadingones,bin,300,med,"GA(pop=100,pc=0.9,pm=0.02)",GA,0,3,0.0,0.2,0.012741455098566192,0.527129195498412,6.666666666666667,7.0,6.0,7.0
bin_leadingones_004,leadingones,bin,300,med,"GA(pop=50,pc=0.9,pm=0.02)",GA,1,3,0.3333333333333333,0.4,0.09761146288641434,0.7513953742698181,8.0,7.0,7.0,10.0
bin_leadingones_004,leadingones,bin,300,med,"GA(pop=50,pc=0.9,pm=0.05)",GA,1,3,0.3333333333333333,0.4,0.09761146288641434,0.7513953742698181,9.333333333333334,9.0,7.0,12.0
bin_leadingones_004,leadingones,bin,300,med,HC(flips=1),HC,2,3,0.6666666666666666,0.6,0.2486046257301818,0.9023885371135856,12.0,14.0,3.0,19.0
bin_leadingones_004,leadingones,bin,300,med,HC(flips=2),HC,2,3,0.6666666666666666,0.6,0.2486046257301818,0.9023885371135856,10.0,12.0,4.0,14.0
bin_leadingones_004,leadingones,bin,300,med,RS_BIN,RS_BIN,0,3,0.0,0.2,0.012741455098566192,0.527129195498412,6.666666666666667,7.0,6.0,7.0
bin_leadingones_004,leadingones,bin,300,med,"SA(T0=1.0,alpha=0.995,flips=1)",SA,1,3,0.3333333333333333,0.4,0.09761146288641434,0.7513953742698181,9.666666666666666,8.0,5.0,16.0
bin_leadingones_004,leadingones,bin,300,med,"SA(T0=2.0,alpha=0.99,flips=1)",SA,0,3,0.0,0.2,0.012741455098566192,0.527129195498412,6.666666666666667,6.0,5.0,9.0
bin_leadingones_004,leadingones,bin,300,med,"SA(T0=2.0,alpha=0.995,flips=2)",SA,2,3,0.6666666666666666,0.6,0.2486046257301818,0.9023885371135856,11.333333333333334,13.0,6.0,15.0
bin_leadingones_004,leadingones,bin,300,med,TABU(tenure=12),TABU,1,3,0.3333333333333333,0.4,0.09761146288641434,0.7513953742698181,8.666666666666666,9.0,4.0,13.0
bin_leadingones_004,leadingones,bin,300,med,TABU(tenure=7),TABU,1,3,0.3333333333333333,0.4,0.09761146288641434,0.7513953742698181,10.666666666666666,8.0,2.0,22.0
bin_leadingones_004,leadingones,bin,300,med,"UMDA(pop=100,elite=0.2)",UMDA,1,3,0.3333333333333333,0.4,0.09761146288641434,0.7513953742698181,9.333333333333334,9.0,8.0,11.0
bin_leadingones_004,leadingones,bin,300,med,"UMDA(pop=50,elite=0.2)",UMDA,3,3,1.0,0.8,0.4728708045015879,0.9872585449014338,18.333333333333332,14.0,10.0,31.0
bin_leadingones_004,leadingones,bin,800,easy,"GA(pop=100,pc=0.9,pm=0.02)",GA,1,3,0.3333333333333333,0.4,0.09761146288641434,0.7513953742698181,9.666666666666666,9.0,8.0,12.0
bin_leadingones_004,leadingones,bin,800,easy,"GA(pop=50,pc=0.9,pm=0.02)",GA,3,3,1.0,0.8,0.4728708045015879,0.9872585449014338,16.0,15.0,15.0,18.0
bin_leadingones_004,leadingones,bin,800,easy,"GA(pop=50,pc=0.9,pm=0.05)",GA,3,3,1.0,0.8,0.4728708045015879,0.9872585449014338,14.0,15.0,12.0,15.0
bin_leadingones_004,leadingones,bin,800,easy,HC(flips=1),HC,2,3,0.6666666666666666,0.6,0.2486046257301818,0.9023885371135856,12.666666666666666,13.0,9.0,16.0
bin_leadingones_004,leadingones,bin,800,easy,HC(flips=2),HC,3,3,1.0,0.8,0.4728708045015879,0.9872585449014338,19.666666666666668,20.0,16.0,23.0
bin_leadingones_004,leadingones,bin,800,easy,RS_BIN,RS_BIN,0,3,0.0,0.2,0.012741455098566192,0.527129195498412,9.333333333333334,10.0,8.0,10.0
bin_leadingones_004,leadingones,bin,800,easy,"SA(T0=1.0,alpha=0.995,flips=1)",SA,2,3,0.6666666666666666,0.6,0.2486046257301818,0.9023885371135856,18.0,21.0,9.0,24.0
bin_leadingones_004,leadingones,bin,800,easy,"SA(T0=2.0,alpha=0.99,flips=1)",SA,3,3,1.0,0.8,0.4728708045015879,0.9872585449014338,18.0,17.0,14.0,23.0
bin_leadingones_004,leadingones,bin,800,easy,"SA(T0=2.0,alpha=0.995,flips=2)",SA,3,3,1.0,0.8,0.4728708045015879,0.9872585449014338,33.0,35.0,29.0,35.0
bin_leadingones_004,leadingones,bin,800,easy,TABU(tenure=12),TABU,3,3,1.0,0.8,0.4728708045015879,0.9872585449014338,20.666666666666668,21.0,16.0,25.0
bin_leadingones_004,leadingones,bin,800,easy,TABU(tenure=7),TABU,3,3,1.0,0.8,0.4728708045015879,0.9872585449014338,20.0,19.0,17.0,24.0
bin_leadingones_004,leadingones,bin,800,easy,"UMDA(pop=100,elite=0.2)",UMDA,3,3,1.0,0.8,0.4728708045015879,0.9872585449014338,18.333333333333332,18.0,16.0,21.0
bin_leadingones_004,leadingones,bin,800,easy,"UMDA(pop=50,elite=0.2)",UMDA,2,3,0.6666666666666666,0.6,0.2486046257301818,0.9023885371135856,15.0,16.0,8.0,21.0
bin_leadingones_004,leadingones,bin,800,hard,"GA(pop=100,pc=0.9,pm=0.02)",GA,0,3,0.0,0.2,0.012741455098566192,0.527129195498412,10.333333333333334,10.0,9.0,12.0
bin_leadingones_004,leadingones,bin,800,hard,"GA(pop=50,pc=0.9,pm=0.02)",GA,0,3,0.0,0.2,0.012741455098566192,0.527129195498412,10.666666666666666,11.0,9.0,12.0
bin_leadingones_004,leadingones,bin,800,hard,"GA(pop=50,pc=0.9,pm=0.05)",GA,1,3,0.3333333333333333,0.4,0.09761146288641434,0.7513953742698181,17.333333333333332,15.0,15.0,22.0
bin_leadingones_004,leadingones,bin,800,hard,HC(flips=1),HC,2,3,0.6666666666666666,0.6,0.2486046257301818,0.9023885371135856,20.0,18.0,14.0,28.0
bin_leadingones_004,leadingones,bin,800,hard,HC(flips=2),HC,3,3,1.0,0.8,0.4728708045015879,0.9872585449014338,30.333333333333332,31.0,28.0,32.0
bin_leadingones_004,leadingones,bin,800,hard,RS_BIN,RS_BIN,0,3,0.0,0.2,0.012741455098566192,0.527129195498412,8.666666666666666,9.0,7.0,10.0
bin_leadingones_004,leadingones,bin,800,hard,"SA(T0=1.0,alpha=0.995,flips=1)",SA,0,3,0.0,0.2,0.012741455098566192,0.527129195498412,12.666666666666666,11.0,11.0,16.0
bin_leadingones_004,leadingones,bin,800,hard,"SA(T0=2.0,alpha=0.99,flips=1)",SA,1,3,0.3333333333333333,0.4,0.09761146288641434,0.7513953742698181,16.333333333333332,14.0,11.0,24.0
bin_leadingones_004,leadingones,bin,800,hard,"SA(T0=2.0,alpha=0.995,flips=2)",SA,3,3,1.0,0.8,0.4728708045015879,0.9872585449014338,31.0,32.0,27.0,34.0
bin_leadingones_004,leadingones,bin,800,hard,TABU(tenure=12),TABU,2,3,0.6666666666666666,0.6,0.2486046257301818,0.9023885371135856,18.0,21.0,10.0,23.0
bin_leadingones_004,leadingones,bin,800,hard,TABU(tenure=7),TABU,3,3,1.0,0.8,0.4728708045015879,0.9872585449014338,25.0,25.0,23.0,27.0
bin_leadingones_004,leadingones,bin,800,hard,"UMDA(pop=100,elite=0.2)",UMDA,2,3,0.6666666666666666,0.6,0.2486046257301818,0.9023885371135856,21.0,24.0,15.0,24.0
bin_leadingones_004,leadingones,bin,800,hard,"UMDA(pop=50,elite=0.2)",UMDA,1,3,0.3333333333333333,0.4,0.09761146288641434,0.7513953742698181,16.333333333333332,16.0,14.0,19.0
bin_leadingones_004,leadingones,bin,800,med,"GA(pop=100,pc=0.9,pm=0.02)",GA,1,3,0.3333333333333333,0.4,0.09761146288641434,0.7513953742698181,11.666666666666666,11.0,8.0,16.0
bin_leadingones_004,leadingones,bin,800,med,"GA(pop=50,pc=0.9,pm=0.02)",GA,1,3,0.3333333333333333,0.4,0.09761146288641434,0.7513953742698181,13.666666666666666,10.0,9.0,22.0
bin_leadingones_004,leadingones,bin,800,med,"GA(pop=50,pc=0.9,pm=0.05)",GA,2,3,0.6666666666666666,0.6,0.2486046257301818,0.9023885371135856,13.333333333333334,14.0,12.0,14.0
bin_leadingones_004,leadingones,bin,800,med,HC(flips=1),HC,1,3,0.3333333333333333,0.4,0.09761146288641434,0.7513953742698181,15.0,12.0,10.0,23.0
bin_leadingones_004,leadingones,bin,800,med,HC(flips=2),HC,3,3,1.0,0.8,0.4728708045015879,0.9872585449014338,34.333333333333336,31.0,27.0,45.0
bin_leadingones_004,leadingones,bin,800,med,RS_BIN,RS_BIN,1,3,0.3333333333333333,0.4,0.09761146288641434,0.7513953742698181,11.666666666666666,12.0,9.0,14.0
bin_leadingones_004,leadingones,bin,800,med,"SA(T0=1.0,alpha=0.995,flips=1)",SA,1,3,0.3333333333333333,0.4,0.09761146288641434,0.7513953742698181,17.333333333333332,13.0,12.0,27.0
bin_leadingones_004,leadingones,bin,800,med,"SA(T0=2.0,alpha=0.99,flips=1)",SA,3,3,1.0,0.8,0.4728708045015879,0.9872585449014338,26.666666666666668,30.0,15.0,35.0
bin_leadingones_004,leadingones,bin,800,med,"SA(T0=2.0,alpha=0.995,flips=2)",SA,3,3,1.0,0.8,0.4728708045015879,0.9872585449014338,24.666666666666668,20.0,20.0,34.0
bin_leadingones_004,leadingones,bin,800,med,TABU(tenure=12),TABU,2,3,0.6666666666666666,0.6,0.2486046257301818,0.9023885371135856,22.0,19.0,13.0,34.0
bin_leadingones_004,leadingones,bin,800,med,TABU(tenure=7),TABU,2,3,0.6666666666666666,0.6,0.2486046257301818,0.9023885371135856,21.0,23.0,9.0,31.0
bin_leadingones_004,leadingones,bin,800,med,"UMDA(pop=100,elite=0.2)",UMDA,3,3,1.0,0.8,0.4728708045015879,0.9872585449014338,17.0,16.0,16.0,19.0
bin_leadingones_004,leadingones,bin,800,med,"UMDA(pop=50,elite=0.2)",UMDA,1,3,0.3333333333333333,0.4,0.09761146288641434,0.7513953742698181,13.0,13.0,11.0,15.0
bin_leadingones_007,leadingones,bin,300,easy,"GA(pop=100,pc=0.9,pm=0.02)",GA,1,3,0.3333333333333333,0.4,0.09761146288641434,0.7513953742698181,8.333333333333334,7.0,6.0,12.0
bin_leadingones_007,leadingones,bin,300,easy,"GA(pop=50,pc=0.9,pm=0.02)",GA,3,3,1.0,0.8,0.4728708045015879,0.9872585449014338,15.0,15.0,12.0,18.0
bin_leadingones_007,leadingones,bin,300,easy,"GA(pop=50,pc=0.9,pm=0.05)",GA,3,3,1.0,0.8,0.4728708045015879,0.9872585449014338,12.333333333333334,13.0,10.0,14.0
bin_leadingones_007,leadingones,bin,300,easy,HC(flips=1),HC,1,3,0.3333333333333333,0.4,0.09761146288641434,0.7513953742698181,9.0,6.0,5.0,16.0
bin_leadingones_007,leadingones,bin,300,easy,HC(flips=2),HC,2,3,0.6666666666666666,0.6,0.2486046257301818,0.9023885371135856,14.0,19.0,3.0,20.0
bin_leadingones_007,leadingones,bin,300,easy,RS_BIN,RS_BIN,1,3,0.3333333333333333,0.4,0.09761146288641434,0.7513953742698181,8.0,8.0,7.0,9.0
bin_leadingones_007,leadingones,bin,300,easy,"SA(T0=1.0,alpha=0.995,flips=1)",SA,1,3,0.3333333333333333,0.4,0.09761146288641434,0.7513953742698181,8.666666666666666,8.0,7.0,11.0
bin_leadingones_007,leadingones,bin,300,easy,"SA(T0=2.0,alpha=0.99,flips=1)",SA,1,3,0.3333333333333333,0.4,0.09761146288641434,0.7513953742698181,11.333333333333334,8.0,6.0,20.0
bin_leadingones_007,leadingones,bin,300,easy,"SA(T0=2.0,alpha=0.995,flips=2)",SA,2,3,0.6666666666666666,0.6,0.2486046257301818,0.9023885371135856,11.0,10.0,6.0,17.0
bin_leadingones_007,leadingones,bin,300,easy,TABU(tenure=12),TABU,3,3,1.0,0.8,0.4728708045015879,0.9872585449014338,11.0,9.0,9.0,15.0
bin_leadingones_007,leadingones,bin,300,easy,TABU(tenure=7),TABU,1,3,0.3333333333333333,0.4,0.09761146288641434,0.7513953742698181,7.666666666666667,8.0,5.0,10.0
bin_leadingones_007,leadingones,bin,300,easy,"UMDA(pop=100,elite=0.2)",UMDA,3,3,1.0,0.8,0.4728708045015879,0.9872585449014338,9.666666666666666,10.0,9.0,10.0
bin_leadingones_007,leadingones,bin,300,easy,"UMDA(pop=50,elite=0.2)",UMDA,3,3,1.0,0.8,0.4728708045015879,0.9872585449014338,18.0,19.0,11.0,24.0
bin_leadingones_007,leadingones,bin,300,hard,"GA(pop=100,pc=0.9,pm=0.02)",GA,0,3,0.0,0.2,0.012741455098566192,0.527129195498412,8.0,8.0,8.0,8.0
bin_leadingones_007,leadingones,bin,300,hard,"GA(pop=50,pc=0.9,pm=0.02)",GA,2,3,0.6666666666666666,0.6,0.2486046257301818,0.9023885371135856,10.666666666666666,10.0,7.0,15.0
bin_leadingones_007,leadingones,bin,300,hard,"GA(pop=50,pc=0.9,pm=0.05)",GA,0,3,0.0,0.2,0.012741455098566192,0.527129195498412,8.333333333333334,9.0,7.0,9.0
bin_leadingones_007,leadingones,bin,300,hard,HC(flips=1),HC,0,3,0.0,0.2,0.012741455098566192,0.527129195498412,5.333333333333333,5.0,3.0,8.0
bin_leadingones_007,leadingones,bin,300,hard,HC(flips=2),HC,1,3,0.3333333333333333,0.4,0.09761146288641434,0.7513953742698181,7.333333333333333,8.0,3.0,11.0
bin_leadingones_007,leadingones,bin,300,hard,RS_BIN,RS_BIN,0,3,0.0,0.2,0.012741455098566192,0.527129195498412,7.0,7.0,6.0,8.0
bin_leadingones_007,leadingones,bin,300,hard,"SA(T0=1.0,alpha=0.995,flips=1)",SA,1,3,0.3333333333333333,0.4,0.09761146288641434,0.7513953742698181,9.0,8.0,7.0,12.0
bin_leadingones_007,leadingones,bin,300,hard,"SA(T0=2.0,alpha=0.99,flips=1)",SA,0,3,0.0,0.2,0.012741455098566192,0.527129195498412,5.0,6.0,2.0,7.0
bin_leadingones_007,leadingones,bin,300,hard,"SA(T0=2.0,alpha=0.995,flips=2)",SA,3,3,1.0,0.8,0.4728708045015879,0.9872585449014338,14.333333333333334,13.0,10.0,20.0
bin_leadingones_007,leadingones,bin,300,hard,TABU(tenure=12),TABU,0,3,0.0,0.2,0.012741455098566192,0.527129195498412,5.0,4.0,2.0,9.0
bin_leadingones_007,leadingones,bin,300,hard,TABU(tenure=7),TABU,0,3,0.0,0.2,0.012741455098566192,0.527129195498412,5.666666666666667,5.0,5.0,7.0
bin_leadingones_007,leadingones,bin,300,hard,"UMDA(pop=100,elite=0.2)",UMDA,3,3,1.0,0.8,0.4728708045015879,0.9872585449014338,13.0,13.0,12.0,14.0
bin_leadingones_007,leadingones,bin,300,hard,"UMDA(pop=50,elite=0.2)",UMDA,3,3,1.0,0.8,0.4728708045015879,0.9872585449014338,17.333333333333332,16.0,16.0,20.0
bin_leadingones_007,leadingones,bin,300,med,"GA(pop=100,pc=0.9,pm=0.02)",GA,2,3,0.6666666666666666,0.6,0.2486046257301818,0.9023885371135856,10.333333333333334,12.0,7.0,12.0
bin_leadingones_007,leadingones,bin,300,med,"GA(pop=50,pc=0.9,pm=0.02)",GA,0,3,0.0,0.2,0.012741455098566192,0.527129195498412,7.0,8.0,5.0,8.0
bin_leadingones_007,leadingones,bin,300,med,"GA(pop=50,pc=0.9,pm=0.05)",GA,1,3,0.3333333333333333,0.4,0.09761146288641434,0.7513953742698181,8.0,7.0,6.0,11.0
bin_leadingones_007,leadingones,bin,300,med,HC(flips=1),HC,1,3,0.3333333333333333,0.4,0.09761146288641434,0.7513953742698181,7.666666666666667,6.0,4.0,13.0
bin_leadingones_007,leadingones,bin,300,med,HC(flips=2),HC,3,3,1.0,0.8,0.4728708045015879,0.9872585449014338,16.666666666666668,17.0,16.0,17.0
bin_leadingones_007,leadingones,bin,300,med,RS_BIN,RS_BIN,2,3,0.6666666666666666,0.6,0.2486046257301818,0.9023885371135856,8.0,9.0,6.0,9.0
bin_leadingones_007,leadingones,bin,300,med,"SA(T0=1.0,alpha=0.995,flips=1)",SA,2,3,0.6666666666666666,0.6,0.2486046257301818,0.9023885371135856,12.666666666666666,14.0,8.0,16.0
bin_leadingones_007,leadingones,bin,300,med,"SA(T0=2.0,alpha=0.99,flips=1)",SA,2,3,0.6666666666666666,0.6,0.2486046257301818,0.9023885371135856,12.0,13.0,5.0,18.0
bin_leadingones_007,leadingones,bin,300,med,"SA(T0=2.0,alpha=0.995,flips=2)",SA,2,3,0.6666666666666666,0.6,0.2486046257301818,0.9023885371135856,15.666666666666666,14.0,7.0,26.0
bin_leadingones_007,leadingones,bin,300,med,TABU(tenure=12),TABU,0,3,0.0,0.2,0.012741455098566192,0.527129195498412,4.333333333333333,4.0,2.0,7.0
bin_leadingones_007,leadingones,bin,300,med,TABU(tenure=7),TABU,1,3,0.3333333333333333,0.4,0.09761146288641434,0.7513953742698181,5.666666666666667,5.0,1.0,11.0
bin_leadingones_007,leadingones,bin,300,med,"UMDA(pop=100,elite=0.2)",UMDA,3,3,1.0,0.8,0.4728708045015879,0.9872585449014338,9.333333333333334,9.0,9.0,10.0
bin_leadingones_007,leadingones,bin,300,med,"UMDA(pop=50,elite=0.2)",UMDA,3,3,1.0,0.8,0.4728708045015879,0.9872585449014338,15.0,16.0,13.0,16.0
bin_leadingones_007,leadingones,bin,800,easy,"GA(pop=100,pc=0.9,pm=0.02)",GA,3,3,1.0,0.8,0.4728708045015879,0.9872585449014338,12.333333333333334,13.0,11.0,13.0
bin_leadingones_007,leadingones,bin,800,easy,"GA(pop=50,pc=0.9,pm=0.02)",GA,3,3,1.0,0.8,0.4728708045015879,0.9872585449014338,12.666666666666666,13.0,11.0,14.0
bin_leadingones_007,leadingones,bin,800,easy,"GA(pop=50,pc=0.9,pm=0.05)",GA,3,3,1.0,0.8,0.4728708045015879,0.9872585449014338,17.666666666666668,17.0,17.0,19.0
bin_leadingones_007,leadingones,bin,800,easy,HC(flips=1),HC,3,3,1.0,0.8,0.4728708045015879,0.9872585449014338,25.666666666666668,23.0,18.0,36.0
bin_leadingones_007,leadingones,bin,800,easy,HC(flips=2),HC,3,3,1.0,0.8,0.4728708045015879,0.9872585449014338,29.0,27.0,26.0,34.0
bin_leadingones_007,leadingones,bin,800,easy,RS_BIN,RS_BIN,2,3,0.6666666666666666,0.6,0.2486046257301818,0.9023885371135856,9.333333333333334,10.0,8.0,10.0
bin_leadingones_007,leadingones,bin,800,easy,"SA(T0=1.0,alpha=0.995,flips=1)",SA,3,3,1.0,0.8,0.4728708045015879,0.9872585449014338,20.0,16.0,13.0,31.0
bin_leadingones_007,leadingones,bin,800,easy,"SA(T0=2.0,alpha=0.99,flips=1)",SA,3,3,1.0,0.8,0.4728708045015879,0.9872585449014338,23.333333333333332,24.0,22.0,24.0
bin_leadingones_007,leadingones,bin,800,easy,"SA(T0=2.0,alpha=0.995,flips=2)",SA,3,3,1.0,0.8,0.4728708045015879,0.9872585449014338,30.666666666666668,27.0,27.0,38.0
bin_leadingones_007,leadingones,bin,800,easy,TABU(tenure=12),TABU,3,3,1.0,0.8,0.4728708045015879,0.9872585449014338,14.666666666666666,14.0,10.0,20.0
bin_leadingones_007,leadingones,bin,800,easy,TABU(tenure=7),TABU,2,3,0.6666666666666666,0.6,0.2486046257301818,0.9023885371135856,25.0,30.0,7.0,38.0
bin_leadingones_007,leadingones,bin,800,easy,"UMDA(pop=100,elite=0.2)",UMDA,3,3,1.0,0.8,0.4728708045015879,0.9872585449014338,19.0,19.0,15.0,23.0
bin_leadingones_007,leadingones,bin,800,easy,"UMDA(pop=50,elite=0.2)",UMDA,3,3,1.0,0.8,0.4728708045015879,0.9872585449014338,13.666666666666666,12.0,12.0,17.0
bin_leadingones_007,leadingones,bin,800,hard,"GA(pop=100,pc=0.9,pm=0.02)",GA,2,3,0.6666666666666666,0.6,0.2486046257301818,0.9023885371135856,13.0,12.0,11.0,16.0
bin_leadingones_007,leadingones,bin,800,hard,"GA(pop=50,pc=0.9,pm=0.02)",GA,1,3,0.3333333333333333,0.4,0.09761146288641434,0.7513953742698181,12.0,10.0,7.0,19.0
bin_leadingones_007,leadingones,bin,800,hard,"GA(pop=50,pc=0.9,pm=0.05)",GA,2,3,0.6666666666666666,0.6,0.2486046257301818,0.9023885371135856,15.333333333333334,17.0,11.0,18.0
bin_leadingones_007,leadingones,bin,800,hard,HC(flips=1),HC,3,3,1.0,0.8,0.4728708045015879,0.9872585449014338,18.666666666666668,18.0,17.0,21.0
bin_leadingones_007,leadingones,bin,800,hard,HC(flips=2),HC,3,3,1.0,0.8,0.4728708045015879,0.9872585449014338,28.666666666666668,28.0,20.0,38.0
bin_leadingones_007,leadingones,bin,800,hard,RS_BIN,RS_BIN,0,3,0.0,0.2,0.012741455098566192,0.527129195498412,9.0,9.0,8.0,10.0
bin_leadingones_007,leadingones,bin,800,hard,"SA(T0=1.0,alpha=0.995,flips=1)",SA,3,3,1.0,0.8,0.4728708045015879,0.9872585449014338,16.666666666666668,18.0,12.0,20.0
bin_leadingones_007,leadingones,bin,800,hard,"SA(T0=2.0,alpha=0.99,flips=1)",SA,2,3,0.6666666666666666,0.6,0.2486046257301818,0.9023885371135856,19.333333333333332,19.0,11.0,28.0
bin_leadingones_007,leadingones,bin,800,hard,"SA(T0=2.0,alpha=0.995,flips=2)",SA,3,3,1.0,0.8,0.4728708045015879,0.9872585449014338,27.333333333333332,28.0,24.0,30.0
bin_leadingones_007,leadingones,bin,800,hard,TABU(tenure=12),TABU,3,3,1.0,0.8,0.4728708045015879,0.9872585449014338,21.0,21.0,16.0,26.0
bin_leadingones_007,leadingones,bin,800,hard,TABU(tenure=7),TABU,3,3,1.0,0.8,0.4728708045015879,0.9872585449014338,20.333333333333332,21.0,18.0,22.0
bin_leadingones_007,leadingones,bin,800,hard,"UMDA(pop=100,elite=0.2)",UMDA,3,3,1.0,0.8,0.4728708045015879,0.9872585449014338,20.333333333333332,20.0,19.0,22.0
bin_leadingones_007,leadingones,bin,800,hard,"UMDA(pop=50,elite=0.2)",UMDA,2,3,0.6666666666666666,0.6,0.2486046257301818,0.9023885371135856,16.333333333333332,16.0,10.0,23.0
bin_leadingones_007,leadingones,bin,800,med,"GA(pop=100,pc=0.9,pm=0.02)",GA,3,3,1.0,0.8,0.4728708045015879,0.9872585449014338,13.333333333333334,14.0,11.0,15.0
bin_leadingones_007,leadingones,bin,800,med,"GA(pop=50,pc=0.9,pm=0.02)",GA,2,3,0.6666666666666666,0.6,0.2486046257301818,0.9023885371135856,11.666666666666666,11.0,9.0,15.0
bin_leadingones_007,leadingones,bin,800,med,"GA(pop=50,pc=0.9,pm=0.05)",GA,3,3,1.0,0.8,0.4728708045015879,0.9872585449014338,13.666666666666666,13.0,13.0,15.0
bin_leadingones_007,leadingones,bin,800,med,HC(flips=1),HC,3,3,1.0,0.8,0.4728708045015879,0.9872585449014338,19.333333333333332,21.0,15.0,22.0
bin_leadingones_007,leadingones,bin,800,med,HC(flips=2),HC,3,3,1.0,0.8,0.4728708045015879,0.9872585449014338,34.333333333333336,37.0,28.0,38.0
bin_leadingones_007,leadingones,bin,800,med,RS_BIN,RS_BIN,2,3,0.6666666666666666,0.6,0.2486046257301818,0.9023885371135856,10.333333333333334,11.0,8.0,12.0
bin_leadingones_007,leadingones,bin,800,med,"SA(T0=1.0,alpha=0.995,flips=1)",SA,2,3,0.6666666666666666,0.6,0.2486046257301818,0.9023885371135856,14.0,12.0,9.0,21.0
bin_leadingones_007,leadingones,bin,800,med,"SA(T0=2.0,alpha=0.99,flips=1)",SA,2,3,0.6666666666666666,0.6,0.2486046257301818,0.9023885371135856,21.0,21.0,5.0,37.0
bin_leadingones_007,leadingones,bin,800,med,"SA(T0=2.0,alpha=0.995,flips=2)",SA,3,3,1.0,0.8,0.4728708045015879,0.9872585449014338,34.0,32.0,25.0,45.0
bin_leadingones_007,leadingones,bin,800,med,TABU(tenure=12),TABU,3,3,1.0,0.8,0.4728708045015879,0.9872585449014338,29.333333333333332,32.0,15.0,41.0
bin_leadingones_007,leadingones,bin,800,med,TABU(tenure=7),TABU,2,3,0.6666666666666666,0.6,0.2486046257301818,0.9023885371135856,18.666666666666668,20.0,8.0,28.0
bin_leadingones_007,leadingones,bin,800,med,"UMDA(pop=100,elite=0.2)",UMDA,3,3,1.0,0.8,0.4728708045015879,0.9872585449014338,19.666666666666668,20.0,18.0,21.0
bin_leadingones_007,leadingones,bin,800,med,"UMDA(pop=50,elite=0.2)",UMDA,2,3,0.6666666666666666,0.6,0.2486046257301818,0.9023885371135856,15.333333333333334,11.0,6.0,29.0
bin_leadingones_010,leadingones,bin,300,easy,"GA(pop=100,pc=0.9,pm=0.02)",GA,2,3,0.6666666666666666,0.6,0.2486046257301818,0.9023885371135856,9.0,9.0,7.0,11.0
bin_leadingones_010,leadingones,bin,300,easy,"GA(pop=50,pc=0.9,pm=0.02)",GA,2,3,0.6666666666666666,0.6,0.2486046257301818,0.9023885371135856,8.0,9.0,6.0,9.0
bin_leadingones_010,leadingones,bin,300,easy,"GA(pop=50,pc=0.9,pm=0.05)",GA,3,3,1.0,0.8,0.4728708045015879,0.9872585449014338,8.333333333333334,8.0,8.0,9.0
bin_leadingones_010,leadingones,bin,300,easy,HC(flips=1),HC,0,3,0.0,0.2,0.012741455098566192,0.527129195498412,6.0,6.0,5.0,7.0
bin_leadingones_010,leadingones,bin,300,easy,HC(flips=2),HC,3,3,1.0,0.8,0.4728708045015879,0.9872585449014338,13.0,14.0,9.0,16.0
bin_leadingones_010,leadingones,bin,300,easy,RS_BIN,RS_BIN,2,3,0.6666666666666666,0.6,0.2486046257301818,0.9023885371135856,8.333333333333334,9.0,6.0,10.0
bin_leadingones_010,leadingones,bin,300,easy,"SA(T0=1.0,alpha=0.995,flips=1)",SA,1,3,0.3333333333333333,0.4,0.09761146288641434,0.7513953742698181,7.333333333333333,7.0,3.0,12.0
bin_leadingones_010,leadingones,bin,300,easy,"SA(T0=2.0,alpha=0.99,flips=1)",SA,3,3,1.0,0.8,0.4728708045015879,0.9872585449014338,11.0,11.0,8.0,14.0
bin_leadingones_010,leadingones,bin,300,easy,"SA(T0=2.0,alpha=0.995,flips=2)",SA,3,3,1.0,0.8,0.4728708045015879,0.9872585449014338,11.0,12.0,9.0,12.0
bin_leadingones_010,leadingones,bin,300,easy,TABU(tenure=12),TABU,2,3,0.6666666666666666,0.6,0.2486046257301818,0.9023885371135856,9.666666666666666,9.0,6.0,14.0
bin_leadingones_010,leadingones,bin,300,easy,TABU(tenure=7),TABU,3,3,1.0,0.8,0.4728708045015879,0.9872585449014338,11.0,11.0,10.0,12.0
bin_leadingones_010,leadingones,bin,300,easy,"UMDA(pop=100,elite=0.2)",UMDA,3,3,1.0,0.8,0.4728708045015879,0.9872585449014338,11.0,11.0,10.0,12.0
bin_leadingones_010,leadingones,bin,300,easy,"UMDA(pop=50,elite=0.2)",UMDA,3,3,1.0,0.8,0.4728708045015879,0.9872585449014338,15.333333333333334,15.0,13.0,18.0
bin_leadingones_010,leadingones,bin,300,hard,"GA(pop=100,pc=0.9,pm=0.02)",GA,1,3,0.3333333333333333,0.4,0.09761146288641434,0.7513953742698181,9.0,9.0,7.0,11.0
bin_leadingones_010,leadingones,bin,300,hard,"GA(pop=50,pc=0.9,pm=0.02)",GA,2,3,0.6666666666666666,0.6,0.2486046257301818,0.9023885371135856,9.333333333333334,11.0,6.0,11.0
bin_leadingones_010,leadingones,bin,300,hard,"GA(pop=50,pc=0.9,pm=0.05)",GA,2,3,0.6666666666666666,0.6,0.2486046257301818,0.9023885371135856,9.666666666666666,12.0,5.0,12.0
bin_leadingones_010,leadingones,bin,300,hard,HC(flips=1),HC,1,3,0.3333333333333333,0.4,0.09761146288641434,0.7513953742698181,5.0,4.0,0.0,11.0
bin_leadingones_010,leadingones,bin,300,hard,HC(flips=2),HC,1,3,0.3333333333333333,0.4,0.09761146288641434,0.7513953742698181,8.666666666666666,9.0,6.0,11.0
bin_leadingones_010,leadingones,bin,300,hard,RS_BIN,RS_BIN,0,3,0.0,0.2,0.012741455098566192,0.527129195498412,7.666666666666667,8.0,6.0,9.0
bin_leadingones_010,leadingones,bin,300,hard,"SA(T0=1.0,alpha=0.995,flips=1)",SA,1,3,0.3333333333333333,0.4,0.09761146288641434,0.7513953742698181,8.0,8.0,5.0,11.0
bin_leadingones_010,leadingones,bin,300,hard,"SA(T0=2.0,alpha=0.99,flips=1)",SA,0,3,0.0,0.2,0.012741455098566192,0.527129195498412,4.333333333333333,2.0,2.0,9.0
bin_leadingones_010,leadingones,bin,300,hard,"SA(T0=2.0,alpha=0.995,flips=2)",SA,3,3,1.0,0.8,0.4728708045015879,0.9872585449014338,21.666666666666668,23.0,17.0,25.0
bin_leadingones_010,leadingones,bin,300,hard,TABU(tenure=12),TABU,1,3,0.3333333333333333,0.4,0.09761146288641434,0.7513953742698181,9.666666666666666,10.0,6.0,13.0
bin_leadingones_010,leadingones,bin,300,hard,TABU(tenure=7),TABU,1,3,0.3333333333333333,0.4,0.09761146288641434,0.7513953742698181,8.666666666666666,9.0,6.0,11.0
bin_leadingones_010,leadingones,bin,300,hard,"UMDA(pop=100,elite=0.2)",UMDA,3,3,1.0,0.8,0.4728708045015879,0.9872585449014338,17.0,17.0,14.0,20.0
bin_leadingones_010,leadingones,bin,300,hard,"UMDA(pop=50,elite=0.2)",UMDA,2,3,0.6666666666666666,0.6,0.2486046257301818,0.9023885371135856,11.0,12.0,6.0,15.0
bin_leadingones_010,leadingones,bin,300,med,"GA(pop=100,pc=0.9,pm=0.02)",GA,1,3,0.3333333333333333,0.4,0.09761146288641434,0.7513953742698181,8.333333333333334,9.0,6.0,10.0
bin_leadingones_010,leadingones,bin,300,med,"GA(pop=50,pc=0.9,pm=0.02)",GA,0,3,0.0,0.2,0.012741455098566192,0.527129195498412,7.0,7.0,6.0,8.0
bin_leadingones_010,leadingones,bin,300,med,"GA(pop=50,pc=0.9,pm=0.05)",GA,1,3,0.3333333333333333,0.4,0.09761146288641434,0.7513953742698181,9.0,9.0,7.0,11.0
bin_leadingones_010,leadingones,bin,300,med,HC(flips=1),HC,1,3,0.3333333333333333,0.4,0.09761146288641434,0.7513953742698181,11.666666666666666,9.0,7.0,19.0
bin_leadingones_010,leadingones,bin,300,med,HC(flips=2),HC,3,3,1.0,0.8,0.4728708045015879,0.9872585449014338,15.0,14.0,12.0,19.0
bin_leadingones_010,leadingones,bin,300,med,RS_BIN,RS_BIN,1,3,0.3333333333333333,0.4,0.09761146288641434,0.7513953742698181,9.0,9.0,7.0,11.0
bin_leadingones_010,leadingones,bin,300,med,"SA(T0=1.0,alpha=0.995,flips=1)",SA,0,3,0.0,0.2,0.012741455098566192,0.527129195498412,6.666666666666667,9.0,2.0,9.0
bin_leadingones_010,leadingones,bin,300,med,"SA(T0=2.0,alpha=0.99,flips=1)",SA,1,3,0.3333333333333333,0.4,0.09761146288641434,0.7513953742698181,5.666666666666667,3.0,2.0,12.0
bin_leadingones_010,leadingones,bin,300,med,"SA(T0=2.0,alpha=0.995,flips=2)",SA,3,3,1.0,0.8,0.4728708045015879,0.9872585449014338,17.0,19.0,12.0,20.0
bin_leadingones_010,leadingones,bin,300,med,TABU(tenure=12),TABU,2,3,0.6666666666666666,0.6,0.2486046257301818,0.9023885371135856,12.666666666666666,12.0,8.0,18.0
bin_leadingones_010,leadingones,bin,300,med,TABU(tenure=7),TABU,2,3,0.6666666666666666,0.6,0.2486046257301818,0.9023885371135856,9.666666666666666,10.0,9.0,10.0
bin_leadingones_010,leadingones,bin,300,med,"UMDA(pop=100,elite=0.2)",UMDA,2,3,0.6666666666666666,0.6,0.2486046257301818,0.9023885371135856,12.0,13.0,9.0,14.0
bin_leadingones_010,leadingones,bin,300,med,"UMDA(pop=50,elite=0.2)",UMDA,3,3,1.0,0.8,0.4728708045015879,0.9872585449014338,12.333333333333334,12.0,12.0,13.0
bin_leadingones_010,leadingones,bin,800,easy,"GA(pop=100,pc=0.9,pm=0.02)",GA,3,3,1.0,0.8,0.4728708045015879,0.9872585449014338,13.0,13.0,12.0,14.0
bin_leadingones_010,leadingones,bin,800,easy,"GA(pop=50,pc=0.9,pm=0.02)",GA,3,3,1.0,0.8,0.4728708045015879,0.9872585449014338,15.333333333333334,15.0,13.0,18.0
bin_leadingones_010,leadingones,bin,800,easy,"GA(pop=50,pc=0.9,pm=0.05)",GA,3,3,1.0,0.8,0.4728708045015879,0.9872585449014338,18.0,17.0,17.0,20.0
bin_leadingones_010,leadingones,bin,800,easy,HC(flips=1),HC,3,3,1.0,0.8,0.4728708045015879,0.9872585449014338,27.666666666666668,25.0,23.0,35.0
bin_leadingones_010,leadingones,bin,800,easy,HC(flips=2),HC,3,3,1.0,0.8,0.4728708045015879,0.9872585449014338,33.333333333333336,34.0,26.0,40.0
bin_leadingones_010,leadingones,bin,800,easy,RS_BIN,RS_BIN,1,3,0.3333333333333333,0.4,0.09761146288641434,0.7513953742698181,9.333333333333334,9.0,8.0,11.0
bin_leadingones_010,leadingones,bin,800,easy,"SA(T0=1.0,alpha=0.995,flips=1)",SA,3,3,1.0,0.8,0.4728708045015879,0.9872585449014338,20.666666666666668,24.0,11.0,27.0
bin_leadingones_010,leadingones,bin,800,easy,"SA(T0=2.0,alpha=0.99,flips=1)",SA,3,3,1.0,0.8,0.4728708045015879,0.9872585449014338,23.666666666666668,23.0,23.0,25.0
bin_leadingones_010,leadingones,bin,800,easy,"SA(T0=2.0,alpha=0.995,flips=2)",SA,3,3,1.0,0.8,0.4728708045015879,0.9872585449014338,30.333333333333332,28.0,25.0,38.0
bin_leadingones_010,leadingones,bin,800,easy,TABU(tenure=12),TABU,3,3,1.0,0.8,0.4728708045015879,0.9872585449014338,23.333333333333332,19.0,18.0,33.0
bin_leadingones_010,leadingones,bin,800,easy,TABU(tenure=7),TABU,3,3,1.0,0.8,0.4728708045015879,0.9872585449014338,24.333333333333332,29.0,14.0,30.0
bin_leadingones_010,leadingones,bin,800,easy,"UMDA(pop=100,elite=0.2)",UMDA,3,3,1.0,0.8,0.4728708045015879,0.9872585449014338,17.666666666666668,16.0,14.0,23.0
bin_leadingones_010,leadingones,bin,800,easy,"UMDA(pop=50,elite=0.2)",UMDA,3,3,1.0,0.8,0.4728708045015879,0.9872585449014338,14.0,13.0,13.0,16.0
bin_leadingones_010,leadingones,bin,800,hard,"GA(pop=100,pc=0.9,pm=0.02)",GA,1,3,0.3333333333333333,0.4,0.09761146288641434,0.7513953742698181,10.0,10.0,8.0,12.0
bin_leadingones_010,leadingones,bin,800,hard,"GA(pop=50,pc=0.9,pm=0.02)",GA,3,3,1.0,0.8,0.4728708045015879,0.9872585449014338,15.0,14.0,13.0,18.0
bin_leadingones_010,leadingones,bin,800,hard,"GA(pop=50,pc=0.9,pm=0.05)",GA,2,3,0.6666666666666666,0.6,0.2486046257301818,0.9023885371135856,16.333333333333332,19.0,10.0,20.0
bin_leadingones_010,leadingones,bin,800,hard,HC(flips=1),HC,3,3,1.0,0.8,0.4728708045015879,0.9872585449014338,24.0,24.0,23.0,25.0
bin_leadingones_010,leadingones,bin,800,hard,HC(flips=2),HC,3,3,1.0,0.8,0.4728708045015879,0.9872585449014338,30.666666666666668,34.0,23.0,35.0
bin_leadingones_010,leadingones,bin,800,hard,RS_BIN,RS_BIN,1,3,0.3333333333333333,0.4,0.09761146288641434,0.7513953742698181,9.666666666666666,9.0,9.0,11.0
bin_leadingones_010,leadingones,bin,800,hard,"SA(T0=1.0,alpha=0.995,flips=1)",SA,2,3,0.6666666666666666,0.6,0.2486046257301818,0.9023885371135856,13.666666666666666,14.0,10.0,17.0
bin_leadingones_010,leadingones,bin,800,hard,"SA(T0=2.0,alpha=0.99,flips=1)",SA,3,3,1.0,0.8,0.4728708045015879,0.9872585449014338,23.666666666666668,19.0,13.0,39.0
bin_leadingones_010,leadingones,bin,800,hard,"SA(T0=2.0,alpha=0.995,flips=2)",SA,3,3,1.0,0.8,0.4728708045015879,0.9872585449014338,26.333333333333332,27.0,24.0,28.0
bin_leadingones_010,leadingones,bin,800,hard,TABU(tenure=12),TABU,3,3,1.0,0.8,0.4728708045015879,0.9872585449014338,27.666666666666668,25.0,21.0,37.0
bin_leadingones_010,leadingones,bin,800,hard,TABU(tenure=7),TABU,3,3,1.0,0.8,0.4728708045015879,0.9872585449014338,24.666666666666668,29.0,13.0,32.0
bin_leadingones_010,leadingones,bin,800,hard,"UMDA(pop=100,elite=0.2)",UMDA,3,3,1.0,0.8,0.4728708045015879,0.9872585449014338,20.0,22.0,16.0,22.0
bin_leadingones_010,leadingones,bin,800,hard,"UMDA(pop=50,elite=0.2)",UMDA,3,3,1.0,0.8,0.4728708045015879,0.9872585449014338,17.333333333333332,14.0,13.0,25.0
bin_leadingones_010,leadingones,bin,800,med,"GA(pop=100,pc=0.9,pm=0.02)",GA,3,3,1.0,0.8,0.4728708045015879,0.9872585449014338,12.0,12.0,11.0,13.0
bin_leadingones_010,leadingones,bin,800,med,"GA(pop=50,pc=0.9,pm=0.02)",GA,2,3,0.6666666666666666,0.6,0.2486046257301818,0.9023885371135856,12.666666666666666,14.0,9.0,15.0
bin_leadingones_010,leadingones,bin,800,med,"GA(pop=50,pc=0.9,pm=0.05)",GA,3,3,1.0,0.8,0.4728708045015879,0.9872585449014338,16.0,16.0,13.0,19.0
bin_leadingones_010,leadingones,bin,800,med,HC(flips=1),HC,3,3,1.0,0.8,0.4728708045015879,0.9872585449014338,17.333333333333332,17.0,16.0,19.0
bin_leadingones_010,leadingones,bin,800,med,HC(flips=2),HC,3,3,1.0,0.8,0.4728708045015879,0.9872585449014338,29.666666666666668,31.0,15.0,43.0
bin_leadingones_010,leadingones,bin,800,med,RS_BIN,RS_BIN,0,3,0.0,0.2,0.012741455098566192,0.527129195498412,8.333333333333334,9.0,7.0,9.0
bin_leadingones_010,leadingones,bin,800,med,"SA(T0=1.0,alpha=0.995,flips=1)",SA,3,3,1.0,0.8,0.4728708045015879,0.9872585449014338,18.666666666666668,15.0,12.0,29.0
bin_leadingones_010,leadingones,bin,800,med,"SA(T0=2.0,alpha=0.99,flips=1)",SA,3,3,1.0,0.8,0.4728708045015879,0.9872585449014338,20.666666666666668,22.0,17.0,23.0
bin_leadingones_010,leadingones,bin,800,med,"SA(T0=2.0,alpha=0.995,flips=2)",SA,3,3,1.0,0.8,0.4728708045015879,0.9872585449014338,31.0,31.0,27.0,35.0
bin_leadingones_010,leadingones,bin,800,med,TABU(tenure=12),TABU,3,3,1.0,0.8,0.4728708045015879,0.9872585449014338,22.666666666666668,20.0,19.0,29.0
bin_leadingones_010,leadingones,bin,800,med,TABU(tenure=7),TABU,3,3,1.0,0.8,0.4728708045015879,0.9872585449014338,28.666666666666668,23.0,22.0,41.0
bin_leadingones_010,leadingones,bin,800,med,"UMDA(pop=100,elite=0.2)",UMDA,3,3,1.0,0.8,0.4728708045015879,0.9872585449014338,21.333333333333332,24.0,16.0,24.0
bin_leadingones_010,leadingones,bin,800,med,"UMDA(pop=50,elite=0.2)",UMDA,3,3,1.0,0.8,0.4728708045015879,0.9872585449014338,13.333333333333334,13.0,11.0,16.0
bin_onemax_000,onemax,bin,300,easy,"GA(pop=100,pc=0.9,pm=0.02)",GA,1,3,0.3333333333333333,0.4,0.09761146288641434,0.7513953742698181,53.0,52.0,52.0,55.0
bin_onemax_000,onemax,bin,300,easy,"GA(pop=50,pc=0.9,pm=0.02)",GA,3,3,1.0,0.8,0.4728708045015879,0.9872585449014338,57.333333333333336,58.0,56.0,58.0
bin_onemax_000,onemax,bin,300,easy,"GA(pop=50,pc=0.9,pm=0.05)",GA,3,3,1.0,0.8,0.4728708045015879,0.9872585449014338,60.333333333333336,60.0,58.0,63.0
bin_onemax_000,onemax,bin,300,easy,HC(flips=1),HC,3,3,1.0,0.8,0.4728708045015879,0.9872585449014338,79.66666666666667,80.0,79.0,80.0
bin_onemax_000,onemax,bin,300,easy,HC(flips=2),HC,3,3,1.0,0.8,0.4728708045015879,0.9872585449014338,69.66666666666667,69.0,69.0,71.0
bin_onemax_000,onemax,bin,300,easy,RS_BIN,RS_BIN,2,3,0.6666666666666666,0.6,0.2486046257301818,0.9023885371135856,53.333333333333336,53.0,52.0,55.0
bin_onemax_000,onemax,bin,300,easy,"SA(T0=1.0,alpha=0.995,flips=1)",SA,3,3,1.0,0.8,0.4728708045015879,0.9872585449014338,75.0,75.0,72.0,78.0
bin_onemax_000,onemax,bin,300,easy,"SA(T0=2.0,alpha=0.99,flips=1)",SA,3,3,1.0,0.8,0.4728708045015879,0.9872585449014338,78.0,78.0,77.0,79.0
bin_onemax_000,onemax,bin,300,easy,"SA(T0=2.0,alpha=0.995,flips=2)",SA,3,3,1.0,0.8,0.4728708045015879,0.9872585449014338,65.0,66.0,62.0,67.0
bin_onemax_000,onemax,bin,300,easy,TABU(tenure=12),TABU,3,3,1.0,0.8,0.4728708045015879,0.9872585449014338,56.0,55.0,53.0,60.0
bin_onemax_000,onemax,bin,300,easy,TABU(tenure=7),TABU,2,3,0.6666666666666666,0.6,0.2486046257301818,0.9023885371135856,52.666666666666664,53.0,51.0,54.0
bin_onemax_000,onemax,bin,300,easy,"UMDA(pop=100,elite=0.2)",UMDA,3,3,1.0,0.8,0.4728708045015879,0.9872585449014338,61.666666666666664,62.0,59.0,64.0
bin_onemax_000,onemax,bin,300,easy,"UMDA(pop=50,elite=0.2)",UMDA,3,3,1.0,0.8,0.4728708045015879,0.9872585449014338,70.0,70.0,68.0,72.0
bin_onemax_000,onemax,bin,300,hard,"GA(pop=100,pc=0.9,pm=0.02)",GA,0,3,0.0,0.2,0.012741455098566192,0.527129195498412,54.333333333333336,55.0,53.0,55.0
bin_onemax_000,onemax,bin,300,hard,"GA(pop=50,pc=0.9,pm=0.02)",GA,3,3,1.0,0.8,0.4728708045015879,0.9872585449014338,57.333333333333336,57.0,56.0,59.0
bin_onemax_000,onemax,bin,300,hard,"GA(pop=50,pc=0.9,pm=0.05)",GA,3,3,1.0,0.8,0.4728708045015879,0.9872585449014338,57.666666666666664,57.0,56.0,60.0
bin_onemax_000,onemax,bin,300,hard,HC(flips=1),HC,3,3,1.0,0.8,0.4728708045015879,0.9872585449014338,78.0,78.0,77.0,79.0
bin_onemax_000,onemax,bin,300,hard,HC(flips=2),HC,3,3,1.0,0.8,0.4728708045015879,0.9872585449014338,72.66666666666667,73.0,68.0,77.0
bin_onemax_000,onemax,bin,300,hard,RS_BIN,RS_BIN,0,3,0.0,0.2,0.012741455098566192,0.527129195498412,53.666666666666664,54.0,52.0,55.0
bin_onemax_000,onemax,bin,300,hard,"SA(T0=1.0,alpha=0.995,flips=1)",SA,3,3,1.0,0.8,0.4728708045015879,0.9872585449014338,76.66666666666667,77.0,75.0,78.0
bin_onemax_000,onemax,bin,300,hard,"SA(T0=2.0,alpha=0.99,flips=1)",SA,3,3,1.0,0.8,0.4728708045015879,0.9872585449014338,77.33333333333333,78.0,76.0,78.0
bin_onemax_000,onemax,bin,300,hard,"SA(T0=2.0,alpha=0.995,flips=2)",SA,3,3,1.0,0.8,0.4728708045015879,0.9872585449014338,68.0,68.0,64.0,72.0
bin_onemax_000,onemax,bin,300,hard,TABU(tenure=12),TABU,3,3,1.0,0.8,0.4728708045015879,0.9872585449014338,60.333333333333336,61.0,59.0,61.0
bin_onemax_000,onemax,bin,300,hard,TABU(tenure=7),TABU,3,3,1.0,0.8,0.4728708045015879,0.9872585449014338,60.666666666666664,61.0,58.0,63.0
bin_onemax_000,onemax,bin,300,hard,"UMDA(pop=100,elite=0.2)",UMDA,3,3,1.0,0.8,0.4728708045015879,0.9872585449014338,61.333333333333336,62.0,60.0,62.0
bin_onemax_000,onemax,bin,300,hard,"UMDA(pop=50,elite=0.2)",UMDA,3,3,1.0,0.8,0.4728708045015879,0.9872585449014338,72.0,72.0,71.0,73.0
bin_onemax_000,onemax,bin,300,med,"GA(pop=100,pc=0.9,pm=0.02)",GA,2,3,0.6666666666666666,0.6,0.2486046257301818,0.9023885371135856,56.0,56.0,52.0,60.0
bin_onemax_000,onemax,bin,300,med,"GA(pop=50,pc=0.9,pm=0.02)",GA,3,3,1.0,0.8,0.4728708045015879,0.9872585449014338,59.333333333333336,59.0,58.0,61.0
bin_onemax_000,onemax,bin,300,med,"GA(pop=50,pc=0.9,pm=0.05)",GA,3,3,1.0,0.8,0.4728708045015879,0.9872585449014338,59.666666666666664,60.0,57.0,62.0
bin_onemax_000,onemax,bin,300,med,HC(flips=1),HC,3,3,1.0,0.8,0.4728708045015879,0.9872585449014338,79.66666666666667,80.0,79.0,80.0
bin_onemax_000,onemax,bin,300,med,HC(flips=2),HC,3,3,1.0,0.8,0.4728708045015879,0.9872585449014338,71.66666666666667,71.0,71.0,73.0
bin_onemax_000,onemax,bin,300,med,RS_BIN,RS_BIN,2,3,0.6666666666666666,0.6,0.2486046257301818,0.9023885371135856,54.0,54.0,53.0,55.0
bin_onemax_000,onemax,bin,300,med,"SA(T0=1.0,alpha=0.995,flips=1)",SA,3,3,1.0,0.8,0.4728708045015879,0.9872585449014338,75.0,75.0,71.0,79.0
bin_onemax_000,onemax,bin,300,med,"SA(T0=2.0,alpha=0.99,flips=1)",SA,3,3,1.0,0.8,0.4728708045015879,0.9872585449014338,76.66666666666667,78.0,73.0,79.0
bin_onemax_000,onemax,bin,300,med,"SA(T0=2.0,alpha=0.995,flips=2)",SA,3,3,1.0,0.8,0.4728708045015879,0.9872585449014338,65.33333333333333,65.0,64.0,67.0
bin_onemax_000,onemax,bin,300,med,TABU(tenure=12),TABU,1,3,0.3333333333333333,0.4,0.09761146288641434,0.7513953742698181,53.333333333333336,53.0,50.0,57.0
bin_onemax_000,onemax,bin,300,med,TABU(tenure=7),TABU,3,3,1.0,0.8,0.4728708045015879,0.9872585449014338,56.333333333333336,55.0,54.0,60.0
bin_onemax_000,onemax,bin,300,med,"UMDA(pop=100,elite=0.2)",UMDA,3,3,1.0,0.8,0.4728708045015879,0.9872585449014338,63.333333333333336,63.0,60.0,67.0
bin_onemax_000,onemax,bin,300,med,"UMDA(pop=50,elite=0.2)",UMDA,3,3,1.0,0.8,0.4728708045015879,0.9872585449014338,72.0,72.0,70.0,74.0
bin_onemax_000,onemax,bin,800,easy,"GA(pop=100,pc=0.9,pm=0.02)",GA,3,3,1.0,0.8,0.4728708045015879,0.9872585449014338,60.666666666666664,60.0,60.0,62.0
bin_onemax_000,onemax,bin,800,easy,"GA(pop=50,pc=0.9,pm=0.02)",GA,3,3,1.0,0.8,0.4728708045015879,0.9872585449014338,67.66666666666667,67.0,67.0,69.0
bin_onemax_000,onemax,bin,800,easy,"GA(pop=50,pc=0.9,pm=0.05)",GA,3,3,1.0,0.8,0.4728708045015879,0.9872585449014338,65.66666666666667,66.0,65.0,66.0
bin_onemax_000,onemax,bin,800,easy,HC(flips=1),HC,3,3,1.0,0.8,0.4728708045015879,0.9872585449014338,80.0,80.0,80.0,80.0
bin_onemax_000,onemax,bin,800,easy,HC(flips=2),HC,3,3,1.0,0.8,0.4728708045015879,0.9872585449014338,76.33333333333333,77.0,74.0,78.0
bin_onemax_000,onemax,bin,800,easy,RS_BIN,RS_BIN,1,3,0.3333333333333333,0.4,0.09761146288641434,0.7513953742698181,53.666666666666664,54.0,52.0,55.0
bin_onemax_000,onemax,bin,800,easy,"SA(T0=1.0,alpha=0.995,flips=1)",SA,3,3,1.0,0.8,0.4728708045015879,0.9872585449014338,80.0,80.0,80.0,80.0
bin_onemax_000,onemax,bin,800,easy,"SA(T0=2.0,alpha=0.99,flips=1)",SA,3,3,1.0,0.8,0.4728708045015879,0.9872585449014338,80.0,80.0,80.0,80.0
bin_onemax_000,onemax,bin,800,easy,"SA(T0=2.0,alpha=0.995,flips=2)",SA,3,3,1.0,0.8,0.4728708045015879,0.9872585449014338,74.66666666666667,75.0,73.0,76.0
bin_onemax_000,onemax,bin,800,easy,TABU(tenure=12),TABU,3,3,1.0,0.8,0.4728708045015879,0.9872585449014338,77.0,78.0,74.0,79.0
bin_onemax_000,onemax,bin,800,easy,TABU(tenure=7),TABU,3,3,1.0,0.8,0.4728708045015879,0.9872585449014338,75.33333333333333,76.0,73.0,77.0
bin_onemax_000,onemax,bin,800,easy,"UMDA(pop=100,elite=0.2)",UMDA,3,3,1.0,0.8,0.4728708045015879,0.9872585449014338,79.66666666666667,80.0,79.0,80.0
bin_onemax_000,onemax,bin,800,easy,"UMDA(pop=50,elite=0.2)",UMDA,3,3,1.0,0.8,0.4728708045015879,0.9872585449014338,79.66666666666667,80.0,79.0,80.0
bin_onemax_000,onemax,bin,800,hard,"GA(pop=100,pc=0.9,pm=0.02)",GA,3,3,1.0,0.8,0.4728708045015879,0.9872585449014338,63.333333333333336,63.0,62.0,65.0
bin_onemax_000,onemax,bin,800,hard,"GA(pop=50,pc=0.9,pm=0.02)",GA,3,3,1.0,0.8,0.4728708045015879,0.9872585449014338,70.0,70.0,68.0,72.0
bin_onemax_000,onemax,bin,800,hard,"GA(pop=50,pc=0.9,pm=0.05)",GA,3,3,1.0,0.8,0.4728708045015879,0.9872585449014338,65.66666666666667,65.0,65.0,67.0
bin_onemax_000,onemax,bin,800,hard,HC(flips=1),HC,3,3,1.0,0.8,0.4728708045015879,0.9872585449014338,80.0,80.0,80.0,80.0
bin_onemax_000,onemax,bin,800,hard,HC(flips=2),HC,3,3,1.0,0.8,0.4728708045015879,0.9872585449014338,76.0,76.0,74.0,78.0
bin_onemax_000,onemax,bin,800,hard,RS_BIN,RS_BIN,1,3,0.3333333333333333,0.4,0.09761146288641434,0.7513953742698181,55.333333333333336,54.0,54.0,58.0
bin_onemax_000,onemax,bin,800,hard,"SA(T0=1.0,alpha=0.995,flips=1)",SA,3,3,1.0,0.8,0.4728708045015879,0.9872585449014338,80.0,80.0,80.0,80.0
bin_onemax_000,onemax,bin,800,hard,"SA(T0=2.0,alpha=0.99,flips=1)",SA,3,3,1.0,0.8,0.4728708045015879,0.9872585449014338,80.0,80.0,80.0,80.0
bin_onemax_000,onemax,bin,800,hard,"SA(T0=2.0,alpha=0.995,flips=2)",SA,3,3,1.0,0.8,0.4728708045015879,0.9872585449014338,74.66666666666667,75.0,73.0,76.0
bin_onemax_000,onemax,bin,800,hard,TABU(tenure=12),TABU,3,3,1.0,0.8,0.4728708045015879,0.9872585449014338,76.33333333333333,76.0,76.0,77.0
bin_onemax_000,onemax,bin,800,hard,TABU(tenure=7),TABU,3,3,1.0,0.8,0.4728708045015879,0.9872585449014338,77.0,77.0,76.0,78.0
bin_onemax_000,onemax,bin,800,hard,"UMDA(pop=100,elite=0.2)",UMDA,3,3,1.0,0.8,0.4728708045015879,0.9872585449014338,79.0,79.0,78.0,80.0
bin_onemax_000,onemax,bin,800,hard,"UMDA(pop=50,elite=0.2)",UMDA,3,3,1.0,0.8,0.4728708045015879,0.9872585449014338,79.0,79.0,78.0,80.0
bin_onemax_000,onemax,bin,800,med,"GA(pop=100,pc=0.9,pm=0.02)",GA,3,3,1.0,0.8,0.4728708045015879,0.9872585449014338,63.666666666666664,65.0,61.0,65.0
bin_onemax_000,onemax,bin,800,med,"GA(pop=50,pc=0.9,pm=0.02)",GA,3,3,1.0,0.8,0.4728708045015879,0.9872585449014338,67.66666666666667,68.0,67.0,68.0
bin_onemax_000,onemax,bin,800,med,"GA(pop=50,pc=0.9,pm=0.05)",GA,3,3,1.0,0.8,0.4728708045015879,0.9872585449014338,67.0,67.0,66.0,68.0
bin_onemax_000,onemax,bin,800,med,HC(flips=1),HC,3,3,1.0,0.8,0.4728708045015879,0.9872585449014338,80.0,80.0,80.0,80.0
bin_onemax_000,onemax,bin,800,med,HC(flips=2),HC,3,3,1.0,0.8,0.4728708045015879,0.9872585449014338,76.0,77.0,73.0,78.0
bin_onemax_000,onemax,bin,800,med,RS_BIN,RS_BIN,0,3,0.0,0.2,0.012741455098566192,0.527129195498412,54.333333333333336,55.0,53.0,55.0
bin_onemax_000,onemax,bin,800,med,"SA(T0=1.0,alpha=0.995,flips=1)",SA,3,3,1.0,0.8,0.4728708045015879,0.9872585449014338,80.0,80.0,80.0,80.0
bin_onemax_000,onemax,bin,800,med,"SA(T0=2.0,alpha=0.99,flips=1)",SA,3,3,1.0,0.8,0.4728708045015879,0.9872585449014338,80.0,80.0,80.0,80.0
bin_onemax_000,onemax,bin,800,med,"SA(T0=2.0,alpha=0.995,flips=2)",SA,3,3,1.0,0.8,0.4728708045015879,0.9872585449014338,75.66666666666667,75.0,75.0,77.0
bin_onemax_000,onemax,bin,800,med,TABU(tenure=12),TABU,3,3,1.0,0.8,0.4728708045015879,0.9872585449014338,77.0,77.0,75.0,79.0
bin_onemax_000,onemax,bin,800,med,TABU(tenure=7),TABU,3,3,1.0,0.8,0.4728708045015879,0.9872585449014338,77.66666666666667,78.0,77.0,78.0
bin_onemax_000,onemax,bin,800,med,"UMDA(pop=100,elite=0.2)",UMDA,3,3,1.0,0.8,0.4728708045015879,0.9872585449014338,79.0,79.0,79.0,79.0
bin_onemax_000,onemax,bin,800,med,"UMDA(pop=50,elite=0.2)",UMDA,3,3,1.0,0.8,0.4728708045015879,0.9872585449014338,79.66666666666667,80.0,79.0,80.0
bin_onemax_003,onemax,bin,300,easy,"GA(pop=100,pc=0.9,pm=0.02)",GA,3,3,1.0,0.8,0.4728708045015879,0.9872585449014338,54.666666666666664,55.0,54.0,55.0
bin_onemax_003,onemax,bin,300,easy,"GA(pop=50,pc=0.9,pm=0.02)",GA,3,3,1.0,0.8,0.4728708045015879,0.9872585449014338,58.333333333333336,58.0,57.0,60.0
bin_onemax_003,onemax,bin,300,easy,"GA(pop=50,pc=0.9,pm=0.05)",GA,3,3,1.0,0.8,0.4728708045015879,0.9872585449014338,57.666666666666664,58.0,57.0,58.0
bin_onemax_003,onemax,bin,300,easy,HC(flips=1),HC,3,3,1.0,0.8,0.4728708045015879,0.9872585449014338,79.33333333333333,80.0,78.0,80.0
bin_onemax_003,onemax,bin,300,easy,HC(flips=2),HC,3,3,1.0,0.8,0.4728708045015879,0.9872585449014338,72.0,72.0,69.0,75.0
bin_onemax_003,onemax,bin,300,easy,RS_BIN,RS_BIN,0,3,0.0,0.2,0.012741455098566192,0.527129195498412,50.666666666666664,51.0,49.0,52.0
bin_onemax_003,onemax,bin,300,easy,"SA(T0=1.0,alpha=0.995,flips=1)",SA,3,3,1.0,0.8,0.4728708045015879,0.9872585449014338,74.66666666666667,75.0,73.0,76.0
bin_onemax_003,onemax,bin,300,easy,"SA(T0=2.0,alpha=0.99,flips=1)",SA,3,3,1.0,0.8,0.4728708045015879,0.9872585449014338,77.0,78.0,75.0,78.0
bin_onemax_003,onemax,bin,300,easy,"SA(T0=2.0,alpha=0.995,flips=2)",SA,3,3,1.0,0.8,0.4728708045015879,0.9872585449014338,64.0,63.0,63.0,66.0
bin_onemax_003,onemax,bin,300,easy,TABU(tenure=12),TABU,3,3,1.0,0.8,0.4728708045015879,0.9872585449014338,55.666666666666664,53.0,53.0,61.0
bin_onemax_003,onemax,bin,300,easy,TABU(tenure=7),TABU,3,3,1.0,0.8,0.4728708045015879,0.9872585449014338,56.666666666666664,57.0,53.0,60.0
bin_onemax_003,onemax,bin,300,easy,"UMDA(pop=100,elite=0.2)",UMDA,3,3,1.0,0.8,0.4728708045015879,0.9872585449014338,62.666666666666664,62.0,62.0,64.0
bin_onemax_003,onemax,bin,300,easy,"UMDA(pop=50,elite=0.2)",UMDA,3,3,1.0,0.8,0.4728708045015879,0.9872585449014338,70.66666666666667,70.0,69.0,73.0
bin_onemax_003,onemax,bin,300,hard,"GA(pop=100,pc=0.9,pm=0.02)",GA,3,3,1.0,0.8,0.4728708045015879,0.9872585449014338,55.666666666666664,56.0,55.0,56.0
bin_onemax_003,onemax,bin,300,hard,"GA(pop=50,pc=0.9,pm=0.02)",GA,3,3,1.0,0.8,0.4728708045015879,0.9872585449014338,59.666666666666664,59.0,58.0,62.0
bin_onemax_003,onemax,bin,300,hard,"GA(pop=50,pc=0.9,pm=0.05)",GA,3,3,1.0,0.8,0.4728708045015879,0.9872585449014338,57.333333333333336,57.0,57.0,58.0
bin_onemax_003,onemax,bin,300,hard,HC(flips=1),HC,3,3,1.0,0.8,0.4728708045015879,0.9872585449014338,79.33333333333333,80.0,78.0,80.0
bin_onemax_003,onemax,bin,300,hard,HC(flips=2),HC,3,3,1.0,0.8,0.4728708045015879,0.9872585449014338,71.0,72.0,68.0,73.0
bin_onemax_003,onemax,bin,300,hard,RS_BIN,RS_BIN,2,3,0.6666666666666666,0.6,0.2486046257301818,0.9023885371135856,54.333333333333336,55.0,53.0,55.0
bin_onemax_003,onemax,bin,300,hard,"SA(T0=1.0,alpha=0.995,flips=1)",SA,3,3,1.0,0.8,0.4728708045015879,0.9872585449014338,77.0,78.0,75.0,78.0
bin_onemax_003,onemax,bin,300,hard,"SA(T0=2.0,alpha=0.99,flips=1)",SA,3,3,1.0,0.8,0.4728708045015879,0.9872585449014338,77.66666666666667,77.0,77.0,79.0
bin_onemax_003,onemax,bin,300,hard,"SA(T0=2.0,alpha=0.995,flips=2)",SA,3,3,1.0,0.8,0.4728708045015879,0.9872585449014338,66.66666666666667,65.0,62.0,73.0
bin_onemax_003,onemax,bin,300,hard,TABU(tenure=12),TABU,3,3,1.0,0.8,0.4728708045015879,0.9872585449014338,63.0,64.0,60.0,65.0
bin_onemax_003,onemax,bin,300,hard,TABU(tenure=7),TABU,1,3,0.3333333333333333,0.4,0.09761146288641434,0.7513953742698181,54.0,53.0,53.0,56.0
bin_onemax_003,onemax,bin,300,hard,"UMDA(pop=100,elite=0.2)",UMDA,3,3,1.0,0.8,0.4728708045015879,0.9872585449014338,61.666666666666664,61.0,61.0,63.0
bin_onemax_003,onemax,bin,300,hard,"UMDA(pop=50,elite=0.2)",UMDA,3,3,1.0,0.8,0.4728708045015879,0.9872585449014338,72.0,72.0,71.0,73.0
bin_onemax_003,onemax,bin,300,med,"GA(pop=100,pc=0.9,pm=0.02)",GA,2,3,0.6666666666666666,0.6,0.2486046257301818,0.9023885371135856,54.333333333333336,54.0,53.0,56.0
bin_onemax_003,onemax,bin,300,med,"GA(pop=50,pc=0.9,pm=0.02)",GA,3,3,1.0,0.8,0.4728708045015879,0.9872585449014338,60.333333333333336,60.0,59.0,62.0
bin_onemax_003,onemax,bin,300,med,"GA(pop=50,pc=0.9,pm=0.05)",GA,3,3,1.0,0.8,0.4728708045015879,0.9872585449014338,57.0,57.0,56.0,58.0
bin_onemax_003,onemax,bin,300,med,HC(flips=1),HC,3,3,1.0,0.8,0.4728708045015879,0.9872585449014338,78.66666666666667,79.0,78.0,79.0
bin_onemax_003,onemax,bin,300,med,HC(flips=2),HC,3,3,1.0,0.8,0.4728708045015879,0.9872585449014338,70.66666666666667,70.0,65.0,77.0
bin_onemax_003,onemax,bin,300,med,RS_BIN,RS_BIN,1,3,0.3333333333333333,0.4,0.09761146288641434,0.7513953742698181,51.333333333333336,50.0,49.0,55.0
bin_onemax_003,onemax,bin,300,med,"SA(T0=1.0,alpha=0.995,flips=1)",SA,3,3,1.0,0.8,0.4728708045015879,0.9872585449014338,76.0,77.0,74.0,77.0
bin_onemax_003,onemax,bin,300,med,"SA(T0=2.0,alpha=0.99,flips=1)",SA,3,3,1.0,0.8,0.4728708045015879,0.9872585449014338,79.33333333333333,80.0,78.0,80.0
bin_onemax_003,onemax,bin,300,med,"SA(T0=2.0,alpha=0.995,flips=2)",SA,3,3,1.0,0.8,0.4728708045015879,0.9872585449014338,64.0,63.0,62.0,67.0
bin_onemax_003,onemax,bin,300,med,TABU(tenure=12),TABU,2,3,0.6666666666666666,0.6,0.2486046257301818,0.9023885371135856,56.666666666666664,57.0,52.0,61.0
bin_onemax_003,onemax,bin,300,med,TABU(tenure=7),TABU,3,3,1.0,0.8,0.4728708045015879,0.9872585449014338,57.333333333333336,59.0,54.0,59.0
bin_onemax_003,onemax,bin,300,med,"UMDA(pop=100,elite=0.2)",UMDA,3,3,1.0,0.8,0.4728708045015879,0.9872585449014338,62.0,62.0,61.0,63.0
bin_onemax_003,onemax,bin,300,med,"UMDA(pop=50,elite=0.2)",UMDA,3,3,1.0,0.8,0.4728708045015879,0.9872585449014338,70.66666666666667,70.0,69.0,73.0
bin_onemax_003,onemax,bin,800,easy,"GA(pop=100,pc=0.9,pm=0.02)",GA,3,3,1.0,0.8,0.4728708045015879,0.9872585449014338,62.333333333333336,62.0,61.0,64.0
bin_onemax_003,onemax,bin,800,easy,"GA(pop=50,pc=0.9,pm=0.02)",GA,3,3,1.0,0.8,0.4728708045015879,0.9872585449014338,69.66666666666667,69.0,67.0,73.0
bin_onemax_003,onemax,bin,800,easy,"GA(pop=50,pc=0.9,pm=0.05)",GA,3,3,1.0,0.8,0.4728708045015879,0.9872585449014338,66.33333333333333,66.0,66.0,67.0
bin_onemax_003,onemax,bin,800,easy,HC(flips=1),HC,3,3,1.0,0.8,0.4728708045015879,0.9872585449014338,80.0,80.0,80.0,80.0
bin_onemax_003,onemax,bin,800,easy,HC(flips=2),HC,3,3,1.0,0.8,0.4728708045015879,0.9872585449014338,76.0,77.0,73.0,78.0
bin_onemax_003,onemax,bin,800,easy,RS_BIN,RS_BIN,1,3,0.3333333333333333,0.4,0.09761146288641434,0.7513953742698181,53.666666666666664,53.0,53.0,55.0
bin_onemax_003,onemax,bin,800,easy,"SA(T0=1.0,alpha=0.995,flips=1)",SA,3,3,1.0,0.8,0.4728708045015879,0.9872585449014338,80.0,80.0,80.0,80.0
bin_onemax_003,onemax,bin,800,easy,"SA(T0=2.0,alpha=0.99,flips=1)",SA,3,3,1.0,0.8,0.4728708045015879,0.9872585449014338,80.0,80.0,80.0,80.0
bin_onemax_003,onemax,bin,800,easy,"SA(T0=2.0,alpha=0.995,flips=2)",SA,3,3,1.0,0.8,0.4728708045015879,0.9872585449014338,74.66666666666667,75.0,73.0,76.0
bin_onemax_003,onemax,bin,800,easy,TABU(tenure=12),TABU,3,3,1.0,0.8,0.4728708045015879,0.9872585449014338,78.0,78.0,77.0,79.0
bin_onemax_003,onemax,bin,800,easy,TABU(tenure=7),TABU,3,3,1.0,0.8,0.4728708045015879,0.9872585449014338,77.66666666666667,78.0,77.0,78.0
bin_onemax_003,onemax,bin,800,easy,"UMDA(pop=100,elite=0.2)",UMDA,3,3,1.0,0.8,0.4728708045015879,0.9872585449014338,79.66666666666667,80.0,79.0,80.0
bin_onemax_003,onemax,bin,800,easy,"UMDA(pop=50,elite=0.2)",UMDA,3,3,1.0,0.8,0.4728708045015879,0.9872585449014338,78.33333333333333,78.0,78.0,79.0
bin_onemax_003,onemax,bin,800,hard,"GA(pop=100,pc=0.9,pm=0.02)",GA,3,3,1.0,0.8,0.4728708045015879,0.9872585449014338,61.0,61.0,60.0,62.0
bin_onemax_003,onemax,bin,800,hard,"GA(pop=50,pc=0.9,pm=0.02)",GA,3,3,1.0,0.8,0.4728708045015879,0.9872585449014338,67.66666666666667,68.0,67.0,68.0
bin_onemax_003,onemax,bin,800,hard,"GA(pop=50,pc=0.9,pm=0.05)",GA,3,3,1.0,0.8,0.4728708045015879,0.9872585449014338,67.33333333333333,67.0,67.0,68.0
bin_onemax_003,onemax,bin,800,hard,HC(flips=1),HC,3,3,1.0,0.8,0.4728708045015879,0.9872585449014338,80.0,80.0,80.0,80.0
bin_onemax_003,onemax,bin,800,hard,HC(flips=2),HC,3,3,1.0,0.8,0.4728708045015879,0.9872585449014338,75.66666666666667,75.0,75.0,77.0
bin_onemax_003,onemax,bin,800,hard,RS_BIN,RS_BIN,1,3,0.3333333333333333,0.4,0.09761146288641434,0.7513953742698181,54.333333333333336,54.0,53.0,56.0
bin_onemax_003,onemax,bin,800,hard,"SA(T0=1.0,alpha=0.995,flips=1)",SA,3,3,1.0,0.8,0.4728708045015879,0.9872585449014338,80.0,80.0,80.0,80.0
bin_onemax_003,onemax,bin,800,hard,"SA(T0=2.0,alpha=0.99,flips=1)",SA,3,3,1.0,0.8,0.4728708045015879,0.9872585449014338,80.0,80.0,80.0,80.0
bin_onemax_003,onemax,bin,800,hard,"SA(T0=2.0,alpha=0.995,flips=2)",SA,3,3,1.0,0.8,0.4728708045015879,0.9872585449014338,74.33333333333333,74.0,73.0,76.0
bin_onemax_003,onemax,bin,800,hard,TABU(tenure=12),TABU,3,3,1.0,0.8,0.4728708045015879,0.9872585449014338,77.66666666666667,79.0,75.0,79.0
bin_onemax_003,onemax,bin,800,hard,TABU(tenure=7),TABU,3,3,1.0,0.8,0.4728708045015879,0.9872585449014338,76.33333333333333,76.0,76.0,77.0
bin_onemax_003,onemax,bin,800,hard,"UMDA(pop=100,elite=0.2)",UMDA,3,3,1.0,0.8,0.4728708045015879,0.9872585449014338,79.33333333333333,79.0,79.0,80.0
bin_onemax_003,onemax,bin,800,hard,"UMDA(pop=50,elite=0.2)",UMDA,3,3,1.0,0.8,0.4728708045015879,0.9872585449014338,79.33333333333333,79.0,79.0,80.0
bin_onemax_003,onemax,bin,800,med,"GA(pop=100,pc=0.9,pm=0.02)",GA,3,3,1.0,0.8,0.4728708045015879,0.9872585449014338,62.333333333333336,62.0,61.0,64.0
bin_onemax_003,onemax,bin,800,med,"GA(pop=50,pc=0.9,pm=0.02)",GA,3,3,1.0,0.8,0.4728708045015879,0.9872585449014338,68.66666666666667,68.0,67.0,71.0
bin_onemax_003,onemax,bin,800,med,"GA(pop=50,pc=0.9,pm=0.05)",GA,3,3,1.0,0.8,0.4728708045015879,0.9872585449014338,66.33333333333333,66.0,65.0,68.0
bin_onemax_003,onemax,bin,800,med,HC(flips=1),HC,3,3,1.0,0.8,0.4728708045015879,0.9872585449014338,80.0,80.0,80.0,80.0
bin_onemax_003,onemax,bin,800,med,HC(flips=2),HC,3,3,1.0,0.8,0.4728708045015879,0.9872585449014338,77.33333333333333,77.0,76.0,79.0
bin_onemax_003,onemax,bin,800,med,RS_BIN,RS_BIN,1,3,0.3333333333333333,0.4,0.09761146288641434,0.7513953742698181,54.333333333333336,54.0,54.0,55.0
bin_onemax_003,onemax,bin,800,med,"SA(T0=1.0,alpha=0.995,flips=1)",SA,3,3,1.0,0.8,0.4728708045015879,0.9872585449014338,80.0,80.0,80.0,80.0
bin_onemax_003,onemax,bin,800,med,"SA(T0=2.0,alpha=0.99,flips=1)",SA,3,3,1.0,0.8,0.4728708045015879,0.9872585449014338,80.0,80.0,80.0,80.0
bin_onemax_003,onemax,bin,800,med,"SA(T0=2.0,alpha=0.995,flips=2)",SA,3,3,1.0,0.8,0.4728708045015879,0.9872585449014338,74.33333333333333,73.0,72.0,78.0
bin_onemax_003,onemax,bin,800,med,TABU(tenure=12),TABU,3,3,1.0,0.8,0.4728708045015879,0.9872585449014338,74.66666666666667,75.0,74.0,75.0
bin_onemax_003,onemax,bin,800,med,TABU(tenure=7),TABU,3,3,1.0,0.8,0.4728708045015879,0.9872585449014338,76.66666666666667,77.0,76.0,77.0
bin_onemax_003,onemax,bin,800,med,"UMDA(pop=100,elite=0.2)",UMDA,3,3,1.0,0.8,0.4728708045015879,0.9872585449014338,78.66666666666667,79.0,77.0,80.0
bin_onemax_003,onemax,bin,800,med,"UMDA(pop=50,elite=0.2)",UMDA,3,3,1.0,0.8,0.4728708045015879,0.9872585449014338,79.33333333333333,80.0,78.0,80.0
bin_onemax_006,onemax,bin,300,easy,"GA(pop=100,pc=0.9,pm=0.02)",GA,3,3,1.0,0.8,0.4728708045015879,0.9872585449014338,56.0,57.0,54.0,57.0
bin_onemax_006,onemax,bin,300,easy,"GA(pop=50,pc=0.9,pm=0.02)",GA,3,3,1.0,0.8,0.4728708045015879,0.9872585449014338,60.0,61.0,58.0,61.0
bin_onemax_006,onemax,bin,300,easy,"GA(pop=50,pc=0.9,pm=0.05)",GA,3,3,1.0,0.8,0.4728708045015879,0.9872585449014338,57.666666666666664,59.0,54.0,60.0
bin_onemax_006,onemax,bin,300,easy,HC(flips=1),HC,3,3,1.0,0.8,0.4728708045015879,0.9872585449014338,78.66666666666667,79.0,78.0,79.0
bin_onemax_006,onemax,bin,300,easy,HC(flips=2),HC,3,3,1.0,0.8,0.4728708045015879,0.9872585449014338,72.0,71.0,71.0,74.0
bin_onemax_006,onemax,bin,300,easy,RS_BIN,RS_BIN,3,3,1.0,0.8,0.4728708045015879,0.9872585449014338,53.333333333333336,53.0,53.0,54.0
bin_onemax_006,onemax,bin,300,easy,"SA(T0=1.0,alpha=0.995,flips=1)",SA,3,3,1.0,0.8,0.4728708045015879,0.9872585449014338,76.33333333333333,77.0,75.0,77.0
bin_onemax_006,onemax,bin,300,easy,"SA(T0=2.0,alpha=0.99,flips=1)",SA,3,3,1.0,0.8,0.4728708045015879,0.9872585449014338,76.33333333333333,76.0,75.0,78.0
bin_onemax_006,onemax,bin,300,easy,"SA(T0=2.0,alpha=0.995,flips=2)",SA,3,3,1.0,0.8,0.4728708045015879,0.9872585449014338,68.0,68.0,66.0,70.0
bin_onemax_006,onemax,bin,300,easy,TABU(tenure=12),TABU,2,3,0.6666666666666666,0.6,0.2486046257301818,0.9023885371135856,54.0,53.0,49.0,60.0
bin_onemax_006,onemax,bin,300,easy,TABU(tenure=7),TABU,3,3,1.0,0.8,0.4728708045015879,0.9872585449014338,60.0,60.0,57.0,63.0
bin_onemax_006,onemax,bin,300,easy,"UMDA(pop=100,elite=0.2)",UMDA,3,3,1.0,0.8,0.4728708045015879,0.9872585449014338,63.666666666666664,62.0,61.0,68.0
bin_onemax_006,onemax,bin,300,easy,"UMDA(pop=50,elite=0.2)",UMDA,3,3,1.0,0.8,0.4728708045015879,0.9872585449014338,73.33333333333333,74.0,72.0,74.0
bin_onemax_006,onemax,bin,300,hard,"GA(pop=100,pc=0.9,pm=0.02)",GA,2,3,0.6666666666666666,0.6,0.2486046257301818,0.9023885371135856,57.0,56.0,52.0,63.0
bin_onemax_006,onemax,bin,300,hard,"GA(pop=50,pc=0.9,pm=0.02)",GA,3,3,1.0,0.8,0.4728708045015879,0.9872585449014338,59.666666666666664,59.0,58.0,62.0
bin_onemax_006,onemax,bin,300,hard,"GA(pop=50,pc=0.9,pm=0.05)",GA,3,3,1.0,0.8,0.4728708045015879,0.9872585449014338,59.666666666666664,59.0,59.0,61.0
bin_onemax_006,onemax,bin,300,hard,HC(flips=1),HC,3,3,1.0,0.8,0.4728708045015879,0.9872585449014338,79.33333333333333,79.0,79.0,80.0
bin_onemax_006,onemax,bin,300,hard,HC(flips=2),HC,3,3,1.0,0.8,0.4728708045015879,0.9872585449014338,73.33333333333333,72.0,72.0,76.0
bin_onemax_006,onemax,bin,300,hard,RS_BIN,RS_BIN,2,3,0.6666666666666666,0.6,0.2486046257301818,0.9023885371135856,53.666666666666664,53.0,52.0,56.0
bin_onemax_006,onemax,bin,300,hard,"SA(T0=1.0,alpha=0.995,flips=1)",SA,3,3,1.0,0.8,0.4728708045015879,0.9872585449014338,75.33333333333333,75.0,72.0,79.0
bin_onemax_006,onemax,bin,300,hard,"SA(T0=2.0,alpha=0.99,flips=1)",SA,3,3,1.0,0.8,0.4728708045015879,0.9872585449014338,77.33333333333333,78.0,76.0,78.0
bin_onemax_006,onemax,bin,300,hard,"SA(T0=2.0,alpha=0.995,flips=2)",SA,3,3,1.0,0.8,0.4728708045015879,0.9872585449014338,67.0,67.0,63.0,71.0
bin_onemax_006,onemax,bin,300,hard,TABU(tenure=12),TABU,3,3,1.0,0.8,0.4728708045015879,0.9872585449014338,63.333333333333336,64.0,60.0,66.0
bin_onemax_006,onemax,bin,300,hard,TABU(tenure=7),TABU,2,3,0.6666666666666666,0.6,0.2486046257301818,0.9023885371135856,55.333333333333336,54.0,51.0,61.0
bin_onemax_006,onemax,bin,300,hard,"UMDA(pop=100,elite=0.2)",UMDA,3,3,1.0,0.8,0.4728708045015879,0.9872585449014338,61.333333333333336,62.0,59.0,63.0
bin_onemax_006,onemax,bin,300,hard,"UMDA(pop=50,elite=0.2)",UMDA,3,3,1.0,0.8,0.4728708045015879,0.9872585449014338,72.0,72.0,72.0,72.0
bin_onemax_006,onemax,bin,300,med,"GA(pop=100,pc=0.9,pm=0.02)",GA,3,3,1.0,0.8,0.4728708045015879,0.9872585449014338,55.0,55.0,54.0,56.0
bin_onemax_006,onemax,bin,300,med,"GA(pop=50,pc=0.9,pm=0.02)",GA,3,3,1.0,0.8,0.4728708045015879,0.9872585449014338,59.333333333333336,58.0,58.0,62.0
bin_onemax_006,onemax,bin,300,med,"GA(pop=50,pc=0.9,pm=0.05)",GA,3,3,1.0,0.8,0.4728708045015879,0.9872585449014338,59.333333333333336,60.0,58.0,60.0
bin_onemax_006,onemax,bin,300,med,HC(flips=1),HC,3,3,1.0,0.8,0.4728708045015879,0.9872585449014338,78.66666666666667,79.0,78.0,79.0
bin_onemax_006,onemax,bin,300,med,HC(flips=2),HC,3,3,1.0,0.8,0.4728708045015879,0.9872585449014338,71.33333333333333,71.0,70.0,73.0
bin_onemax_006,onemax,bin,300,med,RS_BIN,RS_BIN,3,3,1.0,0.8,0.4728708045015879,0.9872585449014338,52.333333333333336,52.0,52.0,53.0
bin_onemax_006,onemax,bin,300,med,"SA(T0=1.0,alpha=0.995,flips=1)",SA,3,3,1.0,0.8,0.4728708045015879,0.9872585449014338,75.0,75.0,73.0,77.0
bin_onemax_006,onemax,bin,300,med,"SA(T0=2.0,alpha=0.99,flips=1)",SA,3,3,1.0,0.8,0.4728708045015879,0.9872585449014338,76.33333333333333,78.0,72.0,79.0
bin_onemax_006,onemax,bin,300,med,"SA(T0=2.0,alpha=0.995,flips=2)",SA,3,3,1.0,0.8,0.4728708045015879,0.9872585449014338,67.66666666666667,67.0,64.0,72.0
bin_onemax_006,onemax,bin,300,med,TABU(tenure=12),TABU,3,3,1.0,0.8,0.4728708045015879,0.9872585449014338,58.333333333333336,58.0,57.0,60.0
bin_onemax_006,onemax,bin,300,med,TABU(tenure=7),TABU,2,3,0.6666666666666666,0.6,0.2486046257301818,0.9023885371135856,54.333333333333336,56.0,48.0,59.0
bin_onemax_006,onemax,bin,300,med,"UMDA(pop=100,elite=0.2)",UMDA,3,3,1.0,0.8,0.4728708045015879,0.9872585449014338,61.333333333333336,61.0,61.0,62.0
bin_onemax_006,onemax,bin,300,med,"UMDA(pop=50,elite=0.2)",UMDA,3,3,1.0,0.8,0.4728708045015879,0.9872585449014338,72.0,72.0,71.0,73.0
bin_onemax_006,onemax,bin,800,easy,"GA(pop=100,pc=0.9,pm=0.02)",GA,3,3,1.0,0.8,0.4728708045015879,0.9872585449014338,63.666666666666664,63.0,63.0,65.0
bin_onemax_006,onemax,bin,800,easy,"GA(pop=50,pc=0.9,pm=0.02)",GA,3,3,1.0,0.8,0.4728708045015879,0.9872585449014338,67.66666666666667,68.0,66.0,69.0
bin_onemax_006,onemax,bin,800,easy,"GA(pop=50,pc=0.9,pm=0.05)",GA,3,3,1.0,0.8,0.4728708045015879,0.9872585449014338,67.33333333333333,67.0,66.0,69.0
bin_onemax_006,onemax,bin,800,easy,HC(flips=1),HC,3,3,1.0,0.8,0.4728708045015879,0.9872585449014338,80.0,80.0,80.0,80.0
bin_onemax_006,onemax,bin,800,easy,HC(flips=2),HC,3,3,1.0,0.8,0.4728708045015879,0.9872585449014338,76.33333333333333,76.0,76.0,77.0
bin_onemax_006,onemax,bin,800,easy,RS_BIN,RS_BIN,3,3,1.0,0.8,0.4728708045015879,0.9872585449014338,54.666666666666664,54.0,54.0,56.0
bin_onemax_006,onemax,bin,800,easy,"SA(T0=1.0,alpha=0.995,flips=1)",SA,3,3,1.0,0.8,0.4728708045015879,0.9872585449014338,79.66666666666667,80.0,79.0,80.0
bin_onemax_006,onemax,bin,800,easy,"SA(T0=2.0,alpha=0.99,flips=1)",SA,3,3,1.0,0.8,0.4728708045015879,0.9872585449014338,80.0,80.0,80.0,80.0
bin_onemax_006,onemax,bin,800,easy,"SA(T0=2.0,alpha=0.995,flips=2)",SA,3,3,1.0,0.8,0.4728708045015879,0.9872585449014338,73.66666666666667,72.0,71.0,78.0
bin_onemax_006,onemax,bin,800,easy,TABU(tenure=12),TABU,3,3,1.0,0.8,0.4728708045015879,0.9872585449014338,76.0,76.0,76.0,76.0
bin_onemax_006,onemax,bin,800,easy,TABU(tenure=7),TABU,3,3,1.0,0.8,0.4728708045015879,0.9872585449014338,76.66666666666667,76.0,76.0,78.0
bin_onemax_006,onemax,bin,800,easy,"UMDA(pop=100,elite=0.2)",UMDA,3,3,1.0,0.8,0.4728708045015879,0.9872585449014338,79.33333333333333,79.0,79.0,80.0
bin_onemax_006,onemax,bin,800,easy,"UMDA(pop=50,elite=0.2)",UMDA,3,3,1.0,0.8,0.4728708045015879,0.9872585449014338,79.0,79.0,78.0,80.0
bin_onemax_006,onemax,bin,800,hard,"GA(pop=100,pc=0.9,pm=0.02)",GA,3,3,1.0,0.8,0.4728708045015879,0.9872585449014338,62.666666666666664,63.0,61.0,64.0
bin_onemax_006,onemax,bin,800,hard,"GA(pop=50,pc=0.9,pm=0.02)",GA,3,3,1.0,0.8,0.4728708045015879,0.9872585449014338,68.33333333333333,69.0,66.0,70.0
bin_onemax_006,onemax,bin,800,hard,"GA(pop=50,pc=0.9,pm=0.05)",GA,3,3,1.0,0.8,0.4728708045015879,0.9872585449014338,65.66666666666667,66.0,63.0,68.0
bin_onemax_006,onemax,bin,800,hard,HC(flips=1),HC,3,3,1.0,0.8,0.4728708045015879,0.9872585449014338,80.0,80.0,80.0,80.0
bin_onemax_006,onemax,bin,800,hard,HC(flips=2),HC,3,3,1.0,0.8,0.4728708045015879,0.9872585449014338,76.33333333333333,77.0,74.0,78.0
bin_onemax_006,onemax,bin,800,hard,RS_BIN,RS_BIN,0,3,0.0,0.2,0.012741455098566192,0.527129195498412,54.333333333333336,54.0,54.0,55.0
bin_onemax_006,onemax,bin,800,hard,"SA(T0=1.0,alpha=0.995,flips=1)",SA,3,3,1.0,0.8,0.4728708045015879,0.9872585449014338,80.0,80.0,80.0,80.0
bin_onemax_006,onemax,bin,800,hard,"SA(T0=2.0,alpha=0.99,flips=1)",SA,3,3,1.0,0.8,0.4728708045015879,0.9872585449014338,80.0,80.0,80.0,80.0
bin_onemax_006,onemax,bin,800,hard,"SA(T0=2.0,alpha=0.995,flips=2)",SA,3,3,1.0,0.8,0.4728708045015879,0.9872585449014338,75.33333333333333,76.0,74.0,76.0
bin_onemax_006,onemax,bin,800,hard,TABU(tenure=12),TABU,3,3,1.0,0.8,0.4728708045015879,0.9872585449014338,76.33333333333333,76.0,76.0,77.0
bin_onemax_006,onemax,bin,800,hard,TABU(tenure=7),TABU,3,3,1.0,0.8,0.4728708045015879,0.9872585449014338,77.66666666666667,78.0,77.0,78.0
bin_onemax_006,onemax,bin,800,hard,"UMDA(pop=100,elite=0.2)",UMDA,3,3,1.0,0.8,0.4728708045015879,0.9872585449014338,79.0,79.0,79.0,79.0
bin_onemax_006,onemax,bin,800,hard,"UMDA(pop=50,elite=0.2)",UMDA,3,3,1.0,0.8,0.4728708045015879,0.9872585449014338,79.0,79.0,78.0,80.0
bin_onemax_006,onemax,bin,800,med,"GA(pop=100,pc=0.9,pm=0.02)",GA,3,3,1.0,0.8,0.4728708045015879,0.9872585449014338,64.33333333333333,64.0,64.0,65.0
bin_onemax_006,onemax,bin,800,med,"GA(pop=50,pc=0.9,pm=0.02)",GA,3,3,1.0,0.8,0.4728708045015879,0.9872585449014338,68.33333333333333,68.0,67.0,70.0
bin_onemax_006,onemax,bin,800,med,"GA(pop=50,pc=0.9,pm=0.05)",GA,3,3,1.0,0.8,0.4728708045015879,0.9872585449014338,65.33333333333333,66.0,64.0,66.0
bin_onemax_006,onemax,bin,800,med,HC(flips=1),HC,3,3,1.0,0.8,0.4728708045015879,0.9872585449014338,80.0,80.0,80.0,80.0
bin_onemax_006,onemax,bin,800,med,HC(flips=2),HC,3,3,1.0,0.8,0.4728708045015879,0.9872585449014338,76.33333333333333,76.0,76.0,77.0
bin_onemax_006,onemax,bin,800,med,RS_BIN,RS_BIN,1,3,0.3333333333333333,0.4,0.09761146288641434,0.7513953742698181,53.666666666666664,53.0,52.0,56.0
bin_onemax_006,onemax,bin,800,med,"SA(T0=1.0,alpha=0.995,flips=1)",SA,3,3,1.0,0.8,0.4728708045015879,0.9872585449014338,80.0,80.0,80.0,80.0
bin_onemax_006,onemax,bin,800,med,"SA(T0=2.0,alpha=0.99,flips=1)",SA,3,3,1.0,0.8,0.4728708045015879,0.9872585449014338,80.0,80.0,80.0,80.0
bin_onemax_006,onemax,bin,800,med,"SA(T0=2.0,alpha=0.995,flips=2)",SA,3,3,1.0,0.8,0.4728708045015879,0.9872585449014338,76.0,76.0,73.0,79.0
bin_onemax_006,onemax,bin,800,med,TABU(tenure=12),TABU,3,3,1.0,0.8,0.4728708045015879,0.9872585449014338,78.33333333333333,78.0,77.0,80.0
bin_onemax_006,onemax,bin,800,med,TABU(tenure=7),TABU,3,3,1.0,0.8,0.4728708045015879,0.9872585449014338,76.33333333333333,76.0,76.0,77.0
bin_onemax_006,onemax,bin,800,med,"UMDA(pop=100,elite=0.2)",UMDA,3,3,1.0,0.8,0.4728708045015879,0.9872585449014338,79.33333333333333,79.0,79.0,80.0
bin_onemax_006,onemax,bin,800,med,"UMDA(pop=50,elite=0.2)",UMDA,3,3,1.0,0.8,0.4728708045015879,0.9872585449014338,78.33333333333333,78.0,78.0,79.0
bin_onemax_009,onemax,bin,300,easy,"GA(pop=100,pc=0.9,pm=0.02)",GA,3,3,1.0,0.8,0.4728708045015879,0.9872585449014338,57.333333333333336,58.0,56.0,58.0
bin_onemax_009,onemax,bin,300,easy,"GA(pop=50,pc=0.9,pm=0.02)",GA,3,3,1.0,0.8,0.4728708045015879,0.9872585449014338,58.666666666666664,58.0,56.0,62.0
bin_onemax_009,onemax,bin,300,easy,"GA(pop=50,pc=0.9,pm=0.05)",GA,3,3,1.0,0.8,0.4728708045015879,0.9872585449014338,59.0,60.0,56.0,61.0
bin_onemax_009,onemax,bin,300,easy,HC(flips=1),HC,3,3,1.0,0.8,0.4728708045015879,0.9872585449014338,79.0,79.0,78.0,80.0
bin_onemax_009,onemax,bin,300,easy,HC(flips=2),HC,3,3,1.0,0.8,0.4728708045015879,0.9872585449014338,69.33333333333333,71.0,63.0,74.0
bin_onemax_009,onemax,bin,300,easy,RS_BIN,RS_BIN,2,3,0.6666666666666666,0.6,0.2486046257301818,0.9023885371135856,52.666666666666664,53.0,52.0,53.0
bin_onemax_009,onemax,bin,300,easy,"SA(T0=1.0,alpha=0.995,flips=1)",SA,3,3,1.0,0.8,0.4728708045015879,0.9872585449014338,72.66666666666667,74.0,69.0,75.0
bin_onemax_009,onemax,bin,300,easy,"SA(T0=2.0,alpha=0.99,flips=1)",SA,3,3,1.0,0.8,0.4728708045015879,0.9872585449014338,74.66666666666667,75.0,73.0,76.0
bin_onemax_009,onemax,bin,300,easy,"SA(T0=2.0,alpha=0.995,flips=2)",SA,3,3,1.0,0.8,0.4728708045015879,0.9872585449014338,65.0,65.0,64.0,66.0
bin_onemax_009,onemax,bin,300,easy,TABU(tenure=12),TABU,3,3,1.0,0.8,0.4728708045015879,0.9872585449014338,55.0,54.0,53.0,58.0
bin_onemax_009,onemax,bin,300,easy,TABU(tenure=7),TABU,2,3,0.6666666666666666,0.6,0.2486046257301818,0.9023885371135856,56.0,55.0,52.0,61.0
bin_onemax_009,onemax,bin,300,easy,"UMDA(pop=100,elite=0.2)",UMDA,3,3,1.0,0.8,0.4728708045015879,0.9872585449014338,64.0,64.0,63.0,65.0
bin_onemax_009,onemax,bin,300,easy,"UMDA(pop=50,elite=0.2)",UMDA,3,3,1.0,0.8,0.4728708045015879,0.9872585449014338,73.0,73.0,72.0,74.0
bin_onemax_009,onemax,bin,300,hard,"GA(pop=100,pc=0.9,pm=0.02)",GA,1,3,0.3333333333333333,0.4,0.09761146288641434,0.7513953742698181,55.0,55.0,53.0,57.0
bin_onemax_009,onemax,bin,300,hard,"GA(pop=50,pc=0.9,pm=0.02)",GA,3,3,1.0,0.8,0.4728708045015879,0.9872585449014338,57.666666666666664,57.0,56.0,60.0
bin_onemax_009,onemax,bin,300,hard,"GA(pop=50,pc=0.9,pm=0.05)",GA,3,3,1.0,0.8,0.4728708045015879,0.9872585449014338,58.0,58.0,57.0,59.0
bin_onemax_009,onemax,bin,300,hard,HC(flips=1),HC,3,3,1.0,0.8,0.4728708045015879,0.9872585449014338,78.33333333333333,78.0,77.0,80.0
bin_onemax_009,onemax,bin,300,hard,HC(flips=2),HC,3,3,1.0,0.8,0.4728708045015879,0.9872585449014338,73.66666666666667,73.0,71.0,77.0
bin_onemax_009,onemax,bin,300,hard,RS_BIN,RS_BIN,0,3,0.0,0.2,0.012741455098566192,0.527129195498412,52.666666666666664,53.0,52.0,53.0
bin_onemax_009,onemax,bin,300,hard,"SA(T0=1.0,alpha=0.995,flips=1)",SA,3,3,1.0,0.8,0.4728708045015879,0.9872585449014338,77.0,77.0,76.0,78.0
bin_onemax_009,onemax,bin,300,hard,"SA(T0=2.0,alpha=0.99,flips=1)",SA,3,3,1.0,0.8,0.4728708045015879,0.9872585449014338,74.66666666666667,74.0,73.0,77.0
bin_onemax_009,onemax,bin,300,hard,"SA(T0=2.0,alpha=0.995,flips=2)",SA,3,3,1.0,0.8,0.4728708045015879,0.9872585449014338,65.33333333333333,65.0,65.0,66.0
bin_onemax_009,onemax,bin,300,hard,TABU(tenure=12),TABU,2,3,0.6666666666666666,0.6,0.2486046257301818,0.9023885371135856,59.666666666666664,56.0,54.0,69.0
bin_onemax_009,onemax,bin,300,hard,TABU(tenure=7),TABU,2,3,0.6666666666666666,0.6,0.2486046257301818,0.9023885371135856,56.666666666666664,57.0,53.0,60.0
bin_onemax_009,onemax,bin,300,hard,"UMDA(pop=100,elite=0.2)",UMDA,3,3,1.0,0.8,0.4728708045015879,0.9872585449014338,62.0,61.0,60.0,65.0
bin_onemax_009,onemax,bin,300,hard,"UMDA(pop=50,elite=0.2)",UMDA,3,3,1.0,0.8,0.4728708045015879,0.9872585449014338,70.33333333333333,70.0,69.0,72.0
bin_onemax_009,onemax,bin,300,med,"GA(pop=100,pc=0.9,pm=0.02)",GA,3,3,1.0,0.8,0.4728708045015879,0.9872585449014338,55.333333333333336,55.0,55.0,56.0
bin_onemax_009,onemax,bin,300,med,"GA(pop=50,pc=0.9,pm=0.02)",GA,3,3,1.0,0.8,0.4728708045015879,0.9872585449014338,58.666666666666664,60.0,56.0,60.0
bin_onemax_009,onemax,bin,300,med,"GA(pop=50,pc=0.9,pm=0.05)",GA,3,3,1.0,0.8,0.4728708045015879,0.9872585449014338,57.333333333333336,58.0,56.0,58.0
bin_onemax_009,onemax,bin,300,med,HC(flips=1),HC,3,3,1.0,0.8,0.4728708045015879,0.9872585449014338,79.33333333333333,79.0,79.0,80.0
bin_onemax_009,onemax,bin,300,med,HC(flips=2),HC,3,3,1.0,0.8,0.4728708045015879,0.9872585449014338,71.33333333333333,73.0,67.0,74.0
bin_onemax_009,onemax,bin,300,med,RS_BIN,RS_BIN,0,3,0.0,0.2,0.012741455098566192,0.527129195498412,53.0,53.0,52.0,54.0
bin_onemax_009,onemax,bin,300,med,"SA(T0=1.0,alpha=0.995,flips=1)",SA,3,3,1.0,0.8,0.4728708045015879,0.9872585449014338,74.33333333333333,74.0,74.0,75.0
bin_onemax_009,onemax,bin,300,med,"SA(T0=2.0,alpha=0.99,flips=1)",SA,3,3,1.0,0.8,0.4728708045015879,0.9872585449014338,76.33333333333333,76.0,74.0,79.0
bin_onemax_009,onemax,bin,300,med,"SA(T0=2.0,alpha=0.995,flips=2)",SA,3,3,1.0,0.8,0.4728708045015879,0.9872585449014338,67.0,67.0,66.0,68.0
bin_onemax_009,onemax,bin,300,med,TABU(tenure=12),TABU,1,3,0.3333333333333333,0.4,0.09761146288641434,0.7513953742698181,53.333333333333336,53.0,49.0,58.0
bin_onemax_009,onemax,bin,300,med,TABU(tenure=7),TABU,2,3,0.6666666666666666,0.6,0.2486046257301818,0.9023885371135856,57.666666666666664,59.0,54.0,60.0
bin_onemax_009,onemax,bin,300,med,"UMDA(pop=100,elite=0.2)",UMDA,3,3,1.0,0.8,0.4728708045015879,0.9872585449014338,61.666666666666664,61.0,61.0,63.0
bin_onemax_009,onemax,bin,300,med,"UMDA(pop=50,elite=0.2)",UMDA,3,3,1.0,0.8,0.4728708045015879,0.9872585449014338,73.0,73.0,72.0,74.0
bin_onemax_009,onemax,bin,800,easy,"GA(pop=100,pc=0.9,pm=0.02)",GA,3,3,1.0,0.8,0.4728708045015879,0.9872585449014338,62.333333333333336,63.0,61.0,63.0
bin_onemax_009,onemax,bin,800,easy,"GA(pop=50,pc=0.9,pm=0.02)",GA,3,3,1.0,0.8,0.4728708045015879,0.9872585449014338,68.33333333333333,68.0,68.0,69.0
bin_onemax_009,onemax,bin,800,easy,"GA(pop=50,pc=0.9,pm=0.05)",GA,3,3,1.0,0.8,0.4728708045015879,0.9872585449014338,66.0,66.0,64.0,68.0
bin_onemax_009,onemax,bin,800,easy,HC(flips=1),HC,3,3,1.0,0.8,0.4728708045015879,0.9872585449014338,80.0,80.0,80.0,80.0
bin_onemax_009,onemax,bin,800,easy,HC(flips=2),HC,3,3,1.0,0.8,0.4728708045015879,0.9872585449014338,75.66666666666667,76.0,75.0,76.0
bin_onemax_009,onemax,bin,800,easy,RS_BIN,RS_BIN,3,3,1.0,0.8,0.4728708045015879,0.9872585449014338,55.333333333333336,54.0,54.0,58.0
bin_onemax_009,onemax,bin,800,easy,"SA(T0=1.0,alpha=0.995,flips=1)",SA,3,3,1.0,0.8,0.4728708045015879,0.9872585449014338,79.66666666666667,80.0,79.0,80.0
bin_onemax_009,onemax,bin,800,easy,"SA(T0=2.0,alpha=0.99,flips=1)",SA,3,3,1.0,0.8,0.4728708045015879,0.9872585449014338,80.0,80.0,80.0,80.0
bin_onemax_009,onemax,bin,800,easy,"SA(T0=2.0,alpha=0.995,flips=2)",SA,3,3,1.0,0.8,0.4728708045015879,0.9872585449014338,75.66666666666667,75.0,75.0,77.0
bin_onemax_009,onemax,bin,800,easy,TABU(tenure=12),TABU,3,3,1.0,0.8,0.4728708045015879,0.9872585449014338,77.0,77.0,76.0,78.0
bin_onemax_009,onemax,bin,800,easy,TABU(tenure=7),TABU,3,3,1.0,0.8,0.4728708045015879,0.9872585449014338,76.66666666666667,77.0,74.0,79.0
bin_onemax_009,onemax,bin,800,easy,"UMDA(pop=100,elite=0.2)",UMDA,3,3,1.0,0.8,0.4728708045015879,0.9872585449014338,79.0,79.0,79.0,79.0
bin_onemax_009,onemax,bin,800,easy,"UMDA(pop=50,elite=0.2)",UMDA,3,3,1.0,0.8,0.4728708045015879,0.9872585449014338,78.33333333333333,78.0,78.0,79.0
bin_onemax_009,onemax,bin,800,hard,"GA(pop=100,pc=0.9,pm=0.02)",GA,3,3,1.0,0.8,0.4728708045015879,0.9872585449014338,64.0,64.0,62.0,66.0
bin_onemax_009,onemax,bin,800,hard,"GA(pop=50,pc=0.9,pm=0.02)",GA,3,3,1.0,0.8,0.4728708045015879,0.9872585449014338,68.66666666666667,69.0,67.0,70.0
bin_onemax_009,onemax,bin,800,hard,"GA(pop=50,pc=0.9,pm=0.05)",GA,3,3,1.0,0.8,0.4728708045015879,0.9872585449014338,66.33333333333333,66.0,65.0,68.0
bin_onemax_009,onemax,bin,800,hard,HC(flips=1),HC,3,3,1.0,0.8,0.4728708045015879,0.9872585449014338,80.0,80.0,80.0,80.0
bin_onemax_009,onemax,bin,800,hard,HC(flips=2),HC,3,3,1.0,0.8,0.4728708045015879,0.9872585449014338,76.0,77.0,74.0,77.0
bin_onemax_009,onemax,bin,800,hard,RS_BIN,RS_BIN,0,3,0.0,0.2,0.012741455098566192,0.527129195498412,53.0,53.0,52.0,54.0
bin_onemax_009,onemax,bin,800,hard,"SA(T0=1.0,alpha=0.995,flips=1)",SA,3,3,1.0,0.8,0.4728708045015879,0.9872585449014338,80.0,80.0,80.0,80.0
bin_onemax_009,onemax,bin,800,hard,"SA(T0=2.0,alpha=0.99,flips=1)",SA,3,3,1.0,0.8,0.4728708045015879,0.9872585449014338,80.0,80.0,80.0,80.0
bin_onemax_009,onemax,bin,800,hard,"SA(T0=2.0,alpha=0.995,flips=2)",SA,3,3,1.0,0.8,0.4728708045015879,0.9872585449014338,75.66666666666667,75.0,74.0,78.0
bin_onemax_009,onemax,bin,800,hard,TABU(tenure=12),TABU,3,3,1.0,0.8,0.4728708045015879,0.9872585449014338,76.66666666666667,77.0,75.0,78.0
bin_onemax_009,onemax,bin,800,hard,TABU(tenure=7),TABU,3,3,1.0,0.8,0.4728708045015879,0.9872585449014338,77.33333333333333,77.0,76.0,79.0
bin_onemax_009,onemax,bin,800,hard,"UMDA(pop=100,elite=0.2)",UMDA,3,3,1.0,0.8,0.4728708045015879,0.9872585449014338,78.0,78.0,77.0,79.0
bin_onemax_009,onemax,bin,800,hard,"UMDA(pop=50,elite=0.2)",UMDA,3,3,1.0,0.8,0.4728708045015879,0.9872585449014338,79.33333333333333,79.0,79.0,80.0
bin_onemax_009,onemax,bin,800,med,"GA(pop=100,pc=0.9,pm=0.02)",GA,3,3,1.0,0.8,0.4728708045015879,0.9872585449014338,62.333333333333336,63.0,60.0,64.0
bin_onemax_009,onemax,bin,800,med,"GA(pop=50,pc=0.9,pm=0.02)",GA,3,3,1.0,0.8,0.4728708045015879,0.9872585449014338,68.33333333333333,68.0,67.0,70.0
bin_onemax_009,onemax,bin,800,med,"GA(pop=50,pc=0.9,pm=0.05)",GA,3,3,1.0,0.8,0.4728708045015879,0.9872585449014338,65.0,65.0,63.0,67.0
bin_onemax_009,onemax,bin,800,med,HC(flips=1),HC,3,3,1.0,0.8,0.4728708045015879,0.9872585449014338,80.0,80.0,80.0,80.0
bin_onemax_009,onemax,bin,800,med,HC(flips=2),HC,3,3,1.0,0.8,0.4728708045015879,0.9872585449014338,75.33333333333333,76.0,72.0,78.0
bin_onemax_009,onemax,bin,800,med,RS_BIN,RS_BIN,0,3,0.0,0.2,0.012741455098566192,0.527129195498412,53.666666666666664,54.0,53.0,54.0
bin_onemax_009,onemax,bin,800,med,"SA(T0=1.0,alpha=0.995,flips=1)",SA,3,3,1.0,0.8,0.4728708045015879,0.9872585449014338,80.0,80.0,80.0,80.0
bin_onemax_009,onemax,bin,800,med,"SA(T0=2.0,alpha=0.99,flips=1)",SA,3,3,1.0,0.8,0.4728708045015879,0.9872585449014338,80.0,80.0,80.0,80.0
bin_onemax_009,onemax,bin,800,med,"SA(T0=2.0,alpha=0.995,flips=2)",SA,3,3,1.0,0.8,0.4728708045015879,0.9872585449014338,76.33333333333333,75.0,75.0,79.0
bin_onemax_009,onemax,bin,800,med,TABU(tenure=12),TABU,3,3,1.0,0.8,0.4728708045015879,0.9872585449014338,75.0,74.0,74.0,77.0
bin_onemax_009,onemax,bin,800,med,TABU(tenure=7),TABU,3,3,1.0,0.8,0.4728708045015879,0.9872585449014338,77.66666666666667,77.0,77.0,79.0
bin_onemax_009,onemax,bin,800,med,"UMDA(pop=100,elite=0.2)",UMDA,3,3,1.0,0.8,0.4728708045015879,0.9872585449014338,78.0,78.0,77.0,79.0
bin_onemax_009,onemax,bin,800,med,"UMDA(pop=50,elite=0.2)",UMDA,3,3,1.0,0.8,0.4728708045015879,0.9872585449014338,79.66666666666667,80.0,79.0,80.0
cont_rastrigin_001,rastrigin,cont,300,easy,"DE(pop=20,F=0.8,CR=0.9)",DE,1,3,0.3333333333333333,0.4,0.09761146288641434,0.7513953742698181,-98.00362670342986,-104.2464905177201,-108.63405278926668,-81.1303368033028
cont_rastrigin_001,rastrigin,cont,300,easy,"DE(pop=40,F=0.8,CR=0.9)",DE,0,3,0.0,0.2,0.012741455098566192,0.527129195498412,-112.34014515407573,-110.04574261691383,-120.85032800165109,-106.12436484366225
cont_rastrigin_001,rastrigin,cont,300,easy,"ES_ML(mu=10,lam=40,sigma=0.3)",ES_ML,3,3,1.0,0.8,0.4728708045015879,0.9872585449014338,-32.68571975486187,-33.06369362019258,-47.28643545486503,-17.707030189528012
cont_rastrigin_001,rastrigin,cont,300,easy,"ES_ML(mu=20,lam=80,sigma=0.2)",ES_ML,3,3,1.0,0.8,0.4728708045015879,0.9872585449014338,-51.062172006563856,-45.70277091830396,-67.22657247056904,-40.25717263081856
cont_rastrigin_001,rastrigin,cont,300,easy,HC_CONT(sigma=0.2),HC_CONT,2,3,0.6666666666666666,0.6,0.2486046257301818,0.9023885371135856,-99.33851206385184,-94.90844761917256,-111.17120802030446,-91.93588055207844
cont_rastrigin_001,rastrigin,cont,300,easy,"PSO_RING(p=20,ring,w=0.72,c1=1.49,c2=1.49)",PSO_RING,2,3,0.6666666666666666,0.6,0.2486046257301818,0.9023885371135856,-63.24497744786826,-50.185907829399845,-102.971498733736,-36.57752578046895
cont_rastrigin_001,rastrigin,cont,300,easy,"PSO_RING(p=40,ring,w=0.72,c1=1.49,c2=1.49)",PSO_RING,2,3,0.6666666666666666,0.6,0.2486046257301818,0.9023885371135856,-95.75591779521744,-91.40462419462719,-107.18658411022463,-88.67654508080051
cont_rastrigin_001,rastrigin,cont,300,easy,"PSO_STD(p=20,w=0.72,c1=1.49,c2=1.49)",PSO_STD,3,3,1.0,0.8,0.4728708045015879,0.9872585449014338,-73.04293423045141,-83.7243184638994,-92.89581585833798,-42.50866836911687
cont_rastrigin_001,rastrigin,cont,300,easy,"PSO_STD(p=40,w=0.72,c1=1.49,c2=1.49)",PSO_STD,3,3,1.0,0.8,0.4728708045015879,0.9872585449014338,-70.41459812265332,-63.38844860688683,-94.85685329675671,-52.99849246431642
cont_rastrigin_001,rastrigin,cont,300,easy,RS_CONT,RS_CONT,1,3,0.3333333333333333,0.4,0.09761146288641434,0.7513953742698181,-100.68139319998022,-100.14450707850958,-108.12819661638117,-93.77147590504991
cont_rastrigin_001,rastrigin,cont,300,easy,"SA_CONT(sigma=0.3,T0=1.0,alpha=0.995)",SA_CONT,0,3,0.0,0.2,0.012741455098566192,0.527129195498412,-128.94066826773465,-124.70027886811766,-144.61600043575567,-117.50572549933065
cont_rastrigin_001,rastrigin,cont,300,hard,"DE(pop=20,F=0.8,CR=0.9)",DE,1,3,0.3333333333333333,0.4,0.09761146288641434,0.7513953742698181,-95.11929508380801,-92.06396735447586,-110.73291135201072,-82.56100654493744
cont_rastrigin_001,rastrigin,cont,300,hard,"DE(pop=40,F=0.8,CR=0.9)",DE,1,3,0.3333333333333333,0.4,0.09761146288641434,0.7513953742698181,-101.01365704318873,-105.61818304306311,-109.72964798311682,-87.69314010338626
cont_rastrigin_001,rastrigin,cont,300,hard,"ES_ML(mu=10,lam=40,sigma=0.3)",ES_ML,3,3,1.0,0.8,0.4728708045015879,0.9872585449014338,-47.35949887428481,-44.623279774653916,-55.67925906275338,-41.775957785447126
cont_rastrigin_001,rastrigin,cont,300,hard,"ES_ML(mu=20,lam=80,sigma=0.2)",ES_ML,3,3,1.0,0.8,0.4728708045015879,0.9872585449014338,-53.0170676843697,-54.80075870696872,-58.07594571852322,-46.174498627617155
cont_rastrigin_001,rastrigin,cont,300,hard,HC_CONT(sigma=0.2),HC_CONT,1,3,0.3333333333333333,0.4,0.09761146288641434,0.7513953742698181,-110.3854658394775,-111.12845952857515,-161.6248239894697,-58.40311400038772
cont_rastrigin_001,rastrigin,cont,300,hard,"PSO_RING(p=20,ring,w=0.72,c1=1.49,c2=1.49)",PSO_RING,3,3,1.0,0.8,0.4728708045015879,0.9872585449014338,-71.03148609346214,-74.14171924702305,-88.4768264513624,-50.47591258200093
cont_rastrigin_001,rastrigin,cont,300,hard,"PSO_RING(p=40,ring,w=0.72,c1=1.49,c2=1.49)",PSO_RING,1,3,0.3333333333333333,0.4,0.09761146288641434,0.7513953742698181,-93.85414955188462,-98.02440000525249,-101.16209287745396,-82.37595577294742
cont_rastrigin_001,rastrigin,cont,300,hard,"PSO_STD(p=20,w=0.72,c1=1.49,c2=1.49)",PSO_STD,2,3,0.6666666666666666,0.6,0.2486046257301818,0.9023885371135856,-72.27287113667172,-68.34928600708798,-99.42027044259241,-49.04905696033481
cont_rastrigin_001,rastrigin,cont,300,hard,"PSO_STD(p=40,w=0.72,c1=1.49,c2=1.49)",PSO_STD,2,3,0.6666666666666666,0.6,0.2486046257301818,0.9023885371135856,-86.85848085965854,-89.3948258369252,-90.64980875695954,-80.5308079850909
cont_rastrigin_001,rastrigin,cont,300,hard,RS_CONT,RS_CONT,2,3,0.6666666666666666,0.6,0.2486046257301818,0.9023885371135856,-84.20828566680406,-87.93927756924889,-92.80042266698933,-71.88515676417398
cont_rastrigin_001,rastrigin,cont,300,hard,"SA_CONT(sigma=0.3,T0=1.0,alpha=0.995)",SA_CONT,1,3,0.3333333333333333,0.4,0.09761146288641434,0.7513953742698181,-106.19600122923367,-116.9094899231151,-122.7959806161939,-78.882533148392
cont_rastrigin_001,rastrigin,cont,300,med,"DE(pop=20,F=0.8,CR=0.9)",DE,0,3,0.0,0.2,0.012741455098566192,0.527129195498412,-113.59272580084813,-116.16739821045584,-122.29756682659617,-102.31321236549238
cont_rastrigin_001,rastrigin,cont,300,med,"DE(pop=40,F=0.8,CR=0.9)",DE,2,3,0.6666666666666666,0.6,0.2486046257301818,0.9023885371135856,-91.79875461494346,-84.21113728620372,-110.16510369124109,-81.02002286738562
cont_rastrigin_001,rastrigin,cont,300,med,"ES_ML(mu=10,lam=40,sigma=0.3)",ES_ML,3,3,1.0,0.8,0.4728708045015879,0.9872585449014338,-54.31102494736948,-52.43072056602414,-67.55479240210586,-42.947561873978444
cont_rastrigin_001,rastrigin,cont,300,med,"ES_ML(mu=20,lam=80,sigma=0.2)",ES_ML,3,3,1.0,0.8,0.4728708045015879,0.9872585449014338,-52.12478536868093,-48.350348978252555,-60.231826059501415,-47.79218106828881
cont_rastrigin_001,rastrigin,cont,300,med,HC_CONT(sigma=0.2),HC_CONT,1,3,0.3333333333333333,0.4,0.09761146288641434,0.7513953742698181,-89.9071036211355,-100.33574619549688,-108.77680561760371,-60.60875905030593
cont_rastrigin_001,rastrigin,cont,300,med,"PSO_RING(p=20,ring,w=0.72,c1=1.49,c2=1.49)",PSO_RING,3,3,1.0,0.8,0.4728708045015879,0.9872585449014338,-78.31464253455948,-80.5439683548964,-81.33944803154196,-73.06051121724006
cont_rastrigin_001,rastrigin,cont,300,med,"PSO_RING(p=40,ring,w=0.72,c1=1.49,c2=1.49)",PSO_RING,1,3,0.3333333333333333,0.4,0.09761146288641434,0.7513953742698181,-89.29193272645868,-95.56362431930988,-98.69188441751464,-73.62028944255148
cont_rastrigin_001,rastrigin,cont,300,med,"PSO_STD(p=20,w=0.72,c1=1.49,c2=1.49)",PSO_STD,2,3,0.6666666666666666,0.6,0.2486046257301818,0.9023885371135856,-75.39495982162195,-78.8553591518258,-95.41872507614138,-51.910795236898686
cont_rastrigin_001,rastrigin,cont,300,med,"PSO_STD(p=40,w=0.72,c1=1.49,c2=1.49)",PSO_STD,3,3,1.0,0.8,0.4728708045015879,0.9872585449014338,-82.71166144732344,-80.83992111566252,-88.45907627675166,-78.83598694955613
cont_rastrigin_001,rastrigin,cont,300,med,RS_CONT,RS_CONT,2,3,0.6666666666666666,0.6,0.2486046257301818,0.9023885371135856,-92.83994759659913,-88.37026012232839,-103.82617882096108,-86.32340384650792
cont_rastrigin_001,rastrigin,cont,300,med,"SA_CONT(sigma=0.3,T0=1.0,alpha=0.995)",SA_CONT,2,3,0.6666666666666666,0.6,0.2486046257301818,0.9023885371135856,-98.19408107403508,-84.45196016684463,-136.5585436369284,-73.57173941833224
cont_rastrigin_001,rastrigin,cont,800,easy,"DE(pop=20,F=0.8,CR=0.9)",DE,3,3,1.0,0.8,0.4728708045015879,0.9872585449014338,-73.0839738985053,-81.32556580427145,-87.85923112089097,-50.067124770353495
cont_rastrigin_001,rastrigin,cont,800,easy,"DE(pop=40,F=0.8,CR=0.9)",DE,2,3,0.6666666666666666,0.6,0.2486046257301818,0.9023885371135856,-85.41773643604013,-89.52032981304171,-96.27253365649628,-70.46034583858238
cont_rastrigin_001,rastrigin,cont,800,easy,"ES_ML(mu=10,lam=40,sigma=0.3)",ES_ML,3,3,1.0,0.8,0.4728708045015879,0.9872585449014338,-39.00920834425548,-38.154999127141814,-42.09137069648675,-36.78125520913786
cont_rastrigin_001,rastrigin,cont,800,easy,"ES_ML(mu=20,lam=80,sigma=0.2)",ES_ML,3,3,1.0,0.8,0.4728708045015879,0.9872585449014338,-41.73207103259801,-43.16207885153253,-43.979998177378874,-38.05413606888262
cont_rastrigin_001,rastrigin,cont,800,easy,HC_CONT(sigma=0.2),HC_CONT,1,3,0.3333333333333333,0.4,0.09761146288641434,0.7513953742698181,-110.11427730635943,-110.72145263311968,-143.89011340093185,-75.73126588502674
cont_rastrigin_001,rastrigin,cont,800,easy,"PSO_RING(p=20,ring,w=0.72,c1=1.49,c2=1.49)",PSO_RING,3,3,1.0,0.8,0.4728708045015879,0.9872585449014338,-58.23476335534411,-57.12882765912534,-66.69675440749091,-50.87870799941606
cont_rastrigin_001,rastrigin,cont,800,easy,"PSO_RING(p=40,ring,w=0.72,c1=1.49,c2=1.49)",PSO_RING,3,3,1.0,0.8,0.4728708045015879,0.9872585449014338,-70.81281078912518,-70.65488357337804,-73.46657272512667,-68.31697606887082
cont_rastrigin_001,rastrigin,cont,800,easy,"PSO_STD(p=20,w=0.72,c1=1.49,c2=1.49)",PSO_STD,3,3,1.0,0.8,0.4728708045015879,0.9872585449014338,-36.297042084941374,-34.35535323238105,-47.15167183477874,-27.384101187664342
cont_rastrigin_001,rastrigin,cont,800,easy,"PSO_STD(p=40,w=0.72,c1=1.49,c2=1.49)",PSO_STD,3,3,1.0,0.8,0.4728708045015879,0.9872585449014338,-56.320599692992204,-61.37401337715028,-66.55161530998703,-41.03617039183931
cont_rastrigin_001,rastrigin,cont,800,easy,RS_CONT,RS_CONT,2,3,0.6666666666666666,0.6,0.2486046257301818,0.9023885371135856,-85.20526696243228,-83.6464180601283,-94.32154666897488,-77.64783615819367
cont_rastrigin_001,rastrigin,cont,800,easy,"SA_CONT(sigma=0.3,T0=1.0,alpha=0.995)",SA_CONT,1,3,0.3333333333333333,0.4,0.09761146288641434,0.7513953742698181,-101.53506947298244,-105.46855759382768,-117.56510735264249,-81.57154347247712
cont_rastrigin_001,rastrigin,cont,800,hard,"DE(pop=20,F=0.8,CR=0.9)",DE,3,3,1.0,0.8,0.4728708045015879,0.9872585449014338,-71.68686114471848,-74.41187876576608,-80.6665768739347,-59.982127794454655
cont_rastrigin_001,rastrigin,cont,800,hard,"DE(pop=40,F=0.8,CR=0.9)",DE,0,3,0.0,0.2,0.012741455098566192,0.527129195498412,-98.84860255972758,-100.24880820637091,-104.97799323928288,-91.31900623352897
cont_rastrigin_001,rastrigin,cont,800,hard,"ES_ML(mu=10,lam=40,sigma=0.3)",ES_ML,3,3,1.0,0.8,0.4728708045015879,0.9872585449014338,-39.1172411291594,-35.46760156895708,-49.12120858167231,-32.76291323684882
cont_rastrigin_001,rastrigin,cont,800,hard,"ES_ML(mu=20,lam=80,sigma=0.2)",ES_ML,3,3,1.0,0.8,0.4728708045015879,0.9872585449014338,-28.45147830753251,-29.127120989396815,-32.96456223503702,-23.262751698163697
cont_rastrigin_001,rastrigin,cont,800,hard,HC_CONT(sigma=0.2),HC_CONT,0,3,0.0,0.2,0.012741455098566192,0.527129195498412,-109.16218350692874,-107.95453658303232,-116.31950285068326,-103.21251108707064
cont_rastrigin_001,rastrigin,cont,800,hard,"PSO_RING(p=20,ring,w=0.72,c1=1.49,c2=1.49)",PSO_RING,3,3,1.0,0.8,0.4728708045015879,0.9872585449014338,-48.401985790627656,-52.24639742676543,-53.86449685269771,-39.095063092419835
cont_rastrigin_001,rastrigin,cont,800,hard,"PSO_RING(p=40,ring,w=0.72,c1=1.49,c2=1.49)",PSO_RING,3,3,1.0,0.8,0.4728708045015879,0.9872585449014338,-63.31522182889986,-60.91792109161986,-68.69807517991367,-60.32966921516605
cont_rastrigin_001,rastrigin,cont,800,hard,"PSO_STD(p=20,w=0.72,c1=1.49,c2=1.49)",PSO_STD,3,3,1.0,0.8,0.4728708045015879,0.9872585449014338,-49.92158599993681,-51.084695360891615,-53.04336193631879,-45.636700702600024
cont_rastrigin_001,rastrigin,cont,800,hard,"PSO_STD(p=40,w=0.72,c1=1.49,c2=1.49)",PSO_STD,3,3,1.0,0.8,0.4728708045015879,0.9872585449014338,-48.07271379628287,-50.818894018849086,-52.58406568569019,-40.81518168430933
cont_rastrigin_001,rastrigin,cont,800,hard,RS_CONT,RS_CONT,2,3,0.6666666666666666,0.6,0.2486046257301818,0.9023885371135856,-85.10183683751052,-80.49738183804355,-97.66000257116282,-77.14812610332518
cont_rastrigin_001,rastrigin,cont,800,hard,"SA_CONT(sigma=0.3,T0=1.0,alpha=0.995)",SA_CONT,0,3,0.0,0.2,0.012741455098566192,0.527129195498412,-100.82430956504068,-104.25005043403772,-108.71098098286147,-89.51189727822285
cont_rastrigin_001,rastrigin,cont,800,med,"DE(pop=20,F=0.8,CR=0.9)",DE,3,3,1.0,0.8,0.4728708045015879,0.9872585449014338,-67.82753643604445,-70.8377169264626,-70.9191198225994,-61.72577255907138
cont_rastrigin_001,rastrigin,cont,800,med,"DE(pop=40,F=0.8,CR=0.9)",DE,0,3,0.0,0.2,0.012741455098566192,0.527129195498412,-100.63297981389006,-98.2961891355273,-107.96773101860632,-95.63501928753657
cont_rastrigin_001,rastrigin,cont,800,med,"ES_ML(mu=10,lam=40,sigma=0.3)",ES_ML,3,3,1.0,0.8,0.4728708045015879,0.9872585449014338,-44.98973378870151,-42.53261359561636,-52.79689714421821,-39.639690626269974
cont_rastrigin_001,rastrigin,cont,800,med,"ES_ML(mu=20,lam=80,sigma=0.2)",ES_ML,3,3,1.0,0.8,0.4728708045015879,0.9872585449014338,-28.329740761049006,-29.454373473471577,-29.583431820195727,-25.95141698947971
cont_rastrigin_001,rastrigin,cont,800,med,HC_CONT(sigma=0.2),HC_CONT,2,3,0.6666666666666666,0.6,0.2486046257301818,0.9023885371135856,-92.35198239554127,-78.30288996023441,-139.31646023169674,-59.43659699469266
cont_rastrigin_001,rastrigin,cont,800,med,"PSO_RING(p=20,ring,w=0.72,c1=1.49,c2=1.49)",PSO_RING,3,3,1.0,0.8,0.4728708045015879,0.9872585449014338,-56.6911355333408,-59.100410337180236,-65.79987435670796,-45.173121906134185
cont_rastrigin_001,rastrigin,cont,800,med,"PSO_RING(p=40,ring,w=0.72,c1=1.49,c2=1.49)",PSO_RING,3,3,1.0,0.8,0.4728708045015879,0.9872585449014338,-55.9288485694608,-53.828361685443795,-60.16806624904009,-53.790117773898515
cont_rastrigin_001,rastrigin,cont,800,med,"PSO_STD(p=20,w=0.72,c1=1.49,c2=1.49)",PSO_STD,3,3,1.0,0.8,0.4728708045015879,0.9872585449014338,-41.190156672106376,-43.411423642419976,-54.79125706521674,-25.36778930868242
cont_rastrigin_001,rastrigin,cont,800,med,"PSO_STD(p=40,w=0.72,c1=1.49,c2=1.49)",PSO_STD,3,3,1.0,0.8,0.4728708045015879,0.9872585449014338,-54.941552710305075,-50.56967078534126,-76.12171544542929,-38.13327190014469
cont_rastrigin_001,rastrigin,cont,800,med,RS_CONT,RS_CONT,0,3,0.0,0.2,0.012741455098566192,0.527129195498412,-97.37176297509653,-96.58030721815176,-99.20555177322557,-96.32942993391225
cont_rastrigin_001,rastrigin,cont,800,med,"SA_CONT(sigma=0.3,T0=1.0,alpha=0.995)",SA_CONT,0,3,0.0,0.2,0.012741455098566192,0.527129195498412,-121.68855377076476,-133.38709159660868,-140.2871515095065,-91.3914182061791
cont_rastrigin_003,rastrigin,cont,300,easy,"DE(pop=20,F=0.8,CR=0.9)",DE,1,3,0.3333333333333333,0.4,0.09761146288641434,0.7513953742698181,-113.53692518202877,-110.5318581782136,-128.85624046033863,-101.22267690753405
cont_rastrigin_003,rastrigin,cont,300,easy,"DE(pop=40,F=0.8,CR=0.9)",DE,2,3,0.6666666666666666,0.6,0.2486046257301818,0.9023885371135856,-104.91645239898214,-99.26735701512908,-117.88752404417022,-97.59447613764712
cont_rastrigin_003,rastrigin,cont,300,easy,"ES_ML(mu=10,lam=40,sigma=0.3)",ES_ML,3,3,1.0,0.8,0.4728708045015879,0.9872585449014338,-50.00290619371592,-49.77754934371372,-59.440409744626606,-40.790759492807446
cont_rastrigin_003,rastrigin,cont,300,easy,"ES_ML(mu=20,lam=80,sigma=0.2)",ES_ML,3,3,1.0,0.8,0.4728708045015879,0.9872585449014338,-47.50448006283701,-44.67437405971393,-55.668879852544336,-42.170186276252764
cont_rastrigin_003,rastrigin,cont,300,easy,HC_CONT(sigma=0.2),HC_CONT,1,3,0.3333333333333333,0.4,0.09761146288641434,0.7513953742698181,-114.18268040355004,-127.80183978948298,-139.4855953267079,-75.26060609445926
cont_rastrigin_003,rastrigin,cont,300,easy,"PSO_RING(p=20,ring,w=0.72,c1=1.49,c2=1.49)",PSO_RING,3,3,1.0,0.8,0.4728708045015879,0.9872585449014338,-78.4935373550485,-74.91288925011897,-89.8123160067524,-70.75540680827413
cont_rastrigin_003,rastrigin,cont,300,easy,"PSO_RING(p=40,ring,w=0.72,c1=1.49,c2=1.49)",PSO_RING,3,3,1.0,0.8,0.4728708045015879,0.9872585449014338,-81.84538216514325,-85.69069329738355,-86.92190368782639,-72.92354951021981
cont_rastrigin_003,rastrigin,cont,300,easy,"PSO_STD(p=20,w=0.72,c1=1.49,c2=1.49)",PSO_STD,3,3,1.0,0.8,0.4728708045015879,0.9872585449014338,-73.20751895271086,-72.80123010542864,-79.34965806924205,-67.47166868346187
cont_rastrigin_003,rastrigin,cont,300,easy,"PSO_STD(p=40,w=0.72,c1=1.49,c2=1.49)",PSO_STD,3,3,1.0,0.8,0.4728708045015879,0.9872585449014338,-78.82094316299799,-78.03680408107459,-86.73173189417572,-71.69429351374365
cont_rastrigin_003,rastrigin,cont,300,easy,RS_CONT,RS_CONT,1,3,0.3333333333333333,0.4,0.09761146288641434,0.7513953742698181,-103.18035602603301,-102.31542207951885,-112.19605975662468,-95.02958624195553
cont_rastrigin_003,rastrigin,cont,300,easy,"SA_CONT(sigma=0.3,T0=1.0,alpha=0.995)",SA_CONT,2,3,0.6666666666666666,0.6,0.2486046257301818,0.9023885371135856,-93.97071551259917,-92.244992263874,-105.08532295918171,-84.5818313147418
cont_rastrigin_003,rastrigin,cont,300,hard,"DE(pop=20,F=0.8,CR=0.9)",DE,0,3,0.0,0.2,0.012741455098566192,0.527129195498412,-99.77783608134683,-96.60240682506273,-109.29793745949638,-93.43316395948139
cont_rastrigin_003,rastrigin,cont,300,hard,"DE(pop=40,F=0.8,CR=0.9)",DE,0,3,0.0,0.2,0.012741455098566192,0.527129195498412,-104.02754821166666,-104.39417447290393,-104.68658562495084,-103.0018845371452
cont_rastrigin_003,rastrigin,cont,300,hard,"ES_ML(mu=10,lam=40,sigma=0.3)",ES_ML,3,3,1.0,0.8,0.4728708045015879,0.9872585449014338,-48.60271951491189,-44.042051590552134,-62.04223518806069,-39.72387176612286
cont_rastrigin_003,rastrigin,cont,300,hard,"ES_ML(mu=20,lam=80,sigma=0.2)",ES_ML,3,3,1.0,0.8,0.4728708045015879,0.9872585449014338,-50.45667256119568,-49.84687230941561,-57.286549458457245,-44.23659591571419
cont_rastrigin_003,rastrigin,cont,300,hard,HC_CONT(sigma=0.2),HC_CONT,1,3,0.3333333333333333,0.4,0.09761146288641434,0.7513953742698181,-98.91802162830554,-102.297715576406,-111.116315328594,-83.3400339799166
cont_rastrigin_003,rastrigin,cont,300,hard,"PSO_RING(p=20,ring,w=0.72,c1=1.49,c2=1.49)",PSO_RING,3,3,1.0,0.8,0.4728708045015879,0.9872585449014338,-75.68759867085537,-78.61987023624442,-84.92117370509332,-63.52175207122831
cont_rastrigin_003,rastrigin,cont,300,hard,"PSO_RING(p=40,ring,w=0.72,c1=1.49,c2=1.49)",PSO_RING,2,3,0.6666666666666666,0.6,0.2486046257301818,0.9023885371135856,-85.45191971709001,-83.18024341405001,-93.98027367389312,-79.19524206332687
cont_rastrigin_003,rastrigin,cont,300,hard,"PSO_STD(p=20,w=0.72,c1=1.49,c2=1.49)",PSO_STD,3,3,1.0,0.8,0.4728708045015879,0.9872585449014338,-69.85110801436801,-70.44403359825557,-75.83498549720693,-63.274304947641525
cont_rastrigin_003,rastrigin,cont,300,hard,"PSO_STD(p=40,w=0.72,c1=1.49,c2=1.49)",PSO_STD,2,3,0.6666666666666666,0.6,0.2486046257301818,0.9023885371135856,-68.43738762879327,-54.45757255967288,-96.55703445911237,-54.297555867594575
cont_rastrigin_003,rastrigin,cont,300,hard,RS_CONT,RS_CONT,1,3,0.3333333333333333,0.4,0.09761146288641434,0.7513953742698181,-92.97651612027562,-95.14545168505377,-95.44691092258445,-88.33718575318863
cont_rastrigin_003,rastrigin,cont,300,hard,"SA_CONT(sigma=0.3,T0=1.0,alpha=0.995)",SA_CONT,0,3,0.0,0.2,0.012741455098566192,0.527129195498412,-117.24090723633354,-111.07668309631723,-142.0671445281844,-98.578894084499
cont_rastrigin_003,rastrigin,cont,300,med,"DE(pop=20,F=0.8,CR=0.9)",DE,0,3,0.0,0.2,0.012741455098566192,0.527129195498412,-105.28496244794162,-107.93174302544664,-109.33244237740546,-98.59070194097278
cont_rastrigin_003,rastrigin,cont,300,med,"DE(pop=40,F=0.8,CR=0.9)",DE,1,3,0.3333333333333333,0.4,0.09761146288641434,0.7513953742698181,-104.71479115777049,-101.89097250810849,-120.90039340096976,-91.35300756423324
cont_rastrigin_003,rastrigin,cont,300,med,"ES_ML(mu=10,lam=40,sigma=0.3)",ES_ML,3,3,1.0,0.8,0.4728708045015879,0.9872585449014338,-42.46209218095881,-43.966828161468015,-54.25778544810025,-29.161662933308165
cont_rastrigin_003,rastrigin,cont,300,med,"ES_ML(mu=20,lam=80,sigma=0.2)",ES_ML,3,3,1.0,0.8,0.4728708045015879,0.9872585449014338,-58.52844388686659,-61.842390877960156,-63.482463623869606,-50.26047715877001
cont_rastrigin_003,rastrigin,cont,300,med,HC_CONT(sigma=0.2),HC_CONT,2,3,0.6666666666666666,0.6,0.2486046257301818,0.9023885371135856,-84.90206408097278,-83.95639879351769,-100.32239773164088,-70.42739571775978
cont_rastrigin_003,rastrigin,cont,300,med,"PSO_RING(p=20,ring,w=0.72,c1=1.49,c2=1.49)",PSO_RING,3,3,1.0,0.8,0.4728708045015879,0.9872585449014338,-74.80259934161825,-72.7392637487435,-84.33222193881696,-67.33631233729427
cont_rastrigin_003,rastrigin,cont,300,med,"PSO_RING(p=40,ring,w=0.72,c1=1.49,c2=1.49)",PSO_RING,3,3,1.0,0.8,0.4728708045015879,0.9872585449014338,-83.82091733440585,-85.60869680795001,-86.27787346887438,-79.57618172639317
cont_rastrigin_003,rastrigin,cont,300,med,"PSO_STD(p=20,w=0.72,c1=1.49,c2=1.49)",PSO_STD,3,3,1.0,0.8,0.4728708045015879,0.9872585449014338,-73.190127650332,-74.65078564314202,-81.46747749262212,-63.45211981523187
cont_rastrigin_003,rastrigin,cont,300,med,"PSO_STD(p=40,w=0.72,c1=1.49,c2=1.49)",PSO_STD,3,3,1.0,0.8,0.4728708045015879,0.9872585449014338,-80.23628353924975,-80.36337125157345,-90.22676231368635,-70.11871705248946
cont_rastrigin_003,rastrigin,cont,300,med,RS_CONT,RS_CONT,2,3,0.6666666666666666,0.6,0.2486046257301818,0.9023885371135856,-89.61223004855744,-86.29378918813691,-98.55621075480444,-83.98669020273098
cont_rastrigin_003,rastrigin,cont,300,med,"SA_CONT(sigma=0.3,T0=1.0,alpha=0.995)",SA_CONT,0,3,0.0,0.2,0.012741455098566192,0.527129195498412,-142.0255487277833,-140.91981136912625,-154.2442575704501,-130.91257724377357
cont_rastrigin_003,rastrigin,cont,800,easy,"DE(pop=20,F=0.8,CR=0.9)",DE,2,3,0.6666666666666666,0.6,0.2486046257301818,0.9023885371135856,-77.70808450090068,-76.8712724831357,-97.16725972201641,-59.08572129754994
cont_rastrigin_003,rastrigin,cont,800,easy,"DE(pop=40,F=0.8,CR=0.9)",DE,1,3,0.3333333333333333,0.4,0.09761146288641434,0.7513953742698181,-86.59560434804187,-88.65070195643914,-93.71803495018872,-77.41807613749774
cont_rastrigin_003,rastrigin,cont,800,easy,"ES_ML(mu=10,lam=40,sigma=0.3)",ES_ML,3,3,1.0,0.8,0.4728708045015879,0.9872585449014338,-40.819060469535366,-43.46693085384004,-49.89161523263191,-29.098635322134157
cont_rastrigin_003,rastrigin,cont,800,easy,"ES_ML(mu=20,lam=80,sigma=0.2)",ES_ML,3,3,1.0,0.8,0.4728708045015879,0.9872585449014338,-37.289186150124486,-37.13856059584344,-40.20842493339466,-34.52057292113537
cont_rastrigin_003,rastrigin,cont,800,easy,HC_CONT(sigma=0.2),HC_CONT,2,3,0.6666666666666666,0.6,0.2486046257301818,0.9023885371135856,-78.85573676281739,-77.80007552470161,-99.37268769902512,-59.394447064725405
cont_rastrigin_003,rastrigin,cont,800,easy,"PSO_RING(p=20,ring,w=0.72,c1=1.49,c2=1.49)",PSO_RING,3,3,1.0,0.8,0.4728708045015879,0.9872585449014338,-60.38906188023639,-62.819317944276136,-83.04155044818303,-35.30631724825
cont_rastrigin_003,rastrigin,cont,800,easy,"PSO_RING(p=40,ring,w=0.72,c1=1.49,c2=1.49)",PSO_RING,3,3,1.0,0.8,0.4728708045015879,0.9872585449014338,-64.44907783106818,-64.52723573710722,-67.01859145388815,-61.80140630220918
cont_rastrigin_003,rastrigin,cont,800,easy,"PSO_STD(p=20,w=0.72,c1=1.49,c2=1.49)",PSO_STD,3,3,1.0,0.8,0.4728708045015879,0.9872585449014338,-48.01768484397757,-48.345266884029456,-54.30814232960566,-41.399645318297594
cont_rastrigin_003,rastrigin,cont,800,easy,"PSO_STD(p=40,w=0.72,c1=1.49,c2=1.49)",PSO_STD,3,3,1.0,0.8,0.4728708045015879,0.9872585449014338,-61.22442438679615,-61.26689140500309,-67.14228462529636,-55.264097130089006
cont_rastrigin_003,rastrigin,cont,800,easy,RS_CONT,RS_CONT,1,3,0.3333333333333333,0.4,0.09761146288641434,0.7513953742698181,-88.79805749566367,-92.78677618233671,-99.86548747443854,-73.74190883021579
cont_rastrigin_003,rastrigin,cont,800,easy,"SA_CONT(sigma=0.3,T0=1.0,alpha=0.995)",SA_CONT,1,3,0.3333333333333333,0.4,0.09761146288641434,0.7513953742698181,-99.5426640265249,-103.16294810405267,-123.79104655961333,-71.6739974159087
cont_rastrigin_003,rastrigin,cont,800,hard,"DE(pop=20,F=0.8,CR=0.9)",DE,3,3,1.0,0.8,0.4728708045015879,0.9872585449014338,-71.00028807103979,-71.681362075289,-73.37903488384279,-67.94046725398758
cont_rastrigin_003,rastrigin,cont,800,hard,"DE(pop=40,F=0.8,CR=0.9)",DE,0,3,0.0,0.2,0.012741455098566192,0.527129195498412,-87.9089757600445,-85.82268668736316,-94.1817343733359,-83.72250621943442
cont_rastrigin_003,rastrigin,cont,800,hard,"ES_ML(mu=10,lam=40,sigma=0.3)",ES_ML,3,3,1.0,0.8,0.4728708045015879,0.9872585449014338,-39.04925883638803,-37.8751816297108,-41.43041386303828,-37.842181016415005
cont_rastrigin_003,rastrigin,cont,800,hard,"ES_ML(mu=20,lam=80,sigma=0.2)",ES_ML,3,3,1.0,0.8,0.4728708045015879,0.9872585449014338,-33.637893696981756,-36.27654199860592,-40.52612133946212,-24.11101775287723
cont_rastrigin_003,rastrigin,cont,800,hard,HC_CONT(sigma=0.2),HC_CONT,1,3,0.3333333333333333,0.4,0.09761146288641434,0.7513953742698181,-85.27013853362014,-86.58566982750914,-114.02481891724767,-55.199926856103616
cont_rastrigin_003,rastrigin,cont,800,hard,"PSO_RING(p=20,ring,w=0.72,c1=1.49,c2=1.49)",PSO_RING,3,3,1.0,0.8,0.4728708045015879,0.9872585449014338,-52.24110014886677,-53.745056867061564,-56.89836835536247,-46.07987522417629
cont_rastrigin_003,rastrigin,cont,800,hard,"PSO_RING(p=40,ring,w=0.72,c1=1.49,c2=1.49)",PSO_RING,3,3,1.0,0.8,0.4728708045015879,0.9872585449014338,-72.54173445983021,-69.92961653849649,-82.06755899807757,-65.6280278429166
cont_rastrigin_003,rastrigin,cont,800,hard,"PSO_STD(p=20,w=0.72,c1=1.49,c2=1.49)",PSO_STD,3,3,1.0,0.8,0.4728708045015879,0.9872585449014338,-41.0700858636009,-43.58775799109059,-48.85089538280683,-30.77160421690529
cont_rastrigin_003,rastrigin,cont,800,hard,"PSO_STD(p=40,w=0.72,c1=1.49,c2=1.49)",PSO_STD,3,3,1.0,0.8,0.4728708045015879,0.9872585449014338,-53.54779679712422,-56.671753850099506,-57.91698473541848,-46.054651805854675
cont_rastrigin_003,rastrigin,cont,800,hard,RS_CONT,RS_CONT,1,3,0.3333333333333333,0.4,0.09761146288641434,0.7513953742698181,-81.58290809954065,-83.21738951767921,-83.29099495812017,-78.24033982282256
cont_rastrigin_003,rastrigin,cont,800,hard,"SA_CONT(sigma=0.3,T0=1.0,alpha=0.995)",SA_CONT,0,3,0.0,0.2,0.012741455098566192,0.527129195498412,-98.99752281180974,-94.6935271291052,-113.4544999083452,-88.84454139797883
cont_rastrigin_003,rastrigin,cont,800,med,"DE(pop=20,F=0.8,CR=0.9)",DE,3,3,1.0,0.8,0.4728708045015879,0.9872585449014338,-66.37490401524663,-67.03423123323398,-78.64558018301052,-53.44490062949538
cont_rastrigin_003,rastrigin,cont,800,med,"DE(pop=40,F=0.8,CR=0.9)",DE,2,3,0.6666666666666666,0.6,0.2486046257301818,0.9023885371135856,-81.35167885871121,-81.04248604190794,-90.68021110730629,-72.3323394269194
cont_rastrigin_003,rastrigin,cont,800,med,"ES_ML(mu=10,lam=40,sigma=0.3)",ES_ML,3,3,1.0,0.8,0.4728708045015879,0.9872585449014338,-38.459523244625125,-38.088148948208755,-45.345649633776965,-31.94477115188964
cont_rastrigin_003,rastrigin,cont,800,med,"ES_ML(mu=20,lam=80,sigma=0.2)",ES_ML,3,3,1.0,0.8,0.4728708045015879,0.9872585449014338,-32.77585687086346,-33.1896559397792,-36.02541903381862,-29.11249563899254
cont_rastrigin_003,rastrigin,cont,800,med,HC_CONT(sigma=0.2),HC_CONT,0,3,0.0,0.2,0.012741455098566192,0.527129195498412,-106.37195034501133,-110.67516118709952,-119.83177182788046,-88.608918020054
cont_rastrigin_003,rastrigin,cont,800,med,"PSO_RING(p=20,ring,w=0.72,c1=1.49,c2=1.49)",PSO_RING,3,3,1.0,0.8,0.4728708045015879,0.9872585449014338,-52.121816878741335,-47.8876188074807,-70.2786152424472,-38.19921658629612
cont_rastrigin_003,rastrigin,cont,800,med,"PSO_RING(p=40,ring,w=0.72,c1=1.49,c2=1.49)",PSO_RING,3,3,1.0,0.8,0.4728708045015879,0.9872585449014338,-58.840043748072794,-63.18607706441923,-63.192533348932656,-50.141520830866504
cont_rastrigin_003,rastrigin,cont,800,med,"PSO_STD(p=20,w=0.72,c1=1.49,c2=1.49)",PSO_STD,3,3,1.0,0.8,0.4728708045015879,0.9872585449014338,-32.37761944279135,-26.728785852707006,-49.189357312952644,-21.214715162714413
cont_rastrigin_003,rastrigin,cont,800,med,"PSO_STD(p=40,w=0.72,c1=1.49,c2=1.49)",PSO_STD,3,3,1.0,0.8,0.4728708045015879,0.9872585449014338,-66.93893716177122,-63.224423930701604,-77.1632097259488,-60.42917782866324
cont_rastrigin_003,rastrigin,cont,800,med,RS_CONT,RS_CONT,0,3,0.0,0.2,0.012741455098566192,0.527129195498412,-96.483190684717,-97.73311917582603,-100.76296904781336,-90.95348383051162
cont_rastrigin_003,rastrigin,cont,800,med,"SA_CONT(sigma=0.3,T0=1.0,alpha=0.995)",SA_CONT,3,3,1.0,0.8,0.4728708045015879,0.9872585449014338,-80.5341226165323,-82.90666776335419,-84.02999506560886,-74.66570502063385
cont_rastrigin_005,rastrigin,cont,300,easy,"DE(pop=20,F=0.8,CR=0.9)",DE,1,3,0.3333333333333333,0.4,0.09761146288641434,0.7513953742698181,-84.85803197224847,-101.86730942006861,-103.81275308926601,-48.89403340741079
cont_rastrigin_005,rastrigin,cont,300,easy,"DE(pop=40,F=0.8,CR=0.9)",DE,3,3,1.0,0.8,0.4728708045015879,0.9872585449014338,-100.092518259173,-100.33312404610612,-101.26566223899154,-98.67876849242137
cont_rastrigin_005,rastrigin,cont,300,easy,"ES_ML(mu=10,lam=40,sigma=0.3)",ES_ML,3,3,1.0,0.8,0.4728708045015879,0.9872585449014338,-45.37397738104581,-47.838070465104806,-48.68773258035601,-39.596129097676595
cont_rastrigin_005,rastrigin,cont,300,easy,"ES_ML(mu=20,lam=80,sigma=0.2)",ES_ML,3,3,1.0,0.8,0.4728708045015879,0.9872585449014338,-50.463682035318534,-52.175450770899566,-54.03862224815766,-45.176973086898386
cont_rastrigin_005,rastrigin,cont,300,easy,HC_CONT(sigma=0.2),HC_CONT,1,3,0.3333333333333333,0.4,0.09761146288641434,0.7513953742698181,-110.9710386827217,-110.75378027443647,-121.6851411025541,-100.47419467117449
cont_rastrigin_005,rastrigin,cont,300,easy,"PSO_RING(p=20,ring,w=0.72,c1=1.49,c2=1.49)",PSO_RING,3,3,1.0,0.8,0.4728708045015879,0.9872585449014338,-76.6298412517391,-88.26541761240645,-95.99472379998811,-45.629382342822744
cont_rastrigin_005,rastrigin,cont,300,easy,"PSO_RING(p=40,ring,w=0.72,c1=1.49,c2=1.49)",PSO_RING,2,3,0.6666666666666666,0.6,0.2486046257301818,0.9023885371135856,-86.66866807037623,-85.03496923205638,-102.19909675480949,-72.77193822426284
cont_rastrigin_005,rastrigin,cont,300,easy,"PSO_STD(p=20,w=0.72,c1=1.49,c2=1.49)",PSO_STD,3,3,1.0,0.8,0.4728708045015879,0.9872585449014338,-58.03071735322939,-55.32987231415417,-77.79407749207806,-40.96820225345595
cont_rastrigin_005,rastrigin,cont,300,easy,"PSO_STD(p=40,w=0.72,c1=1.49,c2=1.49)",PSO_STD,3,3,1.0,0.8,0.4728708045015879,0.9872585449014338,-84.40522383202271,-91.53326124426862,-92.30865942867382,-69.37375082312569
cont_rastrigin_005,rastrigin,cont,300,easy,RS_CONT,RS_CONT,2,3,0.6666666666666666,0.6,0.2486046257301818,0.9023885371135856,-93.21415827319142,-95.64704094297669,-111.87820619506101,-72.11722768153655
cont_rastrigin_005,rastrigin,cont,300,easy,"SA_CONT(sigma=0.3,T0=1.0,alpha=0.995)",SA_CONT,1,3,0.3333333333333333,0.4,0.09761146288641434,0.7513953742698181,-106.36148464806972,-112.11947746220503,-146.63410379286884,-60.33087268913529
cont_rastrigin_005,rastrigin,cont,300,hard,"DE(pop=20,F=0.8,CR=0.9)",DE,1,3,0.3333333333333333,0.4,0.09761146288641434,0.7513953742698181,-93.05949589815178,-94.08450142677896,-100.75011587413877,-84.34387039353761
cont_rastrigin_005,rastrigin,cont,300,hard,"DE(pop=40,F=0.8,CR=0.9)",DE,0,3,0.0,0.2,0.012741455098566192,0.527129195498412,-109.9435756615661,-113.98994048833532,-122.30006261032455,-93.54072388603844
cont_rastrigin_005,rastrigin,cont,300,hard,"ES_ML(mu=10,lam=40,sigma=0.3)",ES_ML,3,3,1.0,0.8,0.4728708045015879,0.9872585449014338,-59.53352385740185,-59.04545620384101,-71.2519786375675,-48.303136730797036
cont_rastrigin_005,rastrigin,cont,300,hard,"ES_ML(mu=20,lam=80,sigma=0.2)",ES_ML,3,3,1.0,0.8,0.4728708045015879,0.9872585449014338,-55.84624962204965,-54.599622206742474,-59.111042298481834,-53.82808436092464
cont_rastrigin_005,rastrigin,cont,300,hard,HC_CONT(sigma=0.2),HC_CONT,1,3,0.3333333333333333,0.4,0.09761146288641434,0.7513953742698181,-97.9618720795495,-107.14348706630169,-117.12018973203607,-69.62193944031071
cont_rastrigin_005,rastrigin,cont,300,hard,"PSO_RING(p=20,ring,w=0.72,c1=1.49,c2=1.49)",PSO_RING,3,3,1.0,0.8,0.4728708045015879,0.9872585449014338,-66.12676617944523,-63.24032381249635,-72.59579417578979,-62.54418055004952
cont_rastrigin_005,rastrigin,cont,300,hard,"PSO_RING(p=40,ring,w=0.72,c1=1.49,c2=1.49)",PSO_RING,3,3,1.0,0.8,0.4728708045015879,0.9872585449014338,-80.64034718467413,-89.20466042526893,-91.37712026231186,-61.339260866441606
cont_rastrigin_005,rastrigin,cont,300,hard,"PSO_STD(p=20,w=0.72,c1=1.49,c2=1.49)",PSO_STD,3,3,1.0,0.8,0.4728708045015879,0.9872585449014338,-73.97878899017122,-73.86131197345773,-81.03833995611461,-67.03671504094132
cont_rastrigin_005,rastrigin,cont,300,hard,"PSO_STD(p=40,w=0.72,c1=1.49,c2=1.49)",PSO_STD,3,3,1.0,0.8,0.4728708045015879,0.9872585449014338,-64.70859883839437,-63.41876190666041,-76.49036945792488,-54.21666515059779
cont_rastrigin_005,rastrigin,cont,300,hard,RS_CONT,RS_CONT,1,3,0.3333333333333333,0.4,0.09761146288641434,0.7513953742698181,-100.12039688880968,-104.12380999189661,-107.6857965148775,-88.5515841596549
cont_rastrigin_005,rastrigin,cont,300,hard,"SA_CONT(sigma=0.3,T0=1.0,alpha=0.995)",SA_CONT,1,3,0.3333333333333333,0.4,0.09761146288641434,0.7513953742698181,-107.54729395948141,-119.70257614109191,-131.66577186532706,-71.27353387202524
cont_rastrigin_005,rastrigin,cont,300,med,"DE(pop=20,F=0.8,CR=0.9)",DE,2,3,0.6666666666666666,0.6,0.2486046257301818,0.9023885371135856,-87.21175680982584,-84.17922945885591,-111.95274424269599,-65.50329672792566
cont_rastrigin_005,rastrigin,cont,300,med,"DE(pop=40,F=0.8,CR=0.9)",DE,0,3,0.0,0.2,0.012741455098566192,0.527129195498412,-111.27428269097508,-110.23181224858973,-116.83465633469389,-106.75637948964165
cont_rastrigin_005,rastrigin,cont,300,med,"ES_ML(mu=10,lam=40,sigma=0.3)",ES_ML,3,3,1.0,0.8,0.4728708045015879,0.9872585449014338,-51.03331974201135,-52.70729487306693,-55.57330630642404,-44.8193580465431
cont_rastrigin_005,rastrigin,cont,300,med,"ES_ML(mu=20,lam=80,sigma=0.2)",ES_ML,3,3,1.0,0.8,0.4728708045015879,0.9872585449014338,-51.89048357288082,-60.04419092852312,-61.339379263279056,-34.28788052684028
cont_rastrigin_005,rastrigin,cont,300,med,HC_CONT(sigma=0.2),HC_CONT,2,3,0.6666666666666666,0.6,0.2486046257301818,0.9023885371135856,-89.42015314820408,-83.31000484122328,-103.41666016184062,-81.53379444154834
cont_rastrigin_005,rastrigin,cont,300,med,"PSO_RING(p=20,ring,w=0.72,c1=1.49,c2=1.49)",PSO_RING,2,3,0.6666666666666666,0.6,0.2486046257301818,0.9023885371135856,-87.55776066675291,-87.33330309367275,-98.62477038711052,-76.71520851947545
cont_rastrigin_005,rastrigin,cont,300,med,"PSO_RING(p=40,ring,w=0.72,c1=1.49,c2=1.49)",PSO_RING,3,3,1.0,0.8,0.4728708045015879,0.9872585449014338,-68.89601799759424,-68.59543676983819,-73.27781153105462,-64.81480569188992
cont_rastrigin_005,rastrigin,cont,300,med,"PSO_STD(p=20,w=0.72,c1=1.49,c2=1.49)",PSO_STD,3,3,1.0,0.8,0.4728708045015879,0.9872585449014338,-81.10714038822839,-74.42287961660094,-94.76889825467569,-74.12964329340855
cont_rastrigin_005,rastrigin,cont,300,med,"PSO_STD(p=40,w=0.72,c1=1.49,c2=1.49)",PSO_STD,3,3,1.0,0.8,0.4728708045015879,0.9872585449014338,-77.8971206502352,-71.10306798918037,-95.38080707795686,-67.20748688356835
cont_rastrigin_005,rastrigin,cont,300,med,RS_CONT,RS_CONT,1,3,0.3333333333333333,0.4,0.09761146288641434,0.7513953742698181,-100.17659959294924,-98.32142371592641,-106.98033674438955,-95.22803831853179
cont_rastrigin_005,rastrigin,cont,300,med,"SA_CONT(sigma=0.3,T0=1.0,alpha=0.995)",SA_CONT,0,3,0.0,0.2,0.012741455098566192,0.527129195498412,-145.52043416999572,-146.05373151788345,-156.88136298298622,-133.62620800911753
cont_rastrigin_005,rastrigin,cont,800,easy,"DE(pop=20,F=0.8,CR=0.9)",DE,3,3,1.0,0.8,0.4728708045015879,0.9872585449014338,-73.70588000044727,-76.60940678694536,-82.02567735537127,-62.48255585902519
cont_rastrigin_005,rastrigin,cont,800,easy,"DE(pop=40,F=0.8,CR=0.9)",DE,2,3,0.6666666666666666,0.6,0.2486046257301818,0.9023885371135856,-81.41092636466752,-76.73249589372065,-96.97593316817088,-70.52435003211102
cont_rastrigin_005,rastrigin,cont,800,easy,"ES_ML(mu=10,lam=40,sigma=0.3)",ES_ML,3,3,1.0,0.8,0.4728708045015879,0.9872585449014338,-48.79640551917968,-47.80443859524936,-52.093329570934486,-46.491448391355206
cont_rastrigin_005,rastrigin,cont,800,easy,"ES_ML(mu=20,lam=80,sigma=0.2)",ES_ML,3,3,1.0,0.8,0.4728708045015879,0.9872585449014338,-31.79304690184942,-34.36567349462317,-34.68865356754081,-26.324813643384275
cont_rastrigin_005,rastrigin,cont,800,easy,HC_CONT(sigma=0.2),HC_CONT,2,3,0.6666666666666666,0.6,0.2486046257301818,0.9023885371135856,-89.48617463541473,-89.97033169973578,-107.87639290743786,-70.61179929907051
cont_rastrigin_005,rastrigin,cont,800,easy,"PSO_RING(p=20,ring,w=0.72,c1=1.49,c2=1.49)",PSO_RING,3,3,1.0,0.8,0.4728708045015879,0.9872585449014338,-45.51801584869551,-44.887573206046845,-58.33873152117466,-33.32774281886503
cont_rastrigin_005,rastrigin,cont,800,easy,"PSO_RING(p=40,ring,w=0.72,c1=1.49,c2=1.49)",PSO_RING,3,3,1.0,0.8,0.4728708045015879,0.9872585449014338,-66.0894705998719,-67.6567262508664,-75.99588087521099,-54.615804673538335
cont_rastrigin_005,rastrigin,cont,800,easy,"PSO_STD(p=20,w=0.72,c1=1.49,c2=1.49)",PSO_STD,3,3,1.0,0.8,0.4728708045015879,0.9872585449014338,-45.15697692390669,-42.84480370518821,-64.86689970864502,-27.759227357886857
cont_rastrigin_005,rastrigin,cont,800,easy,"PSO_STD(p=40,w=0.72,c1=1.49,c2=1.49)",PSO_STD,3,3,1.0,0.8,0.4728708045015879,0.9872585449014338,-46.771512318279264,-50.941198654587545,-53.51723296930816,-35.856105330942086
cont_rastrigin_005,rastrigin,cont,800,easy,RS_CONT,RS_CONT,0,3,0.0,0.2,0.012741455098566192,0.527129195498412,-93.94000687195593,-90.78470704192655,-100.68896197653451,-90.34635159740674
cont_rastrigin_005,rastrigin,cont,800,easy,"SA_CONT(sigma=0.3,T0=1.0,alpha=0.995)",SA_CONT,1,3,0.3333333333333333,0.4,0.09761146288641434,0.7513953742698181,-93.44362972986119,-94.043149503964,-112.37500796364081,-73.91273172197877
cont_rastrigin_005,rastrigin,cont,800,hard,"DE(pop=20,F=0.8,CR=0.9)",DE,2,3,0.6666666666666666,0.6,0.2486046257301818,0.9023885371135856,-81.6926256270986,-83.58847782190728,-96.91211237677524,-64.57728668261328
cont_rastrigin_005,rastrigin,cont,800,hard,"DE(pop=40,F=0.8,CR=0.9)",DE,0,3,0.0,0.2,0.012741455098566192,0.527129195498412,-96.31165886187485,-92.9338436450607,-103.83112524756417,-92.17000769299968
cont_rastrigin_005,rastrigin,cont,800,hard,"ES_ML(mu=10,lam=40,sigma=0.3)",ES_ML,3,3,1.0,0.8,0.4728708045015879,0.9872585449014338,-44.93302303212266,-44.944878947333024,-46.15267118512155,-43.7015189639134
cont_rastrigin_005,rastrigin,cont,800,hard,"ES_ML(mu=20,lam=80,sigma=0.2)",ES_ML,3,3,1.0,0.8,0.4728708045015879,0.9872585449014338,-23.325107973650088,-21.83516506972738,-28.008414711414844,-20.131744139808035
cont_rastrigin_005,rastrigin,cont,800,hard,HC_CONT(sigma=0.2),HC_CONT,0,3,0.0,0.2,0.012741455098566192,0.527129195498412,-104.46365780443652,-103.77838937680639,-121.34625565997662,-88.26632837652654
cont_rastrigin_005,rastrigin,cont,800,hard,"PSO_RING(p=20,ring,w=0.72,c1=1.49,c2=1.49)",PSO_RING,3,3,1.0,0.8,0.4728708045015879,0.9872585449014338,-54.49333444350926,-56.76942422921655,-63.61750117537553,-43.0930779259357
cont_rastrigin_005,rastrigin,cont,800,hard,"PSO_RING(p=40,ring,w=0.72,c1=1.49,c2=1.49)",PSO_RING,3,3,1.0,0.8,0.4728708045015879,0.9872585449014338,-71.97247482748402,-72.3474800783635,-72.59353021828801,-70.97641418580058
cont_rastrigin_005,rastrigin,cont,800,hard,"PSO_STD(p=20,w=0.72,c1=1.49,c2=1.49)",PSO_STD,3,3,1.0,0.8,0.4728708045015879,0.9872585449014338,-36.247474184247345,-33.608103348782265,-44.60611001865458,-30.528209185305172
cont_rastrigin_005,rastrigin,cont,800,hard,"PSO_STD(p=40,w=0.72,c1=1.49,c2=1.49)",PSO_STD,3,3,1.0,0.8,0.4728708045015879,0.9872585449014338,-49.92735976763779,-59.63856527622881,-61.38572331844995,-28.75779070823461
cont_rastrigin_005,rastrigin,cont,800,hard,RS_CONT,RS_CONT,2,3,0.6666666666666666,0.6,0.2486046257301818,0.9023885371135856,-79.99953724381218,-71.62663335229917,-99.40738311279222,-68.96459526634516
cont_rastrigin_005,rastrigin,cont,800,hard,"SA_CONT(sigma=0.3,T0=1.0,alpha=0.995)",SA_CONT,0,3,0.0,0.2,0.012741455098566192,0.527129195498412,-124.71760178549432,-106.70182613644307,-162.34503918239778,-105.10594003764213
cont_rastrigin_005,rastrigin,cont,800,med,"DE(pop=20,F=0.8,CR=0.9)",DE,2,3,0.6666666666666666,0.6,0.2486046257301818,0.9023885371135856,-79.12654196550108,-82.51998798633909,-93.99501049726793,-60.86462741289619
cont_rastrigin_005,rastrigin,cont,800,med,"DE(pop=40,F=0.8,CR=0.9)",DE,1,3,0.3333333333333333,0.4,0.09761146288641434,0.7513953742698181,-83.5111250611301,-87.96678999383035,-94.64814380119705,-67.91844138836294
cont_rastrigin_005,rastrigin,cont,800,med,"ES_ML(mu=10,lam=40,sigma=0.3)",ES_ML,3,3,1.0,0.8,0.4728708045015879,0.9872585449014338,-41.12410673758408,-44.15257037572307,-47.5266979631417,-31.69305187388747
cont_rastrigin_005,rastrigin,cont,800,med,"ES_ML(mu=20,lam=80,sigma=0.2)",ES_ML,3,3,1.0,0.8,0.4728708045015879,0.9872585449014338,-33.50880211320689,-33.259035704518666,-34.646591230698476,-32.620779404403535
cont_rastrigin_005,rastrigin,cont,800,med,HC_CONT(sigma=0.2),HC_CONT,0,3,0.0,0.2,0.012741455098566192,0.527129195498412,-117.82088886956028,-119.0370684877557,-131.25134884480508,-103.17424927612005
cont_rastrigin_005,rastrigin,cont,800,med,"PSO_RING(p=20,ring,w=0.72,c1=1.49,c2=1.49)",PSO_RING,3,3,1.0,0.8,0.4728708045015879,0.9872585449014338,-54.26962463278443,-55.23681990034816,-61.27358959747079,-46.29846440053433
cont_rastrigin_005,rastrigin,cont,800,med,"PSO_RING(p=40,ring,w=0.72,c1=1.49,c2=1.49)",PSO_RING,3,3,1.0,0.8,0.4728708045015879,0.9872585449014338,-57.17715345054872,-51.167204575729585,-72.869493245122,-47.49476253079456
cont_rastrigin_005,rastrigin,cont,800,med,"PSO_STD(p=20,w=0.72,c1=1.49,c2=1.49)",PSO_STD,3,3,1.0,0.8,0.4728708045015879,0.9872585449014338,-53.013187157655956,-54.20745572438079,-61.550044262816336,-43.28206148577074
cont_rastrigin_005,rastrigin,cont,800,med,"PSO_STD(p=40,w=0.72,c1=1.49,c2=1.49)",PSO_STD,3,3,1.0,0.8,0.4728708045015879,0.9872585449014338,-60.037487805840506,-60.73445177159503,-67.15363452371938,-52.224377122207116
cont_rastrigin_005,rastrigin,cont,800,med,RS_CONT,RS_CONT,0,3,0.0,0.2,0.012741455098566192,0.527129195498412,-98.33764519813421,-97.22693023463405,-102.4859485024731,-95.3000568572955
cont_rastrigin_005,rastrigin,cont,800,med,"SA_CONT(sigma=0.3,T0=1.0,alpha=0.995)",SA_CONT,1,3,0.3333333333333333,0.4,0.09761146288641434,0.7513953742698181,-114.03469824959019,-122.65703430769769,-137.06786031437107,-82.37920012670182
cont_rastrigin_007,rastrigin,cont,300,easy,"DE(pop=20,F=0.8,CR=0.9)",DE,3,3,1.0,0.8,0.4728708045015879,0.9872585449014338,-78.4528193076237,-76.92160937203322,-91.27022267211413,-67.16662587872375
cont_rastrigin_007,rastrigin,cont,300,easy,"DE(pop=40,F=0.8,CR=0.9)",DE,1,3,0.3333333333333333,0.4,0.09761146288641434,0.7513953742698181,-102.45921286769378,-100.78711140841718,-112.50104975425944,-94.08947744040468
cont_rastrigin_007,rastrigin,cont,300,easy,"ES_ML(mu=10,lam=40,sigma=0.3)",ES_ML,3,3,1.0,0.8,0.4728708045015879,0.9872585449014338,-45.98317124728977,-47.52642270763353,-60.641716566846654,-29.781374467389128
cont_rastrigin_007,rastrigin,cont,300,easy,"ES_ML(mu=20,lam=80,sigma=0.2)",ES_ML,3,3,1.0,0.8,0.4728708045015879,0.9872585449014338,-46.72861122073572,-46.935980734711734,-60.25267972141847,-32.997173206076965
cont_rastrigin_007,rastrigin,cont,300,easy,HC_CONT(sigma=0.2),HC_CONT,0,3,0.0,0.2,0.012741455098566192,0.527129195498412,-111.2989203235532,-102.0249543154484,-130.38920893453394,-101.48259772067729
cont_rastrigin_007,rastrigin,cont,300,easy,"PSO_RING(p=20,ring,w=0.72,c1=1.49,c2=1.49)",PSO_RING,2,3,0.6666666666666666,0.6,0.2486046257301818,0.9023885371135856,-86.10894755065738,-83.17149318865233,-100.75653791546938,-74.39881154785039
cont_rastrigin_007,rastrigin,cont,300,easy,"PSO_RING(p=40,ring,w=0.72,c1=1.49,c2=1.49)",PSO_RING,2,3,0.6666666666666666,0.6,0.2486046257301818,0.9023885371135856,-84.84716990138719,-93.40941839183498,-100.52184254435572,-60.61024876797088
cont_rastrigin_007,rastrigin,cont,300,easy,"PSO_STD(p=20,w=0.72,c1=1.49,c2=1.49)",PSO_STD,3,3,1.0,0.8,0.4728708045015879,0.9872585449014338,-64.47609006576592,-66.27641908372073,-74.56284633520143,-52.58900477837562
cont_rastrigin_007,rastrigin,cont,300,easy,"PSO_STD(p=40,w=0.72,c1=1.49,c2=1.49)",PSO_STD,3,3,1.0,0.8,0.4728708045015879,0.9872585449014338,-75.53076030087965,-76.50177777893964,-82.60458168408987,-67.48592143960946
cont_rastrigin_007,rastrigin,cont,300,easy,RS_CONT,RS_CONT,1,3,0.3333333333333333,0.4,0.09761146288641434,0.7513953742698181,-96.41037492889946,-99.29433855742934,-100.77789927043736,-89.15888695883167
cont_rastrigin_007,rastrigin,cont,300,easy,"SA_CONT(sigma=0.3,T0=1.0,alpha=0.995)",SA_CONT,0,3,0.0,0.2,0.012741455098566192,0.527129195498412,-136.0193201656457,-128.36201772130016,-158.97435491155122,-120.72158786408573
cont_rastrigin_007,rastrigin,cont,300,hard,"DE(pop=20,F=0.8,CR=0.9)",DE,2,3,0.6666666666666666,0.6,0.2486046257301818,0.9023885371135856,-85.34429912957943,-79.54948200424727,-99.91381606439386,-76.56959932009714
cont_rastrigin_007,rastrigin,cont,300,hard,"DE(pop=40,F=0.8,CR=0.9)",DE,0,3,0.0,0.2,0.012741455098566192,0.527129195498412,-115.36774133509512,-114.71448711245415,-124.03831108548462,-107.35042580734658
cont_rastrigin_007,rastrigin,cont,300,hard,"ES_ML(mu=10,lam=40,sigma=0.3)",ES_ML,3,3,1.0,0.8,0.4728708045015879,0.9872585449014338,-50.37198967534855,-50.093244079995074,-52.27049453072793,-48.75223041532264
cont_rastrigin_007,rastrigin,cont,300,hard,"ES_ML(mu=20,lam=80,sigma=0.2)",ES_ML,3,3,1.0,0.8,0.4728708045015879,0.9872585449014338,-58.72532258496573,-62.46592054439894,-67.45777095201422,-46.25227625848404
cont_rastrigin_007,rastrigin,cont,300,hard,HC_CONT(sigma=0.2),HC_CONT,1,3,0.3333333333333333,0.4,0.09761146288641434,0.7513953742698181,-102.24413539517985,-89.60253241176514,-146.49923024726468,-70.63064352650976
cont_rastrigin_007,rastrigin,cont,300,hard,"PSO_RING(p=20,ring,w=0.72,c1=1.49,c2=1.49)",PSO_RING,3,3,1.0,0.8,0.4728708045015879,0.9872585449014338,-71.76439880529038,-74.30794702332445,-86.1030394449385,-54.882209947608196
cont_rastrigin_007,rastrigin,cont,300,hard,"PSO_RING(p=40,ring,w=0.72,c1=1.49,c2=1.49)",PSO_RING,3,3,1.0,0.8,0.4728708045015879,0.9872585449014338,-77.48833226534884,-77.49221550875582,-79.69783529749708,-75.27494598979362
cont_rastrigin_007,rastrigin,cont,300,hard,"PSO_STD(p=20,w=0.72,c1=1.49,c2=1.49)",PSO_STD,3,3,1.0,0.8,0.4728708045015879,0.9872585449014338,-61.26862467465284,-60.56276689366424,-68.12110687535167,-55.122000254942606
cont_rastrigin_007,rastrigin,cont,300,hard,"PSO_STD(p=40,w=0.72,c1=1.49,c2=1.49)",PSO_STD,3,3,1.0,0.8,0.4728708045015879,0.9872585449014338,-68.48759739794097,-64.38485302516172,-81.48633611364667,-59.59160305501451
cont_rastrigin_007,rastrigin,cont,300,hard,RS_CONT,RS_CONT,1,3,0.3333333333333333,0.4,0.09761146288641434,0.7513953742698181,-98.12014763417943,-96.76789084560266,-114.90105930350722,-82.69149275342839
cont_rastrigin_007,rastrigin,cont,300,hard,"SA_CONT(sigma=0.3,T0=1.0,alpha=0.995)",SA_CONT,0,3,0.0,0.2,0.012741455098566192,0.527129195498412,-130.94211471823596,-120.33516375669646,-156.0579726330305,-116.43320776498086
cont_rastrigin_007,rastrigin,cont,300,med,"DE(pop=20,F=0.8,CR=0.9)",DE,0,3,0.0,0.2,0.012741455098566192,0.527129195498412,-97.49999122698755,-95.76019114825276,-102.42496717644707,-94.31481535626281
cont_rastrigin_007,rastrigin,cont,300,med,"DE(pop=40,F=0.8,CR=0.9)",DE,0,3,0.0,0.2,0.012741455098566192,0.527129195498412,-114.72294544177436,-117.54686721769795,-123.04157768562884,-103.58039142199628
cont_rastrigin_007,rastrigin,cont,300,med,"ES_ML(mu=10,lam=40,sigma=0.3)",ES_ML,3,3,1.0,0.8,0.4728708045015879,0.9872585449014338,-57.111408775222515,-55.63142692338417,-62.36622917114555,-53.33657023113784
cont_rastrigin_007,rastrigin,cont,300,med,"ES_ML(mu=20,lam=80,sigma=0.2)",ES_ML,3,3,1.0,0.8,0.4728708045015879,0.9872585449014338,-52.71550565719175,-59.63999646355978,-60.18804385040825,-38.31847665760721
cont_rastrigin_007,rastrigin,cont,300,med,HC_CONT(sigma=0.2),HC_CONT,1,3,0.3333333333333333,0.4,0.09761146288641434,0.7513953742698181,-101.53179021179558,-98.68391306627225,-117.41607989162985,-88.49537767748468
cont_rastrigin_007,rastrigin,cont,300,med,"PSO_RING(p=20,ring,w=0.72,c1=1.49,c2=1.49)",PSO_RING,3,3,1.0,0.8,0.4728708045015879,0.9872585449014338,-65.78531045420543,-66.607695893254,-66.83528743851942,-63.91294803084288
cont_rastrigin_007,rastrigin,cont,300,med,"PSO_RING(p=40,ring,w=0.72,c1=1.49,c2=1.49)",PSO_RING,1,3,0.3333333333333333,0.4,0.09761146288641434,0.7513953742698181,-89.38494580714526,-95.03682615501997,-95.70220205787777,-77.41580920853806
cont_rastrigin_007,rastrigin,cont,300,med,"PSO_STD(p=20,w=0.72,c1=1.49,c2=1.49)",PSO_STD,3,3,1.0,0.8,0.4728708045015879,0.9872585449014338,-67.4788672544856,-65.80809323307562,-85.24122043653978,-51.38728809384141
cont_rastrigin_007,rastrigin,cont,300,med,"PSO_STD(p=40,w=0.72,c1=1.49,c2=1.49)",PSO_STD,3,3,1.0,0.8,0.4728708045015879,0.9872585449014338,-77.99853184364537,-83.31757189644057,-88.01829998026817,-62.65972365422736
cont_rastrigin_007,rastrigin,cont,300,med,RS_CONT,RS_CONT,0,3,0.0,0.2,0.012741455098566192,0.527129195498412,-93.63221128768511,-91.61369975384183,-99.04527168566509,-90.23766242354844
cont_rastrigin_007,rastrigin,cont,300,med,"SA_CONT(sigma=0.3,T0=1.0,alpha=0.995)",SA_CONT,0,3,0.0,0.2,0.012741455098566192,0.527129195498412,-121.24498842273407,-114.93574218153931,-144.5741291970593,-104.2250938896036
cont_rastrigin_007,rastrigin,cont,800,easy,"DE(pop=20,F=0.8,CR=0.9)",DE,3,3,1.0,0.8,0.4728708045015879,0.9872585449014338,-74.74220555688945,-71.18640371614423,-84.5750478901131,-68.46516506441101
cont_rastrigin_007,rastrigin,cont,800,easy,"DE(pop=40,F=0.8,CR=0.9)",DE,1,3,0.3333333333333333,0.4,0.09761146288641434,0.7513953742698181,-89.92393231663097,-89.81051554893375,-95.27238162344567,-84.6888997775135
cont_rastrigin_007,rastrigin,cont,800,easy,"ES_ML(mu=10,lam=40,sigma=0.3)",ES_ML,3,3,1.0,0.8,0.4728708045015879,0.9872585449014338,-33.720868499994474,-34.22316126872667,-38.691170923246574,-28.248273308010184
cont_rastrigin_007,rastrigin,cont,800,easy,"ES_ML(mu=20,lam=80,sigma=0.2)",ES_ML,3,3,1.0,0.8,0.4728708045015879,0.9872585449014338,-28.01561170775336,-29.038407829911264,-35.593590084095325,-19.41483720925349
cont_rastrigin_007,rastrigin,cont,800,easy,HC_CONT(sigma=0.2),HC_CONT,1,3,0.3333333333333333,0.4,0.09761146288641434,0.7513953742698181,-91.76775186326377,-102.7527326377304,-115.98576976350449,-56.56475318855643
cont_rastrigin_007,rastrigin,cont,800,easy,"PSO_RING(p=20,ring,w=0.72,c1=1.49,c2=1.49)",PSO_RING,3,3,1.0,0.8,0.4728708045015879,0.9872585449014338,-60.359110218935065,-60.14271476724583,-68.16826898216114,-52.76634690739823
cont_rastrigin_007,rastrigin,cont,800,easy,"PSO_RING(p=40,ring,w=0.72,c1=1.49,c2=1.49)",PSO_RING,3,3,1.0,0.8,0.4728708045015879,0.9872585449014338,-68.16911653297589,-62.798755525666415,-79.37909258539895,-62.329501487862295
cont_rastrigin_007,rastrigin,cont,800,easy,"PSO_STD(p=20,w=0.72,c1=1.49,c2=1.49)",PSO_STD,3,3,1.0,0.8,0.4728708045015879,0.9872585449014338,-46.833921633343984,-42.37513728638618,-55.755343061102835,-42.37128455254294
cont_rastrigin_007,rastrigin,cont,800,easy,"PSO_STD(p=40,w=0.72,c1=1.49,c2=1.49)",PSO_STD,3,3,1.0,0.8,0.4728708045015879,0.9872585449014338,-46.129856992460816,-45.7219828418376,-48.64310419339426,-44.02448394215058
cont_rastrigin_007,rastrigin,cont,800,easy,RS_CONT,RS_CONT,2,3,0.6666666666666666,0.6,0.2486046257301818,0.9023885371135856,-82.8162870889549,-85.89253308423976,-94.45798153825045,-68.09834664437449
cont_rastrigin_007,rastrigin,cont,800,easy,"SA_CONT(sigma=0.3,T0=1.0,alpha=0.995)",SA_CONT,0,3,0.0,0.2,0.012741455098566192,0.527129195498412,-98.0848616539147,-97.3856206044936,-107.86457608761802,-89.00438826963249
cont_rastrigin_007,rastrigin,cont,800,hard,"DE(pop=20,F=0.8,CR=0.9)",DE,0,3,0.0,0.2,0.012741455098566192,0.527129195498412,-82.03578982507624,-75.29222889195725,-96.84053491927315,-73.97460566399832
cont_rastrigin_007,rastrigin,cont,800,hard,"DE(pop=40,F=0.8,CR=0.9)",DE,0,3,0.0,0.2,0.012741455098566192,0.527129195498412,-82.66485286334778,-85.62251347839099,-89.1273183604034,-73.24472675124895
cont_rastrigin_007,rastrigin,cont,800,hard,"ES_ML(mu=10,lam=40,sigma=0.3)",ES_ML,3,3,1.0,0.8,0.4728708045015879,0.9872585449014338,-40.368981732577346,-40.227142142249825,-41.63192440435391,-39.2478786511283
cont_rastrigin_007,rastrigin,cont,800,hard,"ES_ML(mu=20,lam=80,sigma=0.2)",ES_ML,3,3,1.0,0.8,0.4728708045015879,0.9872585449014338,-32.84740780884757,-34.55610907942879,-37.535043327505825,-26.451071019608094
cont_rastrigin_007,rastrigin,cont,800,hard,HC_CONT(sigma=0.2),HC_CONT,0,3,0.0,0.2,0.012741455098566192,0.527129195498412,-111.415812618818,-114.8485997026519,-118.44182182543457,-100.95701632836753
cont_rastrigin_007,rastrigin,cont,800,hard,"PSO_RING(p=20,ring,w=0.72,c1=1.49,c2=1.49)",PSO_RING,3,3,1.0,0.8,0.4728708045015879,0.9872585449014338,-50.87604338964428,-55.548310941358864,-60.06378835705751,-37.01603087051648
cont_rastrigin_007,rastrigin,cont,800,hard,"PSO_RING(p=40,ring,w=0.72,c1=1.49,c2=1.49)",PSO_RING,3,3,1.0,0.8,0.4728708045015879,0.9872585449014338,-60.22648044622206,-57.60163451127333,-68.82000263549344,-54.25780419189942
cont_rastrigin_007,rastrigin,cont,800,hard,"PSO_STD(p=20,w=0.72,c1=1.49,c2=1.49)",PSO_STD,3,3,1.0,0.8,0.4728708045015879,0.9872585449014338,-33.68445006111538,-30.97612275726044,-49.558625510733975,-20.51860191535171
cont_rastrigin_007,rastrigin,cont,800,hard,"PSO_STD(p=40,w=0.72,c1=1.49,c2=1.49)",PSO_STD,3,3,1.0,0.8,0.4728708045015879,0.9872585449014338,-65.27458675114902,-64.24583055825113,-67.81782988354341,-63.760099811652495
cont_rastrigin_007,rastrigin,cont,800,hard,RS_CONT,RS_CONT,0,3,0.0,0.2,0.012741455098566192,0.527129195498412,-89.2251318932311,-91.33742338388818,-98.69236837683239,-77.64560391897272
cont_rastrigin_007,rastrigin,cont,800,hard,"SA_CONT(sigma=0.3,T0=1.0,alpha=0.995)",SA_CONT,0,3,0.0,0.2,0.012741455098566192,0.527129195498412,-100.25463012735635,-89.12082196249993,-126.16125760786248,-85.48181081170665
cont_rastrigin_007,rastrigin,cont,800,med,"DE(pop=20,F=0.8,CR=0.9)",DE,2,3,0.6666666666666666,0.6,0.2486046257301818,0.9023885371135856,-81.56576210160193,-75.80150893187715,-93.51052365397965,-75.385253718949
cont_rastrigin_007,rastrigin,cont,800,med,"DE(pop=40,F=0.8,CR=0.9)",DE,0,3,0.0,0.2,0.012741455098566192,0.527129195498412,-91.8684250979523,-92.77294605983306,-101.36987217940934,-81.4624570546145
cont_rastrigin_007,rastrigin,cont,800,med,"ES_ML(mu=10,lam=40,sigma=0.3)",ES_ML,3,3,1.0,0.8,0.4728708045015879,0.9872585449014338,-36.95615612654578,-39.65523263013691,-42.556198378117216,-28.65703737138321
cont_rastrigin_007,rastrigin,cont,800,med,"ES_ML(mu=20,lam=80,sigma=0.2)",ES_ML,3,3,1.0,0.8,0.4728708045015879,0.9872585449014338,-35.449455784509425,-33.01416924426751,-41.233181959366235,-32.101016149894534
cont_rastrigin_007,rastrigin,cont,800,med,HC_CONT(sigma=0.2),HC_CONT,1,3,0.3333333333333333,0.4,0.09761146288641434,0.7513953742698181,-99.02047274317793,-106.73596319179997,-112.74164357132828,-77.58381146640555
cont_rastrigin_007,rastrigin,cont,800,med,"PSO_RING(p=20,ring,w=0.72,c1=1.49,c2=1.49)",PSO_RING,3,3,1.0,0.8,0.4728708045015879,0.9872585449014338,-48.90042065592843,-47.80537384032604,-51.09147978676495,-47.80440834069431
cont_rastrigin_007,rastrigin,cont,800,med,"PSO_RING(p=40,ring,w=0.72,c1=1.49,c2=1.49)",PSO_RING,3,3,1.0,0.8,0.4728708045015879,0.9872585449014338,-68.64494650607413,-66.86613006320175,-77.1404232703045,-61.928286184716164
cont_rastrigin_007,rastrigin,cont,800,med,"PSO_STD(p=20,w=0.72,c1=1.49,c2=1.49)",PSO_STD,3,3,1.0,0.8,0.4728708045015879,0.9872585449014338,-54.3099912704599,-62.47619202526328,-63.239107050121625,-37.214674735994805
cont_rastrigin_007,rastrigin,cont,800,med,"PSO_STD(p=40,w=0.72,c1=1.49,c2=1.49)",PSO_STD,3,3,1.0,0.8,0.4728708045015879,0.9872585449014338,-51.65065961198926,-47.09739011679081,-61.74277728440157,-46.11181143477541
cont_rastrigin_007,rastrigin,cont,800,med,RS_CONT,RS_CONT,0,3,0.0,0.2,0.012741455098566192,0.527129195498412,-87.29628373121392,-86.1576356894511,-94.90140079023553,-80.82981471395514
cont_rastrigin_007,rastrigin,cont,800,med,"SA_CONT(sigma=0.3,T0=1.0,alpha=0.995)",SA_CONT,0,3,0.0,0.2,0.012741455098566192,0.527129195498412,-103.84203032397193,-103.56497741450966,-126.32919006960229,-81.6319234878038
cont_rastrigin_009,rastrigin,cont,300,easy,"DE(pop=20,F=0.8,CR=0.9)",DE,2,3,0.6666666666666666,0.6,0.2486046257301818,0.9023885371135856,-90.50464558000272,-91.53151169652139,-102.4138217863693,-77.56860325711749
cont_rastrigin_009,rastrigin,cont,300,easy,"DE(pop=40,F=0.8,CR=0.9)",DE,0,3,0.0,0.2,0.012741455098566192,0.527129195498412,-108.4747114759644,-104.56469823185773,-116.32033416218317,-104.53910203385227
cont_rastrigin_009,rastrigin,cont,300,easy,"ES_ML(mu=10,lam=40,sigma=0.3)",ES_ML,3,3,1.0,0.8,0.4728708045015879,0.9872585449014338,-44.31693722625213,-47.95860964458595,-51.8385771531576,-33.153624881012846
cont_rastrigin_009,rastrigin,cont,300,easy,"ES_ML(mu=20,lam=80,sigma=0.2)",ES_ML,3,3,1.0,0.8,0.4728708045015879,0.9872585449014338,-48.01522646877987,-44.474329806490644,-57.3289034527023,-42.242446147146666
cont_rastrigin_009,rastrigin,cont,300,easy,HC_CONT(sigma=0.2),HC_CONT,1,3,0.3333333333333333,0.4,0.09761146288641434,0.7513953742698181,-94.53261519115988,-100.79479174989032,-104.86600829690128,-77.93704552668804
cont_rastrigin_009,rastrigin,cont,300,easy,"PSO_RING(p=20,ring,w=0.72,c1=1.49,c2=1.49)",PSO_RING,3,3,1.0,0.8,0.4728708045015879,0.9872585449014338,-72.88024901465302,-72.50221887058814,-85.18273996961271,-60.95578820375821
cont_rastrigin_009,rastrigin,cont,300,easy,"PSO_RING(p=40,ring,w=0.72,c1=1.49,c2=1.49)",PSO_RING,2,3,0.6666666666666666,0.6,0.2486046257301818,0.9023885371135856,-91.04700732559415,-88.55954878277323,-106.44707804264074,-78.13439515136845
cont_rastrigin_009,rastrigin,cont,300,easy,"PSO_STD(p=20,w=0.72,c1=1.49,c2=1.49)",PSO_STD,3,3,1.0,0.8,0.4728708045015879,0.9872585449014338,-70.205403141377,-75.57423034076996,-76.24064190503753,-58.801337178323514
cont_rastrigin_009,rastrigin,cont,300,easy,"PSO_STD(p=40,w=0.72,c1=1.49,c2=1.49)",PSO_STD,3,3,1.0,0.8,0.4728708045015879,0.9872585449014338,-71.82455268735218,-74.41952391382611,-77.56643300344301,-63.4877011447874
cont_rastrigin_009,rastrigin,cont,300,easy,RS_CONT,RS_CONT,0,3,0.0,0.2,0.012741455098566192,0.527129195498412,-106.18121337748005,-105.85697965862425,-109.8612889726503,-102.82537150116559
cont_rastrigin_009,rastrigin,cont,300,easy,"SA_CONT(sigma=0.3,T0=1.0,alpha=0.995)",SA_CONT,0,3,0.0,0.2,0.012741455098566192,0.527129195498412,-126.4573490230445,-124.8668449976932,-137.28791079798583,-117.21729127345444
cont_rastrigin_009,rastrigin,cont,300,hard,"DE(pop=20,F=0.8,CR=0.9)",DE,0,3,0.0,0.2,0.012741455098566192,0.527129195498412,-109.70383511732756,-108.1459758032412,-115.26158860193074,-105.70394094681072
cont_rastrigin_009,rastrigin,cont,300,hard,"DE(pop=40,F=0.8,CR=0.9)",DE,0,3,0.0,0.2,0.012741455098566192,0.527129195498412,-107.69245317182221,-108.48838034062314,-115.38708871766006,-99.20189045718342
cont_rastrigin_009,rastrigin,cont,300,hard,"ES_ML(mu=10,lam=40,sigma=0.3)",ES_ML,3,3,1.0,0.8,0.4728708045015879,0.9872585449014338,-50.91875725437772,-50.88951181518595,-52.55092420464375,-49.31583574330347
cont_rastrigin_009,rastrigin,cont,300,hard,"ES_ML(mu=20,lam=80,sigma=0.2)",ES_ML,3,3,1.0,0.8,0.4728708045015879,0.9872585449014338,-50.957928112046915,-51.17074804128862,-52.753234041166564,-48.94980225368557
cont_rastrigin_009,rastrigin,cont,300,hard,HC_CONT(sigma=0.2),HC_CONT,0,3,0.0,0.2,0.012741455098566192,0.527129195498412,-115.77073416955234,-109.96145259240217,-141.88767358334826,-95.46307633290662
cont_rastrigin_009,rastrigin,cont,300,hard,"PSO_RING(p=20,ring,w=0.72,c1=1.49,c2=1.49)",PSO_RING,3,3,1.0,0.8,0.4728708045015879,0.9872585449014338,-73.8249852243725,-73.15658707241667,-86.219874560212,-62.098494040488795
cont_rastrigin_009,rastrigin,cont,300,hard,"PSO_RING(p=40,ring,w=0.72,c1=1.49,c2=1.49)",PSO_RING,2,3,0.6666666666666666,0.6,0.2486046257301818,0.9023885371135856,-84.87234576705093,-84.35366959252673,-89.63839795520497,-80.6249697534211
cont_rastrigin_009,rastrigin,cont,300,hard,"PSO_STD(p=20,w=0.72,c1=1.49,c2=1.49)",PSO_STD,3,3,1.0,0.8,0.4728708045015879,0.9872585449014338,-68.13502833562679,-72.0666276164523,-74.32118656109189,-58.017270829336155
cont_rastrigin_009,rastrigin,cont,300,hard,"PSO_STD(p=40,w=0.72,c1=1.49,c2=1.49)",PSO_STD,3,3,1.0,0.8,0.4728708045015879,0.9872585449014338,-67.0676052868087,-65.66596079575409,-71.83520690801828,-63.701648156653704
cont_rastrigin_009,rastrigin,cont,300,hard,RS_CONT,RS_CONT,0,3,0.0,0.2,0.012741455098566192,0.527129195498412,-93.42929774900773,-94.04883628308534,-96.10243690362401,-90.13662006031383
cont_rastrigin_009,rastrigin,cont,300,hard,"SA_CONT(sigma=0.3,T0=1.0,alpha=0.995)",SA_CONT,0,3,0.0,0.2,0.012741455098566192,0.527129195498412,-120.19861862230374,-132.7105552097194,-136.6988988443802,-91.18640181281162
cont_rastrigin_009,rastrigin,cont,300,med,"DE(pop=20,F=0.8,CR=0.9)",DE,2,3,0.6666666666666666,0.6,0.2486046257301818,0.9023885371135856,-88.16041598787233,-83.19209349650505,-101.03407631549436,-80.25507815161758
cont_rastrigin_009,rastrigin,cont,300,med,"DE(pop=40,F=0.8,CR=0.9)",DE,1,3,0.3333333333333333,0.4,0.09761146288641434,0.7513953742698181,-94.86506700600812,-93.10843541983165,-108.33661420604726,-83.15015139214546
cont_rastrigin_009,rastrigin,cont,300,med,"ES_ML(mu=10,lam=40,sigma=0.3)",ES_ML,3,3,1.0,0.8,0.4728708045015879,0.9872585449014338,-49.9010727663754,-47.449704162214864,-62.723643798157546,-39.52987033875378
cont_rastrigin_009,rastrigin,cont,300,med,"ES_ML(mu=20,lam=80,sigma=0.2)",ES_ML,3,3,1.0,0.8,0.4728708045015879,0.9872585449014338,-44.64058788810281,-40.31614739972572,-55.55288034605478,-38.05273591852792
cont_rastrigin_009,rastrigin,cont,300,med,HC_CONT(sigma=0.2),HC_CONT,0,3,0.0,0.2,0.012741455098566192,0.527129195498412,-126.66329627769504,-126.71599067765523,-130.76473390605577,-122.5091642493741
cont_rastrigin_009,rastrigin,cont,300,med,"PSO_RING(p=20,ring,w=0.72,c1=1.49,c2=1.49)",PSO_RING,3,3,1.0,0.8,0.4728708045015879,0.9872585449014338,-75.42296813896438,-76.20017387706824,-77.9514654554419,-72.11726508438298
cont_rastrigin_009,rastrigin,cont,300,med,"PSO_RING(p=40,ring,w=0.72,c1=1.49,c2=1.49)",PSO_RING,3,3,1.0,0.8,0.4728708045015879,0.9872585449014338,-80.26028535376244,-79.53056888692059,-82.84448372365385,-78.40580345071288
cont_rastrigin_009,rastrigin,cont,300,med,"PSO_STD(p=20,w=0.72,c1=1.49,c2=1.49)",PSO_STD,3,3,1.0,0.8,0.4728708045015879,0.9872585449014338,-73.96274859288663,-76.98158352866636,-84.27047332467961,-60.63618892531392
cont_rastrigin_009,rastrigin,cont,300,med,"PSO_STD(p=40,w=0.72,c1=1.49,c2=1.49)",PSO_STD,2,3,0.6666666666666666,0.6,0.2486046257301818,0.9023885371135856,-83.1500833134515,-83.27030409690637,-93.13920949740783,-73.0407363460403
cont_rastrigin_009,rastrigin,cont,300,med,RS_CONT,RS_CONT,1,3,0.3333333333333333,0.4,0.09761146288641434,0.7513953742698181,-96.29269697635873,-92.99223305256504,-105.70155110131168,-90.18430677519945
cont_rastrigin_009,rastrigin,cont,300,med,"SA_CONT(sigma=0.3,T0=1.0,alpha=0.995)",SA_CONT,0,3,0.0,0.2,0.012741455098566192,0.527129195498412,-121.88774597049672,-135.28216628571369,-135.93018435299655,-94.45088727277995
cont_rastrigin_009,rastrigin,cont,800,easy,"DE(pop=20,F=0.8,CR=0.9)",DE,2,3,0.6666666666666666,0.6,0.2486046257301818,0.9023885371135856,-83.45495815497634,-83.04160003574157,-91.22503359175882,-76.09824083742862
cont_rastrigin_009,rastrigin,cont,800,easy,"DE(pop=40,F=0.8,CR=0.9)",DE,3,3,1.0,0.8,0.4728708045015879,0.9872585449014338,-83.46917662228559,-83.77242797040725,-84.4487832584655,-82.18631863798399
cont_rastrigin_009,rastrigin,cont,800,easy,"ES_ML(mu=10,lam=40,sigma=0.3)",ES_ML,3,3,1.0,0.8,0.4728708045015879,0.9872585449014338,-34.93466561690966,-33.607728552347695,-45.15010176923414,-26.046166529147143
cont_rastrigin_009,rastrigin,cont,800,easy,"ES_ML(mu=20,lam=80,sigma=0.2)",ES_ML,3,3,1.0,0.8,0.4728708045015879,0.9872585449014338,-31.571370393703702,-32.77242251748784,-34.29138777684513,-27.65030088677814
cont_rastrigin_009,rastrigin,cont,800,easy,HC_CONT(sigma=0.2),HC_CONT,0,3,0.0,0.2,0.012741455098566192,0.527129195498412,-120.9128812411778,-123.97079450902976,-129.98840885824333,-108.77944035626034
cont_rastrigin_009,rastrigin,cont,800,easy,"PSO_RING(p=20,ring,w=0.72,c1=1.49,c2=1.49)",PSO_RING,3,3,1.0,0.8,0.4728708045015879,0.9872585449014338,-45.7805670081542,-39.48952587729059,-64.75520091761594,-33.09697422955607
cont_rastrigin_009,rastrigin,cont,800,easy,"PSO_RING(p=40,ring,w=0.72,c1=1.49,c2=1.49)",PSO_RING,3,3,1.0,0.8,0.4728708045015879,0.9872585449014338,-64.86553253761885,-60.94590600893862,-72.91843822710356,-60.732253376814384
cont_rastrigin_009,rastrigin,cont,800,easy,"PSO_STD(p=20,w=0.72,c1=1.49,c2=1.49)",PSO_STD,3,3,1.0,0.8,0.4728708045015879,0.9872585449014338,-45.38629159662091,-45.438720605220034,-53.11761568141819,-37.602538503224494
cont_rastrigin_009,rastrigin,cont,800,easy,"PSO_STD(p=40,w=0.72,c1=1.49,c2=1.49)",PSO_STD,3,3,1.0,0.8,0.4728708045015879,0.9872585449014338,-50.22098751900657,-46.042189321573744,-60.84079875582937,-43.7799744796166
cont_rastrigin_009,rastrigin,cont,800,easy,RS_CONT,RS_CONT,1,3,0.3333333333333333,0.4,0.09761146288641434,0.7513953742698181,-82.3104528907413,-91.37052202521616,-93.44670045000122,-62.11413619700654
cont_rastrigin_009,rastrigin,cont,800,easy,"SA_CONT(sigma=0.3,T0=1.0,alpha=0.995)",SA_CONT,0,3,0.0,0.2,0.012741455098566192,0.527129195498412,-116.2364045743384,-116.96073739440035,-119.58087101978636,-112.1676053088285
cont_rastrigin_009,rastrigin,cont,800,hard,"DE(pop=20,F=0.8,CR=0.9)",DE,2,3,0.6666666666666666,0.6,0.2486046257301818,0.9023885371135856,-73.09510824718798,-70.38362677768603,-78.83913663508645,-70.06256132879145
cont_rastrigin_009,rastrigin,cont,800,hard,"DE(pop=40,F=0.8,CR=0.9)",DE,0,3,0.0,0.2,0.012741455098566192,0.527129195498412,-91.03125656900046,-90.3439470862252,-94.45879175728824,-88.29103086348795
cont_rastrigin_009,rastrigin,cont,800,hard,"ES_ML(mu=10,lam=40,sigma=0.3)",ES_ML,3,3,1.0,0.8,0.4728708045015879,0.9872585449014338,-40.92955171493096,-40.98144060060021,-45.75257019608843,-36.054644348104226
cont_rastrigin_009,rastrigin,cont,800,hard,"ES_ML(mu=20,lam=80,sigma=0.2)",ES_ML,3,3,1.0,0.8,0.4728708045015879,0.9872585449014338,-33.61309216666205,-27.927935047030786,-45.47515222467928,-27.436189228276078
cont_rastrigin_009,rastrigin,cont,800,hard,HC_CONT(sigma=0.2),HC_CONT,1,3,0.3333333333333333,0.4,0.09761146288641434,0.7513953742698181,-106.3771618483766,-111.25417921456396,-140.98845396316938,-66.88885236739645
cont_rastrigin_009,rastrigin,cont,800,hard,"PSO_RING(p=20,ring,w=0.72,c1=1.49,c2=1.49)",PSO_RING,3,3,1.0,0.8,0.4728708045015879,0.9872585449014338,-54.019223742940135,-54.23673199915975,-56.21720031080473,-51.603738918855925
cont_rastrigin_009,rastrigin,cont,800,hard,"PSO_RING(p=40,ring,w=0.72,c1=1.49,c2=1.49)",PSO_RING,3,3,1.0,0.8,0.4728708045015879,0.9872585449014338,-64.04931023382332,-65.24458175133566,-66.52417063423,-60.3791783159043
cont_rastrigin_009,rastrigin,cont,800,hard,"PSO_STD(p=20,w=0.72,c1=1.49,c2=1.49)",PSO_STD,3,3,1.0,0.8,0.4728708045015879,0.9872585449014338,-44.31730372528909,-40.75441632695231,-58.55188450831448,-33.645610340600456
cont_rastrigin_009,rastrigin,cont,800,hard,"PSO_STD(p=40,w=0.72,c1=1.49,c2=1.49)",PSO_STD,3,3,1.0,0.8,0.4728708045015879,0.9872585449014338,-52.8871048725692,-56.754341270892866,-63.90363937498331,-38.00333397183143
cont_rastrigin_009,rastrigin,cont,800,hard,RS_CONT,RS_CONT,0,3,0.0,0.2,0.012741455098566192,0.527129195498412,-90.2153949684166,-85.57970351852305,-105.43977273866402,-79.62670864806277
cont_rastrigin_009,rastrigin,cont,800,hard,"SA_CONT(sigma=0.3,T0=1.0,alpha=0.995)",SA_CONT,1,3,0.3333333333333333,0.4,0.09761146288641434,0.7513953742698181,-83.77830293151186,-80.36000336536279,-110.13445443715533,-60.84045099201748
cont_rastrigin_009,rastrigin,cont,800,med,"DE(pop=20,F=0.8,CR=0.9)",DE,1,3,0.3333333333333333,0.4,0.09761146288641434,0.7513953742698181,-75.81017408877113,-85.09948624013128,-85.11150721232292,-57.219528813859185
cont_rastrigin_009,rastrigin,cont,800,med,"DE(pop=40,F=0.8,CR=0.9)",DE,1,3,0.3333333333333333,0.4,0.09761146288641434,0.7513953742698181,-92.60169662253236,-94.61634995388751,-100.42801067877376,-82.76072923493581
cont_rastrigin_009,rastrigin,cont,800,med,"ES_ML(mu=10,lam=40,sigma=0.3)",ES_ML,3,3,1.0,0.8,0.4728708045015879,0.9872585449014338,-42.84494387290144,-49.557282404851115,-51.243745127950845,-27.733804085902364
cont_rastrigin_009,rastrigin,cont,800,med,"ES_ML(mu=20,lam=80,sigma=0.2)",ES_ML,3,3,1.0,0.8,0.4728708045015879,0.9872585449014338,-30.413774669771374,-33.35677157042116,-37.19488040249933,-20.68967203639363
cont_rastrigin_009,rastrigin,cont,800,med,HC_CONT(sigma=0.2),HC_CONT,2,3,0.6666666666666666,0.6,0.2486046257301818,0.9023885371135856,-96.87835317956747,-83.59172997709112,-158.35674506986038,-48.68658449175091
cont_rastrigin_009,rastrigin,cont,800,med,"PSO_RING(p=20,ring,w=0.72,c1=1.49,c2=1.49)",PSO_RING,3,3,1.0,0.8,0.4728708045015879,0.9872585449014338,-54.3811536737878,-62.408697454887196,-62.93512441075238,-37.79963915572382
cont_rastrigin_009,rastrigin,cont,800,med,"PSO_RING(p=40,ring,w=0.72,c1=1.49,c2=1.49)",PSO_RING,3,3,1.0,0.8,0.4728708045015879,0.9872585449014338,-67.14469711785819,-61.71766738975489,-83.46995938404619,-56.24646457977348
cont_rastrigin_009,rastrigin,cont,800,med,"PSO_STD(p=20,w=0.72,c1=1.49,c2=1.49)",PSO_STD,3,3,1.0,0.8,0.4728708045015879,0.9872585449014338,-38.32354116360822,-35.89293960460955,-52.4589779281946,-26.6187059580205
cont_rastrigin_009,rastrigin,cont,800,med,"PSO_STD(p=40,w=0.72,c1=1.49,c2=1.49)",PSO_STD,3,3,1.0,0.8,0.4728708045015879,0.9872585449014338,-65.06970299336952,-61.80350484029241,-75.47719406583013,-57.92841007398603
cont_rastrigin_009,rastrigin,cont,800,med,RS_CONT,RS_CONT,3,3,1.0,0.8,0.4728708045015879,0.9872585449014338,-76.70286889957123,-76.53328510909526,-78.38912955939651,-75.18619203022192
cont_rastrigin_009,rastrigin,cont,800,med,"SA_CONT(sigma=0.3,T0=1.0,alpha=0.995)",SA_CONT,1,3,0.3333333333333333,0.4,0.09761146288641434,0.7513953742698181,-98.33993168989961,-90.1520583647899,-141.0648420019732,-63.80289470293573
cont_rastrigin_011,rastrigin,cont,300,easy,"DE(pop=20,F=0.8,CR=0.9)",DE,3,3,1.0,0.8,0.4728708045015879,0.9872585449014338,-84.23229373747184,-82.56666757666372,-92.42864000453093,-77.70157363122084
cont_rastrigin_011,rastrigin,cont,300,easy,"DE(pop=40,F=0.8,CR=0.9)",DE,2,3,0.6666666666666666,0.6,0.2486046257301818,0.9023885371135856,-100.67611540341214,-99.32011215839594,-111.41403233375149,-91.29420171808897
cont_rastrigin_011,rastrigin,cont,300,easy,"ES_ML(mu=10,lam=40,sigma=0.3)",ES_ML,3,3,1.0,0.8,0.4728708045015879,0.9872585449014338,-49.978817485169735,-49.456832911395146,-55.454560005868316,-45.02505953824574
cont_rastrigin_011,rastrigin,cont,300,easy,"ES_ML(mu=20,lam=80,sigma=0.2)",ES_ML,3,3,1.0,0.8,0.4728708045015879,0.9872585449014338,-48.674461578749806,-50.651810849601105,-57.00162225446844,-38.36995163217989
cont_rastrigin_011,rastrigin,cont,300,easy,HC_CONT(sigma=0.2),HC_CONT,2,3,0.6666666666666666,0.6,0.2486046257301818,0.9023885371135856,-102.64032019396825,-99.51837285763399,-125.94181266727233,-82.46077505699844
cont_rastrigin_011,rastrigin,cont,300,easy,"PSO_RING(p=20,ring,w=0.72,c1=1.49,c2=1.49)",PSO_RING,3,3,1.0,0.8,0.4728708045015879,0.9872585449014338,-87.24215646890923,-89.92696835515187,-93.64903756702,-78.15046348455581
cont_rastrigin_011,rastrigin,cont,300,easy,"PSO_RING(p=40,ring,w=0.72,c1=1.49,c2=1.49)",PSO_RING,3,3,1.0,0.8,0.4728708045015879,0.9872585449014338,-85.90034307378623,-84.30554724275261,-89.91922060968231,-83.47626136892377
cont_rastrigin_011,rastrigin,cont,300,easy,"PSO_STD(p=20,w=0.72,c1=1.49,c2=1.49)",PSO_STD,3,3,1.0,0.8,0.4728708045015879,0.9872585449014338,-59.49792683631237,-56.64966362487243,-68.67053344267728,-53.17358344138741
cont_rastrigin_011,rastrigin,cont,300,easy,"PSO_STD(p=40,w=0.72,c1=1.49,c2=1.49)",PSO_STD,3,3,1.0,0.8,0.4728708045015879,0.9872585449014338,-71.76121128075916,-70.68182720819338,-83.26435336296265,-61.33745327112142
cont_rastrigin_011,rastrigin,cont,300,easy,RS_CONT,RS_CONT,1,3,0.3333333333333333,0.4,0.09761146288641434,0.7513953742698181,-103.11102241365886,-104.07649650677125,-109.80878213741016,-95.44778859679514
cont_rastrigin_011,rastrigin,cont,300,easy,"SA_CONT(sigma=0.3,T0=1.0,alpha=0.995)",SA_CONT,1,3,0.3333333333333333,0.4,0.09761146288641434,0.7513953742698181,-101.86120737408335,-108.3947756291169,-108.41056520304225,-88.7782812900909
cont_rastrigin_011,rastrigin,cont,300,hard,"DE(pop=20,F=0.8,CR=0.9)",DE,1,3,0.3333333333333333,0.4,0.09761146288641434,0.7513953742698181,-79.84699914585357,-84.07607485583897,-88.60423770883385,-66.8606848728879
cont_rastrigin_011,rastrigin,cont,300,hard,"DE(pop=40,F=0.8,CR=0.9)",DE,0,3,0.0,0.2,0.012741455098566192,0.527129195498412,-104.25352683077828,-105.41143445653353,-106.49054324204752,-100.85860279375376
cont_rastrigin_011,rastrigin,cont,300,hard,"ES_ML(mu=10,lam=40,sigma=0.3)",ES_ML,3,3,1.0,0.8,0.4728708045015879,0.9872585449014338,-47.60898391215608,-50.73264491507486,-54.68334086261285,-37.41096595878053
cont_rastrigin_011,rastrigin,cont,300,hard,"ES_ML(mu=20,lam=80,sigma=0.2)",ES_ML,3,3,1.0,0.8,0.4728708045015879,0.9872585449014338,-42.812542603669804,-45.09942617733961,-50.894545377784596,-32.44365625588519
cont_rastrigin_011,rastrigin,cont,300,hard,HC_CONT(sigma=0.2),HC_CONT,0,3,0.0,0.2,0.012741455098566192,0.527129195498412,-109.61822522032172,-108.15321232832947,-128.91301360838156,-91.78844972425412
cont_rastrigin_011,rastrigin,cont,300,hard,"PSO_RING(p=20,ring,w=0.72,c1=1.49,c2=1.49)",PSO_RING,1,3,0.3333333333333333,0.4,0.09761146288641434,0.7513953742698181,-75.51697411401265,-80.66663976178856,-83.74481785167197,-62.139464728577416
cont_rastrigin_011,rastrigin,cont,300,hard,"PSO_RING(p=40,ring,w=0.72,c1=1.49,c2=1.49)",PSO_RING,2,3,0.6666666666666666,0.6,0.2486046257301818,0.9023885371135856,-76.76021027173884,-77.79298795750776,-81.40255660069099,-71.08508625701776
cont_rastrigin_011,rastrigin,cont,300,hard,"PSO_STD(p=20,w=0.72,c1=1.49,c2=1.49)",PSO_STD,1,3,0.3333333333333333,0.4,0.09761146288641434,0.7513953742698181,-89.02982397953622,-84.17216451950712,-111.23696481703873,-71.68034260206278
cont_rastrigin_011,rastrigin,cont,300,hard,"PSO_STD(p=40,w=0.72,c1=1.49,c2=1.49)",PSO_STD,2,3,0.6666666666666666,0.6,0.2486046257301818,0.9023885371135856,-73.71315373423899,-67.48869480276248,-87.15941718785984,-66.49134921209462
cont_rastrigin_011,rastrigin,cont,300,hard,RS_CONT,RS_CONT,1,3,0.3333333333333333,0.4,0.09761146288641434,0.7513953742698181,-95.3914825772544,-101.59496487085136,-108.31463186285667,-76.26485099805511
cont_rastrigin_011,rastrigin,cont,300,hard,"SA_CONT(sigma=0.3,T0=1.0,alpha=0.995)",SA_CONT,0,3,0.0,0.2,0.012741455098566192,0.527129195498412,-118.01842911180957,-113.66222792054658,-131.97883003527232,-108.4142293796098
cont_rastrigin_011,rastrigin,cont,300,med,"DE(pop=20,F=0.8,CR=0.9)",DE,1,3,0.3333333333333333,0.4,0.09761146288641434,0.7513953742698181,-90.1340952681435,-94.56470743993276,-95.27794661936973,-80.559631745128
cont_rastrigin_011,rastrigin,cont,300,med,"DE(pop=40,F=0.8,CR=0.9)",DE,1,3,0.3333333333333333,0.4,0.09761146288641434,0.7513953742698181,-100.8378726460851,-106.50883505343666,-112.90212835503404,-83.10265452978462
cont_rastrigin_011,rastrigin,cont,300,med,"ES_ML(mu=10,lam=40,sigma=0.3)",ES_ML,3,3,1.0,0.8,0.4728708045015879,0.9872585449014338,-54.08402171759625,-51.79184344105038,-58.956677469349415,-51.503544242388976
cont_rastrigin_011,rastrigin,cont,300,med,"ES_ML(mu=20,lam=80,sigma=0.2)",ES_ML,3,3,1.0,0.8,0.4728708045015879,0.9872585449014338,-53.06959504507366,-52.45146923524962,-58.284590092774295,-48.472725807197065
cont_rastrigin_011,rastrigin,cont,300,med,HC_CONT(sigma=0.2),HC_CONT,0,3,0.0,0.2,0.012741455098566192,0.527129195498412,-139.780339175396,-122.24594597233077,-181.45113287014505,-115.64393868371216
cont_rastrigin_011,rastrigin,cont,300,med,"PSO_RING(p=20,ring,w=0.72,c1=1.49,c2=1.49)",PSO_RING,3,3,1.0,0.8,0.4728708045015879,0.9872585449014338,-77.71280017412715,-76.4769313447408,-80.3473348041184,-76.31413437352224
cont_rastrigin_011,rastrigin,cont,300,med,"PSO_RING(p=40,ring,w=0.72,c1=1.49,c2=1.49)",PSO_RING,2,3,0.6666666666666666,0.6,0.2486046257301818,0.9023885371135856,-86.06994873612665,-81.45892806879885,-99.83184404207933,-76.91907409750175
cont_rastrigin_011,rastrigin,cont,300,med,"PSO_STD(p=20,w=0.72,c1=1.49,c2=1.49)",PSO_STD,3,3,1.0,0.8,0.4728708045015879,0.9872585449014338,-65.86990522194672,-63.84253748082274,-76.15621107327024,-57.610967111747186
cont_rastrigin_011,rastrigin,cont,300,med,"PSO_STD(p=40,w=0.72,c1=1.49,c2=1.49)",PSO_STD,3,3,1.0,0.8,0.4728708045015879,0.9872585449014338,-67.45075431477375,-72.31665275622741,-75.88377156110012,-54.15183862699372
cont_rastrigin_011,rastrigin,cont,300,med,RS_CONT,RS_CONT,1,3,0.3333333333333333,0.4,0.09761146288641434,0.7513953742698181,-91.64026332697188,-93.53346079490021,-110.96621263265735,-70.42111655335805
cont_rastrigin_011,rastrigin,cont,300,med,"SA_CONT(sigma=0.3,T0=1.0,alpha=0.995)",SA_CONT,1,3,0.3333333333333333,0.4,0.09761146288641434,0.7513953742698181,-98.90413554665697,-101.52142702945153,-116.4801628458757,-78.71081676464374
cont_rastrigin_011,rastrigin,cont,800,easy,"DE(pop=20,F=0.8,CR=0.9)",DE,2,3,0.6666666666666666,0.6,0.2486046257301818,0.9023885371135856,-82.18048406862997,-81.46351280052556,-97.50684958215982,-67.57108982320452
cont_rastrigin_011,rastrigin,cont,800,easy,"DE(pop=40,F=0.8,CR=0.9)",DE,1,3,0.3333333333333333,0.4,0.09761146288641434,0.7513953742698181,-92.44557406406123,-96.05047480315432,-102.31139734157699,-78.97485004745238
cont_rastrigin_011,rastrigin,cont,800,easy,"ES_ML(mu=10,lam=40,sigma=0.3)",ES_ML,3,3,1.0,0.8,0.4728708045015879,0.9872585449014338,-39.768372445938006,-39.81363060610404,-44.76063678414225,-34.73084994756772
cont_rastrigin_011,rastrigin,cont,800,easy,"ES_ML(mu=20,lam=80,sigma=0.2)",ES_ML,3,3,1.0,0.8,0.4728708045015879,0.9872585449014338,-32.31090134553068,-35.536133329709315,-37.60191983904921,-23.79465086783351
cont_rastrigin_011,rastrigin,cont,800,easy,HC_CONT(sigma=0.2),HC_CONT,1,3,0.3333333333333333,0.4,0.09761146288641434,0.7513953742698181,-105.74595228350279,-127.95822852463742,-135.12991035586413,-54.14971797000678
cont_rastrigin_011,rastrigin,cont,800,easy,"PSO_RING(p=20,ring,w=0.72,c1=1.49,c2=1.49)",PSO_RING,3,3,1.0,0.8,0.4728708045015879,0.9872585449014338,-44.99669538526975,-47.17552950519689,-47.3576706354989,-40.45688601511347
cont_rastrigin_011,rastrigin,cont,800,easy,"PSO_RING(p=40,ring,w=0.72,c1=1.49,c2=1.49)",PSO_RING,3,3,1.0,0.8,0.4728708045015879,0.9872585449014338,-65.23509546930516,-68.53796169041496,-71.29558952716938,-55.871735190331144
cont_rastrigin_011,rastrigin,cont,800,easy,"PSO_STD(p=20,w=0.72,c1=1.49,c2=1.49)",PSO_STD,3,3,1.0,0.8,0.4728708045015879,0.9872585449014338,-50.04312408124965,-57.945822276931494,-64.43024322185482,-27.75330674496263
cont_rastrigin_011,rastrigin,cont,800,easy,"PSO_STD(p=40,w=0.72,c1=1.49,c2=1.49)",PSO_STD,3,3,1.0,0.8,0.4728708045015879,0.9872585449014338,-54.63218897113321,-46.68379481608089,-75.12474909811164,-42.08802299920711
cont_rastrigin_011,rastrigin,cont,800,easy,RS_CONT,RS_CONT,1,3,0.3333333333333333,0.4,0.09761146288641434,0.7513953742698181,-95.12596337869066,-97.63716405235465,-102.89467228170555,-84.84605380201181
cont_rastrigin_011,rastrigin,cont,800,easy,"SA_CONT(sigma=0.3,T0=1.0,alpha=0.995)",SA_CONT,0,3,0.0,0.2,0.012741455098566192,0.527129195498412,-105.82719588957481,-99.87195144447365,-119.27236605621738,-98.3372701680334
cont_rastrigin_011,rastrigin,cont,800,hard,"DE(pop=20,F=0.8,CR=0.9)",DE,1,3,0.3333333333333333,0.4,0.09761146288641434,0.7513953742698181,-80.28611803495777,-77.22260045421393,-92.29849604832211,-71.33725760233725
cont_rastrigin_011,rastrigin,cont,800,hard,"DE(pop=40,F=0.8,CR=0.9)",DE,1,3,0.3333333333333333,0.4,0.09761146288641434,0.7513953742698181,-88.18205332376392,-91.46174851688093,-105.03401366191511,-68.05039779249572
cont_rastrigin_011,rastrigin,cont,800,hard,"ES_ML(mu=10,lam=40,sigma=0.3)",ES_ML,3,3,1.0,0.8,0.4728708045015879,0.9872585449014338,-36.70005833841502,-37.67745765069618,-49.62233495824329,-22.800382406305587
cont_rastrigin_011,rastrigin,cont,800,hard,"ES_ML(mu=20,lam=80,sigma=0.2)",ES_ML,3,3,1.0,0.8,0.4728708045015879,0.9872585449014338,-34.992812180749986,-34.15199415749977,-38.70428360318223,-32.12215878156796
cont_rastrigin_011,rastrigin,cont,800,hard,HC_CONT(sigma=0.2),HC_CONT,1,3,0.3333333333333333,0.4,0.09761146288641434,0.7513953742698181,-99.95449141492229,-79.78199257756853,-161.3847263987506,-58.69675526844773
cont_rastrigin_011,rastrigin,cont,800,hard,"PSO_RING(p=20,ring,w=0.72,c1=1.49,c2=1.49)",PSO_RING,2,3,0.6666666666666666,0.6,0.2486046257301818,0.9023885371135856,-56.88069348018568,-59.929783062757934,-75.34043685452997,-35.37186052326915
cont_rastrigin_011,rastrigin,cont,800,hard,"PSO_RING(p=40,ring,w=0.72,c1=1.49,c2=1.49)",PSO_RING,3,3,1.0,0.8,0.4728708045015879,0.9872585449014338,-55.75277052515121,-57.961097653475576,-72.54594333352847,-36.75127058844959
cont_rastrigin_011,rastrigin,cont,800,hard,"PSO_STD(p=20,w=0.72,c1=1.49,c2=1.49)",PSO_STD,3,3,1.0,0.8,0.4728708045015879,0.9872585449014338,-44.132146700268805,-44.01585305801211,-49.951619398228104,-38.42896764456621
cont_rastrigin_011,rastrigin,cont,800,hard,"PSO_STD(p=40,w=0.72,c1=1.49,c2=1.49)",PSO_STD,3,3,1.0,0.8,0.4728708045015879,0.9872585449014338,-46.88303010571408,-39.30298396949659,-66.85254008281348,-34.49356626483217
cont_rastrigin_011,rastrigin,cont,800,hard,RS_CONT,RS_CONT,0,3,0.0,0.2,0.012741455098566192,0.527129195498412,-93.79432611780494,-93.6700711350801,-94.46871705519803,-93.24419016313675
cont_rastrigin_011,rastrigin,cont,800,hard,"SA_CONT(sigma=0.3,T0=1.0,alpha=0.995)",SA_CONT,1,3,0.3333333333333333,0.4,0.09761146288641434,0.7513953742698181,-104.9998685969403,-116.67402088470605,-126.30167497562587,-72.02390993048898
cont_rastrigin_011,rastrigin,cont,800,med,"DE(pop=20,F=0.8,CR=0.9)",DE,3,3,1.0,0.8,0.4728708045015879,0.9872585449014338,-60.614618169423814,-63.60672704008072,-65.63818079448956,-52.598946673701164
cont_rastrigin_011,rastrigin,cont,800,med,"DE(pop=40,F=0.8,CR=0.9)",DE,1,3,0.3333333333333333,0.4,0.09761146288641434,0.7513953742698181,-83.41367739715302,-85.77672516467675,-95.61225955922467,-68.85204746755764
cont_rastrigin_011,rastrigin,cont,800,med,"ES_ML(mu=10,lam=40,sigma=0.3)",ES_ML,3,3,1.0,0.8,0.4728708045015879,0.9872585449014338,-38.47845372676017,-39.5256607155911,-41.1930015308335,-34.71669893385591
cont_rastrigin_011,rastrigin,cont,800,med,"ES_ML(mu=20,lam=80,sigma=0.2)",ES_ML,3,3,1.0,0.8,0.4728708045015879,0.9872585449014338,-29.87711803552529,-30.558268334592896,-32.612475861116195,-26.46060991086678
cont_rastrigin_011,rastrigin,cont,800,med,HC_CONT(sigma=0.2),HC_CONT,0,3,0.0,0.2,0.012741455098566192,0.527129195498412,-94.31637743257168,-98.79084967119005,-100.24822618294661,-83.91005644357838
cont_rastrigin_011,rastrigin,cont,800,med,"PSO_RING(p=20,ring,w=0.72,c1=1.49,c2=1.49)",PSO_RING,3,3,1.0,0.8,0.4728708045015879,0.9872585449014338,-53.057302139614535,-57.50972819435657,-69.15483527135954,-32.50734295312748
cont_rastrigin_011,rastrigin,cont,800,med,"PSO_RING(p=40,ring,w=0.72,c1=1.49,c2=1.49)",PSO_RING,3,3,1.0,0.8,0.4728708045015879,0.9872585449014338,-60.43185767028357,-56.81465229066691,-70.93653322546618,-53.54438749471764
cont_rastrigin_011,rastrigin,cont,800,med,"PSO_STD(p=20,w=0.72,c1=1.49,c2=1.49)",PSO_STD,3,3,1.0,0.8,0.4728708045015879,0.9872585449014338,-44.34961376100359,-44.45292839275977,-45.60078770032387,-42.99512518992713
cont_rastrigin_011,rastrigin,cont,800,med,"PSO_STD(p=40,w=0.72,c1=1.49,c2=1.49)",PSO_STD,3,3,1.0,0.8,0.4728708045015879,0.9872585449014338,-58.782853826551,-58.4999486875888,-72.68314648749903,-45.165466304565165
cont_rastrigin_011,rastrigin,cont,800,med,RS_CONT,RS_CONT,0,3,0.0,0.2,0.012741455098566192,0.527129195498412,-90.16715800663405,-88.01069497295722,-97.65435172008922,-84.8364273268557
cont_rastrigin_011,rastrigin,cont,800,med,"SA_CONT(sigma=0.3,T0=1.0,alpha=0.995)",SA_CONT,0,3,0.0,0.2,0.012741455098566192,0.527129195498412,-108.25215331322222,-110.55932737547151,-113.54372462536246,-100.6534079388327
cont_sphere_000,sphere,cont,300,easy,"DE(pop=20,F=0.8,CR=0.9)",DE,1,3,0.3333333333333333,0.4,0.09761146288641434,0.7513953742698181,-24.075597197975753,-27.29281089863877,-34.143898540031785,-10.790082155256696
cont_sphere_000,sphere,cont,300,easy,"DE(pop=40,F=0.8,CR=0.9)",DE,2,3,0.6666666666666666,0.6,0.2486046257301818,0.9023885371135856,-24.079266626969655,-19.782584822791215,-34.64463965651503,-17.81057540160272
cont_sphere_000,sphere,cont,300,easy,"ES_ML(mu=10,lam=40,sigma=0.3)",ES_ML,3,3,1.0,0.8,0.4728708045015879,0.9872585449014338,-1.9243256510407616,-2.216294244991419,-2.400717796124124,-1.1559649120067412
cont_sphere_000,sphere,cont,300,easy,"ES_ML(mu=20,lam=80,sigma=0.2)",ES_ML,3,3,1.0,0.8,0.4728708045015879,0.9872585449014338,-1.6568140276763579,-1.8147338614891757,-2.592159550793285,-0.5635486707466126
cont_sphere_000,sphere,cont,300,easy,HC_CONT(sigma=0.2),HC_CONT,3,3,1.0,0.8,0.4728708045015879,0.9872585449014338,-0.12153478585669593,-0.11620411722459446,-0.13327486280135287,-0.11512537754414046
cont_sphere_000,sphere,cont,300,easy,"PSO_RING(p=20,ring,w=0.72,c1=1.49,c2=1.49)",PSO_RING,3,3,1.0,0.8,0.4728708045015879,0.9872585449014338,-9.542679707383101,-9.784638941593325,-9.803689852167466,-9.039710328388514
cont_sphere_000,sphere,cont,300,easy,"PSO_RING(p=40,ring,w=0.72,c1=1.49,c2=1.49)",PSO_RING,3,3,1.0,0.8,0.4728708045015879,0.9872585449014338,-12.03586865817725,-13.264922449599501,-17.395508253205236,-5.447175271727012
cont_sphere_000,sphere,cont,300,easy,"PSO_STD(p=20,w=0.72,c1=1.49,c2=1.49)",PSO_STD,3,3,1.0,0.8,0.4728708045015879,0.9872585449014338,-2.3237634046877007,-1.3775463852142062,-4.572856258566773,-1.020887570282123
cont_sphere_000,sphere,cont,300,easy,"PSO_STD(p=40,w=0.72,c1=1.49,c2=1.49)",PSO_STD,3,3,1.0,0.8,0.4728708045015879,0.9872585449014338,-4.9672828050222275,-5.589932071405665,-6.111800603255424,-3.200115740405594
cont_sphere_000,sphere,cont,300,easy,RS_CONT,RS_CONT,1,3,0.3333333333333333,0.4,0.09761146288641434,0.7513953742698181,-27.59267937285472,-27.278992348203143,-28.84437864708244,-26.654667123278582
cont_sphere_000,sphere,cont,300,easy,"SA_CONT(sigma=0.3,T0=1.0,alpha=0.995)",SA_CONT,3,3,1.0,0.8,0.4728708045015879,0.9872585449014338,-0.4558121598803789,-0.5023169014069606,-0.5542993561836465,-0.31082022205052967
cont_sphere_000,sphere,cont,300,hard,"DE(pop=20,F=0.8,CR=0.9)",DE,0,3,0.0,0.2,0.012741455098566192,0.527129195498412,-30.093552341457908,-28.20234149290884,-38.167273882845585,-23.9110416486193
cont_sphere_000,sphere,cont,300,hard,"DE(pop=40,F=0.8,CR=0.9)",DE,0,3,0.0,0.2,0.012741455098566192,0.527129195498412,-32.63363312890979,-30.779221788255047,-45.20624145158141,-21.91543614689291
cont_sphere_000,sphere,cont,300,hard,"ES_ML(mu=10,lam=40,sigma=0.3)",ES_ML,3,3,1.0,0.8,0.4728708045015879,0.9872585449014338,-0.6276203666980668,-0.26146037841354486,-1.402692038187958,-0.2187086834926974
cont_sphere_000,sphere,cont,300,hard,"ES_ML(mu=20,lam=80,sigma=0.2)",ES_ML,3,3,1.0,0.8,0.4728708045015879,0.9872585449014338,-1.4758242604724032,-1.5686144138092035,-1.8618408439964058,-0.9970175236116008
cont_sphere_000,sphere,cont,300,hard,HC_CONT(sigma=0.2),HC_CONT,3,3,1.0,0.8,0.4728708045015879,0.9872585449014338,-0.15548681306890808,-0.16167476970652256,-0.21777827382449577,-0.08700739567570584
cont_sphere_000,sphere,cont,300,hard,"PSO_RING(p=20,ring,w=0.72,c1=1.49,c2=1.49)",PSO_RING,3,3,1.0,0.8,0.4728708045015879,0.9872585449014338,-10.692161275398675,-9.920658940690355,-15.989371260372865,-6.166453625132805
cont_sphere_000,sphere,cont,300,hard,"PSO_RING(p=40,ring,w=0.72,c1=1.49,c2=1.49)",PSO_RING,3,3,1.0,0.8,0.4728708045015879,0.9872585449014338,-10.265795573089758,-8.369882060556714,-14.983646430253653,-7.443858228458906
cont_sphere_000,sphere,cont,300,hard,"PSO_STD(p=20,w=0.72,c1=1.49,c2=1.49)",PSO_STD,3,3,1.0,0.8,0.4728708045015879,0.9872585449014338,-4.415564638689594,-4.333015682713509,-7.071191540336789,-1.8424866930184856
cont_sphere_000,sphere,cont,300,hard,"PSO_STD(p=40,w=0.72,c1=1.49,c2=1.49)",PSO_STD,3,3,1.0,0.8,0.4728708045015879,0.9872585449014338,-6.446941179907321,-5.525854373105107,-9.349303393065696,-4.465665773551161
cont_sphere_000,sphere,cont,300,hard,RS_CONT,RS_CONT,1,3,0.3333333333333333,0.4,0.09761146288641434,0.7513953742698181,-24.866773649630858,-28.558195792798006,-29.972063332961888,-16.070061823132672
cont_sphere_000,sphere,cont,300,hard,"SA_CONT(sigma=0.3,T0=1.0,alpha=0.995)",SA_CONT,3,3,1.0,0.8,0.4728708045015879,0.9872585449014338,-0.8790526455601885,-0.860639500785984,-1.0327868961211106,-0.7437315397734708
cont_sphere_000,sphere,cont,300,med,"DE(pop=20,F=0.8,CR=0.9)",DE,0,3,0.0,0.2,0.012741455098566192,0.527129195498412,-31.626599137731873,-30.42981986341928,-37.6729214306162,-26.77705611916014
cont_sphere_000,sphere,cont,300,med,"DE(pop=40,F=0.8,CR=0.9)",DE,0,3,0.0,0.2,0.012741455098566192,0.527129195498412,-28.72850273621852,-29.39711456705224,-32.06919752784123,-24.71919611376209
cont_sphere_000,sphere,cont,300,med,"ES_ML(mu=10,lam=40,sigma=0.3)",ES_ML,3,3,1.0,0.8,0.4728708045015879,0.9872585449014338,-1.8898250130677263,-1.2561898800330753,-4.004209940256977,-0.4090752189131269
cont_sphere_000,sphere,cont,300,med,"ES_ML(mu=20,lam=80,sigma=0.2)",ES_ML,3,3,1.0,0.8,0.4728708045015879,0.9872585449014338,-1.2713618492662426,-1.2282569116835353,-2.172623009462238,-0.41320562665295457
cont_sphere_000,sphere,cont,300,med,HC_CONT(sigma=0.2),HC_CONT,3,3,1.0,0.8,0.4728708045015879,0.9872585449014338,-0.17900799815554316,-0.15683876080883577,-0.23438300636310233,-0.14580222729469136
cont_sphere_000,sphere,cont,300,med,"PSO_RING(p=20,ring,w=0.72,c1=1.49,c2=1.49)",PSO_RING,3,3,1.0,0.8,0.4728708045015879,0.9872585449014338,-9.722426881200233,-9.319395146732877,-12.628018880646454,-7.2198666162213705
cont_sphere_000,sphere,cont,300,med,"PSO_RING(p=40,ring,w=0.72,c1=1.49,c2=1.49)",PSO_RING,3,3,1.0,0.8,0.4728708045015879,0.9872585449014338,-15.036734426214467,-14.853618823369768,-15.442016976394394,-14.814567478879244
cont_sphere_000,sphere,cont,300,med,"PSO_STD(p=20,w=0.72,c1=1.49,c2=1.49)",PSO_STD,3,3,1.0,0.8,0.4728708045015879,0.9872585449014338,-3.0557746316734047,-3.3303533832068024,-4.32650073525769,-1.510469776555723
cont_sphere_000,sphere,cont,300,med,"PSO_STD(p=40,w=0.72,c1=1.49,c2=1.49)",PSO_STD,3,3,1.0,0.8,0.4728708045015879,0.9872585449014338,-4.7989727922713525,-4.557642572357974,-5.390532439182761,-4.448743365273322
cont_sphere_000,sphere,cont,300,med,RS_CONT,RS_CONT,0,3,0.0,0.2,0.012741455098566192,0.527129195498412,-25.008274001152966,-24.973102854261327,-26.45064384257616,-23.601075306621414
cont_sphere_000,sphere,cont,300,med,"SA_CONT(sigma=0.3,T0=1.0,alpha=0.995)",SA_CONT,3,3,1.0,0.8,0.4728708045015879,0.9872585449014338,-0.8038818881064689,-0.7000510441355794,-1.062407938192901,-0.6491866819909261
cont_sphere_000,sphere,cont,800,easy,"DE(pop=20,F=0.8,CR=0.9)",DE,3,3,1.0,0.8,0.4728708045015879,0.9872585449014338,-7.302104935589355,-6.152070612391148,-9.678196958257171,-6.076047236119747
cont_sphere_000,sphere,cont,800,easy,"DE(pop=40,F=0.8,CR=0.9)",DE,3,3,1.0,0.8,0.4728708045015879,0.9872585449014338,-13.931839026158992,-13.554863690073772,-15.68814505893112,-12.552508329472087
cont_sphere_000,sphere,cont,800,easy,"ES_ML(mu=10,lam=40,sigma=0.3)",ES_ML,3,3,1.0,0.8,0.4728708045015879,0.9872585449014338,-0.23091594542098803,-0.24926800854488107,-0.27699568435388916,-0.16648414336419387
cont_sphere_000,sphere,cont,800,easy,"ES_ML(mu=20,lam=80,sigma=0.2)",ES_ML,3,3,1.0,0.8,0.4728708045015879,0.9872585449014338,-0.14122381481753718,-0.12838936164525094,-0.1962219195167709,-0.09906016329058964
cont_sphere_000,sphere,cont,800,easy,HC_CONT(sigma=0.2),HC_CONT,3,3,1.0,0.8,0.4728708045015879,0.9872585449014338,-0.09585184791055958,-0.08761533371718122,-0.11928815867239975,-0.08065205134209776
cont_sphere_000,sphere,cont,800,easy,"PSO_RING(p=20,ring,w=0.72,c1=1.49,c2=1.49)",PSO_RING,3,3,1.0,0.8,0.4728708045015879,0.9872585449014338,-1.2109769533827384,-0.9786464575574939,-1.9333247008099745,-0.7209597017807463
cont_sphere_000,sphere,cont,800,easy,"PSO_RING(p=40,ring,w=0.72,c1=1.49,c2=1.49)",PSO_RING,3,3,1.0,0.8,0.4728708045015879,0.9872585449014338,-3.7787809058610624,-3.2078763062206903,-6.483635344029001,-1.6448310673334963
cont_sphere_000,sphere,cont,800,easy,"PSO_STD(p=20,w=0.72,c1=1.49,c2=1.49)",PSO_STD,3,3,1.0,0.8,0.4728708045015879,0.9872585449014338,-0.0921726762220878,-0.07304229001552745,-0.15258929447738623,-0.05088644417334972
cont_sphere_000,sphere,cont,800,easy,"PSO_STD(p=40,w=0.72,c1=1.49,c2=1.49)",PSO_STD,3,3,1.0,0.8,0.4728708045015879,0.9872585449014338,-0.6864333135150008,-0.717156389471504,-0.9699299865909663,-0.37221356448253223
cont_sphere_000,sphere,cont,800,easy,RS_CONT,RS_CONT,1,3,0.3333333333333333,0.4,0.09761146288641434,0.7513953742698181,-19.361897629930354,-22.093324740370967,-23.20090216098136,-12.79146598843873
cont_sphere_000,sphere,cont,800,easy,"SA_CONT(sigma=0.3,T0=1.0,alpha=0.995)",SA_CONT,3,3,1.0,0.8,0.4728708045015879,0.9872585449014338,-0.26116428354487503,-0.29171361703337917,-0.33748856443711794,-0.154290669164128
cont_sphere_000,sphere,cont,800,hard,"DE(pop=20,F=0.8,CR=0.9)",DE,3,3,1.0,0.8,0.4728708045015879,0.9872585449014338,-4.967154534658364,-4.396985445270783,-6.524773021417209,-3.979705137287099
cont_sphere_000,sphere,cont,800,hard,"DE(pop=40,F=0.8,CR=0.9)",DE,0,3,0.0,0.2,0.012741455098566192,0.527129195498412,-18.026025632770494,-17.982606550770953,-19.058248409031847,-17.037221938508683
cont_sphere_000,sphere,cont,800,hard,"ES_ML(mu=10,lam=40,sigma=0.3)",ES_ML,3,3,1.0,0.8,0.4728708045015879,0.9872585449014338,-0.2509017547531458,-0.22995630894535543,-0.3300776727295773,-0.19267128258450475
cont_sphere_000,sphere,cont,800,hard,"ES_ML(mu=20,lam=80,sigma=0.2)",ES_ML,3,3,1.0,0.8,0.4728708045015879,0.9872585449014338,-0.12156586702484934,-0.1343822254865832,-0.14596608284644416,-0.08434929274152063
cont_sphere_000,sphere,cont,800,hard,HC_CONT(sigma=0.2),HC_CONT,3,3,1.0,0.8,0.4728708045015879,0.9872585449014338,-0.055820363074243984,-0.042859580896105864,-0.08890964680320847,-0.03569186152341762
cont_sphere_000,sphere,cont,800,hard,"PSO_RING(p=20,ring,w=0.72,c1=1.49,c2=1.49)",PSO_RING,3,3,1.0,0.8,0.4728708045015879,0.9872585449014338,-1.2306948056024545,-1.2565548000690572,-1.8290311290517827,-0.6064984876865238
cont_sphere_000,sphere,cont,800,hard,"PSO_RING(p=40,ring,w=0.72,c1=1.49,c2=1.49)",PSO_RING,3,3,1.0,0.8,0.4728708045015879,0.9872585449014338,-5.057479316042219,-5.370943980934951,-6.053494885290076,-3.7479990819016304
cont_sphere_000,sphere,cont,800,hard,"PSO_STD(p=20,w=0.72,c1=1.49,c2=1.49)",PSO_STD,3,3,1.0,0.8,0.4728708045015879,0.9872585449014338,-0.23490387692758963,-0.18148741500757576,-0.3544968877944685,-0.16872732798072462
cont_sphere_000,sphere,cont,800,hard,"PSO_STD(p=40,w=0.72,c1=1.49,c2=1.49)",PSO_STD,3,3,1.0,0.8,0.4728708045015879,0.9872585449014338,-0.63993363670574,-0.6296175608777809,-0.6887218731061875,-0.6014614761332516
cont_sphere_000,sphere,cont,800,hard,RS_CONT,RS_CONT,1,3,0.3333333333333333,0.4,0.09761146288641434,0.7513953742698181,-17.536371486746166,-20.82641156486269,-23.585957290573994,-8.19674560480182
cont_sphere_000,sphere,cont,800,hard,"SA_CONT(sigma=0.3,T0=1.0,alpha=0.995)",SA_CONT,3,3,1.0,0.8,0.4728708045015879,0.9872585449014338,-0.2921902416937282,-0.29048642280240283,-0.37144508471230336,-0.21463921756647844
cont_sphere_000,sphere,cont,800,med,"DE(pop=20,F=0.8,CR=0.9)",DE,3,3,1.0,0.8,0.4728708045015879,0.9872585449014338,-4.852730816049887,-4.93840367671745,-5.852651248396238,-3.767137523035974
cont_sphere_000,sphere,cont,800,med,"DE(pop=40,F=0.8,CR=0.9)",DE,3,3,1.0,0.8,0.4728708045015879,0.9872585449014338,-13.152621577302169,-14.441331450309452,-17.04126292022825,-7.975270361368804
cont_sphere_000,sphere,cont,800,med,"ES_ML(mu=10,lam=40,sigma=0.3)",ES_ML,3,3,1.0,0.8,0.4728708045015879,0.9872585449014338,-0.2259337671219256,-0.2282505340287642,-0.24015420909023916,-0.20939655824677342
cont_sphere_000,sphere,cont,800,med,"ES_ML(mu=20,lam=80,sigma=0.2)",ES_ML,3,3,1.0,0.8,0.4728708045015879,0.9872585449014338,-0.09792600964669794,-0.10143052228255424,-0.1273986974688343,-0.06494880918870524
cont_sphere_000,sphere,cont,800,med,HC_CONT(sigma=0.2),HC_CONT,3,3,1.0,0.8,0.4728708045015879,0.9872585449014338,-0.07080430255357872,-0.06218096823922628,-0.09391331882404368,-0.05631862059746622
cont_sphere_000,sphere,cont,800,med,"PSO_RING(p=20,ring,w=0.72,c1=1.49,c2=1.49)",PSO_RING,3,3,1.0,0.8,0.4728708045015879,0.9872585449014338,-0.9372633802386803,-1.0086389757877063,-1.1962774305560178,-0.606873734372317
cont_sphere_000,sphere,cont,800,med,"PSO_RING(p=40,ring,w=0.72,c1=1.49,c2=1.49)",PSO_RING,3,3,1.0,0.8,0.4728708045015879,0.9872585449014338,-4.007136523751298,-3.5881296873203654,-5.006666973711551,-3.4266129102219787
cont_sphere_000,sphere,cont,800,med,"PSO_STD(p=20,w=0.72,c1=1.49,c2=1.49)",PSO_STD,3,3,1.0,0.8,0.4728708045015879,0.9872585449014338,-0.1719277535326739,-0.1392662401994812,-0.2941383365786109,-0.08237868381992966
cont_sphere_000,sphere,cont,800,med,"PSO_STD(p=40,w=0.72,c1=1.49,c2=1.49)",PSO_STD,3,3,1.0,0.8,0.4728708045015879,0.9872585449014338,-0.45615803973276536,-0.3047875871229618,-0.7914963821359402,-0.2721901499393942
cont_sphere_000,sphere,cont,800,med,RS_CONT,RS_CONT,0,3,0.0,0.2,0.012741455098566192,0.527129195498412,-23.00785076226623,-23.07009131392492,-26.734081715117476,-19.219379257756295
cont_sphere_000,sphere,cont,800,med,"SA_CONT(sigma=0.3,T0=1.0,alpha=0.995)",SA_CONT,3,3,1.0,0.8,0.4728708045015879,0.9872585449014338,-0.19624275588902948,-0.1994352053877307,-0.24891670096024135,-0.14037636131911635
cont_sphere_002,sphere,cont,300,easy,"DE(pop=20,F=0.8,CR=0.9)",DE,0,3,0.0,0.2,0.012741455098566192,0.527129195498412,-27.175209330654795,-29.049971436451326,-31.840228890660935,-20.63542766485212
cont_sphere_002,sphere,cont,300,easy,"DE(pop=40,F=0.8,CR=0.9)",DE,1,3,0.3333333333333333,0.4,0.09761146288641434,0.7513953742698181,-27.303783709479834,-29.986944772779946,-39.38438446056204,-12.540021895097519
cont_sphere_002,sphere,cont,300,easy,"ES_ML(mu=10,lam=40,sigma=0.3)",ES_ML,3,3,1.0,0.8,0.4728708045015879,0.9872585449014338,-1.41505746820262,-1.138544535277336,-2.161958173384245,-0.944669695946279
cont_sphere_002,sphere,cont,300,easy,"ES_ML(mu=20,lam=80,sigma=0.2)",ES_ML,3,3,1.0,0.8,0.4728708045015879,0.9872585449014338,-0.8251838090899248,-0.779393425475248,-0.9419459410452206,-0.7542120607493058
cont_sphere_002,sphere,cont,300,easy,HC_CONT(sigma=0.2),HC_CONT,3,3,1.0,0.8,0.4728708045015879,0.9872585449014338,-0.21324635527360036,-0.18657886556643713,-0.2889686381067697,-0.16419156214759423
cont_sphere_002,sphere,cont,300,easy,"PSO_RING(p=20,ring,w=0.72,c1=1.49,c2=1.49)",PSO_RING,2,3,0.6666666666666666,0.6,0.2486046257301818,0.9023885371135856,-12.744372205304513,-9.787973831893558,-20.356981622033484,-8.0881611619865
cont_sphere_002,sphere,cont,300,easy,"PSO_RING(p=40,ring,w=0.72,c1=1.49,c2=1.49)",PSO_RING,3,3,1.0,0.8,0.4728708045015879,0.9872585449014338,-13.432384381807353,-12.47334378468495,-17.583853275496665,-10.239956085240443
cont_sphere_002,sphere,cont,300,easy,"PSO_STD(p=20,w=0.72,c1=1.49,c2=1.49)",PSO_STD,3,3,1.0,0.8,0.4728708045015879,0.9872585449014338,-3.0436141500213485,-3.0185263846955714,-4.71508670345153,-1.3972293619169438
cont_sphere_002,sphere,cont,300,easy,"PSO_STD(p=40,w=0.72,c1=1.49,c2=1.49)",PSO_STD,3,3,1.0,0.8,0.4728708045015879,0.9872585449014338,-4.823721387854536,-3.188020364434799,-8.663066448429559,-2.6200773506992503
cont_sphere_002,sphere,cont,300,easy,RS_CONT,RS_CONT,2,3,0.6666666666666666,0.6,0.2486046257301818,0.9023885371135856,-22.459586904230736,-18.08954970821552,-33.153077560100684,-16.136133444375997
cont_sphere_002,sphere,cont,300,easy,"SA_CONT(sigma=0.3,T0=1.0,alpha=0.995)",SA_CONT,3,3,1.0,0.8,0.4728708045015879,0.9872585449014338,-0.584978635608734,-0.5761856561592801,-0.7990382400189262,-0.3797120106479954
cont_sphere_002,sphere,cont,300,hard,"DE(pop=20,F=0.8,CR=0.9)",DE,2,3,0.6666666666666666,0.6,0.2486046257301818,0.9023885371135856,-17.773327427679096,-15.954316398829448,-23.85361632744666,-13.51204955676118
cont_sphere_002,sphere,cont,300,hard,"DE(pop=40,F=0.8,CR=0.9)",DE,0,3,0.0,0.2,0.012741455098566192,0.527129195498412,-34.99171558218989,-38.49438333579066,-39.3892167043057,-27.091546706473302
cont_sphere_002,sphere,cont,300,hard,"ES_ML(mu=10,lam=40,sigma=0.3)",ES_ML,3,3,1.0,0.8,0.4728708045015879,0.9872585449014338,-0.6155511120204925,-0.5958374165708726,-0.9641068768194532,-0.28670904267115177
cont_sphere_002,sphere,cont,300,hard,"ES_ML(mu=20,lam=80,sigma=0.2)",ES_ML,3,3,1.0,0.8,0.4728708045015879,0.9872585449014338,-0.83437204978494,-0.7511942194213568,-1.266021104444818,-0.48590082548864527
cont_sphere_002,sphere,cont,300,hard,HC_CONT(sigma=0.2),HC_CONT,3,3,1.0,0.8,0.4728708045015879,0.9872585449014338,-0.11380238488266224,-0.12298699045995268,-0.15352040468497521,-0.06489975950305883
cont_sphere_002,sphere,cont,300,hard,"PSO_RING(p=20,ring,w=0.72,c1=1.49,c2=1.49)",PSO_RING,2,3,0.6666666666666666,0.6,0.2486046257301818,0.9023885371135856,-11.334297376509248,-12.518929313212613,-16.234678316024382,-5.24928450029075
cont_sphere_002,sphere,cont,300,hard,"PSO_RING(p=40,ring,w=0.72,c1=1.49,c2=1.49)",PSO_RING,1,3,0.3333333333333333,0.4,0.09761146288641434,0.7513953742698181,-15.127975264076897,-16.695023966674135,-19.921620528447725,-8.767281297108829
cont_sphere_002,sphere,cont,300,hard,"PSO_STD(p=20,w=0.72,c1=1.49,c2=1.49)",PSO_STD,3,3,1.0,0.8,0.4728708045015879,0.9872585449014338,-2.8369325382534982,-3.0977654395366616,-3.3236917168843485,-2.089340458339485
cont_sphere_002,sphere,cont,300,hard,"PSO_STD(p=40,w=0.72,c1=1.49,c2=1.49)",PSO_STD,3,3,1.0,0.8,0.4728708045015879,0.9872585449014338,-5.6910666820936555,-3.7427379601383315,-9.936908112079395,-3.393553974063238
cont_sphere_002,sphere,cont,300,hard,RS_CONT,RS_CONT,1,3,0.3333333333333333,0.4,0.09761146288641434,0.7513953742698181,-18.682264987785572,-21.347828750004858,-25.796173682980395,-8.902792530371466
cont_sphere_002,sphere,cont,300,hard,"SA_CONT(sigma=0.3,T0=1.0,alpha=0.995)",SA_CONT,3,3,1.0,0.8,0.4728708045015879,0.9872585449014338,-0.8502971228864591,-0.9445872300183279,-1.237226993128187,-0.36907714551286236
cont_sphere_002,sphere,cont,300,med,"DE(pop=20,F=0.8,CR=0.9)",DE,1,3,0.3333333333333333,0.4,0.09761146288641434,0.7513953742698181,-22.8591375903389,-23.136413232720795,-30.93509373541432,-14.505905802881575
cont_sphere_002,sphere,cont,300,med,"DE(pop=40,F=0.8,CR=0.9)",DE,0,3,0.0,0.2,0.012741455098566192,0.527129195498412,-30.8883024050443,-29.472666288642372,-34.529987623678586,-28.662253302811934
cont_sphere_002,sphere,cont,300,med,"ES_ML(mu=10,lam=40,sigma=0.3)",ES_ML,3,3,1.0,0.8,0.4728708045015879,0.9872585449014338,-0.707528027207884,-0.5487129011646028,-1.098099038215007,-0.4757721422440421
cont_sphere_002,sphere,cont,300,med,"ES_ML(mu=20,lam=80,sigma=0.2)",ES_ML,3,3,1.0,0.8,0.4728708045015879,0.9872585449014338,-1.427722141434091,-1.379563875931412,-2.1194268697741974,-0.7841756785966639
cont_sphere_002,sphere,cont,300,med,HC_CONT(sigma=0.2),HC_CONT,3,3,1.0,0.8,0.4728708045015879,0.9872585449014338,-0.14627453345498806,-0.17516212704184791,-0.2060296982329421,-0.057631775090174156
cont_sphere_002,sphere,cont,300,med,"PSO_RING(p=20,ring,w=0.72,c1=1.49,c2=1.49)",PSO_RING,3,3,1.0,0.8,0.4728708045015879,0.9872585449014338,-6.752289844590616,-6.590129164880697,-7.253606337711256,-6.4131340311798954
cont_sphere_002,sphere,cont,300,med,"PSO_RING(p=40,ring,w=0.72,c1=1.49,c2=1.49)",PSO_RING,2,3,0.6666666666666666,0.6,0.2486046257301818,0.9023885371135856,-17.185655260316782,-13.875573934412467,-25.71750346602021,-11.963888380517666
cont_sphere_002,sphere,cont,300,med,"PSO_STD(p=20,w=0.72,c1=1.49,c2=1.49)",PSO_STD,3,3,1.0,0.8,0.4728708045015879,0.9872585449014338,-2.448451167241444,-2.4826158885691143,-2.8908121806229348,-1.971925432532284
cont_sphere_002,sphere,cont,300,med,"PSO_STD(p=40,w=0.72,c1=1.49,c2=1.49)",PSO_STD,3,3,1.0,0.8,0.4728708045015879,0.9872585449014338,-5.53210971604021,-5.416794112869488,-5.85530038932023,-5.324234645930911
cont_sphere_002,sphere,cont,300,med,RS_CONT,RS_CONT,1,3,0.3333333333333333,0.4,0.09761146288641434,0.7513953742698181,-25.00963283012683,-25.129092970345294,-36.290361376413394,-13.609444143621802
cont_sphere_002,sphere,cont,300,med,"SA_CONT(sigma=0.3,T0=1.0,alpha=0.995)",SA_CONT,3,3,1.0,0.8,0.4728708045015879,0.9872585449014338,-0.5816422608823627,-0.5256004234684231,-0.7611693209464846,-0.45815703823218046
cont_sphere_002,sphere,cont,800,easy,"DE(pop=20,F=0.8,CR=0.9)",DE,3,3,1.0,0.8,0.4728708045015879,0.9872585449014338,-4.281944756016859,-4.206905244929199,-5.7161457882021605,-2.9227832349192178
cont_sphere_002,sphere,cont,800,easy,"DE(pop=40,F=0.8,CR=0.9)",DE,2,3,0.6666666666666666,0.6,0.2486046257301818,0.9023885371135856,-16.839012739898603,-15.996479749137176,-19.529510517997917,-14.991047952560713
cont_sphere_002,sphere,cont,800,easy,"ES_ML(mu=10,lam=40,sigma=0.3)",ES_ML,3,3,1.0,0.8,0.4728708045015879,0.9872585449014338,-0.23126739249722017,-0.2446818098183472,-0.2570596882387574,-0.19206067943455585
cont_sphere_002,sphere,cont,800,easy,"ES_ML(mu=20,lam=80,sigma=0.2)",ES_ML,3,3,1.0,0.8,0.4728708045015879,0.9872585449014338,-0.12654296116403543,-0.11761420635582781,-0.1548202680155042,-0.10719440912077433
cont_sphere_002,sphere,cont,800,easy,HC_CONT(sigma=0.2),HC_CONT,3,3,1.0,0.8,0.4728708045015879,0.9872585449014338,-0.08865571687588124,-0.09393155570354118,-0.09412646406219116,-0.07790913086191134
cont_sphere_002,sphere,cont,800,easy,"PSO_RING(p=20,ring,w=0.72,c1=1.49,c2=1.49)",PSO_RING,3,3,1.0,0.8,0.4728708045015879,0.9872585449014338,-1.2007429847836748,-0.7949422680460762,-2.04570584173389,-0.761580844571058
cont_sphere_002,sphere,cont,800,easy,"PSO_RING(p=40,ring,w=0.72,c1=1.49,c2=1.49)",PSO_RING,3,3,1.0,0.8,0.4728708045015879,0.9872585449014338,-4.978451950104312,-4.234328222345705,-6.623285444950401,-4.07774218301683
cont_sphere_002,sphere,cont,800,easy,"PSO_STD(p=20,w=0.72,c1=1.49,c2=1.49)",PSO_STD,3,3,1.0,0.8,0.4728708045015879,0.9872585449014338,-0.2342196659414648,-0.18469059325151804,-0.3488378784834626,-0.16913052608941367
cont_sphere_002,sphere,cont,800,easy,"PSO_STD(p=40,w=0.72,c1=1.49,c2=1.49)",PSO_STD,3,3,1.0,0.8,0.4728708045015879,0.9872585449014338,-1.1715476978429389,-0.678343683529765,-2.275601191328624,-0.5606982186704276
cont_sphere_002,sphere,cont,800,easy,RS_CONT,RS_CONT,0,3,0.0,0.2,0.012741455098566192,0.527129195498412,-22.577481816137475,-22.293215037326156,-23.437866833212144,-22.001363577874127
cont_sphere_002,sphere,cont,800,easy,"SA_CONT(sigma=0.3,T0=1.0,alpha=0.995)",SA_CONT,3,3,1.0,0.8,0.4728708045015879,0.9872585449014338,-0.2961312482582591,-0.3201710489901432,-0.376189665649711,-0.1920330301349231
cont_sphere_002,sphere,cont,800,hard,"DE(pop=20,F=0.8,CR=0.9)",DE,3,3,1.0,0.8,0.4728708045015879,0.9872585449014338,-8.525368448227512,-8.707759646707888,-10.657756013009477,-6.210589684965171
cont_sphere_002,sphere,cont,800,hard,"DE(pop=40,F=0.8,CR=0.9)",DE,1,3,0.3333333333333333,0.4,0.09761146288641434,0.7513953742698181,-19.286806334110484,-20.05320792164255,-25.592755298469697,-12.214455782219206
cont_sphere_002,sphere,cont,800,hard,"ES_ML(mu=10,lam=40,sigma=0.3)",ES_ML,3,3,1.0,0.8,0.4728708045015879,0.9872585449014338,-0.21932087881158754,-0.23442903657138423,-0.24377724839314244,-0.179756351470236
cont_sphere_002,sphere,cont,800,hard,"ES_ML(mu=20,lam=80,sigma=0.2)",ES_ML,3,3,1.0,0.8,0.4728708045015879,0.9872585449014338,-0.08624141416191235,-0.08177203911519958,-0.10366675604838338,-0.07328544732215408
cont_sphere_002,sphere,cont,800,hard,HC_CONT(sigma=0.2),HC_CONT,3,3,1.0,0.8,0.4728708045015879,0.9872585449014338,-0.05796264903399543,-0.05568496025067581,-0.06853662785984165,-0.04966635899146885
cont_sphere_002,sphere,cont,800,hard,"PSO_RING(p=20,ring,w=0.72,c1=1.49,c2=1.49)",PSO_RING,3,3,1.0,0.8,0.4728708045015879,0.9872585449014338,-1.5245083739829763,-1.130658892544182,-2.726363651045463,-0.7165025783592838
cont_sphere_002,sphere,cont,800,hard,"PSO_RING(p=40,ring,w=0.72,c1=1.49,c2=1.49)",PSO_RING,3,3,1.0,0.8,0.4728708045015879,0.9872585449014338,-4.679604834366236,-5.185896823024647,-6.113951080165604,-2.738966599908457
cont_sphere_002,sphere,cont,800,hard,"PSO_STD(p=20,w=0.72,c1=1.49,c2=1.49)",PSO_STD,3,3,1.0,0.8,0.4728708045015879,0.9872585449014338,-0.25560972613757915,-0.28630178142698837,-0.316126695737616,-0.16440070124813305
cont_sphere_002,sphere,cont,800,hard,"PSO_STD(p=40,w=0.72,c1=1.49,c2=1.49)",PSO_STD,3,3,1.0,0.8,0.4728708045015879,0.9872585449014338,-0.6968005330347374,-0.5584872751638609,-0.9792287638142796,-0.5526855601260721
cont_sphere_002,sphere,cont,800,hard,RS_CONT,RS_CONT,0,3,0.0,0.2,0.012741455098566192,0.527129195498412,-25.08784069585967,-25.484790466694868,-26.25821214326923,-23.520519477614908
cont_sphere_002,sphere,cont,800,hard,"SA_CONT(sigma=0.3,T0=1.0,alpha=0.995)",SA_CONT,3,3,1.0,0.8,0.4728708045015879,0.9872585449014338,-0.21390143513208437,-0.20388944860220481,-0.2594303002552742,-0.17838455653877408
cont_sphere_002,sphere,cont,800,med,"DE(pop=20,F=0.8,CR=0.9)",DE,3,3,1.0,0.8,0.4728708045015879,0.9872585449014338,-5.336766872763529,-4.918257320519084,-7.131539830704322,-3.9605034670671784
cont_sphere_002,sphere,cont,800,med,"DE(pop=40,F=0.8,CR=0.9)",DE,1,3,0.3333333333333333,0.4,0.09761146288641434,0.7513953742698181,-22.016373204207156,-24.334878825683738,-27.448534222976274,-14.26570656396146
cont_sphere_002,sphere,cont,800,med,"ES_ML(mu=10,lam=40,sigma=0.3)",ES_ML,3,3,1.0,0.8,0.4728708045015879,0.9872585449014338,-0.22722841541862784,-0.2673237052069006,-0.28909251068493996,-0.12526903036404305
cont_sphere_002,sphere,cont,800,med,"ES_ML(mu=20,lam=80,sigma=0.2)",ES_ML,3,3,1.0,0.8,0.4728708045015879,0.9872585449014338,-0.12764128758699098,-0.12641093863736244,-0.1306243712188221,-0.12588855290478843
cont_sphere_002,sphere,cont,800,med,HC_CONT(sigma=0.2),HC_CONT,3,3,1.0,0.8,0.4728708045015879,0.9872585449014338,-0.07154839532933414,-0.0746979141366271,-0.11096870495727222,-0.028978566894103094
cont_sphere_002,sphere,cont,800,med,"PSO_RING(p=20,ring,w=0.72,c1=1.49,c2=1.49)",PSO_RING,3,3,1.0,0.8,0.4728708045015879,0.9872585449014338,-1.7582459313139092,-1.7233073496332723,-2.065276736354196,-1.486153707954259
cont_sphere_002,sphere,cont,800,med,"PSO_RING(p=40,ring,w=0.72,c1=1.49,c2=1.49)",PSO_RING,3,3,1.0,0.8,0.4728708045015879,0.9872585449014338,-4.831692006146121,-6.3903836226969455,-6.594780542548243,-1.509911853193175
cont_sphere_002,sphere,cont,800,med,"PSO_STD(p=20,w=0.72,c1=1.49,c2=1.49)",PSO_STD,3,3,1.0,0.8,0.4728708045015879,0.9872585449014338,-0.13352864043806797,-0.14884678213102293,-0.1644380114615671,-0.08730112772161387
cont_sphere_002,sphere,cont,800,med,"PSO_STD(p=40,w=0.72,c1=1.49,c2=1.49)",PSO_STD,3,3,1.0,0.8,0.4728708045015879,0.9872585449014338,-1.0309692768695629,-0.5396578749947301,-2.262572821529117,-0.2906771340848413
cont_sphere_002,sphere,cont,800,med,RS_CONT,RS_CONT,0,3,0.0,0.2,0.012741455098566192,0.527129195498412,-21.166744924935088,-20.483976196638775,-24.006202172177534,-19.01005640598896
cont_sphere_002,sphere,cont,800,med,"SA_CONT(sigma=0.3,T0=1.0,alpha=0.995)",SA_CONT,3,3,1.0,0.8,0.4728708045015879,0.9872585449014338,-0.16682539138540667,-0.15581802161112607,-0.21373022809912073,-0.13092792444597323
cont_sphere_004,sphere,cont,300,easy,"DE(pop=20,F=0.8,CR=0.9)",DE,1,3,0.3333333333333333,0.4,0.09761146288641434,0.7513953742698181,-26.949129924029823,-26.1389130847859,-30.699717801748314,-24.00875888555526
cont_sphere_004,sphere,cont,300,easy,"DE(pop=40,F=0.8,CR=0.9)",DE,0,3,0.0,0.2,0.012741455098566192,0.527129195498412,-31.484343951240238,-33.106762108362744,-34.36725680023842,-26.979012945119553
cont_sphere_004,sphere,cont,300,easy,"ES_ML(mu=10,lam=40,sigma=0.3)",ES_ML,3,3,1.0,0.8,0.4728708045015879,0.9872585449014338,-0.44530811069734405,-0.4777056162164573,-0.5253158914105291,-0.3329028244650458
cont_sphere_004,sphere,cont,300,easy,"ES_ML(mu=20,lam=80,sigma=0.2)",ES_ML,3,3,1.0,0.8,0.4728708045015879,0.9872585449014338,-1.6776384527896528,-1.44370467256646,-2.6761144947908186,-0.9130961910116797
cont_sphere_004,sphere,cont,300,easy,HC_CONT(sigma=0.2),HC_CONT,3,3,1.0,0.8,0.4728708045015879,0.9872585449014338,-0.11288442858470633,-0.10551345488371242,-0.14221448968202663,-0.09092534118837996
cont_sphere_004,sphere,cont,300,easy,"PSO_RING(p=20,ring,w=0.72,c1=1.49,c2=1.49)",PSO_RING,3,3,1.0,0.8,0.4728708045015879,0.9872585449014338,-10.539361795036283,-9.061349742332846,-13.59229269423474,-8.964442948541263
cont_sphere_004,sphere,cont,300,easy,"PSO_RING(p=40,ring,w=0.72,c1=1.49,c2=1.49)",PSO_RING,3,3,1.0,0.8,0.4728708045015879,0.9872585449014338,-13.155336196466829,-11.676396345062102,-16.634516221079846,-11.155096023258544
cont_sphere_004,sphere,cont,300,easy,"PSO_STD(p=20,w=0.72,c1=1.49,c2=1.49)",PSO_STD,3,3,1.0,0.8,0.4728708045015879,0.9872585449014338,-3.6556311779144157,-4.122624926432165,-4.323735115469537,-2.5205334918415456
cont_sphere_004,sphere,cont,300,easy,"PSO_STD(p=40,w=0.72,c1=1.49,c2=1.49)",PSO_STD,3,3,1.0,0.8,0.4728708045015879,0.9872585449014338,-6.651932400413423,-6.089269556289505,-7.801084117741333,-6.065443527209433
cont_sphere_004,sphere,cont,300,easy,RS_CONT,RS_CONT,1,3,0.3333333333333333,0.4,0.09761146288641434,0.7513953742698181,-27.54564694564172,-27.907728631140643,-30.67245350744186,-24.05675869834267
cont_sphere_004,sphere,cont,300,easy,"SA_CONT(sigma=0.3,T0=1.0,alpha=0.995)",SA_CONT,3,3,1.0,0.8,0.4728708045015879,0.9872585449014338,-0.4950763774293115,-0.5628477685627197,-0.5744729703851672,-0.3479083933400476
cont_sphere_004,sphere,cont,300,hard,"DE(pop=20,F=0.8,CR=0.9)",DE,1,3,0.3333333333333333,0.4,0.09761146288641434,0.7513953742698181,-23.251039027626902,-27.506168787407752,-28.154422834301,-14.092525461171952
cont_sphere_004,sphere,cont,300,hard,"DE(pop=40,F=0.8,CR=0.9)",DE,0,3,0.0,0.2,0.012741455098566192,0.527129195498412,-33.943906725602915,-30.557334100369804,-43.37123247784322,-27.90315359859571
cont_sphere_004,sphere,cont,300,hard,"ES_ML(mu=10,lam=40,sigma=0.3)",ES_ML,3,3,1.0,0.8,0.4728708045015879,0.9872585449014338,-0.5754968508752026,-0.5075956671009949,-0.7686114444325646,-0.4502834410920486
cont_sphere_004,sphere,cont,300,hard,"ES_ML(mu=20,lam=80,sigma=0.2)",ES_ML,3,3,1.0,0.8,0.4728708045015879,0.9872585449014338,-1.4250333894147413,-1.409572880048858,-1.6816066690002383,-1.1839206191951281
cont_sphere_004,sphere,cont,300,hard,HC_CONT(sigma=0.2),HC_CONT,3,3,1.0,0.8,0.4728708045015879,0.9872585449014338,-0.18053770627276988,-0.17587568737923062,-0.2707355220799056,-0.09500190935917345
cont_sphere_004,sphere,cont,300,hard,"PSO_RING(p=20,ring,w=0.72,c1=1.49,c2=1.49)",PSO_RING,3,3,1.0,0.8,0.4728708045015879,0.9872585449014338,-12.57515711436175,-14.598849838353793,-14.63784773725947,-8.488773767471987
cont_sphere_004,sphere,cont,300,hard,"PSO_RING(p=40,ring,w=0.72,c1=1.49,c2=1.49)",PSO_RING,3,3,1.0,0.8,0.4728708045015879,0.9872585449014338,-8.280296153345146,-8.289090733917398,-9.777898544986687,-6.773899181131354
cont_sphere_004,sphere,cont,300,hard,"PSO_STD(p=20,w=0.72,c1=1.49,c2=1.49)",PSO_STD,3,3,1.0,0.8,0.4728708045015879,0.9872585449014338,-2.45409068641008,-2.0961107146865063,-3.943711913168371,-1.3224494313753625
cont_sphere_004,sphere,cont,300,hard,"PSO_STD(p=40,w=0.72,c1=1.49,c2=1.49)",PSO_STD,3,3,1.0,0.8,0.4728708045015879,0.9872585449014338,-5.18210052597832,-4.102170777999287,-7.634256371395021,-3.80987442854065
cont_sphere_004,sphere,cont,300,hard,RS_CONT,RS_CONT,0,3,0.0,0.2,0.012741455098566192,0.527129195498412,-24.52329045987152,-23.20803471685984,-33.03447091347799,-17.327365749276744
cont_sphere_004,sphere,cont,300,hard,"SA_CONT(sigma=0.3,T0=1.0,alpha=0.995)",SA_CONT,3,3,1.0,0.8,0.4728708045015879,0.9872585449014338,-0.9901380374183179,-0.9029571865993963,-1.6148561641120749,-0.4526007615434826
cont_sphere_004,sphere,cont,300,med,"DE(pop=20,F=0.8,CR=0.9)",DE,2,3,0.6666666666666666,0.6,0.2486046257301818,0.9023885371135856,-23.78540172660766,-23.802347218372294,-28.809402121293758,-18.744455840156927
cont_sphere_004,sphere,cont,300,med,"DE(pop=40,F=0.8,CR=0.9)",DE,0,3,0.0,0.2,0.012741455098566192,0.527129195498412,-34.37410548779477,-31.334451709509096,-45.97479518944318,-25.81306956443205
cont_sphere_004,sphere,cont,300,med,"ES_ML(mu=10,lam=40,sigma=0.3)",ES_ML,3,3,1.0,0.8,0.4728708045015879,0.9872585449014338,-2.678357805481762,-1.9528116635759356,-5.328449048971542,-0.7538127038978082
cont_sphere_004,sphere,cont,300,med,"ES_ML(mu=20,lam=80,sigma=0.2)",ES_ML,3,3,1.0,0.8,0.4728708045015879,0.9872585449014338,-1.1105259027055685,-1.051201862197589,-1.793086528005982,-0.48728931791313446
cont_sphere_004,sphere,cont,300,med,HC_CONT(sigma=0.2),HC_CONT,3,3,1.0,0.8,0.4728708045015879,0.9872585449014338,-0.14779117215804197,-0.15544252415622836,-0.1901844413903636,-0.09774655092753395
cont_sphere_004,sphere,cont,300,med,"PSO_RING(p=20,ring,w=0.72,c1=1.49,c2=1.49)",PSO_RING,3,3,1.0,0.8,0.4728708045015879,0.9872585449014338,-8.41086337209043,-8.734091530514798,-10.120246165656798,-6.378252420099694
cont_sphere_004,sphere,cont,300,med,"PSO_RING(p=40,ring,w=0.72,c1=1.49,c2=1.49)",PSO_RING,3,3,1.0,0.8,0.4728708045015879,0.9872585449014338,-15.419246802297465,-13.200095181833513,-21.32130659480541,-11.736338630253476
cont_sphere_004,sphere,cont,300,med,"PSO_STD(p=20,w=0.72,c1=1.49,c2=1.49)",PSO_STD,3,3,1.0,0.8,0.4728708045015879,0.9872585449014338,-3.61572047218378,-3.3891468909102853,-5.007813629055697,-2.4502008965853586
cont_sphere_004,sphere,cont,300,med,"PSO_STD(p=40,w=0.72,c1=1.49,c2=1.49)",PSO_STD,3,3,1.0,0.8,0.4728708045015879,0.9872585449014338,-6.120376777372776,-3.6710123112283917,-11.027284628929705,-3.662833391960232
cont_sphere_004,sphere,cont,300,med,RS_CONT,RS_CONT,2,3,0.6666666666666666,0.6,0.2486046257301818,0.9023885371135856,-25.464997419171734,-23.081815621376506,-32.21735387496778,-21.09582276117091
cont_sphere_004,sphere,cont,300,med,"SA_CONT(sigma=0.3,T0=1.0,alpha=0.995)",SA_CONT,3,3,1.0,0.8,0.4728708045015879,0.9872585449014338,-0.6246295688152933,-0.7432545071223609,-0.8225103623531176,-0.3081238369704016
cont_sphere_004,sphere,cont,800,easy,"DE(pop=20,F=0.8,CR=0.9)",DE,3,3,1.0,0.8,0.4728708045015879,0.9872585449014338,-5.238807766866862,-4.951729955227687,-7.189464628580298,-3.5752287167925987
cont_sphere_004,sphere,cont,800,easy,"DE(pop=40,F=0.8,CR=0.9)",DE,3,3,1.0,0.8,0.4728708045015879,0.9872585449014338,-15.024930898954667,-14.91311669709829,-17.46344355189358,-12.698232447872131
cont_sphere_004,sphere,cont,800,easy,"ES_ML(mu=10,lam=40,sigma=0.3)",ES_ML,3,3,1.0,0.8,0.4728708045015879,0.9872585449014338,-0.22591717324426375,-0.23927941702132793,-0.2862006784271674,-0.15227142428429594
cont_sphere_004,sphere,cont,800,easy,"ES_ML(mu=20,lam=80,sigma=0.2)",ES_ML,3,3,1.0,0.8,0.4728708045015879,0.9872585449014338,-0.15889936242528907,-0.17054597524397125,-0.17604611598142988,-0.13010599605046608
cont_sphere_004,sphere,cont,800,easy,HC_CONT(sigma=0.2),HC_CONT,3,3,1.0,0.8,0.4728708045015879,0.9872585449014338,-0.09543087905654586,-0.08666171683615552,-0.1158660982808958,-0.08376482205258627
cont_sphere_004,sphere,cont,800,easy,"PSO_RING(p=20,ring,w=0.72,c1=1.49,c2=1.49)",PSO_RING,3,3,1.0,0.8,0.4728708045015879,0.9872585449014338,-0.7175391416071534,-0.6250468927120936,-1.1700009020355777,-0.3575696300737886
cont_sphere_004,sphere,cont,800,easy,"PSO_RING(p=40,ring,w=0.72,c1=1.49,c2=1.49)",PSO_RING,3,3,1.0,0.8,0.4728708045015879,0.9872585449014338,-3.044443132781589,-1.9730071431151286,-5.665068040983319,-1.4952542142463194
cont_sphere_004,sphere,cont,800,easy,"PSO_STD(p=20,w=0.72,c1=1.49,c2=1.49)",PSO_STD,3,3,1.0,0.8,0.4728708045015879,0.9872585449014338,-0.19834825071105558,-0.1335470471724288,-0.3657647630678255,-0.09573294189291244
cont_sphere_004,sphere,cont,800,easy,"PSO_STD(p=40,w=0.72,c1=1.49,c2=1.49)",PSO_STD,3,3,1.0,0.8,0.4728708045015879,0.9872585449014338,-0.6754263131472009,-0.5322242969179184,-1.0237338274462973,-0.4703208150773872
cont_sphere_004,sphere,cont,800,easy,RS_CONT,RS_CONT,2,3,0.6666666666666666,0.6,0.2486046257301818,0.9023885371135856,-17.77699389353772,-15.18245034666699,-25.85667702766986,-12.291854306276312
cont_sphere_004,sphere,cont,800,easy,"SA_CONT(sigma=0.3,T0=1.0,alpha=0.995)",SA_CONT,3,3,1.0,0.8,0.4728708045015879,0.9872585449014338,-0.269833040536361,-0.29474537750044866,-0.36828291941138175,-0.14647082469725256
cont_sphere_004,sphere,cont,800,hard,"DE(pop=20,F=0.8,CR=0.9)",DE,3,3,1.0,0.8,0.4728708045015879,0.9872585449014338,-8.01035823172132,-8.142195210809795,-9.040917298728852,-6.847962185625313
cont_sphere_004,sphere,cont,800,hard,"DE(pop=40,F=0.8,CR=0.9)",DE,0,3,0.0,0.2,0.012741455098566192,0.527129195498412,-15.945647138321192,-15.037847871651808,-20.803900376941225,-11.995193166370544
cont_sphere_004,sphere,cont,800,hard,"ES_ML(mu=10,lam=40,sigma=0.3)",ES_ML,3,3,1.0,0.8,0.4728708045015879,0.9872585449014338,-0.2611248376328373,-0.26790233492326476,-0.2912624950771861,-0.2242096828980611
cont_sphere_004,sphere,cont,800,hard,"ES_ML(mu=20,lam=80,sigma=0.2)",ES_ML,3,3,1.0,0.8,0.4728708045015879,0.9872585449014338,-0.2512136181186928,-0.23677608788033985,-0.3808164421975034,-0.1360483242782351
cont_sphere_004,sphere,cont,800,hard,HC_CONT(sigma=0.2),HC_CONT,3,3,1.0,0.8,0.4728708045015879,0.9872585449014338,-0.07484165210468462,-0.07010471834260998,-0.08682421146489182,-0.06759602650655204
cont_sphere_004,sphere,cont,800,hard,"PSO_RING(p=20,ring,w=0.72,c1=1.49,c2=1.49)",PSO_RING,3,3,1.0,0.8,0.4728708045015879,0.9872585449014338,-1.3170590327789367,-1.5036952106107524,-1.6373712319680715,-0.8101106557579864
cont_sphere_004,sphere,cont,800,hard,"PSO_RING(p=40,ring,w=0.72,c1=1.49,c2=1.49)",PSO_RING,3,3,1.0,0.8,0.4728708045015879,0.9872585449014338,-4.8346974345789295,-5.047002412977353,-5.105514742089186,-4.35157514867025
cont_sphere_004,sphere,cont,800,hard,"PSO_STD(p=20,w=0.72,c1=1.49,c2=1.49)",PSO_STD,3,3,1.0,0.8,0.4728708045015879,0.9872585449014338,-0.13289186533638994,-0.12920933358357925,-0.18737926462885254,-0.08208699779673802
cont_sphere_004,sphere,cont,800,hard,"PSO_STD(p=40,w=0.72,c1=1.49,c2=1.49)",PSO_STD,3,3,1.0,0.8,0.4728708045015879,0.9872585449014338,-1.1475647080876985,-1.3698308774917771,-1.5223405736160214,-0.5505226731552969
cont_sphere_004,sphere,cont,800,hard,RS_CONT,RS_CONT,0,3,0.0,0.2,0.012741455098566192,0.527129195498412,-20.636492907175427,-22.410667218883503,-24.58254921381865,-14.916262288824132
cont_sphere_004,sphere,cont,800,hard,"SA_CONT(sigma=0.3,T0=1.0,alpha=0.995)",SA_CONT,3,3,1.0,0.8,0.4728708045015879,0.9872585449014338,-0.3042496760323178,-0.3094297430041884,-0.33254308891720946,-0.2707761961755555
cont_sphere_004,sphere,cont,800,med,"DE(pop=20,F=0.8,CR=0.9)",DE,3,3,1.0,0.8,0.4728708045015879,0.9872585449014338,-6.723742245846634,-6.888643634699708,-7.045855539655077,-6.236727563185118
cont_sphere_004,sphere,cont,800,med,"DE(pop=40,F=0.8,CR=0.9)",DE,0,3,0.0,0.2,0.012741455098566192,0.527129195498412,-21.28830953052798,-21.43131558563407,-26.954141953579768,-15.479471052370101
cont_sphere_004,sphere,cont,800,med,"ES_ML(mu=10,lam=40,sigma=0.3)",ES_ML,3,3,1.0,0.8,0.4728708045015879,0.9872585449014338,-0.1737033190162911,-0.1396191147615568,-0.27091998934913275,-0.1105708529381837
cont_sphere_004,sphere,cont,800,med,"ES_ML(mu=20,lam=80,sigma=0.2)",ES_ML,3,3,1.0,0.8,0.4728708045015879,0.9872585449014338,-0.11755550966328844,-0.12994931197529935,-0.13650729739792278,-0.08620991961664319
cont_sphere_004,sphere,cont,800,med,HC_CONT(sigma=0.2),HC_CONT,3,3,1.0,0.8,0.4728708045015879,0.9872585449014338,-0.05591007249188562,-0.04251557724441409,-0.08865105147357463,-0.036563588757668145
cont_sphere_004,sphere,cont,800,med,"PSO_RING(p=20,ring,w=0.72,c1=1.49,c2=1.49)",PSO_RING,3,3,1.0,0.8,0.4728708045015879,0.9872585449014338,-0.8795314247658886,-0.6239607651457688,-1.6700777223085503,-0.3445557868433465
cont_sphere_004,sphere,cont,800,med,"PSO_RING(p=40,ring,w=0.72,c1=1.49,c2=1.49)",PSO_RING,3,3,1.0,0.8,0.4728708045015879,0.9872585449014338,-4.556948544229744,-5.010067704823599,-6.037766215831772,-2.623011712033862
cont_sphere_004,sphere,cont,800,med,"PSO_STD(p=20,w=0.72,c1=1.49,c2=1.49)",PSO_STD,3,3,1.0,0.8,0.4728708045015879,0.9872585449014338,-0.15579839549885754,-0.1261714500292772,-0.21824782941462595,-0.1229759070526695
cont_sphere_004,sphere,cont,800,med,"PSO_STD(p=40,w=0.72,c1=1.49,c2=1.49)",PSO_STD,3,3,1.0,0.8,0.4728708045015879,0.9872585449014338,-0.5847935485258638,-0.44676287963514333,-0.964238965774778,-0.3433788001676702
cont_sphere_004,sphere,cont,800,med,RS_CONT,RS_CONT,0,3,0.0,0.2,0.012741455098566192,0.527129195498412,-20.05081066288506,-21.442519327121573,-21.860633466642206,-16.849279194891395
cont_sphere_004,sphere,cont,800,med,"SA_CONT(sigma=0.3,T0=1.0,alpha=0.995)",SA_CONT,3,3,1.0,0.8,0.4728708045015879,0.9872585449014338,-0.21035768678960287,-0.2136516097195724,-0.245226512213404,-0.17219493843583217
cont_sphere_006,sphere,cont,300,easy,"DE(pop=20,F=0.8,CR=0.9)",DE,3,3,1.0,0.8,0.4728708045015879,0.9872585449014338,-12.889179816896421,-9.56693408279878,-24.965892661420988,-4.134712706469497
cont_sphere_006,sphere,cont,300,easy,"DE(pop=40,F=0.8,CR=0.9)",DE,1,3,0.3333333333333333,0.4,0.09761146288641434,0.7513953742698181,-27.277909642254272,-30.33043452469561,-34.43974142832365,-17.06355297374355
cont_sphere_006,sphere,cont,300,easy,"ES_ML(mu=10,lam=40,sigma=0.3)",ES_ML,3,3,1.0,0.8,0.4728708045015879,0.9872585449014338,-0.42973587090271986,-0.40166999649290375,-0.638813545134343,-0.2487240710809129
cont_sphere_006,sphere,cont,300,easy,"ES_ML(mu=20,lam=80,sigma=0.2)",ES_ML,3,3,1.0,0.8,0.4728708045015879,0.9872585449014338,-1.11883522099626,-1.0826971891456691,-1.2162236375509565,-1.0575848362921545
cont_sphere_006,sphere,cont,300,easy,HC_CONT(sigma=0.2),HC_CONT,3,3,1.0,0.8,0.4728708045015879,0.9872585449014338,-0.1391010595186223,-0.15025440117895714,-0.21641086390658038,-0.05063791347032944
cont_sphere_006,sphere,cont,300,easy,"PSO_RING(p=20,ring,w=0.72,c1=1.49,c2=1.49)",PSO_RING,3,3,1.0,0.8,0.4728708045015879,0.9872585449014338,-10.387805723478792,-9.194058266436807,-14.409065409737718,-7.560293494261848
cont_sphere_006,sphere,cont,300,easy,"PSO_RING(p=40,ring,w=0.72,c1=1.49,c2=1.49)",PSO_RING,3,3,1.0,0.8,0.4728708045015879,0.9872585449014338,-11.862549152746837,-11.1324989381226,-16.134601511809493,-8.320547008308415
cont_sphere_006,sphere,cont,300,easy,"PSO_STD(p=20,w=0.72,c1=1.49,c2=1.49)",PSO_STD,3,3,1.0,0.8,0.4728708045015879,0.9872585449014338,-3.37949877823657,-2.8357536290622205,-4.527547037578282,-2.7751956680692076
cont_sphere_006,sphere,cont,300,easy,"PSO_STD(p=40,w=0.72,c1=1.49,c2=1.49)",PSO_STD,3,3,1.0,0.8,0.4728708045015879,0.9872585449014338,-5.81335854444412,-5.2633694353191585,-9.9771873966219,-2.199518801391299
cont_sphere_006,sphere,cont,300,easy,RS_CONT,RS_CONT,2,3,0.6666666666666666,0.6,0.2486046257301818,0.9023885371135856,-26.964519899710734,-25.385114944100245,-30.123854943115155,-25.38458981191679
cont_sphere_006,sphere,cont,300,easy,"SA_CONT(sigma=0.3,T0=1.0,alpha=0.995)",SA_CONT,3,3,1.0,0.8,0.4728708045015879,0.9872585449014338,-0.507525093588069,-0.48189080490701863,-0.6044853652348106,-0.43619911062237776
cont_sphere_006,sphere,cont,300,hard,"DE(pop=20,F=0.8,CR=0.9)",DE,0,3,0.0,0.2,0.012741455098566192,0.527129195498412,-23.558112000376507,-24.16648773408395,-28.627266638041185,-17.880581629004375
cont_sphere_006,sphere,cont,300,hard,"DE(pop=40,F=0.8,CR=0.9)",DE,1,3,0.3333333333333333,0.4,0.09761146288641434,0.7513953742698181,-26.18034678344453,-31.735313235500808,-31.883116518733203,-14.922610596099581
cont_sphere_006,sphere,cont,300,hard,"ES_ML(mu=10,lam=40,sigma=0.3)",ES_ML,3,3,1.0,0.8,0.4728708045015879,0.9872585449014338,-1.1121407377424815,-0.9194128977385905,-1.58208547073728,-0.8349238447515741
cont_sphere_006,sphere,cont,300,hard,"ES_ML(mu=20,lam=80,sigma=0.2)",ES_ML,3,3,1.0,0.8,0.4728708045015879,0.9872585449014338,-1.2919929556706864,-1.632260385992513,-1.6663024562153255,-0.5774160248042205
cont_sphere_006,sphere,cont,300,hard,HC_CONT(sigma=0.2),HC_CONT,3,3,1.0,0.8,0.4728708045015879,0.9872585449014338,-0.13320638864687992,-0.08488830859747096,-0.244364559733177,-0.07036629760999177
cont_sphere_006,sphere,cont,300,hard,"PSO_RING(p=20,ring,w=0.72,c1=1.49,c2=1.49)",PSO_RING,3,3,1.0,0.8,0.4728708045015879,0.9872585449014338,-9.06421345694249,-10.898701149015018,-13.520955935260242,-2.7729832865522113
cont_sphere_006,sphere,cont,300,hard,"PSO_RING(p=40,ring,w=0.72,c1=1.49,c2=1.49)",PSO_RING,2,3,0.6666666666666666,0.6,0.2486046257301818,0.9023885371135856,-12.827215729454473,-11.629042457793172,-20.08563777476027,-6.766966955809979
cont_sphere_006,sphere,cont,300,hard,"PSO_STD(p=20,w=0.72,c1=1.49,c2=1.49)",PSO_STD,3,3,1.0,0.8,0.4728708045015879,0.9872585449014338,-2.821858360096003,-2.3346820778866655,-4.471390160412156,-1.6595028419891873
cont_sphere_006,sphere,cont,300,hard,"PSO_STD(p=40,w=0.72,c1=1.49,c2=1.49)",PSO_STD,3,3,1.0,0.8,0.4728708045015879,0.9872585449014338,-5.66899759369934,-6.517579028595844,-7.018261708285921,-3.4711520442162542
cont_sphere_006,sphere,cont,300,hard,RS_CONT,RS_CONT,0,3,0.0,0.2,0.012741455098566192,0.527129195498412,-28.159332368234782,-28.79219186945579,-31.53327341566507,-24.152531819583487
cont_sphere_006,sphere,cont,300,hard,"SA_CONT(sigma=0.3,T0=1.0,alpha=0.995)",SA_CONT,3,3,1.0,0.8,0.4728708045015879,0.9872585449014338,-0.8086527811000012,-0.782177054672339,-1.1484134155607604,-0.49536787306690416
cont_sphere_006,sphere,cont,300,med,"DE(pop=20,F=0.8,CR=0.9)",DE,0,3,0.0,0.2,0.012741455098566192,0.527129195498412,-22.333447831996708,-22.386069789019107,-24.262054711545026,-20.352218995425986
cont_sphere_006,sphere,cont,300,med,"DE(pop=40,F=0.8,CR=0.9)",DE,0,3,0.0,0.2,0.012741455098566192,0.527129195498412,-31.19021907453568,-32.109707847509675,-39.54017749259779,-21.920771883499565
cont_sphere_006,sphere,cont,300,med,"ES_ML(mu=10,lam=40,sigma=0.3)",ES_ML,3,3,1.0,0.8,0.4728708045015879,0.9872585449014338,-1.0796444444853355,-0.9348856636362497,-1.5371517216801371,-0.7668959481396196
cont_sphere_006,sphere,cont,300,med,"ES_ML(mu=20,lam=80,sigma=0.2)",ES_ML,3,3,1.0,0.8,0.4728708045015879,0.9872585449014338,-1.1383916866815704,-1.1591174695827897,-1.2645599387413715,-0.9914976517205503
cont_sphere_006,sphere,cont,300,med,HC_CONT(sigma=0.2),HC_CONT,3,3,1.0,0.8,0.4728708045015879,0.9872585449014338,-0.13620891062510102,-0.14782149227635105,-0.15911220499095446,-0.10169303460799758
cont_sphere_006,sphere,cont,300,med,"PSO_RING(p=20,ring,w=0.72,c1=1.49,c2=1.49)",PSO_RING,3,3,1.0,0.8,0.4728708045015879,0.9872585449014338,-5.926832602549439,-4.910897291581053,-8.529408905817176,-4.3401916102500895
cont_sphere_006,sphere,cont,300,med,"PSO_RING(p=40,ring,w=0.72,c1=1.49,c2=1.49)",PSO_RING,3,3,1.0,0.8,0.4728708045015879,0.9872585449014338,-14.94163901968903,-15.707054796280152,-15.87865411145455,-13.239208151332384
cont_sphere_006,sphere,cont,300,med,"PSO_STD(p=20,w=0.72,c1=1.49,c2=1.49)",PSO_STD,3,3,1.0,0.8,0.4728708045015879,0.9872585449014338,-1.9716549604508653,-2.3563511342742904,-2.6018704628116227,-0.9567432842666821
cont_sphere_006,sphere,cont,300,med,"PSO_STD(p=40,w=0.72,c1=1.49,c2=1.49)",PSO_STD,3,3,1.0,0.8,0.4728708045015879,0.9872585449014338,-6.055837231593795,-5.1184986991981685,-8.429008262288331,-4.620004733294885
cont_sphere_006,sphere,cont,300,med,RS_CONT,RS_CONT,0,3,0.0,0.2,0.012741455098566192,0.527129195498412,-24.49446961478043,-23.0754030831018,-29.243978344171484,-21.164027417068013
cont_sphere_006,sphere,cont,300,med,"SA_CONT(sigma=0.3,T0=1.0,alpha=0.995)",SA_CONT,3,3,1.0,0.8,0.4728708045015879,0.9872585449014338,-0.6952447095407144,-0.7767452128530111,-0.8719610877490029,-0.4370278280201289
cont_sphere_006,sphere,cont,800,easy,"DE(pop=20,F=0.8,CR=0.9)",DE,3,3,1.0,0.8,0.4728708045015879,0.9872585449014338,-8.214465820706192,-6.125867393652896,-12.5641392318965,-5.953390836569181
cont_sphere_006,sphere,cont,800,easy,"DE(pop=40,F=0.8,CR=0.9)",DE,3,3,1.0,0.8,0.4728708045015879,0.9872585449014338,-16.979703185617996,-16.81742581079189,-18.727947752082144,-15.393735993979963
cont_sphere_006,sphere,cont,800,easy,"ES_ML(mu=10,lam=40,sigma=0.3)",ES_ML,3,3,1.0,0.8,0.4728708045015879,0.9872585449014338,-0.230616124442288,-0.26563942722185074,-0.26955016929616066,-0.15665877680885257
cont_sphere_006,sphere,cont,800,easy,"ES_ML(mu=20,lam=80,sigma=0.2)",ES_ML,3,3,1.0,0.8,0.4728708045015879,0.9872585449014338,-0.14790918419227936,-0.14650145178048085,-0.1762645531861431,-0.12096154761021409
cont_sphere_006,sphere,cont,800,easy,HC_CONT(sigma=0.2),HC_CONT,3,3,1.0,0.8,0.4728708045015879,0.9872585449014338,-0.08177017015354747,-0.07935490676581328,-0.09826937894935574,-0.06768622474547337
cont_sphere_006,sphere,cont,800,easy,"PSO_RING(p=20,ring,w=0.72,c1=1.49,c2=1.49)",PSO_RING,3,3,1.0,0.8,0.4728708045015879,0.9872585449014338,-0.7762846464957555,-0.47116633301736804,-1.4098710384992776,-0.4478165679706208
cont_sphere_006,sphere,cont,800,easy,"PSO_RING(p=40,ring,w=0.72,c1=1.49,c2=1.49)",PSO_RING,3,3,1.0,0.8,0.4728708045015879,0.9872585449014338,-5.5823839633274845,-4.9349967041418905,-6.927617234560762,-4.884537951279804
cont_sphere_006,sphere,cont,800,easy,"PSO_STD(p=20,w=0.72,c1=1.49,c2=1.49)",PSO_STD,3,3,1.0,0.8,0.4728708045015879,0.9872585449014338,-0.19049497725823594,-0.19466571511305406,-0.19648762498224842,-0.18033159167940538
cont_sphere_006,sphere,cont,800,easy,"PSO_STD(p=40,w=0.72,c1=1.49,c2=1.49)",PSO_STD,3,3,1.0,0.8,0.4728708045015879,0.9872585449014338,-1.081819752438882,-1.083101355501298,-1.3562809237943487,-0.8060769780209991
cont_sphere_006,sphere,cont,800,easy,RS_CONT,RS_CONT,1,3,0.3333333333333333,0.4,0.09761146288641434,0.7513953742698181,-24.28405025927441,-25.9907664685632,-26.429689688185988,-20.431694621074033
cont_sphere_006,sphere,cont,800,easy,"SA_CONT(sigma=0.3,T0=1.0,alpha=0.995)",SA_CONT,3,3,1.0,0.8,0.4728708045015879,0.9872585449014338,-0.205315733749319,-0.1780766886724184,-0.2694474594796904,-0.16842305309584815
cont_sphere_006,sphere,cont,800,hard,"DE(pop=20,F=0.8,CR=0.9)",DE,3,3,1.0,0.8,0.4728708045015879,0.9872585449014338,-8.642276023111805,-7.985675579467814,-10.017253209343611,-7.9238992805239885
cont_sphere_006,sphere,cont,800,hard,"DE(pop=40,F=0.8,CR=0.9)",DE,3,3,1.0,0.8,0.4728708045015879,0.9872585449014338,-13.315953581096009,-12.186562002055982,-16.782657700581673,-10.978641040650372
cont_sphere_006,sphere,cont,800,hard,"ES_ML(mu=10,lam=40,sigma=0.3)",ES_ML,3,3,1.0,0.8,0.4728708045015879,0.9872585449014338,-0.23317515387617735,-0.25579097676807794,-0.27706964522029176,-0.16666483964016235
cont_sphere_006,sphere,cont,800,hard,"ES_ML(mu=20,lam=80,sigma=0.2)",ES_ML,3,3,1.0,0.8,0.4728708045015879,0.9872585449014338,-0.14496203211385258,-0.12656645315897164,-0.19254229530291686,-0.1157773478796693
cont_sphere_006,sphere,cont,800,hard,HC_CONT(sigma=0.2),HC_CONT,3,3,1.0,0.8,0.4728708045015879,0.9872585449014338,-0.10746127346848096,-0.107449466851596,-0.1384936103812831,-0.0764407431725638
cont_sphere_006,sphere,cont,800,hard,"PSO_RING(p=20,ring,w=0.72,c1=1.49,c2=1.49)",PSO_RING,3,3,1.0,0.8,0.4728708045015879,0.9872585449014338,-1.1327994109336716,-1.180345340491148,-1.4709596382951762,-0.747093254014691
cont_sphere_006,sphere,cont,800,hard,"PSO_RING(p=40,ring,w=0.72,c1=1.49,c2=1.49)",PSO_RING,3,3,1.0,0.8,0.4728708045015879,0.9872585449014338,-4.8285161639663015,-5.402305421026902,-7.012485964574548,-2.0707571062974552
cont_sphere_006,sphere,cont,800,hard,"PSO_STD(p=20,w=0.72,c1=1.49,c2=1.49)",PSO_STD,3,3,1.0,0.8,0.4728708045015879,0.9872585449014338,-0.21010151310827208,-0.1723225440480647,-0.32536441972100216,-0.1326175755557494
cont_sphere_006,sphere,cont,800,hard,"PSO_STD(p=40,w=0.72,c1=1.49,c2=1.49)",PSO_STD,3,3,1.0,0.8,0.4728708045015879,0.9872585449014338,-1.3168400405687706,-1.3217112833742426,-1.5447828081908443,-1.0840260301412246
cont_sphere_006,sphere,cont,800,hard,RS_CONT,RS_CONT,0,3,0.0,0.2,0.012741455098566192,0.527129195498412,-22.70046267354168,-22.194005161364043,-25.82880318624843,-20.078579673012563
cont_sphere_006,sphere,cont,800,hard,"SA_CONT(sigma=0.3,T0=1.0,alpha=0.995)",SA_CONT,3,3,1.0,0.8,0.4728708045015879,0.9872585449014338,-0.25669335794042314,-0.22796460374332275,-0.34045388711168584,-0.20166158296626077
cont_sphere_006,sphere,cont,800,med,"DE(pop=20,F=0.8,CR=0.9)",DE,3,3,1.0,0.8,0.4728708045015879,0.9872585449014338,-7.347522006303104,-7.133356548193116,-8.441362142101283,-6.467847328614915
cont_sphere_006,sphere,cont,800,med,"DE(pop=40,F=0.8,CR=0.9)",DE,3,3,1.0,0.8,0.4728708045015879,0.9872585449014338,-13.239844904167683,-13.20851148835029,-18.889023098016793,-7.622000126135964
cont_sphere_006,sphere,cont,800,med,"ES_ML(mu=10,lam=40,sigma=0.3)",ES_ML,3,3,1.0,0.8,0.4728708045015879,0.9872585449014338,-0.19247807715386966,-0.19792080340479587,-0.20995313596506734,-0.16956029209174578
cont_sphere_006,sphere,cont,800,med,"ES_ML(mu=20,lam=80,sigma=0.2)",ES_ML,3,3,1.0,0.8,0.4728708045015879,0.9872585449014338,-0.16610877175671013,-0.1534319715159247,-0.19589891675267151,-0.14899542700153415
cont_sphere_006,sphere,cont,800,med,HC_CONT(sigma=0.2),HC_CONT,3,3,1.0,0.8,0.4728708045015879,0.9872585449014338,-0.06364390481096445,-0.053994097129787026,-0.08377218101344429,-0.05316543628966205
cont_sphere_006,sphere,cont,800,med,"PSO_RING(p=20,ring,w=0.72,c1=1.49,c2=1.49)",PSO_RING,3,3,1.0,0.8,0.4728708045015879,0.9872585449014338,-0.9977914392086157,-0.8661619409058509,-1.293713490892454,-0.8334988858275423
cont_sphere_006,sphere,cont,800,med,"PSO_RING(p=40,ring,w=0.72,c1=1.49,c2=1.49)",PSO_RING,3,3,1.0,0.8,0.4728708045015879,0.9872585449014338,-4.808321476122873,-4.448749400545106,-5.961809214552749,-4.014405813270765
cont_sphere_006,sphere,cont,800,med,"PSO_STD(p=20,w=0.72,c1=1.49,c2=1.49)",PSO_STD,3,3,1.0,0.8,0.4728708045015879,0.9872585449014338,-0.11546942687479261,-0.04306877354672314,-0.26380890641087185,-0.039530600666782836
cont_sphere_006,sphere,cont,800,med,"PSO_STD(p=40,w=0.72,c1=1.49,c2=1.49)",PSO_STD,3,3,1.0,0.8,0.4728708045015879,0.9872585449014338,-1.1723671080308342,-1.0652315702050117,-2.078702711487584,-0.3731670423999073
cont_sphere_006,sphere,cont,800,med,RS_CONT,RS_CONT,0,3,0.0,0.2,0.012741455098566192,0.527129195498412,-26.295223304172406,-26.89746958623307,-28.514516202008053,-23.473684124276097
cont_sphere_006,sphere,cont,800,med,"SA_CONT(sigma=0.3,T0=1.0,alpha=0.995)",SA_CONT,3,3,1.0,0.8,0.4728708045015879,0.9872585449014338,-0.28082598465196346,-0.31412502108650875,-0.3142291467030464,-0.2141237861663353
cont_sphere_008,sphere,cont,300,easy,"DE(pop=20,F=0.8,CR=0.9)",DE,2,3,0.6666666666666666,0.6,0.2486046257301818,0.9023885371135856,-18.799813234031657,-16.536561321362033,-28.472191450049177,-11.390686930683753
cont_sphere_008,sphere,cont,300,easy,"DE(pop=40,F=0.8,CR=0.9)",DE,0,3,0.0,0.2,0.012741455098566192,0.527129195498412,-32.873963316923124,-29.85391891537223,-43.72658121350472,-25.041389821892423
cont_sphere_008,sphere,cont,300,easy,"ES_ML(mu=10,lam=40,sigma=0.3)",ES_ML,3,3,1.0,0.8,0.4728708045015879,0.9872585449014338,-0.6679858740273213,-0.6467364392437769,-0.8434733378290156,-0.5137478450091715
cont_sphere_008,sphere,cont,300,easy,"ES_ML(mu=20,lam=80,sigma=0.2)",ES_ML,3,3,1.0,0.8,0.4728708045015879,0.9872585449014338,-0.7563285900869644,-0.35686562949469236,-1.562975269870359,-0.3491448708958415
cont_sphere_008,sphere,cont,300,easy,HC_CONT(sigma=0.2),HC_CONT,3,3,1.0,0.8,0.4728708045015879,0.9872585449014338,-0.1369179456358019,-0.12071567439626855,-0.17240337339428605,-0.11763478911685107
cont_sphere_008,sphere,cont,300,easy,"PSO_RING(p=20,ring,w=0.72,c1=1.49,c2=1.49)",PSO_RING,3,3,1.0,0.8,0.4728708045015879,0.9872585449014338,-5.372390394548692,-5.123122433900707,-6.370291224852304,-4.6237575248930645
cont_sphere_008,sphere,cont,300,easy,"PSO_RING(p=40,ring,w=0.72,c1=1.49,c2=1.49)",PSO_RING,3,3,1.0,0.8,0.4728708045015879,0.9872585449014338,-14.988279641179078,-18.2178880170168,-20.29461399232857,-6.452336914191863
cont_sphere_008,sphere,cont,300,easy,"PSO_STD(p=20,w=0.72,c1=1.49,c2=1.49)",PSO_STD,3,3,1.0,0.8,0.4728708045015879,0.9872585449014338,-4.146998531407408,-5.0505826351342,-5.453170906041379,-1.9372420530466437
cont_sphere_008,sphere,cont,300,easy,"PSO_STD(p=40,w=0.72,c1=1.49,c2=1.49)",PSO_STD,3,3,1.0,0.8,0.4728708045015879,0.9872585449014338,-7.293003602038066,-7.541636069695478,-11.235399458970395,-3.101975277448325
cont_sphere_008,sphere,cont,300,easy,RS_CONT,RS_CONT,0,3,0.0,0.2,0.012741455098566192,0.527129195498412,-26.6645761082996,-26.500267166230685,-28.484108729179436,-25.00935242948868
cont_sphere_008,sphere,cont,300,easy,"SA_CONT(sigma=0.3,T0=1.0,alpha=0.995)",SA_CONT,3,3,1.0,0.8,0.4728708045015879,0.9872585449014338,-0.8201815049730703,-0.7605653905916049,-1.137917448131363,-0.562061676196243
cont_sphere_008,sphere,cont,300,hard,"DE(pop=20,F=0.8,CR=0.9)",DE,1,3,0.3333333333333333,0.4,0.09761146288641434,0.7513953742698181,-20.031496341522395,-24.241934869892116,-26.80348875747727,-9.049065397197802
cont_sphere_008,sphere,cont,300,hard,"DE(pop=40,F=0.8,CR=0.9)",DE,0,3,0.0,0.2,0.012741455098566192,0.527129195498412,-26.840499356944523,-26.65453791671372,-28.705867908290124,-25.161092245829728
cont_sphere_008,sphere,cont,300,hard,"ES_ML(mu=10,lam=40,sigma=0.3)",ES_ML,3,3,1.0,0.8,0.4728708045015879,0.9872585449014338,-0.549462038490436,-0.5496161041857819,-0.8158894192083724,-0.2828805920771537
cont_sphere_008,sphere,cont,300,hard,"ES_ML(mu=20,lam=80,sigma=0.2)",ES_ML,3,3,1.0,0.8,0.4728708045015879,0.9872585449014338,-1.608470871507642,-1.2142347025124962,-2.948486058804304,-0.6626918532061259
cont_sphere_008,sphere,cont,300,hard,HC_CONT(sigma=0.2),HC_CONT,3,3,1.0,0.8,0.4728708045015879,0.9872585449014338,-0.19038483809196147,-0.21045887185763337,-0.24576148003550585,-0.11493416238274518
cont_sphere_008,sphere,cont,300,hard,"PSO_RING(p=20,ring,w=0.72,c1=1.49,c2=1.49)",PSO_RING,3,3,1.0,0.8,0.4728708045015879,0.9872585449014338,-13.310046939884444,-13.806024093828405,-14.151534394612794,-11.972582331212136
cont_sphere_008,sphere,cont,300,hard,"PSO_RING(p=40,ring,w=0.72,c1=1.49,c2=1.49)",PSO_RING,2,3,0.6666666666666666,0.6,0.2486046257301818,0.9023885371135856,-13.175782558169237,-10.649818626897252,-18.561815425177993,-10.315713622432462
cont_sphere_008,sphere,cont,300,hard,"PSO_STD(p=20,w=0.72,c1=1.49,c2=1.49)",PSO_STD,3,3,1.0,0.8,0.4728708045015879,0.9872585449014338,-4.385324131622615,-2.690396200386898,-8.074532140322134,-2.3910440541588125
cont_sphere_008,sphere,cont,300,hard,"PSO_STD(p=40,w=0.72,c1=1.49,c2=1.49)",PSO_STD,3,3,1.0,0.8,0.4728708045015879,0.9872585449014338,-6.142675118698533,-5.105769025639449,-8.647954354440976,-4.674301976015173
cont_sphere_008,sphere,cont,300,hard,RS_CONT,RS_CONT,0,3,0.0,0.2,0.012741455098566192,0.527129195498412,-26.430475907726464,-27.745876377513685,-30.626614033274183,-20.91893731239152
cont_sphere_008,sphere,cont,300,hard,"SA_CONT(sigma=0.3,T0=1.0,alpha=0.995)",SA_CONT,3,3,1.0,0.8,0.4728708045015879,0.9872585449014338,-0.6146642643862336,-0.5497262097954206,-0.7468368303289672,-0.5474297530343126
cont_sphere_008,sphere,cont,300,med,"DE(pop=20,F=0.8,CR=0.9)",DE,1,3,0.3333333333333333,0.4,0.09761146288641434,0.7513953742698181,-21.362549256489817,-22.898881294852337,-24.8826719520444,-16.30609452257272
cont_sphere_008,sphere,cont,300,med,"DE(pop=40,F=0.8,CR=0.9)",DE,0,3,0.0,0.2,0.012741455098566192,0.527129195498412,-35.927646796914445,-34.32485097519755,-40.60925971738107,-32.84882969816471
cont_sphere_008,sphere,cont,300,med,"ES_ML(mu=10,lam=40,sigma=0.3)",ES_ML,3,3,1.0,0.8,0.4728708045015879,0.9872585449014338,-0.8248514402146384,-0.6021563867556634,-1.6496722848079275,-0.2227256490803244
cont_sphere_008,sphere,cont,300,med,"ES_ML(mu=20,lam=80,sigma=0.2)",ES_ML,3,3,1.0,0.8,0.4728708045015879,0.9872585449014338,-1.8741734478629724,-1.791505254240256,-2.4824513626371987,-1.3485637267114627
cont_sphere_008,sphere,cont,300,med,HC_CONT(sigma=0.2),HC_CONT,3,3,1.0,0.8,0.4728708045015879,0.9872585449014338,-0.20624223038675216,-0.16267131619194522,-0.3423600179077922,-0.11369535706051913
cont_sphere_008,sphere,cont,300,med,"PSO_RING(p=20,ring,w=0.72,c1=1.49,c2=1.49)",PSO_RING,3,3,1.0,0.8,0.4728708045015879,0.9872585449014338,-8.38051387456006,-6.226001578326437,-13.563962238324345,-5.351577807029402
cont_sphere_008,sphere,cont,300,med,"PSO_RING(p=40,ring,w=0.72,c1=1.49,c2=1.49)",PSO_RING,3,3,1.0,0.8,0.4728708045015879,0.9872585449014338,-8.848592532499763,-8.917388620121555,-11.429789188197512,-6.19859978918022
cont_sphere_008,sphere,cont,300,med,"PSO_STD(p=20,w=0.72,c1=1.49,c2=1.49)",PSO_STD,3,3,1.0,0.8,0.4728708045015879,0.9872585449014338,-3.92792882454215,-3.9601599272606944,-4.5520473828416055,-3.2715791635241516
cont_sphere_008,sphere,cont,300,med,"PSO_STD(p=40,w=0.72,c1=1.49,c2=1.49)",PSO_STD,3,3,1.0,0.8,0.4728708045015879,0.9872585449014338,-7.598468057871813,-4.46716072191676,-14.202594647451612,-4.125648804247066
cont_sphere_008,sphere,cont,300,med,RS_CONT,RS_CONT,0,3,0.0,0.2,0.012741455098566192,0.527129195498412,-23.935306267234722,-22.989257898222963,-26.100427646211397,-22.716233257269813
cont_sphere_008,sphere,cont,300,med,"SA_CONT(sigma=0.3,T0=1.0,alpha=0.995)",SA_CONT,3,3,1.0,0.8,0.4728708045015879,0.9872585449014338,-0.5708281092665954,-0.48744095114080555,-0.8662299405596885,-0.35881343609929217
cont_sphere_008,sphere,cont,800,easy,"DE(pop=20,F=0.8,CR=0.9)",DE,3,3,1.0,0.8,0.4728708045015879,0.9872585449014338,-6.364739524328833,-5.707341032550411,-9.083545443581304,-4.303332096854785
cont_sphere_008,sphere,cont,800,easy,"DE(pop=40,F=0.8,CR=0.9)",DE,1,3,0.3333333333333333,0.4,0.09761146288641434,0.7513953742698181,-22.495457489291,-21.968430555482204,-25.70114208623853,-19.816799826152263
cont_sphere_008,sphere,cont,800,easy,"ES_ML(mu=10,lam=40,sigma=0.3)",ES_ML,3,3,1.0,0.8,0.4728708045015879,0.9872585449014338,-0.21124372614513956,-0.20890102436160635,-0.2229821012956655,-0.20184805277814685
cont_sphere_008,sphere,cont,800,easy,"ES_ML(mu=20,lam=80,sigma=0.2)",ES_ML,3,3,1.0,0.8,0.4728708045015879,0.9872585449014338,-0.16173794299443592,-0.19323611661071743,-0.2181891340292806,-0.07378857834330975
cont_sphere_008,sphere,cont,800,easy,HC_CONT(sigma=0.2),HC_CONT,3,3,1.0,0.8,0.4728708045015879,0.9872585449014338,-0.08431391994646377,-0.08614779330974634,-0.10915412122152927,-0.057639845308115695
cont_sphere_008,sphere,cont,800,easy,"PSO_RING(p=20,ring,w=0.72,c1=1.49,c2=1.49)",PSO_RING,3,3,1.0,0.8,0.4728708045015879,0.9872585449014338,-0.8625031225726104,-0.9626282190158184,-0.9781092418149373,-0.6467719068870756
cont_sphere_008,sphere,cont,800,easy,"PSO_RING(p=40,ring,w=0.72,c1=1.49,c2=1.49)",PSO_RING,3,3,1.0,0.8,0.4728708045015879,0.9872585449014338,-4.416213833759066,-4.607277445373629,-5.082253216770054,-3.5591108391335142
cont_sphere_008,sphere,cont,800,easy,"PSO_STD(p=20,w=0.72,c1=1.49,c2=1.49)",PSO_STD,3,3,1.0,0.8,0.4728708045015879,0.9872585449014338,-0.18857965888099146,-0.17391056979315714,-0.23673140502027942,-0.1550970018295378
cont_sphere_008,sphere,cont,800,easy,"PSO_STD(p=40,w=0.72,c1=1.49,c2=1.49)",PSO_STD,3,3,1.0,0.8,0.4728708045015879,0.9872585449014338,-1.0833873730942303,-1.134617377147893,-1.2258095378564438,-0.8897352042783541
cont_sphere_008,sphere,cont,800,easy,RS_CONT,RS_CONT,1,3,0.3333333333333333,0.4,0.09761146288641434,0.7513953742698181,-20.35605697391868,-20.306719190722635,-23.76743663881058,-16.994015092222828
cont_sphere_008,sphere,cont,800,easy,"SA_CONT(sigma=0.3,T0=1.0,alpha=0.995)",SA_CONT,3,3,1.0,0.8,0.4728708045015879,0.9872585449014338,-0.28234649972277076,-0.296778669383967,-0.33974511741779145,-0.2105157123665539
cont_sphere_008,sphere,cont,800,hard,"DE(pop=20,F=0.8,CR=0.9)",DE,3,3,1.0,0.8,0.4728708045015879,0.9872585449014338,-7.3735374941439575,-5.465071859213311,-12.019896615396302,-4.635644007822261
cont_sphere_008,sphere,cont,800,hard,"DE(pop=40,F=0.8,CR=0.9)",DE,2,3,0.6666666666666666,0.6,0.2486046257301818,0.9023885371135856,-13.261912990882555,-11.18141877801904,-19.213644230901885,-9.390675963726736
cont_sphere_008,sphere,cont,800,hard,"ES_ML(mu=10,lam=40,sigma=0.3)",ES_ML,3,3,1.0,0.8,0.4728708045015879,0.9872585449014338,-0.2359933307068929,-0.2562188703655142,-0.30455154014471025,-0.1472095816104543
cont_sphere_008,sphere,cont,800,hard,"ES_ML(mu=20,lam=80,sigma=0.2)",ES_ML,3,3,1.0,0.8,0.4728708045015879,0.9872585449014338,-0.09472549927434291,-0.07764798178957995,-0.15766006955103914,-0.04886844648240964
cont_sphere_008,sphere,cont,800,hard,HC_CONT(sigma=0.2),HC_CONT,3,3,1.0,0.8,0.4728708045015879,0.9872585449014338,-0.09988227756199798,-0.106740455137519,-0.11531658113780341,-0.07758979641067154
cont_sphere_008,sphere,cont,800,hard,"PSO_RING(p=20,ring,w=0.72,c1=1.49,c2=1.49)",PSO_RING,3,3,1.0,0.8,0.4728708045015879,0.9872585449014338,-1.1897321436014003,-0.9217061599767205,-1.7811706354264627,-0.8663196354010179
cont_sphere_008,sphere,cont,800,hard,"PSO_RING(p=40,ring,w=0.72,c1=1.49,c2=1.49)",PSO_RING,3,3,1.0,0.8,0.4728708045015879,0.9872585449014338,-4.361523092575624,-3.958647509090283,-5.521129334720494,-3.6047924339160935
cont_sphere_008,sphere,cont,800,hard,"PSO_STD(p=20,w=0.72,c1=1.49,c2=1.49)",PSO_STD,3,3,1.0,0.8,0.4728708045015879,0.9872585449014338,-0.1634578327865469,-0.19496335465884038,-0.2670902068045594,-0.028319936896240967
cont_sphere_008,sphere,cont,800,hard,"PSO_STD(p=40,w=0.72,c1=1.49,c2=1.49)",PSO_STD,3,3,1.0,0.8,0.4728708045015879,0.9872585449014338,-0.8363231906968246,-0.765769321590587,-1.3952904431987085,-0.3479098073011782
cont_sphere_008,sphere,cont,800,hard,RS_CONT,RS_CONT,0,3,0.0,0.2,0.012741455098566192,0.527129195498412,-24.351619674973396,-24.8727927158564,-25.40421552818298,-22.777850780880815
cont_sphere_008,sphere,cont,800,hard,"SA_CONT(sigma=0.3,T0=1.0,alpha=0.995)",SA_CONT,3,3,1.0,0.8,0.4728708045015879,0.9872585449014338,-0.2562964166198202,-0.23380863740611535,-0.37021902079768243,-0.16486159165566283
cont_sphere_008,sphere,cont,800,med,"DE(pop=20,F=0.8,CR=0.9)",DE,3,3,1.0,0.8,0.4728708045015879,0.9872585449014338,-5.003273276701659,-4.7724729851140095,-5.88808755078064,-4.349259294210328
cont_sphere_008,sphere,cont,800,med,"DE(pop=40,F=0.8,CR=0.9)",DE,0,3,0.0,0.2,0.012741455098566192,0.527129195498412,-22.284851687593754,-23.318267467479103,-25.078966022693557,-18.4573215726086
cont_sphere_008,sphere,cont,800,med,"ES_ML(mu=10,lam=40,sigma=0.3)",ES_ML,3,3,1.0,0.8,0.4728708045015879,0.9872585449014338,-0.1537413080787088,-0.11174203792078129,-0.25247351149306785,-0.09700837482227725
cont_sphere_008,sphere,cont,800,med,"ES_ML(mu=20,lam=80,sigma=0.2)",ES_ML,3,3,1.0,0.8,0.4728708045015879,0.9872585449014338,-0.12679096753536187,-0.11147089672968838,-0.166802163383644,-0.10209984249275318
cont_sphere_008,sphere,cont,800,med,HC_CONT(sigma=0.2),HC_CONT,3,3,1.0,0.8,0.4728708045015879,0.9872585449014338,-0.08021169255727839,-0.08254125758846005,-0.11810059020606621,-0.03999322987730891
cont_sphere_008,sphere,cont,800,med,"PSO_RING(p=20,ring,w=0.72,c1=1.49,c2=1.49)",PSO_RING,3,3,1.0,0.8,0.4728708045015879,0.9872585449014338,-0.7612807549997314,-0.6867380567334153,-1.1646791273415584,-0.43242508092422016
cont_sphere_008,sphere,cont,800,med,"PSO_RING(p=40,ring,w=0.72,c1=1.49,c2=1.49)",PSO_RING,3,3,1.0,0.8,0.4728708045015879,0.9872585449014338,-3.2788971943645002,-2.8291181374744823,-4.648448628843702,-2.359124816775316
cont_sphere_008,sphere,cont,800,med,"PSO_STD(p=20,w=0.72,c1=1.49,c2=1.49)",PSO_STD,3,3,1.0,0.8,0.4728708045015879,0.9872585449014338,-0.1521131112962587,-0.1511061740046047,-0.15563417373098623,-0.1495989861531852
cont_sphere_008,sphere,cont,800,med,"PSO_STD(p=40,w=0.72,c1=1.49,c2=1.49)",PSO_STD,3,3,1.0,0.8,0.4728708045015879,0.9872585449014338,-0.8062499519703771,-0.9338827153680156,-1.0824272931054912,-0.40243984743762456
cont_sphere_008,sphere,cont,800,med,RS_CONT,RS_CONT,2,3,0.6666666666666666,0.6,0.2486046257301818,0.9023885371135856,-16.6639980288849,-15.108628142860448,-22.350095253128107,-12.533270690666141
cont_sphere_008,sphere,cont,800,med,"SA_CONT(sigma=0.3,T0=1.0,alpha=0.995)",SA_CONT,3,3,1.0,0.8,0.4728708045015879,0.9872585449014338,-0.24681518628018848,-0.2791680287820407,-0.3235977856354781,-0.13767974442304665
cont_sphere_010,sphere,cont,300,easy,"DE(pop=20,F=0.8,CR=0.9)",DE,3,3,1.0,0.8,0.4728708045015879,0.9872585449014338,-23.527783871606772,-26.90774614811691,-27.95671619431312,-15.718889272390282
cont_sphere_010,sphere,cont,300,easy,"DE(pop=40,F=0.8,CR=0.9)",DE,2,3,0.6666666666666666,0.6,0.2486046257301818,0.9023885371135856,-27.894039886252234,-27.22524407577389,-40.61320039110602,-15.843675191876798
cont_sphere_010,sphere,cont,300,easy,"ES_ML(mu=10,lam=40,sigma=0.3)",ES_ML,3,3,1.0,0.8,0.4728708045015879,0.9872585449014338,-1.722541260358075,-1.3105159448825825,-3.0566380289790347,-0.8004698072126077
cont_sphere_010,sphere,cont,300,easy,"ES_ML(mu=20,lam=80,sigma=0.2)",ES_ML,3,3,1.0,0.8,0.4728708045015879,0.9872585449014338,-1.9135835321892254,-2.0825321898086804,-2.3736816741053754,-1.2845367326536203
cont_sphere_010,sphere,cont,300,easy,HC_CONT(sigma=0.2),HC_CONT,3,3,1.0,0.8,0.4728708045015879,0.9872585449014338,-0.11757506961400847,-0.09179736117122066,-0.17450959713179862,-0.08641825053900615
cont_sphere_010,sphere,cont,300,easy,"PSO_RING(p=20,ring,w=0.72,c1=1.49,c2=1.49)",PSO_RING,3,3,1.0,0.8,0.4728708045015879,0.9872585449014338,-5.6566327587039575,-5.608783452912724,-7.749227703583707,-3.6118871196154414
cont_sphere_010,sphere,cont,300,easy,"PSO_RING(p=40,ring,w=0.72,c1=1.49,c2=1.49)",PSO_RING,3,3,1.0,0.8,0.4728708045015879,0.9872585449014338,-13.426283068442103,-14.918650270780038,-16.589166840099843,-8.771032094446426
cont_sphere_010,sphere,cont,300,easy,"PSO_STD(p=20,w=0.72,c1=1.49,c2=1.49)",PSO_STD,3,3,1.0,0.8,0.4728708045015879,0.9872585449014338,-4.242325050708523,-4.602711975369156,-5.822516321089326,-2.3017468556670853
cont_sphere_010,sphere,cont,300,easy,"PSO_STD(p=40,w=0.72,c1=1.49,c2=1.49)",PSO_STD,3,3,1.0,0.8,0.4728708045015879,0.9872585449014338,-5.585541058811903,-5.467402416967973,-8.206022269748217,-3.0831984897195173
cont_sphere_010,sphere,cont,300,easy,RS_CONT,RS_CONT,0,3,0.0,0.2,0.012741455098566192,0.527129195498412,-33.394723926048975,-32.352085371276466,-38.59813971874269,-29.23394668812777
cont_sphere_010,sphere,cont,300,easy,"SA_CONT(sigma=0.3,T0=1.0,alpha=0.995)",SA_CONT,3,3,1.0,0.8,0.4728708045015879,0.9872585449014338,-0.6152069998695538,-0.6018529361049231,-0.8080141072511212,-0.43575395625261726
cont_sphere_010,sphere,cont,300,hard,"DE(pop=20,F=0.8,CR=0.9)",DE,3,3,1.0,0.8,0.4728708045015879,0.9872585449014338,-18.353791554479496,-17.974475859444546,-19.41499679233023,-17.671902011663718
cont_sphere_010,sphere,cont,300,hard,"DE(pop=40,F=0.8,CR=0.9)",DE,1,3,0.3333333333333333,0.4,0.09761146288641434,0.7513953742698181,-30.181303612225378,-35.60358640532276,-37.420109660954395,-17.52021477039898
cont_sphere_010,sphere,cont,300,hard,"ES_ML(mu=10,lam=40,sigma=0.3)",ES_ML,3,3,1.0,0.8,0.4728708045015879,0.9872585449014338,-1.584887507872027,-1.025097736978361,-3.2152683747381063,-0.5142964118996135
cont_sphere_010,sphere,cont,300,hard,"ES_ML(mu=20,lam=80,sigma=0.2)",ES_ML,3,3,1.0,0.8,0.4728708045015879,0.9872585449014338,-1.0465123130318916,-1.4317314952581648,-1.47601972123497,-0.23178572260254002
cont_sphere_010,sphere,cont,300,hard,HC_CONT(sigma=0.2),HC_CONT,3,3,1.0,0.8,0.4728708045015879,0.9872585449014338,-0.19361124315666814,-0.1905811317600422,-0.21607743933720278,-0.17417515837275943
cont_sphere_010,sphere,cont,300,hard,"PSO_RING(p=20,ring,w=0.72,c1=1.49,c2=1.49)",PSO_RING,3,3,1.0,0.8,0.4728708045015879,0.9872585449014338,-12.081149019680153,-9.899029260438729,-20.563171497847378,-5.781246300754344
cont_sphere_010,sphere,cont,300,hard,"PSO_RING(p=40,ring,w=0.72,c1=1.49,c2=1.49)",PSO_RING,3,3,1.0,0.8,0.4728708045015879,0.9872585449014338,-13.985978478072687,-14.287581580718557,-16.603698063931244,-11.066655789568253
cont_sphere_010,sphere,cont,300,hard,"PSO_STD(p=20,w=0.72,c1=1.49,c2=1.49)",PSO_STD,3,3,1.0,0.8,0.4728708045015879,0.9872585449014338,-3.820449748101435,-4.27865041660224,-5.7319917637351505,-1.450707063966915
cont_sphere_010,sphere,cont,300,hard,"PSO_STD(p=40,w=0.72,c1=1.49,c2=1.49)",PSO_STD,3,3,1.0,0.8,0.4728708045015879,0.9872585449014338,-7.62684828259425,-8.077438662317832,-11.726185719281993,-3.076920466182927
cont_sphere_010,sphere,cont,300,hard,RS_CONT,RS_CONT,1,3,0.3333333333333333,0.4,0.09761146288641434,0.7513953742698181,-26.402675257262,-31.019155992307272,-33.28096817454659,-14.907901604932146
cont_sphere_010,sphere,cont,300,hard,"SA_CONT(sigma=0.3,T0=1.0,alpha=0.995)",SA_CONT,3,3,1.0,0.8,0.4728708045015879,0.9872585449014338,-0.6606197799599883,-0.6956052583387471,-0.7704116151515384,-0.5158424663896795
cont_sphere_010,sphere,cont,300,med,"DE(pop=20,F=0.8,CR=0.9)",DE,2,3,0.6666666666666666,0.6,0.2486046257301818,0.9023885371135856,-22.747795531639255,-25.875192293942362,-29.942097538618306,-12.426096762357094
cont_sphere_010,sphere,cont,300,med,"DE(pop=40,F=0.8,CR=0.9)",DE,2,3,0.6666666666666666,0.6,0.2486046257301818,0.9023885371135856,-27.318468166605896,-22.104698911805574,-38.85075616719681,-20.999949420815305
cont_sphere_010,sphere,cont,300,med,"ES_ML(mu=10,lam=40,sigma=0.3)",ES_ML,3,3,1.0,0.8,0.4728708045015879,0.9872585449014338,-0.8834631929249742,-1.0702144304311472,-1.253095208391983,-0.3270799399517928
cont_sphere_010,sphere,cont,300,med,"ES_ML(mu=20,lam=80,sigma=0.2)",ES_ML,3,3,1.0,0.8,0.4728708045015879,0.9872585449014338,-0.6444674917666938,-0.5558964108382257,-0.8308250935826401,-0.5466809708792157
cont_sphere_010,sphere,cont,300,med,HC_CONT(sigma=0.2),HC_CONT,3,3,1.0,0.8,0.4728708045015879,0.9872585449014338,-0.14741113298602435,-0.1529885932034475,-0.1781872212661913,-0.11105758448843422
cont_sphere_010,sphere,cont,300,med,"PSO_RING(p=20,ring,w=0.72,c1=1.49,c2=1.49)",PSO_RING,3,3,1.0,0.8,0.4728708045015879,0.9872585449014338,-9.645652380377221,-9.314817110203416,-15.509433381790858,-4.112706649137389
cont_sphere_010,sphere,cont,300,med,"PSO_RING(p=40,ring,w=0.72,c1=1.49,c2=1.49)",PSO_RING,3,3,1.0,0.8,0.4728708045015879,0.9872585449014338,-17.649885982776848,-19.139048187002416,-20.201382638027265,-13.609227123300856
cont_sphere_010,sphere,cont,300,med,"PSO_STD(p=20,w=0.72,c1=1.49,c2=1.49)",PSO_STD,3,3,1.0,0.8,0.4728708045015879,0.9872585449014338,-3.767199644392798,-3.6619906417585857,-4.313041644911935,-3.3265666465078745
cont_sphere_010,sphere,cont,300,med,"PSO_STD(p=40,w=0.72,c1=1.49,c2=1.49)",PSO_STD,3,3,1.0,0.8,0.4728708045015879,0.9872585449014338,-5.6434942413268745,-5.715905457055815,-7.277229374597649,-3.9373478923271614
cont_sphere_010,sphere,cont,300,med,RS_CONT,RS_CONT,1,3,0.3333333333333333,0.4,0.09761146288641434,0.7513953742698181,-25.989501782975154,-27.572873372369763,-27.935642056598763,-22.45998991995694
cont_sphere_010,sphere,cont,300,med,"SA_CONT(sigma=0.3,T0=1.0,alpha=0.995)",SA_CONT,3,3,1.0,0.8,0.4728708045015879,0.9872585449014338,-0.42305263224459777,-0.3995907833298817,-0.47431680164213014,-0.3952503117617816
cont_sphere_010,sphere,cont,800,easy,"DE(pop=20,F=0.8,CR=0.9)",DE,3,3,1.0,0.8,0.4728708045015879,0.9872585449014338,-8.771119064891737,-8.040042277840557,-14.947287806345834,-3.3260271104888206
cont_sphere_010,sphere,cont,800,easy,"DE(pop=40,F=0.8,CR=0.9)",DE,2,3,0.6666666666666666,0.6,0.2486046257301818,0.9023885371135856,-15.653207142957527,-13.651200759800217,-22.83084500988628,-10.477575659186083
cont_sphere_010,sphere,cont,800,easy,"ES_ML(mu=10,lam=40,sigma=0.3)",ES_ML,3,3,1.0,0.8,0.4728708045015879,0.9872585449014338,-0.16644082194228435,-0.13013094283361828,-0.26270195130262824,-0.10648957169060652
cont_sphere_010,sphere,cont,800,easy,"ES_ML(mu=20,lam=80,sigma=0.2)",ES_ML,3,3,1.0,0.8,0.4728708045015879,0.9872585449014338,-0.13215905454098695,-0.12800993080643608,-0.16948797212159397,-0.09897926069493079
cont_sphere_010,sphere,cont,800,easy,HC_CONT(sigma=0.2),HC_CONT,3,3,1.0,0.8,0.4728708045015879,0.9872585449014338,-0.07195085162664648,-0.06358714910244002,-0.10090699231080456,-0.051358413466694876
cont_sphere_010,sphere,cont,800,easy,"PSO_RING(p=20,ring,w=0.72,c1=1.49,c2=1.49)",PSO_RING,3,3,1.0,0.8,0.4728708045015879,0.9872585449014338,-1.4768897837067765,-1.6569675471044198,-2.049064942094664,-0.7246368619212453
cont_sphere_010,sphere,cont,800,easy,"PSO_RING(p=40,ring,w=0.72,c1=1.49,c2=1.49)",PSO_RING,3,3,1.0,0.8,0.4728708045015879,0.9872585449014338,-5.443682135028491,-4.930350805351147,-7.261641699538281,-4.1390539001960445
cont_sphere_010,sphere,cont,800,easy,"PSO_STD(p=20,w=0.72,c1=1.49,c2=1.49)",PSO_STD,3,3,1.0,0.8,0.4728708045015879,0.9872585449014338,-0.2902208581552808,-0.16032597331598522,-0.6100003697614664,-0.1003362313883907
cont_sphere_010,sphere,cont,800,easy,"PSO_STD(p=40,w=0.72,c1=1.49,c2=1.49)",PSO_STD,3,3,1.0,0.8,0.4728708045015879,0.9872585449014338,-0.6739603673260947,-0.53068682231111,-1.1565435298782287,-0.33465074978894516
cont_sphere_010,sphere,cont,800,easy,RS_CONT,RS_CONT,1,3,0.3333333333333333,0.4,0.09761146288641434,0.7513953742698181,-18.8482443685959,-21.77815733582849,-23.63276418129553,-11.133811588663681
cont_sphere_010,sphere,cont,800,easy,"SA_CONT(sigma=0.3,T0=1.0,alpha=0.995)",SA_CONT,3,3,1.0,0.8,0.4728708045015879,0.9872585449014338,-0.23492075774446394,-0.19574699702873036,-0.35960018271014316,-0.14941509349451823
cont_sphere_010,sphere,cont,800,hard,"DE(pop=20,F=0.8,CR=0.9)",DE,3,3,1.0,0.8,0.4728708045015879,0.9872585449014338,-5.159234586672808,-4.255988145253951,-7.768599080936818,-3.4531165338276537
cont_sphere_010,sphere,cont,800,hard,"DE(pop=40,F=0.8,CR=0.9)",DE,3,3,1.0,0.8,0.4728708045015879,0.9872585449014338,-14.109321255067798,-14.185179420359514,-14.201914451986204,-13.940869892857675
cont_sphere_010,sphere,cont,800,hard,"ES_ML(mu=10,lam=40,sigma=0.3)",ES_ML,3,3,1.0,0.8,0.4728708045015879,0.9872585449014338,-0.17931045106323984,-0.16663544146522366,-0.23127053291752295,-0.14002537880697288
cont_sphere_010,sphere,cont,800,hard,"ES_ML(mu=20,lam=80,sigma=0.2)",ES_ML,3,3,1.0,0.8,0.4728708045015879,0.9872585449014338,-0.12921925982603516,-0.14092647961942675,-0.15419742883837936,-0.09253387102029936
cont_sphere_010,sphere,cont,800,hard,HC_CONT(sigma=0.2),HC_CONT,3,3,1.0,0.8,0.4728708045015879,0.9872585449014338,-0.07776044222258026,-0.07072345597390117,-0.09635724915456183,-0.06620062153927778
cont_sphere_010,sphere,cont,800,hard,"PSO_RING(p=20,ring,w=0.72,c1=1.49,c2=1.49)",PSO_RING,3,3,1.0,0.8,0.4728708045015879,0.9872585449014338,-1.3984312586835828,-1.5133078560414015,-1.753990558604636,-0.9279953614047112
cont_sphere_010,sphere,cont,800,hard,"PSO_RING(p=40,ring,w=0.72,c1=1.49,c2=1.49)",PSO_RING,3,3,1.0,0.8,0.4728708045015879,0.9872585449014338,-3.4747820541765413,-4.372644760189573,-4.878244975771811,-1.1734564265682397
cont_sphere_010,sphere,cont,800,hard,"PSO_STD(p=20,w=0.72,c1=1.49,c2=1.49)",PSO_STD,3,3,1.0,0.8,0.4728708045015879,0.9872585449014338,-0.07233858027852673,-0.0610330809313926,-0.13295502996948802,-0.023027629934699555
cont_sphere_010,sphere,cont,800,hard,"PSO_STD(p=40,w=0.72,c1=1.49,c2=1.49)",PSO_STD,3,3,1.0,0.8,0.4728708045015879,0.9872585449014338,-1.421240599082658,-1.5951503622408636,-1.6816765223408154,-0.9868949126662947
cont_sphere_010,sphere,cont,800,hard,RS_CONT,RS_CONT,1,3,0.3333333333333333,0.4,0.09761146288641434,0.7513953742698181,-20.957891781903378,-25.13670360318035,-25.63830745715929,-12.098664285370493
cont_sphere_010,sphere,cont,800,hard,"SA_CONT(sigma=0.3,T0=1.0,alpha=0.995)",SA_CONT,3,3,1.0,0.8,0.4728708045015879,0.9872585449014338,-0.2168487097503353,-0.19595504480711157,-0.26149834027093305,-0.19309274417296124
cont_sphere_010,sphere,cont,800,med,"DE(pop=20,F=0.8,CR=0.9)",DE,3,3,1.0,0.8,0.4728708045015879,0.9872585449014338,-6.537094220543781,-6.492673468804665,-11.758873217642181,-1.3597359751844968
cont_sphere_010,sphere,cont,800,med,"DE(pop=40,F=0.8,CR=0.9)",DE,1,3,0.3333333333333333,0.4,0.09761146288641434,0.7513953742698181,-15.331452314454408,-17.105628636839736,-19.432980774452314,-9.455747532071172
cont_sphere_010,sphere,cont,800,med,"ES_ML(mu=10,lam=40,sigma=0.3)",ES_ML,3,3,1.0,0.8,0.4728708045015879,0.9872585449014338,-0.19167735333192434,-0.17633550170157833,-0.2519338202126998,-0.14676273808149484
cont_sphere_010,sphere,cont,800,med,"ES_ML(mu=20,lam=80,sigma=0.2)",ES_ML,3,3,1.0,0.8,0.4728708045015879,0.9872585449014338,-0.11261816393421109,-0.09908951105487755,-0.14094979784699033,-0.0978151829007654
cont_sphere_010,sphere,cont,800,med,HC_CONT(sigma=0.2),HC_CONT,3,3,1.0,0.8,0.4728708045015879,0.9872585449014338,-0.0712612950166817,-0.06731922931610122,-0.08525769776645863,-0.06120695796748524
cont_sphere_010,sphere,cont,800,med,"PSO_RING(p=20,ring,w=0.72,c1=1.49,c2=1.49)",PSO_RING,3,3,1.0,0.8,0.4728708045015879,0.9872585449014338,-1.348892775034308,-1.4322813016264262,-1.6220979265809414,-0.992299096895557
cont_sphere_010,sphere,cont,800,med,"PSO_RING(p=40,ring,w=0.72,c1=1.49,c2=1.49)",PSO_RING,3,3,1.0,0.8,0.4728708045015879,0.9872585449014338,-4.24042445573865,-4.094588988903868,-6.190406981524978,-2.436277396787103
cont_sphere_010,sphere,cont,800,med,"PSO_STD(p=20,w=0.72,c1=1.49,c2=1.49)",PSO_STD,3,3,1.0,0.8,0.4728708045015879,0.9872585449014338,-0.06111856753360307,-0.05968047716886507,-0.09876441642937951,-0.02491080900256464
cont_sphere_010,sphere,cont,800,med,"PSO_STD(p=40,w=0.72,c1=1.49,c2=1.49)",PSO_STD,3,3,1.0,0.8,0.4728708045015879,0.9872585449014338,-0.8081096446171224,-0.9269914056894569,-1.0726106297891942,-0.4247268983727164
cont_sphere_010,sphere,cont,800,med,RS_CONT,RS_CONT,0,3,0.0,0.2,0.012741455098566192,0.527129195498412,-22.23333143287866,-23.520353093127987,-23.623010557426248,-19.556630648081747
cont_sphere_010,sphere,cont,800,med,"SA_CONT(sigma=0.3,T0=1.0,alpha=0.995)",SA_CONT,3,3,1.0,0.8,0.4728708045015879,0.9872585449014338,-0.2914730516298311,-0.2669956620378772,-0.41392332883127503,-0.19350016402034112
