instance_id,problem,domain,budget,target,algo_variant,algo_base,rep,best_score,threshold,success
bin_onemax_000,onemax,bin,300,easy,RS_BIN,RS_BIN,0,53.0,53.0,1
bin_onemax_000,onemax,bin,300,easy,RS_BIN,RS_BIN,1,52.0,53.0,0
bin_onemax_000,onemax,bin,300,easy,RS_BIN,RS_BIN,2,55.0,53.0,1
bin_onemax_000,onemax,bin,300,easy,HC(flips=1),HC,0,80.0,53.0,1
bin_onemax_000,onemax,bin,300,easy,HC(flips=1),HC,1,79.0,53.0,1
bin_onemax_000,onemax,bin,300,easy,HC(flips=1),HC,2,80.0,53.0,1
bin_onemax_000,onemax,bin,300,easy,HC(flips=2),HC,0,69.0,53.0,1
bin_onemax_000,onemax,bin,300,easy,HC(flips=2),HC,1,71.0,53.0,1
bin_onemax_000,onemax,bin,300,easy,HC(flips=2),HC,2,69.0,53.0,1
bin_onemax_000,onemax,bin,300,easy,"SA(T0=1.0,alpha=0.995,flips=1)",SA,0,72.0,53.0,1
bin_onemax_000,onemax,bin,300,easy,"SA(T0=1.0,alpha=0.995,flips=1)",SA,1,78.0,53.0,1
bin_onemax_000,onemax,bin,300,easy,"SA(T0=1.0,alpha=0.995,flips=1)",SA,2,75.0,53.0,1
bin_onemax_000,onemax,bin,300,easy,"SA(T0=2.0,alpha=0.99,flips=1)",SA,0,79.0,53.0,1
bin_onemax_000,onemax,bin,300,easy,"SA(T0=2.0,alpha=0.99,flips=1)",SA,1,78.0,53.0,1
bin_onemax_000,onemax,bin,300,easy,"SA(T0=2.0,alpha=0.99,flips=1)",SA,2,77.0,53.0,1
bin_onemax_000,onemax,bin,300,easy,"SA(T0=2.0,alpha=0.995,flips=2)",SA,0,66.0,53.0,1
bin_onemax_000,onemax,bin,300,easy,"SA(T0=2.0,alpha=0.995,flips=2)",SA,1,62.0,53.0,1
bin_onemax_000,onemax,bin,300,easy,"SA(T0=2.0,alpha=0.995,flips=2)",SA,2,67.0,53.0,1
bin_onemax_000,onemax,bin,300,easy,TABU(tenure=7),TABU,0,53.0,53.0,1
bin_onemax_000,onemax,bin,300,easy,TABU(tenure=7),TABU,1,51.0,53.0,0
bin_onemax_000,onemax,bin,300,easy,TABU(tenure=7),TABU,2,54.0,53.0,1
bin_onemax_000,onemax,bin,300,easy,TABU(tenure=12),TABU,0,53.0,53.0,1
bin_onemax_000,onemax,bin,300,easy,TABU(tenure=12),TABU,1,55.0,53.0,1
bin_onemax_000,onemax,bin,300,easy,TABU(tenure=12),TABU,2,60.0,53.0,1
bin_onemax_000,onemax,bin,300,easy,"GA(pop=50,pc=0.9,pm=0.02)",GA,0,56.0,53.0,1
bin_onemax_000,onemax,bin,300,easy,"GA(pop=50,pc=0.9,pm=0.02)",GA,1,58.0,53.0,1
bin_onemax_000,onemax,bin,300,easy,"GA(pop=50,pc=0.9,pm=0.02)",GA,2,58.0,53.0,1
bin_onemax_000,onemax,bin,300,easy,"GA(pop=50,pc=0.9,pm=0.05)",GA,0,63.0,53.0,1
bin_onemax_000,onemax,bin,300,easy,"GA(pop=50,pc=0.9,pm=0.05)",GA,1,60.0,53.0,1
bin_onemax_000,onemax,bin,300,easy,"GA(pop=50,pc=0.9,pm=0.05)",GA,2,58.0,53.0,1
bin_onemax_000,onemax,bin,300,easy,"GA(pop=100,pc=0.9,pm=0.02)",GA,0,55.0,53.0,1
bin_onemax_000,onemax,bin,300,easy,"GA(pop=100,pc=0.9,pm=0.02)",GA,1,52.0,53.0,0
bin_onemax_000,onemax,bin,300,easy,"GA(pop=100,pc=0.9,pm=0.02)",GA,2,52.0,53.0,0
bin_onemax_000,onemax,bin,300,easy,"UMDA(pop=50,elite=0.2)",UMDA,0,72.0,53.0,1
bin_onemax_000,onemax,bin,300,easy,"UMDA(pop=50,elite=0.2)",UMDA,1,68.0,53.0,1
bin_onemax_000,onemax,bin,300,easy,"UMDA(pop=50,elite=0.2)",UMDA,2,70.0,53.0,1
bin_onemax_000,onemax,bin,300,easy,"UMDA(pop=100,elite=0.2)",UMDA,0,59.0,53.0,1
bin_onemax_000,onemax,bin,300,easy,"UMDA(pop=100,elite=0.2)",UMDA,1,62.0,53.0,1
bin_onemax_000,onemax,bin,300,easy,"UMDA(pop=100,elite=0.2)",UMDA,2,64.0,53.0,1
bin_onemax_000,onemax,bin,300,med,RS_BIN,RS_BIN,0,55.0,53.75,1
bin_onemax_000,onemax,bin,300,med,RS_BIN,RS_BIN,1,53.0,53.75,0
bin_onemax_000,onemax,bin,300,med,RS_BIN,RS_BIN,2,54.0,53.75,1
bin_onemax_000,onemax,bin,300,med,HC(flips=1),HC,0,79.0,53.75,1
bin_onemax_000,onemax,bin,300,med,HC(flips=1),HC,1,80.0,53.75,1
bin_onemax_000,onemax,bin,300,med,HC(flips=1),HC,2,80.0,53.75,1
bin_onemax_000,onemax,bin,300,med,HC(flips=2),HC,0,71.0,53.75,1
bin_onemax_000,onemax,bin,300,med,HC(flips=2),HC,1,71.0,53.75,1
bin_onemax_000,onemax,bin,300,med,HC(flips=2),HC,2,73.0,53.75,1
bin_onemax_000,onemax,bin,300,med,"SA(T0=1.0,alpha=0.995,flips=1)",SA,0,79.0,53.75,1
bin_onemax_000,onemax,bin,300,med,"SA(T0=1.0,alpha=0.995,flips=1)",SA,1,71.0,53.75,1
bin_onemax_000,onemax,bin,300,med,"SA(T0=1.0,alpha=0.995,flips=1)",SA,2,75.0,53.75,1
bin_onemax_000,onemax,bin,300,med,"SA(T0=2.0,alpha=0.99,flips=1)",SA,0,73.0,53.75,1
bin_onemax_000,onemax,bin,300,med,"SA(T0=2.0,alpha=0.99,flips=1)",SA,1,79.0,53.75,1
bin_onemax_000,onemax,bin,300,med,"SA(T0=2.0,alpha=0.99,flips=1)",SA,2,78.0,53.75,1
bin_onemax_000,onemax,bin,300,med,"SA(T0=2.0,alpha=0.995,flips=2)",SA,0,64.0,53.75,1
bin_onemax_000,onemax,bin,300,med,"SA(T0=2.0,alpha=0.995,flips=2)",SA,1,65.0,53.75,1
bin_onemax_000,onemax,bin,300,med,"SA(T0=2.0,alpha=0.995,flips=2)",SA,2,67.0,53.75,1
bin_onemax_000,onemax,bin,300,med,TABU(tenure=7),TABU,0,60.0,53.75,1
bin_onemax_000,onemax,bin,300,med,TABU(tenure=7),TABU,1,54.0,53.75,1
bin_onemax_000,onemax,bin,300,med,TABU(tenure=7),TABU,2,55.0,53.75,1
bin_onemax_000,onemax,bin,300,med,TABU(tenure=12),TABU,0,53.0,53.75,0
bin_onemax_000,onemax,bin,300,med,TABU(tenure=12),TABU,1,57.0,53.75,1
bin_onemax_000,onemax,bin,300,med,TABU(tenure=12),TABU,2,50.0,53.75,0
bin_onemax_000,onemax,bin,300,med,"GA(pop=50,pc=0.9,pm=0.02)",GA,0,59.0,53.75,1
bin_onemax_000,onemax,bin,300,med,"GA(pop=50,pc=0.9,pm=0.02)",GA,1,58.0,53.75,1
bin_onemax_000,onemax,bin,300,med,"GA(pop=50,pc=0.9,pm=0.02)",GA,2,61.0,53.75,1
bin_onemax_000,onemax,bin,300,med,"GA(pop=50,pc=0.9,pm=0.05)",GA,0,57.0,53.75,1
bin_onemax_000,onemax,bin,300,med,"GA(pop=50,pc=0.9,pm=0.05)",GA,1,62.0,53.75,1
bin_onemax_000,onemax,bin,300,med,"GA(pop=50,pc=0.9,pm=0.05)",GA,2,60.0,53.75,1
bin_onemax_000,onemax,bin,300,med,"GA(pop=100,pc=0.9,pm=0.02)",GA,0,56.0,53.75,1
bin_onemax_000,onemax,bin,300,med,"GA(pop=100,pc=0.9,pm=0.02)",GA,1,52.0,53.75,0
bin_onemax_000,onemax,bin,300,med,"GA(pop=100,pc=0.9,pm=0.02)",GA,2,60.0,53.75,1
bin_onemax_000,onemax,bin,300,med,"UMDA(pop=50,elite=0.2)",UMDA,0,74.0,53.75,1
bin_onemax_000,onemax,bin,300,med,"UMDA(pop=50,elite=0.2)",UMDA,1,70.0,53.75,1
bin_onemax_000,onemax,bin,300,med,"UMDA(pop=50,elite=0.2)",UMDA,2,72.0,53.75,1
bin_onemax_000,onemax,bin,300,med,"UMDA(pop=100,elite=0.2)",UMDA,0,60.0,53.75,1
bin_onemax_000,onemax,bin,300,med,"UMDA(pop=100,elite=0.2)",UMDA,1,63.0,53.75,1
bin_onemax_000,onemax,bin,300,med,"UMDA(pop=100,elite=0.2)",UMDA,2,67.0,53.75,1
bin_onemax_000,onemax,bin,300,hard,RS_BIN,RS_BIN,0,54.0,55.1,0
bin_onemax_000,onemax,bin,300,hard,RS_BIN,RS_BIN,1,55.0,55.1,0
bin_onemax_000,onemax,bin,300,hard,RS_BIN,RS_BIN,2,52.0,55.1,0
bin_onemax_000,onemax,bin,300,hard,HC(flips=1),HC,0,78.0,55.1,1
bin_onemax_000,onemax,bin,300,hard,HC(flips=1),HC,1,77.0,55.1,1
bin_onemax_000,onemax,bin,300,hard,HC(flips=1),HC,2,79.0,55.1,1
bin_onemax_000,onemax,bin,300,hard,HC(flips=2),HC,0,73.0,55.1,1
bin_onemax_000,onemax,bin,300,hard,HC(flips=2),HC,1,68.0,55.1,1
bin_onemax_000,onemax,bin,300,hard,HC(flips=2),HC,2,77.0,55.1,1
bin_onemax_000,onemax,bin,300,hard,"SA(T0=1.0,alpha=0.995,flips=1)",SA,0,78.0,55.1,1
bin_onemax_000,onemax,bin,300,hard,"SA(T0=1.0,alpha=0.995,flips=1)",SA,1,77.0,55.1,1
bin_onemax_000,onemax,bin,300,hard,"SA(T0=1.0,alpha=0.995,flips=1)",SA,2,75.0,55.1,1
bin_onemax_000,onemax,bin,300,hard,"SA(T0=2.0,alpha=0.99,flips=1)",SA,0,78.0,55.1,1
bin_onemax_000,onemax,bin,300,hard,"SA(T0=2.0,alpha=0.99,flips=1)",SA,1,78.0,55.1,1
bin_onemax_000,onemax,bin,300,hard,"SA(T0=2.0,alpha=0.99,flips=1)",SA,2,76.0,55.1,1
bin_onemax_000,onemax,bin,300,hard,"SA(T0=2.0,alpha=0.995,flips=2)",SA,0,72.0,55.1,1
bin_onemax_000,onemax,bin,300,hard,"SA(T0=2.0,alpha=0.995,flips=2)",SA,1,68.0,55.1,1
bin_onemax_000,onemax,bin,300,hard,"SA(T0=2.0,alpha=0.995,flips=2)",SA,2,64.0,55.1,1
bin_onemax_000,onemax,bin,300,hard,TABU(tenure=7),TABU,0,61.0,55.1,1
bin_onemax_000,onemax,bin,300,hard,TABU(tenure=7),TABU,1,63.0,55.1,1
bin_onemax_000,onemax,bin,300,hard,TABU(tenure=7),TABU,2,58.0,55.1,1
bin_onemax_000,onemax,bin,300,hard,TABU(tenure=12),TABU,0,61.0,55.1,1
bin_onemax_000,onemax,bin,300,hard,TABU(tenure=12),TABU,1,59.0,55.1,1
bin_onemax_000,onemax,bin,300,hard,TABU(tenure=12),TABU,2,61.0,55.1,1
bin_onemax_000,onemax,bin,300,hard,"GA(pop=50,pc=0.9,pm=0.02)",GA,0,57.0,55.1,1
bin_onemax_000,onemax,bin,300,hard,"GA(pop=50,pc=0.9,pm=0.02)",GA,1,59.0,55.1,1
bin_onemax_000,onemax,bin,300,hard,"GA(pop=50,pc=0.9,pm=0.02)",GA,2,56.0,55.1,1
bin_onemax_000,onemax,bin,300,hard,"GA(pop=50,pc=0.9,pm=0.05)",GA,0,57.0,55.1,1
bin_onemax_000,onemax,bin,300,hard,"GA(pop=50,pc=0.9,pm=0.05)",GA,1,60.0,55.1,1
bin_onemax_000,onemax,bin,300,hard,"GA(pop=50,pc=0.9,pm=0.05)",GA,2,56.0,55.1,1
bin_onemax_000,onemax,bin,300,hard,"GA(pop=100,pc=0.9,pm=0.02)",GA,0,53.0,55.1,0
bin_onemax_000,onemax,bin,300,hard,"GA(pop=100,pc=0.9,pm=0.02)",GA,1,55.0,55.1,0
bin_onemax_000,onemax,bin,300,hard,"GA(pop=100,pc=0.9,pm=0.02)",GA,2,55.0,55.1,0
bin_onemax_000,onemax,bin,300,hard,"UMDA(pop=50,elite=0.2)",UMDA,0,71.0,55.1,1
bin_onemax_000,onemax,bin,300,hard,"UMDA(pop=50,elite=0.2)",UMDA,1,72.0,55.1,1
bin_onemax_000,onemax,bin,300,hard,"UMDA(pop=50,elite=0.2)",UMDA,2,73.0,55.1,1
bin_onemax_000,onemax,bin,300,hard,"UMDA(pop=100,elite=0.2)",UMDA,0,62.0,55.1,1
bin_onemax_000,onemax,bin,300,hard,"UMDA(pop=100,elite=0.2)",UMDA,1,62.0,55.1,1
bin_onemax_000,onemax,bin,300,hard,"UMDA(pop=100,elite=0.2)",UMDA,2,60.0,55.1,1
bin_onemax_000,onemax,bin,800,easy,RS_BIN,RS_BIN,0,54.0,54.5,0
bin_onemax_000,onemax,bin,800,easy,RS_BIN,RS_BIN,1,52.0,54.5,0
bin_onemax_000,onemax,bin,800,easy,RS_BIN,RS_BIN,2,55.0,54.5,1
bin_onemax_000,onemax,bin,800,easy,HC(flips=1),HC,0,80.0,54.5,1
bin_onemax_000,onemax,bin,800,easy,HC(flips=1),HC,1,80.0,54.5,1
bin_onemax_000,onemax,bin,800,easy,HC(flips=1),HC,2,80.0,54.5,1
bin_onemax_000,onemax,bin,800,easy,HC(flips=2),HC,0,78.0,54.5,1
bin_onemax_000,onemax,bin,800,easy,HC(flips=2),HC,1,77.0,54.5,1
bin_onemax_000,onemax,bin,800,easy,HC(flips=2),HC,2,74.0,54.5,1
bin_onemax_000,onemax,bin,800,easy,"SA(T0=1.0,alpha=0.995,flips=1)",SA,0,80.0,54.5,1
bin_onemax_000,onemax,bin,800,easy,"SA(T0=1.0,alpha=0.995,flips=1)",SA,1,80.0,54.5,1
bin_onemax_000,onemax,bin,800,easy,"SA(T0=1.0,alpha=0.995,flips=1)",SA,2,80.0,54.5,1
bin_onemax_000,onemax,bin,800,easy,"SA(T0=2.0,alpha=0.99,flips=1)",SA,0,80.0,54.5,1
bin_onemax_000,onemax,bin,800,easy,"SA(T0=2.0,alpha=0.99,flips=1)",SA,1,80.0,54.5,1
bin_onemax_000,onemax,bin,800,easy,"SA(T0=2.0,alpha=0.99,flips=1)",SA,2,80.0,54.5,1
bin_onemax_000,onemax,bin,800,easy,"SA(T0=2.0,alpha=0.995,flips=2)",SA,0,75.0,54.5,1
bin_onemax_000,onemax,bin,800,easy,"SA(T0=2.0,alpha=0.995,flips=2)",SA,1,73.0,54.5,1
bin_onemax_000,onemax,bin,800,easy,"SA(T0=2.0,alpha=0.995,flips=2)",SA,2,76.0,54.5,1
bin_onemax_000,onemax,bin,800,easy,TABU(tenure=7),TABU,0,73.0,54.5,1
bin_onemax_000,onemax,bin,800,easy,TABU(tenure=7),TABU,1,77.0,54.5,1
bin_onemax_000,onemax,bin,800,easy,TABU(tenure=7),TABU,2,76.0,54.5,1
bin_onemax_000,onemax,bin,800,easy,TABU(tenure=12),TABU,0,74.0,54.5,1
bin_onemax_000,onemax,bin,800,easy,TABU(tenure=12),TABU,1,79.0,54.5,1
bin_onemax_000,onemax,bin,800,easy,TABU(tenure=12),TABU,2,78.0,54.5,1
bin_onemax_000,onemax,bin,800,easy,"GA(pop=50,pc=0.9,pm=0.02)",GA,0,67.0,54.5,1
bin_onemax_000,onemax,bin,800,easy,"GA(pop=50,pc=0.9,pm=0.02)",GA,1,69.0,54.5,1
bin_onemax_000,onemax,bin,800,easy,"GA(pop=50,pc=0.9,pm=0.02)",GA,2,67.0,54.5,1
bin_onemax_000,onemax,bin,800,easy,"GA(pop=50,pc=0.9,pm=0.05)",GA,0,66.0,54.5,1
bin_onemax_000,onemax,bin,800,easy,"GA(pop=50,pc=0.9,pm=0.05)",GA,1,66.0,54.5,1
bin_onemax_000,onemax,bin,800,easy,"GA(pop=50,pc=0.9,pm=0.05)",GA,2,65.0,54.5,1
bin_onemax_000,onemax,bin,800,easy,"GA(pop=100,pc=0.9,pm=0.02)",GA,0,60.0,54.5,1
bin_onemax_000,onemax,bin,800,easy,"GA(pop=100,pc=0.9,pm=0.02)",GA,1,60.0,54.5,1
bin_onemax_000,onemax,bin,800,easy,"GA(pop=100,pc=0.9,pm=0.02)",GA,2,62.0,54.5,1
bin_onemax_000,onemax,bin,800,easy,"UMDA(pop=50,elite=0.2)",UMDA,0,80.0,54.5,1
bin_onemax_000,onemax,bin,800,easy,"UMDA(pop=50,elite=0.2)",UMDA,1,80.0,54.5,1
bin_onemax_000,onemax,bin,800,easy,"UMDA(pop=50,elite=0.2)",UMDA,2,79.0,54.5,1
bin_onemax_000,onemax,bin,800,easy,"UMDA(pop=100,elite=0.2)",UMDA,0,79.0,54.5,1
bin_onemax_000,onemax,bin,800,easy,"UMDA(pop=100,elite=0.2)",UMDA,1,80.0,54.5,1
bin_onemax_000,onemax,bin,800,easy,"UMDA(pop=100,elite=0.2)",UMDA,2,80.0,54.5,1
bin_onemax_000,onemax,bin,800,med,RS_BIN,RS_BIN,0,53.0,55.75,0
bin_onemax_000,onemax,bin,800,med,RS_BIN,RS_BIN,1,55.0,55.75,0
bin_onemax_000,onemax,bin,800,med,RS_BIN,RS_BIN,2,55.0,55.75,0
bin_onemax_000,onemax,bin,800,med,HC(flips=1),HC,0,80.0,55.75,1
bin_onemax_000,onemax,bin,800,med,HC(flips=1),HC,1,80.0,55.75,1
bin_onemax_000,onemax,bin,800,med,HC(flips=1),HC,2,80.0,55.75,1
bin_onemax_000,onemax,bin,800,med,HC(flips=2),HC,0,77.0,55.75,1
bin_onemax_000,onemax,bin,800,med,HC(flips=2),HC,1,73.0,55.75,1
bin_onemax_000,onemax,bin,800,med,HC(flips=2),HC,2,78.0,55.75,1
bin_onemax_000,onemax,bin,800,med,"SA(T0=1.0,alpha=0.995,flips=1)",SA,0,80.0,55.75,1
bin_onemax_000,onemax,bin,800,med,"SA(T0=1.0,alpha=0.995,flips=1)",SA,1,80.0,55.75,1
bin_onemax_000,onemax,bin,800,med,"SA(T0=1.0,alpha=0.995,flips=1)",SA,2,80.0,55.75,1
bin_onemax_000,onemax,bin,800,med,"SA(T0=2.0,alpha=0.99,flips=1)",SA,0,80.0,55.75,1
bin_onemax_000,onemax,bin,800,med,"SA(T0=2.0,alpha=0.99,flips=1)",SA,1,80.0,55.75,1
bin_onemax_000,onemax,bin,800,med,"SA(T0=2.0,alpha=0.99,flips=1)",SA,2,80.0,55.75,1
bin_onemax_000,onemax,bin,800,med,"SA(T0=2.0,alpha=0.995,flips=2)",SA,0,75.0,55.75,1
bin_onemax_000,onemax,bin,800,med,"SA(T0=2.0,alpha=0.995,flips=2)",SA,1,75.0,55.75,1
bin_onemax_000,onemax,bin,800,med,"SA(T0=2.0,alpha=0.995,flips=2)",SA,2,77.0,55.75,1
bin_onemax_000,onemax,bin,800,med,TABU(tenure=7),TABU,0,78.0,55.75,1
bin_onemax_000,onemax,bin,800,med,TABU(tenure=7),TABU,1,77.0,55.75,1
bin_onemax_000,onemax,bin,800,med,TABU(tenure=7),TABU,2,78.0,55.75,1
bin_onemax_000,onemax,bin,800,med,TABU(tenure=12),TABU,0,79.0,55.75,1
bin_onemax_000,onemax,bin,800,med,TABU(tenure=12),TABU,1,77.0,55.75,1
bin_onemax_000,onemax,bin,800,med,TABU(tenure=12),TABU,2,75.0,55.75,1
bin_onemax_000,onemax,bin,800,med,"GA(pop=50,pc=0.9,pm=0.02)",GA,0,68.0,55.75,1
bin_onemax_000,onemax,bin,800,med,"GA(pop=50,pc=0.9,pm=0.02)",GA,1,67.0,55.75,1
bin_onemax_000,onemax,bin,800,med,"GA(pop=50,pc=0.9,pm=0.02)",GA,2,68.0,55.75,1
bin_onemax_000,onemax,bin,800,med,"GA(pop=50,pc=0.9,pm=0.05)",GA,0,67.0,55.75,1
bin_onemax_000,onemax,bin,800,med,"GA(pop=50,pc=0.9,pm=0.05)",GA,1,68.0,55.75,1
bin_onemax_000,onemax,bin,800,med,"GA(pop=50,pc=0.9,pm=0.05)",GA,2,66.0,55.75,1
bin_onemax_000,onemax,bin,800,med,"GA(pop=100,pc=0.9,pm=0.02)",GA,0,61.0,55.75,1
bin_onemax_000,onemax,bin,800,med,"GA(pop=100,pc=0.9,pm=0.02)",GA,1,65.0,55.75,1
bin_onemax_000,onemax,bin,800,med,"GA(pop=100,pc=0.9,pm=0.02)",GA,2,65.0,55.75,1
bin_onemax_000,onemax,bin,800,med,"UMDA(pop=50,elite=0.2)",UMDA,0,80.0,55.75,1
bin_onemax_000,onemax,bin,800,med,"UMDA(pop=50,elite=0.2)",UMDA,1,79.0,55.75,1
bin_onemax_000,onemax,bin,800,med,"UMDA(pop=50,elite=0.2)",UMDA,2,80.0,55.75,1
bin_onemax_000,onemax,bin,800,med,"UMDA(pop=100,elite=0.2)",UMDA,0,79.0,55.75,1
bin_onemax_000,onemax,bin,800,med,"UMDA(pop=100,elite=0.2)",UMDA,1,79.0,55.75,1
bin_onemax_000,onemax,bin,800,med,"UMDA(pop=100,elite=0.2)",UMDA,2,79.0,55.75,1
bin_onemax_000,onemax,bin,800,hard,RS_BIN,RS_BIN,0,54.0,57.0,0
bin_onemax_000,onemax,bin,800,hard,RS_BIN,RS_BIN,1,54.0,57.0,0
bin_onemax_000,onemax,bin,800,hard,RS_BIN,RS_BIN,2,58.0,57.0,1
bin_onemax_000,onemax,bin,800,hard,HC(flips=1),HC,0,80.0,57.0,1
bin_onemax_000,onemax,bin,800,hard,HC(flips=1),HC,1,80.0,57.0,1
bin_onemax_000,onemax,bin,800,hard,HC(flips=1),HC,2,80.0,57.0,1
bin_onemax_000,onemax,bin,800,hard,HC(flips=2),HC,0,78.0,57.0,1
bin_onemax_000,onemax,bin,800,hard,HC(flips=2),HC,1,76.0,57.0,1
bin_onemax_000,onemax,bin,800,hard,HC(flips=2),HC,2,74.0,57.0,1
bin_onemax_000,onemax,bin,800,hard,"SA(T0=1.0,alpha=0.995,flips=1)",SA,0,80.0,57.0,1
bin_onemax_000,onemax,bin,800,hard,"SA(T0=1.0,alpha=0.995,flips=1)",SA,1,80.0,57.0,1
bin_onemax_000,onemax,bin,800,hard,"SA(T0=1.0,alpha=0.995,flips=1)",SA,2,80.0,57.0,1
bin_onemax_000,onemax,bin,800,hard,"SA(T0=2.0,alpha=0.99,flips=1)",SA,0,80.0,57.0,1
bin_onemax_000,onemax,bin,800,hard,"SA(T0=2.0,alpha=0.99,flips=1)",SA,1,80.0,57.0,1
bin_onemax_000,onemax,bin,800,hard,"SA(T0=2.0,alpha=0.99,flips=1)",SA,2,80.0,57.0,1
bin_onemax_000,onemax,bin,800,hard,"SA(T0=2.0,alpha=0.995,flips=2)",SA,0,73.0,57.0,1
bin_onemax_000,onemax,bin,800,hard,"SA(T0=2.0,alpha=0.995,flips=2)",SA,1,76.0,57.0,1
bin_onemax_000,onemax,bin,800,hard,"SA(T0=2.0,alpha=0.995,flips=2)",SA,2,75.0,57.0,1
bin_onemax_000,onemax,bin,800,hard,TABU(tenure=7),TABU,0,76.0,57.0,1
bin_onemax_000,onemax,bin,800,hard,TABU(tenure=7),TABU,1,78.0,57.0,1
bin_onemax_000,onemax,bin,800,hard,TABU(tenure=7),TABU,2,77.0,57.0,1
bin_onemax_000,onemax,bin,800,hard,TABU(tenure=12),TABU,0,77.0,57.0,1
bin_onemax_000,onemax,bin,800,hard,TABU(tenure=12),TABU,1,76.0,57.0,1
bin_onemax_000,onemax,bin,800,hard,TABU(tenure=12),TABU,2,76.0,57.0,1
bin_onemax_000,onemax,bin,800,hard,"GA(pop=50,pc=0.9,pm=0.02)",GA,0,72.0,57.0,1
bin_onemax_000,onemax,bin,800,hard,"GA(pop=50,pc=0.9,pm=0.02)",GA,1,68.0,57.0,1
bin_onemax_000,onemax,bin,800,hard,"GA(pop=50,pc=0.9,pm=0.02)",GA,2,70.0,57.0,1
bin_onemax_000,onemax,bin,800,hard,"GA(pop=50,pc=0.9,pm=0.05)",GA,0,65.0,57.0,1
bin_onemax_000,onemax,bin,800,hard,"GA(pop=50,pc=0.9,pm=0.05)",GA,1,67.0,57.0,1
bin_onemax_000,onemax,bin,800,hard,"GA(pop=50,pc=0.9,pm=0.05)",GA,2,65.0,57.0,1
bin_onemax_000,onemax,bin,800,hard,"GA(pop=100,pc=0.9,pm=0.02)",GA,0,62.0,57.0,1
bin_onemax_000,onemax,bin,800,hard,"GA(pop=100,pc=0.9,pm=0.02)",GA,1,65.0,57.0,1
bin_onemax_000,onemax,bin,800,hard,"GA(pop=100,pc=0.9,pm=0.02)",GA,2,63.0,57.0,1
bin_onemax_000,onemax,bin,800,hard,"UMDA(pop=50,elite=0.2)",UMDA,0,79.0,57.0,1
bin_onemax_000,onemax,bin,800,hard,"UMDA(pop=50,elite=0.2)",UMDA,1,78.0,57.0,1
bin_onemax_000,onemax,bin,800,hard,"UMDA(pop=50,elite=0.2)",UMDA,2,80.0,57.0,1
bin_onemax_000,onemax,bin,800,hard,"UMDA(pop=100,elite=0.2)",UMDA,0,79.0,57.0,1
bin_onemax_000,onemax,bin,800,hard,"UMDA(pop=100,elite=0.2)",UMDA,1,80.0,57.0,1
bin_onemax_000,onemax,bin,800,hard,"UMDA(pop=100,elite=0.2)",UMDA,2,78.0,57.0,1
bin_leadingones_001,leadingones,bin,300,easy,RS_BIN,RS_BIN,0,9.0,9.0,1
bin_leadingones_001,leadingones,bin,300,easy,RS_BIN,RS_BIN,1,7.0,9.0,0
bin_leadingones_001,leadingones,bin,300,easy,RS_BIN,RS_BIN,2,6.0,9.0,0
bin_leadingones_001,leadingones,bin,300,easy,HC(flips=1),HC,0,7.0,9.0,0
bin_leadingones_001,leadingones,bin,300,easy,HC(flips=1),HC,1,4.0,9.0,0
bin_leadingones_001,leadingones,bin,300,easy,HC(flips=1),HC,2,10.0,9.0,1
bin_leadingones_001,leadingones,bin,300,easy,HC(flips=2),HC,0,5.0,9.0,0
bin_leadingones_001,leadingones,bin,300,easy,HC(flips=2),HC,1,11.0,9.0,1
bin_leadingones_001,leadingones,bin,300,easy,HC(flips=2),HC,2,9.0,9.0,1
bin_leadingones_001,leadingones,bin,300,easy,"SA(T0=1.0,alpha=0.995,flips=1)",SA,0,8.0,9.0,0
bin_leadingones_001,leadingones,bin,300,easy,"SA(T0=1.0,alpha=0.995,flips=1)",SA,1,4.0,9.0,0
bin_leadingones_001,leadingones,bin,300,easy,"SA(T0=1.0,alpha=0.995,flips=1)",SA,2,15.0,9.0,1
bin_leadingones_001,leadingones,bin,300,easy,"SA(T0=2.0,alpha=0.99,flips=1)",SA,0,3.0,9.0,0
bin_leadingones_001,leadingones,bin,300,easy,"SA(T0=2.0,alpha=0.99,flips=1)",SA,1,15.0,9.0,1
bin_leadingones_001,leadingones,bin,300,easy,"SA(T0=2.0,alpha=0.99,flips=1)",SA,2,17.0,9.0,1
bin_leadingones_001,leadingones,bin,300,easy,"SA(T0=2.0,alpha=0.995,flips=2)",SA,0,7.0,9.0,0
bin_leadingones_001,leadingones,bin,300,easy,"SA(T0=2.0,alpha=0.995,flips=2)",SA,1,6.0,9.0,0
bin_leadingones_001,leadingones,bin,300,easy,"SA(T0=2.0,alpha=0.995,flips=2)",SA,2,14.0,9.0,1
bin_leadingones_001,leadingones,bin,300,easy,TABU(tenure=7),TABU,0,14.0,9.0,1
bin_leadingones_001,leadingones,bin,300,easy,TABU(tenure=7),TABU,1,10.0,9.0,1
bin_leadingones_001,leadingones,bin,300,easy,TABU(tenure=7),TABU,2,4.0,9.0,0
bin_leadingones_001,leadingones,bin,300,easy,TABU(tenure=12),TABU,0,4.0,9.0,0
bin_leadingones_001,leadingones,bin,300,easy,TABU(tenure=12),TABU,1,4.0,9.0,0
bin_leadingones_001,leadingones,bin,300,easy,TABU(tenure=12),TABU,2,3.0,9.0,0
bin_leadingones_001,leadingones,bin,300,easy,"GA(pop=50,pc=0.9,pm=0.02)",GA,0,8.0,9.0,0
bin_leadingones_001,leadingones,bin,300,easy,"GA(pop=50,pc=0.9,pm=0.02)",GA,1,13.0,9.0,1
bin_leadingones_001,leadingones,bin,300,easy,"GA(pop=50,pc=0.9,pm=0.02)",GA,2,9.0,9.0,1
bin_leadingones_001,leadingones,bin,300,easy,"GA(pop=50,pc=0.9,pm=0.05)",GA,0,11.0,9.0,1
bin_leadingones_001,leadingones,bin,300,easy,"GA(pop=50,pc=0.9,pm=0.05)",GA,1,11.0,9.0,1
bin_leadingones_001,leadingones,bin,300,easy,"GA(pop=50,pc=0.9,pm=0.05)",GA,2,11.0,9.0,1
bin_leadingones_001,leadingones,bin,300,easy,"GA(pop=100,pc=0.9,pm=0.02)",GA,0,12.0,9.0,1
bin_leadingones_001,leadingones,bin,300,easy,"GA(pop=100,pc=0.9,pm=0.02)",GA,1,9.0,9.0,1
bin_leadingones_001,leadingones,bin,300,easy,"GA(pop=100,pc=0.9,pm=0.02)",GA,2,8.0,9.0,0
bin_leadingones_001,leadingones,bin,300,easy,"UMDA(pop=50,elite=0.2)",UMDA,0,4.0,9.0,0
bin_leadingones_001,leadingones,bin,300,easy,"UMDA(pop=50,elite=0.2)",UMDA,1,10.0,9.0,1
bin_leadingones_001,leadingones,bin,300,easy,"UMDA(pop=50,elite=0.2)",UMDA,2,8.0,9.0,0
bin_leadingones_001,leadingones,bin,300,easy,"UMDA(pop=100,elite=0.2)",UMDA,0,11.0,9.0,1
bin_leadingones_001,leadingones,bin,300,easy,"UMDA(pop=100,elite=0.2)",UMDA,1,9.0,9.0,1
bin_leadingones_001,leadingones,bin,300,easy,"UMDA(pop=100,elite=0.2)",UMDA,2,7.0,9.0,0
bin_leadingones_001,leadingones,bin,300,med,RS_BIN,RS_BIN,0,8.0,9.0,0
bin_leadingones_001,leadingones,bin,300,med,RS_BIN,RS_BIN,1,10.0,9.0,1
bin_leadingones_001,leadingones,bin,300,med,RS_BIN,RS_BIN,2,8.0,9.0,0
bin_leadingones_001,leadingones,bin,300,med,HC(flips=1),HC,0,8.0,9.0,0
bin_leadingones_001,leadingones,bin,300,med,HC(flips=1),HC,1,6.0,9.0,0
bin_leadingones_001,leadingones,bin,300,med,HC(flips=1),HC,2,1.0,9.0,0
bin_leadingones_001,leadingones,bin,300,med,HC(flips=2),HC,0,11.0,9.0,1
bin_leadingones_001,leadingones,bin,300,med,HC(flips=2),HC,1,14.0,9.0,1
bin_leadingones_001,leadingones,bin,300,med,HC(flips=2),HC,2,14.0,9.0,1
bin_leadingones_001,leadingones,bin,300,med,"SA(T0=1.0,alpha=0.995,flips=1)",SA,0,11.0,9.0,1
bin_leadingones_001,leadingones,bin,300,med,"SA(T0=1.0,alpha=0.995,flips=1)",SA,1,16.0,9.0,1
bin_leadingones_001,leadingones,bin,300,med,"SA(T0=1.0,alpha=0.995,flips=1)",SA,2,4.0,9.0,0
bin_leadingones_001,leadingones,bin,300,med,"SA(T0=2.0,alpha=0.99,flips=1)",SA,0,6.0,9.0,0
bin_leadingones_001,leadingones,bin,300,med,"SA(T0=2.0,alpha=0.99,flips=1)",SA,1,7.0,9.0,0
bin_leadingones_001,leadingones,bin,300,med,"SA(T0=2.0,alpha=0.99,flips=1)",SA,2,14.0,9.0,1
bin_leadingones_001,leadingones,bin,300,med,"SA(T0=2.0,alpha=0.995,flips=2)",SA,0,20.0,9.0,1
bin_leadingones_001,leadingones,bin,300,med,"SA(T0=2.0,alpha=0.995,flips=2)",SA,1,8.0,9.0,0
bin_leadingones_001,leadingones,bin,300,med,"SA(T0=2.0,alpha=0.995,flips=2)",SA,2,20.0,9.0,1
bin_leadingones_001,leadingones,bin,300,med,TABU(tenure=7),TABU,0,7.0,9.0,0
bin_leadingones_001,leadingones,bin,300,med,TABU(tenure=7),TABU,1,8.0,9.0,0
bin_leadingones_001,leadingones,bin,300,med,TABU(tenure=7),TABU,2,6.0,9.0,0
bin_leadingones_001,leadingones,bin,300,med,TABU(tenure=12),TABU,0,1.0,9.0,0
bin_leadingones_001,leadingones,bin,300,med,TABU(tenure=12),TABU,1,5.0,9.0,0
bin_leadingones_001,leadingones,bin,300,med,TABU(tenure=12),TABU,2,10.0,9.0,1
bin_leadingones_001,leadingones,bin,300,med,"GA(pop=50,pc=0.9,pm=0.02)",GA,0,7.0,9.0,0
bin_leadingones_001,leadingones,bin,300,med,"GA(pop=50,pc=0.9,pm=0.02)",GA,1,9.0,9.0,1
bin_leadingones_001,leadingones,bin,300,med,"GA(pop=50,pc=0.9,pm=0.02)",GA,2,10.0,9.0,1
bin_leadingones_001,leadingones,bin,300,med,"GA(pop=50,pc=0.9,pm=0.05)",GA,0,12.0,9.0,1
bin_leadingones_001,leadingones,bin,300,med,"GA(pop=50,pc=0.9,pm=0.05)",GA,1,8.0,9.0,0
bin_leadingones_001,leadingones,bin,300,med,"GA(pop=50,pc=0.9,pm=0.05)",GA,2,10.0,9.0,1
bin_leadingones_001,leadingones,bin,300,med,"GA(pop=100,pc=0.9,pm=0.02)",GA,0,6.0,9.0,0
bin_leadingones_001,leadingones,bin,300,med,"GA(pop=100,pc=0.9,pm=0.02)",GA,1,9.0,9.0,1
bin_leadingones_001,leadingones,bin,300,med,"GA(pop=100,pc=0.9,pm=0.02)",GA,2,7.0,9.0,0
bin_leadingones_001,leadingones,bin,300,med,"UMDA(pop=50,elite=0.2)",UMDA,0,17.0,9.0,1
bin_leadingones_001,leadingones,bin,300,med,"UMDA(pop=50,elite=0.2)",UMDA,1,10.0,9.0,1
bin_leadingones_001,leadingones,bin,300,med,"UMDA(pop=50,elite=0.2)",UMDA,2,15.0,9.0,1
bin_leadingones_001,leadingones,bin,300,med,"UMDA(pop=100,elite=0.2)",UMDA,0,13.0,9.0,1
bin_leadingones_001,leadingones,bin,300,med,"UMDA(pop=100,elite=0.2)",UMDA,1,12.0,9.0,1
bin_leadingones_001,leadingones,bin,300,med,"UMDA(pop=100,elite=0.2)",UMDA,2,12.0,9.0,1
bin_leadingones_001,leadingones,bin,300,hard,RS_BIN,RS_BIN,0,8.0,10.1,0
bin_leadingones_001,leadingones,bin,300,hard,RS_BIN,RS_BIN,1,10.0,10.1,0
bin_leadingones_001,leadingones,bin,300,hard,RS_BIN,RS_BIN,2,11.0,10.1,1
bin_leadingones_001,leadingones,bin,300,hard,HC(flips=1),HC,0,15.0,10.1,1
bin_leadingones_001,leadingones,bin,300,hard,HC(flips=1),HC,1,12.0,10.1,1
bin_leadingones_001,leadingones,bin,300,hard,HC(flips=1),HC,2,1.0,10.1,0
bin_leadingones_001,leadingones,bin,300,hard,HC(flips=2),HC,0,22.0,10.1,1
bin_leadingones_001,leadingones,bin,300,hard,HC(flips=2),HC,1,18.0,10.1,1
bin_leadingones_001,leadingones,bin,300,hard,HC(flips=2),HC,2,20.0,10.1,1
bin_leadingones_001,leadingones,bin,300,hard,"SA(T0=1.0,alpha=0.995,flips=1)",SA,0,2.0,10.1,0
bin_leadingones_001,leadingones,bin,300,hard,"SA(T0=1.0,alpha=0.995,flips=1)",SA,1,11.0,10.1,1
bin_leadingones_001,leadingones,bin,300,hard,"SA(T0=1.0,alpha=0.995,flips=1)",SA,2,6.0,10.1,0
bin_leadingones_001,leadingones,bin,300,hard,"SA(T0=2.0,alpha=0.99,flips=1)",SA,0,8.0,10.1,0
bin_leadingones_001,leadingones,bin,300,hard,"SA(T0=2.0,alpha=0.99,flips=1)",SA,1,4.0,10.1,0
bin_leadingones_001,leadingones,bin,300,hard,"SA(T0=2.0,alpha=0.99,flips=1)",SA,2,6.0,10.1,0
bin_leadingones_001,leadingones,bin,300,hard,"SA(T0=2.0,alpha=0.995,flips=2)",SA,0,7.0,10.1,0
bin_leadingones_001,leadingones,bin,300,hard,"SA(T0=2.0,alpha=0.995,flips=2)",SA,1,13.0,10.1,1
bin_leadingones_001,leadingones,bin,300,hard,"SA(T0=2.0,alpha=0.995,flips=2)",SA,2,7.0,10.1,0
bin_leadingones_001,leadingones,bin,300,hard,TABU(tenure=7),TABU,0,16.0,10.1,1
bin_leadingones_001,leadingones,bin,300,hard,TABU(tenure=7),TABU,1,8.0,10.1,0
bin_leadingones_001,leadingones,bin,300,hard,TABU(tenure=7),TABU,2,11.0,10.1,1
bin_leadingones_001,leadingones,bin,300,hard,TABU(tenure=12),TABU,0,14.0,10.1,1
bin_leadingones_001,leadingones,bin,300,hard,TABU(tenure=12),TABU,1,20.0,10.1,1
bin_leadingones_001,leadingones,bin,300,hard,TABU(tenure=12),TABU,2,3.0,10.1,0
bin_leadingones_001,leadingones,bin,300,hard,"GA(pop=50,pc=0.9,pm=0.02)",GA,0,10.0,10.1,0
bin_leadingones_001,leadingones,bin,300,hard,"GA(pop=50,pc=0.9,pm=0.02)",GA,1,7.0,10.1,0
bin_leadingones_001,leadingones,bin,300,hard,"GA(pop=50,pc=0.9,pm=0.02)",GA,2,6.0,10.1,0
bin_leadingones_001,leadingones,bin,300,hard,"GA(pop=50,pc=0.9,pm=0.05)",GA,0,10.0,10.1,0
bin_leadingones_001,leadingones,bin,300,hard,"GA(pop=50,pc=0.9,pm=0.05)",GA,1,13.0,10.1,1
bin_leadingones_001,leadingones,bin,300,hard,"GA(pop=50,pc=0.9,pm=0.05)",GA,2,10.0,10.1,0
bin_leadingones_001,leadingones,bin,300,hard,"GA(pop=100,pc=0.9,pm=0.02)",GA,0,11.0,10.1,1
bin_leadingones_001,leadingones,bin,300,hard,"GA(pop=100,pc=0.9,pm=0.02)",GA,1,7.0,10.1,0
bin_leadingones_001,leadingones,bin,300,hard,"GA(pop=100,pc=0.9,pm=0.02)",GA,2,9.0,10.1,0
bin_leadingones_001,leadingones,bin,300,hard,"UMDA(pop=50,elite=0.2)",UMDA,0,16.0,10.1,1
bin_leadingones_001,leadingones,bin,300,hard,"UMDA(pop=50,elite=0.2)",UMDA,1,10.0,10.1,0
bin_leadingones_001,leadingones,bin,300,hard,"UMDA(pop=50,elite=0.2)",UMDA,2,17.0,10.1,1
bin_leadingones_001,leadingones,bin,300,hard,"UMDA(pop=100,elite=0.2)",UMDA,0,13.0,10.1,1
bin_leadingones_001,leadingones,bin,300,hard,"UMDA(pop=100,elite=0.2)",UMDA,1,15.0,10.1,1
bin_leadingones_001,leadingones,bin,300,hard,"UMDA(pop=100,elite=0.2)",UMDA,2,9.0,10.1,0
bin_leadingones_001,leadingones,bin,800,easy,RS_BIN,RS_BIN,0,10.0,11.0,0
bin_leadingones_001,leadingones,bin,800,easy,RS_BIN,RS_BIN,1,10.0,11.0,0
bin_leadingones_001,leadingones,bin,800,easy,RS_BIN,RS_BIN,2,11.0,11.0,1
bin_leadingones_001,leadingones,bin,800,easy,HC(flips=1),HC,0,25.0,11.0,1
bin_leadingones_001,leadingones,bin,800,easy,HC(flips=1),HC,1,19.0,11.0,1
bin_leadingones_001,leadingones,bin,800,easy,HC(flips=1),HC,2,19.0,11.0,1
bin_leadingones_001,leadingones,bin,800,easy,HC(flips=2),HC,0,30.0,11.0,1
bin_leadingones_001,leadingones,bin,800,easy,HC(flips=2),HC,1,40.0,11.0,1
bin_leadingones_001,leadingones,bin,800,easy,HC(flips=2),HC,2,29.0,11.0,1
bin_leadingones_001,leadingones,bin,800,easy,"SA(T0=1.0,alpha=0.995,flips=1)",SA,0,11.0,11.0,1
bin_leadingones_001,leadingones,bin,800,easy,"SA(T0=1.0,alpha=0.995,flips=1)",SA,1,17.0,11.0,1
bin_leadingones_001,leadingones,bin,800,easy,"SA(T0=1.0,alpha=0.995,flips=1)",SA,2,30.0,11.0,1
bin_leadingones_001,leadingones,bin,800,easy,"SA(T0=2.0,alpha=0.99,flips=1)",SA,0,19.0,11.0,1
bin_leadingones_001,leadingones,bin,800,easy,"SA(T0=2.0,alpha=0.99,flips=1)",SA,1,7.0,11.0,0
bin_leadingones_001,leadingones,bin,800,easy,"SA(T0=2.0,alpha=0.99,flips=1)",SA,2,16.0,11.0,1
bin_leadingones_001,leadingones,bin,800,easy,"SA(T0=2.0,alpha=0.995,flips=2)",SA,0,35.0,11.0,1
bin_leadingones_001,leadingones,bin,800,easy,"SA(T0=2.0,alpha=0.995,flips=2)",SA,1,42.0,11.0,1
bin_leadingones_001,leadingones,bin,800,easy,"SA(T0=2.0,alpha=0.995,flips=2)",SA,2,28.0,11.0,1
bin_leadingones_001,leadingones,bin,800,easy,TABU(tenure=7),TABU,0,18.0,11.0,1
bin_leadingones_001,leadingones,bin,800,easy,TABU(tenure=7),TABU,1,18.0,11.0,1
bin_leadingones_001,leadingones,bin,800,easy,TABU(tenure=7),TABU,2,17.0,11.0,1
bin_leadingones_001,leadingones,bin,800,easy,TABU(tenure=12),TABU,0,25.0,11.0,1
bin_leadingones_001,leadingones,bin,800,easy,TABU(tenure=12),TABU,1,28.0,11.0,1
bin_leadingones_001,leadingones,bin,800,easy,TABU(tenure=12),TABU,2,19.0,11.0,1
bin_leadingones_001,leadingones,bin,800,easy,"GA(pop=50,pc=0.9,pm=0.02)",GA,0,14.0,11.0,1
bin_leadingones_001,leadingones,bin,800,easy,"GA(pop=50,pc=0.9,pm=0.02)",GA,1,14.0,11.0,1
bin_leadingones_001,leadingones,bin,800,easy,"GA(pop=50,pc=0.9,pm=0.02)",GA,2,16.0,11.0,1
bin_leadingones_001,leadingones,bin,800,easy,"GA(pop=50,pc=0.9,pm=0.05)",GA,0,16.0,11.0,1
bin_leadingones_001,leadingones,bin,800,easy,"GA(pop=50,pc=0.9,pm=0.05)",GA,1,14.0,11.0,1
bin_leadingones_001,leadingones,bin,800,easy,"GA(pop=50,pc=0.9,pm=0.05)",GA,2,12.0,11.0,1
bin_leadingones_001,leadingones,bin,800,easy,"GA(pop=100,pc=0.9,pm=0.02)",GA,0,10.0,11.0,0
bin_leadingones_001,leadingones,bin,800,easy,"GA(pop=100,pc=0.9,pm=0.02)",GA,1,10.0,11.0,0
bin_leadingones_001,leadingones,bin,800,easy,"GA(pop=100,pc=0.9,pm=0.02)",GA,2,9.0,11.0,0
bin_leadingones_001,leadingones,bin,800,easy,"UMDA(pop=50,elite=0.2)",UMDA,0,5.0,11.0,0
bin_leadingones_001,leadingones,bin,800,easy,"UMDA(pop=50,elite=0.2)",UMDA,1,14.0,11.0,1
bin_leadingones_001,leadingones,bin,800,easy,"UMDA(pop=50,elite=0.2)",UMDA,2,11.0,11.0,1
bin_leadingones_001,leadingones,bin,800,easy,"UMDA(pop=100,elite=0.2)",UMDA,0,22.0,11.0,1
bin_leadingones_001,leadingones,bin,800,easy,"UMDA(pop=100,elite=0.2)",UMDA,1,18.0,11.0,1
bin_leadingones_001,leadingones,bin,800,easy,"UMDA(pop=100,elite=0.2)",UMDA,2,24.0,11.0,1
bin_leadingones_001,leadingones,bin,800,med,RS_BIN,RS_BIN,0,9.0,11.0,0
bin_leadingones_001,leadingones,bin,800,med,RS_BIN,RS_BIN,1,7.0,11.0,0
bin_leadingones_001,leadingones,bin,800,med,RS_BIN,RS_BIN,2,9.0,11.0,0
bin_leadingones_001,leadingones,bin,800,med,HC(flips=1),HC,0,25.0,11.0,1
bin_leadingones_001,leadingones,bin,800,med,HC(flips=1),HC,1,24.0,11.0,1
bin_leadingones_001,leadingones,bin,800,med,HC(flips=1),HC,2,15.0,11.0,1
bin_leadingones_001,leadingones,bin,800,med,HC(flips=2),HC,0,42.0,11.0,1
bin_leadingones_001,leadingones,bin,800,med,HC(flips=2),HC,1,32.0,11.0,1
bin_leadingones_001,leadingones,bin,800,med,HC(flips=2),HC,2,25.0,11.0,1
bin_leadingones_001,leadingones,bin,800,med,"SA(T0=1.0,alpha=0.995,flips=1)",SA,0,26.0,11.0,1
bin_leadingones_001,leadingones,bin,800,med,"SA(T0=1.0,alpha=0.995,flips=1)",SA,1,13.0,11.0,1
bin_leadingones_001,leadingones,bin,800,med,"SA(T0=1.0,alpha=0.995,flips=1)",SA,2,35.0,11.0,1
bin_leadingones_001,leadingones,bin,800,med,"SA(T0=2.0,alpha=0.99,flips=1)",SA,0,26.0,11.0,1
bin_leadingones_001,leadingones,bin,800,med,"SA(T0=2.0,alpha=0.99,flips=1)",SA,1,12.0,11.0,1
bin_leadingones_001,leadingones,bin,800,med,"SA(T0=2.0,alpha=0.99,flips=1)",SA,2,21.0,11.0,1
bin_leadingones_001,leadingones,bin,800,med,"SA(T0=2.0,alpha=0.995,flips=2)",SA,0,30.0,11.0,1
bin_leadingones_001,leadingones,bin,800,med,"SA(T0=2.0,alpha=0.995,flips=2)",SA,1,40.0,11.0,1
bin_leadingones_001,leadingones,bin,800,med,"SA(T0=2.0,alpha=0.995,flips=2)",SA,2,34.0,11.0,1
bin_leadingones_001,leadingones,bin,800,med,TABU(tenure=7),TABU,0,17.0,11.0,1
bin_leadingones_001,leadingones,bin,800,med,TABU(tenure=7),TABU,1,15.0,11.0,1
bin_leadingones_001,leadingones,bin,800,med,TABU(tenure=7),TABU,2,21.0,11.0,1
bin_leadingones_001,leadingones,bin,800,med,TABU(tenure=12),TABU,0,17.0,11.0,1
bin_leadingones_001,leadingones,bin,800,med,TABU(tenure=12),TABU,1,11.0,11.0,1
bin_leadingones_001,leadingones,bin,800,med,TABU(tenure=12),TABU,2,21.0,11.0,1
bin_leadingones_001,leadingones,bin,800,med,"GA(pop=50,pc=0.9,pm=0.02)",GA,0,17.0,11.0,1
bin_leadingones_001,leadingones,bin,800,med,"GA(pop=50,pc=0.9,pm=0.02)",GA,1,12.0,11.0,1
bin_leadingones_001,leadingones,bin,800,med,"GA(pop=50,pc=0.9,pm=0.02)",GA,2,14.0,11.0,1
bin_leadingones_001,leadingones,bin,800,med,"GA(pop=50,pc=0.9,pm=0.05)",GA,0,14.0,11.0,1
bin_leadingones_001,leadingones,bin,800,med,"GA(pop=50,pc=0.9,pm=0.05)",GA,1,12.0,11.0,1
bin_leadingones_001,leadingones,bin,800,med,"GA(pop=50,pc=0.9,pm=0.05)",GA,2,21.0,11.0,1
bin_leadingones_001,leadingones,bin,800,med,"GA(pop=100,pc=0.9,pm=0.02)",GA,0,9.0,11.0,0
bin_leadingones_001,leadingones,bin,800,med,"GA(pop=100,pc=0.9,pm=0.02)",GA,1,12.0,11.0,1
bin_leadingones_001,leadingones,bin,800,med,"GA(pop=100,pc=0.9,pm=0.02)",GA,2,16.0,11.0,1
bin_leadingones_001,leadingones,bin,800,med,"UMDA(pop=50,elite=0.2)",UMDA,0,8.0,11.0,0
bin_leadingones_001,leadingones,bin,800,med,"UMDA(pop=50,elite=0.2)",UMDA,1,21.0,11.0,1
bin_leadingones_001,leadingones,bin,800,med,"UMDA(pop=50,elite=0.2)",UMDA,2,21.0,11.0,1
bin_leadingones_001,leadingones,bin,800,med,"UMDA(pop=100,elite=0.2)",UMDA,0,16.0,11.0,1
bin_leadingones_001,leadingones,bin,800,med,"UMDA(pop=100,elite=0.2)",UMDA,1,19.0,11.0,1
bin_leadingones_001,leadingones,bin,800,med,"UMDA(pop=100,elite=0.2)",UMDA,2,17.0,11.0,1
bin_leadingones_001,leadingones,bin,800,hard,RS_BIN,RS_BIN,0,11.0,12.0,0
bin_leadingones_001,leadingones,bin,800,hard,RS_BIN,RS_BIN,1,10.0,12.0,0
bin_leadingones_001,leadingones,bin,800,hard,RS_BIN,RS_BIN,2,11.0,12.0,0
bin_leadingones_001,leadingones,bin,800,hard,HC(flips=1),HC,0,15.0,12.0,1
bin_leadingones_001,leadingones,bin,800,hard,HC(flips=1),HC,1,25.0,12.0,1
bin_leadingones_001,leadingones,bin,800,hard,HC(flips=1),HC,2,9.0,12.0,0
bin_leadingones_001,leadingones,bin,800,hard,HC(flips=2),HC,0,24.0,12.0,1
bin_leadingones_001,leadingones,bin,800,hard,HC(flips=2),HC,1,28.0,12.0,1
bin_leadingones_001,leadingones,bin,800,hard,HC(flips=2),HC,2,31.0,12.0,1
bin_leadingones_001,leadingones,bin,800,hard,"SA(T0=1.0,alpha=0.995,flips=1)",SA,0,25.0,12.0,1
bin_leadingones_001,leadingones,bin,800,hard,"SA(T0=1.0,alpha=0.995,flips=1)",SA,1,26.0,12.0,1
bin_leadingones_001,leadingones,bin,800,hard,"SA(T0=1.0,alpha=0.995,flips=1)",SA,2,26.0,12.0,1
bin_leadingones_001,leadingones,bin,800,hard,"SA(T0=2.0,alpha=0.99,flips=1)",SA,0,24.0,12.0,1
bin_leadingones_001,leadingones,bin,800,hard,"SA(T0=2.0,alpha=0.99,flips=1)",SA,1,14.0,12.0,1
bin_leadingones_001,leadingones,bin,800,hard,"SA(T0=2.0,alpha=0.99,flips=1)",SA,2,34.0,12.0,1
bin_leadingones_001,leadingones,bin,800,hard,"SA(T0=2.0,alpha=0.995,flips=2)",SA,0,37.0,12.0,1
bin_leadingones_001,leadingones,bin,800,hard,"SA(T0=2.0,alpha=0.995,flips=2)",SA,1,24.0,12.0,1
bin_leadingones_001,leadingones,bin,800,hard,"SA(T0=2.0,alpha=0.995,flips=2)",SA,2,28.0,12.0,1
bin_leadingones_001,leadingones,bin,800,hard,TABU(tenure=7),TABU,0,17.0,12.0,1
bin_leadingones_001,leadingones,bin,800,hard,TABU(tenure=7),TABU,1,16.0,12.0,1
bin_leadingones_001,leadingones,bin,800,hard,TABU(tenure=7),TABU,2,29.0,12.0,1
bin_leadingones_001,leadingones,bin,800,hard,TABU(tenure=12),TABU,0,25.0,12.0,1
bin_leadingones_001,leadingones,bin,800,hard,TABU(tenure=12),TABU,1,18.0,12.0,1
bin_leadingones_001,leadingones,bin,800,hard,TABU(tenure=12),TABU,2,16.0,12.0,1
bin_leadingones_001,leadingones,bin,800,hard,"GA(pop=50,pc=0.9,pm=0.02)",GA,0,12.0,12.0,1
bin_leadingones_001,leadingones,bin,800,hard,"GA(pop=50,pc=0.9,pm=0.02)",GA,1,11.0,12.0,0
bin_leadingones_001,leadingones,bin,800,hard,"GA(pop=50,pc=0.9,pm=0.02)",GA,2,15.0,12.0,1
bin_leadingones_001,leadingones,bin,800,hard,"GA(pop=50,pc=0.9,pm=0.05)",GA,0,22.0,12.0,1
bin_leadingones_001,leadingones,bin,800,hard,"GA(pop=50,pc=0.9,pm=0.05)",GA,1,23.0,12.0,1
bin_leadingones_001,leadingones,bin,800,hard,"GA(pop=50,pc=0.9,pm=0.05)",GA,2,12.0,12.0,1
bin_leadingones_001,leadingones,bin,800,hard,"GA(pop=100,pc=0.9,pm=0.02)",GA,0,9.0,12.0,0
bin_leadingones_001,leadingones,bin,800,hard,"GA(pop=100,pc=0.9,pm=0.02)",GA,1,12.0,12.0,1
bin_leadingones_001,leadingones,bin,800,hard,"GA(pop=100,pc=0.9,pm=0.02)",GA,2,18.0,12.0,1
bin_leadingones_001,leadingones,bin,800,hard,"UMDA(pop=50,elite=0.2)",UMDA,0,6.0,12.0,0
bin_leadingones_001,leadingones,bin,800,hard,"UMDA(pop=50,elite=0.2)",UMDA,1,12.0,12.0,1
bin_leadingones_001,leadingones,bin,800,hard,"UMDA(pop=50,elite=0.2)",UMDA,2,10.0,12.0,0
bin_leadingones_001,leadingones,bin,800,hard,"UMDA(pop=100,elite=0.2)",UMDA,0,14.0,12.0,1
bin_leadingones_001,leadingones,bin,800,hard,"UMDA(pop=100,elite=0.2)",UMDA,1,16.0,12.0,1
bin_leadingones_001,leadingones,bin,800,hard,"UMDA(pop=100,elite=0.2)",UMDA,2,15.0,12.0,1
bin_knapsack01_002,knapsack01,bin,300,easy,RS_BIN,RS_BIN,0,-7110.0,-6351.5,0
bin_knapsack01_002,knapsack01,bin,300,easy,RS_BIN,RS_BIN,1,-5266.0,-6351.5,1
bin_knapsack01_002,knapsack01,bin,300,easy,RS_BIN,RS_BIN,2,-9778.0,-6351.5,0
bin_knapsack01_002,knapsack01,bin,300,easy,HC(flips=1),HC,0,273.0,-6351.5,1
bin_knapsack01_002,knapsack01,bin,300,easy,HC(flips=1),HC,1,261.0,-6351.5,1
bin_knapsack01_002,knapsack01,bin,300,easy,HC(flips=1),HC,2,387.0,-6351.5,1
bin_knapsack01_002,knapsack01,bin,300,easy,HC(flips=2),HC,0,549.0,-6351.5,1
bin_knapsack01_002,knapsack01,bin,300,easy,HC(flips=2),HC,1,585.0,-6351.5,1
bin_knapsack01_002,knapsack01,bin,300,easy,HC(flips=2),HC,2,521.0,-6351.5,1
bin_knapsack01_002,knapsack01,bin,300,easy,"SA(T0=1.0,alpha=0.995,flips=1)",SA,0,323.0,-6351.5,1
bin_knapsack01_002,knapsack01,bin,300,easy,"SA(T0=1.0,alpha=0.995,flips=1)",SA,1,333.0,-6351.5,1
bin_knapsack01_002,knapsack01,bin,300,easy,"SA(T0=1.0,alpha=0.995,flips=1)",SA,2,306.0,-6351.5,1
bin_knapsack01_002,knapsack01,bin,300,easy,"SA(T0=2.0,alpha=0.99,flips=1)",SA,0,453.0,-6351.5,1
bin_knapsack01_002,knapsack01,bin,300,easy,"SA(T0=2.0,alpha=0.99,flips=1)",SA,1,350.0,-6351.5,1
bin_knapsack01_002,knapsack01,bin,300,easy,"SA(T0=2.0,alpha=0.99,flips=1)",SA,2,378.0,-6351.5,1
bin_knapsack01_002,knapsack01,bin,300,easy,"SA(T0=2.0,alpha=0.995,flips=2)",SA,0,568.0,-6351.5,1
bin_knapsack01_002,knapsack01,bin,300,easy,"SA(T0=2.0,alpha=0.995,flips=2)",SA,1,484.0,-6351.5,1
bin_knapsack01_002,knapsack01,bin,300,easy,"SA(T0=2.0,alpha=0.995,flips=2)",SA,2,520.0,-6351.5,1
bin_knapsack01_002,knapsack01,bin,300,easy,TABU(tenure=7),TABU,0,-768.0,-6351.5,1
bin_knapsack01_002,knapsack01,bin,300,easy,TABU(tenure=7),TABU,1,371.0,-6351.5,1
bin_knapsack01_002,knapsack01,bin,300,easy,TABU(tenure=7),TABU,2,505.0,-6351.5,1
bin_knapsack01_002,knapsack01,bin,300,easy,TABU(tenure=12),TABU,0,418.0,-6351.5,1
bin_knapsack01_002,knapsack01,bin,300,easy,TABU(tenure=12),TABU,1,456.0,-6351.5,1
bin_knapsack01_002,knapsack01,bin,300,easy,TABU(tenure=12),TABU,2,430.0,-6351.5,1
bin_knapsack01_002,knapsack01,bin,300,easy,"GA(pop=50,pc=0.9,pm=0.02)",GA,0,324.0,-6351.5,1
bin_knapsack01_002,knapsack01,bin,300,easy,"GA(pop=50,pc=0.9,pm=0.02)",GA,1,412.0,-6351.5,1
bin_knapsack01_002,knapsack01,bin,300,easy,"GA(pop=50,pc=0.9,pm=0.02)",GA,2,360.0,-6351.5,1
bin_knapsack01_002,knapsack01,bin,300,easy,"GA(pop=50,pc=0.9,pm=0.05)",GA,0,355.0,-6351.5,1
bin_knapsack01_002,knapsack01,bin,300,easy,"GA(pop=50,pc=0.9,pm=0.05)",GA,1,353.0,-6351.5,1
bin_knapsack01_002,knapsack01,bin,300,easy,"GA(pop=50,pc=0.9,pm=0.05)",GA,2,357.0,-6351.5,1
bin_knapsack01_002,knapsack01,bin,300,easy,"GA(pop=100,pc=0.9,pm=0.02)",GA,0,-4582.0,-6351.5,1
bin_knapsack01_002,knapsack01,bin,300,easy,"GA(pop=100,pc=0.9,pm=0.02)",GA,1,288.0,-6351.5,1
bin_knapsack01_002,knapsack01,bin,300,easy,"GA(pop=100,pc=0.9,pm=0.02)",GA,2,-6226.0,-6351.5,1
bin_knapsack01_002,knapsack01,bin,300,easy,"UMDA(pop=50,elite=0.2)",UMDA,0,398.0,-6351.5,1
bin_knapsack01_002,knapsack01,bin,300,easy,"UMDA(pop=50,elite=0.2)",UMDA,1,428.0,-6351.5,1
bin_knapsack01_002,knapsack01,bin,300,easy,"UMDA(pop=50,elite=0.2)",UMDA,2,401.0,-6351.5,1
bin_knapsack01_002,knapsack01,bin,300,easy,"UMDA(pop=100,elite=0.2)",UMDA,0,454.0,-6351.5,1
bin_knapsack01_002,knapsack01,bin,300,easy,"UMDA(pop=100,elite=0.2)",UMDA,1,299.0,-6351.5,1
bin_knapsack01_002,knapsack01,bin,300,easy,"UMDA(pop=100,elite=0.2)",UMDA,2,380.0,-6351.5,1
bin_knapsack01_002,knapsack01,bin,300,med,RS_BIN,RS_BIN,0,-5473.0,-5138.0,0
bin_knapsack01_002,knapsack01,bin,300,med,RS_BIN,RS_BIN,1,-7386.0,-5138.0,0
bin_knapsack01_002,knapsack01,bin,300,med,RS_BIN,RS_BIN,2,-4143.0,-5138.0,1
bin_knapsack01_002,knapsack01,bin,300,med,HC(flips=1),HC,0,205.0,-5138.0,1
bin_knapsack01_002,knapsack01,bin,300,med,HC(flips=1),HC,1,313.0,-5138.0,1
bin_knapsack01_002,knapsack01,bin,300,med,HC(flips=1),HC,2,313.0,-5138.0,1
bin_knapsack01_002,knapsack01,bin,300,med,HC(flips=2),HC,0,515.0,-5138.0,1
bin_knapsack01_002,knapsack01,bin,300,med,HC(flips=2),HC,1,546.0,-5138.0,1
bin_knapsack01_002,knapsack01,bin,300,med,HC(flips=2),HC,2,548.0,-5138.0,1
bin_knapsack01_002,knapsack01,bin,300,med,"SA(T0=1.0,alpha=0.995,flips=1)",SA,0,280.0,-5138.0,1
bin_knapsack01_002,knapsack01,bin,300,med,"SA(T0=1.0,alpha=0.995,flips=1)",SA,1,347.0,-5138.0,1
bin_knapsack01_002,knapsack01,bin,300,med,"SA(T0=1.0,alpha=0.995,flips=1)",SA,2,250.0,-5138.0,1
bin_knapsack01_002,knapsack01,bin,300,med,"SA(T0=2.0,alpha=0.99,flips=1)",SA,0,354.0,-5138.0,1
bin_knapsack01_002,knapsack01,bin,300,med,"SA(T0=2.0,alpha=0.99,flips=1)",SA,1,271.0,-5138.0,1
bin_knapsack01_002,knapsack01,bin,300,med,"SA(T0=2.0,alpha=0.99,flips=1)",SA,2,369.0,-5138.0,1
bin_knapsack01_002,knapsack01,bin,300,med,"SA(T0=2.0,alpha=0.995,flips=2)",SA,0,509.0,-5138.0,1
bin_knapsack01_002,knapsack01,bin,300,med,"SA(T0=2.0,alpha=0.995,flips=2)",SA,1,519.0,-5138.0,1
bin_knapsack01_002,knapsack01,bin,300,med,"SA(T0=2.0,alpha=0.995,flips=2)",SA,2,495.0,-5138.0,1
bin_knapsack01_002,knapsack01,bin,300,med,TABU(tenure=7),TABU,0,447.0,-5138.0,1
bin_knapsack01_002,knapsack01,bin,300,med,TABU(tenure=7),TABU,1,434.0,-5138.0,1
bin_knapsack01_002,knapsack01,bin,300,med,TABU(tenure=7),TABU,2,421.0,-5138.0,1
bin_knapsack01_002,knapsack01,bin,300,med,TABU(tenure=12),TABU,0,505.0,-5138.0,1
bin_knapsack01_002,knapsack01,bin,300,med,TABU(tenure=12),TABU,1,417.0,-5138.0,1
bin_knapsack01_002,knapsack01,bin,300,med,TABU(tenure=12),TABU,2,477.0,-5138.0,1
bin_knapsack01_002,knapsack01,bin,300,med,"GA(pop=50,pc=0.9,pm=0.02)",GA,0,352.0,-5138.0,1
bin_knapsack01_002,knapsack01,bin,300,med,"GA(pop=50,pc=0.9,pm=0.02)",GA,1,-630.0,-5138.0,1
bin_knapsack01_002,knapsack01,bin,300,med,"GA(pop=50,pc=0.9,pm=0.02)",GA,2,392.0,-5138.0,1
bin_knapsack01_002,knapsack01,bin,300,med,"GA(pop=50,pc=0.9,pm=0.05)",GA,0,430.0,-5138.0,1
bin_knapsack01_002,knapsack01,bin,300,med,"GA(pop=50,pc=0.9,pm=0.05)",GA,1,342.0,-5138.0,1
bin_knapsack01_002,knapsack01,bin,300,med,"GA(pop=50,pc=0.9,pm=0.05)",GA,2,244.0,-5138.0,1
bin_knapsack01_002,knapsack01,bin,300,med,"GA(pop=100,pc=0.9,pm=0.02)",GA,0,-1043.0,-5138.0,1
bin_knapsack01_002,knapsack01,bin,300,med,"GA(pop=100,pc=0.9,pm=0.02)",GA,1,-2262.0,-5138.0,1
bin_knapsack01_002,knapsack01,bin,300,med,"GA(pop=100,pc=0.9,pm=0.02)",GA,2,-3304.0,-5138.0,1
bin_knapsack01_002,knapsack01,bin,300,med,"UMDA(pop=50,elite=0.2)",UMDA,0,467.0,-5138.0,1
bin_knapsack01_002,knapsack01,bin,300,med,"UMDA(pop=50,elite=0.2)",UMDA,1,433.0,-5138.0,1
bin_knapsack01_002,knapsack01,bin,300,med,"UMDA(pop=50,elite=0.2)",UMDA,2,506.0,-5138.0,1
bin_knapsack01_002,knapsack01,bin,300,med,"UMDA(pop=100,elite=0.2)",UMDA,0,339.0,-5138.0,1
bin_knapsack01_002,knapsack01,bin,300,med,"UMDA(pop=100,elite=0.2)",UMDA,1,404.0,-5138.0,1
bin_knapsack01_002,knapsack01,bin,300,med,"UMDA(pop=100,elite=0.2)",UMDA,2,368.0,-5138.0,1
bin_knapsack01_002,knapsack01,bin,300,hard,RS_BIN,RS_BIN,0,-5659.0,-4316.800000000001,0
bin_knapsack01_002,knapsack01,bin,300,hard,RS_BIN,RS_BIN,1,-6922.0,-4316.800000000001,0
bin_knapsack01_002,knapsack01,bin,300,hard,RS_BIN,RS_BIN,2,-7378.0,-4316.800000000001,0
bin_knapsack01_002,knapsack01,bin,300,hard,HC(flips=1),HC,0,330.0,-4316.800000000001,1
bin_knapsack01_002,knapsack01,bin,300,hard,HC(flips=1),HC,1,405.0,-4316.800000000001,1
bin_knapsack01_002,knapsack01,bin,300,hard,HC(flips=1),HC,2,286.0,-4316.800000000001,1
bin_knapsack01_002,knapsack01,bin,300,hard,HC(flips=2),HC,0,494.0,-4316.800000000001,1
bin_knapsack01_002,knapsack01,bin,300,hard,HC(flips=2),HC,1,509.0,-4316.800000000001,1
bin_knapsack01_002,knapsack01,bin,300,hard,HC(flips=2),HC,2,530.0,-4316.800000000001,1
bin_knapsack01_002,knapsack01,bin,300,hard,"SA(T0=1.0,alpha=0.995,flips=1)",SA,0,344.0,-4316.800000000001,1
bin_knapsack01_002,knapsack01,bin,300,hard,"SA(T0=1.0,alpha=0.995,flips=1)",SA,1,367.0,-4316.800000000001,1
bin_knapsack01_002,knapsack01,bin,300,hard,"SA(T0=1.0,alpha=0.995,flips=1)",SA,2,307.0,-4316.800000000001,1
bin_knapsack01_002,knapsack01,bin,300,hard,"SA(T0=2.0,alpha=0.99,flips=1)",SA,0,295.0,-4316.800000000001,1
bin_knapsack01_002,knapsack01,bin,300,hard,"SA(T0=2.0,alpha=0.99,flips=1)",SA,1,354.0,-4316.800000000001,1
bin_knapsack01_002,knapsack01,bin,300,hard,"SA(T0=2.0,alpha=0.99,flips=1)",SA,2,260.0,-4316.800000000001,1
bin_knapsack01_002,knapsack01,bin,300,hard,"SA(T0=2.0,alpha=0.995,flips=2)",SA,0,517.0,-4316.800000000001,1
bin_knapsack01_002,knapsack01,bin,300,hard,"SA(T0=2.0,alpha=0.995,flips=2)",SA,1,582.0,-4316.800000000001,1
bin_knapsack01_002,knapsack01,bin,300,hard,"SA(T0=2.0,alpha=0.995,flips=2)",SA,2,532.0,-4316.800000000001,1
bin_knapsack01_002,knapsack01,bin,300,hard,TABU(tenure=7),TABU,0,400.0,-4316.800000000001,1
bin_knapsack01_002,knapsack01,bin,300,hard,TABU(tenure=7),TABU,1,446.0,-4316.800000000001,1
bin_knapsack01_002,knapsack01,bin,300,hard,TABU(tenure=7),TABU,2,477.0,-4316.800000000001,1
bin_knapsack01_002,knapsack01,bin,300,hard,TABU(tenure=12),TABU,0,-151.0,-4316.800000000001,1
bin_knapsack01_002,knapsack01,bin,300,hard,TABU(tenure=12),TABU,1,496.0,-4316.800000000001,1
bin_knapsack01_002,knapsack01,bin,300,hard,TABU(tenure=12),TABU,2,-3017.0,-4316.800000000001,1
bin_knapsack01_002,knapsack01,bin,300,hard,"GA(pop=50,pc=0.9,pm=0.02)",GA,0,286.0,-4316.800000000001,1
bin_knapsack01_002,knapsack01,bin,300,hard,"GA(pop=50,pc=0.9,pm=0.02)",GA,1,357.0,-4316.800000000001,1
bin_knapsack01_002,knapsack01,bin,300,hard,"GA(pop=50,pc=0.9,pm=0.02)",GA,2,343.0,-4316.800000000001,1
bin_knapsack01_002,knapsack01,bin,300,hard,"GA(pop=50,pc=0.9,pm=0.05)",GA,0,363.0,-4316.800000000001,1
bin_knapsack01_002,knapsack01,bin,300,hard,"GA(pop=50,pc=0.9,pm=0.05)",GA,1,366.0,-4316.800000000001,1
bin_knapsack01_002,knapsack01,bin,300,hard,"GA(pop=50,pc=0.9,pm=0.05)",GA,2,358.0,-4316.800000000001,1
bin_knapsack01_002,knapsack01,bin,300,hard,"GA(pop=100,pc=0.9,pm=0.02)",GA,0,-1467.0,-4316.800000000001,1
bin_knapsack01_002,knapsack01,bin,300,hard,"GA(pop=100,pc=0.9,pm=0.02)",GA,1,-2157.0,-4316.800000000001,1
bin_knapsack01_002,knapsack01,bin,300,hard,"GA(pop=100,pc=0.9,pm=0.02)",GA,2,-3973.0,-4316.800000000001,1
bin_knapsack01_002,knapsack01,bin,300,hard,"UMDA(pop=50,elite=0.2)",UMDA,0,437.0,-4316.800000000001,1
bin_knapsack01_002,knapsack01,bin,300,hard,"UMDA(pop=50,elite=0.2)",UMDA,1,459.0,-4316.800000000001,1
bin_knapsack01_002,knapsack01,bin,300,hard,"UMDA(pop=50,elite=0.2)",UMDA,2,441.0,-4316.800000000001,1
bin_knapsack01_002,knapsack01,bin,300,hard,"UMDA(pop=100,elite=0.2)",UMDA,0,355.0,-4316.800000000001,1
bin_knapsack01_002,knapsack01,bin,300,hard,"UMDA(pop=100,elite=0.2)",UMDA,1,419.0,-4316.800000000001,1
bin_knapsack01_002,knapsack01,bin,300,hard,"UMDA(pop=100,elite=0.2)",UMDA,2,429.0,-4316.800000000001,1
bin_knapsack01_002,knapsack01,bin,800,easy,RS_BIN,RS_BIN,0,-5976.0,-4556.5,0
bin_knapsack01_002,knapsack01,bin,800,easy,RS_BIN,RS_BIN,1,-6694.0,-4556.5,0
bin_knapsack01_002,knapsack01,bin,800,easy,RS_BIN,RS_BIN,2,-783.0,-4556.5,1
bin_knapsack01_002,knapsack01,bin,800,easy,HC(flips=1),HC,0,284.0,-4556.5,1
bin_knapsack01_002,knapsack01,bin,800,easy,HC(flips=1),HC,1,299.0,-4556.5,1
bin_knapsack01_002,knapsack01,bin,800,easy,HC(flips=1),HC,2,264.0,-4556.5,1
bin_knapsack01_002,knapsack01,bin,800,easy,HC(flips=2),HC,0,562.0,-4556.5,1
bin_knapsack01_002,knapsack01,bin,800,easy,HC(flips=2),HC,1,558.0,-4556.5,1
bin_knapsack01_002,knapsack01,bin,800,easy,HC(flips=2),HC,2,576.0,-4556.5,1
bin_knapsack01_002,knapsack01,bin,800,easy,"SA(T0=1.0,alpha=0.995,flips=1)",SA,0,302.0,-4556.5,1
bin_knapsack01_002,knapsack01,bin,800,easy,"SA(T0=1.0,alpha=0.995,flips=1)",SA,1,281.0,-4556.5,1
bin_knapsack01_002,knapsack01,bin,800,easy,"SA(T0=1.0,alpha=0.995,flips=1)",SA,2,293.0,-4556.5,1
bin_knapsack01_002,knapsack01,bin,800,easy,"SA(T0=2.0,alpha=0.99,flips=1)",SA,0,245.0,-4556.5,1
bin_knapsack01_002,knapsack01,bin,800,easy,"SA(T0=2.0,alpha=0.99,flips=1)",SA,1,248.0,-4556.5,1
bin_knapsack01_002,knapsack01,bin,800,easy,"SA(T0=2.0,alpha=0.99,flips=1)",SA,2,262.0,-4556.5,1
bin_knapsack01_002,knapsack01,bin,800,easy,"SA(T0=2.0,alpha=0.995,flips=2)",SA,0,607.0,-4556.5,1
bin_knapsack01_002,knapsack01,bin,800,easy,"SA(T0=2.0,alpha=0.995,flips=2)",SA,1,597.0,-4556.5,1
bin_knapsack01_002,knapsack01,bin,800,easy,"SA(T0=2.0,alpha=0.995,flips=2)",SA,2,567.0,-4556.5,1
bin_knapsack01_002,knapsack01,bin,800,easy,TABU(tenure=7),TABU,0,542.0,-4556.5,1
bin_knapsack01_002,knapsack01,bin,800,easy,TABU(tenure=7),TABU,1,609.0,-4556.5,1
bin_knapsack01_002,knapsack01,bin,800,easy,TABU(tenure=7),TABU,2,603.0,-4556.5,1
bin_knapsack01_002,knapsack01,bin,800,easy,TABU(tenure=12),TABU,0,576.0,-4556.5,1
bin_knapsack01_002,knapsack01,bin,800,easy,TABU(tenure=12),TABU,1,601.0,-4556.5,1
bin_knapsack01_002,knapsack01,bin,800,easy,TABU(tenure=12),TABU,2,583.0,-4556.5,1
bin_knapsack01_002,knapsack01,bin,800,easy,"GA(pop=50,pc=0.9,pm=0.02)",GA,0,467.0,-4556.5,1
bin_knapsack01_002,knapsack01,bin,800,easy,"GA(pop=50,pc=0.9,pm=0.02)",GA,1,472.0,-4556.5,1
bin_knapsack01_002,knapsack01,bin,800,easy,"GA(pop=50,pc=0.9,pm=0.02)",GA,2,436.0,-4556.5,1
bin_knapsack01_002,knapsack01,bin,800,easy,"GA(pop=50,pc=0.9,pm=0.05)",GA,0,465.0,-4556.5,1
bin_knapsack01_002,knapsack01,bin,800,easy,"GA(pop=50,pc=0.9,pm=0.05)",GA,1,467.0,-4556.5,1
bin_knapsack01_002,knapsack01,bin,800,easy,"GA(pop=50,pc=0.9,pm=0.05)",GA,2,441.0,-4556.5,1
bin_knapsack01_002,knapsack01,bin,800,easy,"GA(pop=100,pc=0.9,pm=0.02)",GA,0,423.0,-4556.5,1
bin_knapsack01_002,knapsack01,bin,800,easy,"GA(pop=100,pc=0.9,pm=0.02)",GA,1,451.0,-4556.5,1
bin_knapsack01_002,knapsack01,bin,800,easy,"GA(pop=100,pc=0.9,pm=0.02)",GA,2,422.0,-4556.5,1
bin_knapsack01_002,knapsack01,bin,800,easy,"UMDA(pop=50,elite=0.2)",UMDA,0,582.0,-4556.5,1
bin_knapsack01_002,knapsack01,bin,800,easy,"UMDA(pop=50,elite=0.2)",UMDA,1,599.0,-4556.5,1
bin_knapsack01_002,knapsack01,bin,800,easy,"UMDA(pop=50,elite=0.2)",UMDA,2,573.0,-4556.5,1
bin_knapsack01_002,knapsack01,bin,800,easy,"UMDA(pop=100,elite=0.2)",UMDA,0,532.0,-4556.5,1
bin_knapsack01_002,knapsack01,bin,800,easy,"UMDA(pop=100,elite=0.2)",UMDA,1,510.0,-4556.5,1
bin_knapsack01_002,knapsack01,bin,800,easy,"UMDA(pop=100,elite=0.2)",UMDA,2,496.0,-4556.5,1
bin_knapsack01_002,knapsack01,bin,800,med,RS_BIN,RS_BIN,0,-2966.0,-3306.0,1
bin_knapsack01_002,knapsack01,bin,800,med,RS_BIN,RS_BIN,1,-1240.0,-3306.0,1
bin_knapsack01_002,knapsack01,bin,800,med,RS_BIN,RS_BIN,2,-2127.0,-3306.0,1
bin_knapsack01_002,knapsack01,bin,800,med,HC(flips=1),HC,0,322.0,-3306.0,1
bin_knapsack01_002,knapsack01,bin,800,med,HC(flips=1),HC,1,286.0,-3306.0,1
bin_knapsack01_002,knapsack01,bin,800,med,HC(flips=1),HC,2,292.0,-3306.0,1
bin_knapsack01_002,knapsack01,bin,800,med,HC(flips=2),HC,0,567.0,-3306.0,1
bin_knapsack01_002,knapsack01,bin,800,med,HC(flips=2),HC,1,572.0,-3306.0,1
bin_knapsack01_002,knapsack01,bin,800,med,HC(flips=2),HC,2,623.0,-3306.0,1
bin_knapsack01_002,knapsack01,bin,800,med,"SA(T0=1.0,alpha=0.995,flips=1)",SA,0,392.0,-3306.0,1
bin_knapsack01_002,knapsack01,bin,800,med,"SA(T0=1.0,alpha=0.995,flips=1)",SA,1,272.0,-3306.0,1
bin_knapsack01_002,knapsack01,bin,800,med,"SA(T0=1.0,alpha=0.995,flips=1)",SA,2,363.0,-3306.0,1
bin_knapsack01_002,knapsack01,bin,800,med,"SA(T0=2.0,alpha=0.99,flips=1)",SA,0,303.0,-3306.0,1
bin_knapsack01_002,knapsack01,bin,800,med,"SA(T0=2.0,alpha=0.99,flips=1)",SA,1,300.0,-3306.0,1
bin_knapsack01_002,knapsack01,bin,800,med,"SA(T0=2.0,alpha=0.99,flips=1)",SA,2,361.0,-3306.0,1
bin_knapsack01_002,knapsack01,bin,800,med,"SA(T0=2.0,alpha=0.995,flips=2)",SA,0,562.0,-3306.0,1
bin_knapsack01_002,knapsack01,bin,800,med,"SA(T0=2.0,alpha=0.995,flips=2)",SA,1,559.0,-3306.0,1
bin_knapsack01_002,knapsack01,bin,800,med,"SA(T0=2.0,alpha=0.995,flips=2)",SA,2,559.0,-3306.0,1
bin_knapsack01_002,knapsack01,bin,800,med,TABU(tenure=7),TABU,0,550.0,-3306.0,1
bin_knapsack01_002,knapsack01,bin,800,med,TABU(tenure=7),TABU,1,548.0,-3306.0,1
bin_knapsack01_002,knapsack01,bin,800,med,TABU(tenure=7),TABU,2,578.0,-3306.0,1
bin_knapsack01_002,knapsack01,bin,800,med,TABU(tenure=12),TABU,0,569.0,-3306.0,1
bin_knapsack01_002,knapsack01,bin,800,med,TABU(tenure=12),TABU,1,580.0,-3306.0,1
bin_knapsack01_002,knapsack01,bin,800,med,TABU(tenure=12),TABU,2,592.0,-3306.0,1
bin_knapsack01_002,knapsack01,bin,800,med,"GA(pop=50,pc=0.9,pm=0.02)",GA,0,446.0,-3306.0,1
bin_knapsack01_002,knapsack01,bin,800,med,"GA(pop=50,pc=0.9,pm=0.02)",GA,1,407.0,-3306.0,1
bin_knapsack01_002,knapsack01,bin,800,med,"GA(pop=50,pc=0.9,pm=0.02)",GA,2,534.0,-3306.0,1
bin_knapsack01_002,knapsack01,bin,800,med,"GA(pop=50,pc=0.9,pm=0.05)",GA,0,457.0,-3306.0,1
bin_knapsack01_002,knapsack01,bin,800,med,"GA(pop=50,pc=0.9,pm=0.05)",GA,1,451.0,-3306.0,1
bin_knapsack01_002,knapsack01,bin,800,med,"GA(pop=50,pc=0.9,pm=0.05)",GA,2,419.0,-3306.0,1
bin_knapsack01_002,knapsack01,bin,800,med,"GA(pop=100,pc=0.9,pm=0.02)",GA,0,385.0,-3306.0,1
bin_knapsack01_002,knapsack01,bin,800,med,"GA(pop=100,pc=0.9,pm=0.02)",GA,1,375.0,-3306.0,1
bin_knapsack01_002,knapsack01,bin,800,med,"GA(pop=100,pc=0.9,pm=0.02)",GA,2,418.0,-3306.0,1
bin_knapsack01_002,knapsack01,bin,800,med,"UMDA(pop=50,elite=0.2)",UMDA,0,547.0,-3306.0,1
bin_knapsack01_002,knapsack01,bin,800,med,"UMDA(pop=50,elite=0.2)",UMDA,1,566.0,-3306.0,1
bin_knapsack01_002,knapsack01,bin,800,med,"UMDA(pop=50,elite=0.2)",UMDA,2,567.0,-3306.0,1
bin_knapsack01_002,knapsack01,bin,800,med,"UMDA(pop=100,elite=0.2)",UMDA,0,518.0,-3306.0,1
bin_knapsack01_002,knapsack01,bin,800,med,"UMDA(pop=100,elite=0.2)",UMDA,1,522.0,-3306.0,1
bin_knapsack01_002,knapsack01,bin,800,med,"UMDA(pop=100,elite=0.2)",UMDA,2,543.0,-3306.0,1
bin_knapsack01_002,knapsack01,bin,800,hard,RS_BIN,RS_BIN,0,-5454.0,-749.0000000000005,0
bin_knapsack01_002,knapsack01,bin,800,hard,RS_BIN,RS_BIN,1,-5263.0,-749.0000000000005,0
bin_knapsack01_002,knapsack01,bin,800,hard,RS_BIN,RS_BIN,2,-3339.0,-749.0000000000005,0
bin_knapsack01_002,knapsack01,bin,800,hard,HC(flips=1),HC,0,271.0,-749.0000000000005,1
bin_knapsack01_002,knapsack01,bin,800,hard,HC(flips=1),HC,1,354.0,-749.0000000000005,1
bin_knapsack01_002,knapsack01,bin,800,hard,HC(flips=1),HC,2,274.0,-749.0000000000005,1
bin_knapsack01_002,knapsack01,bin,800,hard,HC(flips=2),HC,0,558.0,-749.0000000000005,1
bin_knapsack01_002,knapsack01,bin,800,hard,HC(flips=2),HC,1,507.0,-749.0000000000005,1
bin_knapsack01_002,knapsack01,bin,800,hard,HC(flips=2),HC,2,577.0,-749.0000000000005,1
bin_knapsack01_002,knapsack01,bin,800,hard,"SA(T0=1.0,alpha=0.995,flips=1)",SA,0,326.0,-749.0000000000005,1
bin_knapsack01_002,knapsack01,bin,800,hard,"SA(T0=1.0,alpha=0.995,flips=1)",SA,1,301.0,-749.0000000000005,1
bin_knapsack01_002,knapsack01,bin,800,hard,"SA(T0=1.0,alpha=0.995,flips=1)",SA,2,332.0,-749.0000000000005,1
bin_knapsack01_002,knapsack01,bin,800,hard,"SA(T0=2.0,alpha=0.99,flips=1)",SA,0,228.0,-749.0000000000005,1
bin_knapsack01_002,knapsack01,bin,800,hard,"SA(T0=2.0,alpha=0.99,flips=1)",SA,1,308.0,-749.0000000000005,1
bin_knapsack01_002,knapsack01,bin,800,hard,"SA(T0=2.0,alpha=0.99,flips=1)",SA,2,348.0,-749.0000000000005,1
bin_knapsack01_002,knapsack01,bin,800,hard,"SA(T0=2.0,alpha=0.995,flips=2)",SA,0,590.0,-749.0000000000005,1
bin_knapsack01_002,knapsack01,bin,800,hard,"SA(T0=2.0,alpha=0.995,flips=2)",SA,1,585.0,-749.0000000000005,1
bin_knapsack01_002,knapsack01,bin,800,hard,"SA(T0=2.0,alpha=0.995,flips=2)",SA,2,585.0,-749.0000000000005,1
bin_knapsack01_002,knapsack01,bin,800,hard,TABU(tenure=7),TABU,0,594.0,-749.0000000000005,1
bin_knapsack01_002,knapsack01,bin,800,hard,TABU(tenure=7),TABU,1,587.0,-749.0000000000005,1
bin_knapsack01_002,knapsack01,bin,800,hard,TABU(tenure=7),TABU,2,526.0,-749.0000000000005,1
bin_knapsack01_002,knapsack01,bin,800,hard,TABU(tenure=12),TABU,0,553.0,-749.0000000000005,1
bin_knapsack01_002,knapsack01,bin,800,hard,TABU(tenure=12),TABU,1,557.0,-749.0000000000005,1
bin_knapsack01_002,knapsack01,bin,800,hard,TABU(tenure=12),TABU,2,600.0,-749.0000000000005,1
bin_knapsack01_002,knapsack01,bin,800,hard,"GA(pop=50,pc=0.9,pm=0.02)",GA,0,403.0,-749.0000000000005,1
bin_knapsack01_002,knapsack01,bin,800,hard,"GA(pop=50,pc=0.9,pm=0.02)",GA,1,436.0,-749.0000000000005,1
bin_knapsack01_002,knapsack01,bin,800,hard,"GA(pop=50,pc=0.9,pm=0.02)",GA,2,454.0,-749.0000000000005,1
bin_knapsack01_002,knapsack01,bin,800,hard,"GA(pop=50,pc=0.9,pm=0.05)",GA,0,427.0,-749.0000000000005,1
bin_knapsack01_002,knapsack01,bin,800,hard,"GA(pop=50,pc=0.9,pm=0.05)",GA,1,430.0,-749.0000000000005,1
bin_knapsack01_002,knapsack01,bin,800,hard,"GA(pop=50,pc=0.9,pm=0.05)",GA,2,464.0,-749.0000000000005,1
bin_knapsack01_002,knapsack01,bin,800,hard,"GA(pop=100,pc=0.9,pm=0.02)",GA,0,446.0,-749.0000000000005,1
bin_knapsack01_002,knapsack01,bin,800,hard,"GA(pop=100,pc=0.9,pm=0.02)",GA,1,424.0,-749.0000000000005,1
bin_knapsack01_002,knapsack01,bin,800,hard,"GA(pop=100,pc=0.9,pm=0.02)",GA,2,380.0,-749.0000000000005,1
bin_knapsack01_002,knapsack01,bin,800,hard,"UMDA(pop=50,elite=0.2)",UMDA,0,551.0,-749.0000000000005,1
bin_knapsack01_002,knapsack01,bin,800,hard,"UMDA(pop=50,elite=0.2)",UMDA,1,526.0,-749.0000000000005,1
bin_knapsack01_002,knapsack01,bin,800,hard,"UMDA(pop=50,elite=0.2)",UMDA,2,562.0,-749.0000000000005,1
bin_knapsack01_002,knapsack01,bin,800,hard,"UMDA(pop=100,elite=0.2)",UMDA,0,540.0,-749.0000000000005,1
bin_knapsack01_002,knapsack01,bin,800,hard,"UMDA(pop=100,elite=0.2)",UMDA,1,558.0,-749.0000000000005,1
bin_knapsack01_002,knapsack01,bin,800,hard,"UMDA(pop=100,elite=0.2)",UMDA,2,541.0,-749.0000000000005,1
bin_onemax_003,onemax,bin,300,easy,RS_BIN,RS_BIN,0,51.0,53.0,0
bin_onemax_003,onemax,bin,300,easy,RS_BIN,RS_BIN,1,52.0,53.0,0
bin_onemax_003,onemax,bin,300,easy,RS_BIN,RS_BIN,2,49.0,53.0,0
bin_onemax_003,onemax,bin,300,easy,HC(flips=1),HC,0,80.0,53.0,1
bin_onemax_003,onemax,bin,300,easy,HC(flips=1),HC,1,78.0,53.0,1
bin_onemax_003,onemax,bin,300,easy,HC(flips=1),HC,2,80.0,53.0,1
bin_onemax_003,onemax,bin,300,easy,HC(flips=2),HC,0,72.0,53.0,1
bin_onemax_003,onemax,bin,300,easy,HC(flips=2),HC,1,75.0,53.0,1
bin_onemax_003,onemax,bin,300,easy,HC(flips=2),HC,2,69.0,53.0,1
bin_onemax_003,onemax,bin,300,easy,"SA(T0=1.0,alpha=0.995,flips=1)",SA,0,76.0,53.0,1
bin_onemax_003,onemax,bin,300,easy,"SA(T0=1.0,alpha=0.995,flips=1)",SA,1,75.0,53.0,1
bin_onemax_003,onemax,bin,300,easy,"SA(T0=1.0,alpha=0.995,flips=1)",SA,2,73.0,53.0,1
bin_onemax_003,onemax,bin,300,easy,"SA(T0=2.0,alpha=0.99,flips=1)",SA,0,78.0,53.0,1
bin_onemax_003,onemax,bin,300,easy,"SA(T0=2.0,alpha=0.99,flips=1)",SA,1,78.0,53.0,1
bin_onemax_003,onemax,bin,300,easy,"SA(T0=2.0,alpha=0.99,flips=1)",SA,2,75.0,53.0,1
bin_onemax_003,onemax,bin,300,easy,"SA(T0=2.0,alpha=0.995,flips=2)",SA,0,63.0,53.0,1
bin_onemax_003,onemax,bin,300,easy,"SA(T0=2.0,alpha=0.995,flips=2)",SA,1,63.0,53.0,1
bin_onemax_003,onemax,bin,300,easy,"SA(T0=2.0,alpha=0.995,flips=2)",SA,2,66.0,53.0,1
bin_onemax_003,onemax,bin,300,easy,TABU(tenure=7),TABU,0,60.0,53.0,1
bin_onemax_003,onemax,bin,300,easy,TABU(tenure=7),TABU,1,57.0,53.0,1
bin_onemax_003,onemax,bin,300,easy,TABU(tenure=7),TABU,2,53.0,53.0,1
bin_onemax_003,onemax,bin,300,easy,TABU(tenure=12),TABU,0,61.0,53.0,1
bin_onemax_003,onemax,bin,300,easy,TABU(tenure=12),TABU,1,53.0,53.0,1
bin_onemax_003,onemax,bin,300,easy,TABU(tenure=12),TABU,2,53.0,53.0,1
bin_onemax_003,onemax,bin,300,easy,"GA(pop=50,pc=0.9,pm=0.02)",GA,0,58.0,53.0,1
bin_onemax_003,onemax,bin,300,easy,"GA(pop=50,pc=0.9,pm=0.02)",GA,1,57.0,53.0,1
bin_onemax_003,onemax,bin,300,easy,"GA(pop=50,pc=0.9,pm=0.02)",GA,2,60.0,53.0,1
bin_onemax_003,onemax,bin,300,easy,"GA(pop=50,pc=0.9,pm=0.05)",GA,0,58.0,53.0,1
bin_onemax_003,onemax,bin,300,easy,"GA(pop=50,pc=0.9,pm=0.05)",GA,1,58.0,53.0,1
bin_onemax_003,onemax,bin,300,easy,"GA(pop=50,pc=0.9,pm=0.05)",GA,2,57.0,53.0,1
bin_onemax_003,onemax,bin,300,easy,"GA(pop=100,pc=0.9,pm=0.02)",GA,0,55.0,53.0,1
bin_onemax_003,onemax,bin,300,easy,"GA(pop=100,pc=0.9,pm=0.02)",GA,1,54.0,53.0,1
bin_onemax_003,onemax,bin,300,easy,"GA(pop=100,pc=0.9,pm=0.02)",GA,2,55.0,53.0,1
bin_onemax_003,onemax,bin,300,easy,"UMDA(pop=50,elite=0.2)",UMDA,0,69.0,53.0,1
bin_onemax_003,onemax,bin,300,easy,"UMDA(pop=50,elite=0.2)",UMDA,1,70.0,53.0,1
bin_onemax_003,onemax,bin,300,easy,"UMDA(pop=50,elite=0.2)",UMDA,2,73.0,53.0,1
bin_onemax_003,onemax,bin,300,easy,"UMDA(pop=100,elite=0.2)",UMDA,0,62.0,53.0,1
bin_onemax_003,onemax,bin,300,easy,"UMDA(pop=100,elite=0.2)",UMDA,1,62.0,53.0,1
bin_onemax_003,onemax,bin,300,easy,"UMDA(pop=100,elite=0.2)",UMDA,2,64.0,53.0,1
bin_onemax_003,onemax,bin,300,med,RS_BIN,RS_BIN,0,55.0,54.0,1
bin_onemax_003,onemax,bin,300,med,RS_BIN,RS_BIN,1,49.0,54.0,0
bin_onemax_003,onemax,bin,300,med,RS_BIN,RS_BIN,2,50.0,54.0,0
bin_onemax_003,onemax,bin,300,med,HC(flips=1),HC,0,79.0,54.0,1
bin_onemax_003,onemax,bin,300,med,HC(flips=1),HC,1,78.0,54.0,1
bin_onemax_003,onemax,bin,300,med,HC(flips=1),HC,2,79.0,54.0,1
bin_onemax_003,onemax,bin,300,med,HC(flips=2),HC,0,70.0,54.0,1
bin_onemax_003,onemax,bin,300,med,HC(flips=2),HC,1,77.0,54.0,1
bin_onemax_003,onemax,bin,300,med,HC(flips=2),HC,2,65.0,54.0,1
bin_onemax_003,onemax,bin,300,med,"SA(T0=1.0,alpha=0.995,flips=1)",SA,0,77.0,54.0,1
bin_onemax_003,onemax,bin,300,med,"SA(T0=1.0,alpha=0.995,flips=1)",SA,1,77.0,54.0,1
bin_onemax_003,onemax,bin,300,med,"SA(T0=1.0,alpha=0.995,flips=1)",SA,2,74.0,54.0,1
bin_onemax_003,onemax,bin,300,med,"SA(T0=2.0,alpha=0.99,flips=1)",SA,0,80.0,54.0,1
bin_onemax_003,onemax,bin,300,med,"SA(T0=2.0,alpha=0.99,flips=1)",SA,1,78.0,54.0,1
bin_onemax_003,onemax,bin,300,med,"SA(T0=2.0,alpha=0.99,flips=1)",SA,2,80.0,54.0,1
bin_onemax_003,onemax,bin,300,med,"SA(T0=2.0,alpha=0.995,flips=2)",SA,0,62.0,54.0,1
bin_onemax_003,onemax,bin,300,med,"SA(T0=2.0,alpha=0.995,flips=2)",SA,1,63.0,54.0,1
bin_onemax_003,onemax,bin,300,med,"SA(T0=2.0,alpha=0.995,flips=2)",SA,2,67.0,54.0,1
bin_onemax_003,onemax,bin,300,med,TABU(tenure=7),TABU,0,59.0,54.0,1
bin_onemax_003,onemax,bin,300,med,TABU(tenure=7),TABU,1,54.0,54.0,1
bin_onemax_003,onemax,bin,300,med,TABU(tenure=7),TABU,2,59.0,54.0,1
bin_onemax_003,onemax,bin,300,med,TABU(tenure=12),TABU,0,61.0,54.0,1
bin_onemax_003,onemax,bin,300,med,TABU(tenure=12),TABU,1,57.0,54.0,1
bin_onemax_003,onemax,bin,300,med,TABU(tenure=12),TABU,2,52.0,54.0,0
bin_onemax_003,onemax,bin,300,med,"GA(pop=50,pc=0.9,pm=0.02)",GA,0,59.0,54.0,1
bin_onemax_003,onemax,bin,300,med,"GA(pop=50,pc=0.9,pm=0.02)",GA,1,62.0,54.0,1
bin_onemax_003,onemax,bin,300,med,"GA(pop=50,pc=0.9,pm=0.02)",GA,2,60.0,54.0,1
bin_onemax_003,onemax,bin,300,med,"GA(pop=50,pc=0.9,pm=0.05)",GA,0,57.0,54.0,1
bin_onemax_003,onemax,bin,300,med,"GA(pop=50,pc=0.9,pm=0.05)",GA,1,56.0,54.0,1
bin_onemax_003,onemax,bin,300,med,"GA(pop=50,pc=0.9,pm=0.05)",GA,2,58.0,54.0,1
bin_onemax_003,onemax,bin,300,med,"GA(pop=100,pc=0.9,pm=0.02)",GA,0,54.0,54.0,1
bin_onemax_003,onemax,bin,300,med,"GA(pop=100,pc=0.9,pm=0.02)",GA,1,53.0,54.0,0
bin_onemax_003,onemax,bin,300,med,"GA(pop=100,pc=0.9,pm=0.02)",GA,2,56.0,54.0,1
bin_onemax_003,onemax,bin,300,med,"UMDA(pop=50,elite=0.2)",UMDA,0,69.0,54.0,1
bin_onemax_003,onemax,bin,300,med,"UMDA(pop=50,elite=0.2)",UMDA,1,73.0,54.0,1
bin_onemax_003,onemax,bin,300,med,"UMDA(pop=50,elite=0.2)",UMDA,2,70.0,54.0,1
bin_onemax_003,onemax,bin,300,med,"UMDA(pop=100,elite=0.2)",UMDA,0,63.0,54.0,1
bin_onemax_003,onemax,bin,300,med,"UMDA(pop=100,elite=0.2)",UMDA,1,62.0,54.0,1
bin_onemax_003,onemax,bin,300,med,"UMDA(pop=100,elite=0.2)",UMDA,2,61.0,54.0,1
bin_onemax_003,onemax,bin,300,hard,RS_BIN,RS_BIN,0,55.0,54.1,1
bin_onemax_003,onemax,bin,300,hard,RS_BIN,RS_BIN,1,53.0,54.1,0
bin_onemax_003,onemax,bin,300,hard,RS_BIN,RS_BIN,2,55.0,54.1,1
bin_onemax_003,onemax,bin,300,hard,HC(flips=1),HC,0,80.0,54.1,1
bin_onemax_003,onemax,bin,300,hard,HC(flips=1),HC,1,78.0,54.1,1
bin_onemax_003,onemax,bin,300,hard,HC(flips=1),HC,2,80.0,54.1,1
bin_onemax_003,onemax,bin,300,hard,HC(flips=2),HC,0,68.0,54.1,1
bin_onemax_003,onemax,bin,300,hard,HC(flips=2),HC,1,72.0,54.1,1
bin_onemax_003,onemax,bin,300,hard,HC(flips=2),HC,2,73.0,54.1,1
bin_onemax_003,onemax,bin,300,hard,"SA(T0=1.0,alpha=0.995,flips=1)",SA,0,78.0,54.1,1
bin_onemax_003,onemax,bin,300,hard,"SA(T0=1.0,alpha=0.995,flips=1)",SA,1,78.0,54.1,1
bin_onemax_003,onemax,bin,300,hard,"SA(T0=1.0,alpha=0.995,flips=1)",SA,2,75.0,54.1,1
bin_onemax_003,onemax,bin,300,hard,"SA(T0=2.0,alpha=0.99,flips=1)",SA,0,79.0,54.1,1
bin_onemax_003,onemax,bin,300,hard,"SA(T0=2.0,alpha=0.99,flips=1)",SA,1,77.0,54.1,1
bin_onemax_003,onemax,bin,300,hard,"SA(T0=2.0,alpha=0.99,flips=1)",SA,2,77.0,54.1,1
bin_onemax_003,onemax,bin,300,hard,"SA(T0=2.0,alpha=0.995,flips=2)",SA,0,65.0,54.1,1
bin_onemax_003,onemax,bin,300,hard,"SA(T0=2.0,alpha=0.995,flips=2)",SA,1,73.0,54.1,1
bin_onemax_003,onemax,bin,300,hard,"SA(T0=2.0,alpha=0.995,flips=2)",SA,2,62.0,54.1,1
bin_onemax_003,onemax,bin,300,hard,TABU(tenure=7),TABU,0,56.0,54.1,1
bin_onemax_003,onemax,bin,300,hard,TABU(tenure=7),TABU,1,53.0,54.1,0
bin_onemax_003,onemax,bin,300,hard,TABU(tenure=7),TABU,2,53.0,54.1,0
bin_onemax_003,onemax,bin,300,hard,TABU(tenure=12),TABU,0,64.0,54.1,1
bin_onemax_003,onemax,bin,300,hard,TABU(tenure=12),TABU,1,65.0,54.1,1
bin_onemax_003,onemax,bin,300,hard,TABU(tenure=12),TABU,2,60.0,54.1,1
bin_onemax_003,onemax,bin,300,hard,"GA(pop=50,pc=0.9,pm=0.02)",GA,0,58.0,54.1,1
bin_onemax_003,onemax,bin,300,hard,"GA(pop=50,pc=0.9,pm=0.02)",GA,1,62.0,54.1,1
bin_onemax_003,onemax,bin,300,hard,"GA(pop=50,pc=0.9,pm=0.02)",GA,2,59.0,54.1,1
bin_onemax_003,onemax,bin,300,hard,"GA(pop=50,pc=0.9,pm=0.05)",GA,0,58.0,54.1,1
bin_onemax_003,onemax,bin,300,hard,"GA(pop=50,pc=0.9,pm=0.05)",GA,1,57.0,54.1,1
bin_onemax_003,onemax,bin,300,hard,"GA(pop=50,pc=0.9,pm=0.05)",GA,2,57.0,54.1,1
bin_onemax_003,onemax,bin,300,hard,"GA(pop=100,pc=0.9,pm=0.02)",GA,0,56.0,54.1,1
bin_onemax_003,onemax,bin,300,hard,"GA(pop=100,pc=0.9,pm=0.02)",GA,1,56.0,54.1,1
bin_onemax_003,onemax,bin,300,hard,"GA(pop=100,pc=0.9,pm=0.02)",GA,2,55.0,54.1,1
bin_onemax_003,onemax,bin,300,hard,"UMDA(pop=50,elite=0.2)",UMDA,0,71.0,54.1,1
bin_onemax_003,onemax,bin,300,hard,"UMDA(pop=50,elite=0.2)",UMDA,1,72.0,54.1,1
bin_onemax_003,onemax,bin,300,hard,"UMDA(pop=50,elite=0.2)",UMDA,2,73.0,54.1,1
bin_onemax_003,onemax,bin,300,hard,"UMDA(pop=100,elite=0.2)",UMDA,0,63.0,54.1,1
bin_onemax_003,onemax,bin,300,hard,"UMDA(pop=100,elite=0.2)",UMDA,1,61.0,54.1,1
bin_onemax_003,onemax,bin,300,hard,"UMDA(pop=100,elite=0.2)",UMDA,2,61.0,54.1,1
bin_onemax_003,onemax,bin,800,easy,RS_BIN,RS_BIN,0,55.0,54.0,1
bin_onemax_003,onemax,bin,800,easy,RS_BIN,RS_BIN,1,53.0,54.0,0
bin_onemax_003,onemax,bin,800,easy,RS_BIN,RS_BIN,2,53.0,54.0,0
bin_onemax_003,onemax,bin,800,easy,HC(flips=1),HC,0,80.0,54.0,1
bin_onemax_003,onemax,bin,800,easy,HC(flips=1),HC,1,80.0,54.0,1
bin_onemax_003,onemax,bin,800,easy,HC(flips=1),HC,2,80.0,54.0,1
bin_onemax_003,onemax,bin,800,easy,HC(flips=2),HC,0,78.0,54.0,1
bin_onemax_003,onemax,bin,800,easy,HC(flips=2),HC,1,73.0,54.0,1
bin_onemax_003,onemax,bin,800,easy,HC(flips=2),HC,2,77.0,54.0,1
bin_onemax_003,onemax,bin,800,easy,"SA(T0=1.0,alpha=0.995,flips=1)",SA,0,80.0,54.0,1
bin_onemax_003,onemax,bin,800,easy,"SA(T0=1.0,alpha=0.995,flips=1)",SA,1,80.0,54.0,1
bin_onemax_003,onemax,bin,800,easy,"SA(T0=1.0,alpha=0.995,flips=1)",SA,2,80.0,54.0,1
bin_onemax_003,onemax,bin,800,easy,"SA(T0=2.0,alpha=0.99,flips=1)",SA,0,80.0,54.0,1
bin_onemax_003,onemax,bin,800,easy,"SA(T0=2.0,alpha=0.99,flips=1)",SA,1,80.0,54.0,1
bin_onemax_003,onemax,bin,800,easy,"SA(T0=2.0,alpha=0.99,flips=1)",SA,2,80.0,54.0,1
bin_onemax_003,onemax,bin,800,easy,"SA(T0=2.0,alpha=0.995,flips=2)",SA,0,76.0,54.0,1
bin_onemax_003,onemax,bin,800,easy,"SA(T0=2.0,alpha=0.995,flips=2)",SA,1,73.0,54.0,1
bin_onemax_003,onemax,bin,800,easy,"SA(T0=2.0,alpha=0.995,flips=2)",SA,2,75.0,54.0,1
bin_onemax_003,onemax,bin,800,easy,TABU(tenure=7),TABU,0,78.0,54.0,1
bin_onemax_003,onemax,bin,800,easy,TABU(tenure=7),TABU,1,78.0,54.0,1
bin_onemax_003,onemax,bin,800,easy,TABU(tenure=7),TABU,2,77.0,54.0,1
bin_onemax_003,onemax,bin,800,easy,TABU(tenure=12),TABU,0,78.0,54.0,1
bin_onemax_003,onemax,bin,800,easy,TABU(tenure=12),TABU,1,79.0,54.0,1
bin_onemax_003,onemax,bin,800,easy,TABU(tenure=12),TABU,2,77.0,54.0,1
bin_onemax_003,onemax,bin,800,easy,"GA(pop=50,pc=0.9,pm=0.02)",GA,0,69.0,54.0,1
bin_onemax_003,onemax,bin,800,easy,"GA(pop=50,pc=0.9,pm=0.02)",GA,1,73.0,54.0,1
bin_onemax_003,onemax,bin,800,easy,"GA(pop=50,pc=0.9,pm=0.02)",GA,2,67.0,54.0,1
bin_onemax_003,onemax,bin,800,easy,"GA(pop=50,pc=0.9,pm=0.05)",GA,0,66.0,54.0,1
bin_onemax_003,onemax,bin,800,easy,"GA(pop=50,pc=0.9,pm=0.05)",GA,1,66.0,54.0,1
bin_onemax_003,onemax,bin,800,easy,"GA(pop=50,pc=0.9,pm=0.05)",GA,2,67.0,54.0,1
bin_onemax_003,onemax,bin,800,easy,"GA(pop=100,pc=0.9,pm=0.02)",GA,0,64.0,54.0,1
bin_onemax_003,onemax,bin,800,easy,"GA(pop=100,pc=0.9,pm=0.02)",GA,1,61.0,54.0,1
bin_onemax_003,onemax,bin,800,easy,"GA(pop=100,pc=0.9,pm=0.02)",GA,2,62.0,54.0,1
bin_onemax_003,onemax,bin,800,easy,"UMDA(pop=50,elite=0.2)",UMDA,0,78.0,54.0,1
bin_onemax_003,onemax,bin,800,easy,"UMDA(pop=50,elite=0.2)",UMDA,1,79.0,54.0,1
bin_onemax_003,onemax,bin,800,easy,"UMDA(pop=50,elite=0.2)",UMDA,2,78.0,54.0,1
bin_onemax_003,onemax,bin,800,easy,"UMDA(pop=100,elite=0.2)",UMDA,0,80.0,54.0,1
bin_onemax_003,onemax,bin,800,easy,"UMDA(pop=100,elite=0.2)",UMDA,1,80.0,54.0,1
bin_onemax_003,onemax,bin,800,easy,"UMDA(pop=100,elite=0.2)",UMDA,2,79.0,54.0,1
bin_onemax_003,onemax,bin,800,med,RS_BIN,RS_BIN,0,54.0,54.75,0
bin_onemax_003,onemax,bin,800,med,RS_BIN,RS_BIN,1,54.0,54.75,0
bin_onemax_003,onemax,bin,800,med,RS_BIN,RS_BIN,2,55.0,54.75,1
bin_onemax_003,onemax,bin,800,med,HC(flips=1),HC,0,80.0,54.75,1
bin_onemax_003,onemax,bin,800,med,HC(flips=1),HC,1,80.0,54.75,1
bin_onemax_003,onemax,bin,800,med,HC(flips=1),HC,2,80.0,54.75,1
bin_onemax_003,onemax,bin,800,med,HC(flips=2),HC,0,77.0,54.75,1
bin_onemax_003,onemax,bin,800,med,HC(flips=2),HC,1,76.0,54.75,1
bin_onemax_003,onemax,bin,800,med,HC(flips=2),HC,2,79.0,54.75,1
bin_onemax_003,onemax,bin,800,med,"SA(T0=1.0,alpha=0.995,flips=1)",SA,0,80.0,54.75,1
bin_onemax_003,onemax,bin,800,med,"SA(T0=1.0,alpha=0.995,flips=1)",SA,1,80.0,54.75,1
bin_onemax_003,onemax,bin,800,med,"SA(T0=1.0,alpha=0.995,flips=1)",SA,2,80.0,54.75,1
bin_onemax_003,onemax,bin,800,med,"SA(T0=2.0,alpha=0.99,flips=1)",SA,0,80.0,54.75,1
bin_onemax_003,onemax,bin,800,med,"SA(T0=2.0,alpha=0.99,flips=1)",SA,1,80.0,54.75,1
bin_onemax_003,onemax,bin,800,med,"SA(T0=2.0,alpha=0.99,flips=1)",SA,2,80.0,54.75,1
bin_onemax_003,onemax,bin,800,med,"SA(T0=2.0,alpha=0.995,flips=2)",SA,0,78.0,54.75,1
bin_onemax_003,onemax,bin,800,med,"SA(T0=2.0,alpha=0.995,flips=2)",SA,1,73.0,54.75,1
bin_onemax_003,onemax,bin,800,med,"SA(T0=2.0,alpha=0.995,flips=2)",SA,2,72.0,54.75,1
bin_onemax_003,onemax,bin,800,med,TABU(tenure=7),TABU,0,76.0,54.75,1
bin_onemax_003,onemax,bin,800,med,TABU(tenure=7),TABU,1,77.0,54.75,1
bin_onemax_003,onemax,bin,800,med,TABU(tenure=7),TABU,2,77.0,54.75,1
bin_onemax_003,onemax,bin,800,med,TABU(tenure=12),TABU,0,74.0,54.75,1
bin_onemax_003,onemax,bin,800,med,TABU(tenure=12),TABU,1,75.0,54.75,1
bin_onemax_003,onemax,bin,800,med,TABU(tenure=12),TABU,2,75.0,54.75,1
bin_onemax_003,onemax,bin,800,med,"GA(pop=50,pc=0.9,pm=0.02)",GA,0,68.0,54.75,1
bin_onemax_003,onemax,bin,800,med,"GA(pop=50,pc=0.9,pm=0.02)",GA,1,71.0,54.75,1
bin_onemax_003,onemax,bin,800,med,"GA(pop=50,pc=0.9,pm=0.02)",GA,2,67.0,54.75,1
bin_onemax_003,onemax,bin,800,med,"GA(pop=50,pc=0.9,pm=0.05)",GA,0,66.0,54.75,1
bin_onemax_003,onemax,bin,800,med,"GA(pop=50,pc=0.9,pm=0.05)",GA,1,65.0,54.75,1
bin_onemax_003,onemax,bin,800,med,"GA(pop=50,pc=0.9,pm=0.05)",GA,2,68.0,54.75,1
bin_onemax_003,onemax,bin,800,med,"GA(pop=100,pc=0.9,pm=0.02)",GA,0,64.0,54.75,1
bin_onemax_003,onemax,bin,800,med,"GA(pop=100,pc=0.9,pm=0.02)",GA,1,62.0,54.75,1
bin_onemax_003,onemax,bin,800,med,"GA(pop=100,pc=0.9,pm=0.02)",GA,2,61.0,54.75,1
bin_onemax_003,onemax,bin,800,med,"UMDA(pop=50,elite=0.2)",UMDA,0,78.0,54.75,1
bin_onemax_003,onemax,bin,800,med,"UMDA(pop=50,elite=0.2)",UMDA,1,80.0,54.75,1
bin_onemax_003,onemax,bin,800,med,"UMDA(pop=50,elite=0.2)",UMDA,2,80.0,54.75,1
bin_onemax_003,onemax,bin,800,med,"UMDA(pop=100,elite=0.2)",UMDA,0,80.0,54.75,1
bin_onemax_003,onemax,bin,800,med,"UMDA(pop=100,elite=0.2)",UMDA,1,79.0,54.75,1
bin_onemax_003,onemax,bin,800,med,"UMDA(pop=100,elite=0.2)",UMDA,2,77.0,54.75,1
bin_onemax_003,onemax,bin,800,hard,RS_BIN,RS_BIN,0,54.0,55.1,0
bin_onemax_003,onemax,bin,800,hard,RS_BIN,RS_BIN,1,56.0,55.1,1
bin_onemax_003,onemax,bin,800,hard,RS_BIN,RS_BIN,2,53.0,55.1,0
bin_onemax_003,onemax,bin,800,hard,HC(flips=1),HC,0,80.0,55.1,1
bin_onemax_003,onemax,bin,800,hard,HC(flips=1),HC,1,80.0,55.1,1
bin_onemax_003,onemax,bin,800,hard,HC(flips=1),HC,2,80.0,55.1,1
bin_onemax_003,onemax,bin,800,hard,HC(flips=2),HC,0,75.0,55.1,1
bin_onemax_003,onemax,bin,800,hard,HC(flips=2),HC,1,77.0,55.1,1
bin_onemax_003,onemax,bin,800,hard,HC(flips=2),HC,2,75.0,55.1,1
bin_onemax_003,onemax,bin,800,hard,"SA(T0=1.0,alpha=0.995,flips=1)",SA,0,80.0,55.1,1
bin_onemax_003,onemax,bin,800,hard,"SA(T0=1.0,alpha=0.995,flips=1)",SA,1,80.0,55.1,1
bin_onemax_003,onemax,bin,800,hard,"SA(T0=1.0,alpha=0.995,flips=1)",SA,2,80.0,55.1,1
bin_onemax_003,onemax,bin,800,hard,"SA(T0=2.0,alpha=0.99,flips=1)",SA,0,80.0,55.1,1
bin_onemax_003,onemax,bin,800,hard,"SA(T0=2.0,alpha=0.99,flips=1)",SA,1,80.0,55.1,1
bin_onemax_003,onemax,bin,800,hard,"SA(T0=2.0,alpha=0.99,flips=1)",SA,2,80.0,55.1,1
bin_onemax_003,onemax,bin,800,hard,"SA(T0=2.0,alpha=0.995,flips=2)",SA,0,74.0,55.1,1
bin_onemax_003,onemax,bin,800,hard,"SA(T0=2.0,alpha=0.995,flips=2)",SA,1,76.0,55.1,1
bin_onemax_003,onemax,bin,800,hard,"SA(T0=2.0,alpha=0.995,flips=2)",SA,2,73.0,55.1,1
bin_onemax_003,onemax,bin,800,hard,TABU(tenure=7),TABU,0,77.0,55.1,1
bin_onemax_003,onemax,bin,800,hard,TABU(tenure=7),TABU,1,76.0,55.1,1
bin_onemax_003,onemax,bin,800,hard,TABU(tenure=7),TABU,2,76.0,55.1,1
bin_onemax_003,onemax,bin,800,hard,TABU(tenure=12),TABU,0,79.0,55.1,1
bin_onemax_003,onemax,bin,800,hard,TABU(tenure=12),TABU,1,79.0,55.1,1
bin_onemax_003,onemax,bin,800,hard,TABU(tenure=12),TABU,2,75.0,55.1,1
bin_onemax_003,onemax,bin,800,hard,"GA(pop=50,pc=0.9,pm=0.02)",GA,0,67.0,55.1,1
bin_onemax_003,onemax,bin,800,hard,"GA(pop=50,pc=0.9,pm=0.02)",GA,1,68.0,55.1,1
bin_onemax_003,onemax,bin,800,hard,"GA(pop=50,pc=0.9,pm=0.02)",GA,2,68.0,55.1,1
bin_onemax_003,onemax,bin,800,hard,"GA(pop=50,pc=0.9,pm=0.05)",GA,0,68.0,55.1,1
bin_onemax_003,onemax,bin,800,hard,"GA(pop=50,pc=0.9,pm=0.05)",GA,1,67.0,55.1,1
bin_onemax_003,onemax,bin,800,hard,"GA(pop=50,pc=0.9,pm=0.05)",GA,2,67.0,55.1,1
bin_onemax_003,onemax,bin,800,hard,"GA(pop=100,pc=0.9,pm=0.02)",GA,0,62.0,55.1,1
bin_onemax_003,onemax,bin,800,hard,"GA(pop=100,pc=0.9,pm=0.02)",GA,1,60.0,55.1,1
bin_onemax_003,onemax,bin,800,hard,"GA(pop=100,pc=0.9,pm=0.02)",GA,2,61.0,55.1,1
bin_onemax_003,onemax,bin,800,hard,"UMDA(pop=50,elite=0.2)",UMDA,0,79.0,55.1,1
bin_onemax_003,onemax,bin,800,hard,"UMDA(pop=50,elite=0.2)",UMDA,1,80.0,55.1,1
bin_onemax_003,onemax,bin,800,hard,"UMDA(pop=50,elite=0.2)",UMDA,2,79.0,55.1,1
bin_onemax_003,onemax,bin,800,hard,"UMDA(pop=100,elite=0.2)",UMDA,0,79.0,55.1,1
bin_onemax_003,onemax,bin,800,hard,"UMDA(pop=100,elite=0.2)",UMDA,1,80.0,55.1,1
bin_onemax_003,onemax,bin,800,hard,"UMDA(pop=100,elite=0.2)",UMDA,2,79.0,55.1,1
bin_leadingones_004,leadingones,bin,300,easy,RS_BIN,RS_BIN,0,10.0,8.0,1
bin_leadingones_004,leadingones,bin,300,easy,RS_BIN,RS_BIN,1,7.0,8.0,0
bin_leadingones_004,leadingones,bin,300,easy,RS_BIN,RS_BIN,2,8.0,8.0,1
bin_leadingones_004,leadingones,bin,300,easy,HC(flips=1),HC,0,5.0,8.0,0
bin_leadingones_004,leadingones,bin,300,easy,HC(flips=1),HC,1,11.0,8.0,1
bin_leadingones_004,leadingones,bin,300,easy,HC(flips=1),HC,2,13.0,8.0,1
bin_leadingones_004,leadingones,bin,300,easy,HC(flips=2),HC,0,13.0,8.0,1
bin_leadingones_004,leadingones,bin,300,easy,HC(flips=2),HC,1,5.0,8.0,0
bin_leadingones_004,leadingones,bin,300,easy,HC(flips=2),HC,2,15.0,8.0,1
bin_leadingones_004,leadingones,bin,300,easy,"SA(T0=1.0,alpha=0.995,flips=1)",SA,0,5.0,8.0,0
bin_leadingones_004,leadingones,bin,300,easy,"SA(T0=1.0,alpha=0.995,flips=1)",SA,1,6.0,8.0,0
bin_leadingones_004,leadingones,bin,300,easy,"SA(T0=1.0,alpha=0.995,flips=1)",SA,2,9.0,8.0,1
bin_leadingones_004,leadingones,bin,300,easy,"SA(T0=2.0,alpha=0.99,flips=1)",SA,0,2.0,8.0,0
bin_leadingones_004,leadingones,bin,300,easy,"SA(T0=2.0,alpha=0.99,flips=1)",SA,1,2.0,8.0,0
bin_leadingones_004,leadingones,bin,300,easy,"SA(T0=2.0,alpha=0.99,flips=1)",SA,2,10.0,8.0,1
bin_leadingones_004,leadingones,bin,300,easy,"SA(T0=2.0,alpha=0.995,flips=2)",SA,0,5.0,8.0,0
bin_leadingones_004,leadingones,bin,300,easy,"SA(T0=2.0,alpha=0.995,flips=2)",SA,1,10.0,8.0,1
bin_leadingones_004,leadingones,bin,300,easy,"SA(T0=2.0,alpha=0.995,flips=2)",SA,2,7.0,8.0,0
bin_leadingones_004,leadingones,bin,300,easy,TABU(tenure=7),TABU,0,10.0,8.0,1
bin_leadingones_004,leadingones,bin,300,easy,TABU(tenure=7),TABU,1,14.0,8.0,1
bin_leadingones_004,leadingones,bin,300,easy,TABU(tenure=7),TABU,2,13.0,8.0,1
bin_leadingones_004,leadingones,bin,300,easy,TABU(tenure=12),TABU,0,4.0,8.0,0
bin_leadingones_004,leadingones,bin,300,easy,TABU(tenure=12),TABU,1,11.0,8.0,1
bin_leadingones_004,leadingones,bin,300,easy,TABU(tenure=12),TABU,2,6.0,8.0,0
bin_leadingones_004,leadingones,bin,300,easy,"GA(pop=50,pc=0.9,pm=0.02)",GA,0,10.0,8.0,1
bin_leadingones_004,leadingones,bin,300,easy,"GA(pop=50,pc=0.9,pm=0.02)",GA,1,18.0,8.0,1
bin_leadingones_004,leadingones,bin,300,easy,"GA(pop=50,pc=0.9,pm=0.02)",GA,2,11.0,8.0,1
bin_leadingones_004,leadingones,bin,300,easy,"GA(pop=50,pc=0.9,pm=0.05)",GA,0,9.0,8.0,1
bin_leadingones_004,leadingones,bin,300,easy,"GA(pop=50,pc=0.9,pm=0.05)",GA,1,8.0,8.0,1
bin_leadingones_004,leadingones,bin,300,easy,"GA(pop=50,pc=0.9,pm=0.05)",GA,2,10.0,8.0,1
bin_leadingones_004,leadingones,bin,300,easy,"GA(pop=100,pc=0.9,pm=0.02)",GA,0,7.0,8.0,0
bin_leadingones_004,leadingones,bin,300,easy,"GA(pop=100,pc=0.9,pm=0.02)",GA,1,7.0,8.0,0
bin_leadingones_004,leadingones,bin,300,easy,"GA(pop=100,pc=0.9,pm=0.02)",GA,2,8.0,8.0,1
bin_leadingones_004,leadingones,bin,300,easy,"UMDA(pop=50,elite=0.2)",UMDA,0,14.0,8.0,1
bin_leadingones_004,leadingones,bin,300,easy,"UMDA(pop=50,elite=0.2)",UMDA,1,12.0,8.0,1
bin_leadingones_004,leadingones,bin,300,easy,"UMDA(pop=50,elite=0.2)",UMDA,2,9.0,8.0,1
bin_leadingones_004,leadingones,bin,300,easy,"UMDA(pop=100,elite=0.2)",UMDA,0,10.0,8.0,1
bin_leadingones_004,leadingones,bin,300,easy,"UMDA(pop=100,elite=0.2)",UMDA,1,11.0,8.0,1
bin_leadingones_004,leadingones,bin,300,easy,"UMDA(pop=100,elite=0.2)",UMDA,2,9.0,8.0,1
bin_leadingones_004,leadingones,bin,300,med,RS_BIN,RS_BIN,0,7.0,10.0,0
bin_leadingones_004,leadingones,bin,300,med,RS_BIN,RS_BIN,1,7.0,10.0,0
bin_leadingones_004,leadingones,bin,300,med,RS_BIN,RS_BIN,2,6.0,10.0,0
bin_leadingones_004,leadingones,bin,300,med,HC(flips=1),HC,0,14.0,10.0,1
bin_leadingones_004,leadingones,bin,300,med,HC(flips=1),HC,1,3.0,10.0,0
bin_leadingones_004,leadingones,bin,300,med,HC(flips=1),HC,2,19.0,10.0,1
bin_leadingones_004,leadingones,bin,300,med,HC(flips=2),HC,0,4.0,10.0,0
bin_leadingones_004,leadingones,bin,300,med,HC(flips=2),HC,1,12.0,10.0,1
bin_leadingones_004,leadingones,bin,300,med,HC(flips=2),HC,2,14.0,10.0,1
bin_leadingones_004,leadingones,bin,300,med,"SA(T0=1.0,alpha=0.995,flips=1)",SA,0,16.0,10.0,1
bin_leadingones_004,leadingones,bin,300,med,"SA(T0=1.0,alpha=0.995,flips=1)",SA,1,5.0,10.0,0
bin_leadingones_004,leadingones,bin,300,med,"SA(T0=1.0,alpha=0.995,flips=1)",SA,2,8.0,10.0,0
bin_leadingones_004,leadingones,bin,300,med,"SA(T0=2.0,alpha=0.99,flips=1)",SA,0,5.0,10.0,0
bin_leadingones_004,leadingones,bin,300,med,"SA(T0=2.0,alpha=0.99,flips=1)",SA,1,6.0,10.0,0
bin_leadingones_004,leadingones,bin,300,med,"SA(T0=2.0,alpha=0.99,flips=1)",SA,2,9.0,10.0,0
bin_leadingones_004,leadingones,bin,300,med,"SA(T0=2.0,alpha=0.995,flips=2)",SA,0,15.0,10.0,1
bin_leadingones_004,leadingones,bin,300,med,"SA(T0=2.0,alpha=0.995,flips=2)",SA,1,6.0,10.0,0
bin_leadingones_004,leadingones,bin,300,med,"SA(T0=2.0,alpha=0.995,flips=2)",SA,2,13.0,10.0,1
bin_leadingones_004,leadingones,bin,300,med,TABU(tenure=7),TABU,0,2.0,10.0,0
bin_leadingones_004,leadingones,bin,300,med,TABU(tenure=7),TABU,1,8.0,10.0,0
bin_leadingones_004,leadingones,bin,300,med,TABU(tenure=7),TABU,2,22.0,10.0,1
bin_leadingones_004,leadingones,bin,300,med,TABU(tenure=12),TABU,0,13.0,10.0,1
bin_leadingones_004,leadingones,bin,300,med,TABU(tenure=12),TABU,1,9.0,10.0,0
bin_leadingones_004,leadingones,bin,300,med,TABU(tenure=12),TABU,2,4.0,10.0,0
bin_leadingones_004,leadingones,bin,300,med,"GA(pop=50,pc=0.9,pm=0.02)",GA,0,7.0,10.0,0
bin_leadingones_004,leadingones,bin,300,med,"GA(pop=50,pc=0.9,pm=0.02)",GA,1,7.0,10.0,0
bin_leadingones_004,leadingones,bin,300,med,"GA(pop=50,pc=0.9,pm=0.02)",GA,2,10.0,10.0,1
bin_leadingones_004,leadingones,bin,300,med,"GA(pop=50,pc=0.9,pm=0.05)",GA,0,12.0,10.0,1
bin_leadingones_004,leadingones,bin,300,med,"GA(pop=50,pc=0.9,pm=0.05)",GA,1,9.0,10.0,0
bin_leadingones_004,leadingones,bin,300,med,"GA(pop=50,pc=0.9,pm=0.05)",GA,2,7.0,10.0,0
bin_leadingones_004,leadingones,bin,300,med,"GA(pop=100,pc=0.9,pm=0.02)",GA,0,7.0,10.0,0
bin_leadingones_004,leadingones,bin,300,med,"GA(pop=100,pc=0.9,pm=0.02)",GA,1,7.0,10.0,0
bin_leadingones_004,leadingones,bin,300,med,"GA(pop=100,pc=0.9,pm=0.02)",GA,2,6.0,10.0,0
bin_leadingones_004,leadingones,bin,300,med,"UMDA(pop=50,elite=0.2)",UMDA,0,10.0,10.0,1
bin_leadingones_004,leadingones,bin,300,med,"UMDA(pop=50,elite=0.2)",UMDA,1,31.0,10.0,1
bin_leadingones_004,leadingones,bin,300,med,"UMDA(pop=50,elite=0.2)",UMDA,2,14.0,10.0,1
bin_leadingones_004,leadingones,bin,300,med,"UMDA(pop=100,elite=0.2)",UMDA,0,11.0,10.0,1
bin_leadingones_004,leadingones,bin,300,med,"UMDA(pop=100,elite=0.2)",UMDA,1,9.0,10.0,0
bin_leadingones_004,leadingones,bin,300,med,"UMDA(pop=100,elite=0.2)",UMDA,2,8.0,10.0,0
bin_leadingones_004,leadingones,bin,300,hard,RS_BIN,RS_BIN,0,7.0,12.0,0
bin_leadingones_004,leadingones,bin,300,hard,RS_BIN,RS_BIN,1,11.0,12.0,0
bin_leadingones_004,leadingones,bin,300,hard,RS_BIN,RS_BIN,2,7.0,12.0,0
bin_leadingones_004,leadingones,bin,300,hard,HC(flips=1),HC,0,3.0,12.0,0
bin_leadingones_004,leadingones,bin,300,hard,HC(flips=1),HC,1,2.0,12.0,0
bin_leadingones_004,leadingones,bin,300,hard,HC(flips=1),HC,2,2.0,12.0,0
bin_leadingones_004,leadingones,bin,300,hard,HC(flips=2),HC,0,8.0,12.0,0
bin_leadingones_004,leadingones,bin,300,hard,HC(flips=2),HC,1,5.0,12.0,0
bin_leadingones_004,leadingones,bin,300,hard,HC(flips=2),HC,2,16.0,12.0,1
bin_leadingones_004,leadingones,bin,300,hard,"SA(T0=1.0,alpha=0.995,flips=1)",SA,0,8.0,12.0,0
bin_leadingones_004,leadingones,bin,300,hard,"SA(T0=1.0,alpha=0.995,flips=1)",SA,1,9.0,12.0,0
bin_leadingones_004,leadingones,bin,300,hard,"SA(T0=1.0,alpha=0.995,flips=1)",SA,2,8.0,12.0,0
bin_leadingones_004,leadingones,bin,300,hard,"SA(T0=2.0,alpha=0.99,flips=1)",SA,0,4.0,12.0,0
bin_leadingones_004,leadingones,bin,300,hard,"SA(T0=2.0,alpha=0.99,flips=1)",SA,1,10.0,12.0,0
bin_leadingones_004,leadingones,bin,300,hard,"SA(T0=2.0,alpha=0.99,flips=1)",SA,2,10.0,12.0,0
bin_leadingones_004,leadingones,bin,300,hard,"SA(T0=2.0,alpha=0.995,flips=2)",SA,0,5.0,12.0,0
bin_leadingones_004,leadingones,bin,300,hard,"SA(T0=2.0,alpha=0.995,flips=2)",SA,1,3.0,12.0,0
bin_leadingones_004,leadingones,bin,300,hard,"SA(T0=2.0,alpha=0.995,flips=2)",SA,2,12.0,12.0,1
bin_leadingones_004,leadingones,bin,300,hard,TABU(tenure=7),TABU,0,13.0,12.0,1
bin_leadingones_004,leadingones,bin,300,hard,TABU(tenure=7),TABU,1,7.0,12.0,0
bin_leadingones_004,leadingones,bin,300,hard,TABU(tenure=7),TABU,2,6.0,12.0,0
bin_leadingones_004,leadingones,bin,300,hard,TABU(tenure=12),TABU,0,3.0,12.0,0
bin_leadingones_004,leadingones,bin,300,hard,TABU(tenure=12),TABU,1,14.0,12.0,1
bin_leadingones_004,leadingones,bin,300,hard,TABU(tenure=12),TABU,2,8.0,12.0,0
bin_leadingones_004,leadingones,bin,300,hard,"GA(pop=50,pc=0.9,pm=0.02)",GA,0,7.0,12.0,0
bin_leadingones_004,leadingones,bin,300,hard,"GA(pop=50,pc=0.9,pm=0.02)",GA,1,10.0,12.0,0
bin_leadingones_004,leadingones,bin,300,hard,"GA(pop=50,pc=0.9,pm=0.02)",GA,2,7.0,12.0,0
bin_leadingones_004,leadingones,bin,300,hard,"GA(pop=50,pc=0.9,pm=0.05)",GA,0,13.0,12.0,1
bin_leadingones_004,leadingones,bin,300,hard,"GA(pop=50,pc=0.9,pm=0.05)",GA,1,10.0,12.0,0
bin_leadingones_004,leadingones,bin,300,hard,"GA(pop=50,pc=0.9,pm=0.05)",GA,2,12.0,12.0,1
bin_leadingones_004,leadingones,bin,300,hard,"GA(pop=100,pc=0.9,pm=0.02)",GA,0,9.0,12.0,0
bin_leadingones_004,leadingones,bin,300,hard,"GA(pop=100,pc=0.9,pm=0.02)",GA,1,7.0,12.0,0
bin_leadingones_004,leadingones,bin,300,hard,"GA(pop=100,pc=0.9,pm=0.02)",GA,2,7.0,12.0,0
bin_leadingones_004,leadingones,bin,300,hard,"UMDA(pop=50,elite=0.2)",UMDA,0,14.0,12.0,1
bin_leadingones_004,leadingones,bin,300,hard,"UMDA(pop=50,elite=0.2)",UMDA,1,17.0,12.0,1
bin_leadingones_004,leadingones,bin,300,hard,"UMDA(pop=50,elite=0.2)",UMDA,2,13.0,12.0,1
bin_leadingones_004,leadingones,bin,300,hard,"UMDA(pop=100,elite=0.2)",UMDA,0,13.0,12.0,1
bin_leadingones_004,leadingones,bin,300,hard,"UMDA(pop=100,elite=0.2)",UMDA,1,15.0,12.0,1
bin_leadingones_004,leadingones,bin,300,hard,"UMDA(pop=100,elite=0.2)",UMDA,2,15.0,12.0,1
bin_leadingones_004,leadingones,bin,800,easy,RS_BIN,RS_BIN,0,10.0,11.0,0
bin_leadingones_004,leadingones,bin,800,easy,RS_BIN,RS_BIN,1,8.0,11.0,0
bin_leadingones_004,leadingones,bin,800,easy,RS_BIN,RS_BIN,2,10.0,11.0,0
bin_leadingones_004,leadingones,bin,800,easy,HC(flips=1),HC,0,16.0,11.0,1
bin_leadingones_004,leadingones,bin,800,easy,HC(flips=1),HC,1,13.0,11.0,1
bin_leadingones_004,leadingones,bin,800,easy,HC(flips=1),HC,2,9.0,11.0,0
bin_leadingones_004,leadingones,bin,800,easy,HC(flips=2),HC,0,23.0,11.0,1
bin_leadingones_004,leadingones,bin,800,easy,HC(flips=2),HC,1,16.0,11.0,1
bin_leadingones_004,leadingones,bin,800,easy,HC(flips=2),HC,2,20.0,11.0,1
bin_leadingones_004,leadingones,bin,800,easy,"SA(T0=1.0,alpha=0.995,flips=1)",SA,0,21.0,11.0,1
bin_leadingones_004,leadingones,bin,800,easy,"SA(T0=1.0,alpha=0.995,flips=1)",SA,1,24.0,11.0,1
bin_leadingones_004,leadingones,bin,800,easy,"SA(T0=1.0,alpha=0.995,flips=1)",SA,2,9.0,11.0,0
bin_leadingones_004,leadingones,bin,800,easy,"SA(T0=2.0,alpha=0.99,flips=1)",SA,0,14.0,11.0,1
bin_leadingones_004,leadingones,bin,800,easy,"SA(T0=2.0,alpha=0.99,flips=1)",SA,1,23.0,11.0,1
bin_leadingones_004,leadingones,bin,800,easy,"SA(T0=2.0,alpha=0.99,flips=1)",SA,2,17.0,11.0,1
bin_leadingones_004,leadingones,bin,800,easy,"SA(T0=2.0,alpha=0.995,flips=2)",SA,0,29.0,11.0,1
bin_leadingones_004,leadingones,bin,800,easy,"SA(T0=2.0,alpha=0.995,flips=2)",SA,1,35.0,11.0,1
bin_leadingones_004,leadingones,bin,800,easy,"SA(T0=2.0,alpha=0.995,flips=2)",SA,2,35.0,11.0,1
bin_leadingones_004,leadingones,bin,800,easy,TABU(tenure=7),TABU,0,19.0,11.0,1
bin_leadingones_004,leadingones,bin,800,easy,TABU(tenure=7),TABU,1,17.0,11.0,1
bin_leadingones_004,leadingones,bin,800,easy,TABU(tenure=7),TABU,2,24.0,11.0,1
bin_leadingones_004,leadingones,bin,800,easy,TABU(tenure=12),TABU,0,16.0,11.0,1
bin_leadingones_004,leadingones,bin,800,easy,TABU(tenure=12),TABU,1,21.0,11.0,1
bin_leadingones_004,leadingones,bin,800,easy,TABU(tenure=12),TABU,2,25.0,11.0,1
bin_leadingones_004,leadingones,bin,800,easy,"GA(pop=50,pc=0.9,pm=0.02)",GA,0,18.0,11.0,1
bin_leadingones_004,leadingones,bin,800,easy,"GA(pop=50,pc=0.9,pm=0.02)",GA,1,15.0,11.0,1
bin_leadingones_004,leadingones,bin,800,easy,"GA(pop=50,pc=0.9,pm=0.02)",GA,2,15.0,11.0,1
bin_leadingones_004,leadingones,bin,800,easy,"GA(pop=50,pc=0.9,pm=0.05)",GA,0,15.0,11.0,1
bin_leadingones_004,leadingones,bin,800,easy,"GA(pop=50,pc=0.9,pm=0.05)",GA,1,15.0,11.0,1
bin_leadingones_004,leadingones,bin,800,easy,"GA(pop=50,pc=0.9,pm=0.05)",GA,2,12.0,11.0,1
bin_leadingones_004,leadingones,bin,800,easy,"GA(pop=100,pc=0.9,pm=0.02)",GA,0,12.0,11.0,1
bin_leadingones_004,leadingones,bin,800,easy,"GA(pop=100,pc=0.9,pm=0.02)",GA,1,9.0,11.0,0
bin_leadingones_004,leadingones,bin,800,easy,"GA(pop=100,pc=0.9,pm=0.02)",GA,2,8.0,11.0,0
bin_leadingones_004,leadingones,bin,800,easy,"UMDA(pop=50,elite=0.2)",UMDA,0,8.0,11.0,0
bin_leadingones_004,leadingones,bin,800,easy,"UMDA(pop=50,elite=0.2)",UMDA,1,21.0,11.0,1
bin_leadingones_004,leadingones,bin,800,easy,"UMDA(pop=50,elite=0.2)",UMDA,2,16.0,11.0,1
bin_leadingones_004,leadingones,bin,800,easy,"UMDA(pop=100,elite=0.2)",UMDA,0,16.0,11.0,1
bin_leadingones_004,leadingones,bin,800,easy,"UMDA(pop=100,elite=0.2)",UMDA,1,21.0,11.0,1
bin_leadingones_004,leadingones,bin,800,easy,"UMDA(pop=100,elite=0.2)",UMDA,2,18.0,11.0,1
bin_leadingones_004,leadingones,bin,800,med,RS_BIN,RS_BIN,0,14.0,14.0,1
bin_leadingones_004,leadingones,bin,800,med,RS_BIN,RS_BIN,1,12.0,14.0,0
bin_leadingones_004,leadingones,bin,800,med,RS_BIN,RS_BIN,2,9.0,14.0,0
bin_leadingones_004,leadingones,bin,800,med,HC(flips=1),HC,0,10.0,14.0,0
bin_leadingones_004,leadingones,bin,800,med,HC(flips=1),HC,1,23.0,14.0,1
bin_leadingones_004,leadingones,bin,800,med,HC(flips=1),HC,2,12.0,14.0,0
bin_leadingones_004,leadingones,bin,800,med,HC(flips=2),HC,0,31.0,14.0,1
bin_leadingones_004,leadingones,bin,800,med,HC(flips=2),HC,1,27.0,14.0,1
bin_leadingones_004,leadingones,bin,800,med,HC(flips=2),HC,2,45.0,14.0,1
bin_leadingones_004,leadingones,bin,800,med,"SA(T0=1.0,alpha=0.995,flips=1)",SA,0,27.0,14.0,1
bin_leadingones_004,leadingones,bin,800,med,"SA(T0=1.0,alpha=0.995,flips=1)",SA,1,12.0,14.0,0
bin_leadingones_004,leadingones,bin,800,med,"SA(T0=1.0,alpha=0.995,flips=1)",SA,2,13.0,14.0,0
bin_leadingones_004,leadingones,bin,800,med,"SA(T0=2.0,alpha=0.99,flips=1)",SA,0,30.0,14.0,1
bin_leadingones_004,leadingones,bin,800,med,"SA(T0=2.0,alpha=0.99,flips=1)",SA,1,35.0,14.0,1
bin_leadingones_004,leadingones,bin,800,med,"SA(T0=2.0,alpha=0.99,flips=1)",SA,2,15.0,14.0,1
bin_leadingones_004,leadingones,bin,800,med,"SA(T0=2.0,alpha=0.995,flips=2)",SA,0,20.0,14.0,1
bin_leadingones_004,leadingones,bin,800,med,"SA(T0=2.0,alpha=0.995,flips=2)",SA,1,34.0,14.0,1
bin_leadingones_004,leadingones,bin,800,med,"SA(T0=2.0,alpha=0.995,flips=2)",SA,2,20.0,14.0,1
bin_leadingones_004,leadingones,bin,800,med,TABU(tenure=7),TABU,0,9.0,14.0,0
bin_leadingones_004,leadingones,bin,800,med,TABU(tenure=7),TABU,1,31.0,14.0,1
bin_leadingones_004,leadingones,bin,800,med,TABU(tenure=7),TABU,2,23.0,14.0,1
bin_leadingones_004,leadingones,bin,800,med,TABU(tenure=12),TABU,0,19.0,14.0,1
bin_leadingones_004,leadingones,bin,800,med,TABU(tenure=12),TABU,1,34.0,14.0,1
bin_leadingones_004,leadingones,bin,800,med,TABU(tenure=12),TABU,2,13.0,14.0,0
bin_leadingones_004,leadingones,bin,800,med,"GA(pop=50,pc=0.9,pm=0.02)",GA,0,22.0,14.0,1
bin_leadingones_004,leadingones,bin,800,med,"GA(pop=50,pc=0.9,pm=0.02)",GA,1,9.0,14.0,0
bin_leadingones_004,leadingones,bin,800,med,"GA(pop=50,pc=0.9,pm=0.02)",GA,2,10.0,14.0,0
bin_leadingones_004,leadingones,bin,800,med,"GA(pop=50,pc=0.9,pm=0.05)",GA,0,14.0,14.0,1
bin_leadingones_004,leadingones,bin,800,med,"GA(pop=50,pc=0.9,pm=0.05)",GA,1,14.0,14.0,1
bin_leadingones_004,leadingones,bin,800,med,"GA(pop=50,pc=0.9,pm=0.05)",GA,2,12.0,14.0,0
bin_leadingones_004,leadingones,bin,800,med,"GA(pop=100,pc=0.9,pm=0.02)",GA,0,11.0,14.0,0
bin_leadingones_004,leadingones,bin,800,med,"GA(pop=100,pc=0.9,pm=0.02)",GA,1,8.0,14.0,0
bin_leadingones_004,leadingones,bin,800,med,"GA(pop=100,pc=0.9,pm=0.02)",GA,2,16.0,14.0,1
bin_leadingones_004,leadingones,bin,800,med,"UMDA(pop=50,elite=0.2)",UMDA,0,13.0,14.0,0
bin_leadingones_004,leadingones,bin,800,med,"UMDA(pop=50,elite=0.2)",UMDA,1,15.0,14.0,1
bin_leadingones_004,leadingones,bin,800,med,"UMDA(pop=50,elite=0.2)",UMDA,2,11.0,14.0,0
bin_leadingones_004,leadingones,bin,800,med,"UMDA(pop=100,elite=0.2)",UMDA,0,16.0,14.0,1
bin_leadingones_004,leadingones,bin,800,med,"UMDA(pop=100,elite=0.2)",UMDA,1,19.0,14.0,1
bin_leadingones_004,leadingones,bin,800,med,"UMDA(pop=100,elite=0.2)",UMDA,2,16.0,14.0,1
bin_leadingones_004,leadingones,bin,800,hard,RS_BIN,RS_BIN,0,10.0,16.2,0
bin_leadingones_004,leadingones,bin,800,hard,RS_BIN,RS_BIN,1,7.0,16.2,0
bin_leadingones_004,leadingones,bin,800,hard,RS_BIN,RS_BIN,2,9.0,16.2,0
bin_leadingones_004,leadingones,bin,800,hard,HC(flips=1),HC,0,14.0,16.2,0
bin_leadingones_004,leadingones,bin,800,hard,HC(flips=1),HC,1,28.0,16.2,1
bin_leadingones_004,leadingones,bin,800,hard,HC(flips=1),HC,2,18.0,16.2,1
bin_leadingones_004,leadingones,bin,800,hard,HC(flips=2),HC,0,32.0,16.2,1
bin_leadingones_004,leadingones,bin,800,hard,HC(flips=2),HC,1,28.0,16.2,1
bin_leadingones_004,leadingones,bin,800,hard,HC(flips=2),HC,2,31.0,16.2,1
bin_leadingones_004,leadingones,bin,800,hard,"SA(T0=1.0,alpha=0.995,flips=1)",SA,0,11.0,16.2,0
bin_leadingones_004,leadingones,bin,800,hard,"SA(T0=1.0,alpha=0.995,flips=1)",SA,1,11.0,16.2,0
bin_leadingones_004,leadingones,bin,800,hard,"SA(T0=1.0,alpha=0.995,flips=1)",SA,2,16.0,16.2,0
bin_leadingones_004,leadingones,bin,800,hard,"SA(T0=2.0,alpha=0.99,flips=1)",SA,0,11.0,16.2,0
bin_leadingones_004,leadingones,bin,800,hard,"SA(T0=2.0,alpha=0.99,flips=1)",SA,1,14.0,16.2,0
bin_leadingones_004,leadingones,bin,800,hard,"SA(T0=2.0,alpha=0.99,flips=1)",SA,2,24.0,16.2,1
bin_leadingones_004,leadingones,bin,800,hard,"SA(T0=2.0,alpha=0.995,flips=2)",SA,0,32.0,16.2,1
bin_leadingones_004,leadingones,bin,800,hard,"SA(T0=2.0,alpha=0.995,flips=2)",SA,1,34.0,16.2,1
bin_leadingones_004,leadingones,bin,800,hard,"SA(T0=2.0,alpha=0.995,flips=2)",SA,2,27.0,16.2,1
bin_leadingones_004,leadingones,bin,800,hard,TABU(tenure=7),TABU,0,25.0,16.2,1
bin_leadingones_004,leadingones,bin,800,hard,TABU(tenure=7),TABU,1,23.0,16.2,1
bin_leadingones_004,leadingones,bin,800,hard,TABU(tenure=7),TABU,2,27.0,16.2,1
bin_leadingones_004,leadingones,bin,800,hard,TABU(tenure=12),TABU,0,10.0,16.2,0
bin_leadingones_004,leadingones,bin,800,hard,TABU(tenure=12),TABU,1,21.0,16.2,1
bin_leadingones_004,leadingones,bin,800,hard,TABU(tenure=12),TABU,2,23.0,16.2,1
bin_leadingones_004,leadingones,bin,800,hard,"GA(pop=50,pc=0.9,pm=0.02)",GA,0,12.0,16.2,0
bin_leadingones_004,leadingones,bin,800,hard,"GA(pop=50,pc=0.9,pm=0.02)",GA,1,9.0,16.2,0
bin_leadingones_004,leadingones,bin,800,hard,"GA(pop=50,pc=0.9,pm=0.02)",GA,2,11.0,16.2,0
bin_leadingones_004,leadingones,bin,800,hard,"GA(pop=50,pc=0.9,pm=0.05)",GA,0,15.0,16.2,0
bin_leadingones_004,leadingones,bin,800,hard,"GA(pop=50,pc=0.9,pm=0.05)",GA,1,22.0,16.2,1
bin_leadingones_004,leadingones,bin,800,hard,"GA(pop=50,pc=0.9,pm=0.05)",GA,2,15.0,16.2,0
bin_leadingones_004,leadingones,bin,800,hard,"GA(pop=100,pc=0.9,pm=0.02)",GA,0,9.0,16.2,0
bin_leadingones_004,leadingones,bin,800,hard,"GA(pop=100,pc=0.9,pm=0.02)",GA,1,10.0,16.2,0
bin_leadingones_004,leadingones,bin,800,hard,"GA(pop=100,pc=0.9,pm=0.02)",GA,2,12.0,16.2,0
bin_leadingones_004,leadingones,bin,800,hard,"UMDA(pop=50,elite=0.2)",UMDA,0,16.0,16.2,0
bin_leadingones_004,leadingones,bin,800,hard,"UMDA(pop=50,elite=0.2)",UMDA,1,14.0,16.2,0
bin_leadingones_004,leadingones,bin,800,hard,"UMDA(pop=50,elite=0.2)",UMDA,2,19.0,16.2,1
bin_leadingones_004,leadingones,bin,800,hard,"UMDA(pop=100,elite=0.2)",UMDA,0,15.0,16.2,0
bin_leadingones_004,leadingones,bin,800,hard,"UMDA(pop=100,elite=0.2)",UMDA,1,24.0,16.2,1
bin_leadingones_004,leadingones,bin,800,hard,"UMDA(pop=100,elite=0.2)",UMDA,2,24.0,16.2,1
bin_knapsack01_005,knapsack01,bin,300,easy,RS_BIN,RS_BIN,0,-5167.0,-6823.5,1
bin_knapsack01_005,knapsack01,bin,300,easy,RS_BIN,RS_BIN,1,-8976.0,-6823.5,0
bin_knapsack01_005,knapsack01,bin,300,easy,RS_BIN,RS_BIN,2,-10707.0,-6823.5,0
bin_knapsack01_005,knapsack01,bin,300,easy,HC(flips=1),HC,0,237.0,-6823.5,1
bin_knapsack01_005,knapsack01,bin,300,easy,HC(flips=1),HC,1,283.0,-6823.5,1
bin_knapsack01_005,knapsack01,bin,300,easy,HC(flips=1),HC,2,204.0,-6823.5,1
bin_knapsack01_005,knapsack01,bin,300,easy,HC(flips=2),HC,0,530.0,-6823.5,1
bin_knapsack01_005,knapsack01,bin,300,easy,HC(flips=2),HC,1,482.0,-6823.5,1
bin_knapsack01_005,knapsack01,bin,300,easy,HC(flips=2),HC,2,480.0,-6823.5,1
bin_knapsack01_005,knapsack01,bin,300,easy,"SA(T0=1.0,alpha=0.995,flips=1)",SA,0,244.0,-6823.5,1
bin_knapsack01_005,knapsack01,bin,300,easy,"SA(T0=1.0,alpha=0.995,flips=1)",SA,1,279.0,-6823.5,1
bin_knapsack01_005,knapsack01,bin,300,easy,"SA(T0=1.0,alpha=0.995,flips=1)",SA,2,310.0,-6823.5,1
bin_knapsack01_005,knapsack01,bin,300,easy,"SA(T0=2.0,alpha=0.99,flips=1)",SA,0,300.0,-6823.5,1
bin_knapsack01_005,knapsack01,bin,300,easy,"SA(T0=2.0,alpha=0.99,flips=1)",SA,1,273.0,-6823.5,1
bin_knapsack01_005,knapsack01,bin,300,easy,"SA(T0=2.0,alpha=0.99,flips=1)",SA,2,185.0,-6823.5,1
bin_knapsack01_005,knapsack01,bin,300,easy,"SA(T0=2.0,alpha=0.995,flips=2)",SA,0,473.0,-6823.5,1
bin_knapsack01_005,knapsack01,bin,300,easy,"SA(T0=2.0,alpha=0.995,flips=2)",SA,1,432.0,-6823.5,1
bin_knapsack01_005,knapsack01,bin,300,easy,"SA(T0=2.0,alpha=0.995,flips=2)",SA,2,552.0,-6823.5,1
bin_knapsack01_005,knapsack01,bin,300,easy,TABU(tenure=7),TABU,0,389.0,-6823.5,1
bin_knapsack01_005,knapsack01,bin,300,easy,TABU(tenure=7),TABU,1,423.0,-6823.5,1
bin_knapsack01_005,knapsack01,bin,300,easy,TABU(tenure=7),TABU,2,421.0,-6823.5,1
bin_knapsack01_005,knapsack01,bin,300,easy,TABU(tenure=12),TABU,0,418.0,-6823.5,1
bin_knapsack01_005,knapsack01,bin,300,easy,TABU(tenure=12),TABU,1,470.0,-6823.5,1
bin_knapsack01_005,knapsack01,bin,300,easy,TABU(tenure=12),TABU,2,454.0,-6823.5,1
bin_knapsack01_005,knapsack01,bin,300,easy,"GA(pop=50,pc=0.9,pm=0.02)",GA,0,391.0,-6823.5,1
bin_knapsack01_005,knapsack01,bin,300,easy,"GA(pop=50,pc=0.9,pm=0.02)",GA,1,399.0,-6823.5,1
bin_knapsack01_005,knapsack01,bin,300,easy,"GA(pop=50,pc=0.9,pm=0.02)",GA,2,350.0,-6823.5,1
bin_knapsack01_005,knapsack01,bin,300,easy,"GA(pop=50,pc=0.9,pm=0.05)",GA,0,-2564.0,-6823.5,1
bin_knapsack01_005,knapsack01,bin,300,easy,"GA(pop=50,pc=0.9,pm=0.05)",GA,1,-4446.0,-6823.5,1
bin_knapsack01_005,knapsack01,bin,300,easy,"GA(pop=50,pc=0.9,pm=0.05)",GA,2,295.0,-6823.5,1
bin_knapsack01_005,knapsack01,bin,300,easy,"GA(pop=100,pc=0.9,pm=0.02)",GA,0,-7329.0,-6823.5,0
bin_knapsack01_005,knapsack01,bin,300,easy,"GA(pop=100,pc=0.9,pm=0.02)",GA,1,-3749.0,-6823.5,1
bin_knapsack01_005,knapsack01,bin,300,easy,"GA(pop=100,pc=0.9,pm=0.02)",GA,2,-5495.0,-6823.5,1
bin_knapsack01_005,knapsack01,bin,300,easy,"UMDA(pop=50,elite=0.2)",UMDA,0,456.0,-6823.5,1
bin_knapsack01_005,knapsack01,bin,300,easy,"UMDA(pop=50,elite=0.2)",UMDA,1,397.0,-6823.5,1
bin_knapsack01_005,knapsack01,bin,300,easy,"UMDA(pop=50,elite=0.2)",UMDA,2,409.0,-6823.5,1
bin_knapsack01_005,knapsack01,bin,300,easy,"UMDA(pop=100,elite=0.2)",UMDA,0,451.0,-6823.5,1
bin_knapsack01_005,knapsack01,bin,300,easy,"UMDA(pop=100,elite=0.2)",UMDA,1,411.0,-6823.5,1
bin_knapsack01_005,knapsack01,bin,300,easy,"UMDA(pop=100,elite=0.2)",UMDA,2,437.0,-6823.5,1
bin_knapsack01_005,knapsack01,bin,300,med,RS_BIN,RS_BIN,0,-8249.0,-5155.5,0
bin_knapsack01_005,knapsack01,bin,300,med,RS_BIN,RS_BIN,1,-9594.0,-5155.5,0
bin_knapsack01_005,knapsack01,bin,300,med,RS_BIN,RS_BIN,2,-7424.0,-5155.5,0
bin_knapsack01_005,knapsack01,bin,300,med,HC(flips=1),HC,0,320.0,-5155.5,1
bin_knapsack01_005,knapsack01,bin,300,med,HC(flips=1),HC,1,210.0,-5155.5,1
bin_knapsack01_005,knapsack01,bin,300,med,HC(flips=1),HC,2,290.0,-5155.5,1
bin_knapsack01_005,knapsack01,bin,300,med,HC(flips=2),HC,0,512.0,-5155.5,1
bin_knapsack01_005,knapsack01,bin,300,med,HC(flips=2),HC,1,533.0,-5155.5,1
bin_knapsack01_005,knapsack01,bin,300,med,HC(flips=2),HC,2,461.0,-5155.5,1
bin_knapsack01_005,knapsack01,bin,300,med,"SA(T0=1.0,alpha=0.995,flips=1)",SA,0,344.0,-5155.5,1
bin_knapsack01_005,knapsack01,bin,300,med,"SA(T0=1.0,alpha=0.995,flips=1)",SA,1,343.0,-5155.5,1
bin_knapsack01_005,knapsack01,bin,300,med,"SA(T0=1.0,alpha=0.995,flips=1)",SA,2,294.0,-5155.5,1
bin_knapsack01_005,knapsack01,bin,300,med,"SA(T0=2.0,alpha=0.99,flips=1)",SA,0,341.0,-5155.5,1
bin_knapsack01_005,knapsack01,bin,300,med,"SA(T0=2.0,alpha=0.99,flips=1)",SA,1,251.0,-5155.5,1
bin_knapsack01_005,knapsack01,bin,300,med,"SA(T0=2.0,alpha=0.99,flips=1)",SA,2,250.0,-5155.5,1
bin_knapsack01_005,knapsack01,bin,300,med,"SA(T0=2.0,alpha=0.995,flips=2)",SA,0,424.0,-5155.5,1
bin_knapsack01_005,knapsack01,bin,300,med,"SA(T0=2.0,alpha=0.995,flips=2)",SA,1,516.0,-5155.5,1
bin_knapsack01_005,knapsack01,bin,300,med,"SA(T0=2.0,alpha=0.995,flips=2)",SA,2,462.0,-5155.5,1
bin_knapsack01_005,knapsack01,bin,300,med,TABU(tenure=7),TABU,0,457.0,-5155.5,1
bin_knapsack01_005,knapsack01,bin,300,med,TABU(tenure=7),TABU,1,411.0,-5155.5,1
bin_knapsack01_005,knapsack01,bin,300,med,TABU(tenure=7),TABU,2,458.0,-5155.5,1
bin_knapsack01_005,knapsack01,bin,300,med,TABU(tenure=12),TABU,0,455.0,-5155.5,1
bin_knapsack01_005,knapsack01,bin,300,med,TABU(tenure=12),TABU,1,384.0,-5155.5,1
bin_knapsack01_005,knapsack01,bin,300,med,TABU(tenure=12),TABU,2,452.0,-5155.5,1
bin_knapsack01_005,knapsack01,bin,300,med,"GA(pop=50,pc=0.9,pm=0.02)",GA,0,254.0,-5155.5,1
bin_knapsack01_005,knapsack01,bin,300,med,"GA(pop=50,pc=0.9,pm=0.02)",GA,1,-1594.0,-5155.5,1
bin_knapsack01_005,knapsack01,bin,300,med,"GA(pop=50,pc=0.9,pm=0.02)",GA,2,319.0,-5155.5,1
bin_knapsack01_005,knapsack01,bin,300,med,"GA(pop=50,pc=0.9,pm=0.05)",GA,0,290.0,-5155.5,1
bin_knapsack01_005,knapsack01,bin,300,med,"GA(pop=50,pc=0.9,pm=0.05)",GA,1,-3538.0,-5155.5,1
bin_knapsack01_005,knapsack01,bin,300,med,"GA(pop=50,pc=0.9,pm=0.05)",GA,2,-1765.0,-5155.5,1
bin_knapsack01_005,knapsack01,bin,300,med,"GA(pop=100,pc=0.9,pm=0.02)",GA,0,-5651.0,-5155.5,0
bin_knapsack01_005,knapsack01,bin,300,med,"GA(pop=100,pc=0.9,pm=0.02)",GA,1,-3400.0,-5155.5,1
bin_knapsack01_005,knapsack01,bin,300,med,"GA(pop=100,pc=0.9,pm=0.02)",GA,2,-1552.0,-5155.5,1
bin_knapsack01_005,knapsack01,bin,300,med,"UMDA(pop=50,elite=0.2)",UMDA,0,415.0,-5155.5,1
bin_knapsack01_005,knapsack01,bin,300,med,"UMDA(pop=50,elite=0.2)",UMDA,1,456.0,-5155.5,1
bin_knapsack01_005,knapsack01,bin,300,med,"UMDA(pop=50,elite=0.2)",UMDA,2,396.0,-5155.5,1
bin_knapsack01_005,knapsack01,bin,300,med,"UMDA(pop=100,elite=0.2)",UMDA,0,398.0,-5155.5,1
bin_knapsack01_005,knapsack01,bin,300,med,"UMDA(pop=100,elite=0.2)",UMDA,1,300.0,-5155.5,1
bin_knapsack01_005,knapsack01,bin,300,med,"UMDA(pop=100,elite=0.2)",UMDA,2,384.0,-5155.5,1
bin_knapsack01_005,knapsack01,bin,300,hard,RS_BIN,RS_BIN,0,-8902.0,-3823.6000000000004,0
bin_knapsack01_005,knapsack01,bin,300,hard,RS_BIN,RS_BIN,1,-9210.0,-3823.6000000000004,0
bin_knapsack01_005,knapsack01,bin,300,hard,RS_BIN,RS_BIN,2,-7393.0,-3823.6000000000004,0
bin_knapsack01_005,knapsack01,bin,300,hard,HC(flips=1),HC,0,325.0,-3823.6000000000004,1
bin_knapsack01_005,knapsack01,bin,300,hard,HC(flips=1),HC,1,332.0,-3823.6000000000004,1
bin_knapsack01_005,knapsack01,bin,300,hard,HC(flips=1),HC,2,335.0,-3823.6000000000004,1
bin_knapsack01_005,knapsack01,bin,300,hard,HC(flips=2),HC,0,523.0,-3823.6000000000004,1
bin_knapsack01_005,knapsack01,bin,300,hard,HC(flips=2),HC,1,531.0,-3823.6000000000004,1
bin_knapsack01_005,knapsack01,bin,300,hard,HC(flips=2),HC,2,497.0,-3823.6000000000004,1
bin_knapsack01_005,knapsack01,bin,300,hard,"SA(T0=1.0,alpha=0.995,flips=1)",SA,0,308.0,-3823.6000000000004,1
bin_knapsack01_005,knapsack01,bin,300,hard,"SA(T0=1.0,alpha=0.995,flips=1)",SA,1,327.0,-3823.6000000000004,1
bin_knapsack01_005,knapsack01,bin,300,hard,"SA(T0=1.0,alpha=0.995,flips=1)",SA,2,351.0,-3823.6000000000004,1
bin_knapsack01_005,knapsack01,bin,300,hard,"SA(T0=2.0,alpha=0.99,flips=1)",SA,0,269.0,-3823.6000000000004,1
bin_knapsack01_005,knapsack01,bin,300,hard,"SA(T0=2.0,alpha=0.99,flips=1)",SA,1,343.0,-3823.6000000000004,1
bin_knapsack01_005,knapsack01,bin,300,hard,"SA(T0=2.0,alpha=0.99,flips=1)",SA,2,220.0,-3823.6000000000004,1
bin_knapsack01_005,knapsack01,bin,300,hard,"SA(T0=2.0,alpha=0.995,flips=2)",SA,0,482.0,-3823.6000000000004,1
bin_knapsack01_005,knapsack01,bin,300,hard,"SA(T0=2.0,alpha=0.995,flips=2)",SA,1,481.0,-3823.6000000000004,1
bin_knapsack01_005,knapsack01,bin,300,hard,"SA(T0=2.0,alpha=0.995,flips=2)",SA,2,503.0,-3823.6000000000004,1
bin_knapsack01_005,knapsack01,bin,300,hard,TABU(tenure=7),TABU,0,390.0,-3823.6000000000004,1
bin_knapsack01_005,knapsack01,bin,300,hard,TABU(tenure=7),TABU,1,399.0,-3823.6000000000004,1
bin_knapsack01_005,knapsack01,bin,300,hard,TABU(tenure=7),TABU,2,437.0,-3823.6000000000004,1
bin_knapsack01_005,knapsack01,bin,300,hard,TABU(tenure=12),TABU,0,398.0,-3823.6000000000004,1
bin_knapsack01_005,knapsack01,bin,300,hard,TABU(tenure=12),TABU,1,456.0,-3823.6000000000004,1
bin_knapsack01_005,knapsack01,bin,300,hard,TABU(tenure=12),TABU,2,-1386.0,-3823.6000000000004,1
bin_knapsack01_005,knapsack01,bin,300,hard,"GA(pop=50,pc=0.9,pm=0.02)",GA,0,413.0,-3823.6000000000004,1
bin_knapsack01_005,knapsack01,bin,300,hard,"GA(pop=50,pc=0.9,pm=0.02)",GA,1,354.0,-3823.6000000000004,1
bin_knapsack01_005,knapsack01,bin,300,hard,"GA(pop=50,pc=0.9,pm=0.02)",GA,2,-1487.0,-3823.6000000000004,1
bin_knapsack01_005,knapsack01,bin,300,hard,"GA(pop=50,pc=0.9,pm=0.05)",GA,0,-851.0,-3823.6000000000004,1
bin_knapsack01_005,knapsack01,bin,300,hard,"GA(pop=50,pc=0.9,pm=0.05)",GA,1,-3954.0,-3823.6000000000004,0
bin_knapsack01_005,knapsack01,bin,300,hard,"GA(pop=50,pc=0.9,pm=0.05)",GA,2,-1792.0,-3823.6000000000004,1
bin_knapsack01_005,knapsack01,bin,300,hard,"GA(pop=100,pc=0.9,pm=0.02)",GA,0,-5234.0,-3823.6000000000004,0
bin_knapsack01_005,knapsack01,bin,300,hard,"GA(pop=100,pc=0.9,pm=0.02)",GA,1,147.0,-3823.6000000000004,1
bin_knapsack01_005,knapsack01,bin,300,hard,"GA(pop=100,pc=0.9,pm=0.02)",GA,2,338.0,-3823.6000000000004,1
bin_knapsack01_005,knapsack01,bin,300,hard,"UMDA(pop=50,elite=0.2)",UMDA,0,453.0,-3823.6000000000004,1
bin_knapsack01_005,knapsack01,bin,300,hard,"UMDA(pop=50,elite=0.2)",UMDA,1,412.0,-3823.6000000000004,1
bin_knapsack01_005,knapsack01,bin,300,hard,"UMDA(pop=50,elite=0.2)",UMDA,2,423.0,-3823.6000000000004,1
bin_knapsack01_005,knapsack01,bin,300,hard,"UMDA(pop=100,elite=0.2)",UMDA,0,332.0,-3823.6000000000004,1
bin_knapsack01_005,knapsack01,bin,300,hard,"UMDA(pop=100,elite=0.2)",UMDA,1,357.0,-3823.6000000000004,1
bin_knapsack01_005,knapsack01,bin,300,hard,"UMDA(pop=100,elite=0.2)",UMDA,2,423.0,-3823.6000000000004,1
bin_knapsack01_005,knapsack01,bin,800,easy,RS_BIN,RS_BIN,0,-3604.0,-5340.0,1
bin_knapsack01_005,knapsack01,bin,800,easy,RS_BIN,RS_BIN,1,-4414.0,-5340.0,1
bin_knapsack01_005,knapsack01,bin,800,easy,RS_BIN,RS_BIN,2,-3291.0,-5340.0,1
bin_knapsack01_005,knapsack01,bin,800,easy,HC(flips=1),HC,0,312.0,-5340.0,1
bin_knapsack01_005,knapsack01,bin,800,easy,HC(flips=1),HC,1,290.0,-5340.0,1
bin_knapsack01_005,knapsack01,bin,800,easy,HC(flips=1),HC,2,287.0,-5340.0,1
bin_knapsack01_005,knapsack01,bin,800,easy,HC(flips=2),HC,0,572.0,-5340.0,1
bin_knapsack01_005,knapsack01,bin,800,easy,HC(flips=2),HC,1,564.0,-5340.0,1
bin_knapsack01_005,knapsack01,bin,800,easy,HC(flips=2),HC,2,514.0,-5340.0,1
bin_knapsack01_005,knapsack01,bin,800,easy,"SA(T0=1.0,alpha=0.995,flips=1)",SA,0,317.0,-5340.0,1
bin_knapsack01_005,knapsack01,bin,800,easy,"SA(T0=1.0,alpha=0.995,flips=1)",SA,1,280.0,-5340.0,1
bin_knapsack01_005,knapsack01,bin,800,easy,"SA(T0=1.0,alpha=0.995,flips=1)",SA,2,225.0,-5340.0,1
bin_knapsack01_005,knapsack01,bin,800,easy,"SA(T0=2.0,alpha=0.99,flips=1)",SA,0,344.0,-5340.0,1
bin_knapsack01_005,knapsack01,bin,800,easy,"SA(T0=2.0,alpha=0.99,flips=1)",SA,1,282.0,-5340.0,1
bin_knapsack01_005,knapsack01,bin,800,easy,"SA(T0=2.0,alpha=0.99,flips=1)",SA,2,270.0,-5340.0,1
bin_knapsack01_005,knapsack01,bin,800,easy,"SA(T0=2.0,alpha=0.995,flips=2)",SA,0,540.0,-5340.0,1
bin_knapsack01_005,knapsack01,bin,800,easy,"SA(T0=2.0,alpha=0.995,flips=2)",SA,1,547.0,-5340.0,1
bin_knapsack01_005,knapsack01,bin,800,easy,"SA(T0=2.0,alpha=0.995,flips=2)",SA,2,547.0,-5340.0,1
bin_knapsack01_005,knapsack01,bin,800,easy,TABU(tenure=7),TABU,0,557.0,-5340.0,1
bin_knapsack01_005,knapsack01,bin,800,easy,TABU(tenure=7),TABU,1,521.0,-5340.0,1
bin_knapsack01_005,knapsack01,bin,800,easy,TABU(tenure=7),TABU,2,508.0,-5340.0,1
bin_knapsack01_005,knapsack01,bin,800,easy,TABU(tenure=12),TABU,0,555.0,-5340.0,1
bin_knapsack01_005,knapsack01,bin,800,easy,TABU(tenure=12),TABU,1,513.0,-5340.0,1
bin_knapsack01_005,knapsack01,bin,800,easy,TABU(tenure=12),TABU,2,559.0,-5340.0,1
bin_knapsack01_005,knapsack01,bin,800,easy,"GA(pop=50,pc=0.9,pm=0.02)",GA,0,439.0,-5340.0,1
bin_knapsack01_005,knapsack01,bin,800,easy,"GA(pop=50,pc=0.9,pm=0.02)",GA,1,450.0,-5340.0,1
bin_knapsack01_005,knapsack01,bin,800,easy,"GA(pop=50,pc=0.9,pm=0.02)",GA,2,429.0,-5340.0,1
bin_knapsack01_005,knapsack01,bin,800,easy,"GA(pop=50,pc=0.9,pm=0.05)",GA,0,404.0,-5340.0,1
bin_knapsack01_005,knapsack01,bin,800,easy,"GA(pop=50,pc=0.9,pm=0.05)",GA,1,428.0,-5340.0,1
bin_knapsack01_005,knapsack01,bin,800,easy,"GA(pop=50,pc=0.9,pm=0.05)",GA,2,385.0,-5340.0,1
bin_knapsack01_005,knapsack01,bin,800,easy,"GA(pop=100,pc=0.9,pm=0.02)",GA,0,363.0,-5340.0,1
bin_knapsack01_005,knapsack01,bin,800,easy,"GA(pop=100,pc=0.9,pm=0.02)",GA,1,315.0,-5340.0,1
bin_knapsack01_005,knapsack01,bin,800,easy,"GA(pop=100,pc=0.9,pm=0.02)",GA,2,354.0,-5340.0,1
bin_knapsack01_005,knapsack01,bin,800,easy,"UMDA(pop=50,elite=0.2)",UMDA,0,534.0,-5340.0,1
bin_knapsack01_005,knapsack01,bin,800,easy,"UMDA(pop=50,elite=0.2)",UMDA,1,537.0,-5340.0,1
bin_knapsack01_005,knapsack01,bin,800,easy,"UMDA(pop=50,elite=0.2)",UMDA,2,544.0,-5340.0,1
bin_knapsack01_005,knapsack01,bin,800,easy,"UMDA(pop=100,elite=0.2)",UMDA,0,506.0,-5340.0,1
bin_knapsack01_005,knapsack01,bin,800,easy,"UMDA(pop=100,elite=0.2)",UMDA,1,474.0,-5340.0,1
bin_knapsack01_005,knapsack01,bin,800,easy,"UMDA(pop=100,elite=0.2)",UMDA,2,515.0,-5340.0,1
bin_knapsack01_005,knapsack01,bin,800,med,RS_BIN,RS_BIN,0,249.0,-4318.75,1
bin_knapsack01_005,knapsack01,bin,800,med,RS_BIN,RS_BIN,1,-7881.0,-4318.75,0
bin_knapsack01_005,knapsack01,bin,800,med,RS_BIN,RS_BIN,2,-6376.0,-4318.75,0
bin_knapsack01_005,knapsack01,bin,800,med,HC(flips=1),HC,0,272.0,-4318.75,1
bin_knapsack01_005,knapsack01,bin,800,med,HC(flips=1),HC,1,258.0,-4318.75,1
bin_knapsack01_005,knapsack01,bin,800,med,HC(flips=1),HC,2,323.0,-4318.75,1
bin_knapsack01_005,knapsack01,bin,800,med,HC(flips=2),HC,0,564.0,-4318.75,1
bin_knapsack01_005,knapsack01,bin,800,med,HC(flips=2),HC,1,561.0,-4318.75,1
bin_knapsack01_005,knapsack01,bin,800,med,HC(flips=2),HC,2,568.0,-4318.75,1
bin_knapsack01_005,knapsack01,bin,800,med,"SA(T0=1.0,alpha=0.995,flips=1)",SA,0,322.0,-4318.75,1
bin_knapsack01_005,knapsack01,bin,800,med,"SA(T0=1.0,alpha=0.995,flips=1)",SA,1,226.0,-4318.75,1
bin_knapsack01_005,knapsack01,bin,800,med,"SA(T0=1.0,alpha=0.995,flips=1)",SA,2,353.0,-4318.75,1
bin_knapsack01_005,knapsack01,bin,800,med,"SA(T0=2.0,alpha=0.99,flips=1)",SA,0,314.0,-4318.75,1
bin_knapsack01_005,knapsack01,bin,800,med,"SA(T0=2.0,alpha=0.99,flips=1)",SA,1,209.0,-4318.75,1
bin_knapsack01_005,knapsack01,bin,800,med,"SA(T0=2.0,alpha=0.99,flips=1)",SA,2,294.0,-4318.75,1
bin_knapsack01_005,knapsack01,bin,800,med,"SA(T0=2.0,alpha=0.995,flips=2)",SA,0,562.0,-4318.75,1
bin_knapsack01_005,knapsack01,bin,800,med,"SA(T0=2.0,alpha=0.995,flips=2)",SA,1,570.0,-4318.75,1
bin_knapsack01_005,knapsack01,bin,800,med,"SA(T0=2.0,alpha=0.995,flips=2)",SA,2,512.0,-4318.75,1
bin_knapsack01_005,knapsack01,bin,800,med,TABU(tenure=7),TABU,0,554.0,-4318.75,1
bin_knapsack01_005,knapsack01,bin,800,med,TABU(tenure=7),TABU,1,552.0,-4318.75,1
bin_knapsack01_005,knapsack01,bin,800,med,TABU(tenure=7),TABU,2,517.0,-4318.75,1
bin_knapsack01_005,knapsack01,bin,800,med,TABU(tenure=12),TABU,0,519.0,-4318.75,1
bin_knapsack01_005,knapsack01,bin,800,med,TABU(tenure=12),TABU,1,540.0,-4318.75,1
bin_knapsack01_005,knapsack01,bin,800,med,TABU(tenure=12),TABU,2,543.0,-4318.75,1
bin_knapsack01_005,knapsack01,bin,800,med,"GA(pop=50,pc=0.9,pm=0.02)",GA,0,413.0,-4318.75,1
bin_knapsack01_005,knapsack01,bin,800,med,"GA(pop=50,pc=0.9,pm=0.02)",GA,1,415.0,-4318.75,1
bin_knapsack01_005,knapsack01,bin,800,med,"GA(pop=50,pc=0.9,pm=0.02)",GA,2,425.0,-4318.75,1
bin_knapsack01_005,knapsack01,bin,800,med,"GA(pop=50,pc=0.9,pm=0.05)",GA,0,446.0,-4318.75,1
bin_knapsack01_005,knapsack01,bin,800,med,"GA(pop=50,pc=0.9,pm=0.05)",GA,1,421.0,-4318.75,1
bin_knapsack01_005,knapsack01,bin,800,med,"GA(pop=50,pc=0.9,pm=0.05)",GA,2,427.0,-4318.75,1
bin_knapsack01_005,knapsack01,bin,800,med,"GA(pop=100,pc=0.9,pm=0.02)",GA,0,439.0,-4318.75,1
bin_knapsack01_005,knapsack01,bin,800,med,"GA(pop=100,pc=0.9,pm=0.02)",GA,1,431.0,-4318.75,1
bin_knapsack01_005,knapsack01,bin,800,med,"GA(pop=100,pc=0.9,pm=0.02)",GA,2,376.0,-4318.75,1
bin_knapsack01_005,knapsack01,bin,800,med,"UMDA(pop=50,elite=0.2)",UMDA,0,504.0,-4318.75,1
bin_knapsack01_005,knapsack01,bin,800,med,"UMDA(pop=50,elite=0.2)",UMDA,1,515.0,-4318.75,1
bin_knapsack01_005,knapsack01,bin,800,med,"UMDA(pop=50,elite=0.2)",UMDA,2,546.0,-4318.75,1
bin_knapsack01_005,knapsack01,bin,800,med,"UMDA(pop=100,elite=0.2)",UMDA,0,502.0,-4318.75,1
bin_knapsack01_005,knapsack01,bin,800,med,"UMDA(pop=100,elite=0.2)",UMDA,1,485.0,-4318.75,1
bin_knapsack01_005,knapsack01,bin,800,med,"UMDA(pop=100,elite=0.2)",UMDA,2,461.0,-4318.75,1
bin_knapsack01_005,knapsack01,bin,800,hard,RS_BIN,RS_BIN,0,-7176.0,-3050.9000000000005,0
bin_knapsack01_005,knapsack01,bin,800,hard,RS_BIN,RS_BIN,1,-5501.0,-3050.9000000000005,0
bin_knapsack01_005,knapsack01,bin,800,hard,RS_BIN,RS_BIN,2,-8352.0,-3050.9000000000005,0
bin_knapsack01_005,knapsack01,bin,800,hard,HC(flips=1),HC,0,270.0,-3050.9000000000005,1
bin_knapsack01_005,knapsack01,bin,800,hard,HC(flips=1),HC,1,323.0,-3050.9000000000005,1
bin_knapsack01_005,knapsack01,bin,800,hard,HC(flips=1),HC,2,273.0,-3050.9000000000005,1
bin_knapsack01_005,knapsack01,bin,800,hard,HC(flips=2),HC,0,552.0,-3050.9000000000005,1
bin_knapsack01_005,knapsack01,bin,800,hard,HC(flips=2),HC,1,544.0,-3050.9000000000005,1
bin_knapsack01_005,knapsack01,bin,800,hard,HC(flips=2),HC,2,565.0,-3050.9000000000005,1
bin_knapsack01_005,knapsack01,bin,800,hard,"SA(T0=1.0,alpha=0.995,flips=1)",SA,0,282.0,-3050.9000000000005,1
bin_knapsack01_005,knapsack01,bin,800,hard,"SA(T0=1.0,alpha=0.995,flips=1)",SA,1,270.0,-3050.9000000000005,1
bin_knapsack01_005,knapsack01,bin,800,hard,"SA(T0=1.0,alpha=0.995,flips=1)",SA,2,303.0,-3050.9000000000005,1
bin_knapsack01_005,knapsack01,bin,800,hard,"SA(T0=2.0,alpha=0.99,flips=1)",SA,0,211.0,-3050.9000000000005,1
bin_knapsack01_005,knapsack01,bin,800,hard,"SA(T0=2.0,alpha=0.99,flips=1)",SA,1,343.0,-3050.9000000000005,1
bin_knapsack01_005,knapsack01,bin,800,hard,"SA(T0=2.0,alpha=0.99,flips=1)",SA,2,252.0,-3050.9000000000005,1
bin_knapsack01_005,knapsack01,bin,800,hard,"SA(T0=2.0,alpha=0.995,flips=2)",SA,0,539.0,-3050.9000000000005,1
bin_knapsack01_005,knapsack01,bin,800,hard,"SA(T0=2.0,alpha=0.995,flips=2)",SA,1,529.0,-3050.9000000000005,1
bin_knapsack01_005,knapsack01,bin,800,hard,"SA(T0=2.0,alpha=0.995,flips=2)",SA,2,570.0,-3050.9000000000005,1
bin_knapsack01_005,knapsack01,bin,800,hard,TABU(tenure=7),TABU,0,498.0,-3050.9000000000005,1
bin_knapsack01_005,knapsack01,bin,800,hard,TABU(tenure=7),TABU,1,527.0,-3050.9000000000005,1
bin_knapsack01_005,knapsack01,bin,800,hard,TABU(tenure=7),TABU,2,552.0,-3050.9000000000005,1
bin_knapsack01_005,knapsack01,bin,800,hard,TABU(tenure=12),TABU,0,530.0,-3050.9000000000005,1
bin_knapsack01_005,knapsack01,bin,800,hard,TABU(tenure=12),TABU,1,521.0,-3050.9000000000005,1
bin_knapsack01_005,knapsack01,bin,800,hard,TABU(tenure=12),TABU,2,527.0,-3050.9000000000005,1
bin_knapsack01_005,knapsack01,bin,800,hard,"GA(pop=50,pc=0.9,pm=0.02)",GA,0,398.0,-3050.9000000000005,1
bin_knapsack01_005,knapsack01,bin,800,hard,"GA(pop=50,pc=0.9,pm=0.02)",GA,1,443.0,-3050.9000000000005,1
bin_knapsack01_005,knapsack01,bin,800,hard,"GA(pop=50,pc=0.9,pm=0.02)",GA,2,403.0,-3050.9000000000005,1
bin_knapsack01_005,knapsack01,bin,800,hard,"GA(pop=50,pc=0.9,pm=0.05)",GA,0,390.0,-3050.9000000000005,1
bin_knapsack01_005,knapsack01,bin,800,hard,"GA(pop=50,pc=0.9,pm=0.05)",GA,1,410.0,-3050.9000000000005,1
bin_knapsack01_005,knapsack01,bin,800,hard,"GA(pop=50,pc=0.9,pm=0.05)",GA,2,484.0,-3050.9000000000005,1
bin_knapsack01_005,knapsack01,bin,800,hard,"GA(pop=100,pc=0.9,pm=0.02)",GA,0,365.0,-3050.9000000000005,1
bin_knapsack01_005,knapsack01,bin,800,hard,"GA(pop=100,pc=0.9,pm=0.02)",GA,1,408.0,-3050.9000000000005,1
bin_knapsack01_005,knapsack01,bin,800,hard,"GA(pop=100,pc=0.9,pm=0.02)",GA,2,369.0,-3050.9000000000005,1
bin_knapsack01_005,knapsack01,bin,800,hard,"UMDA(pop=50,elite=0.2)",UMDA,0,551.0,-3050.9000000000005,1
bin_knapsack01_005,knapsack01,bin,800,hard,"UMDA(pop=50,elite=0.2)",UMDA,1,504.0,-3050.9000000000005,1
bin_knapsack01_005,knapsack01,bin,800,hard,"UMDA(pop=50,elite=0.2)",UMDA,2,524.0,-3050.9000000000005,1
bin_knapsack01_005,knapsack01,bin,800,hard,"UMDA(pop=100,elite=0.2)",UMDA,0,514.0,-3050.9000000000005,1
bin_knapsack01_005,knapsack01,bin,800,hard,"UMDA(pop=100,elite=0.2)",UMDA,1,487.0,-3050.9000000000005,1
bin_knapsack01_005,knapsack01,bin,800,hard,"UMDA(pop=100,elite=0.2)",UMDA,2,521.0,-3050.9000000000005,1
bin_onemax_006,onemax,bin,300,easy,RS_BIN,RS_BIN,0,53.0,52.0,1
bin_onemax_006,onemax,bin,300,easy,RS_BIN,RS_BIN,1,53.0,52.0,1
bin_onemax_006,onemax,bin,300,easy,RS_BIN,RS_BIN,2,54.0,52.0,1
bin_onemax_006,onemax,bin,300,easy,HC(flips=1),HC,0,79.0,52.0,1
bin_onemax_006,onemax,bin,300,easy,HC(flips=1),HC,1,78.0,52.0,1
bin_onemax_006,onemax,bin,300,easy,HC(flips=1),HC,2,79.0,52.0,1
bin_onemax_006,onemax,bin,300,easy,HC(flips=2),HC,0,71.0,52.0,1
bin_onemax_006,onemax,bin,300,easy,HC(flips=2),HC,1,71.0,52.0,1
bin_onemax_006,onemax,bin,300,easy,HC(flips=2),HC,2,74.0,52.0,1
bin_onemax_006,onemax,bin,300,easy,"SA(T0=1.0,alpha=0.995,flips=1)",SA,0,75.0,52.0,1
bin_onemax_006,onemax,bin,300,easy,"SA(T0=1.0,alpha=0.995,flips=1)",SA,1,77.0,52.0,1
bin_onemax_006,onemax,bin,300,easy,"SA(T0=1.0,alpha=0.995,flips=1)",SA,2,77.0,52.0,1
bin_onemax_006,onemax,bin,300,easy,"SA(T0=2.0,alpha=0.99,flips=1)",SA,0,76.0,52.0,1
bin_onemax_006,onemax,bin,300,easy,"SA(T0=2.0,alpha=0.99,flips=1)",SA,1,78.0,52.0,1
bin_onemax_006,onemax,bin,300,easy,"SA(T0=2.0,alpha=0.99,flips=1)",SA,2,75.0,52.0,1
bin_onemax_006,onemax,bin,300,easy,"SA(T0=2.0,alpha=0.995,flips=2)",SA,0,66.0,52.0,1
bin_onemax_006,onemax,bin,300,easy,"SA(T0=2.0,alpha=0.995,flips=2)",SA,1,70.0,52.0,1
bin_onemax_006,onemax,bin,300,easy,"SA(T0=2.0,alpha=0.995,flips=2)",SA,2,68.0,52.0,1
bin_onemax_006,onemax,bin,300,easy,TABU(tenure=7),TABU,0,60.0,52.0,1
bin_onemax_006,onemax,bin,300,easy,TABU(tenure=7),TABU,1,63.0,52.0,1
bin_onemax_006,onemax,bin,300,easy,TABU(tenure=7),TABU,2,57.0,52.0,1
bin_onemax_006,onemax,bin,300,easy,TABU(tenure=12),TABU,0,53.0,52.0,1
bin_onemax_006,onemax,bin,300,easy,TABU(tenure=12),TABU,1,60.0,52.0,1
bin_onemax_006,onemax,bin,300,easy,TABU(tenure=12),TABU,2,49.0,52.0,0
bin_onemax_006,onemax,bin,300,easy,"GA(pop=50,pc=0.9,pm=0.02)",GA,0,61.0,52.0,1
bin_onemax_006,onemax,bin,300,easy,"GA(pop=50,pc=0.9,pm=0.02)",GA,1,61.0,52.0,1
bin_onemax_006,onemax,bin,300,easy,"GA(pop=50,pc=0.9,pm=0.02)",GA,2,58.0,52.0,1
bin_onemax_006,onemax,bin,300,easy,"GA(pop=50,pc=0.9,pm=0.05)",GA,0,54.0,52.0,1
bin_onemax_006,onemax,bin,300,easy,"GA(pop=50,pc=0.9,pm=0.05)",GA,1,59.0,52.0,1
bin_onemax_006,onemax,bin,300,easy,"GA(pop=50,pc=0.9,pm=0.05)",GA,2,60.0,52.0,1
bin_onemax_006,onemax,bin,300,easy,"GA(pop=100,pc=0.9,pm=0.02)",GA,0,54.0,52.0,1
bin_onemax_006,onemax,bin,300,easy,"GA(pop=100,pc=0.9,pm=0.02)",GA,1,57.0,52.0,1
bin_onemax_006,onemax,bin,300,easy,"GA(pop=100,pc=0.9,pm=0.02)",GA,2,57.0,52.0,1
bin_onemax_006,onemax,bin,300,easy,"UMDA(pop=50,elite=0.2)",UMDA,0,74.0,52.0,1
bin_onemax_006,onemax,bin,300,easy,"UMDA(pop=50,elite=0.2)",UMDA,1,74.0,52.0,1
bin_onemax_006,onemax,bin,300,easy,"UMDA(pop=50,elite=0.2)",UMDA,2,72.0,52.0,1
bin_onemax_006,onemax,bin,300,easy,"UMDA(pop=100,elite=0.2)",UMDA,0,68.0,52.0,1
bin_onemax_006,onemax,bin,300,easy,"UMDA(pop=100,elite=0.2)",UMDA,1,62.0,52.0,1
bin_onemax_006,onemax,bin,300,easy,"UMDA(pop=100,elite=0.2)",UMDA,2,61.0,52.0,1
bin_onemax_006,onemax,bin,300,med,RS_BIN,RS_BIN,0,52.0,52.0,1
bin_onemax_006,onemax,bin,300,med,RS_BIN,RS_BIN,1,52.0,52.0,1
bin_onemax_006,onemax,bin,300,med,RS_BIN,RS_BIN,2,53.0,52.0,1
bin_onemax_006,onemax,bin,300,med,HC(flips=1),HC,0,79.0,52.0,1
bin_onemax_006,onemax,bin,300,med,HC(flips=1),HC,1,78.0,52.0,1
bin_onemax_006,onemax,bin,300,med,HC(flips=1),HC,2,79.0,52.0,1
bin_onemax_006,onemax,bin,300,med,HC(flips=2),HC,0,70.0,52.0,1
bin_onemax_006,onemax,bin,300,med,HC(flips=2),HC,1,73.0,52.0,1
bin_onemax_006,onemax,bin,300,med,HC(flips=2),HC,2,71.0,52.0,1
bin_onemax_006,onemax,bin,300,med,"SA(T0=1.0,alpha=0.995,flips=1)",SA,0,77.0,52.0,1
bin_onemax_006,onemax,bin,300,med,"SA(T0=1.0,alpha=0.995,flips=1)",SA,1,75.0,52.0,1
bin_onemax_006,onemax,bin,300,med,"SA(T0=1.0,alpha=0.995,flips=1)",SA,2,73.0,52.0,1
bin_onemax_006,onemax,bin,300,med,"SA(T0=2.0,alpha=0.99,flips=1)",SA,0,78.0,52.0,1
bin_onemax_006,onemax,bin,300,med,"SA(T0=2.0,alpha=0.99,flips=1)",SA,1,72.0,52.0,1
bin_onemax_006,onemax,bin,300,med,"SA(T0=2.0,alpha=0.99,flips=1)",SA,2,79.0,52.0,1
bin_onemax_006,onemax,bin,300,med,"SA(T0=2.0,alpha=0.995,flips=2)",SA,0,64.0,52.0,1
bin_onemax_006,onemax,bin,300,med,"SA(T0=2.0,alpha=0.995,flips=2)",SA,1,67.0,52.0,1
bin_onemax_006,onemax,bin,300,med,"SA(T0=2.0,alpha=0.995,flips=2)",SA,2,72.0,52.0,1
bin_onemax_006,onemax,bin,300,med,TABU(tenure=7),TABU,0,59.0,52.0,1
bin_onemax_006,onemax,bin,300,med,TABU(tenure=7),TABU,1,48.0,52.0,0
bin_onemax_006,onemax,bin,300,med,TABU(tenure=7),TABU,2,56.0,52.0,1
bin_onemax_006,onemax,bin,300,med,TABU(tenure=12),TABU,0,60.0,52.0,1
bin_onemax_006,onemax,bin,300,med,TABU(tenure=12),TABU,1,58.0,52.0,1
bin_onemax_006,onemax,bin,300,med,TABU(tenure=12),TABU,2,57.0,52.0,1
bin_onemax_006,onemax,bin,300,med,"GA(pop=50,pc=0.9,pm=0.02)",GA,0,58.0,52.0,1
bin_onemax_006,onemax,bin,300,med,"GA(pop=50,pc=0.9,pm=0.02)",GA,1,62.0,52.0,1
bin_onemax_006,onemax,bin,300,med,"GA(pop=50,pc=0.9,pm=0.02)",GA,2,58.0,52.0,1
bin_onemax_006,onemax,bin,300,med,"GA(pop=50,pc=0.9,pm=0.05)",GA,0,58.0,52.0,1
bin_onemax_006,onemax,bin,300,med,"GA(pop=50,pc=0.9,pm=0.05)",GA,1,60.0,52.0,1
bin_onemax_006,onemax,bin,300,med,"GA(pop=50,pc=0.9,pm=0.05)",GA,2,60.0,52.0,1
bin_onemax_006,onemax,bin,300,med,"GA(pop=100,pc=0.9,pm=0.02)",GA,0,56.0,52.0,1
bin_onemax_006,onemax,bin,300,med,"GA(pop=100,pc=0.9,pm=0.02)",GA,1,55.0,52.0,1
bin_onemax_006,onemax,bin,300,med,"GA(pop=100,pc=0.9,pm=0.02)",GA,2,54.0,52.0,1
bin_onemax_006,onemax,bin,300,med,"UMDA(pop=50,elite=0.2)",UMDA,0,72.0,52.0,1
bin_onemax_006,onemax,bin,300,med,"UMDA(pop=50,elite=0.2)",UMDA,1,71.0,52.0,1
bin_onemax_006,onemax,bin,300,med,"UMDA(pop=50,elite=0.2)",UMDA,2,73.0,52.0,1
bin_onemax_006,onemax,bin,300,med,"UMDA(pop=100,elite=0.2)",UMDA,0,61.0,52.0,1
bin_onemax_006,onemax,bin,300,med,"UMDA(pop=100,elite=0.2)",UMDA,1,62.0,52.0,1
bin_onemax_006,onemax,bin,300,med,"UMDA(pop=100,elite=0.2)",UMDA,2,61.0,52.0,1
bin_onemax_006,onemax,bin,300,hard,RS_BIN,RS_BIN,0,52.0,53.0,0
bin_onemax_006,onemax,bin,300,hard,RS_BIN,RS_BIN,1,53.0,53.0,1
bin_onemax_006,onemax,bin,300,hard,RS_BIN,RS_BIN,2,56.0,53.0,1
bin_onemax_006,onemax,bin,300,hard,HC(flips=1),HC,0,80.0,53.0,1
bin_onemax_006,onemax,bin,300,hard,HC(flips=1),HC,1,79.0,53.0,1
bin_onemax_006,onemax,bin,300,hard,HC(flips=1),HC,2,79.0,53.0,1
bin_onemax_006,onemax,bin,300,hard,HC(flips=2),HC,0,72.0,53.0,1
bin_onemax_006,onemax,bin,300,hard,HC(flips=2),HC,1,72.0,53.0,1
bin_onemax_006,onemax,bin,300,hard,HC(flips=2),HC,2,76.0,53.0,1
bin_onemax_006,onemax,bin,300,hard,"SA(T0=1.0,alpha=0.995,flips=1)",SA,0,75.0,53.0,1
bin_onemax_006,onemax,bin,300,hard,"SA(T0=1.0,alpha=0.995,flips=1)",SA,1,72.0,53.0,1
bin_onemax_006,onemax,bin,300,hard,"SA(T0=1.0,alpha=0.995,flips=1)",SA,2,79.0,53.0,1
bin_onemax_006,onemax,bin,300,hard,"SA(T0=2.0,alpha=0.99,flips=1)",SA,0,76.0,53.0,1
bin_onemax_006,onemax,bin,300,hard,"SA(T0=2.0,alpha=0.99,flips=1)",SA,1,78.0,53.0,1
bin_onemax_006,onemax,bin,300,hard,"SA(T0=2.0,alpha=0.99,flips=1)",SA,2,78.0,53.0,1
bin_onemax_006,onemax,bin,300,hard,"SA(T0=2.0,alpha=0.995,flips=2)",SA,0,71.0,53.0,1
bin_onemax_006,onemax,bin,300,hard,"SA(T0=2.0,alpha=0.995,flips=2)",SA,1,63.0,53.0,1
bin_onemax_006,onemax,bin,300,hard,"SA(T0=2.0,alpha=0.995,flips=2)",SA,2,67.0,53.0,1
bin_onemax_006,onemax,bin,300,hard,TABU(tenure=7),TABU,0,61.0,53.0,1
bin_onemax_006,onemax,bin,300,hard,TABU(tenure=7),TABU,1,54.0,53.0,1
bin_onemax_006,onemax,bin,300,hard,TABU(tenure=7),TABU,2,51.0,53.0,0
bin_onemax_006,onemax,bin,300,hard,TABU(tenure=12),TABU,0,64.0,53.0,1
bin_onemax_006,onemax,bin,300,hard,TABU(tenure=12),TABU,1,66.0,53.0,1
bin_onemax_006,onemax,bin,300,hard,TABU(tenure=12),TABU,2,60.0,53.0,1
bin_onemax_006,onemax,bin,300,hard,"GA(pop=50,pc=0.9,pm=0.02)",GA,0,58.0,53.0,1
bin_onemax_006,onemax,bin,300,hard,"GA(pop=50,pc=0.9,pm=0.02)",GA,1,62.0,53.0,1
bin_onemax_006,onemax,bin,300,hard,"GA(pop=50,pc=0.9,pm=0.02)",GA,2,59.0,53.0,1
bin_onemax_006,onemax,bin,300,hard,"GA(pop=50,pc=0.9,pm=0.05)",GA,0,61.0,53.0,1
bin_onemax_006,onemax,bin,300,hard,"GA(pop=50,pc=0.9,pm=0.05)",GA,1,59.0,53.0,1
bin_onemax_006,onemax,bin,300,hard,"GA(pop=50,pc=0.9,pm=0.05)",GA,2,59.0,53.0,1
bin_onemax_006,onemax,bin,300,hard,"GA(pop=100,pc=0.9,pm=0.02)",GA,0,56.0,53.0,1
bin_onemax_006,onemax,bin,300,hard,"GA(pop=100,pc=0.9,pm=0.02)",GA,1,63.0,53.0,1
bin_onemax_006,onemax,bin,300,hard,"GA(pop=100,pc=0.9,pm=0.02)",GA,2,52.0,53.0,0
bin_onemax_006,onemax,bin,300,hard,"UMDA(pop=50,elite=0.2)",UMDA,0,72.0,53.0,1
bin_onemax_006,onemax,bin,300,hard,"UMDA(pop=50,elite=0.2)",UMDA,1,72.0,53.0,1
bin_onemax_006,onemax,bin,300,hard,"UMDA(pop=50,elite=0.2)",UMDA,2,72.0,53.0,1
bin_onemax_006,onemax,bin,300,hard,"UMDA(pop=100,elite=0.2)",UMDA,0,63.0,53.0,1
bin_onemax_006,onemax,bin,300,hard,"UMDA(pop=100,elite=0.2)",UMDA,1,59.0,53.0,1
bin_onemax_006,onemax,bin,300,hard,"UMDA(pop=100,elite=0.2)",UMDA,2,62.0,53.0,1
bin_onemax_006,onemax,bin,800,easy,RS_BIN,RS_BIN,0,54.0,54.0,1
bin_onemax_006,onemax,bin,800,easy,RS_BIN,RS_BIN,1,54.0,54.0,1
bin_onemax_006,onemax,bin,800,easy,RS_BIN,RS_BIN,2,56.0,54.0,1
bin_onemax_006,onemax,bin,800,easy,HC(flips=1),HC,0,80.0,54.0,1
bin_onemax_006,onemax,bin,800,easy,HC(flips=1),HC,1,80.0,54.0,1
bin_onemax_006,onemax,bin,800,easy,HC(flips=1),HC,2,80.0,54.0,1
bin_onemax_006,onemax,bin,800,easy,HC(flips=2),HC,0,76.0,54.0,1
bin_onemax_006,onemax,bin,800,easy,HC(flips=2),HC,1,76.0,54.0,1
bin_onemax_006,onemax,bin,800,easy,HC(flips=2),HC,2,77.0,54.0,1
bin_onemax_006,onemax,bin,800,easy,"SA(T0=1.0,alpha=0.995,flips=1)",SA,0,79.0,54.0,1
bin_onemax_006,onemax,bin,800,easy,"SA(T0=1.0,alpha=0.995,flips=1)",SA,1,80.0,54.0,1
bin_onemax_006,onemax,bin,800,easy,"SA(T0=1.0,alpha=0.995,flips=1)",SA,2,80.0,54.0,1
bin_onemax_006,onemax,bin,800,easy,"SA(T0=2.0,alpha=0.99,flips=1)",SA,0,80.0,54.0,1
bin_onemax_006,onemax,bin,800,easy,"SA(T0=2.0,alpha=0.99,flips=1)",SA,1,80.0,54.0,1
bin_onemax_006,onemax,bin,800,easy,"SA(T0=2.0,alpha=0.99,flips=1)",SA,2,80.0,54.0,1
bin_onemax_006,onemax,bin,800,easy,"SA(T0=2.0,alpha=0.995,flips=2)",SA,0,72.0,54.0,1
bin_onemax_006,onemax,bin,800,easy,"SA(T0=2.0,alpha=0.995,flips=2)",SA,1,78.0,54.0,1
bin_onemax_006,onemax,bin,800,easy,"SA(T0=2.0,alpha=0.995,flips=2)",SA,2,71.0,54.0,1
bin_onemax_006,onemax,bin,800,easy,TABU(tenure=7),TABU,0,76.0,54.0,1
bin_onemax_006,onemax,bin,800,easy,TABU(tenure=7),TABU,1,78.0,54.0,1
bin_onemax_006,onemax,bin,800,easy,TABU(tenure=7),TABU,2,76.0,54.0,1
bin_onemax_006,onemax,bin,800,easy,TABU(tenure=12),TABU,0,76.0,54.0,1
bin_onemax_006,onemax,bin,800,easy,TABU(tenure=12),TABU,1,76.0,54.0,1
bin_onemax_006,onemax,bin,800,easy,TABU(tenure=12),TABU,2,76.0,54.0,1
bin_onemax_006,onemax,bin,800,easy,"GA(pop=50,pc=0.9,pm=0.02)",GA,0,69.0,54.0,1
bin_onemax_006,onemax,bin,800,easy,"GA(pop=50,pc=0.9,pm=0.02)",GA,1,66.0,54.0,1
bin_onemax_006,onemax,bin,800,easy,"GA(pop=50,pc=0.9,pm=0.02)",GA,2,68.0,54.0,1
bin_onemax_006,onemax,bin,800,easy,"GA(pop=50,pc=0.9,pm=0.05)",GA,0,69.0,54.0,1
bin_onemax_006,onemax,bin,800,easy,"GA(pop=50,pc=0.9,pm=0.05)",GA,1,67.0,54.0,1
bin_onemax_006,onemax,bin,800,easy,"GA(pop=50,pc=0.9,pm=0.05)",GA,2,66.0,54.0,1
bin_onemax_006,onemax,bin,800,easy,"GA(pop=100,pc=0.9,pm=0.02)",GA,0,63.0,54.0,1
bin_onemax_006,onemax,bin,800,easy,"GA(pop=100,pc=0.9,pm=0.02)",GA,1,63.0,54.0,1
bin_onemax_006,onemax,bin,800,easy,"GA(pop=100,pc=0.9,pm=0.02)",GA,2,65.0,54.0,1
bin_onemax_006,onemax,bin,800,easy,"UMDA(pop=50,elite=0.2)",UMDA,0,80.0,54.0,1
bin_onemax_006,onemax,bin,800,easy,"UMDA(pop=50,elite=0.2)",UMDA,1,79.0,54.0,1
bin_onemax_006,onemax,bin,800,easy,"UMDA(pop=50,elite=0.2)",UMDA,2,78.0,54.0,1
bin_onemax_006,onemax,bin,800,easy,"UMDA(pop=100,elite=0.2)",UMDA,0,80.0,54.0,1
bin_onemax_006,onemax,bin,800,easy,"UMDA(pop=100,elite=0.2)",UMDA,1,79.0,54.0,1
bin_onemax_006,onemax,bin,800,easy,"UMDA(pop=100,elite=0.2)",UMDA,2,79.0,54.0,1
bin_onemax_006,onemax,bin,800,med,RS_BIN,RS_BIN,0,52.0,54.75,0
bin_onemax_006,onemax,bin,800,med,RS_BIN,RS_BIN,1,56.0,54.75,1
bin_onemax_006,onemax,bin,800,med,RS_BIN,RS_BIN,2,53.0,54.75,0
bin_onemax_006,onemax,bin,800,med,HC(flips=1),HC,0,80.0,54.75,1
bin_onemax_006,onemax,bin,800,med,HC(flips=1),HC,1,80.0,54.75,1
bin_onemax_006,onemax,bin,800,med,HC(flips=1),HC,2,80.0,54.75,1
bin_onemax_006,onemax,bin,800,med,HC(flips=2),HC,0,77.0,54.75,1
bin_onemax_006,onemax,bin,800,med,HC(flips=2),HC,1,76.0,54.75,1
bin_onemax_006,onemax,bin,800,med,HC(flips=2),HC,2,76.0,54.75,1
bin_onemax_006,onemax,bin,800,med,"SA(T0=1.0,alpha=0.995,flips=1)",SA,0,80.0,54.75,1
bin_onemax_006,onemax,bin,800,med,"SA(T0=1.0,alpha=0.995,flips=1)",SA,1,80.0,54.75,1
bin_onemax_006,onemax,bin,800,med,"SA(T0=1.0,alpha=0.995,flips=1)",SA,2,80.0,54.75,1
bin_onemax_006,onemax,bin,800,med,"SA(T0=2.0,alpha=0.99,flips=1)",SA,0,80.0,54.75,1
bin_onemax_006,onemax,bin,800,med,"SA(T0=2.0,alpha=0.99,flips=1)",SA,1,80.0,54.75,1
bin_onemax_006,onemax,bin,800,med,"SA(T0=2.0,alpha=0.99,flips=1)",SA,2,80.0,54.75,1
bin_onemax_006,onemax,bin,800,med,"SA(T0=2.0,alpha=0.995,flips=2)",SA,0,76.0,54.75,1
bin_onemax_006,onemax,bin,800,med,"SA(T0=2.0,alpha=0.995,flips=2)",SA,1,73.0,54.75,1
bin_onemax_006,onemax,bin,800,med,"SA(T0=2.0,alpha=0.995,flips=2)",SA,2,79.0,54.75,1
bin_onemax_006,onemax,bin,800,med,TABU(tenure=7),TABU,0,76.0,54.75,1
bin_onemax_006,onemax,bin,800,med,TABU(tenure=7),TABU,1,76.0,54.75,1
bin_onemax_006,onemax,bin,800,med,TABU(tenure=7),TABU,2,77.0,54.75,1
bin_onemax_006,onemax,bin,800,med,TABU(tenure=12),TABU,0,78.0,54.75,1
bin_onemax_006,onemax,bin,800,med,TABU(tenure=12),TABU,1,80.0,54.75,1
bin_onemax_006,onemax,bin,800,med,TABU(tenure=12),TABU,2,77.0,54.75,1
bin_onemax_006,onemax,bin,800,med,"GA(pop=50,pc=0.9,pm=0.02)",GA,0,70.0,54.75,1
bin_onemax_006,onemax,bin,800,med,"GA(pop=50,pc=0.9,pm=0.02)",GA,1,68.0,54.75,1
bin_onemax_006,onemax,bin,800,med,"GA(pop=50,pc=0.9,pm=0.02)",GA,2,67.0,54.75,1
bin_onemax_006,onemax,bin,800,med,"GA(pop=50,pc=0.9,pm=0.05)",GA,0,66.0,54.75,1
bin_onemax_006,onemax,bin,800,med,"GA(pop=50,pc=0.9,pm=0.05)",GA,1,66.0,54.75,1
bin_onemax_006,onemax,bin,800,med,"GA(pop=50,pc=0.9,pm=0.05)",GA,2,64.0,54.75,1
bin_onemax_006,onemax,bin,800,med,"GA(pop=100,pc=0.9,pm=0.02)",GA,0,65.0,54.75,1
bin_onemax_006,onemax,bin,800,med,"GA(pop=100,pc=0.9,pm=0.02)",GA,1,64.0,54.75,1
bin_onemax_006,onemax,bin,800,med,"GA(pop=100,pc=0.9,pm=0.02)",GA,2,64.0,54.75,1
bin_onemax_006,onemax,bin,800,med,"UMDA(pop=50,elite=0.2)",UMDA,0,78.0,54.75,1
bin_onemax_006,onemax,bin,800,med,"UMDA(pop=50,elite=0.2)",UMDA,1,79.0,54.75,1
bin_onemax_006,onemax,bin,800,med,"UMDA(pop=50,elite=0.2)",UMDA,2,78.0,54.75,1
bin_onemax_006,onemax,bin,800,med,"UMDA(pop=100,elite=0.2)",UMDA,0,79.0,54.75,1
bin_onemax_006,onemax,bin,800,med,"UMDA(pop=100,elite=0.2)",UMDA,1,79.0,54.75,1
bin_onemax_006,onemax,bin,800,med,"UMDA(pop=100,elite=0.2)",UMDA,2,80.0,54.75,1
bin_onemax_006,onemax,bin,800,hard,RS_BIN,RS_BIN,0,55.0,55.3,0
bin_onemax_006,onemax,bin,800,hard,RS_BIN,RS_BIN,1,54.0,55.3,0
bin_onemax_006,onemax,bin,800,hard,RS_BIN,RS_BIN,2,54.0,55.3,0
bin_onemax_006,onemax,bin,800,hard,HC(flips=1),HC,0,80.0,55.3,1
bin_onemax_006,onemax,bin,800,hard,HC(flips=1),HC,1,80.0,55.3,1
bin_onemax_006,onemax,bin,800,hard,HC(flips=1),HC,2,80.0,55.3,1
bin_onemax_006,onemax,bin,800,hard,HC(flips=2),HC,0,77.0,55.3,1
bin_onemax_006,onemax,bin,800,hard,HC(flips=2),HC,1,74.0,55.3,1
bin_onemax_006,onemax,bin,800,hard,HC(flips=2),HC,2,78.0,55.3,1
bin_onemax_006,onemax,bin,800,hard,"SA(T0=1.0,alpha=0.995,flips=1)",SA,0,80.0,55.3,1
bin_onemax_006,onemax,bin,800,hard,"SA(T0=1.0,alpha=0.995,flips=1)",SA,1,80.0,55.3,1
bin_onemax_006,onemax,bin,800,hard,"SA(T0=1.0,alpha=0.995,flips=1)",SA,2,80.0,55.3,1
bin_onemax_006,onemax,bin,800,hard,"SA(T0=2.0,alpha=0.99,flips=1)",SA,0,80.0,55.3,1
bin_onemax_006,onemax,bin,800,hard,"SA(T0=2.0,alpha=0.99,flips=1)",SA,1,80.0,55.3,1
bin_onemax_006,onemax,bin,800,hard,"SA(T0=2.0,alpha=0.99,flips=1)",SA,2,80.0,55.3,1
bin_onemax_006,onemax,bin,800,hard,"SA(T0=2.0,alpha=0.995,flips=2)",SA,0,74.0,55.3,1
bin_onemax_006,onemax,bin,800,hard,"SA(T0=2.0,alpha=0.995,flips=2)",SA,1,76.0,55.3,1
bin_onemax_006,onemax,bin,800,hard,"SA(T0=2.0,alpha=0.995,flips=2)",SA,2,76.0,55.3,1
bin_onemax_006,onemax,bin,800,hard,TABU(tenure=7),TABU,0,78.0,55.3,1
bin_onemax_006,onemax,bin,800,hard,TABU(tenure=7),TABU,1,78.0,55.3,1
bin_onemax_006,onemax,bin,800,hard,TABU(tenure=7),TABU,2,77.0,55.3,1
bin_onemax_006,onemax,bin,800,hard,TABU(tenure=12),TABU,0,76.0,55.3,1
bin_onemax_006,onemax,bin,800,hard,TABU(tenure=12),TABU,1,77.0,55.3,1
bin_onemax_006,onemax,bin,800,hard,TABU(tenure=12),TABU,2,76.0,55.3,1
bin_onemax_006,onemax,bin,800,hard,"GA(pop=50,pc=0.9,pm=0.02)",GA,0,66.0,55.3,1
bin_onemax_006,onemax,bin,800,hard,"GA(pop=50,pc=0.9,pm=0.02)",GA,1,69.0,55.3,1
bin_onemax_006,onemax,bin,800,hard,"GA(pop=50,pc=0.9,pm=0.02)",GA,2,70.0,55.3,1
bin_onemax_006,onemax,bin,800,hard,"GA(pop=50,pc=0.9,pm=0.05)",GA,0,66.0,55.3,1
bin_onemax_006,onemax,bin,800,hard,"GA(pop=50,pc=0.9,pm=0.05)",GA,1,63.0,55.3,1
bin_onemax_006,onemax,bin,800,hard,"GA(pop=50,pc=0.9,pm=0.05)",GA,2,68.0,55.3,1
bin_onemax_006,onemax,bin,800,hard,"GA(pop=100,pc=0.9,pm=0.02)",GA,0,61.0,55.3,1
bin_onemax_006,onemax,bin,800,hard,"GA(pop=100,pc=0.9,pm=0.02)",GA,1,64.0,55.3,1
bin_onemax_006,onemax,bin,800,hard,"GA(pop=100,pc=0.9,pm=0.02)",GA,2,63.0,55.3,1
bin_onemax_006,onemax,bin,800,hard,"UMDA(pop=50,elite=0.2)",UMDA,0,78.0,55.3,1
bin_onemax_006,onemax,bin,800,hard,"UMDA(pop=50,elite=0.2)",UMDA,1,80.0,55.3,1
bin_onemax_006,onemax,bin,800,hard,"UMDA(pop=50,elite=0.2)",UMDA,2,79.0,55.3,1
bin_onemax_006,onemax,bin,800,hard,"UMDA(pop=100,elite=0.2)",UMDA,0,79.0,55.3,1
bin_onemax_006,onemax,bin,800,hard,"UMDA(pop=100,elite=0.2)",UMDA,1,79.0,55.3,1
bin_onemax_006,onemax,bin,800,hard,"UMDA(pop=100,elite=0.2)",UMDA,2,79.0,55.3,1
bin_leadingones_007,leadingones,bin,300,easy,RS_BIN,RS_BIN,0,7.0,9.0,0
bin_leadingones_007,leadingones,bin,300,easy,RS_BIN,RS_BIN,1,9.0,9.0,1
bin_leadingones_007,leadingones,bin,300,easy,RS_BIN,RS_BIN,2,8.0,9.0,0
bin_leadingones_007,leadingones,bin,300,easy,HC(flips=1),HC,0,5.0,9.0,0
bin_leadingones_007,leadingones,bin,300,easy,HC(flips=1),HC,1,16.0,9.0,1
bin_leadingones_007,leadingones,bin,300,easy,HC(flips=1),HC,2,6.0,9.0,0
bin_leadingones_007,leadingones,bin,300,easy,HC(flips=2),HC,0,3.0,9.0,0
bin_leadingones_007,leadingones,bin,300,easy,HC(flips=2),HC,1,19.0,9.0,1
bin_leadingones_007,leadingones,bin,300,easy,HC(flips=2),HC,2,20.0,9.0,1
bin_leadingones_007,leadingones,bin,300,easy,"SA(T0=1.0,alpha=0.995,flips=1)",SA,0,8.0,9.0,0
bin_leadingones_007,leadingones,bin,300,easy,"SA(T0=1.0,alpha=0.995,flips=1)",SA,1,7.0,9.0,0
bin_leadingones_007,leadingones,bin,300,easy,"SA(T0=1.0,alpha=0.995,flips=1)",SA,2,11.0,9.0,1
bin_leadingones_007,leadingones,bin,300,easy,"SA(T0=2.0,alpha=0.99,flips=1)",SA,0,6.0,9.0,0
bin_leadingones_007,leadingones,bin,300,easy,"SA(T0=2.0,alpha=0.99,flips=1)",SA,1,8.0,9.0,0
bin_leadingones_007,leadingones,bin,300,easy,"SA(T0=2.0,alpha=0.99,flips=1)",SA,2,20.0,9.0,1
bin_leadingones_007,leadingones,bin,300,easy,"SA(T0=2.0,alpha=0.995,flips=2)",SA,0,6.0,9.0,0
bin_leadingones_007,leadingones,bin,300,easy,"SA(T0=2.0,alpha=0.995,flips=2)",SA,1,10.0,9.0,1
bin_leadingones_007,leadingones,bin,300,easy,"SA(T0=2.0,alpha=0.995,flips=2)",SA,2,17.0,9.0,1
bin_leadingones_007,leadingones,bin,300,easy,TABU(tenure=7),TABU,0,5.0,9.0,0
bin_leadingones_007,leadingones,bin,300,easy,TABU(tenure=7),TABU,1,8.0,9.0,0
bin_leadingones_007,leadingones,bin,300,easy,TABU(tenure=7),TABU,2,10.0,9.0,1
bin_leadingones_007,leadingones,bin,300,easy,TABU(tenure=12),TABU,0,9.0,9.0,1
bin_leadingones_007,leadingones,bin,300,easy,TABU(tenure=12),TABU,1,9.0,9.0,1
bin_leadingones_007,leadingones,bin,300,easy,TABU(tenure=12),TABU,2,15.0,9.0,1
bin_leadingones_007,leadingones,bin,300,easy,"GA(pop=50,pc=0.9,pm=0.02)",GA,0,12.0,9.0,1
bin_leadingones_007,leadingones,bin,300,easy,"GA(pop=50,pc=0.9,pm=0.02)",GA,1,18.0,9.0,1
bin_leadingones_007,leadingones,bin,300,easy,"GA(pop=50,pc=0.9,pm=0.02)",GA,2,15.0,9.0,1
bin_leadingones_007,leadingones,bin,300,easy,"GA(pop=50,pc=0.9,pm=0.05)",GA,0,10.0,9.0,1
bin_leadingones_007,leadingones,bin,300,easy,"GA(pop=50,pc=0.9,pm=0.05)",GA,1,13.0,9.0,1
bin_leadingones_007,leadingones,bin,300,easy,"GA(pop=50,pc=0.9,pm=0.05)",GA,2,14.0,9.0,1
bin_leadingones_007,leadingones,bin,300,easy,"GA(pop=100,pc=0.9,pm=0.02)",GA,0,7.0,9.0,0
bin_leadingones_007,leadingones,bin,300,easy,"GA(pop=100,pc=0.9,pm=0.02)",GA,1,12.0,9.0,1
bin_leadingones_007,leadingones,bin,300,easy,"GA(pop=100,pc=0.9,pm=0.02)",GA,2,6.0,9.0,0
bin_leadingones_007,leadingones,bin,300,easy,"UMDA(pop=50,elite=0.2)",UMDA,0,19.0,9.0,1
bin_leadingones_007,leadingones,bin,300,easy,"UMDA(pop=50,elite=0.2)",UMDA,1,24.0,9.0,1
bin_leadingones_007,leadingones,bin,300,easy,"UMDA(pop=50,elite=0.2)",UMDA,2,11.0,9.0,1
bin_leadingones_007,leadingones,bin,300,easy,"UMDA(pop=100,elite=0.2)",UMDA,0,10.0,9.0,1
bin_leadingones_007,leadingones,bin,300,easy,"UMDA(pop=100,elite=0.2)",UMDA,1,9.0,9.0,1
bin_leadingones_007,leadingones,bin,300,easy,"UMDA(pop=100,elite=0.2)",UMDA,2,10.0,9.0,1
bin_leadingones_007,leadingones,bin,300,med,RS_BIN,RS_BIN,0,6.0,9.0,0
bin_leadingones_007,leadingones,bin,300,med,RS_BIN,RS_BIN,1,9.0,9.0,1
bin_leadingones_007,leadingones,bin,300,med,RS_BIN,RS_BIN,2,9.0,9.0,1
bin_leadingones_007,leadingones,bin,300,med,HC(flips=1),HC,0,6.0,9.0,0
bin_leadingones_007,leadingones,bin,300,med,HC(flips=1),HC,1,4.0,9.0,0
bin_leadingones_007,leadingones,bin,300,med,HC(flips=1),HC,2,13.0,9.0,1
bin_leadingones_007,leadingones,bin,300,med,HC(flips=2),HC,0,17.0,9.0,1
bin_leadingones_007,leadingones,bin,300,med,HC(flips=2),HC,1,16.0,9.0,1
bin_leadingones_007,leadingones,bin,300,med,HC(flips=2),HC,2,17.0,9.0,1
bin_leadingones_007,leadingones,bin,300,med,"SA(T0=1.0,alpha=0.995,flips=1)",SA,0,8.0,9.0,0
bin_leadingones_007,leadingones,bin,300,med,"SA(T0=1.0,alpha=0.995,flips=1)",SA,1,14.0,9.0,1
bin_leadingones_007,leadingones,bin,300,med,"SA(T0=1.0,alpha=0.995,flips=1)",SA,2,16.0,9.0,1
bin_leadingones_007,leadingones,bin,300,med,"SA(T0=2.0,alpha=0.99,flips=1)",SA,0,5.0,9.0,0
bin_leadingones_007,leadingones,bin,300,med,"SA(T0=2.0,alpha=0.99,flips=1)",SA,1,13.0,9.0,1
bin_leadingones_007,leadingones,bin,300,med,"SA(T0=2.0,alpha=0.99,flips=1)",SA,2,18.0,9.0,1
bin_leadingones_007,leadingones,bin,300,med,"SA(T0=2.0,alpha=0.995,flips=2)",SA,0,14.0,9.0,1
bin_leadingones_007,leadingones,bin,300,med,"SA(T0=2.0,alpha=0.995,flips=2)",SA,1,26.0,9.0,1
bin_leadingones_007,leadingones,bin,300,med,"SA(T0=2.0,alpha=0.995,flips=2)",SA,2,7.0,9.0,0
bin_leadingones_007,leadingones,bin,300,med,TABU(tenure=7),TABU,0,11.0,9.0,1
bin_leadingones_007,leadingones,bin,300,med,TABU(tenure=7),TABU,1,5.0,9.0,0
bin_leadingones_007,leadingones,bin,300,med,TABU(tenure=7),TABU,2,1.0,9.0,0
bin_leadingones_007,leadingones,bin,300,med,TABU(tenure=12),TABU,0,4.0,9.0,0
bin_leadingones_007,leadingones,bin,300,med,TABU(tenure=12),TABU,1,2.0,9.0,0
bin_leadingones_007,leadingones,bin,300,med,TABU(tenure=12),TABU,2,7.0,9.0,0
bin_leadingones_007,leadingones,bin,300,med,"GA(pop=50,pc=0.9,pm=0.02)",GA,0,8.0,9.0,0
bin_leadingones_007,leadingones,bin,300,med,"GA(pop=50,pc=0.9,pm=0.02)",GA,1,8.0,9.0,0
bin_leadingones_007,leadingones,bin,300,med,"GA(pop=50,pc=0.9,pm=0.02)",GA,2,5.0,9.0,0
bin_leadingones_007,leadingones,bin,300,med,"GA(pop=50,pc=0.9,pm=0.05)",GA,0,11.0,9.0,1
bin_leadingones_007,leadingones,bin,300,med,"GA(pop=50,pc=0.9,pm=0.05)",GA,1,6.0,9.0,0
bin_leadingones_007,leadingones,bin,300,med,"GA(pop=50,pc=0.9,pm=0.05)",GA,2,7.0,9.0,0
bin_leadingones_007,leadingones,bin,300,med,"GA(pop=100,pc=0.9,pm=0.02)",GA,0,12.0,9.0,1
bin_leadingones_007,leadingones,bin,300,med,"GA(pop=100,pc=0.9,pm=0.02)",GA,1,7.0,9.0,0
bin_leadingones_007,leadingones,bin,300,med,"GA(pop=100,pc=0.9,pm=0.02)",GA,2,12.0,9.0,1
bin_leadingones_007,leadingones,bin,300,med,"UMDA(pop=50,elite=0.2)",UMDA,0,13.0,9.0,1
bin_leadingones_007,leadingones,bin,300,med,"UMDA(pop=50,elite=0.2)",UMDA,1,16.0,9.0,1
bin_leadingones_007,leadingones,bin,300,med,"UMDA(pop=50,elite=0.2)",UMDA,2,16.0,9.0,1
bin_leadingones_007,leadingones,bin,300,med,"UMDA(pop=100,elite=0.2)",UMDA,0,9.0,9.0,1
bin_leadingones_007,leadingones,bin,300,med,"UMDA(pop=100,elite=0.2)",UMDA,1,10.0,9.0,1
bin_leadingones_007,leadingones,bin,300,med,"UMDA(pop=100,elite=0.2)",UMDA,2,9.0,9.0,1
bin_leadingones_007,leadingones,bin,300,hard,RS_BIN,RS_BIN,0,6.0,9.499999999999998,0
bin_leadingones_007,leadingones,bin,300,hard,RS_BIN,RS_BIN,1,8.0,9.499999999999998,0
bin_leadingones_007,leadingones,bin,300,hard,RS_BIN,RS_BIN,2,7.0,9.499999999999998,0
bin_leadingones_007,leadingones,bin,300,hard,HC(flips=1),HC,0,5.0,9.499999999999998,0
bin_leadingones_007,leadingones,bin,300,hard,HC(flips=1),HC,1,3.0,9.499999999999998,0
bin_leadingones_007,leadingones,bin,300,hard,HC(flips=1),HC,2,8.0,9.499999999999998,0
bin_leadingones_007,leadingones,bin,300,hard,HC(flips=2),HC,0,11.0,9.499999999999998,1
bin_leadingones_007,leadingones,bin,300,hard,HC(flips=2),HC,1,3.0,9.499999999999998,0
bin_leadingones_007,leadingones,bin,300,hard,HC(flips=2),HC,2,8.0,9.499999999999998,0
bin_leadingones_007,leadingones,bin,300,hard,"SA(T0=1.0,alpha=0.995,flips=1)",SA,0,12.0,9.499999999999998,1
bin_leadingones_007,leadingones,bin,300,hard,"SA(T0=1.0,alpha=0.995,flips=1)",SA,1,8.0,9.499999999999998,0
bin_leadingones_007,leadingones,bin,300,hard,"SA(T0=1.0,alpha=0.995,flips=1)",SA,2,7.0,9.499999999999998,0
bin_leadingones_007,leadingones,bin,300,hard,"SA(T0=2.0,alpha=0.99,flips=1)",SA,0,2.0,9.499999999999998,0
bin_leadingones_007,leadingones,bin,300,hard,"SA(T0=2.0,alpha=0.99,flips=1)",SA,1,7.0,9.499999999999998,0
bin_leadingones_007,leadingones,bin,300,hard,"SA(T0=2.0,alpha=0.99,flips=1)",SA,2,6.0,9.499999999999998,0
bin_leadingones_007,leadingones,bin,300,hard,"SA(T0=2.0,alpha=0.995,flips=2)",SA,0,10.0,9.499999999999998,1
bin_leadingones_007,leadingones,bin,300,hard,"SA(T0=2.0,alpha=0.995,flips=2)",SA,1,20.0,9.499999999999998,1
bin_leadingones_007,leadingones,bin,300,hard,"SA(T0=2.0,alpha=0.995,flips=2)",SA,2,13.0,9.499999999999998,1
bin_leadingones_007,leadingones,bin,300,hard,TABU(tenure=7),TABU,0,5.0,9.499999999999998,0
bin_leadingones_007,leadingones,bin,300,hard,TABU(tenure=7),TABU,1,7.0,9.499999999999998,0
bin_leadingones_007,leadingones,bin,300,hard,TABU(tenure=7),TABU,2,5.0,9.499999999999998,0
bin_leadingones_007,leadingones,bin,300,hard,TABU(tenure=12),TABU,0,4.0,9.499999999999998,0
bin_leadingones_007,leadingones,bin,300,hard,TABU(tenure=12),TABU,1,2.0,9.499999999999998,0
bin_leadingones_007,leadingones,bin,300,hard,TABU(tenure=12),TABU,2,9.0,9.499999999999998,0
bin_leadingones_007,leadingones,bin,300,hard,"GA(pop=50,pc=0.9,pm=0.02)",GA,0,7.0,9.499999999999998,0
bin_leadingones_007,leadingones,bin,300,hard,"GA(pop=50,pc=0.9,pm=0.02)",GA,1,10.0,9.499999999999998,1
bin_leadingones_007,leadingones,bin,300,hard,"GA(pop=50,pc=0.9,pm=0.02)",GA,2,15.0,9.499999999999998,1
bin_leadingones_007,leadingones,bin,300,hard,"GA(pop=50,pc=0.9,pm=0.05)",GA,0,9.0,9.499999999999998,0
bin_leadingones_007,leadingones,bin,300,hard,"GA(pop=50,pc=0.9,pm=0.05)",GA,1,9.0,9.499999999999998,0
bin_leadingones_007,leadingones,bin,300,hard,"GA(pop=50,pc=0.9,pm=0.05)",GA,2,7.0,9.499999999999998,0
bin_leadingones_007,leadingones,bin,300,hard,"GA(pop=100,pc=0.9,pm=0.02)",GA,0,8.0,9.499999999999998,0
bin_leadingones_007,leadingones,bin,300,hard,"GA(pop=100,pc=0.9,pm=0.02)",GA,1,8.0,9.499999999999998,0
bin_leadingones_007,leadingones,bin,300,hard,"GA(pop=100,pc=0.9,pm=0.02)",GA,2,8.0,9.499999999999998,0
bin_leadingones_007,leadingones,bin,300,hard,"UMDA(pop=50,elite=0.2)",UMDA,0,16.0,9.499999999999998,1
bin_leadingones_007,leadingones,bin,300,hard,"UMDA(pop=50,elite=0.2)",UMDA,1,16.0,9.499999999999998,1
bin_leadingones_007,leadingones,bin,300,hard,"UMDA(pop=50,elite=0.2)",UMDA,2,20.0,9.499999999999998,1
bin_leadingones_007,leadingones,bin,300,hard,"UMDA(pop=100,elite=0.2)",UMDA,0,14.0,9.499999999999998,1
bin_leadingones_007,leadingones,bin,300,hard,"UMDA(pop=100,elite=0.2)",UMDA,1,12.0,9.499999999999998,1
bin_leadingones_007,leadingones,bin,300,hard,"UMDA(pop=100,elite=0.2)",UMDA,2,13.0,9.499999999999998,1
bin_leadingones_007,leadingones,bin,800,easy,RS_BIN,RS_BIN,0,10.0,10.0,1
bin_leadingones_007,leadingones,bin,800,easy,RS_BIN,RS_BIN,1,8.0,10.0,0
bin_leadingones_007,leadingones,bin,800,easy,RS_BIN,RS_BIN,2,10.0,10.0,1
bin_leadingones_007,leadingones,bin,800,easy,HC(flips=1),HC,0,18.0,10.0,1
bin_leadingones_007,leadingones,bin,800,easy,HC(flips=1),HC,1,36.0,10.0,1
bin_leadingones_007,leadingones,bin,800,easy,HC(flips=1),HC,2,23.0,10.0,1
bin_leadingones_007,leadingones,bin,800,easy,HC(flips=2),HC,0,34.0,10.0,1
bin_leadingones_007,leadingones,bin,800,easy,HC(flips=2),HC,1,26.0,10.0,1
bin_leadingones_007,leadingones,bin,800,easy,HC(flips=2),HC,2,27.0,10.0,1
bin_leadingones_007,leadingones,bin,800,easy,"SA(T0=1.0,alpha=0.995,flips=1)",SA,0,31.0,10.0,1
bin_leadingones_007,leadingones,bin,800,easy,"SA(T0=1.0,alpha=0.995,flips=1)",SA,1,16.0,10.0,1
bin_leadingones_007,leadingones,bin,800,easy,"SA(T0=1.0,alpha=0.995,flips=1)",SA,2,13.0,10.0,1
bin_leadingones_007,leadingones,bin,800,easy,"SA(T0=2.0,alpha=0.99,flips=1)",SA,0,24.0,10.0,1
bin_leadingones_007,leadingones,bin,800,easy,"SA(T0=2.0,alpha=0.99,flips=1)",SA,1,24.0,10.0,1
bin_leadingones_007,leadingones,bin,800,easy,"SA(T0=2.0,alpha=0.99,flips=1)",SA,2,22.0,10.0,1
bin_leadingones_007,leadingones,bin,800,easy,"SA(T0=2.0,alpha=0.995,flips=2)",SA,0,27.0,10.0,1
bin_leadingones_007,leadingones,bin,800,easy,"SA(T0=2.0,alpha=0.995,flips=2)",SA,1,27.0,10.0,1
bin_leadingones_007,leadingones,bin,800,easy,"SA(T0=2.0,alpha=0.995,flips=2)",SA,2,38.0,10.0,1
bin_leadingones_007,leadingones,bin,800,easy,TABU(tenure=7),TABU,0,7.0,10.0,0
bin_leadingones_007,leadingones,bin,800,easy,TABU(tenure=7),TABU,1,30.0,10.0,1
bin_leadingones_007,leadingones,bin,800,easy,TABU(tenure=7),TABU,2,38.0,10.0,1
bin_leadingones_007,leadingones,bin,800,easy,TABU(tenure=12),TABU,0,14.0,10.0,1
bin_leadingones_007,leadingones,bin,800,easy,TABU(tenure=12),TABU,1,10.0,10.0,1
bin_leadingones_007,leadingones,bin,800,easy,TABU(tenure=12),TABU,2,20.0,10.0,1
bin_leadingones_007,leadingones,bin,800,easy,"GA(pop=50,pc=0.9,pm=0.02)",GA,0,11.0,10.0,1
bin_leadingones_007,leadingones,bin,800,easy,"GA(pop=50,pc=0.9,pm=0.02)",GA,1,14.0,10.0,1
bin_leadingones_007,leadingones,bin,800,easy,"GA(pop=50,pc=0.9,pm=0.02)",GA,2,13.0,10.0,1
bin_leadingones_007,leadingones,bin,800,easy,"GA(pop=50,pc=0.9,pm=0.05)",GA,0,19.0,10.0,1
bin_leadingones_007,leadingones,bin,800,easy,"GA(pop=50,pc=0.9,pm=0.05)",GA,1,17.0,10.0,1
bin_leadingones_007,leadingones,bin,800,easy,"GA(pop=50,pc=0.9,pm=0.05)",GA,2,17.0,10.0,1
bin_leadingones_007,leadingones,bin,800,easy,"GA(pop=100,pc=0.9,pm=0.02)",GA,0,13.0,10.0,1
bin_leadingones_007,leadingones,bin,800,easy,"GA(pop=100,pc=0.9,pm=0.02)",GA,1,13.0,10.0,1
bin_leadingones_007,leadingones,bin,800,easy,"GA(pop=100,pc=0.9,pm=0.02)",GA,2,11.0,10.0,1
bin_leadingones_007,leadingones,bin,800,easy,"UMDA(pop=50,elite=0.2)",UMDA,0,12.0,10.0,1
bin_leadingones_007,leadingones,bin,800,easy,"UMDA(pop=50,elite=0.2)",UMDA,1,17.0,10.0,1
bin_leadingones_007,leadingones,bin,800,easy,"UMDA(pop=50,elite=0.2)",UMDA,2,12.0,10.0,1
bin_leadingones_007,leadingones,bin,800,easy,"UMDA(pop=100,elite=0.2)",UMDA,0,19.0,10.0,1
bin_leadingones_007,leadingones,bin,800,easy,"UMDA(pop=100,elite=0.2)",UMDA,1,23.0,10.0,1
bin_leadingones_007,leadingones,bin,800,easy,"UMDA(pop=100,elite=0.2)",UMDA,2,15.0,10.0,1
bin_leadingones_007,leadingones,bin,800,med,RS_BIN,RS_BIN,0,11.0,11.0,1
bin_leadingones_007,leadingones,bin,800,med,RS_BIN,RS_BIN,1,8.0,11.0,0
bin_leadingones_007,leadingones,bin,800,med,RS_BIN,RS_BIN,2,12.0,11.0,1
bin_leadingones_007,leadingones,bin,800,med,HC(flips=1),HC,0,22.0,11.0,1
bin_leadingones_007,leadingones,bin,800,med,HC(flips=1),HC,1,21.0,11.0,1
bin_leadingones_007,leadingones,bin,800,med,HC(flips=1),HC,2,15.0,11.0,1
bin_leadingones_007,leadingones,bin,800,med,HC(flips=2),HC,0,38.0,11.0,1
bin_leadingones_007,leadingones,bin,800,med,HC(flips=2),HC,1,37.0,11.0,1
bin_leadingones_007,leadingones,bin,800,med,HC(flips=2),HC,2,28.0,11.0,1
bin_leadingones_007,leadingones,bin,800,med,"SA(T0=1.0,alpha=0.995,flips=1)",SA,0,12.0,11.0,1
bin_leadingones_007,leadingones,bin,800,med,"SA(T0=1.0,alpha=0.995,flips=1)",SA,1,21.0,11.0,1
bin_leadingones_007,leadingones,bin,800,med,"SA(T0=1.0,alpha=0.995,flips=1)",SA,2,9.0,11.0,0
bin_leadingones_007,leadingones,bin,800,med,"SA(T0=2.0,alpha=0.99,flips=1)",SA,0,37.0,11.0,1
bin_leadingones_007,leadingones,bin,800,med,"SA(T0=2.0,alpha=0.99,flips=1)",SA,1,21.0,11.0,1
bin_leadingones_007,leadingones,bin,800,med,"SA(T0=2.0,alpha=0.99,flips=1)",SA,2,5.0,11.0,0
bin_leadingones_007,leadingones,bin,800,med,"SA(T0=2.0,alpha=0.995,flips=2)",SA,0,25.0,11.0,1
bin_leadingones_007,leadingones,bin,800,med,"SA(T0=2.0,alpha=0.995,flips=2)",SA,1,45.0,11.0,1
bin_leadingones_007,leadingones,bin,800,med,"SA(T0=2.0,alpha=0.995,flips=2)",SA,2,32.0,11.0,1
bin_leadingones_007,leadingones,bin,800,med,TABU(tenure=7),TABU,0,8.0,11.0,0
bin_leadingones_007,leadingones,bin,800,med,TABU(tenure=7),TABU,1,20.0,11.0,1
bin_leadingones_007,leadingones,bin,800,med,TABU(tenure=7),TABU,2,28.0,11.0,1
bin_leadingones_007,leadingones,bin,800,med,TABU(tenure=12),TABU,0,41.0,11.0,1
bin_leadingones_007,leadingones,bin,800,med,TABU(tenure=12),TABU,1,32.0,11.0,1
bin_leadingones_007,leadingones,bin,800,med,TABU(tenure=12),TABU,2,15.0,11.0,1
bin_leadingones_007,leadingones,bin,800,med,"GA(pop=50,pc=0.9,pm=0.02)",GA,0,15.0,11.0,1
bin_leadingones_007,leadingones,bin,800,med,"GA(pop=50,pc=0.9,pm=0.02)",GA,1,9.0,11.0,0
bin_leadingones_007,leadingones,bin,800,med,"GA(pop=50,pc=0.9,pm=0.02)",GA,2,11.0,11.0,1
bin_leadingones_007,leadingones,bin,800,med,"GA(pop=50,pc=0.9,pm=0.05)",GA,0,13.0,11.0,1
bin_leadingones_007,leadingones,bin,800,med,"GA(pop=50,pc=0.9,pm=0.05)",GA,1,13.0,11.0,1
bin_leadingones_007,leadingones,bin,800,med,"GA(pop=50,pc=0.9,pm=0.05)",GA,2,15.0,11.0,1
bin_leadingones_007,leadingones,bin,800,med,"GA(pop=100,pc=0.9,pm=0.02)",GA,0,11.0,11.0,1
bin_leadingones_007,leadingones,bin,800,med,"GA(pop=100,pc=0.9,pm=0.02)",GA,1,14.0,11.0,1
bin_leadingones_007,leadingones,bin,800,med,"GA(pop=100,pc=0.9,pm=0.02)",GA,2,15.0,11.0,1
bin_leadingones_007,leadingones,bin,800,med,"UMDA(pop=50,elite=0.2)",UMDA,0,6.0,11.0,0
bin_leadingones_007,leadingones,bin,800,med,"UMDA(pop=50,elite=0.2)",UMDA,1,29.0,11.0,1
bin_leadingones_007,leadingones,bin,800,med,"UMDA(pop=50,elite=0.2)",UMDA,2,11.0,11.0,1
bin_leadingones_007,leadingones,bin,800,med,"UMDA(pop=100,elite=0.2)",UMDA,0,20.0,11.0,1
bin_leadingones_007,leadingones,bin,800,med,"UMDA(pop=100,elite=0.2)",UMDA,1,21.0,11.0,1
bin_leadingones_007,leadingones,bin,800,med,"UMDA(pop=100,elite=0.2)",UMDA,2,18.0,11.0,1
bin_leadingones_007,leadingones,bin,800,hard,RS_BIN,RS_BIN,0,9.0,11.1,0
bin_leadingones_007,leadingones,bin,800,hard,RS_BIN,RS_BIN,1,10.0,11.1,0
bin_leadingones_007,leadingones,bin,800,hard,RS_BIN,RS_BIN,2,8.0,11.1,0
bin_leadingones_007,leadingones,bin,800,hard,HC(flips=1),HC,0,18.0,11.1,1
bin_leadingones_007,leadingones,bin,800,hard,HC(flips=1),HC,1,17.0,11.1,1
bin_leadingones_007,leadingones,bin,800,hard,HC(flips=1),HC,2,21.0,11.1,1
bin_leadingones_007,leadingones,bin,800,hard,HC(flips=2),HC,0,20.0,11.1,1
bin_leadingones_007,leadingones,bin,800,hard,HC(flips=2),HC,1,28.0,11.1,1
bin_leadingones_007,leadingones,bin,800,hard,HC(flips=2),HC,2,38.0,11.1,1
bin_leadingones_007,leadingones,bin,800,hard,"SA(T0=1.0,alpha=0.995,flips=1)",SA,0,20.0,11.1,1
bin_leadingones_007,leadingones,bin,800,hard,"SA(T0=1.0,alpha=0.995,flips=1)",SA,1,12.0,11.1,1
bin_leadingones_007,leadingones,bin,800,hard,"SA(T0=1.0,alpha=0.995,flips=1)",SA,2,18.0,11.1,1
bin_leadingones_007,leadingones,bin,800,hard,"SA(T0=2.0,alpha=0.99,flips=1)",SA,0,11.0,11.1,0
bin_leadingones_007,leadingones,bin,800,hard,"SA(T0=2.0,alpha=0.99,flips=1)",SA,1,19.0,11.1,1
bin_leadingones_007,leadingones,bin,800,hard,"SA(T0=2.0,alpha=0.99,flips=1)",SA,2,28.0,11.1,1
bin_leadingones_007,leadingones,bin,800,hard,"SA(T0=2.0,alpha=0.995,flips=2)",SA,0,30.0,11.1,1
bin_leadingones_007,leadingones,bin,800,hard,"SA(T0=2.0,alpha=0.995,flips=2)",SA,1,28.0,11.1,1
bin_leadingones_007,leadingones,bin,800,hard,"SA(T0=2.0,alpha=0.995,flips=2)",SA,2,24.0,11.1,1
bin_leadingones_007,leadingones,bin,800,hard,TABU(tenure=7),TABU,0,22.0,11.1,1
bin_leadingones_007,leadingones,bin,800,hard,TABU(tenure=7),TABU,1,21.0,11.1,1
bin_leadingones_007,leadingones,bin,800,hard,TABU(tenure=7),TABU,2,18.0,11.1,1
bin_leadingones_007,leadingones,bin,800,hard,TABU(tenure=12),TABU,0,16.0,11.1,1
bin_leadingones_007,leadingones,bin,800,hard,TABU(tenure=12),TABU,1,26.0,11.1,1
bin_leadingones_007,leadingones,bin,800,hard,TABU(tenure=12),TABU,2,21.0,11.1,1
bin_leadingones_007,leadingones,bin,800,hard,"GA(pop=50,pc=0.9,pm=0.02)",GA,0,10.0,11.1,0
bin_leadingones_007,leadingones,bin,800,hard,"GA(pop=50,pc=0.9,pm=0.02)",GA,1,19.0,11.1,1
bin_leadingones_007,leadingones,bin,800,hard,"GA(pop=50,pc=0.9,pm=0.02)",GA,2,7.0,11.1,0
bin_leadingones_007,leadingones,bin,800,hard,"GA(pop=50,pc=0.9,pm=0.05)",GA,0,18.0,11.1,1
bin_leadingones_007,leadingones,bin,800,hard,"GA(pop=50,pc=0.9,pm=0.05)",GA,1,17.0,11.1,1
bin_leadingones_007,leadingones,bin,800,hard,"GA(pop=50,pc=0.9,pm=0.05)",GA,2,11.0,11.1,0
bin_leadingones_007,leadingones,bin,800,hard,"GA(pop=100,pc=0.9,pm=0.02)",GA,0,11.0,11.1,0
bin_leadingones_007,leadingones,bin,800,hard,"GA(pop=100,pc=0.9,pm=0.02)",GA,1,16.0,11.1,1
bin_leadingones_007,leadingones,bin,800,hard,"GA(pop=100,pc=0.9,pm=0.02)",GA,2,12.0,11.1,1
bin_leadingones_007,leadingones,bin,800,hard,"UMDA(pop=50,elite=0.2)",UMDA,0,10.0,11.1,0
bin_leadingones_007,leadingones,bin,800,hard,"UMDA(pop=50,elite=0.2)",UMDA,1,16.0,11.1,1
bin_leadingones_007,leadingones,bin,800,hard,"UMDA(pop=50,elite=0.2)",UMDA,2,23.0,11.1,1
bin_leadingones_007,leadingones,bin,800,hard,"UMDA(pop=100,elite=0.2)",UMDA,0,20.0,11.1,1
bin_leadingones_007,leadingones,bin,800,hard,"UMDA(pop=100,elite=0.2)",UMDA,1,19.0,11.1,1
bin_leadingones_007,leadingones,bin,800,hard,"UMDA(pop=100,elite=0.2)",UMDA,2,22.0,11.1,1
bin_knapsack01_008,knapsack01,bin,300,easy,RS_BIN,RS_BIN,0,-5340.0,-5900.5,1
bin_knapsack01_008,knapsack01,bin,300,easy,RS_BIN,RS_BIN,1,-592.0,-5900.5,1
bin_knapsack01_008,knapsack01,bin,300,easy,RS_BIN,RS_BIN,2,-5492.0,-5900.5,1
bin_knapsack01_008,knapsack01,bin,300,easy,HC(flips=1),HC,0,330.0,-5900.5,1
bin_knapsack01_008,knapsack01,bin,300,easy,HC(flips=1),HC,1,320.0,-5900.5,1
bin_knapsack01_008,knapsack01,bin,300,easy,HC(flips=1),HC,2,408.0,-5900.5,1
bin_knapsack01_008,knapsack01,bin,300,easy,HC(flips=2),HC,0,530.0,-5900.5,1
bin_knapsack01_008,knapsack01,bin,300,easy,HC(flips=2),HC,1,525.0,-5900.5,1
bin_knapsack01_008,knapsack01,bin,300,easy,HC(flips=2),HC,2,498.0,-5900.5,1
bin_knapsack01_008,knapsack01,bin,300,easy,"SA(T0=1.0,alpha=0.995,flips=1)",SA,0,283.0,-5900.5,1
bin_knapsack01_008,knapsack01,bin,300,easy,"SA(T0=1.0,alpha=0.995,flips=1)",SA,1,316.0,-5900.5,1
bin_knapsack01_008,knapsack01,bin,300,easy,"SA(T0=1.0,alpha=0.995,flips=1)",SA,2,243.0,-5900.5,1
bin_knapsack01_008,knapsack01,bin,300,easy,"SA(T0=2.0,alpha=0.99,flips=1)",SA,0,300.0,-5900.5,1
bin_knapsack01_008,knapsack01,bin,300,easy,"SA(T0=2.0,alpha=0.99,flips=1)",SA,1,408.0,-5900.5,1
bin_knapsack01_008,knapsack01,bin,300,easy,"SA(T0=2.0,alpha=0.99,flips=1)",SA,2,258.0,-5900.5,1
bin_knapsack01_008,knapsack01,bin,300,easy,"SA(T0=2.0,alpha=0.995,flips=2)",SA,0,572.0,-5900.5,1
bin_knapsack01_008,knapsack01,bin,300,easy,"SA(T0=2.0,alpha=0.995,flips=2)",SA,1,540.0,-5900.5,1
bin_knapsack01_008,knapsack01,bin,300,easy,"SA(T0=2.0,alpha=0.995,flips=2)",SA,2,524.0,-5900.5,1
bin_knapsack01_008,knapsack01,bin,300,easy,TABU(tenure=7),TABU,0,422.0,-5900.5,1
bin_knapsack01_008,knapsack01,bin,300,easy,TABU(tenure=7),TABU,1,-4109.0,-5900.5,1
bin_knapsack01_008,knapsack01,bin,300,easy,TABU(tenure=7),TABU,2,-5230.0,-5900.5,1
bin_knapsack01_008,knapsack01,bin,300,easy,TABU(tenure=12),TABU,0,396.0,-5900.5,1
bin_knapsack01_008,knapsack01,bin,300,easy,TABU(tenure=12),TABU,1,433.0,-5900.5,1
bin_knapsack01_008,knapsack01,bin,300,easy,TABU(tenure=12),TABU,2,-1350.0,-5900.5,1
bin_knapsack01_008,knapsack01,bin,300,easy,"GA(pop=50,pc=0.9,pm=0.02)",GA,0,302.0,-5900.5,1
bin_knapsack01_008,knapsack01,bin,300,easy,"GA(pop=50,pc=0.9,pm=0.02)",GA,1,-1341.0,-5900.5,1
bin_knapsack01_008,knapsack01,bin,300,easy,"GA(pop=50,pc=0.9,pm=0.02)",GA,2,387.0,-5900.5,1
bin_knapsack01_008,knapsack01,bin,300,easy,"GA(pop=50,pc=0.9,pm=0.05)",GA,0,-65.0,-5900.5,1
bin_knapsack01_008,knapsack01,bin,300,easy,"GA(pop=50,pc=0.9,pm=0.05)",GA,1,-382.0,-5900.5,1
bin_knapsack01_008,knapsack01,bin,300,easy,"GA(pop=50,pc=0.9,pm=0.05)",GA,2,-2387.0,-5900.5,1
bin_knapsack01_008,knapsack01,bin,300,easy,"GA(pop=100,pc=0.9,pm=0.02)",GA,0,-4081.0,-5900.5,1
bin_knapsack01_008,knapsack01,bin,300,easy,"GA(pop=100,pc=0.9,pm=0.02)",GA,1,-2635.0,-5900.5,1
bin_knapsack01_008,knapsack01,bin,300,easy,"GA(pop=100,pc=0.9,pm=0.02)",GA,2,362.0,-5900.5,1
bin_knapsack01_008,knapsack01,bin,300,easy,"UMDA(pop=50,elite=0.2)",UMDA,0,443.0,-5900.5,1
bin_knapsack01_008,knapsack01,bin,300,easy,"UMDA(pop=50,elite=0.2)",UMDA,1,389.0,-5900.5,1
bin_knapsack01_008,knapsack01,bin,300,easy,"UMDA(pop=50,elite=0.2)",UMDA,2,426.0,-5900.5,1
bin_knapsack01_008,knapsack01,bin,300,easy,"UMDA(pop=100,elite=0.2)",UMDA,0,381.0,-5900.5,1
bin_knapsack01_008,knapsack01,bin,300,easy,"UMDA(pop=100,elite=0.2)",UMDA,1,375.0,-5900.5,1
bin_knapsack01_008,knapsack01,bin,300,easy,"UMDA(pop=100,elite=0.2)",UMDA,2,388.0,-5900.5,1
bin_knapsack01_008,knapsack01,bin,300,med,RS_BIN,RS_BIN,0,-3749.0,-5253.0,1
bin_knapsack01_008,knapsack01,bin,300,med,RS_BIN,RS_BIN,1,-4636.0,-5253.0,1
bin_knapsack01_008,knapsack01,bin,300,med,RS_BIN,RS_BIN,2,-6624.0,-5253.0,0
bin_knapsack01_008,knapsack01,bin,300,med,HC(flips=1),HC,0,285.0,-5253.0,1
bin_knapsack01_008,knapsack01,bin,300,med,HC(flips=1),HC,1,411.0,-5253.0,1
bin_knapsack01_008,knapsack01,bin,300,med,HC(flips=1),HC,2,364.0,-5253.0,1
bin_knapsack01_008,knapsack01,bin,300,med,HC(flips=2),HC,0,518.0,-5253.0,1
bin_knapsack01_008,knapsack01,bin,300,med,HC(flips=2),HC,1,545.0,-5253.0,1
bin_knapsack01_008,knapsack01,bin,300,med,HC(flips=2),HC,2,498.0,-5253.0,1
bin_knapsack01_008,knapsack01,bin,300,med,"SA(T0=1.0,alpha=0.995,flips=1)",SA,0,310.0,-5253.0,1
bin_knapsack01_008,knapsack01,bin,300,med,"SA(T0=1.0,alpha=0.995,flips=1)",SA,1,371.0,-5253.0,1
bin_knapsack01_008,knapsack01,bin,300,med,"SA(T0=1.0,alpha=0.995,flips=1)",SA,2,313.0,-5253.0,1
bin_knapsack01_008,knapsack01,bin,300,med,"SA(T0=2.0,alpha=0.99,flips=1)",SA,0,285.0,-5253.0,1
bin_knapsack01_008,knapsack01,bin,300,med,"SA(T0=2.0,alpha=0.99,flips=1)",SA,1,307.0,-5253.0,1
bin_knapsack01_008,knapsack01,bin,300,med,"SA(T0=2.0,alpha=0.99,flips=1)",SA,2,373.0,-5253.0,1
bin_knapsack01_008,knapsack01,bin,300,med,"SA(T0=2.0,alpha=0.995,flips=2)",SA,0,546.0,-5253.0,1
bin_knapsack01_008,knapsack01,bin,300,med,"SA(T0=2.0,alpha=0.995,flips=2)",SA,1,520.0,-5253.0,1
bin_knapsack01_008,knapsack01,bin,300,med,"SA(T0=2.0,alpha=0.995,flips=2)",SA,2,505.0,-5253.0,1
bin_knapsack01_008,knapsack01,bin,300,med,TABU(tenure=7),TABU,0,362.0,-5253.0,1
bin_knapsack01_008,knapsack01,bin,300,med,TABU(tenure=7),TABU,1,147.0,-5253.0,1
bin_knapsack01_008,knapsack01,bin,300,med,TABU(tenure=7),TABU,2,457.0,-5253.0,1
bin_knapsack01_008,knapsack01,bin,300,med,TABU(tenure=12),TABU,0,416.0,-5253.0,1
bin_knapsack01_008,knapsack01,bin,300,med,TABU(tenure=12),TABU,1,477.0,-5253.0,1
bin_knapsack01_008,knapsack01,bin,300,med,TABU(tenure=12),TABU,2,465.0,-5253.0,1
bin_knapsack01_008,knapsack01,bin,300,med,"GA(pop=50,pc=0.9,pm=0.02)",GA,0,357.0,-5253.0,1
bin_knapsack01_008,knapsack01,bin,300,med,"GA(pop=50,pc=0.9,pm=0.02)",GA,1,276.0,-5253.0,1
bin_knapsack01_008,knapsack01,bin,300,med,"GA(pop=50,pc=0.9,pm=0.02)",GA,2,336.0,-5253.0,1
bin_knapsack01_008,knapsack01,bin,300,med,"GA(pop=50,pc=0.9,pm=0.05)",GA,0,336.0,-5253.0,1
bin_knapsack01_008,knapsack01,bin,300,med,"GA(pop=50,pc=0.9,pm=0.05)",GA,1,-922.0,-5253.0,1
bin_knapsack01_008,knapsack01,bin,300,med,"GA(pop=50,pc=0.9,pm=0.05)",GA,2,138.0,-5253.0,1
bin_knapsack01_008,knapsack01,bin,300,med,"GA(pop=100,pc=0.9,pm=0.02)",GA,0,-2187.0,-5253.0,1
bin_knapsack01_008,knapsack01,bin,300,med,"GA(pop=100,pc=0.9,pm=0.02)",GA,1,-3797.0,-5253.0,1
bin_knapsack01_008,knapsack01,bin,300,med,"GA(pop=100,pc=0.9,pm=0.02)",GA,2,-1505.0,-5253.0,1
bin_knapsack01_008,knapsack01,bin,300,med,"UMDA(pop=50,elite=0.2)",UMDA,0,452.0,-5253.0,1
bin_knapsack01_008,knapsack01,bin,300,med,"UMDA(pop=50,elite=0.2)",UMDA,1,424.0,-5253.0,1
bin_knapsack01_008,knapsack01,bin,300,med,"UMDA(pop=50,elite=0.2)",UMDA,2,504.0,-5253.0,1
bin_knapsack01_008,knapsack01,bin,300,med,"UMDA(pop=100,elite=0.2)",UMDA,0,410.0,-5253.0,1
bin_knapsack01_008,knapsack01,bin,300,med,"UMDA(pop=100,elite=0.2)",UMDA,1,452.0,-5253.0,1
bin_knapsack01_008,knapsack01,bin,300,med,"UMDA(pop=100,elite=0.2)",UMDA,2,413.0,-5253.0,1
bin_knapsack01_008,knapsack01,bin,300,hard,RS_BIN,RS_BIN,0,-5286.0,-4352.1,0
bin_knapsack01_008,knapsack01,bin,300,hard,RS_BIN,RS_BIN,1,-4476.0,-4352.1,0
bin_knapsack01_008,knapsack01,bin,300,hard,RS_BIN,RS_BIN,2,342.0,-4352.1,1
bin_knapsack01_008,knapsack01,bin,300,hard,HC(flips=1),HC,0,261.0,-4352.1,1
bin_knapsack01_008,knapsack01,bin,300,hard,HC(flips=1),HC,1,313.0,-4352.1,1
bin_knapsack01_008,knapsack01,bin,300,hard,HC(flips=1),HC,2,287.0,-4352.1,1
bin_knapsack01_008,knapsack01,bin,300,hard,HC(flips=2),HC,0,552.0,-4352.1,1
bin_knapsack01_008,knapsack01,bin,300,hard,HC(flips=2),HC,1,538.0,-4352.1,1
bin_knapsack01_008,knapsack01,bin,300,hard,HC(flips=2),HC,2,519.0,-4352.1,1
bin_knapsack01_008,knapsack01,bin,300,hard,"SA(T0=1.0,alpha=0.995,flips=1)",SA,0,315.0,-4352.1,1
bin_knapsack01_008,knapsack01,bin,300,hard,"SA(T0=1.0,alpha=0.995,flips=1)",SA,1,329.0,-4352.1,1
bin_knapsack01_008,knapsack01,bin,300,hard,"SA(T0=1.0,alpha=0.995,flips=1)",SA,2,358.0,-4352.1,1
bin_knapsack01_008,knapsack01,bin,300,hard,"SA(T0=2.0,alpha=0.99,flips=1)",SA,0,415.0,-4352.1,1
bin_knapsack01_008,knapsack01,bin,300,hard,"SA(T0=2.0,alpha=0.99,flips=1)",SA,1,353.0,-4352.1,1
bin_knapsack01_008,knapsack01,bin,300,hard,"SA(T0=2.0,alpha=0.99,flips=1)",SA,2,329.0,-4352.1,1
bin_knapsack01_008,knapsack01,bin,300,hard,"SA(T0=2.0,alpha=0.995,flips=2)",SA,0,520.0,-4352.1,1
bin_knapsack01_008,knapsack01,bin,300,hard,"SA(T0=2.0,alpha=0.995,flips=2)",SA,1,515.0,-4352.1,1
bin_knapsack01_008,knapsack01,bin,300,hard,"SA(T0=2.0,alpha=0.995,flips=2)",SA,2,498.0,-4352.1,1
bin_knapsack01_008,knapsack01,bin,300,hard,TABU(tenure=7),TABU,0,497.0,-4352.1,1
bin_knapsack01_008,knapsack01,bin,300,hard,TABU(tenure=7),TABU,1,393.0,-4352.1,1
bin_knapsack01_008,knapsack01,bin,300,hard,TABU(tenure=7),TABU,2,419.0,-4352.1,1
bin_knapsack01_008,knapsack01,bin,300,hard,TABU(tenure=12),TABU,0,443.0,-4352.1,1
bin_knapsack01_008,knapsack01,bin,300,hard,TABU(tenure=12),TABU,1,416.0,-4352.1,1
bin_knapsack01_008,knapsack01,bin,300,hard,TABU(tenure=12),TABU,2,404.0,-4352.1,1
bin_knapsack01_008,knapsack01,bin,300,hard,"GA(pop=50,pc=0.9,pm=0.02)",GA,0,359.0,-4352.1,1
bin_knapsack01_008,knapsack01,bin,300,hard,"GA(pop=50,pc=0.9,pm=0.02)",GA,1,388.0,-4352.1,1
bin_knapsack01_008,knapsack01,bin,300,hard,"GA(pop=50,pc=0.9,pm=0.02)",GA,2,-437.0,-4352.1,1
bin_knapsack01_008,knapsack01,bin,300,hard,"GA(pop=50,pc=0.9,pm=0.05)",GA,0,314.0,-4352.1,1
bin_knapsack01_008,knapsack01,bin,300,hard,"GA(pop=50,pc=0.9,pm=0.05)",GA,1,321.0,-4352.1,1
bin_knapsack01_008,knapsack01,bin,300,hard,"GA(pop=50,pc=0.9,pm=0.05)",GA,2,-189.0,-4352.1,1
bin_knapsack01_008,knapsack01,bin,300,hard,"GA(pop=100,pc=0.9,pm=0.02)",GA,0,-4019.0,-4352.1,1
bin_knapsack01_008,knapsack01,bin,300,hard,"GA(pop=100,pc=0.9,pm=0.02)",GA,1,-2054.0,-4352.1,1
bin_knapsack01_008,knapsack01,bin,300,hard,"GA(pop=100,pc=0.9,pm=0.02)",GA,2,87.0,-4352.1,1
bin_knapsack01_008,knapsack01,bin,300,hard,"UMDA(pop=50,elite=0.2)",UMDA,0,482.0,-4352.1,1
bin_knapsack01_008,knapsack01,bin,300,hard,"UMDA(pop=50,elite=0.2)",UMDA,1,407.0,-4352.1,1
bin_knapsack01_008,knapsack01,bin,300,hard,"UMDA(pop=50,elite=0.2)",UMDA,2,468.0,-4352.1,1
bin_knapsack01_008,knapsack01,bin,300,hard,"UMDA(pop=100,elite=0.2)",UMDA,0,350.0,-4352.1,1
bin_knapsack01_008,knapsack01,bin,300,hard,"UMDA(pop=100,elite=0.2)",UMDA,1,415.0,-4352.1,1
bin_knapsack01_008,knapsack01,bin,300,hard,"UMDA(pop=100,elite=0.2)",UMDA,2,443.0,-4352.1,1
bin_knapsack01_008,knapsack01,bin,800,easy,RS_BIN,RS_BIN,0,-3700.0,-3340.5,0
bin_knapsack01_008,knapsack01,bin,800,easy,RS_BIN,RS_BIN,1,-2222.0,-3340.5,1
bin_knapsack01_008,knapsack01,bin,800,easy,RS_BIN,RS_BIN,2,-3632.0,-3340.5,0
bin_knapsack01_008,knapsack01,bin,800,easy,HC(flips=1),HC,0,333.0,-3340.5,1
bin_knapsack01_008,knapsack01,bin,800,easy,HC(flips=1),HC,1,315.0,-3340.5,1
bin_knapsack01_008,knapsack01,bin,800,easy,HC(flips=1),HC,2,322.0,-3340.5,1
bin_knapsack01_008,knapsack01,bin,800,easy,HC(flips=2),HC,0,555.0,-3340.5,1
bin_knapsack01_008,knapsack01,bin,800,easy,HC(flips=2),HC,1,544.0,-3340.5,1
bin_knapsack01_008,knapsack01,bin,800,easy,HC(flips=2),HC,2,571.0,-3340.5,1
bin_knapsack01_008,knapsack01,bin,800,easy,"SA(T0=1.0,alpha=0.995,flips=1)",SA,0,346.0,-3340.5,1
bin_knapsack01_008,knapsack01,bin,800,easy,"SA(T0=1.0,alpha=0.995,flips=1)",SA,1,281.0,-3340.5,1
bin_knapsack01_008,knapsack01,bin,800,easy,"SA(T0=1.0,alpha=0.995,flips=1)",SA,2,317.0,-3340.5,1
bin_knapsack01_008,knapsack01,bin,800,easy,"SA(T0=2.0,alpha=0.99,flips=1)",SA,0,337.0,-3340.5,1
bin_knapsack01_008,knapsack01,bin,800,easy,"SA(T0=2.0,alpha=0.99,flips=1)",SA,1,272.0,-3340.5,1
bin_knapsack01_008,knapsack01,bin,800,easy,"SA(T0=2.0,alpha=0.99,flips=1)",SA,2,372.0,-3340.5,1
bin_knapsack01_008,knapsack01,bin,800,easy,"SA(T0=2.0,alpha=0.995,flips=2)",SA,0,564.0,-3340.5,1
bin_knapsack01_008,knapsack01,bin,800,easy,"SA(T0=2.0,alpha=0.995,flips=2)",SA,1,578.0,-3340.5,1
bin_knapsack01_008,knapsack01,bin,800,easy,"SA(T0=2.0,alpha=0.995,flips=2)",SA,2,541.0,-3340.5,1
bin_knapsack01_008,knapsack01,bin,800,easy,TABU(tenure=7),TABU,0,574.0,-3340.5,1
bin_knapsack01_008,knapsack01,bin,800,easy,TABU(tenure=7),TABU,1,585.0,-3340.5,1
bin_knapsack01_008,knapsack01,bin,800,easy,TABU(tenure=7),TABU,2,583.0,-3340.5,1
bin_knapsack01_008,knapsack01,bin,800,easy,TABU(tenure=12),TABU,0,582.0,-3340.5,1
bin_knapsack01_008,knapsack01,bin,800,easy,TABU(tenure=12),TABU,1,533.0,-3340.5,1
bin_knapsack01_008,knapsack01,bin,800,easy,TABU(tenure=12),TABU,2,572.0,-3340.5,1
bin_knapsack01_008,knapsack01,bin,800,easy,"GA(pop=50,pc=0.9,pm=0.02)",GA,0,449.0,-3340.5,1
bin_knapsack01_008,knapsack01,bin,800,easy,"GA(pop=50,pc=0.9,pm=0.02)",GA,1,469.0,-3340.5,1
bin_knapsack01_008,knapsack01,bin,800,easy,"GA(pop=50,pc=0.9,pm=0.02)",GA,2,393.0,-3340.5,1
bin_knapsack01_008,knapsack01,bin,800,easy,"GA(pop=50,pc=0.9,pm=0.05)",GA,0,476.0,-3340.5,1
bin_knapsack01_008,knapsack01,bin,800,easy,"GA(pop=50,pc=0.9,pm=0.05)",GA,1,447.0,-3340.5,1
bin_knapsack01_008,knapsack01,bin,800,easy,"GA(pop=50,pc=0.9,pm=0.05)",GA,2,451.0,-3340.5,1
bin_knapsack01_008,knapsack01,bin,800,easy,"GA(pop=100,pc=0.9,pm=0.02)",GA,0,403.0,-3340.5,1
bin_knapsack01_008,knapsack01,bin,800,easy,"GA(pop=100,pc=0.9,pm=0.02)",GA,1,416.0,-3340.5,1
bin_knapsack01_008,knapsack01,bin,800,easy,"GA(pop=100,pc=0.9,pm=0.02)",GA,2,425.0,-3340.5,1
bin_knapsack01_008,knapsack01,bin,800,easy,"UMDA(pop=50,elite=0.2)",UMDA,0,541.0,-3340.5,1
bin_knapsack01_008,knapsack01,bin,800,easy,"UMDA(pop=50,elite=0.2)",UMDA,1,540.0,-3340.5,1
bin_knapsack01_008,knapsack01,bin,800,easy,"UMDA(pop=50,elite=0.2)",UMDA,2,542.0,-3340.5,1
bin_knapsack01_008,knapsack01,bin,800,easy,"UMDA(pop=100,elite=0.2)",UMDA,0,522.0,-3340.5,1
bin_knapsack01_008,knapsack01,bin,800,easy,"UMDA(pop=100,elite=0.2)",UMDA,1,521.0,-3340.5,1
bin_knapsack01_008,knapsack01,bin,800,easy,"UMDA(pop=100,elite=0.2)",UMDA,2,536.0,-3340.5,1
bin_knapsack01_008,knapsack01,bin,800,med,RS_BIN,RS_BIN,0,-4001.0,-2350.0,0
bin_knapsack01_008,knapsack01,bin,800,med,RS_BIN,RS_BIN,1,-3468.0,-2350.0,0
bin_knapsack01_008,knapsack01,bin,800,med,RS_BIN,RS_BIN,2,-1313.0,-2350.0,1
bin_knapsack01_008,knapsack01,bin,800,med,HC(flips=1),HC,0,337.0,-2350.0,1
bin_knapsack01_008,knapsack01,bin,800,med,HC(flips=1),HC,1,351.0,-2350.0,1
bin_knapsack01_008,knapsack01,bin,800,med,HC(flips=1),HC,2,356.0,-2350.0,1
bin_knapsack01_008,knapsack01,bin,800,med,HC(flips=2),HC,0,565.0,-2350.0,1
bin_knapsack01_008,knapsack01,bin,800,med,HC(flips=2),HC,1,566.0,-2350.0,1
bin_knapsack01_008,knapsack01,bin,800,med,HC(flips=2),HC,2,575.0,-2350.0,1
bin_knapsack01_008,knapsack01,bin,800,med,"SA(T0=1.0,alpha=0.995,flips=1)",SA,0,311.0,-2350.0,1
bin_knapsack01_008,knapsack01,bin,800,med,"SA(T0=1.0,alpha=0.995,flips=1)",SA,1,399.0,-2350.0,1
bin_knapsack01_008,knapsack01,bin,800,med,"SA(T0=1.0,alpha=0.995,flips=1)",SA,2,263.0,-2350.0,1
bin_knapsack01_008,knapsack01,bin,800,med,"SA(T0=2.0,alpha=0.99,flips=1)",SA,0,321.0,-2350.0,1
bin_knapsack01_008,knapsack01,bin,800,med,"SA(T0=2.0,alpha=0.99,flips=1)",SA,1,312.0,-2350.0,1
bin_knapsack01_008,knapsack01,bin,800,med,"SA(T0=2.0,alpha=0.99,flips=1)",SA,2,234.0,-2350.0,1
bin_knapsack01_008,knapsack01,bin,800,med,"SA(T0=2.0,alpha=0.995,flips=2)",SA,0,575.0,-2350.0,1
bin_knapsack01_008,knapsack01,bin,800,med,"SA(T0=2.0,alpha=0.995,flips=2)",SA,1,571.0,-2350.0,1
bin_knapsack01_008,knapsack01,bin,800,med,"SA(T0=2.0,alpha=0.995,flips=2)",SA,2,555.0,-2350.0,1
bin_knapsack01_008,knapsack01,bin,800,med,TABU(tenure=7),TABU,0,543.0,-2350.0,1
bin_knapsack01_008,knapsack01,bin,800,med,TABU(tenure=7),TABU,1,564.0,-2350.0,1
bin_knapsack01_008,knapsack01,bin,800,med,TABU(tenure=7),TABU,2,511.0,-2350.0,1
bin_knapsack01_008,knapsack01,bin,800,med,TABU(tenure=12),TABU,0,574.0,-2350.0,1
bin_knapsack01_008,knapsack01,bin,800,med,TABU(tenure=12),TABU,1,516.0,-2350.0,1
bin_knapsack01_008,knapsack01,bin,800,med,TABU(tenure=12),TABU,2,557.0,-2350.0,1
bin_knapsack01_008,knapsack01,bin,800,med,"GA(pop=50,pc=0.9,pm=0.02)",GA,0,460.0,-2350.0,1
bin_knapsack01_008,knapsack01,bin,800,med,"GA(pop=50,pc=0.9,pm=0.02)",GA,1,443.0,-2350.0,1
bin_knapsack01_008,knapsack01,bin,800,med,"GA(pop=50,pc=0.9,pm=0.02)",GA,2,462.0,-2350.0,1
bin_knapsack01_008,knapsack01,bin,800,med,"GA(pop=50,pc=0.9,pm=0.05)",GA,0,415.0,-2350.0,1
bin_knapsack01_008,knapsack01,bin,800,med,"GA(pop=50,pc=0.9,pm=0.05)",GA,1,425.0,-2350.0,1
bin_knapsack01_008,knapsack01,bin,800,med,"GA(pop=50,pc=0.9,pm=0.05)",GA,2,424.0,-2350.0,1
bin_knapsack01_008,knapsack01,bin,800,med,"GA(pop=100,pc=0.9,pm=0.02)",GA,0,444.0,-2350.0,1
bin_knapsack01_008,knapsack01,bin,800,med,"GA(pop=100,pc=0.9,pm=0.02)",GA,1,450.0,-2350.0,1
bin_knapsack01_008,knapsack01,bin,800,med,"GA(pop=100,pc=0.9,pm=0.02)",GA,2,470.0,-2350.0,1
bin_knapsack01_008,knapsack01,bin,800,med,"UMDA(pop=50,elite=0.2)",UMDA,0,537.0,-2350.0,1
bin_knapsack01_008,knapsack01,bin,800,med,"UMDA(pop=50,elite=0.2)",UMDA,1,511.0,-2350.0,1
bin_knapsack01_008,knapsack01,bin,800,med,"UMDA(pop=50,elite=0.2)",UMDA,2,488.0,-2350.0,1
bin_knapsack01_008,knapsack01,bin,800,med,"UMDA(pop=100,elite=0.2)",UMDA,0,535.0,-2350.0,1
bin_knapsack01_008,knapsack01,bin,800,med,"UMDA(pop=100,elite=0.2)",UMDA,1,515.0,-2350.0,1
bin_knapsack01_008,knapsack01,bin,800,med,"UMDA(pop=100,elite=0.2)",UMDA,2,504.0,-2350.0,1
bin_knapsack01_008,knapsack01,bin,800,hard,RS_BIN,RS_BIN,0,-4512.0,-1030.1000000000001,0
bin_knapsack01_008,knapsack01,bin,800,hard,RS_BIN,RS_BIN,1,-6330.0,-1030.1000000000001,0
bin_knapsack01_008,knapsack01,bin,800,hard,RS_BIN,RS_BIN,2,-4356.0,-1030.1000000000001,0
bin_knapsack01_008,knapsack01,bin,800,hard,HC(flips=1),HC,0,374.0,-1030.1000000000001,1
bin_knapsack01_008,knapsack01,bin,800,hard,HC(flips=1),HC,1,318.0,-1030.1000000000001,1
bin_knapsack01_008,knapsack01,bin,800,hard,HC(flips=1),HC,2,435.0,-1030.1000000000001,1
bin_knapsack01_008,knapsack01,bin,800,hard,HC(flips=2),HC,0,573.0,-1030.1000000000001,1
bin_knapsack01_008,knapsack01,bin,800,hard,HC(flips=2),HC,1,573.0,-1030.1000000000001,1
bin_knapsack01_008,knapsack01,bin,800,hard,HC(flips=2),HC,2,547.0,-1030.1000000000001,1
bin_knapsack01_008,knapsack01,bin,800,hard,"SA(T0=1.0,alpha=0.995,flips=1)",SA,0,343.0,-1030.1000000000001,1
bin_knapsack01_008,knapsack01,bin,800,hard,"SA(T0=1.0,alpha=0.995,flips=1)",SA,1,334.0,-1030.1000000000001,1
bin_knapsack01_008,knapsack01,bin,800,hard,"SA(T0=1.0,alpha=0.995,flips=1)",SA,2,258.0,-1030.1000000000001,1
bin_knapsack01_008,knapsack01,bin,800,hard,"SA(T0=2.0,alpha=0.99,flips=1)",SA,0,290.0,-1030.1000000000001,1
bin_knapsack01_008,knapsack01,bin,800,hard,"SA(T0=2.0,alpha=0.99,flips=1)",SA,1,320.0,-1030.1000000000001,1
bin_knapsack01_008,knapsack01,bin,800,hard,"SA(T0=2.0,alpha=0.99,flips=1)",SA,2,337.0,-1030.1000000000001,1
bin_knapsack01_008,knapsack01,bin,800,hard,"SA(T0=2.0,alpha=0.995,flips=2)",SA,0,585.0,-1030.1000000000001,1
bin_knapsack01_008,knapsack01,bin,800,hard,"SA(T0=2.0,alpha=0.995,flips=2)",SA,1,564.0,-1030.1000000000001,1
bin_knapsack01_008,knapsack01,bin,800,hard,"SA(T0=2.0,alpha=0.995,flips=2)",SA,2,580.0,-1030.1000000000001,1
bin_knapsack01_008,knapsack01,bin,800,hard,TABU(tenure=7),TABU,0,528.0,-1030.1000000000001,1
bin_knapsack01_008,knapsack01,bin,800,hard,TABU(tenure=7),TABU,1,486.0,-1030.1000000000001,1
bin_knapsack01_008,knapsack01,bin,800,hard,TABU(tenure=7),TABU,2,562.0,-1030.1000000000001,1
bin_knapsack01_008,knapsack01,bin,800,hard,TABU(tenure=12),TABU,0,552.0,-1030.1000000000001,1
bin_knapsack01_008,knapsack01,bin,800,hard,TABU(tenure=12),TABU,1,563.0,-1030.1000000000001,1
bin_knapsack01_008,knapsack01,bin,800,hard,TABU(tenure=12),TABU,2,572.0,-1030.1000000000001,1
bin_knapsack01_008,knapsack01,bin,800,hard,"GA(pop=50,pc=0.9,pm=0.02)",GA,0,518.0,-1030.1000000000001,1
bin_knapsack01_008,knapsack01,bin,800,hard,"GA(pop=50,pc=0.9,pm=0.02)",GA,1,464.0,-1030.1000000000001,1
bin_knapsack01_008,knapsack01,bin,800,hard,"GA(pop=50,pc=0.9,pm=0.02)",GA,2,485.0,-1030.1000000000001,1
bin_knapsack01_008,knapsack01,bin,800,hard,"GA(pop=50,pc=0.9,pm=0.05)",GA,0,416.0,-1030.1000000000001,1
bin_knapsack01_008,knapsack01,bin,800,hard,"GA(pop=50,pc=0.9,pm=0.05)",GA,1,445.0,-1030.1000000000001,1
bin_knapsack01_008,knapsack01,bin,800,hard,"GA(pop=50,pc=0.9,pm=0.05)",GA,2,434.0,-1030.1000000000001,1
bin_knapsack01_008,knapsack01,bin,800,hard,"GA(pop=100,pc=0.9,pm=0.02)",GA,0,402.0,-1030.1000000000001,1
bin_knapsack01_008,knapsack01,bin,800,hard,"GA(pop=100,pc=0.9,pm=0.02)",GA,1,425.0,-1030.1000000000001,1
bin_knapsack01_008,knapsack01,bin,800,hard,"GA(pop=100,pc=0.9,pm=0.02)",GA,2,398.0,-1030.1000000000001,1
bin_knapsack01_008,knapsack01,bin,800,hard,"UMDA(pop=50,elite=0.2)",UMDA,0,531.0,-1030.1000000000001,1
bin_knapsack01_008,knapsack01,bin,800,hard,"UMDA(pop=50,elite=0.2)",UMDA,1,532.0,-1030.1000000000001,1
bin_knapsack01_008,knapsack01,bin,800,hard,"UMDA(pop=50,elite=0.2)",UMDA,2,542.0,-1030.1000000000001,1
bin_knapsack01_008,knapsack01,bin,800,hard,"UMDA(pop=100,elite=0.2)",UMDA,0,517.0,-1030.1000000000001,1
bin_knapsack01_008,knapsack01,bin,800,hard,"UMDA(pop=100,elite=0.2)",UMDA,1,515.0,-1030.1000000000001,1
bin_knapsack01_008,knapsack01,bin,800,hard,"UMDA(pop=100,elite=0.2)",UMDA,2,516.0,-1030.1000000000001,1
bin_onemax_009,onemax,bin,300,easy,RS_BIN,RS_BIN,0,53.0,53.0,1
bin_onemax_009,onemax,bin,300,easy,RS_BIN,RS_BIN,1,53.0,53.0,1
bin_onemax_009,onemax,bin,300,easy,RS_BIN,RS_BIN,2,52.0,53.0,0
bin_onemax_009,onemax,bin,300,easy,HC(flips=1),HC,0,80.0,53.0,1
bin_onemax_009,onemax,bin,300,easy,HC(flips=1),HC,1,78.0,53.0,1
bin_onemax_009,onemax,bin,300,easy,HC(flips=1),HC,2,79.0,53.0,1
bin_onemax_009,onemax,bin,300,easy,HC(flips=2),HC,0,74.0,53.0,1
bin_onemax_009,onemax,bin,300,easy,HC(flips=2),HC,1,71.0,53.0,1
bin_onemax_009,onemax,bin,300,easy,HC(flips=2),HC,2,63.0,53.0,1
bin_onemax_009,onemax,bin,300,easy,"SA(T0=1.0,alpha=0.995,flips=1)",SA,0,69.0,53.0,1
bin_onemax_009,onemax,bin,300,easy,"SA(T0=1.0,alpha=0.995,flips=1)",SA,1,75.0,53.0,1
bin_onemax_009,onemax,bin,300,easy,"SA(T0=1.0,alpha=0.995,flips=1)",SA,2,74.0,53.0,1
bin_onemax_009,onemax,bin,300,easy,"SA(T0=2.0,alpha=0.99,flips=1)",SA,0,75.0,53.0,1
bin_onemax_009,onemax,bin,300,easy,"SA(T0=2.0,alpha=0.99,flips=1)",SA,1,73.0,53.0,1
bin_onemax_009,onemax,bin,300,easy,"SA(T0=2.0,alpha=0.99,flips=1)",SA,2,76.0,53.0,1
bin_onemax_009,onemax,bin,300,easy,"SA(T0=2.0,alpha=0.995,flips=2)",SA,0,65.0,53.0,1
bin_onemax_009,onemax,bin,300,easy,"SA(T0=2.0,alpha=0.995,flips=2)",SA,1,64.0,53.0,1
bin_onemax_009,onemax,bin,300,easy,"SA(T0=2.0,alpha=0.995,flips=2)",SA,2,66.0,53.0,1
bin_onemax_009,onemax,bin,300,easy,TABU(tenure=7),TABU,0,55.0,53.0,1
bin_onemax_009,onemax,bin,300,easy,TABU(tenure=7),TABU,1,52.0,53.0,0
bin_onemax_009,onemax,bin,300,easy,TABU(tenure=7),TABU,2,61.0,53.0,1
bin_onemax_009,onemax,bin,300,easy,TABU(tenure=12),TABU,0,58.0,53.0,1
bin_onemax_009,onemax,bin,300,easy,TABU(tenure=12),TABU,1,54.0,53.0,1
bin_onemax_009,onemax,bin,300,easy,TABU(tenure=12),TABU,2,53.0,53.0,1
bin_onemax_009,onemax,bin,300,easy,"GA(pop=50,pc=0.9,pm=0.02)",GA,0,56.0,53.0,1
bin_onemax_009,onemax,bin,300,easy,"GA(pop=50,pc=0.9,pm=0.02)",GA,1,58.0,53.0,1
bin_onemax_009,onemax,bin,300,easy,"GA(pop=50,pc=0.9,pm=0.02)",GA,2,62.0,53.0,1
bin_onemax_009,onemax,bin,300,easy,"GA(pop=50,pc=0.9,pm=0.05)",GA,0,61.0,53.0,1
bin_onemax_009,onemax,bin,300,easy,"GA(pop=50,pc=0.9,pm=0.05)",GA,1,56.0,53.0,1
bin_onemax_009,onemax,bin,300,easy,"GA(pop=50,pc=0.9,pm=0.05)",GA,2,60.0,53.0,1
bin_onemax_009,onemax,bin,300,easy,"GA(pop=100,pc=0.9,pm=0.02)",GA,0,58.0,53.0,1
bin_onemax_009,onemax,bin,300,easy,"GA(pop=100,pc=0.9,pm=0.02)",GA,1,56.0,53.0,1
bin_onemax_009,onemax,bin,300,easy,"GA(pop=100,pc=0.9,pm=0.02)",GA,2,58.0,53.0,1
bin_onemax_009,onemax,bin,300,easy,"UMDA(pop=50,elite=0.2)",UMDA,0,72.0,53.0,1
bin_onemax_009,onemax,bin,300,easy,"UMDA(pop=50,elite=0.2)",UMDA,1,73.0,53.0,1
bin_onemax_009,onemax,bin,300,easy,"UMDA(pop=50,elite=0.2)",UMDA,2,74.0,53.0,1
bin_onemax_009,onemax,bin,300,easy,"UMDA(pop=100,elite=0.2)",UMDA,0,63.0,53.0,1
bin_onemax_009,onemax,bin,300,easy,"UMDA(pop=100,elite=0.2)",UMDA,1,65.0,53.0,1
bin_onemax_009,onemax,bin,300,easy,"UMDA(pop=100,elite=0.2)",UMDA,2,64.0,53.0,1
bin_onemax_009,onemax,bin,300,med,RS_BIN,RS_BIN,0,53.0,55.0,0
bin_onemax_009,onemax,bin,300,med,RS_BIN,RS_BIN,1,52.0,55.0,0
bin_onemax_009,onemax,bin,300,med,RS_BIN,RS_BIN,2,54.0,55.0,0
bin_onemax_009,onemax,bin,300,med,HC(flips=1),HC,0,80.0,55.0,1
bin_onemax_009,onemax,bin,300,med,HC(flips=1),HC,1,79.0,55.0,1
bin_onemax_009,onemax,bin,300,med,HC(flips=1),HC,2,79.0,55.0,1
bin_onemax_009,onemax,bin,300,med,HC(flips=2),HC,0,67.0,55.0,1
bin_onemax_009,onemax,bin,300,med,HC(flips=2),HC,1,74.0,55.0,1
bin_onemax_009,onemax,bin,300,med,HC(flips=2),HC,2,73.0,55.0,1
bin_onemax_009,onemax,bin,300,med,"SA(T0=1.0,alpha=0.995,flips=1)",SA,0,75.0,55.0,1
bin_onemax_009,onemax,bin,300,med,"SA(T0=1.0,alpha=0.995,flips=1)",SA,1,74.0,55.0,1
bin_onemax_009,onemax,bin,300,med,"SA(T0=1.0,alpha=0.995,flips=1)",SA,2,74.0,55.0,1
bin_onemax_009,onemax,bin,300,med,"SA(T0=2.0,alpha=0.99,flips=1)",SA,0,74.0,55.0,1
bin_onemax_009,onemax,bin,300,med,"SA(T0=2.0,alpha=0.99,flips=1)",SA,1,79.0,55.0,1
bin_onemax_009,onemax,bin,300,med,"SA(T0=2.0,alpha=0.99,flips=1)",SA,2,76.0,55.0,1
bin_onemax_009,onemax,bin,300,med,"SA(T0=2.0,alpha=0.995,flips=2)",SA,0,67.0,55.0,1
bin_onemax_009,onemax,bin,300,med,"SA(T0=2.0,alpha=0.995,flips=2)",SA,1,68.0,55.0,1
bin_onemax_009,onemax,bin,300,med,"SA(T0=2.0,alpha=0.995,flips=2)",SA,2,66.0,55.0,1
bin_onemax_009,onemax,bin,300,med,TABU(tenure=7),TABU,0,60.0,55.0,1
bin_onemax_009,onemax,bin,300,med,TABU(tenure=7),TABU,1,59.0,55.0,1
bin_onemax_009,onemax,bin,300,med,TABU(tenure=7),TABU,2,54.0,55.0,0
bin_onemax_009,onemax,bin,300,med,TABU(tenure=12),TABU,0,58.0,55.0,1
bin_onemax_009,onemax,bin,300,med,TABU(tenure=12),TABU,1,49.0,55.0,0
bin_onemax_009,onemax,bin,300,med,TABU(tenure=12),TABU,2,53.0,55.0,0
bin_onemax_009,onemax,bin,300,med,"GA(pop=50,pc=0.9,pm=0.02)",GA,0,56.0,55.0,1
bin_onemax_009,onemax,bin,300,med,"GA(pop=50,pc=0.9,pm=0.02)",GA,1,60.0,55.0,1
bin_onemax_009,onemax,bin,300,med,"GA(pop=50,pc=0.9,pm=0.02)",GA,2,60.0,55.0,1
bin_onemax_009,onemax,bin,300,med,"GA(pop=50,pc=0.9,pm=0.05)",GA,0,58.0,55.0,1
bin_onemax_009,onemax,bin,300,med,"GA(pop=50,pc=0.9,pm=0.05)",GA,1,56.0,55.0,1
bin_onemax_009,onemax,bin,300,med,"GA(pop=50,pc=0.9,pm=0.05)",GA,2,58.0,55.0,1
bin_onemax_009,onemax,bin,300,med,"GA(pop=100,pc=0.9,pm=0.02)",GA,0,56.0,55.0,1
bin_onemax_009,onemax,bin,300,med,"GA(pop=100,pc=0.9,pm=0.02)",GA,1,55.0,55.0,1
bin_onemax_009,onemax,bin,300,med,"GA(pop=100,pc=0.9,pm=0.02)",GA,2,55.0,55.0,1
bin_onemax_009,onemax,bin,300,med,"UMDA(pop=50,elite=0.2)",UMDA,0,73.0,55.0,1
bin_onemax_009,onemax,bin,300,med,"UMDA(pop=50,elite=0.2)",UMDA,1,74.0,55.0,1
bin_onemax_009,onemax,bin,300,med,"UMDA(pop=50,elite=0.2)",UMDA,2,72.0,55.0,1
bin_onemax_009,onemax,bin,300,med,"UMDA(pop=100,elite=0.2)",UMDA,0,63.0,55.0,1
bin_onemax_009,onemax,bin,300,med,"UMDA(pop=100,elite=0.2)",UMDA,1,61.0,55.0,1
bin_onemax_009,onemax,bin,300,med,"UMDA(pop=100,elite=0.2)",UMDA,2,61.0,55.0,1
bin_onemax_009,onemax,bin,300,hard,RS_BIN,RS_BIN,0,52.0,55.1,0
bin_onemax_009,onemax,bin,300,hard,RS_BIN,RS_BIN,1,53.0,55.1,0
bin_onemax_009,onemax,bin,300,hard,RS_BIN,RS_BIN,2,53.0,55.1,0
bin_onemax_009,onemax,bin,300,hard,HC(flips=1),HC,0,80.0,55.1,1
bin_onemax_009,onemax,bin,300,hard,HC(flips=1),HC,1,77.0,55.1,1
bin_onemax_009,onemax,bin,300,hard,HC(flips=1),HC,2,78.0,55.1,1
bin_onemax_009,onemax,bin,300,hard,HC(flips=2),HC,0,71.0,55.1,1
bin_onemax_009,onemax,bin,300,hard,HC(flips=2),HC,1,73.0,55.1,1
bin_onemax_009,onemax,bin,300,hard,HC(flips=2),HC,2,77.0,55.1,1
bin_onemax_009,onemax,bin,300,hard,"SA(T0=1.0,alpha=0.995,flips=1)",SA,0,78.0,55.1,1
bin_onemax_009,onemax,bin,300,hard,"SA(T0=1.0,alpha=0.995,flips=1)",SA,1,77.0,55.1,1
bin_onemax_009,onemax,bin,300,hard,"SA(T0=1.0,alpha=0.995,flips=1)",SA,2,76.0,55.1,1
bin_onemax_009,onemax,bin,300,hard,"SA(T0=2.0,alpha=0.99,flips=1)",SA,0,77.0,55.1,1
bin_onemax_009,onemax,bin,300,hard,"SA(T0=2.0,alpha=0.99,flips=1)",SA,1,74.0,55.1,1
bin_onemax_009,onemax,bin,300,hard,"SA(T0=2.0,alpha=0.99,flips=1)",SA,2,73.0,55.1,1
bin_onemax_009,onemax,bin,300,hard,"SA(T0=2.0,alpha=0.995,flips=2)",SA,0,65.0,55.1,1
bin_onemax_009,onemax,bin,300,hard,"SA(T0=2.0,alpha=0.995,flips=2)",SA,1,65.0,55.1,1
bin_onemax_009,onemax,bin,300,hard,"SA(T0=2.0,alpha=0.995,flips=2)",SA,2,66.0,55.1,1
bin_onemax_009,onemax,bin,300,hard,TABU(tenure=7),TABU,0,53.0,55.1,0
bin_onemax_009,onemax,bin,300,hard,TABU(tenure=7),TABU,1,60.0,55.1,1
bin_onemax_009,onemax,bin,300,hard,TABU(tenure=7),TABU,2,57.0,55.1,1
bin_onemax_009,onemax,bin,300,hard,TABU(tenure=12),TABU,0,69.0,55.1,1
bin_onemax_009,onemax,bin,300,hard,TABU(tenure=12),TABU,1,56.0,55.1,1
bin_onemax_009,onemax,bin,300,hard,TABU(tenure=12),TABU,2,54.0,55.1,0
bin_onemax_009,onemax,bin,300,hard,"GA(pop=50,pc=0.9,pm=0.02)",GA,0,57.0,55.1,1
bin_onemax_009,onemax,bin,300,hard,"GA(pop=50,pc=0.9,pm=0.02)",GA,1,56.0,55.1,1
bin_onemax_009,onemax,bin,300,hard,"GA(pop=50,pc=0.9,pm=0.02)",GA,2,60.0,55.1,1
bin_onemax_009,onemax,bin,300,hard,"GA(pop=50,pc=0.9,pm=0.05)",GA,0,58.0,55.1,1
bin_onemax_009,onemax,bin,300,hard,"GA(pop=50,pc=0.9,pm=0.05)",GA,1,59.0,55.1,1
bin_onemax_009,onemax,bin,300,hard,"GA(pop=50,pc=0.9,pm=0.05)",GA,2,57.0,55.1,1
bin_onemax_009,onemax,bin,300,hard,"GA(pop=100,pc=0.9,pm=0.02)",GA,0,55.0,55.1,0
bin_onemax_009,onemax,bin,300,hard,"GA(pop=100,pc=0.9,pm=0.02)",GA,1,53.0,55.1,0
bin_onemax_009,onemax,bin,300,hard,"GA(pop=100,pc=0.9,pm=0.02)",GA,2,57.0,55.1,1
bin_onemax_009,onemax,bin,300,hard,"UMDA(pop=50,elite=0.2)",UMDA,0,70.0,55.1,1
bin_onemax_009,onemax,bin,300,hard,"UMDA(pop=50,elite=0.2)",UMDA,1,72.0,55.1,1
bin_onemax_009,onemax,bin,300,hard,"UMDA(pop=50,elite=0.2)",UMDA,2,69.0,55.1,1
bin_onemax_009,onemax,bin,300,hard,"UMDA(pop=100,elite=0.2)",UMDA,0,61.0,55.1,1
bin_onemax_009,onemax,bin,300,hard,"UMDA(pop=100,elite=0.2)",UMDA,1,60.0,55.1,1
bin_onemax_009,onemax,bin,300,hard,"UMDA(pop=100,elite=0.2)",UMDA,2,65.0,55.1,1
bin_onemax_009,onemax,bin,800,easy,RS_BIN,RS_BIN,0,54.0,54.0,1
bin_onemax_009,onemax,bin,800,easy,RS_BIN,RS_BIN,1,58.0,54.0,1
bin_onemax_009,onemax,bin,800,easy,RS_BIN,RS_BIN,2,54.0,54.0,1
bin_onemax_009,onemax,bin,800,easy,HC(flips=1),HC,0,80.0,54.0,1
bin_onemax_009,onemax,bin,800,easy,HC(flips=1),HC,1,80.0,54.0,1
bin_onemax_009,onemax,bin,800,easy,HC(flips=1),HC,2,80.0,54.0,1
bin_onemax_009,onemax,bin,800,easy,HC(flips=2),HC,0,76.0,54.0,1
bin_onemax_009,onemax,bin,800,easy,HC(flips=2),HC,1,75.0,54.0,1
bin_onemax_009,onemax,bin,800,easy,HC(flips=2),HC,2,76.0,54.0,1
bin_onemax_009,onemax,bin,800,easy,"SA(T0=1.0,alpha=0.995,flips=1)",SA,0,79.0,54.0,1
bin_onemax_009,onemax,bin,800,easy,"SA(T0=1.0,alpha=0.995,flips=1)",SA,1,80.0,54.0,1
bin_onemax_009,onemax,bin,800,easy,"SA(T0=1.0,alpha=0.995,flips=1)",SA,2,80.0,54.0,1
bin_onemax_009,onemax,bin,800,easy,"SA(T0=2.0,alpha=0.99,flips=1)",SA,0,80.0,54.0,1
bin_onemax_009,onemax,bin,800,easy,"SA(T0=2.0,alpha=0.99,flips=1)",SA,1,80.0,54.0,1
bin_onemax_009,onemax,bin,800,easy,"SA(T0=2.0,alpha=0.99,flips=1)",SA,2,80.0,54.0,1
bin_onemax_009,onemax,bin,800,easy,"SA(T0=2.0,alpha=0.995,flips=2)",SA,0,77.0,54.0,1
bin_onemax_009,onemax,bin,800,easy,"SA(T0=2.0,alpha=0.995,flips=2)",SA,1,75.0,54.0,1
bin_onemax_009,onemax,bin,800,easy,"SA(T0=2.0,alpha=0.995,flips=2)",SA,2,75.0,54.0,1
bin_onemax_009,onemax,bin,800,easy,TABU(tenure=7),TABU,0,77.0,54.0,1
bin_onemax_009,onemax,bin,800,easy,TABU(tenure=7),TABU,1,79.0,54.0,1
bin_onemax_009,onemax,bin,800,easy,TABU(tenure=7),TABU,2,74.0,54.0,1
bin_onemax_009,onemax,bin,800,easy,TABU(tenure=12),TABU,0,77.0,54.0,1
bin_onemax_009,onemax,bin,800,easy,TABU(tenure=12),TABU,1,76.0,54.0,1
bin_onemax_009,onemax,bin,800,easy,TABU(tenure=12),TABU,2,78.0,54.0,1
bin_onemax_009,onemax,bin,800,easy,"GA(pop=50,pc=0.9,pm=0.02)",GA,0,68.0,54.0,1
bin_onemax_009,onemax,bin,800,easy,"GA(pop=50,pc=0.9,pm=0.02)",GA,1,69.0,54.0,1
bin_onemax_009,onemax,bin,800,easy,"GA(pop=50,pc=0.9,pm=0.02)",GA,2,68.0,54.0,1
bin_onemax_009,onemax,bin,800,easy,"GA(pop=50,pc=0.9,pm=0.05)",GA,0,64.0,54.0,1
bin_onemax_009,onemax,bin,800,easy,"GA(pop=50,pc=0.9,pm=0.05)",GA,1,66.0,54.0,1
bin_onemax_009,onemax,bin,800,easy,"GA(pop=50,pc=0.9,pm=0.05)",GA,2,68.0,54.0,1
bin_onemax_009,onemax,bin,800,easy,"GA(pop=100,pc=0.9,pm=0.02)",GA,0,63.0,54.0,1
bin_onemax_009,onemax,bin,800,easy,"GA(pop=100,pc=0.9,pm=0.02)",GA,1,63.0,54.0,1
bin_onemax_009,onemax,bin,800,easy,"GA(pop=100,pc=0.9,pm=0.02)",GA,2,61.0,54.0,1
bin_onemax_009,onemax,bin,800,easy,"UMDA(pop=50,elite=0.2)",UMDA,0,78.0,54.0,1
bin_onemax_009,onemax,bin,800,easy,"UMDA(pop=50,elite=0.2)",UMDA,1,78.0,54.0,1
bin_onemax_009,onemax,bin,800,easy,"UMDA(pop=50,elite=0.2)",UMDA,2,79.0,54.0,1
bin_onemax_009,onemax,bin,800,easy,"UMDA(pop=100,elite=0.2)",UMDA,0,79.0,54.0,1
bin_onemax_009,onemax,bin,800,easy,"UMDA(pop=100,elite=0.2)",UMDA,1,79.0,54.0,1
bin_onemax_009,onemax,bin,800,easy,"UMDA(pop=100,elite=0.2)",UMDA,2,79.0,54.0,1
bin_onemax_009,onemax,bin,800,med,RS_BIN,RS_BIN,0,54.0,54.75,0
bin_onemax_009,onemax,bin,800,med,RS_BIN,RS_BIN,1,54.0,54.75,0
bin_onemax_009,onemax,bin,800,med,RS_BIN,RS_BIN,2,53.0,54.75,0
bin_onemax_009,onemax,bin,800,med,HC(flips=1),HC,0,80.0,54.75,1
bin_onemax_009,onemax,bin,800,med,HC(flips=1),HC,1,80.0,54.75,1
bin_onemax_009,onemax,bin,800,med,HC(flips=1),HC,2,80.0,54.75,1
bin_onemax_009,onemax,bin,800,med,HC(flips=2),HC,0,78.0,54.75,1
bin_onemax_009,onemax,bin,800,med,HC(flips=2),HC,1,72.0,54.75,1
bin_onemax_009,onemax,bin,800,med,HC(flips=2),HC,2,76.0,54.75,1
bin_onemax_009,onemax,bin,800,med,"SA(T0=1.0,alpha=0.995,flips=1)",SA,0,80.0,54.75,1
bin_onemax_009,onemax,bin,800,med,"SA(T0=1.0,alpha=0.995,flips=1)",SA,1,80.0,54.75,1
bin_onemax_009,onemax,bin,800,med,"SA(T0=1.0,alpha=0.995,flips=1)",SA,2,80.0,54.75,1
bin_onemax_009,onemax,bin,800,med,"SA(T0=2.0,alpha=0.99,flips=1)",SA,0,80.0,54.75,1
bin_onemax_009,onemax,bin,800,med,"SA(T0=2.0,alpha=0.99,flips=1)",SA,1,80.0,54.75,1
bin_onemax_009,onemax,bin,800,med,"SA(T0=2.0,alpha=0.99,flips=1)",SA,2,80.0,54.75,1
bin_onemax_009,onemax,bin,800,med,"SA(T0=2.0,alpha=0.995,flips=2)",SA,0,79.0,54.75,1
bin_onemax_009,onemax,bin,800,med,"SA(T0=2.0,alpha=0.995,flips=2)",SA,1,75.0,54.75,1
bin_onemax_009,onemax,bin,800,med,"SA(T0=2.0,alpha=0.995,flips=2)",SA,2,75.0,54.75,1
bin_onemax_009,onemax,bin,800,med,TABU(tenure=7),TABU,0,77.0,54.75,1
bin_onemax_009,onemax,bin,800,med,TABU(tenure=7),TABU,1,77.0,54.75,1
bin_onemax_009,onemax,bin,800,med,TABU(tenure=7),TABU,2,79.0,54.75,1
bin_onemax_009,onemax,bin,800,med,TABU(tenure=12),TABU,0,77.0,54.75,1
bin_onemax_009,onemax,bin,800,med,TABU(tenure=12),TABU,1,74.0,54.75,1
bin_onemax_009,onemax,bin,800,med,TABU(tenure=12),TABU,2,74.0,54.75,1
bin_onemax_009,onemax,bin,800,med,"GA(pop=50,pc=0.9,pm=0.02)",GA,0,67.0,54.75,1
bin_onemax_009,onemax,bin,800,med,"GA(pop=50,pc=0.9,pm=0.02)",GA,1,70.0,54.75,1
bin_onemax_009,onemax,bin,800,med,"GA(pop=50,pc=0.9,pm=0.02)",GA,2,68.0,54.75,1
bin_onemax_009,onemax,bin,800,med,"GA(pop=50,pc=0.9,pm=0.05)",GA,0,63.0,54.75,1
bin_onemax_009,onemax,bin,800,med,"GA(pop=50,pc=0.9,pm=0.05)",GA,1,67.0,54.75,1
bin_onemax_009,onemax,bin,800,med,"GA(pop=50,pc=0.9,pm=0.05)",GA,2,65.0,54.75,1
bin_onemax_009,onemax,bin,800,med,"GA(pop=100,pc=0.9,pm=0.02)",GA,0,63.0,54.75,1
bin_onemax_009,onemax,bin,800,med,"GA(pop=100,pc=0.9,pm=0.02)",GA,1,60.0,54.75,1
bin_onemax_009,onemax,bin,800,med,"GA(pop=100,pc=0.9,pm=0.02)",GA,2,64.0,54.75,1
bin_onemax_009,onemax,bin,800,med,"UMDA(pop=50,elite=0.2)",UMDA,0,79.0,54.75,1
bin_onemax_009,onemax,bin,800,med,"UMDA(pop=50,elite=0.2)",UMDA,1,80.0,54.75,1
bin_onemax_009,onemax,bin,800,med,"UMDA(pop=50,elite=0.2)",UMDA,2,80.0,54.75,1
bin_onemax_009,onemax,bin,800,med,"UMDA(pop=100,elite=0.2)",UMDA,0,78.0,54.75,1
bin_onemax_009,onemax,bin,800,med,"UMDA(pop=100,elite=0.2)",UMDA,1,79.0,54.75,1
bin_onemax_009,onemax,bin,800,med,"UMDA(pop=100,elite=0.2)",UMDA,2,77.0,54.75,1
bin_onemax_009,onemax,bin,800,hard,RS_BIN,RS_BIN,0,53.0,56.1,0
bin_onemax_009,onemax,bin,800,hard,RS_BIN,RS_BIN,1,52.0,56.1,0
bin_onemax_009,onemax,bin,800,hard,RS_BIN,RS_BIN,2,54.0,56.1,0
bin_onemax_009,onemax,bin,800,hard,HC(flips=1),HC,0,80.0,56.1,1
bin_onemax_009,onemax,bin,800,hard,HC(flips=1),HC,1,80.0,56.1,1
bin_onemax_009,onemax,bin,800,hard,HC(flips=1),HC,2,80.0,56.1,1
bin_onemax_009,onemax,bin,800,hard,HC(flips=2),HC,0,77.0,56.1,1
bin_onemax_009,onemax,bin,800,hard,HC(flips=2),HC,1,74.0,56.1,1
bin_onemax_009,onemax,bin,800,hard,HC(flips=2),HC,2,77.0,56.1,1
bin_onemax_009,onemax,bin,800,hard,"SA(T0=1.0,alpha=0.995,flips=1)",SA,0,80.0,56.1,1
bin_onemax_009,onemax,bin,800,hard,"SA(T0=1.0,alpha=0.995,flips=1)",SA,1,80.0,56.1,1
bin_onemax_009,onemax,bin,800,hard,"SA(T0=1.0,alpha=0.995,flips=1)",SA,2,80.0,56.1,1
bin_onemax_009,onemax,bin,800,hard,"SA(T0=2.0,alpha=0.99,flips=1)",SA,0,80.0,56.1,1
bin_onemax_009,onemax,bin,800,hard,"SA(T0=2.0,alpha=0.99,flips=1)",SA,1,80.0,56.1,1
bin_onemax_009,onemax,bin,800,hard,"SA(T0=2.0,alpha=0.99,flips=1)",SA,2,80.0,56.1,1
bin_onemax_009,onemax,bin,800,hard,"SA(T0=2.0,alpha=0.995,flips=2)",SA,0,74.0,56.1,1
bin_onemax_009,onemax,bin,800,hard,"SA(T0=2.0,alpha=0.995,flips=2)",SA,1,75.0,56.1,1
bin_onemax_009,onemax,bin,800,hard,"SA(T0=2.0,alpha=0.995,flips=2)",SA,2,78.0,56.1,1
bin_onemax_009,onemax,bin,800,hard,TABU(tenure=7),TABU,0,76.0,56.1,1
bin_onemax_009,onemax,bin,800,hard,TABU(tenure=7),TABU,1,79.0,56.1,1
bin_onemax_009,onemax,bin,800,hard,TABU(tenure=7),TABU,2,77.0,56.1,1
bin_onemax_009,onemax,bin,800,hard,TABU(tenure=12),TABU,0,78.0,56.1,1
bin_onemax_009,onemax,bin,800,hard,TABU(tenure=12),TABU,1,77.0,56.1,1
bin_onemax_009,onemax,bin,800,hard,TABU(tenure=12),TABU,2,75.0,56.1,1
bin_onemax_009,onemax,bin,800,hard,"GA(pop=50,pc=0.9,pm=0.02)",GA,0,69.0,56.1,1
bin_onemax_009,onemax,bin,800,hard,"GA(pop=50,pc=0.9,pm=0.02)",GA,1,70.0,56.1,1
bin_onemax_009,onemax,bin,800,hard,"GA(pop=50,pc=0.9,pm=0.02)",GA,2,67.0,56.1,1
bin_onemax_009,onemax,bin,800,hard,"GA(pop=50,pc=0.9,pm=0.05)",GA,0,66.0,56.1,1
bin_onemax_009,onemax,bin,800,hard,"GA(pop=50,pc=0.9,pm=0.05)",GA,1,68.0,56.1,1
bin_onemax_009,onemax,bin,800,hard,"GA(pop=50,pc=0.9,pm=0.05)",GA,2,65.0,56.1,1
bin_onemax_009,onemax,bin,800,hard,"GA(pop=100,pc=0.9,pm=0.02)",GA,0,64.0,56.1,1
bin_onemax_009,onemax,bin,800,hard,"GA(pop=100,pc=0.9,pm=0.02)",GA,1,66.0,56.1,1
bin_onemax_009,onemax,bin,800,hard,"GA(pop=100,pc=0.9,pm=0.02)",GA,2,62.0,56.1,1
bin_onemax_009,onemax,bin,800,hard,"UMDA(pop=50,elite=0.2)",UMDA,0,79.0,56.1,1
bin_onemax_009,onemax,bin,800,hard,"UMDA(pop=50,elite=0.2)",UMDA,1,80.0,56.1,1
bin_onemax_009,onemax,bin,800,hard,"UMDA(pop=50,elite=0.2)",UMDA,2,79.0,56.1,1
bin_onemax_009,onemax,bin,800,hard,"UMDA(pop=100,elite=0.2)",UMDA,0,79.0,56.1,1
bin_onemax_009,onemax,bin,800,hard,"UMDA(pop=100,elite=0.2)",UMDA,1,78.0,56.1,1
bin_onemax_009,onemax,bin,800,hard,"UMDA(pop=100,elite=0.2)",UMDA,2,77.0,56.1,1
bin_leadingones_010,leadingones,bin,300,easy,RS_BIN,RS_BIN,0,9.0,8.0,1
bin_leadingones_010,leadingones,bin,300,easy,RS_BIN,RS_BIN,1,6.0,8.0,0
bin_leadingones_010,leadingones,bin,300,easy,RS_BIN,RS_BIN,2,10.0,8.0,1
bin_leadingones_010,leadingones,bin,300,easy,HC(flips=1),HC,0,5.0,8.0,0
bin_leadingones_010,leadingones,bin,300,easy,HC(flips=1),HC,1,6.0,8.0,0
bin_leadingones_010,leadingones,bin,300,easy,HC(flips=1),HC,2,7.0,8.0,0
bin_leadingones_010,leadingones,bin,300,easy,HC(flips=2),HC,0,9.0,8.0,1
bin_leadingones_010,leadingones,bin,300,easy,HC(flips=2),HC,1,16.0,8.0,1
bin_leadingones_010,leadingones,bin,300,easy,HC(flips=2),HC,2,14.0,8.0,1
bin_leadingones_010,leadingones,bin,300,easy,"SA(T0=1.0,alpha=0.995,flips=1)",SA,0,12.0,8.0,1
bin_leadingones_010,leadingones,bin,300,easy,"SA(T0=1.0,alpha=0.995,flips=1)",SA,1,7.0,8.0,0
bin_leadingones_010,leadingones,bin,300,easy,"SA(T0=1.0,alpha=0.995,flips=1)",SA,2,3.0,8.0,0
bin_leadingones_010,leadingones,bin,300,easy,"SA(T0=2.0,alpha=0.99,flips=1)",SA,0,14.0,8.0,1
bin_leadingones_010,leadingones,bin,300,easy,"SA(T0=2.0,alpha=0.99,flips=1)",SA,1,8.0,8.0,1
bin_leadingones_010,leadingones,bin,300,easy,"SA(T0=2.0,alpha=0.99,flips=1)",SA,2,11.0,8.0,1
bin_leadingones_010,leadingones,bin,300,easy,"SA(T0=2.0,alpha=0.995,flips=2)",SA,0,9.0,8.0,1
bin_leadingones_010,leadingones,bin,300,easy,"SA(T0=2.0,alpha=0.995,flips=2)",SA,1,12.0,8.0,1
bin_leadingones_010,leadingones,bin,300,easy,"SA(T0=2.0,alpha=0.995,flips=2)",SA,2,12.0,8.0,1
bin_leadingones_010,leadingones,bin,300,easy,TABU(tenure=7),TABU,0,10.0,8.0,1
bin_leadingones_010,leadingones,bin,300,easy,TABU(tenure=7),TABU,1,11.0,8.0,1
bin_leadingones_010,leadingones,bin,300,easy,TABU(tenure=7),TABU,2,12.0,8.0,1
bin_leadingones_010,leadingones,bin,300,easy,TABU(tenure=12),TABU,0,9.0,8.0,1
bin_leadingones_010,leadingones,bin,300,easy,TABU(tenure=12),TABU,1,6.0,8.0,0
bin_leadingones_010,leadingones,bin,300,easy,TABU(tenure=12),TABU,2,14.0,8.0,1
bin_leadingones_010,leadingones,bin,300,easy,"GA(pop=50,pc=0.9,pm=0.02)",GA,0,9.0,8.0,1
bin_leadingones_010,leadingones,bin,300,easy,"GA(pop=50,pc=0.9,pm=0.02)",GA,1,6.0,8.0,0
bin_leadingones_010,leadingones,bin,300,easy,"GA(pop=50,pc=0.9,pm=0.02)",GA,2,9.0,8.0,1
bin_leadingones_010,leadingones,bin,300,easy,"GA(pop=50,pc=0.9,pm=0.05)",GA,0,8.0,8.0,1
bin_leadingones_010,leadingones,bin,300,easy,"GA(pop=50,pc=0.9,pm=0.05)",GA,1,9.0,8.0,1
bin_leadingones_010,leadingones,bin,300,easy,"GA(pop=50,pc=0.9,pm=0.05)",GA,2,8.0,8.0,1
bin_leadingones_010,leadingones,bin,300,easy,"GA(pop=100,pc=0.9,pm=0.02)",GA,0,11.0,8.0,1
bin_leadingones_010,leadingones,bin,300,easy,"GA(pop=100,pc=0.9,pm=0.02)",GA,1,7.0,8.0,0
bin_leadingones_010,leadingones,bin,300,easy,"GA(pop=100,pc=0.9,pm=0.02)",GA,2,9.0,8.0,1
bin_leadingones_010,leadingones,bin,300,easy,"UMDA(pop=50,elite=0.2)",UMDA,0,18.0,8.0,1
bin_leadingones_010,leadingones,bin,300,easy,"UMDA(pop=50,elite=0.2)",UMDA,1,15.0,8.0,1
bin_leadingones_010,leadingones,bin,300,easy,"UMDA(pop=50,elite=0.2)",UMDA,2,13.0,8.0,1
bin_leadingones_010,leadingones,bin,300,easy,"UMDA(pop=100,elite=0.2)",UMDA,0,10.0,8.0,1
bin_leadingones_010,leadingones,bin,300,easy,"UMDA(pop=100,elite=0.2)",UMDA,1,12.0,8.0,1
bin_leadingones_010,leadingones,bin,300,easy,"UMDA(pop=100,elite=0.2)",UMDA,2,11.0,8.0,1
bin_leadingones_010,leadingones,bin,300,med,RS_BIN,RS_BIN,0,7.0,9.75,0
bin_leadingones_010,leadingones,bin,300,med,RS_BIN,RS_BIN,1,11.0,9.75,1
bin_leadingones_010,leadingones,bin,300,med,RS_BIN,RS_BIN,2,9.0,9.75,0
bin_leadingones_010,leadingones,bin,300,med,HC(flips=1),HC,0,19.0,9.75,1
bin_leadingones_010,leadingones,bin,300,med,HC(flips=1),HC,1,7.0,9.75,0
bin_leadingones_010,leadingones,bin,300,med,HC(flips=1),HC,2,9.0,9.75,0
bin_leadingones_010,leadingones,bin,300,med,HC(flips=2),HC,0,12.0,9.75,1
bin_leadingones_010,leadingones,bin,300,med,HC(flips=2),HC,1,14.0,9.75,1
bin_leadingones_010,leadingones,bin,300,med,HC(flips=2),HC,2,19.0,9.75,1
bin_leadingones_010,leadingones,bin,300,med,"SA(T0=1.0,alpha=0.995,flips=1)",SA,0,9.0,9.75,0
bin_leadingones_010,leadingones,bin,300,med,"SA(T0=1.0,alpha=0.995,flips=1)",SA,1,2.0,9.75,0
bin_leadingones_010,leadingones,bin,300,med,"SA(T0=1.0,alpha=0.995,flips=1)",SA,2,9.0,9.75,0
bin_leadingones_010,leadingones,bin,300,med,"SA(T0=2.0,alpha=0.99,flips=1)",SA,0,3.0,9.75,0
bin_leadingones_010,leadingones,bin,300,med,"SA(T0=2.0,alpha=0.99,flips=1)",SA,1,12.0,9.75,1
bin_leadingones_010,leadingones,bin,300,med,"SA(T0=2.0,alpha=0.99,flips=1)",SA,2,2.0,9.75,0
bin_leadingones_010,leadingones,bin,300,med,"SA(T0=2.0,alpha=0.995,flips=2)",SA,0,12.0,9.75,1
bin_leadingones_010,leadingones,bin,300,med,"SA(T0=2.0,alpha=0.995,flips=2)",SA,1,19.0,9.75,1
bin_leadingones_010,leadingones,bin,300,med,"SA(T0=2.0,alpha=0.995,flips=2)",SA,2,20.0,9.75,1
bin_leadingones_010,leadingones,bin,300,med,TABU(tenure=7),TABU,0,9.0,9.75,0
bin_leadingones_010,leadingones,bin,300,med,TABU(tenure=7),TABU,1,10.0,9.75,1
bin_leadingones_010,leadingones,bin,300,med,TABU(tenure=7),TABU,2,10.0,9.75,1
bin_leadingones_010,leadingones,bin,300,med,TABU(tenure=12),TABU,0,8.0,9.75,0
bin_leadingones_010,leadingones,bin,300,med,TABU(tenure=12),TABU,1,18.0,9.75,1
bin_leadingones_010,leadingones,bin,300,med,TABU(tenure=12),TABU,2,12.0,9.75,1
bin_leadingones_010,leadingones,bin,300,med,"GA(pop=50,pc=0.9,pm=0.02)",GA,0,6.0,9.75,0
bin_leadingones_010,leadingones,bin,300,med,"GA(pop=50,pc=0.9,pm=0.02)",GA,1,7.0,9.75,0
bin_leadingones_010,leadingones,bin,300,med,"GA(pop=50,pc=0.9,pm=0.02)",GA,2,8.0,9.75,0
bin_leadingones_010,leadingones,bin,300,med,"GA(pop=50,pc=0.9,pm=0.05)",GA,0,11.0,9.75,1
bin_leadingones_010,leadingones,bin,300,med,"GA(pop=50,pc=0.9,pm=0.05)",GA,1,7.0,9.75,0
bin_leadingones_010,leadingones,bin,300,med,"GA(pop=50,pc=0.9,pm=0.05)",GA,2,9.0,9.75,0
bin_leadingones_010,leadingones,bin,300,med,"GA(pop=100,pc=0.9,pm=0.02)",GA,0,6.0,9.75,0
bin_leadingones_010,leadingones,bin,300,med,"GA(pop=100,pc=0.9,pm=0.02)",GA,1,9.0,9.75,0
bin_leadingones_010,leadingones,bin,300,med,"GA(pop=100,pc=0.9,pm=0.02)",GA,2,10.0,9.75,1
bin_leadingones_010,leadingones,bin,300,med,"UMDA(pop=50,elite=0.2)",UMDA,0,12.0,9.75,1
bin_leadingones_010,leadingones,bin,300,med,"UMDA(pop=50,elite=0.2)",UMDA,1,13.0,9.75,1
bin_leadingones_010,leadingones,bin,300,med,"UMDA(pop=50,elite=0.2)",UMDA,2,12.0,9.75,1
bin_leadingones_010,leadingones,bin,300,med,"UMDA(pop=100,elite=0.2)",UMDA,0,9.0,9.75,0
bin_leadingones_010,leadingones,bin,300,med,"UMDA(pop=100,elite=0.2)",UMDA,1,14.0,9.75,1
bin_leadingones_010,leadingones,bin,300,med,"UMDA(pop=100,elite=0.2)",UMDA,2,13.0,9.75,1
bin_leadingones_010,leadingones,bin,300,hard,RS_BIN,RS_BIN,0,6.0,11.0,0
bin_leadingones_010,leadingones,bin,300,hard,RS_BIN,RS_BIN,1,9.0,11.0,0
bin_leadingones_010,leadingones,bin,300,hard,RS_BIN,RS_BIN,2,8.0,11.0,0
bin_leadingones_010,leadingones,bin,300,hard,HC(flips=1),HC,0,11.0,11.0,1
bin_leadingones_010,leadingones,bin,300,hard,HC(flips=1),HC,1,0.0,11.0,0
bin_leadingones_010,leadingones,bin,300,hard,HC(flips=1),HC,2,4.0,11.0,0
bin_leadingones_010,leadingones,bin,300,hard,HC(flips=2),HC,0,11.0,11.0,1
bin_leadingones_010,leadingones,bin,300,hard,HC(flips=2),HC,1,6.0,11.0,0
bin_leadingones_010,leadingones,bin,300,hard,HC(flips=2),HC,2,9.0,11.0,0
bin_leadingones_010,leadingones,bin,300,hard,"SA(T0=1.0,alpha=0.995,flips=1)",SA,0,8.0,11.0,0
bin_leadingones_010,leadingones,bin,300,hard,"SA(T0=1.0,alpha=0.995,flips=1)",SA,1,11.0,11.0,1
bin_leadingones_010,leadingones,bin,300,hard,"SA(T0=1.0,alpha=0.995,flips=1)",SA,2,5.0,11.0,0
bin_leadingones_010,leadingones,bin,300,hard,"SA(T0=2.0,alpha=0.99,flips=1)",SA,0,9.0,11.0,0
bin_leadingones_010,leadingones,bin,300,hard,"SA(T0=2.0,alpha=0.99,flips=1)",SA,1,2.0,11.0,0
bin_leadingones_010,leadingones,bin,300,hard,"SA(T0=2.0,alpha=0.99,flips=1)",SA,2,2.0,11.0,0
bin_leadingones_010,leadingones,bin,300,hard,"SA(T0=2.0,alpha=0.995,flips=2)",SA,0,17.0,11.0,1
bin_leadingones_010,leadingones,bin,300,hard,"SA(T0=2.0,alpha=0.995,flips=2)",SA,1,23.0,11.0,1
bin_leadingones_010,leadingones,bin,300,hard,"SA(T0=2.0,alpha=0.995,flips=2)",SA,2,25.0,11.0,1
bin_leadingones_010,leadingones,bin,300,hard,TABU(tenure=7),TABU,0,6.0,11.0,0
bin_leadingones_010,leadingones,bin,300,hard,TABU(tenure=7),TABU,1,11.0,11.0,1
bin_leadingones_010,leadingones,bin,300,hard,TABU(tenure=7),TABU,2,9.0,11.0,0
bin_leadingones_010,leadingones,bin,300,hard,TABU(tenure=12),TABU,0,10.0,11.0,0
bin_leadingones_010,leadingones,bin,300,hard,TABU(tenure=12),TABU,1,6.0,11.0,0
bin_leadingones_010,leadingones,bin,300,hard,TABU(tenure=12),TABU,2,13.0,11.0,1
bin_leadingones_010,leadingones,bin,300,hard,"GA(pop=50,pc=0.9,pm=0.02)",GA,0,11.0,11.0,1
bin_leadingones_010,leadingones,bin,300,hard,"GA(pop=50,pc=0.9,pm=0.02)",GA,1,11.0,11.0,1
bin_leadingones_010,leadingones,bin,300,hard,"GA(pop=50,pc=0.9,pm=0.02)",GA,2,6.0,11.0,0
bin_leadingones_010,leadingones,bin,300,hard,"GA(pop=50,pc=0.9,pm=0.05)",GA,0,5.0,11.0,0
bin_leadingones_010,leadingones,bin,300,hard,"GA(pop=50,pc=0.9,pm=0.05)",GA,1,12.0,11.0,1
bin_leadingones_010,leadingones,bin,300,hard,"GA(pop=50,pc=0.9,pm=0.05)",GA,2,12.0,11.0,1
bin_leadingones_010,leadingones,bin,300,hard,"GA(pop=100,pc=0.9,pm=0.02)",GA,0,9.0,11.0,0
bin_leadingones_010,leadingones,bin,300,hard,"GA(pop=100,pc=0.9,pm=0.02)",GA,1,7.0,11.0,0
bin_leadingones_010,leadingones,bin,300,hard,"GA(pop=100,pc=0.9,pm=0.02)",GA,2,11.0,11.0,1
bin_leadingones_010,leadingones,bin,300,hard,"UMDA(pop=50,elite=0.2)",UMDA,0,6.0,11.0,0
bin_leadingones_010,leadingones,bin,300,hard,"UMDA(pop=50,elite=0.2)",UMDA,1,12.0,11.0,1
bin_leadingones_010,leadingones,bin,300,hard,"UMDA(pop=50,elite=0.2)",UMDA,2,15.0,11.0,1
bin_leadingones_010,leadingones,bin,300,hard,"UMDA(pop=100,elite=0.2)",UMDA,0,17.0,11.0,1
bin_leadingones_010,leadingones,bin,300,hard,"UMDA(pop=100,elite=0.2)",UMDA,1,20.0,11.0,1
bin_leadingones_010,leadingones,bin,300,hard,"UMDA(pop=100,elite=0.2)",UMDA,2,14.0,11.0,1
bin_leadingones_010,leadingones,bin,800,easy,RS_BIN,RS_BIN,0,11.0,10.0,1
bin_leadingones_010,leadingones,bin,800,easy,RS_BIN,RS_BIN,1,8.0,10.0,0
bin_leadingones_010,leadingones,bin,800,easy,RS_BIN,RS_BIN,2,9.0,10.0,0
bin_leadingones_010,leadingones,bin,800,easy,HC(flips=1),HC,0,25.0,10.0,1
bin_leadingones_010,leadingones,bin,800,easy,HC(flips=1),HC,1,23.0,10.0,1
bin_leadingones_010,leadingones,bin,800,easy,HC(flips=1),HC,2,35.0,10.0,1
bin_leadingones_010,leadingones,bin,800,easy,HC(flips=2),HC,0,34.0,10.0,1
bin_leadingones_010,leadingones,bin,800,easy,HC(flips=2),HC,1,26.0,10.0,1
bin_leadingones_010,leadingones,bin,800,easy,HC(flips=2),HC,2,40.0,10.0,1
bin_leadingones_010,leadingones,bin,800,easy,"SA(T0=1.0,alpha=0.995,flips=1)",SA,0,11.0,10.0,1
bin_leadingones_010,leadingones,bin,800,easy,"SA(T0=1.0,alpha=0.995,flips=1)",SA,1,27.0,10.0,1
bin_leadingones_010,leadingones,bin,800,easy,"SA(T0=1.0,alpha=0.995,flips=1)",SA,2,24.0,10.0,1
bin_leadingones_010,leadingones,bin,800,easy,"SA(T0=2.0,alpha=0.99,flips=1)",SA,0,23.0,10.0,1
bin_leadingones_010,leadingones,bin,800,easy,"SA(T0=2.0,alpha=0.99,flips=1)",SA,1,23.0,10.0,1
bin_leadingones_010,leadingones,bin,800,easy,"SA(T0=2.0,alpha=0.99,flips=1)",SA,2,25.0,10.0,1
bin_leadingones_010,leadingones,bin,800,easy,"SA(T0=2.0,alpha=0.995,flips=2)",SA,0,25.0,10.0,1
bin_leadingones_010,leadingones,bin,800,easy,"SA(T0=2.0,alpha=0.995,flips=2)",SA,1,28.0,10.0,1
bin_leadingones_010,leadingones,bin,800,easy,"SA(T0=2.0,alpha=0.995,flips=2)",SA,2,38.0,10.0,1
bin_leadingones_010,leadingones,bin,800,easy,TABU(tenure=7),TABU,0,29.0,10.0,1
bin_leadingones_010,leadingones,bin,800,easy,TABU(tenure=7),TABU,1,30.0,10.0,1
bin_leadingones_010,leadingones,bin,800,easy,TABU(tenure=7),TABU,2,14.0,10.0,1
bin_leadingones_010,leadingones,bin,800,easy,TABU(tenure=12),TABU,0,19.0,10.0,1
bin_leadingones_010,leadingones,bin,800,easy,TABU(tenure=12),TABU,1,33.0,10.0,1
bin_leadingones_010,leadingones,bin,800,easy,TABU(tenure=12),TABU,2,18.0,10.0,1
bin_leadingones_010,leadingones,bin,800,easy,"GA(pop=50,pc=0.9,pm=0.02)",GA,0,13.0,10.0,1
bin_leadingones_010,leadingones,bin,800,easy,"GA(pop=50,pc=0.9,pm=0.02)",GA,1,15.0,10.0,1
bin_leadingones_010,leadingones,bin,800,easy,"GA(pop=50,pc=0.9,pm=0.02)",GA,2,18.0,10.0,1
bin_leadingones_010,leadingones,bin,800,easy,"GA(pop=50,pc=0.9,pm=0.05)",GA,0,17.0,10.0,1
bin_leadingones_010,leadingones,bin,800,easy,"GA(pop=50,pc=0.9,pm=0.05)",GA,1,20.0,10.0,1
bin_leadingones_010,leadingones,bin,800,easy,"GA(pop=50,pc=0.9,pm=0.05)",GA,2,17.0,10.0,1
bin_leadingones_010,leadingones,bin,800,easy,"GA(pop=100,pc=0.9,pm=0.02)",GA,0,14.0,10.0,1
bin_leadingones_010,leadingones,bin,800,easy,"GA(pop=100,pc=0.9,pm=0.02)",GA,1,13.0,10.0,1
bin_leadingones_010,leadingones,bin,800,easy,"GA(pop=100,pc=0.9,pm=0.02)",GA,2,12.0,10.0,1
bin_leadingones_010,leadingones,bin,800,easy,"UMDA(pop=50,elite=0.2)",UMDA,0,13.0,10.0,1
bin_leadingones_010,leadingones,bin,800,easy,"UMDA(pop=50,elite=0.2)",UMDA,1,16.0,10.0,1
bin_leadingones_010,leadingones,bin,800,easy,"UMDA(pop=50,elite=0.2)",UMDA,2,13.0,10.0,1
bin_leadingones_010,leadingones,bin,800,easy,"UMDA(pop=100,elite=0.2)",UMDA,0,16.0,10.0,1
bin_leadingones_010,leadingones,bin,800,easy,"UMDA(pop=100,elite=0.2)",UMDA,1,23.0,10.0,1
bin_leadingones_010,leadingones,bin,800,easy,"UMDA(pop=100,elite=0.2)",UMDA,2,14.0,10.0,1
bin_leadingones_010,leadingones,bin,800,med,RS_BIN,RS_BIN,0,9.0,10.0,0
bin_leadingones_010,leadingones,bin,800,med,RS_BIN,RS_BIN,1,7.0,10.0,0
bin_leadingones_010,leadingones,bin,800,med,RS_BIN,RS_BIN,2,9.0,10.0,0
bin_leadingones_010,leadingones,bin,800,med,HC(flips=1),HC,0,17.0,10.0,1
bin_leadingones_010,leadingones,bin,800,med,HC(flips=1),HC,1,16.0,10.0,1
bin_leadingones_010,leadingones,bin,800,med,HC(flips=1),HC,2,19.0,10.0,1
bin_leadingones_010,leadingones,bin,800,med,HC(flips=2),HC,0,31.0,10.0,1
bin_leadingones_010,leadingones,bin,800,med,HC(flips=2),HC,1,43.0,10.0,1
bin_leadingones_010,leadingones,bin,800,med,HC(flips=2),HC,2,15.0,10.0,1
bin_leadingones_010,leadingones,bin,800,med,"SA(T0=1.0,alpha=0.995,flips=1)",SA,0,15.0,10.0,1
bin_leadingones_010,leadingones,bin,800,med,"SA(T0=1.0,alpha=0.995,flips=1)",SA,1,29.0,10.0,1
bin_leadingones_010,leadingones,bin,800,med,"SA(T0=1.0,alpha=0.995,flips=1)",SA,2,12.0,10.0,1
bin_leadingones_010,leadingones,bin,800,med,"SA(T0=2.0,alpha=0.99,flips=1)",SA,0,17.0,10.0,1
bin_leadingones_010,leadingones,bin,800,med,"SA(T0=2.0,alpha=0.99,flips=1)",SA,1,22.0,10.0,1
bin_leadingones_010,leadingones,bin,800,med,"SA(T0=2.0,alpha=0.99,flips=1)",SA,2,23.0,10.0,1
bin_leadingones_010,leadingones,bin,800,med,"SA(T0=2.0,alpha=0.995,flips=2)",SA,0,27.0,10.0,1
bin_leadingones_010,leadingones,bin,800,med,"SA(T0=2.0,alpha=0.995,flips=2)",SA,1,35.0,10.0,1
bin_leadingones_010,leadingones,bin,800,med,"SA(T0=2.0,alpha=0.995,flips=2)",SA,2,31.0,10.0,1
bin_leadingones_010,leadingones,bin,800,med,TABU(tenure=7),TABU,0,23.0,10.0,1
bin_leadingones_010,leadingones,bin,800,med,TABU(tenure=7),TABU,1,22.0,10.0,1
bin_leadingones_010,leadingones,bin,800,med,TABU(tenure=7),TABU,2,41.0,10.0,1
bin_leadingones_010,leadingones,bin,800,med,TABU(tenure=12),TABU,0,29.0,10.0,1
bin_leadingones_010,leadingones,bin,800,med,TABU(tenure=12),TABU,1,19.0,10.0,1
bin_leadingones_010,leadingones,bin,800,med,TABU(tenure=12),TABU,2,20.0,10.0,1
bin_leadingones_010,leadingones,bin,800,med,"GA(pop=50,pc=0.9,pm=0.02)",GA,0,14.0,10.0,1
bin_leadingones_010,leadingones,bin,800,med,"GA(pop=50,pc=0.9,pm=0.02)",GA,1,15.0,10.0,1
bin_leadingones_010,leadingones,bin,800,med,"GA(pop=50,pc=0.9,pm=0.02)",GA,2,9.0,10.0,0
bin_leadingones_010,leadingones,bin,800,med,"GA(pop=50,pc=0.9,pm=0.05)",GA,0,16.0,10.0,1
bin_leadingones_010,leadingones,bin,800,med,"GA(pop=50,pc=0.9,pm=0.05)",GA,1,19.0,10.0,1
bin_leadingones_010,leadingones,bin,800,med,"GA(pop=50,pc=0.9,pm=0.05)",GA,2,13.0,10.0,1
bin_leadingones_010,leadingones,bin,800,med,"GA(pop=100,pc=0.9,pm=0.02)",GA,0,12.0,10.0,1
bin_leadingones_010,leadingones,bin,800,med,"GA(pop=100,pc=0.9,pm=0.02)",GA,1,13.0,10.0,1
bin_leadingones_010,leadingones,bin,800,med,"GA(pop=100,pc=0.9,pm=0.02)",GA,2,11.0,10.0,1
bin_leadingones_010,leadingones,bin,800,med,"UMDA(pop=50,elite=0.2)",UMDA,0,11.0,10.0,1
bin_leadingones_010,leadingones,bin,800,med,"UMDA(pop=50,elite=0.2)",UMDA,1,16.0,10.0,1
bin_leadingones_010,leadingones,bin,800,med,"UMDA(pop=50,elite=0.2)",UMDA,2,13.0,10.0,1
bin_leadingones_010,leadingones,bin,800,med,"UMDA(pop=100,elite=0.2)",UMDA,0,16.0,10.0,1
bin_leadingones_010,leadingones,bin,800,med,"UMDA(pop=100,elite=0.2)",UMDA,1,24.0,10.0,1
bin_leadingones_010,leadingones,bin,800,med,"UMDA(pop=100,elite=0.2)",UMDA,2,24.0,10.0,1
bin_leadingones_010,leadingones,bin,800,hard,RS_BIN,RS_BIN,0,9.0,11.0,0
bin_leadingones_010,leadingones,bin,800,hard,RS_BIN,RS_BIN,1,9.0,11.0,0
bin_leadingones_010,leadingones,bin,800,hard,RS_BIN,RS_BIN,2,11.0,11.0,1
bin_leadingones_010,leadingones,bin,800,hard,HC(flips=1),HC,0,23.0,11.0,1
bin_leadingones_010,leadingones,bin,800,hard,HC(flips=1),HC,1,24.0,11.0,1
bin_leadingones_010,leadingones,bin,800,hard,HC(flips=1),HC,2,25.0,11.0,1
bin_leadingones_010,leadingones,bin,800,hard,HC(flips=2),HC,0,35.0,11.0,1
bin_leadingones_010,leadingones,bin,800,hard,HC(flips=2),HC,1,34.0,11.0,1
bin_leadingones_010,leadingones,bin,800,hard,HC(flips=2),HC,2,23.0,11.0,1
bin_leadingones_010,leadingones,bin,800,hard,"SA(T0=1.0,alpha=0.995,flips=1)",SA,0,14.0,11.0,1
bin_leadingones_010,leadingones,bin,800,hard,"SA(T0=1.0,alpha=0.995,flips=1)",SA,1,17.0,11.0,1
bin_leadingones_010,leadingones,bin,800,hard,"SA(T0=1.0,alpha=0.995,flips=1)",SA,2,10.0,11.0,0
bin_leadingones_010,leadingones,bin,800,hard,"SA(T0=2.0,alpha=0.99,flips=1)",SA,0,13.0,11.0,1
bin_leadingones_010,leadingones,bin,800,hard,"SA(T0=2.0,alpha=0.99,flips=1)",SA,1,19.0,11.0,1
bin_leadingones_010,leadingones,bin,800,hard,"SA(T0=2.0,alpha=0.99,flips=1)",SA,2,39.0,11.0,1
bin_leadingones_010,leadingones,bin,800,hard,"SA(T0=2.0,alpha=0.995,flips=2)",SA,0,27.0,11.0,1
bin_leadingones_010,leadingones,bin,800,hard,"SA(T0=2.0,alpha=0.995,flips=2)",SA,1,28.0,11.0,1
bin_leadingones_010,leadingones,bin,800,hard,"SA(T0=2.0,alpha=0.995,flips=2)",SA,2,24.0,11.0,1
bin_leadingones_010,leadingones,bin,800,hard,TABU(tenure=7),TABU,0,32.0,11.0,1
bin_leadingones_010,leadingones,bin,800,hard,TABU(tenure=7),TABU,1,13.0,11.0,1
bin_leadingones_010,leadingones,bin,800,hard,TABU(tenure=7),TABU,2,29.0,11.0,1
bin_leadingones_010,leadingones,bin,800,hard,TABU(tenure=12),TABU,0,21.0,11.0,1
bin_leadingones_010,leadingones,bin,800,hard,TABU(tenure=12),TABU,1,25.0,11.0,1
bin_leadingones_010,leadingones,bin,800,hard,TABU(tenure=12),TABU,2,37.0,11.0,1
bin_leadingones_010,leadingones,bin,800,hard,"GA(pop=50,pc=0.9,pm=0.02)",GA,0,13.0,11.0,1
bin_leadingones_010,leadingones,bin,800,hard,"GA(pop=50,pc=0.9,pm=0.02)",GA,1,18.0,11.0,1
bin_leadingones_010,leadingones,bin,800,hard,"GA(pop=50,pc=0.9,pm=0.02)",GA,2,14.0,11.0,1
bin_leadingones_010,leadingones,bin,800,hard,"GA(pop=50,pc=0.9,pm=0.05)",GA,0,20.0,11.0,1
bin_leadingones_010,leadingones,bin,800,hard,"GA(pop=50,pc=0.9,pm=0.05)",GA,1,19.0,11.0,1
bin_leadingones_010,leadingones,bin,800,hard,"GA(pop=50,pc=0.9,pm=0.05)",GA,2,10.0,11.0,0
bin_leadingones_010,leadingones,bin,800,hard,"GA(pop=100,pc=0.9,pm=0.02)",GA,0,8.0,11.0,0
bin_leadingones_010,leadingones,bin,800,hard,"GA(pop=100,pc=0.9,pm=0.02)",GA,1,12.0,11.0,1
bin_leadingones_010,leadingones,bin,800,hard,"GA(pop=100,pc=0.9,pm=0.02)",GA,2,10.0,11.0,0
bin_leadingones_010,leadingones,bin,800,hard,"UMDA(pop=50,elite=0.2)",UMDA,0,14.0,11.0,1
bin_leadingones_010,leadingones,bin,800,hard,"UMDA(pop=50,elite=0.2)",UMDA,1,25.0,11.0,1
bin_leadingones_010,leadingones,bin,800,hard,"UMDA(pop=50,elite=0.2)",UMDA,2,13.0,11.0,1
bin_leadingones_010,leadingones,bin,800,hard,"UMDA(pop=100,elite=0.2)",UMDA,0,22.0,11.0,1
bin_leadingones_010,leadingones,bin,800,hard,"UMDA(pop=100,elite=0.2)",UMDA,1,16.0,11.0,1
bin_leadingones_010,leadingones,bin,800,hard,"UMDA(pop=100,elite=0.2)",UMDA,2,22.0,11.0,1
bin_knapsack01_011,knapsack01,bin,300,easy,RS_BIN,RS_BIN,0,-1854.0,-3952.0,1
bin_knapsack01_011,knapsack01,bin,300,easy,RS_BIN,RS_BIN,1,-3646.0,-3952.0,1
bin_knapsack01_011,knapsack01,bin,300,easy,RS_BIN,RS_BIN,2,-5101.0,-3952.0,0
bin_knapsack01_011,knapsack01,bin,300,easy,HC(flips=1),HC,0,318.0,-3952.0,1
bin_knapsack01_011,knapsack01,bin,300,easy,HC(flips=1),HC,1,332.0,-3952.0,1
bin_knapsack01_011,knapsack01,bin,300,easy,HC(flips=1),HC,2,343.0,-3952.0,1
bin_knapsack01_011,knapsack01,bin,300,easy,HC(flips=2),HC,0,543.0,-3952.0,1
bin_knapsack01_011,knapsack01,bin,300,easy,HC(flips=2),HC,1,591.0,-3952.0,1
bin_knapsack01_011,knapsack01,bin,300,easy,HC(flips=2),HC,2,608.0,-3952.0,1
bin_knapsack01_011,knapsack01,bin,300,easy,"SA(T0=1.0,alpha=0.995,flips=1)",SA,0,337.0,-3952.0,1
bin_knapsack01_011,knapsack01,bin,300,easy,"SA(T0=1.0,alpha=0.995,flips=1)",SA,1,315.0,-3952.0,1
bin_knapsack01_011,knapsack01,bin,300,easy,"SA(T0=1.0,alpha=0.995,flips=1)",SA,2,248.0,-3952.0,1
bin_knapsack01_011,knapsack01,bin,300,easy,"SA(T0=2.0,alpha=0.99,flips=1)",SA,0,333.0,-3952.0,1
bin_knapsack01_011,knapsack01,bin,300,easy,"SA(T0=2.0,alpha=0.99,flips=1)",SA,1,342.0,-3952.0,1
bin_knapsack01_011,knapsack01,bin,300,easy,"SA(T0=2.0,alpha=0.99,flips=1)",SA,2,268.0,-3952.0,1
bin_knapsack01_011,knapsack01,bin,300,easy,"SA(T0=2.0,alpha=0.995,flips=2)",SA,0,539.0,-3952.0,1
bin_knapsack01_011,knapsack01,bin,300,easy,"SA(T0=2.0,alpha=0.995,flips=2)",SA,1,583.0,-3952.0,1
bin_knapsack01_011,knapsack01,bin,300,easy,"SA(T0=2.0,alpha=0.995,flips=2)",SA,2,561.0,-3952.0,1
bin_knapsack01_011,knapsack01,bin,300,easy,TABU(tenure=7),TABU,0,456.0,-3952.0,1
bin_knapsack01_011,knapsack01,bin,300,easy,TABU(tenure=7),TABU,1,513.0,-3952.0,1
bin_knapsack01_011,knapsack01,bin,300,easy,TABU(tenure=7),TABU,2,427.0,-3952.0,1
bin_knapsack01_011,knapsack01,bin,300,easy,TABU(tenure=12),TABU,0,477.0,-3952.0,1
bin_knapsack01_011,knapsack01,bin,300,easy,TABU(tenure=12),TABU,1,-768.0,-3952.0,1
bin_knapsack01_011,knapsack01,bin,300,easy,TABU(tenure=12),TABU,2,489.0,-3952.0,1
bin_knapsack01_011,knapsack01,bin,300,easy,"GA(pop=50,pc=0.9,pm=0.02)",GA,0,449.0,-3952.0,1
bin_knapsack01_011,knapsack01,bin,300,easy,"GA(pop=50,pc=0.9,pm=0.02)",GA,1,354.0,-3952.0,1
bin_knapsack01_011,knapsack01,bin,300,easy,"GA(pop=50,pc=0.9,pm=0.02)",GA,2,462.0,-3952.0,1
bin_knapsack01_011,knapsack01,bin,300,easy,"GA(pop=50,pc=0.9,pm=0.05)",GA,0,224.0,-3952.0,1
bin_knapsack01_011,knapsack01,bin,300,easy,"GA(pop=50,pc=0.9,pm=0.05)",GA,1,424.0,-3952.0,1
bin_knapsack01_011,knapsack01,bin,300,easy,"GA(pop=50,pc=0.9,pm=0.05)",GA,2,368.0,-3952.0,1
bin_knapsack01_011,knapsack01,bin,300,easy,"GA(pop=100,pc=0.9,pm=0.02)",GA,0,-2670.0,-3952.0,1
bin_knapsack01_011,knapsack01,bin,300,easy,"GA(pop=100,pc=0.9,pm=0.02)",GA,1,-2540.0,-3952.0,1
bin_knapsack01_011,knapsack01,bin,300,easy,"GA(pop=100,pc=0.9,pm=0.02)",GA,2,-1535.0,-3952.0,1
bin_knapsack01_011,knapsack01,bin,300,easy,"UMDA(pop=50,elite=0.2)",UMDA,0,492.0,-3952.0,1
bin_knapsack01_011,knapsack01,bin,300,easy,"UMDA(pop=50,elite=0.2)",UMDA,1,469.0,-3952.0,1
bin_knapsack01_011,knapsack01,bin,300,easy,"UMDA(pop=50,elite=0.2)",UMDA,2,522.0,-3952.0,1
bin_knapsack01_011,knapsack01,bin,300,easy,"UMDA(pop=100,elite=0.2)",UMDA,0,449.0,-3952.0,1
bin_knapsack01_011,knapsack01,bin,300,easy,"UMDA(pop=100,elite=0.2)",UMDA,1,455.0,-3952.0,1
bin_knapsack01_011,knapsack01,bin,300,easy,"UMDA(pop=100,elite=0.2)",UMDA,2,424.0,-3952.0,1
bin_knapsack01_011,knapsack01,bin,300,med,RS_BIN,RS_BIN,0,-5269.0,-2925.25,0
bin_knapsack01_011,knapsack01,bin,300,med,RS_BIN,RS_BIN,1,-935.0,-2925.25,1
bin_knapsack01_011,knapsack01,bin,300,med,RS_BIN,RS_BIN,2,-3589.0,-2925.25,0
bin_knapsack01_011,knapsack01,bin,300,med,HC(flips=1),HC,0,250.0,-2925.25,1
bin_knapsack01_011,knapsack01,bin,300,med,HC(flips=1),HC,1,343.0,-2925.25,1
bin_knapsack01_011,knapsack01,bin,300,med,HC(flips=1),HC,2,291.0,-2925.25,1
bin_knapsack01_011,knapsack01,bin,300,med,HC(flips=2),HC,0,556.0,-2925.25,1
bin_knapsack01_011,knapsack01,bin,300,med,HC(flips=2),HC,1,481.0,-2925.25,1
bin_knapsack01_011,knapsack01,bin,300,med,HC(flips=2),HC,2,552.0,-2925.25,1
bin_knapsack01_011,knapsack01,bin,300,med,"SA(T0=1.0,alpha=0.995,flips=1)",SA,0,340.0,-2925.25,1
bin_knapsack01_011,knapsack01,bin,300,med,"SA(T0=1.0,alpha=0.995,flips=1)",SA,1,237.0,-2925.25,1
bin_knapsack01_011,knapsack01,bin,300,med,"SA(T0=1.0,alpha=0.995,flips=1)",SA,2,348.0,-2925.25,1
bin_knapsack01_011,knapsack01,bin,300,med,"SA(T0=2.0,alpha=0.99,flips=1)",SA,0,305.0,-2925.25,1
bin_knapsack01_011,knapsack01,bin,300,med,"SA(T0=2.0,alpha=0.99,flips=1)",SA,1,333.0,-2925.25,1
bin_knapsack01_011,knapsack01,bin,300,med,"SA(T0=2.0,alpha=0.99,flips=1)",SA,2,284.0,-2925.25,1
bin_knapsack01_011,knapsack01,bin,300,med,"SA(T0=2.0,alpha=0.995,flips=2)",SA,0,529.0,-2925.25,1
bin_knapsack01_011,knapsack01,bin,300,med,"SA(T0=2.0,alpha=0.995,flips=2)",SA,1,563.0,-2925.25,1
bin_knapsack01_011,knapsack01,bin,300,med,"SA(T0=2.0,alpha=0.995,flips=2)",SA,2,561.0,-2925.25,1
bin_knapsack01_011,knapsack01,bin,300,med,TABU(tenure=7),TABU,0,445.0,-2925.25,1
bin_knapsack01_011,knapsack01,bin,300,med,TABU(tenure=7),TABU,1,508.0,-2925.25,1
bin_knapsack01_011,knapsack01,bin,300,med,TABU(tenure=7),TABU,2,378.0,-2925.25,1
bin_knapsack01_011,knapsack01,bin,300,med,TABU(tenure=12),TABU,0,468.0,-2925.25,1
bin_knapsack01_011,knapsack01,bin,300,med,TABU(tenure=12),TABU,1,525.0,-2925.25,1
bin_knapsack01_011,knapsack01,bin,300,med,TABU(tenure=12),TABU,2,443.0,-2925.25,1
bin_knapsack01_011,knapsack01,bin,300,med,"GA(pop=50,pc=0.9,pm=0.02)",GA,0,-1080.0,-2925.25,1
bin_knapsack01_011,knapsack01,bin,300,med,"GA(pop=50,pc=0.9,pm=0.02)",GA,1,343.0,-2925.25,1
bin_knapsack01_011,knapsack01,bin,300,med,"GA(pop=50,pc=0.9,pm=0.02)",GA,2,286.0,-2925.25,1
bin_knapsack01_011,knapsack01,bin,300,med,"GA(pop=50,pc=0.9,pm=0.05)",GA,0,-136.0,-2925.25,1
bin_knapsack01_011,knapsack01,bin,300,med,"GA(pop=50,pc=0.9,pm=0.05)",GA,1,370.0,-2925.25,1
bin_knapsack01_011,knapsack01,bin,300,med,"GA(pop=50,pc=0.9,pm=0.05)",GA,2,322.0,-2925.25,1
bin_knapsack01_011,knapsack01,bin,300,med,"GA(pop=100,pc=0.9,pm=0.02)",GA,0,-1663.0,-2925.25,1
bin_knapsack01_011,knapsack01,bin,300,med,"GA(pop=100,pc=0.9,pm=0.02)",GA,1,-3219.0,-2925.25,0
bin_knapsack01_011,knapsack01,bin,300,med,"GA(pop=100,pc=0.9,pm=0.02)",GA,2,-2333.0,-2925.25,1
bin_knapsack01_011,knapsack01,bin,300,med,"UMDA(pop=50,elite=0.2)",UMDA,0,435.0,-2925.25,1
bin_knapsack01_011,knapsack01,bin,300,med,"UMDA(pop=50,elite=0.2)",UMDA,1,524.0,-2925.25,1
bin_knapsack01_011,knapsack01,bin,300,med,"UMDA(pop=50,elite=0.2)",UMDA,2,441.0,-2925.25,1
bin_knapsack01_011,knapsack01,bin,300,med,"UMDA(pop=100,elite=0.2)",UMDA,0,450.0,-2925.25,1
bin_knapsack01_011,knapsack01,bin,300,med,"UMDA(pop=100,elite=0.2)",UMDA,1,411.0,-2925.25,1
bin_knapsack01_011,knapsack01,bin,300,med,"UMDA(pop=100,elite=0.2)",UMDA,2,457.0,-2925.25,1
bin_knapsack01_011,knapsack01,bin,300,hard,RS_BIN,RS_BIN,0,-3087.0,-2487.9,0
bin_knapsack01_011,knapsack01,bin,300,hard,RS_BIN,RS_BIN,1,-4260.0,-2487.9,0
bin_knapsack01_011,knapsack01,bin,300,hard,RS_BIN,RS_BIN,2,-3758.0,-2487.9,0
bin_knapsack01_011,knapsack01,bin,300,hard,HC(flips=1),HC,0,329.0,-2487.9,1
bin_knapsack01_011,knapsack01,bin,300,hard,HC(flips=1),HC,1,286.0,-2487.9,1
bin_knapsack01_011,knapsack01,bin,300,hard,HC(flips=1),HC,2,276.0,-2487.9,1
bin_knapsack01_011,knapsack01,bin,300,hard,HC(flips=2),HC,0,601.0,-2487.9,1
bin_knapsack01_011,knapsack01,bin,300,hard,HC(flips=2),HC,1,535.0,-2487.9,1
bin_knapsack01_011,knapsack01,bin,300,hard,HC(flips=2),HC,2,557.0,-2487.9,1
bin_knapsack01_011,knapsack01,bin,300,hard,"SA(T0=1.0,alpha=0.995,flips=1)",SA,0,398.0,-2487.9,1
bin_knapsack01_011,knapsack01,bin,300,hard,"SA(T0=1.0,alpha=0.995,flips=1)",SA,1,408.0,-2487.9,1
bin_knapsack01_011,knapsack01,bin,300,hard,"SA(T0=1.0,alpha=0.995,flips=1)",SA,2,312.0,-2487.9,1
bin_knapsack01_011,knapsack01,bin,300,hard,"SA(T0=2.0,alpha=0.99,flips=1)",SA,0,300.0,-2487.9,1
bin_knapsack01_011,knapsack01,bin,300,hard,"SA(T0=2.0,alpha=0.99,flips=1)",SA,1,296.0,-2487.9,1
bin_knapsack01_011,knapsack01,bin,300,hard,"SA(T0=2.0,alpha=0.99,flips=1)",SA,2,315.0,-2487.9,1
bin_knapsack01_011,knapsack01,bin,300,hard,"SA(T0=2.0,alpha=0.995,flips=2)",SA,0,529.0,-2487.9,1
bin_knapsack01_011,knapsack01,bin,300,hard,"SA(T0=2.0,alpha=0.995,flips=2)",SA,1,527.0,-2487.9,1
bin_knapsack01_011,knapsack01,bin,300,hard,"SA(T0=2.0,alpha=0.995,flips=2)",SA,2,560.0,-2487.9,1
bin_knapsack01_011,knapsack01,bin,300,hard,TABU(tenure=7),TABU,0,493.0,-2487.9,1
bin_knapsack01_011,knapsack01,bin,300,hard,TABU(tenure=7),TABU,1,483.0,-2487.9,1
bin_knapsack01_011,knapsack01,bin,300,hard,TABU(tenure=7),TABU,2,415.0,-2487.9,1
bin_knapsack01_011,knapsack01,bin,300,hard,TABU(tenure=12),TABU,0,502.0,-2487.9,1
bin_knapsack01_011,knapsack01,bin,300,hard,TABU(tenure=12),TABU,1,-1344.0,-2487.9,1
bin_knapsack01_011,knapsack01,bin,300,hard,TABU(tenure=12),TABU,2,422.0,-2487.9,1
bin_knapsack01_011,knapsack01,bin,300,hard,"GA(pop=50,pc=0.9,pm=0.02)",GA,0,408.0,-2487.9,1
bin_knapsack01_011,knapsack01,bin,300,hard,"GA(pop=50,pc=0.9,pm=0.02)",GA,1,371.0,-2487.9,1
bin_knapsack01_011,knapsack01,bin,300,hard,"GA(pop=50,pc=0.9,pm=0.02)",GA,2,373.0,-2487.9,1
bin_knapsack01_011,knapsack01,bin,300,hard,"GA(pop=50,pc=0.9,pm=0.05)",GA,0,396.0,-2487.9,1
bin_knapsack01_011,knapsack01,bin,300,hard,"GA(pop=50,pc=0.9,pm=0.05)",GA,1,349.0,-2487.9,1
bin_knapsack01_011,knapsack01,bin,300,hard,"GA(pop=50,pc=0.9,pm=0.05)",GA,2,297.0,-2487.9,1
bin_knapsack01_011,knapsack01,bin,300,hard,"GA(pop=100,pc=0.9,pm=0.02)",GA,0,-2114.0,-2487.9,1
bin_knapsack01_011,knapsack01,bin,300,hard,"GA(pop=100,pc=0.9,pm=0.02)",GA,1,-4046.0,-2487.9,0
bin_knapsack01_011,knapsack01,bin,300,hard,"GA(pop=100,pc=0.9,pm=0.02)",GA,2,-3444.0,-2487.9,0
bin_knapsack01_011,knapsack01,bin,300,hard,"UMDA(pop=50,elite=0.2)",UMDA,0,477.0,-2487.9,1
bin_knapsack01_011,knapsack01,bin,300,hard,"UMDA(pop=50,elite=0.2)",UMDA,1,456.0,-2487.9,1
bin_knapsack01_011,knapsack01,bin,300,hard,"UMDA(pop=50,elite=0.2)",UMDA,2,474.0,-2487.9,1
bin_knapsack01_011,knapsack01,bin,300,hard,"UMDA(pop=100,elite=0.2)",UMDA,0,437.0,-2487.9,1
bin_knapsack01_011,knapsack01,bin,300,hard,"UMDA(pop=100,elite=0.2)",UMDA,1,377.0,-2487.9,1
bin_knapsack01_011,knapsack01,bin,300,hard,"UMDA(pop=100,elite=0.2)",UMDA,2,424.0,-2487.9,1
bin_knapsack01_011,knapsack01,bin,800,easy,RS_BIN,RS_BIN,0,-1636.0,-3656.5,1
bin_knapsack01_011,knapsack01,bin,800,easy,RS_BIN,RS_BIN,1,-3376.0,-3656.5,1
bin_knapsack01_011,knapsack01,bin,800,easy,RS_BIN,RS_BIN,2,-3270.0,-3656.5,1
bin_knapsack01_011,knapsack01,bin,800,easy,HC(flips=1),HC,0,373.0,-3656.5,1
bin_knapsack01_011,knapsack01,bin,800,easy,HC(flips=1),HC,1,414.0,-3656.5,1
bin_knapsack01_011,knapsack01,bin,800,easy,HC(flips=1),HC,2,376.0,-3656.5,1
bin_knapsack01_011,knapsack01,bin,800,easy,HC(flips=2),HC,0,599.0,-3656.5,1
bin_knapsack01_011,knapsack01,bin,800,easy,HC(flips=2),HC,1,622.0,-3656.5,1
bin_knapsack01_011,knapsack01,bin,800,easy,HC(flips=2),HC,2,603.0,-3656.5,1
bin_knapsack01_011,knapsack01,bin,800,easy,"SA(T0=1.0,alpha=0.995,flips=1)",SA,0,265.0,-3656.5,1
bin_knapsack01_011,knapsack01,bin,800,easy,"SA(T0=1.0,alpha=0.995,flips=1)",SA,1,208.0,-3656.5,1
bin_knapsack01_011,knapsack01,bin,800,easy,"SA(T0=1.0,alpha=0.995,flips=1)",SA,2,319.0,-3656.5,1
bin_knapsack01_011,knapsack01,bin,800,easy,"SA(T0=2.0,alpha=0.99,flips=1)",SA,0,267.0,-3656.5,1
bin_knapsack01_011,knapsack01,bin,800,easy,"SA(T0=2.0,alpha=0.99,flips=1)",SA,1,373.0,-3656.5,1
bin_knapsack01_011,knapsack01,bin,800,easy,"SA(T0=2.0,alpha=0.99,flips=1)",SA,2,313.0,-3656.5,1
bin_knapsack01_011,knapsack01,bin,800,easy,"SA(T0=2.0,alpha=0.995,flips=2)",SA,0,613.0,-3656.5,1
bin_knapsack01_011,knapsack01,bin,800,easy,"SA(T0=2.0,alpha=0.995,flips=2)",SA,1,609.0,-3656.5,1
bin_knapsack01_011,knapsack01,bin,800,easy,"SA(T0=2.0,alpha=0.995,flips=2)",SA,2,637.0,-3656.5,1
bin_knapsack01_011,knapsack01,bin,800,easy,TABU(tenure=7),TABU,0,622.0,-3656.5,1
bin_knapsack01_011,knapsack01,bin,800,easy,TABU(tenure=7),TABU,1,579.0,-3656.5,1
bin_knapsack01_011,knapsack01,bin,800,easy,TABU(tenure=7),TABU,2,617.0,-3656.5,1
bin_knapsack01_011,knapsack01,bin,800,easy,TABU(tenure=12),TABU,0,600.0,-3656.5,1
bin_knapsack01_011,knapsack01,bin,800,easy,TABU(tenure=12),TABU,1,598.0,-3656.5,1
bin_knapsack01_011,knapsack01,bin,800,easy,TABU(tenure=12),TABU,2,585.0,-3656.5,1
bin_knapsack01_011,knapsack01,bin,800,easy,"GA(pop=50,pc=0.9,pm=0.02)",GA,0,501.0,-3656.5,1
bin_knapsack01_011,knapsack01,bin,800,easy,"GA(pop=50,pc=0.9,pm=0.02)",GA,1,506.0,-3656.5,1
bin_knapsack01_011,knapsack01,bin,800,easy,"GA(pop=50,pc=0.9,pm=0.02)",GA,2,502.0,-3656.5,1
bin_knapsack01_011,knapsack01,bin,800,easy,"GA(pop=50,pc=0.9,pm=0.05)",GA,0,446.0,-3656.5,1
bin_knapsack01_011,knapsack01,bin,800,easy,"GA(pop=50,pc=0.9,pm=0.05)",GA,1,481.0,-3656.5,1
bin_knapsack01_011,knapsack01,bin,800,easy,"GA(pop=50,pc=0.9,pm=0.05)",GA,2,458.0,-3656.5,1
bin_knapsack01_011,knapsack01,bin,800,easy,"GA(pop=100,pc=0.9,pm=0.02)",GA,0,461.0,-3656.5,1
bin_knapsack01_011,knapsack01,bin,800,easy,"GA(pop=100,pc=0.9,pm=0.02)",GA,1,441.0,-3656.5,1
bin_knapsack01_011,knapsack01,bin,800,easy,"GA(pop=100,pc=0.9,pm=0.02)",GA,2,424.0,-3656.5,1
bin_knapsack01_011,knapsack01,bin,800,easy,"UMDA(pop=50,elite=0.2)",UMDA,0,594.0,-3656.5,1
bin_knapsack01_011,knapsack01,bin,800,easy,"UMDA(pop=50,elite=0.2)",UMDA,1,617.0,-3656.5,1
bin_knapsack01_011,knapsack01,bin,800,easy,"UMDA(pop=50,elite=0.2)",UMDA,2,578.0,-3656.5,1
bin_knapsack01_011,knapsack01,bin,800,easy,"UMDA(pop=100,elite=0.2)",UMDA,0,567.0,-3656.5,1
bin_knapsack01_011,knapsack01,bin,800,easy,"UMDA(pop=100,elite=0.2)",UMDA,1,549.0,-3656.5,1
bin_knapsack01_011,knapsack01,bin,800,easy,"UMDA(pop=100,elite=0.2)",UMDA,2,557.0,-3656.5,1
bin_knapsack01_011,knapsack01,bin,800,med,RS_BIN,RS_BIN,0,409.0,-2955.75,1
bin_knapsack01_011,knapsack01,bin,800,med,RS_BIN,RS_BIN,1,-2350.0,-2955.75,1
bin_knapsack01_011,knapsack01,bin,800,med,RS_BIN,RS_BIN,2,-3206.0,-2955.75,0
bin_knapsack01_011,knapsack01,bin,800,med,HC(flips=1),HC,0,293.0,-2955.75,1
bin_knapsack01_011,knapsack01,bin,800,med,HC(flips=1),HC,1,341.0,-2955.75,1
bin_knapsack01_011,knapsack01,bin,800,med,HC(flips=1),HC,2,334.0,-2955.75,1
bin_knapsack01_011,knapsack01,bin,800,med,HC(flips=2),HC,0,635.0,-2955.75,1
bin_knapsack01_011,knapsack01,bin,800,med,HC(flips=2),HC,1,597.0,-2955.75,1
bin_knapsack01_011,knapsack01,bin,800,med,HC(flips=2),HC,2,613.0,-2955.75,1
bin_knapsack01_011,knapsack01,bin,800,med,"SA(T0=1.0,alpha=0.995,flips=1)",SA,0,397.0,-2955.75,1
bin_knapsack01_011,knapsack01,bin,800,med,"SA(T0=1.0,alpha=0.995,flips=1)",SA,1,369.0,-2955.75,1
bin_knapsack01_011,knapsack01,bin,800,med,"SA(T0=1.0,alpha=0.995,flips=1)",SA,2,421.0,-2955.75,1
bin_knapsack01_011,knapsack01,bin,800,med,"SA(T0=2.0,alpha=0.99,flips=1)",SA,0,446.0,-2955.75,1
bin_knapsack01_011,knapsack01,bin,800,med,"SA(T0=2.0,alpha=0.99,flips=1)",SA,1,266.0,-2955.75,1
bin_knapsack01_011,knapsack01,bin,800,med,"SA(T0=2.0,alpha=0.99,flips=1)",SA,2,301.0,-2955.75,1
bin_knapsack01_011,knapsack01,bin,800,med,"SA(T0=2.0,alpha=0.995,flips=2)",SA,0,622.0,-2955.75,1
bin_knapsack01_011,knapsack01,bin,800,med,"SA(T0=2.0,alpha=0.995,flips=2)",SA,1,587.0,-2955.75,1
bin_knapsack01_011,knapsack01,bin,800,med,"SA(T0=2.0,alpha=0.995,flips=2)",SA,2,613.0,-2955.75,1
bin_knapsack01_011,knapsack01,bin,800,med,TABU(tenure=7),TABU,0,624.0,-2955.75,1
bin_knapsack01_011,knapsack01,bin,800,med,TABU(tenure=7),TABU,1,584.0,-2955.75,1
bin_knapsack01_011,knapsack01,bin,800,med,TABU(tenure=7),TABU,2,583.0,-2955.75,1
bin_knapsack01_011,knapsack01,bin,800,med,TABU(tenure=12),TABU,0,596.0,-2955.75,1
bin_knapsack01_011,knapsack01,bin,800,med,TABU(tenure=12),TABU,1,579.0,-2955.75,1
bin_knapsack01_011,knapsack01,bin,800,med,TABU(tenure=12),TABU,2,632.0,-2955.75,1
bin_knapsack01_011,knapsack01,bin,800,med,"GA(pop=50,pc=0.9,pm=0.02)",GA,0,498.0,-2955.75,1
bin_knapsack01_011,knapsack01,bin,800,med,"GA(pop=50,pc=0.9,pm=0.02)",GA,1,489.0,-2955.75,1
bin_knapsack01_011,knapsack01,bin,800,med,"GA(pop=50,pc=0.9,pm=0.02)",GA,2,507.0,-2955.75,1
bin_knapsack01_011,knapsack01,bin,800,med,"GA(pop=50,pc=0.9,pm=0.05)",GA,0,467.0,-2955.75,1
bin_knapsack01_011,knapsack01,bin,800,med,"GA(pop=50,pc=0.9,pm=0.05)",GA,1,533.0,-2955.75,1
bin_knapsack01_011,knapsack01,bin,800,med,"GA(pop=50,pc=0.9,pm=0.05)",GA,2,452.0,-2955.75,1
bin_knapsack01_011,knapsack01,bin,800,med,"GA(pop=100,pc=0.9,pm=0.02)",GA,0,430.0,-2955.75,1
bin_knapsack01_011,knapsack01,bin,800,med,"GA(pop=100,pc=0.9,pm=0.02)",GA,1,441.0,-2955.75,1
bin_knapsack01_011,knapsack01,bin,800,med,"GA(pop=100,pc=0.9,pm=0.02)",GA,2,458.0,-2955.75,1
bin_knapsack01_011,knapsack01,bin,800,med,"UMDA(pop=50,elite=0.2)",UMDA,0,557.0,-2955.75,1
bin_knapsack01_011,knapsack01,bin,800,med,"UMDA(pop=50,elite=0.2)",UMDA,1,612.0,-2955.75,1
bin_knapsack01_011,knapsack01,bin,800,med,"UMDA(pop=50,elite=0.2)",UMDA,2,591.0,-2955.75,1
bin_knapsack01_011,knapsack01,bin,800,med,"UMDA(pop=100,elite=0.2)",UMDA,0,538.0,-2955.75,1
bin_knapsack01_011,knapsack01,bin,800,med,"UMDA(pop=100,elite=0.2)",UMDA,1,543.0,-2955.75,1
bin_knapsack01_011,knapsack01,bin,800,med,"UMDA(pop=100,elite=0.2)",UMDA,2,568.0,-2955.75,1
bin_knapsack01_011,knapsack01,bin,800,hard,RS_BIN,RS_BIN,0,-3493.0,-2008.4,0
bin_knapsack01_011,knapsack01,bin,800,hard,RS_BIN,RS_BIN,1,-910.0,-2008.4,1
bin_knapsack01_011,knapsack01,bin,800,hard,RS_BIN,RS_BIN,2,-957.0,-2008.4,1
bin_knapsack01_011,knapsack01,bin,800,hard,HC(flips=1),HC,0,333.0,-2008.4,1
bin_knapsack01_011,knapsack01,bin,800,hard,HC(flips=1),HC,1,381.0,-2008.4,1
bin_knapsack01_011,knapsack01,bin,800,hard,HC(flips=1),HC,2,382.0,-2008.4,1
bin_knapsack01_011,knapsack01,bin,800,hard,HC(flips=2),HC,0,613.0,-2008.4,1
bin_knapsack01_011,knapsack01,bin,800,hard,HC(flips=2),HC,1,627.0,-2008.4,1
bin_knapsack01_011,knapsack01,bin,800,hard,HC(flips=2),HC,2,630.0,-2008.4,1
bin_knapsack01_011,knapsack01,bin,800,hard,"SA(T0=1.0,alpha=0.995,flips=1)",SA,0,297.0,-2008.4,1
bin_knapsack01_011,knapsack01,bin,800,hard,"SA(T0=1.0,alpha=0.995,flips=1)",SA,1,305.0,-2008.4,1
bin_knapsack01_011,knapsack01,bin,800,hard,"SA(T0=1.0,alpha=0.995,flips=1)",SA,2,338.0,-2008.4,1
bin_knapsack01_011,knapsack01,bin,800,hard,"SA(T0=2.0,alpha=0.99,flips=1)",SA,0,417.0,-2008.4,1
bin_knapsack01_011,knapsack01,bin,800,hard,"SA(T0=2.0,alpha=0.99,flips=1)",SA,1,310.0,-2008.4,1
bin_knapsack01_011,knapsack01,bin,800,hard,"SA(T0=2.0,alpha=0.99,flips=1)",SA,2,316.0,-2008.4,1
bin_knapsack01_011,knapsack01,bin,800,hard,"SA(T0=2.0,alpha=0.995,flips=2)",SA,0,604.0,-2008.4,1
bin_knapsack01_011,knapsack01,bin,800,hard,"SA(T0=2.0,alpha=0.995,flips=2)",SA,1,579.0,-2008.4,1
bin_knapsack01_011,knapsack01,bin,800,hard,"SA(T0=2.0,alpha=0.995,flips=2)",SA,2,617.0,-2008.4,1
bin_knapsack01_011,knapsack01,bin,800,hard,TABU(tenure=7),TABU,0,618.0,-2008.4,1
bin_knapsack01_011,knapsack01,bin,800,hard,TABU(tenure=7),TABU,1,601.0,-2008.4,1
bin_knapsack01_011,knapsack01,bin,800,hard,TABU(tenure=7),TABU,2,600.0,-2008.4,1
bin_knapsack01_011,knapsack01,bin,800,hard,TABU(tenure=12),TABU,0,600.0,-2008.4,1
bin_knapsack01_011,knapsack01,bin,800,hard,TABU(tenure=12),TABU,1,599.0,-2008.4,1
bin_knapsack01_011,knapsack01,bin,800,hard,TABU(tenure=12),TABU,2,568.0,-2008.4,1
bin_knapsack01_011,knapsack01,bin,800,hard,"GA(pop=50,pc=0.9,pm=0.02)",GA,0,444.0,-2008.4,1
bin_knapsack01_011,knapsack01,bin,800,hard,"GA(pop=50,pc=0.9,pm=0.02)",GA,1,451.0,-2008.4,1
bin_knapsack01_011,knapsack01,bin,800,hard,"GA(pop=50,pc=0.9,pm=0.02)",GA,2,522.0,-2008.4,1
bin_knapsack01_011,knapsack01,bin,800,hard,"GA(pop=50,pc=0.9,pm=0.05)",GA,0,460.0,-2008.4,1
bin_knapsack01_011,knapsack01,bin,800,hard,"GA(pop=50,pc=0.9,pm=0.05)",GA,1,483.0,-2008.4,1
bin_knapsack01_011,knapsack01,bin,800,hard,"GA(pop=50,pc=0.9,pm=0.05)",GA,2,490.0,-2008.4,1
bin_knapsack01_011,knapsack01,bin,800,hard,"GA(pop=100,pc=0.9,pm=0.02)",GA,0,424.0,-2008.4,1
bin_knapsack01_011,knapsack01,bin,800,hard,"GA(pop=100,pc=0.9,pm=0.02)",GA,1,434.0,-2008.4,1
bin_knapsack01_011,knapsack01,bin,800,hard,"GA(pop=100,pc=0.9,pm=0.02)",GA,2,455.0,-2008.4,1
bin_knapsack01_011,knapsack01,bin,800,hard,"UMDA(pop=50,elite=0.2)",UMDA,0,578.0,-2008.4,1
bin_knapsack01_011,knapsack01,bin,800,hard,"UMDA(pop=50,elite=0.2)",UMDA,1,580.0,-2008.4,1
bin_knapsack01_011,knapsack01,bin,800,hard,"UMDA(pop=50,elite=0.2)",UMDA,2,579.0,-2008.4,1
bin_knapsack01_011,knapsack01,bin,800,hard,"UMDA(pop=100,elite=0.2)",UMDA,0,525.0,-2008.4,1
bin_knapsack01_011,knapsack01,bin,800,hard,"UMDA(pop=100,elite=0.2)",UMDA,1,610.0,-2008.4,1
bin_knapsack01_011,knapsack01,bin,800,hard,"UMDA(pop=100,elite=0.2)",UMDA,2,515.0,-2008.4,1
cont_sphere_000,sphere,cont,300,easy,RS_CONT,RS_CONT,0,-27.278992348203143,-27.18955585163669,0
cont_sphere_000,sphere,cont,300,easy,RS_CONT,RS_CONT,1,-26.654667123278582,-27.18955585163669,1
cont_sphere_000,sphere,cont,300,easy,RS_CONT,RS_CONT,2,-28.84437864708244,-27.18955585163669,0
cont_sphere_000,sphere,cont,300,easy,HC_CONT(sigma=0.2),HC_CONT,0,-0.13327486280135287,-27.18955585163669,1
cont_sphere_000,sphere,cont,300,easy,HC_CONT(sigma=0.2),HC_CONT,1,-0.11620411722459446,-27.18955585163669,1
cont_sphere_000,sphere,cont,300,easy,HC_CONT(sigma=0.2),HC_CONT,2,-0.11512537754414046,-27.18955585163669,1
cont_sphere_000,sphere,cont,300,easy,"SA_CONT(sigma=0.3,T0=1.0,alpha=0.995)",SA_CONT,0,-0.5023169014069606,-27.18955585163669,1
cont_sphere_000,sphere,cont,300,easy,"SA_CONT(sigma=0.3,T0=1.0,alpha=0.995)",SA_CONT,1,-0.5542993561836465,-27.18955585163669,1
cont_sphere_000,sphere,cont,300,easy,"SA_CONT(sigma=0.3,T0=1.0,alpha=0.995)",SA_CONT,2,-0.31082022205052967,-27.18955585163669,1
cont_sphere_000,sphere,cont,300,easy,"PSO_STD(p=20,w=0.72,c1=1.49,c2=1.49)",PSO_STD,0,-1.020887570282123,-27.18955585163669,1
cont_sphere_000,sphere,cont,300,easy,"PSO_STD(p=20,w=0.72,c1=1.49,c2=1.49)",PSO_STD,1,-4.572856258566773,-27.18955585163669,1
cont_sphere_000,sphere,cont,300,easy,"PSO_STD(p=20,w=0.72,c1=1.49,c2=1.49)",PSO_STD,2,-1.3775463852142062,-27.18955585163669,1
cont_sphere_000,sphere,cont,300,easy,"PSO_STD(p=40,w=0.72,c1=1.49,c2=1.49)",PSO_STD,0,-6.111800603255424,-27.18955585163669,1
cont_sphere_000,sphere,cont,300,easy,"PSO_STD(p=40,w=0.72,c1=1.49,c2=1.49)",PSO_STD,1,-5.589932071405665,-27.18955585163669,1
cont_sphere_000,sphere,cont,300,easy,"PSO_STD(p=40,w=0.72,c1=1.49,c2=1.49)",PSO_STD,2,-3.200115740405594,-27.18955585163669,1
cont_sphere_000,sphere,cont,300,easy,"PSO_RING(p=20,ring,w=0.72,c1=1.49,c2=1.49)",PSO_RING,0,-9.784638941593325,-27.18955585163669,1
cont_sphere_000,sphere,cont,300,easy,"PSO_RING(p=20,ring,w=0.72,c1=1.49,c2=1.49)",PSO_RING,1,-9.803689852167466,-27.18955585163669,1
cont_sphere_000,sphere,cont,300,easy,"PSO_RING(p=20,ring,w=0.72,c1=1.49,c2=1.49)",PSO_RING,2,-9.039710328388514,-27.18955585163669,1
cont_sphere_000,sphere,cont,300,easy,"PSO_RING(p=40,ring,w=0.72,c1=1.49,c2=1.49)",PSO_RING,0,-17.395508253205236,-27.18955585163669,1
cont_sphere_000,sphere,cont,300,easy,"PSO_RING(p=40,ring,w=0.72,c1=1.49,c2=1.49)",PSO_RING,1,-5.447175271727012,-27.18955585163669,1
cont_sphere_000,sphere,cont,300,easy,"PSO_RING(p=40,ring,w=0.72,c1=1.49,c2=1.49)",PSO_RING,2,-13.264922449599501,-27.18955585163669,1
cont_sphere_000,sphere,cont,300,easy,"DE(pop=20,F=0.8,CR=0.9)",DE,0,-10.790082155256696,-27.18955585163669,1
cont_sphere_000,sphere,cont,300,easy,"DE(pop=20,F=0.8,CR=0.9)",DE,1,-34.143898540031785,-27.18955585163669,0
cont_sphere_000,sphere,cont,300,easy,"DE(pop=20,F=0.8,CR=0.9)",DE,2,-27.29281089863877,-27.18955585163669,0
cont_sphere_000,sphere,cont,300,easy,"DE(pop=40,F=0.8,CR=0.9)",DE,0,-17.81057540160272,-27.18955585163669,1
cont_sphere_000,sphere,cont,300,easy,"DE(pop=40,F=0.8,CR=0.9)",DE,1,-34.64463965651503,-27.18955585163669,0
cont_sphere_000,sphere,cont,300,easy,"DE(pop=40,F=0.8,CR=0.9)",DE,2,-19.782584822791215,-27.18955585163669,1
cont_sphere_000,sphere,cont,300,easy,"ES_ML(mu=10,lam=40,sigma=0.3)",ES_ML,0,-1.1559649120067412,-27.18955585163669,1
cont_sphere_000,sphere,cont,300,easy,"ES_ML(mu=10,lam=40,sigma=0.3)",ES_ML,1,-2.400717796124124,-27.18955585163669,1
cont_sphere_000,sphere,cont,300,easy,"ES_ML(mu=10,lam=40,sigma=0.3)",ES_ML,2,-2.216294244991419,-27.18955585163669,1
cont_sphere_000,sphere,cont,300,easy,"ES_ML(mu=20,lam=80,sigma=0.2)",ES_ML,0,-0.5635486707466126,-27.18955585163669,1
cont_sphere_000,sphere,cont,300,easy,"ES_ML(mu=20,lam=80,sigma=0.2)",ES_ML,1,-2.592159550793285,-27.18955585163669,1
cont_sphere_000,sphere,cont,300,easy,"ES_ML(mu=20,lam=80,sigma=0.2)",ES_ML,2,-1.8147338614891757,-27.18955585163669,1
cont_sphere_000,sphere,cont,300,med,RS_CONT,RS_CONT,0,-26.45064384257616,-21.86971481774544,0
cont_sphere_000,sphere,cont,300,med,RS_CONT,RS_CONT,1,-23.601075306621414,-21.86971481774544,0
cont_sphere_000,sphere,cont,300,med,RS_CONT,RS_CONT,2,-24.973102854261327,-21.86971481774544,0
cont_sphere_000,sphere,cont,300,med,HC_CONT(sigma=0.2),HC_CONT,0,-0.15683876080883577,-21.86971481774544,1
cont_sphere_000,sphere,cont,300,med,HC_CONT(sigma=0.2),HC_CONT,1,-0.14580222729469136,-21.86971481774544,1
cont_sphere_000,sphere,cont,300,med,HC_CONT(sigma=0.2),HC_CONT,2,-0.23438300636310233,-21.86971481774544,1
cont_sphere_000,sphere,cont,300,med,"SA_CONT(sigma=0.3,T0=1.0,alpha=0.995)",SA_CONT,0,-0.7000510441355794,-21.86971481774544,1
cont_sphere_000,sphere,cont,300,med,"SA_CONT(sigma=0.3,T0=1.0,alpha=0.995)",SA_CONT,1,-0.6491866819909261,-21.86971481774544,1
cont_sphere_000,sphere,cont,300,med,"SA_CONT(sigma=0.3,T0=1.0,alpha=0.995)",SA_CONT,2,-1.062407938192901,-21.86971481774544,1
cont_sphere_000,sphere,cont,300,med,"PSO_STD(p=20,w=0.72,c1=1.49,c2=1.49)",PSO_STD,0,-3.3303533832068024,-21.86971481774544,1
cont_sphere_000,sphere,cont,300,med,"PSO_STD(p=20,w=0.72,c1=1.49,c2=1.49)",PSO_STD,1,-1.510469776555723,-21.86971481774544,1
cont_sphere_000,sphere,cont,300,med,"PSO_STD(p=20,w=0.72,c1=1.49,c2=1.49)",PSO_STD,2,-4.32650073525769,-21.86971481774544,1
cont_sphere_000,sphere,cont,300,med,"PSO_STD(p=40,w=0.72,c1=1.49,c2=1.49)",PSO_STD,0,-4.448743365273322,-21.86971481774544,1
cont_sphere_000,sphere,cont,300,med,"PSO_STD(p=40,w=0.72,c1=1.49,c2=1.49)",PSO_STD,1,-5.390532439182761,-21.86971481774544,1
cont_sphere_000,sphere,cont,300,med,"PSO_STD(p=40,w=0.72,c1=1.49,c2=1.49)",PSO_STD,2,-4.557642572357974,-21.86971481774544,1
cont_sphere_000,sphere,cont,300,med,"PSO_RING(p=20,ring,w=0.72,c1=1.49,c2=1.49)",PSO_RING,0,-7.2198666162213705,-21.86971481774544,1
cont_sphere_000,sphere,cont,300,med,"PSO_RING(p=20,ring,w=0.72,c1=1.49,c2=1.49)",PSO_RING,1,-9.319395146732877,-21.86971481774544,1
cont_sphere_000,sphere,cont,300,med,"PSO_RING(p=20,ring,w=0.72,c1=1.49,c2=1.49)",PSO_RING,2,-12.628018880646454,-21.86971481774544,1
cont_sphere_000,sphere,cont,300,med,"PSO_RING(p=40,ring,w=0.72,c1=1.49,c2=1.49)",PSO_RING,0,-14.853618823369768,-21.86971481774544,1
cont_sphere_000,sphere,cont,300,med,"PSO_RING(p=40,ring,w=0.72,c1=1.49,c2=1.49)",PSO_RING,1,-15.442016976394394,-21.86971481774544,1
cont_sphere_000,sphere,cont,300,med,"PSO_RING(p=40,ring,w=0.72,c1=1.49,c2=1.49)",PSO_RING,2,-14.814567478879244,-21.86971481774544,1
cont_sphere_000,sphere,cont,300,med,"DE(pop=20,F=0.8,CR=0.9)",DE,0,-30.42981986341928,-21.86971481774544,0
cont_sphere_000,sphere,cont,300,med,"DE(pop=20,F=0.8,CR=0.9)",DE,1,-26.77705611916014,-21.86971481774544,0
cont_sphere_000,sphere,cont,300,med,"DE(pop=20,F=0.8,CR=0.9)",DE,2,-37.6729214306162,-21.86971481774544,0
cont_sphere_000,sphere,cont,300,med,"DE(pop=40,F=0.8,CR=0.9)",DE,0,-24.71919611376209,-21.86971481774544,0
cont_sphere_000,sphere,cont,300,med,"DE(pop=40,F=0.8,CR=0.9)",DE,1,-29.39711456705224,-21.86971481774544,0
cont_sphere_000,sphere,cont,300,med,"DE(pop=40,F=0.8,CR=0.9)",DE,2,-32.06919752784123,-21.86971481774544,0
cont_sphere_000,sphere,cont,300,med,"ES_ML(mu=10,lam=40,sigma=0.3)",ES_ML,0,-0.4090752189131269,-21.86971481774544,1
cont_sphere_000,sphere,cont,300,med,"ES_ML(mu=10,lam=40,sigma=0.3)",ES_ML,1,-1.2561898800330753,-21.86971481774544,1
cont_sphere_000,sphere,cont,300,med,"ES_ML(mu=10,lam=40,sigma=0.3)",ES_ML,2,-4.004209940256977,-21.86971481774544,1
cont_sphere_000,sphere,cont,300,med,"ES_ML(mu=20,lam=80,sigma=0.2)",ES_ML,0,-2.172623009462238,-21.86971481774544,1
cont_sphere_000,sphere,cont,300,med,"ES_ML(mu=20,lam=80,sigma=0.2)",ES_ML,1,-1.2282569116835353,-21.86971481774544,1
cont_sphere_000,sphere,cont,300,med,"ES_ML(mu=20,lam=80,sigma=0.2)",ES_ML,2,-0.41320562665295457,-21.86971481774544,1
cont_sphere_000,sphere,cont,300,hard,RS_CONT,RS_CONT,0,-28.558195792798006,-20.417434624116066,0
cont_sphere_000,sphere,cont,300,hard,RS_CONT,RS_CONT,1,-16.070061823132672,-20.417434624116066,1
cont_sphere_000,sphere,cont,300,hard,RS_CONT,RS_CONT,2,-29.972063332961888,-20.417434624116066,0
cont_sphere_000,sphere,cont,300,hard,HC_CONT(sigma=0.2),HC_CONT,0,-0.08700739567570584,-20.417434624116066,1
cont_sphere_000,sphere,cont,300,hard,HC_CONT(sigma=0.2),HC_CONT,1,-0.16167476970652256,-20.417434624116066,1
cont_sphere_000,sphere,cont,300,hard,HC_CONT(sigma=0.2),HC_CONT,2,-0.21777827382449577,-20.417434624116066,1
cont_sphere_000,sphere,cont,300,hard,"SA_CONT(sigma=0.3,T0=1.0,alpha=0.995)",SA_CONT,0,-1.0327868961211106,-20.417434624116066,1
cont_sphere_000,sphere,cont,300,hard,"SA_CONT(sigma=0.3,T0=1.0,alpha=0.995)",SA_CONT,1,-0.860639500785984,-20.417434624116066,1
cont_sphere_000,sphere,cont,300,hard,"SA_CONT(sigma=0.3,T0=1.0,alpha=0.995)",SA_CONT,2,-0.7437315397734708,-20.417434624116066,1
cont_sphere_000,sphere,cont,300,hard,"PSO_STD(p=20,w=0.72,c1=1.49,c2=1.49)",PSO_STD,0,-4.333015682713509,-20.417434624116066,1
cont_sphere_000,sphere,cont,300,hard,"PSO_STD(p=20,w=0.72,c1=1.49,c2=1.49)",PSO_STD,1,-7.071191540336789,-20.417434624116066,1
cont_sphere_000,sphere,cont,300,hard,"PSO_STD(p=20,w=0.72,c1=1.49,c2=1.49)",PSO_STD,2,-1.8424866930184856,-20.417434624116066,1
cont_sphere_000,sphere,cont,300,hard,"PSO_STD(p=40,w=0.72,c1=1.49,c2=1.49)",PSO_STD,0,-4.465665773551161,-20.417434624116066,1
cont_sphere_000,sphere,cont,300,hard,"PSO_STD(p=40,w=0.72,c1=1.49,c2=1.49)",PSO_STD,1,-5.525854373105107,-20.417434624116066,1
cont_sphere_000,sphere,cont,300,hard,"PSO_STD(p=40,w=0.72,c1=1.49,c2=1.49)",PSO_STD,2,-9.349303393065696,-20.417434624116066,1
cont_sphere_000,sphere,cont,300,hard,"PSO_RING(p=20,ring,w=0.72,c1=1.49,c2=1.49)",PSO_RING,0,-9.920658940690355,-20.417434624116066,1
cont_sphere_000,sphere,cont,300,hard,"PSO_RING(p=20,ring,w=0.72,c1=1.49,c2=1.49)",PSO_RING,1,-6.166453625132805,-20.417434624116066,1
cont_sphere_000,sphere,cont,300,hard,"PSO_RING(p=20,ring,w=0.72,c1=1.49,c2=1.49)",PSO_RING,2,-15.989371260372865,-20.417434624116066,1
cont_sphere_000,sphere,cont,300,hard,"PSO_RING(p=40,ring,w=0.72,c1=1.49,c2=1.49)",PSO_RING,0,-14.983646430253653,-20.417434624116066,1
cont_sphere_000,sphere,cont,300,hard,"PSO_RING(p=40,ring,w=0.72,c1=1.49,c2=1.49)",PSO_RING,1,-8.369882060556714,-20.417434624116066,1
cont_sphere_000,sphere,cont,300,hard,"PSO_RING(p=40,ring,w=0.72,c1=1.49,c2=1.49)",PSO_RING,2,-7.443858228458906,-20.417434624116066,1
cont_sphere_000,sphere,cont,300,hard,"DE(pop=20,F=0.8,CR=0.9)",DE,0,-23.9110416486193,-20.417434624116066,0
cont_sphere_000,sphere,cont,300,hard,"DE(pop=20,F=0.8,CR=0.9)",DE,1,-38.167273882845585,-20.417434624116066,0
cont_sphere_000,sphere,cont,300,hard,"DE(pop=20,F=0.8,CR=0.9)",DE,2,-28.20234149290884,-20.417434624116066,0
cont_sphere_000,sphere,cont,300,hard,"DE(pop=40,F=0.8,CR=0.9)",DE,0,-21.91543614689291,-20.417434624116066,0
cont_sphere_000,sphere,cont,300,hard,"DE(pop=40,F=0.8,CR=0.9)",DE,1,-30.779221788255047,-20.417434624116066,0
cont_sphere_000,sphere,cont,300,hard,"DE(pop=40,F=0.8,CR=0.9)",DE,2,-45.20624145158141,-20.417434624116066,0
cont_sphere_000,sphere,cont,300,hard,"ES_ML(mu=10,lam=40,sigma=0.3)",ES_ML,0,-0.2187086834926974,-20.417434624116066,1
cont_sphere_000,sphere,cont,300,hard,"ES_ML(mu=10,lam=40,sigma=0.3)",ES_ML,1,-0.26146037841354486,-20.417434624116066,1
cont_sphere_000,sphere,cont,300,hard,"ES_ML(mu=10,lam=40,sigma=0.3)",ES_ML,2,-1.402692038187958,-20.417434624116066,1
cont_sphere_000,sphere,cont,300,hard,"ES_ML(mu=20,lam=80,sigma=0.2)",ES_ML,0,-0.9970175236116008,-20.417434624116066,1
cont_sphere_000,sphere,cont,300,hard,"ES_ML(mu=20,lam=80,sigma=0.2)",ES_ML,1,-1.8618408439964058,-20.417434624116066,1
cont_sphere_000,sphere,cont,300,hard,"ES_ML(mu=20,lam=80,sigma=0.2)",ES_ML,2,-1.5686144138092035,-20.417434624116066,1
cont_sphere_000,sphere,cont,800,easy,RS_CONT,RS_CONT,0,-22.093324740370967,-19.79220316017877,0
cont_sphere_000,sphere,cont,800,easy,RS_CONT,RS_CONT,1,-12.79146598843873,-19.79220316017877,1
cont_sphere_000,sphere,cont,800,easy,RS_CONT,RS_CONT,2,-23.20090216098136,-19.79220316017877,0
cont_sphere_000,sphere,cont,800,easy,HC_CONT(sigma=0.2),HC_CONT,0,-0.08065205134209776,-19.79220316017877,1
cont_sphere_000,sphere,cont,800,easy,HC_CONT(sigma=0.2),HC_CONT,1,-0.08761533371718122,-19.79220316017877,1
cont_sphere_000,sphere,cont,800,easy,HC_CONT(sigma=0.2),HC_CONT,2,-0.11928815867239975,-19.79220316017877,1
cont_sphere_000,sphere,cont,800,easy,"SA_CONT(sigma=0.3,T0=1.0,alpha=0.995)",SA_CONT,0,-0.33748856443711794,-19.79220316017877,1
cont_sphere_000,sphere,cont,800,easy,"SA_CONT(sigma=0.3,T0=1.0,alpha=0.995)",SA_CONT,1,-0.154290669164128,-19.79220316017877,1
cont_sphere_000,sphere,cont,800,easy,"SA_CONT(sigma=0.3,T0=1.0,alpha=0.995)",SA_CONT,2,-0.29171361703337917,-19.79220316017877,1
cont_sphere_000,sphere,cont,800,easy,"PSO_STD(p=20,w=0.72,c1=1.49,c2=1.49)",PSO_STD,0,-0.07304229001552745,-19.79220316017877,1
cont_sphere_000,sphere,cont,800,easy,"PSO_STD(p=20,w=0.72,c1=1.49,c2=1.49)",PSO_STD,1,-0.05088644417334972,-19.79220316017877,1
cont_sphere_000,sphere,cont,800,easy,"PSO_STD(p=20,w=0.72,c1=1.49,c2=1.49)",PSO_STD,2,-0.15258929447738623,-19.79220316017877,1
cont_sphere_000,sphere,cont,800,easy,"PSO_STD(p=40,w=0.72,c1=1.49,c2=1.49)",PSO_STD,0,-0.717156389471504,-19.79220316017877,1
cont_sphere_000,sphere,cont,800,easy,"PSO_STD(p=40,w=0.72,c1=1.49,c2=1.49)",PSO_STD,1,-0.9699299865909663,-19.79220316017877,1
cont_sphere_000,sphere,cont,800,easy,"PSO_STD(p=40,w=0.72,c1=1.49,c2=1.49)",PSO_STD,2,-0.37221356448253223,-19.79220316017877,1
cont_sphere_000,sphere,cont,800,easy,"PSO_RING(p=20,ring,w=0.72,c1=1.49,c2=1.49)",PSO_RING,0,-0.9786464575574939,-19.79220316017877,1
cont_sphere_000,sphere,cont,800,easy,"PSO_RING(p=20,ring,w=0.72,c1=1.49,c2=1.49)",PSO_RING,1,-0.7209597017807463,-19.79220316017877,1
cont_sphere_000,sphere,cont,800,easy,"PSO_RING(p=20,ring,w=0.72,c1=1.49,c2=1.49)",PSO_RING,2,-1.9333247008099745,-19.79220316017877,1
cont_sphere_000,sphere,cont,800,easy,"PSO_RING(p=40,ring,w=0.72,c1=1.49,c2=1.49)",PSO_RING,0,-3.2078763062206903,-19.79220316017877,1
cont_sphere_000,sphere,cont,800,easy,"PSO_RING(p=40,ring,w=0.72,c1=1.49,c2=1.49)",PSO_RING,1,-6.483635344029001,-19.79220316017877,1
cont_sphere_000,sphere,cont,800,easy,"PSO_RING(p=40,ring,w=0.72,c1=1.49,c2=1.49)",PSO_RING,2,-1.6448310673334963,-19.79220316017877,1
cont_sphere_000,sphere,cont,800,easy,"DE(pop=20,F=0.8,CR=0.9)",DE,0,-9.678196958257171,-19.79220316017877,1
cont_sphere_000,sphere,cont,800,easy,"DE(pop=20,F=0.8,CR=0.9)",DE,1,-6.076047236119747,-19.79220316017877,1
cont_sphere_000,sphere,cont,800,easy,"DE(pop=20,F=0.8,CR=0.9)",DE,2,-6.152070612391148,-19.79220316017877,1
cont_sphere_000,sphere,cont,800,easy,"DE(pop=40,F=0.8,CR=0.9)",DE,0,-15.68814505893112,-19.79220316017877,1
cont_sphere_000,sphere,cont,800,easy,"DE(pop=40,F=0.8,CR=0.9)",DE,1,-12.552508329472087,-19.79220316017877,1
cont_sphere_000,sphere,cont,800,easy,"DE(pop=40,F=0.8,CR=0.9)",DE,2,-13.554863690073772,-19.79220316017877,1
cont_sphere_000,sphere,cont,800,easy,"ES_ML(mu=10,lam=40,sigma=0.3)",ES_ML,0,-0.27699568435388916,-19.79220316017877,1
cont_sphere_000,sphere,cont,800,easy,"ES_ML(mu=10,lam=40,sigma=0.3)",ES_ML,1,-0.24926800854488107,-19.79220316017877,1
cont_sphere_000,sphere,cont,800,easy,"ES_ML(mu=10,lam=40,sigma=0.3)",ES_ML,2,-0.16648414336419387,-19.79220316017877,1
cont_sphere_000,sphere,cont,800,easy,"ES_ML(mu=20,lam=80,sigma=0.2)",ES_ML,0,-0.12838936164525094,-19.79220316017877,1
cont_sphere_000,sphere,cont,800,easy,"ES_ML(mu=20,lam=80,sigma=0.2)",ES_ML,1,-0.1962219195167709,-19.79220316017877,1
cont_sphere_000,sphere,cont,800,easy,"ES_ML(mu=20,lam=80,sigma=0.2)",ES_ML,2,-0.09906016329058964,-19.79220316017877,1
cont_sphere_000,sphere,cont,800,med,RS_CONT,RS_CONT,0,-23.07009131392492,-17.675943625530202,0
cont_sphere_000,sphere,cont,800,med,RS_CONT,RS_CONT,1,-19.219379257756295,-17.675943625530202,0
cont_sphere_000,sphere,cont,800,med,RS_CONT,RS_CONT,2,-26.734081715117476,-17.675943625530202,0
cont_sphere_000,sphere,cont,800,med,HC_CONT(sigma=0.2),HC_CONT,0,-0.06218096823922628,-17.675943625530202,1
cont_sphere_000,sphere,cont,800,med,HC_CONT(sigma=0.2),HC_CONT,1,-0.09391331882404368,-17.675943625530202,1
cont_sphere_000,sphere,cont,800,med,HC_CONT(sigma=0.2),HC_CONT,2,-0.05631862059746622,-17.675943625530202,1
cont_sphere_000,sphere,cont,800,med,"SA_CONT(sigma=0.3,T0=1.0,alpha=0.995)",SA_CONT,0,-0.14037636131911635,-17.675943625530202,1
cont_sphere_000,sphere,cont,800,med,"SA_CONT(sigma=0.3,T0=1.0,alpha=0.995)",SA_CONT,1,-0.1994352053877307,-17.675943625530202,1
cont_sphere_000,sphere,cont,800,med,"SA_CONT(sigma=0.3,T0=1.0,alpha=0.995)",SA_CONT,2,-0.24891670096024135,-17.675943625530202,1
cont_sphere_000,sphere,cont,800,med,"PSO_STD(p=20,w=0.72,c1=1.49,c2=1.49)",PSO_STD,0,-0.2941383365786109,-17.675943625530202,1
cont_sphere_000,sphere,cont,800,med,"PSO_STD(p=20,w=0.72,c1=1.49,c2=1.49)",PSO_STD,1,-0.1392662401994812,-17.675943625530202,1
cont_sphere_000,sphere,cont,800,med,"PSO_STD(p=20,w=0.72,c1=1.49,c2=1.49)",PSO_STD,2,-0.08237868381992966,-17.675943625530202,1
cont_sphere_000,sphere,cont,800,med,"PSO_STD(p=40,w=0.72,c1=1.49,c2=1.49)",PSO_STD,0,-0.3047875871229618,-17.675943625530202,1
cont_sphere_000,sphere,cont,800,med,"PSO_STD(p=40,w=0.72,c1=1.49,c2=1.49)",PSO_STD,1,-0.2721901499393942,-17.675943625530202,1
cont_sphere_000,sphere,cont,800,med,"PSO_STD(p=40,w=0.72,c1=1.49,c2=1.49)",PSO_STD,2,-0.7914963821359402,-17.675943625530202,1
cont_sphere_000,sphere,cont,800,med,"PSO_RING(p=20,ring,w=0.72,c1=1.49,c2=1.49)",PSO_RING,0,-0.606873734372317,-17.675943625530202,1
cont_sphere_000,sphere,cont,800,med,"PSO_RING(p=20,ring,w=0.72,c1=1.49,c2=1.49)",PSO_RING,1,-1.0086389757877063,-17.675943625530202,1
cont_sphere_000,sphere,cont,800,med,"PSO_RING(p=20,ring,w=0.72,c1=1.49,c2=1.49)",PSO_RING,2,-1.1962774305560178,-17.675943625530202,1
cont_sphere_000,sphere,cont,800,med,"PSO_RING(p=40,ring,w=0.72,c1=1.49,c2=1.49)",PSO_RING,0,-3.4266129102219787,-17.675943625530202,1
cont_sphere_000,sphere,cont,800,med,"PSO_RING(p=40,ring,w=0.72,c1=1.49,c2=1.49)",PSO_RING,1,-5.006666973711551,-17.675943625530202,1
cont_sphere_000,sphere,cont,800,med,"PSO_RING(p=40,ring,w=0.72,c1=1.49,c2=1.49)",PSO_RING,2,-3.5881296873203654,-17.675943625530202,1
cont_sphere_000,sphere,cont,800,med,"DE(pop=20,F=0.8,CR=0.9)",DE,0,-3.767137523035974,-17.675943625530202,1
cont_sphere_000,sphere,cont,800,med,"DE(pop=20,F=0.8,CR=0.9)",DE,1,-5.852651248396238,-17.675943625530202,1
cont_sphere_000,sphere,cont,800,med,"DE(pop=20,F=0.8,CR=0.9)",DE,2,-4.93840367671745,-17.675943625530202,1
cont_sphere_000,sphere,cont,800,med,"DE(pop=40,F=0.8,CR=0.9)",DE,0,-14.441331450309452,-17.675943625530202,1
cont_sphere_000,sphere,cont,800,med,"DE(pop=40,F=0.8,CR=0.9)",DE,1,-7.975270361368804,-17.675943625530202,1
cont_sphere_000,sphere,cont,800,med,"DE(pop=40,F=0.8,CR=0.9)",DE,2,-17.04126292022825,-17.675943625530202,1
cont_sphere_000,sphere,cont,800,med,"ES_ML(mu=10,lam=40,sigma=0.3)",ES_ML,0,-0.20939655824677342,-17.675943625530202,1
cont_sphere_000,sphere,cont,800,med,"ES_ML(mu=10,lam=40,sigma=0.3)",ES_ML,1,-0.2282505340287642,-17.675943625530202,1
cont_sphere_000,sphere,cont,800,med,"ES_ML(mu=10,lam=40,sigma=0.3)",ES_ML,2,-0.24015420909023916,-17.675943625530202,1
cont_sphere_000,sphere,cont,800,med,"ES_ML(mu=20,lam=80,sigma=0.2)",ES_ML,0,-0.06494880918870524,-17.675943625530202,1
cont_sphere_000,sphere,cont,800,med,"ES_ML(mu=20,lam=80,sigma=0.2)",ES_ML,1,-0.10143052228255424,-17.675943625530202,1
cont_sphere_000,sphere,cont,800,med,"ES_ML(mu=20,lam=80,sigma=0.2)",ES_ML,2,-0.1273986974688343,-17.675943625530202,1
cont_sphere_000,sphere,cont,800,hard,RS_CONT,RS_CONT,0,-23.585957290573994,-11.895158962599927,0
cont_sphere_000,sphere,cont,800,hard,RS_CONT,RS_CONT,1,-8.19674560480182,-11.895158962599927,1
cont_sphere_000,sphere,cont,800,hard,RS_CONT,RS_CONT,2,-20.82641156486269,-11.895158962599927,0
cont_sphere_000,sphere,cont,800,hard,HC_CONT(sigma=0.2),HC_CONT,0,-0.08890964680320847,-11.895158962599927,1
cont_sphere_000,sphere,cont,800,hard,HC_CONT(sigma=0.2),HC_CONT,1,-0.042859580896105864,-11.895158962599927,1
cont_sphere_000,sphere,cont,800,hard,HC_CONT(sigma=0.2),HC_CONT,2,-0.03569186152341762,-11.895158962599927,1
cont_sphere_000,sphere,cont,800,hard,"SA_CONT(sigma=0.3,T0=1.0,alpha=0.995)",SA_CONT,0,-0.21463921756647844,-11.895158962599927,1
cont_sphere_000,sphere,cont,800,hard,"SA_CONT(sigma=0.3,T0=1.0,alpha=0.995)",SA_CONT,1,-0.37144508471230336,-11.895158962599927,1
cont_sphere_000,sphere,cont,800,hard,"SA_CONT(sigma=0.3,T0=1.0,alpha=0.995)",SA_CONT,2,-0.29048642280240283,-11.895158962599927,1
cont_sphere_000,sphere,cont,800,hard,"PSO_STD(p=20,w=0.72,c1=1.49,c2=1.49)",PSO_STD,0,-0.3544968877944685,-11.895158962599927,1
cont_sphere_000,sphere,cont,800,hard,"PSO_STD(p=20,w=0.72,c1=1.49,c2=1.49)",PSO_STD,1,-0.16872732798072462,-11.895158962599927,1
cont_sphere_000,sphere,cont,800,hard,"PSO_STD(p=20,w=0.72,c1=1.49,c2=1.49)",PSO_STD,2,-0.18148741500757576,-11.895158962599927,1
cont_sphere_000,sphere,cont,800,hard,"PSO_STD(p=40,w=0.72,c1=1.49,c2=1.49)",PSO_STD,0,-0.6296175608777809,-11.895158962599927,1
cont_sphere_000,sphere,cont,800,hard,"PSO_STD(p=40,w=0.72,c1=1.49,c2=1.49)",PSO_STD,1,-0.6014614761332516,-11.895158962599927,1
cont_sphere_000,sphere,cont,800,hard,"PSO_STD(p=40,w=0.72,c1=1.49,c2=1.49)",PSO_STD,2,-0.6887218731061875,-11.895158962599927,1
cont_sphere_000,sphere,cont,800,hard,"PSO_RING(p=20,ring,w=0.72,c1=1.49,c2=1.49)",PSO_RING,0,-0.6064984876865238,-11.895158962599927,1
cont_sphere_000,sphere,cont,800,hard,"PSO_RING(p=20,ring,w=0.72,c1=1.49,c2=1.49)",PSO_RING,1,-1.8290311290517827,-11.895158962599927,1
cont_sphere_000,sphere,cont,800,hard,"PSO_RING(p=20,ring,w=0.72,c1=1.49,c2=1.49)",PSO_RING,2,-1.2565548000690572,-11.895158962599927,1
cont_sphere_000,sphere,cont,800,hard,"PSO_RING(p=40,ring,w=0.72,c1=1.49,c2=1.49)",PSO_RING,0,-5.370943980934951,-11.895158962599927,1
cont_sphere_000,sphere,cont,800,hard,"PSO_RING(p=40,ring,w=0.72,c1=1.49,c2=1.49)",PSO_RING,1,-3.7479990819016304,-11.895158962599927,1
cont_sphere_000,sphere,cont,800,hard,"PSO_RING(p=40,ring,w=0.72,c1=1.49,c2=1.49)",PSO_RING,2,-6.053494885290076,-11.895158962599927,1
cont_sphere_000,sphere,cont,800,hard,"DE(pop=20,F=0.8,CR=0.9)",DE,0,-3.979705137287099,-11.895158962599927,1
cont_sphere_000,sphere,cont,800,hard,"DE(pop=20,F=0.8,CR=0.9)",DE,1,-4.396985445270783,-11.895158962599927,1
cont_sphere_000,sphere,cont,800,hard,"DE(pop=20,F=0.8,CR=0.9)",DE,2,-6.524773021417209,-11.895158962599927,1
cont_sphere_000,sphere,cont,800,hard,"DE(pop=40,F=0.8,CR=0.9)",DE,0,-19.058248409031847,-11.895158962599927,0
cont_sphere_000,sphere,cont,800,hard,"DE(pop=40,F=0.8,CR=0.9)",DE,1,-17.982606550770953,-11.895158962599927,0
cont_sphere_000,sphere,cont,800,hard,"DE(pop=40,F=0.8,CR=0.9)",DE,2,-17.037221938508683,-11.895158962599927,0
cont_sphere_000,sphere,cont,800,hard,"ES_ML(mu=10,lam=40,sigma=0.3)",ES_ML,0,-0.3300776727295773,-11.895158962599927,1
cont_sphere_000,sphere,cont,800,hard,"ES_ML(mu=10,lam=40,sigma=0.3)",ES_ML,1,-0.22995630894535543,-11.895158962599927,1
cont_sphere_000,sphere,cont,800,hard,"ES_ML(mu=10,lam=40,sigma=0.3)",ES_ML,2,-0.19267128258450475,-11.895158962599927,1
cont_sphere_000,sphere,cont,800,hard,"ES_ML(mu=20,lam=80,sigma=0.2)",ES_ML,0,-0.1343822254865832,-11.895158962599927,1
cont_sphere_000,sphere,cont,800,hard,"ES_ML(mu=20,lam=80,sigma=0.2)",ES_ML,1,-0.14596608284644416,-11.895158962599927,1
cont_sphere_000,sphere,cont,800,hard,"ES_ML(mu=20,lam=80,sigma=0.2)",ES_ML,2,-0.08434929274152063,-11.895158962599927,1
cont_rastrigin_001,rastrigin,cont,300,easy,RS_CONT,RS_CONT,0,-93.77147590504991,-96.07960046321958,1
cont_rastrigin_001,rastrigin,cont,300,easy,RS_CONT,RS_CONT,1,-108.12819661638117,-96.07960046321958,0
cont_rastrigin_001,rastrigin,cont,300,easy,RS_CONT,RS_CONT,2,-100.14450707850958,-96.07960046321958,0
cont_rastrigin_001,rastrigin,cont,300,easy,HC_CONT(sigma=0.2),HC_CONT,0,-91.93588055207844,-96.07960046321958,1
cont_rastrigin_001,rastrigin,cont,300,easy,HC_CONT(sigma=0.2),HC_CONT,1,-94.90844761917256,-96.07960046321958,1
cont_rastrigin_001,rastrigin,cont,300,easy,HC_CONT(sigma=0.2),HC_CONT,2,-111.17120802030446,-96.07960046321958,0
cont_rastrigin_001,rastrigin,cont,300,easy,"SA_CONT(sigma=0.3,T0=1.0,alpha=0.995)",SA_CONT,0,-124.70027886811766,-96.07960046321958,0
cont_rastrigin_001,rastrigin,cont,300,easy,"SA_CONT(sigma=0.3,T0=1.0,alpha=0.995)",SA_CONT,1,-117.50572549933065,-96.07960046321958,0
cont_rastrigin_001,rastrigin,cont,300,easy,"SA_CONT(sigma=0.3,T0=1.0,alpha=0.995)",SA_CONT,2,-144.61600043575567,-96.07960046321958,0
cont_rastrigin_001,rastrigin,cont,300,easy,"PSO_STD(p=20,w=0.72,c1=1.49,c2=1.49)",PSO_STD,0,-42.50866836911687,-96.07960046321958,1
cont_rastrigin_001,rastrigin,cont,300,easy,"PSO_STD(p=20,w=0.72,c1=1.49,c2=1.49)",PSO_STD,1,-83.7243184638994,-96.07960046321958,1
cont_rastrigin_001,rastrigin,cont,300,easy,"PSO_STD(p=20,w=0.72,c1=1.49,c2=1.49)",PSO_STD,2,-92.89581585833798,-96.07960046321958,1
cont_rastrigin_001,rastrigin,cont,300,easy,"PSO_STD(p=40,w=0.72,c1=1.49,c2=1.49)",PSO_STD,0,-94.85685329675671,-96.07960046321958,1
cont_rastrigin_001,rastrigin,cont,300,easy,"PSO_STD(p=40,w=0.72,c1=1.49,c2=1.49)",PSO_STD,1,-63.38844860688683,-96.07960046321958,1
cont_rastrigin_001,rastrigin,cont,300,easy,"PSO_STD(p=40,w=0.72,c1=1.49,c2=1.49)",PSO_STD,2,-52.99849246431642,-96.07960046321958,1
cont_rastrigin_001,rastrigin,cont,300,easy,"PSO_RING(p=20,ring,w=0.72,c1=1.49,c2=1.49)",PSO_RING,0,-50.185907829399845,-96.07960046321958,1
cont_rastrigin_001,rastrigin,cont,300,easy,"PSO_RING(p=20,ring,w=0.72,c1=1.49,c2=1.49)",PSO_RING,1,-102.971498733736,-96.07960046321958,0
cont_rastrigin_001,rastrigin,cont,300,easy,"PSO_RING(p=20,ring,w=0.72,c1=1.49,c2=1.49)",PSO_RING,2,-36.57752578046895,-96.07960046321958,1
cont_rastrigin_001,rastrigin,cont,300,easy,"PSO_RING(p=40,ring,w=0.72,c1=1.49,c2=1.49)",PSO_RING,0,-91.40462419462719,-96.07960046321958,1
cont_rastrigin_001,rastrigin,cont,300,easy,"PSO_RING(p=40,ring,w=0.72,c1=1.49,c2=1.49)",PSO_RING,1,-88.67654508080051,-96.07960046321958,1
cont_rastrigin_001,rastrigin,cont,300,easy,"PSO_RING(p=40,ring,w=0.72,c1=1.49,c2=1.49)",PSO_RING,2,-107.18658411022463,-96.07960046321958,0
cont_rastrigin_001,rastrigin,cont,300,easy,"DE(pop=20,F=0.8,CR=0.9)",DE,0,-108.63405278926668,-96.07960046321958,0
cont_rastrigin_001,rastrigin,cont,300,easy,"DE(pop=20,F=0.8,CR=0.9)",DE,1,-81.1303368033028,-96.07960046321958,1
cont_rastrigin_001,rastrigin,cont,300,easy,"DE(pop=20,F=0.8,CR=0.9)",DE,2,-104.2464905177201,-96.07960046321958,0
cont_rastrigin_001,rastrigin,cont,300,easy,"DE(pop=40,F=0.8,CR=0.9)",DE,0,-120.85032800165109,-96.07960046321958,0
cont_rastrigin_001,rastrigin,cont,300,easy,"DE(pop=40,F=0.8,CR=0.9)",DE,1,-106.12436484366225,-96.07960046321958,0
cont_rastrigin_001,rastrigin,cont,300,easy,"DE(pop=40,F=0.8,CR=0.9)",DE,2,-110.04574261691383,-96.07960046321958,0
cont_rastrigin_001,rastrigin,cont,300,easy,"ES_ML(mu=10,lam=40,sigma=0.3)",ES_ML,0,-17.707030189528012,-96.07960046321958,1
cont_rastrigin_001,rastrigin,cont,300,easy,"ES_ML(mu=10,lam=40,sigma=0.3)",ES_ML,1,-33.06369362019258,-96.07960046321958,1
cont_rastrigin_001,rastrigin,cont,300,easy,"ES_ML(mu=10,lam=40,sigma=0.3)",ES_ML,2,-47.28643545486503,-96.07960046321958,1
cont_rastrigin_001,rastrigin,cont,300,easy,"ES_ML(mu=20,lam=80,sigma=0.2)",ES_ML,0,-40.25717263081856,-96.07960046321958,1
cont_rastrigin_001,rastrigin,cont,300,easy,"ES_ML(mu=20,lam=80,sigma=0.2)",ES_ML,1,-67.22657247056904,-96.07960046321958,1
cont_rastrigin_001,rastrigin,cont,300,easy,"ES_ML(mu=20,lam=80,sigma=0.2)",ES_ML,2,-45.70277091830396,-96.07960046321958,1
cont_rastrigin_001,rastrigin,cont,300,med,RS_CONT,RS_CONT,0,-88.37026012232839,-91.90300910172252,1
cont_rastrigin_001,rastrigin,cont,300,med,RS_CONT,RS_CONT,1,-103.82617882096108,-91.90300910172252,0
cont_rastrigin_001,rastrigin,cont,300,med,RS_CONT,RS_CONT,2,-86.32340384650792,-91.90300910172252,1
cont_rastrigin_001,rastrigin,cont,300,med,HC_CONT(sigma=0.2),HC_CONT,0,-60.60875905030593,-91.90300910172252,1
cont_rastrigin_001,rastrigin,cont,300,med,HC_CONT(sigma=0.2),HC_CONT,1,-108.77680561760371,-91.90300910172252,0
cont_rastrigin_001,rastrigin,cont,300,med,HC_CONT(sigma=0.2),HC_CONT,2,-100.33574619549688,-91.90300910172252,0
cont_rastrigin_001,rastrigin,cont,300,med,"SA_CONT(sigma=0.3,T0=1.0,alpha=0.995)",SA_CONT,0,-84.45196016684463,-91.90300910172252,1
cont_rastrigin_001,rastrigin,cont,300,med,"SA_CONT(sigma=0.3,T0=1.0,alpha=0.995)",SA_CONT,1,-73.57173941833224,-91.90300910172252,1
cont_rastrigin_001,rastrigin,cont,300,med,"SA_CONT(sigma=0.3,T0=1.0,alpha=0.995)",SA_CONT,2,-136.5585436369284,-91.90300910172252,0
cont_rastrigin_001,rastrigin,cont,300,med,"PSO_STD(p=20,w=0.72,c1=1.49,c2=1.49)",PSO_STD,0,-95.41872507614138,-91.90300910172252,0
cont_rastrigin_001,rastrigin,cont,300,med,"PSO_STD(p=20,w=0.72,c1=1.49,c2=1.49)",PSO_STD,1,-51.910795236898686,-91.90300910172252,1
cont_rastrigin_001,rastrigin,cont,300,med,"PSO_STD(p=20,w=0.72,c1=1.49,c2=1.49)",PSO_STD,2,-78.8553591518258,-91.90300910172252,1
cont_rastrigin_001,rastrigin,cont,300,med,"PSO_STD(p=40,w=0.72,c1=1.49,c2=1.49)",PSO_STD,0,-88.45907627675166,-91.90300910172252,1
cont_rastrigin_001,rastrigin,cont,300,med,"PSO_STD(p=40,w=0.72,c1=1.49,c2=1.49)",PSO_STD,1,-80.83992111566252,-91.90300910172252,1
cont_rastrigin_001,rastrigin,cont,300,med,"PSO_STD(p=40,w=0.72,c1=1.49,c2=1.49)",PSO_STD,2,-78.83598694955613,-91.90300910172252,1
cont_rastrigin_001,rastrigin,cont,300,med,"PSO_RING(p=20,ring,w=0.72,c1=1.49,c2=1.49)",PSO_RING,0,-80.5439683548964,-91.90300910172252,1
cont_rastrigin_001,rastrigin,cont,300,med,"PSO_RING(p=20,ring,w=0.72,c1=1.49,c2=1.49)",PSO_RING,1,-81.33944803154196,-91.90300910172252,1
cont_rastrigin_001,rastrigin,cont,300,med,"PSO_RING(p=20,ring,w=0.72,c1=1.49,c2=1.49)",PSO_RING,2,-73.06051121724006,-91.90300910172252,1
cont_rastrigin_001,rastrigin,cont,300,med,"PSO_RING(p=40,ring,w=0.72,c1=1.49,c2=1.49)",PSO_RING,0,-98.69188441751464,-91.90300910172252,0
cont_rastrigin_001,rastrigin,cont,300,med,"PSO_RING(p=40,ring,w=0.72,c1=1.49,c2=1.49)",PSO_RING,1,-73.62028944255148,-91.90300910172252,1
cont_rastrigin_001,rastrigin,cont,300,med,"PSO_RING(p=40,ring,w=0.72,c1=1.49,c2=1.49)",PSO_RING,2,-95.56362431930988,-91.90300910172252,0
cont_rastrigin_001,rastrigin,cont,300,med,"DE(pop=20,F=0.8,CR=0.9)",DE,0,-122.29756682659617,-91.90300910172252,0
cont_rastrigin_001,rastrigin,cont,300,med,"DE(pop=20,F=0.8,CR=0.9)",DE,1,-102.31321236549238,-91.90300910172252,0
cont_rastrigin_001,rastrigin,cont,300,med,"DE(pop=20,F=0.8,CR=0.9)",DE,2,-116.16739821045584,-91.90300910172252,0
cont_rastrigin_001,rastrigin,cont,300,med,"DE(pop=40,F=0.8,CR=0.9)",DE,0,-81.02002286738562,-91.90300910172252,1
cont_rastrigin_001,rastrigin,cont,300,med,"DE(pop=40,F=0.8,CR=0.9)",DE,1,-110.16510369124109,-91.90300910172252,0
cont_rastrigin_001,rastrigin,cont,300,med,"DE(pop=40,F=0.8,CR=0.9)",DE,2,-84.21113728620372,-91.90300910172252,1
cont_rastrigin_001,rastrigin,cont,300,med,"ES_ML(mu=10,lam=40,sigma=0.3)",ES_ML,0,-42.947561873978444,-91.90300910172252,1
cont_rastrigin_001,rastrigin,cont,300,med,"ES_ML(mu=10,lam=40,sigma=0.3)",ES_ML,1,-67.55479240210586,-91.90300910172252,1
cont_rastrigin_001,rastrigin,cont,300,med,"ES_ML(mu=10,lam=40,sigma=0.3)",ES_ML,2,-52.43072056602414,-91.90300910172252,1
cont_rastrigin_001,rastrigin,cont,300,med,"ES_ML(mu=20,lam=80,sigma=0.2)",ES_ML,0,-48.350348978252555,-91.90300910172252,1
cont_rastrigin_001,rastrigin,cont,300,med,"ES_ML(mu=20,lam=80,sigma=0.2)",ES_ML,1,-47.79218106828881,-91.90300910172252,1
cont_rastrigin_001,rastrigin,cont,300,med,"ES_ML(mu=20,lam=80,sigma=0.2)",ES_ML,2,-60.231826059501415,-91.90300910172252,1
cont_rastrigin_001,rastrigin,cont,300,hard,RS_CONT,RS_CONT,0,-71.88515676417398,-89.69032211798877,1
cont_rastrigin_001,rastrigin,cont,300,hard,RS_CONT,RS_CONT,1,-87.93927756924889,-89.69032211798877,1
cont_rastrigin_001,rastrigin,cont,300,hard,RS_CONT,RS_CONT,2,-92.80042266698933,-89.69032211798877,0
cont_rastrigin_001,rastrigin,cont,300,hard,HC_CONT(sigma=0.2),HC_CONT,0,-161.6248239894697,-89.69032211798877,0
cont_rastrigin_001,rastrigin,cont,300,hard,HC_CONT(sigma=0.2),HC_CONT,1,-111.12845952857515,-89.69032211798877,0
cont_rastrigin_001,rastrigin,cont,300,hard,HC_CONT(sigma=0.2),HC_CONT,2,-58.40311400038772,-89.69032211798877,1
cont_rastrigin_001,rastrigin,cont,300,hard,"SA_CONT(sigma=0.3,T0=1.0,alpha=0.995)",SA_CONT,0,-78.882533148392,-89.69032211798877,1
cont_rastrigin_001,rastrigin,cont,300,hard,"SA_CONT(sigma=0.3,T0=1.0,alpha=0.995)",SA_CONT,1,-122.7959806161939,-89.69032211798877,0
cont_rastrigin_001,rastrigin,cont,300,hard,"SA_CONT(sigma=0.3,T0=1.0,alpha=0.995)",SA_CONT,2,-116.9094899231151,-89.69032211798877,0
cont_rastrigin_001,rastrigin,cont,300,hard,"PSO_STD(p=20,w=0.72,c1=1.49,c2=1.49)",PSO_STD,0,-99.42027044259241,-89.69032211798877,0
cont_rastrigin_001,rastrigin,cont,300,hard,"PSO_STD(p=20,w=0.72,c1=1.49,c2=1.49)",PSO_STD,1,-68.34928600708798,-89.69032211798877,1
cont_rastrigin_001,rastrigin,cont,300,hard,"PSO_STD(p=20,w=0.72,c1=1.49,c2=1.49)",PSO_STD,2,-49.04905696033481,-89.69032211798877,1
cont_rastrigin_001,rastrigin,cont,300,hard,"PSO_STD(p=40,w=0.72,c1=1.49,c2=1.49)",PSO_STD,0,-89.3948258369252,-89.69032211798877,1
cont_rastrigin_001,rastrigin,cont,300,hard,"PSO_STD(p=40,w=0.72,c1=1.49,c2=1.49)",PSO_STD,1,-80.5308079850909,-89.69032211798877,1
cont_rastrigin_001,rastrigin,cont,300,hard,"PSO_STD(p=40,w=0.72,c1=1.49,c2=1.49)",PSO_STD,2,-90.64980875695954,-89.69032211798877,0
cont_rastrigin_001,rastrigin,cont,300,hard,"PSO_RING(p=20,ring,w=0.72,c1=1.49,c2=1.49)",PSO_RING,0,-50.47591258200093,-89.69032211798877,1
cont_rastrigin_001,rastrigin,cont,300,hard,"PSO_RING(p=20,ring,w=0.72,c1=1.49,c2=1.49)",PSO_RING,1,-88.4768264513624,-89.69032211798877,1
cont_rastrigin_001,rastrigin,cont,300,hard,"PSO_RING(p=20,ring,w=0.72,c1=1.49,c2=1.49)",PSO_RING,2,-74.14171924702305,-89.69032211798877,1
cont_rastrigin_001,rastrigin,cont,300,hard,"PSO_RING(p=40,ring,w=0.72,c1=1.49,c2=1.49)",PSO_RING,0,-98.02440000525249,-89.69032211798877,0
cont_rastrigin_001,rastrigin,cont,300,hard,"PSO_RING(p=40,ring,w=0.72,c1=1.49,c2=1.49)",PSO_RING,1,-101.16209287745396,-89.69032211798877,0
cont_rastrigin_001,rastrigin,cont,300,hard,"PSO_RING(p=40,ring,w=0.72,c1=1.49,c2=1.49)",PSO_RING,2,-82.37595577294742,-89.69032211798877,1
cont_rastrigin_001,rastrigin,cont,300,hard,"DE(pop=20,F=0.8,CR=0.9)",DE,0,-92.06396735447586,-89.69032211798877,0
cont_rastrigin_001,rastrigin,cont,300,hard,"DE(pop=20,F=0.8,CR=0.9)",DE,1,-82.56100654493744,-89.69032211798877,1
cont_rastrigin_001,rastrigin,cont,300,hard,"DE(pop=20,F=0.8,CR=0.9)",DE,2,-110.73291135201072,-89.69032211798877,0
cont_rastrigin_001,rastrigin,cont,300,hard,"DE(pop=40,F=0.8,CR=0.9)",DE,0,-109.72964798311682,-89.69032211798877,0
cont_rastrigin_001,rastrigin,cont,300,hard,"DE(pop=40,F=0.8,CR=0.9)",DE,1,-105.61818304306311,-89.69032211798877,0
cont_rastrigin_001,rastrigin,cont,300,hard,"DE(pop=40,F=0.8,CR=0.9)",DE,2,-87.69314010338626,-89.69032211798877,1
cont_rastrigin_001,rastrigin,cont,300,hard,"ES_ML(mu=10,lam=40,sigma=0.3)",ES_ML,0,-44.623279774653916,-89.69032211798877,1
cont_rastrigin_001,rastrigin,cont,300,hard,"ES_ML(mu=10,lam=40,sigma=0.3)",ES_ML,1,-41.775957785447126,-89.69032211798877,1
cont_rastrigin_001,rastrigin,cont,300,hard,"ES_ML(mu=10,lam=40,sigma=0.3)",ES_ML,2,-55.67925906275338,-89.69032211798877,1
cont_rastrigin_001,rastrigin,cont,300,hard,"ES_ML(mu=20,lam=80,sigma=0.2)",ES_ML,0,-58.07594571852322,-89.69032211798877,1
cont_rastrigin_001,rastrigin,cont,300,hard,"ES_ML(mu=20,lam=80,sigma=0.2)",ES_ML,1,-54.80075870696872,-89.69032211798877,1
cont_rastrigin_001,rastrigin,cont,300,hard,"ES_ML(mu=20,lam=80,sigma=0.2)",ES_ML,2,-46.174498627617155,-89.69032211798877,1
cont_rastrigin_001,rastrigin,cont,800,easy,RS_CONT,RS_CONT,0,-94.32154666897488,-91.76428729382192,0
cont_rastrigin_001,rastrigin,cont,800,easy,RS_CONT,RS_CONT,1,-77.64783615819367,-91.76428729382192,1
cont_rastrigin_001,rastrigin,cont,800,easy,RS_CONT,RS_CONT,2,-83.6464180601283,-91.76428729382192,1
cont_rastrigin_001,rastrigin,cont,800,easy,HC_CONT(sigma=0.2),HC_CONT,0,-110.72145263311968,-91.76428729382192,0
cont_rastrigin_001,rastrigin,cont,800,easy,HC_CONT(sigma=0.2),HC_CONT,1,-75.73126588502674,-91.76428729382192,1
cont_rastrigin_001,rastrigin,cont,800,easy,HC_CONT(sigma=0.2),HC_CONT,2,-143.89011340093185,-91.76428729382192,0
cont_rastrigin_001,rastrigin,cont,800,easy,"SA_CONT(sigma=0.3,T0=1.0,alpha=0.995)",SA_CONT,0,-81.57154347247712,-91.76428729382192,1
cont_rastrigin_001,rastrigin,cont,800,easy,"SA_CONT(sigma=0.3,T0=1.0,alpha=0.995)",SA_CONT,1,-117.56510735264249,-91.76428729382192,0
cont_rastrigin_001,rastrigin,cont,800,easy,"SA_CONT(sigma=0.3,T0=1.0,alpha=0.995)",SA_CONT,2,-105.46855759382768,-91.76428729382192,0
cont_rastrigin_001,rastrigin,cont,800,easy,"PSO_STD(p=20,w=0.72,c1=1.49,c2=1.49)",PSO_STD,0,-47.15167183477874,-91.76428729382192,1
cont_rastrigin_001,rastrigin,cont,800,easy,"PSO_STD(p=20,w=0.72,c1=1.49,c2=1.49)",PSO_STD,1,-27.384101187664342,-91.76428729382192,1
cont_rastrigin_001,rastrigin,cont,800,easy,"PSO_STD(p=20,w=0.72,c1=1.49,c2=1.49)",PSO_STD,2,-34.35535323238105,-91.76428729382192,1
cont_rastrigin_001,rastrigin,cont,800,easy,"PSO_STD(p=40,w=0.72,c1=1.49,c2=1.49)",PSO_STD,0,-41.03617039183931,-91.76428729382192,1
cont_rastrigin_001,rastrigin,cont,800,easy,"PSO_STD(p=40,w=0.72,c1=1.49,c2=1.49)",PSO_STD,1,-61.37401337715028,-91.76428729382192,1
cont_rastrigin_001,rastrigin,cont,800,easy,"PSO_STD(p=40,w=0.72,c1=1.49,c2=1.49)",PSO_STD,2,-66.55161530998703,-91.76428729382192,1
cont_rastrigin_001,rastrigin,cont,800,easy,"PSO_RING(p=20,ring,w=0.72,c1=1.49,c2=1.49)",PSO_RING,0,-50.87870799941606,-91.76428729382192,1
cont_rastrigin_001,rastrigin,cont,800,easy,"PSO_RING(p=20,ring,w=0.72,c1=1.49,c2=1.49)",PSO_RING,1,-57.12882765912534,-91.76428729382192,1
cont_rastrigin_001,rastrigin,cont,800,easy,"PSO_RING(p=20,ring,w=0.72,c1=1.49,c2=1.49)",PSO_RING,2,-66.69675440749091,-91.76428729382192,1
cont_rastrigin_001,rastrigin,cont,800,easy,"PSO_RING(p=40,ring,w=0.72,c1=1.49,c2=1.49)",PSO_RING,0,-68.31697606887082,-91.76428729382192,1
cont_rastrigin_001,rastrigin,cont,800,easy,"PSO_RING(p=40,ring,w=0.72,c1=1.49,c2=1.49)",PSO_RING,1,-70.65488357337804,-91.76428729382192,1
cont_rastrigin_001,rastrigin,cont,800,easy,"PSO_RING(p=40,ring,w=0.72,c1=1.49,c2=1.49)",PSO_RING,2,-73.46657272512667,-91.76428729382192,1
cont_rastrigin_001,rastrigin,cont,800,easy,"DE(pop=20,F=0.8,CR=0.9)",DE,0,-50.067124770353495,-91.76428729382192,1
cont_rastrigin_001,rastrigin,cont,800,easy,"DE(pop=20,F=0.8,CR=0.9)",DE,1,-87.85923112089097,-91.76428729382192,1
cont_rastrigin_001,rastrigin,cont,800,easy,"DE(pop=20,F=0.8,CR=0.9)",DE,2,-81.32556580427145,-91.76428729382192,1
cont_rastrigin_001,rastrigin,cont,800,easy,"DE(pop=40,F=0.8,CR=0.9)",DE,0,-96.27253365649628,-91.76428729382192,0
cont_rastrigin_001,rastrigin,cont,800,easy,"DE(pop=40,F=0.8,CR=0.9)",DE,1,-89.52032981304171,-91.76428729382192,1
cont_rastrigin_001,rastrigin,cont,800,easy,"DE(pop=40,F=0.8,CR=0.9)",DE,2,-70.46034583858238,-91.76428729382192,1
cont_rastrigin_001,rastrigin,cont,800,easy,"ES_ML(mu=10,lam=40,sigma=0.3)",ES_ML,0,-38.154999127141814,-91.76428729382192,1
cont_rastrigin_001,rastrigin,cont,800,easy,"ES_ML(mu=10,lam=40,sigma=0.3)",ES_ML,1,-42.09137069648675,-91.76428729382192,1
cont_rastrigin_001,rastrigin,cont,800,easy,"ES_ML(mu=10,lam=40,sigma=0.3)",ES_ML,2,-36.78125520913786,-91.76428729382192,1
cont_rastrigin_001,rastrigin,cont,800,easy,"ES_ML(mu=20,lam=80,sigma=0.2)",ES_ML,0,-43.979998177378874,-91.76428729382192,1
cont_rastrigin_001,rastrigin,cont,800,easy,"ES_ML(mu=20,lam=80,sigma=0.2)",ES_ML,1,-43.16207885153253,-91.76428729382192,1
cont_rastrigin_001,rastrigin,cont,800,easy,"ES_ML(mu=20,lam=80,sigma=0.2)",ES_ML,2,-38.05413606888262,-91.76428729382192,1
cont_rastrigin_001,rastrigin,cont,800,med,RS_CONT,RS_CONT,0,-96.32942993391225,-84.76269282281174,0
cont_rastrigin_001,rastrigin,cont,800,med,RS_CONT,RS_CONT,1,-99.20555177322557,-84.76269282281174,0
cont_rastrigin_001,rastrigin,cont,800,med,RS_CONT,RS_CONT,2,-96.58030721815176,-84.76269282281174,0
cont_rastrigin_001,rastrigin,cont,800,med,HC_CONT(sigma=0.2),HC_CONT,0,-78.30288996023441,-84.76269282281174,1
cont_rastrigin_001,rastrigin,cont,800,med,HC_CONT(sigma=0.2),HC_CONT,1,-59.43659699469266,-84.76269282281174,1
cont_rastrigin_001,rastrigin,cont,800,med,HC_CONT(sigma=0.2),HC_CONT,2,-139.31646023169674,-84.76269282281174,0
cont_rastrigin_001,rastrigin,cont,800,med,"SA_CONT(sigma=0.3,T0=1.0,alpha=0.995)",SA_CONT,0,-140.2871515095065,-84.76269282281174,0
cont_rastrigin_001,rastrigin,cont,800,med,"SA_CONT(sigma=0.3,T0=1.0,alpha=0.995)",SA_CONT,1,-91.3914182061791,-84.76269282281174,0
cont_rastrigin_001,rastrigin,cont,800,med,"SA_CONT(sigma=0.3,T0=1.0,alpha=0.995)",SA_CONT,2,-133.38709159660868,-84.76269282281174,0
cont_rastrigin_001,rastrigin,cont,800,med,"PSO_STD(p=20,w=0.72,c1=1.49,c2=1.49)",PSO_STD,0,-43.411423642419976,-84.76269282281174,1
cont_rastrigin_001,rastrigin,cont,800,med,"PSO_STD(p=20,w=0.72,c1=1.49,c2=1.49)",PSO_STD,1,-25.36778930868242,-84.76269282281174,1
cont_rastrigin_001,rastrigin,cont,800,med,"PSO_STD(p=20,w=0.72,c1=1.49,c2=1.49)",PSO_STD,2,-54.79125706521674,-84.76269282281174,1
cont_rastrigin_001,rastrigin,cont,800,med,"PSO_STD(p=40,w=0.72,c1=1.49,c2=1.49)",PSO_STD,0,-76.12171544542929,-84.76269282281174,1
cont_rastrigin_001,rastrigin,cont,800,med,"PSO_STD(p=40,w=0.72,c1=1.49,c2=1.49)",PSO_STD,1,-38.13327190014469,-84.76269282281174,1
cont_rastrigin_001,rastrigin,cont,800,med,"PSO_STD(p=40,w=0.72,c1=1.49,c2=1.49)",PSO_STD,2,-50.56967078534126,-84.76269282281174,1
cont_rastrigin_001,rastrigin,cont,800,med,"PSO_RING(p=20,ring,w=0.72,c1=1.49,c2=1.49)",PSO_RING,0,-65.79987435670796,-84.76269282281174,1
cont_rastrigin_001,rastrigin,cont,800,med,"PSO_RING(p=20,ring,w=0.72,c1=1.49,c2=1.49)",PSO_RING,1,-59.100410337180236,-84.76269282281174,1
cont_rastrigin_001,rastrigin,cont,800,med,"PSO_RING(p=20,ring,w=0.72,c1=1.49,c2=1.49)",PSO_RING,2,-45.173121906134185,-84.76269282281174,1
cont_rastrigin_001,rastrigin,cont,800,med,"PSO_RING(p=40,ring,w=0.72,c1=1.49,c2=1.49)",PSO_RING,0,-60.16806624904009,-84.76269282281174,1
cont_rastrigin_001,rastrigin,cont,800,med,"PSO_RING(p=40,ring,w=0.72,c1=1.49,c2=1.49)",PSO_RING,1,-53.790117773898515,-84.76269282281174,1
cont_rastrigin_001,rastrigin,cont,800,med,"PSO_RING(p=40,ring,w=0.72,c1=1.49,c2=1.49)",PSO_RING,2,-53.828361685443795,-84.76269282281174,1
cont_rastrigin_001,rastrigin,cont,800,med,"DE(pop=20,F=0.8,CR=0.9)",DE,0,-61.72577255907138,-84.76269282281174,1
cont_rastrigin_001,rastrigin,cont,800,med,"DE(pop=20,F=0.8,CR=0.9)",DE,1,-70.9191198225994,-84.76269282281174,1
cont_rastrigin_001,rastrigin,cont,800,med,"DE(pop=20,F=0.8,CR=0.9)",DE,2,-70.8377169264626,-84.76269282281174,1
cont_rastrigin_001,rastrigin,cont,800,med,"DE(pop=40,F=0.8,CR=0.9)",DE,0,-107.96773101860632,-84.76269282281174,0
cont_rastrigin_001,rastrigin,cont,800,med,"DE(pop=40,F=0.8,CR=0.9)",DE,1,-98.2961891355273,-84.76269282281174,0
cont_rastrigin_001,rastrigin,cont,800,med,"DE(pop=40,F=0.8,CR=0.9)",DE,2,-95.63501928753657,-84.76269282281174,0
cont_rastrigin_001,rastrigin,cont,800,med,"ES_ML(mu=10,lam=40,sigma=0.3)",ES_ML,0,-42.53261359561636,-84.76269282281174,1
cont_rastrigin_001,rastrigin,cont,800,med,"ES_ML(mu=10,lam=40,sigma=0.3)",ES_ML,1,-52.79689714421821,-84.76269282281174,1
cont_rastrigin_001,rastrigin,cont,800,med,"ES_ML(mu=10,lam=40,sigma=0.3)",ES_ML,2,-39.639690626269974,-84.76269282281174,1
cont_rastrigin_001,rastrigin,cont,800,med,"ES_ML(mu=20,lam=80,sigma=0.2)",ES_ML,0,-29.583431820195727,-84.76269282281174,1
cont_rastrigin_001,rastrigin,cont,800,med,"ES_ML(mu=20,lam=80,sigma=0.2)",ES_ML,1,-25.95141698947971,-84.76269282281174,1
cont_rastrigin_001,rastrigin,cont,800,med,"ES_ML(mu=20,lam=80,sigma=0.2)",ES_ML,2,-29.454373473471577,-84.76269282281174,1
cont_rastrigin_001,rastrigin,cont,800,hard,RS_CONT,RS_CONT,0,-80.49738183804355,-81.99869691320332,1
cont_rastrigin_001,rastrigin,cont,800,hard,RS_CONT,RS_CONT,1,-77.14812610332518,-81.99869691320332,1
cont_rastrigin_001,rastrigin,cont,800,hard,RS_CONT,RS_CONT,2,-97.66000257116282,-81.99869691320332,0
cont_rastrigin_001,rastrigin,cont,800,hard,HC_CONT(sigma=0.2),HC_CONT,0,-116.31950285068326,-81.99869691320332,0
cont_rastrigin_001,rastrigin,cont,800,hard,HC_CONT(sigma=0.2),HC_CONT,1,-107.95453658303232,-81.99869691320332,0
cont_rastrigin_001,rastrigin,cont,800,hard,HC_CONT(sigma=0.2),HC_CONT,2,-103.21251108707064,-81.99869691320332,0
cont_rastrigin_001,rastrigin,cont,800,hard,"SA_CONT(sigma=0.3,T0=1.0,alpha=0.995)",SA_CONT,0,-89.51189727822285,-81.99869691320332,0
cont_rastrigin_001,rastrigin,cont,800,hard,"SA_CONT(sigma=0.3,T0=1.0,alpha=0.995)",SA_CONT,1,-108.71098098286147,-81.99869691320332,0
cont_rastrigin_001,rastrigin,cont,800,hard,"SA_CONT(sigma=0.3,T0=1.0,alpha=0.995)",SA_CONT,2,-104.25005043403772,-81.99869691320332,0
cont_rastrigin_001,rastrigin,cont,800,hard,"PSO_STD(p=20,w=0.72,c1=1.49,c2=1.49)",PSO_STD,0,-51.084695360891615,-81.99869691320332,1
cont_rastrigin_001,rastrigin,cont,800,hard,"PSO_STD(p=20,w=0.72,c1=1.49,c2=1.49)",PSO_STD,1,-45.636700702600024,-81.99869691320332,1
cont_rastrigin_001,rastrigin,cont,800,hard,"PSO_STD(p=20,w=0.72,c1=1.49,c2=1.49)",PSO_STD,2,-53.04336193631879,-81.99869691320332,1
cont_rastrigin_001,rastrigin,cont,800,hard,"PSO_STD(p=40,w=0.72,c1=1.49,c2=1.49)",PSO_STD,0,-40.81518168430933,-81.99869691320332,1
cont_rastrigin_001,rastrigin,cont,800,hard,"PSO_STD(p=40,w=0.72,c1=1.49,c2=1.49)",PSO_STD,1,-52.58406568569019,-81.99869691320332,1
cont_rastrigin_001,rastrigin,cont,800,hard,"PSO_STD(p=40,w=0.72,c1=1.49,c2=1.49)",PSO_STD,2,-50.818894018849086,-81.99869691320332,1
cont_rastrigin_001,rastrigin,cont,800,hard,"PSO_RING(p=20,ring,w=0.72,c1=1.49,c2=1.49)",PSO_RING,0,-52.24639742676543,-81.99869691320332,1
cont_rastrigin_001,rastrigin,cont,800,hard,"PSO_RING(p=20,ring,w=0.72,c1=1.49,c2=1.49)",PSO_RING,1,-53.86449685269771,-81.99869691320332,1
cont_rastrigin_001,rastrigin,cont,800,hard,"PSO_RING(p=20,ring,w=0.72,c1=1.49,c2=1.49)",PSO_RING,2,-39.095063092419835,-81.99869691320332,1
cont_rastrigin_001,rastrigin,cont,800,hard,"PSO_RING(p=40,ring,w=0.72,c1=1.49,c2=1.49)",PSO_RING,0,-60.91792109161986,-81.99869691320332,1
cont_rastrigin_001,rastrigin,cont,800,hard,"PSO_RING(p=40,ring,w=0.72,c1=1.49,c2=1.49)",PSO_RING,1,-60.32966921516605,-81.99869691320332,1
cont_rastrigin_001,rastrigin,cont,800,hard,"PSO_RING(p=40,ring,w=0.72,c1=1.49,c2=1.49)",PSO_RING,2,-68.69807517991367,-81.99869691320332,1
cont_rastrigin_001,rastrigin,cont,800,hard,"DE(pop=20,F=0.8,CR=0.9)",DE,0,-74.41187876576608,-81.99869691320332,1
cont_rastrigin_001,rastrigin,cont,800,hard,"DE(pop=20,F=0.8,CR=0.9)",DE,1,-80.6665768739347,-81.99869691320332,1
cont_rastrigin_001,rastrigin,cont,800,hard,"DE(pop=20,F=0.8,CR=0.9)",DE,2,-59.982127794454655,-81.99869691320332,1
cont_rastrigin_001,rastrigin,cont,800,hard,"DE(pop=40,F=0.8,CR=0.9)",DE,0,-91.31900623352897,-81.99869691320332,0
cont_rastrigin_001,rastrigin,cont,800,hard,"DE(pop=40,F=0.8,CR=0.9)",DE,1,-104.97799323928288,-81.99869691320332,0
cont_rastrigin_001,rastrigin,cont,800,hard,"DE(pop=40,F=0.8,CR=0.9)",DE,2,-100.24880820637091,-81.99869691320332,0
cont_rastrigin_001,rastrigin,cont,800,hard,"ES_ML(mu=10,lam=40,sigma=0.3)",ES_ML,0,-32.76291323684882,-81.99869691320332,1
cont_rastrigin_001,rastrigin,cont,800,hard,"ES_ML(mu=10,lam=40,sigma=0.3)",ES_ML,1,-35.46760156895708,-81.99869691320332,1
cont_rastrigin_001,rastrigin,cont,800,hard,"ES_ML(mu=10,lam=40,sigma=0.3)",ES_ML,2,-49.12120858167231,-81.99869691320332,1
cont_rastrigin_001,rastrigin,cont,800,hard,"ES_ML(mu=20,lam=80,sigma=0.2)",ES_ML,0,-23.262751698163697,-81.99869691320332,1
cont_rastrigin_001,rastrigin,cont,800,hard,"ES_ML(mu=20,lam=80,sigma=0.2)",ES_ML,1,-29.127120989396815,-81.99869691320332,1
cont_rastrigin_001,rastrigin,cont,800,hard,"ES_ML(mu=20,lam=80,sigma=0.2)",ES_ML,2,-32.96456223503702,-81.99869691320332,1
cont_sphere_002,sphere,cont,300,easy,RS_CONT,RS_CONT,0,-16.136133444375997,-19.692422584344605,1
cont_sphere_002,sphere,cont,300,easy,RS_CONT,RS_CONT,1,-33.153077560100684,-19.692422584344605,0
cont_sphere_002,sphere,cont,300,easy,RS_CONT,RS_CONT,2,-18.08954970821552,-19.692422584344605,1
cont_sphere_002,sphere,cont,300,easy,HC_CONT(sigma=0.2),HC_CONT,0,-0.2889686381067697,-19.692422584344605,1
cont_sphere_002,sphere,cont,300,easy,HC_CONT(sigma=0.2),HC_CONT,1,-0.16419156214759423,-19.692422584344605,1
cont_sphere_002,sphere,cont,300,easy,HC_CONT(sigma=0.2),HC_CONT,2,-0.18657886556643713,-19.692422584344605,1
cont_sphere_002,sphere,cont,300,easy,"SA_CONT(sigma=0.3,T0=1.0,alpha=0.995)",SA_CONT,0,-0.5761856561592801,-19.692422584344605,1
cont_sphere_002,sphere,cont,300,easy,"SA_CONT(sigma=0.3,T0=1.0,alpha=0.995)",SA_CONT,1,-0.7990382400189262,-19.692422584344605,1
cont_sphere_002,sphere,cont,300,easy,"SA_CONT(sigma=0.3,T0=1.0,alpha=0.995)",SA_CONT,2,-0.3797120106479954,-19.692422584344605,1
cont_sphere_002,sphere,cont,300,easy,"PSO_STD(p=20,w=0.72,c1=1.49,c2=1.49)",PSO_STD,0,-4.71508670345153,-19.692422584344605,1
cont_sphere_002,sphere,cont,300,easy,"PSO_STD(p=20,w=0.72,c1=1.49,c2=1.49)",PSO_STD,1,-3.0185263846955714,-19.692422584344605,1
cont_sphere_002,sphere,cont,300,easy,"PSO_STD(p=20,w=0.72,c1=1.49,c2=1.49)",PSO_STD,2,-1.3972293619169438,-19.692422584344605,1
cont_sphere_002,sphere,cont,300,easy,"PSO_STD(p=40,w=0.72,c1=1.49,c2=1.49)",PSO_STD,0,-8.663066448429559,-19.692422584344605,1
cont_sphere_002,sphere,cont,300,easy,"PSO_STD(p=40,w=0.72,c1=1.49,c2=1.49)",PSO_STD,1,-2.6200773506992503,-19.692422584344605,1
cont_sphere_002,sphere,cont,300,easy,"PSO_STD(p=40,w=0.72,c1=1.49,c2=1.49)",PSO_STD,2,-3.188020364434799,-19.692422584344605,1
cont_sphere_002,sphere,cont,300,easy,"PSO_RING(p=20,ring,w=0.72,c1=1.49,c2=1.49)",PSO_RING,0,-8.0881611619865,-19.692422584344605,1
cont_sphere_002,sphere,cont,300,easy,"PSO_RING(p=20,ring,w=0.72,c1=1.49,c2=1.49)",PSO_RING,1,-20.356981622033484,-19.692422584344605,0
cont_sphere_002,sphere,cont,300,easy,"PSO_RING(p=20,ring,w=0.72,c1=1.49,c2=1.49)",PSO_RING,2,-9.787973831893558,-19.692422584344605,1
cont_sphere_002,sphere,cont,300,easy,"PSO_RING(p=40,ring,w=0.72,c1=1.49,c2=1.49)",PSO_RING,0,-10.239956085240443,-19.692422584344605,1
cont_sphere_002,sphere,cont,300,easy,"PSO_RING(p=40,ring,w=0.72,c1=1.49,c2=1.49)",PSO_RING,1,-17.583853275496665,-19.692422584344605,1
cont_sphere_002,sphere,cont,300,easy,"PSO_RING(p=40,ring,w=0.72,c1=1.49,c2=1.49)",PSO_RING,2,-12.47334378468495,-19.692422584344605,1
cont_sphere_002,sphere,cont,300,easy,"DE(pop=20,F=0.8,CR=0.9)",DE,0,-20.63542766485212,-19.692422584344605,0
cont_sphere_002,sphere,cont,300,easy,"DE(pop=20,F=0.8,CR=0.9)",DE,1,-31.840228890660935,-19.692422584344605,0
cont_sphere_002,sphere,cont,300,easy,"DE(pop=20,F=0.8,CR=0.9)",DE,2,-29.049971436451326,-19.692422584344605,0
cont_sphere_002,sphere,cont,300,easy,"DE(pop=40,F=0.8,CR=0.9)",DE,0,-29.986944772779946,-19.692422584344605,0
cont_sphere_002,sphere,cont,300,easy,"DE(pop=40,F=0.8,CR=0.9)",DE,1,-12.540021895097519,-19.692422584344605,1
cont_sphere_002,sphere,cont,300,easy,"DE(pop=40,F=0.8,CR=0.9)",DE,2,-39.38438446056204,-19.692422584344605,0
cont_sphere_002,sphere,cont,300,easy,"ES_ML(mu=10,lam=40,sigma=0.3)",ES_ML,0,-0.944669695946279,-19.692422584344605,1
cont_sphere_002,sphere,cont,300,easy,"ES_ML(mu=10,lam=40,sigma=0.3)",ES_ML,1,-1.138544535277336,-19.692422584344605,1
cont_sphere_002,sphere,cont,300,easy,"ES_ML(mu=10,lam=40,sigma=0.3)",ES_ML,2,-2.161958173384245,-19.692422584344605,1
cont_sphere_002,sphere,cont,300,easy,"ES_ML(mu=20,lam=80,sigma=0.2)",ES_ML,0,-0.7542120607493058,-19.692422584344605,1
cont_sphere_002,sphere,cont,300,easy,"ES_ML(mu=20,lam=80,sigma=0.2)",ES_ML,1,-0.9419459410452206,-19.692422584344605,1
cont_sphere_002,sphere,cont,300,easy,"ES_ML(mu=20,lam=80,sigma=0.2)",ES_ML,2,-0.779393425475248,-19.692422584344605,1
cont_sphere_002,sphere,cont,300,med,RS_CONT,RS_CONT,0,-13.609444143621802,-16.459923646952557,1
cont_sphere_002,sphere,cont,300,med,RS_CONT,RS_CONT,1,-36.290361376413394,-16.459923646952557,0
cont_sphere_002,sphere,cont,300,med,RS_CONT,RS_CONT,2,-25.129092970345294,-16.459923646952557,0
cont_sphere_002,sphere,cont,300,med,HC_CONT(sigma=0.2),HC_CONT,0,-0.2060296982329421,-16.459923646952557,1
cont_sphere_002,sphere,cont,300,med,HC_CONT(sigma=0.2),HC_CONT,1,-0.057631775090174156,-16.459923646952557,1
cont_sphere_002,sphere,cont,300,med,HC_CONT(sigma=0.2),HC_CONT,2,-0.17516212704184791,-16.459923646952557,1
cont_sphere_002,sphere,cont,300,med,"SA_CONT(sigma=0.3,T0=1.0,alpha=0.995)",SA_CONT,0,-0.45815703823218046,-16.459923646952557,1
cont_sphere_002,sphere,cont,300,med,"SA_CONT(sigma=0.3,T0=1.0,alpha=0.995)",SA_CONT,1,-0.5256004234684231,-16.459923646952557,1
cont_sphere_002,sphere,cont,300,med,"SA_CONT(sigma=0.3,T0=1.0,alpha=0.995)",SA_CONT,2,-0.7611693209464846,-16.459923646952557,1
cont_sphere_002,sphere,cont,300,med,"PSO_STD(p=20,w=0.72,c1=1.49,c2=1.49)",PSO_STD,0,-1.971925432532284,-16.459923646952557,1
cont_sphere_002,sphere,cont,300,med,"PSO_STD(p=20,w=0.72,c1=1.49,c2=1.49)",PSO_STD,1,-2.4826158885691143,-16.459923646952557,1
cont_sphere_002,sphere,cont,300,med,"PSO_STD(p=20,w=0.72,c1=1.49,c2=1.49)",PSO_STD,2,-2.8908121806229348,-16.459923646952557,1
cont_sphere_002,sphere,cont,300,med,"PSO_STD(p=40,w=0.72,c1=1.49,c2=1.49)",PSO_STD,0,-5.85530038932023,-16.459923646952557,1
cont_sphere_002,sphere,cont,300,med,"PSO_STD(p=40,w=0.72,c1=1.49,c2=1.49)",PSO_STD,1,-5.416794112869488,-16.459923646952557,1
cont_sphere_002,sphere,cont,300,med,"PSO_STD(p=40,w=0.72,c1=1.49,c2=1.49)",PSO_STD,2,-5.324234645930911,-16.459923646952557,1
cont_sphere_002,sphere,cont,300,med,"PSO_RING(p=20,ring,w=0.72,c1=1.49,c2=1.49)",PSO_RING,0,-7.253606337711256,-16.459923646952557,1
cont_sphere_002,sphere,cont,300,med,"PSO_RING(p=20,ring,w=0.72,c1=1.49,c2=1.49)",PSO_RING,1,-6.4131340311798954,-16.459923646952557,1
cont_sphere_002,sphere,cont,300,med,"PSO_RING(p=20,ring,w=0.72,c1=1.49,c2=1.49)",PSO_RING,2,-6.590129164880697,-16.459923646952557,1
cont_sphere_002,sphere,cont,300,med,"PSO_RING(p=40,ring,w=0.72,c1=1.49,c2=1.49)",PSO_RING,0,-25.71750346602021,-16.459923646952557,0
cont_sphere_002,sphere,cont,300,med,"PSO_RING(p=40,ring,w=0.72,c1=1.49,c2=1.49)",PSO_RING,1,-11.963888380517666,-16.459923646952557,1
cont_sphere_002,sphere,cont,300,med,"PSO_RING(p=40,ring,w=0.72,c1=1.49,c2=1.49)",PSO_RING,2,-13.875573934412467,-16.459923646952557,1
cont_sphere_002,sphere,cont,300,med,"DE(pop=20,F=0.8,CR=0.9)",DE,0,-14.505905802881575,-16.459923646952557,1
cont_sphere_002,sphere,cont,300,med,"DE(pop=20,F=0.8,CR=0.9)",DE,1,-23.136413232720795,-16.459923646952557,0
cont_sphere_002,sphere,cont,300,med,"DE(pop=20,F=0.8,CR=0.9)",DE,2,-30.93509373541432,-16.459923646952557,0
cont_sphere_002,sphere,cont,300,med,"DE(pop=40,F=0.8,CR=0.9)",DE,0,-34.529987623678586,-16.459923646952557,0
cont_sphere_002,sphere,cont,300,med,"DE(pop=40,F=0.8,CR=0.9)",DE,1,-28.662253302811934,-16.459923646952557,0
cont_sphere_002,sphere,cont,300,med,"DE(pop=40,F=0.8,CR=0.9)",DE,2,-29.472666288642372,-16.459923646952557,0
cont_sphere_002,sphere,cont,300,med,"ES_ML(mu=10,lam=40,sigma=0.3)",ES_ML,0,-1.098099038215007,-16.459923646952557,1
cont_sphere_002,sphere,cont,300,med,"ES_ML(mu=10,lam=40,sigma=0.3)",ES_ML,1,-0.4757721422440421,-16.459923646952557,1
cont_sphere_002,sphere,cont,300,med,"ES_ML(mu=10,lam=40,sigma=0.3)",ES_ML,2,-0.5487129011646028,-16.459923646952557,1
cont_sphere_002,sphere,cont,300,med,"ES_ML(mu=20,lam=80,sigma=0.2)",ES_ML,0,-1.379563875931412,-16.459923646952557,1
cont_sphere_002,sphere,cont,300,med,"ES_ML(mu=20,lam=80,sigma=0.2)",ES_ML,1,-0.7841756785966639,-16.459923646952557,1
cont_sphere_002,sphere,cont,300,med,"ES_ML(mu=20,lam=80,sigma=0.2)",ES_ML,2,-2.1194268697741974,-16.459923646952557,1
cont_sphere_002,sphere,cont,300,hard,RS_CONT,RS_CONT,0,-21.347828750004858,-15.98000631830181,0
cont_sphere_002,sphere,cont,300,hard,RS_CONT,RS_CONT,1,-8.902792530371466,-15.98000631830181,1
cont_sphere_002,sphere,cont,300,hard,RS_CONT,RS_CONT,2,-25.796173682980395,-15.98000631830181,0
cont_sphere_002,sphere,cont,300,hard,HC_CONT(sigma=0.2),HC_CONT,0,-0.15352040468497521,-15.98000631830181,1
cont_sphere_002,sphere,cont,300,hard,HC_CONT(sigma=0.2),HC_CONT,1,-0.06489975950305883,-15.98000631830181,1
cont_sphere_002,sphere,cont,300,hard,HC_CONT(sigma=0.2),HC_CONT,2,-0.12298699045995268,-15.98000631830181,1
cont_sphere_002,sphere,cont,300,hard,"SA_CONT(sigma=0.3,T0=1.0,alpha=0.995)",SA_CONT,0,-1.237226993128187,-15.98000631830181,1
cont_sphere_002,sphere,cont,300,hard,"SA_CONT(sigma=0.3,T0=1.0,alpha=0.995)",SA_CONT,1,-0.36907714551286236,-15.98000631830181,1
cont_sphere_002,sphere,cont,300,hard,"SA_CONT(sigma=0.3,T0=1.0,alpha=0.995)",SA_CONT,2,-0.9445872300183279,-15.98000631830181,1
cont_sphere_002,sphere,cont,300,hard,"PSO_STD(p=20,w=0.72,c1=1.49,c2=1.49)",PSO_STD,0,-2.089340458339485,-15.98000631830181,1
cont_sphere_002,sphere,cont,300,hard,"PSO_STD(p=20,w=0.72,c1=1.49,c2=1.49)",PSO_STD,1,-3.0977654395366616,-15.98000631830181,1
cont_sphere_002,sphere,cont,300,hard,"PSO_STD(p=20,w=0.72,c1=1.49,c2=1.49)",PSO_STD,2,-3.3236917168843485,-15.98000631830181,1
cont_sphere_002,sphere,cont,300,hard,"PSO_STD(p=40,w=0.72,c1=1.49,c2=1.49)",PSO_STD,0,-3.7427379601383315,-15.98000631830181,1
cont_sphere_002,sphere,cont,300,hard,"PSO_STD(p=40,w=0.72,c1=1.49,c2=1.49)",PSO_STD,1,-9.936908112079395,-15.98000631830181,1
cont_sphere_002,sphere,cont,300,hard,"PSO_STD(p=40,w=0.72,c1=1.49,c2=1.49)",PSO_STD,2,-3.393553974063238,-15.98000631830181,1
cont_sphere_002,sphere,cont,300,hard,"PSO_RING(p=20,ring,w=0.72,c1=1.49,c2=1.49)",PSO_RING,0,-5.24928450029075,-15.98000631830181,1
cont_sphere_002,sphere,cont,300,hard,"PSO_RING(p=20,ring,w=0.72,c1=1.49,c2=1.49)",PSO_RING,1,-12.518929313212613,-15.98000631830181,1
cont_sphere_002,sphere,cont,300,hard,"PSO_RING(p=20,ring,w=0.72,c1=1.49,c2=1.49)",PSO_RING,2,-16.234678316024382,-15.98000631830181,0
cont_sphere_002,sphere,cont,300,hard,"PSO_RING(p=40,ring,w=0.72,c1=1.49,c2=1.49)",PSO_RING,0,-16.695023966674135,-15.98000631830181,0
cont_sphere_002,sphere,cont,300,hard,"PSO_RING(p=40,ring,w=0.72,c1=1.49,c2=1.49)",PSO_RING,1,-8.767281297108829,-15.98000631830181,1
cont_sphere_002,sphere,cont,300,hard,"PSO_RING(p=40,ring,w=0.72,c1=1.49,c2=1.49)",PSO_RING,2,-19.921620528447725,-15.98000631830181,0
cont_sphere_002,sphere,cont,300,hard,"DE(pop=20,F=0.8,CR=0.9)",DE,0,-13.51204955676118,-15.98000631830181,1
cont_sphere_002,sphere,cont,300,hard,"DE(pop=20,F=0.8,CR=0.9)",DE,1,-15.954316398829448,-15.98000631830181,1
cont_sphere_002,sphere,cont,300,hard,"DE(pop=20,F=0.8,CR=0.9)",DE,2,-23.85361632744666,-15.98000631830181,0
cont_sphere_002,sphere,cont,300,hard,"DE(pop=40,F=0.8,CR=0.9)",DE,0,-39.3892167043057,-15.98000631830181,0
cont_sphere_002,sphere,cont,300,hard,"DE(pop=40,F=0.8,CR=0.9)",DE,1,-38.49438333579066,-15.98000631830181,0
cont_sphere_002,sphere,cont,300,hard,"DE(pop=40,F=0.8,CR=0.9)",DE,2,-27.091546706473302,-15.98000631830181,0
cont_sphere_002,sphere,cont,300,hard,"ES_ML(mu=10,lam=40,sigma=0.3)",ES_ML,0,-0.9641068768194532,-15.98000631830181,1
cont_sphere_002,sphere,cont,300,hard,"ES_ML(mu=10,lam=40,sigma=0.3)",ES_ML,1,-0.5958374165708726,-15.98000631830181,1
cont_sphere_002,sphere,cont,300,hard,"ES_ML(mu=10,lam=40,sigma=0.3)",ES_ML,2,-0.28670904267115177,-15.98000631830181,1
cont_sphere_002,sphere,cont,300,hard,"ES_ML(mu=20,lam=80,sigma=0.2)",ES_ML,0,-1.266021104444818,-15.98000631830181,1
cont_sphere_002,sphere,cont,300,hard,"ES_ML(mu=20,lam=80,sigma=0.2)",ES_ML,1,-0.48590082548864527,-15.98000631830181,1
cont_sphere_002,sphere,cont,300,hard,"ES_ML(mu=20,lam=80,sigma=0.2)",ES_ML,2,-0.7511942194213568,-15.98000631830181,1
cont_sphere_002,sphere,cont,800,easy,RS_CONT,RS_CONT,0,-22.001363577874127,-18.64138153119077,0
cont_sphere_002,sphere,cont,800,easy,RS_CONT,RS_CONT,1,-23.437866833212144,-18.64138153119077,0
cont_sphere_002,sphere,cont,800,easy,RS_CONT,RS_CONT,2,-22.293215037326156,-18.64138153119077,0
cont_sphere_002,sphere,cont,800,easy,HC_CONT(sigma=0.2),HC_CONT,0,-0.09393155570354118,-18.64138153119077,1
cont_sphere_002,sphere,cont,800,easy,HC_CONT(sigma=0.2),HC_CONT,1,-0.09412646406219116,-18.64138153119077,1
cont_sphere_002,sphere,cont,800,easy,HC_CONT(sigma=0.2),HC_CONT,2,-0.07790913086191134,-18.64138153119077,1
cont_sphere_002,sphere,cont,800,easy,"SA_CONT(sigma=0.3,T0=1.0,alpha=0.995)",SA_CONT,0,-0.376189665649711,-18.64138153119077,1
cont_sphere_002,sphere,cont,800,easy,"SA_CONT(sigma=0.3,T0=1.0,alpha=0.995)",SA_CONT,1,-0.1920330301349231,-18.64138153119077,1
cont_sphere_002,sphere,cont,800,easy,"SA_CONT(sigma=0.3,T0=1.0,alpha=0.995)",SA_CONT,2,-0.3201710489901432,-18.64138153119077,1
cont_sphere_002,sphere,cont,800,easy,"PSO_STD(p=20,w=0.72,c1=1.49,c2=1.49)",PSO_STD,0,-0.3488378784834626,-18.64138153119077,1
cont_sphere_002,sphere,cont,800,easy,"PSO_STD(p=20,w=0.72,c1=1.49,c2=1.49)",PSO_STD,1,-0.18469059325151804,-18.64138153119077,1
cont_sphere_002,sphere,cont,800,easy,"PSO_STD(p=20,w=0.72,c1=1.49,c2=1.49)",PSO_STD,2,-0.16913052608941367,-18.64138153119077,1
cont_sphere_002,sphere,cont,800,easy,"PSO_STD(p=40,w=0.72,c1=1.49,c2=1.49)",PSO_STD,0,-0.5606982186704276,-18.64138153119077,1
cont_sphere_002,sphere,cont,800,easy,"PSO_STD(p=40,w=0.72,c1=1.49,c2=1.49)",PSO_STD,1,-2.275601191328624,-18.64138153119077,1
cont_sphere_002,sphere,cont,800,easy,"PSO_STD(p=40,w=0.72,c1=1.49,c2=1.49)",PSO_STD,2,-0.678343683529765,-18.64138153119077,1
cont_sphere_002,sphere,cont,800,easy,"PSO_RING(p=20,ring,w=0.72,c1=1.49,c2=1.49)",PSO_RING,0,-0.761580844571058,-18.64138153119077,1
cont_sphere_002,sphere,cont,800,easy,"PSO_RING(p=20,ring,w=0.72,c1=1.49,c2=1.49)",PSO_RING,1,-2.04570584173389,-18.64138153119077,1
cont_sphere_002,sphere,cont,800,easy,"PSO_RING(p=20,ring,w=0.72,c1=1.49,c2=1.49)",PSO_RING,2,-0.7949422680460762,-18.64138153119077,1
cont_sphere_002,sphere,cont,800,easy,"PSO_RING(p=40,ring,w=0.72,c1=1.49,c2=1.49)",PSO_RING,0,-6.623285444950401,-18.64138153119077,1
cont_sphere_002,sphere,cont,800,easy,"PSO_RING(p=40,ring,w=0.72,c1=1.49,c2=1.49)",PSO_RING,1,-4.07774218301683,-18.64138153119077,1
cont_sphere_002,sphere,cont,800,easy,"PSO_RING(p=40,ring,w=0.72,c1=1.49,c2=1.49)",PSO_RING,2,-4.234328222345705,-18.64138153119077,1
cont_sphere_002,sphere,cont,800,easy,"DE(pop=20,F=0.8,CR=0.9)",DE,0,-5.7161457882021605,-18.64138153119077,1
cont_sphere_002,sphere,cont,800,easy,"DE(pop=20,F=0.8,CR=0.9)",DE,1,-2.9227832349192178,-18.64138153119077,1
cont_sphere_002,sphere,cont,800,easy,"DE(pop=20,F=0.8,CR=0.9)",DE,2,-4.206905244929199,-18.64138153119077,1
cont_sphere_002,sphere,cont,800,easy,"DE(pop=40,F=0.8,CR=0.9)",DE,0,-19.529510517997917,-18.64138153119077,0
cont_sphere_002,sphere,cont,800,easy,"DE(pop=40,F=0.8,CR=0.9)",DE,1,-14.991047952560713,-18.64138153119077,1
cont_sphere_002,sphere,cont,800,easy,"DE(pop=40,F=0.8,CR=0.9)",DE,2,-15.996479749137176,-18.64138153119077,1
cont_sphere_002,sphere,cont,800,easy,"ES_ML(mu=10,lam=40,sigma=0.3)",ES_ML,0,-0.2446818098183472,-18.64138153119077,1
cont_sphere_002,sphere,cont,800,easy,"ES_ML(mu=10,lam=40,sigma=0.3)",ES_ML,1,-0.19206067943455585,-18.64138153119077,1
cont_sphere_002,sphere,cont,800,easy,"ES_ML(mu=10,lam=40,sigma=0.3)",ES_ML,2,-0.2570596882387574,-18.64138153119077,1
cont_sphere_002,sphere,cont,800,easy,"ES_ML(mu=20,lam=80,sigma=0.2)",ES_ML,0,-0.1548202680155042,-18.64138153119077,1
cont_sphere_002,sphere,cont,800,easy,"ES_ML(mu=20,lam=80,sigma=0.2)",ES_ML,1,-0.11761420635582781,-18.64138153119077,1
cont_sphere_002,sphere,cont,800,easy,"ES_ML(mu=20,lam=80,sigma=0.2)",ES_ML,2,-0.10719440912077433,-18.64138153119077,1
cont_sphere_002,sphere,cont,800,med,RS_CONT,RS_CONT,0,-19.01005640598896,-16.209602546544808,0
cont_sphere_002,sphere,cont,800,med,RS_CONT,RS_CONT,1,-24.006202172177534,-16.209602546544808,0
cont_sphere_002,sphere,cont,800,med,RS_CONT,RS_CONT,2,-20.483976196638775,-16.209602546544808,0
cont_sphere_002,sphere,cont,800,med,HC_CONT(sigma=0.2),HC_CONT,0,-0.0746979141366271,-16.209602546544808,1
cont_sphere_002,sphere,cont,800,med,HC_CONT(sigma=0.2),HC_CONT,1,-0.028978566894103094,-16.209602546544808,1
cont_sphere_002,sphere,cont,800,med,HC_CONT(sigma=0.2),HC_CONT,2,-0.11096870495727222,-16.209602546544808,1
cont_sphere_002,sphere,cont,800,med,"SA_CONT(sigma=0.3,T0=1.0,alpha=0.995)",SA_CONT,0,-0.15581802161112607,-16.209602546544808,1
cont_sphere_002,sphere,cont,800,med,"SA_CONT(sigma=0.3,T0=1.0,alpha=0.995)",SA_CONT,1,-0.13092792444597323,-16.209602546544808,1
cont_sphere_002,sphere,cont,800,med,"SA_CONT(sigma=0.3,T0=1.0,alpha=0.995)",SA_CONT,2,-0.21373022809912073,-16.209602546544808,1
cont_sphere_002,sphere,cont,800,med,"PSO_STD(p=20,w=0.72,c1=1.49,c2=1.49)",PSO_STD,0,-0.1644380114615671,-16.209602546544808,1
cont_sphere_002,sphere,cont,800,med,"PSO_STD(p=20,w=0.72,c1=1.49,c2=1.49)",PSO_STD,1,-0.08730112772161387,-16.209602546544808,1
cont_sphere_002,sphere,cont,800,med,"PSO_STD(p=20,w=0.72,c1=1.49,c2=1.49)",PSO_STD,2,-0.14884678213102293,-16.209602546544808,1
cont_sphere_002,sphere,cont,800,med,"PSO_STD(p=40,w=0.72,c1=1.49,c2=1.49)",PSO_STD,0,-2.262572821529117,-16.209602546544808,1
cont_sphere_002,sphere,cont,800,med,"PSO_STD(p=40,w=0.72,c1=1.49,c2=1.49)",PSO_STD,1,-0.2906771340848413,-16.209602546544808,1
cont_sphere_002,sphere,cont,800,med,"PSO_STD(p=40,w=0.72,c1=1.49,c2=1.49)",PSO_STD,2,-0.5396578749947301,-16.209602546544808,1
cont_sphere_002,sphere,cont,800,med,"PSO_RING(p=20,ring,w=0.72,c1=1.49,c2=1.49)",PSO_RING,0,-1.486153707954259,-16.209602546544808,1
cont_sphere_002,sphere,cont,800,med,"PSO_RING(p=20,ring,w=0.72,c1=1.49,c2=1.49)",PSO_RING,1,-1.7233073496332723,-16.209602546544808,1
cont_sphere_002,sphere,cont,800,med,"PSO_RING(p=20,ring,w=0.72,c1=1.49,c2=1.49)",PSO_RING,2,-2.065276736354196,-16.209602546544808,1
cont_sphere_002,sphere,cont,800,med,"PSO_RING(p=40,ring,w=0.72,c1=1.49,c2=1.49)",PSO_RING,0,-6.594780542548243,-16.209602546544808,1
cont_sphere_002,sphere,cont,800,med,"PSO_RING(p=40,ring,w=0.72,c1=1.49,c2=1.49)",PSO_RING,1,-1.509911853193175,-16.209602546544808,1
cont_sphere_002,sphere,cont,800,med,"PSO_RING(p=40,ring,w=0.72,c1=1.49,c2=1.49)",PSO_RING,2,-6.3903836226969455,-16.209602546544808,1
cont_sphere_002,sphere,cont,800,med,"DE(pop=20,F=0.8,CR=0.9)",DE,0,-4.918257320519084,-16.209602546544808,1
cont_sphere_002,sphere,cont,800,med,"DE(pop=20,F=0.8,CR=0.9)",DE,1,-3.9605034670671784,-16.209602546544808,1
cont_sphere_002,sphere,cont,800,med,"DE(pop=20,F=0.8,CR=0.9)",DE,2,-7.131539830704322,-16.209602546544808,1
cont_sphere_002,sphere,cont,800,med,"DE(pop=40,F=0.8,CR=0.9)",DE,0,-14.26570656396146,-16.209602546544808,1
cont_sphere_002,sphere,cont,800,med,"DE(pop=40,F=0.8,CR=0.9)",DE,1,-27.448534222976274,-16.209602546544808,0
cont_sphere_002,sphere,cont,800,med,"DE(pop=40,F=0.8,CR=0.9)",DE,2,-24.334878825683738,-16.209602546544808,0
cont_sphere_002,sphere,cont,800,med,"ES_ML(mu=10,lam=40,sigma=0.3)",ES_ML,0,-0.12526903036404305,-16.209602546544808,1
cont_sphere_002,sphere,cont,800,med,"ES_ML(mu=10,lam=40,sigma=0.3)",ES_ML,1,-0.2673237052069006,-16.209602546544808,1
cont_sphere_002,sphere,cont,800,med,"ES_ML(mu=10,lam=40,sigma=0.3)",ES_ML,2,-0.28909251068493996,-16.209602546544808,1
cont_sphere_002,sphere,cont,800,med,"ES_ML(mu=20,lam=80,sigma=0.2)",ES_ML,0,-0.1306243712188221,-16.209602546544808,1
cont_sphere_002,sphere,cont,800,med,"ES_ML(mu=20,lam=80,sigma=0.2)",ES_ML,1,-0.12588855290478843,-16.209602546544808,1
cont_sphere_002,sphere,cont,800,med,"ES_ML(mu=20,lam=80,sigma=0.2)",ES_ML,2,-0.12641093863736244,-16.209602546544808,1
cont_sphere_002,sphere,cont,800,hard,RS_CONT,RS_CONT,0,-23.520519477614908,-15.274378212697256,0
cont_sphere_002,sphere,cont,800,hard,RS_CONT,RS_CONT,1,-26.25821214326923,-15.274378212697256,0
cont_sphere_002,sphere,cont,800,hard,RS_CONT,RS_CONT,2,-25.484790466694868,-15.274378212697256,0
cont_sphere_002,sphere,cont,800,hard,HC_CONT(sigma=0.2),HC_CONT,0,-0.06853662785984165,-15.274378212697256,1
cont_sphere_002,sphere,cont,800,hard,HC_CONT(sigma=0.2),HC_CONT,1,-0.05568496025067581,-15.274378212697256,1
cont_sphere_002,sphere,cont,800,hard,HC_CONT(sigma=0.2),HC_CONT,2,-0.04966635899146885,-15.274378212697256,1
cont_sphere_002,sphere,cont,800,hard,"SA_CONT(sigma=0.3,T0=1.0,alpha=0.995)",SA_CONT,0,-0.17838455653877408,-15.274378212697256,1
cont_sphere_002,sphere,cont,800,hard,"SA_CONT(sigma=0.3,T0=1.0,alpha=0.995)",SA_CONT,1,-0.20388944860220481,-15.274378212697256,1
cont_sphere_002,sphere,cont,800,hard,"SA_CONT(sigma=0.3,T0=1.0,alpha=0.995)",SA_CONT,2,-0.2594303002552742,-15.274378212697256,1
cont_sphere_002,sphere,cont,800,hard,"PSO_STD(p=20,w=0.72,c1=1.49,c2=1.49)",PSO_STD,0,-0.316126695737616,-15.274378212697256,1
cont_sphere_002,sphere,cont,800,hard,"PSO_STD(p=20,w=0.72,c1=1.49,c2=1.49)",PSO_STD,1,-0.28630178142698837,-15.274378212697256,1
cont_sphere_002,sphere,cont,800,hard,"PSO_STD(p=20,w=0.72,c1=1.49,c2=1.49)",PSO_STD,2,-0.16440070124813305,-15.274378212697256,1
cont_sphere_002,sphere,cont,800,hard,"PSO_STD(p=40,w=0.72,c1=1.49,c2=1.49)",PSO_STD,0,-0.5526855601260721,-15.274378212697256,1
cont_sphere_002,sphere,cont,800,hard,"PSO_STD(p=40,w=0.72,c1=1.49,c2=1.49)",PSO_STD,1,-0.5584872751638609,-15.274378212697256,1
cont_sphere_002,sphere,cont,800,hard,"PSO_STD(p=40,w=0.72,c1=1.49,c2=1.49)",PSO_STD,2,-0.9792287638142796,-15.274378212697256,1
cont_sphere_002,sphere,cont,800,hard,"PSO_RING(p=20,ring,w=0.72,c1=1.49,c2=1.49)",PSO_RING,0,-2.726363651045463,-15.274378212697256,1
cont_sphere_002,sphere,cont,800,hard,"PSO_RING(p=20,ring,w=0.72,c1=1.49,c2=1.49)",PSO_RING,1,-1.130658892544182,-15.274378212697256,1
cont_sphere_002,sphere,cont,800,hard,"PSO_RING(p=20,ring,w=0.72,c1=1.49,c2=1.49)",PSO_RING,2,-0.7165025783592838,-15.274378212697256,1
cont_sphere_002,sphere,cont,800,hard,"PSO_RING(p=40,ring,w=0.72,c1=1.49,c2=1.49)",PSO_RING,0,-2.738966599908457,-15.274378212697256,1
cont_sphere_002,sphere,cont,800,hard,"PSO_RING(p=40,ring,w=0.72,c1=1.49,c2=1.49)",PSO_RING,1,-5.185896823024647,-15.274378212697256,1
cont_sphere_002,sphere,cont,800,hard,"PSO_RING(p=40,ring,w=0.72,c1=1.49,c2=1.49)",PSO_RING,2,-6.113951080165604,-15.274378212697256,1
cont_sphere_002,sphere,cont,800,hard,"DE(pop=20,F=0.8,CR=0.9)",DE,0,-10.657756013009477,-15.274378212697256,1
cont_sphere_002,sphere,cont,800,hard,"DE(pop=20,F=0.8,CR=0.9)",DE,1,-8.707759646707888,-15.274378212697256,1
cont_sphere_002,sphere,cont,800,hard,"DE(pop=20,F=0.8,CR=0.9)",DE,2,-6.210589684965171,-15.274378212697256,1
cont_sphere_002,sphere,cont,800,hard,"DE(pop=40,F=0.8,CR=0.9)",DE,0,-20.05320792164255,-15.274378212697256,0
cont_sphere_002,sphere,cont,800,hard,"DE(pop=40,F=0.8,CR=0.9)",DE,1,-25.592755298469697,-15.274378212697256,0
cont_sphere_002,sphere,cont,800,hard,"DE(pop=40,F=0.8,CR=0.9)",DE,2,-12.214455782219206,-15.274378212697256,1
cont_sphere_002,sphere,cont,800,hard,"ES_ML(mu=10,lam=40,sigma=0.3)",ES_ML,0,-0.24377724839314244,-15.274378212697256,1
cont_sphere_002,sphere,cont,800,hard,"ES_ML(mu=10,lam=40,sigma=0.3)",ES_ML,1,-0.23442903657138423,-15.274378212697256,1
cont_sphere_002,sphere,cont,800,hard,"ES_ML(mu=10,lam=40,sigma=0.3)",ES_ML,2,-0.179756351470236,-15.274378212697256,1
cont_sphere_002,sphere,cont,800,hard,"ES_ML(mu=20,lam=80,sigma=0.2)",ES_ML,0,-0.07328544732215408,-15.274378212697256,1
cont_sphere_002,sphere,cont,800,hard,"ES_ML(mu=20,lam=80,sigma=0.2)",ES_ML,1,-0.10366675604838338,-15.274378212697256,1
cont_sphere_002,sphere,cont,800,hard,"ES_ML(mu=20,lam=80,sigma=0.2)",ES_ML,2,-0.08177203911519958,-15.274378212697256,1
cont_rastrigin_003,rastrigin,cont,300,easy,RS_CONT,RS_CONT,0,-95.02958624195553,-101.23171316162771,1
cont_rastrigin_003,rastrigin,cont,300,easy,RS_CONT,RS_CONT,1,-102.31542207951885,-101.23171316162771,0
cont_rastrigin_003,rastrigin,cont,300,easy,RS_CONT,RS_CONT,2,-112.19605975662468,-101.23171316162771,0
cont_rastrigin_003,rastrigin,cont,300,easy,HC_CONT(sigma=0.2),HC_CONT,0,-139.4855953267079,-101.23171316162771,0
cont_rastrigin_003,rastrigin,cont,300,easy,HC_CONT(sigma=0.2),HC_CONT,1,-127.80183978948298,-101.23171316162771,0
cont_rastrigin_003,rastrigin,cont,300,easy,HC_CONT(sigma=0.2),HC_CONT,2,-75.26060609445926,-101.23171316162771,1
cont_rastrigin_003,rastrigin,cont,300,easy,"SA_CONT(sigma=0.3,T0=1.0,alpha=0.995)",SA_CONT,0,-84.5818313147418,-101.23171316162771,1
cont_rastrigin_003,rastrigin,cont,300,easy,"SA_CONT(sigma=0.3,T0=1.0,alpha=0.995)",SA_CONT,1,-105.08532295918171,-101.23171316162771,0
cont_rastrigin_003,rastrigin,cont,300,easy,"SA_CONT(sigma=0.3,T0=1.0,alpha=0.995)",SA_CONT,2,-92.244992263874,-101.23171316162771,1
cont_rastrigin_003,rastrigin,cont,300,easy,"PSO_STD(p=20,w=0.72,c1=1.49,c2=1.49)",PSO_STD,0,-79.34965806924205,-101.23171316162771,1
cont_rastrigin_003,rastrigin,cont,300,easy,"PSO_STD(p=20,w=0.72,c1=1.49,c2=1.49)",PSO_STD,1,-67.47166868346187,-101.23171316162771,1
cont_rastrigin_003,rastrigin,cont,300,easy,"PSO_STD(p=20,w=0.72,c1=1.49,c2=1.49)",PSO_STD,2,-72.80123010542864,-101.23171316162771,1
cont_rastrigin_003,rastrigin,cont,300,easy,"PSO_STD(p=40,w=0.72,c1=1.49,c2=1.49)",PSO_STD,0,-71.69429351374365,-101.23171316162771,1
cont_rastrigin_003,rastrigin,cont,300,easy,"PSO_STD(p=40,w=0.72,c1=1.49,c2=1.49)",PSO_STD,1,-78.03680408107459,-101.23171316162771,1
cont_rastrigin_003,rastrigin,cont,300,easy,"PSO_STD(p=40,w=0.72,c1=1.49,c2=1.49)",PSO_STD,2,-86.73173189417572,-101.23171316162771,1
cont_rastrigin_003,rastrigin,cont,300,easy,"PSO_RING(p=20,ring,w=0.72,c1=1.49,c2=1.49)",PSO_RING,0,-89.8123160067524,-101.23171316162771,1
cont_rastrigin_003,rastrigin,cont,300,easy,"PSO_RING(p=20,ring,w=0.72,c1=1.49,c2=1.49)",PSO_RING,1,-74.91288925011897,-101.23171316162771,1
cont_rastrigin_003,rastrigin,cont,300,easy,"PSO_RING(p=20,ring,w=0.72,c1=1.49,c2=1.49)",PSO_RING,2,-70.75540680827413,-101.23171316162771,1
cont_rastrigin_003,rastrigin,cont,300,easy,"PSO_RING(p=40,ring,w=0.72,c1=1.49,c2=1.49)",PSO_RING,0,-85.69069329738355,-101.23171316162771,1
cont_rastrigin_003,rastrigin,cont,300,easy,"PSO_RING(p=40,ring,w=0.72,c1=1.49,c2=1.49)",PSO_RING,1,-86.92190368782639,-101.23171316162771,1
cont_rastrigin_003,rastrigin,cont,300,easy,"PSO_RING(p=40,ring,w=0.72,c1=1.49,c2=1.49)",PSO_RING,2,-72.92354951021981,-101.23171316162771,1
cont_rastrigin_003,rastrigin,cont,300,easy,"DE(pop=20,F=0.8,CR=0.9)",DE,0,-101.22267690753405,-101.23171316162771,1
cont_rastrigin_003,rastrigin,cont,300,easy,"DE(pop=20,F=0.8,CR=0.9)",DE,1,-110.5318581782136,-101.23171316162771,0
cont_rastrigin_003,rastrigin,cont,300,easy,"DE(pop=20,F=0.8,CR=0.9)",DE,2,-128.85624046033863,-101.23171316162771,0
cont_rastrigin_003,rastrigin,cont,300,easy,"DE(pop=40,F=0.8,CR=0.9)",DE,0,-117.88752404417022,-101.23171316162771,0
cont_rastrigin_003,rastrigin,cont,300,easy,"DE(pop=40,F=0.8,CR=0.9)",DE,1,-97.59447613764712,-101.23171316162771,1
cont_rastrigin_003,rastrigin,cont,300,easy,"DE(pop=40,F=0.8,CR=0.9)",DE,2,-99.26735701512908,-101.23171316162771,1
cont_rastrigin_003,rastrigin,cont,300,easy,"ES_ML(mu=10,lam=40,sigma=0.3)",ES_ML,0,-59.440409744626606,-101.23171316162771,1
cont_rastrigin_003,rastrigin,cont,300,easy,"ES_ML(mu=10,lam=40,sigma=0.3)",ES_ML,1,-49.77754934371372,-101.23171316162771,1
cont_rastrigin_003,rastrigin,cont,300,easy,"ES_ML(mu=10,lam=40,sigma=0.3)",ES_ML,2,-40.790759492807446,-101.23171316162771,1
cont_rastrigin_003,rastrigin,cont,300,easy,"ES_ML(mu=20,lam=80,sigma=0.2)",ES_ML,0,-42.170186276252764,-101.23171316162771,1
cont_rastrigin_003,rastrigin,cont,300,easy,"ES_ML(mu=20,lam=80,sigma=0.2)",ES_ML,1,-44.67437405971393,-101.23171316162771,1
cont_rastrigin_003,rastrigin,cont,300,easy,"ES_ML(mu=20,lam=80,sigma=0.2)",ES_ML,2,-55.668879852544336,-101.23171316162771,1
cont_rastrigin_003,rastrigin,cont,300,med,RS_CONT,RS_CONT,0,-83.98669020273098,-94.98536831546579,1
cont_rastrigin_003,rastrigin,cont,300,med,RS_CONT,RS_CONT,1,-98.55621075480444,-94.98536831546579,0
cont_rastrigin_003,rastrigin,cont,300,med,RS_CONT,RS_CONT,2,-86.29378918813691,-94.98536831546579,1
cont_rastrigin_003,rastrigin,cont,300,med,HC_CONT(sigma=0.2),HC_CONT,0,-70.42739571775978,-94.98536831546579,1
cont_rastrigin_003,rastrigin,cont,300,med,HC_CONT(sigma=0.2),HC_CONT,1,-83.95639879351769,-94.98536831546579,1
cont_rastrigin_003,rastrigin,cont,300,med,HC_CONT(sigma=0.2),HC_CONT,2,-100.32239773164088,-94.98536831546579,0
cont_rastrigin_003,rastrigin,cont,300,med,"SA_CONT(sigma=0.3,T0=1.0,alpha=0.995)",SA_CONT,0,-130.91257724377357,-94.98536831546579,0
cont_rastrigin_003,rastrigin,cont,300,med,"SA_CONT(sigma=0.3,T0=1.0,alpha=0.995)",SA_CONT,1,-140.91981136912625,-94.98536831546579,0
cont_rastrigin_003,rastrigin,cont,300,med,"SA_CONT(sigma=0.3,T0=1.0,alpha=0.995)",SA_CONT,2,-154.2442575704501,-94.98536831546579,0
cont_rastrigin_003,rastrigin,cont,300,med,"PSO_STD(p=20,w=0.72,c1=1.49,c2=1.49)",PSO_STD,0,-63.45211981523187,-94.98536831546579,1
cont_rastrigin_003,rastrigin,cont,300,med,"PSO_STD(p=20,w=0.72,c1=1.49,c2=1.49)",PSO_STD,1,-81.46747749262212,-94.98536831546579,1
cont_rastrigin_003,rastrigin,cont,300,med,"PSO_STD(p=20,w=0.72,c1=1.49,c2=1.49)",PSO_STD,2,-74.65078564314202,-94.98536831546579,1
cont_rastrigin_003,rastrigin,cont,300,med,"PSO_STD(p=40,w=0.72,c1=1.49,c2=1.49)",PSO_STD,0,-70.11871705248946,-94.98536831546579,1
cont_rastrigin_003,rastrigin,cont,300,med,"PSO_STD(p=40,w=0.72,c1=1.49,c2=1.49)",PSO_STD,1,-80.36337125157345,-94.98536831546579,1
cont_rastrigin_003,rastrigin,cont,300,med,"PSO_STD(p=40,w=0.72,c1=1.49,c2=1.49)",PSO_STD,2,-90.22676231368635,-94.98536831546579,1
cont_rastrigin_003,rastrigin,cont,300,med,"PSO_RING(p=20,ring,w=0.72,c1=1.49,c2=1.49)",PSO_RING,0,-84.33222193881696,-94.98536831546579,1
cont_rastrigin_003,rastrigin,cont,300,med,"PSO_RING(p=20,ring,w=0.72,c1=1.49,c2=1.49)",PSO_RING,1,-72.7392637487435,-94.98536831546579,1
cont_rastrigin_003,rastrigin,cont,300,med,"PSO_RING(p=20,ring,w=0.72,c1=1.49,c2=1.49)",PSO_RING,2,-67.33631233729427,-94.98536831546579,1
cont_rastrigin_003,rastrigin,cont,300,med,"PSO_RING(p=40,ring,w=0.72,c1=1.49,c2=1.49)",PSO_RING,0,-86.27787346887438,-94.98536831546579,1
cont_rastrigin_003,rastrigin,cont,300,med,"PSO_RING(p=40,ring,w=0.72,c1=1.49,c2=1.49)",PSO_RING,1,-79.57618172639317,-94.98536831546579,1
cont_rastrigin_003,rastrigin,cont,300,med,"PSO_RING(p=40,ring,w=0.72,c1=1.49,c2=1.49)",PSO_RING,2,-85.60869680795001,-94.98536831546579,1
cont_rastrigin_003,rastrigin,cont,300,med,"DE(pop=20,F=0.8,CR=0.9)",DE,0,-98.59070194097278,-94.98536831546579,0
cont_rastrigin_003,rastrigin,cont,300,med,"DE(pop=20,F=0.8,CR=0.9)",DE,1,-107.93174302544664,-94.98536831546579,0
cont_rastrigin_003,rastrigin,cont,300,med,"DE(pop=20,F=0.8,CR=0.9)",DE,2,-109.33244237740546,-94.98536831546579,0
cont_rastrigin_003,rastrigin,cont,300,med,"DE(pop=40,F=0.8,CR=0.9)",DE,0,-91.35300756423324,-94.98536831546579,1
cont_rastrigin_003,rastrigin,cont,300,med,"DE(pop=40,F=0.8,CR=0.9)",DE,1,-120.90039340096976,-94.98536831546579,0
cont_rastrigin_003,rastrigin,cont,300,med,"DE(pop=40,F=0.8,CR=0.9)",DE,2,-101.89097250810849,-94.98536831546579,0
cont_rastrigin_003,rastrigin,cont,300,med,"ES_ML(mu=10,lam=40,sigma=0.3)",ES_ML,0,-43.966828161468015,-94.98536831546579,1
cont_rastrigin_003,rastrigin,cont,300,med,"ES_ML(mu=10,lam=40,sigma=0.3)",ES_ML,1,-54.25778544810025,-94.98536831546579,1
cont_rastrigin_003,rastrigin,cont,300,med,"ES_ML(mu=10,lam=40,sigma=0.3)",ES_ML,2,-29.161662933308165,-94.98536831546579,1
cont_rastrigin_003,rastrigin,cont,300,med,"ES_ML(mu=20,lam=80,sigma=0.2)",ES_ML,0,-61.842390877960156,-94.98536831546579,1
cont_rastrigin_003,rastrigin,cont,300,med,"ES_ML(mu=20,lam=80,sigma=0.2)",ES_ML,1,-50.26047715877001,-94.98536831546579,1
cont_rastrigin_003,rastrigin,cont,300,med,"ES_ML(mu=20,lam=80,sigma=0.2)",ES_ML,2,-63.482463623869606,-94.98536831546579,1
cont_rastrigin_003,rastrigin,cont,300,hard,RS_CONT,RS_CONT,0,-95.14545168505377,-88.78446136077811,0
cont_rastrigin_003,rastrigin,cont,300,hard,RS_CONT,RS_CONT,1,-88.33718575318863,-88.78446136077811,1
cont_rastrigin_003,rastrigin,cont,300,hard,RS_CONT,RS_CONT,2,-95.44691092258445,-88.78446136077811,0
cont_rastrigin_003,rastrigin,cont,300,hard,HC_CONT(sigma=0.2),HC_CONT,0,-83.3400339799166,-88.78446136077811,1
cont_rastrigin_003,rastrigin,cont,300,hard,HC_CONT(sigma=0.2),HC_CONT,1,-111.116315328594,-88.78446136077811,0
cont_rastrigin_003,rastrigin,cont,300,hard,HC_CONT(sigma=0.2),HC_CONT,2,-102.297715576406,-88.78446136077811,0
cont_rastrigin_003,rastrigin,cont,300,hard,"SA_CONT(sigma=0.3,T0=1.0,alpha=0.995)",SA_CONT,0,-111.07668309631723,-88.78446136077811,0
cont_rastrigin_003,rastrigin,cont,300,hard,"SA_CONT(sigma=0.3,T0=1.0,alpha=0.995)",SA_CONT,1,-142.0671445281844,-88.78446136077811,0
cont_rastrigin_003,rastrigin,cont,300,hard,"SA_CONT(sigma=0.3,T0=1.0,alpha=0.995)",SA_CONT,2,-98.578894084499,-88.78446136077811,0
cont_rastrigin_003,rastrigin,cont,300,hard,"PSO_STD(p=20,w=0.72,c1=1.49,c2=1.49)",PSO_STD,0,-63.274304947641525,-88.78446136077811,1
cont_rastrigin_003,rastrigin,cont,300,hard,"PSO_STD(p=20,w=0.72,c1=1.49,c2=1.49)",PSO_STD,1,-70.44403359825557,-88.78446136077811,1
cont_rastrigin_003,rastrigin,cont,300,hard,"PSO_STD(p=20,w=0.72,c1=1.49,c2=1.49)",PSO_STD,2,-75.83498549720693,-88.78446136077811,1
cont_rastrigin_003,rastrigin,cont,300,hard,"PSO_STD(p=40,w=0.72,c1=1.49,c2=1.49)",PSO_STD,0,-54.45757255967288,-88.78446136077811,1
cont_rastrigin_003,rastrigin,cont,300,hard,"PSO_STD(p=40,w=0.72,c1=1.49,c2=1.49)",PSO_STD,1,-96.55703445911237,-88.78446136077811,0
cont_rastrigin_003,rastrigin,cont,300,hard,"PSO_STD(p=40,w=0.72,c1=1.49,c2=1.49)",PSO_STD,2,-54.297555867594575,-88.78446136077811,1
cont_rastrigin_003,rastrigin,cont,300,hard,"PSO_RING(p=20,ring,w=0.72,c1=1.49,c2=1.49)",PSO_RING,0,-63.52175207122831,-88.78446136077811,1
cont_rastrigin_003,rastrigin,cont,300,hard,"PSO_RING(p=20,ring,w=0.72,c1=1.49,c2=1.49)",PSO_RING,1,-84.92117370509332,-88.78446136077811,1
cont_rastrigin_003,rastrigin,cont,300,hard,"PSO_RING(p=20,ring,w=0.72,c1=1.49,c2=1.49)",PSO_RING,2,-78.61987023624442,-88.78446136077811,1
cont_rastrigin_003,rastrigin,cont,300,hard,"PSO_RING(p=40,ring,w=0.72,c1=1.49,c2=1.49)",PSO_RING,0,-93.98027367389312,-88.78446136077811,0
cont_rastrigin_003,rastrigin,cont,300,hard,"PSO_RING(p=40,ring,w=0.72,c1=1.49,c2=1.49)",PSO_RING,1,-83.18024341405001,-88.78446136077811,1
cont_rastrigin_003,rastrigin,cont,300,hard,"PSO_RING(p=40,ring,w=0.72,c1=1.49,c2=1.49)",PSO_RING,2,-79.19524206332687,-88.78446136077811,1
cont_rastrigin_003,rastrigin,cont,300,hard,"DE(pop=20,F=0.8,CR=0.9)",DE,0,-93.43316395948139,-88.78446136077811,0
cont_rastrigin_003,rastrigin,cont,300,hard,"DE(pop=20,F=0.8,CR=0.9)",DE,1,-96.60240682506273,-88.78446136077811,0
cont_rastrigin_003,rastrigin,cont,300,hard,"DE(pop=20,F=0.8,CR=0.9)",DE,2,-109.29793745949638,-88.78446136077811,0
cont_rastrigin_003,rastrigin,cont,300,hard,"DE(pop=40,F=0.8,CR=0.9)",DE,0,-104.68658562495084,-88.78446136077811,0
cont_rastrigin_003,rastrigin,cont,300,hard,"DE(pop=40,F=0.8,CR=0.9)",DE,1,-104.39417447290393,-88.78446136077811,0
cont_rastrigin_003,rastrigin,cont,300,hard,"DE(pop=40,F=0.8,CR=0.9)",DE,2,-103.0018845371452,-88.78446136077811,0
cont_rastrigin_003,rastrigin,cont,300,hard,"ES_ML(mu=10,lam=40,sigma=0.3)",ES_ML,0,-44.042051590552134,-88.78446136077811,1
cont_rastrigin_003,rastrigin,cont,300,hard,"ES_ML(mu=10,lam=40,sigma=0.3)",ES_ML,1,-62.04223518806069,-88.78446136077811,1
cont_rastrigin_003,rastrigin,cont,300,hard,"ES_ML(mu=10,lam=40,sigma=0.3)",ES_ML,2,-39.72387176612286,-88.78446136077811,1
cont_rastrigin_003,rastrigin,cont,300,hard,"ES_ML(mu=20,lam=80,sigma=0.2)",ES_ML,0,-49.84687230941561,-88.78446136077811,1
cont_rastrigin_003,rastrigin,cont,300,hard,"ES_ML(mu=20,lam=80,sigma=0.2)",ES_ML,1,-44.23659591571419,-88.78446136077811,1
cont_rastrigin_003,rastrigin,cont,300,hard,"ES_ML(mu=20,lam=80,sigma=0.2)",ES_ML,2,-57.286549458457245,-88.78446136077811,1
cont_rastrigin_003,rastrigin,cont,800,easy,RS_CONT,RS_CONT,0,-99.86548747443854,-88.09967317235024,0
cont_rastrigin_003,rastrigin,cont,800,easy,RS_CONT,RS_CONT,1,-73.74190883021579,-88.09967317235024,1
cont_rastrigin_003,rastrigin,cont,800,easy,RS_CONT,RS_CONT,2,-92.78677618233671,-88.09967317235024,0
cont_rastrigin_003,rastrigin,cont,800,easy,HC_CONT(sigma=0.2),HC_CONT,0,-77.80007552470161,-88.09967317235024,1
cont_rastrigin_003,rastrigin,cont,800,easy,HC_CONT(sigma=0.2),HC_CONT,1,-99.37268769902512,-88.09967317235024,0
cont_rastrigin_003,rastrigin,cont,800,easy,HC_CONT(sigma=0.2),HC_CONT,2,-59.394447064725405,-88.09967317235024,1
cont_rastrigin_003,rastrigin,cont,800,easy,"SA_CONT(sigma=0.3,T0=1.0,alpha=0.995)",SA_CONT,0,-103.16294810405267,-88.09967317235024,0
cont_rastrigin_003,rastrigin,cont,800,easy,"SA_CONT(sigma=0.3,T0=1.0,alpha=0.995)",SA_CONT,1,-71.6739974159087,-88.09967317235024,1
cont_rastrigin_003,rastrigin,cont,800,easy,"SA_CONT(sigma=0.3,T0=1.0,alpha=0.995)",SA_CONT,2,-123.79104655961333,-88.09967317235024,0
cont_rastrigin_003,rastrigin,cont,800,easy,"PSO_STD(p=20,w=0.72,c1=1.49,c2=1.49)",PSO_STD,0,-54.30814232960566,-88.09967317235024,1
cont_rastrigin_003,rastrigin,cont,800,easy,"PSO_STD(p=20,w=0.72,c1=1.49,c2=1.49)",PSO_STD,1,-41.399645318297594,-88.09967317235024,1
cont_rastrigin_003,rastrigin,cont,800,easy,"PSO_STD(p=20,w=0.72,c1=1.49,c2=1.49)",PSO_STD,2,-48.345266884029456,-88.09967317235024,1
cont_rastrigin_003,rastrigin,cont,800,easy,"PSO_STD(p=40,w=0.72,c1=1.49,c2=1.49)",PSO_STD,0,-55.264097130089006,-88.09967317235024,1
cont_rastrigin_003,rastrigin,cont,800,easy,"PSO_STD(p=40,w=0.72,c1=1.49,c2=1.49)",PSO_STD,1,-67.14228462529636,-88.09967317235024,1
cont_rastrigin_003,rastrigin,cont,800,easy,"PSO_STD(p=40,w=0.72,c1=1.49,c2=1.49)",PSO_STD,2,-61.26689140500309,-88.09967317235024,1
cont_rastrigin_003,rastrigin,cont,800,easy,"PSO_RING(p=20,ring,w=0.72,c1=1.49,c2=1.49)",PSO_RING,0,-83.04155044818303,-88.09967317235024,1
cont_rastrigin_003,rastrigin,cont,800,easy,"PSO_RING(p=20,ring,w=0.72,c1=1.49,c2=1.49)",PSO_RING,1,-35.30631724825,-88.09967317235024,1
cont_rastrigin_003,rastrigin,cont,800,easy,"PSO_RING(p=20,ring,w=0.72,c1=1.49,c2=1.49)",PSO_RING,2,-62.819317944276136,-88.09967317235024,1
cont_rastrigin_003,rastrigin,cont,800,easy,"PSO_RING(p=40,ring,w=0.72,c1=1.49,c2=1.49)",PSO_RING,0,-61.80140630220918,-88.09967317235024,1
cont_rastrigin_003,rastrigin,cont,800,easy,"PSO_RING(p=40,ring,w=0.72,c1=1.49,c2=1.49)",PSO_RING,1,-64.52723573710722,-88.09967317235024,1
cont_rastrigin_003,rastrigin,cont,800,easy,"PSO_RING(p=40,ring,w=0.72,c1=1.49,c2=1.49)",PSO_RING,2,-67.01859145388815,-88.09967317235024,1
cont_rastrigin_003,rastrigin,cont,800,easy,"DE(pop=20,F=0.8,CR=0.9)",DE,0,-76.8712724831357,-88.09967317235024,1
cont_rastrigin_003,rastrigin,cont,800,easy,"DE(pop=20,F=0.8,CR=0.9)",DE,1,-97.16725972201641,-88.09967317235024,0
cont_rastrigin_003,rastrigin,cont,800,easy,"DE(pop=20,F=0.8,CR=0.9)",DE,2,-59.08572129754994,-88.09967317235024,1
cont_rastrigin_003,rastrigin,cont,800,easy,"DE(pop=40,F=0.8,CR=0.9)",DE,0,-93.71803495018872,-88.09967317235024,0
cont_rastrigin_003,rastrigin,cont,800,easy,"DE(pop=40,F=0.8,CR=0.9)",DE,1,-88.65070195643914,-88.09967317235024,0
cont_rastrigin_003,rastrigin,cont,800,easy,"DE(pop=40,F=0.8,CR=0.9)",DE,2,-77.41807613749774,-88.09967317235024,1
cont_rastrigin_003,rastrigin,cont,800,easy,"ES_ML(mu=10,lam=40,sigma=0.3)",ES_ML,0,-49.89161523263191,-88.09967317235024,1
cont_rastrigin_003,rastrigin,cont,800,easy,"ES_ML(mu=10,lam=40,sigma=0.3)",ES_ML,1,-43.46693085384004,-88.09967317235024,1
cont_rastrigin_003,rastrigin,cont,800,easy,"ES_ML(mu=10,lam=40,sigma=0.3)",ES_ML,2,-29.098635322134157,-88.09967317235024,1
cont_rastrigin_003,rastrigin,cont,800,easy,"ES_ML(mu=20,lam=80,sigma=0.2)",ES_ML,0,-37.13856059584344,-88.09967317235024,1
cont_rastrigin_003,rastrigin,cont,800,easy,"ES_ML(mu=20,lam=80,sigma=0.2)",ES_ML,1,-40.20842493339466,-88.09967317235024,1
cont_rastrigin_003,rastrigin,cont,800,easy,"ES_ML(mu=20,lam=80,sigma=0.2)",ES_ML,2,-34.52057292113537,-88.09967317235024,1
cont_rastrigin_003,rastrigin,cont,800,med,RS_CONT,RS_CONT,0,-97.73311917582603,-86.53666304720532,0
cont_rastrigin_003,rastrigin,cont,800,med,RS_CONT,RS_CONT,1,-100.76296904781336,-86.53666304720532,0
cont_rastrigin_003,rastrigin,cont,800,med,RS_CONT,RS_CONT,2,-90.95348383051162,-86.53666304720532,0
cont_rastrigin_003,rastrigin,cont,800,med,HC_CONT(sigma=0.2),HC_CONT,0,-110.67516118709952,-86.53666304720532,0
cont_rastrigin_003,rastrigin,cont,800,med,HC_CONT(sigma=0.2),HC_CONT,1,-119.83177182788046,-86.53666304720532,0
cont_rastrigin_003,rastrigin,cont,800,med,HC_CONT(sigma=0.2),HC_CONT,2,-88.608918020054,-86.53666304720532,0
cont_rastrigin_003,rastrigin,cont,800,med,"SA_CONT(sigma=0.3,T0=1.0,alpha=0.995)",SA_CONT,0,-82.90666776335419,-86.53666304720532,1
cont_rastrigin_003,rastrigin,cont,800,med,"SA_CONT(sigma=0.3,T0=1.0,alpha=0.995)",SA_CONT,1,-74.66570502063385,-86.53666304720532,1
cont_rastrigin_003,rastrigin,cont,800,med,"SA_CONT(sigma=0.3,T0=1.0,alpha=0.995)",SA_CONT,2,-84.02999506560886,-86.53666304720532,1
cont_rastrigin_003,rastrigin,cont,800,med,"PSO_STD(p=20,w=0.72,c1=1.49,c2=1.49)",PSO_STD,0,-26.728785852707006,-86.53666304720532,1
cont_rastrigin_003,rastrigin,cont,800,med,"PSO_STD(p=20,w=0.72,c1=1.49,c2=1.49)",PSO_STD,1,-21.214715162714413,-86.53666304720532,1
cont_rastrigin_003,rastrigin,cont,800,med,"PSO_STD(p=20,w=0.72,c1=1.49,c2=1.49)",PSO_STD,2,-49.189357312952644,-86.53666304720532,1
cont_rastrigin_003,rastrigin,cont,800,med,"PSO_STD(p=40,w=0.72,c1=1.49,c2=1.49)",PSO_STD,0,-60.42917782866324,-86.53666304720532,1
cont_rastrigin_003,rastrigin,cont,800,med,"PSO_STD(p=40,w=0.72,c1=1.49,c2=1.49)",PSO_STD,1,-77.1632097259488,-86.53666304720532,1
cont_rastrigin_003,rastrigin,cont,800,med,"PSO_STD(p=40,w=0.72,c1=1.49,c2=1.49)",PSO_STD,2,-63.224423930701604,-86.53666304720532,1
cont_rastrigin_003,rastrigin,cont,800,med,"PSO_RING(p=20,ring,w=0.72,c1=1.49,c2=1.49)",PSO_RING,0,-38.19921658629612,-86.53666304720532,1
cont_rastrigin_003,rastrigin,cont,800,med,"PSO_RING(p=20,ring,w=0.72,c1=1.49,c2=1.49)",PSO_RING,1,-70.2786152424472,-86.53666304720532,1
cont_rastrigin_003,rastrigin,cont,800,med,"PSO_RING(p=20,ring,w=0.72,c1=1.49,c2=1.49)",PSO_RING,2,-47.8876188074807,-86.53666304720532,1
cont_rastrigin_003,rastrigin,cont,800,med,"PSO_RING(p=40,ring,w=0.72,c1=1.49,c2=1.49)",PSO_RING,0,-50.141520830866504,-86.53666304720532,1
cont_rastrigin_003,rastrigin,cont,800,med,"PSO_RING(p=40,ring,w=0.72,c1=1.49,c2=1.49)",PSO_RING,1,-63.192533348932656,-86.53666304720532,1
cont_rastrigin_003,rastrigin,cont,800,med,"PSO_RING(p=40,ring,w=0.72,c1=1.49,c2=1.49)",PSO_RING,2,-63.18607706441923,-86.53666304720532,1
cont_rastrigin_003,rastrigin,cont,800,med,"DE(pop=20,F=0.8,CR=0.9)",DE,0,-67.03423123323398,-86.53666304720532,1
cont_rastrigin_003,rastrigin,cont,800,med,"DE(pop=20,F=0.8,CR=0.9)",DE,1,-53.44490062949538,-86.53666304720532,1
cont_rastrigin_003,rastrigin,cont,800,med,"DE(pop=20,F=0.8,CR=0.9)",DE,2,-78.64558018301052,-86.53666304720532,1
cont_rastrigin_003,rastrigin,cont,800,med,"DE(pop=40,F=0.8,CR=0.9)",DE,0,-72.3323394269194,-86.53666304720532,1
cont_rastrigin_003,rastrigin,cont,800,med,"DE(pop=40,F=0.8,CR=0.9)",DE,1,-81.04248604190794,-86.53666304720532,1
cont_rastrigin_003,rastrigin,cont,800,med,"DE(pop=40,F=0.8,CR=0.9)",DE,2,-90.68021110730629,-86.53666304720532,0
cont_rastrigin_003,rastrigin,cont,800,med,"ES_ML(mu=10,lam=40,sigma=0.3)",ES_ML,0,-45.345649633776965,-86.53666304720532,1
cont_rastrigin_003,rastrigin,cont,800,med,"ES_ML(mu=10,lam=40,sigma=0.3)",ES_ML,1,-31.94477115188964,-86.53666304720532,1
cont_rastrigin_003,rastrigin,cont,800,med,"ES_ML(mu=10,lam=40,sigma=0.3)",ES_ML,2,-38.088148948208755,-86.53666304720532,1
cont_rastrigin_003,rastrigin,cont,800,med,"ES_ML(mu=20,lam=80,sigma=0.2)",ES_ML,0,-36.02541903381862,-86.53666304720532,1
cont_rastrigin_003,rastrigin,cont,800,med,"ES_ML(mu=20,lam=80,sigma=0.2)",ES_ML,1,-29.11249563899254,-86.53666304720532,1
cont_rastrigin_003,rastrigin,cont,800,med,"ES_ML(mu=20,lam=80,sigma=0.2)",ES_ML,2,-33.1896559397792,-86.53666304720532,1
cont_rastrigin_003,rastrigin,cont,800,hard,RS_CONT,RS_CONT,0,-83.21738951767921,-82.62949129979383,0
cont_rastrigin_003,rastrigin,cont,800,hard,RS_CONT,RS_CONT,1,-78.24033982282256,-82.62949129979383,1
cont_rastrigin_003,rastrigin,cont,800,hard,RS_CONT,RS_CONT,2,-83.29099495812017,-82.62949129979383,0
cont_rastrigin_003,rastrigin,cont,800,hard,HC_CONT(sigma=0.2),HC_CONT,0,-114.02481891724767,-82.62949129979383,0
cont_rastrigin_003,rastrigin,cont,800,hard,HC_CONT(sigma=0.2),HC_CONT,1,-55.199926856103616,-82.62949129979383,1
cont_rastrigin_003,rastrigin,cont,800,hard,HC_CONT(sigma=0.2),HC_CONT,2,-86.58566982750914,-82.62949129979383,0
cont_rastrigin_003,rastrigin,cont,800,hard,"SA_CONT(sigma=0.3,T0=1.0,alpha=0.995)",SA_CONT,0,-88.84454139797883,-82.62949129979383,0
cont_rastrigin_003,rastrigin,cont,800,hard,"SA_CONT(sigma=0.3,T0=1.0,alpha=0.995)",SA_CONT,1,-94.6935271291052,-82.62949129979383,0
cont_rastrigin_003,rastrigin,cont,800,hard,"SA_CONT(sigma=0.3,T0=1.0,alpha=0.995)",SA_CONT,2,-113.4544999083452,-82.62949129979383,0
cont_rastrigin_003,rastrigin,cont,800,hard,"PSO_STD(p=20,w=0.72,c1=1.49,c2=1.49)",PSO_STD,0,-43.58775799109059,-82.62949129979383,1
cont_rastrigin_003,rastrigin,cont,800,hard,"PSO_STD(p=20,w=0.72,c1=1.49,c2=1.49)",PSO_STD,1,-48.85089538280683,-82.62949129979383,1
cont_rastrigin_003,rastrigin,cont,800,hard,"PSO_STD(p=20,w=0.72,c1=1.49,c2=1.49)",PSO_STD,2,-30.77160421690529,-82.62949129979383,1
cont_rastrigin_003,rastrigin,cont,800,hard,"PSO_STD(p=40,w=0.72,c1=1.49,c2=1.49)",PSO_STD,0,-57.91698473541848,-82.62949129979383,1
cont_rastrigin_003,rastrigin,cont,800,hard,"PSO_STD(p=40,w=0.72,c1=1.49,c2=1.49)",PSO_STD,1,-46.054651805854675,-82.62949129979383,1
cont_rastrigin_003,rastrigin,cont,800,hard,"PSO_STD(p=40,w=0.72,c1=1.49,c2=1.49)",PSO_STD,2,-56.671753850099506,-82.62949129979383,1
cont_rastrigin_003,rastrigin,cont,800,hard,"PSO_RING(p=20,ring,w=0.72,c1=1.49,c2=1.49)",PSO_RING,0,-46.07987522417629,-82.62949129979383,1
cont_rastrigin_003,rastrigin,cont,800,hard,"PSO_RING(p=20,ring,w=0.72,c1=1.49,c2=1.49)",PSO_RING,1,-53.745056867061564,-82.62949129979383,1
cont_rastrigin_003,rastrigin,cont,800,hard,"PSO_RING(p=20,ring,w=0.72,c1=1.49,c2=1.49)",PSO_RING,2,-56.89836835536247,-82.62949129979383,1
cont_rastrigin_003,rastrigin,cont,800,hard,"PSO_RING(p=40,ring,w=0.72,c1=1.49,c2=1.49)",PSO_RING,0,-65.6280278429166,-82.62949129979383,1
cont_rastrigin_003,rastrigin,cont,800,hard,"PSO_RING(p=40,ring,w=0.72,c1=1.49,c2=1.49)",PSO_RING,1,-82.06755899807757,-82.62949129979383,1
cont_rastrigin_003,rastrigin,cont,800,hard,"PSO_RING(p=40,ring,w=0.72,c1=1.49,c2=1.49)",PSO_RING,2,-69.92961653849649,-82.62949129979383,1
cont_rastrigin_003,rastrigin,cont,800,hard,"DE(pop=20,F=0.8,CR=0.9)",DE,0,-67.94046725398758,-82.62949129979383,1
cont_rastrigin_003,rastrigin,cont,800,hard,"DE(pop=20,F=0.8,CR=0.9)",DE,1,-71.681362075289,-82.62949129979383,1
cont_rastrigin_003,rastrigin,cont,800,hard,"DE(pop=20,F=0.8,CR=0.9)",DE,2,-73.37903488384279,-82.62949129979383,1
cont_rastrigin_003,rastrigin,cont,800,hard,"DE(pop=40,F=0.8,CR=0.9)",DE,0,-85.82268668736316,-82.62949129979383,0
cont_rastrigin_003,rastrigin,cont,800,hard,"DE(pop=40,F=0.8,CR=0.9)",DE,1,-94.1817343733359,-82.62949129979383,0
cont_rastrigin_003,rastrigin,cont,800,hard,"DE(pop=40,F=0.8,CR=0.9)",DE,2,-83.72250621943442,-82.62949129979383,0
cont_rastrigin_003,rastrigin,cont,800,hard,"ES_ML(mu=10,lam=40,sigma=0.3)",ES_ML,0,-41.43041386303828,-82.62949129979383,1
cont_rastrigin_003,rastrigin,cont,800,hard,"ES_ML(mu=10,lam=40,sigma=0.3)",ES_ML,1,-37.842181016415005,-82.62949129979383,1
cont_rastrigin_003,rastrigin,cont,800,hard,"ES_ML(mu=10,lam=40,sigma=0.3)",ES_ML,2,-37.8751816297108,-82.62949129979383,1
cont_rastrigin_003,rastrigin,cont,800,hard,"ES_ML(mu=20,lam=80,sigma=0.2)",ES_ML,0,-40.52612133946212,-82.62949129979383,1
cont_rastrigin_003,rastrigin,cont,800,hard,"ES_ML(mu=20,lam=80,sigma=0.2)",ES_ML,1,-36.27654199860592,-82.62949129979383,1
cont_rastrigin_003,rastrigin,cont,800,hard,"ES_ML(mu=20,lam=80,sigma=0.2)",ES_ML,2,-24.11101775287723,-82.62949129979383,1
cont_sphere_004,sphere,cont,300,easy,RS_CONT,RS_CONT,0,-24.05675869834267,-25.271873626454806,1
cont_sphere_004,sphere,cont,300,easy,RS_CONT,RS_CONT,1,-27.907728631140643,-25.271873626454806,0
cont_sphere_004,sphere,cont,300,easy,RS_CONT,RS_CONT,2,-30.67245350744186,-25.271873626454806,0
cont_sphere_004,sphere,cont,300,easy,HC_CONT(sigma=0.2),HC_CONT,0,-0.14221448968202663,-25.271873626454806,1
cont_sphere_004,sphere,cont,300,easy,HC_CONT(sigma=0.2),HC_CONT,1,-0.09092534118837996,-25.271873626454806,1
cont_sphere_004,sphere,cont,300,easy,HC_CONT(sigma=0.2),HC_CONT,2,-0.10551345488371242,-25.271873626454806,1
cont_sphere_004,sphere,cont,300,easy,"SA_CONT(sigma=0.3,T0=1.0,alpha=0.995)",SA_CONT,0,-0.5628477685627197,-25.271873626454806,1
cont_sphere_004,sphere,cont,300,easy,"SA_CONT(sigma=0.3,T0=1.0,alpha=0.995)",SA_CONT,1,-0.3479083933400476,-25.271873626454806,1
cont_sphere_004,sphere,cont,300,easy,"SA_CONT(sigma=0.3,T0=1.0,alpha=0.995)",SA_CONT,2,-0.5744729703851672,-25.271873626454806,1
cont_sphere_004,sphere,cont,300,easy,"PSO_STD(p=20,w=0.72,c1=1.49,c2=1.49)",PSO_STD,0,-2.5205334918415456,-25.271873626454806,1
cont_sphere_004,sphere,cont,300,easy,"PSO_STD(p=20,w=0.72,c1=1.49,c2=1.49)",PSO_STD,1,-4.122624926432165,-25.271873626454806,1
cont_sphere_004,sphere,cont,300,easy,"PSO_STD(p=20,w=0.72,c1=1.49,c2=1.49)",PSO_STD,2,-4.323735115469537,-25.271873626454806,1
cont_sphere_004,sphere,cont,300,easy,"PSO_STD(p=40,w=0.72,c1=1.49,c2=1.49)",PSO_STD,0,-6.089269556289505,-25.271873626454806,1
cont_sphere_004,sphere,cont,300,easy,"PSO_STD(p=40,w=0.72,c1=1.49,c2=1.49)",PSO_STD,1,-6.065443527209433,-25.271873626454806,1
cont_sphere_004,sphere,cont,300,easy,"PSO_STD(p=40,w=0.72,c1=1.49,c2=1.49)",PSO_STD,2,-7.801084117741333,-25.271873626454806,1
cont_sphere_004,sphere,cont,300,easy,"PSO_RING(p=20,ring,w=0.72,c1=1.49,c2=1.49)",PSO_RING,0,-8.964442948541263,-25.271873626454806,1
cont_sphere_004,sphere,cont,300,easy,"PSO_RING(p=20,ring,w=0.72,c1=1.49,c2=1.49)",PSO_RING,1,-13.59229269423474,-25.271873626454806,1
cont_sphere_004,sphere,cont,300,easy,"PSO_RING(p=20,ring,w=0.72,c1=1.49,c2=1.49)",PSO_RING,2,-9.061349742332846,-25.271873626454806,1
cont_sphere_004,sphere,cont,300,easy,"PSO_RING(p=40,ring,w=0.72,c1=1.49,c2=1.49)",PSO_RING,0,-16.634516221079846,-25.271873626454806,1
cont_sphere_004,sphere,cont,300,easy,"PSO_RING(p=40,ring,w=0.72,c1=1.49,c2=1.49)",PSO_RING,1,-11.676396345062102,-25.271873626454806,1
cont_sphere_004,sphere,cont,300,easy,"PSO_RING(p=40,ring,w=0.72,c1=1.49,c2=1.49)",PSO_RING,2,-11.155096023258544,-25.271873626454806,1
cont_sphere_004,sphere,cont,300,easy,"DE(pop=20,F=0.8,CR=0.9)",DE,0,-24.00875888555526,-25.271873626454806,1
cont_sphere_004,sphere,cont,300,easy,"DE(pop=20,F=0.8,CR=0.9)",DE,1,-26.1389130847859,-25.271873626454806,0
cont_sphere_004,sphere,cont,300,easy,"DE(pop=20,F=0.8,CR=0.9)",DE,2,-30.699717801748314,-25.271873626454806,0
cont_sphere_004,sphere,cont,300,easy,"DE(pop=40,F=0.8,CR=0.9)",DE,0,-34.36725680023842,-25.271873626454806,0
cont_sphere_004,sphere,cont,300,easy,"DE(pop=40,F=0.8,CR=0.9)",DE,1,-33.106762108362744,-25.271873626454806,0
cont_sphere_004,sphere,cont,300,easy,"DE(pop=40,F=0.8,CR=0.9)",DE,2,-26.979012945119553,-25.271873626454806,0
cont_sphere_004,sphere,cont,300,easy,"ES_ML(mu=10,lam=40,sigma=0.3)",ES_ML,0,-0.4777056162164573,-25.271873626454806,1
cont_sphere_004,sphere,cont,300,easy,"ES_ML(mu=10,lam=40,sigma=0.3)",ES_ML,1,-0.5253158914105291,-25.271873626454806,1
cont_sphere_004,sphere,cont,300,easy,"ES_ML(mu=10,lam=40,sigma=0.3)",ES_ML,2,-0.3329028244650458,-25.271873626454806,1
cont_sphere_004,sphere,cont,300,easy,"ES_ML(mu=20,lam=80,sigma=0.2)",ES_ML,0,-0.9130961910116797,-25.271873626454806,1
cont_sphere_004,sphere,cont,300,easy,"ES_ML(mu=20,lam=80,sigma=0.2)",ES_ML,1,-2.6761144947908186,-25.271873626454806,1
cont_sphere_004,sphere,cont,300,easy,"ES_ML(mu=20,lam=80,sigma=0.2)",ES_ML,2,-1.44370467256646,-25.271873626454806,1
cont_sphere_004,sphere,cont,300,med,RS_CONT,RS_CONT,0,-23.081815621376506,-23.95953791049993,1
cont_sphere_004,sphere,cont,300,med,RS_CONT,RS_CONT,1,-21.09582276117091,-23.95953791049993,1
cont_sphere_004,sphere,cont,300,med,RS_CONT,RS_CONT,2,-32.21735387496778,-23.95953791049993,0
cont_sphere_004,sphere,cont,300,med,HC_CONT(sigma=0.2),HC_CONT,0,-0.15544252415622836,-23.95953791049993,1
cont_sphere_004,sphere,cont,300,med,HC_CONT(sigma=0.2),HC_CONT,1,-0.09774655092753395,-23.95953791049993,1
cont_sphere_004,sphere,cont,300,med,HC_CONT(sigma=0.2),HC_CONT,2,-0.1901844413903636,-23.95953791049993,1
cont_sphere_004,sphere,cont,300,med,"SA_CONT(sigma=0.3,T0=1.0,alpha=0.995)",SA_CONT,0,-0.3081238369704016,-23.95953791049993,1
cont_sphere_004,sphere,cont,300,med,"SA_CONT(sigma=0.3,T0=1.0,alpha=0.995)",SA_CONT,1,-0.8225103623531176,-23.95953791049993,1
cont_sphere_004,sphere,cont,300,med,"SA_CONT(sigma=0.3,T0=1.0,alpha=0.995)",SA_CONT,2,-0.7432545071223609,-23.95953791049993,1
cont_sphere_004,sphere,cont,300,med,"PSO_STD(p=20,w=0.72,c1=1.49,c2=1.49)",PSO_STD,0,-2.4502008965853586,-23.95953791049993,1
cont_sphere_004,sphere,cont,300,med,"PSO_STD(p=20,w=0.72,c1=1.49,c2=1.49)",PSO_STD,1,-5.007813629055697,-23.95953791049993,1
cont_sphere_004,sphere,cont,300,med,"PSO_STD(p=20,w=0.72,c1=1.49,c2=1.49)",PSO_STD,2,-3.3891468909102853,-23.95953791049993,1
cont_sphere_004,sphere,cont,300,med,"PSO_STD(p=40,w=0.72,c1=1.49,c2=1.49)",PSO_STD,0,-11.027284628929705,-23.95953791049993,1
cont_sphere_004,sphere,cont,300,med,"PSO_STD(p=40,w=0.72,c1=1.49,c2=1.49)",PSO_STD,1,-3.6710123112283917,-23.95953791049993,1
cont_sphere_004,sphere,cont,300,med,"PSO_STD(p=40,w=0.72,c1=1.49,c2=1.49)",PSO_STD,2,-3.662833391960232,-23.95953791049993,1
cont_sphere_004,sphere,cont,300,med,"PSO_RING(p=20,ring,w=0.72,c1=1.49,c2=1.49)",PSO_RING,0,-10.120246165656798,-23.95953791049993,1
cont_sphere_004,sphere,cont,300,med,"PSO_RING(p=20,ring,w=0.72,c1=1.49,c2=1.49)",PSO_RING,1,-8.734091530514798,-23.95953791049993,1
cont_sphere_004,sphere,cont,300,med,"PSO_RING(p=20,ring,w=0.72,c1=1.49,c2=1.49)",PSO_RING,2,-6.378252420099694,-23.95953791049993,1
cont_sphere_004,sphere,cont,300,med,"PSO_RING(p=40,ring,w=0.72,c1=1.49,c2=1.49)",PSO_RING,0,-21.32130659480541,-23.95953791049993,1
cont_sphere_004,sphere,cont,300,med,"PSO_RING(p=40,ring,w=0.72,c1=1.49,c2=1.49)",PSO_RING,1,-11.736338630253476,-23.95953791049993,1
cont_sphere_004,sphere,cont,300,med,"PSO_RING(p=40,ring,w=0.72,c1=1.49,c2=1.49)",PSO_RING,2,-13.200095181833513,-23.95953791049993,1
cont_sphere_004,sphere,cont,300,med,"DE(pop=20,F=0.8,CR=0.9)",DE,0,-18.744455840156927,-23.95953791049993,1
cont_sphere_004,sphere,cont,300,med,"DE(pop=20,F=0.8,CR=0.9)",DE,1,-23.802347218372294,-23.95953791049993,1
cont_sphere_004,sphere,cont,300,med,"DE(pop=20,F=0.8,CR=0.9)",DE,2,-28.809402121293758,-23.95953791049993,0
cont_sphere_004,sphere,cont,300,med,"DE(pop=40,F=0.8,CR=0.9)",DE,0,-31.334451709509096,-23.95953791049993,0
cont_sphere_004,sphere,cont,300,med,"DE(pop=40,F=0.8,CR=0.9)",DE,1,-45.97479518944318,-23.95953791049993,0
cont_sphere_004,sphere,cont,300,med,"DE(pop=40,F=0.8,CR=0.9)",DE,2,-25.81306956443205,-23.95953791049993,0
cont_sphere_004,sphere,cont,300,med,"ES_ML(mu=10,lam=40,sigma=0.3)",ES_ML,0,-5.328449048971542,-23.95953791049993,1
cont_sphere_004,sphere,cont,300,med,"ES_ML(mu=10,lam=40,sigma=0.3)",ES_ML,1,-1.9528116635759356,-23.95953791049993,1
cont_sphere_004,sphere,cont,300,med,"ES_ML(mu=10,lam=40,sigma=0.3)",ES_ML,2,-0.7538127038978082,-23.95953791049993,1
cont_sphere_004,sphere,cont,300,med,"ES_ML(mu=20,lam=80,sigma=0.2)",ES_ML,0,-1.051201862197589,-23.95953791049993,1
cont_sphere_004,sphere,cont,300,med,"ES_ML(mu=20,lam=80,sigma=0.2)",ES_ML,1,-1.793086528005982,-23.95953791049993,1
cont_sphere_004,sphere,cont,300,med,"ES_ML(mu=20,lam=80,sigma=0.2)",ES_ML,2,-0.48728931791313446,-23.95953791049993,1
cont_sphere_004,sphere,cont,300,hard,RS_CONT,RS_CONT,0,-17.327365749276744,-15.596649662167573,0
cont_sphere_004,sphere,cont,300,hard,RS_CONT,RS_CONT,1,-23.20803471685984,-15.596649662167573,0
cont_sphere_004,sphere,cont,300,hard,RS_CONT,RS_CONT,2,-33.03447091347799,-15.596649662167573,0
cont_sphere_004,sphere,cont,300,hard,HC_CONT(sigma=0.2),HC_CONT,0,-0.17587568737923062,-15.596649662167573,1
cont_sphere_004,sphere,cont,300,hard,HC_CONT(sigma=0.2),HC_CONT,1,-0.2707355220799056,-15.596649662167573,1
cont_sphere_004,sphere,cont,300,hard,HC_CONT(sigma=0.2),HC_CONT,2,-0.09500190935917345,-15.596649662167573,1
cont_sphere_004,sphere,cont,300,hard,"SA_CONT(sigma=0.3,T0=1.0,alpha=0.995)",SA_CONT,0,-1.6148561641120749,-15.596649662167573,1
cont_sphere_004,sphere,cont,300,hard,"SA_CONT(sigma=0.3,T0=1.0,alpha=0.995)",SA_CONT,1,-0.9029571865993963,-15.596649662167573,1
cont_sphere_004,sphere,cont,300,hard,"SA_CONT(sigma=0.3,T0=1.0,alpha=0.995)",SA_CONT,2,-0.4526007615434826,-15.596649662167573,1
cont_sphere_004,sphere,cont,300,hard,"PSO_STD(p=20,w=0.72,c1=1.49,c2=1.49)",PSO_STD,0,-3.943711913168371,-15.596649662167573,1
cont_sphere_004,sphere,cont,300,hard,"PSO_STD(p=20,w=0.72,c1=1.49,c2=1.49)",PSO_STD,1,-2.0961107146865063,-15.596649662167573,1
cont_sphere_004,sphere,cont,300,hard,"PSO_STD(p=20,w=0.72,c1=1.49,c2=1.49)",PSO_STD,2,-1.3224494313753625,-15.596649662167573,1
cont_sphere_004,sphere,cont,300,hard,"PSO_STD(p=40,w=0.72,c1=1.49,c2=1.49)",PSO_STD,0,-4.102170777999287,-15.596649662167573,1
cont_sphere_004,sphere,cont,300,hard,"PSO_STD(p=40,w=0.72,c1=1.49,c2=1.49)",PSO_STD,1,-7.634256371395021,-15.596649662167573,1
cont_sphere_004,sphere,cont,300,hard,"PSO_STD(p=40,w=0.72,c1=1.49,c2=1.49)",PSO_STD,2,-3.80987442854065,-15.596649662167573,1
cont_sphere_004,sphere,cont,300,hard,"PSO_RING(p=20,ring,w=0.72,c1=1.49,c2=1.49)",PSO_RING,0,-8.488773767471987,-15.596649662167573,1
cont_sphere_004,sphere,cont,300,hard,"PSO_RING(p=20,ring,w=0.72,c1=1.49,c2=1.49)",PSO_RING,1,-14.63784773725947,-15.596649662167573,1
cont_sphere_004,sphere,cont,300,hard,"PSO_RING(p=20,ring,w=0.72,c1=1.49,c2=1.49)",PSO_RING,2,-14.598849838353793,-15.596649662167573,1
cont_sphere_004,sphere,cont,300,hard,"PSO_RING(p=40,ring,w=0.72,c1=1.49,c2=1.49)",PSO_RING,0,-8.289090733917398,-15.596649662167573,1
cont_sphere_004,sphere,cont,300,hard,"PSO_RING(p=40,ring,w=0.72,c1=1.49,c2=1.49)",PSO_RING,1,-9.777898544986687,-15.596649662167573,1
cont_sphere_004,sphere,cont,300,hard,"PSO_RING(p=40,ring,w=0.72,c1=1.49,c2=1.49)",PSO_RING,2,-6.773899181131354,-15.596649662167573,1
cont_sphere_004,sphere,cont,300,hard,"DE(pop=20,F=0.8,CR=0.9)",DE,0,-27.506168787407752,-15.596649662167573,0
cont_sphere_004,sphere,cont,300,hard,"DE(pop=20,F=0.8,CR=0.9)",DE,1,-28.154422834301,-15.596649662167573,0
cont_sphere_004,sphere,cont,300,hard,"DE(pop=20,F=0.8,CR=0.9)",DE,2,-14.092525461171952,-15.596649662167573,1
cont_sphere_004,sphere,cont,300,hard,"DE(pop=40,F=0.8,CR=0.9)",DE,0,-27.90315359859571,-15.596649662167573,0
cont_sphere_004,sphere,cont,300,hard,"DE(pop=40,F=0.8,CR=0.9)",DE,1,-30.557334100369804,-15.596649662167573,0
cont_sphere_004,sphere,cont,300,hard,"DE(pop=40,F=0.8,CR=0.9)",DE,2,-43.37123247784322,-15.596649662167573,0
cont_sphere_004,sphere,cont,300,hard,"ES_ML(mu=10,lam=40,sigma=0.3)",ES_ML,0,-0.4502834410920486,-15.596649662167573,1
cont_sphere_004,sphere,cont,300,hard,"ES_ML(mu=10,lam=40,sigma=0.3)",ES_ML,1,-0.7686114444325646,-15.596649662167573,1
cont_sphere_004,sphere,cont,300,hard,"ES_ML(mu=10,lam=40,sigma=0.3)",ES_ML,2,-0.5075956671009949,-15.596649662167573,1
cont_sphere_004,sphere,cont,300,hard,"ES_ML(mu=20,lam=80,sigma=0.2)",ES_ML,0,-1.1839206191951281,-15.596649662167573,1
cont_sphere_004,sphere,cont,300,hard,"ES_ML(mu=20,lam=80,sigma=0.2)",ES_ML,1,-1.409572880048858,-15.596649662167573,1
cont_sphere_004,sphere,cont,300,hard,"ES_ML(mu=20,lam=80,sigma=0.2)",ES_ML,2,-1.6816066690002383,-15.596649662167573,1
cont_sphere_004,sphere,cont,800,easy,RS_CONT,RS_CONT,0,-25.85667702766986,-19.6674114741069,0
cont_sphere_004,sphere,cont,800,easy,RS_CONT,RS_CONT,1,-15.18245034666699,-19.6674114741069,1
cont_sphere_004,sphere,cont,800,easy,RS_CONT,RS_CONT,2,-12.291854306276312,-19.6674114741069,1
cont_sphere_004,sphere,cont,800,easy,HC_CONT(sigma=0.2),HC_CONT,0,-0.1158660982808958,-19.6674114741069,1
cont_sphere_004,sphere,cont,800,easy,HC_CONT(sigma=0.2),HC_CONT,1,-0.08666171683615552,-19.6674114741069,1
cont_sphere_004,sphere,cont,800,easy,HC_CONT(sigma=0.2),HC_CONT,2,-0.08376482205258627,-19.6674114741069,1
cont_sphere_004,sphere,cont,800,easy,"SA_CONT(sigma=0.3,T0=1.0,alpha=0.995)",SA_CONT,0,-0.29474537750044866,-19.6674114741069,1
cont_sphere_004,sphere,cont,800,easy,"SA_CONT(sigma=0.3,T0=1.0,alpha=0.995)",SA_CONT,1,-0.14647082469725256,-19.6674114741069,1
cont_sphere_004,sphere,cont,800,easy,"SA_CONT(sigma=0.3,T0=1.0,alpha=0.995)",SA_CONT,2,-0.36828291941138175,-19.6674114741069,1
cont_sphere_004,sphere,cont,800,easy,"PSO_STD(p=20,w=0.72,c1=1.49,c2=1.49)",PSO_STD,0,-0.1335470471724288,-19.6674114741069,1
cont_sphere_004,sphere,cont,800,easy,"PSO_STD(p=20,w=0.72,c1=1.49,c2=1.49)",PSO_STD,1,-0.3657647630678255,-19.6674114741069,1
cont_sphere_004,sphere,cont,800,easy,"PSO_STD(p=20,w=0.72,c1=1.49,c2=1.49)",PSO_STD,2,-0.09573294189291244,-19.6674114741069,1
cont_sphere_004,sphere,cont,800,easy,"PSO_STD(p=40,w=0.72,c1=1.49,c2=1.49)",PSO_STD,0,-0.4703208150773872,-19.6674114741069,1
cont_sphere_004,sphere,cont,800,easy,"PSO_STD(p=40,w=0.72,c1=1.49,c2=1.49)",PSO_STD,1,-1.0237338274462973,-19.6674114741069,1
cont_sphere_004,sphere,cont,800,easy,"PSO_STD(p=40,w=0.72,c1=1.49,c2=1.49)",PSO_STD,2,-0.5322242969179184,-19.6674114741069,1
cont_sphere_004,sphere,cont,800,easy,"PSO_RING(p=20,ring,w=0.72,c1=1.49,c2=1.49)",PSO_RING,0,-0.3575696300737886,-19.6674114741069,1
cont_sphere_004,sphere,cont,800,easy,"PSO_RING(p=20,ring,w=0.72,c1=1.49,c2=1.49)",PSO_RING,1,-0.6250468927120936,-19.6674114741069,1
cont_sphere_004,sphere,cont,800,easy,"PSO_RING(p=20,ring,w=0.72,c1=1.49,c2=1.49)",PSO_RING,2,-1.1700009020355777,-19.6674114741069,1
cont_sphere_004,sphere,cont,800,easy,"PSO_RING(p=40,ring,w=0.72,c1=1.49,c2=1.49)",PSO_RING,0,-1.9730071431151286,-19.6674114741069,1
cont_sphere_004,sphere,cont,800,easy,"PSO_RING(p=40,ring,w=0.72,c1=1.49,c2=1.49)",PSO_RING,1,-5.665068040983319,-19.6674114741069,1
cont_sphere_004,sphere,cont,800,easy,"PSO_RING(p=40,ring,w=0.72,c1=1.49,c2=1.49)",PSO_RING,2,-1.4952542142463194,-19.6674114741069,1
cont_sphere_004,sphere,cont,800,easy,"DE(pop=20,F=0.8,CR=0.9)",DE,0,-4.951729955227687,-19.6674114741069,1
cont_sphere_004,sphere,cont,800,easy,"DE(pop=20,F=0.8,CR=0.9)",DE,1,-7.189464628580298,-19.6674114741069,1
cont_sphere_004,sphere,cont,800,easy,"DE(pop=20,F=0.8,CR=0.9)",DE,2,-3.5752287167925987,-19.6674114741069,1
cont_sphere_004,sphere,cont,800,easy,"DE(pop=40,F=0.8,CR=0.9)",DE,0,-12.698232447872131,-19.6674114741069,1
cont_sphere_004,sphere,cont,800,easy,"DE(pop=40,F=0.8,CR=0.9)",DE,1,-17.46344355189358,-19.6674114741069,1
cont_sphere_004,sphere,cont,800,easy,"DE(pop=40,F=0.8,CR=0.9)",DE,2,-14.91311669709829,-19.6674114741069,1
cont_sphere_004,sphere,cont,800,easy,"ES_ML(mu=10,lam=40,sigma=0.3)",ES_ML,0,-0.15227142428429594,-19.6674114741069,1
cont_sphere_004,sphere,cont,800,easy,"ES_ML(mu=10,lam=40,sigma=0.3)",ES_ML,1,-0.2862006784271674,-19.6674114741069,1
cont_sphere_004,sphere,cont,800,easy,"ES_ML(mu=10,lam=40,sigma=0.3)",ES_ML,2,-0.23927941702132793,-19.6674114741069,1
cont_sphere_004,sphere,cont,800,easy,"ES_ML(mu=20,lam=80,sigma=0.2)",ES_ML,0,-0.17604611598142988,-19.6674114741069,1
cont_sphere_004,sphere,cont,800,easy,"ES_ML(mu=20,lam=80,sigma=0.2)",ES_ML,1,-0.13010599605046608,-19.6674114741069,1
cont_sphere_004,sphere,cont,800,easy,"ES_ML(mu=20,lam=80,sigma=0.2)",ES_ML,2,-0.17054597524397125,-19.6674114741069,1
cont_sphere_004,sphere,cont,800,med,RS_CONT,RS_CONT,0,-21.442519327121573,-14.19130009468963,0
cont_sphere_004,sphere,cont,800,med,RS_CONT,RS_CONT,1,-21.860633466642206,-14.19130009468963,0
cont_sphere_004,sphere,cont,800,med,RS_CONT,RS_CONT,2,-16.849279194891395,-14.19130009468963,0
cont_sphere_004,sphere,cont,800,med,HC_CONT(sigma=0.2),HC_CONT,0,-0.08865105147357463,-14.19130009468963,1
cont_sphere_004,sphere,cont,800,med,HC_CONT(sigma=0.2),HC_CONT,1,-0.04251557724441409,-14.19130009468963,1
cont_sphere_004,sphere,cont,800,med,HC_CONT(sigma=0.2),HC_CONT,2,-0.036563588757668145,-14.19130009468963,1
cont_sphere_004,sphere,cont,800,med,"SA_CONT(sigma=0.3,T0=1.0,alpha=0.995)",SA_CONT,0,-0.245226512213404,-14.19130009468963,1
cont_sphere_004,sphere,cont,800,med,"SA_CONT(sigma=0.3,T0=1.0,alpha=0.995)",SA_CONT,1,-0.17219493843583217,-14.19130009468963,1
cont_sphere_004,sphere,cont,800,med,"SA_CONT(sigma=0.3,T0=1.0,alpha=0.995)",SA_CONT,2,-0.2136516097195724,-14.19130009468963,1
cont_sphere_004,sphere,cont,800,med,"PSO_STD(p=20,w=0.72,c1=1.49,c2=1.49)",PSO_STD,0,-0.1229759070526695,-14.19130009468963,1
cont_sphere_004,sphere,cont,800,med,"PSO_STD(p=20,w=0.72,c1=1.49,c2=1.49)",PSO_STD,1,-0.21824782941462595,-14.19130009468963,1
cont_sphere_004,sphere,cont,800,med,"PSO_STD(p=20,w=0.72,c1=1.49,c2=1.49)",PSO_STD,2,-0.1261714500292772,-14.19130009468963,1
cont_sphere_004,sphere,cont,800,med,"PSO_STD(p=40,w=0.72,c1=1.49,c2=1.49)",PSO_STD,0,-0.964238965774778,-14.19130009468963,1
cont_sphere_004,sphere,cont,800,med,"PSO_STD(p=40,w=0.72,c1=1.49,c2=1.49)",PSO_STD,1,-0.44676287963514333,-14.19130009468963,1
cont_sphere_004,sphere,cont,800,med,"PSO_STD(p=40,w=0.72,c1=1.49,c2=1.49)",PSO_STD,2,-0.3433788001676702,-14.19130009468963,1
cont_sphere_004,sphere,cont,800,med,"PSO_RING(p=20,ring,w=0.72,c1=1.49,c2=1.49)",PSO_RING,0,-0.6239607651457688,-14.19130009468963,1
cont_sphere_004,sphere,cont,800,med,"PSO_RING(p=20,ring,w=0.72,c1=1.49,c2=1.49)",PSO_RING,1,-1.6700777223085503,-14.19130009468963,1
cont_sphere_004,sphere,cont,800,med,"PSO_RING(p=20,ring,w=0.72,c1=1.49,c2=1.49)",PSO_RING,2,-0.3445557868433465,-14.19130009468963,1
cont_sphere_004,sphere,cont,800,med,"PSO_RING(p=40,ring,w=0.72,c1=1.49,c2=1.49)",PSO_RING,0,-6.037766215831772,-14.19130009468963,1
cont_sphere_004,sphere,cont,800,med,"PSO_RING(p=40,ring,w=0.72,c1=1.49,c2=1.49)",PSO_RING,1,-5.010067704823599,-14.19130009468963,1
cont_sphere_004,sphere,cont,800,med,"PSO_RING(p=40,ring,w=0.72,c1=1.49,c2=1.49)",PSO_RING,2,-2.623011712033862,-14.19130009468963,1
cont_sphere_004,sphere,cont,800,med,"DE(pop=20,F=0.8,CR=0.9)",DE,0,-7.045855539655077,-14.19130009468963,1
cont_sphere_004,sphere,cont,800,med,"DE(pop=20,F=0.8,CR=0.9)",DE,1,-6.236727563185118,-14.19130009468963,1
cont_sphere_004,sphere,cont,800,med,"DE(pop=20,F=0.8,CR=0.9)",DE,2,-6.888643634699708,-14.19130009468963,1
cont_sphere_004,sphere,cont,800,med,"DE(pop=40,F=0.8,CR=0.9)",DE,0,-26.954141953579768,-14.19130009468963,0
cont_sphere_004,sphere,cont,800,med,"DE(pop=40,F=0.8,CR=0.9)",DE,1,-21.43131558563407,-14.19130009468963,0
cont_sphere_004,sphere,cont,800,med,"DE(pop=40,F=0.8,CR=0.9)",DE,2,-15.479471052370101,-14.19130009468963,0
cont_sphere_004,sphere,cont,800,med,"ES_ML(mu=10,lam=40,sigma=0.3)",ES_ML,0,-0.1105708529381837,-14.19130009468963,1
cont_sphere_004,sphere,cont,800,med,"ES_ML(mu=10,lam=40,sigma=0.3)",ES_ML,1,-0.27091998934913275,-14.19130009468963,1
cont_sphere_004,sphere,cont,800,med,"ES_ML(mu=10,lam=40,sigma=0.3)",ES_ML,2,-0.1396191147615568,-14.19130009468963,1
cont_sphere_004,sphere,cont,800,med,"ES_ML(mu=20,lam=80,sigma=0.2)",ES_ML,0,-0.08620991961664319,-14.19130009468963,1
cont_sphere_004,sphere,cont,800,med,"ES_ML(mu=20,lam=80,sigma=0.2)",ES_ML,1,-0.12994931197529935,-14.19130009468963,1
cont_sphere_004,sphere,cont,800,med,"ES_ML(mu=20,lam=80,sigma=0.2)",ES_ML,2,-0.13650729739792278,-14.19130009468963,1
cont_sphere_004,sphere,cont,800,hard,RS_CONT,RS_CONT,0,-24.58254921381865,-10.766006796922845,0
cont_sphere_004,sphere,cont,800,hard,RS_CONT,RS_CONT,1,-22.410667218883503,-10.766006796922845,0
cont_sphere_004,sphere,cont,800,hard,RS_CONT,RS_CONT,2,-14.916262288824132,-10.766006796922845,0
cont_sphere_004,sphere,cont,800,hard,HC_CONT(sigma=0.2),HC_CONT,0,-0.08682421146489182,-10.766006796922845,1
cont_sphere_004,sphere,cont,800,hard,HC_CONT(sigma=0.2),HC_CONT,1,-0.07010471834260998,-10.766006796922845,1
cont_sphere_004,sphere,cont,800,hard,HC_CONT(sigma=0.2),HC_CONT,2,-0.06759602650655204,-10.766006796922845,1
cont_sphere_004,sphere,cont,800,hard,"SA_CONT(sigma=0.3,T0=1.0,alpha=0.995)",SA_CONT,0,-0.33254308891720946,-10.766006796922845,1
cont_sphere_004,sphere,cont,800,hard,"SA_CONT(sigma=0.3,T0=1.0,alpha=0.995)",SA_CONT,1,-0.3094297430041884,-10.766006796922845,1
cont_sphere_004,sphere,cont,800,hard,"SA_CONT(sigma=0.3,T0=1.0,alpha=0.995)",SA_CONT,2,-0.2707761961755555,-10.766006796922845,1
cont_sphere_004,sphere,cont,800,hard,"PSO_STD(p=20,w=0.72,c1=1.49,c2=1.49)",PSO_STD,0,-0.12920933358357925,-10.766006796922845,1
cont_sphere_004,sphere,cont,800,hard,"PSO_STD(p=20,w=0.72,c1=1.49,c2=1.49)",PSO_STD,1,-0.08208699779673802,-10.766006796922845,1
cont_sphere_004,sphere,cont,800,hard,"PSO_STD(p=20,w=0.72,c1=1.49,c2=1.49)",PSO_STD,2,-0.18737926462885254,-10.766006796922845,1
cont_sphere_004,sphere,cont,800,hard,"PSO_STD(p=40,w=0.72,c1=1.49,c2=1.49)",PSO_STD,0,-1.5223405736160214,-10.766006796922845,1
cont_sphere_004,sphere,cont,800,hard,"PSO_STD(p=40,w=0.72,c1=1.49,c2=1.49)",PSO_STD,1,-0.5505226731552969,-10.766006796922845,1
cont_sphere_004,sphere,cont,800,hard,"PSO_STD(p=40,w=0.72,c1=1.49,c2=1.49)",PSO_STD,2,-1.3698308774917771,-10.766006796922845,1
cont_sphere_004,sphere,cont,800,hard,"PSO_RING(p=20,ring,w=0.72,c1=1.49,c2=1.49)",PSO_RING,0,-0.8101106557579864,-10.766006796922845,1
cont_sphere_004,sphere,cont,800,hard,"PSO_RING(p=20,ring,w=0.72,c1=1.49,c2=1.49)",PSO_RING,1,-1.5036952106107524,-10.766006796922845,1
cont_sphere_004,sphere,cont,800,hard,"PSO_RING(p=20,ring,w=0.72,c1=1.49,c2=1.49)",PSO_RING,2,-1.6373712319680715,-10.766006796922845,1
cont_sphere_004,sphere,cont,800,hard,"PSO_RING(p=40,ring,w=0.72,c1=1.49,c2=1.49)",PSO_RING,0,-4.35157514867025,-10.766006796922845,1
cont_sphere_004,sphere,cont,800,hard,"PSO_RING(p=40,ring,w=0.72,c1=1.49,c2=1.49)",PSO_RING,1,-5.105514742089186,-10.766006796922845,1
cont_sphere_004,sphere,cont,800,hard,"PSO_RING(p=40,ring,w=0.72,c1=1.49,c2=1.49)",PSO_RING,2,-5.047002412977353,-10.766006796922845,1
cont_sphere_004,sphere,cont,800,hard,"DE(pop=20,F=0.8,CR=0.9)",DE,0,-8.142195210809795,-10.766006796922845,1
cont_sphere_004,sphere,cont,800,hard,"DE(pop=20,F=0.8,CR=0.9)",DE,1,-9.040917298728852,-10.766006796922845,1
cont_sphere_004,sphere,cont,800,hard,"DE(pop=20,F=0.8,CR=0.9)",DE,2,-6.847962185625313,-10.766006796922845,1
cont_sphere_004,sphere,cont,800,hard,"DE(pop=40,F=0.8,CR=0.9)",DE,0,-20.803900376941225,-10.766006796922845,0
cont_sphere_004,sphere,cont,800,hard,"DE(pop=40,F=0.8,CR=0.9)",DE,1,-11.995193166370544,-10.766006796922845,0
cont_sphere_004,sphere,cont,800,hard,"DE(pop=40,F=0.8,CR=0.9)",DE,2,-15.037847871651808,-10.766006796922845,0
cont_sphere_004,sphere,cont,800,hard,"ES_ML(mu=10,lam=40,sigma=0.3)",ES_ML,0,-0.2242096828980611,-10.766006796922845,1
cont_sphere_004,sphere,cont,800,hard,"ES_ML(mu=10,lam=40,sigma=0.3)",ES_ML,1,-0.26790233492326476,-10.766006796922845,1
cont_sphere_004,sphere,cont,800,hard,"ES_ML(mu=10,lam=40,sigma=0.3)",ES_ML,2,-0.2912624950771861,-10.766006796922845,1
cont_sphere_004,sphere,cont,800,hard,"ES_ML(mu=20,lam=80,sigma=0.2)",ES_ML,0,-0.23677608788033985,-10.766006796922845,1
cont_sphere_004,sphere,cont,800,hard,"ES_ML(mu=20,lam=80,sigma=0.2)",ES_ML,1,-0.3808164421975034,-10.766006796922845,1
cont_sphere_004,sphere,cont,800,hard,"ES_ML(mu=20,lam=80,sigma=0.2)",ES_ML,2,-0.1360483242782351,-10.766006796922845,1
cont_rastrigin_005,rastrigin,cont,300,easy,RS_CONT,RS_CONT,0,-72.11722768153655,-101.81304030249385,1
cont_rastrigin_005,rastrigin,cont,300,easy,RS_CONT,RS_CONT,1,-95.64704094297669,-101.81304030249385,1
cont_rastrigin_005,rastrigin,cont,300,easy,RS_CONT,RS_CONT,2,-111.87820619506101,-101.81304030249385,0
cont_rastrigin_005,rastrigin,cont,300,easy,HC_CONT(sigma=0.2),HC_CONT,0,-121.6851411025541,-101.81304030249385,0
cont_rastrigin_005,rastrigin,cont,300,easy,HC_CONT(sigma=0.2),HC_CONT,1,-100.47419467117449,-101.81304030249385,1
cont_rastrigin_005,rastrigin,cont,300,easy,HC_CONT(sigma=0.2),HC_CONT,2,-110.75378027443647,-101.81304030249385,0
cont_rastrigin_005,rastrigin,cont,300,easy,"SA_CONT(sigma=0.3,T0=1.0,alpha=0.995)",SA_CONT,0,-112.11947746220503,-101.81304030249385,0
cont_rastrigin_005,rastrigin,cont,300,easy,"SA_CONT(sigma=0.3,T0=1.0,alpha=0.995)",SA_CONT,1,-60.33087268913529,-101.81304030249385,1
cont_rastrigin_005,rastrigin,cont,300,easy,"SA_CONT(sigma=0.3,T0=1.0,alpha=0.995)",SA_CONT,2,-146.63410379286884,-101.81304030249385,0
cont_rastrigin_005,rastrigin,cont,300,easy,"PSO_STD(p=20,w=0.72,c1=1.49,c2=1.49)",PSO_STD,0,-40.96820225345595,-101.81304030249385,1
cont_rastrigin_005,rastrigin,cont,300,easy,"PSO_STD(p=20,w=0.72,c1=1.49,c2=1.49)",PSO_STD,1,-55.32987231415417,-101.81304030249385,1
cont_rastrigin_005,rastrigin,cont,300,easy,"PSO_STD(p=20,w=0.72,c1=1.49,c2=1.49)",PSO_STD,2,-77.79407749207806,-101.81304030249385,1
cont_rastrigin_005,rastrigin,cont,300,easy,"PSO_STD(p=40,w=0.72,c1=1.49,c2=1.49)",PSO_STD,0,-92.30865942867382,-101.81304030249385,1
cont_rastrigin_005,rastrigin,cont,300,easy,"PSO_STD(p=40,w=0.72,c1=1.49,c2=1.49)",PSO_STD,1,-91.53326124426862,-101.81304030249385,1
cont_rastrigin_005,rastrigin,cont,300,easy,"PSO_STD(p=40,w=0.72,c1=1.49,c2=1.49)",PSO_STD,2,-69.37375082312569,-101.81304030249385,1
cont_rastrigin_005,rastrigin,cont,300,easy,"PSO_RING(p=20,ring,w=0.72,c1=1.49,c2=1.49)",PSO_RING,0,-45.629382342822744,-101.81304030249385,1
cont_rastrigin_005,rastrigin,cont,300,easy,"PSO_RING(p=20,ring,w=0.72,c1=1.49,c2=1.49)",PSO_RING,1,-88.26541761240645,-101.81304030249385,1
cont_rastrigin_005,rastrigin,cont,300,easy,"PSO_RING(p=20,ring,w=0.72,c1=1.49,c2=1.49)",PSO_RING,2,-95.99472379998811,-101.81304030249385,1
cont_rastrigin_005,rastrigin,cont,300,easy,"PSO_RING(p=40,ring,w=0.72,c1=1.49,c2=1.49)",PSO_RING,0,-85.03496923205638,-101.81304030249385,1
cont_rastrigin_005,rastrigin,cont,300,easy,"PSO_RING(p=40,ring,w=0.72,c1=1.49,c2=1.49)",PSO_RING,1,-102.19909675480949,-101.81304030249385,0
cont_rastrigin_005,rastrigin,cont,300,easy,"PSO_RING(p=40,ring,w=0.72,c1=1.49,c2=1.49)",PSO_RING,2,-72.77193822426284,-101.81304030249385,1
cont_rastrigin_005,rastrigin,cont,300,easy,"DE(pop=20,F=0.8,CR=0.9)",DE,0,-101.86730942006861,-101.81304030249385,0
cont_rastrigin_005,rastrigin,cont,300,easy,"DE(pop=20,F=0.8,CR=0.9)",DE,1,-48.89403340741079,-101.81304030249385,1
cont_rastrigin_005,rastrigin,cont,300,easy,"DE(pop=20,F=0.8,CR=0.9)",DE,2,-103.81275308926601,-101.81304030249385,0
cont_rastrigin_005,rastrigin,cont,300,easy,"DE(pop=40,F=0.8,CR=0.9)",DE,0,-98.67876849242137,-101.81304030249385,1
cont_rastrigin_005,rastrigin,cont,300,easy,"DE(pop=40,F=0.8,CR=0.9)",DE,1,-100.33312404610612,-101.81304030249385,1
cont_rastrigin_005,rastrigin,cont,300,easy,"DE(pop=40,F=0.8,CR=0.9)",DE,2,-101.26566223899154,-101.81304030249385,1
cont_rastrigin_005,rastrigin,cont,300,easy,"ES_ML(mu=10,lam=40,sigma=0.3)",ES_ML,0,-48.68773258035601,-101.81304030249385,1
cont_rastrigin_005,rastrigin,cont,300,easy,"ES_ML(mu=10,lam=40,sigma=0.3)",ES_ML,1,-47.838070465104806,-101.81304030249385,1
cont_rastrigin_005,rastrigin,cont,300,easy,"ES_ML(mu=10,lam=40,sigma=0.3)",ES_ML,2,-39.596129097676595,-101.81304030249385,1
cont_rastrigin_005,rastrigin,cont,300,easy,"ES_ML(mu=20,lam=80,sigma=0.2)",ES_ML,0,-54.03862224815766,-101.81304030249385,1
cont_rastrigin_005,rastrigin,cont,300,easy,"ES_ML(mu=20,lam=80,sigma=0.2)",ES_ML,1,-52.175450770899566,-101.81304030249385,1
cont_rastrigin_005,rastrigin,cont,300,easy,"ES_ML(mu=20,lam=80,sigma=0.2)",ES_ML,2,-45.176973086898386,-101.81304030249385,1
cont_rastrigin_005,rastrigin,cont,300,med,RS_CONT,RS_CONT,0,-95.22803831853179,-97.76669713284097,1
cont_rastrigin_005,rastrigin,cont,300,med,RS_CONT,RS_CONT,1,-106.98033674438955,-97.76669713284097,0
cont_rastrigin_005,rastrigin,cont,300,med,RS_CONT,RS_CONT,2,-98.32142371592641,-97.76669713284097,0
cont_rastrigin_005,rastrigin,cont,300,med,HC_CONT(sigma=0.2),HC_CONT,0,-103.41666016184062,-97.76669713284097,0
cont_rastrigin_005,rastrigin,cont,300,med,HC_CONT(sigma=0.2),HC_CONT,1,-83.31000484122328,-97.76669713284097,1
cont_rastrigin_005,rastrigin,cont,300,med,HC_CONT(sigma=0.2),HC_CONT,2,-81.53379444154834,-97.76669713284097,1
cont_rastrigin_005,rastrigin,cont,300,med,"SA_CONT(sigma=0.3,T0=1.0,alpha=0.995)",SA_CONT,0,-146.05373151788345,-97.76669713284097,0
cont_rastrigin_005,rastrigin,cont,300,med,"SA_CONT(sigma=0.3,T0=1.0,alpha=0.995)",SA_CONT,1,-133.62620800911753,-97.76669713284097,0
cont_rastrigin_005,rastrigin,cont,300,med,"SA_CONT(sigma=0.3,T0=1.0,alpha=0.995)",SA_CONT,2,-156.88136298298622,-97.76669713284097,0
cont_rastrigin_005,rastrigin,cont,300,med,"PSO_STD(p=20,w=0.72,c1=1.49,c2=1.49)",PSO_STD,0,-74.12964329340855,-97.76669713284097,1
cont_rastrigin_005,rastrigin,cont,300,med,"PSO_STD(p=20,w=0.72,c1=1.49,c2=1.49)",PSO_STD,1,-74.42287961660094,-97.76669713284097,1
cont_rastrigin_005,rastrigin,cont,300,med,"PSO_STD(p=20,w=0.72,c1=1.49,c2=1.49)",PSO_STD,2,-94.76889825467569,-97.76669713284097,1
cont_rastrigin_005,rastrigin,cont,300,med,"PSO_STD(p=40,w=0.72,c1=1.49,c2=1.49)",PSO_STD,0,-95.38080707795686,-97.76669713284097,1
cont_rastrigin_005,rastrigin,cont,300,med,"PSO_STD(p=40,w=0.72,c1=1.49,c2=1.49)",PSO_STD,1,-67.20748688356835,-97.76669713284097,1
cont_rastrigin_005,rastrigin,cont,300,med,"PSO_STD(p=40,w=0.72,c1=1.49,c2=1.49)",PSO_STD,2,-71.10306798918037,-97.76669713284097,1
cont_rastrigin_005,rastrigin,cont,300,med,"PSO_RING(p=20,ring,w=0.72,c1=1.49,c2=1.49)",PSO_RING,0,-87.33330309367275,-97.76669713284097,1
cont_rastrigin_005,rastrigin,cont,300,med,"PSO_RING(p=20,ring,w=0.72,c1=1.49,c2=1.49)",PSO_RING,1,-76.71520851947545,-97.76669713284097,1
cont_rastrigin_005,rastrigin,cont,300,med,"PSO_RING(p=20,ring,w=0.72,c1=1.49,c2=1.49)",PSO_RING,2,-98.62477038711052,-97.76669713284097,0
cont_rastrigin_005,rastrigin,cont,300,med,"PSO_RING(p=40,ring,w=0.72,c1=1.49,c2=1.49)",PSO_RING,0,-64.81480569188992,-97.76669713284097,1
cont_rastrigin_005,rastrigin,cont,300,med,"PSO_RING(p=40,ring,w=0.72,c1=1.49,c2=1.49)",PSO_RING,1,-73.27781153105462,-97.76669713284097,1
cont_rastrigin_005,rastrigin,cont,300,med,"PSO_RING(p=40,ring,w=0.72,c1=1.49,c2=1.49)",PSO_RING,2,-68.59543676983819,-97.76669713284097,1
cont_rastrigin_005,rastrigin,cont,300,med,"DE(pop=20,F=0.8,CR=0.9)",DE,0,-111.95274424269599,-97.76669713284097,0
cont_rastrigin_005,rastrigin,cont,300,med,"DE(pop=20,F=0.8,CR=0.9)",DE,1,-84.17922945885591,-97.76669713284097,1
cont_rastrigin_005,rastrigin,cont,300,med,"DE(pop=20,F=0.8,CR=0.9)",DE,2,-65.50329672792566,-97.76669713284097,1
cont_rastrigin_005,rastrigin,cont,300,med,"DE(pop=40,F=0.8,CR=0.9)",DE,0,-106.75637948964165,-97.76669713284097,0
cont_rastrigin_005,rastrigin,cont,300,med,"DE(pop=40,F=0.8,CR=0.9)",DE,1,-116.83465633469389,-97.76669713284097,0
cont_rastrigin_005,rastrigin,cont,300,med,"DE(pop=40,F=0.8,CR=0.9)",DE,2,-110.23181224858973,-97.76669713284097,0
cont_rastrigin_005,rastrigin,cont,300,med,"ES_ML(mu=10,lam=40,sigma=0.3)",ES_ML,0,-44.8193580465431,-97.76669713284097,1
cont_rastrigin_005,rastrigin,cont,300,med,"ES_ML(mu=10,lam=40,sigma=0.3)",ES_ML,1,-55.57330630642404,-97.76669713284097,1
cont_rastrigin_005,rastrigin,cont,300,med,"ES_ML(mu=10,lam=40,sigma=0.3)",ES_ML,2,-52.70729487306693,-97.76669713284097,1
cont_rastrigin_005,rastrigin,cont,300,med,"ES_ML(mu=20,lam=80,sigma=0.2)",ES_ML,0,-61.339379263279056,-97.76669713284097,1
cont_rastrigin_005,rastrigin,cont,300,med,"ES_ML(mu=20,lam=80,sigma=0.2)",ES_ML,1,-34.28788052684028,-97.76669713284097,1
cont_rastrigin_005,rastrigin,cont,300,med,"ES_ML(mu=20,lam=80,sigma=0.2)",ES_ML,2,-60.04419092852312,-97.76669713284097,1
cont_rastrigin_005,rastrigin,cont,300,hard,RS_CONT,RS_CONT,0,-107.6857965148775,-93.28153392999802,0
cont_rastrigin_005,rastrigin,cont,300,hard,RS_CONT,RS_CONT,1,-88.5515841596549,-93.28153392999802,1
cont_rastrigin_005,rastrigin,cont,300,hard,RS_CONT,RS_CONT,2,-104.12380999189661,-93.28153392999802,0
cont_rastrigin_005,rastrigin,cont,300,hard,HC_CONT(sigma=0.2),HC_CONT,0,-117.12018973203607,-93.28153392999802,0
cont_rastrigin_005,rastrigin,cont,300,hard,HC_CONT(sigma=0.2),HC_CONT,1,-107.14348706630169,-93.28153392999802,0
cont_rastrigin_005,rastrigin,cont,300,hard,HC_CONT(sigma=0.2),HC_CONT,2,-69.62193944031071,-93.28153392999802,1
cont_rastrigin_005,rastrigin,cont,300,hard,"SA_CONT(sigma=0.3,T0=1.0,alpha=0.995)",SA_CONT,0,-131.66577186532706,-93.28153392999802,0
cont_rastrigin_005,rastrigin,cont,300,hard,"SA_CONT(sigma=0.3,T0=1.0,alpha=0.995)",SA_CONT,1,-71.27353387202524,-93.28153392999802,1
cont_rastrigin_005,rastrigin,cont,300,hard,"SA_CONT(sigma=0.3,T0=1.0,alpha=0.995)",SA_CONT,2,-119.70257614109191,-93.28153392999802,0
cont_rastrigin_005,rastrigin,cont,300,hard,"PSO_STD(p=20,w=0.72,c1=1.49,c2=1.49)",PSO_STD,0,-73.86131197345773,-93.28153392999802,1
cont_rastrigin_005,rastrigin,cont,300,hard,"PSO_STD(p=20,w=0.72,c1=1.49,c2=1.49)",PSO_STD,1,-81.03833995611461,-93.28153392999802,1
cont_rastrigin_005,rastrigin,cont,300,hard,"PSO_STD(p=20,w=0.72,c1=1.49,c2=1.49)",PSO_STD,2,-67.03671504094132,-93.28153392999802,1
cont_rastrigin_005,rastrigin,cont,300,hard,"PSO_STD(p=40,w=0.72,c1=1.49,c2=1.49)",PSO_STD,0,-76.49036945792488,-93.28153392999802,1
cont_rastrigin_005,rastrigin,cont,300,hard,"PSO_STD(p=40,w=0.72,c1=1.49,c2=1.49)",PSO_STD,1,-63.41876190666041,-93.28153392999802,1
cont_rastrigin_005,rastrigin,cont,300,hard,"PSO_STD(p=40,w=0.72,c1=1.49,c2=1.49)",PSO_STD,2,-54.21666515059779,-93.28153392999802,1
cont_rastrigin_005,rastrigin,cont,300,hard,"PSO_RING(p=20,ring,w=0.72,c1=1.49,c2=1.49)",PSO_RING,0,-72.59579417578979,-93.28153392999802,1
cont_rastrigin_005,rastrigin,cont,300,hard,"PSO_RING(p=20,ring,w=0.72,c1=1.49,c2=1.49)",PSO_RING,1,-62.54418055004952,-93.28153392999802,1
cont_rastrigin_005,rastrigin,cont,300,hard,"PSO_RING(p=20,ring,w=0.72,c1=1.49,c2=1.49)",PSO_RING,2,-63.24032381249635,-93.28153392999802,1
cont_rastrigin_005,rastrigin,cont,300,hard,"PSO_RING(p=40,ring,w=0.72,c1=1.49,c2=1.49)",PSO_RING,0,-91.37712026231186,-93.28153392999802,1
cont_rastrigin_005,rastrigin,cont,300,hard,"PSO_RING(p=40,ring,w=0.72,c1=1.49,c2=1.49)",PSO_RING,1,-61.339260866441606,-93.28153392999802,1
cont_rastrigin_005,rastrigin,cont,300,hard,"PSO_RING(p=40,ring,w=0.72,c1=1.49,c2=1.49)",PSO_RING,2,-89.20466042526893,-93.28153392999802,1
cont_rastrigin_005,rastrigin,cont,300,hard,"DE(pop=20,F=0.8,CR=0.9)",DE,0,-94.08450142677896,-93.28153392999802,0
cont_rastrigin_005,rastrigin,cont,300,hard,"DE(pop=20,F=0.8,CR=0.9)",DE,1,-100.75011587413877,-93.28153392999802,0
cont_rastrigin_005,rastrigin,cont,300,hard,"DE(pop=20,F=0.8,CR=0.9)",DE,2,-84.34387039353761,-93.28153392999802,1
cont_rastrigin_005,rastrigin,cont,300,hard,"DE(pop=40,F=0.8,CR=0.9)",DE,0,-113.98994048833532,-93.28153392999802,0
cont_rastrigin_005,rastrigin,cont,300,hard,"DE(pop=40,F=0.8,CR=0.9)",DE,1,-122.30006261032455,-93.28153392999802,0
cont_rastrigin_005,rastrigin,cont,300,hard,"DE(pop=40,F=0.8,CR=0.9)",DE,2,-93.54072388603844,-93.28153392999802,0
cont_rastrigin_005,rastrigin,cont,300,hard,"ES_ML(mu=10,lam=40,sigma=0.3)",ES_ML,0,-48.303136730797036,-93.28153392999802,1
cont_rastrigin_005,rastrigin,cont,300,hard,"ES_ML(mu=10,lam=40,sigma=0.3)",ES_ML,1,-71.2519786375675,-93.28153392999802,1
cont_rastrigin_005,rastrigin,cont,300,hard,"ES_ML(mu=10,lam=40,sigma=0.3)",ES_ML,2,-59.04545620384101,-93.28153392999802,1
cont_rastrigin_005,rastrigin,cont,300,hard,"ES_ML(mu=20,lam=80,sigma=0.2)",ES_ML,0,-54.599622206742474,-93.28153392999802,1
cont_rastrigin_005,rastrigin,cont,300,hard,"ES_ML(mu=20,lam=80,sigma=0.2)",ES_ML,1,-59.111042298481834,-93.28153392999802,1
cont_rastrigin_005,rastrigin,cont,300,hard,"ES_ML(mu=20,lam=80,sigma=0.2)",ES_ML,2,-53.82808436092464,-93.28153392999802,1
cont_rastrigin_005,rastrigin,cont,800,easy,RS_CONT,RS_CONT,0,-100.68896197653451,-90.12066811676982,0
cont_rastrigin_005,rastrigin,cont,800,easy,RS_CONT,RS_CONT,1,-90.34635159740674,-90.12066811676982,0
cont_rastrigin_005,rastrigin,cont,800,easy,RS_CONT,RS_CONT,2,-90.78470704192655,-90.12066811676982,0
cont_rastrigin_005,rastrigin,cont,800,easy,HC_CONT(sigma=0.2),HC_CONT,0,-89.97033169973578,-90.12066811676982,1
cont_rastrigin_005,rastrigin,cont,800,easy,HC_CONT(sigma=0.2),HC_CONT,1,-70.61179929907051,-90.12066811676982,1
cont_rastrigin_005,rastrigin,cont,800,easy,HC_CONT(sigma=0.2),HC_CONT,2,-107.87639290743786,-90.12066811676982,0
cont_rastrigin_005,rastrigin,cont,800,easy,"SA_CONT(sigma=0.3,T0=1.0,alpha=0.995)",SA_CONT,0,-73.91273172197877,-90.12066811676982,1
cont_rastrigin_005,rastrigin,cont,800,easy,"SA_CONT(sigma=0.3,T0=1.0,alpha=0.995)",SA_CONT,1,-94.043149503964,-90.12066811676982,0
cont_rastrigin_005,rastrigin,cont,800,easy,"SA_CONT(sigma=0.3,T0=1.0,alpha=0.995)",SA_CONT,2,-112.37500796364081,-90.12066811676982,0
cont_rastrigin_005,rastrigin,cont,800,easy,"PSO_STD(p=20,w=0.72,c1=1.49,c2=1.49)",PSO_STD,0,-42.84480370518821,-90.12066811676982,1
cont_rastrigin_005,rastrigin,cont,800,easy,"PSO_STD(p=20,w=0.72,c1=1.49,c2=1.49)",PSO_STD,1,-27.759227357886857,-90.12066811676982,1
cont_rastrigin_005,rastrigin,cont,800,easy,"PSO_STD(p=20,w=0.72,c1=1.49,c2=1.49)",PSO_STD,2,-64.86689970864502,-90.12066811676982,1
cont_rastrigin_005,rastrigin,cont,800,easy,"PSO_STD(p=40,w=0.72,c1=1.49,c2=1.49)",PSO_STD,0,-50.941198654587545,-90.12066811676982,1
cont_rastrigin_005,rastrigin,cont,800,easy,"PSO_STD(p=40,w=0.72,c1=1.49,c2=1.49)",PSO_STD,1,-53.51723296930816,-90.12066811676982,1
cont_rastrigin_005,rastrigin,cont,800,easy,"PSO_STD(p=40,w=0.72,c1=1.49,c2=1.49)",PSO_STD,2,-35.856105330942086,-90.12066811676982,1
cont_rastrigin_005,rastrigin,cont,800,easy,"PSO_RING(p=20,ring,w=0.72,c1=1.49,c2=1.49)",PSO_RING,0,-44.887573206046845,-90.12066811676982,1
cont_rastrigin_005,rastrigin,cont,800,easy,"PSO_RING(p=20,ring,w=0.72,c1=1.49,c2=1.49)",PSO_RING,1,-33.32774281886503,-90.12066811676982,1
cont_rastrigin_005,rastrigin,cont,800,easy,"PSO_RING(p=20,ring,w=0.72,c1=1.49,c2=1.49)",PSO_RING,2,-58.33873152117466,-90.12066811676982,1
cont_rastrigin_005,rastrigin,cont,800,easy,"PSO_RING(p=40,ring,w=0.72,c1=1.49,c2=1.49)",PSO_RING,0,-54.615804673538335,-90.12066811676982,1
cont_rastrigin_005,rastrigin,cont,800,easy,"PSO_RING(p=40,ring,w=0.72,c1=1.49,c2=1.49)",PSO_RING,1,-75.99588087521099,-90.12066811676982,1
cont_rastrigin_005,rastrigin,cont,800,easy,"PSO_RING(p=40,ring,w=0.72,c1=1.49,c2=1.49)",PSO_RING,2,-67.6567262508664,-90.12066811676982,1
cont_rastrigin_005,rastrigin,cont,800,easy,"DE(pop=20,F=0.8,CR=0.9)",DE,0,-82.02567735537127,-90.12066811676982,1
cont_rastrigin_005,rastrigin,cont,800,easy,"DE(pop=20,F=0.8,CR=0.9)",DE,1,-76.60940678694536,-90.12066811676982,1
cont_rastrigin_005,rastrigin,cont,800,easy,"DE(pop=20,F=0.8,CR=0.9)",DE,2,-62.48255585902519,-90.12066811676982,1
cont_rastrigin_005,rastrigin,cont,800,easy,"DE(pop=40,F=0.8,CR=0.9)",DE,0,-96.97593316817088,-90.12066811676982,0
cont_rastrigin_005,rastrigin,cont,800,easy,"DE(pop=40,F=0.8,CR=0.9)",DE,1,-76.73249589372065,-90.12066811676982,1
cont_rastrigin_005,rastrigin,cont,800,easy,"DE(pop=40,F=0.8,CR=0.9)",DE,2,-70.52435003211102,-90.12066811676982,1
cont_rastrigin_005,rastrigin,cont,800,easy,"ES_ML(mu=10,lam=40,sigma=0.3)",ES_ML,0,-52.093329570934486,-90.12066811676982,1
cont_rastrigin_005,rastrigin,cont,800,easy,"ES_ML(mu=10,lam=40,sigma=0.3)",ES_ML,1,-47.80443859524936,-90.12066811676982,1
cont_rastrigin_005,rastrigin,cont,800,easy,"ES_ML(mu=10,lam=40,sigma=0.3)",ES_ML,2,-46.491448391355206,-90.12066811676982,1
cont_rastrigin_005,rastrigin,cont,800,easy,"ES_ML(mu=20,lam=80,sigma=0.2)",ES_ML,0,-34.36567349462317,-90.12066811676982,1
cont_rastrigin_005,rastrigin,cont,800,easy,"ES_ML(mu=20,lam=80,sigma=0.2)",ES_ML,1,-26.324813643384275,-90.12066811676982,1
cont_rastrigin_005,rastrigin,cont,800,easy,"ES_ML(mu=20,lam=80,sigma=0.2)",ES_ML,2,-34.68865356754081,-90.12066811676982,1
cont_rastrigin_005,rastrigin,cont,800,med,RS_CONT,RS_CONT,0,-97.22693023463405,-86.67370734051411,0
cont_rastrigin_005,rastrigin,cont,800,med,RS_CONT,RS_CONT,1,-102.4859485024731,-86.67370734051411,0
cont_rastrigin_005,rastrigin,cont,800,med,RS_CONT,RS_CONT,2,-95.3000568572955,-86.67370734051411,0
cont_rastrigin_005,rastrigin,cont,800,med,HC_CONT(sigma=0.2),HC_CONT,0,-131.25134884480508,-86.67370734051411,0
cont_rastrigin_005,rastrigin,cont,800,med,HC_CONT(sigma=0.2),HC_CONT,1,-103.17424927612005,-86.67370734051411,0
cont_rastrigin_005,rastrigin,cont,800,med,HC_CONT(sigma=0.2),HC_CONT,2,-119.0370684877557,-86.67370734051411,0
cont_rastrigin_005,rastrigin,cont,800,med,"SA_CONT(sigma=0.3,T0=1.0,alpha=0.995)",SA_CONT,0,-122.65703430769769,-86.67370734051411,0
cont_rastrigin_005,rastrigin,cont,800,med,"SA_CONT(sigma=0.3,T0=1.0,alpha=0.995)",SA_CONT,1,-82.37920012670182,-86.67370734051411,1
cont_rastrigin_005,rastrigin,cont,800,med,"SA_CONT(sigma=0.3,T0=1.0,alpha=0.995)",SA_CONT,2,-137.06786031437107,-86.67370734051411,0
cont_rastrigin_005,rastrigin,cont,800,med,"PSO_STD(p=20,w=0.72,c1=1.49,c2=1.49)",PSO_STD,0,-61.550044262816336,-86.67370734051411,1
cont_rastrigin_005,rastrigin,cont,800,med,"PSO_STD(p=20,w=0.72,c1=1.49,c2=1.49)",PSO_STD,1,-43.28206148577074,-86.67370734051411,1
cont_rastrigin_005,rastrigin,cont,800,med,"PSO_STD(p=20,w=0.72,c1=1.49,c2=1.49)",PSO_STD,2,-54.20745572438079,-86.67370734051411,1
cont_rastrigin_005,rastrigin,cont,800,med,"PSO_STD(p=40,w=0.72,c1=1.49,c2=1.49)",PSO_STD,0,-60.73445177159503,-86.67370734051411,1
cont_rastrigin_005,rastrigin,cont,800,med,"PSO_STD(p=40,w=0.72,c1=1.49,c2=1.49)",PSO_STD,1,-67.15363452371938,-86.67370734051411,1
cont_rastrigin_005,rastrigin,cont,800,med,"PSO_STD(p=40,w=0.72,c1=1.49,c2=1.49)",PSO_STD,2,-52.224377122207116,-86.67370734051411,1
cont_rastrigin_005,rastrigin,cont,800,med,"PSO_RING(p=20,ring,w=0.72,c1=1.49,c2=1.49)",PSO_RING,0,-55.23681990034816,-86.67370734051411,1
cont_rastrigin_005,rastrigin,cont,800,med,"PSO_RING(p=20,ring,w=0.72,c1=1.49,c2=1.49)",PSO_RING,1,-46.29846440053433,-86.67370734051411,1
cont_rastrigin_005,rastrigin,cont,800,med,"PSO_RING(p=20,ring,w=0.72,c1=1.49,c2=1.49)",PSO_RING,2,-61.27358959747079,-86.67370734051411,1
cont_rastrigin_005,rastrigin,cont,800,med,"PSO_RING(p=40,ring,w=0.72,c1=1.49,c2=1.49)",PSO_RING,0,-51.167204575729585,-86.67370734051411,1
cont_rastrigin_005,rastrigin,cont,800,med,"PSO_RING(p=40,ring,w=0.72,c1=1.49,c2=1.49)",PSO_RING,1,-72.869493245122,-86.67370734051411,1
cont_rastrigin_005,rastrigin,cont,800,med,"PSO_RING(p=40,ring,w=0.72,c1=1.49,c2=1.49)",PSO_RING,2,-47.49476253079456,-86.67370734051411,1
cont_rastrigin_005,rastrigin,cont,800,med,"DE(pop=20,F=0.8,CR=0.9)",DE,0,-60.86462741289619,-86.67370734051411,1
cont_rastrigin_005,rastrigin,cont,800,med,"DE(pop=20,F=0.8,CR=0.9)",DE,1,-93.99501049726793,-86.67370734051411,0
cont_rastrigin_005,rastrigin,cont,800,med,"DE(pop=20,F=0.8,CR=0.9)",DE,2,-82.51998798633909,-86.67370734051411,1
cont_rastrigin_005,rastrigin,cont,800,med,"DE(pop=40,F=0.8,CR=0.9)",DE,0,-94.64814380119705,-86.67370734051411,0
cont_rastrigin_005,rastrigin,cont,800,med,"DE(pop=40,F=0.8,CR=0.9)",DE,1,-87.96678999383035,-86.67370734051411,0
cont_rastrigin_005,rastrigin,cont,800,med,"DE(pop=40,F=0.8,CR=0.9)",DE,2,-67.91844138836294,-86.67370734051411,1
cont_rastrigin_005,rastrigin,cont,800,med,"ES_ML(mu=10,lam=40,sigma=0.3)",ES_ML,0,-31.69305187388747,-86.67370734051411,1
cont_rastrigin_005,rastrigin,cont,800,med,"ES_ML(mu=10,lam=40,sigma=0.3)",ES_ML,1,-47.5266979631417,-86.67370734051411,1
cont_rastrigin_005,rastrigin,cont,800,med,"ES_ML(mu=10,lam=40,sigma=0.3)",ES_ML,2,-44.15257037572307,-86.67370734051411,1
cont_rastrigin_005,rastrigin,cont,800,med,"ES_ML(mu=20,lam=80,sigma=0.2)",ES_ML,0,-34.646591230698476,-86.67370734051411,1
cont_rastrigin_005,rastrigin,cont,800,med,"ES_ML(mu=20,lam=80,sigma=0.2)",ES_ML,1,-33.259035704518666,-86.67370734051411,1
cont_rastrigin_005,rastrigin,cont,800,med,"ES_ML(mu=20,lam=80,sigma=0.2)",ES_ML,2,-32.620779404403535,-86.67370734051411,1
cont_rastrigin_005,rastrigin,cont,800,hard,RS_CONT,RS_CONT,0,-71.62663335229917,-85.47421300639894,1
cont_rastrigin_005,rastrigin,cont,800,hard,RS_CONT,RS_CONT,1,-99.40738311279222,-85.47421300639894,0
cont_rastrigin_005,rastrigin,cont,800,hard,RS_CONT,RS_CONT,2,-68.96459526634516,-85.47421300639894,1
cont_rastrigin_005,rastrigin,cont,800,hard,HC_CONT(sigma=0.2),HC_CONT,0,-103.77838937680639,-85.47421300639894,0
cont_rastrigin_005,rastrigin,cont,800,hard,HC_CONT(sigma=0.2),HC_CONT,1,-88.26632837652654,-85.47421300639894,0
cont_rastrigin_005,rastrigin,cont,800,hard,HC_CONT(sigma=0.2),HC_CONT,2,-121.34625565997662,-85.47421300639894,0
cont_rastrigin_005,rastrigin,cont,800,hard,"SA_CONT(sigma=0.3,T0=1.0,alpha=0.995)",SA_CONT,0,-162.34503918239778,-85.47421300639894,0
cont_rastrigin_005,rastrigin,cont,800,hard,"SA_CONT(sigma=0.3,T0=1.0,alpha=0.995)",SA_CONT,1,-106.70182613644307,-85.47421300639894,0
cont_rastrigin_005,rastrigin,cont,800,hard,"SA_CONT(sigma=0.3,T0=1.0,alpha=0.995)",SA_CONT,2,-105.10594003764213,-85.47421300639894,0
cont_rastrigin_005,rastrigin,cont,800,hard,"PSO_STD(p=20,w=0.72,c1=1.49,c2=1.49)",PSO_STD,0,-30.528209185305172,-85.47421300639894,1
cont_rastrigin_005,rastrigin,cont,800,hard,"PSO_STD(p=20,w=0.72,c1=1.49,c2=1.49)",PSO_STD,1,-44.60611001865458,-85.47421300639894,1
cont_rastrigin_005,rastrigin,cont,800,hard,"PSO_STD(p=20,w=0.72,c1=1.49,c2=1.49)",PSO_STD,2,-33.608103348782265,-85.47421300639894,1
cont_rastrigin_005,rastrigin,cont,800,hard,"PSO_STD(p=40,w=0.72,c1=1.49,c2=1.49)",PSO_STD,0,-59.63856527622881,-85.47421300639894,1
cont_rastrigin_005,rastrigin,cont,800,hard,"PSO_STD(p=40,w=0.72,c1=1.49,c2=1.49)",PSO_STD,1,-28.75779070823461,-85.47421300639894,1
cont_rastrigin_005,rastrigin,cont,800,hard,"PSO_STD(p=40,w=0.72,c1=1.49,c2=1.49)",PSO_STD,2,-61.38572331844995,-85.47421300639894,1
cont_rastrigin_005,rastrigin,cont,800,hard,"PSO_RING(p=20,ring,w=0.72,c1=1.49,c2=1.49)",PSO_RING,0,-43.0930779259357,-85.47421300639894,1
cont_rastrigin_005,rastrigin,cont,800,hard,"PSO_RING(p=20,ring,w=0.72,c1=1.49,c2=1.49)",PSO_RING,1,-63.61750117537553,-85.47421300639894,1
cont_rastrigin_005,rastrigin,cont,800,hard,"PSO_RING(p=20,ring,w=0.72,c1=1.49,c2=1.49)",PSO_RING,2,-56.76942422921655,-85.47421300639894,1
cont_rastrigin_005,rastrigin,cont,800,hard,"PSO_RING(p=40,ring,w=0.72,c1=1.49,c2=1.49)",PSO_RING,0,-72.59353021828801,-85.47421300639894,1
cont_rastrigin_005,rastrigin,cont,800,hard,"PSO_RING(p=40,ring,w=0.72,c1=1.49,c2=1.49)",PSO_RING,1,-70.97641418580058,-85.47421300639894,1
cont_rastrigin_005,rastrigin,cont,800,hard,"PSO_RING(p=40,ring,w=0.72,c1=1.49,c2=1.49)",PSO_RING,2,-72.3474800783635,-85.47421300639894,1
cont_rastrigin_005,rastrigin,cont,800,hard,"DE(pop=20,F=0.8,CR=0.9)",DE,0,-96.91211237677524,-85.47421300639894,0
cont_rastrigin_005,rastrigin,cont,800,hard,"DE(pop=20,F=0.8,CR=0.9)",DE,1,-64.57728668261328,-85.47421300639894,1
cont_rastrigin_005,rastrigin,cont,800,hard,"DE(pop=20,F=0.8,CR=0.9)",DE,2,-83.58847782190728,-85.47421300639894,1
cont_rastrigin_005,rastrigin,cont,800,hard,"DE(pop=40,F=0.8,CR=0.9)",DE,0,-92.9338436450607,-85.47421300639894,0
cont_rastrigin_005,rastrigin,cont,800,hard,"DE(pop=40,F=0.8,CR=0.9)",DE,1,-92.17000769299968,-85.47421300639894,0
cont_rastrigin_005,rastrigin,cont,800,hard,"DE(pop=40,F=0.8,CR=0.9)",DE,2,-103.83112524756417,-85.47421300639894,0
cont_rastrigin_005,rastrigin,cont,800,hard,"ES_ML(mu=10,lam=40,sigma=0.3)",ES_ML,0,-44.944878947333024,-85.47421300639894,1
cont_rastrigin_005,rastrigin,cont,800,hard,"ES_ML(mu=10,lam=40,sigma=0.3)",ES_ML,1,-46.15267118512155,-85.47421300639894,1
cont_rastrigin_005,rastrigin,cont,800,hard,"ES_ML(mu=10,lam=40,sigma=0.3)",ES_ML,2,-43.7015189639134,-85.47421300639894,1
cont_rastrigin_005,rastrigin,cont,800,hard,"ES_ML(mu=20,lam=80,sigma=0.2)",ES_ML,0,-28.008414711414844,-85.47421300639894,1
cont_rastrigin_005,rastrigin,cont,800,hard,"ES_ML(mu=20,lam=80,sigma=0.2)",ES_ML,1,-21.83516506972738,-85.47421300639894,1
cont_rastrigin_005,rastrigin,cont,800,hard,"ES_ML(mu=20,lam=80,sigma=0.2)",ES_ML,2,-20.131744139808035,-85.47421300639894,1
cont_sphere_006,sphere,cont,300,easy,RS_CONT,RS_CONT,0,-25.38458981191679,-27.60285616773777,1
cont_sphere_006,sphere,cont,300,easy,RS_CONT,RS_CONT,1,-30.123854943115155,-27.60285616773777,0
cont_sphere_006,sphere,cont,300,easy,RS_CONT,RS_CONT,2,-25.385114944100245,-27.60285616773777,1
cont_sphere_006,sphere,cont,300,easy,HC_CONT(sigma=0.2),HC_CONT,0,-0.21641086390658038,-27.60285616773777,1
cont_sphere_006,sphere,cont,300,easy,HC_CONT(sigma=0.2),HC_CONT,1,-0.15025440117895714,-27.60285616773777,1
cont_sphere_006,sphere,cont,300,easy,HC_CONT(sigma=0.2),HC_CONT,2,-0.05063791347032944,-27.60285616773777,1
cont_sphere_006,sphere,cont,300,easy,"SA_CONT(sigma=0.3,T0=1.0,alpha=0.995)",SA_CONT,0,-0.6044853652348106,-27.60285616773777,1
cont_sphere_006,sphere,cont,300,easy,"SA_CONT(sigma=0.3,T0=1.0,alpha=0.995)",SA_CONT,1,-0.43619911062237776,-27.60285616773777,1
cont_sphere_006,sphere,cont,300,easy,"SA_CONT(sigma=0.3,T0=1.0,alpha=0.995)",SA_CONT,2,-0.48189080490701863,-27.60285616773777,1
cont_sphere_006,sphere,cont,300,easy,"PSO_STD(p=20,w=0.72,c1=1.49,c2=1.49)",PSO_STD,0,-4.527547037578282,-27.60285616773777,1
cont_sphere_006,sphere,cont,300,easy,"PSO_STD(p=20,w=0.72,c1=1.49,c2=1.49)",PSO_STD,1,-2.7751956680692076,-27.60285616773777,1
cont_sphere_006,sphere,cont,300,easy,"PSO_STD(p=20,w=0.72,c1=1.49,c2=1.49)",PSO_STD,2,-2.8357536290622205,-27.60285616773777,1
cont_sphere_006,sphere,cont,300,easy,"PSO_STD(p=40,w=0.72,c1=1.49,c2=1.49)",PSO_STD,0,-5.2633694353191585,-27.60285616773777,1
cont_sphere_006,sphere,cont,300,easy,"PSO_STD(p=40,w=0.72,c1=1.49,c2=1.49)",PSO_STD,1,-9.9771873966219,-27.60285616773777,1
cont_sphere_006,sphere,cont,300,easy,"PSO_STD(p=40,w=0.72,c1=1.49,c2=1.49)",PSO_STD,2,-2.199518801391299,-27.60285616773777,1
cont_sphere_006,sphere,cont,300,easy,"PSO_RING(p=20,ring,w=0.72,c1=1.49,c2=1.49)",PSO_RING,0,-7.560293494261848,-27.60285616773777,1
cont_sphere_006,sphere,cont,300,easy,"PSO_RING(p=20,ring,w=0.72,c1=1.49,c2=1.49)",PSO_RING,1,-9.194058266436807,-27.60285616773777,1
cont_sphere_006,sphere,cont,300,easy,"PSO_RING(p=20,ring,w=0.72,c1=1.49,c2=1.49)",PSO_RING,2,-14.409065409737718,-27.60285616773777,1
cont_sphere_006,sphere,cont,300,easy,"PSO_RING(p=40,ring,w=0.72,c1=1.49,c2=1.49)",PSO_RING,0,-16.134601511809493,-27.60285616773777,1
cont_sphere_006,sphere,cont,300,easy,"PSO_RING(p=40,ring,w=0.72,c1=1.49,c2=1.49)",PSO_RING,1,-8.320547008308415,-27.60285616773777,1
cont_sphere_006,sphere,cont,300,easy,"PSO_RING(p=40,ring,w=0.72,c1=1.49,c2=1.49)",PSO_RING,2,-11.1324989381226,-27.60285616773777,1
cont_sphere_006,sphere,cont,300,easy,"DE(pop=20,F=0.8,CR=0.9)",DE,0,-4.134712706469497,-27.60285616773777,1
cont_sphere_006,sphere,cont,300,easy,"DE(pop=20,F=0.8,CR=0.9)",DE,1,-24.965892661420988,-27.60285616773777,1
cont_sphere_006,sphere,cont,300,easy,"DE(pop=20,F=0.8,CR=0.9)",DE,2,-9.56693408279878,-27.60285616773777,1
cont_sphere_006,sphere,cont,300,easy,"DE(pop=40,F=0.8,CR=0.9)",DE,0,-30.33043452469561,-27.60285616773777,0
cont_sphere_006,sphere,cont,300,easy,"DE(pop=40,F=0.8,CR=0.9)",DE,1,-17.06355297374355,-27.60285616773777,1
cont_sphere_006,sphere,cont,300,easy,"DE(pop=40,F=0.8,CR=0.9)",DE,2,-34.43974142832365,-27.60285616773777,0
cont_sphere_006,sphere,cont,300,easy,"ES_ML(mu=10,lam=40,sigma=0.3)",ES_ML,0,-0.2487240710809129,-27.60285616773777,1
cont_sphere_006,sphere,cont,300,easy,"ES_ML(mu=10,lam=40,sigma=0.3)",ES_ML,1,-0.638813545134343,-27.60285616773777,1
cont_sphere_006,sphere,cont,300,easy,"ES_ML(mu=10,lam=40,sigma=0.3)",ES_ML,2,-0.40166999649290375,-27.60285616773777,1
cont_sphere_006,sphere,cont,300,easy,"ES_ML(mu=20,lam=80,sigma=0.2)",ES_ML,0,-1.0575848362921545,-27.60285616773777,1
cont_sphere_006,sphere,cont,300,easy,"ES_ML(mu=20,lam=80,sigma=0.2)",ES_ML,1,-1.0826971891456691,-27.60285616773777,1
cont_sphere_006,sphere,cont,300,easy,"ES_ML(mu=20,lam=80,sigma=0.2)",ES_ML,2,-1.2162236375509565,-27.60285616773777,1
cont_sphere_006,sphere,cont,300,med,RS_CONT,RS_CONT,0,-21.164027417068013,-19.938970673525294,0
cont_sphere_006,sphere,cont,300,med,RS_CONT,RS_CONT,1,-23.0754030831018,-19.938970673525294,0
cont_sphere_006,sphere,cont,300,med,RS_CONT,RS_CONT,2,-29.243978344171484,-19.938970673525294,0
cont_sphere_006,sphere,cont,300,med,HC_CONT(sigma=0.2),HC_CONT,0,-0.15911220499095446,-19.938970673525294,1
cont_sphere_006,sphere,cont,300,med,HC_CONT(sigma=0.2),HC_CONT,1,-0.14782149227635105,-19.938970673525294,1
cont_sphere_006,sphere,cont,300,med,HC_CONT(sigma=0.2),HC_CONT,2,-0.10169303460799758,-19.938970673525294,1
cont_sphere_006,sphere,cont,300,med,"SA_CONT(sigma=0.3,T0=1.0,alpha=0.995)",SA_CONT,0,-0.8719610877490029,-19.938970673525294,1
cont_sphere_006,sphere,cont,300,med,"SA_CONT(sigma=0.3,T0=1.0,alpha=0.995)",SA_CONT,1,-0.7767452128530111,-19.938970673525294,1
cont_sphere_006,sphere,cont,300,med,"SA_CONT(sigma=0.3,T0=1.0,alpha=0.995)",SA_CONT,2,-0.4370278280201289,-19.938970673525294,1
cont_sphere_006,sphere,cont,300,med,"PSO_STD(p=20,w=0.72,c1=1.49,c2=1.49)",PSO_STD,0,-2.3563511342742904,-19.938970673525294,1
cont_sphere_006,sphere,cont,300,med,"PSO_STD(p=20,w=0.72,c1=1.49,c2=1.49)",PSO_STD,1,-0.9567432842666821,-19.938970673525294,1
cont_sphere_006,sphere,cont,300,med,"PSO_STD(p=20,w=0.72,c1=1.49,c2=1.49)",PSO_STD,2,-2.6018704628116227,-19.938970673525294,1
cont_sphere_006,sphere,cont,300,med,"PSO_STD(p=40,w=0.72,c1=1.49,c2=1.49)",PSO_STD,0,-8.429008262288331,-19.938970673525294,1
cont_sphere_006,sphere,cont,300,med,"PSO_STD(p=40,w=0.72,c1=1.49,c2=1.49)",PSO_STD,1,-5.1184986991981685,-19.938970673525294,1
cont_sphere_006,sphere,cont,300,med,"PSO_STD(p=40,w=0.72,c1=1.49,c2=1.49)",PSO_STD,2,-4.620004733294885,-19.938970673525294,1
cont_sphere_006,sphere,cont,300,med,"PSO_RING(p=20,ring,w=0.72,c1=1.49,c2=1.49)",PSO_RING,0,-8.529408905817176,-19.938970673525294,1
cont_sphere_006,sphere,cont,300,med,"PSO_RING(p=20,ring,w=0.72,c1=1.49,c2=1.49)",PSO_RING,1,-4.3401916102500895,-19.938970673525294,1
cont_sphere_006,sphere,cont,300,med,"PSO_RING(p=20,ring,w=0.72,c1=1.49,c2=1.49)",PSO_RING,2,-4.910897291581053,-19.938970673525294,1
cont_sphere_006,sphere,cont,300,med,"PSO_RING(p=40,ring,w=0.72,c1=1.49,c2=1.49)",PSO_RING,0,-15.87865411145455,-19.938970673525294,1
cont_sphere_006,sphere,cont,300,med,"PSO_RING(p=40,ring,w=0.72,c1=1.49,c2=1.49)",PSO_RING,1,-13.239208151332384,-19.938970673525294,1
cont_sphere_006,sphere,cont,300,med,"PSO_RING(p=40,ring,w=0.72,c1=1.49,c2=1.49)",PSO_RING,2,-15.707054796280152,-19.938970673525294,1
cont_sphere_006,sphere,cont,300,med,"DE(pop=20,F=0.8,CR=0.9)",DE,0,-20.352218995425986,-19.938970673525294,0
cont_sphere_006,sphere,cont,300,med,"DE(pop=20,F=0.8,CR=0.9)",DE,1,-24.262054711545026,-19.938970673525294,0
cont_sphere_006,sphere,cont,300,med,"DE(pop=20,F=0.8,CR=0.9)",DE,2,-22.386069789019107,-19.938970673525294,0
cont_sphere_006,sphere,cont,300,med,"DE(pop=40,F=0.8,CR=0.9)",DE,0,-21.920771883499565,-19.938970673525294,0
cont_sphere_006,sphere,cont,300,med,"DE(pop=40,F=0.8,CR=0.9)",DE,1,-32.109707847509675,-19.938970673525294,0
cont_sphere_006,sphere,cont,300,med,"DE(pop=40,F=0.8,CR=0.9)",DE,2,-39.54017749259779,-19.938970673525294,0
cont_sphere_006,sphere,cont,300,med,"ES_ML(mu=10,lam=40,sigma=0.3)",ES_ML,0,-0.9348856636362497,-19.938970673525294,1
cont_sphere_006,sphere,cont,300,med,"ES_ML(mu=10,lam=40,sigma=0.3)",ES_ML,1,-1.5371517216801371,-19.938970673525294,1
cont_sphere_006,sphere,cont,300,med,"ES_ML(mu=10,lam=40,sigma=0.3)",ES_ML,2,-0.7668959481396196,-19.938970673525294,1
cont_sphere_006,sphere,cont,300,med,"ES_ML(mu=20,lam=80,sigma=0.2)",ES_ML,0,-0.9914976517205503,-19.938970673525294,1
cont_sphere_006,sphere,cont,300,med,"ES_ML(mu=20,lam=80,sigma=0.2)",ES_ML,1,-1.2645599387413715,-19.938970673525294,1
cont_sphere_006,sphere,cont,300,med,"ES_ML(mu=20,lam=80,sigma=0.2)",ES_ML,2,-1.1591174695827897,-19.938970673525294,1
cont_sphere_006,sphere,cont,300,hard,RS_CONT,RS_CONT,0,-28.79219186945579,-17.37194872073161,0
cont_sphere_006,sphere,cont,300,hard,RS_CONT,RS_CONT,1,-31.53327341566507,-17.37194872073161,0
cont_sphere_006,sphere,cont,300,hard,RS_CONT,RS_CONT,2,-24.152531819583487,-17.37194872073161,0
cont_sphere_006,sphere,cont,300,hard,HC_CONT(sigma=0.2),HC_CONT,0,-0.08488830859747096,-17.37194872073161,1
cont_sphere_006,sphere,cont,300,hard,HC_CONT(sigma=0.2),HC_CONT,1,-0.07036629760999177,-17.37194872073161,1
cont_sphere_006,sphere,cont,300,hard,HC_CONT(sigma=0.2),HC_CONT,2,-0.244364559733177,-17.37194872073161,1
cont_sphere_006,sphere,cont,300,hard,"SA_CONT(sigma=0.3,T0=1.0,alpha=0.995)",SA_CONT,0,-1.1484134155607604,-17.37194872073161,1
cont_sphere_006,sphere,cont,300,hard,"SA_CONT(sigma=0.3,T0=1.0,alpha=0.995)",SA_CONT,1,-0.782177054672339,-17.37194872073161,1
cont_sphere_006,sphere,cont,300,hard,"SA_CONT(sigma=0.3,T0=1.0,alpha=0.995)",SA_CONT,2,-0.49536787306690416,-17.37194872073161,1
cont_sphere_006,sphere,cont,300,hard,"PSO_STD(p=20,w=0.72,c1=1.49,c2=1.49)",PSO_STD,0,-4.471390160412156,-17.37194872073161,1
cont_sphere_006,sphere,cont,300,hard,"PSO_STD(p=20,w=0.72,c1=1.49,c2=1.49)",PSO_STD,1,-1.6595028419891873,-17.37194872073161,1
cont_sphere_006,sphere,cont,300,hard,"PSO_STD(p=20,w=0.72,c1=1.49,c2=1.49)",PSO_STD,2,-2.3346820778866655,-17.37194872073161,1
cont_sphere_006,sphere,cont,300,hard,"PSO_STD(p=40,w=0.72,c1=1.49,c2=1.49)",PSO_STD,0,-3.4711520442162542,-17.37194872073161,1
cont_sphere_006,sphere,cont,300,hard,"PSO_STD(p=40,w=0.72,c1=1.49,c2=1.49)",PSO_STD,1,-6.517579028595844,-17.37194872073161,1
cont_sphere_006,sphere,cont,300,hard,"PSO_STD(p=40,w=0.72,c1=1.49,c2=1.49)",PSO_STD,2,-7.018261708285921,-17.37194872073161,1
cont_sphere_006,sphere,cont,300,hard,"PSO_RING(p=20,ring,w=0.72,c1=1.49,c2=1.49)",PSO_RING,0,-10.898701149015018,-17.37194872073161,1
cont_sphere_006,sphere,cont,300,hard,"PSO_RING(p=20,ring,w=0.72,c1=1.49,c2=1.49)",PSO_RING,1,-2.7729832865522113,-17.37194872073161,1
cont_sphere_006,sphere,cont,300,hard,"PSO_RING(p=20,ring,w=0.72,c1=1.49,c2=1.49)",PSO_RING,2,-13.520955935260242,-17.37194872073161,1
cont_sphere_006,sphere,cont,300,hard,"PSO_RING(p=40,ring,w=0.72,c1=1.49,c2=1.49)",PSO_RING,0,-20.08563777476027,-17.37194872073161,0
cont_sphere_006,sphere,cont,300,hard,"PSO_RING(p=40,ring,w=0.72,c1=1.49,c2=1.49)",PSO_RING,1,-6.766966955809979,-17.37194872073161,1
cont_sphere_006,sphere,cont,300,hard,"PSO_RING(p=40,ring,w=0.72,c1=1.49,c2=1.49)",PSO_RING,2,-11.629042457793172,-17.37194872073161,1
cont_sphere_006,sphere,cont,300,hard,"DE(pop=20,F=0.8,CR=0.9)",DE,0,-17.880581629004375,-17.37194872073161,0
cont_sphere_006,sphere,cont,300,hard,"DE(pop=20,F=0.8,CR=0.9)",DE,1,-24.16648773408395,-17.37194872073161,0
cont_sphere_006,sphere,cont,300,hard,"DE(pop=20,F=0.8,CR=0.9)",DE,2,-28.627266638041185,-17.37194872073161,0
cont_sphere_006,sphere,cont,300,hard,"DE(pop=40,F=0.8,CR=0.9)",DE,0,-31.883116518733203,-17.37194872073161,0
cont_sphere_006,sphere,cont,300,hard,"DE(pop=40,F=0.8,CR=0.9)",DE,1,-14.922610596099581,-17.37194872073161,1
cont_sphere_006,sphere,cont,300,hard,"DE(pop=40,F=0.8,CR=0.9)",DE,2,-31.735313235500808,-17.37194872073161,0
cont_sphere_006,sphere,cont,300,hard,"ES_ML(mu=10,lam=40,sigma=0.3)",ES_ML,0,-0.9194128977385905,-17.37194872073161,1
cont_sphere_006,sphere,cont,300,hard,"ES_ML(mu=10,lam=40,sigma=0.3)",ES_ML,1,-0.8349238447515741,-17.37194872073161,1
cont_sphere_006,sphere,cont,300,hard,"ES_ML(mu=10,lam=40,sigma=0.3)",ES_ML,2,-1.58208547073728,-17.37194872073161,1
cont_sphere_006,sphere,cont,300,hard,"ES_ML(mu=20,lam=80,sigma=0.2)",ES_ML,0,-1.6663024562153255,-17.37194872073161,1
cont_sphere_006,sphere,cont,300,hard,"ES_ML(mu=20,lam=80,sigma=0.2)",ES_ML,1,-1.632260385992513,-17.37194872073161,1
cont_sphere_006,sphere,cont,300,hard,"ES_ML(mu=20,lam=80,sigma=0.2)",ES_ML,2,-0.5774160248042205,-17.37194872073161,1
cont_sphere_006,sphere,cont,800,easy,RS_CONT,RS_CONT,0,-25.9907664685632,-22.989246525684802,0
cont_sphere_006,sphere,cont,800,easy,RS_CONT,RS_CONT,1,-26.429689688185988,-22.989246525684802,0
cont_sphere_006,sphere,cont,800,easy,RS_CONT,RS_CONT,2,-20.431694621074033,-22.989246525684802,1
cont_sphere_006,sphere,cont,800,easy,HC_CONT(sigma=0.2),HC_CONT,0,-0.09826937894935574,-22.989246525684802,1
cont_sphere_006,sphere,cont,800,easy,HC_CONT(sigma=0.2),HC_CONT,1,-0.07935490676581328,-22.989246525684802,1
cont_sphere_006,sphere,cont,800,easy,HC_CONT(sigma=0.2),HC_CONT,2,-0.06768622474547337,-22.989246525684802,1
cont_sphere_006,sphere,cont,800,easy,"SA_CONT(sigma=0.3,T0=1.0,alpha=0.995)",SA_CONT,0,-0.1780766886724184,-22.989246525684802,1
cont_sphere_006,sphere,cont,800,easy,"SA_CONT(sigma=0.3,T0=1.0,alpha=0.995)",SA_CONT,1,-0.2694474594796904,-22.989246525684802,1
cont_sphere_006,sphere,cont,800,easy,"SA_CONT(sigma=0.3,T0=1.0,alpha=0.995)",SA_CONT,2,-0.16842305309584815,-22.989246525684802,1
cont_sphere_006,sphere,cont,800,easy,"PSO_STD(p=20,w=0.72,c1=1.49,c2=1.49)",PSO_STD,0,-0.19466571511305406,-22.989246525684802,1
cont_sphere_006,sphere,cont,800,easy,"PSO_STD(p=20,w=0.72,c1=1.49,c2=1.49)",PSO_STD,1,-0.19648762498224842,-22.989246525684802,1
cont_sphere_006,sphere,cont,800,easy,"PSO_STD(p=20,w=0.72,c1=1.49,c2=1.49)",PSO_STD,2,-0.18033159167940538,-22.989246525684802,1
cont_sphere_006,sphere,cont,800,easy,"PSO_STD(p=40,w=0.72,c1=1.49,c2=1.49)",PSO_STD,0,-0.8060769780209991,-22.989246525684802,1
cont_sphere_006,sphere,cont,800,easy,"PSO_STD(p=40,w=0.72,c1=1.49,c2=1.49)",PSO_STD,1,-1.3562809237943487,-22.989246525684802,1
cont_sphere_006,sphere,cont,800,easy,"PSO_STD(p=40,w=0.72,c1=1.49,c2=1.49)",PSO_STD,2,-1.083101355501298,-22.989246525684802,1
cont_sphere_006,sphere,cont,800,easy,"PSO_RING(p=20,ring,w=0.72,c1=1.49,c2=1.49)",PSO_RING,0,-1.4098710384992776,-22.989246525684802,1
cont_sphere_006,sphere,cont,800,easy,"PSO_RING(p=20,ring,w=0.72,c1=1.49,c2=1.49)",PSO_RING,1,-0.4478165679706208,-22.989246525684802,1
cont_sphere_006,sphere,cont,800,easy,"PSO_RING(p=20,ring,w=0.72,c1=1.49,c2=1.49)",PSO_RING,2,-0.47116633301736804,-22.989246525684802,1
cont_sphere_006,sphere,cont,800,easy,"PSO_RING(p=40,ring,w=0.72,c1=1.49,c2=1.49)",PSO_RING,0,-4.884537951279804,-22.989246525684802,1
cont_sphere_006,sphere,cont,800,easy,"PSO_RING(p=40,ring,w=0.72,c1=1.49,c2=1.49)",PSO_RING,1,-4.9349967041418905,-22.989246525684802,1
cont_sphere_006,sphere,cont,800,easy,"PSO_RING(p=40,ring,w=0.72,c1=1.49,c2=1.49)",PSO_RING,2,-6.927617234560762,-22.989246525684802,1
cont_sphere_006,sphere,cont,800,easy,"DE(pop=20,F=0.8,CR=0.9)",DE,0,-6.125867393652896,-22.989246525684802,1
cont_sphere_006,sphere,cont,800,easy,"DE(pop=20,F=0.8,CR=0.9)",DE,1,-5.953390836569181,-22.989246525684802,1
cont_sphere_006,sphere,cont,800,easy,"DE(pop=20,F=0.8,CR=0.9)",DE,2,-12.5641392318965,-22.989246525684802,1
cont_sphere_006,sphere,cont,800,easy,"DE(pop=40,F=0.8,CR=0.9)",DE,0,-16.81742581079189,-22.989246525684802,1
cont_sphere_006,sphere,cont,800,easy,"DE(pop=40,F=0.8,CR=0.9)",DE,1,-15.393735993979963,-22.989246525684802,1
cont_sphere_006,sphere,cont,800,easy,"DE(pop=40,F=0.8,CR=0.9)",DE,2,-18.727947752082144,-22.989246525684802,1
cont_sphere_006,sphere,cont,800,easy,"ES_ML(mu=10,lam=40,sigma=0.3)",ES_ML,0,-0.26563942722185074,-22.989246525684802,1
cont_sphere_006,sphere,cont,800,easy,"ES_ML(mu=10,lam=40,sigma=0.3)",ES_ML,1,-0.26955016929616066,-22.989246525684802,1
cont_sphere_006,sphere,cont,800,easy,"ES_ML(mu=10,lam=40,sigma=0.3)",ES_ML,2,-0.15665877680885257,-22.989246525684802,1
cont_sphere_006,sphere,cont,800,easy,"ES_ML(mu=20,lam=80,sigma=0.2)",ES_ML,0,-0.12096154761021409,-22.989246525684802,1
cont_sphere_006,sphere,cont,800,easy,"ES_ML(mu=20,lam=80,sigma=0.2)",ES_ML,1,-0.14650145178048085,-22.989246525684802,1
cont_sphere_006,sphere,cont,800,easy,"ES_ML(mu=20,lam=80,sigma=0.2)",ES_ML,2,-0.1762645531861431,-22.989246525684802,1
cont_sphere_006,sphere,cont,800,med,RS_CONT,RS_CONT,0,-28.514516202008053,-20.15529097651736,0
cont_sphere_006,sphere,cont,800,med,RS_CONT,RS_CONT,1,-23.473684124276097,-20.15529097651736,0
cont_sphere_006,sphere,cont,800,med,RS_CONT,RS_CONT,2,-26.89746958623307,-20.15529097651736,0
cont_sphere_006,sphere,cont,800,med,HC_CONT(sigma=0.2),HC_CONT,0,-0.05316543628966205,-20.15529097651736,1
cont_sphere_006,sphere,cont,800,med,HC_CONT(sigma=0.2),HC_CONT,1,-0.053994097129787026,-20.15529097651736,1
cont_sphere_006,sphere,cont,800,med,HC_CONT(sigma=0.2),HC_CONT,2,-0.08377218101344429,-20.15529097651736,1
cont_sphere_006,sphere,cont,800,med,"SA_CONT(sigma=0.3,T0=1.0,alpha=0.995)",SA_CONT,0,-0.3142291467030464,-20.15529097651736,1
cont_sphere_006,sphere,cont,800,med,"SA_CONT(sigma=0.3,T0=1.0,alpha=0.995)",SA_CONT,1,-0.31412502108650875,-20.15529097651736,1
cont_sphere_006,sphere,cont,800,med,"SA_CONT(sigma=0.3,T0=1.0,alpha=0.995)",SA_CONT,2,-0.2141237861663353,-20.15529097651736,1
cont_sphere_006,sphere,cont,800,med,"PSO_STD(p=20,w=0.72,c1=1.49,c2=1.49)",PSO_STD,0,-0.26380890641087185,-20.15529097651736,1
cont_sphere_006,sphere,cont,800,med,"PSO_STD(p=20,w=0.72,c1=1.49,c2=1.49)",PSO_STD,1,-0.04306877354672314,-20.15529097651736,1
cont_sphere_006,sphere,cont,800,med,"PSO_STD(p=20,w=0.72,c1=1.49,c2=1.49)",PSO_STD,2,-0.039530600666782836,-20.15529097651736,1
cont_sphere_006,sphere,cont,800,med,"PSO_STD(p=40,w=0.72,c1=1.49,c2=1.49)",PSO_STD,0,-1.0652315702050117,-20.15529097651736,1
cont_sphere_006,sphere,cont,800,med,"PSO_STD(p=40,w=0.72,c1=1.49,c2=1.49)",PSO_STD,1,-0.3731670423999073,-20.15529097651736,1
cont_sphere_006,sphere,cont,800,med,"PSO_STD(p=40,w=0.72,c1=1.49,c2=1.49)",PSO_STD,2,-2.078702711487584,-20.15529097651736,1
cont_sphere_006,sphere,cont,800,med,"PSO_RING(p=20,ring,w=0.72,c1=1.49,c2=1.49)",PSO_RING,0,-0.8334988858275423,-20.15529097651736,1
cont_sphere_006,sphere,cont,800,med,"PSO_RING(p=20,ring,w=0.72,c1=1.49,c2=1.49)",PSO_RING,1,-0.8661619409058509,-20.15529097651736,1
cont_sphere_006,sphere,cont,800,med,"PSO_RING(p=20,ring,w=0.72,c1=1.49,c2=1.49)",PSO_RING,2,-1.293713490892454,-20.15529097651736,1
cont_sphere_006,sphere,cont,800,med,"PSO_RING(p=40,ring,w=0.72,c1=1.49,c2=1.49)",PSO_RING,0,-4.014405813270765,-20.15529097651736,1
cont_sphere_006,sphere,cont,800,med,"PSO_RING(p=40,ring,w=0.72,c1=1.49,c2=1.49)",PSO_RING,1,-5.961809214552749,-20.15529097651736,1
cont_sphere_006,sphere,cont,800,med,"PSO_RING(p=40,ring,w=0.72,c1=1.49,c2=1.49)",PSO_RING,2,-4.448749400545106,-20.15529097651736,1
cont_sphere_006,sphere,cont,800,med,"DE(pop=20,F=0.8,CR=0.9)",DE,0,-8.441362142101283,-20.15529097651736,1
cont_sphere_006,sphere,cont,800,med,"DE(pop=20,F=0.8,CR=0.9)",DE,1,-7.133356548193116,-20.15529097651736,1
cont_sphere_006,sphere,cont,800,med,"DE(pop=20,F=0.8,CR=0.9)",DE,2,-6.467847328614915,-20.15529097651736,1
cont_sphere_006,sphere,cont,800,med,"DE(pop=40,F=0.8,CR=0.9)",DE,0,-18.889023098016793,-20.15529097651736,1
cont_sphere_006,sphere,cont,800,med,"DE(pop=40,F=0.8,CR=0.9)",DE,1,-7.622000126135964,-20.15529097651736,1
cont_sphere_006,sphere,cont,800,med,"DE(pop=40,F=0.8,CR=0.9)",DE,2,-13.20851148835029,-20.15529097651736,1
cont_sphere_006,sphere,cont,800,med,"ES_ML(mu=10,lam=40,sigma=0.3)",ES_ML,0,-0.20995313596506734,-20.15529097651736,1
cont_sphere_006,sphere,cont,800,med,"ES_ML(mu=10,lam=40,sigma=0.3)",ES_ML,1,-0.16956029209174578,-20.15529097651736,1
cont_sphere_006,sphere,cont,800,med,"ES_ML(mu=10,lam=40,sigma=0.3)",ES_ML,2,-0.19792080340479587,-20.15529097651736,1
cont_sphere_006,sphere,cont,800,med,"ES_ML(mu=20,lam=80,sigma=0.2)",ES_ML,0,-0.14899542700153415,-20.15529097651736,1
cont_sphere_006,sphere,cont,800,med,"ES_ML(mu=20,lam=80,sigma=0.2)",ES_ML,1,-0.1534319715159247,-20.15529097651736,1
cont_sphere_006,sphere,cont,800,med,"ES_ML(mu=20,lam=80,sigma=0.2)",ES_ML,2,-0.19589891675267151,-20.15529097651736,1
cont_sphere_006,sphere,cont,800,hard,RS_CONT,RS_CONT,0,-25.82880318624843,-18.850209260839478,0
cont_sphere_006,sphere,cont,800,hard,RS_CONT,RS_CONT,1,-22.194005161364043,-18.850209260839478,0
cont_sphere_006,sphere,cont,800,hard,RS_CONT,RS_CONT,2,-20.078579673012563,-18.850209260839478,0
cont_sphere_006,sphere,cont,800,hard,HC_CONT(sigma=0.2),HC_CONT,0,-0.0764407431725638,-18.850209260839478,1
cont_sphere_006,sphere,cont,800,hard,HC_CONT(sigma=0.2),HC_CONT,1,-0.107449466851596,-18.850209260839478,1
cont_sphere_006,sphere,cont,800,hard,HC_CONT(sigma=0.2),HC_CONT,2,-0.1384936103812831,-18.850209260839478,1
cont_sphere_006,sphere,cont,800,hard,"SA_CONT(sigma=0.3,T0=1.0,alpha=0.995)",SA_CONT,0,-0.34045388711168584,-18.850209260839478,1
cont_sphere_006,sphere,cont,800,hard,"SA_CONT(sigma=0.3,T0=1.0,alpha=0.995)",SA_CONT,1,-0.20166158296626077,-18.850209260839478,1
cont_sphere_006,sphere,cont,800,hard,"SA_CONT(sigma=0.3,T0=1.0,alpha=0.995)",SA_CONT,2,-0.22796460374332275,-18.850209260839478,1
cont_sphere_006,sphere,cont,800,hard,"PSO_STD(p=20,w=0.72,c1=1.49,c2=1.49)",PSO_STD,0,-0.1326175755557494,-18.850209260839478,1
cont_sphere_006,sphere,cont,800,hard,"PSO_STD(p=20,w=0.72,c1=1.49,c2=1.49)",PSO_STD,1,-0.32536441972100216,-18.850209260839478,1
cont_sphere_006,sphere,cont,800,hard,"PSO_STD(p=20,w=0.72,c1=1.49,c2=1.49)",PSO_STD,2,-0.1723225440480647,-18.850209260839478,1
cont_sphere_006,sphere,cont,800,hard,"PSO_STD(p=40,w=0.72,c1=1.49,c2=1.49)",PSO_STD,0,-1.3217112833742426,-18.850209260839478,1
cont_sphere_006,sphere,cont,800,hard,"PSO_STD(p=40,w=0.72,c1=1.49,c2=1.49)",PSO_STD,1,-1.0840260301412246,-18.850209260839478,1
cont_sphere_006,sphere,cont,800,hard,"PSO_STD(p=40,w=0.72,c1=1.49,c2=1.49)",PSO_STD,2,-1.5447828081908443,-18.850209260839478,1
cont_sphere_006,sphere,cont,800,hard,"PSO_RING(p=20,ring,w=0.72,c1=1.49,c2=1.49)",PSO_RING,0,-1.180345340491148,-18.850209260839478,1
cont_sphere_006,sphere,cont,800,hard,"PSO_RING(p=20,ring,w=0.72,c1=1.49,c2=1.49)",PSO_RING,1,-1.4709596382951762,-18.850209260839478,1
cont_sphere_006,sphere,cont,800,hard,"PSO_RING(p=20,ring,w=0.72,c1=1.49,c2=1.49)",PSO_RING,2,-0.747093254014691,-18.850209260839478,1
cont_sphere_006,sphere,cont,800,hard,"PSO_RING(p=40,ring,w=0.72,c1=1.49,c2=1.49)",PSO_RING,0,-5.402305421026902,-18.850209260839478,1
cont_sphere_006,sphere,cont,800,hard,"PSO_RING(p=40,ring,w=0.72,c1=1.49,c2=1.49)",PSO_RING,1,-7.012485964574548,-18.850209260839478,1
cont_sphere_006,sphere,cont,800,hard,"PSO_RING(p=40,ring,w=0.72,c1=1.49,c2=1.49)",PSO_RING,2,-2.0707571062974552,-18.850209260839478,1
cont_sphere_006,sphere,cont,800,hard,"DE(pop=20,F=0.8,CR=0.9)",DE,0,-7.9238992805239885,-18.850209260839478,1
cont_sphere_006,sphere,cont,800,hard,"DE(pop=20,F=0.8,CR=0.9)",DE,1,-7.985675579467814,-18.850209260839478,1
cont_sphere_006,sphere,cont,800,hard,"DE(pop=20,F=0.8,CR=0.9)",DE,2,-10.017253209343611,-18.850209260839478,1
cont_sphere_006,sphere,cont,800,hard,"DE(pop=40,F=0.8,CR=0.9)",DE,0,-16.782657700581673,-18.850209260839478,1
cont_sphere_006,sphere,cont,800,hard,"DE(pop=40,F=0.8,CR=0.9)",DE,1,-10.978641040650372,-18.850209260839478,1
cont_sphere_006,sphere,cont,800,hard,"DE(pop=40,F=0.8,CR=0.9)",DE,2,-12.186562002055982,-18.850209260839478,1
cont_sphere_006,sphere,cont,800,hard,"ES_ML(mu=10,lam=40,sigma=0.3)",ES_ML,0,-0.27706964522029176,-18.850209260839478,1
cont_sphere_006,sphere,cont,800,hard,"ES_ML(mu=10,lam=40,sigma=0.3)",ES_ML,1,-0.25579097676807794,-18.850209260839478,1
cont_sphere_006,sphere,cont,800,hard,"ES_ML(mu=10,lam=40,sigma=0.3)",ES_ML,2,-0.16666483964016235,-18.850209260839478,1
cont_sphere_006,sphere,cont,800,hard,"ES_ML(mu=20,lam=80,sigma=0.2)",ES_ML,0,-0.12656645315897164,-18.850209260839478,1
cont_sphere_006,sphere,cont,800,hard,"ES_ML(mu=20,lam=80,sigma=0.2)",ES_ML,1,-0.19254229530291686,-18.850209260839478,1
cont_sphere_006,sphere,cont,800,hard,"ES_ML(mu=20,lam=80,sigma=0.2)",ES_ML,2,-0.1157773478796693,-18.850209260839478,1
cont_rastrigin_007,rastrigin,cont,300,easy,RS_CONT,RS_CONT,0,-89.15888695883167,-96.79261220334269,1
cont_rastrigin_007,rastrigin,cont,300,easy,RS_CONT,RS_CONT,1,-100.77789927043736,-96.79261220334269,0
cont_rastrigin_007,rastrigin,cont,300,easy,RS_CONT,RS_CONT,2,-99.29433855742934,-96.79261220334269,0
cont_rastrigin_007,rastrigin,cont,300,easy,HC_CONT(sigma=0.2),HC_CONT,0,-101.48259772067729,-96.79261220334269,0
cont_rastrigin_007,rastrigin,cont,300,easy,HC_CONT(sigma=0.2),HC_CONT,1,-130.38920893453394,-96.79261220334269,0
cont_rastrigin_007,rastrigin,cont,300,easy,HC_CONT(sigma=0.2),HC_CONT,2,-102.0249543154484,-96.79261220334269,0
cont_rastrigin_007,rastrigin,cont,300,easy,"SA_CONT(sigma=0.3,T0=1.0,alpha=0.995)",SA_CONT,0,-128.36201772130016,-96.79261220334269,0
cont_rastrigin_007,rastrigin,cont,300,easy,"SA_CONT(sigma=0.3,T0=1.0,alpha=0.995)",SA_CONT,1,-158.97435491155122,-96.79261220334269,0
cont_rastrigin_007,rastrigin,cont,300,easy,"SA_CONT(sigma=0.3,T0=1.0,alpha=0.995)",SA_CONT,2,-120.72158786408573,-96.79261220334269,0
cont_rastrigin_007,rastrigin,cont,300,easy,"PSO_STD(p=20,w=0.72,c1=1.49,c2=1.49)",PSO_STD,0,-52.58900477837562,-96.79261220334269,1
cont_rastrigin_007,rastrigin,cont,300,easy,"PSO_STD(p=20,w=0.72,c1=1.49,c2=1.49)",PSO_STD,1,-66.27641908372073,-96.79261220334269,1
cont_rastrigin_007,rastrigin,cont,300,easy,"PSO_STD(p=20,w=0.72,c1=1.49,c2=1.49)",PSO_STD,2,-74.56284633520143,-96.79261220334269,1
cont_rastrigin_007,rastrigin,cont,300,easy,"PSO_STD(p=40,w=0.72,c1=1.49,c2=1.49)",PSO_STD,0,-67.48592143960946,-96.79261220334269,1
cont_rastrigin_007,rastrigin,cont,300,easy,"PSO_STD(p=40,w=0.72,c1=1.49,c2=1.49)",PSO_STD,1,-82.60458168408987,-96.79261220334269,1
cont_rastrigin_007,rastrigin,cont,300,easy,"PSO_STD(p=40,w=0.72,c1=1.49,c2=1.49)",PSO_STD,2,-76.50177777893964,-96.79261220334269,1
cont_rastrigin_007,rastrigin,cont,300,easy,"PSO_RING(p=20,ring,w=0.72,c1=1.49,c2=1.49)",PSO_RING,0,-83.17149318865233,-96.79261220334269,1
cont_rastrigin_007,rastrigin,cont,300,easy,"PSO_RING(p=20,ring,w=0.72,c1=1.49,c2=1.49)",PSO_RING,1,-100.75653791546938,-96.79261220334269,0
cont_rastrigin_007,rastrigin,cont,300,easy,"PSO_RING(p=20,ring,w=0.72,c1=1.49,c2=1.49)",PSO_RING,2,-74.39881154785039,-96.79261220334269,1
cont_rastrigin_007,rastrigin,cont,300,easy,"PSO_RING(p=40,ring,w=0.72,c1=1.49,c2=1.49)",PSO_RING,0,-100.52184254435572,-96.79261220334269,0
cont_rastrigin_007,rastrigin,cont,300,easy,"PSO_RING(p=40,ring,w=0.72,c1=1.49,c2=1.49)",PSO_RING,1,-60.61024876797088,-96.79261220334269,1
cont_rastrigin_007,rastrigin,cont,300,easy,"PSO_RING(p=40,ring,w=0.72,c1=1.49,c2=1.49)",PSO_RING,2,-93.40941839183498,-96.79261220334269,1
cont_rastrigin_007,rastrigin,cont,300,easy,"DE(pop=20,F=0.8,CR=0.9)",DE,0,-67.16662587872375,-96.79261220334269,1
cont_rastrigin_007,rastrigin,cont,300,easy,"DE(pop=20,F=0.8,CR=0.9)",DE,1,-91.27022267211413,-96.79261220334269,1
cont_rastrigin_007,rastrigin,cont,300,easy,"DE(pop=20,F=0.8,CR=0.9)",DE,2,-76.92160937203322,-96.79261220334269,1
cont_rastrigin_007,rastrigin,cont,300,easy,"DE(pop=40,F=0.8,CR=0.9)",DE,0,-94.08947744040468,-96.79261220334269,1
cont_rastrigin_007,rastrigin,cont,300,easy,"DE(pop=40,F=0.8,CR=0.9)",DE,1,-112.50104975425944,-96.79261220334269,0
cont_rastrigin_007,rastrigin,cont,300,easy,"DE(pop=40,F=0.8,CR=0.9)",DE,2,-100.78711140841718,-96.79261220334269,0
cont_rastrigin_007,rastrigin,cont,300,easy,"ES_ML(mu=10,lam=40,sigma=0.3)",ES_ML,0,-47.52642270763353,-96.79261220334269,1
cont_rastrigin_007,rastrigin,cont,300,easy,"ES_ML(mu=10,lam=40,sigma=0.3)",ES_ML,1,-29.781374467389128,-96.79261220334269,1
cont_rastrigin_007,rastrigin,cont,300,easy,"ES_ML(mu=10,lam=40,sigma=0.3)",ES_ML,2,-60.641716566846654,-96.79261220334269,1
cont_rastrigin_007,rastrigin,cont,300,easy,"ES_ML(mu=20,lam=80,sigma=0.2)",ES_ML,0,-46.935980734711734,-96.79261220334269,1
cont_rastrigin_007,rastrigin,cont,300,easy,"ES_ML(mu=20,lam=80,sigma=0.2)",ES_ML,1,-60.25267972141847,-96.79261220334269,1
cont_rastrigin_007,rastrigin,cont,300,easy,"ES_ML(mu=20,lam=80,sigma=0.2)",ES_ML,2,-32.997173206076965,-96.79261220334269,1
cont_rastrigin_007,rastrigin,cont,300,med,RS_CONT,RS_CONT,0,-90.23766242354844,-89.90126746266174,0
cont_rastrigin_007,rastrigin,cont,300,med,RS_CONT,RS_CONT,1,-99.04527168566509,-89.90126746266174,0
cont_rastrigin_007,rastrigin,cont,300,med,RS_CONT,RS_CONT,2,-91.61369975384183,-89.90126746266174,0
cont_rastrigin_007,rastrigin,cont,300,med,HC_CONT(sigma=0.2),HC_CONT,0,-117.41607989162985,-89.90126746266174,0
cont_rastrigin_007,rastrigin,cont,300,med,HC_CONT(sigma=0.2),HC_CONT,1,-98.68391306627225,-89.90126746266174,0
cont_rastrigin_007,rastrigin,cont,300,med,HC_CONT(sigma=0.2),HC_CONT,2,-88.49537767748468,-89.90126746266174,1
cont_rastrigin_007,rastrigin,cont,300,med,"SA_CONT(sigma=0.3,T0=1.0,alpha=0.995)",SA_CONT,0,-114.93574218153931,-89.90126746266174,0
cont_rastrigin_007,rastrigin,cont,300,med,"SA_CONT(sigma=0.3,T0=1.0,alpha=0.995)",SA_CONT,1,-144.5741291970593,-89.90126746266174,0
cont_rastrigin_007,rastrigin,cont,300,med,"SA_CONT(sigma=0.3,T0=1.0,alpha=0.995)",SA_CONT,2,-104.2250938896036,-89.90126746266174,0
cont_rastrigin_007,rastrigin,cont,300,med,"PSO_STD(p=20,w=0.72,c1=1.49,c2=1.49)",PSO_STD,0,-65.80809323307562,-89.90126746266174,1
cont_rastrigin_007,rastrigin,cont,300,med,"PSO_STD(p=20,w=0.72,c1=1.49,c2=1.49)",PSO_STD,1,-85.24122043653978,-89.90126746266174,1
cont_rastrigin_007,rastrigin,cont,300,med,"PSO_STD(p=20,w=0.72,c1=1.49,c2=1.49)",PSO_STD,2,-51.38728809384141,-89.90126746266174,1
cont_rastrigin_007,rastrigin,cont,300,med,"PSO_STD(p=40,w=0.72,c1=1.49,c2=1.49)",PSO_STD,0,-88.01829998026817,-89.90126746266174,1
cont_rastrigin_007,rastrigin,cont,300,med,"PSO_STD(p=40,w=0.72,c1=1.49,c2=1.49)",PSO_STD,1,-83.31757189644057,-89.90126746266174,1
cont_rastrigin_007,rastrigin,cont,300,med,"PSO_STD(p=40,w=0.72,c1=1.49,c2=1.49)",PSO_STD,2,-62.65972365422736,-89.90126746266174,1
cont_rastrigin_007,rastrigin,cont,300,med,"PSO_RING(p=20,ring,w=0.72,c1=1.49,c2=1.49)",PSO_RING,0,-66.607695893254,-89.90126746266174,1
cont_rastrigin_007,rastrigin,cont,300,med,"PSO_RING(p=20,ring,w=0.72,c1=1.49,c2=1.49)",PSO_RING,1,-66.83528743851942,-89.90126746266174,1
cont_rastrigin_007,rastrigin,cont,300,med,"PSO_RING(p=20,ring,w=0.72,c1=1.49,c2=1.49)",PSO_RING,2,-63.91294803084288,-89.90126746266174,1
cont_rastrigin_007,rastrigin,cont,300,med,"PSO_RING(p=40,ring,w=0.72,c1=1.49,c2=1.49)",PSO_RING,0,-77.41580920853806,-89.90126746266174,1
cont_rastrigin_007,rastrigin,cont,300,med,"PSO_RING(p=40,ring,w=0.72,c1=1.49,c2=1.49)",PSO_RING,1,-95.70220205787777,-89.90126746266174,0
cont_rastrigin_007,rastrigin,cont,300,med,"PSO_RING(p=40,ring,w=0.72,c1=1.49,c2=1.49)",PSO_RING,2,-95.03682615501997,-89.90126746266174,0
cont_rastrigin_007,rastrigin,cont,300,med,"DE(pop=20,F=0.8,CR=0.9)",DE,0,-94.31481535626281,-89.90126746266174,0
cont_rastrigin_007,rastrigin,cont,300,med,"DE(pop=20,F=0.8,CR=0.9)",DE,1,-95.76019114825276,-89.90126746266174,0
cont_rastrigin_007,rastrigin,cont,300,med,"DE(pop=20,F=0.8,CR=0.9)",DE,2,-102.42496717644707,-89.90126746266174,0
cont_rastrigin_007,rastrigin,cont,300,med,"DE(pop=40,F=0.8,CR=0.9)",DE,0,-103.58039142199628,-89.90126746266174,0
cont_rastrigin_007,rastrigin,cont,300,med,"DE(pop=40,F=0.8,CR=0.9)",DE,1,-123.04157768562884,-89.90126746266174,0
cont_rastrigin_007,rastrigin,cont,300,med,"DE(pop=40,F=0.8,CR=0.9)",DE,2,-117.54686721769795,-89.90126746266174,0
cont_rastrigin_007,rastrigin,cont,300,med,"ES_ML(mu=10,lam=40,sigma=0.3)",ES_ML,0,-53.33657023113784,-89.90126746266174,1
cont_rastrigin_007,rastrigin,cont,300,med,"ES_ML(mu=10,lam=40,sigma=0.3)",ES_ML,1,-62.36622917114555,-89.90126746266174,1
cont_rastrigin_007,rastrigin,cont,300,med,"ES_ML(mu=10,lam=40,sigma=0.3)",ES_ML,2,-55.63142692338417,-89.90126746266174,1
cont_rastrigin_007,rastrigin,cont,300,med,"ES_ML(mu=20,lam=80,sigma=0.2)",ES_ML,0,-60.18804385040825,-89.90126746266174,1
cont_rastrigin_007,rastrigin,cont,300,med,"ES_ML(mu=20,lam=80,sigma=0.2)",ES_ML,1,-38.31847665760721,-89.90126746266174,1
cont_rastrigin_007,rastrigin,cont,300,med,"ES_ML(mu=20,lam=80,sigma=0.2)",ES_ML,2,-59.63999646355978,-89.90126746266174,1
cont_rastrigin_007,rastrigin,cont,300,hard,RS_CONT,RS_CONT,0,-82.69149275342839,-89.09160804813334,1
cont_rastrigin_007,rastrigin,cont,300,hard,RS_CONT,RS_CONT,1,-114.90105930350722,-89.09160804813334,0
cont_rastrigin_007,rastrigin,cont,300,hard,RS_CONT,RS_CONT,2,-96.76789084560266,-89.09160804813334,0
cont_rastrigin_007,rastrigin,cont,300,hard,HC_CONT(sigma=0.2),HC_CONT,0,-146.49923024726468,-89.09160804813334,0
cont_rastrigin_007,rastrigin,cont,300,hard,HC_CONT(sigma=0.2),HC_CONT,1,-89.60253241176514,-89.09160804813334,0
cont_rastrigin_007,rastrigin,cont,300,hard,HC_CONT(sigma=0.2),HC_CONT,2,-70.63064352650976,-89.09160804813334,1
cont_rastrigin_007,rastrigin,cont,300,hard,"SA_CONT(sigma=0.3,T0=1.0,alpha=0.995)",SA_CONT,0,-116.43320776498086,-89.09160804813334,0
cont_rastrigin_007,rastrigin,cont,300,hard,"SA_CONT(sigma=0.3,T0=1.0,alpha=0.995)",SA_CONT,1,-156.0579726330305,-89.09160804813334,0
cont_rastrigin_007,rastrigin,cont,300,hard,"SA_CONT(sigma=0.3,T0=1.0,alpha=0.995)",SA_CONT,2,-120.33516375669646,-89.09160804813334,0
cont_rastrigin_007,rastrigin,cont,300,hard,"PSO_STD(p=20,w=0.72,c1=1.49,c2=1.49)",PSO_STD,0,-68.12110687535167,-89.09160804813334,1
cont_rastrigin_007,rastrigin,cont,300,hard,"PSO_STD(p=20,w=0.72,c1=1.49,c2=1.49)",PSO_STD,1,-60.56276689366424,-89.09160804813334,1
cont_rastrigin_007,rastrigin,cont,300,hard,"PSO_STD(p=20,w=0.72,c1=1.49,c2=1.49)",PSO_STD,2,-55.122000254942606,-89.09160804813334,1
cont_rastrigin_007,rastrigin,cont,300,hard,"PSO_STD(p=40,w=0.72,c1=1.49,c2=1.49)",PSO_STD,0,-64.38485302516172,-89.09160804813334,1
cont_rastrigin_007,rastrigin,cont,300,hard,"PSO_STD(p=40,w=0.72,c1=1.49,c2=1.49)",PSO_STD,1,-81.48633611364667,-89.09160804813334,1
cont_rastrigin_007,rastrigin,cont,300,hard,"PSO_STD(p=40,w=0.72,c1=1.49,c2=1.49)",PSO_STD,2,-59.59160305501451,-89.09160804813334,1
cont_rastrigin_007,rastrigin,cont,300,hard,"PSO_RING(p=20,ring,w=0.72,c1=1.49,c2=1.49)",PSO_RING,0,-74.30794702332445,-89.09160804813334,1
cont_rastrigin_007,rastrigin,cont,300,hard,"PSO_RING(p=20,ring,w=0.72,c1=1.49,c2=1.49)",PSO_RING,1,-54.882209947608196,-89.09160804813334,1
cont_rastrigin_007,rastrigin,cont,300,hard,"PSO_RING(p=20,ring,w=0.72,c1=1.49,c2=1.49)",PSO_RING,2,-86.1030394449385,-89.09160804813334,1
cont_rastrigin_007,rastrigin,cont,300,hard,"PSO_RING(p=40,ring,w=0.72,c1=1.49,c2=1.49)",PSO_RING,0,-75.27494598979362,-89.09160804813334,1
cont_rastrigin_007,rastrigin,cont,300,hard,"PSO_RING(p=40,ring,w=0.72,c1=1.49,c2=1.49)",PSO_RING,1,-77.49221550875582,-89.09160804813334,1
cont_rastrigin_007,rastrigin,cont,300,hard,"PSO_RING(p=40,ring,w=0.72,c1=1.49,c2=1.49)",PSO_RING,2,-79.69783529749708,-89.09160804813334,1
cont_rastrigin_007,rastrigin,cont,300,hard,"DE(pop=20,F=0.8,CR=0.9)",DE,0,-99.91381606439386,-89.09160804813334,0
cont_rastrigin_007,rastrigin,cont,300,hard,"DE(pop=20,F=0.8,CR=0.9)",DE,1,-79.54948200424727,-89.09160804813334,1
cont_rastrigin_007,rastrigin,cont,300,hard,"DE(pop=20,F=0.8,CR=0.9)",DE,2,-76.56959932009714,-89.09160804813334,1
cont_rastrigin_007,rastrigin,cont,300,hard,"DE(pop=40,F=0.8,CR=0.9)",DE,0,-124.03831108548462,-89.09160804813334,0
cont_rastrigin_007,rastrigin,cont,300,hard,"DE(pop=40,F=0.8,CR=0.9)",DE,1,-114.71448711245415,-89.09160804813334,0
cont_rastrigin_007,rastrigin,cont,300,hard,"DE(pop=40,F=0.8,CR=0.9)",DE,2,-107.35042580734658,-89.09160804813334,0
cont_rastrigin_007,rastrigin,cont,300,hard,"ES_ML(mu=10,lam=40,sigma=0.3)",ES_ML,0,-50.093244079995074,-89.09160804813334,1
cont_rastrigin_007,rastrigin,cont,300,hard,"ES_ML(mu=10,lam=40,sigma=0.3)",ES_ML,1,-48.75223041532264,-89.09160804813334,1
cont_rastrigin_007,rastrigin,cont,300,hard,"ES_ML(mu=10,lam=40,sigma=0.3)",ES_ML,2,-52.27049453072793,-89.09160804813334,1
cont_rastrigin_007,rastrigin,cont,300,hard,"ES_ML(mu=20,lam=80,sigma=0.2)",ES_ML,0,-67.45777095201422,-89.09160804813334,1
cont_rastrigin_007,rastrigin,cont,300,hard,"ES_ML(mu=20,lam=80,sigma=0.2)",ES_ML,1,-46.25227625848404,-89.09160804813334,1
cont_rastrigin_007,rastrigin,cont,300,hard,"ES_ML(mu=20,lam=80,sigma=0.2)",ES_ML,2,-62.46592054439894,-89.09160804813334,1
cont_rastrigin_007,rastrigin,cont,800,easy,RS_CONT,RS_CONT,0,-94.45798153825045,-88.15480882478184,0
cont_rastrigin_007,rastrigin,cont,800,easy,RS_CONT,RS_CONT,1,-68.09834664437449,-88.15480882478184,1
cont_rastrigin_007,rastrigin,cont,800,easy,RS_CONT,RS_CONT,2,-85.89253308423976,-88.15480882478184,1
cont_rastrigin_007,rastrigin,cont,800,easy,HC_CONT(sigma=0.2),HC_CONT,0,-56.56475318855643,-88.15480882478184,1
cont_rastrigin_007,rastrigin,cont,800,easy,HC_CONT(sigma=0.2),HC_CONT,1,-115.98576976350449,-88.15480882478184,0
cont_rastrigin_007,rastrigin,cont,800,easy,HC_CONT(sigma=0.2),HC_CONT,2,-102.7527326377304,-88.15480882478184,0
cont_rastrigin_007,rastrigin,cont,800,easy,"SA_CONT(sigma=0.3,T0=1.0,alpha=0.995)",SA_CONT,0,-97.3856206044936,-88.15480882478184,0
cont_rastrigin_007,rastrigin,cont,800,easy,"SA_CONT(sigma=0.3,T0=1.0,alpha=0.995)",SA_CONT,1,-107.86457608761802,-88.15480882478184,0
cont_rastrigin_007,rastrigin,cont,800,easy,"SA_CONT(sigma=0.3,T0=1.0,alpha=0.995)",SA_CONT,2,-89.00438826963249,-88.15480882478184,0
cont_rastrigin_007,rastrigin,cont,800,easy,"PSO_STD(p=20,w=0.72,c1=1.49,c2=1.49)",PSO_STD,0,-42.37128455254294,-88.15480882478184,1
cont_rastrigin_007,rastrigin,cont,800,easy,"PSO_STD(p=20,w=0.72,c1=1.49,c2=1.49)",PSO_STD,1,-42.37513728638618,-88.15480882478184,1
cont_rastrigin_007,rastrigin,cont,800,easy,"PSO_STD(p=20,w=0.72,c1=1.49,c2=1.49)",PSO_STD,2,-55.755343061102835,-88.15480882478184,1
cont_rastrigin_007,rastrigin,cont,800,easy,"PSO_STD(p=40,w=0.72,c1=1.49,c2=1.49)",PSO_STD,0,-44.02448394215058,-88.15480882478184,1
cont_rastrigin_007,rastrigin,cont,800,easy,"PSO_STD(p=40,w=0.72,c1=1.49,c2=1.49)",PSO_STD,1,-45.7219828418376,-88.15480882478184,1
cont_rastrigin_007,rastrigin,cont,800,easy,"PSO_STD(p=40,w=0.72,c1=1.49,c2=1.49)",PSO_STD,2,-48.64310419339426,-88.15480882478184,1
cont_rastrigin_007,rastrigin,cont,800,easy,"PSO_RING(p=20,ring,w=0.72,c1=1.49,c2=1.49)",PSO_RING,0,-60.14271476724583,-88.15480882478184,1
cont_rastrigin_007,rastrigin,cont,800,easy,"PSO_RING(p=20,ring,w=0.72,c1=1.49,c2=1.49)",PSO_RING,1,-68.16826898216114,-88.15480882478184,1
cont_rastrigin_007,rastrigin,cont,800,easy,"PSO_RING(p=20,ring,w=0.72,c1=1.49,c2=1.49)",PSO_RING,2,-52.76634690739823,-88.15480882478184,1
cont_rastrigin_007,rastrigin,cont,800,easy,"PSO_RING(p=40,ring,w=0.72,c1=1.49,c2=1.49)",PSO_RING,0,-62.798755525666415,-88.15480882478184,1
cont_rastrigin_007,rastrigin,cont,800,easy,"PSO_RING(p=40,ring,w=0.72,c1=1.49,c2=1.49)",PSO_RING,1,-79.37909258539895,-88.15480882478184,1
cont_rastrigin_007,rastrigin,cont,800,easy,"PSO_RING(p=40,ring,w=0.72,c1=1.49,c2=1.49)",PSO_RING,2,-62.329501487862295,-88.15480882478184,1
cont_rastrigin_007,rastrigin,cont,800,easy,"DE(pop=20,F=0.8,CR=0.9)",DE,0,-84.5750478901131,-88.15480882478184,1
cont_rastrigin_007,rastrigin,cont,800,easy,"DE(pop=20,F=0.8,CR=0.9)",DE,1,-71.18640371614423,-88.15480882478184,1
cont_rastrigin_007,rastrigin,cont,800,easy,"DE(pop=20,F=0.8,CR=0.9)",DE,2,-68.46516506441101,-88.15480882478184,1
cont_rastrigin_007,rastrigin,cont,800,easy,"DE(pop=40,F=0.8,CR=0.9)",DE,0,-95.27238162344567,-88.15480882478184,0
cont_rastrigin_007,rastrigin,cont,800,easy,"DE(pop=40,F=0.8,CR=0.9)",DE,1,-89.81051554893375,-88.15480882478184,0
cont_rastrigin_007,rastrigin,cont,800,easy,"DE(pop=40,F=0.8,CR=0.9)",DE,2,-84.6888997775135,-88.15480882478184,1
cont_rastrigin_007,rastrigin,cont,800,easy,"ES_ML(mu=10,lam=40,sigma=0.3)",ES_ML,0,-28.248273308010184,-88.15480882478184,1
cont_rastrigin_007,rastrigin,cont,800,easy,"ES_ML(mu=10,lam=40,sigma=0.3)",ES_ML,1,-34.22316126872667,-88.15480882478184,1
cont_rastrigin_007,rastrigin,cont,800,easy,"ES_ML(mu=10,lam=40,sigma=0.3)",ES_ML,2,-38.691170923246574,-88.15480882478184,1
cont_rastrigin_007,rastrigin,cont,800,easy,"ES_ML(mu=20,lam=80,sigma=0.2)",ES_ML,0,-35.593590084095325,-88.15480882478184,1
cont_rastrigin_007,rastrigin,cont,800,easy,"ES_ML(mu=20,lam=80,sigma=0.2)",ES_ML,1,-19.41483720925349,-88.15480882478184,1
cont_rastrigin_007,rastrigin,cont,800,easy,"ES_ML(mu=20,lam=80,sigma=0.2)",ES_ML,2,-29.038407829911264,-88.15480882478184,1
cont_rastrigin_007,rastrigin,cont,800,med,RS_CONT,RS_CONT,0,-94.90140079023553,-78.23072946127512,0
cont_rastrigin_007,rastrigin,cont,800,med,RS_CONT,RS_CONT,1,-86.1576356894511,-78.23072946127512,0
cont_rastrigin_007,rastrigin,cont,800,med,RS_CONT,RS_CONT,2,-80.82981471395514,-78.23072946127512,0
cont_rastrigin_007,rastrigin,cont,800,med,HC_CONT(sigma=0.2),HC_CONT,0,-106.73596319179997,-78.23072946127512,0
cont_rastrigin_007,rastrigin,cont,800,med,HC_CONT(sigma=0.2),HC_CONT,1,-77.58381146640555,-78.23072946127512,1
cont_rastrigin_007,rastrigin,cont,800,med,HC_CONT(sigma=0.2),HC_CONT,2,-112.74164357132828,-78.23072946127512,0
cont_rastrigin_007,rastrigin,cont,800,med,"SA_CONT(sigma=0.3,T0=1.0,alpha=0.995)",SA_CONT,0,-126.32919006960229,-78.23072946127512,0
cont_rastrigin_007,rastrigin,cont,800,med,"SA_CONT(sigma=0.3,T0=1.0,alpha=0.995)",SA_CONT,1,-103.56497741450966,-78.23072946127512,0
cont_rastrigin_007,rastrigin,cont,800,med,"SA_CONT(sigma=0.3,T0=1.0,alpha=0.995)",SA_CONT,2,-81.6319234878038,-78.23072946127512,0
cont_rastrigin_007,rastrigin,cont,800,med,"PSO_STD(p=20,w=0.72,c1=1.49,c2=1.49)",PSO_STD,0,-62.47619202526328,-78.23072946127512,1
cont_rastrigin_007,rastrigin,cont,800,med,"PSO_STD(p=20,w=0.72,c1=1.49,c2=1.49)",PSO_STD,1,-37.214674735994805,-78.23072946127512,1
cont_rastrigin_007,rastrigin,cont,800,med,"PSO_STD(p=20,w=0.72,c1=1.49,c2=1.49)",PSO_STD,2,-63.239107050121625,-78.23072946127512,1
cont_rastrigin_007,rastrigin,cont,800,med,"PSO_STD(p=40,w=0.72,c1=1.49,c2=1.49)",PSO_STD,0,-47.09739011679081,-78.23072946127512,1
cont_rastrigin_007,rastrigin,cont,800,med,"PSO_STD(p=40,w=0.72,c1=1.49,c2=1.49)",PSO_STD,1,-46.11181143477541,-78.23072946127512,1
cont_rastrigin_007,rastrigin,cont,800,med,"PSO_STD(p=40,w=0.72,c1=1.49,c2=1.49)",PSO_STD,2,-61.74277728440157,-78.23072946127512,1
cont_rastrigin_007,rastrigin,cont,800,med,"PSO_RING(p=20,ring,w=0.72,c1=1.49,c2=1.49)",PSO_RING,0,-47.80537384032604,-78.23072946127512,1
cont_rastrigin_007,rastrigin,cont,800,med,"PSO_RING(p=20,ring,w=0.72,c1=1.49,c2=1.49)",PSO_RING,1,-47.80440834069431,-78.23072946127512,1
cont_rastrigin_007,rastrigin,cont,800,med,"PSO_RING(p=20,ring,w=0.72,c1=1.49,c2=1.49)",PSO_RING,2,-51.09147978676495,-78.23072946127512,1
cont_rastrigin_007,rastrigin,cont,800,med,"PSO_RING(p=40,ring,w=0.72,c1=1.49,c2=1.49)",PSO_RING,0,-61.928286184716164,-78.23072946127512,1
cont_rastrigin_007,rastrigin,cont,800,med,"PSO_RING(p=40,ring,w=0.72,c1=1.49,c2=1.49)",PSO_RING,1,-66.86613006320175,-78.23072946127512,1
cont_rastrigin_007,rastrigin,cont,800,med,"PSO_RING(p=40,ring,w=0.72,c1=1.49,c2=1.49)",PSO_RING,2,-77.1404232703045,-78.23072946127512,1
cont_rastrigin_007,rastrigin,cont,800,med,"DE(pop=20,F=0.8,CR=0.9)",DE,0,-75.80150893187715,-78.23072946127512,1
cont_rastrigin_007,rastrigin,cont,800,med,"DE(pop=20,F=0.8,CR=0.9)",DE,1,-75.385253718949,-78.23072946127512,1
cont_rastrigin_007,rastrigin,cont,800,med,"DE(pop=20,F=0.8,CR=0.9)",DE,2,-93.51052365397965,-78.23072946127512,0
cont_rastrigin_007,rastrigin,cont,800,med,"DE(pop=40,F=0.8,CR=0.9)",DE,0,-92.77294605983306,-78.23072946127512,0
cont_rastrigin_007,rastrigin,cont,800,med,"DE(pop=40,F=0.8,CR=0.9)",DE,1,-101.36987217940934,-78.23072946127512,0
cont_rastrigin_007,rastrigin,cont,800,med,"DE(pop=40,F=0.8,CR=0.9)",DE,2,-81.4624570546145,-78.23072946127512,0
cont_rastrigin_007,rastrigin,cont,800,med,"ES_ML(mu=10,lam=40,sigma=0.3)",ES_ML,0,-28.65703737138321,-78.23072946127512,1
cont_rastrigin_007,rastrigin,cont,800,med,"ES_ML(mu=10,lam=40,sigma=0.3)",ES_ML,1,-39.65523263013691,-78.23072946127512,1
cont_rastrigin_007,rastrigin,cont,800,med,"ES_ML(mu=10,lam=40,sigma=0.3)",ES_ML,2,-42.556198378117216,-78.23072946127512,1
cont_rastrigin_007,rastrigin,cont,800,med,"ES_ML(mu=20,lam=80,sigma=0.2)",ES_ML,0,-32.101016149894534,-78.23072946127512,1
cont_rastrigin_007,rastrigin,cont,800,med,"ES_ML(mu=20,lam=80,sigma=0.2)",ES_ML,1,-41.233181959366235,-78.23072946127512,1
cont_rastrigin_007,rastrigin,cont,800,med,"ES_ML(mu=20,lam=80,sigma=0.2)",ES_ML,2,-33.01416924426751,-78.23072946127512,1
cont_rastrigin_007,rastrigin,cont,800,hard,RS_CONT,RS_CONT,0,-91.33742338388818,-72.09125177681307,0
cont_rastrigin_007,rastrigin,cont,800,hard,RS_CONT,RS_CONT,1,-77.64560391897272,-72.09125177681307,0
cont_rastrigin_007,rastrigin,cont,800,hard,RS_CONT,RS_CONT,2,-98.69236837683239,-72.09125177681307,0
cont_rastrigin_007,rastrigin,cont,800,hard,HC_CONT(sigma=0.2),HC_CONT,0,-118.44182182543457,-72.09125177681307,0
cont_rastrigin_007,rastrigin,cont,800,hard,HC_CONT(sigma=0.2),HC_CONT,1,-114.8485997026519,-72.09125177681307,0
cont_rastrigin_007,rastrigin,cont,800,hard,HC_CONT(sigma=0.2),HC_CONT,2,-100.95701632836753,-72.09125177681307,0
cont_rastrigin_007,rastrigin,cont,800,hard,"SA_CONT(sigma=0.3,T0=1.0,alpha=0.995)",SA_CONT,0,-85.48181081170665,-72.09125177681307,0
cont_rastrigin_007,rastrigin,cont,800,hard,"SA_CONT(sigma=0.3,T0=1.0,alpha=0.995)",SA_CONT,1,-126.16125760786248,-72.09125177681307,0
cont_rastrigin_007,rastrigin,cont,800,hard,"SA_CONT(sigma=0.3,T0=1.0,alpha=0.995)",SA_CONT,2,-89.12082196249993,-72.09125177681307,0
cont_rastrigin_007,rastrigin,cont,800,hard,"PSO_STD(p=20,w=0.72,c1=1.49,c2=1.49)",PSO_STD,0,-49.558625510733975,-72.09125177681307,1
cont_rastrigin_007,rastrigin,cont,800,hard,"PSO_STD(p=20,w=0.72,c1=1.49,c2=1.49)",PSO_STD,1,-30.97612275726044,-72.09125177681307,1
cont_rastrigin_007,rastrigin,cont,800,hard,"PSO_STD(p=20,w=0.72,c1=1.49,c2=1.49)",PSO_STD,2,-20.51860191535171,-72.09125177681307,1
cont_rastrigin_007,rastrigin,cont,800,hard,"PSO_STD(p=40,w=0.72,c1=1.49,c2=1.49)",PSO_STD,0,-64.24583055825113,-72.09125177681307,1
cont_rastrigin_007,rastrigin,cont,800,hard,"PSO_STD(p=40,w=0.72,c1=1.49,c2=1.49)",PSO_STD,1,-63.760099811652495,-72.09125177681307,1
cont_rastrigin_007,rastrigin,cont,800,hard,"PSO_STD(p=40,w=0.72,c1=1.49,c2=1.49)",PSO_STD,2,-67.81782988354341,-72.09125177681307,1
cont_rastrigin_007,rastrigin,cont,800,hard,"PSO_RING(p=20,ring,w=0.72,c1=1.49,c2=1.49)",PSO_RING,0,-60.06378835705751,-72.09125177681307,1
cont_rastrigin_007,rastrigin,cont,800,hard,"PSO_RING(p=20,ring,w=0.72,c1=1.49,c2=1.49)",PSO_RING,1,-55.548310941358864,-72.09125177681307,1
cont_rastrigin_007,rastrigin,cont,800,hard,"PSO_RING(p=20,ring,w=0.72,c1=1.49,c2=1.49)",PSO_RING,2,-37.01603087051648,-72.09125177681307,1
cont_rastrigin_007,rastrigin,cont,800,hard,"PSO_RING(p=40,ring,w=0.72,c1=1.49,c2=1.49)",PSO_RING,0,-57.60163451127333,-72.09125177681307,1
cont_rastrigin_007,rastrigin,cont,800,hard,"PSO_RING(p=40,ring,w=0.72,c1=1.49,c2=1.49)",PSO_RING,1,-68.82000263549344,-72.09125177681307,1
cont_rastrigin_007,rastrigin,cont,800,hard,"PSO_RING(p=40,ring,w=0.72,c1=1.49,c2=1.49)",PSO_RING,2,-54.25780419189942,-72.09125177681307,1
cont_rastrigin_007,rastrigin,cont,800,hard,"DE(pop=20,F=0.8,CR=0.9)",DE,0,-73.97460566399832,-72.09125177681307,0
cont_rastrigin_007,rastrigin,cont,800,hard,"DE(pop=20,F=0.8,CR=0.9)",DE,1,-75.29222889195725,-72.09125177681307,0
cont_rastrigin_007,rastrigin,cont,800,hard,"DE(pop=20,F=0.8,CR=0.9)",DE,2,-96.84053491927315,-72.09125177681307,0
cont_rastrigin_007,rastrigin,cont,800,hard,"DE(pop=40,F=0.8,CR=0.9)",DE,0,-73.24472675124895,-72.09125177681307,0
cont_rastrigin_007,rastrigin,cont,800,hard,"DE(pop=40,F=0.8,CR=0.9)",DE,1,-89.1273183604034,-72.09125177681307,0
cont_rastrigin_007,rastrigin,cont,800,hard,"DE(pop=40,F=0.8,CR=0.9)",DE,2,-85.62251347839099,-72.09125177681307,0
cont_rastrigin_007,rastrigin,cont,800,hard,"ES_ML(mu=10,lam=40,sigma=0.3)",ES_ML,0,-41.63192440435391,-72.09125177681307,1
cont_rastrigin_007,rastrigin,cont,800,hard,"ES_ML(mu=10,lam=40,sigma=0.3)",ES_ML,1,-40.227142142249825,-72.09125177681307,1
cont_rastrigin_007,rastrigin,cont,800,hard,"ES_ML(mu=10,lam=40,sigma=0.3)",ES_ML,2,-39.2478786511283,-72.09125177681307,1
cont_rastrigin_007,rastrigin,cont,800,hard,"ES_ML(mu=20,lam=80,sigma=0.2)",ES_ML,0,-37.535043327505825,-72.09125177681307,1
cont_rastrigin_007,rastrigin,cont,800,hard,"ES_ML(mu=20,lam=80,sigma=0.2)",ES_ML,1,-26.451071019608094,-72.09125177681307,1
cont_rastrigin_007,rastrigin,cont,800,hard,"ES_ML(mu=20,lam=80,sigma=0.2)",ES_ML,2,-34.55610907942879,-72.09125177681307,1
cont_sphere_008,sphere,cont,300,easy,RS_CONT,RS_CONT,0,-26.500267166230685,-24.36821475592923,0
cont_sphere_008,sphere,cont,300,easy,RS_CONT,RS_CONT,1,-25.00935242948868,-24.36821475592923,0
cont_sphere_008,sphere,cont,300,easy,RS_CONT,RS_CONT,2,-28.484108729179436,-24.36821475592923,0
cont_sphere_008,sphere,cont,300,easy,HC_CONT(sigma=0.2),HC_CONT,0,-0.12071567439626855,-24.36821475592923,1
cont_sphere_008,sphere,cont,300,easy,HC_CONT(sigma=0.2),HC_CONT,1,-0.11763478911685107,-24.36821475592923,1
cont_sphere_008,sphere,cont,300,easy,HC_CONT(sigma=0.2),HC_CONT,2,-0.17240337339428605,-24.36821475592923,1
cont_sphere_008,sphere,cont,300,easy,"SA_CONT(sigma=0.3,T0=1.0,alpha=0.995)",SA_CONT,0,-0.7605653905916049,-24.36821475592923,1
cont_sphere_008,sphere,cont,300,easy,"SA_CONT(sigma=0.3,T0=1.0,alpha=0.995)",SA_CONT,1,-1.137917448131363,-24.36821475592923,1
cont_sphere_008,sphere,cont,300,easy,"SA_CONT(sigma=0.3,T0=1.0,alpha=0.995)",SA_CONT,2,-0.562061676196243,-24.36821475592923,1
cont_sphere_008,sphere,cont,300,easy,"PSO_STD(p=20,w=0.72,c1=1.49,c2=1.49)",PSO_STD,0,-5.453170906041379,-24.36821475592923,1
cont_sphere_008,sphere,cont,300,easy,"PSO_STD(p=20,w=0.72,c1=1.49,c2=1.49)",PSO_STD,1,-5.0505826351342,-24.36821475592923,1
cont_sphere_008,sphere,cont,300,easy,"PSO_STD(p=20,w=0.72,c1=1.49,c2=1.49)",PSO_STD,2,-1.9372420530466437,-24.36821475592923,1
cont_sphere_008,sphere,cont,300,easy,"PSO_STD(p=40,w=0.72,c1=1.49,c2=1.49)",PSO_STD,0,-7.541636069695478,-24.36821475592923,1
cont_sphere_008,sphere,cont,300,easy,"PSO_STD(p=40,w=0.72,c1=1.49,c2=1.49)",PSO_STD,1,-11.235399458970395,-24.36821475592923,1
cont_sphere_008,sphere,cont,300,easy,"PSO_STD(p=40,w=0.72,c1=1.49,c2=1.49)",PSO_STD,2,-3.101975277448325,-24.36821475592923,1
cont_sphere_008,sphere,cont,300,easy,"PSO_RING(p=20,ring,w=0.72,c1=1.49,c2=1.49)",PSO_RING,0,-6.370291224852304,-24.36821475592923,1
cont_sphere_008,sphere,cont,300,easy,"PSO_RING(p=20,ring,w=0.72,c1=1.49,c2=1.49)",PSO_RING,1,-4.6237575248930645,-24.36821475592923,1
cont_sphere_008,sphere,cont,300,easy,"PSO_RING(p=20,ring,w=0.72,c1=1.49,c2=1.49)",PSO_RING,2,-5.123122433900707,-24.36821475592923,1
cont_sphere_008,sphere,cont,300,easy,"PSO_RING(p=40,ring,w=0.72,c1=1.49,c2=1.49)",PSO_RING,0,-18.2178880170168,-24.36821475592923,1
cont_sphere_008,sphere,cont,300,easy,"PSO_RING(p=40,ring,w=0.72,c1=1.49,c2=1.49)",PSO_RING,1,-20.29461399232857,-24.36821475592923,1
cont_sphere_008,sphere,cont,300,easy,"PSO_RING(p=40,ring,w=0.72,c1=1.49,c2=1.49)",PSO_RING,2,-6.452336914191863,-24.36821475592923,1
cont_sphere_008,sphere,cont,300,easy,"DE(pop=20,F=0.8,CR=0.9)",DE,0,-16.536561321362033,-24.36821475592923,1
cont_sphere_008,sphere,cont,300,easy,"DE(pop=20,F=0.8,CR=0.9)",DE,1,-28.472191450049177,-24.36821475592923,0
cont_sphere_008,sphere,cont,300,easy,"DE(pop=20,F=0.8,CR=0.9)",DE,2,-11.390686930683753,-24.36821475592923,1
cont_sphere_008,sphere,cont,300,easy,"DE(pop=40,F=0.8,CR=0.9)",DE,0,-25.041389821892423,-24.36821475592923,0
cont_sphere_008,sphere,cont,300,easy,"DE(pop=40,F=0.8,CR=0.9)",DE,1,-43.72658121350472,-24.36821475592923,0
cont_sphere_008,sphere,cont,300,easy,"DE(pop=40,F=0.8,CR=0.9)",DE,2,-29.85391891537223,-24.36821475592923,0
cont_sphere_008,sphere,cont,300,easy,"ES_ML(mu=10,lam=40,sigma=0.3)",ES_ML,0,-0.8434733378290156,-24.36821475592923,1
cont_sphere_008,sphere,cont,300,easy,"ES_ML(mu=10,lam=40,sigma=0.3)",ES_ML,1,-0.5137478450091715,-24.36821475592923,1
cont_sphere_008,sphere,cont,300,easy,"ES_ML(mu=10,lam=40,sigma=0.3)",ES_ML,2,-0.6467364392437769,-24.36821475592923,1
cont_sphere_008,sphere,cont,300,easy,"ES_ML(mu=20,lam=80,sigma=0.2)",ES_ML,0,-0.3491448708958415,-24.36821475592923,1
cont_sphere_008,sphere,cont,300,easy,"ES_ML(mu=20,lam=80,sigma=0.2)",ES_ML,1,-1.562975269870359,-24.36821475592923,1
cont_sphere_008,sphere,cont,300,easy,"ES_ML(mu=20,lam=80,sigma=0.2)",ES_ML,2,-0.35686562949469236,-24.36821475592923,1
cont_sphere_008,sphere,cont,300,med,RS_CONT,RS_CONT,0,-22.989257898222963,-19.347735194517448,0
cont_sphere_008,sphere,cont,300,med,RS_CONT,RS_CONT,1,-22.716233257269813,-19.347735194517448,0
cont_sphere_008,sphere,cont,300,med,RS_CONT,RS_CONT,2,-26.100427646211397,-19.347735194517448,0
cont_sphere_008,sphere,cont,300,med,HC_CONT(sigma=0.2),HC_CONT,0,-0.3423600179077922,-19.347735194517448,1
cont_sphere_008,sphere,cont,300,med,HC_CONT(sigma=0.2),HC_CONT,1,-0.11369535706051913,-19.347735194517448,1
cont_sphere_008,sphere,cont,300,med,HC_CONT(sigma=0.2),HC_CONT,2,-0.16267131619194522,-19.347735194517448,1
cont_sphere_008,sphere,cont,300,med,"SA_CONT(sigma=0.3,T0=1.0,alpha=0.995)",SA_CONT,0,-0.8662299405596885,-19.347735194517448,1
cont_sphere_008,sphere,cont,300,med,"SA_CONT(sigma=0.3,T0=1.0,alpha=0.995)",SA_CONT,1,-0.48744095114080555,-19.347735194517448,1
cont_sphere_008,sphere,cont,300,med,"SA_CONT(sigma=0.3,T0=1.0,alpha=0.995)",SA_CONT,2,-0.35881343609929217,-19.347735194517448,1
cont_sphere_008,sphere,cont,300,med,"PSO_STD(p=20,w=0.72,c1=1.49,c2=1.49)",PSO_STD,0,-4.5520473828416055,-19.347735194517448,1
cont_sphere_008,sphere,cont,300,med,"PSO_STD(p=20,w=0.72,c1=1.49,c2=1.49)",PSO_STD,1,-3.9601599272606944,-19.347735194517448,1
cont_sphere_008,sphere,cont,300,med,"PSO_STD(p=20,w=0.72,c1=1.49,c2=1.49)",PSO_STD,2,-3.2715791635241516,-19.347735194517448,1
cont_sphere_008,sphere,cont,300,med,"PSO_STD(p=40,w=0.72,c1=1.49,c2=1.49)",PSO_STD,0,-4.125648804247066,-19.347735194517448,1
cont_sphere_008,sphere,cont,300,med,"PSO_STD(p=40,w=0.72,c1=1.49,c2=1.49)",PSO_STD,1,-4.46716072191676,-19.347735194517448,1
cont_sphere_008,sphere,cont,300,med,"PSO_STD(p=40,w=0.72,c1=1.49,c2=1.49)",PSO_STD,2,-14.202594647451612,-19.347735194517448,1
cont_sphere_008,sphere,cont,300,med,"PSO_RING(p=20,ring,w=0.72,c1=1.49,c2=1.49)",PSO_RING,0,-5.351577807029402,-19.347735194517448,1
cont_sphere_008,sphere,cont,300,med,"PSO_RING(p=20,ring,w=0.72,c1=1.49,c2=1.49)",PSO_RING,1,-13.563962238324345,-19.347735194517448,1
cont_sphere_008,sphere,cont,300,med,"PSO_RING(p=20,ring,w=0.72,c1=1.49,c2=1.49)",PSO_RING,2,-6.226001578326437,-19.347735194517448,1
cont_sphere_008,sphere,cont,300,med,"PSO_RING(p=40,ring,w=0.72,c1=1.49,c2=1.49)",PSO_RING,0,-6.19859978918022,-19.347735194517448,1
cont_sphere_008,sphere,cont,300,med,"PSO_RING(p=40,ring,w=0.72,c1=1.49,c2=1.49)",PSO_RING,1,-8.917388620121555,-19.347735194517448,1
cont_sphere_008,sphere,cont,300,med,"PSO_RING(p=40,ring,w=0.72,c1=1.49,c2=1.49)",PSO_RING,2,-11.429789188197512,-19.347735194517448,1
cont_sphere_008,sphere,cont,300,med,"DE(pop=20,F=0.8,CR=0.9)",DE,0,-22.898881294852337,-19.347735194517448,0
cont_sphere_008,sphere,cont,300,med,"DE(pop=20,F=0.8,CR=0.9)",DE,1,-16.30609452257272,-19.347735194517448,1
cont_sphere_008,sphere,cont,300,med,"DE(pop=20,F=0.8,CR=0.9)",DE,2,-24.8826719520444,-19.347735194517448,0
cont_sphere_008,sphere,cont,300,med,"DE(pop=40,F=0.8,CR=0.9)",DE,0,-32.84882969816471,-19.347735194517448,0
cont_sphere_008,sphere,cont,300,med,"DE(pop=40,F=0.8,CR=0.9)",DE,1,-34.32485097519755,-19.347735194517448,0
cont_sphere_008,sphere,cont,300,med,"DE(pop=40,F=0.8,CR=0.9)",DE,2,-40.60925971738107,-19.347735194517448,0
cont_sphere_008,sphere,cont,300,med,"ES_ML(mu=10,lam=40,sigma=0.3)",ES_ML,0,-1.6496722848079275,-19.347735194517448,1
cont_sphere_008,sphere,cont,300,med,"ES_ML(mu=10,lam=40,sigma=0.3)",ES_ML,1,-0.6021563867556634,-19.347735194517448,1
cont_sphere_008,sphere,cont,300,med,"ES_ML(mu=10,lam=40,sigma=0.3)",ES_ML,2,-0.2227256490803244,-19.347735194517448,1
cont_sphere_008,sphere,cont,300,med,"ES_ML(mu=20,lam=80,sigma=0.2)",ES_ML,0,-2.4824513626371987,-19.347735194517448,1
cont_sphere_008,sphere,cont,300,med,"ES_ML(mu=20,lam=80,sigma=0.2)",ES_ML,1,-1.791505254240256,-19.347735194517448,1
cont_sphere_008,sphere,cont,300,med,"ES_ML(mu=20,lam=80,sigma=0.2)",ES_ML,2,-1.3485637267114627,-19.347735194517448,1
cont_sphere_008,sphere,cont,300,hard,RS_CONT,RS_CONT,0,-27.745876377513685,-14.574984479669224,0
cont_sphere_008,sphere,cont,300,hard,RS_CONT,RS_CONT,1,-20.91893731239152,-14.574984479669224,0
cont_sphere_008,sphere,cont,300,hard,RS_CONT,RS_CONT,2,-30.626614033274183,-14.574984479669224,0
cont_sphere_008,sphere,cont,300,hard,HC_CONT(sigma=0.2),HC_CONT,0,-0.11493416238274518,-14.574984479669224,1
cont_sphere_008,sphere,cont,300,hard,HC_CONT(sigma=0.2),HC_CONT,1,-0.21045887185763337,-14.574984479669224,1
cont_sphere_008,sphere,cont,300,hard,HC_CONT(sigma=0.2),HC_CONT,2,-0.24576148003550585,-14.574984479669224,1
cont_sphere_008,sphere,cont,300,hard,"SA_CONT(sigma=0.3,T0=1.0,alpha=0.995)",SA_CONT,0,-0.5474297530343126,-14.574984479669224,1
cont_sphere_008,sphere,cont,300,hard,"SA_CONT(sigma=0.3,T0=1.0,alpha=0.995)",SA_CONT,1,-0.5497262097954206,-14.574984479669224,1
cont_sphere_008,sphere,cont,300,hard,"SA_CONT(sigma=0.3,T0=1.0,alpha=0.995)",SA_CONT,2,-0.7468368303289672,-14.574984479669224,1
cont_sphere_008,sphere,cont,300,hard,"PSO_STD(p=20,w=0.72,c1=1.49,c2=1.49)",PSO_STD,0,-8.074532140322134,-14.574984479669224,1
cont_sphere_008,sphere,cont,300,hard,"PSO_STD(p=20,w=0.72,c1=1.49,c2=1.49)",PSO_STD,1,-2.3910440541588125,-14.574984479669224,1
cont_sphere_008,sphere,cont,300,hard,"PSO_STD(p=20,w=0.72,c1=1.49,c2=1.49)",PSO_STD,2,-2.690396200386898,-14.574984479669224,1
cont_sphere_008,sphere,cont,300,hard,"PSO_STD(p=40,w=0.72,c1=1.49,c2=1.49)",PSO_STD,0,-8.647954354440976,-14.574984479669224,1
cont_sphere_008,sphere,cont,300,hard,"PSO_STD(p=40,w=0.72,c1=1.49,c2=1.49)",PSO_STD,1,-5.105769025639449,-14.574984479669224,1
cont_sphere_008,sphere,cont,300,hard,"PSO_STD(p=40,w=0.72,c1=1.49,c2=1.49)",PSO_STD,2,-4.674301976015173,-14.574984479669224,1
cont_sphere_008,sphere,cont,300,hard,"PSO_RING(p=20,ring,w=0.72,c1=1.49,c2=1.49)",PSO_RING,0,-14.151534394612794,-14.574984479669224,1
cont_sphere_008,sphere,cont,300,hard,"PSO_RING(p=20,ring,w=0.72,c1=1.49,c2=1.49)",PSO_RING,1,-11.972582331212136,-14.574984479669224,1
cont_sphere_008,sphere,cont,300,hard,"PSO_RING(p=20,ring,w=0.72,c1=1.49,c2=1.49)",PSO_RING,2,-13.806024093828405,-14.574984479669224,1
cont_sphere_008,sphere,cont,300,hard,"PSO_RING(p=40,ring,w=0.72,c1=1.49,c2=1.49)",PSO_RING,0,-10.649818626897252,-14.574984479669224,1
cont_sphere_008,sphere,cont,300,hard,"PSO_RING(p=40,ring,w=0.72,c1=1.49,c2=1.49)",PSO_RING,1,-18.561815425177993,-14.574984479669224,0
cont_sphere_008,sphere,cont,300,hard,"PSO_RING(p=40,ring,w=0.72,c1=1.49,c2=1.49)",PSO_RING,2,-10.315713622432462,-14.574984479669224,1
cont_sphere_008,sphere,cont,300,hard,"DE(pop=20,F=0.8,CR=0.9)",DE,0,-24.241934869892116,-14.574984479669224,0
cont_sphere_008,sphere,cont,300,hard,"DE(pop=20,F=0.8,CR=0.9)",DE,1,-9.049065397197802,-14.574984479669224,1
cont_sphere_008,sphere,cont,300,hard,"DE(pop=20,F=0.8,CR=0.9)",DE,2,-26.80348875747727,-14.574984479669224,0
cont_sphere_008,sphere,cont,300,hard,"DE(pop=40,F=0.8,CR=0.9)",DE,0,-25.161092245829728,-14.574984479669224,0
cont_sphere_008,sphere,cont,300,hard,"DE(pop=40,F=0.8,CR=0.9)",DE,1,-28.705867908290124,-14.574984479669224,0
cont_sphere_008,sphere,cont,300,hard,"DE(pop=40,F=0.8,CR=0.9)",DE,2,-26.65453791671372,-14.574984479669224,0
cont_sphere_008,sphere,cont,300,hard,"ES_ML(mu=10,lam=40,sigma=0.3)",ES_ML,0,-0.8158894192083724,-14.574984479669224,1
cont_sphere_008,sphere,cont,300,hard,"ES_ML(mu=10,lam=40,sigma=0.3)",ES_ML,1,-0.5496161041857819,-14.574984479669224,1
cont_sphere_008,sphere,cont,300,hard,"ES_ML(mu=10,lam=40,sigma=0.3)",ES_ML,2,-0.2828805920771537,-14.574984479669224,1
cont_sphere_008,sphere,cont,300,hard,"ES_ML(mu=20,lam=80,sigma=0.2)",ES_ML,0,-0.6626918532061259,-14.574984479669224,1
cont_sphere_008,sphere,cont,300,hard,"ES_ML(mu=20,lam=80,sigma=0.2)",ES_ML,1,-2.948486058804304,-14.574984479669224,1
cont_sphere_008,sphere,cont,300,hard,"ES_ML(mu=20,lam=80,sigma=0.2)",ES_ML,2,-1.2142347025124962,-14.574984479669224,1
cont_sphere_008,sphere,cont,800,easy,RS_CONT,RS_CONT,0,-20.306719190722635,-19.927934835959277,0
cont_sphere_008,sphere,cont,800,easy,RS_CONT,RS_CONT,1,-16.994015092222828,-19.927934835959277,1
cont_sphere_008,sphere,cont,800,easy,RS_CONT,RS_CONT,2,-23.76743663881058,-19.927934835959277,0
cont_sphere_008,sphere,cont,800,easy,HC_CONT(sigma=0.2),HC_CONT,0,-0.10915412122152927,-19.927934835959277,1
cont_sphere_008,sphere,cont,800,easy,HC_CONT(sigma=0.2),HC_CONT,1,-0.057639845308115695,-19.927934835959277,1
cont_sphere_008,sphere,cont,800,easy,HC_CONT(sigma=0.2),HC_CONT,2,-0.08614779330974634,-19.927934835959277,1
cont_sphere_008,sphere,cont,800,easy,"SA_CONT(sigma=0.3,T0=1.0,alpha=0.995)",SA_CONT,0,-0.33974511741779145,-19.927934835959277,1
cont_sphere_008,sphere,cont,800,easy,"SA_CONT(sigma=0.3,T0=1.0,alpha=0.995)",SA_CONT,1,-0.2105157123665539,-19.927934835959277,1
cont_sphere_008,sphere,cont,800,easy,"SA_CONT(sigma=0.3,T0=1.0,alpha=0.995)",SA_CONT,2,-0.296778669383967,-19.927934835959277,1
cont_sphere_008,sphere,cont,800,easy,"PSO_STD(p=20,w=0.72,c1=1.49,c2=1.49)",PSO_STD,0,-0.23673140502027942,-19.927934835959277,1
cont_sphere_008,sphere,cont,800,easy,"PSO_STD(p=20,w=0.72,c1=1.49,c2=1.49)",PSO_STD,1,-0.1550970018295378,-19.927934835959277,1
cont_sphere_008,sphere,cont,800,easy,"PSO_STD(p=20,w=0.72,c1=1.49,c2=1.49)",PSO_STD,2,-0.17391056979315714,-19.927934835959277,1
cont_sphere_008,sphere,cont,800,easy,"PSO_STD(p=40,w=0.72,c1=1.49,c2=1.49)",PSO_STD,0,-1.134617377147893,-19.927934835959277,1
cont_sphere_008,sphere,cont,800,easy,"PSO_STD(p=40,w=0.72,c1=1.49,c2=1.49)",PSO_STD,1,-1.2258095378564438,-19.927934835959277,1
cont_sphere_008,sphere,cont,800,easy,"PSO_STD(p=40,w=0.72,c1=1.49,c2=1.49)",PSO_STD,2,-0.8897352042783541,-19.927934835959277,1
cont_sphere_008,sphere,cont,800,easy,"PSO_RING(p=20,ring,w=0.72,c1=1.49,c2=1.49)",PSO_RING,0,-0.9626282190158184,-19.927934835959277,1
cont_sphere_008,sphere,cont,800,easy,"PSO_RING(p=20,ring,w=0.72,c1=1.49,c2=1.49)",PSO_RING,1,-0.9781092418149373,-19.927934835959277,1
cont_sphere_008,sphere,cont,800,easy,"PSO_RING(p=20,ring,w=0.72,c1=1.49,c2=1.49)",PSO_RING,2,-0.6467719068870756,-19.927934835959277,1
cont_sphere_008,sphere,cont,800,easy,"PSO_RING(p=40,ring,w=0.72,c1=1.49,c2=1.49)",PSO_RING,0,-3.5591108391335142,-19.927934835959277,1
cont_sphere_008,sphere,cont,800,easy,"PSO_RING(p=40,ring,w=0.72,c1=1.49,c2=1.49)",PSO_RING,1,-5.082253216770054,-19.927934835959277,1
cont_sphere_008,sphere,cont,800,easy,"PSO_RING(p=40,ring,w=0.72,c1=1.49,c2=1.49)",PSO_RING,2,-4.607277445373629,-19.927934835959277,1
cont_sphere_008,sphere,cont,800,easy,"DE(pop=20,F=0.8,CR=0.9)",DE,0,-9.083545443581304,-19.927934835959277,1
cont_sphere_008,sphere,cont,800,easy,"DE(pop=20,F=0.8,CR=0.9)",DE,1,-4.303332096854785,-19.927934835959277,1
cont_sphere_008,sphere,cont,800,easy,"DE(pop=20,F=0.8,CR=0.9)",DE,2,-5.707341032550411,-19.927934835959277,1
cont_sphere_008,sphere,cont,800,easy,"DE(pop=40,F=0.8,CR=0.9)",DE,0,-25.70114208623853,-19.927934835959277,0
cont_sphere_008,sphere,cont,800,easy,"DE(pop=40,F=0.8,CR=0.9)",DE,1,-19.816799826152263,-19.927934835959277,1
cont_sphere_008,sphere,cont,800,easy,"DE(pop=40,F=0.8,CR=0.9)",DE,2,-21.968430555482204,-19.927934835959277,0
cont_sphere_008,sphere,cont,800,easy,"ES_ML(mu=10,lam=40,sigma=0.3)",ES_ML,0,-0.20184805277814685,-19.927934835959277,1
cont_sphere_008,sphere,cont,800,easy,"ES_ML(mu=10,lam=40,sigma=0.3)",ES_ML,1,-0.20890102436160635,-19.927934835959277,1
cont_sphere_008,sphere,cont,800,easy,"ES_ML(mu=10,lam=40,sigma=0.3)",ES_ML,2,-0.2229821012956655,-19.927934835959277,1
cont_sphere_008,sphere,cont,800,easy,"ES_ML(mu=20,lam=80,sigma=0.2)",ES_ML,0,-0.2181891340292806,-19.927934835959277,1
cont_sphere_008,sphere,cont,800,easy,"ES_ML(mu=20,lam=80,sigma=0.2)",ES_ML,1,-0.19323611661071743,-19.927934835959277,1
cont_sphere_008,sphere,cont,800,easy,"ES_ML(mu=20,lam=80,sigma=0.2)",ES_ML,2,-0.07378857834330975,-19.927934835959277,1
cont_sphere_008,sphere,cont,800,med,RS_CONT,RS_CONT,0,-12.533270690666141,-17.9253248426211,1
cont_sphere_008,sphere,cont,800,med,RS_CONT,RS_CONT,1,-15.108628142860448,-17.9253248426211,1
cont_sphere_008,sphere,cont,800,med,RS_CONT,RS_CONT,2,-22.350095253128107,-17.9253248426211,0
cont_sphere_008,sphere,cont,800,med,HC_CONT(sigma=0.2),HC_CONT,0,-0.03999322987730891,-17.9253248426211,1
cont_sphere_008,sphere,cont,800,med,HC_CONT(sigma=0.2),HC_CONT,1,-0.08254125758846005,-17.9253248426211,1
cont_sphere_008,sphere,cont,800,med,HC_CONT(sigma=0.2),HC_CONT,2,-0.11810059020606621,-17.9253248426211,1
cont_sphere_008,sphere,cont,800,med,"SA_CONT(sigma=0.3,T0=1.0,alpha=0.995)",SA_CONT,0,-0.2791680287820407,-17.9253248426211,1
cont_sphere_008,sphere,cont,800,med,"SA_CONT(sigma=0.3,T0=1.0,alpha=0.995)",SA_CONT,1,-0.3235977856354781,-17.9253248426211,1
cont_sphere_008,sphere,cont,800,med,"SA_CONT(sigma=0.3,T0=1.0,alpha=0.995)",SA_CONT,2,-0.13767974442304665,-17.9253248426211,1
cont_sphere_008,sphere,cont,800,med,"PSO_STD(p=20,w=0.72,c1=1.49,c2=1.49)",PSO_STD,0,-0.1511061740046047,-17.9253248426211,1
cont_sphere_008,sphere,cont,800,med,"PSO_STD(p=20,w=0.72,c1=1.49,c2=1.49)",PSO_STD,1,-0.15563417373098623,-17.9253248426211,1
cont_sphere_008,sphere,cont,800,med,"PSO_STD(p=20,w=0.72,c1=1.49,c2=1.49)",PSO_STD,2,-0.1495989861531852,-17.9253248426211,1
cont_sphere_008,sphere,cont,800,med,"PSO_STD(p=40,w=0.72,c1=1.49,c2=1.49)",PSO_STD,0,-0.9338827153680156,-17.9253248426211,1
cont_sphere_008,sphere,cont,800,med,"PSO_STD(p=40,w=0.72,c1=1.49,c2=1.49)",PSO_STD,1,-1.0824272931054912,-17.9253248426211,1
cont_sphere_008,sphere,cont,800,med,"PSO_STD(p=40,w=0.72,c1=1.49,c2=1.49)",PSO_STD,2,-0.40243984743762456,-17.9253248426211,1
cont_sphere_008,sphere,cont,800,med,"PSO_RING(p=20,ring,w=0.72,c1=1.49,c2=1.49)",PSO_RING,0,-1.1646791273415584,-17.9253248426211,1
cont_sphere_008,sphere,cont,800,med,"PSO_RING(p=20,ring,w=0.72,c1=1.49,c2=1.49)",PSO_RING,1,-0.6867380567334153,-17.9253248426211,1
cont_sphere_008,sphere,cont,800,med,"PSO_RING(p=20,ring,w=0.72,c1=1.49,c2=1.49)",PSO_RING,2,-0.43242508092422016,-17.9253248426211,1
cont_sphere_008,sphere,cont,800,med,"PSO_RING(p=40,ring,w=0.72,c1=1.49,c2=1.49)",PSO_RING,0,-4.648448628843702,-17.9253248426211,1
cont_sphere_008,sphere,cont,800,med,"PSO_RING(p=40,ring,w=0.72,c1=1.49,c2=1.49)",PSO_RING,1,-2.359124816775316,-17.9253248426211,1
cont_sphere_008,sphere,cont,800,med,"PSO_RING(p=40,ring,w=0.72,c1=1.49,c2=1.49)",PSO_RING,2,-2.8291181374744823,-17.9253248426211,1
cont_sphere_008,sphere,cont,800,med,"DE(pop=20,F=0.8,CR=0.9)",DE,0,-5.88808755078064,-17.9253248426211,1
cont_sphere_008,sphere,cont,800,med,"DE(pop=20,F=0.8,CR=0.9)",DE,1,-4.349259294210328,-17.9253248426211,1
cont_sphere_008,sphere,cont,800,med,"DE(pop=20,F=0.8,CR=0.9)",DE,2,-4.7724729851140095,-17.9253248426211,1
cont_sphere_008,sphere,cont,800,med,"DE(pop=40,F=0.8,CR=0.9)",DE,0,-18.4573215726086,-17.9253248426211,0
cont_sphere_008,sphere,cont,800,med,"DE(pop=40,F=0.8,CR=0.9)",DE,1,-23.318267467479103,-17.9253248426211,0
cont_sphere_008,sphere,cont,800,med,"DE(pop=40,F=0.8,CR=0.9)",DE,2,-25.078966022693557,-17.9253248426211,0
cont_sphere_008,sphere,cont,800,med,"ES_ML(mu=10,lam=40,sigma=0.3)",ES_ML,0,-0.09700837482227725,-17.9253248426211,1
cont_sphere_008,sphere,cont,800,med,"ES_ML(mu=10,lam=40,sigma=0.3)",ES_ML,1,-0.25247351149306785,-17.9253248426211,1
cont_sphere_008,sphere,cont,800,med,"ES_ML(mu=10,lam=40,sigma=0.3)",ES_ML,2,-0.11174203792078129,-17.9253248426211,1
cont_sphere_008,sphere,cont,800,med,"ES_ML(mu=20,lam=80,sigma=0.2)",ES_ML,0,-0.11147089672968838,-17.9253248426211,1
cont_sphere_008,sphere,cont,800,med,"ES_ML(mu=20,lam=80,sigma=0.2)",ES_ML,1,-0.166802163383644,-17.9253248426211,1
cont_sphere_008,sphere,cont,800,med,"ES_ML(mu=20,lam=80,sigma=0.2)",ES_ML,2,-0.10209984249275318,-17.9253248426211,1
cont_sphere_008,sphere,cont,800,hard,RS_CONT,RS_CONT,0,-22.777850780880815,-16.01719633086359,0
cont_sphere_008,sphere,cont,800,hard,RS_CONT,RS_CONT,1,-25.40421552818298,-16.01719633086359,0
cont_sphere_008,sphere,cont,800,hard,RS_CONT,RS_CONT,2,-24.8727927158564,-16.01719633086359,0
cont_sphere_008,sphere,cont,800,hard,HC_CONT(sigma=0.2),HC_CONT,0,-0.106740455137519,-16.01719633086359,1
cont_sphere_008,sphere,cont,800,hard,HC_CONT(sigma=0.2),HC_CONT,1,-0.07758979641067154,-16.01719633086359,1
cont_sphere_008,sphere,cont,800,hard,HC_CONT(sigma=0.2),HC_CONT,2,-0.11531658113780341,-16.01719633086359,1
cont_sphere_008,sphere,cont,800,hard,"SA_CONT(sigma=0.3,T0=1.0,alpha=0.995)",SA_CONT,0,-0.23380863740611535,-16.01719633086359,1
cont_sphere_008,sphere,cont,800,hard,"SA_CONT(sigma=0.3,T0=1.0,alpha=0.995)",SA_CONT,1,-0.37021902079768243,-16.01719633086359,1
cont_sphere_008,sphere,cont,800,hard,"SA_CONT(sigma=0.3,T0=1.0,alpha=0.995)",SA_CONT,2,-0.16486159165566283,-16.01719633086359,1
cont_sphere_008,sphere,cont,800,hard,"PSO_STD(p=20,w=0.72,c1=1.49,c2=1.49)",PSO_STD,0,-0.19496335465884038,-16.01719633086359,1
cont_sphere_008,sphere,cont,800,hard,"PSO_STD(p=20,w=0.72,c1=1.49,c2=1.49)",PSO_STD,1,-0.028319936896240967,-16.01719633086359,1
cont_sphere_008,sphere,cont,800,hard,"PSO_STD(p=20,w=0.72,c1=1.49,c2=1.49)",PSO_STD,2,-0.2670902068045594,-16.01719633086359,1
cont_sphere_008,sphere,cont,800,hard,"PSO_STD(p=40,w=0.72,c1=1.49,c2=1.49)",PSO_STD,0,-0.765769321590587,-16.01719633086359,1
cont_sphere_008,sphere,cont,800,hard,"PSO_STD(p=40,w=0.72,c1=1.49,c2=1.49)",PSO_STD,1,-0.3479098073011782,-16.01719633086359,1
cont_sphere_008,sphere,cont,800,hard,"PSO_STD(p=40,w=0.72,c1=1.49,c2=1.49)",PSO_STD,2,-1.3952904431987085,-16.01719633086359,1
cont_sphere_008,sphere,cont,800,hard,"PSO_RING(p=20,ring,w=0.72,c1=1.49,c2=1.49)",PSO_RING,0,-0.9217061599767205,-16.01719633086359,1
cont_sphere_008,sphere,cont,800,hard,"PSO_RING(p=20,ring,w=0.72,c1=1.49,c2=1.49)",PSO_RING,1,-1.7811706354264627,-16.01719633086359,1
cont_sphere_008,sphere,cont,800,hard,"PSO_RING(p=20,ring,w=0.72,c1=1.49,c2=1.49)",PSO_RING,2,-0.8663196354010179,-16.01719633086359,1
cont_sphere_008,sphere,cont,800,hard,"PSO_RING(p=40,ring,w=0.72,c1=1.49,c2=1.49)",PSO_RING,0,-3.6047924339160935,-16.01719633086359,1
cont_sphere_008,sphere,cont,800,hard,"PSO_RING(p=40,ring,w=0.72,c1=1.49,c2=1.49)",PSO_RING,1,-5.521129334720494,-16.01719633086359,1
cont_sphere_008,sphere,cont,800,hard,"PSO_RING(p=40,ring,w=0.72,c1=1.49,c2=1.49)",PSO_RING,2,-3.958647509090283,-16.01719633086359,1
cont_sphere_008,sphere,cont,800,hard,"DE(pop=20,F=0.8,CR=0.9)",DE,0,-4.635644007822261,-16.01719633086359,1
cont_sphere_008,sphere,cont,800,hard,"DE(pop=20,F=0.8,CR=0.9)",DE,1,-5.465071859213311,-16.01719633086359,1
cont_sphere_008,sphere,cont,800,hard,"DE(pop=20,F=0.8,CR=0.9)",DE,2,-12.019896615396302,-16.01719633086359,1
cont_sphere_008,sphere,cont,800,hard,"DE(pop=40,F=0.8,CR=0.9)",DE,0,-9.390675963726736,-16.01719633086359,1
cont_sphere_008,sphere,cont,800,hard,"DE(pop=40,F=0.8,CR=0.9)",DE,1,-19.213644230901885,-16.01719633086359,0
cont_sphere_008,sphere,cont,800,hard,"DE(pop=40,F=0.8,CR=0.9)",DE,2,-11.18141877801904,-16.01719633086359,1
cont_sphere_008,sphere,cont,800,hard,"ES_ML(mu=10,lam=40,sigma=0.3)",ES_ML,0,-0.30455154014471025,-16.01719633086359,1
cont_sphere_008,sphere,cont,800,hard,"ES_ML(mu=10,lam=40,sigma=0.3)",ES_ML,1,-0.1472095816104543,-16.01719633086359,1
cont_sphere_008,sphere,cont,800,hard,"ES_ML(mu=10,lam=40,sigma=0.3)",ES_ML,2,-0.2562188703655142,-16.01719633086359,1
cont_sphere_008,sphere,cont,800,hard,"ES_ML(mu=20,lam=80,sigma=0.2)",ES_ML,0,-0.07764798178957995,-16.01719633086359,1
cont_sphere_008,sphere,cont,800,hard,"ES_ML(mu=20,lam=80,sigma=0.2)",ES_ML,1,-0.15766006955103914,-16.01719633086359,1
cont_sphere_008,sphere,cont,800,hard,"ES_ML(mu=20,lam=80,sigma=0.2)",ES_ML,2,-0.04886844648240964,-16.01719633086359,1
cont_rastrigin_009,rastrigin,cont,300,easy,RS_CONT,RS_CONT,0,-105.85697965862425,-94.35460709037238,0
cont_rastrigin_009,rastrigin,cont,300,easy,RS_CONT,RS_CONT,1,-102.82537150116559,-94.35460709037238,0
cont_rastrigin_009,rastrigin,cont,300,easy,RS_CONT,RS_CONT,2,-109.8612889726503,-94.35460709037238,0
cont_rastrigin_009,rastrigin,cont,300,easy,HC_CONT(sigma=0.2),HC_CONT,0,-77.93704552668804,-94.35460709037238,1
cont_rastrigin_009,rastrigin,cont,300,easy,HC_CONT(sigma=0.2),HC_CONT,1,-100.79479174989032,-94.35460709037238,0
cont_rastrigin_009,rastrigin,cont,300,easy,HC_CONT(sigma=0.2),HC_CONT,2,-104.86600829690128,-94.35460709037238,0
cont_rastrigin_009,rastrigin,cont,300,easy,"SA_CONT(sigma=0.3,T0=1.0,alpha=0.995)",SA_CONT,0,-124.8668449976932,-94.35460709037238,0
cont_rastrigin_009,rastrigin,cont,300,easy,"SA_CONT(sigma=0.3,T0=1.0,alpha=0.995)",SA_CONT,1,-117.21729127345444,-94.35460709037238,0
cont_rastrigin_009,rastrigin,cont,300,easy,"SA_CONT(sigma=0.3,T0=1.0,alpha=0.995)",SA_CONT,2,-137.28791079798583,-94.35460709037238,0
cont_rastrigin_009,rastrigin,cont,300,easy,"PSO_STD(p=20,w=0.72,c1=1.49,c2=1.49)",PSO_STD,0,-75.57423034076996,-94.35460709037238,1
cont_rastrigin_009,rastrigin,cont,300,easy,"PSO_STD(p=20,w=0.72,c1=1.49,c2=1.49)",PSO_STD,1,-76.24064190503753,-94.35460709037238,1
cont_rastrigin_009,rastrigin,cont,300,easy,"PSO_STD(p=20,w=0.72,c1=1.49,c2=1.49)",PSO_STD,2,-58.801337178323514,-94.35460709037238,1
cont_rastrigin_009,rastrigin,cont,300,easy,"PSO_STD(p=40,w=0.72,c1=1.49,c2=1.49)",PSO_STD,0,-74.41952391382611,-94.35460709037238,1
cont_rastrigin_009,rastrigin,cont,300,easy,"PSO_STD(p=40,w=0.72,c1=1.49,c2=1.49)",PSO_STD,1,-77.56643300344301,-94.35460709037238,1
cont_rastrigin_009,rastrigin,cont,300,easy,"PSO_STD(p=40,w=0.72,c1=1.49,c2=1.49)",PSO_STD,2,-63.4877011447874,-94.35460709037238,1
cont_rastrigin_009,rastrigin,cont,300,easy,"PSO_RING(p=20,ring,w=0.72,c1=1.49,c2=1.49)",PSO_RING,0,-72.50221887058814,-94.35460709037238,1
cont_rastrigin_009,rastrigin,cont,300,easy,"PSO_RING(p=20,ring,w=0.72,c1=1.49,c2=1.49)",PSO_RING,1,-85.18273996961271,-94.35460709037238,1
cont_rastrigin_009,rastrigin,cont,300,easy,"PSO_RING(p=20,ring,w=0.72,c1=1.49,c2=1.49)",PSO_RING,2,-60.95578820375821,-94.35460709037238,1
cont_rastrigin_009,rastrigin,cont,300,easy,"PSO_RING(p=40,ring,w=0.72,c1=1.49,c2=1.49)",PSO_RING,0,-106.44707804264074,-94.35460709037238,0
cont_rastrigin_009,rastrigin,cont,300,easy,"PSO_RING(p=40,ring,w=0.72,c1=1.49,c2=1.49)",PSO_RING,1,-88.55954878277323,-94.35460709037238,1
cont_rastrigin_009,rastrigin,cont,300,easy,"PSO_RING(p=40,ring,w=0.72,c1=1.49,c2=1.49)",PSO_RING,2,-78.13439515136845,-94.35460709037238,1
cont_rastrigin_009,rastrigin,cont,300,easy,"DE(pop=20,F=0.8,CR=0.9)",DE,0,-102.4138217863693,-94.35460709037238,0
cont_rastrigin_009,rastrigin,cont,300,easy,"DE(pop=20,F=0.8,CR=0.9)",DE,1,-77.56860325711749,-94.35460709037238,1
cont_rastrigin_009,rastrigin,cont,300,easy,"DE(pop=20,F=0.8,CR=0.9)",DE,2,-91.53151169652139,-94.35460709037238,1
cont_rastrigin_009,rastrigin,cont,300,easy,"DE(pop=40,F=0.8,CR=0.9)",DE,0,-116.32033416218317,-94.35460709037238,0
cont_rastrigin_009,rastrigin,cont,300,easy,"DE(pop=40,F=0.8,CR=0.9)",DE,1,-104.53910203385227,-94.35460709037238,0
cont_rastrigin_009,rastrigin,cont,300,easy,"DE(pop=40,F=0.8,CR=0.9)",DE,2,-104.56469823185773,-94.35460709037238,0
cont_rastrigin_009,rastrigin,cont,300,easy,"ES_ML(mu=10,lam=40,sigma=0.3)",ES_ML,0,-51.8385771531576,-94.35460709037238,1
cont_rastrigin_009,rastrigin,cont,300,easy,"ES_ML(mu=10,lam=40,sigma=0.3)",ES_ML,1,-33.153624881012846,-94.35460709037238,1
cont_rastrigin_009,rastrigin,cont,300,easy,"ES_ML(mu=10,lam=40,sigma=0.3)",ES_ML,2,-47.95860964458595,-94.35460709037238,1
cont_rastrigin_009,rastrigin,cont,300,easy,"ES_ML(mu=20,lam=80,sigma=0.2)",ES_ML,0,-57.3289034527023,-94.35460709037238,1
cont_rastrigin_009,rastrigin,cont,300,easy,"ES_ML(mu=20,lam=80,sigma=0.2)",ES_ML,1,-42.242446147146666,-94.35460709037238,1
cont_rastrigin_009,rastrigin,cont,300,easy,"ES_ML(mu=20,lam=80,sigma=0.2)",ES_ML,2,-44.474329806490644,-94.35460709037238,1
cont_rastrigin_009,rastrigin,cont,300,med,RS_CONT,RS_CONT,0,-90.18430677519945,-91.25950462664115,1
cont_rastrigin_009,rastrigin,cont,300,med,RS_CONT,RS_CONT,1,-92.99223305256504,-91.25950462664115,0
cont_rastrigin_009,rastrigin,cont,300,med,RS_CONT,RS_CONT,2,-105.70155110131168,-91.25950462664115,0
cont_rastrigin_009,rastrigin,cont,300,med,HC_CONT(sigma=0.2),HC_CONT,0,-122.5091642493741,-91.25950462664115,0
cont_rastrigin_009,rastrigin,cont,300,med,HC_CONT(sigma=0.2),HC_CONT,1,-130.76473390605577,-91.25950462664115,0
cont_rastrigin_009,rastrigin,cont,300,med,HC_CONT(sigma=0.2),HC_CONT,2,-126.71599067765523,-91.25950462664115,0
cont_rastrigin_009,rastrigin,cont,300,med,"SA_CONT(sigma=0.3,T0=1.0,alpha=0.995)",SA_CONT,0,-94.45088727277995,-91.25950462664115,0
cont_rastrigin_009,rastrigin,cont,300,med,"SA_CONT(sigma=0.3,T0=1.0,alpha=0.995)",SA_CONT,1,-135.28216628571369,-91.25950462664115,0
cont_rastrigin_009,rastrigin,cont,300,med,"SA_CONT(sigma=0.3,T0=1.0,alpha=0.995)",SA_CONT,2,-135.93018435299655,-91.25950462664115,0
cont_rastrigin_009,rastrigin,cont,300,med,"PSO_STD(p=20,w=0.72,c1=1.49,c2=1.49)",PSO_STD,0,-60.63618892531392,-91.25950462664115,1
cont_rastrigin_009,rastrigin,cont,300,med,"PSO_STD(p=20,w=0.72,c1=1.49,c2=1.49)",PSO_STD,1,-84.27047332467961,-91.25950462664115,1
cont_rastrigin_009,rastrigin,cont,300,med,"PSO_STD(p=20,w=0.72,c1=1.49,c2=1.49)",PSO_STD,2,-76.98158352866636,-91.25950462664115,1
cont_rastrigin_009,rastrigin,cont,300,med,"PSO_STD(p=40,w=0.72,c1=1.49,c2=1.49)",PSO_STD,0,-83.27030409690637,-91.25950462664115,1
cont_rastrigin_009,rastrigin,cont,300,med,"PSO_STD(p=40,w=0.72,c1=1.49,c2=1.49)",PSO_STD,1,-93.13920949740783,-91.25950462664115,0
cont_rastrigin_009,rastrigin,cont,300,med,"PSO_STD(p=40,w=0.72,c1=1.49,c2=1.49)",PSO_STD,2,-73.0407363460403,-91.25950462664115,1
cont_rastrigin_009,rastrigin,cont,300,med,"PSO_RING(p=20,ring,w=0.72,c1=1.49,c2=1.49)",PSO_RING,0,-76.20017387706824,-91.25950462664115,1
cont_rastrigin_009,rastrigin,cont,300,med,"PSO_RING(p=20,ring,w=0.72,c1=1.49,c2=1.49)",PSO_RING,1,-77.9514654554419,-91.25950462664115,1
cont_rastrigin_009,rastrigin,cont,300,med,"PSO_RING(p=20,ring,w=0.72,c1=1.49,c2=1.49)",PSO_RING,2,-72.11726508438298,-91.25950462664115,1
cont_rastrigin_009,rastrigin,cont,300,med,"PSO_RING(p=40,ring,w=0.72,c1=1.49,c2=1.49)",PSO_RING,0,-82.84448372365385,-91.25950462664115,1
cont_rastrigin_009,rastrigin,cont,300,med,"PSO_RING(p=40,ring,w=0.72,c1=1.49,c2=1.49)",PSO_RING,1,-78.40580345071288,-91.25950462664115,1
cont_rastrigin_009,rastrigin,cont,300,med,"PSO_RING(p=40,ring,w=0.72,c1=1.49,c2=1.49)",PSO_RING,2,-79.53056888692059,-91.25950462664115,1
cont_rastrigin_009,rastrigin,cont,300,med,"DE(pop=20,F=0.8,CR=0.9)",DE,0,-80.25507815161758,-91.25950462664115,1
cont_rastrigin_009,rastrigin,cont,300,med,"DE(pop=20,F=0.8,CR=0.9)",DE,1,-101.03407631549436,-91.25950462664115,0
cont_rastrigin_009,rastrigin,cont,300,med,"DE(pop=20,F=0.8,CR=0.9)",DE,2,-83.19209349650505,-91.25950462664115,1
cont_rastrigin_009,rastrigin,cont,300,med,"DE(pop=40,F=0.8,CR=0.9)",DE,0,-93.10843541983165,-91.25950462664115,0
cont_rastrigin_009,rastrigin,cont,300,med,"DE(pop=40,F=0.8,CR=0.9)",DE,1,-108.33661420604726,-91.25950462664115,0
cont_rastrigin_009,rastrigin,cont,300,med,"DE(pop=40,F=0.8,CR=0.9)",DE,2,-83.15015139214546,-91.25950462664115,1
cont_rastrigin_009,rastrigin,cont,300,med,"ES_ML(mu=10,lam=40,sigma=0.3)",ES_ML,0,-39.52987033875378,-91.25950462664115,1
cont_rastrigin_009,rastrigin,cont,300,med,"ES_ML(mu=10,lam=40,sigma=0.3)",ES_ML,1,-47.449704162214864,-91.25950462664115,1
cont_rastrigin_009,rastrigin,cont,300,med,"ES_ML(mu=10,lam=40,sigma=0.3)",ES_ML,2,-62.723643798157546,-91.25950462664115,1
cont_rastrigin_009,rastrigin,cont,300,med,"ES_ML(mu=20,lam=80,sigma=0.2)",ES_ML,0,-55.55288034605478,-91.25950462664115,1
cont_rastrigin_009,rastrigin,cont,300,med,"ES_ML(mu=20,lam=80,sigma=0.2)",ES_ML,1,-40.31614739972572,-91.25950462664115,1
cont_rastrigin_009,rastrigin,cont,300,med,"ES_ML(mu=20,lam=80,sigma=0.2)",ES_ML,2,-38.05273591852792,-91.25950462664115,1
cont_rastrigin_009,rastrigin,cont,300,hard,RS_CONT,RS_CONT,0,-96.10243690362401,-88.75469285374612,0
cont_rastrigin_009,rastrigin,cont,300,hard,RS_CONT,RS_CONT,1,-94.04883628308534,-88.75469285374612,0
cont_rastrigin_009,rastrigin,cont,300,hard,RS_CONT,RS_CONT,2,-90.13662006031383,-88.75469285374612,0
cont_rastrigin_009,rastrigin,cont,300,hard,HC_CONT(sigma=0.2),HC_CONT,0,-141.88767358334826,-88.75469285374612,0
cont_rastrigin_009,rastrigin,cont,300,hard,HC_CONT(sigma=0.2),HC_CONT,1,-109.96145259240217,-88.75469285374612,0
cont_rastrigin_009,rastrigin,cont,300,hard,HC_CONT(sigma=0.2),HC_CONT,2,-95.46307633290662,-88.75469285374612,0
cont_rastrigin_009,rastrigin,cont,300,hard,"SA_CONT(sigma=0.3,T0=1.0,alpha=0.995)",SA_CONT,0,-132.7105552097194,-88.75469285374612,0
cont_rastrigin_009,rastrigin,cont,300,hard,"SA_CONT(sigma=0.3,T0=1.0,alpha=0.995)",SA_CONT,1,-136.6988988443802,-88.75469285374612,0
cont_rastrigin_009,rastrigin,cont,300,hard,"SA_CONT(sigma=0.3,T0=1.0,alpha=0.995)",SA_CONT,2,-91.18640181281162,-88.75469285374612,0
cont_rastrigin_009,rastrigin,cont,300,hard,"PSO_STD(p=20,w=0.72,c1=1.49,c2=1.49)",PSO_STD,0,-74.32118656109189,-88.75469285374612,1
cont_rastrigin_009,rastrigin,cont,300,hard,"PSO_STD(p=20,w=0.72,c1=1.49,c2=1.49)",PSO_STD,1,-58.017270829336155,-88.75469285374612,1
cont_rastrigin_009,rastrigin,cont,300,hard,"PSO_STD(p=20,w=0.72,c1=1.49,c2=1.49)",PSO_STD,2,-72.0666276164523,-88.75469285374612,1
cont_rastrigin_009,rastrigin,cont,300,hard,"PSO_STD(p=40,w=0.72,c1=1.49,c2=1.49)",PSO_STD,0,-71.83520690801828,-88.75469285374612,1
cont_rastrigin_009,rastrigin,cont,300,hard,"PSO_STD(p=40,w=0.72,c1=1.49,c2=1.49)",PSO_STD,1,-63.701648156653704,-88.75469285374612,1
cont_rastrigin_009,rastrigin,cont,300,hard,"PSO_STD(p=40,w=0.72,c1=1.49,c2=1.49)",PSO_STD,2,-65.66596079575409,-88.75469285374612,1
cont_rastrigin_009,rastrigin,cont,300,hard,"PSO_RING(p=20,ring,w=0.72,c1=1.49,c2=1.49)",PSO_RING,0,-86.219874560212,-88.75469285374612,1
cont_rastrigin_009,rastrigin,cont,300,hard,"PSO_RING(p=20,ring,w=0.72,c1=1.49,c2=1.49)",PSO_RING,1,-62.098494040488795,-88.75469285374612,1
cont_rastrigin_009,rastrigin,cont,300,hard,"PSO_RING(p=20,ring,w=0.72,c1=1.49,c2=1.49)",PSO_RING,2,-73.15658707241667,-88.75469285374612,1
cont_rastrigin_009,rastrigin,cont,300,hard,"PSO_RING(p=40,ring,w=0.72,c1=1.49,c2=1.49)",PSO_RING,0,-89.63839795520497,-88.75469285374612,0
cont_rastrigin_009,rastrigin,cont,300,hard,"PSO_RING(p=40,ring,w=0.72,c1=1.49,c2=1.49)",PSO_RING,1,-80.6249697534211,-88.75469285374612,1
cont_rastrigin_009,rastrigin,cont,300,hard,"PSO_RING(p=40,ring,w=0.72,c1=1.49,c2=1.49)",PSO_RING,2,-84.35366959252673,-88.75469285374612,1
cont_rastrigin_009,rastrigin,cont,300,hard,"DE(pop=20,F=0.8,CR=0.9)",DE,0,-108.1459758032412,-88.75469285374612,0
cont_rastrigin_009,rastrigin,cont,300,hard,"DE(pop=20,F=0.8,CR=0.9)",DE,1,-105.70394094681072,-88.75469285374612,0
cont_rastrigin_009,rastrigin,cont,300,hard,"DE(pop=20,F=0.8,CR=0.9)",DE,2,-115.26158860193074,-88.75469285374612,0
cont_rastrigin_009,rastrigin,cont,300,hard,"DE(pop=40,F=0.8,CR=0.9)",DE,0,-115.38708871766006,-88.75469285374612,0
cont_rastrigin_009,rastrigin,cont,300,hard,"DE(pop=40,F=0.8,CR=0.9)",DE,1,-99.20189045718342,-88.75469285374612,0
cont_rastrigin_009,rastrigin,cont,300,hard,"DE(pop=40,F=0.8,CR=0.9)",DE,2,-108.48838034062314,-88.75469285374612,0
cont_rastrigin_009,rastrigin,cont,300,hard,"ES_ML(mu=10,lam=40,sigma=0.3)",ES_ML,0,-50.88951181518595,-88.75469285374612,1
cont_rastrigin_009,rastrigin,cont,300,hard,"ES_ML(mu=10,lam=40,sigma=0.3)",ES_ML,1,-49.31583574330347,-88.75469285374612,1
cont_rastrigin_009,rastrigin,cont,300,hard,"ES_ML(mu=10,lam=40,sigma=0.3)",ES_ML,2,-52.55092420464375,-88.75469285374612,1
cont_rastrigin_009,rastrigin,cont,300,hard,"ES_ML(mu=20,lam=80,sigma=0.2)",ES_ML,0,-52.753234041166564,-88.75469285374612,1
cont_rastrigin_009,rastrigin,cont,300,hard,"ES_ML(mu=20,lam=80,sigma=0.2)",ES_ML,1,-51.17074804128862,-88.75469285374612,1
cont_rastrigin_009,rastrigin,cont,300,hard,"ES_ML(mu=20,lam=80,sigma=0.2)",ES_ML,2,-48.94980225368557,-88.75469285374612,1
cont_rastrigin_009,rastrigin,cont,800,easy,RS_CONT,RS_CONT,0,-62.11413619700654,-88.55138275169026,1
cont_rastrigin_009,rastrigin,cont,800,easy,RS_CONT,RS_CONT,1,-91.37052202521616,-88.55138275169026,0
cont_rastrigin_009,rastrigin,cont,800,easy,RS_CONT,RS_CONT,2,-93.44670045000122,-88.55138275169026,0
cont_rastrigin_009,rastrigin,cont,800,easy,HC_CONT(sigma=0.2),HC_CONT,0,-108.77944035626034,-88.55138275169026,0
cont_rastrigin_009,rastrigin,cont,800,easy,HC_CONT(sigma=0.2),HC_CONT,1,-123.97079450902976,-88.55138275169026,0
cont_rastrigin_009,rastrigin,cont,800,easy,HC_CONT(sigma=0.2),HC_CONT,2,-129.98840885824333,-88.55138275169026,0
cont_rastrigin_009,rastrigin,cont,800,easy,"SA_CONT(sigma=0.3,T0=1.0,alpha=0.995)",SA_CONT,0,-119.58087101978636,-88.55138275169026,0
cont_rastrigin_009,rastrigin,cont,800,easy,"SA_CONT(sigma=0.3,T0=1.0,alpha=0.995)",SA_CONT,1,-112.1676053088285,-88.55138275169026,0
cont_rastrigin_009,rastrigin,cont,800,easy,"SA_CONT(sigma=0.3,T0=1.0,alpha=0.995)",SA_CONT,2,-116.96073739440035,-88.55138275169026,0
cont_rastrigin_009,rastrigin,cont,800,easy,"PSO_STD(p=20,w=0.72,c1=1.49,c2=1.49)",PSO_STD,0,-45.438720605220034,-88.55138275169026,1
cont_rastrigin_009,rastrigin,cont,800,easy,"PSO_STD(p=20,w=0.72,c1=1.49,c2=1.49)",PSO_STD,1,-37.602538503224494,-88.55138275169026,1
cont_rastrigin_009,rastrigin,cont,800,easy,"PSO_STD(p=20,w=0.72,c1=1.49,c2=1.49)",PSO_STD,2,-53.11761568141819,-88.55138275169026,1
cont_rastrigin_009,rastrigin,cont,800,easy,"PSO_STD(p=40,w=0.72,c1=1.49,c2=1.49)",PSO_STD,0,-46.042189321573744,-88.55138275169026,1
cont_rastrigin_009,rastrigin,cont,800,easy,"PSO_STD(p=40,w=0.72,c1=1.49,c2=1.49)",PSO_STD,1,-43.7799744796166,-88.55138275169026,1
cont_rastrigin_009,rastrigin,cont,800,easy,"PSO_STD(p=40,w=0.72,c1=1.49,c2=1.49)",PSO_STD,2,-60.84079875582937,-88.55138275169026,1
cont_rastrigin_009,rastrigin,cont,800,easy,"PSO_RING(p=20,ring,w=0.72,c1=1.49,c2=1.49)",PSO_RING,0,-64.75520091761594,-88.55138275169026,1
cont_rastrigin_009,rastrigin,cont,800,easy,"PSO_RING(p=20,ring,w=0.72,c1=1.49,c2=1.49)",PSO_RING,1,-33.09697422955607,-88.55138275169026,1
cont_rastrigin_009,rastrigin,cont,800,easy,"PSO_RING(p=20,ring,w=0.72,c1=1.49,c2=1.49)",PSO_RING,2,-39.48952587729059,-88.55138275169026,1
cont_rastrigin_009,rastrigin,cont,800,easy,"PSO_RING(p=40,ring,w=0.72,c1=1.49,c2=1.49)",PSO_RING,0,-60.732253376814384,-88.55138275169026,1
cont_rastrigin_009,rastrigin,cont,800,easy,"PSO_RING(p=40,ring,w=0.72,c1=1.49,c2=1.49)",PSO_RING,1,-72.91843822710356,-88.55138275169026,1
cont_rastrigin_009,rastrigin,cont,800,easy,"PSO_RING(p=40,ring,w=0.72,c1=1.49,c2=1.49)",PSO_RING,2,-60.94590600893862,-88.55138275169026,1
cont_rastrigin_009,rastrigin,cont,800,easy,"DE(pop=20,F=0.8,CR=0.9)",DE,0,-91.22503359175882,-88.55138275169026,0
cont_rastrigin_009,rastrigin,cont,800,easy,"DE(pop=20,F=0.8,CR=0.9)",DE,1,-83.04160003574157,-88.55138275169026,1
cont_rastrigin_009,rastrigin,cont,800,easy,"DE(pop=20,F=0.8,CR=0.9)",DE,2,-76.09824083742862,-88.55138275169026,1
cont_rastrigin_009,rastrigin,cont,800,easy,"DE(pop=40,F=0.8,CR=0.9)",DE,0,-82.18631863798399,-88.55138275169026,1
cont_rastrigin_009,rastrigin,cont,800,easy,"DE(pop=40,F=0.8,CR=0.9)",DE,1,-83.77242797040725,-88.55138275169026,1
cont_rastrigin_009,rastrigin,cont,800,easy,"DE(pop=40,F=0.8,CR=0.9)",DE,2,-84.4487832584655,-88.55138275169026,1
cont_rastrigin_009,rastrigin,cont,800,easy,"ES_ML(mu=10,lam=40,sigma=0.3)",ES_ML,0,-33.607728552347695,-88.55138275169026,1
cont_rastrigin_009,rastrigin,cont,800,easy,"ES_ML(mu=10,lam=40,sigma=0.3)",ES_ML,1,-26.046166529147143,-88.55138275169026,1
cont_rastrigin_009,rastrigin,cont,800,easy,"ES_ML(mu=10,lam=40,sigma=0.3)",ES_ML,2,-45.15010176923414,-88.55138275169026,1
cont_rastrigin_009,rastrigin,cont,800,easy,"ES_ML(mu=20,lam=80,sigma=0.2)",ES_ML,0,-27.65030088677814,-88.55138275169026,1
cont_rastrigin_009,rastrigin,cont,800,easy,"ES_ML(mu=20,lam=80,sigma=0.2)",ES_ML,1,-32.77242251748784,-88.55138275169026,1
cont_rastrigin_009,rastrigin,cont,800,easy,"ES_ML(mu=20,lam=80,sigma=0.2)",ES_ML,2,-34.29138777684513,-88.55138275169026,1
cont_rastrigin_009,rastrigin,cont,800,med,RS_CONT,RS_CONT,0,-76.53328510909526,-83.79390193814059,1
cont_rastrigin_009,rastrigin,cont,800,med,RS_CONT,RS_CONT,1,-75.18619203022192,-83.79390193814059,1
cont_rastrigin_009,rastrigin,cont,800,med,RS_CONT,RS_CONT,2,-78.38912955939651,-83.79390193814059,1
cont_rastrigin_009,rastrigin,cont,800,med,HC_CONT(sigma=0.2),HC_CONT,0,-48.68658449175091,-83.79390193814059,1
cont_rastrigin_009,rastrigin,cont,800,med,HC_CONT(sigma=0.2),HC_CONT,1,-158.35674506986038,-83.79390193814059,0
cont_rastrigin_009,rastrigin,cont,800,med,HC_CONT(sigma=0.2),HC_CONT,2,-83.59172997709112,-83.79390193814059,1
cont_rastrigin_009,rastrigin,cont,800,med,"SA_CONT(sigma=0.3,T0=1.0,alpha=0.995)",SA_CONT,0,-63.80289470293573,-83.79390193814059,1
cont_rastrigin_009,rastrigin,cont,800,med,"SA_CONT(sigma=0.3,T0=1.0,alpha=0.995)",SA_CONT,1,-141.0648420019732,-83.79390193814059,0
cont_rastrigin_009,rastrigin,cont,800,med,"SA_CONT(sigma=0.3,T0=1.0,alpha=0.995)",SA_CONT,2,-90.1520583647899,-83.79390193814059,0
cont_rastrigin_009,rastrigin,cont,800,med,"PSO_STD(p=20,w=0.72,c1=1.49,c2=1.49)",PSO_STD,0,-26.6187059580205,-83.79390193814059,1
cont_rastrigin_009,rastrigin,cont,800,med,"PSO_STD(p=20,w=0.72,c1=1.49,c2=1.49)",PSO_STD,1,-35.89293960460955,-83.79390193814059,1
cont_rastrigin_009,rastrigin,cont,800,med,"PSO_STD(p=20,w=0.72,c1=1.49,c2=1.49)",PSO_STD,2,-52.4589779281946,-83.79390193814059,1
cont_rastrigin_009,rastrigin,cont,800,med,"PSO_STD(p=40,w=0.72,c1=1.49,c2=1.49)",PSO_STD,0,-57.92841007398603,-83.79390193814059,1
cont_rastrigin_009,rastrigin,cont,800,med,"PSO_STD(p=40,w=0.72,c1=1.49,c2=1.49)",PSO_STD,1,-75.47719406583013,-83.79390193814059,1
cont_rastrigin_009,rastrigin,cont,800,med,"PSO_STD(p=40,w=0.72,c1=1.49,c2=1.49)",PSO_STD,2,-61.80350484029241,-83.79390193814059,1
cont_rastrigin_009,rastrigin,cont,800,med,"PSO_RING(p=20,ring,w=0.72,c1=1.49,c2=1.49)",PSO_RING,0,-62.93512441075238,-83.79390193814059,1
cont_rastrigin_009,rastrigin,cont,800,med,"PSO_RING(p=20,ring,w=0.72,c1=1.49,c2=1.49)",PSO_RING,1,-62.408697454887196,-83.79390193814059,1
cont_rastrigin_009,rastrigin,cont,800,med,"PSO_RING(p=20,ring,w=0.72,c1=1.49,c2=1.49)",PSO_RING,2,-37.79963915572382,-83.79390193814059,1
cont_rastrigin_009,rastrigin,cont,800,med,"PSO_RING(p=40,ring,w=0.72,c1=1.49,c2=1.49)",PSO_RING,0,-61.71766738975489,-83.79390193814059,1
cont_rastrigin_009,rastrigin,cont,800,med,"PSO_RING(p=40,ring,w=0.72,c1=1.49,c2=1.49)",PSO_RING,1,-56.24646457977348,-83.79390193814059,1
cont_rastrigin_009,rastrigin,cont,800,med,"PSO_RING(p=40,ring,w=0.72,c1=1.49,c2=1.49)",PSO_RING,2,-83.46995938404619,-83.79390193814059,1
cont_rastrigin_009,rastrigin,cont,800,med,"DE(pop=20,F=0.8,CR=0.9)",DE,0,-85.11150721232292,-83.79390193814059,0
cont_rastrigin_009,rastrigin,cont,800,med,"DE(pop=20,F=0.8,CR=0.9)",DE,1,-85.09948624013128,-83.79390193814059,0
cont_rastrigin_009,rastrigin,cont,800,med,"DE(pop=20,F=0.8,CR=0.9)",DE,2,-57.219528813859185,-83.79390193814059,1
cont_rastrigin_009,rastrigin,cont,800,med,"DE(pop=40,F=0.8,CR=0.9)",DE,0,-82.76072923493581,-83.79390193814059,1
cont_rastrigin_009,rastrigin,cont,800,med,"DE(pop=40,F=0.8,CR=0.9)",DE,1,-94.61634995388751,-83.79390193814059,0
cont_rastrigin_009,rastrigin,cont,800,med,"DE(pop=40,F=0.8,CR=0.9)",DE,2,-100.42801067877376,-83.79390193814059,0
cont_rastrigin_009,rastrigin,cont,800,med,"ES_ML(mu=10,lam=40,sigma=0.3)",ES_ML,0,-27.733804085902364,-83.79390193814059,1
cont_rastrigin_009,rastrigin,cont,800,med,"ES_ML(mu=10,lam=40,sigma=0.3)",ES_ML,1,-51.243745127950845,-83.79390193814059,1
cont_rastrigin_009,rastrigin,cont,800,med,"ES_ML(mu=10,lam=40,sigma=0.3)",ES_ML,2,-49.557282404851115,-83.79390193814059,1
cont_rastrigin_009,rastrigin,cont,800,med,"ES_ML(mu=20,lam=80,sigma=0.2)",ES_ML,0,-33.35677157042116,-83.79390193814059,1
cont_rastrigin_009,rastrigin,cont,800,med,"ES_ML(mu=20,lam=80,sigma=0.2)",ES_ML,1,-37.19488040249933,-83.79390193814059,1
cont_rastrigin_009,rastrigin,cont,800,med,"ES_ML(mu=20,lam=80,sigma=0.2)",ES_ML,2,-20.68967203639363,-83.79390193814059,1
cont_rastrigin_009,rastrigin,cont,800,hard,RS_CONT,RS_CONT,0,-79.62670864806277,-78.59713746894123,0
cont_rastrigin_009,rastrigin,cont,800,hard,RS_CONT,RS_CONT,1,-105.43977273866402,-78.59713746894123,0
cont_rastrigin_009,rastrigin,cont,800,hard,RS_CONT,RS_CONT,2,-85.57970351852305,-78.59713746894123,0
cont_rastrigin_009,rastrigin,cont,800,hard,HC_CONT(sigma=0.2),HC_CONT,0,-140.98845396316938,-78.59713746894123,0
cont_rastrigin_009,rastrigin,cont,800,hard,HC_CONT(sigma=0.2),HC_CONT,1,-111.25417921456396,-78.59713746894123,0
cont_rastrigin_009,rastrigin,cont,800,hard,HC_CONT(sigma=0.2),HC_CONT,2,-66.88885236739645,-78.59713746894123,1
cont_rastrigin_009,rastrigin,cont,800,hard,"SA_CONT(sigma=0.3,T0=1.0,alpha=0.995)",SA_CONT,0,-60.84045099201748,-78.59713746894123,1
cont_rastrigin_009,rastrigin,cont,800,hard,"SA_CONT(sigma=0.3,T0=1.0,alpha=0.995)",SA_CONT,1,-110.13445443715533,-78.59713746894123,0
cont_rastrigin_009,rastrigin,cont,800,hard,"SA_CONT(sigma=0.3,T0=1.0,alpha=0.995)",SA_CONT,2,-80.36000336536279,-78.59713746894123,0
cont_rastrigin_009,rastrigin,cont,800,hard,"PSO_STD(p=20,w=0.72,c1=1.49,c2=1.49)",PSO_STD,0,-58.55188450831448,-78.59713746894123,1
cont_rastrigin_009,rastrigin,cont,800,hard,"PSO_STD(p=20,w=0.72,c1=1.49,c2=1.49)",PSO_STD,1,-33.645610340600456,-78.59713746894123,1
cont_rastrigin_009,rastrigin,cont,800,hard,"PSO_STD(p=20,w=0.72,c1=1.49,c2=1.49)",PSO_STD,2,-40.75441632695231,-78.59713746894123,1
cont_rastrigin_009,rastrigin,cont,800,hard,"PSO_STD(p=40,w=0.72,c1=1.49,c2=1.49)",PSO_STD,0,-63.90363937498331,-78.59713746894123,1
cont_rastrigin_009,rastrigin,cont,800,hard,"PSO_STD(p=40,w=0.72,c1=1.49,c2=1.49)",PSO_STD,1,-56.754341270892866,-78.59713746894123,1
cont_rastrigin_009,rastrigin,cont,800,hard,"PSO_STD(p=40,w=0.72,c1=1.49,c2=1.49)",PSO_STD,2,-38.00333397183143,-78.59713746894123,1
cont_rastrigin_009,rastrigin,cont,800,hard,"PSO_RING(p=20,ring,w=0.72,c1=1.49,c2=1.49)",PSO_RING,0,-51.603738918855925,-78.59713746894123,1
cont_rastrigin_009,rastrigin,cont,800,hard,"PSO_RING(p=20,ring,w=0.72,c1=1.49,c2=1.49)",PSO_RING,1,-56.21720031080473,-78.59713746894123,1
cont_rastrigin_009,rastrigin,cont,800,hard,"PSO_RING(p=20,ring,w=0.72,c1=1.49,c2=1.49)",PSO_RING,2,-54.23673199915975,-78.59713746894123,1
cont_rastrigin_009,rastrigin,cont,800,hard,"PSO_RING(p=40,ring,w=0.72,c1=1.49,c2=1.49)",PSO_RING,0,-60.3791783159043,-78.59713746894123,1
cont_rastrigin_009,rastrigin,cont,800,hard,"PSO_RING(p=40,ring,w=0.72,c1=1.49,c2=1.49)",PSO_RING,1,-65.24458175133566,-78.59713746894123,1
cont_rastrigin_009,rastrigin,cont,800,hard,"PSO_RING(p=40,ring,w=0.72,c1=1.49,c2=1.49)",PSO_RING,2,-66.52417063423,-78.59713746894123,1
cont_rastrigin_009,rastrigin,cont,800,hard,"DE(pop=20,F=0.8,CR=0.9)",DE,0,-70.38362677768603,-78.59713746894123,1
cont_rastrigin_009,rastrigin,cont,800,hard,"DE(pop=20,F=0.8,CR=0.9)",DE,1,-78.83913663508645,-78.59713746894123,0
cont_rastrigin_009,rastrigin,cont,800,hard,"DE(pop=20,F=0.8,CR=0.9)",DE,2,-70.06256132879145,-78.59713746894123,1
cont_rastrigin_009,rastrigin,cont,800,hard,"DE(pop=40,F=0.8,CR=0.9)",DE,0,-88.29103086348795,-78.59713746894123,0
cont_rastrigin_009,rastrigin,cont,800,hard,"DE(pop=40,F=0.8,CR=0.9)",DE,1,-94.45879175728824,-78.59713746894123,0
cont_rastrigin_009,rastrigin,cont,800,hard,"DE(pop=40,F=0.8,CR=0.9)",DE,2,-90.3439470862252,-78.59713746894123,0
cont_rastrigin_009,rastrigin,cont,800,hard,"ES_ML(mu=10,lam=40,sigma=0.3)",ES_ML,0,-36.054644348104226,-78.59713746894123,1
cont_rastrigin_009,rastrigin,cont,800,hard,"ES_ML(mu=10,lam=40,sigma=0.3)",ES_ML,1,-45.75257019608843,-78.59713746894123,1
cont_rastrigin_009,rastrigin,cont,800,hard,"ES_ML(mu=10,lam=40,sigma=0.3)",ES_ML,2,-40.98144060060021,-78.59713746894123,1
cont_rastrigin_009,rastrigin,cont,800,hard,"ES_ML(mu=20,lam=80,sigma=0.2)",ES_ML,0,-27.927935047030786,-78.59713746894123,1
cont_rastrigin_009,rastrigin,cont,800,hard,"ES_ML(mu=20,lam=80,sigma=0.2)",ES_ML,1,-27.436189228276078,-78.59713746894123,1
cont_rastrigin_009,rastrigin,cont,800,hard,"ES_ML(mu=20,lam=80,sigma=0.2)",ES_ML,2,-45.47515222467928,-78.59713746894123,1
cont_sphere_010,sphere,cont,300,easy,RS_CONT,RS_CONT,0,-38.59813971874269,-28.11547676221614,0
cont_sphere_010,sphere,cont,300,easy,RS_CONT,RS_CONT,1,-32.352085371276466,-28.11547676221614,0
cont_sphere_010,sphere,cont,300,easy,RS_CONT,RS_CONT,2,-29.23394668812777,-28.11547676221614,0
cont_sphere_010,sphere,cont,300,easy,HC_CONT(sigma=0.2),HC_CONT,0,-0.09179736117122066,-28.11547676221614,1
cont_sphere_010,sphere,cont,300,easy,HC_CONT(sigma=0.2),HC_CONT,1,-0.08641825053900615,-28.11547676221614,1
cont_sphere_010,sphere,cont,300,easy,HC_CONT(sigma=0.2),HC_CONT,2,-0.17450959713179862,-28.11547676221614,1
cont_sphere_010,sphere,cont,300,easy,"SA_CONT(sigma=0.3,T0=1.0,alpha=0.995)",SA_CONT,0,-0.8080141072511212,-28.11547676221614,1
cont_sphere_010,sphere,cont,300,easy,"SA_CONT(sigma=0.3,T0=1.0,alpha=0.995)",SA_CONT,1,-0.43575395625261726,-28.11547676221614,1
cont_sphere_010,sphere,cont,300,easy,"SA_CONT(sigma=0.3,T0=1.0,alpha=0.995)",SA_CONT,2,-0.6018529361049231,-28.11547676221614,1
cont_sphere_010,sphere,cont,300,easy,"PSO_STD(p=20,w=0.72,c1=1.49,c2=1.49)",PSO_STD,0,-5.822516321089326,-28.11547676221614,1
cont_sphere_010,sphere,cont,300,easy,"PSO_STD(p=20,w=0.72,c1=1.49,c2=1.49)",PSO_STD,1,-2.3017468556670853,-28.11547676221614,1
cont_sphere_010,sphere,cont,300,easy,"PSO_STD(p=20,w=0.72,c1=1.49,c2=1.49)",PSO_STD,2,-4.602711975369156,-28.11547676221614,1
cont_sphere_010,sphere,cont,300,easy,"PSO_STD(p=40,w=0.72,c1=1.49,c2=1.49)",PSO_STD,0,-5.467402416967973,-28.11547676221614,1
cont_sphere_010,sphere,cont,300,easy,"PSO_STD(p=40,w=0.72,c1=1.49,c2=1.49)",PSO_STD,1,-3.0831984897195173,-28.11547676221614,1
cont_sphere_010,sphere,cont,300,easy,"PSO_STD(p=40,w=0.72,c1=1.49,c2=1.49)",PSO_STD,2,-8.206022269748217,-28.11547676221614,1
cont_sphere_010,sphere,cont,300,easy,"PSO_RING(p=20,ring,w=0.72,c1=1.49,c2=1.49)",PSO_RING,0,-7.749227703583707,-28.11547676221614,1
cont_sphere_010,sphere,cont,300,easy,"PSO_RING(p=20,ring,w=0.72,c1=1.49,c2=1.49)",PSO_RING,1,-5.608783452912724,-28.11547676221614,1
cont_sphere_010,sphere,cont,300,easy,"PSO_RING(p=20,ring,w=0.72,c1=1.49,c2=1.49)",PSO_RING,2,-3.6118871196154414,-28.11547676221614,1
cont_sphere_010,sphere,cont,300,easy,"PSO_RING(p=40,ring,w=0.72,c1=1.49,c2=1.49)",PSO_RING,0,-16.589166840099843,-28.11547676221614,1
cont_sphere_010,sphere,cont,300,easy,"PSO_RING(p=40,ring,w=0.72,c1=1.49,c2=1.49)",PSO_RING,1,-14.918650270780038,-28.11547676221614,1
cont_sphere_010,sphere,cont,300,easy,"PSO_RING(p=40,ring,w=0.72,c1=1.49,c2=1.49)",PSO_RING,2,-8.771032094446426,-28.11547676221614,1
cont_sphere_010,sphere,cont,300,easy,"DE(pop=20,F=0.8,CR=0.9)",DE,0,-15.718889272390282,-28.11547676221614,1
cont_sphere_010,sphere,cont,300,easy,"DE(pop=20,F=0.8,CR=0.9)",DE,1,-27.95671619431312,-28.11547676221614,1
cont_sphere_010,sphere,cont,300,easy,"DE(pop=20,F=0.8,CR=0.9)",DE,2,-26.90774614811691,-28.11547676221614,1
cont_sphere_010,sphere,cont,300,easy,"DE(pop=40,F=0.8,CR=0.9)",DE,0,-15.843675191876798,-28.11547676221614,1
cont_sphere_010,sphere,cont,300,easy,"DE(pop=40,F=0.8,CR=0.9)",DE,1,-40.61320039110602,-28.11547676221614,0
cont_sphere_010,sphere,cont,300,easy,"DE(pop=40,F=0.8,CR=0.9)",DE,2,-27.22524407577389,-28.11547676221614,1
cont_sphere_010,sphere,cont,300,easy,"ES_ML(mu=10,lam=40,sigma=0.3)",ES_ML,0,-0.8004698072126077,-28.11547676221614,1
cont_sphere_010,sphere,cont,300,easy,"ES_ML(mu=10,lam=40,sigma=0.3)",ES_ML,1,-1.3105159448825825,-28.11547676221614,1
cont_sphere_010,sphere,cont,300,easy,"ES_ML(mu=10,lam=40,sigma=0.3)",ES_ML,2,-3.0566380289790347,-28.11547676221614,1
cont_sphere_010,sphere,cont,300,easy,"ES_ML(mu=20,lam=80,sigma=0.2)",ES_ML,0,-2.3736816741053754,-28.11547676221614,1
cont_sphere_010,sphere,cont,300,easy,"ES_ML(mu=20,lam=80,sigma=0.2)",ES_ML,1,-2.0825321898086804,-28.11547676221614,1
cont_sphere_010,sphere,cont,300,easy,"ES_ML(mu=20,lam=80,sigma=0.2)",ES_ML,2,-1.2845367326536203,-28.11547676221614,1
cont_sphere_010,sphere,cont,300,med,RS_CONT,RS_CONT,0,-27.572873372369763,-26.764824377639506,0
cont_sphere_010,sphere,cont,300,med,RS_CONT,RS_CONT,1,-22.45998991995694,-26.764824377639506,1
cont_sphere_010,sphere,cont,300,med,RS_CONT,RS_CONT,2,-27.935642056598763,-26.764824377639506,0
cont_sphere_010,sphere,cont,300,med,HC_CONT(sigma=0.2),HC_CONT,0,-0.1781872212661913,-26.764824377639506,1
cont_sphere_010,sphere,cont,300,med,HC_CONT(sigma=0.2),HC_CONT,1,-0.1529885932034475,-26.764824377639506,1
cont_sphere_010,sphere,cont,300,med,HC_CONT(sigma=0.2),HC_CONT,2,-0.11105758448843422,-26.764824377639506,1
cont_sphere_010,sphere,cont,300,med,"SA_CONT(sigma=0.3,T0=1.0,alpha=0.995)",SA_CONT,0,-0.3995907833298817,-26.764824377639506,1
cont_sphere_010,sphere,cont,300,med,"SA_CONT(sigma=0.3,T0=1.0,alpha=0.995)",SA_CONT,1,-0.47431680164213014,-26.764824377639506,1
cont_sphere_010,sphere,cont,300,med,"SA_CONT(sigma=0.3,T0=1.0,alpha=0.995)",SA_CONT,2,-0.3952503117617816,-26.764824377639506,1
cont_sphere_010,sphere,cont,300,med,"PSO_STD(p=20,w=0.72,c1=1.49,c2=1.49)",PSO_STD,0,-3.6619906417585857,-26.764824377639506,1
cont_sphere_010,sphere,cont,300,med,"PSO_STD(p=20,w=0.72,c1=1.49,c2=1.49)",PSO_STD,1,-4.313041644911935,-26.764824377639506,1
cont_sphere_010,sphere,cont,300,med,"PSO_STD(p=20,w=0.72,c1=1.49,c2=1.49)",PSO_STD,2,-3.3265666465078745,-26.764824377639506,1
cont_sphere_010,sphere,cont,300,med,"PSO_STD(p=40,w=0.72,c1=1.49,c2=1.49)",PSO_STD,0,-7.277229374597649,-26.764824377639506,1
cont_sphere_010,sphere,cont,300,med,"PSO_STD(p=40,w=0.72,c1=1.49,c2=1.49)",PSO_STD,1,-3.9373478923271614,-26.764824377639506,1
cont_sphere_010,sphere,cont,300,med,"PSO_STD(p=40,w=0.72,c1=1.49,c2=1.49)",PSO_STD,2,-5.715905457055815,-26.764824377639506,1
cont_sphere_010,sphere,cont,300,med,"PSO_RING(p=20,ring,w=0.72,c1=1.49,c2=1.49)",PSO_RING,0,-4.112706649137389,-26.764824377639506,1
cont_sphere_010,sphere,cont,300,med,"PSO_RING(p=20,ring,w=0.72,c1=1.49,c2=1.49)",PSO_RING,1,-15.509433381790858,-26.764824377639506,1
cont_sphere_010,sphere,cont,300,med,"PSO_RING(p=20,ring,w=0.72,c1=1.49,c2=1.49)",PSO_RING,2,-9.314817110203416,-26.764824377639506,1
cont_sphere_010,sphere,cont,300,med,"PSO_RING(p=40,ring,w=0.72,c1=1.49,c2=1.49)",PSO_RING,0,-13.609227123300856,-26.764824377639506,1
cont_sphere_010,sphere,cont,300,med,"PSO_RING(p=40,ring,w=0.72,c1=1.49,c2=1.49)",PSO_RING,1,-20.201382638027265,-26.764824377639506,1
cont_sphere_010,sphere,cont,300,med,"PSO_RING(p=40,ring,w=0.72,c1=1.49,c2=1.49)",PSO_RING,2,-19.139048187002416,-26.764824377639506,1
cont_sphere_010,sphere,cont,300,med,"DE(pop=20,F=0.8,CR=0.9)",DE,0,-12.426096762357094,-26.764824377639506,1
cont_sphere_010,sphere,cont,300,med,"DE(pop=20,F=0.8,CR=0.9)",DE,1,-29.942097538618306,-26.764824377639506,0
cont_sphere_010,sphere,cont,300,med,"DE(pop=20,F=0.8,CR=0.9)",DE,2,-25.875192293942362,-26.764824377639506,1
cont_sphere_010,sphere,cont,300,med,"DE(pop=40,F=0.8,CR=0.9)",DE,0,-22.104698911805574,-26.764824377639506,1
cont_sphere_010,sphere,cont,300,med,"DE(pop=40,F=0.8,CR=0.9)",DE,1,-38.85075616719681,-26.764824377639506,0
cont_sphere_010,sphere,cont,300,med,"DE(pop=40,F=0.8,CR=0.9)",DE,2,-20.999949420815305,-26.764824377639506,1
cont_sphere_010,sphere,cont,300,med,"ES_ML(mu=10,lam=40,sigma=0.3)",ES_ML,0,-1.253095208391983,-26.764824377639506,1
cont_sphere_010,sphere,cont,300,med,"ES_ML(mu=10,lam=40,sigma=0.3)",ES_ML,1,-0.3270799399517928,-26.764824377639506,1
cont_sphere_010,sphere,cont,300,med,"ES_ML(mu=10,lam=40,sigma=0.3)",ES_ML,2,-1.0702144304311472,-26.764824377639506,1
cont_sphere_010,sphere,cont,300,med,"ES_ML(mu=20,lam=80,sigma=0.2)",ES_ML,0,-0.5466809708792157,-26.764824377639506,1
cont_sphere_010,sphere,cont,300,med,"ES_ML(mu=20,lam=80,sigma=0.2)",ES_ML,1,-0.5558964108382257,-26.764824377639506,1
cont_sphere_010,sphere,cont,300,med,"ES_ML(mu=20,lam=80,sigma=0.2)",ES_ML,2,-0.8308250935826401,-26.764824377639506,1
cont_sphere_010,sphere,cont,300,hard,RS_CONT,RS_CONT,0,-31.019155992307272,-22.611917978693864,0
cont_sphere_010,sphere,cont,300,hard,RS_CONT,RS_CONT,1,-14.907901604932146,-22.611917978693864,1
cont_sphere_010,sphere,cont,300,hard,RS_CONT,RS_CONT,2,-33.28096817454659,-22.611917978693864,0
cont_sphere_010,sphere,cont,300,hard,HC_CONT(sigma=0.2),HC_CONT,0,-0.1905811317600422,-22.611917978693864,1
cont_sphere_010,sphere,cont,300,hard,HC_CONT(sigma=0.2),HC_CONT,1,-0.17417515837275943,-22.611917978693864,1
cont_sphere_010,sphere,cont,300,hard,HC_CONT(sigma=0.2),HC_CONT,2,-0.21607743933720278,-22.611917978693864,1
cont_sphere_010,sphere,cont,300,hard,"SA_CONT(sigma=0.3,T0=1.0,alpha=0.995)",SA_CONT,0,-0.7704116151515384,-22.611917978693864,1
cont_sphere_010,sphere,cont,300,hard,"SA_CONT(sigma=0.3,T0=1.0,alpha=0.995)",SA_CONT,1,-0.6956052583387471,-22.611917978693864,1
cont_sphere_010,sphere,cont,300,hard,"SA_CONT(sigma=0.3,T0=1.0,alpha=0.995)",SA_CONT,2,-0.5158424663896795,-22.611917978693864,1
cont_sphere_010,sphere,cont,300,hard,"PSO_STD(p=20,w=0.72,c1=1.49,c2=1.49)",PSO_STD,0,-5.7319917637351505,-22.611917978693864,1
cont_sphere_010,sphere,cont,300,hard,"PSO_STD(p=20,w=0.72,c1=1.49,c2=1.49)",PSO_STD,1,-1.450707063966915,-22.611917978693864,1
cont_sphere_010,sphere,cont,300,hard,"PSO_STD(p=20,w=0.72,c1=1.49,c2=1.49)",PSO_STD,2,-4.27865041660224,-22.611917978693864,1
cont_sphere_010,sphere,cont,300,hard,"PSO_STD(p=40,w=0.72,c1=1.49,c2=1.49)",PSO_STD,0,-11.726185719281993,-22.611917978693864,1
cont_sphere_010,sphere,cont,300,hard,"PSO_STD(p=40,w=0.72,c1=1.49,c2=1.49)",PSO_STD,1,-3.076920466182927,-22.611917978693864,1
cont_sphere_010,sphere,cont,300,hard,"PSO_STD(p=40,w=0.72,c1=1.49,c2=1.49)",PSO_STD,2,-8.077438662317832,-22.611917978693864,1
cont_sphere_010,sphere,cont,300,hard,"PSO_RING(p=20,ring,w=0.72,c1=1.49,c2=1.49)",PSO_RING,0,-9.899029260438729,-22.611917978693864,1
cont_sphere_010,sphere,cont,300,hard,"PSO_RING(p=20,ring,w=0.72,c1=1.49,c2=1.49)",PSO_RING,1,-20.563171497847378,-22.611917978693864,1
cont_sphere_010,sphere,cont,300,hard,"PSO_RING(p=20,ring,w=0.72,c1=1.49,c2=1.49)",PSO_RING,2,-5.781246300754344,-22.611917978693864,1
cont_sphere_010,sphere,cont,300,hard,"PSO_RING(p=40,ring,w=0.72,c1=1.49,c2=1.49)",PSO_RING,0,-16.603698063931244,-22.611917978693864,1
cont_sphere_010,sphere,cont,300,hard,"PSO_RING(p=40,ring,w=0.72,c1=1.49,c2=1.49)",PSO_RING,1,-14.287581580718557,-22.611917978693864,1
cont_sphere_010,sphere,cont,300,hard,"PSO_RING(p=40,ring,w=0.72,c1=1.49,c2=1.49)",PSO_RING,2,-11.066655789568253,-22.611917978693864,1
cont_sphere_010,sphere,cont,300,hard,"DE(pop=20,F=0.8,CR=0.9)",DE,0,-17.671902011663718,-22.611917978693864,1
cont_sphere_010,sphere,cont,300,hard,"DE(pop=20,F=0.8,CR=0.9)",DE,1,-19.41499679233023,-22.611917978693864,1
cont_sphere_010,sphere,cont,300,hard,"DE(pop=20,F=0.8,CR=0.9)",DE,2,-17.974475859444546,-22.611917978693864,1
cont_sphere_010,sphere,cont,300,hard,"DE(pop=40,F=0.8,CR=0.9)",DE,0,-37.420109660954395,-22.611917978693864,0
cont_sphere_010,sphere,cont,300,hard,"DE(pop=40,F=0.8,CR=0.9)",DE,1,-35.60358640532276,-22.611917978693864,0
cont_sphere_010,sphere,cont,300,hard,"DE(pop=40,F=0.8,CR=0.9)",DE,2,-17.52021477039898,-22.611917978693864,1
cont_sphere_010,sphere,cont,300,hard,"ES_ML(mu=10,lam=40,sigma=0.3)",ES_ML,0,-1.025097736978361,-22.611917978693864,1
cont_sphere_010,sphere,cont,300,hard,"ES_ML(mu=10,lam=40,sigma=0.3)",ES_ML,1,-3.2152683747381063,-22.611917978693864,1
cont_sphere_010,sphere,cont,300,hard,"ES_ML(mu=10,lam=40,sigma=0.3)",ES_ML,2,-0.5142964118996135,-22.611917978693864,1
cont_sphere_010,sphere,cont,300,hard,"ES_ML(mu=20,lam=80,sigma=0.2)",ES_ML,0,-1.4317314952581648,-22.611917978693864,1
cont_sphere_010,sphere,cont,300,hard,"ES_ML(mu=20,lam=80,sigma=0.2)",ES_ML,1,-1.47601972123497,-22.611917978693864,1
cont_sphere_010,sphere,cont,300,hard,"ES_ML(mu=20,lam=80,sigma=0.2)",ES_ML,2,-0.23178572260254002,-22.611917978693864,1
cont_sphere_010,sphere,cont,800,easy,RS_CONT,RS_CONT,0,-11.133811588663681,-17.72548398911391,1
cont_sphere_010,sphere,cont,800,easy,RS_CONT,RS_CONT,1,-23.63276418129553,-17.72548398911391,0
cont_sphere_010,sphere,cont,800,easy,RS_CONT,RS_CONT,2,-21.77815733582849,-17.72548398911391,0
cont_sphere_010,sphere,cont,800,easy,HC_CONT(sigma=0.2),HC_CONT,0,-0.06358714910244002,-17.72548398911391,1
cont_sphere_010,sphere,cont,800,easy,HC_CONT(sigma=0.2),HC_CONT,1,-0.10090699231080456,-17.72548398911391,1
cont_sphere_010,sphere,cont,800,easy,HC_CONT(sigma=0.2),HC_CONT,2,-0.051358413466694876,-17.72548398911391,1
cont_sphere_010,sphere,cont,800,easy,"SA_CONT(sigma=0.3,T0=1.0,alpha=0.995)",SA_CONT,0,-0.35960018271014316,-17.72548398911391,1
cont_sphere_010,sphere,cont,800,easy,"SA_CONT(sigma=0.3,T0=1.0,alpha=0.995)",SA_CONT,1,-0.14941509349451823,-17.72548398911391,1
cont_sphere_010,sphere,cont,800,easy,"SA_CONT(sigma=0.3,T0=1.0,alpha=0.995)",SA_CONT,2,-0.19574699702873036,-17.72548398911391,1
cont_sphere_010,sphere,cont,800,easy,"PSO_STD(p=20,w=0.72,c1=1.49,c2=1.49)",PSO_STD,0,-0.1003362313883907,-17.72548398911391,1
cont_sphere_010,sphere,cont,800,easy,"PSO_STD(p=20,w=0.72,c1=1.49,c2=1.49)",PSO_STD,1,-0.16032597331598522,-17.72548398911391,1
cont_sphere_010,sphere,cont,800,easy,"PSO_STD(p=20,w=0.72,c1=1.49,c2=1.49)",PSO_STD,2,-0.6100003697614664,-17.72548398911391,1
cont_sphere_010,sphere,cont,800,easy,"PSO_STD(p=40,w=0.72,c1=1.49,c2=1.49)",PSO_STD,0,-0.53068682231111,-17.72548398911391,1
cont_sphere_010,sphere,cont,800,easy,"PSO_STD(p=40,w=0.72,c1=1.49,c2=1.49)",PSO_STD,1,-0.33465074978894516,-17.72548398911391,1
cont_sphere_010,sphere,cont,800,easy,"PSO_STD(p=40,w=0.72,c1=1.49,c2=1.49)",PSO_STD,2,-1.1565435298782287,-17.72548398911391,1
cont_sphere_010,sphere,cont,800,easy,"PSO_RING(p=20,ring,w=0.72,c1=1.49,c2=1.49)",PSO_RING,0,-2.049064942094664,-17.72548398911391,1
cont_sphere_010,sphere,cont,800,easy,"PSO_RING(p=20,ring,w=0.72,c1=1.49,c2=1.49)",PSO_RING,1,-0.7246368619212453,-17.72548398911391,1
cont_sphere_010,sphere,cont,800,easy,"PSO_RING(p=20,ring,w=0.72,c1=1.49,c2=1.49)",PSO_RING,2,-1.6569675471044198,-17.72548398911391,1
cont_sphere_010,sphere,cont,800,easy,"PSO_RING(p=40,ring,w=0.72,c1=1.49,c2=1.49)",PSO_RING,0,-7.261641699538281,-17.72548398911391,1
cont_sphere_010,sphere,cont,800,easy,"PSO_RING(p=40,ring,w=0.72,c1=1.49,c2=1.49)",PSO_RING,1,-4.1390539001960445,-17.72548398911391,1
cont_sphere_010,sphere,cont,800,easy,"PSO_RING(p=40,ring,w=0.72,c1=1.49,c2=1.49)",PSO_RING,2,-4.930350805351147,-17.72548398911391,1
cont_sphere_010,sphere,cont,800,easy,"DE(pop=20,F=0.8,CR=0.9)",DE,0,-8.040042277840557,-17.72548398911391,1
cont_sphere_010,sphere,cont,800,easy,"DE(pop=20,F=0.8,CR=0.9)",DE,1,-14.947287806345834,-17.72548398911391,1
cont_sphere_010,sphere,cont,800,easy,"DE(pop=20,F=0.8,CR=0.9)",DE,2,-3.3260271104888206,-17.72548398911391,1
cont_sphere_010,sphere,cont,800,easy,"DE(pop=40,F=0.8,CR=0.9)",DE,0,-13.651200759800217,-17.72548398911391,1
cont_sphere_010,sphere,cont,800,easy,"DE(pop=40,F=0.8,CR=0.9)",DE,1,-22.83084500988628,-17.72548398911391,0
cont_sphere_010,sphere,cont,800,easy,"DE(pop=40,F=0.8,CR=0.9)",DE,2,-10.477575659186083,-17.72548398911391,1
cont_sphere_010,sphere,cont,800,easy,"ES_ML(mu=10,lam=40,sigma=0.3)",ES_ML,0,-0.10648957169060652,-17.72548398911391,1
cont_sphere_010,sphere,cont,800,easy,"ES_ML(mu=10,lam=40,sigma=0.3)",ES_ML,1,-0.13013094283361828,-17.72548398911391,1
cont_sphere_010,sphere,cont,800,easy,"ES_ML(mu=10,lam=40,sigma=0.3)",ES_ML,2,-0.26270195130262824,-17.72548398911391,1
cont_sphere_010,sphere,cont,800,easy,"ES_ML(mu=20,lam=80,sigma=0.2)",ES_ML,0,-0.09897926069493079,-17.72548398911391,1
cont_sphere_010,sphere,cont,800,easy,"ES_ML(mu=20,lam=80,sigma=0.2)",ES_ML,1,-0.12800993080643608,-17.72548398911391,1
cont_sphere_010,sphere,cont,800,easy,"ES_ML(mu=20,lam=80,sigma=0.2)",ES_ML,2,-0.16948797212159397,-17.72548398911391,1
cont_sphere_010,sphere,cont,800,med,RS_CONT,RS_CONT,0,-19.556630648081747,-16.89409527079178,0
cont_sphere_010,sphere,cont,800,med,RS_CONT,RS_CONT,1,-23.623010557426248,-16.89409527079178,0
cont_sphere_010,sphere,cont,800,med,RS_CONT,RS_CONT,2,-23.520353093127987,-16.89409527079178,0
cont_sphere_010,sphere,cont,800,med,HC_CONT(sigma=0.2),HC_CONT,0,-0.06120695796748524,-16.89409527079178,1
cont_sphere_010,sphere,cont,800,med,HC_CONT(sigma=0.2),HC_CONT,1,-0.06731922931610122,-16.89409527079178,1
cont_sphere_010,sphere,cont,800,med,HC_CONT(sigma=0.2),HC_CONT,2,-0.08525769776645863,-16.89409527079178,1
cont_sphere_010,sphere,cont,800,med,"SA_CONT(sigma=0.3,T0=1.0,alpha=0.995)",SA_CONT,0,-0.2669956620378772,-16.89409527079178,1
cont_sphere_010,sphere,cont,800,med,"SA_CONT(sigma=0.3,T0=1.0,alpha=0.995)",SA_CONT,1,-0.41392332883127503,-16.89409527079178,1
cont_sphere_010,sphere,cont,800,med,"SA_CONT(sigma=0.3,T0=1.0,alpha=0.995)",SA_CONT,2,-0.19350016402034112,-16.89409527079178,1
cont_sphere_010,sphere,cont,800,med,"PSO_STD(p=20,w=0.72,c1=1.49,c2=1.49)",PSO_STD,0,-0.02491080900256464,-16.89409527079178,1
cont_sphere_010,sphere,cont,800,med,"PSO_STD(p=20,w=0.72,c1=1.49,c2=1.49)",PSO_STD,1,-0.09876441642937951,-16.89409527079178,1
cont_sphere_010,sphere,cont,800,med,"PSO_STD(p=20,w=0.72,c1=1.49,c2=1.49)",PSO_STD,2,-0.05968047716886507,-16.89409527079178,1
cont_sphere_010,sphere,cont,800,med,"PSO_STD(p=40,w=0.72,c1=1.49,c2=1.49)",PSO_STD,0,-0.9269914056894569,-16.89409527079178,1
cont_sphere_010,sphere,cont,800,med,"PSO_STD(p=40,w=0.72,c1=1.49,c2=1.49)",PSO_STD,1,-0.4247268983727164,-16.89409527079178,1
cont_sphere_010,sphere,cont,800,med,"PSO_STD(p=40,w=0.72,c1=1.49,c2=1.49)",PSO_STD,2,-1.0726106297891942,-16.89409527079178,1
cont_sphere_010,sphere,cont,800,med,"PSO_RING(p=20,ring,w=0.72,c1=1.49,c2=1.49)",PSO_RING,0,-1.6220979265809414,-16.89409527079178,1
cont_sphere_010,sphere,cont,800,med,"PSO_RING(p=20,ring,w=0.72,c1=1.49,c2=1.49)",PSO_RING,1,-0.992299096895557,-16.89409527079178,1
cont_sphere_010,sphere,cont,800,med,"PSO_RING(p=20,ring,w=0.72,c1=1.49,c2=1.49)",PSO_RING,2,-1.4322813016264262,-16.89409527079178,1
cont_sphere_010,sphere,cont,800,med,"PSO_RING(p=40,ring,w=0.72,c1=1.49,c2=1.49)",PSO_RING,0,-2.436277396787103,-16.89409527079178,1
cont_sphere_010,sphere,cont,800,med,"PSO_RING(p=40,ring,w=0.72,c1=1.49,c2=1.49)",PSO_RING,1,-6.190406981524978,-16.89409527079178,1
cont_sphere_010,sphere,cont,800,med,"PSO_RING(p=40,ring,w=0.72,c1=1.49,c2=1.49)",PSO_RING,2,-4.094588988903868,-16.89409527079178,1
cont_sphere_010,sphere,cont,800,med,"DE(pop=20,F=0.8,CR=0.9)",DE,0,-1.3597359751844968,-16.89409527079178,1
cont_sphere_010,sphere,cont,800,med,"DE(pop=20,F=0.8,CR=0.9)",DE,1,-6.492673468804665,-16.89409527079178,1
cont_sphere_010,sphere,cont,800,med,"DE(pop=20,F=0.8,CR=0.9)",DE,2,-11.758873217642181,-16.89409527079178,1
cont_sphere_010,sphere,cont,800,med,"DE(pop=40,F=0.8,CR=0.9)",DE,0,-17.105628636839736,-16.89409527079178,0
cont_sphere_010,sphere,cont,800,med,"DE(pop=40,F=0.8,CR=0.9)",DE,1,-19.432980774452314,-16.89409527079178,0
cont_sphere_010,sphere,cont,800,med,"DE(pop=40,F=0.8,CR=0.9)",DE,2,-9.455747532071172,-16.89409527079178,1
cont_sphere_010,sphere,cont,800,med,"ES_ML(mu=10,lam=40,sigma=0.3)",ES_ML,0,-0.2519338202126998,-16.89409527079178,1
cont_sphere_010,sphere,cont,800,med,"ES_ML(mu=10,lam=40,sigma=0.3)",ES_ML,1,-0.14676273808149484,-16.89409527079178,1
cont_sphere_010,sphere,cont,800,med,"ES_ML(mu=10,lam=40,sigma=0.3)",ES_ML,2,-0.17633550170157833,-16.89409527079178,1
cont_sphere_010,sphere,cont,800,med,"ES_ML(mu=20,lam=80,sigma=0.2)",ES_ML,0,-0.14094979784699033,-16.89409527079178,1
cont_sphere_010,sphere,cont,800,med,"ES_ML(mu=20,lam=80,sigma=0.2)",ES_ML,1,-0.09908951105487755,-16.89409527079178,1
cont_sphere_010,sphere,cont,800,med,"ES_ML(mu=20,lam=80,sigma=0.2)",ES_ML,2,-0.0978151829007654,-16.89409527079178,1
cont_sphere_010,sphere,cont,800,hard,RS_CONT,RS_CONT,0,-12.098664285370493,-15.862802137193032,1
cont_sphere_010,sphere,cont,800,hard,RS_CONT,RS_CONT,1,-25.13670360318035,-15.862802137193032,0
cont_sphere_010,sphere,cont,800,hard,RS_CONT,RS_CONT,2,-25.63830745715929,-15.862802137193032,0
cont_sphere_010,sphere,cont,800,hard,HC_CONT(sigma=0.2),HC_CONT,0,-0.07072345597390117,-15.862802137193032,1
cont_sphere_010,sphere,cont,800,hard,HC_CONT(sigma=0.2),HC_CONT,1,-0.06620062153927778,-15.862802137193032,1
cont_sphere_010,sphere,cont,800,hard,HC_CONT(sigma=0.2),HC_CONT,2,-0.09635724915456183,-15.862802137193032,1
cont_sphere_010,sphere,cont,800,hard,"SA_CONT(sigma=0.3,T0=1.0,alpha=0.995)",SA_CONT,0,-0.19309274417296124,-15.862802137193032,1
cont_sphere_010,sphere,cont,800,hard,"SA_CONT(sigma=0.3,T0=1.0,alpha=0.995)",SA_CONT,1,-0.19595504480711157,-15.862802137193032,1
cont_sphere_010,sphere,cont,800,hard,"SA_CONT(sigma=0.3,T0=1.0,alpha=0.995)",SA_CONT,2,-0.26149834027093305,-15.862802137193032,1
cont_sphere_010,sphere,cont,800,hard,"PSO_STD(p=20,w=0.72,c1=1.49,c2=1.49)",PSO_STD,0,-0.023027629934699555,-15.862802137193032,1
cont_sphere_010,sphere,cont,800,hard,"PSO_STD(p=20,w=0.72,c1=1.49,c2=1.49)",PSO_STD,1,-0.0610330809313926,-15.862802137193032,1
cont_sphere_010,sphere,cont,800,hard,"PSO_STD(p=20,w=0.72,c1=1.49,c2=1.49)",PSO_STD,2,-0.13295502996948802,-15.862802137193032,1
cont_sphere_010,sphere,cont,800,hard,"PSO_STD(p=40,w=0.72,c1=1.49,c2=1.49)",PSO_STD,0,-1.5951503622408636,-15.862802137193032,1
cont_sphere_010,sphere,cont,800,hard,"PSO_STD(p=40,w=0.72,c1=1.49,c2=1.49)",PSO_STD,1,-1.6816765223408154,-15.862802137193032,1
cont_sphere_010,sphere,cont,800,hard,"PSO_STD(p=40,w=0.72,c1=1.49,c2=1.49)",PSO_STD,2,-0.9868949126662947,-15.862802137193032,1
cont_sphere_010,sphere,cont,800,hard,"PSO_RING(p=20,ring,w=0.72,c1=1.49,c2=1.49)",PSO_RING,0,-1.5133078560414015,-15.862802137193032,1
cont_sphere_010,sphere,cont,800,hard,"PSO_RING(p=20,ring,w=0.72,c1=1.49,c2=1.49)",PSO_RING,1,-0.9279953614047112,-15.862802137193032,1
cont_sphere_010,sphere,cont,800,hard,"PSO_RING(p=20,ring,w=0.72,c1=1.49,c2=1.49)",PSO_RING,2,-1.753990558604636,-15.862802137193032,1
cont_sphere_010,sphere,cont,800,hard,"PSO_RING(p=40,ring,w=0.72,c1=1.49,c2=1.49)",PSO_RING,0,-4.878244975771811,-15.862802137193032,1
cont_sphere_010,sphere,cont,800,hard,"PSO_RING(p=40,ring,w=0.72,c1=1.49,c2=1.49)",PSO_RING,1,-4.372644760189573,-15.862802137193032,1
cont_sphere_010,sphere,cont,800,hard,"PSO_RING(p=40,ring,w=0.72,c1=1.49,c2=1.49)",PSO_RING,2,-1.1734564265682397,-15.862802137193032,1
cont_sphere_010,sphere,cont,800,hard,"DE(pop=20,F=0.8,CR=0.9)",DE,0,-3.4531165338276537,-15.862802137193032,1
cont_sphere_010,sphere,cont,800,hard,"DE(pop=20,F=0.8,CR=0.9)",DE,1,-7.768599080936818,-15.862802137193032,1
cont_sphere_010,sphere,cont,800,hard,"DE(pop=20,F=0.8,CR=0.9)",DE,2,-4.255988145253951,-15.862802137193032,1
cont_sphere_010,sphere,cont,800,hard,"DE(pop=40,F=0.8,CR=0.9)",DE,0,-14.185179420359514,-15.862802137193032,1
cont_sphere_010,sphere,cont,800,hard,"DE(pop=40,F=0.8,CR=0.9)",DE,1,-14.201914451986204,-15.862802137193032,1
cont_sphere_010,sphere,cont,800,hard,"DE(pop=40,F=0.8,CR=0.9)",DE,2,-13.940869892857675,-15.862802137193032,1
cont_sphere_010,sphere,cont,800,hard,"ES_ML(mu=10,lam=40,sigma=0.3)",ES_ML,0,-0.14002537880697288,-15.862802137193032,1
cont_sphere_010,sphere,cont,800,hard,"ES_ML(mu=10,lam=40,sigma=0.3)",ES_ML,1,-0.16663544146522366,-15.862802137193032,1
cont_sphere_010,sphere,cont,800,hard,"ES_ML(mu=10,lam=40,sigma=0.3)",ES_ML,2,-0.23127053291752295,-15.862802137193032,1
cont_sphere_010,sphere,cont,800,hard,"ES_ML(mu=20,lam=80,sigma=0.2)",ES_ML,0,-0.14092647961942675,-15.862802137193032,1
cont_sphere_010,sphere,cont,800,hard,"ES_ML(mu=20,lam=80,sigma=0.2)",ES_ML,1,-0.15419742883837936,-15.862802137193032,1
cont_sphere_010,sphere,cont,800,hard,"ES_ML(mu=20,lam=80,sigma=0.2)",ES_ML,2,-0.09253387102029936,-15.862802137193032,1
cont_rastrigin_011,rastrigin,cont,300,easy,RS_CONT,RS_CONT,0,-95.44778859679514,-100.77793285990379,1
cont_rastrigin_011,rastrigin,cont,300,easy,RS_CONT,RS_CONT,1,-109.80878213741016,-100.77793285990379,0
cont_rastrigin_011,rastrigin,cont,300,easy,RS_CONT,RS_CONT,2,-104.07649650677125,-100.77793285990379,0
cont_rastrigin_011,rastrigin,cont,300,easy,HC_CONT(sigma=0.2),HC_CONT,0,-82.46077505699844,-100.77793285990379,1
cont_rastrigin_011,rastrigin,cont,300,easy,HC_CONT(sigma=0.2),HC_CONT,1,-125.94181266727233,-100.77793285990379,0
cont_rastrigin_011,rastrigin,cont,300,easy,HC_CONT(sigma=0.2),HC_CONT,2,-99.51837285763399,-100.77793285990379,1
cont_rastrigin_011,rastrigin,cont,300,easy,"SA_CONT(sigma=0.3,T0=1.0,alpha=0.995)",SA_CONT,0,-108.41056520304225,-100.77793285990379,0
cont_rastrigin_011,rastrigin,cont,300,easy,"SA_CONT(sigma=0.3,T0=1.0,alpha=0.995)",SA_CONT,1,-88.7782812900909,-100.77793285990379,1
cont_rastrigin_011,rastrigin,cont,300,easy,"SA_CONT(sigma=0.3,T0=1.0,alpha=0.995)",SA_CONT,2,-108.3947756291169,-100.77793285990379,0
cont_rastrigin_011,rastrigin,cont,300,easy,"PSO_STD(p=20,w=0.72,c1=1.49,c2=1.49)",PSO_STD,0,-56.64966362487243,-100.77793285990379,1
cont_rastrigin_011,rastrigin,cont,300,easy,"PSO_STD(p=20,w=0.72,c1=1.49,c2=1.49)",PSO_STD,1,-53.17358344138741,-100.77793285990379,1
cont_rastrigin_011,rastrigin,cont,300,easy,"PSO_STD(p=20,w=0.72,c1=1.49,c2=1.49)",PSO_STD,2,-68.67053344267728,-100.77793285990379,1
cont_rastrigin_011,rastrigin,cont,300,easy,"PSO_STD(p=40,w=0.72,c1=1.49,c2=1.49)",PSO_STD,0,-70.68182720819338,-100.77793285990379,1
cont_rastrigin_011,rastrigin,cont,300,easy,"PSO_STD(p=40,w=0.72,c1=1.49,c2=1.49)",PSO_STD,1,-61.33745327112142,-100.77793285990379,1
cont_rastrigin_011,rastrigin,cont,300,easy,"PSO_STD(p=40,w=0.72,c1=1.49,c2=1.49)",PSO_STD,2,-83.26435336296265,-100.77793285990379,1
cont_rastrigin_011,rastrigin,cont,300,easy,"PSO_RING(p=20,ring,w=0.72,c1=1.49,c2=1.49)",PSO_RING,0,-78.15046348455581,-100.77793285990379,1
cont_rastrigin_011,rastrigin,cont,300,easy,"PSO_RING(p=20,ring,w=0.72,c1=1.49,c2=1.49)",PSO_RING,1,-93.64903756702,-100.77793285990379,1
cont_rastrigin_011,rastrigin,cont,300,easy,"PSO_RING(p=20,ring,w=0.72,c1=1.49,c2=1.49)",PSO_RING,2,-89.92696835515187,-100.77793285990379,1
cont_rastrigin_011,rastrigin,cont,300,easy,"PSO_RING(p=40,ring,w=0.72,c1=1.49,c2=1.49)",PSO_RING,0,-89.91922060968231,-100.77793285990379,1
cont_rastrigin_011,rastrigin,cont,300,easy,"PSO_RING(p=40,ring,w=0.72,c1=1.49,c2=1.49)",PSO_RING,1,-83.47626136892377,-100.77793285990379,1
cont_rastrigin_011,rastrigin,cont,300,easy,"PSO_RING(p=40,ring,w=0.72,c1=1.49,c2=1.49)",PSO_RING,2,-84.30554724275261,-100.77793285990379,1
cont_rastrigin_011,rastrigin,cont,300,easy,"DE(pop=20,F=0.8,CR=0.9)",DE,0,-77.70157363122084,-100.77793285990379,1
cont_rastrigin_011,rastrigin,cont,300,easy,"DE(pop=20,F=0.8,CR=0.9)",DE,1,-82.56666757666372,-100.77793285990379,1
cont_rastrigin_011,rastrigin,cont,300,easy,"DE(pop=20,F=0.8,CR=0.9)",DE,2,-92.42864000453093,-100.77793285990379,1
cont_rastrigin_011,rastrigin,cont,300,easy,"DE(pop=40,F=0.8,CR=0.9)",DE,0,-99.32011215839594,-100.77793285990379,1
cont_rastrigin_011,rastrigin,cont,300,easy,"DE(pop=40,F=0.8,CR=0.9)",DE,1,-111.41403233375149,-100.77793285990379,0
cont_rastrigin_011,rastrigin,cont,300,easy,"DE(pop=40,F=0.8,CR=0.9)",DE,2,-91.29420171808897,-100.77793285990379,1
cont_rastrigin_011,rastrigin,cont,300,easy,"ES_ML(mu=10,lam=40,sigma=0.3)",ES_ML,0,-55.454560005868316,-100.77793285990379,1
cont_rastrigin_011,rastrigin,cont,300,easy,"ES_ML(mu=10,lam=40,sigma=0.3)",ES_ML,1,-45.02505953824574,-100.77793285990379,1
cont_rastrigin_011,rastrigin,cont,300,easy,"ES_ML(mu=10,lam=40,sigma=0.3)",ES_ML,2,-49.456832911395146,-100.77793285990379,1
cont_rastrigin_011,rastrigin,cont,300,easy,"ES_ML(mu=20,lam=80,sigma=0.2)",ES_ML,0,-57.00162225446844,-100.77793285990379,1
cont_rastrigin_011,rastrigin,cont,300,easy,"ES_ML(mu=20,lam=80,sigma=0.2)",ES_ML,1,-38.36995163217989,-100.77793285990379,1
cont_rastrigin_011,rastrigin,cont,300,easy,"ES_ML(mu=20,lam=80,sigma=0.2)",ES_ML,2,-50.651810849601105,-100.77793285990379,1
cont_rastrigin_011,rastrigin,cont,300,med,RS_CONT,RS_CONT,0,-110.96621263265735,-84.80717923286602,0
cont_rastrigin_011,rastrigin,cont,300,med,RS_CONT,RS_CONT,1,-93.53346079490021,-84.80717923286602,0
cont_rastrigin_011,rastrigin,cont,300,med,RS_CONT,RS_CONT,2,-70.42111655335805,-84.80717923286602,1
cont_rastrigin_011,rastrigin,cont,300,med,HC_CONT(sigma=0.2),HC_CONT,0,-122.24594597233077,-84.80717923286602,0
cont_rastrigin_011,rastrigin,cont,300,med,HC_CONT(sigma=0.2),HC_CONT,1,-181.45113287014505,-84.80717923286602,0
cont_rastrigin_011,rastrigin,cont,300,med,HC_CONT(sigma=0.2),HC_CONT,2,-115.64393868371216,-84.80717923286602,0
cont_rastrigin_011,rastrigin,cont,300,med,"SA_CONT(sigma=0.3,T0=1.0,alpha=0.995)",SA_CONT,0,-78.71081676464374,-84.80717923286602,1
cont_rastrigin_011,rastrigin,cont,300,med,"SA_CONT(sigma=0.3,T0=1.0,alpha=0.995)",SA_CONT,1,-101.52142702945153,-84.80717923286602,0
cont_rastrigin_011,rastrigin,cont,300,med,"SA_CONT(sigma=0.3,T0=1.0,alpha=0.995)",SA_CONT,2,-116.4801628458757,-84.80717923286602,0
cont_rastrigin_011,rastrigin,cont,300,med,"PSO_STD(p=20,w=0.72,c1=1.49,c2=1.49)",PSO_STD,0,-63.84253748082274,-84.80717923286602,1
cont_rastrigin_011,rastrigin,cont,300,med,"PSO_STD(p=20,w=0.72,c1=1.49,c2=1.49)",PSO_STD,1,-76.15621107327024,-84.80717923286602,1
cont_rastrigin_011,rastrigin,cont,300,med,"PSO_STD(p=20,w=0.72,c1=1.49,c2=1.49)",PSO_STD,2,-57.610967111747186,-84.80717923286602,1
cont_rastrigin_011,rastrigin,cont,300,med,"PSO_STD(p=40,w=0.72,c1=1.49,c2=1.49)",PSO_STD,0,-72.31665275622741,-84.80717923286602,1
cont_rastrigin_011,rastrigin,cont,300,med,"PSO_STD(p=40,w=0.72,c1=1.49,c2=1.49)",PSO_STD,1,-54.15183862699372,-84.80717923286602,1
cont_rastrigin_011,rastrigin,cont,300,med,"PSO_STD(p=40,w=0.72,c1=1.49,c2=1.49)",PSO_STD,2,-75.88377156110012,-84.80717923286602,1
cont_rastrigin_011,rastrigin,cont,300,med,"PSO_RING(p=20,ring,w=0.72,c1=1.49,c2=1.49)",PSO_RING,0,-76.31413437352224,-84.80717923286602,1
cont_rastrigin_011,rastrigin,cont,300,med,"PSO_RING(p=20,ring,w=0.72,c1=1.49,c2=1.49)",PSO_RING,1,-80.3473348041184,-84.80717923286602,1
cont_rastrigin_011,rastrigin,cont,300,med,"PSO_RING(p=20,ring,w=0.72,c1=1.49,c2=1.49)",PSO_RING,2,-76.4769313447408,-84.80717923286602,1
cont_rastrigin_011,rastrigin,cont,300,med,"PSO_RING(p=40,ring,w=0.72,c1=1.49,c2=1.49)",PSO_RING,0,-99.83184404207933,-84.80717923286602,0
cont_rastrigin_011,rastrigin,cont,300,med,"PSO_RING(p=40,ring,w=0.72,c1=1.49,c2=1.49)",PSO_RING,1,-76.91907409750175,-84.80717923286602,1
cont_rastrigin_011,rastrigin,cont,300,med,"PSO_RING(p=40,ring,w=0.72,c1=1.49,c2=1.49)",PSO_RING,2,-81.45892806879885,-84.80717923286602,1
cont_rastrigin_011,rastrigin,cont,300,med,"DE(pop=20,F=0.8,CR=0.9)",DE,0,-80.559631745128,-84.80717923286602,1
cont_rastrigin_011,rastrigin,cont,300,med,"DE(pop=20,F=0.8,CR=0.9)",DE,1,-94.56470743993276,-84.80717923286602,0
cont_rastrigin_011,rastrigin,cont,300,med,"DE(pop=20,F=0.8,CR=0.9)",DE,2,-95.27794661936973,-84.80717923286602,0
cont_rastrigin_011,rastrigin,cont,300,med,"DE(pop=40,F=0.8,CR=0.9)",DE,0,-112.90212835503404,-84.80717923286602,0
cont_rastrigin_011,rastrigin,cont,300,med,"DE(pop=40,F=0.8,CR=0.9)",DE,1,-106.50883505343666,-84.80717923286602,0
cont_rastrigin_011,rastrigin,cont,300,med,"DE(pop=40,F=0.8,CR=0.9)",DE,2,-83.10265452978462,-84.80717923286602,1
cont_rastrigin_011,rastrigin,cont,300,med,"ES_ML(mu=10,lam=40,sigma=0.3)",ES_ML,0,-51.79184344105038,-84.80717923286602,1
cont_rastrigin_011,rastrigin,cont,300,med,"ES_ML(mu=10,lam=40,sigma=0.3)",ES_ML,1,-58.956677469349415,-84.80717923286602,1
cont_rastrigin_011,rastrigin,cont,300,med,"ES_ML(mu=10,lam=40,sigma=0.3)",ES_ML,2,-51.503544242388976,-84.80717923286602,1
cont_rastrigin_011,rastrigin,cont,300,med,"ES_ML(mu=20,lam=80,sigma=0.2)",ES_ML,0,-58.284590092774295,-84.80717923286602,1
cont_rastrigin_011,rastrigin,cont,300,med,"ES_ML(mu=20,lam=80,sigma=0.2)",ES_ML,1,-52.45146923524962,-84.80717923286602,1
cont_rastrigin_011,rastrigin,cont,300,med,"ES_ML(mu=20,lam=80,sigma=0.2)",ES_ML,2,-48.472725807197065,-84.80717923286602,1
cont_rastrigin_011,rastrigin,cont,300,hard,RS_CONT,RS_CONT,0,-101.59496487085136,-79.65771305000654,0
cont_rastrigin_011,rastrigin,cont,300,hard,RS_CONT,RS_CONT,1,-108.31463186285667,-79.65771305000654,0
cont_rastrigin_011,rastrigin,cont,300,hard,RS_CONT,RS_CONT,2,-76.26485099805511,-79.65771305000654,1
cont_rastrigin_011,rastrigin,cont,300,hard,HC_CONT(sigma=0.2),HC_CONT,0,-128.91301360838156,-79.65771305000654,0
cont_rastrigin_011,rastrigin,cont,300,hard,HC_CONT(sigma=0.2),HC_CONT,1,-108.15321232832947,-79.65771305000654,0
cont_rastrigin_011,rastrigin,cont,300,hard,HC_CONT(sigma=0.2),HC_CONT,2,-91.78844972425412,-79.65771305000654,0
cont_rastrigin_011,rastrigin,cont,300,hard,"SA_CONT(sigma=0.3,T0=1.0,alpha=0.995)",SA_CONT,0,-113.66222792054658,-79.65771305000654,0
cont_rastrigin_011,rastrigin,cont,300,hard,"SA_CONT(sigma=0.3,T0=1.0,alpha=0.995)",SA_CONT,1,-131.97883003527232,-79.65771305000654,0
cont_rastrigin_011,rastrigin,cont,300,hard,"SA_CONT(sigma=0.3,T0=1.0,alpha=0.995)",SA_CONT,2,-108.4142293796098,-79.65771305000654,0
cont_rastrigin_011,rastrigin,cont,300,hard,"PSO_STD(p=20,w=0.72,c1=1.49,c2=1.49)",PSO_STD,0,-84.17216451950712,-79.65771305000654,0
cont_rastrigin_011,rastrigin,cont,300,hard,"PSO_STD(p=20,w=0.72,c1=1.49,c2=1.49)",PSO_STD,1,-71.68034260206278,-79.65771305000654,1
cont_rastrigin_011,rastrigin,cont,300,hard,"PSO_STD(p=20,w=0.72,c1=1.49,c2=1.49)",PSO_STD,2,-111.23696481703873,-79.65771305000654,0
cont_rastrigin_011,rastrigin,cont,300,hard,"PSO_STD(p=40,w=0.72,c1=1.49,c2=1.49)",PSO_STD,0,-66.49134921209462,-79.65771305000654,1
cont_rastrigin_011,rastrigin,cont,300,hard,"PSO_STD(p=40,w=0.72,c1=1.49,c2=1.49)",PSO_STD,1,-67.48869480276248,-79.65771305000654,1
cont_rastrigin_011,rastrigin,cont,300,hard,"PSO_STD(p=40,w=0.72,c1=1.49,c2=1.49)",PSO_STD,2,-87.15941718785984,-79.65771305000654,0
cont_rastrigin_011,rastrigin,cont,300,hard,"PSO_RING(p=20,ring,w=0.72,c1=1.49,c2=1.49)",PSO_RING,0,-62.139464728577416,-79.65771305000654,1
cont_rastrigin_011,rastrigin,cont,300,hard,"PSO_RING(p=20,ring,w=0.72,c1=1.49,c2=1.49)",PSO_RING,1,-83.74481785167197,-79.65771305000654,0
cont_rastrigin_011,rastrigin,cont,300,hard,"PSO_RING(p=20,ring,w=0.72,c1=1.49,c2=1.49)",PSO_RING,2,-80.66663976178856,-79.65771305000654,0
cont_rastrigin_011,rastrigin,cont,300,hard,"PSO_RING(p=40,ring,w=0.72,c1=1.49,c2=1.49)",PSO_RING,0,-71.08508625701776,-79.65771305000654,1
cont_rastrigin_011,rastrigin,cont,300,hard,"PSO_RING(p=40,ring,w=0.72,c1=1.49,c2=1.49)",PSO_RING,1,-81.40255660069099,-79.65771305000654,0
cont_rastrigin_011,rastrigin,cont,300,hard,"PSO_RING(p=40,ring,w=0.72,c1=1.49,c2=1.49)",PSO_RING,2,-77.79298795750776,-79.65771305000654,1
cont_rastrigin_011,rastrigin,cont,300,hard,"DE(pop=20,F=0.8,CR=0.9)",DE,0,-88.60423770883385,-79.65771305000654,0
cont_rastrigin_011,rastrigin,cont,300,hard,"DE(pop=20,F=0.8,CR=0.9)",DE,1,-84.07607485583897,-79.65771305000654,0
cont_rastrigin_011,rastrigin,cont,300,hard,"DE(pop=20,F=0.8,CR=0.9)",DE,2,-66.8606848728879,-79.65771305000654,1
cont_rastrigin_011,rastrigin,cont,300,hard,"DE(pop=40,F=0.8,CR=0.9)",DE,0,-100.85860279375376,-79.65771305000654,0
cont_rastrigin_011,rastrigin,cont,300,hard,"DE(pop=40,F=0.8,CR=0.9)",DE,1,-106.49054324204752,-79.65771305000654,0
cont_rastrigin_011,rastrigin,cont,300,hard,"DE(pop=40,F=0.8,CR=0.9)",DE,2,-105.41143445653353,-79.65771305000654,0
cont_rastrigin_011,rastrigin,cont,300,hard,"ES_ML(mu=10,lam=40,sigma=0.3)",ES_ML,0,-50.73264491507486,-79.65771305000654,1
cont_rastrigin_011,rastrigin,cont,300,hard,"ES_ML(mu=10,lam=40,sigma=0.3)",ES_ML,1,-54.68334086261285,-79.65771305000654,1
cont_rastrigin_011,rastrigin,cont,300,hard,"ES_ML(mu=10,lam=40,sigma=0.3)",ES_ML,2,-37.41096595878053,-79.65771305000654,1
cont_rastrigin_011,rastrigin,cont,300,hard,"ES_ML(mu=20,lam=80,sigma=0.2)",ES_ML,0,-32.44365625588519,-79.65771305000654,1
cont_rastrigin_011,rastrigin,cont,300,hard,"ES_ML(mu=20,lam=80,sigma=0.2)",ES_ML,1,-50.894545377784596,-79.65771305000654,1
cont_rastrigin_011,rastrigin,cont,300,hard,"ES_ML(mu=20,lam=80,sigma=0.2)",ES_ML,2,-45.09942617733961,-79.65771305000654,1
cont_rastrigin_011,rastrigin,cont,800,easy,RS_CONT,RS_CONT,0,-102.89467228170555,-89.65673386406026,0
cont_rastrigin_011,rastrigin,cont,800,easy,RS_CONT,RS_CONT,1,-97.63716405235465,-89.65673386406026,0
cont_rastrigin_011,rastrigin,cont,800,easy,RS_CONT,RS_CONT,2,-84.84605380201181,-89.65673386406026,1
cont_rastrigin_011,rastrigin,cont,800,easy,HC_CONT(sigma=0.2),HC_CONT,0,-127.95822852463742,-89.65673386406026,0
cont_rastrigin_011,rastrigin,cont,800,easy,HC_CONT(sigma=0.2),HC_CONT,1,-135.12991035586413,-89.65673386406026,0
cont_rastrigin_011,rastrigin,cont,800,easy,HC_CONT(sigma=0.2),HC_CONT,2,-54.14971797000678,-89.65673386406026,1
cont_rastrigin_011,rastrigin,cont,800,easy,"SA_CONT(sigma=0.3,T0=1.0,alpha=0.995)",SA_CONT,0,-119.27236605621738,-89.65673386406026,0
cont_rastrigin_011,rastrigin,cont,800,easy,"SA_CONT(sigma=0.3,T0=1.0,alpha=0.995)",SA_CONT,1,-98.3372701680334,-89.65673386406026,0
cont_rastrigin_011,rastrigin,cont,800,easy,"SA_CONT(sigma=0.3,T0=1.0,alpha=0.995)",SA_CONT,2,-99.87195144447365,-89.65673386406026,0
cont_rastrigin_011,rastrigin,cont,800,easy,"PSO_STD(p=20,w=0.72,c1=1.49,c2=1.49)",PSO_STD,0,-64.43024322185482,-89.65673386406026,1
cont_rastrigin_011,rastrigin,cont,800,easy,"PSO_STD(p=20,w=0.72,c1=1.49,c2=1.49)",PSO_STD,1,-57.945822276931494,-89.65673386406026,1
cont_rastrigin_011,rastrigin,cont,800,easy,"PSO_STD(p=20,w=0.72,c1=1.49,c2=1.49)",PSO_STD,2,-27.75330674496263,-89.65673386406026,1
cont_rastrigin_011,rastrigin,cont,800,easy,"PSO_STD(p=40,w=0.72,c1=1.49,c2=1.49)",PSO_STD,0,-75.12474909811164,-89.65673386406026,1
cont_rastrigin_011,rastrigin,cont,800,easy,"PSO_STD(p=40,w=0.72,c1=1.49,c2=1.49)",PSO_STD,1,-46.68379481608089,-89.65673386406026,1
cont_rastrigin_011,rastrigin,cont,800,easy,"PSO_STD(p=40,w=0.72,c1=1.49,c2=1.49)",PSO_STD,2,-42.08802299920711,-89.65673386406026,1
cont_rastrigin_011,rastrigin,cont,800,easy,"PSO_RING(p=20,ring,w=0.72,c1=1.49,c2=1.49)",PSO_RING,0,-40.45688601511347,-89.65673386406026,1
cont_rastrigin_011,rastrigin,cont,800,easy,"PSO_RING(p=20,ring,w=0.72,c1=1.49,c2=1.49)",PSO_RING,1,-47.3576706354989,-89.65673386406026,1
cont_rastrigin_011,rastrigin,cont,800,easy,"PSO_RING(p=20,ring,w=0.72,c1=1.49,c2=1.49)",PSO_RING,2,-47.17552950519689,-89.65673386406026,1
cont_rastrigin_011,rastrigin,cont,800,easy,"PSO_RING(p=40,ring,w=0.72,c1=1.49,c2=1.49)",PSO_RING,0,-68.53796169041496,-89.65673386406026,1
cont_rastrigin_011,rastrigin,cont,800,easy,"PSO_RING(p=40,ring,w=0.72,c1=1.49,c2=1.49)",PSO_RING,1,-55.871735190331144,-89.65673386406026,1
cont_rastrigin_011,rastrigin,cont,800,easy,"PSO_RING(p=40,ring,w=0.72,c1=1.49,c2=1.49)",PSO_RING,2,-71.29558952716938,-89.65673386406026,1
cont_rastrigin_011,rastrigin,cont,800,easy,"DE(pop=20,F=0.8,CR=0.9)",DE,0,-67.57108982320452,-89.65673386406026,1
cont_rastrigin_011,rastrigin,cont,800,easy,"DE(pop=20,F=0.8,CR=0.9)",DE,1,-97.50684958215982,-89.65673386406026,0
cont_rastrigin_011,rastrigin,cont,800,easy,"DE(pop=20,F=0.8,CR=0.9)",DE,2,-81.46351280052556,-89.65673386406026,1
cont_rastrigin_011,rastrigin,cont,800,easy,"DE(pop=40,F=0.8,CR=0.9)",DE,0,-96.05047480315432,-89.65673386406026,0
cont_rastrigin_011,rastrigin,cont,800,easy,"DE(pop=40,F=0.8,CR=0.9)",DE,1,-102.31139734157699,-89.65673386406026,0
cont_rastrigin_011,rastrigin,cont,800,easy,"DE(pop=40,F=0.8,CR=0.9)",DE,2,-78.97485004745238,-89.65673386406026,1
cont_rastrigin_011,rastrigin,cont,800,easy,"ES_ML(mu=10,lam=40,sigma=0.3)",ES_ML,0,-34.73084994756772,-89.65673386406026,1
cont_rastrigin_011,rastrigin,cont,800,easy,"ES_ML(mu=10,lam=40,sigma=0.3)",ES_ML,1,-44.76063678414225,-89.65673386406026,1
cont_rastrigin_011,rastrigin,cont,800,easy,"ES_ML(mu=10,lam=40,sigma=0.3)",ES_ML,2,-39.81363060610404,-89.65673386406026,1
cont_rastrigin_011,rastrigin,cont,800,easy,"ES_ML(mu=20,lam=80,sigma=0.2)",ES_ML,0,-35.536133329709315,-89.65673386406026,1
cont_rastrigin_011,rastrigin,cont,800,easy,"ES_ML(mu=20,lam=80,sigma=0.2)",ES_ML,1,-23.79465086783351,-89.65673386406026,1
cont_rastrigin_011,rastrigin,cont,800,easy,"ES_ML(mu=20,lam=80,sigma=0.2)",ES_ML,2,-37.60191983904921,-89.65673386406026,1
cont_rastrigin_011,rastrigin,cont,800,med,RS_CONT,RS_CONT,0,-84.8364273268557,-74.82768135847198,0
cont_rastrigin_011,rastrigin,cont,800,med,RS_CONT,RS_CONT,1,-97.65435172008922,-74.82768135847198,0
cont_rastrigin_011,rastrigin,cont,800,med,RS_CONT,RS_CONT,2,-88.01069497295722,-74.82768135847198,0
cont_rastrigin_011,rastrigin,cont,800,med,HC_CONT(sigma=0.2),HC_CONT,0,-100.24822618294661,-74.82768135847198,0
cont_rastrigin_011,rastrigin,cont,800,med,HC_CONT(sigma=0.2),HC_CONT,1,-98.79084967119005,-74.82768135847198,0
cont_rastrigin_011,rastrigin,cont,800,med,HC_CONT(sigma=0.2),HC_CONT,2,-83.91005644357838,-74.82768135847198,0
cont_rastrigin_011,rastrigin,cont,800,med,"SA_CONT(sigma=0.3,T0=1.0,alpha=0.995)",SA_CONT,0,-100.6534079388327,-74.82768135847198,0
cont_rastrigin_011,rastrigin,cont,800,med,"SA_CONT(sigma=0.3,T0=1.0,alpha=0.995)",SA_CONT,1,-113.54372462536246,-74.82768135847198,0
cont_rastrigin_011,rastrigin,cont,800,med,"SA_CONT(sigma=0.3,T0=1.0,alpha=0.995)",SA_CONT,2,-110.55932737547151,-74.82768135847198,0
cont_rastrigin_011,rastrigin,cont,800,med,"PSO_STD(p=20,w=0.72,c1=1.49,c2=1.49)",PSO_STD,0,-42.99512518992713,-74.82768135847198,1
cont_rastrigin_011,rastrigin,cont,800,med,"PSO_STD(p=20,w=0.72,c1=1.49,c2=1.49)",PSO_STD,1,-45.60078770032387,-74.82768135847198,1
cont_rastrigin_011,rastrigin,cont,800,med,"PSO_STD(p=20,w=0.72,c1=1.49,c2=1.49)",PSO_STD,2,-44.45292839275977,-74.82768135847198,1
cont_rastrigin_011,rastrigin,cont,800,med,"PSO_STD(p=40,w=0.72,c1=1.49,c2=1.49)",PSO_STD,0,-72.68314648749903,-74.82768135847198,1
cont_rastrigin_011,rastrigin,cont,800,med,"PSO_STD(p=40,w=0.72,c1=1.49,c2=1.49)",PSO_STD,1,-45.165466304565165,-74.82768135847198,1
cont_rastrigin_011,rastrigin,cont,800,med,"PSO_STD(p=40,w=0.72,c1=1.49,c2=1.49)",PSO_STD,2,-58.4999486875888,-74.82768135847198,1
cont_rastrigin_011,rastrigin,cont,800,med,"PSO_RING(p=20,ring,w=0.72,c1=1.49,c2=1.49)",PSO_RING,0,-69.15483527135954,-74.82768135847198,1
cont_rastrigin_011,rastrigin,cont,800,med,"PSO_RING(p=20,ring,w=0.72,c1=1.49,c2=1.49)",PSO_RING,1,-57.50972819435657,-74.82768135847198,1
cont_rastrigin_011,rastrigin,cont,800,med,"PSO_RING(p=20,ring,w=0.72,c1=1.49,c2=1.49)",PSO_RING,2,-32.50734295312748,-74.82768135847198,1
cont_rastrigin_011,rastrigin,cont,800,med,"PSO_RING(p=40,ring,w=0.72,c1=1.49,c2=1.49)",PSO_RING,0,-70.93653322546618,-74.82768135847198,1
cont_rastrigin_011,rastrigin,cont,800,med,"PSO_RING(p=40,ring,w=0.72,c1=1.49,c2=1.49)",PSO_RING,1,-56.81465229066691,-74.82768135847198,1
cont_rastrigin_011,rastrigin,cont,800,med,"PSO_RING(p=40,ring,w=0.72,c1=1.49,c2=1.49)",PSO_RING,2,-53.54438749471764,-74.82768135847198,1
cont_rastrigin_011,rastrigin,cont,800,med,"DE(pop=20,F=0.8,CR=0.9)",DE,0,-65.63818079448956,-74.82768135847198,1
cont_rastrigin_011,rastrigin,cont,800,med,"DE(pop=20,F=0.8,CR=0.9)",DE,1,-52.598946673701164,-74.82768135847198,1
cont_rastrigin_011,rastrigin,cont,800,med,"DE(pop=20,F=0.8,CR=0.9)",DE,2,-63.60672704008072,-74.82768135847198,1
cont_rastrigin_011,rastrigin,cont,800,med,"DE(pop=40,F=0.8,CR=0.9)",DE,0,-85.77672516467675,-74.82768135847198,0
cont_rastrigin_011,rastrigin,cont,800,med,"DE(pop=40,F=0.8,CR=0.9)",DE,1,-68.85204746755764,-74.82768135847198,1
cont_rastrigin_011,rastrigin,cont,800,med,"DE(pop=40,F=0.8,CR=0.9)",DE,2,-95.61225955922467,-74.82768135847198,0
cont_rastrigin_011,rastrigin,cont,800,med,"ES_ML(mu=10,lam=40,sigma=0.3)",ES_ML,0,-34.71669893385591,-74.82768135847198,1
cont_rastrigin_011,rastrigin,cont,800,med,"ES_ML(mu=10,lam=40,sigma=0.3)",ES_ML,1,-39.5256607155911,-74.82768135847198,1
cont_rastrigin_011,rastrigin,cont,800,med,"ES_ML(mu=10,lam=40,sigma=0.3)",ES_ML,2,-41.1930015308335,-74.82768135847198,1
cont_rastrigin_011,rastrigin,cont,800,med,"ES_ML(mu=20,lam=80,sigma=0.2)",ES_ML,0,-32.612475861116195,-74.82768135847198,1
cont_rastrigin_011,rastrigin,cont,800,med,"ES_ML(mu=20,lam=80,sigma=0.2)",ES_ML,1,-30.558268334592896,-74.82768135847198,1
cont_rastrigin_011,rastrigin,cont,800,med,"ES_ML(mu=20,lam=80,sigma=0.2)",ES_ML,2,-26.46060991086678,-74.82768135847198,1
cont_rastrigin_011,rastrigin,cont,800,hard,RS_CONT,RS_CONT,0,-94.46871705519803,-72.91809740696964,0
cont_rastrigin_011,rastrigin,cont,800,hard,RS_CONT,RS_CONT,1,-93.6700711350801,-72.91809740696964,0
cont_rastrigin_011,rastrigin,cont,800,hard,RS_CONT,RS_CONT,2,-93.24419016313675,-72.91809740696964,0
cont_rastrigin_011,rastrigin,cont,800,hard,HC_CONT(sigma=0.2),HC_CONT,0,-161.3847263987506,-72.91809740696964,0
cont_rastrigin_011,rastrigin,cont,800,hard,HC_CONT(sigma=0.2),HC_CONT,1,-58.69675526844773,-72.91809740696964,1
cont_rastrigin_011,rastrigin,cont,800,hard,HC_CONT(sigma=0.2),HC_CONT,2,-79.78199257756853,-72.91809740696964,0
cont_rastrigin_011,rastrigin,cont,800,hard,"SA_CONT(sigma=0.3,T0=1.0,alpha=0.995)",SA_CONT,0,-126.30167497562587,-72.91809740696964,0
cont_rastrigin_011,rastrigin,cont,800,hard,"SA_CONT(sigma=0.3,T0=1.0,alpha=0.995)",SA_CONT,1,-116.67402088470605,-72.91809740696964,0
cont_rastrigin_011,rastrigin,cont,800,hard,"SA_CONT(sigma=0.3,T0=1.0,alpha=0.995)",SA_CONT,2,-72.02390993048898,-72.91809740696964,1
cont_rastrigin_011,rastrigin,cont,800,hard,"PSO_STD(p=20,w=0.72,c1=1.49,c2=1.49)",PSO_STD,0,-44.01585305801211,-72.91809740696964,1
cont_rastrigin_011,rastrigin,cont,800,hard,"PSO_STD(p=20,w=0.72,c1=1.49,c2=1.49)",PSO_STD,1,-49.951619398228104,-72.91809740696964,1
cont_rastrigin_011,rastrigin,cont,800,hard,"PSO_STD(p=20,w=0.72,c1=1.49,c2=1.49)",PSO_STD,2,-38.42896764456621,-72.91809740696964,1
cont_rastrigin_011,rastrigin,cont,800,hard,"PSO_STD(p=40,w=0.72,c1=1.49,c2=1.49)",PSO_STD,0,-34.49356626483217,-72.91809740696964,1
cont_rastrigin_011,rastrigin,cont,800,hard,"PSO_STD(p=40,w=0.72,c1=1.49,c2=1.49)",PSO_STD,1,-39.30298396949659,-72.91809740696964,1
cont_rastrigin_011,rastrigin,cont,800,hard,"PSO_STD(p=40,w=0.72,c1=1.49,c2=1.49)",PSO_STD,2,-66.85254008281348,-72.91809740696964,1
cont_rastrigin_011,rastrigin,cont,800,hard,"PSO_RING(p=20,ring,w=0.72,c1=1.49,c2=1.49)",PSO_RING,0,-75.34043685452997,-72.91809740696964,0
cont_rastrigin_011,rastrigin,cont,800,hard,"PSO_RING(p=20,ring,w=0.72,c1=1.49,c2=1.49)",PSO_RING,1,-59.929783062757934,-72.91809740696964,1
cont_rastrigin_011,rastrigin,cont,800,hard,"PSO_RING(p=20,ring,w=0.72,c1=1.49,c2=1.49)",PSO_RING,2,-35.37186052326915,-72.91809740696964,1
cont_rastrigin_011,rastrigin,cont,800,hard,"PSO_RING(p=40,ring,w=0.72,c1=1.49,c2=1.49)",PSO_RING,0,-57.961097653475576,-72.91809740696964,1
cont_rastrigin_011,rastrigin,cont,800,hard,"PSO_RING(p=40,ring,w=0.72,c1=1.49,c2=1.49)",PSO_RING,1,-36.75127058844959,-72.91809740696964,1
cont_rastrigin_011,rastrigin,cont,800,hard,"PSO_RING(p=40,ring,w=0.72,c1=1.49,c2=1.49)",PSO_RING,2,-72.54594333352847,-72.91809740696964,1
cont_rastrigin_011,rastrigin,cont,800,hard,"DE(pop=20,F=0.8,CR=0.9)",DE,0,-92.29849604832211,-72.91809740696964,0
cont_rastrigin_011,rastrigin,cont,800,hard,"DE(pop=20,F=0.8,CR=0.9)",DE,1,-77.22260045421393,-72.91809740696964,0
cont_rastrigin_011,rastrigin,cont,800,hard,"DE(pop=20,F=0.8,CR=0.9)",DE,2,-71.33725760233725,-72.91809740696964,1
cont_rastrigin_011,rastrigin,cont,800,hard,"DE(pop=40,F=0.8,CR=0.9)",DE,0,-105.03401366191511,-72.91809740696964,0
cont_rastrigin_011,rastrigin,cont,800,hard,"DE(pop=40,F=0.8,CR=0.9)",DE,1,-91.46174851688093,-72.91809740696964,0
cont_rastrigin_011,rastrigin,cont,800,hard,"DE(pop=40,F=0.8,CR=0.9)",DE,2,-68.05039779249572,-72.91809740696964,1
cont_rastrigin_011,rastrigin,cont,800,hard,"ES_ML(mu=10,lam=40,sigma=0.3)",ES_ML,0,-22.800382406305587,-72.91809740696964,1
cont_rastrigin_011,rastrigin,cont,800,hard,"ES_ML(mu=10,lam=40,sigma=0.3)",ES_ML,1,-49.62233495824329,-72.91809740696964,1
cont_rastrigin_011,rastrigin,cont,800,hard,"ES_ML(mu=10,lam=40,sigma=0.3)",ES_ML,2,-37.67745765069618,-72.91809740696964,1
cont_rastrigin_011,rastrigin,cont,800,hard,"ES_ML(mu=20,lam=80,sigma=0.2)",ES_ML,0,-32.12215878156796,-72.91809740696964,1
cont_rastrigin_011,rastrigin,cont,800,hard,"ES_ML(mu=20,lam=80,sigma=0.2)",ES_ML,1,-34.15199415749977,-72.91809740696964,1
cont_rastrigin_011,rastrigin,cont,800,hard,"ES_ML(mu=20,lam=80,sigma=0.2)",ES_ML,2,-38.70428360318223,-72.91809740696964,1
