instance_id,problem,domain,budget,target,algo_variant,algo_base,successes,trials,succ_rate,beta_mean,beta_p05,beta_p95,mean_best,median_best,min_best,max_best
knapsack01_n20_cap114_i007,knapsack01,bin,500,12.8,"GA(pop=100,pc=0.9,pm=0.02)",GA,0,30,0.0,0.03125,0.0,0.08106970544208494,39.53333333333333,38.5,20.0,69.0
knapsack01_n20_cap114_i007,knapsack01,bin,500,12.8,"GA(pop=50,pc=0.9,pm=0.02)",GA,8,30,0.26666666666666666,0.28125,0.15251237843162144,0.40998762156837854,24.6,23.0,0.0,74.0
knapsack01_n20_cap114_i007,knapsack01,bin,500,12.8,"GA(pop=50,pc=0.9,pm=0.05)",GA,5,30,0.16666666666666666,0.1875,0.0757409741174901,0.2992590258825099,22.9,24.0,0.0,41.0
knapsack01_n20_cap114_i007,knapsack01,bin,500,12.8,HC(flips=1),HC,0,30,0.0,0.03125,0.0,0.08106970544208494,126.06666666666666,126.5,42.0,203.0
knapsack01_n20_cap114_i007,knapsack01,bin,500,12.8,HC(flips=2),HC,21,30,0.7,0.6875,0.5547814436639183,0.8202185563360817,12.933333333333334,11.0,5.0,41.0
knapsack01_n20_cap114_i007,knapsack01,bin,500,12.8,RS_BIN,RS_BIN,0,30,0.0,0.03125,0.0,0.08106970544208494,58.96666666666667,60.0,25.0,93.0
knapsack01_n20_cap114_i007,knapsack01,bin,500,12.8,"SA(T0=1.0,alpha=0.995,flips=1)",SA,0,30,0.0,0.03125,0.0,0.08106970544208494,118.03333333333333,119.0,40.0,170.0
knapsack01_n20_cap114_i007,knapsack01,bin,500,12.8,"SA(T0=2.0,alpha=0.99,flips=1)",SA,0,30,0.0,0.03125,0.0,0.08106970544208494,123.43333333333334,122.5,46.0,194.0
knapsack01_n20_cap114_i007,knapsack01,bin,500,12.8,"SA(T0=2.0,alpha=0.995,flips=2)",SA,23,30,0.7666666666666667,0.75,0.6260144928260626,0.8739855071739374,11.5,10.5,5.0,44.0
knapsack01_n20_cap114_i009,knapsack01,bin,500,3.0,"GA(pop=100,pc=0.9,pm=0.02)",GA,1,30,0.03333333333333333,0.0625,0.0,0.13181000556642797,25.766666666666666,25.5,3.0,55.0
knapsack01_n20_cap114_i009,knapsack01,bin,500,3.0,"GA(pop=50,pc=0.9,pm=0.02)",GA,0,30,0.0,0.03125,0.0,0.08106970544208494,15.433333333333334,12.0,4.0,36.0
knapsack01_n20_cap114_i009,knapsack01,bin,500,3.0,"GA(pop=50,pc=0.9,pm=0.05)",GA,2,30,0.06666666666666667,0.09375,0.010289701271523718,0.17721029872847627,14.833333333333334,13.0,3.0,38.0
knapsack01_n20_cap114_i009,knapsack01,bin,500,3.0,HC(flips=1),HC,0,30,0.0,0.03125,0.0,0.08106970544208494,91.03333333333333,89.5,36.0,131.0
knapsack01_n20_cap114_i009,knapsack01,bin,500,3.0,HC(flips=2),HC,25,30,0.8333333333333334,0.8125,0.7007409741174901,0.9242590258825099,2.8333333333333335,3.0,0.0,15.0
knapsack01_n20_cap114_i009,knapsack01,bin,500,3.0,RS_BIN,RS_BIN,0,30,0.0,0.03125,0.0,0.08106970544208494,39.43333333333333,40.5,21.0,55.0
knapsack01_n20_cap114_i009,knapsack01,bin,500,3.0,"SA(T0=1.0,alpha=0.995,flips=1)",SA,0,30,0.0,0.03125,0.0,0.08106970544208494,86.1,86.0,39.0,143.0
knapsack01_n20_cap114_i009,knapsack01,bin,500,3.0,"SA(T0=2.0,alpha=0.99,flips=1)",SA,0,30,0.0,0.03125,0.0,0.08106970544208494,83.76666666666667,94.5,22.0,131.0
knapsack01_n20_cap114_i009,knapsack01,bin,500,3.0,"SA(T0=2.0,alpha=0.995,flips=2)",SA,24,30,0.8,0.78125,0.6628806308954045,0.8996193691045955,2.966666666666667,3.0,0.0,10.0
knapsack01_n20_cap84_i011,knapsack01,bin,500,22.0,"GA(pop=100,pc=0.9,pm=0.02)",GA,0,30,0.0,0.03125,0.0,0.08106970544208494,44.06666666666667,45.5,23.0,68.0
knapsack01_n20_cap84_i011,knapsack01,bin,500,22.0,"GA(pop=50,pc=0.9,pm=0.02)",GA,7,30,0.23333333333333334,0.25,0.12601449282606259,0.3739855071739374,30.733333333333334,29.0,0.0,59.0
knapsack01_n20_cap84_i011,knapsack01,bin,500,22.0,"GA(pop=50,pc=0.9,pm=0.05)",GA,7,30,0.23333333333333334,0.25,0.12601449282606259,0.3739855071739374,30.6,30.5,4.0,54.0
knapsack01_n20_cap84_i011,knapsack01,bin,500,22.0,HC(flips=1),HC,0,30,0.0,0.03125,0.0,0.08106970544208494,110.8,112.0,26.0,205.0
knapsack01_n20_cap84_i011,knapsack01,bin,500,22.0,HC(flips=2),HC,23,30,0.7666666666666667,0.75,0.6260144928260626,0.8739855071739374,19.233333333333334,20.5,1.0,49.0
knapsack01_n20_cap84_i011,knapsack01,bin,500,22.0,RS_BIN,RS_BIN,0,30,0.0,0.03125,0.0,0.08106970544208494,60.46666666666667,60.0,29.0,86.0
knapsack01_n20_cap84_i011,knapsack01,bin,500,22.0,"SA(T0=1.0,alpha=0.995,flips=1)",SA,0,30,0.0,0.03125,0.0,0.08106970544208494,110.53333333333333,112.5,40.0,169.0
knapsack01_n20_cap84_i011,knapsack01,bin,500,22.0,"SA(T0=2.0,alpha=0.99,flips=1)",SA,0,30,0.0,0.03125,0.0,0.08106970544208494,105.46666666666667,101.0,36.0,188.0
knapsack01_n20_cap84_i011,knapsack01,bin,500,22.0,"SA(T0=2.0,alpha=0.995,flips=2)",SA,22,30,0.7333333333333333,0.71875,0.5900123784316215,0.8474876215683785,20.333333333333332,21.0,0.0,48.0
knapsack01_n30_cap159_i005,knapsack01,bin,500,33.2,"GA(pop=100,pc=0.9,pm=0.02)",GA,0,30,0.0,0.03125,0.0,0.08106970544208494,72.93333333333334,74.5,43.0,104.0
knapsack01_n30_cap159_i005,knapsack01,bin,500,33.2,"GA(pop=50,pc=0.9,pm=0.02)",GA,5,30,0.16666666666666666,0.1875,0.0757409741174901,0.2992590258825099,51.2,52.0,17.0,92.0
knapsack01_n30_cap159_i005,knapsack01,bin,500,33.2,"GA(pop=50,pc=0.9,pm=0.05)",GA,4,30,0.13333333333333333,0.15625,0.05228499165035805,0.26021500834964195,55.233333333333334,54.0,25.0,88.0
knapsack01_n30_cap159_i005,knapsack01,bin,500,33.2,HC(flips=1),HC,0,30,0.0,0.03125,0.0,0.08106970544208494,158.8,156.0,73.0,267.0
knapsack01_n30_cap159_i005,knapsack01,bin,500,33.2,HC(flips=2),HC,26,30,0.8666666666666667,0.84375,0.739784991650358,0.947715008349642,30.266666666666666,29.5,13.0,58.0
knapsack01_n30_cap159_i005,knapsack01,bin,500,33.2,RS_BIN,RS_BIN,0,30,0.0,0.03125,0.0,0.08106970544208494,109.2,110.0,57.0,139.0
knapsack01_n30_cap159_i005,knapsack01,bin,500,33.2,"SA(T0=1.0,alpha=0.995,flips=1)",SA,0,30,0.0,0.03125,0.0,0.08106970544208494,160.76666666666668,162.5,96.0,261.0
knapsack01_n30_cap159_i005,knapsack01,bin,500,33.2,"SA(T0=2.0,alpha=0.99,flips=1)",SA,0,30,0.0,0.03125,0.0,0.08106970544208494,155.56666666666666,150.5,82.0,237.0
knapsack01_n30_cap159_i005,knapsack01,bin,500,33.2,"SA(T0=2.0,alpha=0.995,flips=2)",SA,19,30,0.6333333333333333,0.625,0.48637998886714406,0.7636200111328559,34.1,32.0,12.0,79.0
knapsack01_n30_cap162_i003,knapsack01,bin,500,23.200000000000003,"GA(pop=100,pc=0.9,pm=0.02)",GA,0,30,0.0,0.03125,0.0,0.08106970544208494,79.36666666666666,80.0,34.0,120.0
knapsack01_n30_cap162_i003,knapsack01,bin,500,23.200000000000003,"GA(pop=50,pc=0.9,pm=0.02)",GA,0,30,0.0,0.03125,0.0,0.08106970544208494,59.733333333333334,58.5,29.0,98.0
knapsack01_n30_cap162_i003,knapsack01,bin,500,23.200000000000003,"GA(pop=50,pc=0.9,pm=0.05)",GA,1,30,0.03333333333333333,0.0625,0.0,0.13181000556642797,55.7,52.0,19.0,90.0
knapsack01_n30_cap162_i003,knapsack01,bin,500,23.200000000000003,HC(flips=1),HC,0,30,0.0,0.03125,0.0,0.08106970544208494,171.5,168.5,89.0,331.0
knapsack01_n30_cap162_i003,knapsack01,bin,500,23.200000000000003,HC(flips=2),HC,25,30,0.8333333333333334,0.8125,0.7007409741174901,0.9242590258825099,19.9,20.5,8.0,29.0
knapsack01_n30_cap162_i003,knapsack01,bin,500,23.200000000000003,RS_BIN,RS_BIN,0,30,0.0,0.03125,0.0,0.08106970544208494,117.56666666666666,117.0,69.0,164.0
knapsack01_n30_cap162_i003,knapsack01,bin,500,23.200000000000003,"SA(T0=1.0,alpha=0.995,flips=1)",SA,0,30,0.0,0.03125,0.0,0.08106970544208494,182.26666666666668,182.0,76.0,283.0
knapsack01_n30_cap162_i003,knapsack01,bin,500,23.200000000000003,"SA(T0=2.0,alpha=0.99,flips=1)",SA,0,30,0.0,0.03125,0.0,0.08106970544208494,150.83333333333334,143.5,62.0,265.0
knapsack01_n30_cap162_i003,knapsack01,bin,500,23.200000000000003,"SA(T0=2.0,alpha=0.995,flips=2)",SA,23,30,0.7666666666666667,0.75,0.6260144928260626,0.8739855071739374,21.666666666666668,20.5,12.0,51.0
knapsack01_n40_cap195_i019,knapsack01,bin,500,80.4,"GA(pop=100,pc=0.9,pm=0.02)",GA,1,30,0.03333333333333333,0.0625,0.0,0.13181000556642797,148.4,136.0,66.0,224.0
knapsack01_n40_cap195_i019,knapsack01,bin,500,80.4,"GA(pop=50,pc=0.9,pm=0.02)",GA,5,30,0.16666666666666666,0.1875,0.0757409741174901,0.2992590258825099,108.26666666666667,111.0,52.0,161.0
knapsack01_n40_cap195_i019,knapsack01,bin,500,80.4,"GA(pop=50,pc=0.9,pm=0.05)",GA,4,30,0.13333333333333333,0.15625,0.05228499165035805,0.26021500834964195,114.86666666666666,111.5,72.0,169.0
knapsack01_n40_cap195_i019,knapsack01,bin,500,80.4,HC(flips=1),HC,0,30,0.0,0.03125,0.0,0.08106970544208494,302.46666666666664,312.0,145.0,425.0
knapsack01_n40_cap195_i019,knapsack01,bin,500,80.4,HC(flips=2),HC,26,30,0.8666666666666667,0.84375,0.739784991650358,0.947715008349642,72.06666666666666,75.5,46.0,96.0
knapsack01_n40_cap195_i019,knapsack01,bin,500,80.4,RS_BIN,RS_BIN,0,30,0.0,0.03125,0.0,0.08106970544208494,193.5,193.0,139.0,251.0
knapsack01_n40_cap195_i019,knapsack01,bin,500,80.4,"SA(T0=1.0,alpha=0.995,flips=1)",SA,0,30,0.0,0.03125,0.0,0.08106970544208494,299.06666666666666,296.0,170.0,449.0
knapsack01_n40_cap195_i019,knapsack01,bin,500,80.4,"SA(T0=2.0,alpha=0.99,flips=1)",SA,0,30,0.0,0.03125,0.0,0.08106970544208494,313.6333333333333,304.0,142.0,440.0
knapsack01_n40_cap195_i019,knapsack01,bin,500,80.4,"SA(T0=2.0,alpha=0.995,flips=2)",SA,26,30,0.8666666666666667,0.84375,0.739784991650358,0.947715008349642,75.06666666666666,76.0,38.0,111.0
knapsack01_n40_cap199_i001,knapsack01,bin,500,47.2,"GA(pop=100,pc=0.9,pm=0.02)",GA,0,30,0.0,0.03125,0.0,0.08106970544208494,117.0,112.5,72.0,167.0
knapsack01_n40_cap199_i001,knapsack01,bin,500,47.2,"GA(pop=50,pc=0.9,pm=0.02)",GA,2,30,0.06666666666666667,0.09375,0.010289701271523718,0.17721029872847627,88.03333333333333,89.0,39.0,128.0
knapsack01_n40_cap199_i001,knapsack01,bin,500,47.2,"GA(pop=50,pc=0.9,pm=0.05)",GA,0,30,0.0,0.03125,0.0,0.08106970544208494,94.83333333333333,95.0,49.0,138.0
knapsack01_n40_cap199_i001,knapsack01,bin,500,47.2,HC(flips=1),HC,0,30,0.0,0.03125,0.0,0.08106970544208494,227.2,237.5,91.0,327.0
knapsack01_n40_cap199_i001,knapsack01,bin,500,47.2,HC(flips=2),HC,21,30,0.7,0.6875,0.5547814436639183,0.8202185563360817,46.06666666666667,45.5,8.0,88.0
knapsack01_n40_cap199_i001,knapsack01,bin,500,47.2,RS_BIN,RS_BIN,0,30,0.0,0.03125,0.0,0.08106970544208494,150.36666666666667,145.0,117.0,200.0
knapsack01_n40_cap199_i001,knapsack01,bin,500,47.2,"SA(T0=1.0,alpha=0.995,flips=1)",SA,0,30,0.0,0.03125,0.0,0.08106970544208494,232.26666666666668,232.0,137.0,320.0
knapsack01_n40_cap199_i001,knapsack01,bin,500,47.2,"SA(T0=2.0,alpha=0.99,flips=1)",SA,0,30,0.0,0.03125,0.0,0.08106970544208494,198.7,204.5,64.0,306.0
knapsack01_n40_cap199_i001,knapsack01,bin,500,47.2,"SA(T0=2.0,alpha=0.995,flips=2)",SA,20,30,0.6666666666666666,0.65625,0.5202539487494936,0.7922460512505064,50.166666666666664,47.0,39.0,73.0
knapsack01_n40_cap199_i017,knapsack01,bin,500,47.8,"GA(pop=100,pc=0.9,pm=0.02)",GA,0,30,0.0,0.03125,0.0,0.08106970544208494,142.0,142.0,93.0,187.0
knapsack01_n40_cap199_i017,knapsack01,bin,500,47.8,"GA(pop=50,pc=0.9,pm=0.02)",GA,0,30,0.0,0.03125,0.0,0.08106970544208494,101.46666666666667,97.5,56.0,163.0
knapsack01_n40_cap199_i017,knapsack01,bin,500,47.8,"GA(pop=50,pc=0.9,pm=0.05)",GA,0,30,0.0,0.03125,0.0,0.08106970544208494,103.2,97.0,60.0,153.0
knapsack01_n40_cap199_i017,knapsack01,bin,500,47.8,HC(flips=1),HC,0,30,0.0,0.03125,0.0,0.08106970544208494,228.7,239.5,109.0,364.0
knapsack01_n40_cap199_i017,knapsack01,bin,500,47.8,HC(flips=2),HC,19,30,0.6333333333333333,0.625,0.48637998886714406,0.7636200111328559,48.36666666666667,44.0,33.0,74.0
knapsack01_n40_cap199_i017,knapsack01,bin,500,47.8,RS_BIN,RS_BIN,0,30,0.0,0.03125,0.0,0.08106970544208494,178.86666666666667,181.0,127.0,228.0
knapsack01_n40_cap199_i017,knapsack01,bin,500,47.8,"SA(T0=1.0,alpha=0.995,flips=1)",SA,0,30,0.0,0.03125,0.0,0.08106970544208494,247.53333333333333,258.0,139.0,387.0
knapsack01_n40_cap199_i017,knapsack01,bin,500,47.8,"SA(T0=2.0,alpha=0.99,flips=1)",SA,0,30,0.0,0.03125,0.0,0.08106970544208494,232.43333333333334,227.5,134.0,316.0
knapsack01_n40_cap199_i017,knapsack01,bin,500,47.8,"SA(T0=2.0,alpha=0.995,flips=2)",SA,21,30,0.7,0.6875,0.5547814436639183,0.8202185563360817,47.36666666666667,45.0,28.0,81.0
knapsack01_n40_cap209_i013,knapsack01,bin,500,39.6,"GA(pop=100,pc=0.9,pm=0.02)",GA,0,30,0.0,0.03125,0.0,0.08106970544208494,127.13333333333334,127.5,87.0,168.0
knapsack01_n40_cap209_i013,knapsack01,bin,500,39.6,"GA(pop=50,pc=0.9,pm=0.02)",GA,0,30,0.0,0.03125,0.0,0.08106970544208494,102.86666666666666,100.5,56.0,173.0
knapsack01_n40_cap209_i013,knapsack01,bin,500,39.6,"GA(pop=50,pc=0.9,pm=0.05)",GA,0,30,0.0,0.03125,0.0,0.08106970544208494,100.53333333333333,100.5,69.0,148.0
knapsack01_n40_cap209_i013,knapsack01,bin,500,39.6,HC(flips=1),HC,0,30,0.0,0.03125,0.0,0.08106970544208494,260.8666666666667,264.0,175.0,353.0
knapsack01_n40_cap209_i013,knapsack01,bin,500,39.6,HC(flips=2),HC,20,30,0.6666666666666666,0.65625,0.5202539487494936,0.7922460512505064,36.266666666666666,37.0,21.0,55.0
knapsack01_n40_cap209_i013,knapsack01,bin,500,39.6,RS_BIN,RS_BIN,0,30,0.0,0.03125,0.0,0.08106970544208494,169.36666666666667,171.0,106.0,227.0
knapsack01_n40_cap209_i013,knapsack01,bin,500,39.6,"SA(T0=1.0,alpha=0.995,flips=1)",SA,0,30,0.0,0.03125,0.0,0.08106970544208494,238.76666666666668,240.0,106.0,351.0
knapsack01_n40_cap209_i013,knapsack01,bin,500,39.6,"SA(T0=2.0,alpha=0.99,flips=1)",SA,0,30,0.0,0.03125,0.0,0.08106970544208494,238.5,227.5,149.0,392.0
knapsack01_n40_cap209_i013,knapsack01,bin,500,39.6,"SA(T0=2.0,alpha=0.995,flips=2)",SA,25,30,0.8333333333333334,0.8125,0.7007409741174901,0.9242590258825099,35.96666666666667,36.0,25.0,47.0
knapsack01_n40_cap210_i015,knapsack01,bin,500,46.400000000000006,"GA(pop=100,pc=0.9,pm=0.02)",GA,0,30,0.0,0.03125,0.0,0.08106970544208494,175.66666666666666,168.5,99.0,229.0
knapsack01_n40_cap210_i015,knapsack01,bin,500,46.400000000000006,"GA(pop=50,pc=0.9,pm=0.02)",GA,0,30,0.0,0.03125,0.0,0.08106970544208494,115.33333333333333,114.0,77.0,172.0
knapsack01_n40_cap210_i015,knapsack01,bin,500,46.400000000000006,"GA(pop=50,pc=0.9,pm=0.05)",GA,0,30,0.0,0.03125,0.0,0.08106970544208494,126.13333333333334,122.5,61.0,188.0
knapsack01_n40_cap210_i015,knapsack01,bin,500,46.400000000000006,HC(flips=1),HC,0,30,0.0,0.03125,0.0,0.08106970544208494,291.6333333333333,289.5,180.0,398.0
knapsack01_n40_cap210_i015,knapsack01,bin,500,46.400000000000006,HC(flips=2),HC,29,30,0.9666666666666667,0.9375,0.868189994433572,1.0,41.36666666666667,41.0,30.0,70.0
knapsack01_n40_cap210_i015,knapsack01,bin,500,46.400000000000006,RS_BIN,RS_BIN,0,30,0.0,0.03125,0.0,0.08106970544208494,212.83333333333334,217.0,101.0,293.0
knapsack01_n40_cap210_i015,knapsack01,bin,500,46.400000000000006,"SA(T0=1.0,alpha=0.995,flips=1)",SA,0,30,0.0,0.03125,0.0,0.08106970544208494,264.43333333333334,259.5,152.0,371.0
knapsack01_n40_cap210_i015,knapsack01,bin,500,46.400000000000006,"SA(T0=2.0,alpha=0.99,flips=1)",SA,0,30,0.0,0.03125,0.0,0.08106970544208494,276.6666666666667,278.0,176.0,377.0
knapsack01_n40_cap210_i015,knapsack01,bin,500,46.400000000000006,"SA(T0=2.0,alpha=0.995,flips=2)",SA,27,30,0.9,0.875,0.7803045047163236,0.9696954952836764,41.86666666666667,43.0,26.0,73.0
knapsack01_n20_cap114_i007,knapsack01,bin,2000,0.0,"GA(pop=100,pc=0.9,pm=0.02)",GA,19,30,0.6333333333333333,0.625,0.48637998886714406,0.7636200111328559,2.8666666666666667,0.0,0.0,18.0
knapsack01_n20_cap114_i007,knapsack01,bin,2000,0.0,"GA(pop=50,pc=0.9,pm=0.02)",GA,12,30,0.4,0.40625,0.26562297632331866,0.5468770236766813,7.3,6.0,0.0,21.0
knapsack01_n20_cap114_i007,knapsack01,bin,2000,0.0,"GA(pop=50,pc=0.9,pm=0.05)",GA,26,30,0.8666666666666667,0.84375,0.739784991650358,0.947715008349642,0.6666666666666666,0.0,0.0,5.0
knapsack01_n20_cap114_i007,knapsack01,bin,2000,0.0,HC(flips=1),HC,0,30,0.0,0.03125,0.0,0.08106970544208494,105.96666666666667,100.5,45.0,168.0
knapsack01_n20_cap114_i007,knapsack01,bin,2000,0.0,HC(flips=2),HC,6,30,0.2,0.21875,0.1003806308954045,0.3371193691045955,6.433333333333334,6.0,0.0,11.0
knapsack01_n20_cap114_i007,knapsack01,bin,2000,0.0,RS_BIN,RS_BIN,0,30,0.0,0.03125,0.0,0.08106970544208494,40.2,43.0,13.0,57.0
knapsack01_n20_cap114_i007,knapsack01,bin,2000,0.0,"SA(T0=1.0,alpha=0.995,flips=1)",SA,0,30,0.0,0.03125,0.0,0.08106970544208494,127.83333333333333,135.5,29.0,193.0
knapsack01_n20_cap114_i007,knapsack01,bin,2000,0.0,"SA(T0=2.0,alpha=0.99,flips=1)",SA,0,30,0.0,0.03125,0.0,0.08106970544208494,114.96666666666667,102.5,45.0,206.0
knapsack01_n20_cap114_i007,knapsack01,bin,2000,0.0,"SA(T0=2.0,alpha=0.995,flips=2)",SA,3,30,0.1,0.125,0.030304504716323594,0.2196954952836764,7.633333333333334,5.5,0.0,26.0
knapsack01_n20_cap114_i009,knapsack01,bin,2000,0.8000000000000007,"GA(pop=100,pc=0.9,pm=0.02)",GA,12,30,0.4,0.40625,0.26562297632331866,0.5468770236766813,2.066666666666667,1.0,0.0,13.0
knapsack01_n20_cap114_i009,knapsack01,bin,2000,0.8000000000000007,"GA(pop=50,pc=0.9,pm=0.02)",GA,14,30,0.4666666666666667,0.46875,0.32586376306873477,0.6116362369312652,3.3,1.0,0.0,22.0
knapsack01_n20_cap114_i009,knapsack01,bin,2000,0.8000000000000007,"GA(pop=50,pc=0.9,pm=0.05)",GA,23,30,0.7666666666666667,0.75,0.6260144928260626,0.8739855071739374,0.5,0.0,0.0,6.0
knapsack01_n20_cap114_i009,knapsack01,bin,2000,0.8000000000000007,HC(flips=1),HC,0,30,0.0,0.03125,0.0,0.08106970544208494,84.2,79.5,37.0,140.0
knapsack01_n20_cap114_i009,knapsack01,bin,2000,0.8000000000000007,HC(flips=2),HC,8,30,0.26666666666666666,0.28125,0.15251237843162144,0.40998762156837854,3.466666666666667,3.0,0.0,10.0
knapsack01_n20_cap114_i009,knapsack01,bin,2000,0.8000000000000007,RS_BIN,RS_BIN,0,30,0.0,0.03125,0.0,0.08106970544208494,26.3,27.0,6.0,49.0
knapsack01_n20_cap114_i009,knapsack01,bin,2000,0.8000000000000007,"SA(T0=1.0,alpha=0.995,flips=1)",SA,0,30,0.0,0.03125,0.0,0.08106970544208494,84.76666666666667,82.0,20.0,154.0
knapsack01_n20_cap114_i009,knapsack01,bin,2000,0.8000000000000007,"SA(T0=2.0,alpha=0.99,flips=1)",SA,0,30,0.0,0.03125,0.0,0.08106970544208494,82.46666666666667,86.0,20.0,162.0
knapsack01_n20_cap114_i009,knapsack01,bin,2000,0.8000000000000007,"SA(T0=2.0,alpha=0.995,flips=2)",SA,9,30,0.3,0.3125,0.17978144366391835,0.44521855633608165,3.6666666666666665,3.0,0.0,10.0
knapsack01_n20_cap84_i011,knapsack01,bin,2000,1.0,"GA(pop=100,pc=0.9,pm=0.02)",GA,18,30,0.6,0.59375,0.45312297632331866,0.7343770236766813,7.5,1.0,0.0,25.0
knapsack01_n20_cap84_i011,knapsack01,bin,2000,1.0,"GA(pop=50,pc=0.9,pm=0.02)",GA,17,30,0.5666666666666667,0.5625,0.4204567570744854,0.7045432429255146,10.966666666666667,1.0,0.0,33.0
knapsack01_n20_cap84_i011,knapsack01,bin,2000,1.0,"GA(pop=50,pc=0.9,pm=0.05)",GA,28,30,0.9333333333333333,0.90625,0.8227897012715237,0.9897102987284763,1.0333333333333334,0.0,0.0,14.0
knapsack01_n20_cap84_i011,knapsack01,bin,2000,1.0,HC(flips=1),HC,0,30,0.0,0.03125,0.0,0.08106970544208494,117.86666666666666,124.5,57.0,177.0
knapsack01_n20_cap84_i011,knapsack01,bin,2000,1.0,HC(flips=2),HC,6,30,0.2,0.21875,0.1003806308954045,0.3371193691045955,14.5,11.0,0.0,44.0
knapsack01_n20_cap84_i011,knapsack01,bin,2000,1.0,RS_BIN,RS_BIN,0,30,0.0,0.03125,0.0,0.08106970544208494,45.266666666666666,46.5,23.0,69.0
knapsack01_n20_cap84_i011,knapsack01,bin,2000,1.0,"SA(T0=1.0,alpha=0.995,flips=1)",SA,0,30,0.0,0.03125,0.0,0.08106970544208494,104.93333333333334,103.5,38.0,188.0
knapsack01_n20_cap84_i011,knapsack01,bin,2000,1.0,"SA(T0=2.0,alpha=0.99,flips=1)",SA,0,30,0.0,0.03125,0.0,0.08106970544208494,102.23333333333333,104.5,33.0,170.0
knapsack01_n20_cap84_i011,knapsack01,bin,2000,1.0,"SA(T0=2.0,alpha=0.995,flips=2)",SA,7,30,0.23333333333333334,0.25,0.12601449282606259,0.3739855071739374,9.666666666666666,4.0,0.0,37.0
knapsack01_n30_cap159_i005,knapsack01,bin,2000,9.0,"GA(pop=100,pc=0.9,pm=0.02)",GA,16,30,0.5333333333333333,0.53125,0.38836376306873477,0.6741362369312652,10.666666666666666,9.0,0.0,22.0
knapsack01_n30_cap159_i005,knapsack01,bin,2000,9.0,"GA(pop=50,pc=0.9,pm=0.02)",GA,17,30,0.5666666666666667,0.5625,0.4204567570744854,0.7045432429255146,11.566666666666666,9.0,0.0,33.0
knapsack01_n30_cap159_i005,knapsack01,bin,2000,9.0,"GA(pop=50,pc=0.9,pm=0.05)",GA,20,30,0.6666666666666666,0.65625,0.5202539487494936,0.7922460512505064,10.133333333333333,9.0,0.0,30.0
knapsack01_n30_cap159_i005,knapsack01,bin,2000,9.0,HC(flips=1),HC,0,30,0.0,0.03125,0.0,0.08106970544208494,151.4,151.5,60.0,251.0
knapsack01_n30_cap159_i005,knapsack01,bin,2000,9.0,HC(flips=2),HC,7,30,0.23333333333333334,0.25,0.12601449282606259,0.3739855071739374,17.333333333333332,16.0,0.0,52.0
knapsack01_n30_cap159_i005,knapsack01,bin,2000,9.0,RS_BIN,RS_BIN,0,30,0.0,0.03125,0.0,0.08106970544208494,77.76666666666667,78.0,41.0,117.0
knapsack01_n30_cap159_i005,knapsack01,bin,2000,9.0,"SA(T0=1.0,alpha=0.995,flips=1)",SA,0,30,0.0,0.03125,0.0,0.08106970544208494,150.46666666666667,157.0,31.0,218.0
knapsack01_n30_cap159_i005,knapsack01,bin,2000,9.0,"SA(T0=2.0,alpha=0.99,flips=1)",SA,0,30,0.0,0.03125,0.0,0.08106970544208494,161.23333333333332,157.0,46.0,252.0
knapsack01_n30_cap159_i005,knapsack01,bin,2000,9.0,"SA(T0=2.0,alpha=0.995,flips=2)",SA,9,30,0.3,0.3125,0.17978144366391835,0.44521855633608165,15.466666666666667,12.0,0.0,49.0
knapsack01_n30_cap162_i003,knapsack01,bin,2000,8.0,"GA(pop=100,pc=0.9,pm=0.02)",GA,3,30,0.1,0.125,0.030304504716323594,0.2196954952836764,16.633333333333333,16.0,7.0,34.0
knapsack01_n30_cap162_i003,knapsack01,bin,2000,8.0,"GA(pop=50,pc=0.9,pm=0.02)",GA,7,30,0.23333333333333334,0.25,0.12601449282606259,0.3739855071739374,13.333333333333334,12.0,3.0,30.0
knapsack01_n30_cap162_i003,knapsack01,bin,2000,8.0,"GA(pop=50,pc=0.9,pm=0.05)",GA,7,30,0.23333333333333334,0.25,0.12601449282606259,0.3739855071739374,13.4,14.0,0.0,26.0
knapsack01_n30_cap162_i003,knapsack01,bin,2000,8.0,HC(flips=1),HC,0,30,0.0,0.03125,0.0,0.08106970544208494,180.53333333333333,176.0,76.0,310.0
knapsack01_n30_cap162_i003,knapsack01,bin,2000,8.0,HC(flips=2),HC,18,30,0.6,0.59375,0.45312297632331866,0.7343770236766813,6.566666666666666,6.0,0.0,24.0
knapsack01_n30_cap162_i003,knapsack01,bin,2000,8.0,RS_BIN,RS_BIN,0,30,0.0,0.03125,0.0,0.08106970544208494,85.1,90.0,34.0,117.0
knapsack01_n30_cap162_i003,knapsack01,bin,2000,8.0,"SA(T0=1.0,alpha=0.995,flips=1)",SA,0,30,0.0,0.03125,0.0,0.08106970544208494,165.5,162.0,90.0,302.0
knapsack01_n30_cap162_i003,knapsack01,bin,2000,8.0,"SA(T0=2.0,alpha=0.99,flips=1)",SA,0,30,0.0,0.03125,0.0,0.08106970544208494,149.4,138.0,98.0,263.0
knapsack01_n30_cap162_i003,knapsack01,bin,2000,8.0,"SA(T0=2.0,alpha=0.995,flips=2)",SA,14,30,0.4666666666666667,0.46875,0.32586376306873477,0.6116362369312652,9.333333333333334,9.0,0.0,25.0
knapsack01_n40_cap195_i019,knapsack01,bin,2000,27.6,"GA(pop=100,pc=0.9,pm=0.02)",GA,13,30,0.43333333333333335,0.4375,0.2954567570744854,0.5795432429255146,32.53333333333333,29.0,15.0,66.0
knapsack01_n40_cap195_i019,knapsack01,bin,2000,27.6,"GA(pop=50,pc=0.9,pm=0.02)",GA,25,30,0.8333333333333334,0.8125,0.7007409741174901,0.9242590258825099,23.933333333333334,25.0,6.0,47.0
knapsack01_n40_cap195_i019,knapsack01,bin,2000,27.6,"GA(pop=50,pc=0.9,pm=0.05)",GA,9,30,0.3,0.3125,0.17978144366391835,0.44521855633608165,34.5,36.5,14.0,54.0
knapsack01_n40_cap195_i019,knapsack01,bin,2000,27.6,HC(flips=1),HC,0,30,0.0,0.03125,0.0,0.08106970544208494,281.53333333333336,286.0,168.0,375.0
knapsack01_n40_cap195_i019,knapsack01,bin,2000,27.6,HC(flips=2),HC,12,30,0.4,0.40625,0.26562297632331866,0.5468770236766813,37.3,38.0,15.0,71.0
knapsack01_n40_cap195_i019,knapsack01,bin,2000,27.6,RS_BIN,RS_BIN,0,30,0.0,0.03125,0.0,0.08106970544208494,165.5,166.5,124.0,203.0
knapsack01_n40_cap195_i019,knapsack01,bin,2000,27.6,"SA(T0=1.0,alpha=0.995,flips=1)",SA,0,30,0.0,0.03125,0.0,0.08106970544208494,278.96666666666664,281.0,169.0,489.0
knapsack01_n40_cap195_i019,knapsack01,bin,2000,27.6,"SA(T0=2.0,alpha=0.99,flips=1)",SA,0,30,0.0,0.03125,0.0,0.08106970544208494,301.43333333333334,310.5,142.0,418.0
knapsack01_n40_cap195_i019,knapsack01,bin,2000,27.6,"SA(T0=2.0,alpha=0.995,flips=2)",SA,10,30,0.3333333333333333,0.34375,0.2077539487494936,0.4797460512505064,38.13333333333333,39.0,19.0,70.0
knapsack01_n40_cap199_i001,knapsack01,bin,2000,20.8,"GA(pop=100,pc=0.9,pm=0.02)",GA,4,30,0.13333333333333333,0.15625,0.05228499165035805,0.26021500834964195,31.333333333333332,30.5,13.0,55.0
knapsack01_n40_cap199_i001,knapsack01,bin,2000,20.8,"GA(pop=50,pc=0.9,pm=0.02)",GA,12,30,0.4,0.40625,0.26562297632331866,0.5468770236766813,23.433333333333334,21.5,8.0,41.0
knapsack01_n40_cap199_i001,knapsack01,bin,2000,20.8,"GA(pop=50,pc=0.9,pm=0.05)",GA,3,30,0.1,0.125,0.030304504716323594,0.2196954952836764,33.7,34.5,16.0,58.0
knapsack01_n40_cap199_i001,knapsack01,bin,2000,20.8,HC(flips=1),HC,0,30,0.0,0.03125,0.0,0.08106970544208494,221.16666666666666,209.5,100.0,355.0
knapsack01_n40_cap199_i001,knapsack01,bin,2000,20.8,HC(flips=2),HC,20,30,0.6666666666666666,0.65625,0.5202539487494936,0.7922460512505064,21.2,19.5,6.0,47.0
knapsack01_n40_cap199_i001,knapsack01,bin,2000,20.8,RS_BIN,RS_BIN,0,30,0.0,0.03125,0.0,0.08106970544208494,124.96666666666667,125.0,78.0,165.0
knapsack01_n40_cap199_i001,knapsack01,bin,2000,20.8,"SA(T0=1.0,alpha=0.995,flips=1)",SA,0,30,0.0,0.03125,0.0,0.08106970544208494,217.06666666666666,218.5,116.0,322.0
knapsack01_n40_cap199_i001,knapsack01,bin,2000,20.8,"SA(T0=2.0,alpha=0.99,flips=1)",SA,0,30,0.0,0.03125,0.0,0.08106970544208494,215.36666666666667,219.5,124.0,359.0
knapsack01_n40_cap199_i001,knapsack01,bin,2000,20.8,"SA(T0=2.0,alpha=0.995,flips=2)",SA,14,30,0.4666666666666667,0.46875,0.32586376306873477,0.6116362369312652,24.266666666666666,21.5,8.0,47.0
knapsack01_n40_cap199_i017,knapsack01,bin,2000,22.0,"GA(pop=100,pc=0.9,pm=0.02)",GA,6,30,0.2,0.21875,0.1003806308954045,0.3371193691045955,32.233333333333334,32.0,1.0,58.0
knapsack01_n40_cap199_i017,knapsack01,bin,2000,22.0,"GA(pop=50,pc=0.9,pm=0.02)",GA,19,30,0.6333333333333333,0.625,0.48637998886714406,0.7636200111328559,21.966666666666665,21.5,6.0,42.0
knapsack01_n40_cap199_i017,knapsack01,bin,2000,22.0,"GA(pop=50,pc=0.9,pm=0.05)",GA,4,30,0.13333333333333333,0.15625,0.05228499165035805,0.26021500834964195,36.43333333333333,34.5,6.0,65.0
knapsack01_n40_cap199_i017,knapsack01,bin,2000,22.0,HC(flips=1),HC,0,30,0.0,0.03125,0.0,0.08106970544208494,227.9,235.0,100.0,356.0
knapsack01_n40_cap199_i017,knapsack01,bin,2000,22.0,HC(flips=2),HC,19,30,0.6333333333333333,0.625,0.48637998886714406,0.7636200111328559,21.9,21.0,1.0,57.0
knapsack01_n40_cap199_i017,knapsack01,bin,2000,22.0,RS_BIN,RS_BIN,0,30,0.0,0.03125,0.0,0.08106970544208494,143.73333333333332,145.5,106.0,185.0
knapsack01_n40_cap199_i017,knapsack01,bin,2000,22.0,"SA(T0=1.0,alpha=0.995,flips=1)",SA,0,30,0.0,0.03125,0.0,0.08106970544208494,232.66666666666666,227.0,117.0,408.0
knapsack01_n40_cap199_i017,knapsack01,bin,2000,22.0,"SA(T0=2.0,alpha=0.99,flips=1)",SA,0,30,0.0,0.03125,0.0,0.08106970544208494,212.4,218.5,133.0,279.0
knapsack01_n40_cap199_i017,knapsack01,bin,2000,22.0,"SA(T0=2.0,alpha=0.995,flips=2)",SA,14,30,0.4666666666666667,0.46875,0.32586376306873477,0.6116362369312652,23.833333333333332,23.5,9.0,46.0
knapsack01_n40_cap209_i013,knapsack01,bin,2000,13.0,"GA(pop=100,pc=0.9,pm=0.02)",GA,2,30,0.06666666666666667,0.09375,0.010289701271523718,0.17721029872847627,31.633333333333333,33.0,8.0,51.0
knapsack01_n40_cap209_i013,knapsack01,bin,2000,13.0,"GA(pop=50,pc=0.9,pm=0.02)",GA,14,30,0.4666666666666667,0.46875,0.32586376306873477,0.6116362369312652,17.766666666666666,16.0,4.0,43.0
knapsack01_n40_cap209_i013,knapsack01,bin,2000,13.0,"GA(pop=50,pc=0.9,pm=0.05)",GA,1,30,0.03333333333333333,0.0625,0.0,0.13181000556642797,35.96666666666667,37.0,12.0,60.0
knapsack01_n40_cap209_i013,knapsack01,bin,2000,13.0,HC(flips=1),HC,0,30,0.0,0.03125,0.0,0.08106970544208494,252.76666666666668,239.0,159.0,393.0
knapsack01_n40_cap209_i013,knapsack01,bin,2000,13.0,HC(flips=2),HC,18,30,0.6,0.59375,0.45312297632331866,0.7343770236766813,15.166666666666666,13.0,5.0,33.0
knapsack01_n40_cap209_i013,knapsack01,bin,2000,13.0,RS_BIN,RS_BIN,0,30,0.0,0.03125,0.0,0.08106970544208494,145.3,146.0,67.0,188.0
knapsack01_n40_cap209_i013,knapsack01,bin,2000,13.0,"SA(T0=1.0,alpha=0.995,flips=1)",SA,0,30,0.0,0.03125,0.0,0.08106970544208494,239.46666666666667,237.0,137.0,346.0
knapsack01_n40_cap209_i013,knapsack01,bin,2000,13.0,"SA(T0=2.0,alpha=0.99,flips=1)",SA,0,30,0.0,0.03125,0.0,0.08106970544208494,234.86666666666667,244.0,93.0,340.0
knapsack01_n40_cap209_i013,knapsack01,bin,2000,13.0,"SA(T0=2.0,alpha=0.995,flips=2)",SA,22,30,0.7333333333333333,0.71875,0.5900123784316215,0.8474876215683785,11.466666666666667,11.0,0.0,27.0
knapsack01_n40_cap210_i015,knapsack01,bin,2000,3.8000000000000007,"GA(pop=100,pc=0.9,pm=0.02)",GA,1,30,0.03333333333333333,0.0625,0.0,0.13181000556642797,28.366666666666667,29.0,1.0,45.0
knapsack01_n40_cap210_i015,knapsack01,bin,2000,3.8000000000000007,"GA(pop=50,pc=0.9,pm=0.02)",GA,12,30,0.4,0.40625,0.26562297632331866,0.5468770236766813,9.7,5.0,0.0,37.0
knapsack01_n40_cap210_i015,knapsack01,bin,2000,3.8000000000000007,"GA(pop=50,pc=0.9,pm=0.05)",GA,1,30,0.03333333333333333,0.0625,0.0,0.13181000556642797,34.333333333333336,34.0,0.0,66.0
knapsack01_n40_cap210_i015,knapsack01,bin,2000,3.8000000000000007,HC(flips=1),HC,0,30,0.0,0.03125,0.0,0.08106970544208494,302.1666666666667,304.5,117.0,478.0
knapsack01_n40_cap210_i015,knapsack01,bin,2000,3.8000000000000007,HC(flips=2),HC,19,30,0.6333333333333333,0.625,0.48637998886714406,0.7636200111328559,7.8,2.0,0.0,34.0
knapsack01_n40_cap210_i015,knapsack01,bin,2000,3.8000000000000007,RS_BIN,RS_BIN,0,30,0.0,0.03125,0.0,0.08106970544208494,176.5,176.0,121.0,222.0
knapsack01_n40_cap210_i015,knapsack01,bin,2000,3.8000000000000007,"SA(T0=1.0,alpha=0.995,flips=1)",SA,0,30,0.0,0.03125,0.0,0.08106970544208494,286.23333333333335,265.0,184.0,399.0
knapsack01_n40_cap210_i015,knapsack01,bin,2000,3.8000000000000007,"SA(T0=2.0,alpha=0.99,flips=1)",SA,0,30,0.0,0.03125,0.0,0.08106970544208494,278.7,278.0,151.0,416.0
knapsack01_n40_cap210_i015,knapsack01,bin,2000,3.8000000000000007,"SA(T0=2.0,alpha=0.995,flips=2)",SA,20,30,0.6666666666666666,0.65625,0.5202539487494936,0.7922460512505064,8.0,2.0,0.0,34.0
onemax_n100_i006,onemax,bin,500,0.0,"GA(pop=100,pc=0.9,pm=0.02)",GA,0,30,0.0,0.03125,0.0,0.08106970544208494,28.966666666666665,29.0,25.0,33.0
onemax_n100_i006,onemax,bin,500,0.0,"GA(pop=50,pc=0.9,pm=0.02)",GA,0,30,0.0,0.03125,0.0,0.08106970544208494,23.033333333333335,23.5,19.0,26.0
onemax_n100_i006,onemax,bin,500,0.0,"GA(pop=50,pc=0.9,pm=0.05)",GA,0,30,0.0,0.03125,0.0,0.08106970544208494,24.1,24.0,17.0,27.0
onemax_n100_i006,onemax,bin,500,0.0,HC(flips=1),HC,23,30,0.7666666666666667,0.75,0.6260144928260626,0.8739855071739374,0.23333333333333334,0.0,0.0,1.0
onemax_n100_i006,onemax,bin,500,0.0,HC(flips=2),HC,0,30,0.0,0.03125,0.0,0.08106970544208494,8.5,8.0,6.0,11.0
onemax_n100_i006,onemax,bin,500,0.0,RS_BIN,RS_BIN,0,30,0.0,0.03125,0.0,0.08106970544208494,35.13333333333333,36.0,28.0,38.0
onemax_n100_i006,onemax,bin,500,0.0,"SA(T0=1.0,alpha=0.995,flips=1)",SA,12,30,0.4,0.40625,0.26562297632331866,0.5468770236766813,1.1333333333333333,1.0,0.0,4.0
onemax_n100_i006,onemax,bin,500,0.0,"SA(T0=2.0,alpha=0.99,flips=1)",SA,10,30,0.3333333333333333,0.34375,0.2077539487494936,0.4797460512505064,0.8,1.0,0.0,2.0
onemax_n100_i006,onemax,bin,500,0.0,"SA(T0=2.0,alpha=0.995,flips=2)",SA,0,30,0.0,0.03125,0.0,0.08106970544208494,12.5,13.0,6.0,19.0
onemax_n100_i012,onemax,bin,500,0.8000000000000007,"GA(pop=100,pc=0.9,pm=0.02)",GA,0,30,0.0,0.03125,0.0,0.08106970544208494,28.366666666666667,29.0,23.0,33.0
onemax_n100_i012,onemax,bin,500,0.8000000000000007,"GA(pop=50,pc=0.9,pm=0.02)",GA,0,30,0.0,0.03125,0.0,0.08106970544208494,23.466666666666665,24.0,19.0,27.0
onemax_n100_i012,onemax,bin,500,0.8000000000000007,"GA(pop=50,pc=0.9,pm=0.05)",GA,0,30,0.0,0.03125,0.0,0.08106970544208494,24.166666666666668,24.0,18.0,29.0
onemax_n100_i012,onemax,bin,500,0.8000000000000007,HC(flips=1),HC,19,30,0.6333333333333333,0.625,0.48637998886714406,0.7636200111328559,0.5666666666666667,0.0,0.0,3.0
onemax_n100_i012,onemax,bin,500,0.8000000000000007,HC(flips=2),HC,0,30,0.0,0.03125,0.0,0.08106970544208494,8.233333333333333,8.0,4.0,13.0
onemax_n100_i012,onemax,bin,500,0.8000000000000007,RS_BIN,RS_BIN,0,30,0.0,0.03125,0.0,0.08106970544208494,35.166666666666664,36.0,31.0,39.0
onemax_n100_i012,onemax,bin,500,0.8000000000000007,"SA(T0=1.0,alpha=0.995,flips=1)",SA,8,30,0.26666666666666666,0.28125,0.15251237843162144,0.40998762156837854,1.1333333333333333,1.0,0.0,4.0
onemax_n100_i012,onemax,bin,500,0.8000000000000007,"SA(T0=2.0,alpha=0.99,flips=1)",SA,14,30,0.4666666666666667,0.46875,0.32586376306873477,0.6116362369312652,0.8666666666666667,1.0,0.0,4.0
onemax_n100_i012,onemax,bin,500,0.8000000000000007,"SA(T0=2.0,alpha=0.995,flips=2)",SA,0,30,0.0,0.03125,0.0,0.08106970544208494,11.2,11.5,6.0,18.0
onemax_n30_i000,onemax,bin,500,0.0,"GA(pop=100,pc=0.9,pm=0.02)",GA,0,30,0.0,0.03125,0.0,0.08106970544208494,4.0,4.0,1.0,6.0
onemax_n30_i000,onemax,bin,500,0.0,"GA(pop=50,pc=0.9,pm=0.02)",GA,2,30,0.06666666666666667,0.09375,0.010289701271523718,0.17721029872847627,1.4666666666666666,1.0,0.0,3.0
onemax_n30_i000,onemax,bin,500,0.0,"GA(pop=50,pc=0.9,pm=0.05)",GA,0,30,0.0,0.03125,0.0,0.08106970544208494,1.8666666666666667,2.0,1.0,3.0
onemax_n30_i000,onemax,bin,500,0.0,HC(flips=1),HC,30,30,1.0,0.96875,0.9189302945579151,1.0,0.0,0.0,0.0,0.0
onemax_n30_i000,onemax,bin,500,0.0,HC(flips=2),HC,13,30,0.43333333333333335,0.4375,0.2954567570744854,0.5795432429255146,0.7,1.0,0.0,2.0
onemax_n30_i000,onemax,bin,500,0.0,RS_BIN,RS_BIN,0,30,0.0,0.03125,0.0,0.08106970544208494,6.966666666666667,7.0,5.0,8.0
onemax_n30_i000,onemax,bin,500,0.0,"SA(T0=1.0,alpha=0.995,flips=1)",SA,30,30,1.0,0.96875,0.9189302945579151,1.0,0.0,0.0,0.0,0.0
onemax_n30_i000,onemax,bin,500,0.0,"SA(T0=2.0,alpha=0.99,flips=1)",SA,30,30,1.0,0.96875,0.9189302945579151,1.0,0.0,0.0,0.0,0.0
onemax_n30_i000,onemax,bin,500,0.0,"SA(T0=2.0,alpha=0.995,flips=2)",SA,2,30,0.06666666666666667,0.09375,0.010289701271523718,0.17721029872847627,1.8,2.0,0.0,4.0
onemax_n30_i002,onemax,bin,500,0.0,"GA(pop=100,pc=0.9,pm=0.02)",GA,0,30,0.0,0.03125,0.0,0.08106970544208494,3.966666666666667,4.0,2.0,5.0
onemax_n30_i002,onemax,bin,500,0.0,"GA(pop=50,pc=0.9,pm=0.02)",GA,2,30,0.06666666666666667,0.09375,0.010289701271523718,0.17721029872847627,1.4666666666666666,1.0,0.0,3.0
onemax_n30_i002,onemax,bin,500,0.0,"GA(pop=50,pc=0.9,pm=0.05)",GA,3,30,0.1,0.125,0.030304504716323594,0.2196954952836764,1.8,2.0,0.0,5.0
onemax_n30_i002,onemax,bin,500,0.0,HC(flips=1),HC,30,30,1.0,0.96875,0.9189302945579151,1.0,0.0,0.0,0.0,0.0
onemax_n30_i002,onemax,bin,500,0.0,HC(flips=2),HC,8,30,0.26666666666666666,0.28125,0.15251237843162144,0.40998762156837854,1.0,1.0,0.0,2.0
onemax_n30_i002,onemax,bin,500,0.0,RS_BIN,RS_BIN,0,30,0.0,0.03125,0.0,0.08106970544208494,6.866666666666666,7.0,5.0,8.0
onemax_n30_i002,onemax,bin,500,0.0,"SA(T0=1.0,alpha=0.995,flips=1)",SA,30,30,1.0,0.96875,0.9189302945579151,1.0,0.0,0.0,0.0,0.0
onemax_n30_i002,onemax,bin,500,0.0,"SA(T0=2.0,alpha=0.99,flips=1)",SA,30,30,1.0,0.96875,0.9189302945579151,1.0,0.0,0.0,0.0,0.0
onemax_n30_i002,onemax,bin,500,0.0,"SA(T0=2.0,alpha=0.995,flips=2)",SA,3,30,0.1,0.125,0.030304504716323594,0.2196954952836764,1.8333333333333333,2.0,0.0,4.0
onemax_n30_i004,onemax,bin,500,0.0,"GA(pop=100,pc=0.9,pm=0.02)",GA,0,30,0.0,0.03125,0.0,0.08106970544208494,3.8333333333333335,4.0,2.0,6.0
onemax_n30_i004,onemax,bin,500,0.0,"GA(pop=50,pc=0.9,pm=0.02)",GA,3,30,0.1,0.125,0.030304504716323594,0.2196954952836764,1.5,1.5,0.0,3.0
onemax_n30_i004,onemax,bin,500,0.0,"GA(pop=50,pc=0.9,pm=0.05)",GA,3,30,0.1,0.125,0.030304504716323594,0.2196954952836764,1.9,2.0,0.0,4.0
onemax_n30_i004,onemax,bin,500,0.0,HC(flips=1),HC,30,30,1.0,0.96875,0.9189302945579151,1.0,0.0,0.0,0.0,0.0
onemax_n30_i004,onemax,bin,500,0.0,HC(flips=2),HC,10,30,0.3333333333333333,0.34375,0.2077539487494936,0.4797460512505064,0.8666666666666667,1.0,0.0,2.0
onemax_n30_i004,onemax,bin,500,0.0,RS_BIN,RS_BIN,0,30,0.0,0.03125,0.0,0.08106970544208494,6.766666666666667,7.0,4.0,9.0
onemax_n30_i004,onemax,bin,500,0.0,"SA(T0=1.0,alpha=0.995,flips=1)",SA,30,30,1.0,0.96875,0.9189302945579151,1.0,0.0,0.0,0.0,0.0
onemax_n30_i004,onemax,bin,500,0.0,"SA(T0=2.0,alpha=0.99,flips=1)",SA,30,30,1.0,0.96875,0.9189302945579151,1.0,0.0,0.0,0.0,0.0
onemax_n30_i004,onemax,bin,500,0.0,"SA(T0=2.0,alpha=0.995,flips=2)",SA,2,30,0.06666666666666667,0.09375,0.010289701271523718,0.17721029872847627,1.9,2.0,0.0,3.0
onemax_n30_i008,onemax,bin,500,0.0,"GA(pop=100,pc=0.9,pm=0.02)",GA,0,30,0.0,0.03125,0.0,0.08106970544208494,4.0,4.0,2.0,5.0
onemax_n30_i008,onemax,bin,500,0.0,"GA(pop=50,pc=0.9,pm=0.02)",GA,6,30,0.2,0.21875,0.1003806308954045,0.3371193691045955,1.2,1.0,0.0,3.0
onemax_n30_i008,onemax,bin,500,0.0,"GA(pop=50,pc=0.9,pm=0.05)",GA,0,30,0.0,0.03125,0.0,0.08106970544208494,1.8333333333333333,2.0,1.0,3.0
onemax_n30_i008,onemax,bin,500,0.0,HC(flips=1),HC,30,30,1.0,0.96875,0.9189302945579151,1.0,0.0,0.0,0.0,0.0
onemax_n30_i008,onemax,bin,500,0.0,HC(flips=2),HC,9,30,0.3,0.3125,0.17978144366391835,0.44521855633608165,0.9666666666666667,1.0,0.0,3.0
onemax_n30_i008,onemax,bin,500,0.0,RS_BIN,RS_BIN,0,30,0.0,0.03125,0.0,0.08106970544208494,7.0,7.0,5.0,9.0
onemax_n30_i008,onemax,bin,500,0.0,"SA(T0=1.0,alpha=0.995,flips=1)",SA,30,30,1.0,0.96875,0.9189302945579151,1.0,0.0,0.0,0.0,0.0
onemax_n30_i008,onemax,bin,500,0.0,"SA(T0=2.0,alpha=0.99,flips=1)",SA,30,30,1.0,0.96875,0.9189302945579151,1.0,0.0,0.0,0.0,0.0
onemax_n30_i008,onemax,bin,500,0.0,"SA(T0=2.0,alpha=0.995,flips=2)",SA,1,30,0.03333333333333333,0.0625,0.0,0.13181000556642797,1.7333333333333334,2.0,0.0,4.0
onemax_n30_i010,onemax,bin,500,0.0,"GA(pop=100,pc=0.9,pm=0.02)",GA,0,30,0.0,0.03125,0.0,0.08106970544208494,4.166666666666667,4.0,2.0,6.0
onemax_n30_i010,onemax,bin,500,0.0,"GA(pop=50,pc=0.9,pm=0.02)",GA,3,30,0.1,0.125,0.030304504716323594,0.2196954952836764,1.5,2.0,0.0,3.0
onemax_n30_i010,onemax,bin,500,0.0,"GA(pop=50,pc=0.9,pm=0.05)",GA,1,30,0.03333333333333333,0.0625,0.0,0.13181000556642797,1.8333333333333333,2.0,0.0,3.0
onemax_n30_i010,onemax,bin,500,0.0,HC(flips=1),HC,30,30,1.0,0.96875,0.9189302945579151,1.0,0.0,0.0,0.0,0.0
onemax_n30_i010,onemax,bin,500,0.0,HC(flips=2),HC,12,30,0.4,0.40625,0.26562297632331866,0.5468770236766813,0.8333333333333334,1.0,0.0,3.0
onemax_n30_i010,onemax,bin,500,0.0,RS_BIN,RS_BIN,0,30,0.0,0.03125,0.0,0.08106970544208494,6.933333333333334,7.0,5.0,9.0
onemax_n30_i010,onemax,bin,500,0.0,"SA(T0=1.0,alpha=0.995,flips=1)",SA,30,30,1.0,0.96875,0.9189302945579151,1.0,0.0,0.0,0.0,0.0
onemax_n30_i010,onemax,bin,500,0.0,"SA(T0=2.0,alpha=0.99,flips=1)",SA,30,30,1.0,0.96875,0.9189302945579151,1.0,0.0,0.0,0.0,0.0
onemax_n30_i010,onemax,bin,500,0.0,"SA(T0=2.0,alpha=0.995,flips=2)",SA,3,30,0.1,0.125,0.030304504716323594,0.2196954952836764,1.6333333333333333,1.0,0.0,4.0
onemax_n60_i014,onemax,bin,500,0.0,"GA(pop=100,pc=0.9,pm=0.02)",GA,0,30,0.0,0.03125,0.0,0.08106970544208494,13.8,14.0,10.0,16.0
onemax_n60_i014,onemax,bin,500,0.0,"GA(pop=50,pc=0.9,pm=0.02)",GA,0,30,0.0,0.03125,0.0,0.08106970544208494,9.6,10.0,6.0,13.0
onemax_n60_i014,onemax,bin,500,0.0,"GA(pop=50,pc=0.9,pm=0.05)",GA,0,30,0.0,0.03125,0.0,0.08106970544208494,10.533333333333333,11.0,8.0,13.0
onemax_n60_i014,onemax,bin,500,0.0,HC(flips=1),HC,30,30,1.0,0.96875,0.9189302945579151,1.0,0.0,0.0,0.0,0.0
onemax_n60_i014,onemax,bin,500,0.0,HC(flips=2),HC,0,30,0.0,0.03125,0.0,0.08106970544208494,3.3,3.0,1.0,7.0
onemax_n60_i014,onemax,bin,500,0.0,RS_BIN,RS_BIN,0,30,0.0,0.03125,0.0,0.08106970544208494,18.3,19.0,14.0,21.0
onemax_n60_i014,onemax,bin,500,0.0,"SA(T0=1.0,alpha=0.995,flips=1)",SA,27,30,0.9,0.875,0.7803045047163236,0.9696954952836764,0.1,0.0,0.0,1.0
onemax_n60_i014,onemax,bin,500,0.0,"SA(T0=2.0,alpha=0.99,flips=1)",SA,26,30,0.8666666666666667,0.84375,0.739784991650358,0.947715008349642,0.13333333333333333,0.0,0.0,1.0
onemax_n60_i014,onemax,bin,500,0.0,"SA(T0=2.0,alpha=0.995,flips=2)",SA,0,30,0.0,0.03125,0.0,0.08106970544208494,5.0,5.0,3.0,8.0
onemax_n60_i016,onemax,bin,500,0.0,"GA(pop=100,pc=0.9,pm=0.02)",GA,0,30,0.0,0.03125,0.0,0.08106970544208494,13.933333333333334,14.0,11.0,17.0
onemax_n60_i016,onemax,bin,500,0.0,"GA(pop=50,pc=0.9,pm=0.02)",GA,0,30,0.0,0.03125,0.0,0.08106970544208494,9.533333333333333,10.0,7.0,12.0
onemax_n60_i016,onemax,bin,500,0.0,"GA(pop=50,pc=0.9,pm=0.05)",GA,0,30,0.0,0.03125,0.0,0.08106970544208494,10.8,11.0,9.0,14.0
onemax_n60_i016,onemax,bin,500,0.0,HC(flips=1),HC,30,30,1.0,0.96875,0.9189302945579151,1.0,0.0,0.0,0.0,0.0
onemax_n60_i016,onemax,bin,500,0.0,HC(flips=2),HC,0,30,0.0,0.03125,0.0,0.08106970544208494,3.1333333333333333,3.0,1.0,6.0
onemax_n60_i016,onemax,bin,500,0.0,RS_BIN,RS_BIN,0,30,0.0,0.03125,0.0,0.08106970544208494,18.633333333333333,18.5,16.0,21.0
onemax_n60_i016,onemax,bin,500,0.0,"SA(T0=1.0,alpha=0.995,flips=1)",SA,30,30,1.0,0.96875,0.9189302945579151,1.0,0.0,0.0,0.0,0.0
onemax_n60_i016,onemax,bin,500,0.0,"SA(T0=2.0,alpha=0.99,flips=1)",SA,30,30,1.0,0.96875,0.9189302945579151,1.0,0.0,0.0,0.0,0.0
onemax_n60_i016,onemax,bin,500,0.0,"SA(T0=2.0,alpha=0.995,flips=2)",SA,0,30,0.0,0.03125,0.0,0.08106970544208494,5.566666666666666,6.0,2.0,10.0
onemax_n60_i018,onemax,bin,500,0.0,"GA(pop=100,pc=0.9,pm=0.02)",GA,0,30,0.0,0.03125,0.0,0.08106970544208494,13.433333333333334,13.5,10.0,16.0
onemax_n60_i018,onemax,bin,500,0.0,"GA(pop=50,pc=0.9,pm=0.02)",GA,0,30,0.0,0.03125,0.0,0.08106970544208494,9.766666666666667,9.5,7.0,15.0
onemax_n60_i018,onemax,bin,500,0.0,"GA(pop=50,pc=0.9,pm=0.05)",GA,0,30,0.0,0.03125,0.0,0.08106970544208494,10.033333333333333,10.0,6.0,12.0
onemax_n60_i018,onemax,bin,500,0.0,HC(flips=1),HC,30,30,1.0,0.96875,0.9189302945579151,1.0,0.0,0.0,0.0,0.0
onemax_n60_i018,onemax,bin,500,0.0,HC(flips=2),HC,0,30,0.0,0.03125,0.0,0.08106970544208494,3.3666666666666667,3.5,1.0,7.0
onemax_n60_i018,onemax,bin,500,0.0,RS_BIN,RS_BIN,0,30,0.0,0.03125,0.0,0.08106970544208494,17.933333333333334,18.0,14.0,20.0
onemax_n60_i018,onemax,bin,500,0.0,"SA(T0=1.0,alpha=0.995,flips=1)",SA,27,30,0.9,0.875,0.7803045047163236,0.9696954952836764,0.1,0.0,0.0,1.0
onemax_n60_i018,onemax,bin,500,0.0,"SA(T0=2.0,alpha=0.99,flips=1)",SA,28,30,0.9333333333333333,0.90625,0.8227897012715237,0.9897102987284763,0.06666666666666667,0.0,0.0,1.0
onemax_n60_i018,onemax,bin,500,0.0,"SA(T0=2.0,alpha=0.995,flips=2)",SA,1,30,0.03333333333333333,0.0625,0.0,0.13181000556642797,5.2,5.0,0.0,9.0
onemax_n100_i006,onemax,bin,2000,0.0,"GA(pop=100,pc=0.9,pm=0.02)",GA,0,30,0.0,0.03125,0.0,0.08106970544208494,10.966666666666667,11.0,8.0,14.0
onemax_n100_i006,onemax,bin,2000,0.0,"GA(pop=50,pc=0.9,pm=0.02)",GA,0,30,0.0,0.03125,0.0,0.08106970544208494,5.033333333333333,5.0,2.0,8.0
onemax_n100_i006,onemax,bin,2000,0.0,"GA(pop=50,pc=0.9,pm=0.05)",GA,0,30,0.0,0.03125,0.0,0.08106970544208494,14.0,14.0,11.0,17.0
onemax_n100_i006,onemax,bin,2000,0.0,HC(flips=1),HC,30,30,1.0,0.96875,0.9189302945579151,1.0,0.0,0.0,0.0,0.0
onemax_n100_i006,onemax,bin,2000,0.0,HC(flips=2),HC,1,30,0.03333333333333333,0.0625,0.0,0.13181000556642797,2.7,2.5,0.0,6.0
onemax_n100_i006,onemax,bin,2000,0.0,RS_BIN,RS_BIN,0,30,0.0,0.03125,0.0,0.08106970544208494,32.63333333333333,33.0,28.0,35.0
onemax_n100_i006,onemax,bin,2000,0.0,"SA(T0=1.0,alpha=0.995,flips=1)",SA,30,30,1.0,0.96875,0.9189302945579151,1.0,0.0,0.0,0.0,0.0
onemax_n100_i006,onemax,bin,2000,0.0,"SA(T0=2.0,alpha=0.99,flips=1)",SA,30,30,1.0,0.96875,0.9189302945579151,1.0,0.0,0.0,0.0,0.0
onemax_n100_i006,onemax,bin,2000,0.0,"SA(T0=2.0,alpha=0.995,flips=2)",SA,1,30,0.03333333333333333,0.0625,0.0,0.13181000556642797,2.7,3.0,0.0,6.0
onemax_n100_i012,onemax,bin,2000,0.0,"GA(pop=100,pc=0.9,pm=0.02)",GA,0,30,0.0,0.03125,0.0,0.08106970544208494,11.433333333333334,12.0,8.0,14.0
onemax_n100_i012,onemax,bin,2000,0.0,"GA(pop=50,pc=0.9,pm=0.02)",GA,0,30,0.0,0.03125,0.0,0.08106970544208494,5.333333333333333,5.0,3.0,8.0
onemax_n100_i012,onemax,bin,2000,0.0,"GA(pop=50,pc=0.9,pm=0.05)",GA,0,30,0.0,0.03125,0.0,0.08106970544208494,13.666666666666666,14.0,10.0,16.0
onemax_n100_i012,onemax,bin,2000,0.0,HC(flips=1),HC,30,30,1.0,0.96875,0.9189302945579151,1.0,0.0,0.0,0.0,0.0
onemax_n100_i012,onemax,bin,2000,0.0,HC(flips=2),HC,2,30,0.06666666666666667,0.09375,0.010289701271523718,0.17721029872847627,2.2,2.0,0.0,4.0
onemax_n100_i012,onemax,bin,2000,0.0,RS_BIN,RS_BIN,0,30,0.0,0.03125,0.0,0.08106970544208494,32.766666666666666,33.0,28.0,35.0
onemax_n100_i012,onemax,bin,2000,0.0,"SA(T0=1.0,alpha=0.995,flips=1)",SA,30,30,1.0,0.96875,0.9189302945579151,1.0,0.0,0.0,0.0,0.0
onemax_n100_i012,onemax,bin,2000,0.0,"SA(T0=2.0,alpha=0.99,flips=1)",SA,30,30,1.0,0.96875,0.9189302945579151,1.0,0.0,0.0,0.0,0.0
onemax_n100_i012,onemax,bin,2000,0.0,"SA(T0=2.0,alpha=0.995,flips=2)",SA,1,30,0.03333333333333333,0.0625,0.0,0.13181000556642797,2.466666666666667,2.0,0.0,6.0
onemax_n30_i000,onemax,bin,2000,0.0,"GA(pop=100,pc=0.9,pm=0.02)",GA,30,30,1.0,0.96875,0.9189302945579151,1.0,0.0,0.0,0.0,0.0
onemax_n30_i000,onemax,bin,2000,0.0,"GA(pop=50,pc=0.9,pm=0.02)",GA,30,30,1.0,0.96875,0.9189302945579151,1.0,0.0,0.0,0.0,0.0
onemax_n30_i000,onemax,bin,2000,0.0,"GA(pop=50,pc=0.9,pm=0.05)",GA,30,30,1.0,0.96875,0.9189302945579151,1.0,0.0,0.0,0.0,0.0
onemax_n30_i000,onemax,bin,2000,0.0,HC(flips=1),HC,30,30,1.0,0.96875,0.9189302945579151,1.0,0.0,0.0,0.0,0.0
onemax_n30_i000,onemax,bin,2000,0.0,HC(flips=2),HC,12,30,0.4,0.40625,0.26562297632331866,0.5468770236766813,0.6,1.0,0.0,1.0
onemax_n30_i000,onemax,bin,2000,0.0,RS_BIN,RS_BIN,0,30,0.0,0.03125,0.0,0.08106970544208494,5.7,6.0,4.0,7.0
onemax_n30_i000,onemax,bin,2000,0.0,"SA(T0=1.0,alpha=0.995,flips=1)",SA,30,30,1.0,0.96875,0.9189302945579151,1.0,0.0,0.0,0.0,0.0
onemax_n30_i000,onemax,bin,2000,0.0,"SA(T0=2.0,alpha=0.99,flips=1)",SA,30,30,1.0,0.96875,0.9189302945579151,1.0,0.0,0.0,0.0,0.0
onemax_n30_i000,onemax,bin,2000,0.0,"SA(T0=2.0,alpha=0.995,flips=2)",SA,10,30,0.3333333333333333,0.34375,0.2077539487494936,0.4797460512505064,0.6666666666666666,1.0,0.0,1.0
onemax_n30_i002,onemax,bin,2000,0.0,"GA(pop=100,pc=0.9,pm=0.02)",GA,30,30,1.0,0.96875,0.9189302945579151,1.0,0.0,0.0,0.0,0.0
onemax_n30_i002,onemax,bin,2000,0.0,"GA(pop=50,pc=0.9,pm=0.02)",GA,30,30,1.0,0.96875,0.9189302945579151,1.0,0.0,0.0,0.0,0.0
onemax_n30_i002,onemax,bin,2000,0.0,"GA(pop=50,pc=0.9,pm=0.05)",GA,30,30,1.0,0.96875,0.9189302945579151,1.0,0.0,0.0,0.0,0.0
onemax_n30_i002,onemax,bin,2000,0.0,HC(flips=1),HC,30,30,1.0,0.96875,0.9189302945579151,1.0,0.0,0.0,0.0,0.0
onemax_n30_i002,onemax,bin,2000,0.0,HC(flips=2),HC,15,30,0.5,0.5,0.35683386811502993,0.6431661318849701,0.5,0.5,0.0,1.0
onemax_n30_i002,onemax,bin,2000,0.0,RS_BIN,RS_BIN,0,30,0.0,0.03125,0.0,0.08106970544208494,6.066666666666666,6.0,5.0,7.0
onemax_n30_i002,onemax,bin,2000,0.0,"SA(T0=1.0,alpha=0.995,flips=1)",SA,30,30,1.0,0.96875,0.9189302945579151,1.0,0.0,0.0,0.0,0.0
onemax_n30_i002,onemax,bin,2000,0.0,"SA(T0=2.0,alpha=0.99,flips=1)",SA,30,30,1.0,0.96875,0.9189302945579151,1.0,0.0,0.0,0.0,0.0
onemax_n30_i002,onemax,bin,2000,0.0,"SA(T0=2.0,alpha=0.995,flips=2)",SA,9,30,0.3,0.3125,0.17978144366391835,0.44521855633608165,0.7666666666666667,1.0,0.0,2.0
onemax_n30_i004,onemax,bin,2000,0.0,"GA(pop=100,pc=0.9,pm=0.02)",GA,30,30,1.0,0.96875,0.9189302945579151,1.0,0.0,0.0,0.0,0.0
onemax_n30_i004,onemax,bin,2000,0.0,"GA(pop=50,pc=0.9,pm=0.02)",GA,30,30,1.0,0.96875,0.9189302945579151,1.0,0.0,0.0,0.0,0.0
onemax_n30_i004,onemax,bin,2000,0.0,"GA(pop=50,pc=0.9,pm=0.05)",GA,30,30,1.0,0.96875,0.9189302945579151,1.0,0.0,0.0,0.0,0.0
onemax_n30_i004,onemax,bin,2000,0.0,HC(flips=1),HC,30,30,1.0,0.96875,0.9189302945579151,1.0,0.0,0.0,0.0,0.0
onemax_n30_i004,onemax,bin,2000,0.0,HC(flips=2),HC,12,30,0.4,0.40625,0.26562297632331866,0.5468770236766813,0.6,1.0,0.0,1.0
onemax_n30_i004,onemax,bin,2000,0.0,RS_BIN,RS_BIN,0,30,0.0,0.03125,0.0,0.08106970544208494,5.9,6.0,4.0,7.0
onemax_n30_i004,onemax,bin,2000,0.0,"SA(T0=1.0,alpha=0.995,flips=1)",SA,30,30,1.0,0.96875,0.9189302945579151,1.0,0.0,0.0,0.0,0.0
onemax_n30_i004,onemax,bin,2000,0.0,"SA(T0=2.0,alpha=0.99,flips=1)",SA,30,30,1.0,0.96875,0.9189302945579151,1.0,0.0,0.0,0.0,0.0
onemax_n30_i004,onemax,bin,2000,0.0,"SA(T0=2.0,alpha=0.995,flips=2)",SA,13,30,0.43333333333333335,0.4375,0.2954567570744854,0.5795432429255146,0.5666666666666667,1.0,0.0,1.0
onemax_n30_i008,onemax,bin,2000,0.0,"GA(pop=100,pc=0.9,pm=0.02)",GA,30,30,1.0,0.96875,0.9189302945579151,1.0,0.0,0.0,0.0,0.0
onemax_n30_i008,onemax,bin,2000,0.0,"GA(pop=50,pc=0.9,pm=0.02)",GA,30,30,1.0,0.96875,0.9189302945579151,1.0,0.0,0.0,0.0,0.0
onemax_n30_i008,onemax,bin,2000,0.0,"GA(pop=50,pc=0.9,pm=0.05)",GA,30,30,1.0,0.96875,0.9189302945579151,1.0,0.0,0.0,0.0,0.0
onemax_n30_i008,onemax,bin,2000,0.0,HC(flips=1),HC,30,30,1.0,0.96875,0.9189302945579151,1.0,0.0,0.0,0.0,0.0
onemax_n30_i008,onemax,bin,2000,0.0,HC(flips=2),HC,16,30,0.5333333333333333,0.53125,0.38836376306873477,0.6741362369312652,0.4666666666666667,0.0,0.0,1.0
onemax_n30_i008,onemax,bin,2000,0.0,RS_BIN,RS_BIN,0,30,0.0,0.03125,0.0,0.08106970544208494,5.7,6.0,4.0,8.0
onemax_n30_i008,onemax,bin,2000,0.0,"SA(T0=1.0,alpha=0.995,flips=1)",SA,30,30,1.0,0.96875,0.9189302945579151,1.0,0.0,0.0,0.0,0.0
onemax_n30_i008,onemax,bin,2000,0.0,"SA(T0=2.0,alpha=0.99,flips=1)",SA,30,30,1.0,0.96875,0.9189302945579151,1.0,0.0,0.0,0.0,0.0
onemax_n30_i008,onemax,bin,2000,0.0,"SA(T0=2.0,alpha=0.995,flips=2)",SA,15,30,0.5,0.5,0.35683386811502993,0.6431661318849701,0.5666666666666667,0.5,0.0,2.0
onemax_n30_i010,onemax,bin,2000,0.0,"GA(pop=100,pc=0.9,pm=0.02)",GA,30,30,1.0,0.96875,0.9189302945579151,1.0,0.0,0.0,0.0,0.0
onemax_n30_i010,onemax,bin,2000,0.0,"GA(pop=50,pc=0.9,pm=0.02)",GA,30,30,1.0,0.96875,0.9189302945579151,1.0,0.0,0.0,0.0,0.0
onemax_n30_i010,onemax,bin,2000,0.0,"GA(pop=50,pc=0.9,pm=0.05)",GA,30,30,1.0,0.96875,0.9189302945579151,1.0,0.0,0.0,0.0,0.0
onemax_n30_i010,onemax,bin,2000,0.0,HC(flips=1),HC,30,30,1.0,0.96875,0.9189302945579151,1.0,0.0,0.0,0.0,0.0
onemax_n30_i010,onemax,bin,2000,0.0,HC(flips=2),HC,15,30,0.5,0.5,0.35683386811502993,0.6431661318849701,0.5,0.5,0.0,1.0
onemax_n30_i010,onemax,bin,2000,0.0,RS_BIN,RS_BIN,0,30,0.0,0.03125,0.0,0.08106970544208494,5.7,6.0,3.0,7.0
onemax_n30_i010,onemax,bin,2000,0.0,"SA(T0=1.0,alpha=0.995,flips=1)",SA,30,30,1.0,0.96875,0.9189302945579151,1.0,0.0,0.0,0.0,0.0
onemax_n30_i010,onemax,bin,2000,0.0,"SA(T0=2.0,alpha=0.99,flips=1)",SA,30,30,1.0,0.96875,0.9189302945579151,1.0,0.0,0.0,0.0,0.0
onemax_n30_i010,onemax,bin,2000,0.0,"SA(T0=2.0,alpha=0.995,flips=2)",SA,13,30,0.43333333333333335,0.4375,0.2954567570744854,0.5795432429255146,0.6,1.0,0.0,2.0
onemax_n60_i014,onemax,bin,2000,0.0,"GA(pop=100,pc=0.9,pm=0.02)",GA,1,30,0.03333333333333333,0.0625,0.0,0.13181000556642797,1.6333333333333333,2.0,0.0,3.0
onemax_n60_i014,onemax,bin,2000,0.0,"GA(pop=50,pc=0.9,pm=0.02)",GA,27,30,0.9,0.875,0.7803045047163236,0.9696954952836764,0.1,0.0,0.0,1.0
onemax_n60_i014,onemax,bin,2000,0.0,"GA(pop=50,pc=0.9,pm=0.05)",GA,0,30,0.0,0.03125,0.0,0.08106970544208494,3.2333333333333334,3.0,1.0,6.0
onemax_n60_i014,onemax,bin,2000,0.0,HC(flips=1),HC,30,30,1.0,0.96875,0.9189302945579151,1.0,0.0,0.0,0.0,0.0
onemax_n60_i014,onemax,bin,2000,0.0,HC(flips=2),HC,6,30,0.2,0.21875,0.1003806308954045,0.3371193691045955,1.0666666666666667,1.0,0.0,3.0
onemax_n60_i014,onemax,bin,2000,0.0,RS_BIN,RS_BIN,0,30,0.0,0.03125,0.0,0.08106970544208494,16.966666666666665,17.0,14.0,19.0
onemax_n60_i014,onemax,bin,2000,0.0,"SA(T0=1.0,alpha=0.995,flips=1)",SA,30,30,1.0,0.96875,0.9189302945579151,1.0,0.0,0.0,0.0,0.0
onemax_n60_i014,onemax,bin,2000,0.0,"SA(T0=2.0,alpha=0.99,flips=1)",SA,30,30,1.0,0.96875,0.9189302945579151,1.0,0.0,0.0,0.0,0.0
onemax_n60_i014,onemax,bin,2000,0.0,"SA(T0=2.0,alpha=0.995,flips=2)",SA,11,30,0.36666666666666664,0.375,0.23637998886714406,0.5136200111328559,0.8,1.0,0.0,2.0
onemax_n60_i016,onemax,bin,2000,0.0,"GA(pop=100,pc=0.9,pm=0.02)",GA,0,30,0.0,0.03125,0.0,0.08106970544208494,2.1333333333333333,2.0,1.0,5.0
onemax_n60_i016,onemax,bin,2000,0.0,"GA(pop=50,pc=0.9,pm=0.02)",GA,28,30,0.9333333333333333,0.90625,0.8227897012715237,0.9897102987284763,0.1,0.0,0.0,2.0
onemax_n60_i016,onemax,bin,2000,0.0,"GA(pop=50,pc=0.9,pm=0.05)",GA,0,30,0.0,0.03125,0.0,0.08106970544208494,3.3666666666666667,3.0,1.0,5.0
onemax_n60_i016,onemax,bin,2000,0.0,HC(flips=1),HC,30,30,1.0,0.96875,0.9189302945579151,1.0,0.0,0.0,0.0,0.0
onemax_n60_i016,onemax,bin,2000,0.0,HC(flips=2),HC,9,30,0.3,0.3125,0.17978144366391835,0.44521855633608165,0.9,1.0,0.0,2.0
onemax_n60_i016,onemax,bin,2000,0.0,RS_BIN,RS_BIN,0,30,0.0,0.03125,0.0,0.08106970544208494,17.333333333333332,18.0,15.0,18.0
onemax_n60_i016,onemax,bin,2000,0.0,"SA(T0=1.0,alpha=0.995,flips=1)",SA,30,30,1.0,0.96875,0.9189302945579151,1.0,0.0,0.0,0.0,0.0
onemax_n60_i016,onemax,bin,2000,0.0,"SA(T0=2.0,alpha=0.99,flips=1)",SA,30,30,1.0,0.96875,0.9189302945579151,1.0,0.0,0.0,0.0,0.0
onemax_n60_i016,onemax,bin,2000,0.0,"SA(T0=2.0,alpha=0.995,flips=2)",SA,8,30,0.26666666666666666,0.28125,0.15251237843162144,0.40998762156837854,1.2333333333333334,1.5,0.0,2.0
onemax_n60_i018,onemax,bin,2000,0.0,"GA(pop=100,pc=0.9,pm=0.02)",GA,1,30,0.03333333333333333,0.0625,0.0,0.13181000556642797,2.033333333333333,2.0,0.0,4.0
onemax_n60_i018,onemax,bin,2000,0.0,"GA(pop=50,pc=0.9,pm=0.02)",GA,26,30,0.8666666666666667,0.84375,0.739784991650358,0.947715008349642,0.13333333333333333,0.0,0.0,1.0
onemax_n60_i018,onemax,bin,2000,0.0,"GA(pop=50,pc=0.9,pm=0.05)",GA,0,30,0.0,0.03125,0.0,0.08106970544208494,3.933333333333333,4.0,2.0,6.0
onemax_n60_i018,onemax,bin,2000,0.0,HC(flips=1),HC,30,30,1.0,0.96875,0.9189302945579151,1.0,0.0,0.0,0.0,0.0
onemax_n60_i018,onemax,bin,2000,0.0,HC(flips=2),HC,4,30,0.13333333333333333,0.15625,0.05228499165035805,0.26021500834964195,1.1,1.0,0.0,3.0
onemax_n60_i018,onemax,bin,2000,0.0,RS_BIN,RS_BIN,0,30,0.0,0.03125,0.0,0.08106970544208494,17.133333333333333,17.0,15.0,19.0
onemax_n60_i018,onemax,bin,2000,0.0,"SA(T0=1.0,alpha=0.995,flips=1)",SA,30,30,1.0,0.96875,0.9189302945579151,1.0,0.0,0.0,0.0,0.0
onemax_n60_i018,onemax,bin,2000,0.0,"SA(T0=2.0,alpha=0.99,flips=1)",SA,30,30,1.0,0.96875,0.9189302945579151,1.0,0.0,0.0,0.0,0.0
onemax_n60_i018,onemax,bin,2000,0.0,"SA(T0=2.0,alpha=0.995,flips=2)",SA,6,30,0.2,0.21875,0.1003806308954045,0.3371193691045955,1.2,1.0,0.0,3.0
rastrigin_d10_i003,rastrigin,cont,500,67.76028683979271,"DE(pop=20,F=0.8,CR=0.9)",DE,1,30,0.03333333333333333,0.0625,0.0,0.13181000556642797,87.95589115702612,89.09255003270422,66.09135723293691,107.06466468448149
rastrigin_d10_i003,rastrigin,cont,500,67.76028683979271,"DE(pop=40,F=0.8,CR=0.9)",DE,1,30,0.03333333333333333,0.0625,0.0,0.13181000556642797,95.89671251512318,99.53782815740057,65.74067664057134,115.62170884424293
rastrigin_d10_i003,rastrigin,cont,500,67.76028683979271,"PSO_RING(p=20,ring,w=0.72,c1=1.49,c2=1.49)",PSO_RING,12,30,0.4,0.40625,0.26562297632331866,0.5468770236766813,69.17319040630271,68.34004228521262,53.16650617540785,92.33830014862104
rastrigin_d10_i003,rastrigin,cont,500,67.76028683979271,"PSO_RING(p=40,ring,w=0.72,c1=1.49,c2=1.49)",PSO_RING,6,30,0.2,0.21875,0.1003806308954045,0.3371193691045955,73.98426798420631,75.10136066098292,45.03224434287692,89.50420094107888
rastrigin_d10_i003,rastrigin,cont,500,67.76028683979271,"PSO_STD(p=20,w=0.72,c1=1.49,c2=1.49)",PSO_STD,17,30,0.5666666666666667,0.5625,0.4204567570744854,0.7045432429255146,68.08516116720963,66.44642230060775,51.986428019843665,87.83135621988693
rastrigin_d10_i003,rastrigin,cont,500,67.76028683979271,"PSO_STD(p=40,w=0.72,c1=1.49,c2=1.49)",PSO_STD,13,30,0.43333333333333335,0.4375,0.2954567570744854,0.5795432429255146,70.51354427816644,72.04291676145485,42.474950004291216,93.48791322911944
rastrigin_d10_i003,rastrigin,cont,500,67.76028683979271,RS_CONT,RS_CONT,0,30,0.0,0.03125,0.0,0.08106970544208494,94.13398034564497,93.8122428319952,76.85214512712263,112.87150059581583
rastrigin_d10_i005,rastrigin,cont,500,63.35729179909682,"DE(pop=20,F=0.8,CR=0.9)",DE,1,30,0.03333333333333333,0.0625,0.0,0.13181000556642797,90.33746172314432,90.05952870087577,60.63875510144192,112.8914542354673
rastrigin_d10_i005,rastrigin,cont,500,63.35729179909682,"DE(pop=40,F=0.8,CR=0.9)",DE,0,30,0.0,0.03125,0.0,0.08106970544208494,98.46586717090572,100.81846475159473,65.53258318267297,115.42048757694906
rastrigin_d10_i005,rastrigin,cont,500,63.35729179909682,"PSO_RING(p=20,ring,w=0.72,c1=1.49,c2=1.49)",PSO_RING,12,30,0.4,0.40625,0.26562297632331866,0.5468770236766813,66.34568631419978,65.48614647123124,54.37120110883486,83.65316431884462
rastrigin_d10_i005,rastrigin,cont,500,63.35729179909682,"PSO_RING(p=40,ring,w=0.72,c1=1.49,c2=1.49)",PSO_RING,2,30,0.06666666666666667,0.09375,0.010289701271523718,0.17721029872847627,74.50122185003991,73.72194017287387,55.44138540676673,96.26971912101027
rastrigin_d10_i005,rastrigin,cont,500,63.35729179909682,"PSO_STD(p=20,w=0.72,c1=1.49,c2=1.49)",PSO_STD,15,30,0.5,0.5,0.35683386811502993,0.6431661318849701,64.90867278901916,62.82559246063991,38.62583053845957,85.48852204736306
rastrigin_d10_i005,rastrigin,cont,500,63.35729179909682,"PSO_STD(p=40,w=0.72,c1=1.49,c2=1.49)",PSO_STD,13,30,0.43333333333333335,0.4375,0.2954567570744854,0.5795432429255146,66.26267754405707,67.12537841993944,32.95625337126873,97.31397054220209
rastrigin_d10_i005,rastrigin,cont,500,63.35729179909682,RS_CONT,RS_CONT,0,30,0.0,0.03125,0.0,0.08106970544208494,94.17726880029213,95.43033259182457,75.69241578651858,110.38326238549068
rastrigin_d10_i007,rastrigin,cont,500,67.08122479100322,"DE(pop=20,F=0.8,CR=0.9)",DE,0,30,0.0,0.03125,0.0,0.08106970544208494,87.44550537953897,89.65546289062196,67.4081663663211,112.48021297814539
rastrigin_d10_i007,rastrigin,cont,500,67.08122479100322,"DE(pop=40,F=0.8,CR=0.9)",DE,1,30,0.03333333333333333,0.0625,0.0,0.13181000556642797,96.84810152734764,100.57213324445583,62.27514416600806,119.0861097515229
rastrigin_d10_i007,rastrigin,cont,500,67.08122479100322,"PSO_RING(p=20,ring,w=0.72,c1=1.49,c2=1.49)",PSO_RING,10,30,0.3333333333333333,0.34375,0.2077539487494936,0.4797460512505064,71.07847902084428,69.28005737000876,61.118199391196185,87.27334178560328
rastrigin_d10_i007,rastrigin,cont,500,67.08122479100322,"PSO_RING(p=40,ring,w=0.72,c1=1.49,c2=1.49)",PSO_RING,5,30,0.16666666666666666,0.1875,0.0757409741174901,0.2992590258825099,77.74420044371433,79.07285663114453,61.615611010119416,93.8439431034672
rastrigin_d10_i007,rastrigin,cont,500,67.08122479100322,"PSO_STD(p=20,w=0.72,c1=1.49,c2=1.49)",PSO_STD,21,30,0.7,0.6875,0.5547814436639183,0.8202185563360817,65.01455054122067,64.95364169149033,44.37324818337723,80.23873671027991
rastrigin_d10_i007,rastrigin,cont,500,67.08122479100322,"PSO_STD(p=40,w=0.72,c1=1.49,c2=1.49)",PSO_STD,14,30,0.4666666666666667,0.46875,0.32586376306873477,0.6116362369312652,70.14537926978234,69.55176109804665,49.72999164363297,98.4625137944109
rastrigin_d10_i007,rastrigin,cont,500,67.08122479100322,RS_CONT,RS_CONT,1,30,0.03333333333333333,0.0625,0.0,0.13181000556642797,91.66708227127891,91.45813054318421,60.898494703447156,112.52168634566067
rastrigin_d10_i009,rastrigin,cont,500,65.93257404636292,"DE(pop=20,F=0.8,CR=0.9)",DE,1,30,0.03333333333333333,0.0625,0.0,0.13181000556642797,87.46396937287409,88.59910433546739,62.84640093701233,105.89684714607505
rastrigin_d10_i009,rastrigin,cont,500,65.93257404636292,"DE(pop=40,F=0.8,CR=0.9)",DE,0,30,0.0,0.03125,0.0,0.08106970544208494,99.68546351903244,99.22898459797702,68.28525430702076,116.97958951361153
rastrigin_d10_i009,rastrigin,cont,500,65.93257404636292,"PSO_RING(p=20,ring,w=0.72,c1=1.49,c2=1.49)",PSO_RING,13,30,0.43333333333333335,0.4375,0.2954567570744854,0.5795432429255146,67.86458610995653,68.92505820743385,53.359821250744346,83.68764249063979
rastrigin_d10_i009,rastrigin,cont,500,65.93257404636292,"PSO_RING(p=40,ring,w=0.72,c1=1.49,c2=1.49)",PSO_RING,5,30,0.16666666666666666,0.1875,0.0757409741174901,0.2992590258825099,75.20430498207955,74.9631941860033,48.3169803895611,98.91847744443008
rastrigin_d10_i009,rastrigin,cont,500,65.93257404636292,"PSO_STD(p=20,w=0.72,c1=1.49,c2=1.49)",PSO_STD,18,30,0.6,0.59375,0.45312297632331866,0.7343770236766813,65.88008812333652,65.3356581415893,43.447393527623504,83.87715642583564
rastrigin_d10_i009,rastrigin,cont,500,65.93257404636292,"PSO_STD(p=40,w=0.72,c1=1.49,c2=1.49)",PSO_STD,12,30,0.4,0.40625,0.26562297632331866,0.5468770236766813,70.15008035436199,70.9111369555765,43.3411413972529,94.20804663008249
rastrigin_d10_i009,rastrigin,cont,500,65.93257404636292,RS_CONT,RS_CONT,0,30,0.0,0.03125,0.0,0.08106970544208494,92.22816720174542,90.91968871582489,75.34542513403731,110.06716207131599
rastrigin_d10_i017,rastrigin,cont,500,67.1144862565434,"DE(pop=20,F=0.8,CR=0.9)",DE,2,30,0.06666666666666667,0.09375,0.010289701271523718,0.17721029872847627,87.63753387365418,88.70382609862251,61.261838895324324,111.25955840327279
rastrigin_d10_i017,rastrigin,cont,500,67.1144862565434,"DE(pop=40,F=0.8,CR=0.9)",DE,0,30,0.0,0.03125,0.0,0.08106970544208494,97.66084534498388,97.25361188908323,72.43323145895813,118.47646910824632
rastrigin_d10_i017,rastrigin,cont,500,67.1144862565434,"PSO_RING(p=20,ring,w=0.72,c1=1.49,c2=1.49)",PSO_RING,13,30,0.43333333333333335,0.4375,0.2954567570744854,0.5795432429255146,68.9954048229466,70.55387984250379,42.62307543931058,92.33410818220688
rastrigin_d10_i017,rastrigin,cont,500,67.1144862565434,"PSO_RING(p=40,ring,w=0.72,c1=1.49,c2=1.49)",PSO_RING,8,30,0.26666666666666666,0.28125,0.15251237843162144,0.40998762156837854,74.0180321861376,77.0165608602147,49.112809421947325,92.16231221886356
rastrigin_d10_i017,rastrigin,cont,500,67.1144862565434,"PSO_STD(p=20,w=0.72,c1=1.49,c2=1.49)",PSO_STD,21,30,0.7,0.6875,0.5547814436639183,0.8202185563360817,65.460161302222,66.20901376844942,53.56781470249042,81.26543149810212
rastrigin_d10_i017,rastrigin,cont,500,67.1144862565434,"PSO_STD(p=40,w=0.72,c1=1.49,c2=1.49)",PSO_STD,10,30,0.3333333333333333,0.34375,0.2077539487494936,0.4797460512505064,71.31116218643443,70.52191411433898,55.19884575426164,87.00298944124351
rastrigin_d10_i017,rastrigin,cont,500,67.1144862565434,RS_CONT,RS_CONT,1,30,0.03333333333333333,0.0625,0.0,0.13181000556642797,91.35068320590402,93.99832516959879,66.52053134058417,111.21905377072538
rastrigin_d20_i011,rastrigin,cont,500,196.91102724770056,"DE(pop=20,F=0.8,CR=0.9)",DE,2,30,0.06666666666666667,0.09375,0.010289701271523718,0.17721029872847627,232.1252982186851,232.96173381123901,175.92869893281906,275.286241271039
rastrigin_d20_i011,rastrigin,cont,500,196.91102724770056,"DE(pop=40,F=0.8,CR=0.9)",DE,0,30,0.0,0.03125,0.0,0.08106970544208494,255.7556869874328,263.5422168125839,204.04664132279996,280.98122933628605
rastrigin_d20_i011,rastrigin,cont,500,196.91102724770056,"PSO_RING(p=20,ring,w=0.72,c1=1.49,c2=1.49)",PSO_RING,16,30,0.5333333333333333,0.53125,0.38836376306873477,0.6741362369312652,199.18893612613618,196.66909686480483,179.9357478197679,234.19744622360312
rastrigin_d20_i011,rastrigin,cont,500,196.91102724770056,"PSO_RING(p=40,ring,w=0.72,c1=1.49,c2=1.49)",PSO_RING,7,30,0.23333333333333334,0.25,0.12601449282606259,0.3739855071739374,205.3800802717359,205.59466674554398,177.65813369788688,230.63912000469654
rastrigin_d20_i011,rastrigin,cont,500,196.91102724770056,"PSO_STD(p=20,w=0.72,c1=1.49,c2=1.49)",PSO_STD,20,30,0.6666666666666666,0.65625,0.5202539487494936,0.7922460512505064,195.039721319897,194.07496608756128,173.94862972617616,221.13223485935484
rastrigin_d20_i011,rastrigin,cont,500,196.91102724770056,"PSO_STD(p=40,w=0.72,c1=1.49,c2=1.49)",PSO_STD,15,30,0.5,0.5,0.35683386811502993,0.6431661318849701,199.04515991118086,195.779844283656,162.29262461642847,243.61258052956262
rastrigin_d20_i011,rastrigin,cont,500,196.91102724770056,RS_CONT,RS_CONT,0,30,0.0,0.03125,0.0,0.08106970544208494,235.77292411339033,234.12452279670146,210.039404736472,259.53173474250156
rastrigin_d20_i013,rastrigin,cont,500,190.77023445669354,"DE(pop=20,F=0.8,CR=0.9)",DE,0,30,0.0,0.03125,0.0,0.08106970544208494,237.9671146530992,238.5882206683903,192.54614337957028,269.4553691642777
rastrigin_d20_i013,rastrigin,cont,500,190.77023445669354,"DE(pop=40,F=0.8,CR=0.9)",DE,0,30,0.0,0.03125,0.0,0.08106970544208494,250.28936554041874,252.39696491554025,205.84991435171102,289.68786918526985
rastrigin_d20_i013,rastrigin,cont,500,190.77023445669354,"PSO_RING(p=20,ring,w=0.72,c1=1.49,c2=1.49)",PSO_RING,12,30,0.4,0.40625,0.26562297632331866,0.5468770236766813,197.42791320395412,197.76110190756927,165.5436188724911,241.8409849793841
rastrigin_d20_i013,rastrigin,cont,500,190.77023445669354,"PSO_RING(p=40,ring,w=0.72,c1=1.49,c2=1.49)",PSO_RING,4,30,0.13333333333333333,0.15625,0.05228499165035805,0.26021500834964195,209.21522191392347,212.14740773409176,163.71473480989886,236.54953004716276
rastrigin_d20_i013,rastrigin,cont,500,190.77023445669354,"PSO_STD(p=20,w=0.72,c1=1.49,c2=1.49)",PSO_STD,20,30,0.6666666666666666,0.65625,0.5202539487494936,0.7922460512505064,186.94520586318905,185.39039344089753,161.55532104969387,213.45781519859153
rastrigin_d20_i013,rastrigin,cont,500,190.77023445669354,"PSO_STD(p=40,w=0.72,c1=1.49,c2=1.49)",PSO_STD,12,30,0.4,0.40625,0.26562297632331866,0.5468770236766813,198.36630680124438,204.52569295755035,148.5802607727822,223.26234402347788
rastrigin_d20_i013,rastrigin,cont,500,190.77023445669354,RS_CONT,RS_CONT,0,30,0.0,0.03125,0.0,0.08106970544208494,239.25985724060732,243.58344892660358,193.9861662366102,264.8301095986952
rastrigin_d5_i001,rastrigin,cont,500,14.071661972358976,"DE(pop=20,F=0.8,CR=0.9)",DE,0,30,0.0,0.03125,0.0,0.08106970544208494,24.759941738928955,24.935746326376407,14.57726285162363,34.85524116263424
rastrigin_d5_i001,rastrigin,cont,500,14.071661972358976,"DE(pop=40,F=0.8,CR=0.9)",DE,0,30,0.0,0.03125,0.0,0.08106970544208494,28.64447427564091,29.078224883686644,14.632601082061583,41.88865504777432
rastrigin_d5_i001,rastrigin,cont,500,14.071661972358976,"PSO_RING(p=20,ring,w=0.72,c1=1.49,c2=1.49)",PSO_RING,9,30,0.3,0.3125,0.17978144366391835,0.44521855633608165,15.47221648458758,16.269186925964963,7.81203723034951,23.85559907918871
rastrigin_d5_i001,rastrigin,cont,500,14.071661972358976,"PSO_RING(p=40,ring,w=0.72,c1=1.49,c2=1.49)",PSO_RING,3,30,0.1,0.125,0.030304504716323594,0.2196954952836764,19.56450865519857,19.48651533911012,10.186888937495866,28.790855630199886
rastrigin_d5_i001,rastrigin,cont,500,14.071661972358976,"PSO_STD(p=20,w=0.72,c1=1.49,c2=1.49)",PSO_STD,20,30,0.6666666666666666,0.65625,0.5202539487494936,0.7922460512505064,14.182034775350818,13.275833408513186,8.03054384847178,24.872221081453972
rastrigin_d5_i001,rastrigin,cont,500,14.071661972358976,"PSO_STD(p=40,w=0.72,c1=1.49,c2=1.49)",PSO_STD,7,30,0.23333333333333334,0.25,0.12601449282606259,0.3739855071739374,17.979783475717227,18.111237384584907,10.03538377222597,25.741085983586252
rastrigin_d5_i001,rastrigin,cont,500,14.071661972358976,RS_CONT,RS_CONT,0,30,0.0,0.03125,0.0,0.08106970544208494,27.856200347841668,28.285759489946194,14.802962953748363,38.1764763068123
rastrigin_d5_i015,rastrigin,cont,500,13.749300965634404,"DE(pop=20,F=0.8,CR=0.9)",DE,1,30,0.03333333333333333,0.0625,0.0,0.13181000556642797,25.36234082090444,24.647515972871286,13.624254900843361,38.49834023112477
rastrigin_d5_i015,rastrigin,cont,500,13.749300965634404,"DE(pop=40,F=0.8,CR=0.9)",DE,0,30,0.0,0.03125,0.0,0.08106970544208494,27.110279218094714,26.106836812791883,15.008386798755197,43.223316769972776
rastrigin_d5_i015,rastrigin,cont,500,13.749300965634404,"PSO_RING(p=20,ring,w=0.72,c1=1.49,c2=1.49)",PSO_RING,11,30,0.36666666666666664,0.375,0.23637998886714406,0.5136200111328559,15.973209681501647,15.141006212663473,3.707927920180481,29.919433309298483
rastrigin_d5_i015,rastrigin,cont,500,13.749300965634404,"PSO_RING(p=40,ring,w=0.72,c1=1.49,c2=1.49)",PSO_RING,4,30,0.13333333333333333,0.15625,0.05228499165035805,0.26021500834964195,19.824978230927353,21.065169541339397,11.502767951366167,27.18426733536081
rastrigin_d5_i015,rastrigin,cont,500,13.749300965634404,"PSO_STD(p=20,w=0.72,c1=1.49,c2=1.49)",PSO_STD,15,30,0.5,0.5,0.35683386811502993,0.6431661318849701,16.445260499746833,13.76569993727157,9.74306438520987,29.987326257982136
rastrigin_d5_i015,rastrigin,cont,500,13.749300965634404,"PSO_STD(p=40,w=0.72,c1=1.49,c2=1.49)",PSO_STD,6,30,0.2,0.21875,0.1003806308954045,0.3371193691045955,16.585468449245248,15.945976034621012,9.352644837367578,30.159962827092833
rastrigin_d5_i015,rastrigin,cont,500,13.749300965634404,RS_CONT,RS_CONT,0,30,0.0,0.03125,0.0,0.08106970544208494,26.3660269433161,26.138680434000257,13.862532298328205,40.32679980037463
rastrigin_d5_i019,rastrigin,cont,500,11.476116944377978,"DE(pop=20,F=0.8,CR=0.9)",DE,0,30,0.0,0.03125,0.0,0.08106970544208494,21.527464082478176,21.66177578788824,13.32619315305488,31.88015142878775
rastrigin_d5_i019,rastrigin,cont,500,11.476116944377978,"DE(pop=40,F=0.8,CR=0.9)",DE,0,30,0.0,0.03125,0.0,0.08106970544208494,30.15146673864032,30.81759669528084,13.028519528128811,41.10938656961061
rastrigin_d5_i019,rastrigin,cont,500,11.476116944377978,"PSO_RING(p=20,ring,w=0.72,c1=1.49,c2=1.49)",PSO_RING,7,30,0.23333333333333334,0.25,0.12601449282606259,0.3739855071739374,15.834445677821805,15.104677935049754,6.555272703697554,26.64198431201143
rastrigin_d5_i019,rastrigin,cont,500,11.476116944377978,"PSO_RING(p=40,ring,w=0.72,c1=1.49,c2=1.49)",PSO_RING,3,30,0.1,0.125,0.030304504716323594,0.2196954952836764,20.168815886980664,20.86650300456526,9.648592268955205,31.509163452069856
rastrigin_d5_i019,rastrigin,cont,500,11.476116944377978,"PSO_STD(p=20,w=0.72,c1=1.49,c2=1.49)",PSO_STD,14,30,0.4666666666666667,0.46875,0.32586376306873477,0.6116362369312652,13.767485006085483,12.755177842109621,5.888016678408263,27.261956399822797
rastrigin_d5_i019,rastrigin,cont,500,11.476116944377978,"PSO_STD(p=40,w=0.72,c1=1.49,c2=1.49)",PSO_STD,5,30,0.16666666666666666,0.1875,0.0757409741174901,0.2992590258825099,18.101014951982005,17.321240623893466,10.048761235896507,37.28059010465587
rastrigin_d5_i019,rastrigin,cont,500,11.476116944377978,RS_CONT,RS_CONT,0,30,0.0,0.03125,0.0,0.08106970544208494,30.08832920289524,32.64913729690036,17.706782352523987,38.685817158697894
rastrigin_d10_i003,rastrigin,cont,2000,25.698138137099697,"DE(pop=20,F=0.8,CR=0.9)",DE,0,30,0.0,0.03125,0.0,0.08106970544208494,61.10160748236711,62.39148192960033,29.266027195125247,83.02665268129493
rastrigin_d10_i003,rastrigin,cont,2000,25.698138137099697,"DE(pop=40,F=0.8,CR=0.9)",DE,0,30,0.0,0.03125,0.0,0.08106970544208494,75.23495180518158,76.3005911997536,53.85429788140644,92.37967890722891
rastrigin_d10_i003,rastrigin,cont,2000,25.698138137099697,"PSO_RING(p=20,ring,w=0.72,c1=1.49,c2=1.49)",PSO_RING,18,30,0.6,0.59375,0.45312297632331866,0.7343770236766813,28.019982467848834,25.522979517488217,18.79883669188699,46.17180889814611
rastrigin_d10_i003,rastrigin,cont,2000,25.698138137099697,"PSO_RING(p=40,ring,w=0.72,c1=1.49,c2=1.49)",PSO_RING,3,30,0.1,0.125,0.030304504716323594,0.2196954952836764,38.32717237555688,39.12491734196189,17.23335231827909,55.477927664116606
rastrigin_d10_i003,rastrigin,cont,2000,25.698138137099697,"PSO_STD(p=20,w=0.72,c1=1.49,c2=1.49)",PSO_STD,23,30,0.7666666666666667,0.75,0.6260144928260626,0.8739855071739374,26.569255304739823,25.214390392524763,22.55451288771171,41.87253501577942
rastrigin_d10_i003,rastrigin,cont,2000,25.698138137099697,"PSO_STD(p=40,w=0.72,c1=1.49,c2=1.49)",PSO_STD,10,30,0.3333333333333333,0.34375,0.2077539487494936,0.4797460512505064,31.996381751278488,31.04218073501501,19.40779665072246,50.16856157868553
rastrigin_d10_i003,rastrigin,cont,2000,25.698138137099697,RS_CONT,RS_CONT,0,30,0.0,0.03125,0.0,0.08106970544208494,81.59885714856733,80.77321234755055,58.19309108212279,100.0087678739455
rastrigin_d10_i005,rastrigin,cont,2000,29.009652166211485,"DE(pop=20,F=0.8,CR=0.9)",DE,0,30,0.0,0.03125,0.0,0.08106970544208494,63.692884805635714,65.34215589377635,34.52717414994014,75.8700253979853
rastrigin_d10_i005,rastrigin,cont,2000,29.009652166211485,"DE(pop=40,F=0.8,CR=0.9)",DE,0,30,0.0,0.03125,0.0,0.08106970544208494,72.10024880022839,71.96532313675772,49.09996421651871,95.34944803839815
rastrigin_d10_i005,rastrigin,cont,2000,29.009652166211485,"PSO_RING(p=20,ring,w=0.72,c1=1.49,c2=1.49)",PSO_RING,15,30,0.5,0.5,0.35683386811502993,0.6431661318849701,31.058244631515773,29.222035874445375,24.85542481990437,51.617127926278485
rastrigin_d10_i005,rastrigin,cont,2000,29.009652166211485,"PSO_RING(p=40,ring,w=0.72,c1=1.49,c2=1.49)",PSO_RING,7,30,0.23333333333333334,0.25,0.12601449282606259,0.3739855071739374,38.78065347887017,40.76976572472476,23.017772803923876,55.522455017788694
rastrigin_d10_i005,rastrigin,cont,2000,29.009652166211485,"PSO_STD(p=20,w=0.72,c1=1.49,c2=1.49)",PSO_STD,24,30,0.8,0.78125,0.6628806308954045,0.8996193691045955,28.294241779179075,27.72671186459928,20.09251923215932,41.13889615225273
rastrigin_d10_i005,rastrigin,cont,2000,29.009652166211485,"PSO_STD(p=40,w=0.72,c1=1.49,c2=1.49)",PSO_STD,13,30,0.43333333333333335,0.4375,0.2954567570744854,0.5795432429255146,34.39667486405178,32.51439322871153,22.62230974731574,48.70299922560886
rastrigin_d10_i005,rastrigin,cont,2000,29.009652166211485,RS_CONT,RS_CONT,0,30,0.0,0.03125,0.0,0.08106970544208494,83.4705153004512,84.18156292574739,67.16196648879806,99.46069370956398
rastrigin_d10_i007,rastrigin,cont,2000,21.05220359564145,"DE(pop=20,F=0.8,CR=0.9)",DE,0,30,0.0,0.03125,0.0,0.08106970544208494,60.03150592547157,61.14743755995856,44.25043192796238,77.82967920108476
rastrigin_d10_i007,rastrigin,cont,2000,21.05220359564145,"DE(pop=40,F=0.8,CR=0.9)",DE,0,30,0.0,0.03125,0.0,0.08106970544208494,78.47816394592095,79.79601197727717,53.97959133042183,92.4184176524445
rastrigin_d10_i007,rastrigin,cont,2000,21.05220359564145,"PSO_RING(p=20,ring,w=0.72,c1=1.49,c2=1.49)",PSO_RING,4,30,0.13333333333333333,0.15625,0.05228499165035805,0.26021500834964195,29.395621321748724,29.291203230732776,16.88545969411524,53.97905755500952
rastrigin_d10_i007,rastrigin,cont,2000,21.05220359564145,"PSO_RING(p=40,ring,w=0.72,c1=1.49,c2=1.49)",PSO_RING,0,30,0.0,0.03125,0.0,0.08106970544208494,40.43861959944385,42.739879757630796,21.21676749688136,60.85115255136384
rastrigin_d10_i007,rastrigin,cont,2000,21.05220359564145,"PSO_STD(p=20,w=0.72,c1=1.49,c2=1.49)",PSO_STD,17,30,0.5666666666666667,0.5625,0.4204567570744854,0.7045432429255146,25.097040457749276,20.89732222356961,17.3919003301134,42.68125218132659
rastrigin_d10_i007,rastrigin,cont,2000,21.05220359564145,"PSO_STD(p=40,w=0.72,c1=1.49,c2=1.49)",PSO_STD,7,30,0.23333333333333334,0.25,0.12601449282606259,0.3739855071739374,30.112002284240646,29.287964744699657,18.612859577005736,45.50916761320267
rastrigin_d10_i007,rastrigin,cont,2000,21.05220359564145,RS_CONT,RS_CONT,0,30,0.0,0.03125,0.0,0.08106970544208494,80.53454155138742,81.5350861819228,53.08629652738606,95.45341996400096
rastrigin_d10_i009,rastrigin,cont,2000,21.741088497523123,"DE(pop=20,F=0.8,CR=0.9)",DE,0,30,0.0,0.03125,0.0,0.08106970544208494,60.13769190390244,62.21293818389026,40.488476710069165,83.90308508355817
rastrigin_d10_i009,rastrigin,cont,2000,21.741088497523123,"DE(pop=40,F=0.8,CR=0.9)",DE,0,30,0.0,0.03125,0.0,0.08106970544208494,74.96930059663191,77.15957533146221,43.58183803658116,88.52012824851126
rastrigin_d10_i009,rastrigin,cont,2000,21.741088497523123,"PSO_RING(p=20,ring,w=0.72,c1=1.49,c2=1.49)",PSO_RING,7,30,0.23333333333333334,0.25,0.12601449282606259,0.3739855071739374,26.817630035361734,25.321816780233625,17.998482995532754,50.4585716051321
rastrigin_d10_i009,rastrigin,cont,2000,21.741088497523123,"PSO_RING(p=40,ring,w=0.72,c1=1.49,c2=1.49)",PSO_RING,1,30,0.03333333333333333,0.0625,0.0,0.13181000556642797,40.07897566402991,39.94877890611927,20.42120702917815,58.90145258565079
rastrigin_d10_i009,rastrigin,cont,2000,21.741088497523123,"PSO_STD(p=20,w=0.72,c1=1.49,c2=1.49)",PSO_STD,16,30,0.5333333333333333,0.53125,0.38836376306873477,0.6741362369312652,24.745020979054846,21.669706037798647,18.631055446760726,47.12572422940156
rastrigin_d10_i009,rastrigin,cont,2000,21.741088497523123,"PSO_STD(p=40,w=0.72,c1=1.49,c2=1.49)",PSO_STD,3,30,0.1,0.125,0.030304504716323594,0.2196954952836764,31.99819343549021,30.732130269380782,18.61286787512836,61.34492684188197
rastrigin_d10_i009,rastrigin,cont,2000,21.741088497523123,RS_CONT,RS_CONT,0,30,0.0,0.03125,0.0,0.08106970544208494,81.82346805924193,84.03520332370726,47.944344757658556,98.1476457435041
rastrigin_d10_i017,rastrigin,cont,2000,24.253815788611583,"DE(pop=20,F=0.8,CR=0.9)",DE,0,30,0.0,0.03125,0.0,0.08106970544208494,60.31490651591177,61.14940430114386,37.32218694210101,85.87903868367081
rastrigin_d10_i017,rastrigin,cont,2000,24.253815788611583,"DE(pop=40,F=0.8,CR=0.9)",DE,0,30,0.0,0.03125,0.0,0.08106970544208494,74.8154677337733,74.2219106775057,58.729605961386426,89.99450642288477
rastrigin_d10_i017,rastrigin,cont,2000,24.253815788611583,"PSO_RING(p=20,ring,w=0.72,c1=1.49,c2=1.49)",PSO_RING,14,30,0.4666666666666667,0.46875,0.32586376306873477,0.6116362369312652,28.40857574953421,25.44883024476316,16.86736743841962,44.914003932488846
rastrigin_d10_i017,rastrigin,cont,2000,24.253815788611583,"PSO_RING(p=40,ring,w=0.72,c1=1.49,c2=1.49)",PSO_RING,0,30,0.0,0.03125,0.0,0.08106970544208494,39.932881306537666,39.54734243703644,27.98984389678256,54.560834788358136
rastrigin_d10_i017,rastrigin,cont,2000,24.253815788611583,"PSO_STD(p=20,w=0.72,c1=1.49,c2=1.49)",PSO_STD,23,30,0.7666666666666667,0.75,0.6260144928260626,0.8739855071739374,24.87571662509805,23.548140542886834,17.10387105746102,57.36867024683507
rastrigin_d10_i017,rastrigin,cont,2000,24.253815788611583,"PSO_STD(p=40,w=0.72,c1=1.49,c2=1.49)",PSO_STD,11,30,0.36666666666666664,0.375,0.23637998886714406,0.5136200111328559,30.21825568797441,28.246629248003785,16.546997537730704,49.36015545049276
rastrigin_d10_i017,rastrigin,cont,2000,24.253815788611583,RS_CONT,RS_CONT,0,30,0.0,0.03125,0.0,0.08106970544208494,81.82538894750806,82.3277820518235,61.3269853972882,93.06012941154975
rastrigin_d20_i011,rastrigin,cont,2000,111.82223077693314,"DE(pop=20,F=0.8,CR=0.9)",DE,0,30,0.0,0.03125,0.0,0.08106970544208494,183.95964165259778,186.11803291219195,138.9392419610624,216.39144188869233
rastrigin_d20_i011,rastrigin,cont,2000,111.82223077693314,"DE(pop=40,F=0.8,CR=0.9)",DE,0,30,0.0,0.03125,0.0,0.08106970544208494,221.43908293919233,220.33172766561515,186.2569492782807,261.7833387766505
rastrigin_d20_i011,rastrigin,cont,2000,111.82223077693314,"PSO_RING(p=20,ring,w=0.72,c1=1.49,c2=1.49)",PSO_RING,11,30,0.36666666666666664,0.375,0.23637998886714406,0.5136200111328559,120.91521284594175,119.94983390137502,89.58662136496736,149.74990126945312
rastrigin_d20_i011,rastrigin,cont,2000,111.82223077693314,"PSO_RING(p=40,ring,w=0.72,c1=1.49,c2=1.49)",PSO_RING,1,30,0.03333333333333333,0.0625,0.0,0.13181000556642797,146.97639899769302,146.62634643370788,108.46279440030415,177.6906787585727
rastrigin_d20_i011,rastrigin,cont,2000,111.82223077693314,"PSO_STD(p=20,w=0.72,c1=1.49,c2=1.49)",PSO_STD,25,30,0.8333333333333334,0.8125,0.7007409741174901,0.9242590258825099,112.25751918199177,110.43999140269281,97.99177625471366,145.26815249152128
rastrigin_d20_i011,rastrigin,cont,2000,111.82223077693314,"PSO_STD(p=40,w=0.72,c1=1.49,c2=1.49)",PSO_STD,6,30,0.2,0.21875,0.1003806308954045,0.3371193691045955,138.52710625343644,136.9024130282099,97.21064391926491,182.7216064150848
rastrigin_d20_i011,rastrigin,cont,2000,111.82223077693314,RS_CONT,RS_CONT,0,30,0.0,0.03125,0.0,0.08106970544208494,220.34362130258936,223.6330804975499,178.82204761071387,249.0800384021429
rastrigin_d20_i013,rastrigin,cont,2000,111.22593851746096,"DE(pop=20,F=0.8,CR=0.9)",DE,0,30,0.0,0.03125,0.0,0.08106970544208494,187.88323701335233,185.1307391800005,143.07021340196317,223.52821985995575
rastrigin_d20_i013,rastrigin,cont,2000,111.22593851746096,"DE(pop=40,F=0.8,CR=0.9)",DE,0,30,0.0,0.03125,0.0,0.08106970544208494,219.7719605889021,220.95776945807555,189.5248448617301,246.67105709236904
rastrigin_d20_i013,rastrigin,cont,2000,111.22593851746096,"PSO_RING(p=20,ring,w=0.72,c1=1.49,c2=1.49)",PSO_RING,12,30,0.4,0.40625,0.26562297632331866,0.5468770236766813,119.43206905441586,114.04119287819712,102.16845440214026,163.45122026736766
rastrigin_d20_i013,rastrigin,cont,2000,111.22593851746096,"PSO_RING(p=40,ring,w=0.72,c1=1.49,c2=1.49)",PSO_RING,1,30,0.03333333333333333,0.0625,0.0,0.13181000556642797,145.62777754255777,146.3767855734626,110.49898084044601,173.4954937856047
rastrigin_d20_i013,rastrigin,cont,2000,111.22593851746096,"PSO_STD(p=20,w=0.72,c1=1.49,c2=1.49)",PSO_STD,18,30,0.6,0.59375,0.45312297632331866,0.7343770236766813,114.83361817946299,110.9015832426243,101.49442077185228,142.96902717067852
rastrigin_d20_i013,rastrigin,cont,2000,111.22593851746096,"PSO_STD(p=40,w=0.72,c1=1.49,c2=1.49)",PSO_STD,7,30,0.23333333333333334,0.25,0.12601449282606259,0.3739855071739374,129.45001437363382,131.87409285823875,90.8014141447621,157.22032207597104
rastrigin_d20_i013,rastrigin,cont,2000,111.22593851746096,RS_CONT,RS_CONT,0,30,0.0,0.03125,0.0,0.08106970544208494,217.23662336674408,220.40632265207665,188.04877968088957,246.68104155407912
rastrigin_d5_i001,rastrigin,cont,2000,2.5081914273209835,"DE(pop=20,F=0.8,CR=0.9)",DE,0,30,0.0,0.03125,0.0,0.08106970544208494,10.92590283786689,10.69218275099563,5.604358053073383,17.196646302230015
rastrigin_d5_i001,rastrigin,cont,2000,2.5081914273209835,"DE(pop=40,F=0.8,CR=0.9)",DE,0,30,0.0,0.03125,0.0,0.08106970544208494,15.524910048243372,16.33611664535752,4.605205498098989,19.938633586033767
rastrigin_d5_i001,rastrigin,cont,2000,2.5081914273209835,"PSO_RING(p=20,ring,w=0.72,c1=1.49,c2=1.49)",PSO_RING,5,30,0.16666666666666666,0.1875,0.0757409741174901,0.2992590258825099,4.947072018568616,4.001054756086511,1.2954625828777608,12.80843108816915
rastrigin_d5_i001,rastrigin,cont,2000,2.5081914273209835,"PSO_RING(p=40,ring,w=0.72,c1=1.49,c2=1.49)",PSO_RING,1,30,0.03333333333333333,0.0625,0.0,0.13181000556642797,6.32714647149665,6.307294376441398,2.17228644466946,11.79184093691714
rastrigin_d5_i001,rastrigin,cont,2000,2.5081914273209835,"PSO_STD(p=20,w=0.72,c1=1.49,c2=1.49)",PSO_STD,14,30,0.4666666666666667,0.46875,0.32586376306873477,0.6116362369312652,3.1587535692969477,2.81284252987928,1.3824995058962486,8.032608150156726
rastrigin_d5_i001,rastrigin,cont,2000,2.5081914273209835,"PSO_STD(p=40,w=0.72,c1=1.49,c2=1.49)",PSO_STD,4,30,0.13333333333333333,0.15625,0.05228499165035805,0.26021500834964195,5.149453400379397,4.622751286510383,2.1085637574536733,11.972533767711603
rastrigin_d5_i001,rastrigin,cont,2000,2.5081914273209835,RS_CONT,RS_CONT,0,30,0.0,0.03125,0.0,0.08106970544208494,23.169244479841115,22.32835538103566,12.737072812670164,33.75855685082142
rastrigin_d5_i015,rastrigin,cont,2000,2.829298997827223,"DE(pop=20,F=0.8,CR=0.9)",DE,1,30,0.03333333333333333,0.0625,0.0,0.13181000556642797,10.485463944526494,10.48795990690348,2.798450864827359,18.324473782257208
rastrigin_d5_i015,rastrigin,cont,2000,2.829298997827223,"DE(pop=40,F=0.8,CR=0.9)",DE,0,30,0.0,0.03125,0.0,0.08106970544208494,15.632005114263523,15.699693131636987,7.579025486031952,21.644156284282378
rastrigin_d5_i015,rastrigin,cont,2000,2.829298997827223,"PSO_RING(p=20,ring,w=0.72,c1=1.49,c2=1.49)",PSO_RING,6,30,0.2,0.21875,0.1003806308954045,0.3371193691045955,4.061133565066951,3.601421306851293,2.5827552274851797,7.196232806388814
rastrigin_d5_i015,rastrigin,cont,2000,2.829298997827223,"PSO_RING(p=40,ring,w=0.72,c1=1.49,c2=1.49)",PSO_RING,3,30,0.1,0.125,0.030304504716323594,0.2196954952836764,6.418139431100687,6.6290839679263165,2.318362072743149,8.997040615185767
rastrigin_d5_i015,rastrigin,cont,2000,2.829298997827223,"PSO_STD(p=20,w=0.72,c1=1.49,c2=1.49)",PSO_STD,20,30,0.6666666666666666,0.65625,0.5202539487494936,0.7922460512505064,2.946131080473639,2.672826235622992,1.1281399368945202,7.0035980188426805
rastrigin_d5_i015,rastrigin,cont,2000,2.829298997827223,"PSO_STD(p=40,w=0.72,c1=1.49,c2=1.49)",PSO_STD,7,30,0.23333333333333334,0.25,0.12601449282606259,0.3739855071739374,4.763406896110059,4.987069864673728,1.5783592919191065,8.521127824412325
rastrigin_d5_i015,rastrigin,cont,2000,2.829298997827223,RS_CONT,RS_CONT,0,30,0.0,0.03125,0.0,0.08106970544208494,22.685817282489484,22.39108580588119,13.815995869919384,31.2008832829335
rastrigin_d5_i019,rastrigin,cont,2000,2.464014346228095,"DE(pop=20,F=0.8,CR=0.9)",DE,0,30,0.0,0.03125,0.0,0.08106970544208494,9.988625782057564,10.165412717243296,3.5322566412124985,20.036737586217114
rastrigin_d5_i019,rastrigin,cont,2000,2.464014346228095,"DE(pop=40,F=0.8,CR=0.9)",DE,0,30,0.0,0.03125,0.0,0.08106970544208494,15.939671718383432,15.950596082310053,7.860998204442808,22.75692906725344
rastrigin_d5_i019,rastrigin,cont,2000,2.464014346228095,"PSO_RING(p=20,ring,w=0.72,c1=1.49,c2=1.49)",PSO_RING,7,30,0.23333333333333334,0.25,0.12601449282606259,0.3739855071739374,4.034840009133659,3.3355922116539176,2.077718946738294,10.09286142535155
rastrigin_d5_i019,rastrigin,cont,2000,2.464014346228095,"PSO_RING(p=40,ring,w=0.72,c1=1.49,c2=1.49)",PSO_RING,1,30,0.03333333333333333,0.0625,0.0,0.13181000556642797,6.288424351701824,6.189149712247115,2.2110831338386987,11.9193345888565
rastrigin_d5_i019,rastrigin,cont,2000,2.464014346228095,"PSO_STD(p=20,w=0.72,c1=1.49,c2=1.49)",PSO_STD,17,30,0.5666666666666667,0.5625,0.4204567570744854,0.7045432429255146,3.291926050937427,2.4308694114452436,0.48323814843722346,7.0595215450632764
rastrigin_d5_i019,rastrigin,cont,2000,2.464014346228095,"PSO_STD(p=40,w=0.72,c1=1.49,c2=1.49)",PSO_STD,4,30,0.13333333333333333,0.15625,0.05228499165035805,0.26021500834964195,4.676227556787442,4.015350640729054,1.502157225690432,12.139494447765074
rastrigin_d5_i019,rastrigin,cont,2000,2.464014346228095,RS_CONT,RS_CONT,0,30,0.0,0.03125,0.0,0.08106970544208494,22.30936260462281,22.329604073711767,7.641720497252734,33.14456376429044
sphere_d10_i004,sphere,cont,500,2.0650273364570957,"DE(pop=20,F=0.8,CR=0.9)",DE,0,30,0.0,0.03125,0.0,0.08106970544208494,12.726913181361313,11.525988865571314,5.995151272379577,29.29170696296855
sphere_d10_i004,sphere,cont,500,2.0650273364570957,"DE(pop=40,F=0.8,CR=0.9)",DE,0,30,0.0,0.03125,0.0,0.08106970544208494,23.62798463042789,24.285770228909858,9.139993760842804,33.876668666762505
sphere_d10_i004,sphere,cont,500,2.0650273364570957,"PSO_RING(p=20,ring,w=0.72,c1=1.49,c2=1.49)",PSO_RING,4,30,0.13333333333333333,0.15625,0.05228499165035805,0.26021500834964195,3.4956099186510534,3.312891833481366,1.8372809427234031,6.073468403557537
sphere_d10_i004,sphere,cont,500,2.0650273364570957,"PSO_RING(p=40,ring,w=0.72,c1=1.49,c2=1.49)",PSO_RING,0,30,0.0,0.03125,0.0,0.08106970544208494,7.435069597403904,7.297279550591513,3.410873631687718,11.997978299397388
sphere_d10_i004,sphere,cont,500,2.0650273364570957,"PSO_STD(p=20,w=0.72,c1=1.49,c2=1.49)",PSO_STD,26,30,0.8666666666666667,0.84375,0.739784991650358,0.947715008349642,1.761065198781121,1.7622267435407823,0.7040926614963684,4.681648054992445
sphere_d10_i004,sphere,cont,500,2.0650273364570957,"PSO_STD(p=40,w=0.72,c1=1.49,c2=1.49)",PSO_STD,7,30,0.23333333333333334,0.25,0.12601449282606259,0.3739855071739374,3.0725972822967687,2.6886294323549316,1.3827195273578348,6.472867840984243
sphere_d10_i004,sphere,cont,500,2.0650273364570957,RS_CONT,RS_CONT,0,30,0.0,0.03125,0.0,0.08106970544208494,22.38722746831664,21.5676782991453,16.78867939430318,32.93339613248524
sphere_d10_i008,sphere,cont,500,2.1247082034252625,"DE(pop=20,F=0.8,CR=0.9)",DE,0,30,0.0,0.03125,0.0,0.08106970544208494,14.438864089625879,15.135115833522267,3.7956365902295017,23.268002515656864
sphere_d10_i008,sphere,cont,500,2.1247082034252625,"DE(pop=40,F=0.8,CR=0.9)",DE,0,30,0.0,0.03125,0.0,0.08106970544208494,22.57321396920366,23.259640246154518,10.584511160526393,30.6954756572624
sphere_d10_i008,sphere,cont,500,2.1247082034252625,"PSO_RING(p=20,ring,w=0.72,c1=1.49,c2=1.49)",PSO_RING,9,30,0.3,0.3125,0.17978144366391835,0.44521855633608165,3.4315805227731615,2.9565202221893765,1.0416624811641488,8.793369959791097
sphere_d10_i008,sphere,cont,500,2.1247082034252625,"PSO_RING(p=40,ring,w=0.72,c1=1.49,c2=1.49)",PSO_RING,1,30,0.03333333333333333,0.0625,0.0,0.13181000556642797,8.389114936776847,8.712849492193204,2.072145814909379,15.304185738332983
sphere_d10_i008,sphere,cont,500,2.1247082034252625,"PSO_STD(p=20,w=0.72,c1=1.49,c2=1.49)",PSO_STD,28,30,0.9333333333333333,0.90625,0.8227897012715237,0.9897102987284763,1.8444869059201103,1.9427668941251817,1.1664442715612553,2.6359235801445227
sphere_d10_i008,sphere,cont,500,2.1247082034252625,"PSO_STD(p=40,w=0.72,c1=1.49,c2=1.49)",PSO_STD,11,30,0.36666666666666664,0.375,0.23637998886714406,0.5136200111328559,2.8059429376116616,2.7545436448854854,1.090946697930408,5.758240781425044
sphere_d10_i008,sphere,cont,500,2.1247082034252625,RS_CONT,RS_CONT,0,30,0.0,0.03125,0.0,0.08106970544208494,21.12753039266865,20.494576229542652,11.708526940489945,33.059414315475216
sphere_d20_i000,sphere,cont,500,18.949186685442285,"DE(pop=20,F=0.8,CR=0.9)",DE,0,30,0.0,0.03125,0.0,0.08106970544208494,64.3236712456235,65.58305164692271,42.14299327781201,87.99322530229405
sphere_d20_i000,sphere,cont,500,18.949186685442285,"DE(pop=40,F=0.8,CR=0.9)",DE,0,30,0.0,0.03125,0.0,0.08106970544208494,84.99575968531495,86.77035703142064,51.71130120624592,110.9071018160289
sphere_d20_i000,sphere,cont,500,18.949186685442285,"PSO_RING(p=20,ring,w=0.72,c1=1.49,c2=1.49)",PSO_RING,2,30,0.06666666666666667,0.09375,0.010289701271523718,0.17721029872847627,31.625232682440764,30.8155885423423,14.301509967925075,51.89931395946381
sphere_d20_i000,sphere,cont,500,18.949186685442285,"PSO_RING(p=40,ring,w=0.72,c1=1.49,c2=1.49)",PSO_RING,0,30,0.0,0.03125,0.0,0.08106970544208494,45.836816038189895,45.11506381688288,23.393613955481275,72.94745044482576
sphere_d20_i000,sphere,cont,500,18.949186685442285,"PSO_STD(p=20,w=0.72,c1=1.49,c2=1.49)",PSO_STD,28,30,0.9333333333333333,0.90625,0.8227897012715237,0.9897102987284763,17.57508078996828,17.67220264795675,13.544856738368424,28.970750786041094
sphere_d20_i000,sphere,cont,500,18.949186685442285,"PSO_STD(p=40,w=0.72,c1=1.49,c2=1.49)",PSO_STD,5,30,0.16666666666666666,0.1875,0.0757409741174901,0.2992590258825099,24.374581208303614,23.075117551514083,15.312808688945822,43.210339044942536
sphere_d20_i000,sphere,cont,500,18.949186685442285,RS_CONT,RS_CONT,0,30,0.0,0.03125,0.0,0.08106970544208494,72.13750313834232,73.59503371996941,46.63648105477454,87.61540233092902
sphere_d20_i010,sphere,cont,500,23.47548835388153,"DE(pop=20,F=0.8,CR=0.9)",DE,0,30,0.0,0.03125,0.0,0.08106970544208494,65.50474069940118,66.62699398286604,30.806729091882612,92.48058571844572
sphere_d20_i010,sphere,cont,500,23.47548835388153,"DE(pop=40,F=0.8,CR=0.9)",DE,0,30,0.0,0.03125,0.0,0.08106970544208494,84.73867494923864,84.62036959068598,42.788733778439266,113.14967893586993
sphere_d20_i010,sphere,cont,500,23.47548835388153,"PSO_RING(p=20,ring,w=0.72,c1=1.49,c2=1.49)",PSO_RING,3,30,0.1,0.125,0.030304504716323594,0.2196954952836764,30.309851671967955,30.295946261242165,19.12769814877418,42.48158760377168
sphere_d20_i010,sphere,cont,500,23.47548835388153,"PSO_RING(p=40,ring,w=0.72,c1=1.49,c2=1.49)",PSO_RING,0,30,0.0,0.03125,0.0,0.08106970544208494,45.20391306317598,45.27942047388655,24.944880718878665,64.87510390926835
sphere_d20_i010,sphere,cont,500,23.47548835388153,"PSO_STD(p=20,w=0.72,c1=1.49,c2=1.49)",PSO_STD,27,30,0.9,0.875,0.7803045047163236,0.9696954952836764,21.31335876972781,22.035211379737714,14.934098019568351,28.69761444280056
sphere_d20_i010,sphere,cont,500,23.47548835388153,"PSO_STD(p=40,w=0.72,c1=1.49,c2=1.49)",PSO_STD,14,30,0.4666666666666667,0.46875,0.32586376306873477,0.6116362369312652,24.77737170656948,23.679268049174702,12.78483231372203,43.389242586407946
sphere_d20_i010,sphere,cont,500,23.47548835388153,RS_CONT,RS_CONT,0,30,0.0,0.03125,0.0,0.08106970544208494,75.8769800036022,75.38008827905959,61.05183459170031,95.5166079964084
sphere_d20_i012,sphere,cont,500,15.614808334833585,"DE(pop=20,F=0.8,CR=0.9)",DE,0,30,0.0,0.03125,0.0,0.08106970544208494,64.62614684158238,65.11630037947845,27.566353123994286,93.67380634096266
sphere_d20_i012,sphere,cont,500,15.614808334833585,"DE(pop=40,F=0.8,CR=0.9)",DE,0,30,0.0,0.03125,0.0,0.08106970544208494,87.74646778984217,87.23288800295695,63.09957055388066,105.91180046049102
sphere_d20_i012,sphere,cont,500,15.614808334833585,"PSO_RING(p=20,ring,w=0.72,c1=1.49,c2=1.49)",PSO_RING,0,30,0.0,0.03125,0.0,0.08106970544208494,32.81888575056695,31.47369104773354,17.61525238236128,51.2221520817062
sphere_d20_i012,sphere,cont,500,15.614808334833585,"PSO_RING(p=40,ring,w=0.72,c1=1.49,c2=1.49)",PSO_RING,0,30,0.0,0.03125,0.0,0.08106970544208494,45.52360256792934,46.9966181063476,18.856851970577782,65.96425821836814
sphere_d20_i012,sphere,cont,500,15.614808334833585,"PSO_STD(p=20,w=0.72,c1=1.49,c2=1.49)",PSO_STD,21,30,0.7,0.6875,0.5547814436639183,0.8202185563360817,17.74494259577688,15.029263322535378,9.614823315735189,41.24651038634134
sphere_d20_i012,sphere,cont,500,15.614808334833585,"PSO_STD(p=40,w=0.72,c1=1.49,c2=1.49)",PSO_STD,2,30,0.06666666666666667,0.09375,0.010289701271523718,0.17721029872847627,24.1927693323993,22.84133485310931,13.947559780717052,43.26317472545116
sphere_d20_i012,sphere,cont,500,15.614808334833585,RS_CONT,RS_CONT,0,30,0.0,0.03125,0.0,0.08106970544208494,76.44739495632354,75.61392420867381,59.72350589058834,86.88271607822666
sphere_d20_i014,sphere,cont,500,20.91862977413101,"DE(pop=20,F=0.8,CR=0.9)",DE,0,30,0.0,0.03125,0.0,0.08106970544208494,63.019703924774966,59.646970050351655,26.730043218249456,90.16525872502358
sphere_d20_i014,sphere,cont,500,20.91862977413101,"DE(pop=40,F=0.8,CR=0.9)",DE,0,30,0.0,0.03125,0.0,0.08106970544208494,83.19293256493803,84.69650722362961,59.63358852001056,106.93372108082708
sphere_d20_i014,sphere,cont,500,20.91862977413101,"PSO_RING(p=20,ring,w=0.72,c1=1.49,c2=1.49)",PSO_RING,3,30,0.1,0.125,0.030304504716323594,0.2196954952836764,30.997131024669056,30.261268627712916,17.14498973746224,48.29189601239085
sphere_d20_i014,sphere,cont,500,20.91862977413101,"PSO_RING(p=40,ring,w=0.72,c1=1.49,c2=1.49)",PSO_RING,0,30,0.0,0.03125,0.0,0.08106970544208494,46.13505779297784,44.785617073010926,31.035734591985513,62.71221689853199
sphere_d20_i014,sphere,cont,500,20.91862977413101,"PSO_STD(p=20,w=0.72,c1=1.49,c2=1.49)",PSO_STD,25,30,0.8333333333333334,0.8125,0.7007409741174901,0.9242590258825099,20.379951160261303,20.03057348811501,12.884885086716219,37.32725382245833
sphere_d20_i014,sphere,cont,500,20.91862977413101,"PSO_STD(p=40,w=0.72,c1=1.49,c2=1.49)",PSO_STD,11,30,0.36666666666666664,0.375,0.23637998886714406,0.5136200111328559,25.20744571461684,23.263633448618812,15.406122465739145,44.82181938856121
sphere_d20_i014,sphere,cont,500,20.91862977413101,RS_CONT,RS_CONT,0,30,0.0,0.03125,0.0,0.08106970544208494,76.16148529539836,77.84269868976637,56.54095280960563,89.26981807458884
sphere_d20_i016,sphere,cont,500,26.277345257073193,"DE(pop=20,F=0.8,CR=0.9)",DE,0,30,0.0,0.03125,0.0,0.08106970544208494,63.98477088976515,65.41002509979697,28.56316775398679,88.97968902501745
sphere_d20_i016,sphere,cont,500,26.277345257073193,"DE(pop=40,F=0.8,CR=0.9)",DE,0,30,0.0,0.03125,0.0,0.08106970544208494,88.40302421833543,88.70278012713442,57.98351057355659,114.89936462279549
sphere_d20_i016,sphere,cont,500,26.277345257073193,"PSO_RING(p=20,ring,w=0.72,c1=1.49,c2=1.49)",PSO_RING,12,30,0.4,0.40625,0.26562297632331866,0.5468770236766813,30.91816978297755,28.090971495586093,17.45894599509974,52.96400451306101
sphere_d20_i016,sphere,cont,500,26.277345257073193,"PSO_RING(p=40,ring,w=0.72,c1=1.49,c2=1.49)",PSO_RING,0,30,0.0,0.03125,0.0,0.08106970544208494,43.85773765180546,44.66495734991789,26.298177050281378,55.08842006426378
sphere_d20_i016,sphere,cont,500,26.277345257073193,"PSO_STD(p=20,w=0.72,c1=1.49,c2=1.49)",PSO_STD,29,30,0.9666666666666667,0.9375,0.868189994433572,1.0,23.892747820084313,24.626032850272097,19.84351607697948,30.893333129430562
sphere_d20_i016,sphere,cont,500,26.277345257073193,"PSO_STD(p=40,w=0.72,c1=1.49,c2=1.49)",PSO_STD,20,30,0.6666666666666666,0.65625,0.5202539487494936,0.7922460512505064,26.337715624066206,25.92161759015061,16.981129438948724,36.125050253273905
sphere_d20_i016,sphere,cont,500,26.277345257073193,RS_CONT,RS_CONT,0,30,0.0,0.03125,0.0,0.08106970544208494,74.76352017935372,77.88269861636871,45.080446986692785,85.12105153052252
sphere_d5_i002,sphere,cont,500,0.08393962182145272,"DE(pop=20,F=0.8,CR=0.9)",DE,0,30,0.0,0.03125,0.0,0.08106970544208494,0.505012147976013,0.4722979325885567,0.15594528699528662,1.1644372128468699
sphere_d5_i002,sphere,cont,500,0.08393962182145272,"DE(pop=40,F=0.8,CR=0.9)",DE,0,30,0.0,0.03125,0.0,0.08106970544208494,2.2716517938077136,2.2299264916255375,0.6147211712242385,7.373533094178051
sphere_d5_i002,sphere,cont,500,0.08393962182145272,"PSO_RING(p=20,ring,w=0.72,c1=1.49,c2=1.49)",PSO_RING,8,30,0.26666666666666666,0.28125,0.15251237843162144,0.40998762156837854,0.14053798962289712,0.12068486625688847,0.03998479101439107,0.3177985413629832
sphere_d5_i002,sphere,cont,500,0.08393962182145272,"PSO_RING(p=40,ring,w=0.72,c1=1.49,c2=1.49)",PSO_RING,2,30,0.06666666666666667,0.09375,0.010289701271523718,0.17721029872847627,0.7031244966757043,0.553487660642599,0.06643263226883739,2.490767331672671
sphere_d5_i002,sphere,cont,500,0.08393962182145272,"PSO_STD(p=20,w=0.72,c1=1.49,c2=1.49)",PSO_STD,26,30,0.8666666666666667,0.84375,0.739784991650358,0.947715008349642,0.07592792006264297,0.0662480544825173,0.02576158162494388,0.28017133668751315
sphere_d5_i002,sphere,cont,500,0.08393962182145272,"PSO_STD(p=40,w=0.72,c1=1.49,c2=1.49)",PSO_STD,2,30,0.06666666666666667,0.09375,0.010289701271523718,0.17721029872847627,0.21146392430038086,0.19346306646452016,0.02961102328908086,0.48554171341132524
sphere_d5_i002,sphere,cont,500,0.08393962182145272,RS_CONT,RS_CONT,0,30,0.0,0.03125,0.0,0.08106970544208494,3.2303862416045335,3.0508819724355143,0.9925821808726667,6.124572315467368
sphere_d5_i006,sphere,cont,500,0.0748611982459082,"DE(pop=20,F=0.8,CR=0.9)",DE,1,30,0.03333333333333333,0.0625,0.0,0.13181000556642797,0.6198047521319777,0.6408685136519959,0.012919191142995516,1.4895132305113878
sphere_d5_i006,sphere,cont,500,0.0748611982459082,"DE(pop=40,F=0.8,CR=0.9)",DE,0,30,0.0,0.03125,0.0,0.08106970544208494,2.019558998173395,1.8228938663084397,0.3417952126086531,5.056940779987703
sphere_d5_i006,sphere,cont,500,0.0748611982459082,"PSO_RING(p=20,ring,w=0.72,c1=1.49,c2=1.49)",PSO_RING,8,30,0.26666666666666666,0.28125,0.15251237843162144,0.40998762156837854,0.1657103662451669,0.10945097435122185,0.0333303703469692,0.5829058112978522
sphere_d5_i006,sphere,cont,500,0.0748611982459082,"PSO_RING(p=40,ring,w=0.72,c1=1.49,c2=1.49)",PSO_RING,1,30,0.03333333333333333,0.0625,0.0,0.13181000556642797,0.6858881441104508,0.5541470723869948,0.07095310556357771,1.7497489830886381
sphere_d5_i006,sphere,cont,500,0.0748611982459082,"PSO_STD(p=20,w=0.72,c1=1.49,c2=1.49)",PSO_STD,26,30,0.8666666666666667,0.84375,0.739784991650358,0.947715008349642,0.06828522156669263,0.05896729620574147,0.021674835330084612,0.23839973509255574
sphere_d5_i006,sphere,cont,500,0.0748611982459082,"PSO_STD(p=40,w=0.72,c1=1.49,c2=1.49)",PSO_STD,5,30,0.16666666666666666,0.1875,0.0757409741174901,0.2992590258825099,0.21028438896204824,0.16350341525838358,0.04909081010732373,0.47295512142787566
sphere_d5_i006,sphere,cont,500,0.0748611982459082,RS_CONT,RS_CONT,0,30,0.0,0.03125,0.0,0.08106970544208494,4.0309752541629225,3.815753608837151,0.7115102424994815,8.943990402527094
sphere_d5_i018,sphere,cont,500,0.06919508678088934,"DE(pop=20,F=0.8,CR=0.9)",DE,2,30,0.06666666666666667,0.09375,0.010289701271523718,0.17721029872847627,0.6147319513701314,0.45557326631077744,0.035498328895847905,1.7291082321322155
sphere_d5_i018,sphere,cont,500,0.06919508678088934,"DE(pop=40,F=0.8,CR=0.9)",DE,0,30,0.0,0.03125,0.0,0.08106970544208494,2.0316332999385396,1.8115397608541746,0.11693963680524987,8.037935668175066
sphere_d5_i018,sphere,cont,500,0.06919508678088934,"PSO_RING(p=20,ring,w=0.72,c1=1.49,c2=1.49)",PSO_RING,6,30,0.2,0.21875,0.1003806308954045,0.3371193691045955,0.17727805936876845,0.1560852556968353,0.038535481031602856,0.46446378554711854
sphere_d5_i018,sphere,cont,500,0.06919508678088934,"PSO_RING(p=40,ring,w=0.72,c1=1.49,c2=1.49)",PSO_RING,1,30,0.03333333333333333,0.0625,0.0,0.13181000556642797,0.6320467294720112,0.5488799358820251,0.06693642690603942,1.6573484195383783
sphere_d5_i018,sphere,cont,500,0.06919508678088934,"PSO_STD(p=20,w=0.72,c1=1.49,c2=1.49)",PSO_STD,29,30,0.9666666666666667,0.9375,0.868189994433572,1.0,0.04657838961702553,0.05087162214930059,0.007942133882653498,0.08346827095153536
sphere_d5_i018,sphere,cont,500,0.06919508678088934,"PSO_STD(p=40,w=0.72,c1=1.49,c2=1.49)",PSO_STD,8,30,0.26666666666666666,0.28125,0.15251237843162144,0.40998762156837854,0.1649353455394792,0.1378549729312409,0.014671106509572627,0.45892547351077867
sphere_d5_i018,sphere,cont,500,0.06919508678088934,RS_CONT,RS_CONT,0,30,0.0,0.03125,0.0,0.08106970544208494,3.9170712870167606,3.620814457692769,0.7863519456393356,6.918199900027898
sphere_d10_i004,sphere,cont,2000,0.009978612221543056,"DE(pop=20,F=0.8,CR=0.9)",DE,0,30,0.0,0.03125,0.0,0.08106970544208494,0.40608434348008904,0.4209610934365472,0.06467560867548625,1.0151329384809396
sphere_d10_i004,sphere,cont,2000,0.009978612221543056,"DE(pop=40,F=0.8,CR=0.9)",DE,0,30,0.0,0.03125,0.0,0.08106970544208494,5.354276064326099,5.3506090174542145,2.6064889215836713,10.529929583947252
sphere_d10_i004,sphere,cont,2000,0.009978612221543056,"PSO_RING(p=20,ring,w=0.72,c1=1.49,c2=1.49)",PSO_RING,5,30,0.16666666666666666,0.1875,0.0757409741174901,0.2992590258825099,0.021006624204218064,0.015957362018499503,0.006937680156468711,0.06096734186030737
sphere_d10_i004,sphere,cont,2000,0.009978612221543056,"PSO_RING(p=40,ring,w=0.72,c1=1.49,c2=1.49)",PSO_RING,0,30,0.0,0.03125,0.0,0.08106970544208494,0.37687438454153516,0.3377007046553384,0.06608726186460102,0.7652622720825698
sphere_d10_i004,sphere,cont,2000,0.009978612221543056,"PSO_STD(p=20,w=0.72,c1=1.49,c2=1.49)",PSO_STD,30,30,1.0,0.96875,0.9189302945579151,1.0,0.008140054709526253,0.008197012647816769,0.0046297952062330176,0.009735362165294753
sphere_d10_i004,sphere,cont,2000,0.009978612221543056,"PSO_STD(p=40,w=0.72,c1=1.49,c2=1.49)",PSO_STD,9,30,0.3,0.3125,0.17978144366391835,0.44521855633608165,0.015460410170176995,0.01250464423628423,0.007448450170621569,0.0324075067789542
sphere_d10_i004,sphere,cont,2000,0.009978612221543056,RS_CONT,RS_CONT,0,30,0.0,0.03125,0.0,0.08106970544208494,15.56018789265994,16.377296143196904,8.886043665340322,22.62319465333883
sphere_d10_i008,sphere,cont,2000,0.008233864998703917,"DE(pop=20,F=0.8,CR=0.9)",DE,0,30,0.0,0.03125,0.0,0.08106970544208494,0.4091924716238638,0.4146698248113814,0.0361912446046999,0.7695879995458698
sphere_d10_i008,sphere,cont,2000,0.008233864998703917,"DE(pop=40,F=0.8,CR=0.9)",DE,0,30,0.0,0.03125,0.0,0.08106970544208494,5.280275299343604,5.3476666925204865,1.8593386864045836,7.379428645817011
sphere_d10_i008,sphere,cont,2000,0.008233864998703917,"PSO_RING(p=20,ring,w=0.72,c1=1.49,c2=1.49)",PSO_RING,8,30,0.26666666666666666,0.28125,0.15251237843162144,0.40998762156837854,0.021919148294500184,0.017035464555169206,0.004631225464582874,0.13832618301293437
sphere_d10_i008,sphere,cont,2000,0.008233864998703917,"PSO_RING(p=40,ring,w=0.72,c1=1.49,c2=1.49)",PSO_RING,0,30,0.0,0.03125,0.0,0.08106970544208494,0.4132823633587017,0.37600545487719284,0.126999674570505,0.9769731149364342
sphere_d10_i008,sphere,cont,2000,0.008233864998703917,"PSO_STD(p=20,w=0.72,c1=1.49,c2=1.49)",PSO_STD,30,30,1.0,0.96875,0.9189302945579151,1.0,0.006984113725668026,0.007440850978332424,0.003670410090714413,0.008225236033265646
sphere_d10_i008,sphere,cont,2000,0.008233864998703917,"PSO_STD(p=40,w=0.72,c1=1.49,c2=1.49)",PSO_STD,6,30,0.2,0.21875,0.1003806308954045,0.3371193691045955,0.019963942098117752,0.0179035325687657,0.005572099494040685,0.07890909934467943
sphere_d10_i008,sphere,cont,2000,0.008233864998703917,RS_CONT,RS_CONT,0,30,0.0,0.03125,0.0,0.08106970544208494,17.77743610768914,17.0971615175111,7.4285236530546594,25.302916906184983
sphere_d20_i000,sphere,cont,2000,0.9971717980000753,"DE(pop=20,F=0.8,CR=0.9)",DE,0,30,0.0,0.03125,0.0,0.08106970544208494,13.517036901566684,13.769380763347439,3.531300258812096,23.152419165351986
sphere_d20_i000,sphere,cont,2000,0.9971717980000753,"DE(pop=40,F=0.8,CR=0.9)",DE,0,30,0.0,0.03125,0.0,0.08106970544208494,54.21278243710031,54.62980485823364,33.8665953013579,72.53389119893394
sphere_d20_i000,sphere,cont,2000,0.9971717980000753,"PSO_RING(p=20,ring,w=0.72,c1=1.49,c2=1.49)",PSO_RING,10,30,0.3333333333333333,0.34375,0.2077539487494936,0.4797460512505064,1.5560474954996149,1.363507879226737,0.7740898656291493,4.7369154964867795
sphere_d20_i000,sphere,cont,2000,0.9971717980000753,"PSO_RING(p=40,ring,w=0.72,c1=1.49,c2=1.49)",PSO_RING,0,30,0.0,0.03125,0.0,0.08106970544208494,7.143296137887024,6.694706563189987,2.7217946747404325,12.654559404099922
sphere_d20_i000,sphere,cont,2000,0.9971717980000753,"PSO_STD(p=20,w=0.72,c1=1.49,c2=1.49)",PSO_STD,30,30,1.0,0.96875,0.9189302945579151,1.0,0.9080639699864631,0.9252762625549218,0.7318769736879334,0.9967401821305436
sphere_d20_i000,sphere,cont,2000,0.9971717980000753,"PSO_STD(p=40,w=0.72,c1=1.49,c2=1.49)",PSO_STD,15,30,0.5,0.5,0.35683386811502993,0.6431661318849701,1.2412789220980673,1.0597198775141732,0.7610990095527083,2.4920092739705373
sphere_d20_i000,sphere,cont,2000,0.9971717980000753,RS_CONT,RS_CONT,0,30,0.0,0.03125,0.0,0.08106970544208494,63.140725198874385,63.743543790745065,46.124781016735675,78.67387251154821
sphere_d20_i010,sphere,cont,2000,0.8318635631326766,"DE(pop=20,F=0.8,CR=0.9)",DE,0,30,0.0,0.03125,0.0,0.08106970544208494,14.303431261253113,13.563153333262726,5.518334294746881,24.91077042285151
sphere_d20_i010,sphere,cont,2000,0.8318635631326766,"DE(pop=40,F=0.8,CR=0.9)",DE,0,30,0.0,0.03125,0.0,0.08106970544208494,52.18796398985758,51.982938273706345,24.79126327207066,71.52490208307033
sphere_d20_i010,sphere,cont,2000,0.8318635631326766,"PSO_RING(p=20,ring,w=0.72,c1=1.49,c2=1.49)",PSO_RING,5,30,0.16666666666666666,0.1875,0.0757409741174901,0.2992590258825099,1.4449609906097258,1.3120263661211402,0.6508458850944087,2.813144652984997
sphere_d20_i010,sphere,cont,2000,0.8318635631326766,"PSO_RING(p=40,ring,w=0.72,c1=1.49,c2=1.49)",PSO_RING,0,30,0.0,0.03125,0.0,0.08106970544208494,8.757575744379059,8.323715243457118,4.42102167534543,14.402099946370116
sphere_d20_i010,sphere,cont,2000,0.8318635631326766,"PSO_STD(p=20,w=0.72,c1=1.49,c2=1.49)",PSO_STD,28,30,0.9333333333333333,0.90625,0.8227897012715237,0.9897102987284763,0.8008263889296235,0.7913236179785368,0.5518189370954318,1.7934764513526182
sphere_d20_i010,sphere,cont,2000,0.8318635631326766,"PSO_STD(p=40,w=0.72,c1=1.49,c2=1.49)",PSO_STD,6,30,0.2,0.21875,0.1003806308954045,0.3371193691045955,1.3431988078407897,1.2728902812708958,0.6451560005907568,2.734583776770735
sphere_d20_i010,sphere,cont,2000,0.8318635631326766,RS_CONT,RS_CONT,0,30,0.0,0.03125,0.0,0.08106970544208494,65.7522248465018,65.38252413493476,49.740648516323304,80.19952885551935
sphere_d20_i012,sphere,cont,2000,0.8504099272150634,"DE(pop=20,F=0.8,CR=0.9)",DE,0,30,0.0,0.03125,0.0,0.08106970544208494,13.013017324251154,12.135565481332783,6.268162308309257,27.782443218423847
sphere_d20_i012,sphere,cont,2000,0.8504099272150634,"DE(pop=40,F=0.8,CR=0.9)",DE,0,30,0.0,0.03125,0.0,0.08106970544208494,51.622152562552394,52.158261046930605,30.17131073612385,71.87472228392572
sphere_d20_i012,sphere,cont,2000,0.8504099272150634,"PSO_RING(p=20,ring,w=0.72,c1=1.49,c2=1.49)",PSO_RING,7,30,0.23333333333333334,0.25,0.12601449282606259,0.3739855071739374,1.4317129949286285,1.3006449580819617,0.7495408588643132,3.1238794114073816
sphere_d20_i012,sphere,cont,2000,0.8504099272150634,"PSO_RING(p=40,ring,w=0.72,c1=1.49,c2=1.49)",PSO_RING,0,30,0.0,0.03125,0.0,0.08106970544208494,8.794415071968384,8.886872588832773,3.6426973263009095,16.223847940090508
sphere_d20_i012,sphere,cont,2000,0.8504099272150634,"PSO_STD(p=20,w=0.72,c1=1.49,c2=1.49)",PSO_STD,28,30,0.9333333333333333,0.90625,0.8227897012715237,0.9897102987284763,2.3825287214318185,0.7893881658436448,0.50291001303307,25.173116867531224
sphere_d20_i012,sphere,cont,2000,0.8504099272150634,"PSO_STD(p=40,w=0.72,c1=1.49,c2=1.49)",PSO_STD,11,30,0.36666666666666664,0.375,0.23637998886714406,0.5136200111328559,1.2088983903073585,1.0946144548338848,0.6438120921910258,3.1586775852000355
sphere_d20_i012,sphere,cont,2000,0.8504099272150634,RS_CONT,RS_CONT,0,30,0.0,0.03125,0.0,0.08106970544208494,65.82929070230561,66.88996216429561,43.445054735158735,77.41436950074737
sphere_d20_i014,sphere,cont,2000,1.1841352622127739,"DE(pop=20,F=0.8,CR=0.9)",DE,0,30,0.0,0.03125,0.0,0.08106970544208494,12.310108716102668,10.953802385206256,5.406197115158167,23.645706782660476
sphere_d20_i014,sphere,cont,2000,1.1841352622127739,"DE(pop=40,F=0.8,CR=0.9)",DE,0,30,0.0,0.03125,0.0,0.08106970544208494,52.7472021149691,54.00126545414023,34.14563009625659,80.92564057568994
sphere_d20_i014,sphere,cont,2000,1.1841352622127739,"PSO_RING(p=20,ring,w=0.72,c1=1.49,c2=1.49)",PSO_RING,10,30,0.3333333333333333,0.34375,0.2077539487494936,0.4797460512505064,1.5210020966498028,1.3440555256162399,0.6834309586691075,2.323102694166228
sphere_d20_i014,sphere,cont,2000,1.1841352622127739,"PSO_RING(p=40,ring,w=0.72,c1=1.49,c2=1.49)",PSO_RING,0,30,0.0,0.03125,0.0,0.08106970544208494,7.893577882491153,7.975828384542581,3.325693836405649,12.375284436402772
sphere_d20_i014,sphere,cont,2000,1.1841352622127739,"PSO_STD(p=20,w=0.72,c1=1.49,c2=1.49)",PSO_STD,30,30,1.0,0.96875,0.9189302945579151,1.0,1.1184788348207761,1.1334793305111819,0.9379474541058004,1.183676488761273
sphere_d20_i014,sphere,cont,2000,1.1841352622127739,"PSO_STD(p=40,w=0.72,c1=1.49,c2=1.49)",PSO_STD,18,30,0.6,0.59375,0.45312297632331866,0.7343770236766813,1.5624098252278042,1.1776653013876137,0.8242215970656052,5.431200570200087
sphere_d20_i014,sphere,cont,2000,1.1841352622127739,RS_CONT,RS_CONT,0,30,0.0,0.03125,0.0,0.08106970544208494,65.85433633747861,65.57563691998043,55.43422138427868,83.38963275031513
sphere_d20_i016,sphere,cont,2000,0.7484862948254644,"DE(pop=20,F=0.8,CR=0.9)",DE,0,30,0.0,0.03125,0.0,0.08106970544208494,12.918406405961694,11.800322654569698,5.079222381983795,23.451419378618425
sphere_d20_i016,sphere,cont,2000,0.7484862948254644,"DE(pop=40,F=0.8,CR=0.9)",DE,0,30,0.0,0.03125,0.0,0.08106970544208494,54.31270320839479,53.68050919205339,41.341716088141744,82.50717040872796
sphere_d20_i016,sphere,cont,2000,0.7484862948254644,"PSO_RING(p=20,ring,w=0.72,c1=1.49,c2=1.49)",PSO_RING,1,30,0.03333333333333333,0.0625,0.0,0.13181000556642797,1.4744221570104143,1.3806959785706867,0.703371713294082,2.731322300487616
sphere_d20_i016,sphere,cont,2000,0.7484862948254644,"PSO_RING(p=40,ring,w=0.72,c1=1.49,c2=1.49)",PSO_RING,0,30,0.0,0.03125,0.0,0.08106970544208494,7.875603533633121,7.82984213433011,4.020534118361668,14.08961651725553
sphere_d20_i016,sphere,cont,2000,0.7484862948254644,"PSO_STD(p=20,w=0.72,c1=1.49,c2=1.49)",PSO_STD,27,30,0.9,0.875,0.7803045047163236,0.9696954952836764,1.528809107164263,0.698520342956354,0.5341179878234188,25.092351249349502
sphere_d20_i016,sphere,cont,2000,0.7484862948254644,"PSO_STD(p=40,w=0.72,c1=1.49,c2=1.49)",PSO_STD,11,30,0.36666666666666664,0.375,0.23637998886714406,0.5136200111328559,0.9871759172473697,0.8406040662109919,0.5809449427738824,3.292969134272716
sphere_d20_i016,sphere,cont,2000,0.7484862948254644,RS_CONT,RS_CONT,0,30,0.0,0.03125,0.0,0.08106970544208494,62.09639333255504,63.385374003614075,48.89818175827327,73.17363087007429
sphere_d5_i002,sphere,cont,2000,6.090543270995231e-06,"DE(pop=20,F=0.8,CR=0.9)",DE,2,30,0.06666666666666667,0.09375,0.010289701271523718,0.17721029872847627,4.4957246308009216e-05,2.5587852442816195e-05,7.036362649648469e-07,0.000289570458159033
sphere_d5_i002,sphere,cont,2000,6.090543270995231e-06,"DE(pop=40,F=0.8,CR=0.9)",DE,0,30,0.0,0.03125,0.0,0.08106970544208494,0.029975732229021477,0.027956946918624083,0.0030166714800992102,0.07501173109513033
sphere_d5_i002,sphere,cont,2000,6.090543270995231e-06,"PSO_RING(p=20,ring,w=0.72,c1=1.49,c2=1.49)",PSO_RING,14,30,0.4666666666666667,0.46875,0.32586376306873477,0.6116362369312652,1.5128782843335756e-05,6.8447808068017854e-06,2.2751524319629322e-06,7.533831249578763e-05
sphere_d5_i002,sphere,cont,2000,6.090543270995231e-06,"PSO_RING(p=40,ring,w=0.72,c1=1.49,c2=1.49)",PSO_RING,0,30,0.0,0.03125,0.0,0.08106970544208494,0.0025668742390465137,0.002180227779391827,0.0003731237219410212,0.007206313219088224
sphere_d5_i002,sphere,cont,2000,6.090543270995231e-06,"PSO_STD(p=20,w=0.72,c1=1.49,c2=1.49)",PSO_STD,30,30,1.0,0.96875,0.9189302945579151,1.0,4.232598078553782e-06,4.4517431673071465e-06,9.764520473576805e-07,6.066018579752765e-06
sphere_d5_i002,sphere,cont,2000,6.090543270995231e-06,"PSO_STD(p=40,w=0.72,c1=1.49,c2=1.49)",PSO_STD,0,30,0.0,0.03125,0.0,0.08106970544208494,0.00016525803428502902,0.00012345078510309201,1.3728903495396885e-05,0.0006798630349005311
sphere_d5_i002,sphere,cont,2000,6.090543270995231e-06,RS_CONT,RS_CONT,0,30,0.0,0.03125,0.0,0.08106970544208494,2.4507008188820465,2.339832931852552,1.3372405605688038,3.7387059486767917
sphere_d5_i006,sphere,cont,2000,5.996070324003514e-06,"DE(pop=20,F=0.8,CR=0.9)",DE,3,30,0.1,0.125,0.030304504716323594,0.2196954952836764,7.048184515899383e-05,3.916051829796332e-05,1.6276409248366613e-06,0.0006505897389573323
sphere_d5_i006,sphere,cont,2000,5.996070324003514e-06,"DE(pop=40,F=0.8,CR=0.9)",DE,0,30,0.0,0.03125,0.0,0.08106970544208494,0.026919220971569575,0.019531512630643982,0.004990450363942489,0.11392446650485992
sphere_d5_i006,sphere,cont,2000,5.996070324003514e-06,"PSO_RING(p=20,ring,w=0.72,c1=1.49,c2=1.49)",PSO_RING,14,30,0.4666666666666667,0.46875,0.32586376306873477,0.6116362369312652,1.9259722152977052e-05,6.48190252632697e-06,1.5507973506058579e-06,0.0002377598793503197
sphere_d5_i006,sphere,cont,2000,5.996070324003514e-06,"PSO_RING(p=40,ring,w=0.72,c1=1.49,c2=1.49)",PSO_RING,0,30,0.0,0.03125,0.0,0.08106970544208494,0.0033097689300498117,0.0027273022642273865,0.0004987182563710661,0.012638669797492393
sphere_d5_i006,sphere,cont,2000,5.996070324003514e-06,"PSO_STD(p=20,w=0.72,c1=1.49,c2=1.49)",PSO_STD,30,30,1.0,0.96875,0.9189302945579151,1.0,4.06530199868552e-06,4.2482867410663215e-06,5.322610707289899e-07,5.9163170105776046e-06
sphere_d5_i006,sphere,cont,2000,5.996070324003514e-06,"PSO_STD(p=40,w=0.72,c1=1.49,c2=1.49)",PSO_STD,0,30,0.0,0.03125,0.0,0.08106970544208494,0.0001318515555245319,0.0001122601163751036,2.6925095773789616e-05,0.00040882114133466567
sphere_d5_i006,sphere,cont,2000,5.996070324003514e-06,RS_CONT,RS_CONT,0,30,0.0,0.03125,0.0,0.08106970544208494,2.1913818688462063,2.2331581383869348,0.35745334920906013,4.289146084648683
sphere_d5_i018,sphere,cont,2000,4.956550650829206e-06,"DE(pop=20,F=0.8,CR=0.9)",DE,3,30,0.1,0.125,0.030304504716323594,0.2196954952836764,4.832237406240117e-05,3.788790275189345e-05,3.4341651118232985e-06,0.00015954835296731076
sphere_d5_i018,sphere,cont,2000,4.956550650829206e-06,"DE(pop=40,F=0.8,CR=0.9)",DE,0,30,0.0,0.03125,0.0,0.08106970544208494,0.03166913758141401,0.023926416458011232,0.005935103053364762,0.10162076589021361
sphere_d5_i018,sphere,cont,2000,4.956550650829206e-06,"PSO_RING(p=20,ring,w=0.72,c1=1.49,c2=1.49)",PSO_RING,13,30,0.43333333333333335,0.4375,0.2954567570744854,0.5795432429255146,1.2473089776073547e-05,5.356077668932897e-06,1.4596092494229108e-06,6.298147913377855e-05
sphere_d5_i018,sphere,cont,2000,4.956550650829206e-06,"PSO_RING(p=40,ring,w=0.72,c1=1.49,c2=1.49)",PSO_RING,0,30,0.0,0.03125,0.0,0.08106970544208494,0.002865232352953867,0.0027018902301613906,0.00019479301475806713,0.010800548086059535
sphere_d5_i018,sphere,cont,2000,4.956550650829206e-06,"PSO_STD(p=20,w=0.72,c1=1.49,c2=1.49)",PSO_STD,30,30,1.0,0.96875,0.9189302945579151,1.0,3.778604019902689e-06,4.087952429003271e-06,7.912388937598348e-07,4.933937830643782e-06
sphere_d5_i018,sphere,cont,2000,4.956550650829206e-06,"PSO_STD(p=40,w=0.72,c1=1.49,c2=1.49)",PSO_STD,0,30,0.0,0.03125,0.0,0.08106970544208494,0.00022358083507903112,0.00013566197932136963,2.2168686380440093e-05,0.0017674013692595809
sphere_d5_i018,sphere,cont,2000,4.956550650829206e-06,RS_CONT,RS_CONT,0,30,0.0,0.03125,0.0,0.08106970544208494,2.2441791520702954,2.1670148131396125,0.807179897753028,3.797510163843215
